Time,Drive,Stimulus,Failure,Palm.EDA,Heart.Rate,Breathing.Rate,Perinasal.Perspiration,Speed,Acceleration,Brake,Steering,LaneOffset,Lane.Position,Distance,Gaze.X.Pos,Gaze.Y.Pos,Lft.Pupil.Diameter,Rt.Pupil.Diameter
1,4,0,0,118.6887,72.0,13.4,0.005873211,-0.01780774782566,0.0,263.5345459,-0.025501678,-0.100001574,1.925001574,8.06e-06,0.0,0.0,0.0,0.0
2,4,0,0,119.3773,76.0,13.4,0.005876759,-0.01780774782566,0.0,263.6810303,-0.025501678,-0.100001574,1.925001574,1.51e-05,0.0,0.0,0.0,0.0
3,4,0,0,120.308,81.0,13.0,0.005833306,-0.01780774782566,0.0,183.9935303,-0.025501678,-0.100001574,1.925001574,2.32e-05,0.0,0.0,0.0,0.0
4,4,0,0,121.2533,85.0,13.0,0.005769701,-0.01780774782566,0.0,89.36462402,-0.024734711,-0.100001574,1.925001574,3.06e-05,0.0,0.0,0.0,0.004686
5,4,0,0,121.7315,87.0,12.9,0.005689462,0.51005300410954,0.0,12.31384277,-0.024734711,-0.100044012,1.925044012,3.83e-05,544.690918,815.510925,0.004808,0.004452
6,4,0,0,122.456,87.0,12.9,0.00562425,3.14295274287298,11.21429443,0.0,-0.012463226,-0.100250006,1.925250006,0.000445753,491.462097,1005.73761,0.004764,0.004404
7,4,0,0,122.8622,86.0,12.5,0.005561149,11.342550981557,9.676208496,0.0,-0.02166684,-0.103470087,1.928470087,0.074845189,591.281677,999.887573,0.004459,0.004036
8,4,0,0,123.1891,85.0,12.5,0.005518533,16.7160724109044,11.21429443,0.0,-0.010162323,-0.112407923,1.937407923,0.327625315,519.657593,795.746582,0.004635,0.004151
9,4,0,0,119.7633,85.0,12.2,0.005486406,21.4287586091892,7.651977539,0.0,-0.005560516,-0.129379034,1.954379034,1.701695614,518.785217,796.002014,0.0046,0.004068
10,4,0,0,111.005,87.0,12.2,0.005472471,23.7230941599996,12.66723633,0.0,-0.005560516,-0.149798632,1.974798632,3.957139807,536.89447,795.27887,0.004739,0.004254
11,4,0,0,108.0264,90.0,11.8,0.005467586,27.7847912560252,13.6340332,0.0,0.019941162,-0.185729742,2.010729742,7.510210443,0.0,0.0,0.0,0.0
12,4,0,0,106.9039,91.0,11.8,0.005464442,30.991279491641,13.67797852,0.0,0.010737549,-0.216927767,2.041927767,11.50866421,0.0,0.0,0.0,0.0
13,4,0,0,104.7867,90.0,11.6,0.0054507,34.1061620988752,12.97485352,0.0,-0.008628387,-0.242185354,2.067185354,16.21136381,0.0,0.0,0.0,0.0
14,4,0,0,102.0721,85.0,11.6,0.005425543,36.5730066988884,12.97485352,0.0,0.023776001,-0.270966768,2.095966768,21.15088147,552.971924,973.854187,0.004343,0.003912
15,4,0,0,100.8491,80.0,11.3,0.005390684,39.3430986396458,14.69146729,0.0,0.001533936,-0.27609086,2.10109086,27.18857242,530.216492,795.177917,0.004412,0.003964
16,4,0,0,100.4662,77.0,11.3,0.005367472,41.6303205696948,14.38110352,0.0,0.003067871,-0.261571169,2.086571169,32.98527178,549.274414,978.646606,0.004291,0.003851
17,4,0,0,100.4117,76.0,10.8,0.005354738,44.1990487997194,14.64752197,0.0,-0.010162323,-0.239293337,2.064293337,40.14079305,531.133972,797.679016,0.004287,0.003719
18,4,0,0,100.1402,77.0,10.8,0.005348388,46.2748821665878,14.64752197,0.0,0.001533936,-0.233991385,2.058991385,46.81473345,0.0,0.0,0.0,0.0
19,4,0,0,100.9591,78.0,10.6,0.005335469,48.547125212867,14.60357666,0.0,-0.003259613,-0.232453108,2.057453108,54.88421076,516.361694,790.513916,0.004153,0.003821
20,4,0,0,102.0158,79.0,10.6,0.00531889,50.4548025860184,15.30670166,0.0,0.012271484,-0.230718851,2.055718851,62.31690511,517.145691,792.357605,0.004089,0.003772
21,4,0,0,98.4892,78.0,10.5,0.005301607,52.5878920375226,14.82330322,0.0,-0.007094452,-0.196851492,2.021851492,71.2467755,521.796326,770.361206,0.004064,0.003629
22,4,0,0,92.2577,79.0,10.5,0.00529093,54.3154950311586,14.82330322,0.0,-0.015531097,-0.178317308,2.003317308,79.41270458,0.0,0.0,0.0,0.0
23,4,0,0,90.411,80.0,10.6,0.005279826,56.2164943192328,14.7354126,0.0,-0.003259613,-0.208531618,2.033531618,89.55983616,529.681274,796.599487,0.004343,0.003903
24,4,0,0,93.7998,80.0,10.6,0.005265959,57.7776473161122,14.51568604,0.0,0.009203613,-0.269818068,2.094818068,97.99333959,0.0,0.0,0.0,0.0
25,4,0,0,98.228,81.0,10.7,0.005243536,59.4883549595328,14.46899414,0.0,0.001533936,-0.331187963,2.156187963,108.9127118,509.232697,779.318115,0.004357,0.003935
26,4,0,0,100.3573,80.0,10.7,0.005223476,60.948064207303,14.42504883,0.0,0.023009033,-0.350542784,2.175542784,117.9389585,560.429382,969.792786,0.004047,0.003705
27,4,0,0,93.3742,82.0,10.9,0.005207539,62.4476094963734,13.76586914,0.0,0.005368774,-0.278471231,2.103471231,129.5778252,490.135803,758.280518,0.0,0.003479
28,4,0,0,82.8102,80.0,10.9,0.005201224,63.7471606552378,13.85375977,0.0,-0.007094452,-0.162418127,1.987418127,139.6566647,548.510071,964.19281,0.00396,0.003547
29,4,0,0,77.8004,79.0,11.3,0.005198825,65.0447907449442,10.99456787,0.0,-0.013997162,-0.065888166,1.890888166,151.4940895,569.135315,971.779785,0.00419,0.003769
30,4,0,0,71.6866,78.0,11.3,0.005195892,65.2422536408246,0.0,0.0,-0.012463226,-0.034769773,1.859769773,162.1197844,532.600403,784.927185,0.00449,0.004035
31,4,0,0,71.6589,77.0,11.6,0.00518962,65.3166678808978,6.157836914,0.0,-0.010162323,-0.08422637,1.90922637,174.5586583,525.373291,782.573608,0.004133,0.003694
32,4,0,0,74.4835,80.0,11.6,0.005184492,65.5999634128986,7.212524414,0.0,0.010737549,-0.189931631,2.014931631,185.6908222,566.390503,974.702576,0.003983,0.003582
33,4,0,0,78.4597,80.0,12.0,0.005184626,65.9604548486956,7.564086914,0.0,-0.015531097,-0.294889212,2.119889212,198.6853394,524.123413,778.764099,0.004,0.003573
34,4,0,0,83.3695,80.0,12.0,0.005192049,66.307780209579,7.695922852,0.0,0.019941162,-0.41389823,2.23889823,210.2860991,0.0,0.0,0.0,0.0
35,4,0,0,87.6716,80.0,12.3,0.005207372,66.6918152274116,7.651977539,0.0,-0.001725677,-0.505175829,2.330175829,223.799412,499.317108,804.370117,0.004149,0.003699
36,4,0,0,87.8796,81.0,12.3,0.005225903,67.0328818006614,7.651977539,0.0,0.018407227,-0.563610315,2.388610315,236.4158413,498.12381,789.852783,0.004442,0.003891
37,4,0,0,86.0023,82.0,12.5,0.005253788,67.401274355562,7.695922852,0.0,0.012271484,-0.56372714,2.38872714,249.8250328,517.167297,792.163391,0.004415,0.003964
38,4,0,0,85.7633,81.0,12.5,0.005283358,67.7991156115734,8.709411621,0.0,0.017640259,-0.547685385,2.372685385,262.8581725,570.141113,976.422485,0.004039,0.003641
39,4,0,0,85.9225,78.0,12.8,0.005320096,68.280570256032,8.618774414,0.0,-0.001725677,-0.476269484,2.301269484,277.2864385,0.0,0.0,0.0,0.0
40,4,0,0,88.1306,76.0,12.8,0.005353489,68.7008909501908,8.662719727,0.0,-0.001725677,-0.401013136,2.226013136,289.995368,522.081177,789.889526,0.004271,0.003795
41,4,0,0,91.1677,76.0,13.3,0.005391862,69.3218274947844,10.90667725,0.0,-0.003259613,-0.322843313,2.147843313,304.4905025,518.1698,781.663208,0.004311,0.003881
42,4,0,0,94.2294,76.0,13.3,0.005419424,69.964281237046,10.86273193,0.0,-0.010162323,-0.268325567,2.093325567,317.1978764,0.0,0.0,0.0,0.0
43,4,0,0,95.5913,76.0,13.5,0.005432972,70.6519934825236,10.86273193,0.0,0.018407227,-0.243493795,2.068493795,331.7708153,518.330322,789.645386,0.004211,0.003788
44,4,0,0,97.2479,79.0,13.5,0.005426169,71.2536062472154,9.676208496,0.0,-0.003259613,-0.16695714,1.99195714,344.5712751,523.729614,776.961975,0.004242,0.003913
45,4,0,0,98.4892,80.0,13.6,0.005403918,71.2071312438934,4.70489502,0.0,-0.025501678,-0.076370478,1.901370478,359.2600433,590.954285,944.615417,0.004402,0.003888
46,4,0,0,100.3573,82.0,13.6,0.005381067,70.9944444422282,5.671691895,0.0,-0.016298065,-0.086059809,1.911059809,372.1664492,540.873474,770.729675,0.0042,0.00377
47,4,0,0,100.7943,83.0,14.1,0.005358159,71.0285802173418,5.671691895,0.0,0.003067871,-0.198671579,2.023671579,387.5962513,531.428223,782.774719,0.004524,0.004009
48,4,0,0,98.8572,83.0,14.1,0.005342468,71.0831315968934,7.212524414,0.0,0.008436646,-0.342657328,2.167657328,399.9901992,528.986328,783.740295,0.00445,0.003971
49,4,0,0,96.2371,81.0,14.1,0.00533161,71.3867245434026,7.827758789,0.0,0.014572388,-0.464551687,2.289551687,415.5439252,521.86731,779.212219,0.004355,0.003896
50,4,0,0,96.6894,80.0,14.1,0.005331153,71.6501247866808,7.783813477,0.0,0.019941162,-0.512537718,2.337537718,428.0361824,560.945618,986.378723,0.004289,0.003764
51,4,0,0,97.9163,80.0,14.5,0.005341854,71.8480739124554,0.0,0.0,-0.001725677,-0.472081423,2.297081423,443.7258223,565.638489,976.987,0.004299,0.003792
52,4,0,0,96.4376,79.0,14.5,0.005356233,71.5625781069,5.715637207,0.0,0.003834839,-0.384813547,2.209813547,456.9738455,0.0,0.0,0.0,0.0
53,4,0,0,91.5282,78.0,14.6,0.005366967,71.6035819496778,6.026000977,0.0,-0.000959,-0.290748358,2.115748358,472.1889826,523.268127,780.614624,0.004298,0.003889
54,4,0,0,89.58,78.0,14.6,0.005365946,71.7610327102752,7.212524414,0.0,-0.000959,-0.205118895,2.030118895,485.5699659,522.792786,774.2052,0.003958,0.003516
55,4,0,0,90.7655,80.0,14.6,0.005353873,71.691888736834,1.538085938,0.0,-0.008628387,-0.11269927,1.93769927,500.9639812,0.0,0.0,0.0,0.0
56,4,0,0,94.4216,81.0,14.6,0.005335964,71.6188313152214,6.553344727,0.0,-0.005560516,-0.05350709,1.87850709,514.5330108,551.899414,789.52533,0.004076,0.003609
57,4,0,0,98.1759,81.0,14.9,0.005314322,71.9460013019448,7.695922852,0.0,-0.030103485,-0.025111437,1.850111437,530.1498464,571.507019,967.667786,0.004294,0.003809
58,4,0,0,98.7518,80.0,14.9,0.00529894,71.6499008953,5.58380127,0.0,-0.013997162,-0.075413942,1.900413942,544.5672265,0.0,0.0,0.0,0.0
59,4,0,0,98.8572,80.0,15.2,0.005283848,71.6654358060398,5.715637207,0.0,-0.010929291,-0.21434617,2.03934617,559.7361765,568.248291,960.293213,0.004285,0.003758
60,4,0,0,99.228,81.0,15.2,0.005273314,71.4994614175334,0.0,0.0,0.003834839,-0.379160643,2.204160643,574.2453021,526.963989,784.159607,0.004268,0.003841
61,4,0,0,99.978,82.0,15.2,0.005267099,71.314321479434,6.421508789,0.0,0.042183228,-0.544288874,2.369288874,590.0346399,508.2677,801.413513,0.004543,0.0041
62,4,0,0,101.7915,82.0,15.2,0.005266259,71.4237131955342,6.465454102,0.0,0.043717163,-0.569147348,2.394147348,603.8404052,0.0,0.0,0.0,0.0
63,4,0,0,103.5561,83.0,15.5,0.005266948,71.4392433265342,2.065429688,0.0,0.001533936,-0.379513979,2.204513979,619.6236338,566.542114,966.819397,0.003596,0.003319
64,4,0,0,102.923,83.0,15.5,0.005266003,71.3310970947534,5.58380127,0.0,-0.033938324,-0.149405241,1.974405241,633.4407133,559.91687,799.879028,0.003964,0.003664
65,4,0,0,103.0949,84.0,15.5,0.005261288,71.3270500391752,5.539855957,0.0,-0.005560516,0.007371187,1.817628813,649.2676233,525.921082,791.990906,0.004191,0.003872
66,4,0,0,103.9047,83.0,15.5,0.005252819,71.3414956037624,5.58380127,0.0,-0.015531097,0.028311491,1.796688509,663.821713,453.259094,766.44043,0.0,0.003706
67,4,0,0,104.6682,82.0,15.4,0.005240268,71.2554631037074,0.0,0.0,-0.001725677,-0.03492713,1.85992713,679.0815274,550.475891,939.620178,0.003652,0.003344
68,4,0,0,105.5632,81.0,15.4,0.005233411,70.700080658284,4.17755127,0.0,0.016106323,-0.134996653,1.959996653,693.7134425,520.91272,784.10022,0.004622,0.004254
69,4,0,0,106.719,81.0,15.7,0.005237346,70.648434604141,5.451965332,0.0,0.001533936,-0.216760397,2.041760397,709.6226407,525.361694,788.886719,0.004236,0.003797
70,4,0,0,107.9634,80.0,15.7,0.005252126,70.6724444119746,5.58380127,0.0,0.0,-0.265903234,2.090903234,723.5387901,481.613708,802.022888,0.004058,0.003768
71,4,0,0,109.755,79.0,15.6,0.005281382,70.699757663746,5.58380127,0.0,0.00690271,-0.318338156,2.143338156,739.4505591,561.068604,971.589172,0.003877,0.003493
72,4,0,0,110.6072,80.0,15.6,0.005317806,70.7231779381508,5.58380127,0.0,0.014572388,-0.347920656,2.172920656,753.3952143,493.699402,780.257385,0.0,0.003921
73,4,0,0,111.6071,80.0,15.8,0.005364104,70.8019197417642,6.948852539,0.0,0.001533936,-0.332886934,2.157886934,769.3612246,562.12323,962.865784,0.004036,0.003674
74,4,0,0,111.4057,81.0,15.8,0.005390247,70.9510978993058,6.421508789,0.0,-0.003259613,-0.289955854,2.114955854,783.2907235,0.0,0.0,0.0,0.0
75,4,0,0,108.6602,83.0,16.4,0.005381877,70.9878588781076,5.982055664,0.0,-0.000959,-0.251886606,2.076886606,799.2096866,0.0,0.0,0.0,0.0
76,4,0,0,106.4736,83.0,16.4,0.005342949,71.0484903602726,5.982055664,0.0,0.003067871,-0.234493971,2.059493971,813.1804843,492.105103,794.726929,0.004209,0.003879
77,4,0,0,106.9656,83.0,16.5,0.005286821,71.1101344069788,5.850219727,0.0,-0.003259613,-0.20751214,2.03251214,829.817053,559.383118,971.777527,0.004326,0.003831
78,4,0,0,108.6602,84.0,16.5,0.005247084,71.14986044989,5.850219727,0.0,-0.010162323,-0.193629026,2.018629026,843.0853087,517.494812,803.404114,0.003883,0.00358
79,4,0,0,109.5602,84.0,16.7,0.005220742,71.192877705755,5.806274414,0.0,0.001533936,-0.207612276,2.032612276,859.6732147,522.551819,771.940796,0.003838,0.003518
80,4,0,0,109.8853,86.0,16.7,0.005209506,71.234799162014,6.377563477,0.0,-0.012463226,-0.226176977,2.051176977,872.930461,558.752991,961.106079,0.003671,0.003279
81,4,0,0,109.3661,87.0,16.8,0.005197945,71.45452058194,9.764099121,0.0,0.001533936,-0.283543348,2.108543348,889.4292329,507.187805,781.741211,0.004239,0.003749
82,4,0,0,106.9656,86.0,16.8,0.005184345,71.8319058712662,11.21429443,0.0,0.001533936,-0.360203981,2.185203981,903.3017532,564.384399,974.375793,0.003936,0.003564
83,4,0,0,106.0468,83.0,16.9,0.005172602,72.4937422952736,14.16137695,0.0,0.00690271,-0.447326899,2.272326899,919.1764731,534.475586,778.794495,0.004246,0.003861
84,4,0,0,106.7806,83.0,16.9,0.005174371,73.1959897133896,12.13989258,0.0,0.016106323,-0.521937609,2.346937609,933.0712183,508.465607,778.52002,0.004399,0.003888
85,4,0,0,108.3424,81.0,17.3,0.005191658,73.302098906972,5.58380127,0.0,0.023009033,-0.556778193,2.381778193,948.920829,541.69873,775.319275,0.0043,0.003862
86,4,0,0,109.9505,81.0,17.3,0.005212701,73.2419424858816,5.58380127,0.0,0.016106323,-0.529403448,2.354403448,962.7900804,521.052124,770.946228,0.004028,0.003625
87,4,0,0,111.3387,85.0,17.4,0.005232886,73.2264554530068,5.58380127,0.0,0.00690271,-0.439761877,2.264761877,978.6407358,524.203308,775.663696,0.003841,0.003425
88,4,0,0,112.0122,86.0,17.4,0.005244929,73.2131933648688,5.58380127,0.0,0.00690271,-0.342773199,2.167773199,992.512376,535.196289,765.013123,0.004005,0.003609
89,4,0,0,112.6938,86.0,17.4,0.005254828,72.8867211235958,0.0,0.0,-0.010929291,-0.219666243,2.044666243,1008.353401,502.178497,780.258484,0.004355,0.00385
90,4,0,0,112.0122,81.0,17.4,0.005261809,72.3695758079958,0.0,0.0,-0.012463226,-0.135470629,1.960470629,1022.782,519.805481,789.417114,0.004576,0.004144
91,4,0,0,110.6733,79.0,17.5,0.005269241,71.803047701375,0.0,7.333374023,-0.025501678,-0.083636045,1.908636045,1037.828458,578.025879,974.20459,0.004175,0.0038
92,4,0,0,107.1513,79.0,17.5,0.005275648,71.2939672230368,0.0,3.964233398,-0.02856955,-0.09185195,1.91685195,1052.220616,535.599487,776.550903,0.004261,0.003852
93,4,0,0,102.8658,78.0,17.2,0.005281171,70.7891804960054,0.0,0.0,-0.000959,-0.17386651,1.99886651,1065.308073,524.937195,786.757996,0.00458,0.004061
94,4,0,0,102.6378,79.0,17.2,0.005284735,70.2186164543458,0.0,0.0,0.019941162,-0.267302752,2.092302752,1081.672364,0.0,0.0,0.004924,0.004492
95,4,0,0,104.9054,80.0,16.7,0.005284408,69.7214193747544,0.0,0.0,0.018407227,-0.27512908,2.10012908,1095.422629,540.401611,775.66571,0.004305,0.003843
96,4,0,0,107.8376,81.0,16.7,0.005281442,69.127189392939,0.0,0.0,-0.003259613,-0.224158049,2.049158049,1111.145384,558.885498,935.9021,0.004018,0.003506
97,4,0,0,109.755,82.0,16.3,0.005280718,68.6386638396026,0.0,2.499389648,-0.025501678,-0.185719252,2.010719252,1124.927088,514.602417,784.453491,0.00394,0.00353
98,4,0,0,111.0716,83.0,16.3,0.005287162,68.0869252296204,0.0,0.0,0.003834839,-0.21178937,2.03678937,1140.696702,501.586304,775.156494,0.004139,0.003669
99,4,0,0,111.6071,82.0,15.8,0.005301693,67.6056692581848,0.0,0.0,0.013038452,-0.267488718,2.092488718,1154.501709,495.241699,781.990906,0.004172,0.003736
100,4,0,0,111.7418,79.0,15.8,0.005328471,67.062427094359,0.0,0.0,0.016106323,-0.300745726,2.125745726,1170.291173,571.994202,776.555176,0.004182,0.003752
101,4,0,0,112.5568,78.0,15.5,0.005358075,66.6060643296698,0.0,0.0,0.005368774,-0.286517382,2.111517382,1184.116677,449.983307,779.612,0.004115,0.003632
102,4,0,0,113.8719,77.0,15.5,0.005396832,66.0873998775768,0.0,0.0,0.008436646,-0.233831167,2.058831167,1199.925795,553.544312,956.572205,0.00392,0.003517
103,4,0,0,114.8607,76.0,15.1,0.005434667,65.73982988092,6.685180664,0.0,-0.020132904,-0.18263793,2.00763793,1214.425089,506.944214,768.400085,0.004146,0.003787
104,4,0,0,113.8019,75.0,15.1,0.005477115,65.972384741275,7.564086914,0.0,-0.013997162,-0.159826994,1.984826994,1229.591391,0.0,0.0,0.0,0.0
105,4,0,0,113.8019,78.0,14.8,0.005505188,66.2100551785012,7.256469727,0.0,-0.003259613,-0.175694227,2.000694227,1244.118049,0.0,0.0,0.0,0.0
106,4,0,0,113.8019,79.0,14.8,0.005523581,66.4680986048422,7.256469727,0.0,-0.008628387,-0.215339899,2.040339899,1260.037765,523.418518,779.045593,0.004101,0.003653
107,4,0,0,113.5228,81.0,14.5,0.005535126,66.7033725095008,7.871704102,0.0,-0.013997162,-0.26186204,2.08686204,1274.055798,513.907288,782.664429,0.004085,0.003601
108,4,0,0,111.1383,83.0,14.5,0.005554111,67.0792001347344,8.709411621,0.0,0.005368774,-0.341972589,2.166972589,1290.223861,533.641174,771.803284,0.004035,0.003642
109,4,0,0,109.755,83.0,14.3,0.005579844,67.4298181569776,8.797302246,0.0,0.001533936,-0.406458616,2.231458616,1305.162625,505.069611,795.879089,0.003858,0.003526
110,4,0,0,110.3436,83.0,14.3,0.005616427,67.8345438315476,8.753356934,0.0,0.04141626,-0.462697268,2.287697268,1320.770534,0.0,0.0,0.0,0.0
111,4,0,0,111.8768,85.0,14.1,0.0056443,68.1563598981458,8.709411621,0.0,0.026843872,-0.440210104,2.265210104,1335.688574,0.0,0.0,0.0,0.0
112,4,0,0,113.1759,85.0,14.1,0.005656449,68.5276244329302,8.753356934,0.0,-0.020132904,-0.350975752,2.175975752,1351.959606,570.542603,794.231384,0.003822,0.003663
113,4,0,0,108.4693,86.0,14.7,0.005648043,68.8696245682206,8.973083496,0.0,-0.007094452,-0.285456419,2.110456419,1366.190701,576.8255,962.00177,0.004123,0.003716
114,4,0,0,108.6602,87.0,14.7,0.00562699,69.239353631711,8.885192871,0.0,-0.034705292,-0.231443167,2.056443167,1382.363477,514.090088,783.306091,0.00425,0.003973
115,4,0,0,111.2718,88.0,15.4,0.005607369,69.5593656925428,8.885192871,0.0,-0.004793549,-0.23374629,2.05874629,1396.40531,518.627991,752.551086,0.004367,0.003957
116,4,0,0,112.1479,88.0,15.4,0.005588097,69.911485068072,8.885192871,0.0,-0.010929291,-0.274577856,2.099577856,1412.328381,491.747711,799.890198,0.004347,0.003921
117,4,0,0,103.2098,87.0,16.5,0.005571395,70.237005223801,8.929138184,0.0,-0.007094452,-0.335753679,2.160753679,1426.149792,560.602905,956.506714,0.004166,0.003751
118,4,0,0,90.6323,87.0,16.5,0.005547158,70.6660659216318,11.03851318,0.0,0.014572388,-0.425576448,2.250576448,1441.796715,516.45929,777.116211,0.004279,0.003902
119,4,0,0,85.4073,87.0,17.6,0.005521243,71.133769946702,10.90667725,0.0,0.04141626,-0.474036455,2.299036455,1454.543549,517.36969,787.510376,0.004378,0.00392
120,4,0,0,82.8473,86.0,17.6,0.005491874,71.6615973048322,11.21429443,0.0,0.019941162,-0.41566062,2.24066062,1470.585023,524.722717,779.45929,0.004469,0.003947
121,4,0,0,81.5701,86.0,18.5,0.005473115,71.9543145730224,8.618774414,0.0,-0.019365936,-0.309259176,2.134259176,1483.345597,506.167694,782.945129,0.004226,0.003756
122,4,0,0,83.5199,86.0,18.5,0.005466326,72.1468383400692,6.597290039,0.0,-0.023200775,-0.226975679,2.051975679,1499.178666,450.149994,780.036011,0.004167,0.003687
123,4,0,0,87.9214,86.0,19.4,0.005473304,72.170795087963,5.850219727,0.0,0.0,-0.204645872,2.029645872,1511.749015,365.287689,767.535706,0.004256,0.003679
124,4,0,0,93.9903,85.0,19.4,0.00548889,72.2336562624178,6.289672852,0.0,0.014572388,-0.198048353,2.023048353,1527.341639,468.686005,778.528809,0.004033,0.003576
125,4,0,0,99.1749,83.0,19.8,0.00550123,72.2938834944682,6.245727539,0.0,0.014572388,-0.162693262,1.987693262,1540.336676,424.7211,763.868103,0.00417,0.003697
126,4,0,0,103.1523,82.0,19.8,0.005509122,72.346553442906,5.715637207,0.0,-0.020132904,-0.089167833,1.914167833,1555.074215,539.627686,771.478577,0.004056,0.003669
127,4,0,0,106.1076,83.0,20.5,0.005511542,72.3730936482084,6.026000977,0.0,0.013038452,-0.0362041,1.8612041,1567.876241,544.969971,773.697205,0.004245,0.00393
128,4,0,0,108.4058,80.0,20.5,0.005512694,72.2679640920708,3.869934082,0.0,-0.033938324,0.01883769,1.80616231,1582.51824,523.019104,776.825928,0.004087,0.003679
129,4,0,0,110.0158,79.0,20.9,0.005515446,72.1751023416324,4.88067627,0.0,-0.034705292,0.006385565,1.818614435,1595.378973,528.122925,774.766296,0.004182,0.003748
130,4,0,0,111.5399,79.0,20.9,0.00552394,72.1054154251554,5.58380127,0.0,-0.008628387,-0.107523203,1.932523203,1610.130942,627.401123,767.24353,0.004105,0.003594
131,4,0,0,112.5568,78.0,21.5,0.005538499,72.103049840196,5.539855957,0.0,0.005368774,-0.262188196,2.087188196,1623.085726,515.892883,778.094177,0.003991,0.003521
132,4,0,0,113.6622,77.0,21.5,0.005563616,72.1114001260936,5.671691895,0.0,0.02761084,-0.419451952,2.244451952,1637.961915,550.02301,794.029297,0.003992,0.00354
133,4,0,0,114.8607,76.0,21.1,0.005591087,72.1203640211464,5.627746582,0.0,0.010737549,-0.499403238,2.324403238,1651.675656,493.714691,794.364929,0.003931,0.003587
134,4,0,0,116.0847,78.0,21.1,0.005625742,72.1299258503828,5.671691895,0.0,0.019941162,-0.52695632,2.35195632,1666.091839,557.639771,966.77063,0.003643,0.003263
135,4,0,0,116.8907,77.0,21.1,0.005655823,72.137921502118,5.671691895,0.0,0.019941162,-0.504972219,2.329972219,1679.953126,505.323486,783.951111,0.00374,0.003374
136,4,0,0,117.708,77.0,21.1,0.005687186,72.1467014335154,5.671691895,0.0,0.00690271,-0.421232939,2.246232939,1695.152798,520.560181,779.865784,0.004066,0.003706
137,4,0,0,118.7648,80.0,20.5,0.005712245,72.1551061633852,5.671691895,0.0,0.005368774,-0.315950632,2.140950632,1708.521081,560.467102,774.671814,0.004043,0.003645
138,4,0,0,119.4543,79.0,20.5,0.005739348,72.1639319609726,5.671691895,0.0,-0.016298065,-0.184720755,2.009720755,1723.878801,528.417908,774.073303,0.003862,0.003477
139,4,0,0,120.2299,79.0,20.0,0.005756754,72.1701061616958,5.627746582,0.0,-0.020132904,-0.089286089,1.914286089,1737.383319,0.0,0.0,0.0,0.0
140,4,0,0,118.9938,79.0,20.0,0.005758561,72.1774665586528,5.671691895,0.0,-0.004793549,-0.036329508,1.861329508,1752.891731,565.616699,960.052185,0.00391,0.003555
141,4,0,0,119.2236,80.0,19.5,0.005744969,72.2489070280872,6.377563477,0.0,-0.027035614,-0.029258966,1.854258966,1766.526218,0.0,0.0,0.004532,0.004162
142,4,0,0,119.9962,80.0,19.5,0.005725355,72.3255341911274,6.465454102,0.0,-0.013997162,-0.080120325,1.905120325,1782.186438,643.046875,755.076416,0.003999,0.003662
143,4,0,0,120.9365,79.0,19.0,0.005713097,72.4540415190004,7.036743164,0.0,-0.003259613,-0.167038202,1.992038202,1795.981956,0.0,0.0,0.0,0.0
144,4,0,0,122.0524,79.0,19.0,0.0057074,72.5931949850282,6.948852539,0.0,-0.010929291,-0.289905787,2.114905787,1812.519538,557.035583,793.830505,0.003935,0.003447
145,4,0,0,123.3532,79.0,18.9,0.00571119,72.7064368378642,6.992797852,0.0,0.023009033,-0.409270048,2.234270048,1825.824315,0.0,0.0,0.0,0.0
146,4,0,0,124.1804,79.0,18.9,0.005725021,72.8384723218192,6.992797852,0.0,0.029144775,-0.512444735,2.337444735,1842.50783,519.171387,781.015076,0.004024,0.003624
147,4,0,0,124.7661,81.0,18.5,0.005741289,72.9499948523596,6.685180664,0.0,0.019941162,-0.531448126,2.356448126,1855.870216,512.985596,793.070923,0.004099,0.003655
148,4,0,0,125.6124,84.0,18.5,0.005758034,72.8626547957414,0.0,0.0,0.021475098,-0.474401712,2.299401712,1872.583657,516.833496,790.604919,0.00417,0.003753
149,4,0,0,126.2977,84.0,18.5,0.005766845,72.6467899338178,9.764099121,0.0,-0.008628387,-0.376614809,2.201614809,1886.636038,548.365112,869.994629,0.004451,0.003941
150,4,0,0,126.8166,84.0,18.5,0.005765144,72.9449302110994,7.827758789,0.0,-0.030103485,-0.275247335,2.100247335,1902.708296,516.206909,790.716492,0.004084,0.003659
151,4,0,0,127.8674,85.0,18.2,0.005746016,73.1127439947588,7.608032227,0.0,-0.024734711,-0.25695014,2.08195014,1916.777659,523.033203,786.897888,0.00427,0.003797
152,4,0,0,128.4885,85.0,18.2,0.005698741,73.243669082394,6.553344727,0.0,-0.023200775,-0.316483736,2.141483736,1932.854823,518.597473,781.619507,0.004143,0.003782
153,4,0,0,128.8461,84.0,18.1,0.005641299,73.3197891906804,6.685180664,0.0,0.019941162,-0.428543806,2.253543806,1946.893227,513.856079,788.977478,0.004221,0.003881
154,4,0,0,129.3862,83.0,18.1,0.005571641,73.413424760071,6.685180664,0.0,0.047552002,-0.542808294,2.367808294,1962.918496,506.321289,799.97052,0.004296,0.003733
155,4,0,0,129.5672,83.0,18.1,0.005517655,73.4582449434446,5.58380127,0.0,0.023009033,-0.53453517,2.35953517,1976.937486,0.0,0.0,0.0,0.0
156,4,0,0,130.2966,82.0,18.1,0.005470269,73.348337337314,6.289672852,0.0,-0.019365936,-0.425780535,2.250780535,1992.959944,0.0,0.0,0.0,0.0
157,4,0,0,130.7566,81.0,18.1,0.005440291,73.36844507501,5.75958252,0.0,-0.024734711,-0.35043788,2.17543788,2007.649914,562.079712,972.080078,0.003935,0.003579
158,4,0,0,131.406,81.0,18.1,0.005413729,73.3414956628258,3.606262207,0.0,-0.02166684,-0.335473776,2.160473776,2023.009635,526.590515,772.615479,0.003985,0.003569
159,4,0,0,132.062,81.0,18.1,0.005394029,72.8587351677044,0.0,0.0,0.049085938,-0.382765532,2.207765532,2037.703182,532.628296,781.831299,0.004119,0.003691
160,4,0,0,132.2506,80.0,18.1,0.005375292,72.2698638213804,0.0,0.0,0.019941162,-0.374944448,2.199944448,2053.734148,520.078125,776.713196,0.003961,0.00354
161,4,0,0,133.1062,79.0,18.4,0.005361968,71.7404015186508,0.0,0.0,-0.007094452,-0.279033422,2.104033422,2067.76277,492.484711,772.970093,0.004085,0.003651
162,4,0,0,133.5863,77.0,18.4,0.005347726,71.1613613889858,0.0,0.0,0.00690271,-0.180162191,2.005162191,2083.797321,476.456787,767.985779,0.004127,0.003652
163,4,0,0,134.167,76.0,18.4,0.005335601,70.6576100308434,0.0,0.0,-0.004793549,-0.120322466,1.945322466,2098.497422,520.273804,782.278076,0.00418,0.003868
164,4,0,0,134.3616,76.0,18.4,0.005328032,70.1060305202136,0.0,0.0,-0.016298065,-0.061028719,1.886028719,2113.867373,561.270691,968.859924,0.003971,0.003503
165,4,0,0,134.7527,75.0,18.3,0.005334206,69.6101169858326,0.0,0.0,-0.015531097,-0.040593863,1.865593863,2128.579389,559.747009,971.451782,0.004039,0.003595
166,4,0,0,135.3436,74.0,18.3,0.005361899,69.050973384082,0.0,0.0,-0.007094452,-0.067646742,1.892646742,2144.64599,409.778503,757.898193,0.003595,0.003237
167,4,0,0,135.7405,75.0,18.3,0.005404204,68.5627090105342,0.0,0.0,-0.000959,-0.12445569,1.94945569,2158.725784,530.405884,756.829529,0.003647,0.0
168,4,0,0,136.1396,76.0,18.3,0.005461696,68.01150824198,0.0,0.0,0.00690271,-0.193135977,2.018135977,2174.846587,524.051575,760.394104,0.003893,0.003551
169,4,0,0,136.8438,76.0,18.3,0.005504378,67.5155122450174,0.0,0.0,0.001533936,-0.235698938,2.060698938,2188.976431,0.0,0.0,0.0,0.0
170,4,0,0,137.5554,79.0,18.3,0.005538016,67.0148790957788,5.100402832,0.0,-0.005560516,-0.272160292,2.097160292,2205.15236,509.803986,782.789001,0.003911,0.003611
171,4,0,0,137.76,78.0,18.5,0.005563414,67.0719844335368,5.58380127,0.0,0.014572388,-0.302227736,2.127227736,2219.329698,516.725708,773.831909,0.003728,0.003334
172,4,0,0,138.0682,78.0,18.5,0.005598736,67.1427578476346,5.539855957,0.0,0.010737549,-0.308927298,2.133927298,2235.540315,515.339722,784.538025,0.003536,0.003221
173,4,0,0,138.0682,78.0,18.5,0.005634914,67.199460625085,5.495910645,0.0,0.005368774,-0.283064127,2.108064127,2249.665668,522.150085,780.758972,0.003643,0.003265
174,4,0,0,137.6576,80.0,18.5,0.005673277,67.2593525511464,5.495910645,0.0,-0.013997162,-0.241475821,2.066475821,2266.528596,551.317322,961.173706,0.003603,0.00324
175,4,0,0,136.8438,79.0,18.5,0.005692702,67.2980164940312,5.40802002,0.0,-0.010162323,-0.223891497,2.048891497,2280.055884,0.0,0.0,0.0,0.0
176,4,0,0,135.7405,80.0,18.5,0.005691445,67.3445472287974,6.377563477,0.0,-0.000959,-0.245777845,2.070777845,2297.000519,526.095703,776.674316,0.003964,0.003624
177,4,0,0,135.84,79.0,18.7,0.005678312,67.4884462361502,6.553344727,0.0,0.005368774,-0.267326117,2.092326117,2310.571801,0.0,0.0,0.0,0.0
178,4,0,0,136.8438,77.0,18.7,0.005664946,67.7174478025324,8.662719727,0.0,0.001533936,-0.274268389,2.099268389,2327.556211,517.216675,778.935974,0.004018,0.003584
179,4,0,0,134.6547,77.0,18.6,0.005659718,67.9227254925188,6.597290039,0.0,-0.003259613,-0.276664019,2.101664019,2341.83714,0.0,0.0,0.0,0.0
180,4,0,0,129.2959,79.0,18.6,0.005659518,68.0960127058918,6.773071289,0.0,0.001533936,-0.301010847,2.126010847,2358.139739,493.069397,801.366516,0.003738,0.003403
181,4,0,0,126.8166,79.0,18.6,0.005663949,68.2549867067992,6.729125977,0.0,0.001533936,-0.325320482,2.150320482,2372.404551,520.473083,770.479309,0.003774,0.003326
182,4,0,0,127.165,78.0,18.6,0.005671962,68.5990000781494,10.86273193,0.0,-0.010929291,-0.343434572,2.168434572,2388.705014,508.587402,778.020813,0.003692,0.003284
183,4,0,0,129.8398,79.0,18.5,0.005675368,69.0869569068232,10.11566162,0.0,-0.004793549,-0.380631208,2.205631208,2402.903794,518.695007,770.614502,0.003583,0.003171
184,4,0,0,131.8739,78.0,18.5,0.005670996,69.5032827363,9.983825684,0.0,0.00690271,-0.424349546,2.249349546,2417.000173,559.30658,952.764709,0.003545,0.003152
185,4,0,0,132.3452,77.0,18.5,0.005655557,69.9508209104068,9.808044434,0.0,0.001533936,-0.46456027,2.28956027,2432.985777,514.803589,779.489624,0.003774,0.003412
186,4,0,0,132.4398,77.0,18.5,0.005631799,70.3270156260944,9.720153809,0.0,0.0,-0.495471239,2.320471239,2446.865655,0.0,0.0,0.0,0.0
187,4,0,0,133.2019,79.0,18.7,0.00559113,70.744127006612,9.676208496,0.0,0.012271484,-0.525864363,2.350864363,2463.259607,522.511292,794.450073,0.003837,0.003576
188,4,0,0,134.4592,78.0,18.7,0.005548667,71.090693225724,9.764099121,0.0,0.038348389,-0.532305002,2.357305002,2476.274022,506.170807,791.974792,0.004212,0.003872
189,4,0,0,135.5418,77.0,18.7,0.005504555,71.432224222311,8.135375977,0.0,0.018407227,-0.461839914,2.286839914,2492.417189,508.317291,792.713379,0.004227,0.003872
190,4,0,0,135.2448,79.0,18.7,0.005475485,71.606632743329,5.715637207,0.0,-0.012463226,-0.344957113,2.169957113,2505.232509,532.521484,780.951416,0.004196,0.003759
191,4,0,0,131.4994,83.0,18.3,0.005449495,71.6868359403162,6.026000977,0.0,-0.015531097,-0.220355272,2.045355272,2521.128665,538.202209,868.385071,0.003765,0.003396
192,4,0,0,129.0256,85.0,18.3,0.005427881,71.772275591702,6.773071289,0.0,-0.027035614,-0.144705534,1.969705534,2534.376741,542.632385,783.81842,0.004336,0.00393
193,4,0,0,129.0256,82.0,18.0,0.00540387,71.8433355487868,5.58380127,0.0,-0.032404388,-0.135167837,1.960167837,2549.401371,569.7854,953.565796,0.003872,0.003498
194,4,0,0,130.9415,77.0,18.0,0.005385635,71.8619779019458,6.860961914,0.0,-0.010162323,-0.217664003,2.042664003,2562.452729,550.469299,777.222412,0.004164,0.003775
195,4,0,0,133.0106,73.0,17.7,0.005368635,71.979121808826,6.685180664,0.0,0.032212646,-0.335741282,2.160741282,2577.354719,498.602386,783.290405,0.004111,0.003618
196,4,0,0,133.876,71.0,17.7,0.005356313,72.0137554171752,5.144348145,0.0,0.016106323,-0.39946723,2.22446723,2590.406675,536.969482,780.3974,0.004008,0.003581
197,4,0,0,134.2642,74.0,17.1,0.00534479,71.9574077245024,4.573059082,0.0,-0.000959,-0.413643122,2.238643122,2605.336945,522.004395,774.945618,0.003861,0.003489
198,4,0,0,135.3436,74.0,17.1,0.005336999,71.8701079979446,4.35333252,0.0,0.0,-0.414283514,2.239283514,2618.411563,511.329315,779.274902,0.003869,0.003411
199,4,0,0,136.2398,75.0,16.6,0.005329944,71.4423164256378,0.0,0.0,0.00690271,-0.412582159,2.237582159,2633.364268,515.852173,776.263672,0.003756,0.003347
200,4,0,0,136.6419,76.0,16.6,0.005323679,71.1804465842326,3.869934082,0.0,0.018407227,-0.39210248,2.21710248,2647.07948,509.569489,782.395386,0.003605,0.00324
201,4,0,0,137.2495,78.0,15.9,0.005311951,70.9691272065786,2.28515625,0.0,0.019941162,-0.323107481,2.148107481,2661.444791,547.252319,953.057312,0.003488,0.003138
202,4,0,0,137.8626,81.0,15.9,0.005293155,70.898344667523,6.860961914,0.0,0.018407227,-0.211045027,2.036045027,2675.222871,0.0,0.0,0.0,0.0
203,4,0,0,138.2743,82.0,15.2,0.005260193,70.9892999937974,6.113891602,0.0,-0.024734711,-0.049843073,1.874843073,2690.309919,520.226929,780.19458,0.004032,0.003646
204,4,0,0,138.7925,82.0,15.2,0.005225173,71.0245839686274,5.58380127,0.0,-0.041608002,0.040626764,1.784373236,2703.542143,0.0,0.0,0.0,0.0
205,4,0,0,139.4195,79.0,14.6,0.005186412,71.0385978599464,0.0,0.0,-0.024734711,0.036278486,1.788721514,2718.70166,543.566528,782.381104,0.004061,0.003563
206,4,0,0,138.7925,75.0,14.6,0.005159137,70.557358915328,0.0,75.15563965,-0.020132904,-0.04087615,1.86587615,2732.017476,535.355225,779.693176,0.004132,0.003536
207,4,0,0,138.2743,72.0,13.7,0.005138863,70.0249063784114,0.0,75.00915527,0.003067871,-0.193289042,2.018289042,2747.345116,0.0,0.0,0.0,0.0
208,4,0,0,138.7925,70.0,13.7,0.005131891,69.545817914368,0.0,9.237670898,0.047552002,-0.333249331,2.158249331,2761.492807,500.273102,780.917297,0.004149,0.003695
209,4,0,0,139.7351,69.0,13.2,0.005134996,69.0367438894832,0.0,0.0,0.019941162,-0.38064599,2.20564599,2776.37524,0.0,0.0,0.0,0.0
210,4,0,0,141.0119,67.0,13.2,0.00514435,68.5825154636888,0.0,4.989624023,-0.008628387,-0.355015516,2.180015516,2790.694393,496.996307,783.404114,0.004165,0.003778
211,4,0,0,142.0939,65.0,12.8,0.00515982,68.0809900319806,0.0,2.938842773,0.005368774,-0.316452742,2.141452742,2806.405875,688.889709,742.413025,0.004089,0.003688
212,4,0,0,142.4217,67.0,12.8,0.005175743,67.6333155306824,0.0,0.0,0.0,-0.289879084,2.114879084,2820.229164,491.0784,788.829529,0.003792,0.003382
213,4,0,0,141.9849,69.0,12.7,0.005195021,67.5192157708792,6.509399414,0.0,-0.020132904,-0.262050867,2.087050867,2836.099048,506.105591,778.809387,0.004124,0.003694
214,4,0,0,143.5256,69.0,12.7,0.005212167,67.648057229923,6.509399414,0.0,0.014572388,-0.270091772,2.095091772,2850.020512,418.354004,786.225525,0.004189,0.003678
215,4,0,0,144.3085,70.0,12.4,0.005231453,67.7866086418568,6.377563477,0.0,0.030678711,-0.276132345,2.101132345,2865.95065,498.200104,784.133301,0.00425,0.003772
216,4,0,0,144.9864,72.0,12.4,0.00524831,67.9107614819314,6.333618164,0.0,0.012271484,-0.217668295,2.042668295,2879.90824,526.302673,785.012817,0.004838,0.004464
217,4,0,0,145.5562,73.0,12.6,0.00527151,68.0256340307092,5.894165039,0.0,-0.039307098,-0.111642122,1.936642122,2896.536486,550.699707,971.566772,0.00404,0.003702
218,4,0,0,146.1305,73.0,12.6,0.00530034,68.1159515433548,7.256469727,0.0,-0.02166684,-0.093984365,1.918984365,2909.847908,0.0,0.0,0.0,0.0
219,4,0,0,146.1305,74.0,13.2,0.005345676,68.3103845509106,6.860961914,0.0,-0.012463226,-0.143724203,1.968724203,2926.511617,0.0,0.0,0.004689,0.004301
220,4,0,0,144.9864,74.0,13.2,0.005393527,68.4567268743448,6.817016602,0.0,0.003834839,-0.206703424,2.031703424,2939.844389,555.474487,966.475891,0.003789,0.003424
221,4,0,0,144.5337,75.0,13.6,0.005448534,68.623089548313,6.685180664,0.0,0.012271484,-0.270205259,2.095205259,2956.494202,490.307312,796.629211,0.00385,0.003354
222,4,0,0,145.1,76.0,13.6,0.005484276,68.7582476185766,6.641235352,0.0,0.014572388,-0.295664549,2.120664549,2970.437814,0.0,0.0,0.0,0.0
223,4,0,0,146.1305,77.0,14.4,0.005497147,68.901787244214,6.641235352,0.0,-0.001725677,-0.290351629,2.115351629,2986.273007,558.166626,962.504578,0.004016,0.00358
224,4,0,0,146.3615,77.0,14.4,0.005486786,69.0406971688196,7.168579102,0.0,0.009203613,-0.274393797,2.099393797,3000.09085,561.830627,969.406982,0.00389,0.003484
225,4,0,0,145.5562,78.0,14.7,0.00546888,69.298868070982,7.783813477,0.0,-0.013997162,-0.25057435,2.07557435,3015.84327,521.998901,779.964111,0.003745,0.00339
226,4,0,0,145.2138,78.0,14.7,0.005459247,69.5039887859448,7.695922852,0.0,0.003067871,-0.249041796,2.074041796,3029.642235,551.117798,748.038086,0.003681,0.003258
227,4,0,0,146.0152,76.0,15.4,0.00545569,69.7339898812142,7.608032227,0.0,-0.004793549,-0.282701254,2.107701254,3045.423841,521.286316,769.396912,0.004253,0.003885
228,4,0,0,146.8256,76.0,15.4,0.00545348,69.8905087856714,6.729125977,0.0,-0.008628387,-0.324869871,2.149869871,3059.230258,529.348389,770.465088,0.003358,0.003066
229,4,0,0,147.7629,78.0,15.6,0.005447002,70.0373058281226,6.729125977,0.0,-0.010929291,-0.396653891,2.221653891,3074.911711,0.0,0.0,0.0,0.0
230,4,0,0,148.3547,78.0,15.6,0.005440821,70.161628566221,6.773071289,0.0,0.030678711,-0.483392477,2.308392477,3089.173009,531.705688,782.995117,0.003976,0.003641
231,4,0,0,146.7093,78.0,16.1,0.00543948,70.3054258632858,6.773071289,0.0,0.026843872,-0.558018923,2.383018923,3103.968499,519.898621,788.135071,0.003946,0.003586
232,4,0,0,142.0939,80.0,16.1,0.005442961,70.4292197561668,6.817016602,0.0,0.023009033,-0.551030874,2.376030874,3118.01219,519.785828,778.708496,0.0038,0.003453
233,4,0,0,138.7925,81.0,16.6,0.005448063,70.5683809792134,6.773071289,0.0,-0.015531097,-0.484532118,2.309532118,3133.212384,556.441589,964.572205,0.003685,0.0033
234,4,0,0,138.8966,81.0,16.6,0.005453435,70.6641733216984,6.377563477,0.0,-0.027035614,-0.440247774,2.265247774,3146.410553,508.404602,781.349609,0.00373,0.003422
235,4,0,0,140.0521,80.0,17.1,0.005466112,70.7893424921698,8.442993164,0.0,0.023009033,-0.428428888,2.253428888,3161.409733,513.515686,777.108521,0.003609,0.003287
236,4,0,0,142.4217,81.0,17.1,0.005487151,71.0287559089896,8.267211914,0.0,0.005368774,-0.38304162,2.20804162,3174.553933,543.17157,778.279724,0.003678,0.003292
237,4,0,0,144.0839,81.0,17.1,0.005521982,71.2752269737256,8.003540039,0.0,-0.013997162,-0.294230223,2.119230223,3189.607898,529.846497,775.516174,0.003493,0.003225
238,4,0,0,145.7853,79.0,17.1,0.005557555,71.4394745725988,6.465454102,0.0,-0.02166684,-0.225840807,2.050840807,3202.806264,525.111877,776.690186,0.003515,0.003262
239,4,0,0,146.5932,78.0,16.9,0.005594919,71.4240982784094,5.58380127,0.0,-0.001725677,-0.194721937,2.019721937,3217.916829,522.731873,787.598572,0.004386,0.003984
240,4,0,0,147.9991,78.0,16.9,0.005613111,71.4224090024916,5.58380127,0.0,0.0,-0.196617842,2.021617842,3231.159199,517.42218,781.193787,0.003903,0.003609
241,4,0,0,148.5928,79.0,17.0,0.005608414,71.449947481396,5.806274414,0.0,-0.010929291,-0.205566168,2.030566168,3246.966135,519.342407,777.847717,0.003998,0.00358
242,4,0,0,146.3615,78.0,17.0,0.005585899,71.4726932975002,5.806274414,0.0,-0.024734711,-0.220766306,2.045766306,3259.643504,534.640015,773.558289,0.003864,0.00339
243,4,0,0,143.6369,79.0,16.8,0.005551346,71.4930556005974,5.715637207,0.0,0.005368774,-0.290211916,2.115211916,3275.528051,0.0,0.0,0.0,0.0
244,4,0,0,143.082,81.0,16.8,0.005522816,71.5161363042622,6.201782227,0.0,0.005368774,-0.37191844,2.19691844,3288.26391,506.702301,779.057312,0.003883,0.003504
245,4,0,0,143.7484,84.0,16.7,0.005498262,71.625370449883,6.773071289,0.0,0.038348389,-0.444464445,2.269464445,3304.217349,533.004089,787.433472,0.003952,0.003534
246,4,0,0,145.6707,83.0,16.7,0.005488066,71.7309785915498,6.773071289,0.0,0.019941162,-0.454263449,2.279263449,3317.653566,527.961792,779.25,0.003888,0.003561
247,4,0,0,146.8256,80.0,16.2,0.005496558,71.8439160538182,6.685180664,0.0,-0.019365936,-0.39491725,2.21991725,3333.066246,589.538513,774.535217,0.003972,0.00358
248,4,0,0,146.1305,76.0,16.2,0.005522982,71.9359034176478,6.685180664,0.0,-0.02166684,-0.3347404,2.1597404,3346.598141,0.0,0.0,0.0,0.0
249,4,0,0,145.7853,72.0,16.1,0.005566195,72.0383128351306,6.685180664,0.0,-0.004793549,-0.313868761,2.138868761,3362.110708,526.520813,776.645691,0.003956,0.003712
250,4,0,0,146.3615,72.0,16.1,0.005603289,72.1269566019894,6.641235352,0.0,-0.000959,-0.308563948,2.133563948,3375.713903,535.434998,781.030396,0.003954,0.003616
251,4,0,0,147.5274,74.0,15.7,0.005631138,72.2263595792314,6.597290039,0.0,0.008436646,-0.297758818,2.122758818,3391.291619,526.707825,781.263,0.003785,0.003464
252,4,0,0,142.3123,77.0,15.7,0.005634687,72.311178459899,6.597290039,0.0,0.009203613,-0.263222933,2.088222933,3404.949747,501.765106,772.001526,0.003999,0.003701
253,4,0,0,128.667,79.0,15.0,0.00561547,72.4038768301406,6.641235352,0.0,-0.008628387,-0.214756727,2.039756727,3420.590291,0.0,0.0,0.0,0.0
254,4,0,0,118.9174,82.0,15.0,0.005588302,72.4873016200332,6.641235352,0.0,-0.017832001,-0.163319826,1.988319826,3434.955933,0.0,0.0,0.0,0.0
255,4,0,0,117.4095,85.0,14.7,0.005558661,72.5780257485232,6.641235352,0.0,-0.023200775,-0.138970137,1.963970137,3450.000768,642.772583,773.705994,0.003901,0.003531
256,4,0,0,121.3327,88.0,14.7,0.005540232,72.6556068478484,6.597290039,0.0,-0.003259613,-0.161488771,1.986488771,3464.416259,504.747406,780.855896,0.003991,0.00364
257,4,0,0,126.2116,89.0,14.5,0.005528718,72.74384010426,6.597290039,0.0,0.019941162,-0.204478979,2.029478979,3480.199728,491.83609,788.381714,0.0,0.003567
258,4,0,0,130.2049,86.0,14.5,0.005525071,72.8186505316544,6.641235352,0.0,0.005368774,-0.208988428,2.033988428,3494.057496,523.871521,787.066895,0.004114,0.003681
259,4,0,0,133.2978,82.0,14.2,0.005529456,72.887133806652,6.333618164,0.0,-0.020132904,-0.183824301,2.008824301,3509.928797,530.513672,788.75293,0.004109,0.003715
260,4,0,0,135.7405,82.0,14.2,0.005545545,72.9416911085748,6.465454102,0.0,-0.023200775,-0.194636583,2.019636583,3523.816118,531.817322,779.420105,0.004607,0.00417
261,4,0,0,137.5554,78.0,14.0,0.005580969,73.0198184661762,6.553344727,0.0,-0.004793549,-0.260807276,2.085807276,3539.688007,506.310211,783.789307,0.004165,0.003679
262,4,0,0,138.8966,74.0,14.0,0.005622547,73.089141623533,6.553344727,0.0,0.025309937,-0.337397337,2.162397337,3554.243536,513.006287,776.528381,0.003916,0.003586
263,4,0,0,139.5245,72.0,13.8,0.005669729,73.166822855993,6.509399414,0.0,0.008436646,-0.393227339,2.218227339,3569.465875,514.724915,777.027283,0.003975,0.003577
264,4,0,0,139.5245,73.0,13.8,0.005696627,73.231059420692,6.553344727,0.0,0.010737549,-0.38736558,2.21236558,3584.030393,531.430603,779.382202,0.003886,0.00353
265,4,0,0,139.3146,73.0,13.9,0.005695421,73.3040120581772,6.553344727,0.0,0.013038452,-0.34467864,2.16967864,3599.934415,0.0,0.0,0.0,0.0
266,4,0,0,139.8406,76.0,13.9,0.0056654,73.3703992482918,6.597290039,0.0,-0.004793549,-0.274740458,2.099740458,3613.873741,0.0,0.0,0.004202,0.003752
267,4,0,0,141.227,77.0,14.0,0.005621274,73.4412425399324,6.597290039,0.0,-0.030870453,-0.191099882,2.016099882,3627.834131,534.118591,777.298096,0.003869,0.003485
268,4,0,0,142.6411,81.0,14.0,0.005580256,73.5049262158744,6.377563477,0.0,-0.015531097,-0.173298597,1.998298597,3641.814473,530.737305,782.657715,0.003732,0.003353
269,4,0,0,143.6369,83.0,14.1,0.005550643,73.1445567197692,0.0,0.0,-0.019365936,-0.213902235,2.038902235,3657.815498,527.295898,778.951172,0.003895,0.003539
270,4,0,0,144.6466,84.0,14.1,0.005540139,72.6898014121522,3.82598877,0.0,0.016106323,-0.292553663,2.117553663,3671.836537,570.714111,965.106812,0.003779,0.003525
271,4,0,0,145.2138,81.0,14.2,0.00553858,72.4512353450292,0.0,0.0,0.018407227,-0.383241892,2.208241892,3687.883035,0.0,0.0,0.0,0.0
272,4,0,0,146.0152,79.0,14.2,0.005539563,71.970814878548,0.0,0.0,0.029144775,-0.407965422,2.232965422,3701.942393,553.968811,776.326111,0.003871,0.003498
273,4,0,0,146.8256,79.0,14.3,0.00553717,71.8562489573204,5.05645752,0.0,0.018407227,-0.354908705,2.179908705,3718.701991,503.421204,781.865723,0.003739,0.003381
274,4,0,0,144.5337,80.0,14.3,0.005528934,71.760031732982,3.694152832,0.0,-0.019365936,-0.255521536,2.080521536,3732.127078,0.0,0.0,0.0,0.0
275,4,0,0,134.3616,78.0,14.1,0.005516145,71.612835059222,3.738098145,0.0,-0.023200775,-0.16544795,1.99044795,3746.91221,525.659729,776.771301,0.003569,0.003271
276,4,0,0,123.7654,74.0,14.1,0.005503732,71.2433987185842,0.0,0.0,-0.008628387,-0.127983332,1.952983332,3762.388591,558.888428,769.862488,0.00353,0.003203
277,4,0,0,120.5429,71.0,13.9,0.005504483,71.0933477194002,5.188293457,0.0,-0.007094452,-0.167394876,1.992394876,3777.210293,560.961304,970.715881,0.003641,0.003213
278,4,0,0,122.2942,68.0,13.9,0.005526995,70.9211087335428,0.0,0.0,0.008436646,-0.236917734,2.061917734,3793.398306,590.001099,768.639282,0.003809,0.003457
279,4,0,0,126.9036,67.0,13.7,0.005563684,70.6929188860698,5.58380127,0.0,0.001533936,-0.295596361,2.120596361,3807.574859,0.0,0.0,0.0,0.0
280,4,0,0,130.9415,68.0,13.7,0.005614512,70.6756380506442,3.782043457,0.0,-0.007094452,-0.351794481,2.176794481,3823.792533,566.396118,966.825073,0.003654,0.003291
281,4,0,0,133.876,69.0,13.2,0.005658344,70.5560734871898,3.869934082,0.0,0.009203613,-0.409337759,2.234337759,3837.998226,514.30719,770.86322,0.003425,0.00312
282,4,0,0,135.9398,71.0,13.2,0.005703107,70.4218261907124,3.82598877,0.0,0.042183228,-0.465377569,2.290377569,3854.25067,506.097992,765.418518,0.003625,0.003231
283,4,0,0,137.6576,73.0,12.8,0.005740478,70.2999353584748,3.869934082,0.0,-0.005560516,-0.441427946,2.266427946,3869.164431,497.454712,763.451294,0.004053,0.003677
284,4,0,0,139.0009,77.0,12.8,0.005788261,70.1623036360708,3.869934082,0.0,0.0,-0.37146306,2.19646306,3884.77183,508.93869,782.20813,0.004025,0.003566
285,4,0,0,140.3706,79.0,12.1,0.00583199,70.0491629946274,3.869934082,0.0,0.019941162,-0.319227934,2.144227934,3899.715603,0.0,0.0,0.0,0.0
286,4,0,0,141.0119,81.0,12.1,0.005863632,69.9109713989308,3.82598877,0.0,-0.030870453,-0.2167871,2.0417871,3916.035007,0.0,0.0,0.0,0.0
287,4,0,0,142.203,82.0,11.5,0.005858246,69.7943311189102,3.694152832,0.0,-0.013997162,-0.155726194,1.980726194,3930.321625,0.0,0.0,0.0,0.0
288,4,0,0,142.5314,84.0,11.5,0.005819836,69.6625271867944,3.82598877,0.0,-0.040074066,-0.152841806,1.977841806,3946.559259,524.614807,819.331787,0.003985,0.003496
289,4,0,0,143.3034,85.0,11.0,0.005779082,69.5433457428204,3.869934082,0.0,-0.003259613,-0.234312773,2.059312773,3960.685375,549.717712,778.310486,0.003979,0.003723
290,4,0,0,144.0839,82.0,11.0,0.005740954,69.4150434609568,3.869934082,0.0,0.010737549,-0.363936186,2.188936186,3976.74599,515.823181,783.822083,0.003973,0.003613
291,4,0,0,144.8729,77.0,10.5,0.005718173,69.3044990550816,3.82598877,0.0,0.009203613,-0.454979658,2.279979658,3990.723399,525.585083,786.072205,0.004142,0.003798
292,4,0,0,145.5562,74.0,10.5,0.005703494,69.178571676256,3.869934082,0.0,0.00690271,-0.534972906,2.359972906,4006.680127,570.821899,982.966919,0.004023,0.003526
293,4,0,0,146.2459,73.0,10.0,0.005697459,69.070251909343,3.82598877,0.0,0.014572388,-0.571531057,2.396531057,4020.612106,563.69989,971.469421,0.003727,0.003373
294,4,0,0,146.8256,73.0,10.0,0.005696257,68.948316482294,3.957824707,0.0,0.003834839,-0.58078742,2.40578742,4037.127482,0.0,0.0,0.0,0.0
295,4,0,0,147.2928,72.0,9.6,0.005703212,68.9641255762896,6.333618164,0.0,0.010737549,-0.580167055,2.405167055,4050.291819,0.0,0.0,0.0,0.0
296,4,0,0,147.8809,72.0,9.6,0.005724185,69.0570739735936,5.938110352,0.0,0.016106323,-0.571102858,2.396102858,4066.709576,530.41748,791.889587,0.00392,0.003456
297,4,0,0,147.8809,73.0,9.0,0.005752489,69.121028839419,5.894165039,0.0,0.014572388,-0.536510229,2.361510229,4079.800991,574.571289,800.170471,0.003912,0.003503
298,4,0,0,147.8809,76.0,9.0,0.00578943,69.1929367094696,5.894165039,0.0,-0.008628387,-0.463191271,2.288191271,4096.15452,523.06781,790.663025,0.003826,0.003357
299,4,0,0,147.6451,79.0,8.7,0.005820504,69.2481852712026,5.75958252,0.0,-0.016298065,-0.378321409,2.203321409,4109.863694,544.032288,789.533081,0.003982,0.003653
300,4,0,0,147.8809,82.0,8.7,0.005851494,69.310168615061,5.850219727,0.0,-0.013997162,-0.320312262,2.145312262,4125.5,0.0,0.0,0.0,0.0
301,4,0,0,146.2459,84.0,8.4,0.00587024,69.3684741503108,6.289672852,0.0,-0.012463226,-0.300255537,2.125255537,4139.154273,0.0,0.0,0.0,0.0
302,4,0,0,130.6643,87.0,8.4,0.005877174,69.482675539935,6.641235352,0.0,-0.012463226,-0.309048891,2.134048891,4154.728372,543.429504,874.960327,0.004143,0.003756
303,4,0,0,112.08,87.0,8.8,0.005870754,69.68091766215,8.885192871,0.0,-0.013997162,-0.345167398,2.170167398,4168.32898,531.790771,782.03772,0.004124,0.003798
304,4,0,0,104.846,87.0,8.8,0.005847932,69.9800952234352,8.618774414,0.0,0.00690271,-0.410863161,2.235863161,4183.842679,0.0,0.0,0.0,0.0
305,4,0,0,106.2293,83.0,9.1,0.005808653,70.2666611435302,8.841247559,0.0,0.032979614,-0.463552237,2.288552237,4197.3911,523.418274,787.614685,0.003851,0.003495
306,4,0,0,112.0122,82.0,9.1,0.005739653,70.6116649349032,11.21429443,0.0,0.032979614,-0.4758389,2.3008389,4212.844836,512.455017,793.252991,0.003978,0.003685
307,4,0,0,115.2897,79.0,9.7,0.005667765,71.0435120922902,11.21429443,0.0,0.039882324,-0.419248819,2.244248819,4226.983557,522.19873,781.380676,0.004051,0.003638
308,4,0,0,106.0468,75.0,9.7,0.005588167,71.28991326339,7.300415039,0.0,-0.053879486,-0.26865077,2.09365077,4241.737744,537.580811,797.887085,0.004038,0.003601
309,4,0,0,98.6991,72.0,9.9,0.005529891,71.4738130601788,8.797302246,0.0,-0.025501678,-0.170470953,1.995470953,4255.82461,523.1604,790.753601,0.003956,0.003525
310,4,0,0,95.5913,71.0,9.9,0.005481521,71.7592178414638,9.017028809,0.0,-0.025501678,-0.148066282,1.973066282,4271.163536,514.983398,779.062927,0.003755,0.003353
311,4,0,0,97.7097,72.0,10.4,0.005454212,72.0171568216388,8.574829102,0.0,-0.02166684,-0.187001467,2.012001467,4284.567106,522.995117,776.969727,0.003911,0.003508
312,4,0,0,103.8465,74.0,10.4,0.005436075,72.1946209482346,7.300415039,0.0,-0.004793549,-0.289911985,2.114911985,4299.902915,557.362305,966.037598,0.003639,0.003338
313,4,0,0,109.3016,76.0,10.9,0.005429778,72.3219207883056,7.827758789,0.0,0.017640259,-0.392229795,2.217229795,4313.337562,0.0,0.0,0.0,0.0
314,4,0,0,113.5228,79.0,10.9,0.005432099,72.54200231415,8.530883789,0.0,0.021475098,-0.480737448,2.305737448,4328.707581,505.997314,785.982422,0.003555,0.003194
315,4,0,0,115.6497,82.0,11.3,0.005440507,72.7679427710116,8.618774414,0.0,0.02761084,-0.513323069,2.338323069,4342.169553,500.502686,789.700073,0.003645,0.00328
316,4,0,0,117.484,83.0,11.3,0.005454248,73.0246639636086,8.618774414,0.0,0.023776001,-0.485816717,2.310816717,4357.568532,520.336914,790.19812,0.004056,0.003668
317,4,0,0,119.0703,80.0,11.9,0.005465277,73.1295553213328,7.344360352,0.0,0.001533936,-0.396930456,2.221930456,4371.05644,519.78772,787.753418,0.004047,0.00367
318,4,0,0,120.5429,77.0,11.9,0.005469101,73.2934559625954,7.212524414,0.0,-0.010929291,-0.278510332,2.103510332,4387.141955,0.0,0.0,0.0,0.0
319,4,0,0,122.1329,75.0,12.2,0.005459477,73.4046251142586,7.168579102,0.0,-0.024734711,-0.20105052,2.02605052,4400.052708,0.0,0.0,0.0,0.0
320,4,0,0,123.0254,76.0,12.2,0.00543545,73.5545948095858,7.608032227,0.0,-0.003259613,-0.162558794,1.987558794,4416.26367,565.093506,964.355713,0.003859,0.003487
321,4,0,0,124.0141,76.0,12.8,0.005411809,73.7120099715824,8.797302246,0.0,-0.007094452,-0.138245821,1.963245821,4429.991638,518.307495,776.599121,0.004033,0.003675
322,4,0,0,124.2637,76.0,12.8,0.005392825,73.8589417479784,7.212524414,0.0,-0.019365936,-0.120766401,1.945766401,4445.72013,0.0,0.0,0.0,0.0
323,4,0,0,124.7661,76.0,12.7,0.00538971,73.9612678177426,7.212524414,0.0,-0.017832001,-0.144516706,1.969516706,4459.564946,525.654297,766.416199,0.003779,0.003364
324,4,0,0,125.5272,75.0,12.7,0.005405686,74.0824336262168,7.212524414,0.0,-0.013997162,-0.218992949,2.043992949,4475.429298,521.211914,779.70282,0.003881,0.00342
325,4,0,0,126.4702,79.0,12.7,0.00543339,74.1867771967918,7.212524414,0.0,0.019941162,-0.314359426,2.139359426,4489.364529,0.0,0.0,0.0,0.0
326,4,0,0,127.6031,82.0,12.7,0.005467004,74.3292327710052,8.091430664,0.0,0.018407227,-0.383513689,2.208513689,4505.355961,533.673706,961.9422,0.0,0.003208
327,4,0,0,128.2216,85.0,12.3,0.005487428,74.5143114737176,8.267211914,0.0,0.003834839,-0.399635553,2.224635553,4519.387441,521.205872,783.244507,0.003617,0.003254
328,4,0,0,129.1156,86.0,12.3,0.005499363,74.619110584073,5.850219727,0.0,0.001533936,-0.384854078,2.209854078,4535.458786,574.014771,967.768005,0.003624,0.003189
329,4,0,0,130.1135,84.0,12.3,0.00550417,74.6083627517236,7.124633789,0.0,-0.005560516,-0.366131544,2.191131544,4550.237976,515.181091,776.782104,0.003487,0.003243
330,4,0,0,130.8489,81.0,12.3,0.005506922,74.664896468007,6.377563477,0.0,0.003067871,-0.341529608,2.166529608,4565.744562,532.161011,776.205627,0.003715,0.003354
331,4,0,0,131.406,76.0,12.0,0.005508194,74.7068195657928,6.509399414,0.0,-0.017832001,-0.308740377,2.133740377,4580.626249,541.803711,774.15332,0.003679,0.003389
332,4,0,0,132.1563,74.0,12.0,0.005506524,74.7556987460474,6.509399414,0.0,-0.012463226,-0.29468894,2.11968894,4596.890075,521.525818,778.192078,0.003861,0.003512
333,4,0,0,133.0106,74.0,11.7,0.005498959,74.7985771480572,6.289672852,0.0,-0.004793549,-0.317239046,2.142239046,4611.150657,483.134705,740.268494,0.004023,0.003625
334,4,0,0,133.2019,74.0,11.7,0.005479973,74.8368623649598,6.553344727,0.0,-0.004793549,-0.353710413,2.178710413,4627.479662,522.64801,780.889282,0.004281,0.00385
335,4,0,0,133.5863,78.0,11.4,0.005457988,74.8329995627182,5.75958252,0.0,0.02761084,-0.396351576,2.221351576,4641.800567,526.610229,784.884216,0.004358,0.003939
336,4,0,0,133.7793,81.0,11.4,0.005436216,74.8577507130228,6.553344727,0.0,0.039882324,-0.424173117,2.249173117,4658.206762,542.824707,943.287109,0.004197,0.003805
337,4,0,0,134.6547,83.0,11.2,0.00542255,74.8066381711832,3.782043457,0.0,0.010737549,-0.396700621,2.221700621,4673.269644,515.862,761.435974,0.004327,0.003949
338,4,0,0,134.4592,83.0,11.2,0.005410146,74.765921418568,6.245727539,0.0,0.008436646,-0.315308809,2.140308809,4689.043247,502.491791,781.411682,0.004045,0.003598
339,4,0,0,133.49,84.0,11.0,0.005401621,74.7767978693702,6.069946289,0.0,0.010737549,-0.22820878,2.05320878,4704.156033,0.0,0.0,0.0,0.0
340,4,0,0,133.2019,84.0,11.0,0.005397116,74.7931926826588,6.377563477,0.0,0.003067871,-0.102692366,1.927692366,4720.679146,553.148926,789.254883,0.003582,0.003225
341,4,0,0,133.5863,84.0,10.8,0.005398532,74.7966780302968,5.850219727,0.0,-0.046976776,0.008613825,1.816386175,4735.173678,505.630493,795.88739,0.0,0.003728
342,4,0,0,134.2642,83.0,10.8,0.005406064,74.7657980787504,5.715637207,0.0,-0.033938324,0.046315908,1.778684092,4751.753142,545.644897,791.491882,0.003932,0.003537
343,4,0,0,135.1461,80.0,10.9,0.005421162,74.7434309242548,5.75958252,0.0,0.023009033,-0.045374155,1.870374155,4766.267339,527.003784,781.505005,0.003996,0.003551
344,4,0,0,133.5863,77.0,10.9,0.005452293,74.7267388819616,5.806274414,0.0,0.025309937,-0.161265612,1.986265612,4782.863521,521.164124,784.722412,0.004046,0.003638
345,4,0,0,128.3104,78.0,11.0,0.005485066,74.7117026091274,5.75958252,0.0,0.012271484,-0.212549448,2.037549448,4797.394948,523.87561,782.429993,0.003993,0.003502
346,4,0,0,117.5585,78.0,11.0,0.005511803,74.69431592741,5.75958252,0.0,0.001533936,-0.229342222,2.054342222,4814.013116,0.0,0.0,0.0,0.0
347,4,0,0,110.6072,78.0,11.1,0.005522393,74.6800579957734,5.75958252,0.0,0.014572388,-0.236461401,2.061461401,4828.562025,568.041016,952.170593,0.003732,0.003294
348,4,0,0,114.1526,76.0,11.1,0.005534954,74.6638203184424,5.75958252,0.0,-0.019365936,-0.224898577,2.049898577,4845.883798,562.5979,952.881592,0.003613,0.00328
349,4,0,0,117.2608,77.0,10.9,0.005558236,74.6499520884868,5.75958252,0.0,0.0,-0.228127241,2.053127241,4859.74553,525.870605,778.294128,0.003965,0.003536
350,4,0,0,114.6473,79.0,10.9,0.005598094,74.2790556580406,0.0,0.0,0.0,-0.24674201,2.07174201,4877.058683,0.0,0.0,0.0,0.0
351,4,0,0,103.3827,81.0,10.7,0.00563678,73.9622475839346,5.58380127,0.0,0.003834839,-0.261423349,2.086423349,4890.903954,0.0,0.0,0.004256,0.003875
352,4,0,0,92.2118,82.0,10.7,0.005677646,73.8855171978268,3.957824707,0.0,0.005368774,-0.267370462,2.092370462,4908.212903,0.0,0.0,0.0,0.0
353,4,0,0,87.1764,82.0,10.8,0.005707315,73.7260025391464,3.913879395,0.0,0.010737549,-0.260452032,2.085452032,4922.755913,0.0,0.0,0.0,0.0
354,4,0,0,87.382,80.0,10.8,0.005736251,73.6379500759904,4.133605957,0.0,0.010737549,-0.229067564,2.054067564,4939.373343,515.849182,779.214294,0.003709,0.003347
355,4,0,0,90.81,80.0,10.9,0.005759236,73.5118977641006,4.089660645,0.0,-0.003259613,-0.179938555,2.004938555,4953.907406,523.906372,774.396912,0.003847,0.003431
356,4,0,0,96.3373,82.0,10.9,0.005783393,73.3165860890916,0.0,0.0,-0.004793549,-0.122354746,1.947354746,4970.513359,0.0,0.0,0.0,0.0
357,4,0,0,101.7915,84.0,10.8,0.005802702,72.957728873691,2.4609375,0.0,-0.001725677,-0.08641839,1.91141839,4985.040374,514.211121,785.441589,0.003975,0.003541
358,4,0,0,105.9861,85.0,10.8,0.005814272,72.6147561820518,1.669921875,0.0,-0.003259613,-0.05122447,1.87622447,5001.638789,0.0,0.0,0.0,0.0
359,4,0,0,108.6602,83.0,10.6,0.005802214,72.3051003689606,1.845703125,0.0,-0.010162323,-0.028279066,1.853279066,5016.159115,0.0,0.0,0.0,0.0
360,4,0,0,110.5412,79.0,10.6,0.00575673,71.9653072986396,2.416992188,0.0,-0.015531097,-0.02581048,1.85081048,5032.750018,0.0,0.0,0.0,0.0
361,4,0,0,112.4202,76.0,10.4,0.005698293,71.8213400391774,6.026000977,0.0,-0.010162323,-0.056858778,1.881858778,5047.943682,520.824585,791.176819,0.003998,0.003623
362,4,0,0,113.5228,76.0,10.4,0.005626941,71.8422659653294,5.627746582,0.0,-0.017832001,-0.129877329,1.954877329,5063.728748,528.984802,792.476501,0.004008,0.003546
363,4,0,0,114.1526,76.0,10.0,0.005567925,71.8229733583434,4.397277832,0.0,0.008436646,-0.217126131,2.042126131,5078.790226,0.0,0.0,0.0,0.0
364,4,0,0,115.4335,79.0,10.0,0.005508438,71.6547659623068,3.47442627,0.0,0.023009033,-0.311503172,2.136503172,5095.188132,522.358826,784.562683,0.004156,0.003681
365,4,0,0,116.5963,82.0,9.6,0.00546557,71.4878120168226,3.386535645,0.0,0.019941162,-0.344331026,2.169331026,5109.510903,518.4245,784.503906,0.003967,0.003626
366,4,0,0,118.008,84.0,9.6,0.005430918,71.3234205107666,3.518371582,0.0,0.008436646,-0.337152719,2.162152719,5123.811757,565.477722,971.793396,0.003905,0.003503
367,4,0,0,119.2236,86.0,9.2,0.005399819,71.2465269214894,5.58380127,0.0,0.008436646,-0.303589582,2.128589582,5140.115593,525.763428,800.206726,0.003913,0.003514
368,4,0,0,120.2299,84.0,9.2,0.005379101,71.1381750804302,3.694152832,0.0,0.001533936,-0.253948927,2.078948927,5154.307936,502.1698,793.942078,0.00422,0.003765
369,4,0,0,121.6515,80.0,8.9,0.00536058,70.9756694472664,3.518371582,0.0,-0.030103485,-0.192937136,2.017937136,5170.451998,537.074402,794.151672,0.004284,0.003892
370,4,0,0,122.6181,76.0,8.9,0.005346056,70.8301034372614,3.65020752,0.0,-0.07995639,-0.190353155,2.015353155,5184.507132,545.6073,797.377197,0.004517,0.004036
371,4,0,0,123.6002,73.0,8.6,0.005331582,70.6578292712316,3.606262207,0.0,-0.068451874,-0.385251284,2.210251284,5200.496565,534.522888,789.884888,0.004585,0.004086
372,4,0,0,124.6821,72.0,8.6,0.005324176,70.5129056614744,3.65020752,0.0,-0.019365936,-0.755530596,2.580530596,5215.127639,0.0,0.0,0.0,0.0
373,4,0,0,125.1032,71.0,8.1,0.005325722,70.348930636517,3.65020752,0.0,0.003067871,-1.235155344,3.060155344,5230.425872,518.404297,793.763306,0.004545,0.004019
374,4,0,0,125.9541,69.0,8.1,0.005338226,70.2117890868902,3.606262207,0.0,0.016106323,-1.667519093,3.492519093,5245.04497,521.0672,794.434509,0.004692,0.00415
375,4,0,0,126.3839,68.0,7.6,0.005366251,70.0602167786042,3.47442627,0.0,0.02761084,1.518343925,3.956656075,5260.95166,530.479675,803.904175,0.004743,0.004189
376,4,0,0,126.9906,68.0,7.6,0.00539908,69.9184757835376,3.65020752,0.0,0.046785034,1.190592527,4.284407473,5274.832456,494.311493,790.855225,0.004884,0.004407
377,4,0,0,127.6031,68.0,7.4,0.0054353,69.7546026780824,3.562316895,0.0,0.037581421,0.928796291,4.546203709,5290.664787,542.009827,798.186523,0.004734,0.004276
378,4,0,0,123.2711,71.0,7.4,0.005455682,69.6188634590514,3.606262207,0.0,0.00690271,0.807460785,4.667539215,5304.50251,518.49762,797.70459,0.004756,0.004266
379,4,0,0,124.0972,74.0,7.3,0.005460666,69.4542302623142,3.47442627,0.0,-0.043141937,0.706668377,4.768331623,5320.280456,545.293884,790.076904,0.004447,0.0039
380,4,0,0,124.0972,75.0,7.3,0.005453228,69.3108971793724,3.518371582,0.0,-0.043141937,0.562054634,4.912945366,5334.708164,553.247986,809.002686,0.00479,0.00425
381,4,0,0,124.7661,77.0,7.2,0.005442656,69.1482878081522,3.518371582,0.0,-0.005560516,0.267837048,5.207162952,5349.750975,546.645996,793.523682,0.004719,0.004409
382,4,0,0,116.1575,78.0,7.2,0.005440811,69.0082499615142,3.562316895,0.0,0.0690271,-0.018540621,5.493540621,5364.101694,530.841492,797.901184,0.004614,0.004067
383,4,0,0,112.1479,78.0,7.3,0.005452812,68.8429666075104,3.562316895,0.0,0.036047485,-0.219222665,5.694222665,5379.720038,547.363586,795.585693,0.004572,0.003998
384,4,0,0,110.8721,77.0,7.3,0.005475444,68.7050098628,3.518371582,0.0,0.0,-0.251370072,5.726370072,5393.356155,0.0,0.0,0.0,0.0
385,4,0,0,108.5329,77.0,7.5,0.005507683,68.5438919635182,3.166809082,0.0,-0.003259613,-0.263097644,5.738097644,5408.9072,527.695496,811.806091,0.004403,0.003894
386,4,0,0,108.5329,77.0,7.5,0.00552881,68.4074349627538,3.518371582,0.0,-0.010929291,-0.277045608,5.752045608,5422.485495,0.0,0.0,0.0,0.0
387,4,0,0,105.9255,76.0,8.0,0.00553763,68.2485015494012,3.518371582,0.0,0.0,-0.31123805,5.78623805,5437.969717,507.604889,794.668396,0.00443,0.003913
388,4,0,0,107.2754,76.0,8.0,0.005539944,68.1180701429044,3.47442627,0.0,0.003834839,-0.341871858,5.816871858,5451.487617,0.0,0.0,0.0,0.0
389,4,0,0,110.3436,75.0,8.7,0.005547662,67.9607040818712,3.518371582,0.0,-0.008628387,-0.339737058,5.814737058,5466.898867,498.081787,806.519714,0.004317,0.003723
390,4,0,0,110.6733,75.0,8.7,0.005561849,67.8294899728654,3.47442627,0.0,0.0,-0.344824791,5.819824791,5480.349475,502.480591,801.37262,0.004481,0.003953
391,4,0,0,111.6071,77.0,9.6,0.005584654,67.6806052301926,3.518371582,0.0,-0.003259613,-0.347730041,5.822730041,5496.32376,442.619507,789.640198,0.004295,0.003775
392,4,0,0,108.9799,77.0,9.6,0.005605331,67.5497202955904,3.518371582,0.0,0.012271484,-0.359524608,5.834524608,5509.07527,519.486816,956.035706,0.004116,0.00363
393,4,0,0,98.91,78.0,10.4,0.005618252,67.404382473904,3.518371582,0.0,0.016106323,-0.343792677,5.818792677,5524.977937,516.328918,786.666321,0.003853,0.003395
394,4,0,0,90.7655,81.0,10.4,0.005609271,67.310561170584,5.58380127,0.0,-0.007094452,-0.296737671,5.771737671,5537.670511,528.080017,785.917297,0.004171,0.003701
395,4,0,0,88.552,82.0,11.5,0.005572615,67.3772722081868,5.58380127,0.0,-0.010162323,-0.248991966,5.723991966,5553.499561,0.0,0.0,0.0,0.0
396,4,0,0,90.2788,83.0,11.5,0.005526167,67.4340391661164,5.58380127,0.0,-0.005560516,-0.218714476,5.693714476,5566.765166,565.861206,972.474121,0.003855,0.003416
397,4,0,0,94.0858,84.0,12.4,0.005475072,67.5392448601294,5.850219727,0.0,-0.030870453,-0.201481938,5.676481938,5581.891756,513.65271,798.524414,0.0,0.003469
398,4,0,0,97.4526,85.0,12.4,0.005444752,67.6208030731164,6.069946289,0.0,0.010737549,-0.228752613,5.703752613,5595.097432,529.113525,780.700928,0.003903,0.003512
399,4,0,0,99.4946,86.0,13.3,0.005430337,67.7498472124398,6.245727539,0.0,0.014572388,-0.269330621,5.744330621,5610.155814,510.117889,789.481079,0.003906,0.003371
400,4,0,0,101.0693,87.0,13.3,0.005430988,67.8552079180816,5.982055664,0.0,0.017640259,-0.270614028,5.745614028,5623.302804,520.443481,781.49353,0.003933,0.003489
401,4,0,0,101.1798,86.0,14.0,0.005440939,67.9458008692682,5.806274414,0.0,-0.000959,-0.230442524,5.705442524,5638.295273,522.972473,781.044189,0.004037,0.003482
402,4,0,0,102.5241,83.0,14.0,0.005455033,68.0078802424444,5.58380127,0.0,-0.005560516,-0.1736058,5.6486058,5651.387583,531.457092,778.026917,0.003584,0.003252
403,4,0,0,99.9241,81.0,14.4,0.005475244,68.0649614401024,5.58380127,0.0,-0.016298065,-0.125981569,5.600981569,5666.355008,536.162598,782.118591,0.003649,0.003283
404,4,0,0,100.3029,82.0,14.4,0.005495078,68.163227563475,6.904907227,0.0,-0.015531097,-0.120452166,5.595452166,5680.089269,551.237427,777.519592,0.003428,0.003105
405,4,0,0,100.9591,81.0,15.1,0.005518188,68.3363886528722,6.553344727,0.0,-0.004793549,-0.151494503,5.626494503,5694.468836,518.182129,770.560486,0.003427,0.003142
406,4,0,0,101.9597,79.0,15.1,0.005537982,68.4600729496992,6.553344727,0.0,0.032979614,-0.189693451,5.664693451,5708.243027,535.409729,784.615295,0.00383,0.003415
407,4,0,0,102.2411,79.0,15.4,0.005562508,68.6028541416748,6.509399414,0.0,0.021475098,-0.171565533,5.646565533,5723.297646,557.662903,784.333679,0.003574,0.00326
408,4,0,0,102.4674,80.0,15.4,0.005588899,68.720180064909,6.509399414,0.0,-0.025501678,-0.091210246,5.566210246,5736.493549,495.067902,773.922485,0.0,0.003386
409,4,0,0,102.1847,80.0,15.6,0.005626798,68.8449445185572,6.069946289,0.0,-0.02856955,-0.030530691,5.505530691,5751.594473,532.939819,793.757507,0.003932,0.003451
410,4,0,0,101.1245,82.0,15.6,0.005663966,68.8895323776084,5.58380127,0.0,-0.010929291,-0.041287541,5.516287541,5764.820569,530.715271,768.980896,0.004063,0.003589
411,4,0,0,100.0861,83.0,15.6,0.005695301,68.9367507511698,5.627746582,0.0,0.016106323,-0.116866231,5.591866231,5779.950369,539.840576,773.781311,0.003816,0.003367
412,4,0,0,95.7396,85.0,15.6,0.005694945,68.9810125740304,5.806274414,0.0,-0.02166684,-0.161578059,5.636578059,5793.217274,0.0,0.0,0.0,0.0
413,4,0,0,96.2872,86.0,15.5,0.005660639,69.0683371327044,6.377563477,0.0,0.010737549,-0.226393104,5.701393104,5808.414478,542.117676,793.454529,0.004248,0.003913
414,4,0,0,96.5885,86.0,15.5,0.005618469,69.1698615580278,6.201782227,0.0,0.030678711,-0.269970417,5.744970417,5821.739783,514.830872,788.302612,0.004444,0.004024
415,4,0,0,94.2294,85.0,15.5,0.005578312,69.2730647663722,6.553344727,0.0,0.023776001,-0.263697743,5.738697743,5837.635557,0.0,0.0,0.0,0.0
416,4,0,0,92.0742,82.0,15.5,0.005556998,69.3926771272246,6.685180664,0.0,-0.019365936,-0.23615253,5.71115253,5850.376792,534.091675,780.970825,0.003847,0.003486
417,4,0,0,91.5282,81.0,15.4,0.00554283,69.563520412967,7.739868164,0.0,0.013038452,-0.222238421,5.697238421,5866.320662,0.0,0.0,0.0,0.0
418,4,0,0,91.8459,83.0,15.4,0.005527908,69.7463341305634,7.344360352,0.0,0.003067871,-0.218917608,5.693917608,5879.084357,523.613892,797.166626,0.003781,0.003338
419,4,0,0,90.81,85.0,15.4,0.005499098,69.9400179903492,7.344360352,0.0,0.001533936,-0.199863195,5.674863195,5895.050929,563.341492,967.016113,0.003512,0.00314
420,4,0,0,90.1908,83.0,15.4,0.005468741,70.111994589413,6.553344727,0.0,-0.012463226,-0.174967885,5.649967885,5908.478858,525.6203,774.764282,0.004139,0.003723
421,4,0,0,91.7549,81.0,15.4,0.005442055,70.2137677382334,9.324645996,0.0,-0.010162323,-0.156241536,5.631241536,5923.849907,535.746704,781.49939,0.004199,0.00377
422,4,0,0,95.1982,78.0,15.4,0.005433402,70.5171797949266,9.060974121,0.0,0.003834839,-0.162045121,5.637045121,5937.32072,560.969604,562.358582,0.004419,0.003986
423,4,0,0,99.1218,78.0,15.3,0.005438773,70.842706001774,9.017028809,0.0,-0.000959,-0.178323627,5.653323627,5952.745976,532.111816,778.984802,0.004166,0.003659
424,4,0,0,102.3541,77.0,15.3,0.005448894,71.1230678839822,8.753356934,0.0,-0.015531097,-0.194867253,5.669867253,5966.277786,511.693604,773.776978,0.003772,0.003307
425,4,0,0,99.4946,77.0,15.0,0.005455412,71.4160962536878,8.753356934,0.0,-0.010162323,-0.245350003,5.720350003,5980.493419,0.0,0.0,0.0,0.0
426,4,0,0,95.8387,79.0,15.0,0.00545463,71.6784927355146,8.841247559,0.0,0.029144775,-0.313429832,5.788429832,5993.450635,512.894226,791.40448,0.004061,0.003635
427,4,0,0,95.7891,81.0,15.0,0.00544881,72.005796538859,9.676208496,0.0,0.050619873,-0.329774976,5.804774976,6009.681238,545.614502,954.291199,0.003824,0.003457
428,4,0,0,97.6067,82.0,15.0,0.005443601,72.4087811167632,11.21429443,0.0,-0.015531097,-0.244729638,5.719729638,6023.353243,558.143372,963.276184,0.003763,0.003241
429,4,0,0,99.6016,82.0,14.7,0.005436826,72.7452075121778,5.58380127,0.0,-0.030103485,-0.129022837,5.604022837,6039.054375,530.405029,783.16333,0.003883,0.003491
430,4,0,0,102.5241,80.0,14.7,0.005426269,72.7702597699964,6.729125977,0.0,-0.030870453,-0.077509403,5.552509403,6052.856137,536.8479,776.031616,0.003716,0.00337
431,4,0,0,104.7867,79.0,14.4,0.005406822,72.842369290349,6.465454102,0.0,0.0,-0.099146962,5.574146962,6068.697101,0.0,0.0,0.0,0.0
432,4,0,0,107.1513,79.0,14.4,0.005389976,72.904491021354,6.465454102,0.0,0.005368774,-0.148899913,5.623899913,6082.615473,0.0,0.0,0.0,0.0
433,4,0,0,109.2371,78.0,14.5,0.005384316,72.9765101450788,6.509399414,0.0,0.014572388,-0.203886747,5.678886747,6098.594034,529.381897,771.123413,0.003546,0.003227
434,4,0,0,110.7395,77.0,14.5,0.005396435,73.0366131843614,6.465454102,0.0,0.005368774,-0.225690722,5.700690722,6112.656725,536.583008,779.983093,0.003658,0.00336
435,4,0,0,111.6071,77.0,14.2,0.005425105,73.1044573421648,6.421508789,0.0,0.005368774,-0.229490995,5.704490995,6128.812252,532.737305,775.546387,0.003518,0.003195
436,4,0,0,112.9688,77.0,14.2,0.005456208,73.1630734800346,6.465454102,0.0,0.005368774,-0.220999002,5.695999002,6143.634921,0.0,0.0,0.0,0.0
437,4,0,0,114.5764,76.0,14.0,0.005491575,73.229047182423,6.421508789,0.0,0.003834839,-0.197542667,5.672542667,6159.147077,0.0,0.0,0.003844,0.0
438,4,0,0,115.5775,75.0,14.0,0.005514612,73.2855792249928,6.421508789,0.0,0.003834839,-0.164596319,5.639596319,6173.999433,604.282471,774.441895,0.003495,0.00324
439,4,0,0,116.5963,76.0,13.8,0.005521845,73.3471612799222,6.465454102,0.0,-0.001725677,-0.120251417,5.595251417,6190.218148,0.0,0.0,0.0,0.0
440,4,0,0,117.4095,78.0,13.8,0.005510496,73.401746584361,6.421508789,0.0,0.001533936,-0.076036096,5.551036096,6204.423115,533.031006,781.804993,0.003711,0.003373
441,4,0,0,117.484,78.0,13.6,0.005484201,73.46361741926,6.421508789,0.0,-0.023200775,-0.028499842,5.503499842,6220.672638,529.156677,794.827271,0.003667,0.003299
442,4,0,0,118.1586,78.0,13.6,0.005453438,73.516805703925,6.421508789,0.0,-0.046976776,-0.028114319,5.503114319,6234.904102,0.0,0.0,0.0,0.0
443,4,0,0,118.9174,77.0,13.5,0.005413773,73.5737007653186,6.421508789,0.0,-0.02166684,-0.11581254,5.59081254,6251.183346,543.138184,778.151489,0.004174,0.00378
444,4,0,0,119.5314,78.0,13.5,0.005378839,73.6248162683438,6.421508789,0.0,0.010737549,-0.25865221,5.73365221,6265.44034,0.0,0.0,0.0,0.0
445,4,0,0,120.1519,77.0,13.6,0.005339118,73.6837099690834,6.421508789,0.0,0.065959229,-0.403094292,5.878094292,6281.74824,516.188599,793.190674,0.00409,0.003711
446,4,0,0,120.6214,76.0,13.6,0.005304858,73.7326281919264,6.421508789,0.0,0.032979614,-0.422722936,5.897722936,6296.029941,536.159729,788.969727,0.004129,0.003767
447,4,0,0,121.1739,77.0,13.5,0.005271228,73.7862383972592,6.421508789,0.0,-0.000959,-0.318915248,5.793915248,6313.046666,550.048523,797.393188,0.004198,0.003749
448,4,0,0,122.1329,77.0,13.5,0.005253099,73.833097421292,6.421508789,0.0,0.00690271,-0.163382411,5.638382411,6326.670706,536.131897,788.988708,0.004105,0.003597
449,4,0,0,122.7807,78.0,13.6,0.005249288,73.8829624510438,6.421508789,0.0,0.001533936,0.007593989,5.467406011,6343.714422,0.0,0.0,0.0,0.0
450,4,0,0,123.4355,79.0,13.6,0.005257531,73.9283495727126,6.333618164,0.0,0.00690271,0.175224543,5.299775457,6357.360889,547.071289,783.734192,0.003918,0.003521
451,4,0,0,123.8482,79.0,14.1,0.005270333,73.9745277010848,6.377563477,0.0,0.00690271,0.370554686,5.104445314,6374.431867,0.0,0.0,0.0,0.0
452,4,0,0,124.5982,78.0,14.1,0.00527743,74.0138874099318,6.333618164,0.0,0.001533936,0.542096615,4.932903385,6388.781845,529.043518,786.024414,0.004146,0.003658
453,4,0,0,125.5272,78.0,14.1,0.005280364,74.051103204311,6.201782227,0.0,0.013038452,0.74448514,4.73051486,6405.19356,555.669922,785.105286,0.004036,0.003587
454,4,0,0,125.4422,77.0,14.1,0.00528187,74.0796003670534,6.157836914,0.0,0.029144775,0.941472054,4.533527946,6419.563758,549.211426,793.904419,0.004032,0.003569
455,4,0,0,125.5272,76.0,14.5,0.005283233,74.106913586638,6.201782227,0.0,0.018407227,1.232201576,4.242798424,6435.997677,533.268799,777.477783,0.003848,0.003361
456,4,0,0,126.2116,75.0,14.5,0.005281824,74.1301654597052,6.157836914,0.0,0.00690271,1.531100512,3.943899488,6450.386251,524.358521,785.15979,0.003997,0.003546
457,4,0,0,126.7299,76.0,14.6,0.005278849,74.1514831474934,6.157836914,0.0,0.023776001,-1.742223978,3.567223978,6465.467801,532.983215,786.031128,0.004181,0.003657
458,4,0,0,127.5152,76.0,14.6,0.005278676,74.170288027899,6.069946289,0.0,0.012271484,-1.3117764,3.1367764,6481.241167,524.621521,789.590698,0.004328,0.003845
459,4,0,0,128.1328,77.0,14.9,0.00528195,74.185150443733,6.113891602,0.0,0.008436646,-0.892272711,2.717272711,6496.332998,0.0,0.0,0.0,0.0
460,4,0,0,128.3994,78.0,14.9,0.005287783,74.2005140241364,5.982055664,0.0,-0.046976776,-0.446486712,2.271486712,6512.801838,519.881714,802.548889,0.004142,0.00367
461,4,0,0,126.5566,77.0,15.2,0.005299261,74.2036805132402,5.894165039,0.0,-0.105266327,-0.093861341,1.918861341,6527.215297,0.0,0.0,0.0,0.0
462,4,0,0,120.9365,75.0,15.2,0.005329764,74.1940147045464,5.894165039,0.0,-0.083791229,0.078232527,1.746767473,6543.690668,540.639893,787.56781,0.004405,0.00392
463,4,0,0,117.5585,77.0,15.5,0.005376742,74.19316745141,5.938110352,0.0,0.010737549,-0.00961566,1.83461566,6558.109767,528.780518,789.083618,0.004427,0.003936
464,4,0,0,117.4095,79.0,15.5,0.005455365,74.2183510635594,6.289672852,0.0,0.030678711,-0.16397357,1.98897357,6574.593579,518.090271,779.467529,0.003925,0.003485
465,4,0,0,119.5314,79.0,15.7,0.005546866,74.2497291702094,6.289672852,0.0,0.012271484,-0.236510992,2.061510992,6589.019692,553.909729,994.421814,0.003692,0.003251
466,4,0,0,121.8918,78.0,15.7,0.00567344,74.2846806071152,6.201782227,0.0,0.012271484,-0.282940626,2.107940626,6605.505768,528.21521,771.62323,0.003633,0.003288
467,4,0,0,124.0141,78.0,16.0,0.005790872,74.3098326279204,6.245727539,0.0,-0.001725677,-0.303863764,2.128863764,6619.935599,528.986084,778.078125,0.003803,0.003392
468,4,0,0,125.1032,79.0,16.0,0.005914551,74.33928586737,6.201782227,0.0,0.009203613,-0.312937021,2.137937021,6637.122924,568.203674,968.469177,0.003987,0.003652
469,4,0,0,126.3839,79.0,16.2,0.006004879,74.3741945923922,6.465454102,0.0,-0.003259613,-0.300329924,2.125329924,6650.879278,531.172729,794.684509,0.004248,0.003857
470,4,0,0,127.0777,80.0,16.2,0.006080687,74.4229486303684,6.465454102,0.0,-0.015531097,-0.285772562,2.110772562,6668.081685,524.776978,783.112488,0.004075,0.00362
471,4,0,0,127.9558,84.0,16.0,0.006116305,74.4632210281162,6.421508789,0.0,-0.007094452,-0.299833059,2.124833059,6682.537756,516.735718,775.020874,0.004123,0.00366
472,4,0,0,128.7565,89.0,16.0,0.006118386,74.509732193308,6.465454102,0.0,-0.007094452,-0.339881182,2.164881182,6699.069468,571.773315,784.037109,0.003991,0.0
473,4,0,0,129.0256,91.0,15.9,0.006093739,74.5485791986178,6.465454102,0.0,0.003067871,-0.389279127,2.214279127,6713.544044,498.167908,797.705688,0.004149,0.00371
474,4,0,0,130.2049,87.0,15.9,0.006053934,74.5942987938372,6.421508789,0.0,0.029144775,-0.436199427,2.261199427,6730.096818,512.288208,793.667297,0.004214,0.003743
475,4,0,0,130.8489,81.0,15.6,0.006023838,74.6343603358582,6.465454102,0.0,0.038348389,-0.412224531,2.237224531,6744.589649,503.201691,774.656616,0.004229,0.003787
476,4,0,0,131.406,77.0,15.6,0.006002569,74.6752030997954,6.421508789,0.0,0.010737549,-0.292579889,2.117579889,6761.163336,525.705383,779.962097,0.003904,0.003551
477,4,0,0,132.1563,75.0,15.5,0.005988962,74.7123710002162,6.421508789,0.0,-0.039307098,-0.137095213,1.962095213,6775.673966,526.493103,779.26239,0.004128,0.003519
478,4,0,0,132.5346,76.0,15.5,0.005960867,74.7537726074684,6.421508789,0.0,-0.030103485,-0.034695387,1.859695387,6792.266328,0.0,0.0,0.0,0.0
479,4,0,0,133.2978,80.0,15.2,0.005916686,74.797419581982,7.564086914,0.0,-0.023200775,-0.034585714,1.859585714,6807.48519,577.442322,756.05957,0.00389,0.0
480,4,0,0,133.49,83.0,15.2,0.005852433,74.890593850155,7.212524414,0.0,-0.004793549,-0.102206469,1.927206469,6823.405528,556.683716,774.299927,0.003943,0.003633
481,4,0,0,134.3616,88.0,14.5,0.005797813,75.0630367393904,9.368591309,0.0,-0.019365936,-0.190816164,2.015816164,6838.648651,555.552612,976.251099,0.004053,0.003659
482,4,0,0,134.5569,92.0,14.5,0.005747626,75.3368336248432,5.58380127,0.0,-0.019365936,-0.323472261,2.148472261,6855.304644,0.0,0.0,0.0,0.0
483,4,0,0,134.8509,93.0,14.0,0.005718655,75.2250656699528,7.739868164,0.0,0.067493164,-0.478842974,2.303842974,6869.928618,512.208008,792.914612,0.004043,0.003633
484,4,0,0,135.3436,92.0,14.0,0.005704335,75.3542848250012,6.729125977,0.0,0.054454712,-0.56423974,2.38923974,6886.650894,522.229187,791.025513,0.004061,0.003653
485,4,0,0,135.9398,90.0,13.2,0.005701983,75.4553615158432,7.739868164,0.0,0.012271484,-0.483124971,2.308124971,6901.296435,512.834595,775.379028,0.00362,0.003317
486,4,0,0,136.4405,90.0,13.2,0.005693604,75.5842212891762,7.388305664,0.0,-0.030103485,-0.328553438,2.153553438,6918.058592,526.359924,771.9198,0.003904,0.003559
487,4,0,0,136.3401,86.0,12.8,0.005667687,75.6768053801844,7.344360352,0.0,-0.050811615,-0.23922658,2.06422658,6932.75143,525.221497,772.520386,0.003868,0.003502
488,4,0,0,132.5346,82.0,12.8,0.005614944,75.7823467181478,7.300415039,0.0,-0.005560516,-0.246616602,2.071616602,6949.568982,0.0,0.0,0.0,0.0
489,4,0,0,132.1563,77.0,12.1,0.005561125,75.9566057475732,9.192810059,0.0,0.008436646,-0.299753428,2.124753428,6964.306046,0.0,0.0,0.0,0.0
490,4,0,0,132.4398,77.0,12.1,0.005507348,76.174395830752,8.574829102,0.0,-0.008628387,-0.353466272,2.178466272,6981.900881,535.915283,770.866882,0.003641,0.003336
491,4,0,0,130.9415,75.0,11.8,0.005473087,76.3510777215474,7.959594727,0.0,-0.012463226,-0.399678469,2.224678469,6996.017625,476.402496,693.116577,0.0,0.003122
492,4,0,0,120.7001,76.0,11.8,0.00544961,76.5167643600618,7.959594727,0.0,-0.012463226,-0.472011805,2.297011805,7013.707746,523.421509,792.463806,0.003832,0.003469
493,4,0,0,109.3661,76.0,11.5,0.005438799,76.6488034811252,8.223266602,0.0,0.059823486,-0.568728685,2.393728685,7027.889921,530.222473,786.523682,0.004286,0.003876
494,4,0,0,102.2976,79.0,11.5,0.00542853,76.8098021604998,8.311157227,0.0,0.088968262,-0.588388205,2.413388205,7045.656005,0.0,0.0,0.0,0.0
495,4,0,0,91.2575,80.0,11.6,0.005415775,76.9323549142794,7.959594727,0.0,0.058289551,-0.374459982,2.199459982,7060.607296,524.650879,788.69281,0.004386,0.004034
496,4,0,0,79.8811,78.0,11.6,0.005393964,77.0537868110292,7.256469727,0.0,-0.068451874,0.06564641,1.75935359,7077.719216,526.259094,794.480103,0.004517,0.004153
497,4,0,0,77.997,77.0,11.3,0.005368283,77.1150525501816,7.124633789,0.0,-0.112169037,0.387038946,1.437961054,7092.711604,546.321289,799.51593,0.004555,0.004061
498,4,0,0,76.7684,76.0,11.3,0.005336846,77.161194677618,6.904907227,0.0,-0.106800262,0.473647833,1.351352167,7109.857691,534.847412,789.409729,0.004657,0.004185
499,4,0,0,77.4102,74.0,11.4,0.005315303,77.211028614921,7.300415039,0.0,0.052920776,0.255753279,1.569246721,7124.871309,455.193695,742.92688,0.004482,0.003983
500,4,0,0,79.7779,73.0,11.4,0.005305072,77.286467634426,7.212524414,0.0,0.046785034,0.013170004,1.811829996,7142.049345,0.0,0.0,0.0,0.0
501,4,0,0,85.0152,74.0,11.7,0.005312105,77.3477223978796,7.256469727,0.0,0.019941162,-0.033186674,1.858186674,7157.090447,525.603516,782.588684,0.004388,0.00378
502,4,0,0,91.4829,73.0,11.7,0.005336276,77.2134840010524,0.0,33.2611084,-0.023200775,-0.029852629,1.854852629,7174.184156,550.980591,955.690674,0.004164,0.003691
503,4,0,0,96.6389,73.0,12.1,0.005365551,76.7178860582454,0.0,7.186889648,0.02761084,-0.06327939,1.88827939,7189.729296,519.878296,777.037292,0.004272,0.003746
504,4,0,0,100.4662,74.0,12.1,0.005403734,76.1706452960688,0.0,8.651733398,-0.008628387,-0.083527327,1.908527327,7205.855215,536.887329,773.46167,0.003967,0.003462
505,4,0,0,104.2557,76.0,12.6,0.005441641,75.703366796588,0.0,8.358764648,-0.005560516,-0.083348989,1.908348989,7221.160686,517.214478,773.851929,0.003804,0.00346
506,4,0,0,106.5962,76.0,12.6,0.005487779,75.1448519156952,0.0,8.505249023,-0.008628387,-0.104124308,1.929124308,7237.72566,534.107605,774.32489,0.00372,0.003356
507,4,0,0,108.5965,77.0,12.9,0.005519242,74.6842354883586,0.0,8.505249023,-0.008628387,-0.137509108,1.962509108,7252.108047,532.038513,768.728882,0.003675,0.003273
508,4,0,0,110.8721,77.0,12.9,0.005526289,74.1169305694132,0.0,8.358764648,-0.004793549,-0.194360495,2.019360495,7268.418232,0.0,0.0,0.0,0.0
509,4,0,0,112.6938,76.0,13.4,0.00550426,73.6443800652132,0.0,0.0,0.0,-0.255373716,2.080373716,7282.579732,537.751099,774.821289,0.003948,0.003495
510,4,0,0,114.2231,76.0,13.4,0.005463167,73.1027696916804,0.0,5.868530273,0.018407227,-0.333059072,2.158059072,7298.639573,528.509277,775.756714,0.003784,0.003388
511,4,0,0,115.5775,75.0,13.8,0.00542991,72.6198435632862,0.0,37.21618652,0.014572388,-0.361123323,2.186123323,7313.244705,508.787689,773.586304,0.003866,0.003436
512,4,0,0,116.7433,75.0,13.8,0.005406931,72.0873891434418,0.0,26.37634277,0.049085938,-0.341904402,2.166904402,7328.396268,494.84021,779.774109,0.00406,0.00364
513,4,0,0,117.8578,74.0,14.3,0.00540298,71.6107407767998,0.0,26.52282715,-0.003259613,-0.254618406,2.079618406,7342.777908,492.548492,781.990112,0.004131,0.003696
514,4,0,0,118.9174,75.0,14.3,0.005417322,71.103407172658,0.0,75.00915527,-0.033938324,-0.136950254,1.961950254,7358.343762,546.214722,785.790283,0.004253,0.003825
515,4,0,0,119.7633,75.0,14.6,0.005448169,70.6513550412522,0.0,13.48571777,-0.007094452,-0.078857183,1.903857183,7371.859232,576.948486,781.838501,0.003889,0.003408
516,4,0,0,120.7001,76.0,14.6,0.005504778,70.1514488952652,0.0,16.2689209,0.003067871,-0.088203669,1.913203669,7387.18662,405.765411,798.982727,0.003753,0.003299
517,4,0,0,121.3327,77.0,15.3,0.00556553,69.722698301159,0.0,16.2689209,0.019941162,-0.098379374,1.923379374,7400.494114,524.157898,800.205078,0.003716,0.003285
518,4,0,0,122.2942,77.0,15.3,0.00563106,69.2470234725632,0.0,8.505249023,-0.048510712,-0.077386618,1.902386618,7415.596581,513.581299,778.847473,0.003285,0.0
519,4,0,0,123.1072,78.0,15.5,0.005672407,68.8060489916464,0.0,5.722045898,-0.048510712,-0.102902651,1.927902651,7428.78808,523.588928,777.075073,0.003755,0.003318
520,4,0,0,123.0254,80.0,15.5,0.005693125,68.3030037153356,0.0,4.257202148,0.082065552,-0.254891634,2.079891634,7443.862796,0.0,0.0,0.0,0.0
521,4,0,0,121.5717,79.0,15.8,0.005689396,67.8588374947704,5.58380127,0.0,0.037581421,-0.35372901,2.17872901,7457.057759,0.0,0.0,0.0,0.0
522,4,0,0,121.7315,78.0,15.8,0.005672238,67.823649420511,5.23223877,0.0,0.009203613,-0.346479654,2.171479654,7472.786644,544.326294,956.868713,0.003736,0.00338
523,4,0,0,122.6994,79.0,16.3,0.005653325,67.8487671301874,4.309387207,0.0,0.003067871,-0.284053564,2.109053564,7485.396521,561.632324,970.195129,0.003733,0.003364
524,4,0,0,123.9311,79.0,16.3,0.005625742,67.8591574315624,5.58380127,0.0,-0.037773163,-0.187456846,2.012456846,7501.191312,0.0,0.0,0.0,0.0
525,4,0,0,125.2725,80.0,16.8,0.005596799,67.9166262870396,6.465454102,0.0,-0.037773163,-0.135595083,1.960595083,7514.48757,565.833374,950.269714,0.003738,0.003298
526,4,0,0,125.8685,82.0,16.8,0.005565544,68.0599932948686,6.597290039,0.0,-0.041608002,-0.167003393,1.992003393,7529.715238,0.0,0.0,0.0,0.0
527,4,0,0,126.8166,81.0,17.5,0.005544302,68.1826957977352,6.553344727,0.0,-0.040074066,-0.285875082,2.110875082,7543.061037,550.341675,756.140015,0.003846,0.003426
528,4,0,0,127.5152,79.0,17.5,0.005526853,68.3229971898916,6.509399414,0.0,0.030678711,-0.509907961,2.334907961,7558.326324,517.741516,786.649597,0.00384,0.003482
529,4,0,0,128.0443,79.0,17.8,0.00551617,68.4442093634512,6.553344727,0.0,0.090502197,-0.678535223,2.503535223,7571.705403,0.0,0.0,0.0,0.0
530,4,0,0,128.8461,78.0,17.8,0.005509357,68.58373563309,6.597290039,0.0,0.100472778,-0.701574087,2.526574087,7587.027684,0.0,0.0,0.0,0.004266
531,4,0,0,129.0256,77.0,18.1,0.005509106,68.6713161251042,5.58380127,0.0,-0.013997162,-0.49306941,2.31806941,7600.474786,527.000671,791.700073,0.004355,0.004014
532,4,0,0,128.7565,79.0,18.1,0.005515146,68.7194273926844,5.806274414,0.0,-0.092227875,-0.17074275,1.99574275,7615.868368,527.018005,793.346497,0.00411,0.003703
533,4,0,0,128.2216,80.0,18.7,0.005526707,68.8219487236708,6.597290039,0.0,-0.039307098,-0.065576792,1.890576792,7629.922195,0.0,0.0,0.0,0.0
534,4,0,0,128.5777,80.0,18.7,0.005552785,68.9571947765522,7.256469727,0.0,-0.010929291,-0.126818895,1.951818895,7644.616782,539.672607,973.358215,0.00389,0.003497
535,4,0,0,129.4767,82.0,18.9,0.005591854,69.1558172019026,7.300415039,0.0,0.06212439,-0.213240862,2.038240862,7658.665341,520.497803,782.382385,0.004337,0.003877
536,4,0,0,130.3883,83.0,18.9,0.005651451,69.341984542658,4.836730957,0.0,-0.023200775,-0.231941462,2.056941462,7673.976339,561.366516,964.2948,0.004213,0.003714
537,4,0,0,131.2198,82.0,19.1,0.005705079,68.9719630299028,5.012512207,0.0,-0.007094452,-0.222966433,2.047966433,7687.357926,0.0,0.0,0.0,0.0
538,4,0,0,130.2049,80.0,19.1,0.005752862,68.9997685144066,5.58380127,0.0,0.0,-0.238832235,2.063832235,7702.632755,561.147705,780.531982,0.003925,0.003439
539,4,0,0,120.074,80.0,19.6,0.005776339,68.9935006500954,4.265441895,0.0,0.003067871,-0.259489775,2.084489775,7715.983868,0.0,0.0,0.0,0.0
540,4,0,0,119.0703,78.0,19.6,0.005787591,68.91505367757,5.188293457,0.0,0.023009033,-0.276709318,2.101709318,7731.224636,517.10791,773.288513,0.003752,0.003339
541,4,0,0,117.3351,76.0,19.7,0.005794649,68.8593768382762,4.17755127,0.0,-0.010929291,-0.272829771,2.097829771,7744.547675,521.987305,775.178101,0.003451,0.003145
542,4,0,0,118.1586,78.0,19.7,0.005807206,68.7721352571726,4.309387207,0.0,0.003067871,-0.28081727,2.10581727,7759.758042,520.228271,770.997375,0.003462,0.003142
543,4,0,0,116.1575,81.0,19.6,0.005819698,68.7078298127216,4.265441895,0.0,0.023009033,-0.28807044,2.11307044,7773.048653,556.506409,625.365479,0.003965,0.003628
544,4,0,0,110.6072,83.0,19.6,0.005826883,68.628060236304,4.17755127,0.0,-0.010929291,-0.240051031,2.065051031,7788.853126,0.0,0.0,0.0,0.0
545,4,0,0,107.8376,82.0,19.4,0.005825377,68.559308426834,4.441223145,0.0,-0.010929291,-0.196048498,2.021048498,7801.490326,501.38501,791.259094,0.003876,0.003431
546,4,0,0,109.3016,81.0,19.4,0.00581942,68.5056183338636,4.221496582,0.0,-0.004793549,-0.170177698,1.995177698,7817.320966,545.874329,778.623474,0.004093,0.00367
547,4,0,0,112.4885,82.0,19.0,0.005811831,68.4234203760398,4.045715332,0.0,-0.010929291,-0.164819479,1.989819479,7830.021853,0.0,0.0,0.0,0.0
548,4,0,0,115.5055,81.0,19.0,0.005805102,68.3400865299506,4.089660645,0.0,-0.005560516,-0.18563056,2.01063056,7844.023108,524.564087,777.494507,0.003711,0.003375
549,4,0,0,116.4497,80.0,18.9,0.005803111,68.269970901391,4.309387207,0.0,0.019941162,-0.230540991,2.055540991,7859.330604,564.579712,967.050293,0.003611,0.003243
550,4,0,0,116.9645,79.0,18.9,0.005797552,68.2374229011214,5.58380127,0.0,0.009203613,-0.263963461,2.088963461,7872.752087,545.483276,772.81543,0.003672,0.003283
551,4,0,0,118.008,80.0,18.5,0.00576611,68.3887645105184,7.212524414,0.0,0.005368774,-0.279057741,2.104057741,7888.121918,0.0,0.0,0.0,0.0
552,4,0,0,119.6086,80.0,18.5,0.005715391,68.5672681581004,7.036743164,0.0,0.005368774,-0.276851416,2.101851416,7901.594472,0.0,0.0,0.0,0.0
553,4,0,0,121.0947,80.0,18.2,0.005653975,68.7202995101238,6.641235352,0.0,0.005368774,-0.261306524,2.086306524,7917.014122,524.141113,789.454895,0.003887,0.003485
554,4,0,0,122.2942,81.0,18.2,0.005617586,68.8526068276982,6.597290039,0.0,0.005368774,-0.235276937,2.060276937,7931.205888,534.328918,777.770691,0.003359,0.003113
555,4,0,0,123.2711,83.0,17.9,0.005606844,68.9964964043186,6.597290039,0.0,-0.015531097,-0.194435835,2.019435835,7946.17142,0.0,0.0,0.0,0.0
556,4,0,0,124.0141,86.0,17.9,0.005621575,69.1158149318738,6.641235352,0.0,-0.004793549,-0.164714098,1.989714098,7960.626428,549.781677,786.178101,0.003667,0.003379
557,4,0,0,124.9344,88.0,17.3,0.005646686,69.2584322608506,6.509399414,0.0,-0.001725677,-0.144384623,1.969384623,7976.550149,547.033813,874.929382,0.003694,0.003383
558,4,0,0,125.6124,86.0,17.3,0.005651991,69.33032213848,5.806274414,0.0,-0.008628387,-0.131734133,1.956734133,7990.607478,530.835876,776.874329,0.003346,0.003051
559,4,0,0,126.3839,83.0,16.8,0.005621482,69.5084563942518,7.915649414,0.0,-0.010162323,-0.138770342,1.963770342,8006.80367,562.152222,958.486206,0.00388,0.003664
560,4,0,0,126.8166,79.0,16.8,0.005568913,69.887744969529,12.79907227,0.0,-0.010162323,-0.174151182,1.999151182,8021.08713,0.0,0.0,0.0,0.0
561,4,0,0,127.6031,76.0,16.3,0.005502888,70.5714706062388,13.2824707,0.0,-0.010162323,-0.24212718,2.06712718,8037.536162,493.459015,795.091797,0.003879,0.003454
562,4,0,0,128.3994,72.0,16.3,0.005456043,71.1677948382896,13.06274414,0.0,-0.008628387,-0.325790644,2.150790644,8052.033939,559.258606,953.296509,0.003721,0.003273
563,4,0,0,129.0256,69.0,15.9,0.005420547,71.8536803702134,12.97485352,0.0,0.058289551,-0.432042837,2.257042837,8068.710452,529.657898,781.353699,0.00391,0.003536
564,4,0,0,129.4767,71.0,15.9,0.005404896,72.384186651801,12.40356445,0.0,0.037581421,-0.46455121,2.28955121,8083.393758,0.0,0.0,0.004061,0.003808
565,4,0,0,130.1135,73.0,15.2,0.005406228,72.9819614463674,12.31567383,0.0,0.018407227,-0.383518457,2.208518457,8100.991403,527.919678,769.837524,0.00376,0.003396
566,4,0,0,130.4802,75.0,15.2,0.005425811,73.4931683778344,12.27172852,0.0,-0.016298065,-0.248737097,2.073737097,8115.158092,0.0,0.0,0.0,0.0
567,4,0,0,130.7566,77.0,14.9,0.005463194,74.0448880780716,12.27172852,0.0,-0.010929291,-0.112865686,1.937865686,8132.974449,532.781128,785.819214,0.003869,0.003462
568,4,0,0,130.7566,79.0,14.9,0.005497216,74.5448307077964,11.61254883,0.0,-0.036239227,-0.035936117,1.860936117,8147.313119,552.02887,958.491272,0.003745,0.00338
569,4,0,0,130.9415,81.0,14.3,0.005525553,75.020346163452,11.34613037,0.0,-0.034705292,-0.01487422,1.83987422,8165.335221,545.190674,767.521118,0.0,0.003476
570,4,0,0,131.406,84.0,14.3,0.005539225,75.4475702181012,11.8762207,0.0,-0.008628387,-0.080241919,1.905241919,8180.43015,0.0,0.0,0.0,0.0
571,4,0,0,131.8739,84.0,14.1,0.005549923,75.9531661212846,12.05200195,0.0,0.0,-0.188489199,2.013489199,8197.547319,542.068298,782.32959,0.003781,0.003349
572,4,0,0,132.8198,85.0,14.1,0.005560618,76.3724193885016,11.70043945,0.0,-0.000959,-0.268372297,2.093372297,8212.40886,517.93457,782.964294,0.003678,0.003326
573,4,0,0,133.2978,84.0,13.6,0.005572241,76.841430004531,11.96411133,0.0,0.026843872,-0.362849474,2.187849474,8229.262128,552.973083,808.391724,0.004179,0.003713
574,4,0,0,134.0698,83.0,13.6,0.005578212,77.2412486566004,11.8762207,0.0,0.036047485,-0.398586512,2.223586512,8243.894323,0.0,0.0,0.0,0.0
575,4,0,0,134.4592,82.0,13.4,0.005577598,77.7061528967792,11.92016602,0.0,-0.007094452,-0.348555326,2.173555326,8258.420717,544.471191,884.714905,0.004153,0.003732
576,4,0,0,134.9491,81.0,13.4,0.005566638,77.968813229899,0.0,0.0,-0.050811615,-0.303750753,2.128750753,8272.842447,0.0,0.0,0.0,0.0
577,4,0,0,135.4426,82.0,13.3,0.005540207,77.3630122544176,0.0,0.0,-0.001725677,-0.376075983,2.201075983,8289.197428,522.944702,791.488525,0.0,0.003513
578,4,0,0,135.7405,84.0,13.3,0.005514156,76.829123301084,0.0,0.0,0.008436646,-0.488334417,2.313334417,8304.0707,522.625671,791.150696,0.004086,0.003673
579,4,0,0,136.0396,85.0,13.2,0.005496837,76.2064315780996,0.0,0.0,0.030678711,-0.604336023,2.429336023,8319.499648,517.950806,785.871094,0.004327,0.003886
580,4,0,0,136.6419,85.0,13.2,0.005495714,75.6809460027902,0.0,0.0,0.023009033,-0.630399466,2.455399466,8334.144458,546.117615,653.194702,0.004741,0.004271
581,4,0,0,136.6419,84.0,13.1,0.005500209,75.1043266584466,0.0,0.0,0.008436646,-0.562882662,2.387882662,8349.994253,527.785217,788.115479,0.004091,0.003663
582,4,0,0,137.0464,84.0,13.1,0.005502007,74.5877860201648,0.0,0.0,-0.005560516,-0.454670668,2.279670668,8363.756195,537.864929,776.860901,0.003754,0.003387
583,4,0,0,137.6576,85.0,13.2,0.005507805,74.0212926431012,0.0,0.0,0.003067871,-0.335509062,2.160509062,8379.363077,509.224396,780.922119,0.004117,0.003656
584,4,0,0,137.76,85.0,13.2,0.005525923,73.5310418933782,0.0,0.0,-0.061549164,-0.241891146,2.066891146,8392.914198,517.253113,774.244385,0.003692,0.003336
585,4,0,0,137.9653,83.0,13.4,0.005563219,72.9528293507148,0.0,0.0,-0.025501678,-0.26744771,2.09244771,8408.282309,534.94873,779.075684,0.003782,0.003294
586,4,0,0,138.1712,82.0,13.4,0.005600444,72.470031422345,0.0,0.0,0.038348389,-0.406960249,2.231960249,8422.259229,518.575317,782.410278,0.003681,0.003192
587,4,0,0,138.6886,83.0,13.3,0.00563505,71.9012031343424,0.0,0.0,0.052920776,-0.508155584,2.333155584,8436.775948,0.0,0.0,0.0,0.0
588,4,0,0,139.3146,82.0,13.3,0.005661264,71.4089465837104,0.0,0.0,0.008436646,-0.452015162,2.277015162,8450.637357,500.562592,796.52948,0.003967,0.003518
589,4,0,0,139.8406,79.0,13.4,0.005699683,70.8682148615374,0.0,0.0,-0.072286713,-0.321688414,2.146688414,8465.77002,503.086609,791.976074,0.004273,0.003883
590,4,0,0,140.1581,77.0,13.4,0.005742487,70.3808807669766,0.0,0.0,-0.008628387,-0.281101465,2.106101465,8479.005609,519.30072,788.157776,0.003892,0.00349
591,4,0,0,140.2643,77.0,13.6,0.005789034,69.8314429499254,0.0,0.0,0.019941162,-0.353197813,2.178197813,8494.107124,559.270325,957.117004,0.003608,0.003268
592,4,0,0,140.7975,77.0,13.6,0.005811379,69.3551169340854,0.0,0.0,0.023009033,-0.381853819,2.206853819,8507.321514,0.0,0.0,0.0,0.0
593,4,0,0,141.0119,78.0,13.7,0.005803579,68.8143252800908,0.0,0.0,-0.010162323,-0.355339766,2.180339766,8522.436524,0.0,0.0,0.0,0.0
594,4,0,0,137.5554,80.0,13.7,0.005771534,68.344231320747,0.0,0.0,0.0,-0.327529192,2.152529192,8535.673179,0.0,0.0,0.0,0.0
595,4,0,0,130.7566,84.0,13.9,0.005723014,68.0620323769288,2.8125,0.0,-0.010929291,-0.297334433,2.122334433,8550.813806,0.0,0.0,0.0,0.0
596,4,0,0,134.0698,86.0,13.9,0.005683214,68.0703849963694,5.539855957,0.0,0.0,-0.280411482,2.105411482,8564.071092,493.297089,780.818298,0.003734,0.00343
597,4,0,0,136.1396,88.0,14.0,0.005644871,68.1122973115772,4.70489502,0.0,-0.007094452,-0.262567759,2.087567759,8579.864177,526.642883,967.415894,0.0,0.003572
598,4,0,0,136.3401,88.0,14.0,0.005613911,68.033778047499,3.782043457,0.0,-0.033938324,-0.256885767,2.081885767,8592.509935,0.0,0.0,0.0,0.0
599,4,0,0,134.6547,87.0,13.8,0.005578132,67.9249532375072,5.58380127,0.0,-0.016298065,-0.304603338,2.129603338,8608.329835,584.571899,958.242493,0.003626,0.00334
600,4,0,0,134.4592,87.0,13.8,0.005547732,67.9823465827516,5.58380127,0.0,-0.010162323,-0.387565851,2.212565851,8620.994418,566.326477,967.050415,0.003607,0.003214
601,4,0,0,134.2642,86.0,13.9,0.005519794,68.0450285250106,5.539855957,0.0,-0.005560516,-0.522468328,2.347468328,8636.837777,533.760498,779.978821,0.003904,0.003535
602,4,0,0,134.6547,81.0,13.9,0.005509308,68.0955312879242,5.58380127,0.0,0.009203613,-0.646058321,2.471058321,8650.155034,475.222809,834.003479,0.004044,0.003716
603,4,0,0,131.3129,77.0,13.7,0.005521545,68.1536834208852,5.58380127,0.0,0.085133423,-0.742115259,2.567115259,8665.383059,498.797089,809.444824,0.004339,0.003811
604,4,0,0,128.667,75.0,13.7,0.005552635,68.2012834011474,5.58380127,0.0,0.056755615,-0.632694006,2.457694006,8678.70151,509.609711,791.384094,0.004062,0.003629
605,4,0,0,128.8461,78.0,13.5,0.005601192,68.2558730668976,5.539855957,0.0,-0.039307098,-0.34188056,2.16688056,8693.911694,513.753784,796.747314,0.004286,0.003877
606,4,0,0,130.9415,81.0,13.5,0.005634806,68.3023599793356,5.58380127,0.0,-0.078422455,-0.129481077,1.954481077,8705.29077,516.5047,789.099304,0.004433,0.003925
607,4,0,0,129.9309,83.0,13.4,0.005653956,68.352373132741,5.58380127,0.0,-0.053879486,-0.080434084,1.905434084,8720.41208,534.84552,792.739685,0.004439,0.00401
608,4,0,0,123.5178,85.0,13.4,0.005636896,68.398629829092,5.58380127,0.0,0.016106323,-0.201131582,2.026131582,8733.650396,0.0,0.0,0.0,0.0
609,4,0,0,119.1469,87.0,13.3,0.005591911,68.450826599383,5.495910645,0.0,0.067493164,-0.326615095,2.151615095,8748.793218,511.393707,804.243286,0.004366,0.003989
610,4,0,0,119.0703,89.0,13.3,0.005551729,68.4947167129838,5.58380127,0.0,0.046785034,-0.267997026,2.092997026,8762.053717,509.826691,795.832825,0.004412,0.004024
611,4,0,0,122.2942,90.0,12.8,0.005523467,68.5350355080038,5.276184082,0.0,-0.045442841,-0.063824415,1.888824415,8777.224375,524.82782,805.213623,0.004411,0.004071
612,4,0,0,124.9344,92.0,12.8,0.005519469,68.5050215905916,4.17755127,0.0,-0.008628387,0.050737143,1.774262857,8791.143953,505.415497,793.741089,0.00393,0.003648
613,4,0,0,118.3096,93.0,12.5,0.005534335,68.4556540722074,4.70489502,0.0,-0.046976776,0.08110261,1.74389739,8805.707924,458.488007,770.09021,0.003716,0.003388
614,4,0,0,108.1525,93.0,12.5,0.005556061,68.266319308931,0.0,0.0,-0.019365936,0.026984453,1.798015547,8819.649457,530.034424,787.468079,0.003923,0.003556
615,4,0,0,103.325,93.0,12.1,0.005578903,68.0272327973454,5.539855957,0.0,0.016106323,-0.113859415,1.938859415,8832.960765,522.876526,786.365417,0.004068,0.003633
616,4,0,0,104.7274,93.0,12.1,0.005599516,68.0817808455632,5.671691895,0.0,0.019941162,-0.231720686,2.056720686,8846.258805,0.0,0.0,0.0,0.0
617,4,0,0,109.3661,89.0,12.1,0.005621919,68.1472920880092,5.58380127,0.0,0.054454712,-0.302895308,2.127895308,8861.464364,523.986816,791.307373,0.00405,0.003584
618,4,0,0,113.6622,86.0,12.1,0.005641499,68.186046636736,5.58380127,0.0,0.021475098,-0.251280069,2.076280069,8872.876134,663.918396,762.8573,0.004126,0.003708
619,4,0,0,117.2608,84.0,12.1,0.005675031,68.257530622724,5.715637207,0.0,-0.010929291,-0.110576391,1.935576391,8888.102774,510.220001,782.422729,0.004011,0.003643
620,4,0,0,119.8409,84.0,12.1,0.005707583,68.314385547178,5.627746582,0.0,-0.041608002,0.020624876,1.804375124,8901.436056,0.0,0.0,0.0,0.0
621,4,0,0,122.2942,84.0,12.1,0.005735557,68.3666605152996,5.627746582,0.0,-0.030103485,0.084313631,1.740686369,8916.681327,0.0,0.0,0.0,0.0
622,4,0,0,123.7654,85.0,12.1,0.005745735,68.4140832589476,5.627746582,0.0,0.029144775,0.080216646,1.744783354,8930.663326,0.0,0.0,0.0,0.0
623,4,0,0,125.1878,86.0,12.1,0.005748088,68.4690151669422,5.58380127,0.0,0.0,0.11177659,1.71322341,8945.266307,0.0,0.0,0.0,0.0
624,4,0,0,126.5566,86.0,12.1,0.005750906,68.423027423492,3.913879395,0.0,-0.037773163,0.160501242,1.664498758,8959.26858,537.386719,776.389099,0.004075,0.003629
625,4,0,0,127.2524,86.0,12.1,0.005753261,68.4056638358036,5.58380127,0.0,-0.027035614,0.152775049,1.672224951,8974.61652,528.322021,777.30719,0.003945,0.00348
626,4,0,0,128.5777,86.0,12.1,0.005745785,68.4510333030126,5.58380127,0.0,-0.012463226,0.042045832,1.782954168,8988.103805,518.341125,779.868896,0.003829,0.003397
627,4,0,0,128.8461,83.0,12.1,0.005724451,68.5050158452478,5.58380127,0.0,0.010737549,-0.142914534,1.967914534,9003.578731,0.0,0.0,0.0,0.0
628,4,0,0,127.9558,82.0,12.1,0.005702982,68.5510318165216,5.58380127,0.0,0.072861938,-0.280354738,2.105354738,9017.173166,0.0,0.0,0.0,0.0
629,4,0,0,119.9185,84.0,12.1,0.005683926,68.589697996389,5.58380127,0.0,0.003834839,-0.33036828,2.15536828,9032.766991,519.892029,785.373108,0.003797,0.003528
630,4,0,0,116.0847,85.0,12.1,0.005674168,68.617915922548,5.23223877,0.0,-0.016298065,-0.299903631,2.124903631,9047.113091,635.656311,768.750427,0.003842,0.003536
631,4,0,0,115.2897,82.0,12.1,0.005670158,68.6513860263574,4.836730957,0.0,-0.017832001,-0.28725791,2.11225791,9062.163149,0.0,0.0,0.0,0.0
632,4,0,0,114.932,80.0,12.1,0.005668696,68.527459990569,5.58380127,0.0,-0.004793549,-0.304905176,2.129905176,9076.609421,0.0,0.0,0.0,0.0
633,4,0,0,107.4622,81.0,12.1,0.005667621,68.7785993644034,8.618774414,0.0,-0.005560516,-0.354645014,2.179645014,9092.42916,535.32373,782.976318,0.003935,0.003654
634,4,0,0,98.0719,84.0,12.1,0.005672304,69.0646683685866,8.486938477,0.0,-0.007094452,-0.410467863,2.235467863,9106.300103,0.0,0.0,0.0,0.0
635,4,0,0,92.3497,87.0,11.8,0.005691715,69.377413599489,8.047485352,0.0,-0.007094452,-0.491769552,2.316769552,9122.148668,503.319702,791.71521,0.004276,0.003869
636,4,0,0,92.4881,89.0,11.8,0.005722833,69.6174099031634,8.267211914,0.0,0.067493164,-0.574269533,2.399269533,9136.027967,509.710114,801.902405,0.00441,0.003958
637,4,0,0,93.0458,92.0,11.2,0.005762317,69.911602791293,8.267211914,0.0,0.042183228,-0.565122843,2.390122843,9149.917747,0.0,0.0,0.0,0.0
638,4,0,0,90.0593,94.0,11.2,0.005800383,70.1519961674256,8.047485352,0.0,-0.007094452,-0.421314478,2.246314478,9163.817461,525.681091,799.092712,0.004149,0.003713
639,4,0,0,86.6056,95.0,11.0,0.005827996,70.3796814546218,8.003540039,0.0,-0.012463226,-0.27062583,2.09562583,9177.726234,515.431091,791.423218,0.004239,0.003853
640,4,0,0,87.1353,93.0,11.0,0.005844775,70.6335126588204,7.915649414,0.0,-0.061549164,-0.157011747,1.982011747,9193.634084,0.0,0.0,0.0,0.0
641,4,0,0,87.7131,91.0,10.5,0.005850757,70.8544042781406,8.311157227,0.0,-0.015531097,-0.194099665,2.019099665,9207.56398,471.159485,797.492981,0.004065,0.003645
642,4,0,0,87.0125,90.0,10.5,0.005850726,71.1263657435102,8.486938477,0.0,0.014572388,-0.320848703,2.145848703,9223.495069,0.0,0.0,0.0,0.0
643,4,0,0,87.1764,89.0,10.1,0.005847087,71.3413040118354,6.245727539,0.0,0.032979614,-0.437098742,2.262098742,9238.107304,506.695496,784.490173,0.004086,0.003643
644,4,0,0,84.7429,89.0,10.1,0.005846414,71.3075327039516,5.58380127,0.0,0.025309937,-0.484498739,2.309498739,9253.390258,0.0,0.0,0.0,0.0
645,4,0,0,76.864,88.0,10.0,0.00585465,71.3589738891126,6.201782227,0.0,0.013038452,-0.451148748,2.276148748,9268.013174,603.420715,953.282227,0.004251,0.003833
646,4,0,0,71.8535,86.0,10.0,0.005874654,71.4209949559006,6.026000977,0.0,-0.016298065,-0.374010801,2.199010801,9283.968548,0.0,0.0,0.0,0.0
647,4,0,0,71.5482,85.0,9.9,0.005896955,71.4717300431366,6.069946289,0.0,-0.052345551,-0.327271223,2.152271223,9297.89567,516.820679,779.218872,0.003971,0.003553
648,4,0,0,74.3041,85.0,9.9,0.005920568,71.5277716715282,6.069946289,0.0,-0.013997162,-0.402272463,2.227272463,9313.796074,541.365173,776.89209,0.003751,0.003449
649,4,0,0,77.8659,86.0,9.5,0.005934468,71.5776446836064,6.026000977,0.0,0.012271484,-0.552017927,2.377017927,9327.710311,529.889282,777.818115,0.003591,0.00332
650,4,0,0,80.9992,87.0,9.5,0.005934468,71.6346101214382,6.026000977,0.0,0.029144775,-0.694681406,2.519681406,9343.613481,546.443115,777.543396,0.003637,0.003329
651,4,0,0,83.033,88.0,9.1,0.005914722,71.6808829111892,6.026000977,0.0,0.029144775,-0.759595156,2.584595156,9358.192184,510.1875,766.534119,0.003801,0.003411
652,4,0,0,85.0152,89.0,9.1,0.005873438,71.725846293636,5.982055664,0.0,0.009203613,-0.751921892,2.576921892,9373.435355,480.6922,808.564087,0.0,0.003327
653,4,0,0,86.8493,87.0,9.1,0.005838011,71.760711437731,5.715637207,0.0,-0.019365936,-0.709804773,2.534804773,9386.024963,512.180908,777.818481,0.003399,0.003113
654,4,0,0,88.2145,85.0,9.1,0.005797683,71.7793857684758,5.75958252,0.0,0.036047485,-0.677917719,2.502917719,9401.259086,493.480011,793.843079,0.003518,0.003109
655,4,0,0,89.1488,83.0,9.1,0.005776015,71.802473408396,5.806274414,0.0,0.058289551,-0.649041891,2.474041891,9415.83277,505.325806,800.555481,0.00407,0.003685
656,4,0,0,89.3208,82.0,9.1,0.005769692,71.7671570214584,1.098632813,0.0,-0.02856955,-0.473521471,2.298521471,9429.082496,555.692871,973.210388,0.003886,0.003643
657,4,0,0,88.2145,82.0,9.7,0.005774883,71.5528864361124,5.58380127,0.0,-0.039307098,-0.307736158,2.132736158,9443.657631,0.0,0.0,0.003829,0.003473
658,4,0,0,86.9716,82.0,9.7,0.005779915,71.5582494811954,5.539855957,0.0,-0.016298065,-0.238806009,2.063806009,9459.559997,509.305511,742.542603,0.003474,0.003265
659,4,0,0,87.1764,83.0,10.2,0.005769576,71.5651085848358,5.58380127,0.0,-0.033938324,-0.244835615,2.069835615,9473.475707,489.462494,771.895325,0.0,0.003388
660,4,0,0,88.0887,85.0,10.2,0.005737065,71.5711614735098,5.495910645,0.0,-0.010162323,-0.335633993,2.160633993,9489.381004,0.0,0.0,0.0,0.0
661,4,0,0,89.3639,86.0,11.0,0.005705524,71.5774166401284,5.58380127,0.0,0.02761084,-0.479804277,2.304804277,9501.311022,456.732086,834.243713,0.004066,0.003732
662,4,0,0,90.1908,87.0,11.0,0.005667388,71.5822653884276,5.40802002,0.0,0.105074585,-0.591988802,2.416988802,9517.218968,522.469788,789.270508,0.004058,0.003708
663,4,0,0,91.4378,88.0,11.7,0.005642522,71.555284095218,4.968566895,0.0,0.0,-0.467265368,2.292265368,9531.139681,541.039307,793.222717,0.00416,0.003713
664,4,0,0,92.4419,89.0,11.7,0.005622019,71.5477137437646,5.58380127,0.0,-0.043141937,-0.207845449,2.032845449,9547.050445,524.582397,791.83551,0.004256,0.003878
665,4,0,0,93.2801,89.0,12.3,0.005611231,71.5509369138232,5.58380127,0.0,-0.063850067,-0.074679136,1.899679136,9561.636392,561.984497,967.232971,0.003925,0.003452
666,4,0,0,93.7049,88.0,12.3,0.005610252,71.5554977994766,5.58380127,0.0,-0.025501678,-0.163773298,1.988773298,9576.886511,526.675476,801.829529,0.003895,0.003457
667,4,0,0,93.3271,86.0,12.9,0.00561908,71.5613195869266,5.539855957,0.0,0.067493164,-0.323112249,2.148112249,9591.474909,0.0,0.0,0.00448,0.004061
668,4,0,0,93.2801,87.0,12.9,0.005634033,71.5669231478726,5.451965332,0.0,0.019941162,-0.370912313,2.195912313,9607.390811,505.598206,780.603699,0.004078,0.003506
669,4,0,0,93.895,87.0,13.7,0.005644119,71.5724760789822,5.539855957,0.0,-0.015531097,-0.316200018,2.141200018,9621.318471,0.0,0.0,0.0,0.0
670,4,0,0,94.6629,88.0,13.7,0.005650129,71.5797032869608,5.58380127,0.0,0.003834839,-0.280565977,2.105565977,9637.237399,548.35498,780.979675,0.003836,0.003465
671,4,0,0,95.3944,87.0,14.4,0.005658012,71.5856422504562,5.451965332,0.0,0.003834839,-0.269622087,2.094622087,9651.167802,555.965088,782.718872,0.003826,0.00354
672,4,0,0,95.2962,86.0,14.4,0.005677036,71.5924448501692,5.58380127,0.0,-0.034705292,-0.249532938,2.074532938,9667.089915,519.034485,776.457397,0.003677,0.00331
673,4,0,0,91.8459,86.0,14.8,0.005698468,71.5980729535502,5.539855957,0.0,0.005368774,-0.272253752,2.097253752,9681.023117,522.356201,772.543213,0.003195,0.002924
674,4,0,0,86.7679,85.0,14.8,0.005717801,71.6041093143024,5.58380127,0.0,-0.005560516,-0.306946039,2.131946039,9696.887694,0.0,0.0,0.0,0.0
675,4,0,0,84.7429,84.0,15.4,0.005719643,71.6087649900818,5.539855957,0.0,-0.005560516,-0.342670679,2.167670679,9709.400414,514.513611,780.211304,0.003415,0.003059
676,4,0,0,85.8428,85.0,15.4,0.00569657,71.6150325968986,5.58380127,0.0,0.019941162,-0.384889364,2.209889364,9725.180082,525.564575,774.310181,0.003632,0.003337
677,4,0,0,87.838,85.0,15.7,0.005658895,71.621004229996,5.539855957,0.0,0.001533936,-0.377784014,2.202784014,9738.963482,514.453491,773.71637,0.003507,0.003216
678,4,0,0,90.0155,84.0,15.7,0.005618525,71.627375848457,5.58380127,0.0,-0.000959,-0.32753396,2.15253396,9754.689521,515.154297,786.173401,0.003421,0.003121
679,4,0,0,91.5734,84.0,15.6,0.005603225,71.6335921977948,5.58380127,0.0,-0.000959,-0.284123182,2.109123182,9768.4266,517.115906,775.764282,0.003298,0.003039
680,4,0,0,92.7661,82.0,15.6,0.005612776,71.641391429583,5.58380127,0.0,0.003834839,-0.234472036,2.059472036,9784.099623,518.862122,777.03949,0.00332,0.002968
681,4,0,0,93.6575,81.0,15.2,0.005636888,71.648094491617,5.58380127,0.0,-0.004793549,-0.177987337,2.002987337,9797.790588,0.0,0.0,0.0,0.0
682,4,0,0,94.2774,82.0,15.2,0.005673712,71.656309045779,5.539855957,0.0,-0.001725677,-0.1166327,1.9416327,9813.411502,560.9953,778.485291,0.003491,0.003212
683,4,0,0,94.9055,83.0,15.2,0.005706061,71.661948012205,4.089660645,0.0,-0.008628387,-0.073016882,1.898016882,9827.056713,0.0,0.0,0.0,0.0
684,4,0,0,95.3944,84.0,15.2,0.005727457,71.1863100374952,4.045715332,0.0,-0.016298065,-0.042314291,1.867314291,9843.270966,543.241272,782.388489,0.003613,0.003279
685,4,0,0,95.7891,86.0,14.9,0.005723007,71.0783320943982,4.089660645,0.0,-0.025501678,-0.065214396,1.890214396,9856.218476,0.0,0.0,0.0,0.0
686,4,0,0,95.4927,88.0,14.9,0.00569656,70.9509741249664,4.17755127,0.0,-0.005560516,-0.164506674,1.989506674,9872.376215,0.0,0.0,0.0,0.0
687,4,0,0,92.1659,88.0,14.9,0.005669959,70.8393515578516,4.133605957,0.0,0.023776001,-0.2819736,2.1069736,9885.246181,520.420471,779.490601,0.003251,0.00293
688,4,0,0,88.0049,88.0,14.9,0.005652549,70.713644980474,4.133605957,0.0,0.038348389,-0.366308928,2.191308928,9901.238876,0.0,0.0,0.0,0.0
689,4,0,0,86.4439,86.0,14.6,0.005655747,70.6031524758138,4.045715332,0.0,0.00690271,-0.342548132,2.167548132,9914.614214,427.924408,801.114197,0.003278,0.0
690,4,0,0,87.4646,85.0,14.6,0.005677208,70.4755879958732,4.045715332,0.0,0.005368774,-0.272215128,2.097215128,9929.863029,0.0,0.0,0.0,0.0
691,4,0,0,89.2347,82.0,14.7,0.005695908,70.3679652180208,4.089660645,0.0,-0.012463226,-0.205060244,2.030060244,9943.175592,548.60791,767.598877,0.003555,0.0032
692,4,0,0,91.2575,82.0,14.7,0.005692407,70.2416671116328,4.089660645,0.0,-0.008628387,-0.144813299,1.969813299,9958.35559,0.0,0.0,0.0,0.0
693,4,0,0,92.9524,82.0,14.7,0.005659264,70.1284245185004,3.957824707,0.0,0.00690271,-0.121593714,1.946593714,9971.607709,525.298279,775.730896,0.003569,0.003384
694,4,0,0,93.9426,83.0,14.7,0.005599855,69.9894315519508,3.869934082,0.0,-0.030103485,-0.100879431,1.925879431,9986.718652,0.0,0.0,0.0,0.0
695,4,0,0,94.8569,84.0,14.7,0.005550094,69.8780506111436,4.089660645,0.0,-0.030103485,-0.140100241,1.965100241,9999.911061,533.117126,780.074219,0.003869,0.003439
696,4,0,0,95.4927,85.0,14.7,0.005518089,69.7645398697804,3.869934082,0.0,0.016106323,-0.265107393,2.090107393,10013.09401,548.403381,982.739319,0.003798,0.003392
697,4,0,0,95.4435,86.0,14.4,0.005508825,69.3476717731906,2.991027832,0.0,0.016106323,-0.375087023,2.200087023,10026.29148,508.881714,782.895508,0.003656,0.003349
698,4,0,0,95.9877,86.0,14.4,0.005523761,68.9172220700992,2.548828125,0.0,0.016106323,-0.446408033,2.271408033,10041.39099,498.291901,776.270813,0.00352,0.003245
699,4,0,0,96.5381,87.0,14.5,0.00555421,68.753248461361,3.254699707,0.0,0.019941162,-0.462623358,2.287623358,10055.24574,536.954773,768.213318,0.00355,0.003223
700,4,0,0,97.0949,88.0,14.5,0.005600241,68.5800356155894,3.518371582,0.0,0.02761084,-0.431403875,2.256403875,10069.74287,0.0,0.0,0.0,0.0
701,4,0,0,97.2479,89.0,14.8,0.005639516,68.4342046438468,3.562316895,0.0,0.00690271,-0.345695734,2.170695734,10083.62139,583.359985,769.631714,0.0,0.003116
702,4,0,0,97.6067,88.0,14.8,0.005667544,68.272307502137,3.386535645,0.0,-0.005560516,-0.223845243,2.048845243,10098.7742,0.0,0.0,0.0,0.0
703,4,0,0,97.4013,88.0,14.9,0.005669184,68.1229546990186,3.518371582,0.0,-0.013997162,-0.112662077,1.937662077,10112.04366,526.148499,781.463379,0.00367,0.003361
704,4,0,0,96.5381,88.0,14.9,0.00564901,67.9546668520754,3.430480957,0.0,-0.030870453,-0.029887915,1.854887915,10127.22099,569.039001,788.27478,0.003763,0.003335
705,4,0,0,96.2872,89.0,14.9,0.005623023,67.8108619911126,3.518371582,0.0,-0.030103485,-0.035070181,1.860070181,10140.51122,560.687073,944.204102,0.003811,0.003412
706,4,0,0,96.3874,88.0,14.9,0.005593738,67.8271501051592,5.982055664,0.0,0.0,-0.131062269,1.956062269,10155.71166,533.262695,791.061584,0.00397,0.003568
707,4,0,0,96.7904,84.0,14.6,0.00557268,67.9159602455872,5.715637207,0.0,-0.000959,-0.249218702,2.074218702,10169.65566,526.925293,779.912781,0.003882,0.003478
708,4,0,0,97.5039,79.0,14.6,0.005558581,67.9855427802718,5.627746582,0.0,0.037581421,-0.372910738,2.197910738,10184.23345,522.995728,781.003723,0.004025,0.003659
709,4,0,0,98.0719,77.0,14.6,0.005558012,68.0430478137122,5.627746582,0.0,0.001533936,-0.437859774,2.262859774,10198.18856,569.021423,961.31427,0.003879,0.003575
710,4,0,0,98.3845,76.0,14.6,0.005568177,68.107761821309,5.58380127,0.0,0.009203613,-0.452628374,2.277628374,10213.44384,511.667786,782.513123,0.003748,0.003482
711,4,0,0,98.3845,77.0,14.4,0.005578259,68.1617187911316,5.58380127,0.0,0.018407227,-0.438123941,2.263123941,10226.8538,522.58252,783.042419,0.003837,0.003489
712,4,0,0,97.7613,80.0,14.4,0.005577445,68.2216513691214,5.58380127,0.0,-0.004793549,-0.377254248,2.202254248,10242.24885,0.0,0.0,0.0,0.0
713,4,0,0,97.4013,83.0,14.1,0.00555982,68.2741989916258,5.58380127,0.0,-0.036239227,-0.316629171,2.141629171,10255.77598,522.231689,785.065125,0.003853,0.003496
714,4,0,0,97.4526,86.0,14.1,0.005525631,68.3318093241824,5.539855957,0.0,-0.013997162,-0.316532373,2.141532373,10271.2917,0.0,0.0,0.0,0.0
715,4,0,0,97.7097,89.0,13.6,0.005490556,68.3814706597704,5.58380127,0.0,0.009203613,-0.389986277,2.214986277,10284.91158,515.538025,788.289001,0.00398,0.003585
716,4,0,0,97.4013,91.0,13.6,0.00544998,68.4399881933784,5.539855957,0.0,0.026843872,-0.481568575,2.306568575,10300.5257,569.17981,977.408508,0.003867,0.003507
717,4,0,0,95.0029,93.0,13.2,0.005418845,68.4430925619582,5.276184082,0.0,0.005368774,-0.509484529,2.334484529,10314.22995,516.594299,782.87793,0.003693,0.003387
718,4,0,0,90.5879,93.0,13.2,0.005394994,68.4820791614196,5.806274414,0.0,0.00690271,-0.488112211,2.313112211,10330.59474,402.389313,767.431702,0.004045,0.003714
719,4,0,0,87.838,94.0,12.5,0.005389331,68.557535416956,6.377563477,0.0,0.010737549,-0.445437193,2.270437193,10343.72348,0.0,0.0,0.0,0.0
720,4,0,0,85.7236,91.0,12.5,0.005405588,68.862317295577,8.662719727,0.0,0.005368774,-0.373434305,2.198434305,10360.17406,0.0,0.0,0.0,0.0
721,4,0,0,85.9623,88.0,11.5,0.005440232,69.1657115368764,8.574829102,0.0,-0.019365936,-0.294852018,2.119852018,10374.02609,543.517883,788.685303,0.004076,0.003632
722,4,0,0,88.0887,84.0,11.5,0.005491487,69.4886704762756,8.355102539,0.0,-0.019365936,-0.23852849,2.06352849,10389.89727,565.134521,962.482178,0.003691,0.003313
723,4,0,0,87.2585,83.0,10.7,0.005528348,69.7404847751192,7.915649414,0.0,-0.020132904,-0.244793177,2.069793177,10403.83999,530.638184,780.843811,0.003623,0.00334
724,4,0,0,83.2196,85.0,10.7,0.005549405,69.9978041593942,7.651977539,0.0,-0.016298065,-0.315996408,2.140996408,10419.81423,523.804382,781.09613,0.003567,0.003364
725,4,0,0,80.8224,87.0,10.2,0.005554548,70.207395701344,7.651977539,0.0,0.001533936,-0.4322474,2.2572474,10433.82193,564.645508,958.015381,0.003596,0.00328
726,4,0,0,82.6255,87.0,10.2,0.005557083,70.447092490751,7.651977539,0.0,0.018407227,-0.578990698,2.403990698,10449.86605,518.344421,784.562622,0.003859,0.003485
727,4,0,0,84.0506,88.0,9.8,0.005565248,70.649494274064,7.608032227,0.0,0.026843872,-0.677542448,2.502542448,10463.93718,506.48999,793.701416,0.003789,0.003331
728,4,0,0,84.8205,90.0,9.8,0.005587901,70.8729051542202,7.520141602,0.0,0.025309937,-0.713423967,2.538423967,10480.05659,511.197906,789.309204,0.003818,0.003392
729,4,0,0,85.0152,90.0,9.4,0.005617545,71.0377412082644,7.168579102,0.0,0.003834839,-0.691456079,2.516456079,10494.84129,529.646423,781.209106,0.003812,0.003343
730,4,0,0,83.8223,90.0,9.4,0.005650901,71.224105419582,7.080688477,0.0,0.008436646,-0.636829615,2.461829615,10510.2971,0.0,0.0,0.0,0.0
731,4,0,0,83.9743,90.0,9.1,0.005668982,71.3829801724916,7.300415039,0.0,0.00690271,-0.575823545,2.400823545,10525.08009,561.808411,967.759827,0.003433,0.003107
732,4,0,0,83.407,89.0,9.1,0.005675506,71.6622462711872,8.973083496,0.0,0.003834839,-0.492438555,2.317438555,10538.51842,0.0,0.0,0.0,0.0
733,4,0,0,80.2272,87.0,8.8,0.005677713,71.8698674338014,7.168579102,0.0,-0.000959,-0.386026144,2.211026144,10555.31533,580.383484,948.991211,0.003959,0.003564
734,4,0,0,79.2996,83.0,8.8,0.00568226,72.0239946176176,7.256469727,0.0,-0.019365936,-0.294710875,2.119710875,10569.42387,575.328003,960.436707,0.003907,0.003508
735,4,0,0,80.3665,81.0,8.8,0.005692415,72.2047427795108,7.212524414,0.0,-0.019365936,-0.229799986,2.054799986,10585.54707,520.853699,785.445007,0.004046,0.003692
736,4,0,0,82.3683,79.0,8.8,0.005699595,72.365134882546,7.783813477,0.0,-0.007094452,-0.229003191,2.054003191,10599.65413,562.73053,967.775024,0.004204,0.003875
737,4,0,0,84.5881,77.0,8.8,0.005697282,72.568969622195,6.553344727,0.0,0.005368774,-0.265580893,2.090580893,10615.77561,0.0,0.0,0.0,0.0
738,4,0,0,86.6056,74.0,8.8,0.005688958,72.5819465513784,5.58380127,0.0,-0.001725677,-0.287402391,2.112402391,10629.88113,500.940796,789.362122,0.004247,0.003749
739,4,0,0,87.5887,71.0,8.8,0.005680015,72.5772011388006,5.58380127,0.0,0.008436646,-0.315763712,2.140763712,10645.99841,583.07251,969.852417,0.004175,0.003777
740,4,0,0,89.4071,69.0,8.8,0.005669761,72.5731821822988,5.58380127,0.0,0.014572388,-0.334438086,2.159438086,10660.0314,518.908325,779.276489,0.003925,0.003553
741,4,0,0,90.7655,68.0,8.8,0.005650629,72.5683413197656,5.58380127,0.0,0.008436646,-0.323213816,2.148213816,10675.99677,549.682617,775.17688,0.003729,0.003381
742,4,0,0,91.0332,70.0,8.8,0.005634723,72.5641579209026,5.58380127,0.0,0.00690271,-0.287371874,2.112371874,10690.59511,567.238098,942.652405,0.003534,0.003293
743,4,0,0,90.9438,74.0,8.8,0.005627478,72.5594513899792,5.58380127,0.0,-0.008628387,-0.22354722,2.04854722,10705.85285,0.0,0.0,0.0,0.0
744,4,0,0,83.7465,78.0,8.8,0.005630524,72.555400713386,5.58380127,0.0,-0.004793549,-0.179150343,2.004150343,10720.4454,0.0,0.0,0.0,0.0
745,4,0,0,76.0746,82.0,8.6,0.005637237,72.5507148302948,5.58380127,0.0,-0.004793549,-0.148100138,1.973100138,10736.30985,517.077209,770.584106,0.003567,0.003268
746,4,0,0,75.3932,84.0,8.6,0.005642342,72.5466036264242,5.539855957,0.0,-0.005560516,-0.135532141,1.960532141,10750.11278,509.307587,776.095703,0.003401,0.003032
747,4,0,0,77.6373,85.0,8.6,0.005646748,72.5411608546376,5.58380127,0.0,-0.005560516,-0.142238855,1.967238855,10765.823,557.027588,955.833923,0.003294,0.003072
748,4,0,0,81.606,85.0,8.6,0.005643115,72.1626793955572,0.0,0.0,-0.000959,-0.164215326,1.989215326,10779.5146,508.947205,792.986084,0.003567,0.003249
749,4,0,0,84.4723,86.0,8.3,0.005624613,71.8038834799172,3.518371582,0.0,0.008436646,-0.181142569,2.006142569,10795.09987,521.391296,769.72583,0.003419,0.00319
750,4,0,0,84.5494,86.0,8.3,0.005604669,71.6413782812752,5.539855957,0.0,0.012271484,-0.161197424,1.986197424,10809.32962,516.691406,767.346008,0.003878,0.003656
751,4,0,0,82.0762,86.0,8.1,0.005593697,71.6563507437784,5.58380127,0.0,-0.000959,-0.106717825,1.931717825,10824.19071,524.270325,782.568115,0.003461,0.003216
752,4,0,0,79.0964,81.0,8.1,0.005597959,71.5724442623304,3.694152832,0.0,-0.012463226,-0.054572821,1.879572821,10838.41242,523.321777,778.933289,0.003484,0.003188
753,4,0,0,79.2657,77.0,8.2,0.005612182,71.051008108329,2.28515625,0.0,-0.020132904,-0.037588358,1.862588358,10853.93192,534.134216,773.636902,0.003508,0.003123
754,4,0,0,80.7168,75.0,8.2,0.005629411,70.7399316020726,2.504882813,0.0,-0.015531097,-0.089772463,1.914772463,10867.49518,527.124512,767.313599,0.003664,0.003378
755,4,0,0,81.9672,73.0,8.0,0.005655724,70.3821136662572,2.548828125,0.0,0.009203613,-0.212962389,2.037962389,10882.9705,530.705505,771.776489,0.003846,0.003427
756,4,0,0,83.7465,74.0,8.0,0.005685121,70.0712746985848,2.4609375,0.0,0.001533936,-0.317967176,2.142967176,10896.49791,0.0,0.0,0.0,0.0
757,4,0,0,85.5256,74.0,7.8,0.005722634,69.7686886034598,5.58380127,0.0,-0.001725677,-0.4208076,2.2458076,10911.93834,523.667419,770.706421,0.003426,0.003115
758,4,0,0,87.1353,75.0,7.8,0.005751975,69.8066136822572,5.58380127,0.0,0.023776001,-0.501837969,2.326837969,10925.38797,0.0,0.0,0.0,0.0
759,4,0,0,88.3829,77.0,7.6,0.005772784,69.8474253054654,5.58380127,0.0,0.012271484,-0.528829336,2.353829336,10940.64757,509.997894,771.776489,0.003669,0.003391
760,4,0,0,89.5367,81.0,7.6,0.005776218,69.7510459884022,3.913879395,0.0,-0.001725677,-0.495513678,2.320513678,10953.9821,0.0,0.0,0.004553,0.0
761,4,0,0,90.3228,85.0,7.8,0.005768191,69.606553520831,4.397277832,0.0,0.013038452,-0.425744772,2.250744772,10969.88699,521.599609,787.326904,0.003807,0.003593
762,4,0,0,91.078,87.0,7.8,0.005758513,69.5381874379722,4.00177002,0.0,-0.010929291,-0.29924798,2.12424798,10982.61938,538.942871,877.479309,0.004102,0.003677
763,4,0,0,91.7095,88.0,7.9,0.005743057,69.2146409929126,0.0,0.0,-0.013997162,-0.192487478,2.017487478,10998.43616,530.783081,781.8703,0.004108,0.003652
764,4,0,0,92.3497,88.0,7.9,0.005720515,68.5668219203052,2.991027832,0.0,-0.005560516,-0.160741091,1.985741091,11010.99254,560.694092,939.621094,0.004037,0.003639
765,4,0,0,92.7661,87.0,8.3,0.005687282,68.6546126886838,6.245727539,0.0,-0.008628387,-0.151428938,1.976428938,11026.5677,526.285278,775.887695,0.004336,0.00386
766,4,0,0,93.1862,84.0,8.3,0.00565875,68.7799126824038,5.58380127,0.0,-0.004793549,-0.178437948,2.003437948,11039.54833,527.554016,774.707397,0.004442,0.003976
767,4,0,0,93.895,83.0,8.4,0.005634746,68.2255219122884,0.0,38.24157715,0.009203613,-0.242209673,2.067209673,11054.26967,528.24292,782.703125,0.004438,0.004061
768,4,0,0,94.4697,83.0,8.4,0.005624252,67.5782995185794,0.0,65.78063965,-0.003259613,-0.260497332,2.085497332,11067.05214,527.727783,786.616577,0.004475,0.004033
769,4,0,0,94.8569,82.0,8.7,0.005622122,66.8386340603264,0.0,178.8665771,-0.000959,-0.246975183,2.071975183,11081.54878,578.390625,1004.533081,0.004328,0.003966
770,4,0,0,95.1982,83.0,8.7,0.005625213,66.2059485451562,0.0,134.1888428,0.003834839,-0.242602587,2.067602587,11094.13617,523.484314,781.260498,0.004524,0.00416
771,4,0,0,95.4435,85.0,9.0,0.005633294,65.4821130057584,0.0,261.4837646,0.003834839,-0.224187613,2.049187613,11108.41152,531.192688,787.144592,0.004787,0.004454
772,4,0,0,95.7891,86.0,9.0,0.005648959,64.8454207006968,0.0,261.3372803,-0.020132904,-0.189109087,2.014109087,11121.39482,527.103516,785.588928,0.004806,0.004483
773,4,0,0,96.2371,86.0,9.0,0.005684287,64.1375666799822,0.0,260.8978271,0.023009033,-0.208357096,2.033357096,11134.72071,530.499084,787.248413,0.004728,0.004401
774,4,0,0,96.4376,87.0,9.0,0.005732401,63.5293532877474,0.0,260.8978271,0.005368774,-0.203538656,2.028538656,11146.40384,525.52771,788.691284,0.005005,0.004631
775,4,0,0,95.8883,86.0,9.3,0.005802765,58.2525909088922,0.0,260.8978271,-0.004793549,-0.169279814,1.994279814,11157.54282,527.128723,789.997986,0.004965,0.004565
776,4,0,0,94.6145,86.0,9.3,0.005871685,49.5274209260072,0.0,260.7513428,-0.003259613,-0.174445729,1.999445729,11165.84554,526.938416,782.517883,0.004774,0.004427
777,4,0,0,94.1336,86.0,9.6,0.005953541,38.16575639907,0.0,260.8978271,-0.004793549,-0.189269492,2.014269492,11173.45569,,,,
778,4,0,0,94.4697,86.0,9.6,0.005953541,38.16575639907,0.0,260.8978271,-0.004793549,-0.189269492,2.014269492,11173.45569,,,,
779,4,0,0,95.1982,86.0,10.1,0.005953541,38.16575639907,0.0,260.8978271,-0.004793549,-0.189269492,2.014269492,11173.45569,,,,
