Time,Drive,Stimulus,Failure,Palm.EDA,Heart.Rate,Breathing.Rate,Perinasal.Perspiration,Speed,Acceleration,Brake,Steering,LaneOffset,Lane.Position,Distance,Gaze.X.Pos,Gaze.Y.Pos,Lft.Pupil.Diameter,Rt.Pupil.Diameter
1,4,0,0,50.5855,78.0,10.9,,-0.01780770437348,0.0,258.2611084,-0.125207489,-0.100000143,1.925000143,7.72e-06,0.0,0.0,0.009579,0.008266
2,4,0,0,46.3044,78.0,10.7,,0.30032251657216,0.0,233.6517334,-0.125207489,-0.100093603,1.925093603,0.000212193,0.0,0.0,0.0,0.007678
3,4,0,0,48.0471,78.0,10.7,,0.79599325465538,0.0,168.1732178,-0.098363617,-0.100987196,1.925987196,0.041335006,1333.62085,817.873291,0.0,0.008054
4,4,0,0,50.8735,77.0,10.5,,0.79546418252104,0.0,117.1966553,-0.110635101,-0.101915598,1.926915598,0.184013506,0.0,0.0,0.0,0.0
5,4,0,0,52.6726,76.0,10.5,,0.79691866699822,0.0,39.55993652,-0.112936005,-0.103252172,1.928252172,0.354876252,0.0,0.0,0.0,0.007973
6,4,0,0,53.6207,76.0,10.7,,0.79697837029354,0.0,0.0,-0.112936005,-0.104464293,1.929464293,0.504187627,0.0,0.0,0.0,0.008315
7,4,0,0,54.272,78.0,10.7,,1.65138488780898,0.0,23.59313965,-0.112936005,-0.108197927,1.933197927,0.674888769,1097.135742,623.169006,0.008225,0.008548
8,4,0,0,54.7151,81.0,11.1,,10.2034883670366,25.07080078,0.0,-0.112936005,-0.117738485,1.942738485,0.824249351,800.859985,630.141113,0.009433,0.008097
9,4,0,0,51.4594,86.0,11.1,,20.3723169417622,22.47528076,0.0,-0.092994843,-0.193458319,2.018458319,1.159184201,1281.569946,978.840088,0.0,0.007922
10,4,0,0,48.8348,86.0,11.5,,24.7726357499898,16.71295166,0.0,0.102006714,-0.305046797,2.130046797,1.474050412,0.0,0.0,0.0,0.00813
11,4,0,0,44.9083,85.0,11.5,,30.3617976252352,19.92370605,0.0,0.109676392,-0.355756998,2.180756998,3.149026199,1230.582642,1011.971375,0.0,0.008034
12,4,0,0,39.8368,82.0,11.8,,34.843275095608,19.87976074,0.0,-0.078422455,-0.274164438,2.099164438,6.110772231,1276.051147,1000.268982,0.0,0.007533
13,4,0,0,39.3688,77.0,11.8,,37.850795605883,3.386535645,0.0,-0.02166684,-0.222409964,2.047409964,10.91926482,747.455627,941.335205,0.009445,0.008736
14,4,0,0,42.7595,73.0,12.2,,39.6439309725992,16.00982666,0.0,0.0,-0.218226194,2.043226194,15.78486757,0.0,0.0,0.0,0.0
15,4,0,0,47.2012,71.0,12.2,,42.380179474854,12.62329102,0.0,-0.030870453,-0.22850728,2.05350728,22.18720975,0.0,0.0,0.0,0.0
16,4,0,0,49.4655,70.0,12.4,,44.1581452188236,11.21429443,0.0,0.059823486,-0.260242224,2.085242224,28.53223001,1301.798096,735.056396,0.0,0.007988
17,4,0,0,50.7771,71.0,12.4,,45.7785348989834,11.03851318,0.0,0.0,-0.313897371,2.138897371,36.53794123,1365.069824,755.903015,0.0,0.007991
18,4,0,0,51.7574,71.0,12.7,,47.1974276955254,11.21429443,0.0,0.045251099,-0.367970228,2.192970228,43.89391448,1318.2677,738.588379,0.0,0.008244
19,4,0,0,52.364,71.0,12.7,,48.768596468175,11.21429443,0.0,0.054454712,-0.34712863,2.17212863,52.19251198,1122.561157,983.781982,0.0,0.008276
20,4,0,0,52.9849,73.0,12.6,,50.0853672109846,11.52191162,0.0,0.02761084,-0.208167315,2.033167315,60.54942786,840.696289,1006.443481,0.009047,0.008247
21,4,0,0,49.0134,73.0,12.6,,51.5665296368776,11.434021,0.0,-0.078422455,0.039316893,1.785683107,69.65705259,678.001526,812.122314,0.00923,0.008044
22,4,0,0,48.9239,73.0,12.6,,52.7929141965038,11.39007568,0.0,-0.039307098,0.126270533,1.698729467,78.23983173,752.549072,890.912415,0.008272,0.008264
23,4,0,0,51.5584,72.0,12.6,,54.16729527187,11.39007568,0.0,0.005368774,0.022420645,1.802579355,88.30265876,0.0,0.0,0.0,0.0
24,4,0,0,53.4071,72.0,12.5,,55.3242295040926,11.39007568,0.0,0.054454712,-0.102386236,1.927386236,97.3313711,1265.076904,948.048828,0.0,0.008136
25,4,0,0,54.4926,73.0,12.5,,56.4606258059438,10.15960693,0.0,0.005368774,-0.173364401,1.998364401,107.4556563,1257.85376,998.791321,0.0,0.008275
26,4,0,0,54.6036,75.0,12.2,,57.4310812579342,10.77484131,0.0,0.009203613,-0.183267832,2.008267832,117.3630377,1272.897827,451.287506,0.0,0.007739
27,4,0,0,54.827,76.0,12.2,,58.5967535465274,10.90667725,0.0,-0.004793549,-0.180402994,2.005402994,127.9473454,0.0,0.0,0.0,0.008133
28,4,0,0,54.827,76.0,11.9,,59.5819304683546,10.95062256,0.0,0.003834839,-0.197056532,2.022056532,137.8112633,0.0,0.0,0.0,0.0
29,4,0,0,54.0532,75.0,11.9,,60.70320883946,11.0824585,0.0,-0.013997162,-0.221711874,2.046711874,149.3117767,1212.651855,961.5979,0.009023,0.008076
30,4,0,0,55.6232,76.0,11.6,,61.6456520872236,11.21429443,0.0,0.010737549,-0.250185728,2.075185728,159.5677762,1240.488647,956.680603,0.0,0.008052
31,4,0,0,56.6816,75.0,11.6,,62.7022300174684,11.12640381,0.0,0.00690271,-0.238548994,2.063548994,171.5035097,672.15033,759.595215,0.009259,0.008152
32,4,0,0,57.4099,74.0,11.3,,63.5918120306418,11.21429443,0.0,0.017640259,-0.214328051,2.039328051,181.6214501,1304.253784,446.468811,0.0,0.008179
33,4,0,0,55.855,74.0,11.3,,64.5148184906488,10.55511475,0.0,-0.016298065,-0.115326643,1.940326643,194.4805514,0.0,0.0,0.0,0.0
34,4,0,0,52.6726,75.0,11.4,,65.3189817094828,10.99456787,0.0,-0.005560516,-0.057838202,1.882838202,204.9132699,0.0,0.0,0.0,0.0
35,4,0,0,54.3821,75.0,11.4,,66.2229056457474,11.17034912,0.0,0.001533936,-0.024236441,1.849236441,218.1319353,658.155823,769.43219,0.009211,0.008198
36,4,0,0,56.2063,74.0,11.4,,67.0700357481044,12.9309082,0.0,-0.005560516,0.008280039,1.816719961,228.858025,637.70752,784.278503,0.009577,0.008168
37,4,0,0,57.5331,75.0,11.4,,68.2430554301874,12.88696289,0.0,0.001533936,0.018887758,1.806112242,241.9049312,693.125488,763.67041,0.009431,0.008269
38,4,0,0,58.4105,75.0,11.8,,69.2406637632182,13.01879883,0.0,0.003834839,0.004387617,1.820612383,253.4758355,0.0,0.0,0.0,0.0
39,4,0,0,58.6662,76.0,11.8,,70.3029643616624,12.9309082,0.0,-0.013997162,0.006202936,1.818797064,266.8750337,1264.789063,974.140015,0.0,0.00829
40,4,0,0,59.3151,76.0,12.1,,71.2162331398512,11.21429443,0.0,0.00690271,-0.032951593,1.857951593,278.7494791,0.0,0.0,0.009493,0.007954
41,4,0,0,56.3244,77.0,12.1,,71.9433935595956,11.21429443,0.0,0.003067871,-0.090447187,1.915447187,291.912369,0.0,0.0,0.009343,0.008444
42,4,0,0,50.6812,76.0,12.4,,72.570678580341,10.77484131,0.0,0.001533936,-0.126528025,1.951528025,304.6535808,0.0,0.0,0.009394,0.007996
43,4,0,0,52.8804,79.0,12.4,,72.8663241070348,5.58380127,0.0,-0.005560516,-0.162627935,1.987627935,318.1279447,0.0,0.0,0.0,0.008469
44,4,0,0,55.855,80.0,13.0,,72.8537603437096,5.58380127,0.0,0.045251099,-0.212182283,2.037182283,330.5624897,0.0,0.0,0.008947,0.008085
45,4,0,0,56.8017,79.0,13.0,,72.842858368775,5.58380127,0.0,0.010737549,-0.180283308,2.005283308,344.9119903,1328.520752,556.6651,0.0,0.008532
46,4,0,0,55.9716,77.0,13.5,,72.8362037800618,5.627746582,0.0,0.017640259,-0.062504053,1.887504053,357.5912895,1312.577637,543.940308,0.0,0.008542
47,4,0,0,50.3008,76.0,13.5,,72.8339082013924,5.671691895,0.0,-0.034705292,0.09308362,1.73191638,372.2263157,1348.749878,592.887695,0.0,0.008487
48,4,0,0,48.0471,76.0,13.9,,72.8332197418338,5.671691895,0.0,-0.010162323,0.065645456,1.759354544,385.1566222,0.0,0.0,0.0,0.008238
49,4,0,0,51.1648,75.0,13.9,,72.8368983551124,5.715637207,0.0,0.018407227,-0.024253607,1.849253607,400.0933437,1354.27356,681.559692,0.0,0.008053
50,4,0,0,54.3821,75.0,14.0,,72.8384733517968,5.627746582,0.0,-0.003259613,-0.057383776,1.882383776,412.6926528,1226.495239,990.286011,0.0,0.007841
51,4,0,0,55.2792,75.0,14.0,,72.840461176378,5.715637207,0.0,0.005368774,-0.069918394,1.894918394,428.6253793,0.0,0.0,0.0,0.0
52,4,0,0,52.5693,75.0,14.4,,72.84587789295,5.715637207,0.0,-0.000959,-0.077377558,1.902377558,441.5152604,680.854919,444.600494,0.008806,0.008003
53,4,0,0,54.827,75.0,14.4,,72.8519101981654,5.715637207,0.0,0.001533936,-0.089148283,1.914148283,457.146998,0.0,0.0,0.009307,0.008096
54,4,0,0,56.8017,77.0,14.8,,72.8572013379372,5.671691895,0.0,0.0,-0.092697859,1.917697859,470.9650556,722.188782,724.440125,0.009426,0.008246
55,4,0,0,57.5331,76.0,14.8,,72.8612430505066,5.715637207,0.0,-0.017832001,-0.106090784,1.931090784,486.8832852,0.0,0.0,0.0,0.007858
56,4,0,0,58.2835,76.0,15.1,,72.8656241085084,5.715637207,0.0,0.023009033,-0.195264578,2.020264578,500.9096642,0.0,0.0,0.0,0.007875
57,4,0,0,58.1571,76.0,15.1,,72.8708918323832,5.715637207,0.0,0.001533936,-0.235655069,2.060655069,517.0459294,888.961426,1008.504883,0.00897,0.008388
58,4,0,0,53.0898,76.0,15.4,,72.8762858250744,5.715637207,0.0,0.001533936,-0.180924177,2.005924177,531.213841,0.0,0.0,0.0,0.008235
59,4,0,0,52.8804,76.0,15.4,,72.8820093623174,5.715637207,0.0,0.001533936,-0.109524012,1.934524012,546.7293555,1213.531372,1021.663391,0.0,0.007907
60,4,0,0,55.9716,76.0,15.6,,72.8891372901114,5.75958252,0.0,-0.013997162,-0.046676874,1.871676874,561.5686007,1314.055298,615.487671,0.0,0.00819
61,4,0,0,58.0312,77.0,15.6,,72.8977637226596,5.75958252,0.0,-0.010162323,-0.035228968,1.860228968,577.0806696,1338.008667,633.724915,0.0,0.008059
62,4,0,0,58.924,76.0,15.9,,72.9076773858068,5.75958252,0.0,0.00690271,-0.071607828,1.896607828,591.2426643,1264.376099,891.649292,0.0,0.008465
63,4,0,0,59.1842,75.0,15.9,,72.920439741688,5.75958252,0.0,0.043717163,-0.084054708,1.909054708,607.4270988,0.0,0.0,0.0,0.0
64,4,0,0,57.6316,75.0,15.8,,72.9291981240228,5.75958252,0.0,-0.007094452,0.033523798,1.791476202,621.5885864,0.0,0.0,0.0,0.008437
65,4,0,0,58.2479,76.0,15.8,,72.9410547272586,5.75958252,0.0,-0.013997162,0.173720598,1.651279402,637.0986618,720.975708,785.041321,0.009023,0.008243
66,4,0,0,57.2872,76.0,16.0,,72.9514626830934,5.75958252,0.0,-0.016298065,0.247887373,1.577112627,651.9347864,680.492126,804.851074,0.009438,0.007796
67,4,0,0,57.0434,77.0,16.0,,72.962301974235,5.75958252,0.0,-0.012463226,0.259883165,1.565116835,667.4460408,782.188904,922.927185,0.00884,0.008543
68,4,0,0,59.7115,78.0,16.2,,72.97260215257,5.75958252,0.0,-0.012463226,0.19871974,1.62628026,681.6084685,659.774475,809.387878,0.009325,0.00826
69,4,0,0,57.9925,79.0,16.2,,72.9834262998222,5.75958252,0.0,0.001533936,0.081176519,1.743823481,697.7945977,0.0,0.0,0.009452,0.008405
70,4,0,0,58.6724,80.0,16.7,,72.9930478677594,5.75958252,0.0,-0.004793549,-0.018759966,1.843759966,711.9582773,0.0,0.0,0.009095,0.008224
71,4,0,0,59.2733,78.0,16.7,,73.0034997263894,5.806274414,0.0,0.016106323,-0.129970789,1.954970789,728.1462998,0.0,0.0,0.009512,0.008445
72,4,0,0,59.0842,77.0,16.8,,73.0144241677104,5.806274414,0.0,0.003067871,-0.147925138,1.972925138,742.3116362,686.082275,768.731079,0.009234,0.008122
73,4,0,0,59.0089,78.0,16.8,,73.0275856720984,5.806274414,0.0,-0.003259613,-0.13744092,1.96244092,758.5014535,610.382202,613.980103,0.0,0.002789
74,4,0,0,59.3493,78.0,16.6,,73.0389119012438,5.806274414,0.0,-0.005560516,-0.126671076,1.951671076,771.9934552,0.0,0.0,0.0,0.0
75,4,0,0,60.0031,78.0,16.6,,73.04953262792,5.75958252,0.0,0.010737549,-0.121290445,1.946290445,788.8589932,0.0,0.0,0.009072,0.0
76,4,0,0,60.4536,77.0,16.8,,73.057581420062,5.806274414,0.0,0.014572388,-0.092231989,1.917231989,802.3522256,1232.510132,850.309021,0.0,0.008476
77,4,0,0,59.6168,76.0,16.8,,73.0577469084942,5.627746582,0.0,-0.043141937,-0.030787706,1.855787706,818.5450821,1274.979858,875.572327,0.0,0.008212
78,4,0,0,57.0633,75.0,16.6,,73.0528582807498,5.75958252,0.0,0.00690271,-0.088405371,1.913405371,832.7146002,1253.410278,651.793396,0.0,0.008461
79,4,0,0,50.8735,75.0,16.6,,73.0595379912604,5.75958252,0.0,0.001533936,-0.178270102,2.003270102,848.9092658,1296.568848,718.263123,0.009347,0.008085
80,4,0,0,44.8332,76.0,16.4,,73.0673707616942,5.806274414,0.0,-0.008628387,-0.26795125,2.09295125,863.0803864,0.0,0.0,0.00925,0.008757
81,4,0,0,42.6914,78.0,16.4,,73.1183510801594,5.938110352,0.0,-0.007094452,-0.381414652,2.206414652,879.2772573,690.064514,800.537415,0.009316,0.008318
82,4,0,0,44.9836,78.0,16.3,,73.1136335735372,5.58380127,0.0,0.038348389,-0.490628958,2.315628958,893.4506894,1283.974731,918.238403,0.0,0.008167
83,4,0,0,50.3008,77.0,16.3,,73.0990535324996,5.58380127,0.0,0.04141626,-0.5180161,2.3430161,908.9755665,1276.087158,936.937378,0.0,0.007947
84,4,0,0,52.9849,76.0,16.2,,73.0856262777974,0.0,0.0,0.005368774,-0.413422823,2.238422823,923.1520981,1344.96875,918.295471,0.0,0.008371
85,4,0,0,54.3821,73.0,16.2,,72.450900956364,0.0,83.6517334,0.019941162,-0.26761508,2.09261508,939.3558004,0.0,0.0,0.0,0.008168
86,4,0,0,55.1654,72.0,15.8,,71.9204180262998,0.0,82.91931152,-0.044675873,-0.131558657,1.956558657,953.535263,1269.920654,930.578125,0.0,0.007954
87,4,0,0,56.3244,72.0,15.8,,71.3052927118858,0.0,263.3880615,-0.033938324,-0.016978502,1.841978502,969.7423684,759.552429,719.957825,0.008133,0.008227
88,4,0,0,56.8017,72.0,15.4,,70.7816530817432,0.0,186.630249,0.043717163,-0.009891748,1.834891748,983.925409,1235.088745,729.4375,0.008571,0.00811
89,4,0,0,57.5331,72.0,15.4,,70.2120135093532,0.0,217.9779053,-0.010162323,-0.012698889,1.837698889,1000.136713,687.354614,699.296875,0.0095,0.008044
90,4,0,0,58.1571,73.0,14.8,,69.731454559165,0.0,217.8314209,-0.010929291,0.022371531,1.802628469,1013.647644,0.0,0.0,0.0,0.0
91,4,0,0,58.7948,74.0,14.8,,69.1711939306138,0.0,228.817749,-0.024734711,0.053843737,1.771156263,1030.538189,1244.488159,941.072998,0.0,0.008322
92,4,0,0,59.3151,74.0,14.2,,68.6986028066722,0.0,108.9935303,-0.025501678,0.0895679,1.7354321,1044.052082,1331.004272,990.317322,0.0,0.008305
93,4,0,0,57.2043,74.0,14.2,,68.1467234277202,0.0,41.61071777,0.0,0.079153299,1.745846701,1060.94636,1226.530151,960.478577,0.0,0.008351
94,4,0,0,57.8657,76.0,13.7,,67.6645891911664,0.0,8.065795898,-0.003259613,0.054444075,1.770555925,1074.463288,683.694519,785.128906,0.009438,0.008237
95,4,0,0,58.5055,77.0,13.7,,67.1054884139532,0.0,24.91149902,-0.001725677,-0.032446146,1.857446146,1090.685746,0.0,0.0,0.0,0.008906
96,4,0,0,58.7841,76.0,13.2,,66.615252824213,0.0,263.6810303,0.025309937,-0.108961344,1.933961344,1104.882443,679.131714,756.204773,0.009484,0.008125
97,4,0,0,59.2733,75.0,13.2,,66.0798757302748,0.0,263.6810303,0.003834839,-0.120835543,1.945835543,1121.10955,1214.744995,970.144287,0.009461,0.007995
98,4,0,0,59.4064,76.0,12.8,,65.61399558632,0.0,263.6810303,-0.017832001,-0.086439371,1.911439371,1135.31031,0.0,0.0,0.0,0.0
99,4,0,0,59.9837,76.0,12.8,,65.0708333745054,0.0,263.5345459,-0.012463226,-0.086662531,1.911662531,1150.865514,1215.133545,929.515076,0.0,0.008056
100,4,0,0,60.2962,73.0,12.7,,64.6280596353752,0.0,263.5345459,0.023776001,-0.101468801,1.926468801,1165.745951,1149.991455,944.610596,0.0,0.007717
101,4,0,0,59.5593,72.0,12.7,,64.1392771830946,0.0,235.848999,-0.020132904,-0.033737421,1.858737421,1181.304217,773.047974,719.185486,0.009018,0.008612
102,4,0,0,56.5061,71.0,12.4,,63.7025130735792,0.0,125.8392334,0.00690271,0.059872389,1.765127611,1195.508997,746.898804,688.944702,0.00948,0.008228
103,4,0,0,57.9381,73.0,12.4,,63.2065184928358,0.0,83.21228027,-0.013997162,0.093116522,1.731883478,1211.742122,662.810608,745.638184,0.00951,0.008171
104,4,0,0,59.1975,74.0,12.3,,62.7763229849974,0.0,46.29821777,-0.056180389,0.088866472,1.736133528,1225.946935,1284.199219,938.01123,0.0,0.008247
105,4,0,0,59.7322,74.0,12.3,,62.2875119991186,0.0,26.2298584,0.025309937,0.020004988,1.804995012,1241.50606,709.667175,764.030212,0.009411,0.008623
106,4,0,0,60.3551,74.0,12.3,,61.8334067522078,1.318359375,0.0,0.021475098,-0.058295965,1.883295965,1256.394759,1334.97522,533.703125,0.0,0.008459
107,4,0,0,60.8709,74.0,12.3,,61.8460648067636,4.133605957,0.0,0.023009033,-0.094192266,1.919192266,1271.964464,575.980286,813.086304,0.009485,0.008219
108,4,0,0,61.2738,75.0,12.0,,62.099656975692,9.104919434,0.0,-0.003259613,-0.083484888,1.908484888,1286.178445,0.0,0.0,0.008716,0.0
109,4,0,0,61.6409,74.0,12.0,,62.5944243059382,9.368591309,0.0,0.017640259,-0.068317175,1.893317175,1302.420048,714.763977,867.244324,0.00914,0.008596
110,4,0,0,62.2208,74.0,12.0,,63.1938656525416,11.21429443,0.0,0.001533936,-0.058697462,1.883697462,1316.571243,717.801025,868.86908,0.008882,0.008425
111,4,0,0,62.6841,73.0,12.0,,64.0455548541846,15.48248291,0.0,-0.023200775,-0.040382624,1.865382624,1332.619202,1226.604614,947.49469,0.008572,0.008462
112,4,0,0,62.7691,72.0,12.0,,65.0307638018778,15.21881104,0.0,-0.02166684,-0.061689615,1.886689615,1346.553066,1261.203613,949.384216,0.0,0.008296
113,4,0,0,63.1544,73.0,12.0,,66.3034404794284,17.68249512,0.0,0.019941162,-0.135786295,1.960786295,1362.3548,1239.834961,734.797607,0.009078,0.005794
114,4,0,0,63.5009,73.0,12.3,,67.4590306069764,16.8447876,0.0,0.003067871,-0.180532217,2.005532217,1375.42358,677.76532,748.138672,0.009109,0.008413
115,4,0,0,63.8513,73.0,12.3,,68.6825000081266,17.28424072,0.0,0.003067871,-0.21011281,2.03511281,1391.633976,0.0,0.0,0.0,0.008362
116,4,0,0,63.8513,73.0,12.3,,69.7653873160376,17.06451416,0.0,0.0,-0.232476473,2.057476473,1404.502289,0.0,0.0,0.0,0.008689
117,4,0,0,64.25,73.0,12.3,,70.9355265692018,13.85375977,0.0,0.001533936,-0.248977423,2.073977423,1419.827506,0.0,0.0,0.0,0.008413
118,4,0,0,64.6087,74.0,12.5,,71.5752575495844,12.5793457,0.0,-0.015531097,-0.252396345,2.077396345,1433.130576,0.0,0.0,0.0,0.008697
119,4,0,0,64.7442,75.0,12.5,,71.5766884459652,0.0,7.186889648,0.016106323,-0.282905817,2.107905817,1448.047471,1264.790527,960.386597,0.0,0.008105
120,4,0,0,64.2277,74.0,12.5,,71.0534034338916,0.0,19.1986084,0.012271484,-0.308210135,2.133210135,1459.181713,1296.928223,818.645996,0.00944,0.008209
121,4,0,0,63.4574,75.0,12.5,,70.53283466587,0.0,129.3548584,0.013038452,-0.30177474,2.12677474,1471.567523,682.758728,854.023315,0.008981,0.008526
122,4,0,0,63.1114,75.0,12.7,,69.9647163703952,0.0,121.8841553,0.003067871,-0.265757322,2.090757322,1486.937035,728.03241,951.625427,0.008708,0.008388
123,4,0,0,63.5009,74.0,12.7,,69.4535325973308,0.0,60.65368652,-0.003259613,-0.216615438,2.041615438,1499.139401,1242.937744,801.650574,0.00939,0.008401
124,4,0,0,63.9394,74.0,12.7,,68.8948714435254,0.0,32.52868652,-0.003259613,-0.162385702,1.987385702,1514.276694,1254.529297,975.246887,0.0,0.007843
125,4,0,0,63.5009,74.0,12.7,,68.4075737844222,0.0,16.56188965,-0.010162323,-0.126517534,1.951517534,1526.294129,690.204407,836.026917,0.009188,0.008212
126,4,0,0,63.5663,76.0,12.6,,67.8414485760704,0.0,5.868530273,0.009203613,-0.100525618,1.925525618,1540.606428,1153.99292,1006.750183,0.0,0.00771
127,4,0,0,64.2055,76.0,12.6,,67.3790483562778,0.0,16.41540527,-0.016298065,-0.079756498,1.904756498,1553.03358,1302.748169,860.474915,0.0,0.008257
128,4,0,0,64.7668,76.0,12.8,,66.8222692773222,0.0,0.0,-0.010162323,-0.087063551,1.912063551,1567.127954,264.668396,309.148895,0.0,0.008333
129,4,0,0,65.1542,75.0,12.8,,66.3577606290088,3.078918457,0.0,0.003834839,-0.114408731,1.939408731,1579.36621,1214.878418,970.29657,0.0,0.008412
130,4,0,0,62.4727,76.0,12.8,,66.3969899813158,7.827758789,0.0,-0.032404388,-0.140810251,1.965810251,1593.245513,0.0,0.0,0.0,0.008741
131,4,0,0,61.416,77.0,12.8,,66.6802704981744,6.860961914,0.0,-0.023200775,-0.220695257,2.045695257,1605.297324,0.0,0.0,0.0,0.0
132,4,0,0,61.1928,77.0,13.0,,67.1427803301144,11.21429443,0.0,0.04141626,-0.36261344,2.18761344,1618.462604,1175.929077,972.242493,0.0,0.008251
133,4,0,0,61.0314,76.0,13.0,,67.716373551989,11.434021,0.0,0.04141626,-0.44533515,2.27033515,1630.508927,925.593811,656.944092,0.008766,0.008885
134,4,0,0,62.0332,76.0,12.9,,68.324259169946,11.21429443,0.0,0.016106323,-0.451643229,2.276643229,1644.374023,677.205627,806.83313,0.009419,0.00832
135,4,0,0,61.9088,76.0,12.9,,68.847178234197,12.44750977,0.0,0.001533936,-0.440885782,2.265885782,1656.610369,0.0,0.0,0.009089,0.008521
136,4,0,0,62.9398,75.0,13.1,,69.7245879399068,13.94165039,0.0,0.001533936,-0.40934062,2.23434062,1670.755562,1262.509155,871.384216,0.0,0.008164
137,4,0,0,63.7414,75.0,13.1,,70.2404451558642,11.34613037,0.0,0.010737549,-0.387425661,2.212425661,1683.322492,1390.567261,891.476624,0.0,0.008298
138,4,0,0,63.2407,76.0,13.3,,70.8424296298158,11.61254883,0.0,0.018407227,-0.352268934,2.177268934,1697.926086,1334.897949,809.291382,0.0,0.008039
139,4,0,0,58.0835,76.0,13.3,,71.3484933037636,11.65649414,0.0,-0.034705292,-0.287102938,2.112102938,1710.324047,1312.805786,617.609802,0.008168,0.008241
140,4,0,0,59.0277,75.0,13.5,,71.9399706543496,11.70043945,0.0,-0.027035614,-0.26498723,2.08998723,1726.093339,1391.417114,710.65863,0.0,0.008266
141,4,0,0,60.9912,75.0,13.5,,72.4457840437406,12.2277832,0.0,0.049085938,-0.318863153,2.143863153,1738.923678,1186.90686,849.331909,0.007465,0.007864
142,4,0,0,62.0124,75.0,13.6,,73.1342203151908,14.91119385,0.0,0.013038452,-0.333826303,2.158826303,1754.565179,1341.563721,575.076904,0.0,0.008399
143,4,0,0,62.8543,74.0,13.6,,73.9099929417772,15.04302979,0.0,0.013038452,-0.285620451,2.110620451,1768.422906,0.0,0.0,0.0,0.0
144,4,0,0,62.9826,75.0,13.7,,74.2081193948282,0.0,21.83532715,0.00690271,-0.188227892,2.013227892,1784.36261,1223.770142,1010.962585,0.0,0.008221
145,4,0,0,60.5723,75.0,13.7,,73.6796731971878,0.0,18.0267334,-0.013997162,-0.075199366,1.900199366,1798.230971,804.96167,1017.585388,0.009197,0.008437
146,4,0,0,62.1164,76.0,14.2,,73.0665429332916,0.0,11.28845215,-0.000959,0.049581289,1.775418711,1813.958662,1229.304565,992.904175,0.009362,0.008082
147,4,0,0,62.5148,77.0,14.2,,72.5475842616598,0.0,9.384155273,-0.020132904,0.172122717,1.652877283,1827.614547,1367.206909,734.774902,0.0,0.008214
148,4,0,0,62.8117,77.0,14.5,,71.943184763824,0.0,8.212280273,-0.0868591,0.25907588,1.56592412,1842.458603,755.699402,794.233398,0.009261,0.008081
149,4,0,0,63.8073,78.0,14.5,,71.4146103661592,0.0,5.868530273,-0.013997162,0.177413225,1.647586775,1856.548282,691.21167,846.660583,0.009492,0.008374
150,4,0,0,64.5636,79.0,14.9,,70.8218876921878,0.0,4.843139648,0.023009033,-0.002219439,1.827219439,1871.165432,0.0,0.0,0.0,0.008464
151,4,0,0,64.9713,79.0,14.9,,70.3038101985796,0.131835938,0.0,0.03451355,-0.141085386,1.966085386,1884.411456,699.149719,878.562073,0.009438,0.008084
152,4,0,0,65.246,79.0,15.2,,70.3651495972238,5.627746582,0.0,0.013038452,-0.192727327,2.017727327,1899.433687,682.955078,202.807205,0.0,0.007955
153,4,0,0,65.4536,79.0,15.2,,70.3958913708378,6.597290039,0.0,-0.005560516,-0.209688425,2.034688425,1912.477388,682.250916,1052.412109,0.009495,0.007889
154,4,0,0,61.9295,80.0,15.8,,70.5381707384146,6.685180664,0.0,-0.004793549,-0.250556231,2.075556231,1926.656483,1226.281738,951.988586,0.009233,0.008353
155,4,0,0,59.1975,78.0,15.8,,70.6961196058354,7.388305664,0.0,-0.010162323,-0.299168348,2.124168348,1940.168078,694.513184,816.468689,0.009095,0.008377
156,4,0,0,54.0532,78.0,16.0,,70.7129150482236,5.58380127,0.0,0.010737549,-0.372315645,2.197315645,1954.342691,1228.671021,943.559082,0.009121,0.008267
157,4,0,0,49.8333,78.0,16.0,,70.734878612434,5.806274414,0.0,0.014572388,-0.429441214,2.254441214,1967.341654,0.0,0.0,0.0,0.008434
158,4,0,0,53.5137,77.0,16.2,,70.8567306273908,6.553344727,0.0,0.003067871,-0.461571932,2.286571932,1982.324957,1222.885742,985.290405,0.0,0.008358
159,4,0,0,56.0887,77.0,16.2,,70.88608157719,5.40802002,0.0,0.008436646,-0.473189116,2.298189116,1995.551344,0.0,0.0,0.0,0.008544
160,4,0,0,57.4099,77.0,16.4,,70.8494844452936,3.738098145,0.0,0.00690271,-0.471424341,2.296424341,2010.794254,726.750427,808.993103,0.009277,0.008109
161,4,0,0,58.6662,77.0,16.4,,70.4044465739976,0.0,14.07165527,0.023776001,-0.444935083,2.269935083,2024.265794,606.054993,737.979126,0.009313,0.008366
162,4,0,0,59.4467,76.0,16.5,,69.8207053207916,0.0,13.77868652,0.010737549,-0.342928171,2.167928171,2039.823954,595.497314,754.144409,0.009404,0.008021
163,4,0,0,57.4171,75.0,16.5,,69.3436971861926,0.0,15.24353027,-0.010929291,-0.219393492,2.044393492,2052.889617,630.3255,737.998718,0.009401,0.008402
164,4,0,0,57.5599,75.0,17.0,,68.7695372191436,0.0,0.0,-0.046976776,-0.074711084,1.899711084,2069.349675,1174.837402,936.866577,0.0,0.007942
165,4,0,0,57.8115,75.0,17.0,,68.2823800715158,0.0,7.479858398,0.00690271,-0.023641825,1.848641825,2082.619397,1276.396729,948.287781,0.009438,0.007941
166,4,0,0,54.3821,75.0,17.1,,67.7510922139572,0.0,28.42712402,-0.003259613,0.01563859,1.80936141,2098.661957,719.386414,714.025208,0.009502,0.008154
167,4,0,0,55.3934,75.0,17.1,,67.2886700749538,0.0,68.85681152,0.005368774,0.054163218,1.770836782,2112.814536,1274.326416,914.573792,0.0,0.007999
168,4,0,0,57.7811,76.0,17.2,,66.748926938156,0.0,45.27282715,-0.017832001,0.117707014,1.707292986,2129.155806,0.0,0.0,0.009091,0.008208
169,4,0,0,57.0106,76.0,17.2,,66.2934967216232,0.0,0.0,-0.012463226,0.138830423,1.686169577,2143.594693,1350.936035,568.021118,0.0,0.007727
170,4,0,0,57.7934,78.0,17.2,,66.1646599779456,8.003540039,0.0,-0.008628387,0.117101431,1.707898569,2160.024457,1378.747192,606.236084,0.006948,0.007473
171,4,0,0,58.3029,78.0,17.2,,66.582993523446,10.15960693,0.0,0.023776001,0.07466054,1.75033946,2174.289656,1369.003174,648.306091,0.0,0.007566
172,4,0,0,59.0842,77.0,17.3,,67.0972786073442,11.21429443,0.0,-0.007094452,0.046370268,1.778629732,2189.795594,1311.175415,878.257202,0.0,0.008089
173,4,0,0,59.521,78.0,17.3,,67.6436401870788,15.61431885,0.0,-0.003259613,0.049010515,1.775989485,2203.846757,1313.762085,862.654297,0.0,0.008061
174,4,0,0,59.9449,78.0,17.4,,68.7081455491362,15.04302979,0.0,-0.02166684,0.031992674,1.793007326,2219.781175,0.0,0.0,0.0,0.008357
175,4,0,0,59.4255,77.0,17.4,,69.5612076787332,13.85375977,0.0,0.014572388,-0.033578634,1.858578634,2233.615817,1360.118042,822.90332,0.0,0.007951
176,4,0,0,59.1975,77.0,17.4,,70.4926657325908,14.95513916,0.0,0.04141626,-0.114081144,1.939081144,2249.3055,1291.709351,881.730591,0.0,0.008058
177,4,0,0,58.6538,76.0,17.4,,71.188230092769,10.81878662,0.0,0.058289551,-0.107810259,1.932810259,2262.968864,1259.986572,803.18811,0.0,0.008062
178,4,0,0,58.3213,76.0,17.5,,71.3874549101748,7.080688477,0.0,-0.052345551,0.03631711,1.78868289,2278.606791,713.799683,1020.197815,0.009517,0.008372
179,4,0,0,58.524,76.0,17.5,,71.5307298154756,5.806274414,0.0,-0.020132904,0.102859259,1.722140741,2291.652564,0.0,0.0,0.0,0.0
180,4,0,0,59.1975,77.0,17.8,,70.986185663403,3.078918457,0.0,0.043717163,0.088349581,1.736650419,2307.992052,0.0,0.0,0.0,0.0
181,4,0,0,59.8093,78.0,17.8,,71.1668883292544,8.618774414,0.0,-0.024734711,0.112246275,1.712753725,2321.087926,0.0,0.0,0.009191,0.0
182,4,0,0,60.1591,78.0,17.8,,71.469068693672,8.311157227,0.0,-0.02856955,0.155805826,1.669194174,2337.457571,1294.981323,751.685974,0.0,0.008215
183,4,0,0,60.4931,78.0,17.8,,71.7121989938756,8.442993164,0.0,0.013038452,0.123682261,1.701317739,2350.562609,627.404297,737.740601,0.009143,0.008294
184,4,0,0,60.831,78.0,17.9,,71.4297678222954,0.0,13.48571777,0.023776001,0.074756861,1.750243139,2366.310918,1244.982178,892.879028,0.00884,0.008255
185,4,0,0,61.1322,78.0,17.9,,70.9080605105974,0.0,0.0,-0.010162323,0.083210707,1.741789293,2380.094084,1300.240967,872.006226,0.0,0.00817
186,4,0,0,61.3956,78.0,17.9,,70.673573701946,5.58380127,0.0,-0.010162323,0.066917181,1.758082819,2395.804178,1262.059692,879.225525,0.0,0.008275
187,4,0,0,61.8055,78.0,17.9,,70.5574836874582,3.65020752,0.0,0.018407227,0.03023839,1.79476161,2409.448371,616.538086,754.587097,0.008859,0.008475
188,4,0,0,61.4364,79.0,17.9,,70.4334808378716,4.045715332,0.0,-0.004793549,0.013103724,1.811896276,2424.279373,1281.910645,912.382629,0.0,0.007858
189,4,0,0,60.7511,78.0,17.9,,70.3257890354266,4.045715332,0.0,-0.007094452,-0.003009558,1.828009558,2438.356618,1290.388672,1007.474609,0.0,0.00785
190,4,0,0,61.4772,78.0,17.9,,70.1814974939544,3.869934082,0.0,0.012271484,-0.064383745,1.889383745,2452.96126,1112.116821,871.321411,0.00823,0.008784
191,4,0,0,57.3283,77.0,17.9,,70.0573973919516,3.782043457,0.0,0.005368774,-0.092911005,1.917911005,2466.195988,1315.506104,939.398315,0.0,0.00811
192,4,0,0,57.9019,78.0,18.2,,69.9029643691618,3.29864502,0.0,-0.005560516,-0.113683462,1.938683462,2481.205376,1279.115479,948.12793,0.0,0.007924
193,4,0,0,59.7129,79.0,18.2,,69.4603267641022,0.0,0.0,0.014572388,-0.143824339,1.968824339,2494.237822,1264.802734,889.370728,0.0,0.008346
194,4,0,0,60.2962,80.0,18.5,,69.3082052846346,0.0,1.473999023,0.021475098,-0.150333643,1.975333643,2508.404569,0.0,0.0,0.0,0.0
195,4,0,0,59.8867,80.0,18.5,,68.8140535752186,0.0,0.0,0.00690271,-0.096880198,1.921880198,2521.872055,0.0,0.0,0.0,0.008525
196,4,0,0,58.9338,79.0,18.7,,68.2778960479408,0.0,0.0,-0.007094452,0.003926516,1.821073484,2536.005526,0.0,0.0,0.0,0.0
197,4,0,0,59.2164,79.0,18.7,,68.0607263170518,3.29864502,0.0,-0.027035614,0.070056677,1.754943323,2549.002131,1231.151733,1011.986877,0.0,0.008446
198,4,0,0,60.3551,78.0,18.9,,67.5357135819278,0.0,75.74157715,0.00690271,0.082118273,1.742881727,2563.97863,1213.248047,901.346985,0.0,0.008319
199,4,0,0,60.9912,77.0,18.9,,67.0749009921386,0.0,145.7611084,0.00690271,0.030632734,1.794367266,2577.245173,0.0,0.0,0.0,0.0
200,4,0,0,56.4717,78.0,18.9,,66.5856098757642,0.0,142.8314209,0.032212646,-0.023616076,1.848616076,2592.618527,0.0,0.0,0.0,0.0
201,4,0,0,57.4099,78.0,18.9,,66.148060295675,0.0,79.40368652,0.0,-0.044626474,1.869626474,2606.239697,0.0,0.0,0.0,0.0
202,4,0,0,57.9059,79.0,19.1,,65.6655562971628,0.0,27.25524902,0.008436646,-0.056689024,1.881689024,2621.994063,0.0,0.0,0.0,0.008594
203,4,0,0,47.4518,79.0,19.1,,65.2342202661598,0.0,13.48571777,-0.013997162,-0.06072402,1.88572402,2635.202789,1207.554199,962.528992,0.0,0.008215
204,4,0,0,46.2246,79.0,19.0,,64.742146665299,0.0,1.327514648,-0.015531097,-0.085268259,1.910268259,2651.744543,1239.815796,973.223816,0.0,0.008341
205,4,0,0,45.5957,79.0,19.0,,64.3968935227864,6.333618164,0.0,-0.017832001,-0.14136529,1.96636529,2664.941962,0.0,0.0,0.0,0.0
206,4,0,0,50.8735,78.0,19.2,,64.5686998697716,0.0,0.0,0.072861938,-0.240763426,2.065763426,2680.729951,1250.796753,980.586975,0.0,0.008489
207,4,0,0,55.1654,78.0,19.2,,64.70234470982,9.588317871,0.0,0.012271484,-0.265426874,2.090426874,2694.597309,1200.569946,973.875793,0.0,0.00825
208,4,0,0,57.4099,77.0,19.1,,64.5761620252968,5.58380127,0.0,0.003834839,-0.23016572,2.05516572,2710.505967,0.0,0.0,0.0,0.0
209,4,0,0,59.0538,77.0,19.1,,64.336986951731,0.0,209.4818115,-0.010162323,-0.184275389,2.009275389,2724.442087,1200.006348,935.893921,0.0,0.00785
210,4,0,0,57.0457,77.0,19.2,,63.8370238994816,0.0,264.4134521,-0.010162323,-0.15216279,1.97716279,2740.254246,0.0,0.0,0.0,0.0
211,4,0,0,57.92,78.0,19.2,,63.4013254144472,0.0,264.5599365,0.058289551,-0.148448229,1.973448229,2754.007891,0.0,0.0,0.0,0.0
212,4,0,0,59.0089,78.0,18.8,,62.9237494081358,0.0,264.1204834,-0.012463226,-0.112375975,1.937375975,2769.04953,1276.401367,953.37207,0.0,0.007977
213,4,0,0,58.561,77.0,18.8,,62.5250193458292,0.0,246.5423584,0.042183228,-0.047970533,1.872970533,2783.407179,1198.26355,928.821777,0.0,0.008402
214,4,0,0,59.0465,78.0,18.4,,62.0690043917008,0.0,59.92126465,-0.010162323,0.027388811,1.797611189,2798.393261,1339.320435,855.442627,0.0,0.008891
215,4,0,0,60.1982,78.0,18.4,,61.6755427291918,0.0,32.52868652,0.049085938,0.083792925,1.741207075,2812.05142,1253.844116,857.309814,0.0,0.007966
216,4,0,0,61.0717,79.0,18.1,,61.3922288185282,6.729125977,0.0,-0.129042328,0.185105562,1.639894438,2827.629628,0.0,0.0,0.0,0.007397
217,4,0,0,61.4976,79.0,18.1,,61.8044126574602,9.192810059,0.0,-0.057714325,0.150771856,1.674228144,2841.232847,1368.361816,753.531677,0.0,0.008152
218,4,0,0,61.3753,78.0,17.8,,61.4786344923424,0.0,264.2669678,0.061357422,-0.047916174,1.872916174,2856.701124,1358.105957,723.466675,0.0,0.007585
219,4,0,0,61.9088,78.0,17.8,,61.0574987801274,0.0,192.7825928,0.111210327,-0.152222872,1.977222872,2870.181686,552.783203,542.448425,0.003151,0.002999
220,4,0,0,61.8881,78.0,17.5,,60.5775059152842,0.0,198.9349365,-0.045442841,-0.03160882,1.85660882,2885.498136,424.805603,565.199219,0.003302,0.003381
221,4,0,0,62.054,79.0,17.5,,60.1637872648876,0.0,33.40759277,-0.032404388,0.153406858,1.671593142,2898.165958,0.0,0.0,0.0,0.0
222,4,0,0,62.7479,80.0,17.3,,59.7608899453982,7.959594727,0.0,-0.025501678,0.268195868,1.556804132,2913.914937,673.892517,507.73349,0.002793,0.002686
223,4,0,0,61.8674,80.0,17.3,,60.0110216953652,11.21429443,0.0,-0.063850067,0.298575163,1.526424837,2926.439318,0.0,0.0,0.0,0.0
224,4,0,0,62.7691,81.0,17.3,,61.1050250365242,12.75512695,0.0,0.003067871,0.215111971,1.609888029,2941.35579,707.486877,530.47467,0.002947,0.002809
225,4,0,0,56.6816,82.0,17.3,,61.953343507724,18.29772949,0.0,0.013038452,0.085680246,1.739319754,2954.307717,672.821594,527.538513,0.002885,0.002738
226,4,0,0,57.9059,83.0,17.1,,63.2760824396434,17.32818604,0.0,0.07592981,-0.002386332,1.827386332,2968.996538,668.588501,512.66748,0.003023,0.003022
227,4,0,0,58.3397,82.0,17.1,,64.4255471777504,17.28424072,0.0,-0.02856955,0.031509638,1.793490362,2981.750792,742.631287,780.164429,0.002712,0.003011
228,4,0,0,59.5784,82.0,16.9,,65.7214188060124,18.6932373,0.0,-0.063850067,0.103398085,1.721601915,2996.215422,692.249878,543.752075,0.002634,0.002804
229,4,0,0,59.8673,82.0,16.9,,66.9080417563134,15.35064697,0.0,0.0,0.08955884,1.73544116,3008.775111,685.837891,549.100403,0.002668,0.002734
230,4,0,0,61.0918,81.0,16.7,,68.0500073079818,19.66003418,0.0,0.065192261,-0.000689,1.825689268,3022.524466,229.087997,553.251404,0.009283,0.002835
231,4,0,0,61.8467,80.0,16.7,,69.3817361097016,21.94793701,0.0,-0.058481293,0.013946772,1.811053228,3035.070286,695.775696,876.117676,0.0,0.0027
232,4,0,0,61.9295,79.0,16.8,,70.8633151615338,18.3416748,0.0,-0.027035614,0.051563978,1.773436022,3049.446279,695.952026,862.269409,0.0,0.002753
233,4,0,0,62.1373,79.0,16.8,,70.9971320883084,6.904907227,0.0,-0.010929291,0.01365447,1.81134553,3061.987388,0.0,0.0,0.009527,0.0
234,4,0,0,63.2839,78.0,16.7,,71.2292398418246,7.783813477,0.0,0.017640259,-0.061949492,1.886949492,3076.216204,0.0,0.0,0.0,0.0
235,4,0,0,63.9174,78.0,16.7,,71.2887264234202,0.0,12.7532959,-0.015531097,-0.095127821,1.920127821,3088.571106,273.505096,602.921082,0.009411,0.002811
236,4,0,0,57.3638,79.0,16.8,,70.7447355946264,0.0,24.61853027,-0.013997162,-0.114514589,1.939514589,3102.001127,0.0,0.0,0.0,0.0
237,4,0,0,57.5242,79.0,16.8,,70.260913176506,0.0,14.95056152,0.023776001,-0.122539282,1.947539282,3114.171365,612.906006,608.678528,0.0,0.002739
238,4,0,0,60.5327,78.0,16.6,,69.7125713360882,0.0,263.973999,0.014572388,-0.051719904,1.876719904,3127.973623,846.471313,193.535797,0.005826,0.002755
239,4,0,0,62.2208,78.0,16.6,,69.2532254665882,0.0,263.973999,-0.066917938,0.027763128,1.797236872,3139.957888,609.417603,604.337219,0.0,0.002813
240,4,0,0,60.811,78.0,16.5,,68.7960830088558,0.0,264.1204834,-0.027035614,0.026874781,1.798125219,3151.902822,681.997375,865.331787,0.0,0.002763
241,4,0,0,61.4364,79.0,16.5,,68.2763619445858,0.0,264.2669678,0.067493164,-0.054023504,1.879023504,3165.620704,611.144714,611.196289,0.0,0.002776
242,4,0,0,62.9826,79.0,16.3,,67.8252245459426,0.0,263.973999,0.017640259,-0.060199976,1.885199976,3177.550422,1028.474976,798.584412,0.005692,0.0
243,4,0,0,63.8073,80.0,16.3,,67.3129887312268,0.0,253.8665771,-0.083791229,-0.009313822,1.834313822,3190.517885,636.488708,613.925598,0.0,0.002763
244,4,0,0,62.536,81.0,16.2,,66.8681415184406,0.0,41.02478027,0.029144775,-0.094957113,1.919957113,3202.824562,688.962524,899.275696,0.0,0.002739
245,4,0,0,60.1982,81.0,16.2,,66.3767162562922,5.58380127,0.0,0.055988647,-0.219138384,2.044138384,3215.593286,639.004272,619.357605,0.0,0.002737
246,4,0,0,62.2417,81.0,16.1,,66.3025904421338,0.0,63.1439209,-0.003259613,-0.203131437,2.028131437,3227.254483,628.585022,612.854004,0.0,0.002671
247,4,0,0,63.1329,81.0,16.1,,65.7849674583284,0.0,34.28649902,-0.017832001,-0.156632185,1.981632185,3240.72555,608.384827,611.135925,0.0,0.002806
248,4,0,0,64.1165,80.0,16.3,,65.3521339847356,0.0,28.72009277,-0.008628387,-0.143962622,1.968962622,3252.707841,672.806519,611.74231,0.0,0.002781
249,4,0,0,64.8349,79.0,16.3,,64.8435732910306,0.0,25.49743652,-0.005560516,-0.164668322,1.989668322,3266.676406,622.14679,601.290771,0.0,0.002763
250,4,0,0,65.5231,79.0,16.1,,64.8835585503356,9.544372559,0.0,0.0,-0.195198774,2.020198774,3279.151673,453.320099,560.346619,0.009017,0.002746
251,4,0,0,66.1787,79.0,16.1,,65.5684955372634,12.53540039,0.0,0.014572388,-0.228684664,2.053684664,3293.698761,753.675293,616.595276,0.008661,0.002756
252,4,0,0,66.6791,79.0,16.0,,65.5634572730858,5.938110352,0.0,0.025309937,-0.220220327,2.045220327,3306.064073,176.3564,624.857727,0.009347,0.00272
253,4,0,0,66.4399,78.0,16.0,,66.209959857293,14.51568604,0.0,0.026843872,-0.124338388,1.949338388,3321.801802,243.818604,618.60498,0.00877,0.00273
254,4,0,0,64.8803,78.0,15.9,,67.2607821278684,19.79187012,0.0,-0.061549164,-0.0422194,1.8672194,3334.666343,635.307312,599.505371,0.0,0.002774
255,4,0,0,66.0136,79.0,15.9,,67.5511083835272,0.0,263.3880615,0.005368774,-0.067449331,1.892449331,3350.397111,206.134705,595.611389,0.009158,0.00277
256,4,0,0,67.0412,78.0,15.8,,67.1071151831054,0.0,264.4134521,0.050619873,-0.135164499,1.960164499,3364.209731,591.638672,608.601501,0.0,0.002706
257,4,0,0,66.7031,78.0,15.8,,66.6000176369548,0.0,91.8548584,0.013038452,-0.10412097,1.92912097,3380.04398,700.820374,863.070618,0.0,0.002778
258,4,0,0,67.3827,78.0,15.8,,66.1620689244522,0.0,24.4720459,-0.003259613,-0.017586946,1.842586946,3393.876565,613.507629,622.532104,0.0,0.002771
259,4,0,0,68.1264,78.0,15.8,,65.985751356046,8.841247559,0.0,-0.032404388,0.050917387,1.774082613,3409.563731,644.687317,616.336121,0.0,0.002735
260,4,0,0,68.5298,79.0,16.0,,66.2763873130944,10.3793335,0.0,-0.025501678,0.044964075,1.780035925,3423.184292,322.097107,435.844513,0.008887,0.00269
261,4,0,0,68.8867,80.0,16.0,,66.7926979927836,11.17034912,0.0,-0.004793549,-0.030678988,1.855678988,3437.989824,0.0,0.0,0.0,0.0
262,4,0,0,69.2991,80.0,15.9,,67.3562821337424,13.15063477,0.0,0.036047485,-0.127363443,1.952363443,3451.406463,597.076294,251.555893,0.008895,0.002748
263,4,0,0,66.8959,81.0,15.9,,68.0928366894952,11.25823975,0.0,-0.036239227,-0.175936937,2.000936937,3466.621801,603.322693,602.036011,0.0,0.002897
264,4,0,0,67.1871,82.0,15.8,,68.4239488028288,8.929138184,0.0,-0.034705292,-0.193778753,2.018778753,3479.833034,302.566986,661.471497,0.009126,0.002732
265,4,0,0,67.9763,82.0,15.8,,68.7468491944388,8.574829102,0.0,0.100472778,-0.276921511,2.101921511,3494.815521,0.0,0.0,0.0,0.0
266,4,0,0,65.6392,82.0,15.7,,69.0386037393476,10.07171631,0.0,0.115045166,-0.263217211,2.088217211,3507.823536,198.805405,543.337891,0.008471,0.00289
267,4,0,0,66.4161,82.0,15.7,,69.5449819909852,11.0824585,0.0,-0.098363617,0.01376462,1.81123538,3522.593667,617.779724,604.577271,0.0,0.002834
268,4,0,0,67.9514,81.0,15.7,,69.9954632778038,11.21429443,0.0,-0.092227875,0.230522394,1.594477606,3534.868306,651.581299,876.565002,0.00831,0.00289
269,4,0,0,68.7077,80.0,15.7,,70.4993472294688,11.21429443,0.0,0.010737549,0.178850889,1.646149111,3550.093622,622.983521,740.943909,0.009521,0.002869
270,4,0,0,69.1181,80.0,15.9,,71.129691557274,16.53717041,0.0,0.058289551,0.059289217,1.765710783,3562.180582,630.875488,598.899719,0.009199,0.0028
271,4,0,0,64.8803,79.0,15.9,,72.1603018049214,19.13269043,0.0,0.001533936,0.048141241,1.776858759,3577.185686,682.682983,863.195923,0.0,0.002766
272,4,0,0,64.7668,78.0,16.1,,72.5326495220862,11.30218506,0.0,-0.043141937,0.068801641,1.756198359,3589.235129,319.178192,841.088013,0.009572,0.002702
273,4,0,0,66.6551,79.0,16.1,,72.232236792351,0.0,0.0,0.018407227,0.021509409,1.803490591,3603.823201,451.127502,126.815102,0.007516,0.0
274,4,0,0,63.7414,79.0,16.3,,72.0330264268184,5.144348145,0.0,-0.008628387,-0.070499659,1.895499659,3616.609898,310.578186,800.024414,0.009465,0.002634
275,4,0,0,56.8017,79.0,16.3,,71.9860036846274,4.968566895,0.0,0.038348389,-0.159894228,1.984894228,3631.433821,0.0,0.0,0.0,0.002617
276,4,0,0,48.8348,79.0,16.5,,71.6925323601802,0.0,0.0,0.032979614,-0.191115618,2.016115618,3644.587703,697.289612,729.730774,0.009165,0.00829
277,4,0,0,47.2845,78.0,16.5,,71.2969890807548,2.065429688,0.0,0.008436646,-0.116928339,1.941928339,3658.90926,663.484192,739.768372,0.009423,0.008217
278,4,0,0,48.746,79.0,16.6,,70.984966749287,0.0,51.13220215,-0.057714325,-0.013426065,1.838426065,3672.502904,743.448425,839.250977,0.009043,0.008357
279,4,0,0,48.394,79.0,16.6,,70.4627520448738,0.0,14.07165527,-0.045442841,-0.021939516,1.846939516,3686.605272,671.647827,730.603088,0.009294,0.008119
280,4,0,0,44.8332,78.0,17.0,,69.9977848634076,0.0,0.0,0.098171875,-0.137927771,1.962927771,3699.42781,659.61438,738.018005,0.009014,0.008387
281,4,0,0,46.2246,77.0,17.0,,69.448379217063,0.0,21.68884277,0.009203613,-0.142314196,1.967314196,3714.157336,1229.992676,887.435425,0.0,0.007872
282,4,0,0,51.2626,76.0,17.4,,69.0074851065858,0.0,263.8275146,-0.012463226,-0.036918879,1.861918879,3727.144553,658.594482,780.472778,0.008678,0.008455
283,4,0,0,53.8361,76.0,17.4,,68.4857696999076,0.0,245.3704834,-0.034705292,0.07445693,1.75054307,3741.507216,1240.330811,923.017029,0.0,0.008332
284,4,0,0,55.1654,76.0,17.8,,68.0354497172372,0.0,215.7806396,0.045251099,0.111803293,1.713196707,3755.384915,669.682922,779.879089,0.009215,0.008488
285,4,0,0,57.0434,77.0,17.8,,67.520777587069,0.0,226.7669678,-0.078422455,0.190326929,1.634673071,3769.975826,1254.139526,880.594971,0.0,0.008332
286,4,0,0,58.5381,77.0,18.1,,67.0749498999812,0.0,214.3157959,-0.027035614,0.161396742,1.663603258,3783.358008,1206.356323,913.436584,0.0,0.008009
287,4,0,0,55.0521,78.0,18.1,,66.585050340433,0.0,263.8275146,0.016106323,0.024074316,1.800925684,3798.739848,645.31958,741.838989,0.009288,0.008411
288,4,0,0,55.9716,78.0,18.4,,66.1612377647158,0.0,264.2669678,0.091269165,-0.099885702,1.924885702,3812.300913,1377.52771,784.898499,0.0,0.009322
289,4,0,0,57.7811,79.0,18.4,,65.6771830383664,0.0,169.1986084,-0.024734711,-0.089690447,1.914690447,3827.916334,1374.571777,951.516479,0.0,0.008182
290,4,0,0,57.2872,80.0,18.4,,65.26097800595,0.0,127.8900146,-0.003259613,-0.076632261,1.901632261,3841.694133,1273.595459,591.61853,0.007078,0.0
291,4,0,0,58.4105,81.0,18.4,,64.7829271155914,0.0,146.6400146,-0.001725677,-0.072281122,1.897281122,3857.654977,1017.996094,507.245789,0.002894,0.008519
292,4,0,0,58.4105,81.0,18.6,,64.3569536790562,0.0,144.2962646,0.017640259,0.025937796,1.799062204,3871.070134,642.92688,525.308777,0.00294,0.002739
293,4,0,0,59.3151,80.0,18.6,,63.8860434785578,0.0,96.10290527,-0.096062714,0.168950796,1.656049204,3887.816763,613.906311,530.010986,0.002992,0.00277
294,4,0,0,57.435,80.0,19.2,,63.4647188137334,0.0,100.7904053,-0.065384003,0.167783499,1.657216501,3901.153928,658.90863,428.390594,0.003049,0.0
295,4,0,0,57.6495,81.0,19.2,,63.0311109901062,2.63671875,0.0,0.02761084,0.054029703,1.770970297,3917.14942,650.136475,515.586121,0.002836,0.002779
296,4,0,0,58.5981,81.0,19.6,,63.7015617283316,16.22955322,0.0,0.123481812,-0.078536272,1.903536272,3931.080331,777.241699,706.305725,0.002857,0.0
297,4,0,0,59.1219,80.0,19.6,,64.9229867044128,19.00085449,0.0,-0.008628387,-0.011708498,1.836708498,3946.916089,654.082275,524.031006,0.002861,0.002851
298,4,0,0,58.4133,78.0,20.1,,66.2101498237866,20.0994873,0.0,-0.066917938,0.111743212,1.713256788,3960.690479,557.510681,530.244873,0.002923,0.00284
299,4,0,0,57.5957,77.0,20.1,,67.7028878943382,20.14343262,0.0,-0.030103485,0.147066355,1.677933645,3976.310689,689.44928,536.326294,0.002757,0.002696
300,4,0,0,58.2835,76.0,20.2,,69.0599986754558,23.53271484,0.0,-0.023200775,0.117918253,1.707081747,3989.873256,724.775879,571.691772,0.002752,0.002736
301,4,0,0,59.3151,76.0,20.2,,70.6082255339222,22.47528076,0.0,0.04141626,0.060269117,1.764730883,4004.615217,688.182007,546.910828,0.002846,0.002776
302,4,0,0,48.394,76.0,20.2,,71.8782296931886,22.47528076,0.0,-0.000959,0.000969,1.824030828,4018.608089,697.188904,528.661316,0.002894,0.00279
303,4,0,0,44.7583,77.0,20.2,,73.0999580137664,15.52642822,0.0,0.018407227,-0.069306135,1.894306135,4033.124998,666.269104,530.722595,0.002809,0.002644
304,4,0,0,42.3542,77.0,20.3,,73.8828054599268,16.75689697,0.0,0.036047485,-0.096523523,1.921523523,4046.279859,736.516602,463.327301,0.002721,0.0
305,4,0,0,40.9942,77.0,20.3,,74.851345990438,16.88873291,0.0,-0.032404388,-0.03907752,1.86407752,4061.198171,683.229309,533.272888,0.002773,0.002591
306,4,0,0,46.2246,77.0,20.4,,75.3948816978798,4.617004395,0.0,-0.053879486,0.039369345,1.785630655,4074.150903,751.311279,775.669495,0.009558,0.002785
307,4,0,0,49.1031,78.0,20.4,,74.899844497409,0.571289063,0.0,-0.02166684,0.026244402,1.798755598,4088.84097,637.846008,610.218079,0.0,0.002712
308,4,0,0,52.0589,79.0,20.1,,74.415801696269,0.615234375,0.0,0.030678711,-0.069566488,1.894566488,4101.596188,708.152222,874.273987,0.0,0.002674
309,4,0,0,53.7282,80.0,20.1,,73.8724406826842,0.0,0.0,0.012271484,-0.102630377,1.927630377,4116.061816,286.188995,842.003296,0.009216,0.002733
310,4,0,0,53.0898,81.0,20.2,,73.402653447451,0.0,0.0,0.016106323,-0.081471205,1.906471205,4128.025517,618.948303,600.458679,0.0,0.002706
311,4,0,0,55.5081,81.0,20.2,,73.2295322053122,5.58380127,0.0,-0.004793549,-0.012956381,1.837956381,4142.865149,694.356323,860.907104,0.0,0.002755
312,4,0,0,57.0434,81.0,19.7,,73.2045452384174,5.539855957,0.0,-0.004793549,0.055825949,1.769174051,4154.646116,0.0,0.0,0.0,0.0
313,4,0,0,58.2835,80.0,19.7,,73.1708857796636,5.364074707,0.0,-0.046976776,0.101180792,1.723819208,4168.680609,0.0,0.0,0.0,0.0
314,4,0,0,59.1842,80.0,19.2,,73.1456343982068,5.276184082,0.0,0.037581421,0.043708563,1.781291437,4181.018917,673.4021,519.842712,0.002781,0.002662
315,4,0,0,57.169,79.0,19.2,,73.1294159363954,5.58380127,0.0,0.021475098,-0.045925379,1.870925379,4195.395677,679.842224,529.012207,0.00298,0.002802
316,4,0,0,57.6495,78.0,18.5,,73.1190691354806,5.58380127,0.0,0.046785034,-0.067806959,1.892806959,4208.255548,719.985718,740.57428,0.002842,0.002816
317,4,0,0,58.524,78.0,18.5,,73.111647599697,5.627746582,0.0,0.010737549,-0.001593351,1.826593351,4223.297108,663.903015,523.902893,0.002854,0.002833
318,4,0,0,59.0277,78.0,18.2,,73.1213376611446,5.850219727,0.0,-0.063850067,0.083240271,1.741759729,4236.757962,658.21582,476.989288,0.002949,0.002799
319,4,0,0,59.3683,78.0,18.2,,73.1488736616654,6.113891602,0.0,-0.007094452,0.087134123,1.737865877,4251.825091,684.963318,850.185608,0.0,0.002692
320,4,0,0,59.9837,79.0,17.6,,73.2015909246992,6.773071289,0.0,0.032979614,0.027141809,1.797858191,4265.862678,603.580078,603.658813,0.0,0.002729
321,4,0,0,60.1982,80.0,17.6,,73.3237458013506,7.168579102,0.0,-0.048510712,0.033997774,1.791002226,4282.155535,700.167725,879.81073,0.0,0.003025
322,4,0,0,60.6715,80.0,17.3,,73.451750467968,8.003540039,0.0,0.003067871,-0.010648012,1.835648012,4296.599926,691.553589,836.886719,0.0,0.002763
323,4,0,0,60.3158,79.0,17.3,,73.6574274352084,8.530883789,0.0,0.043717163,-0.107310057,1.932310057,4313.309275,619.21228,599.69342,0.0,0.00266
324,4,0,0,59.8093,78.0,16.8,,73.852119417757,8.311157227,0.0,-0.013997162,-0.049117804,1.874117804,4327.915743,649.117676,600.274109,0.00947,0.002596
325,4,0,0,60.1982,77.0,16.8,,74.0645905839556,8.355102539,0.0,-0.040074066,0.009230852,1.815769148,4343.796771,674.956909,860.705078,0.009267,0.002569
326,4,0,0,61.0717,76.0,16.6,,74.258454754195,8.399047852,0.0,-0.004793549,-0.016963243,1.841963243,4358.193727,239.031693,604.243408,0.009156,0.00264
327,4,0,0,61.5385,76.0,16.6,,74.4676431725682,8.355102539,0.0,0.021475098,-0.095145464,1.920145464,4374.521369,612.962097,601.508789,0.0,0.002723
328,4,0,0,59.4255,76.0,16.7,,74.651668176009,8.355102539,0.0,0.003834839,-0.109029055,1.934029055,4388.759818,623.65033,600.976013,0.0,0.002677
329,4,0,0,59.9449,76.0,16.7,,74.8600812626504,8.399047852,0.0,0.017640259,-0.069638014,1.894638014,4405.026633,670.844482,205.472305,0.0,0.003084
330,4,0,0,61.5385,77.0,16.6,,75.0385013372062,8.442993164,0.0,-0.030103485,0.037131548,1.787868452,4419.253432,608.533875,593.132874,0.0,0.002542
331,4,0,0,62.3045,77.0,16.6,,75.2311290837104,0.0,0.0,-0.023200775,0.109391451,1.715608549,4435.506156,0.0,0.0,0.009182,0.0
332,4,0,0,62.4727,77.0,16.7,,74.7367783794034,0.0,16.8548584,0.014572388,0.104225874,1.720774126,4449.047578,236.079697,589.279419,0.009233,0.002685
333,4,0,0,61.416,78.0,16.7,,74.1869754835732,0.0,8.798217773,-0.000959,0.083389521,1.741610479,4465.971725,661.63501,673.654114,0.009428,0.0
334,4,0,0,56.2316,79.0,16.8,,73.69594898369,0.0,7.333374023,0.008436646,0.081212282,1.743787718,4479.510685,0.0,0.0,0.0,0.0
335,4,0,0,54.1624,79.0,16.8,,73.1364956966432,0.0,0.0,-0.010929291,0.088068724,1.736931276,4495.762318,206.019699,576.401611,0.009307,0.002857
336,4,0,0,57.7811,79.0,16.9,,72.6716156770314,0.0,0.0,-0.004793549,0.080750227,1.744249773,4509.99107,280.361206,791.063782,0.009327,0.002683
337,4,0,0,59.0538,78.0,16.9,,72.1027137134436,0.0,0.0,-0.004793549,0.053367853,1.771632147,4526.276751,701.592102,890.7146,0.0,0.002453
338,4,0,0,57.0633,78.0,16.8,,72.0231080322116,5.144348145,0.0,0.003067871,0.017661333,1.807338667,4540.554363,217.454697,578.808105,0.009245,0.002695
339,4,0,0,58.193,77.0,16.8,,71.8850351736202,2.680664063,0.0,0.00690271,-0.025062799,1.850062799,4556.91786,595.229919,598.921387,0.0,0.002805
340,4,0,0,59.6168,78.0,16.9,,71.7245363874364,5.58380127,0.0,0.00690271,-0.047724485,1.872724485,4571.280167,644.568787,604.226929,0.0,0.002617
341,4,0,0,60.4339,78.0,16.9,,71.7318176370522,5.58380127,0.0,-0.000959,-0.056699991,1.881699991,4587.057053,0.0,0.0,0.0,0.0
342,4,0,0,61.3956,79.0,16.7,,71.7777904136404,6.289672852,0.0,0.003834839,-0.053881884,1.878881884,4602.193587,669.601807,882.575073,0.0,0.002728
343,4,0,0,61.9502,79.0,16.7,,71.983660389027,7.783813477,0.0,-0.003259613,-0.03616786,1.86116786,4618.064786,559.164001,609.612671,0.0,0.002787
344,4,0,0,62.2836,79.0,16.8,,72.1659052210268,8.442993164,0.0,0.0,-0.017687082,1.842687082,4632.596557,0.0,0.0,0.0,0.0
345,4,0,0,62.897,79.0,16.8,,72.42292161486,8.486938477,0.0,0.003834839,-0.000424,1.82542367,4649.250482,0.0,0.0,0.009373,0.0
346,4,0,0,63.1544,79.0,16.9,,72.6409454546738,8.442993164,0.0,0.00690271,0.022697687,1.802302313,4663.862949,622.452271,614.593079,0.0,0.002722
347,4,0,0,63.7194,78.0,16.9,,72.8780375272908,8.399047852,0.0,0.003834839,0.06126523,1.76373477,4680.506604,0.0,0.0,0.0,0.0
348,4,0,0,64.0279,77.0,16.7,,73.0724111341072,8.399047852,0.0,0.012271484,0.102605581,1.722394419,4694.957135,0.0,0.0,0.0,0.0
349,4,0,0,64.1832,77.0,16.7,,73.3021556683938,8.355102539,0.0,-0.129042328,0.158367395,1.666632605,4711.34459,0.0,0.0,0.008464,0.007988
350,4,0,0,64.6538,78.0,16.9,,73.5229460924148,9.456481934,0.0,-0.039307098,0.04935956,1.77564044,4724.897805,0.0,0.0,0.0,0.008296
351,4,0,0,64.7895,79.0,16.9,,73.8399781705554,9.544372559,0.0,0.071328003,-0.242527246,2.067527246,4741.708781,1345.916748,650.411804,0.0,0.008245
352,4,0,0,65.1084,79.0,16.7,,74.0447219619968,8.486938477,0.0,0.12731665,-0.382014036,2.207014036,4755.059672,1245.637329,882.873596,0.009383,0.008248
353,4,0,0,65.4767,79.0,16.7,,74.2410485672768,5.58380127,0.0,-0.005560516,-0.234355211,2.059355211,4771.060624,655.159302,740.444275,0.00938,0.007947
354,4,0,0,65.7791,79.0,16.5,,73.971952805365,0.0,0.0,-0.050811615,-0.04885745,1.87385745,4785.024715,672.854919,706.053284,0.009332,0.008082
355,4,0,0,65.99,79.0,16.5,,73.5582265910704,0.0,263.2415771,-0.001725677,0.072686911,1.752313089,4800.963531,212.884903,156.563705,0.0,0.008549
356,4,0,0,65.4767,78.0,16.4,,73.0707110917048,0.0,263.5345459,-0.040074066,0.172010183,1.652989817,4814.913901,0.0,0.0,0.0,0.0
357,4,0,0,65.2921,78.0,16.4,,72.530048699899,0.0,166.2689209,-0.025501678,0.272583723,1.552416277,4830.886311,0.0,0.0,0.0,0.0
358,4,0,0,65.9196,78.0,16.2,,72.0687629641498,0.0,75.00915527,-0.010929291,0.221742392,1.603257608,4844.906568,1216.772827,939.217529,0.0,0.008436
359,4,0,0,65.8961,79.0,16.2,,71.5920828130428,0.0,263.5345459,0.023009033,0.173671007,1.651328993,4858.302155,0.0,0.0,0.0,0.007993
360,4,0,0,64.8349,79.0,16.1,,71.0507713905084,0.0,161.2884521,-0.023200775,0.157916784,1.667083216,4875.106341,0.0,0.0,0.008773,0.0
361,4,0,0,64.9942,79.0,16.1,,70.599290671363,0.0,73.98376465,0.058289551,0.106007338,1.718992662,4888.594777,1192.446411,853.748108,0.0,0.008372
362,4,0,0,65.4536,79.0,16.0,,70.0804022635156,0.0,65.63415527,-0.074587616,0.112471819,1.712528181,4904.832087,0.0,0.0,0.009234,0.007654
363,4,0,0,59.0653,80.0,16.0,,69.5984370398486,0.0,263.8275146,-0.037773163,0.12867856,1.69632144,4919.084912,1218.160034,891.368225,0.0,0.008444
364,4,0,0,57.3994,80.0,15.9,,69.071764688943,0.0,263.6810303,0.056755615,-0.018281698,1.843281698,4935.431641,726.604187,825.005798,0.009105,0.008175
365,4,0,0,59.9643,81.0,15.9,,68.6320903616254,0.0,173.4466553,-0.003259613,-0.121733904,1.946733904,4949.798085,0.0,0.0,0.0,0.0
366,4,0,0,58.0471,81.0,15.5,,68.096409536949,0.0,263.6810303,-0.007094452,-0.133575201,1.958575201,4966.26825,1148.129761,814.568909,0.006998,0.0
367,4,0,0,57.1513,80.0,15.5,,67.6483824614436,0.0,261.4837646,0.04141626,-0.154406786,1.979406786,4980.688182,1304.297607,539.888672,0.006894,0.0
368,4,0,0,59.7322,80.0,15.5,,64.6790423356636,0.0,182.3822021,-0.027035614,-0.083838224,1.908838224,4996.395336,1393.853271,878.817688,0.0,0.008081
369,4,0,0,61.4772,79.0,15.5,,50.6569794962532,0.0,182.9681396,-0.056180389,-0.005144835,1.830144835,5010.637605,1308.28772,708.759888,0.0,0.00827
370,4,0,0,61.2332,79.0,15.1,,50.1939889544552,0.0,45.27282715,0.037581421,0.006126165,1.818873835,5026.788807,0.0,0.0,0.009362,0.006784
371,4,0,0,62.2626,79.0,15.1,,50.2600733311554,16.8447876,0.0,-0.003259613,0.012850523,1.812149477,5040.811949,0.0,0.0,0.00931,0.006023
372,4,0,0,63.176,79.0,15.1,,50.6082087694212,12.18383789,0.0,-0.013997162,0.033366919,1.791633081,5056.055115,0.0,0.0,0.009183,0.0
373,4,0,0,64.161,79.0,15.1,,51.544434219441,12.00805664,0.0,-0.046976776,0.041625738,1.783374262,5070.523313,0.0,0.0,0.009007,0.0
374,4,0,0,63.9615,79.0,14.8,,53.0394065367146,17.28424072,0.0,0.005368774,0.00668931,1.81831069,5085.532689,1235.925293,998.465027,0.0,0.007933
375,4,0,0,64.2723,80.0,14.8,,54.802070225349,29.95422363,0.0,0.065192261,-0.038938761,1.863938761,5099.133541,0.0,0.0,0.0,0.007453
376,4,0,0,65.4305,80.0,14.8,,57.045068296868,24.14794922,0.0,-0.027035614,-0.030225039,1.855225039,5114.556787,0.0,0.0,0.0,0.0
377,4,0,0,64.9713,80.0,14.8,,58.587364238539,0.0,49.6673584,0.012271484,-0.038691759,1.863691759,5127.948375,0.0,0.0,0.009033,0.0
378,4,0,0,61.7025,81.0,14.8,,58.0141246691294,0.0,262.9486084,0.046785034,-0.030447721,1.855447721,5143.135858,1187.504272,818.859619,0.0,0.00825
379,4,0,0,63.6319,82.0,14.8,,57.5245913148982,0.0,194.2474365,-0.005560516,0.0410707,1.7839293,5156.322873,1286.364502,734.742126,0.0,0.008388
380,4,0,0,64.0057,82.0,14.8,,57.0046202235658,0.0,263.5345459,-0.066917938,0.1194489,1.7055511,5170.942337,0.0,0.0,0.0,0.007657
381,4,0,0,58.524,82.0,14.8,,56.537458964504,0.0,6.161499023,-0.110635101,0.106112719,1.718887281,5180.958035,1299.667358,824.128418,0.008572,0.00786
382,4,0,0,58.4105,83.0,14.9,,57.0904554024434,19.52819824,0.0,0.07592981,-0.097150087,1.922150087,5192.592727,1170.194458,771.7052,0.008674,0.008278
383,4,0,0,54.4926,83.0,14.9,,57.5928254962506,0.0,0.0,-0.025501678,-0.257520914,2.082520914,5201.898014,622.889282,705.350891,0.009212,0.008203
384,4,0,0,57.5331,82.0,14.9,,58.1512517025094,16.80084229,0.0,-0.050811615,-0.445235014,2.270235014,5213.152048,1220.699219,862.713684,0.009179,0.008301
385,4,0,0,58.2662,82.0,14.9,,59.645058857623,23.17840576,0.0,0.012271484,-0.698647261,2.523647261,5223.19761,685.504517,693.759399,0.009419,0.008486
386,4,0,0,59.9255,82.0,14.9,,61.7155428748918,28.10577393,0.0,0.059823486,-1.006580591,2.831580591,5235.028231,1022.732178,837.331116,0.006712,0.0
387,4,0,0,61.6819,82.0,14.9,,63.7506895998964,28.10577393,0.0,0.037581421,-1.246652365,3.071652365,5245.81081,1247.572998,864.972717,0.009456,0.008266
388,4,0,0,62.5994,82.0,14.9,,65.827458926722,25.68603516,0.0,-0.034705292,-1.463829756,3.288829756,5258.62719,0.0,0.0,0.0,0.0
389,4,0,0,63.2839,82.0,14.9,,67.6729394448772,28.10577393,0.0,-0.076121552,-1.693755388,3.518755388,5269.96925,0.0,0.0,0.0,0.0084
390,4,0,0,63.6537,82.0,14.9,,69.676243253653,27.92999268,0.0,-0.010929291,1.521500111,3.953499889,5282.275165,1301.069702,831.217773,0.0,0.008162
391,4,0,0,64.4288,83.0,14.9,,71.359919633857,26.65557861,0.0,0.125782715,1.045220852,4.429779148,5293.934312,1337.509033,716.724182,0.0,0.008292
392,4,0,0,64.8122,82.0,14.9,,73.3132917540182,26.52374268,0.0,0.094337036,0.704425097,4.770574903,5306.007086,0.0,0.0,0.0,0.008059
393,4,0,0,63.9394,82.0,14.9,,74.8989139931144,26.74346924,0.0,-0.072286713,0.606280804,4.868719196,5317.022708,0.0,0.0,0.0,0.0
394,4,0,0,64.6312,80.0,14.9,,76.8962343562372,22.38739014,0.0,0.008436646,0.465267897,5.009732103,5329.82549,1371.649658,952.244324,0.0,0.008376
395,4,0,0,65.3381,80.0,14.9,,76.6400319343892,0.0,63.7298584,-0.039307098,0.325321913,5.149678087,5341.10813,597.716125,64.858299,0.00924,0.008146
396,4,0,0,62.7691,80.0,14.9,,76.0615278115046,0.0,61.9720459,0.046785034,0.161914349,5.313085651,5354.3676,688.976501,729.328003,0.009079,0.00811
397,4,0,0,60.7312,80.0,14.9,,75.5558849960602,0.0,61.09313965,0.030678711,0.104691625,5.370308375,5366.388954,949.643372,680.268127,0.009252,0.008211
398,4,0,0,60.9711,81.0,15.2,,74.981036826947,0.0,55.38024902,0.02761084,0.060044169,5.414955831,5380.636064,772.276306,880.045227,0.009024,0.008349
399,4,0,0,61.8674,82.0,15.2,,74.4840614178472,0.0,60.36071777,-0.008628387,0.022833824,5.452166176,5392.896218,0.0,0.0,0.0,0.008283
400,4,0,0,61.2738,82.0,15.2,,73.9002349500882,0.0,61.53259277,-0.003259613,-0.047061563,5.522061563,5408.703921,717.669617,988.257813,0.00905,0.008207
401,4,0,0,56.8008,83.0,15.2,,73.41093567436,0.0,61.23962402,0.038348389,-0.141124964,5.616124964,5421.72514,722.618591,738.365173,0.009376,0.008161
402,4,0,0,58.9338,84.0,15.5,,72.8539260091692,0.0,56.25915527,0.019941162,-0.198178172,5.673178172,5437.780073,0.0,0.0,0.0,0.0
403,4,0,0,61.4976,85.0,15.5,,72.3723351662664,0.0,50.8392334,0.005368774,-0.197633147,5.672633147,5452.20488,1276.092163,944.648621,0.0,0.008268
404,4,0,0,62.3045,87.0,15.4,,71.8060518402596,0.0,46.1517334,0.008436646,-0.19332695,5.66832695,5469.120744,0.0,0.0,0.009394,0.0
405,4,0,0,61.9709,87.0,15.4,,71.3316815587612,0.0,45.5657959,-0.027035614,-0.180577874,5.655577874,5484.048686,791.240784,788.760803,0.008597,0.008975
406,4,0,0,59.1975,88.0,15.4,,70.7922815654382,0.0,43.66149902,0.005368774,-0.188423514,5.663423514,5500.97984,727.399292,702.414124,0.009219,0.008307
407,4,0,0,60.2373,88.0,15.4,,70.3252917493666,0.0,43.66149902,0.003834839,-0.237010837,5.712010837,5515.680341,0.0,0.0,0.0,0.0
408,4,0,0,61.1928,87.0,15.4,,69.794223486251,0.0,5.282592773,0.038348389,-0.283413172,5.758413172,5531.659129,0.0,0.0,0.0,0.008855
409,4,0,0,61.0717,85.0,15.4,,69.3158730977184,0.0,6.161499023,-0.020132904,-0.266312242,5.741312242,5546.138228,0.0,0.0,0.0,0.009177
410,4,0,0,62.4516,83.0,15.3,,68.7926884279938,0.0,0.0,-0.020132904,-0.204678416,5.679678416,5562.557755,1306.919556,567.762512,0.0,0.008109
411,4,0,0,60.911,82.0,15.3,,68.4152091532116,7.256469727,0.0,-0.015531097,-0.208054662,5.683054662,5576.814023,1308.426636,772.393677,0.0,0.008175
412,4,0,0,61.9502,82.0,15.3,,69.3040543461594,15.70220947,0.0,0.102006714,-0.248179317,5.723179317,5592.981439,0.0,0.0,0.0,0.0
413,4,0,0,63.2407,82.0,15.3,,70.3588569007964,18.42956543,0.0,-0.025501678,-0.183845639,5.658845639,5607.01896,0.0,0.0,0.009139,0.007869
414,4,0,0,62.1999,82.0,15.3,,71.6933914741524,19.13269043,0.0,0.005368774,-0.097064853,5.572064853,5622.277644,689.690918,700.818909,0.009205,0.007995
415,4,0,0,63.2191,82.0,15.3,,72.2509164178244,12.49145508,0.0,-0.013997162,-0.025397062,5.500397062,5636.104661,1298.485352,899.665771,0.0,0.008042
416,4,0,0,64.1165,81.0,15.0,,72.9073912290614,14.07348633,0.0,-0.016298065,0.034280658,5.440719342,5651.785421,1067.864624,776.661804,0.0,0.008027
417,4,0,0,64.6087,81.0,15.0,,73.5350093670934,13.9855957,0.0,-0.034705292,0.091541409,5.383458591,5665.400675,794.231995,681.607422,0.009346,0.008112
418,4,0,0,64.6087,78.0,14.7,,74.2372370064208,13.9855957,0.0,0.019941162,0.117247343,5.357752657,5680.841246,0.0,0.0,0.0,0.008231
419,4,0,0,63.5445,74.0,14.7,,74.8539801259632,13.85375977,0.0,-0.003259613,0.142032027,5.332967973,5694.247901,786.893127,850.013428,0.008257,0.009304
420,4,0,0,62.0956,73.0,14.4,,75.1366239074508,6.553344727,0.0,-0.012463226,0.165748954,5.309251046,5709.473595,1423.854614,941.289978,0.0,0.008177
421,4,0,0,63.4574,74.0,14.4,,75.177556955362,6.509399414,0.0,-0.010929291,0.163440704,5.311559296,5722.326024,1303.050171,870.758118,0.0,0.008128
422,4,0,0,64.5186,74.0,14.2,,75.2425845428578,7.124633789,0.0,0.00690271,0.13533628,5.33966372,5738.599796,0.0,0.0,0.0,0.008192
423,4,0,0,60.12,74.0,14.2,,75.359349611102,8.753356934,0.0,-0.015531097,0.120180726,5.354819274,5751.860926,674.994507,776.95929,0.00912,0.008088
424,4,0,0,60.3355,75.0,14.0,,75.611843228453,8.929138184,0.0,-0.003259613,0.08968389,5.38531611,5767.926195,768.155823,871.20752,0.009523,0.008268
425,4,0,0,55.6737,77.0,14.0,,75.841500794006,9.192810059,0.0,0.016106323,0.043125033,5.431874967,5782.112302,701.247192,738.312805,0.009091,0.008095
426,4,0,0,48.9239,78.0,14.1,,76.1114869876464,9.236755371,0.0,0.021475098,0.030111194,5.444888806,5798.486692,0.0,0.0,0.009423,0.008503
427,4,0,0,48.0471,80.0,14.1,,76.3485393900324,9.148864746,0.0,0.012271484,0.080518007,5.394481993,5812.952315,1294.705444,926.493774,0.0,0.008331
428,4,0,0,42.3542,81.0,13.9,,75.9370322141968,0.0,14.36462402,0.036047485,0.170625687,5.304374313,5829.622471,719.683777,752.98822,0.00924,0.008124
429,4,0,0,47.7051,82.0,13.9,,75.4142494771372,0.0,4.110717773,-0.045442841,0.238303661,5.236696339,5844.234758,0.0,0.0,0.0,0.008283
430,4,0,0,52.9849,81.0,14.0,,74.8392826352924,0.0,0.0,-0.048510712,0.246123552,5.228876448,5860.249425,0.0,0.0,0.0,0.0
431,4,0,0,55.9716,79.0,14.0,,74.3431816449882,0.0,0.0,-0.027035614,0.147660255,5.327339745,5875.587323,1265.607788,915.996887,0.0,0.008126
432,4,0,0,57.2872,78.0,13.8,,73.9096614016438,5.58380127,0.0,0.105074585,-0.064574122,5.539574122,5891.666939,0.0,0.0,0.0,0.0
433,4,0,0,55.7389,78.0,13.8,,73.6858496670804,0.0,0.0,0.04141626,-0.133399487,5.608399487,5906.396893,1275.980591,921.325378,0.0,0.008127
434,4,0,0,57.2872,78.0,13.9,,73.3674641983734,5.806274414,0.0,-0.004793549,-0.069578886,5.544578886,5923.289951,681.07843,726.726501,0.009153,0.007929
435,4,0,0,59.1842,78.0,13.9,,73.3584611641718,5.58380127,0.0,0.008436646,-0.030184627,5.505184627,5938.122576,665.854614,210.952393,0.0,0.007264
436,4,0,0,57.6136,78.0,14.0,,73.3438412115022,4.617004395,0.0,-0.052345551,0.047784925,5.427215075,5955.024488,0.0,0.0,0.0,0.0
437,4,0,0,58.5796,79.0,14.0,,73.2537209717538,4.968566895,0.0,-0.037773163,0.048231363,5.426768637,5969.699111,0.0,0.0,0.0,0.008525
438,4,0,0,59.3874,79.0,14.1,,73.1575720638984,5.982055664,0.0,0.036047485,-0.083875895,5.558875895,5986.340351,789.526001,857.55658,0.009285,0.00848
439,4,0,0,60.1591,79.0,14.1,,73.0764975058616,0.0,0.0,0.039882324,-0.233839393,5.708839393,6000.102256,1230.834351,913.213318,0.0,0.00833
440,4,0,0,59.848,79.0,14.2,,72.60425882738,3.562316895,0.0,0.111210327,-0.283529043,5.758529043,6017.212485,1242.108643,972.096191,0.0,0.008176
441,4,0,0,60.1982,78.0,14.2,,72.5574373170626,5.58380127,0.0,-0.081490326,-0.123360753,5.598360753,6030.837337,694.983276,795.786804,0.009057,0.008158
442,4,0,0,61.112,77.0,14.3,,72.5503610812694,5.539855957,0.0,-0.039307098,0.074713588,5.400286412,6047.140238,0.0,0.0,0.009258,0.008284
443,4,0,0,61.7436,77.0,14.3,,72.5412791733144,5.58380127,0.0,0.018407227,0.070433497,5.404566503,6061.402684,1314.714355,951.806519,0.0,0.00881
444,4,0,0,59.1219,78.0,14.3,,72.5357621304868,5.58380127,0.0,-0.003259613,0.025181532,5.449818468,6077.69259,1308.175659,806.804077,0.0,0.008757
445,4,0,0,59.2164,78.0,14.3,,72.5321272590694,5.58380127,0.0,0.049085938,0.096680045,5.378319955,6091.925138,1294.208252,850.039429,0.0,0.008137
446,4,0,0,53.1952,78.0,14.4,,72.5290700280582,5.58380127,0.0,-0.065384003,0.221851587,5.253148413,6108.177559,46.3144,745.655701,0.008979,0.008414
447,4,0,0,48.394,78.0,14.4,,72.5254397271664,5.671691895,0.0,-0.039307098,0.274348259,5.200651741,6122.32283,701.990112,611.342896,0.009239,0.008444
448,4,0,0,44.9836,79.0,14.5,,72.532621310356,5.894165039,0.0,-0.02856955,0.185809731,5.289190269,6137.772966,642.914307,854.830811,0.009321,0.008497
449,4,0,0,44.4614,80.0,14.5,,72.5761118570216,6.773071289,0.0,0.043717163,0.047359586,5.427640414,6152.550719,1296.044189,421.071503,0.0,0.00823
450,4,0,0,47.0356,81.0,14.2,,72.678487784139,6.509399414,0.0,0.026843872,-0.033048034,5.508048034,6167.999009,325.21701,658.715088,0.009377,0.002704
451,4,0,0,50.8735,80.0,14.2,,72.737864061571,6.465454102,0.0,0.030678711,-0.006791949,5.481791949,6182.10272,0.0,0.0,0.0,0.0
452,4,0,0,54.9393,79.0,14.3,,72.8080981697414,6.377563477,0.0,-0.034705292,0.060042739,5.414957261,6198.219755,1295.131348,781.686829,0.009522,0.008103
453,4,0,0,56.562,76.0,14.3,,72.86563495546,6.333618164,0.0,0.023776001,0.070890188,5.404109812,6212.321507,1322.760498,837.5177,0.0,0.008185
454,4,0,0,48.6575,75.0,14.1,,72.8733734024764,5.627746582,0.0,0.025309937,0.077181697,5.397818303,6227.765995,0.0,0.0,0.0,0.0
455,4,0,0,48.5694,75.0,14.1,,72.8753207038764,5.715637207,0.0,-0.010929291,0.101379752,5.373620248,6242.541602,0.0,0.0,0.0,0.006368
456,4,0,0,47.2845,76.0,14.2,,72.9106139324114,6.421508789,0.0,0.001533936,0.082159042,5.392840958,6258.005462,0.0,0.0,0.0,0.0
457,4,0,0,51.7574,76.0,14.2,,72.9727065021756,6.553344727,0.0,0.03451355,0.009442329,5.465557671,6272.141978,0.0,0.0,0.008912,0.0
458,4,0,0,55.7389,77.0,14.0,,73.0427148843176,6.509399414,0.0,0.029144775,-0.017732024,5.492732024,6288.313727,470.87561,119.602997,0.008936,0.0
459,4,0,0,53.6207,78.0,14.0,,73.1064846921364,6.597290039,0.0,0.012271484,0.017639637,5.457360363,6302.477677,266.056,683.161072,0.008988,0.002751
460,4,0,0,52.8804,79.0,14.1,,73.177517966364,6.465454102,0.0,0.016106323,0.09279263,5.38220737,6318.671545,0.0,0.0,0.0,0.0
461,4,0,0,55.3934,80.0,14.1,,73.2379552655646,6.377563477,0.0,0.017640259,0.198945761,5.276054239,6332.166411,639.255371,601.864014,0.0,0.002563
462,4,0,0,57.0434,81.0,13.9,,73.2904064564162,5.75958252,0.0,0.032979614,0.329672337,5.145327663,6349.042265,277.367493,810.024719,0.009023,0.002642
463,4,0,0,58.6662,82.0,13.9,,73.2877706954576,5.715637207,0.0,0.042183228,0.468292713,5.006707287,6362.555874,596.680115,621.515686,0.008929,0.0
464,4,0,0,58.6662,81.0,14.0,,73.2904976738074,5.894165039,0.0,0.0,0.732472658,4.742527342,6379.464452,0.0,0.0,0.0,0.0
465,4,0,0,55.1654,81.0,14.0,,73.2975254362798,5.75958252,0.0,-0.010162323,0.955754042,4.519245958,6393.005133,644.37262,1069.353149,0.0,0.00623
466,4,0,0,57.1651,81.0,13.8,,73.3122026331732,5.938110352,0.0,0.005368774,1.200176954,4.274823046,6409.269474,1298.467407,406.179596,0.006743,0.0
467,4,0,0,59.3151,80.0,13.8,,73.3274244629094,5.938110352,0.0,0.042183228,1.434497833,4.040502167,6423.513657,967.089783,1007.796692,0.0,0.008465
468,4,0,0,56.8017,80.0,13.9,,73.3048788647946,5.58380127,0.0,0.009203613,1.790999174,3.684000826,6439.798346,0.0,0.0,0.0,0.0
469,4,0,0,54.9393,81.0,13.9,,73.2924087811508,5.58380127,0.0,-0.016298065,-1.462768555,3.287768555,6454.045965,1268.192261,932.990784,0.0,0.007927
470,4,0,0,56.562,80.0,14.3,,73.2786621368322,5.58380127,0.0,0.094337036,-1.128409624,2.953409624,6470.330324,642.088806,79.689301,0.008241,0.0
471,4,0,0,55.6232,79.0,14.3,,73.2652031459452,5.75958252,0.0,-0.005560516,-0.788572073,2.613572073,6484.582355,1198.421387,922.679993,0.0,0.008264
472,4,0,0,53.1952,78.0,14.4,,73.3574118744918,11.0824585,0.0,-0.096062714,-0.343724489,2.168724489,6500.193939,0.0,0.0,0.0,0.008382
473,4,0,0,54.1624,78.0,14.4,,73.675540540815,9.544372559,0.0,-0.039307098,-0.130323648,1.955323648,6514.442247,0.0,0.0,0.0,0.0
474,4,0,0,52.1602,79.0,14.4,,73.9838898112272,9.500427246,0.0,-0.040074066,-0.075639486,1.900639486,6530.72358,0.0,0.0,0.0,0.0
475,4,0,0,55.3934,79.0,14.4,,74.2575695045412,9.588317871,0.0,0.023009033,-0.110253096,1.935253096,6544.967134,1223.300171,957.37738,0.009328,0.008202
476,4,0,0,57.9059,79.0,14.5,,74.5769558217942,8.530883789,0.0,0.00690271,-0.18854785,2.01354785,6561.241524,1284.952026,926.378418,0.0,0.008104
477,4,0,0,58.6662,79.0,14.5,,74.3914822514194,0.0,0.0,0.065959229,-0.258445501,2.083445501,6575.524469,1397.77063,991.767578,0.0,0.008434
478,4,0,0,57.0106,78.0,14.5,,73.9056322097396,0.0,0.0,0.005368774,-0.253481627,2.078481627,6589.872055,0.0,0.0,0.0,0.0
479,4,0,0,57.7934,78.0,14.5,,73.5561080076142,3.694152832,0.0,-0.032404388,-0.162687063,1.987687063,6605.653219,1243.015137,938.492615,0.0,0.008322
480,4,0,0,58.6724,78.0,14.6,,73.3983095491098,3.913879395,0.0,0.019941162,-0.114672899,1.939672899,6620.813924,1430.771851,993.395386,0.0,0.008483
481,4,0,0,59.0089,77.0,14.6,,73.3396861531166,5.23223877,0.0,0.0,-0.122512579,1.947512579,6636.684349,1203.900269,636.481018,0.0,0.008155
482,4,0,0,56.562,76.0,14.6,,73.2834010637698,4.88067627,0.0,0.010737549,-0.121651888,1.946651888,6651.075703,0.0,0.0,0.0,0.007994
483,4,0,0,58.7948,77.0,14.6,,73.200315233068,4.836730957,0.0,-0.016298065,-0.087579012,1.912579012,6667.431166,1249.676636,934.385925,0.0,0.008134
484,4,0,0,57.3283,77.0,14.6,,73.1346874100324,4.748840332,0.0,-0.003259613,-0.081975698,1.906975698,6681.704257,1427.554077,1001.206116,0.0,0.008421
485,4,0,0,51.7574,77.0,14.6,,73.0612429582432,5.364074707,0.0,0.008436646,-0.091226816,1.916226816,6698.000903,1375.74353,969.68042,0.0,0.008182
486,4,0,0,52.5693,78.0,14.7,,73.0329099642742,5.100402832,0.0,-0.003259613,-0.089874983,1.914874983,6712.247796,1320.994751,881.190186,0.0,0.008079
487,4,0,0,45.9867,79.0,14.7,,72.9534975647762,0.131835938,0.0,-0.003259613,-0.099542856,1.924542856,6728.511295,700.534119,755.048584,0.009235,0.008034
488,4,0,0,44.5353,79.0,14.7,,72.653602398785,5.58380127,0.0,0.017640259,-0.113868475,1.938868475,6742.049425,0.0,0.0,0.0,0.008417
489,4,0,0,49.1031,78.0,14.7,,72.6465518158714,5.58380127,0.0,0.025309937,-0.105962038,1.930962038,6758.958734,1331.050171,557.073608,0.0,0.008691
490,4,0,0,52.6726,77.0,14.4,,72.6350887767326,5.539855957,0.0,-0.025501678,-0.057920694,1.882920694,6772.479239,899.437988,797.827698,0.009235,0.008797
491,4,0,0,54.7151,76.0,14.4,,72.6272487642688,5.58380127,0.0,-0.001725677,-0.033231974,1.858231974,6788.649279,1340.100952,622.924011,0.0,0.008261
492,4,0,0,56.0887,76.0,14.2,,72.617252879941,3.47442627,0.0,-0.020132904,-0.028145552,1.853145552,6802.775054,0.0,0.0,0.0,0.0
493,4,0,0,57.2872,77.0,14.2,,72.2734106136196,5.58380127,0.0,-0.013997162,-0.055446863,1.880446863,6818.916313,797.16687,839.891479,0.009307,0.008489
494,4,0,0,58.5381,76.0,14.3,,72.3350851734122,6.641235352,0.0,0.050619873,-0.095083952,1.920083952,6833.037932,1301.953857,891.645325,0.0,0.008074
495,4,0,0,59.5788,76.0,14.3,,72.4001157060002,6.157836914,0.0,0.023776001,-0.078929186,1.903929186,6849.169888,665.317627,709.747192,0.009451,0.00825
496,4,0,0,57.8838,77.0,14.1,,72.4461783964142,6.201782227,0.0,-0.010162323,0.010532618,1.814467382,6863.231161,0.0,0.0,0.0,0.008376
497,4,0,0,58.5796,78.0,14.1,,72.530286479884,7.564086914,0.0,-0.015531097,0.130226374,1.694773626,6878.636713,0.0,0.0,0.009119,0.0
498,4,0,0,59.2164,78.0,14.1,,72.7050905283938,7.783813477,0.0,-0.025501678,0.19953084,1.62546916,6892.714981,678.471313,104.164001,0.0,0.008252
499,4,0,0,60.12,78.0,14.1,,72.887341089644,7.651977539,0.0,-0.020132904,0.211116076,1.613883924,6908.816494,699.583496,777.406677,0.009283,0.007966
500,4,0,0,60.4536,78.0,13.9,,73.018276670176,6.333618164,0.0,-0.02166684,0.175140142,1.649859858,6922.930573,1253.451416,582.486511,0.0,0.00826
501,4,0,0,60.9912,78.0,13.9,,73.0897021405616,6.553344727,0.0,-0.012463226,0.087231874,1.737768126,6939.105787,0.0,0.0,0.0,0.007289
502,4,0,0,61.518,78.0,14.0,,73.1526717523456,6.729125977,0.0,0.032212646,-0.020860434,1.845860434,6953.293225,672.190796,752.655212,0.00935,0.008359
503,4,0,0,61.9088,77.0,14.0,,73.0092747786058,0.0,16.41540527,0.014572388,-0.105655909,1.930655909,6968.851195,1416.474854,972.440186,0.0,0.007954
504,4,0,0,62.2417,76.0,13.8,,72.5440936192932,0.0,6.747436523,0.023776001,-0.098580599,1.923580599,6983.07033,1270.171875,880.462585,0.0,0.008296
505,4,0,0,62.2417,75.0,13.8,,71.994337796658,0.0,6.015014648,-0.005560516,-0.034669638,1.859669638,6999.312903,694.4646,719.084106,0.009205,0.008514
506,4,0,0,60.5525,74.0,13.9,,71.5188556543404,0.0,0.0,-0.015531097,0.020535707,1.804464293,7013.426207,686.032898,732.738892,0.009131,0.008216
507,4,0,0,61.0314,73.0,13.9,,70.9939610930526,0.0,0.0,-0.046976776,0.030893564,1.794106436,7029.431374,666.473083,731.274414,0.009011,0.008326
508,4,0,0,60.3355,73.0,14.0,,70.5432109177068,0.0,25.0579834,-0.016298065,-0.004063368,1.829063368,7043.328198,645.983704,773.22998,0.008888,0.008317
509,4,0,0,59.2733,72.0,14.0,,70.0101640193414,0.0,26.37634277,0.025309937,-0.112561464,1.937561464,7059.088126,717.948486,814.263794,0.009031,0.008421
510,4,0,0,57.8657,72.0,14.1,,69.5484416857436,0.0,27.4017334,0.009203613,-0.172610521,1.997610521,7072.12227,737.245483,873.66333,0.009344,0.008535
511,4,0,0,56.2145,74.0,14.1,,69.0226633875816,0.0,48.05603027,-0.004793549,-0.185636759,2.010636759,7088.289905,648.788391,785.131714,0.009362,0.008473
512,4,0,0,50.9702,77.0,14.2,,68.5849214108954,0.0,96.5423584,0.003834839,-0.192087412,2.017087412,7101.124837,655.447327,759.355225,0.008875,0.008569
513,4,0,0,48.22,78.0,14.2,,68.0673242087168,0.0,263.5345459,-0.007094452,-0.196768045,2.021768045,7116.411195,649.680908,795.396729,0.009579,0.008383
514,4,0,0,49.1932,78.0,14.3,,67.6196421435206,0.0,263.6810303,-0.056180389,-0.194013357,2.019013357,7129.684126,0.0,0.0,0.0,0.0
515,4,0,0,52.9849,77.0,14.3,,67.1244944135786,0.0,263.6810303,-0.039307098,-0.269375086,2.094375086,7144.736823,0.0,0.0,0.0,0.0
516,4,0,0,54.7151,76.0,14.4,,66.6978867361494,0.0,263.6810303,0.095104004,-0.416151285,2.241151285,7157.806142,0.0,0.0,0.009159,0.0
517,4,0,0,56.3244,75.0,14.4,,66.2394095883814,0.0,263.5345459,0.038348389,-0.460618734,2.285618734,7172.627431,0.0,0.0,0.009473,0.008313
518,4,0,0,57.4099,74.0,14.1,,65.818865051122,0.0,201.7181396,-0.023200775,-0.358657122,2.183657122,7185.496261,0.0,0.0,0.00881,0.008186
519,4,0,0,58.2835,75.0,14.1,,65.3693943010762,0.0,109.7259521,0.032979614,-0.233439207,2.058439207,7199.484595,1140.281128,1011.135376,0.0,0.008174
520,4,0,0,59.0538,76.0,14.2,,64.9539137291542,0.0,112.3626709,-0.07305368,-0.039158106,1.864158106,7212.760433,0.0,0.0,0.0,0.0
521,4,0,0,57.7811,76.0,14.2,,64.4776524248756,0.0,109.8724365,-0.013997162,0.06923604,1.75576396,7226.534576,1338.648804,705.88562,0.0,0.008266
522,4,0,0,57.5331,76.0,14.0,,64.0856933870312,0.0,81.16149902,-0.005560516,0.054591894,1.770408106,7239.016912,0.0,0.0,0.0,0.0
523,4,0,0,59.0538,76.0,14.0,,63.600927863484,0.0,37.80212402,0.038348389,0.018288374,1.806711626,7253.172967,1187.26355,968.227478,0.0,0.007853
524,4,0,0,57.6136,76.0,13.8,,63.198723541892,0.0,19.34509277,-0.032404388,0.064170599,1.760829401,7265.464438,0.0,0.0,0.0,0.0
525,4,0,0,58.561,75.0,13.8,,62.7374663075542,0.0,29.89196777,-0.013997162,0.110689878,1.714310122,7279.404195,1258.567383,819.908081,0.0,0.008258
526,4,0,0,59.2733,74.0,13.6,,62.3523963875412,6.201782227,0.0,-0.02166684,0.138551474,1.686448526,7291.547894,1223.219238,844.779297,0.0,0.008379
527,4,0,0,59.8287,74.0,13.6,,62.4120768463266,7.080688477,0.0,-0.013997162,0.099428415,1.725571585,7305.42577,1194.962524,884.854675,0.0,0.008406
528,4,0,0,59.7707,74.0,13.5,,62.2971147216844,0.0,174.4720459,-0.02856955,0.050755262,1.774244738,7316.929898,1118.715698,931.604004,0.0,0.008473
529,4,0,0,59.7707,74.0,13.5,,61.8406605947634,0.0,264.4134521,0.023776001,-0.019791365,1.844791365,7331.200017,1217.509766,801.497314,0.0,0.008318
530,4,0,0,60.5723,74.0,13.6,,61.4626337581396,0.0,264.4134521,0.037581421,-0.024551153,1.849551153,7342.528481,242.504501,272.06781,0.0,0.007918
531,4,0,0,61.1322,75.0,13.6,,61.0295971697454,0.0,118.661499,-0.016298065,0.024327993,1.800672007,7356.02084,0.0,0.0,0.0,0.008752
532,4,0,0,61.1322,77.0,13.7,,60.6575041950092,0.0,48.4954834,-0.020132904,0.055063009,1.769936991,7367.756679,231.4767,298.140198,0.008845,0.0
533,4,0,0,61.1524,78.0,13.7,,60.3159074568832,5.58380127,0.0,-0.010929291,0.053578615,1.771421385,7381.276319,1290.28125,780.262512,0.0,0.008407
534,4,0,0,62.2208,78.0,13.9,,60.6670103732684,13.15063477,0.0,-0.02856955,0.031028509,1.793971491,7393.372227,1298.169556,803.269104,0.0,0.008216
535,4,0,0,58.3764,77.0,13.9,,62.0250777943622,18.95690918,0.0,-0.000959,-0.034404039,1.859404039,7407.459779,0.0,0.0,0.007998,0.0
536,4,0,0,57.169,75.0,14.0,,62.9629309630448,16.80084229,0.0,0.02761084,-0.118832827,1.943832827,7420.053721,1234.050659,1006.838623,0.0,0.008046
537,4,0,0,55.7743,75.0,14.0,,64.13482785689,18.25378418,0.0,-0.02166684,-0.180100203,2.005100203,7434.158127,734.527527,902.056702,0.009094,0.008452
538,4,0,0,54.4926,74.0,14.4,,65.401468157595,17.94616699,0.0,0.010737549,-0.207610369,2.032610369,7447.999884,661.271912,834.990906,0.009459,0.007953
539,4,0,0,58.5381,73.0,14.4,,66.8989742841382,22.43133545,0.0,0.00690271,-0.224611044,2.049611044,7462.844374,692.04187,725.581787,0.009165,0.008084
540,4,0,0,58.524,73.0,14.4,,68.4701454547044,22.47528076,0.0,-0.010162323,-0.221432447,2.046432447,7476.732054,0.0,0.0,0.0,0.0
541,4,0,0,60.1786,74.0,14.4,,70.1949996956204,24.45556641,0.0,0.012271484,-0.229448557,2.054448557,7492.974572,1197.494141,961.076721,0.009471,0.008259
542,4,0,0,61.0717,74.0,14.8,,71.6394581777212,22.47528076,0.0,-0.025501678,-0.23735261,2.06235261,7507.479602,1343.430176,630.753601,0.0,0.008127
543,4,0,0,60.1982,73.0,14.8,,73.2754035291068,21.9039917,0.0,-0.003259613,-0.257839918,2.082839918,7523.350959,1240.031372,980.73407,0.0,0.007684
544,4,0,0,60.831,73.0,15.1,,74.6595795466084,18.95690918,0.0,0.023009033,-0.269826174,2.094826174,7538.415371,0.0,0.0,0.0,0.0
545,4,0,0,62.536,73.0,15.1,,74.544906974419,0.0,13.63220215,0.026843872,-0.256573915,2.081573915,7554.042944,1296.52124,857.775696,0.0,0.008316
546,4,0,0,63.5009,74.0,15.1,,74.0566241095546,0.0,55.81970215,0.012271484,-0.173289537,1.998289537,7568.204482,1365.150635,624.592285,0.0,0.007575
547,4,0,0,64.384,75.0,15.1,,73.494341812002,0.0,51.27868652,-0.001725677,-0.014846087,1.839846087,7584.264535,1282.28894,816.893311,0.009539,0.008422
548,4,0,0,64.7442,75.0,15.1,,73.00794567298,0.0,52.15759277,-0.019365936,0.117682219,1.707317781,7598.208366,1281.107788,429.380707,0.0,0.007897
549,4,0,0,65.3612,74.0,15.1,,72.4533281146718,0.0,126.4251709,-0.030870453,0.189134359,1.635865641,7614.021475,1347.842651,491.185486,0.007132,0.0
550,4,0,0,65.4999,74.0,14.8,,71.956449185505,0.0,121.2982178,-0.030870453,0.176067114,1.648932886,7627.751123,0.0,0.0,0.0,0.0
551,4,0,0,66.2497,75.0,14.8,,71.4117492815072,0.0,120.5657959,-0.010929291,0.064379454,1.760620546,7643.321271,1285.762573,919.93512,0.0,0.007977
552,4,0,0,66.7994,75.0,14.8,,70.9392617829682,0.0,119.1009521,0.087434326,-0.0356915,1.8606915,7656.199079,1298.018555,879.21698,0.0,0.00805
553,4,0,0,66.9685,76.0,14.8,,70.4000430174226,0.0,263.3880615,-0.02856955,0.015880346,1.809119654,7672.172279,817.793701,698.354309,0.009137,0.008503
554,4,0,0,67.6288,76.0,14.5,,69.9178921885734,0.0,263.3880615,-0.033938324,0.124067068,1.700932932,7684.852756,1237.53186,821.732788,0.0,0.007877
555,4,0,0,65.8259,76.0,14.5,,69.3713056392002,0.0,263.3880615,-0.049277679,0.144519091,1.680480909,7699.955026,1251.098145,208.415802,0.0,0.007919
556,4,0,0,64.8803,76.0,14.6,,68.9138964494562,0.0,263.3880615,0.052920776,0.065166235,1.759833765,7713.068196,1153.837158,817.237671,0.0,0.007784
557,4,0,0,66.2024,75.0,14.6,,68.3928941735188,0.0,263.3880615,0.018407227,0.035396814,1.789603186,7727.939604,1346.25647,702.10907,0.0,0.008476
558,4,0,0,66.8476,75.0,14.3,,67.9263001585268,0.0,263.2415771,-0.030103485,0.091149569,1.733850431,7740.852168,752.069397,735.170715,0.009248,0.008339
559,4,0,0,67.4564,75.0,14.3,,67.4128831204378,0.0,263.5345459,-0.030103485,0.120181799,1.704818201,7755.496166,0.0,0.0,0.0,0.0
560,4,0,0,68.0513,75.0,14.4,,66.9534177091626,0.0,143.5638428,-0.010162323,0.077675104,1.747324896,7768.211703,768.531799,755.155884,0.009494,0.008239
561,4,0,0,68.5551,75.0,14.4,,66.4322407232748,0.0,99.4720459,-0.012463226,-0.003993273,1.828993273,7782.03412,772.957275,716.528381,0.009309,0.008164
562,4,0,0,67.1871,76.0,14.2,,65.97908804471,0.0,93.6126709,0.018407227,-0.103666067,1.928666067,7794.560104,1305.372925,970.182983,0.009584,0.008258
563,4,0,0,64.2055,76.0,14.2,,65.465880301288,0.0,93.6126709,0.014572388,-0.212020159,2.037020159,7808.7659,866.395203,796.651001,0.009215,0.008242
564,4,0,0,65.8961,77.0,13.9,,65.035654875819,0.0,92.29431152,0.009203613,-0.271686792,2.096686792,7821.100777,1277.78894,928.976685,0.0,0.00837
565,4,0,0,67.3582,78.0,13.9,,64.5298586419924,0.0,85.70251465,0.005368774,-0.296686411,2.121686411,7835.089796,814.276428,922.703674,0.009408,0.008212
566,4,0,0,68.2268,77.0,14.0,,64.1060463559564,0.0,69.44274902,0.001533936,-0.300960302,2.125960302,7847.236394,887.183472,821.370422,0.008979,0.008556
567,4,0,0,68.7332,77.0,14.0,,63.6073261326154,0.0,52.30407715,0.001533936,-0.300237417,2.125237417,7861.011108,0.0,0.0,0.0,0.008071
568,4,0,0,68.9379,78.0,13.8,,63.189577904073,0.0,47.47009277,-0.017832001,-0.296931505,2.121931505,7872.444387,0.0,0.0,0.0,0.008225
569,4,0,0,69.351,78.0,13.8,,62.7127305103532,0.0,261.9232178,0.019941162,-0.314818621,2.139818621,7886.768435,818.105286,608.711426,0.008006,0.009254
570,4,0,0,69.6117,76.0,14.0,,62.285441518835,0.0,67.53845215,0.039882324,-0.330307722,2.155307722,7898.323706,1380.470459,796.002014,0.0,0.008399
571,4,0,0,69.5594,74.0,14.0,,61.8142728905194,0.0,21.5423584,-0.001725677,-0.24928546,2.07428546,7912.511744,1245.45166,766.476685,0.0,0.008999
572,4,0,0,70.0594,74.0,13.8,,61.838306757986,8.574829102,0.0,-0.072286713,-0.098839521,1.923839521,7925.235357,0.0,0.0,0.0,0.0
573,4,0,0,70.6474,75.0,13.8,,61.888075677953,8.442993164,0.0,-0.054646454,-0.045338392,1.870338392,7940.120424,1352.069824,903.075317,0.0,0.008422
574,4,0,0,70.9995,75.0,13.9,,62.4766416037318,14.77935791,0.0,-0.043141937,-0.124856234,1.949856234,7953.558541,1295.519775,774.385071,0.0,0.008883
575,4,0,0,71.1086,75.0,13.9,,64.157004481623,25.77392578,0.0,0.029144775,-0.303521395,2.128521395,7969.345793,0.0,0.0,0.008503,0.0
576,4,0,0,71.2454,75.0,13.7,,65.49082233541,13.23852539,0.0,0.054454712,-0.4066751,2.2316751,7983.506335,0.0,0.0,0.009367,0.0
577,4,0,0,71.218,76.0,13.7,,67.046223615503,28.7210083,0.0,0.042183228,-0.434531927,2.259531927,7999.277399,563.515625,867.118103,0.009493,0.007994
578,4,0,0,71.6866,78.0,13.5,,68.9648031567098,28.10577393,0.0,-0.036239227,-0.395290613,2.220290613,8014.376089,1070.393555,890.672607,0.008847,0.008965
579,4,0,0,72.1334,79.0,13.5,,70.8227618213022,25.42236328,0.0,0.003834839,-0.401422262,2.226422262,8030.040471,1316.011353,711.847717,0.0,0.007746
580,4,0,0,72.6143,79.0,13.4,,72.4193223420434,23.92822266,0.0,0.04141626,-0.433972597,2.258972597,8044.232168,264.134186,608.934875,0.009202,0.002807
581,4,0,0,72.5005,78.0,13.4,,73.8937936472052,15.30670166,0.0,0.039882324,-0.387009382,2.212009382,8060.326884,239.9823,810.604675,0.009299,0.002733
582,4,0,0,72.7855,78.0,13.3,,74.322844528062,0.0,36.04431152,0.023776001,-0.263304472,2.088304472,8074.302042,243.931,732.440674,0.009227,0.002692
583,4,0,0,73.1304,79.0,13.3,,73.7464402398226,0.0,30.77087402,-0.105266327,-0.06161809,1.88661809,8089.49252,0.0,0.0,0.008781,0.0
584,4,0,0,73.5078,78.0,13.4,,73.2333169545638,0.0,26.52282715,-0.081490326,-0.077214479,1.902214479,8103.9108,623.671509,777.801514,0.009123,0.008483
585,4,0,0,73.8891,77.0,13.4,,72.6582005889396,0.0,12.60681152,0.051386841,-0.338288546,2.163288546,8118.920723,0.0,0.0,0.0,0.008067
586,4,0,0,74.096,76.0,13.3,,72.160443410748,0.0,13.3392334,0.063658325,-0.505192041,2.330192041,8132.59761,0.0,0.0,0.0,0.008625
587,4,0,0,74.0664,76.0,13.3,,71.611643262485,0.0,12.7532959,0.037581421,-0.554622412,2.379622412,8148.161088,0.0,0.0,0.0,0.00819
588,4,0,0,73.4204,76.0,13.5,,71.1209836438416,0.0,10.9954834,0.0,-0.475742102,2.300742102,8161.799288,0.0,0.0,0.0,0.008578
589,4,0,0,73.9776,76.0,13.5,,70.5647500345856,0.0,0.0,0.0,-0.380256891,2.205256891,8177.296976,645.755615,805.075928,0.008963,0.008354
590,4,0,0,74.4835,77.0,13.3,,70.5103765031974,6.553344727,0.0,-0.000959,-0.36246562,2.18746562,8190.752923,1221.675415,850.319092,0.0,0.008294
591,4,0,0,74.6938,77.0,13.3,,70.185625434961,0.0,0.0,-0.003259613,-0.363707781,2.188707781,8206.013208,1145.698853,897.353027,0.00268,0.008473
592,4,0,0,74.6035,77.0,13.2,,70.0158059791398,7.388305664,0.0,0.016106323,-0.370984316,2.195984316,8218.634876,1025.878052,670.855286,0.002665,0.008032
593,4,0,0,69.351,77.0,13.2,,70.1981656375486,0.0,0.0,0.003834839,-0.354258776,2.179258776,8234.291129,1074.999146,662.070496,0.002848,0.008341
594,4,0,0,69.7165,77.0,12.8,,69.7113946510538,0.0,19.7845459,0.029144775,-0.313285589,2.138285589,8246.720125,1096.818359,976.928284,0.002697,0.008306
595,4,0,0,71.6035,77.0,12.8,,69.1677353463,0.0,70.7611084,0.012271484,-0.210825205,2.035825205,8261.523076,954.515015,698.910828,0.002928,0.008129
596,4,0,0,72.6427,78.0,12.7,,68.6947631789266,0.0,98.00720215,-0.032404388,-0.09079957,1.91579957,8274.375929,1050.028442,610.742188,0.002753,0.008545
597,4,0,0,73.1304,78.0,12.7,,68.2260793554776,0.0,263.3880615,-0.010162323,-0.007510424,1.832510424,8287.136778,994.61792,666.341492,0.002679,0.007925
598,4,0,0,73.4786,77.0,12.6,,67.695010207225,0.0,263.5345459,-0.030103485,0.067232847,1.757767153,8301.608593,980.847473,657.240601,0.002839,0.008145
599,4,0,0,73.1593,77.0,12.6,,67.2330704678866,0.0,263.5345459,0.010737549,0.092562914,1.732437086,8313.576292,914.104004,1016.12439,0.002806,0.008051
600,4,0,0,73.0439,77.0,12.6,,66.7262055357396,0.0,261.1907959,-0.046976776,0.125914335,1.699085665,8328.53889,1090.086548,678.125122,0.002648,0.008624
601,4,0,0,72.5005,76.0,12.6,,66.2697291033662,0.0,263.0950928,-0.046976776,0.123794317,1.701205683,8340.623202,1163.782349,1014.003296,0.0,0.008077
602,4,0,0,66.1314,76.0,12.5,,65.7847334120122,0.0,210.067749,0.061357422,0.038588285,1.786411715,8355.878781,599.574402,520.562805,0.002848,0.002766
603,4,0,0,57.9381,77.0,12.5,,65.3365310632874,0.0,235.1165771,-0.023200775,0.054820299,1.770179701,8368.220362,678.493713,436.692902,0.00282,0.0
604,4,0,0,59.1975,76.0,12.5,,64.8405591259578,0.0,93.75915527,-0.076121552,0.031418085,1.793581915,8383.190167,717.316101,504.379486,0.002827,0.002753
605,4,0,0,60.811,76.0,12.5,,64.4141462108554,4.52911377,0.0,0.074395874,-0.140569925,1.965569925,8396.470621,679.225098,502.843811,0.002828,0.002668
606,4,0,0,61.9709,77.0,12.4,,64.9084280675972,9.500427246,0.0,0.108909424,-0.315383196,2.140383196,8411.862077,690.47168,508.850708,0.002733,0.002822
607,4,0,0,61.6409,78.0,12.4,,65.466754736177,11.21429443,0.0,0.06212439,-0.277443171,2.102443171,8425.509566,620.848389,510.027313,0.002583,0.002948
608,4,0,0,61.1928,79.0,12.4,,66.1321701392236,12.44750977,0.0,-0.060015228,-0.049900293,1.874900293,8440.639684,597.590515,578.853882,0.009181,0.002651
609,4,0,0,61.4364,79.0,12.4,,66.8017951894686,12.40356445,0.0,-0.060015228,0.126476526,1.698523474,8455.233524,612.482117,602.309509,0.0,0.002813
610,4,0,0,62.2626,76.0,12.4,,67.5484817153396,15.92193604,0.0,0.032212646,0.193128347,1.631871653,8470.547079,327.077301,615.958618,0.009176,0.002905
611,4,0,0,63.6319,76.0,12.4,,68.418401456129,15.35064697,0.0,0.010737549,0.23950696,1.58549304,8484.592769,642.479675,862.966614,0.009021,0.002805
612,4,0,0,64.1832,76.0,12.3,,69.3963412564432,15.30670166,0.0,-0.016298065,0.345902681,1.479097319,8500.720615,236.085007,576.566284,0.00928,0.002765
613,4,0,0,64.8122,76.0,12.3,,70.2119837848434,15.04302979,0.0,-0.061549164,0.394783735,1.430216265,8514.893834,214.666901,562.919922,0.009314,0.002744
614,4,0,0,65.8259,75.0,12.6,,71.1072391238518,14.77935791,0.0,0.026843872,0.304149389,1.520850611,8531.148543,254.391495,781.278992,0.009443,0.002546
615,4,0,0,66.4399,76.0,12.6,,71.644394377556,7.080688477,0.0,0.036047485,0.189597368,1.635402632,8545.396582,0.0,0.0,0.008905,0.0
616,4,0,0,66.8717,78.0,12.5,,71.8979270813714,9.236755371,0.0,-0.004793549,0.14700675,1.67799325,8561.700038,0.0,0.0,0.009441,0.0
617,4,0,0,67.1628,79.0,12.5,,72.1940587092122,9.500427246,0.0,-0.008628387,0.139182329,1.685817671,8575.290532,640.250305,266.118805,0.0,0.002803
618,4,0,0,67.3582,80.0,12.8,,72.5435796604708,9.412536621,0.0,0.00690271,0.106496096,1.718503904,8592.189943,0.0,0.0,0.0,0.0
619,4,0,0,67.5055,79.0,12.8,,72.8385239816332,9.104919434,0.0,0.026843872,0.069468737,1.755531263,8605.65956,802.546875,560.979309,0.0,0.008841
620,4,0,0,67.5548,79.0,12.7,,73.1238724842984,8.530883789,0.0,-0.044675873,0.042932749,1.782067251,8621.728229,662.133301,600.913086,0.0,0.002659
621,4,0,0,67.9763,77.0,12.7,,73.2568741516158,7.168579102,0.0,-0.023200775,-0.06318593,1.88818593,8635.708713,373.480499,647.786926,0.009371,0.00262
622,4,0,0,67.9763,77.0,12.6,,73.3546637655078,6.773071289,0.0,0.096637939,-0.290175676,2.115175676,8651.67513,0.0,0.0,0.0,0.0
623,4,0,0,66.7753,77.0,12.6,,73.403834783478,5.671691895,0.0,0.065192261,-0.374535799,2.199535799,8665.634695,131.394394,789.424011,0.009177,0.0
624,4,0,0,66.3447,78.0,12.6,,73.157790354776,0.0,0.0,-0.056180389,-0.203408003,2.028408003,8681.51021,660.268616,583.347595,0.0,0.002601
625,4,0,0,66.7031,79.0,12.6,,72.7898653614256,4.485168457,0.0,-0.043141937,-0.048180819,1.873180819,8695.294494,634.923828,599.164307,0.0,0.002866
626,4,0,0,67.2604,80.0,12.5,,72.5076571156222,0.0,0.0,-0.017832001,-0.061130285,1.886130285,8710.277776,0.0,0.0,0.0,0.007874
627,4,0,0,64.9258,80.0,12.5,,72.012919880034,0.087890625,0.0,0.065959229,-0.13898015,1.96398015,8724.499422,0.0,0.0,0.0,0.007688
628,4,0,0,62.0748,80.0,12.5,,71.8620461701486,5.188293457,0.0,0.04141626,-0.122347593,1.947347593,8739.253127,0.0,0.0,0.0,0.008104
629,4,0,0,63.5663,80.0,12.5,,71.8451044548478,5.144348145,0.0,-0.085325165,0.030337572,1.794662428,8752.62271,0.0,0.0,0.008624,0.0
630,4,0,0,64.05,79.0,12.7,,71.7246985445348,1.0546875,0.0,-0.053879486,0.028603792,1.796396208,8767.784422,718.834106,729.812927,0.009135,0.008538
631,4,0,0,64.5636,78.0,12.7,,71.219200714531,0.0,175.7904053,0.038348389,-0.13526082,1.96026082,8780.946921,673.690002,635.783875,0.009195,0.008361
632,4,0,0,65.6625,78.0,13.0,,70.6591221184272,0.0,262.6556396,0.091269165,-0.298430681,2.123430681,8795.255066,726.49292,668.549377,0.008327,0.008441
633,4,0,0,64.7895,77.0,13.0,,70.157258322984,0.0,262.6556396,-0.049277679,-0.234829187,2.059829187,8808.835731,1306.189209,647.841003,0.009063,0.008302
634,4,0,0,62.0124,78.0,12.9,,69.6084959459308,0.0,119.9798584,-0.020132904,-0.173393011,1.998393011,8822.925057,500.305389,25.703699,0.0,0.008039
635,4,0,0,61.8881,77.0,12.9,,69.133784226858,0.0,170.9564209,0.003067871,-0.222787142,2.047787142,8835.692766,633.765625,718.259399,0.009222,0.008194
636,4,0,0,63.7633,77.0,13.1,,68.609028342398,0.0,129.5013428,-0.003259613,-0.262544394,2.087544394,8850.172538,1185.899292,899.433777,0.007552,0.007668
637,4,0,0,65.2231,77.0,13.1,,68.1561738423484,0.0,120.2728271,-0.10756723,-0.232121706,2.057121706,8862.745322,1267.104248,970.50293,0.0,0.007982
638,4,0,0,65.5695,78.0,13.0,,67.6539882593722,0.0,263.2415771,0.091269165,-0.391455412,2.216455412,8877.004214,1061.897949,324.760406,0.0,0.007857
639,4,0,0,66.0607,78.0,13.0,,67.1867798949286,0.0,126.864624,0.054454712,-0.487239122,2.312239122,8889.385163,0.0,0.0,0.0,0.007712
640,4,0,0,66.6311,78.0,13.2,,66.678468021281,0.0,263.5345459,-0.032404388,-0.38804698,2.21304698,8903.426425,0.0,0.0,0.0,0.007951
641,4,0,0,66.2734,78.0,13.2,,66.2230993459098,0.0,58.30993652,0.012271484,-0.343316793,2.168316793,8915.039821,0.0,0.0,0.0,0.0
642,4,0,0,63.1114,78.0,13.4,,65.7070367942618,0.0,26.08337402,0.016106323,-0.35612464,2.18112464,8929.4454,0.0,0.0,0.0,0.007747
643,4,0,0,63.3272,79.0,13.4,,65.2602514855004,0.0,16.56188965,-0.005560516,-0.318564177,2.143564177,8940.883156,1045.082886,336.194794,0.0,0.007834
644,4,0,0,60.1982,79.0,13.5,,64.7522165309866,0.0,15.6829834,-0.023200775,-0.257579088,2.082579088,8954.735849,1279.179688,992.262207,0.0,0.007769
645,4,0,0,56.2063,80.0,13.5,,64.2946814586678,0.0,3.964233398,-0.019365936,-0.226830721,2.051830721,8967.221613,1322.270752,777.262085,0.0,0.007828
646,4,0,0,57.4099,80.0,14.0,,63.7945790375744,0.0,264.2669678,0.009203613,-0.243069887,2.068069887,8981.949291,0.0,0.0,0.0,0.0
647,4,0,0,57.92,79.0,14.0,,63.360306347313,0.0,264.1204834,0.014572388,-0.232645273,2.057645273,8995.259904,1309.396729,924.318909,0.0,0.007879
648,4,0,0,60.4734,78.0,14.1,,62.8829073684016,0.0,144.7357178,-0.001725677,-0.199919462,2.024919462,9010.729984,1224.223022,963.943787,0.0,0.007579
649,4,0,0,62.3045,77.0,14.1,,62.4697614499242,0.0,120.2728271,0.019941162,-0.172839403,1.997839403,9024.338237,0.0,0.0,0.0,0.008482
650,4,0,0,62.2208,79.0,14.1,,61.9982645162486,0.0,44.10095215,0.0,-0.165327311,1.990327311,9039.367801,763.82251,820.307922,0.00923,0.008106
651,4,0,0,61.1726,80.0,14.1,,61.6219907175934,7.344360352,0.0,0.016106323,-0.180227041,2.005227041,9053.214795,1197.299072,940.981506,0.0,0.007784
652,4,0,0,62.3465,80.0,14.2,,62.8459494224772,23.88427734,0.0,0.059823486,-0.164410353,1.989410353,9069.174096,1240.448853,942.362671,0.0,0.00804
653,4,0,0,64.5861,80.0,14.2,,64.6871421760704,25.24658203,0.0,0.030678711,-0.116814852,1.941814852,9083.187904,722.735291,796.350891,0.009322,0.008297
654,4,0,0,63.8513,80.0,14.6,,66.7327920815576,28.45733643,0.0,-0.057714325,-0.003731966,1.828731966,9099.145038,0.0,0.0,0.009424,0.008539
655,4,0,0,58.3213,80.0,14.6,,68.8009888243514,28.10577393,0.0,-0.030103485,-0.009733438,1.834733438,9113.082906,1384.414673,890.718323,0.0,0.008148
656,4,0,0,59.1219,82.0,14.6,,69.6714849824486,8.047485352,0.0,0.042183228,-0.08809495,1.91309495,9128.992564,1240.000977,901.695007,0.0,0.007851
657,4,0,0,61.7231,84.0,14.6,,70.0182505505064,10.027771,0.0,-0.010929291,-0.159573793,1.984573793,9142.253175,785.632996,995.046509,0.009068,0.008438
658,4,0,0,63.3056,85.0,14.7,,70.691137958239,12.71118164,0.0,0.029144775,-0.259003878,2.084003878,9158.855648,0.0,0.0,0.009256,0.007836
659,4,0,0,64.25,85.0,14.7,,71.2790727008698,12.40356445,0.0,0.067493164,-0.288028002,2.113028002,9172.158947,757.165283,1035.559448,0.009214,0.008602
660,4,0,0,64.7895,85.0,14.7,,71.9124180937202,12.71118164,0.0,-0.027035614,-0.162656546,1.987656546,9188.067837,0.0,0.0,0.0,0.0
661,4,0,0,65.3612,84.0,14.7,,72.0760601140448,6.773071289,0.0,-0.049277679,-0.005309343,1.830309343,9201.880867,1222.508545,733.350891,0.0,0.008454
662,4,0,0,66.3685,82.0,14.7,,71.7556479873824,0.0,0.0,-0.048510712,0.068520784,1.756479216,9217.545852,750.18927,931.787781,0.009251,0.008412
663,4,0,0,65.8025,80.0,14.7,,71.7146210505756,5.58380127,0.0,-0.024734711,0.020158052,1.804841948,9231.147378,1415.654663,854.03418,0.0,0.008226
664,4,0,0,65.8727,80.0,14.5,,71.5864558522932,5.58380127,0.0,0.016106323,-0.104816198,1.929816198,9246.572599,1314.205688,672.663696,0.007119,0.008067
665,4,0,0,66.2734,80.0,14.5,,71.5951635082312,6.069946289,0.0,0.016106323,-0.126186132,1.951186132,9259.965819,1304.256958,877.473877,0.0,0.008248
666,4,0,0,66.5593,80.0,14.2,,71.7251447501432,6.729125977,0.0,-0.008628387,-0.121353388,1.946353388,9274.471252,1281.972168,1003.368225,0.0,0.007961
667,4,0,0,66.8476,79.0,14.2,,71.8304925327848,6.685180664,0.0,-0.008628387,-0.138357878,1.963357878,9288.129676,1306.117065,846.090027,0.0,0.008149
668,4,0,0,67.2604,79.0,14.3,,71.6094508264162,0.0,46.7376709,0.0,-0.180491209,2.005491209,9302.298434,1211.623047,918.580017,0.008719,0.008135
669,4,0,0,67.6288,77.0,14.3,,71.0841296290944,0.0,263.0950928,0.0,-0.230875254,2.055875254,9315.138232,0.0,0.0,0.008912,0.008262
670,4,0,0,67.5794,76.0,14.1,,70.512052131912,0.0,263.2415771,-0.000959,-0.283330202,2.108330202,9329.699511,765.494324,658.916077,0.00864,0.008394
671,4,0,0,67.1141,75.0,14.1,,70.0129054817512,0.0,263.3880615,-0.005560516,-0.333453417,2.158453417,9342.343031,741.413879,861.907898,0.008828,0.008308
672,4,0,0,65.9196,75.0,13.9,,69.449953875786,0.0,164.364624,0.049085938,-0.404686689,2.229686689,9356.087106,802.092529,670.497314,0.00896,0.008297
673,4,0,0,67.0412,75.0,13.9,,68.9744224393842,0.0,144.5892334,0.03451355,-0.422292948,2.247292948,9369.139841,852.064697,663.261902,0.008407,0.0087
674,4,0,0,67.3827,76.0,13.7,,68.4188746181824,0.0,148.8372803,0.023776001,-0.315288305,2.140288305,9382.699035,1030.716675,714.799194,0.008055,0.0
675,4,0,0,67.7773,77.0,13.7,,67.1655369127032,0.0,181.5032959,-0.112936005,-0.12822032,1.95322032,9394.999575,1202.532593,716.21051,0.006859,0.0
676,4,0,0,67.9265,76.0,13.5,,66.6208458278886,0.0,263.0950928,-0.015531097,-0.074408293,1.899408293,9409.093441,1202.048096,826.94519,0.0,0.007998
677,4,0,0,68.7588,75.0,13.5,,66.168150008763,0.0,47.17712402,0.059823486,-0.214600325,2.039600325,9421.532201,0.0,0.0,0.00912,0.00819
678,4,0,0,67.2604,74.0,13.4,,65.6506950722404,0.0,37.3626709,0.037581421,-0.239040613,2.064040613,9436.028134,0.0,0.0,0.0,0.0
679,4,0,0,65.269,73.0,13.4,,65.1865688352978,0.0,27.54821777,-0.02166684,-0.154155493,1.979155493,9448.99538,0.0,0.0,0.0,0.008019
680,4,0,0,67.1871,72.0,13.2,,64.6637518353896,0.0,16.8548584,-0.017832001,-0.095910788,1.920910788,9464.132946,0.0,0.0,0.009123,0.008399
681,4,0,0,68.4791,72.0,13.2,,64.2069077331998,0.0,3.085327148,-0.010162323,-0.109598398,1.934598398,9476.924489,0.0,0.0,0.009158,0.0
682,4,0,0,68.9379,73.0,13.1,,63.8100381323068,0.0,48.78845215,0.014572388,-0.163123369,1.988123369,9492.802253,0.0,0.0,0.0,0.0
683,4,0,0,68.7843,75.0,13.1,,63.3598785525542,0.0,39.7064209,0.010737549,-0.209518671,2.034518671,9505.406971,863.583801,777.233276,0.00893,0.008356
684,4,0,0,66.0842,76.0,13.3,,63.498058609283,0.0,0.0,0.032212646,-0.22415185,2.04915185,9520.419138,237.498505,638.59259,0.008134,0.0
685,4,0,0,59.8093,77.0,13.3,,63.5298085056598,14.60357666,0.0,0.03451355,-0.170438528,1.995438528,9533.4541,254.606903,274.663605,0.008333,0.0
686,4,0,0,62.536,78.0,13.2,,64.7247192994664,17.41882324,0.0,-0.077655487,-0.001586676,1.826586676,9548.237067,764.091675,910.177795,0.009422,0.008609
687,4,0,0,61.355,78.0,13.2,,66.0384017349094,18.91296387,0.0,-0.030870453,0.081541777,1.743458223,9561.09137,641.245117,757.836792,0.009238,0.008552
688,4,0,0,60.4339,78.0,13.1,,67.4633294759844,19.35241699,0.0,0.003834839,0.084835291,1.740164709,9575.877339,1311.692261,697.778687,0.008756,0.009285
689,4,0,0,58.4105,77.0,13.1,,68.841490102434,22.73895264,0.0,0.017640259,0.056584597,1.768415403,9588.93942,845.634277,1015.759888,0.009089,0.008172
690,4,0,0,58.4133,74.0,13.0,,68.8526999119238,0.0,100.9368896,0.003834839,0.043524981,1.781475019,9603.395848,642.247009,662.524902,0.00951,0.008597
691,4,0,0,60.5921,73.0,13.0,,68.3675451212174,0.0,105.3314209,-0.024734711,0.043438673,1.781561327,9617.364354,841.353821,691.28241,0.008997,0.008959
692,4,0,0,61.7231,73.0,13.2,,67.8183648146596,0.0,98.15368652,-0.004793549,0.015823126,1.809176874,9632.120614,1278.388184,734.582275,0.0,0.00854
693,4,0,0,62.2626,73.0,13.2,,67.339747838956,0.0,65.92712402,0.00690271,-0.03789115,1.86289115,9645.73299,0.0,0.0,0.008863,0.0
694,4,0,0,62.9184,74.0,13.1,,66.7826277086676,0.0,44.83337402,-0.004793549,-0.099472761,1.924472761,9661.460189,1232.749878,747.36969,0.0,0.008183
695,4,0,0,63.2839,76.0,13.1,,66.3277061240418,0.0,19.05212402,-0.004793549,-0.141261339,1.966261339,9675.371307,787.677979,877.99939,0.008667,0.00894
696,4,0,0,63.8953,78.0,13.2,,66.2139907229108,11.21429443,0.0,0.010737549,-0.202820063,2.027820063,9691.447294,782.899719,713.647278,0.008715,0.008274
697,4,0,0,64.4962,78.0,13.2,,66.7756759875102,11.21429443,0.0,-0.000959,-0.2487185,2.0737185,9704.988445,533.71283,462.659088,0.008592,0.003136
698,4,0,0,64.699,78.0,13.4,,67.5135073292454,11.74438477,0.0,0.013038452,-0.289141417,2.114141417,9721.963381,1073.744141,144.295898,0.007452,0.0
699,4,0,0,65.017,79.0,13.4,,68.1488024535992,12.49145508,0.0,0.038348389,-0.304038763,2.129038763,9735.445242,0.0,0.0,0.009378,0.0
700,4,0,0,64.2055,79.0,13.6,,68.86807865231,12.88696289,0.0,0.005368774,-0.226121664,2.051121664,9752.308418,0.0,0.0,0.0,0.0
701,4,0,0,64.8803,79.0,13.6,,69.5502702017582,13.50219727,0.0,-0.053879486,-0.116105795,1.941105795,9765.852897,0.0,0.0,0.0,0.0
702,4,0,0,65.8259,76.0,13.7,,70.3555497231898,13.41430664,0.0,-0.032404388,-0.074958563,1.899958563,9782.167321,1354.802368,764.203003,0.0,0.007858
703,4,0,0,64.6087,75.0,13.7,,71.0944964662922,14.07348633,0.0,0.039882324,-0.117075205,1.942075205,9796.464889,1336.18457,844.806885,0.0,0.008137
704,4,0,0,61.4772,74.0,13.8,,71.887689248868,14.64752197,0.0,0.043717163,-0.096656084,1.921656084,9812.706607,0.0,0.0,0.009196,0.0
705,4,0,0,61.112,75.0,13.8,,72.6611138483944,14.24926758,0.0,-0.040074066,0.00220561,1.82279439,9826.80846,0.0,0.0,0.0,0.0
706,4,0,0,63.2191,77.0,13.9,,73.4691955204472,11.30218506,0.0,-0.024734711,0.09043479,1.73456521,9842.799812,1312.416626,769.123291,0.0,0.008339
707,4,0,0,63.2839,78.0,13.9,,73.1472786447914,0.0,14.36462402,-0.036239227,0.077742338,1.747257662,9856.684791,691.330505,773.9823,0.00933,0.008474
708,4,0,0,64.5636,80.0,14.0,,72.6832470370408,7.432250977,0.0,0.017640259,-0.036013842,1.861013842,9871.550282,0.0,0.0,0.0,0.0
709,4,0,0,65.3612,80.0,14.0,,72.9428695799766,8.179321289,0.0,0.030678711,-0.112233877,1.937233877,9884.717208,620.567871,787.90448,0.009063,0.008488
710,4,0,0,65.8259,79.0,14.1,,73.2630982579724,9.148864746,0.0,-0.010162323,-0.12504077,1.95004077,9899.64991,570.989014,334.233612,0.009118,0.007996
711,4,0,0,65.6159,78.0,14.1,,73.4856780427658,7.564086914,0.0,-0.032404388,-0.141210794,1.966210794,9912.614729,1218.203369,901.004883,0.008998,0.007786
712,4,0,0,66.3922,78.0,13.9,,73.4342642968518,0.0,269.3939209,0.03451355,-0.217725515,2.042725515,9926.707813,653.579895,765.856323,0.009118,0.008282
713,4,0,0,66.7031,78.0,13.9,,72.9114008513912,0.0,264.1204834,0.046785034,-0.306788206,2.131788206,9940.085374,1257.759155,840.007874,0.007646,0.007884
714,4,0,0,66.6551,77.0,14.0,,72.321104466684,0.0,264.2669678,0.042183228,-0.286020041,2.111020041,9953.96294,963.118591,972.778015,0.007727,0.008007
715,4,0,0,66.6551,75.0,14.0,,71.7906019670454,0.0,186.630249,-0.057714325,-0.147046328,1.972046328,9966.538941,1326.897217,893.409302,0.008885,0.008244
716,4,0,0,66.9927,73.0,13.8,,71.2962580541532,0.0,187.3626709,-0.050811615,-0.060590982,1.885590982,9979.757591,1223.063354,869.107422,0.0,0.007814
717,4,0,0,66.7753,73.0,13.8,,68.5201172480718,0.0,165.3900146,-0.007094452,-0.145977736,1.970977736,9993.834447,1226.894409,870.243774,0.0,0.007935
718,4,0,0,64.05,74.0,13.9,,67.6134228812774,0.0,263.5345459,0.003834839,-0.267784834,2.092784834,10006.96045,969.492676,933.085876,0.008628,0.007893
719,4,0,0,65.4767,75.0,13.9,,67.0791242865402,0.0,263.5345459,0.042183228,-0.348267317,2.173267317,10022.28856,965.768677,714.242493,0.008044,0.008105
720,4,0,0,66.7031,77.0,13.7,,66.6025963950906,0.0,262.0697021,-0.007094452,-0.233719587,2.058719587,10035.96352,0.0,0.0,0.0,0.008144
721,4,0,0,67.5055,77.0,13.7,,66.0683011316872,0.0,263.5345459,-0.057714325,-0.042690992,1.867690992,10051.24496,1280.132202,676.349304,0.007129,0.007916
722,4,0,0,68.1264,78.0,13.6,,65.5996572842438,0.0,112.5091553,-0.063083099,0.036510706,1.788489294,10066.11126,1204.068726,940.405396,0.0,0.007943
723,4,0,0,68.1264,78.0,13.6,,65.0722372500676,0.0,113.6810303,0.003067871,-0.060526609,1.885526609,10081.58752,1191.040894,867.074585,0.007189,0.008005
724,4,0,0,68.4285,79.0,13.4,,64.5973667213236,0.0,18.90563965,0.058289551,-0.196540594,2.021540594,10095.64001,1238.718262,937.380981,0.008872,0.00837
725,4,0,0,66.8476,79.0,13.4,,65.2287633804614,16.4932251,0.0,0.099705811,-0.216124296,2.041124296,10111.73012,1184.645752,873.026184,0.009111,0.008093
726,4,0,0,67.6535,79.0,13.3,,66.4463926476856,19.52819824,0.0,-0.041608002,-0.04343152,1.86843152,10125.83574,663.144714,726.670227,0.009117,0.008049
727,4,0,0,67.0412,80.0,13.3,,68.0239667222824,22.47528076,0.0,-0.048510712,0.061987162,1.763012838,10141.98793,700.067017,764.278809,0.009274,0.008231
728,4,0,0,67.6041,80.0,13.2,,69.384524790147,18.29772949,0.0,-0.016298065,-0.022354841,1.847354841,10156.16707,781.306885,915.012085,0.009294,0.008447
729,4,0,0,68.9893,79.0,13.2,,70.8758405421,19.96765137,0.0,0.047552002,-0.19222331,2.01722331,10172.46924,1327.574829,767.655823,0.0,0.008174
730,4,0,0,68.3023,78.0,13.1,,72.2432331228898,22.56317139,0.0,0.055988647,-0.251289129,2.076289129,10186.09483,868.539673,834.185791,0.009335,0.007899
731,4,0,0,66.7512,78.0,13.1,,72.9981428289852,0.0,12.02087402,-0.001725677,-0.10823226,1.93323226,10203.16807,0.0,0.0,0.009151,0.008116
732,4,0,0,64.8122,78.0,13.2,,72.4788411426258,0.0,0.0,-0.02166684,0.015821218,1.809178782,10216.86148,855.20343,984.611023,0.0,0.006297
733,4,0,0,66.1078,79.0,13.2,,72.3290253323894,7.827758789,0.0,-0.010929291,0.069038153,1.755961847,10233.29993,0.0,0.0,0.009508,0.008602
734,4,0,0,67.7277,78.0,13.4,,72.46260391591,7.080688477,0.0,-0.007094452,0.052592993,1.772407007,10247.66068,1196.317749,995.150574,0.0,0.008362
735,4,0,0,67.9265,77.0,13.4,,72.6190569661744,7.168579102,0.0,0.008436646,0.013983011,1.811016989,10264.06434,0.0,0.0,0.0,0.0
736,4,0,0,68.4032,76.0,13.6,,72.758062887911,7.388305664,0.0,0.009203613,-0.002050638,1.827050638,10278.41005,0.0,0.0,0.0,0.0
737,4,0,0,65.3843,73.0,13.6,,73.1641135964766,11.21429443,0.0,0.010737549,0.016032457,1.808967543,10294.78132,666.072083,886.47052,0.008928,0.008586
738,4,0,0,60.7312,73.0,13.4,,73.5047111758636,7.168579102,0.0,-0.008628387,0.06987977,1.75512023,10309.0114,0.0,0.0,0.009079,0.0
739,4,0,0,62.9826,73.0,13.4,,73.6858460460654,7.827758789,0.0,-0.008628387,0.116333723,1.708666277,10324.50245,1258.942993,688.594788,0.0,0.008286
740,4,0,0,64.7895,74.0,13.6,,73.86331632034,7.915649414,0.0,-0.027035614,0.130776167,1.694223833,10338.62126,1372.941406,647.153809,0.0,0.00812
741,4,0,0,65.5927,76.0,13.6,,74.0614927171094,5.671691895,0.0,-0.030870453,0.097095251,1.727904749,10354.7769,1288.003784,544.095215,0.0,0.007981
742,4,0,0,64.2055,77.0,14.0,,73.8754238518686,5.23223877,0.0,-0.001725677,0.016750574,1.808249426,10368.94105,0.0,0.0,0.0,0.0
743,4,0,0,65.7324,78.0,14.0,,73.8316015075752,5.539855957,0.0,0.003834839,-0.099428415,1.924428415,10385.15527,0.0,0.0,0.0,0.007143
744,4,0,0,62.9184,78.0,14.1,,73.797377556723,5.495910645,0.0,0.0,-0.18982482,2.01482482,10399.35937,745.051697,904.602173,0.00925,0.008309
745,4,0,0,64.6312,78.0,14.1,,73.7370166367988,5.58380127,0.0,0.051386841,-0.286342859,2.111342859,10415.60448,181.280807,536.879211,0.008261,0.0
746,4,0,0,66.2497,78.0,14.2,,73.3567715341992,0.0,0.0,0.049085938,-0.273931742,2.098931742,10429.16016,723.202026,870.296997,0.008585,0.008632
747,4,0,0,67.2359,78.0,14.2,,72.76846702961,1.977539063,0.0,-0.015531097,-0.061217546,1.886217546,10446.11698,665.775879,736.512878,0.00929,0.008404
748,4,0,0,67.9514,78.0,14.3,,72.6205274201324,4.617004395,0.0,-0.076121552,0.140488386,1.684511614,10459.68057,1388.581909,937.295776,0.008738,0.008529
749,4,0,0,68.7843,80.0,14.3,,72.6885899170936,7.212524414,0.0,-0.015531097,0.196798563,1.628201437,10475.95403,1228.361206,692.102905,0.0,0.007852
750,4,0,0,69.403,82.0,14.3,,72.8323660513374,7.256469727,0.0,0.037581421,0.135017633,1.689982367,10490.19046,0.0,0.0,0.008892,0.008021
751,4,0,0,69.6117,82.0,14.3,,72.9673460964102,7.256469727,0.0,-0.036239227,0.13440299,1.69059701,10506.45668,692.457214,701.319824,0.009284,0.00807
752,4,0,0,69.2473,82.0,14.4,,73.0495112719782,6.509399414,0.0,0.008436646,0.088882685,1.736117315,10520.67417,1112.302246,564.109497,0.0,0.008457
753,4,0,0,68.6568,80.0,14.4,,73.1086501878536,6.465454102,0.0,0.00690271,0.028114557,1.796885443,10536.82719,1279.366821,658.153076,0.0,0.008
754,4,0,0,68.7332,78.0,14.2,,73.2091730726148,7.344360352,0.0,0.030678711,0.003041983,1.821958017,10550.85458,1328.468994,939.313904,0.009575,0.00823
755,4,0,0,69.6117,77.0,14.2,,73.2549518271726,5.627746582,0.0,-0.004793549,0.030888796,1.794111204,10566.18698,1299.577637,831.196106,0.0,0.008143
756,4,0,0,70.1656,77.0,14.0,,73.24446152141,5.58380127,0.0,-0.000959,0.060418844,1.764581156,10580.83543,1285.631348,950.728088,0.0,0.007749
757,4,0,0,68.9893,78.0,14.0,,73.2301734307418,5.58380127,0.0,-0.02166684,0.09845233,1.72654767,10596.08093,0.0,0.0,0.0,0.008617
758,4,0,0,64.6764,79.0,13.8,,73.2151332954916,5.58380127,0.0,0.010737549,0.083777189,1.741222811,10609.9831,778.43811,979.778625,0.009326,0.008353
759,4,0,0,65.2921,80.0,13.8,,73.1854153357054,4.792785645,0.0,-0.005560516,0.087577105,1.737422895,10625.84886,1231.270264,972.773804,0.0,0.007996
760,4,0,0,67.4072,80.0,13.3,,73.0535855414958,0.0,6.454467773,-0.010929291,0.10263133,1.72236867,10639.73138,1253.835449,870.747009,0.0,0.008333
761,4,0,0,67.1871,81.0,13.3,,72.4054000543572,0.0,2.206420898,-0.053879486,0.08194232,1.74305768,10654.89214,1214.786743,804.444824,0.006977,0.007941
762,4,0,0,66.0371,80.0,12.9,,71.9827880784668,5.58380127,0.0,0.023776001,-0.044724226,1.869724226,10669.34732,0.0,0.0,0.0,0.008007
763,4,0,0,64.5186,78.0,12.9,,72.0569743072488,4.441223145,0.0,0.049085938,-0.147431612,1.972431612,10684.42845,1290.708984,904.727417,0.0,0.008108
764,4,0,0,67.0655,77.0,12.5,,71.5825400222986,5.58380127,0.0,0.013038452,-0.0767591,1.9017591,10698.18098,1316.406494,784.820007,0.009566,0.008095
765,4,0,0,68.0263,75.0,12.5,,71.5226005885204,3.386535645,0.0,-0.004793549,0.099385977,1.725614023,10713.90368,1254.711426,864.033325,0.0,0.008053
766,4,0,0,68.4285,74.0,12.2,,71.397969098543,5.58380127,0.0,-0.030870453,0.250850439,1.574149561,10727.66667,0.0,0.0,0.009518,0.0084
767,4,0,0,68.4791,75.0,12.2,,71.3979442181466,5.58380127,0.0,-0.036239227,0.314151049,1.510848951,10743.43002,0.0,0.0,0.0,0.0
768,4,0,0,68.9893,76.0,12.1,,71.1083009502904,2.724609375,0.0,-0.010162323,0.243755102,1.581244898,10757.21047,1329.392456,708.035278,0.0,0.00823
769,4,0,0,69.9536,78.0,12.1,,70.903766212115,3.782043457,0.0,0.083599487,0.086134672,1.738865328,10772.8929,1318.12561,801.265686,0.0,0.007985
770,4,0,0,68.1765,79.0,12.4,,70.7584593702236,4.089660645,0.0,-0.037773163,0.168046236,1.656953764,10785.93086,0.0,0.0,0.0,0.0
771,4,0,0,66.2734,79.0,12.4,,70.746948823368,5.671691895,0.0,-0.069218842,0.337894678,1.487105322,10802.20188,0.0,0.0,0.009029,0.008321
772,4,0,0,68.1765,78.0,12.4,,70.7824922720862,5.894165039,0.0,-0.012463226,0.244864702,1.580135298,10815.21402,0.0,0.0,0.0,0.008438
773,4,0,0,69.6117,78.0,12.4,,70.9546760093014,8.530883789,0.0,0.042183228,0.005357981,1.819642019,10830.87145,1362.317871,807.450684,0.0,0.008608
774,4,0,0,70.1922,77.0,12.4,,70.8313970569402,0.0,0.0,0.039882324,-0.092789412,1.917789412,10844.58317,1325.851685,663.630188,0.0,0.008395
775,4,0,0,69.2732,77.0,12.4,,70.5551443508342,2.504882813,0.0,-0.048510712,-0.032322168,1.857322168,10860.29155,1285.837158,545.915283,0.008802,0.008519
776,4,0,0,64.25,77.0,12.3,,70.3448160530324,5.364074707,0.0,-0.050811615,0.015832663,1.809167337,10874.07613,0.0,0.0,0.0,0.008587
777,4,0,0,65.7557,78.0,12.3,,70.2250592056348,7.080688477,0.0,0.032979614,-0.145873785,1.970873785,10889.87619,0.0,0.0,0.0,0.008035
778,4,0,0,67.8518,78.0,12.6,,70.4629631420016,6.553344727,0.0,0.082065552,-0.269782782,2.094782782,10903.73486,0.0,0.0,0.009241,0.00826
779,4,0,0,68.6568,78.0,12.6,,70.5283408896946,7.036743164,0.0,-0.024734711,-0.155604124,1.980604124,10918.9016,676.835205,235.358002,0.009128,0.008097
780,4,0,0,67.4809,78.0,12.8,,70.7725150078222,7.608032227,0.0,-0.040074066,-0.073230505,1.898230505,10933.33459,1315.235229,801.481689,0.0,0.008079
781,4,0,0,58.8588,78.0,12.8,,71.0439916595168,7.783813477,0.0,-0.015531097,-0.107000113,1.932000113,10948.45566,1297.60144,510.176788,0.0,0.00873
782,4,0,0,56.0887,78.0,13.0,,71.2750891659414,6.377563477,0.0,-0.013997162,-0.202986479,2.027986479,10962.31053,0.0,0.0,0.0,0.007914
783,4,0,0,51.2626,78.0,13.0,,71.1229748319434,0.0,0.0,0.058289551,-0.30584836,2.13084836,10978.09329,0.0,0.0,0.0,0.008004
784,4,0,0,46.8711,78.0,13.2,,70.889133207698,7.476196289,0.0,-0.013997162,-0.165374517,1.990374517,10991.80188,0.0,0.0,0.008891,0.007707
785,4,0,0,45.7513,78.0,13.2,,71.2414734329554,8.003540039,0.0,-0.085325165,0.037716627,1.787283373,11007.40322,1404.940308,888.195374,0.0,0.008506
786,4,0,0,49.1031,78.0,13.7,,70.9646488156936,0.0,11.87438965,-0.019365936,-0.037301302,1.862301302,11020.31416,1298.336182,800.180115,0.009533,0.008606
787,4,0,0,54.272,77.0,13.7,,70.3516740301348,3.913879395,0.0,0.091269165,-0.19951129,2.02451129,11036.32903,677.118591,700.120117,0.008758,0.008181
788,4,0,0,57.2872,76.0,13.5,,69.8297619460152,0.0,0.0,-0.024734711,-0.004803896,1.829803896,11049.04076,650.597717,718.084778,0.008925,0.008068
789,4,0,0,58.2835,75.0,13.5,,69.0628752097718,0.0,0.0,-0.063850067,0.084144831,1.740855169,11064.8085,1245.945068,741.292419,0.009375,0.008156
790,4,0,0,56.6816,76.0,13.1,,68.387830835824,0.0,70.61462402,0.029144775,-0.147757769,1.972757769,11077.3256,673.141907,698.514099,0.008371,0.008081
791,4,0,0,55.3934,77.0,13.1,,67.6317723345564,0.0,263.2415771,0.032212646,-0.320583582,2.145583582,11092.23342,0.0,0.0,0.0,0.0
792,4,0,0,57.0434,77.0,13.0,,66.9891175052618,0.0,263.3880615,-0.036239227,-0.181541681,2.006541681,11105.17787,660.931885,889.402588,0.009549,0.00769
793,4,0,0,50.3008,78.0,13.0,,66.257237599407,0.0,238.4857178,-0.013997162,-0.193396807,2.018396807,11119.85809,636.978271,656.827271,0.009111,0.008037
794,4,0,0,52.2619,80.0,13.5,,65.6284501632112,0.0,263.0950928,0.013038452,-0.256923914,2.081923914,11132.60487,556.397705,590.330505,0.0,0.007881
795,4,0,0,56.443,81.0,13.5,,65.261714520401,0.0,199.2279053,0.036047485,-0.286007643,2.111007643,11139.8478,1188.295044,974.45697,0.009593,0.008209
796,4,0,0,55.9716,81.0,13.9,,65.261714520401,0.0,199.2279053,0.036047485,-0.286007643,2.111007643,11139.8478,,,,
