Time,Drive,Stimulus,Failure,Palm.EDA,Heart.Rate,Breathing.Rate,Perinasal.Perspiration,Speed,Acceleration,Brake,Steering,LaneOffset,Lane.Position,Distance,Gaze.X.Pos,Gaze.Y.Pos,Lft.Pupil.Diameter,Rt.Pupil.Diameter
1,4,0,0,170.0102,58.0,13.6,0.011275517,-0.01780771242018,0.0,264.1204834,0.070561035,-0.099999189,1.924999189,8.39702e-06,766.446594,992.631287,0.004079,0.003374
2,4,0,0,170.3229,58.0,14.4,0.010938773,-0.01780771242018,0.0,263.973999,0.070561035,-0.099999189,1.924999189,1.54505e-05,0.0,0.0,0.0,0.0
3,4,0,0,171.1098,58.0,14.4,0.010657925,-0.01780771242018,0.0,264.1204834,0.070561035,-0.099999189,1.924999189,2.38475e-05,0.0,0.0,0.004032,0.004032
4,4,0,0,171.5854,58.0,15.3,0.01047712,0.27864355448472,0.0,186.3372803,0.070561035,-0.099942923,1.924942923,3.12369e-05,0.0,0.0,0.0,0.0
5,4,0,0,171.7446,58.0,15.3,0.010297925,0.80558097012568,0.0,225.7415771,0.129617554,-0.099376917,1.924376917,0.007061033,628.356812,602.878479,0.003572,0.003441
6,4,0,0,172.7056,59.0,16.2,0.010138275,0.79542373658816,0.0,68.56384277,0.162597168,-0.098070383,1.923070383,0.098181908,646.465515,755.386902,0.003619,0.003499
7,4,0,0,173.8405,59.0,16.2,0.009955063,6.64137752687686,25.68603516,0.0,0.138054199,-0.093073606,1.918073606,0.281414838,647.362122,644.16217,0.004087,0.003853
8,4,0,0,174.8252,60.0,17.3,0.009812427,18.8760780417218,35.10131836,0.0,-0.025501678,-0.078300238,1.903300238,0.438138278,633.832703,552.920776,0.003546,0.003518
9,4,0,0,175.6543,59.0,17.3,0.0096759,29.3601285733296,38.57574463,0.0,-0.019365936,-0.053827524,1.878827524,0.799903663,649.188904,586.220093,0.003888,0.003735
10,4,0,0,174.6603,59.0,17.9,0.009574792,38.053870737052,37.3425293,0.0,0.037581421,-0.036073923,1.861073923,2.75604996,651.225403,605.171875,0.003924,0.003807
11,4,0,0,173.1902,59.0,17.9,0.009491224,45.3876004152632,37.38647461,0.0,-0.069218842,-0.001052618,1.826052618,7.261700331,643.813721,590.893372,0.00398,0.003743
12,4,0,0,173.0283,60.0,18.5,0.00946511,50.3335325405924,37.47436523,0.0,0.13421936,-0.039606333,1.864606333,12.84979057,0.0,0.0,0.0,0.0
13,4,0,0,173.5147,60.0,18.5,0.009491299,55.6381542041876,38.53179932,0.0,-0.061549164,0.114495516,1.710504484,20.52689414,644.012878,607.394775,0.003926,0.003769
14,4,0,0,174.6603,59.0,19.1,0.009533569,60.3974126099304,38.61968994,0.0,-0.07305368,0.104129076,1.720870924,28.9233216,685.70343,818.121704,0.004206,0.003937
15,4,0,0,176.4914,59.0,19.1,0.009559867,65.5293870946706,38.61968994,0.0,0.047552002,-0.039965868,1.864965868,39.12016415,0.0,0.0,0.0,0.0
16,4,0,0,177.8473,60.0,19.3,0.009557549,70.087282127642,38.09234619,0.0,-0.039307098,-0.016338587,1.841338587,49.27996838,665.843018,591.287415,0.003981,0.003806
17,4,0,0,179.3979,60.0,19.3,0.009540147,72.1146523286458,0.0,198.9349365,-0.054646454,-0.018376112,1.843376112,61.74546142,655.915405,593.673523,0.004261,0.004066
18,4,0,0,180.4468,60.0,19.4,0.00951209,71.6132235056178,5.627746582,0.0,0.078230713,-0.288538218,2.113538218,72.96664116,644.502075,599.427002,0.004106,0.003928
19,4,0,0,181.3302,59.0,19.4,0.009462284,71.606960726821,5.58380127,0.0,-0.040074066,-0.27682519,2.10182519,87.20626182,637.781921,604.334595,0.004286,0.004043
20,4,0,0,182.0433,60.0,19.6,0.009413338,71.6162637419986,5.58380127,0.0,-0.007094452,-0.111274481,1.936274481,100.5175435,645.668396,596.028687,0.004061,0.003914
21,4,0,0,182.0433,60.0,19.6,0.009369063,71.5262712677528,0.0,0.0,-0.015531097,-0.076534986,1.901534986,116.5142171,658.0495,594.278381,0.00403,0.003927
22,4,0,0,181.8645,59.0,19.4,0.009349625,70.8281958221858,0.0,0.0,0.049085938,-0.054241419,1.879241419,130.5266198,648.2453,593.459106,0.004009,0.003847
23,4,0,0,181.686,59.0,19.4,0.009350652,70.1437610780852,8.003540039,0.0,-0.005560516,-0.001209974,1.826209974,146.5080966,642.929504,600.053894,0.004217,0.00397
24,4,0,0,182.0433,59.0,18.7,0.009363599,70.8117003124934,14.24926758,0.0,0.010737549,0.07550025,1.74949975,161.7578864,646.216919,600.877197,0.003853,0.003652
25,4,0,0,182.5817,59.0,18.7,0.009367391,72.0181180321406,18.6932373,0.0,-0.007094452,0.160138845,1.664861155,177.6701466,601.976318,602.164917,0.003921,0.003628
26,4,0,0,183.1234,58.0,18.3,0.009338019,73.1571461520674,0.0,0.0,0.012271484,0.074579477,1.750420523,191.5939729,643.916199,595.10437,0.003787,0.003513
27,4,0,0,183.8506,58.0,18.3,0.009256323,72.8780546506684,7.036743164,0.0,0.013038452,0.030930758,1.794069242,208.1722928,653.411316,611.294312,0.004051,0.003801
28,4,0,0,184.2163,57.0,17.7,0.009155209,73.3084011950658,11.21429443,0.0,0.023776001,0.009168863,1.815831137,222.7215537,649.611572,606.084229,0.004095,0.003777
29,4,0,0,183.3046,58.0,17.7,0.009039401,74.0497863940428,12.31567383,0.0,-0.015531097,0.046595812,1.778404188,239.1229369,675.122681,817.46051,0.003994,0.003882
30,4,0,0,182.0433,60.0,17.4,0.008956741,74.8591360168014,13.59008789,0.0,0.039882324,0.076565504,1.748434496,252.7935537,691.617798,801.69519,0.004001,0.003669
31,4,0,0,181.1529,62.0,17.4,0.008884052,74.3298278405636,0.0,163.6322021,-0.050811615,0.266280413,1.558719587,269.0888222,654.825989,611.47998,0.004169,0.003912
32,4,0,0,181.686,65.0,17.2,0.008845726,73.6183984135446,0.0,83.94470215,-0.125207489,0.434931517,1.390068483,283.5730901,650.137512,609.29071,0.004083,0.00375
33,4,0,0,182.2224,65.0,17.2,0.00885429,72.8013652866372,0.0,84.67712402,0.016106323,0.180844069,1.644155931,299.5804903,654.074097,597.735901,0.004126,0.003883
34,4,0,0,182.9424,65.0,16.7,0.008916327,72.1011009133626,0.0,84.2376709,0.074395874,-0.113624811,1.938624811,314.4547507,598.164795,625.972473,0.0,0.003914
35,4,0,0,183.8506,64.0,16.7,0.009025139,71.3460220012596,5.58380127,0.0,-0.012463226,-0.069814444,1.894814444,330.6520525,646.803894,596.687195,0.004248,0.004033
36,4,0,0,184.3998,62.0,16.5,0.00912134,71.4670526573606,6.421508789,0.0,-0.027035614,-0.061449289,1.886449289,345.5147286,642.984802,585.413208,0.003792,0.003579
37,4,0,0,184.9523,61.0,16.5,0.009218728,71.6040225708764,6.509399414,0.0,-0.007094452,-0.09580636,1.92080636,362.5022335,629.30249,610.005798,0.0,0.003747
38,4,0,0,185.8805,60.0,16.1,0.009308947,71.7269302806864,6.553344727,0.0,0.049085938,-0.154176474,1.979176474,376.874575,678.626709,781.643127,0.004013,0.003846
39,4,0,0,186.8181,59.0,16.1,0.009441067,71.8632346194584,6.553344727,0.0,0.009203613,-0.13711524,1.96211524,394.1275782,0.0,0.0,0.0,0.0
40,4,0,0,187.7652,60.0,16.0,0.009579403,71.8675273086008,3.65020752,0.0,-0.02166684,0.025022268,1.799977732,409.3639499,0.0,0.0,0.0,0.0
41,4,0,0,187.7652,61.0,16.0,0.009735319,71.6450916402044,4.045715332,0.0,-0.020132904,0.092675447,1.732324553,426.5404453,636.02533,602.258484,0.00376,0.003552
42,4,0,0,185.3225,61.0,15.6,0.009853023,71.4823462475674,4.133605957,0.0,0.008436646,-0.052183867,1.877183867,440.8553347,665.601929,613.425903,0.004045,0.003813
43,4,0,0,185.1372,62.0,15.6,0.009962668,71.3001426468584,4.133605957,0.0,0.050619873,-0.176022291,2.001022291,457.0852767,656.169495,593.331604,0.004013,0.003773
44,4,0,0,183.6682,61.0,15.5,0.01003394,71.145449168483,4.309387207,0.0,-0.008628387,-0.085769415,1.910769415,471.8450398,641.359497,592.785706,0.003965,0.003663
45,4,0,0,182.2224,60.0,15.5,0.0100898,71.2090866885538,7.300415039,0.0,0.003067871,-0.037650347,1.862650347,488.4839104,679.161682,816.269592,0.003978,0.003875
46,4,0,0,181.3302,60.0,15.2,0.010131456,71.548934524715,9.060974121,0.0,-0.010162323,-0.07413888,1.89913888,502.3667317,686.483582,826.570679,0.00397,0.003899
47,4,0,0,181.508,59.0,15.2,0.010175224,72.0085208617978,9.104919434,0.0,0.014572388,-0.137748957,1.962748957,518.9023728,650.014526,608.409119,0.003971,0.003653
48,4,0,0,182.5817,59.0,15.2,0.010172638,72.3926209291532,9.060974121,0.0,-0.041608002,-0.17412591,1.99912591,533.4754532,649.225403,606.893616,0.004132,0.003829
49,4,0,0,183.6682,59.0,15.2,0.010084173,72.8184352824294,9.017028809,0.0,0.00690271,-0.339346647,2.164346647,550.0596131,652.17218,594.943481,0.003953,0.003776
50,4,0,0,185.1372,58.0,14.9,0.009960096,73.183886446612,9.060974121,0.0,0.030678711,-0.511296988,2.336296988,564.0099187,657.911072,608.387329,0.004031,0.00387
51,4,0,0,186.8181,58.0,14.9,0.009830476,73.6030963582094,9.104919434,0.0,0.055988647,-0.457869291,2.282869291,580.6398623,647.293396,603.85553,0.00396,0.003764
52,4,0,0,187.7652,58.0,14.9,0.009755313,73.65770784661,0.0,32.52868652,-0.045442841,-0.137242079,1.962242079,594.6213292,642.603699,591.218323,0.004018,0.003789
53,4,0,0,187.0068,57.0,14.9,0.009700933,72.8616371778726,0.0,22.42126465,0.025309937,0.022797823,1.802202177,611.233316,653.149475,609.466675,0.004017,0.003842
54,4,0,0,185.6941,57.0,14.9,0.009664758,72.1493347321838,0.0,11.5814209,0.008436646,0.019589663,1.805410337,625.8205447,693.507385,797.287292,0.004072,0.003961
55,4,0,0,184.0333,59.0,14.9,0.00964548,71.375001724601,0.0,0.0,-0.02166684,0.098506212,1.726493788,641.7038222,650.807007,603.032471,0.003765,0.003584
56,4,0,0,181.1529,59.0,14.6,0.009666192,70.694193048828,0.0,0.0,-0.012463226,0.122733831,1.702266169,656.2375192,639.195007,617.726501,0.003922,0.003717
57,4,0,0,178.5332,58.0,14.6,0.009725729,69.9373676648636,0.0,0.0,0.030678711,0.058672667,1.766327333,672.7223132,643.481384,598.594116,0.003832,0.003581
58,4,0,0,177.5064,60.0,14.6,0.009771734,69.289327742528,0.0,0.0,-0.010162323,0.095219374,1.729780626,686.5545992,661.304321,598.082397,0.003871,0.003657
59,4,0,0,177.8473,61.0,14.6,0.009786556,68.7613473522572,8.841247559,0.0,-0.040074066,0.14446187,1.68053813,703.0412013,642.720703,597.274902,0.003766,0.003591
60,4,0,0,179.051,61.0,14.4,0.00977635,69.1750384346596,8.662719727,0.0,0.021475098,0.056391478,1.768608522,716.9417447,678.2547,778.732422,0.003941,0.003929
61,4,0,0,180.6228,61.0,14.4,0.009747496,69.7293519081748,11.30218506,0.0,0.051386841,-0.047156096,1.872156096,733.5659076,668.618286,577.138123,0.004055,0.003737
62,4,0,0,180.9758,62.0,14.4,0.009698313,70.3742582524096,11.39007568,0.0,-0.025501678,0.053832293,1.771167707,748.2624938,638.115295,592.85199,0.003864,0.003702
63,4,0,0,178.1896,61.0,14.4,0.009617754,71.0640688841264,11.25823975,0.0,0.0,0.194857836,1.630142164,764.3647275,641.208374,597.242798,0.003945,0.003642
64,4,0,0,175.4879,60.0,14.2,0.009541042,71.6661064180178,11.21429443,0.0,-0.019365936,0.165982485,1.659017515,779.1862557,652.069702,609.05249,0.003762,0.003633
65,4,0,0,174.8252,59.0,14.2,0.009450612,72.3172344706926,11.21429443,0.0,0.008436646,0.029640436,1.795359564,796.1008653,650.717712,602.302429,0.003871,0.003643
66,4,0,0,175.1559,56.0,14.3,0.009360628,72.8605283104258,11.21429443,0.0,0.018407227,-0.124075651,1.949075651,810.3676256,658.853882,607.895691,0.003891,0.003675
67,4,0,0,174.0038,56.0,14.3,0.00924735,73.140126882672,0.0,0.0,0.012271484,-0.198916197,2.023916197,827.4170424,646.9245,600.074097,0.004116,0.003883
68,4,0,0,170.0102,55.0,14.1,0.009161596,72.5222598805406,3.694152832,0.0,-0.024734711,-0.151242971,1.976242971,841.7346851,687.577026,819.692383,0.003952,0.003815
69,4,0,0,166.1958,55.0,14.1,0.009097245,72.3844502295062,4.089660645,0.0,-0.020132904,-0.127687216,1.952687216,858.6484686,644.863403,595.06543,0.003736,0.003526
70,4,0,0,164.1335,55.0,14.2,0.009057925,72.2325607685864,4.089660645,0.0,0.030678711,-0.170514822,1.995514822,873.4127733,647.72821,600.179077,0.003911,0.003666
71,4,0,0,164.5711,55.0,14.2,0.009018344,72.0730632976572,4.045715332,0.0,0.014572388,-0.180769205,2.005769205,890.0554305,644.312012,599.319092,0.003767,0.003524
72,4,0,0,166.6444,54.0,13.9,0.00900444,71.9292106875766,4.133605957,0.0,-0.001725677,-0.151646376,1.976646376,903.9252544,640.544495,598.989929,0.003819,0.003576
73,4,0,0,169.5433,54.0,13.9,0.009039148,71.7707381892,4.133605957,0.0,0.0,-0.140515566,1.965515566,920.3070145,685.301392,786.982483,0.003808,0.003506
74,4,0,0,172.5447,54.0,13.8,0.009113989,71.6864612215906,4.792785645,0.0,-0.008628387,-0.134996653,1.959996653,934.6071915,602.550903,588.518311,0.0,0.003427
75,4,0,0,175.1559,55.0,13.8,0.009221468,71.6146461138976,5.188293457,0.0,-0.004793549,-0.149122953,1.974122953,950.0849054,646.536072,585.618408,0.003839,0.003565
76,4,0,0,177.3364,55.0,13.9,0.009294711,71.5816359272734,5.100402832,0.0,-0.019365936,-0.150635004,1.975635004,963.5238618,0.0,0.0,0.0,0.0
77,4,0,0,178.8781,55.0,13.9,0.009314301,71.5429759272716,4.748840332,0.0,-0.000959,-0.187708616,2.012708616,978.1730623,647.235413,587.415771,0.003943,0.003682
78,4,0,0,180.6228,56.0,13.7,0.009279599,71.448216394825,4.35333252,0.0,0.016106323,-0.254332781,2.079332781,991.6037116,0.0,0.0,0.0,0.0
79,4,0,0,181.686,56.0,13.7,0.009225585,71.4015193669566,5.05645752,0.0,-0.008628387,-0.29787755,2.12287755,1005.096573,642.348572,588.940979,0.003897,0.00365
80,4,0,0,183.1234,57.0,13.8,0.009186454,71.3970620584256,5.495910645,0.0,0.037581421,-0.251446009,2.076446009,1019.32941,624.62262,592.007385,0.003587,0.003449
81,4,0,0,183.6682,58.0,13.8,0.009160684,71.4081359269656,5.58380127,0.0,0.005368774,-0.164607286,1.989607286,1035.634847,640.166077,588.383972,0.003664,0.003567
82,4,0,0,183.8506,58.0,13.6,0.009139727,71.4190355844506,5.58380127,0.0,0.003067871,-0.069031954,1.894031954,1049.43735,710.204224,595.593689,0.00375,0.003491
83,4,0,0,184.2163,58.0,13.6,0.009128593,71.4311530295136,5.58380127,0.0,0.023776001,0.059555292,1.765444708,1065.990577,591.649475,595.660706,0.0,0.003453
84,4,0,0,184.5836,58.0,13.5,0.009144978,71.4408908561724,5.58380127,0.0,-0.040074066,0.16885972,1.65614028,1078.657579,656.301025,601.771606,0.003917,0.00376
85,4,0,0,184.3998,58.0,13.5,0.009195153,71.4514643326262,5.58380127,0.0,-0.045442841,0.192765951,1.632234049,1094.762771,656.707886,598.99707,0.00368,0.003545
86,4,0,0,184.0333,58.0,13.3,0.00923215,71.4592681993136,5.58380127,0.0,-0.017832001,0.10727334,1.71772666,1109.627534,652.883728,597.069397,0.003589,0.003343
87,4,0,0,181.8645,57.0,13.3,0.009229263,71.1550462905456,0.0,0.0,0.029144775,-0.068558455,1.893558455,1126.549139,700.714417,586.347229,0.003711,0.003531
88,4,0,0,179.5719,57.0,13.2,0.009194614,70.6161727123366,0.0,0.0,0.050619873,-0.195625067,2.020625067,1140.663534,638.612183,596.701904,0.003698,0.003516
89,4,0,0,178.0183,57.0,13.2,0.009151923,70.1687549973288,2.065429688,0.0,-0.02856955,-0.170103312,1.995103312,1157.42818,644.466614,599.434692,0.003685,0.003554
90,4,0,0,176.1556,57.0,13.1,0.009120976,69.8732932089828,2.416992188,0.0,-0.016298065,-0.1425879,1.9675879,1171.483491,646.53363,596.656006,0.003535,0.00337
91,4,0,0,174.8252,56.0,13.1,0.009088678,69.5663149996902,2.373046875,0.0,-0.010162323,-0.142673254,1.967673254,1188.183857,626.156311,594.669312,0.003647,0.003524
92,4,0,0,174.8252,56.0,13.0,0.009076953,69.3078822096296,2.856445313,0.0,0.013038452,-0.135899782,1.960899782,1202.851563,612.593018,605.832092,0.003635,0.003587
93,4,0,0,175.8211,56.0,13.0,0.009098537,69.0400354725852,2.416992188,0.0,-0.016298065,-0.14327836,1.96827836,1216.87549,665.91333,614.166809,0.003565,0.003415
94,4,0,0,176.6597,56.0,13.2,0.00915233,68.761178081876,2.504882813,0.0,-0.001725677,-0.172248602,1.997248602,1233.483726,658.603882,627.269897,0.003911,0.003797
95,4,0,0,177.1667,56.0,13.2,0.009195894,68.8339360053146,8.973083496,0.0,0.032212646,-0.222834826,2.047834826,1248.083056,690.360107,776.889526,0.003956,0.003965
96,4,0,0,175.6543,56.0,13.1,0.009227077,69.3947708785646,14.29321289,0.0,0.014572388,-0.216046572,2.041046572,1263.996609,661.078491,613.226929,0.003591,0.003475
97,4,0,0,171.904,56.0,13.1,0.009244454,70.2409622368062,15.35064697,0.0,-0.032404388,-0.148653269,1.973653269,1278.577288,661.461792,596.896484,0.003805,0.003546
98,4,0,0,168.617,57.0,13.3,0.009256926,71.2060195601016,15.35064697,0.0,-0.010162323,-0.10138154,1.92638154,1294.475258,658.746887,603.651306,0.003827,0.003631
99,4,0,0,166.7945,56.0,13.3,0.009257796,72.0613410099378,15.30670166,0.0,-0.015531097,-0.076866388,1.901866388,1309.030887,0.0,0.0,0.0,0.0
100,4,0,0,167.0955,56.0,13.2,0.009254151,72.980601618441,5.58380127,0.0,-0.010162323,-0.081781626,1.906781626,1325.559133,678.224609,775.292908,0.003814,0.003658
101,4,0,0,168.0051,57.0,13.2,0.009260032,72.480721946097,0.0,3.964233398,0.026843872,-0.121068716,1.946068716,1339.440968,643.522522,601.236023,0.003582,0.003452
102,4,0,0,168.0051,57.0,13.3,0.009275426,72.3471321937568,7.256469727,0.0,-0.019365936,-0.173412085,1.998412085,1355.968854,658.014709,596.924072,0.003639,0.003421
103,4,0,0,167.8528,57.0,13.3,0.009284284,72.4834178641848,7.608032227,0.0,0.008436646,-0.25066781,2.07566781,1370.515683,677.757202,792.618225,0.003706,0.003541
104,4,0,0,168.0051,57.0,13.5,0.009286258,72.6281246475638,5.715637207,0.0,0.018407227,-0.341469526,2.166469526,1384.403263,652.349121,607.907104,0.003659,0.003422
105,4,0,0,168.9246,57.0,13.5,0.009289792,72.587366148669,3.166809082,0.0,0.049085938,-0.373146772,2.198146772,1398.954053,660.765503,604.157288,0.0037,0.003533
106,4,0,0,170.9519,57.0,13.6,0.00930828,72.1159568435564,3.738098145,0.0,0.014572388,-0.25754714,2.08254714,1415.490698,844.31781,612.325623,0.003933,0.003586
107,4,0,0,173.3523,57.0,13.6,0.009349028,71.962736715951,5.58380127,0.0,0.003067871,-0.102281809,1.927281809,1429.379639,676.754211,800.761414,0.003868,0.003674
108,4,0,0,175.4879,57.0,13.8,0.009443725,71.9942196871954,5.806274414,0.0,-0.060015228,0.063732862,1.761267138,1445.816755,1050.323364,597.513306,0.003661,0.003406
109,4,0,0,176.9974,57.0,13.8,0.009581963,72.012571779792,5.806274414,0.0,-0.024734711,0.094243765,1.730756235,1458.664616,1192.714966,589.678284,0.003462,0.003354
110,4,0,0,174.3314,58.0,13.6,0.009795743,72.033876625047,5.75958252,0.0,0.016106323,0.009689093,1.815310907,1474.919176,652.386108,605.283203,0.003527,0.003371
111,4,0,0,170.1664,57.0,13.6,0.010000912,72.0522948615176,5.806274414,0.0,0.032212646,-0.061107874,1.886107874,1489.165232,686.328613,814.36908,0.003732,0.003673
112,4,0,0,167.5491,57.0,13.7,0.010203032,72.0305643941128,5.58380127,0.0,0.016106323,-0.12526536,1.95026536,1504.64288,615.269409,593.425476,0.003542,0.003406
113,4,0,0,166.6444,57.0,13.7,0.010294774,72.0305704130444,5.539855957,0.0,0.003067871,-0.11645627,1.94145627,1516.849257,674.398804,610.652527,0.003908,0.003628
114,4,0,0,167.0955,58.0,13.6,0.010295475,72.0309191248356,5.495910645,0.0,0.017640259,-0.083895922,1.908895922,1532.847262,583.575073,588.068787,0.003747,0.003563
115,4,0,0,168.0051,58.0,13.6,0.010177471,72.0321227180348,5.539855957,0.0,-0.003259613,-0.041009188,1.866009188,1546.230634,613.316528,611.271912,0.003949,0.003793
116,4,0,0,170.4797,57.0,13.7,0.009955188,72.0332000424176,5.539855957,0.0,-0.019365936,0.018723249,1.806276751,1562.154376,651.619324,598.560913,0.003909,0.003666
117,4,0,0,172.5447,57.0,13.7,0.00975113,72.04726223003,6.289672852,0.0,-0.019365936,0.041225672,1.783774328,1576.269117,668.653503,609.374512,0.003721,0.003536
118,4,0,0,173.3523,57.0,13.5,0.009571512,72.1590272559216,6.773071289,0.0,-0.001725677,0.012951612,1.812048388,1592.524666,645.549194,598.413086,0.003864,0.003597
119,4,0,0,173.3523,57.0,13.5,0.009473734,72.2654132881708,6.773071289,0.0,0.019941162,-0.035814524,1.860814524,1606.362849,688.194885,804.602783,0.003791,0.003672
120,4,0,0,174.1675,57.0,13.7,0.009410111,72.38189229623,6.685180664,0.0,-0.005560516,-0.04268384,1.86768384,1620.364284,648.11969,607.062378,0.003547,0.003402
121,4,0,0,175.4879,56.0,13.7,0.009363895,72.4751946356802,6.641235352,0.0,-0.019365936,0.00211978,1.82288022,1633.165183,650.499573,605.236328,0.00384,0.003696
122,4,0,0,176.1556,56.0,13.5,0.00930271,72.5810208911972,6.641235352,0.0,-0.012463226,0.013458014,1.811541986,1649.306025,663.601318,601.843384,0.003894,0.00365
123,4,0,0,176.8284,56.0,13.5,0.009254446,72.6666745365228,6.597290039,0.0,0.016106323,-0.010575533,1.835575533,1664.035568,777.737671,588.955383,0.003553,0.003389
124,4,0,0,177.6767,56.0,13.4,0.009208411,72.763445325541,6.597290039,0.0,0.016106323,-0.022174597,1.847174597,1680.805408,606.2677,609.543091,0.0,0.003439
125,4,0,0,178.7055,57.0,13.4,0.009159903,72.8428573387974,6.641235352,0.0,-0.005560516,0.023104906,1.801895094,1695.594709,662.30481,623.73053,0.003865,0.003626
126,4,0,0,179.9208,56.0,13.2,0.0090912,72.931196972583,6.465454102,0.0,-0.017832001,0.083497286,1.741502714,1709.712445,649.273682,603.074585,0.003802,0.003563
127,4,0,0,180.7991,56.0,13.2,0.009015885,73.002092986202,6.465454102,0.0,-0.001725677,0.110843897,1.714156103,1724.431674,657.466675,631.935608,0.003979,0.003754
128,4,0,0,181.3302,56.0,13.1,0.008955333,73.0809955628814,6.509399414,0.0,-0.025501678,0.112392664,1.712607336,1741.099828,683.93042,762.091125,0.003887,0.003829
129,4,0,0,181.686,57.0,13.1,0.008939714,73.1493704971102,6.509399414,0.0,-0.004793549,0.068053961,1.756946039,1755.094874,657.398499,612.144226,0.003916,0.003721
130,4,0,0,181.508,57.0,13.3,0.008954352,73.2262712157636,6.509399414,0.0,0.019941162,-0.022341013,1.847341013,1769.761956,648.06781,602.120911,0.003821,0.003476
131,4,0,0,181.1529,57.0,13.3,0.008988392,73.2954513993548,6.509399414,0.0,-0.007094452,-0.06141305,1.88641305,1783.765736,591.118713,591.604004,0.003772,0.003552
132,4,0,0,180.4468,58.0,13.2,0.009043474,73.3720614872976,6.465454102,0.0,0.0,-0.065636396,1.890636396,1800.441554,650.468323,610.939819,0.003806,0.00357
133,4,0,0,179.9208,58.0,13.2,0.009111429,73.4372764824364,6.465454102,0.0,-0.012463226,-0.112060308,1.937060308,1814.451313,650.099487,619.49707,0.003669,0.003496
134,4,0,0,180.4468,57.0,13.1,0.009219023,73.5106438951198,6.509399414,0.0,0.019941162,-0.183931589,2.008931589,1831.124303,682.11731,783.126892,0.004043,0.003825
135,4,0,0,181.1529,57.0,13.1,0.009332511,73.5745262279914,6.509399414,0.0,0.023776001,-0.219084978,2.044084978,1845.796605,0.0,0.0,0.0,0.0
136,4,0,0,181.3302,58.0,13.0,0.009467403,73.646543130827,6.509399414,0.0,-0.024734711,-0.181093454,2.006093454,1861.802814,651.609314,605.946472,0.003768,0.003515
137,4,0,0,180.2711,59.0,13.0,0.009572207,73.7077505314044,6.509399414,0.0,-0.003259613,-0.140755415,1.965755415,1876.475385,648.810425,606.097412,0.003796,0.003601
138,4,0,0,179.5719,60.0,12.9,0.009643367,73.7807739315694,6.597290039,0.0,-0.032404388,-0.11412406,1.93912406,1893.150092,648.620789,603.534912,0.003739,0.003562
139,4,0,0,179.5719,60.0,12.9,0.009627342,73.8534197483836,6.685180664,0.0,-0.036239227,-0.117379427,1.942379427,1907.169931,684.99707,603.217407,0.003933,0.003639
140,4,0,0,178.5332,60.0,12.8,0.009501043,73.9385424080696,6.597290039,0.0,0.010737549,-0.20191884,2.02691884,1923.886693,640.158691,607.569885,0.003879,0.003606
141,4,0,0,175.4879,60.0,12.8,0.009322656,74.0083446337576,6.641235352,0.0,0.038348389,-0.266480684,2.091480684,1937.950456,627.728821,617.495605,0.003774,0.003585
142,4,0,0,174.1675,60.0,12.7,0.009103411,74.0878848953186,6.641235352,0.0,0.019941162,-0.259830236,2.084830236,1954.717031,644.093018,617.606812,0.003872,0.003619
143,4,0,0,174.4957,60.0,12.7,0.008944361,74.1550313559518,6.641235352,0.0,-0.005560516,-0.164513826,1.989513826,1969.49249,657.294128,597.871094,0.003756,0.00356
144,4,0,0,175.8211,59.0,12.7,0.008827521,74.2342547706536,6.597290039,0.0,-0.044675873,-0.066334963,1.891334963,1986.305432,677.799072,787.474487,0.003952,0.003882
145,4,0,0,177.6767,59.0,12.7,0.008774688,74.295481805179,5.58380127,0.0,-0.001725677,-0.073770761,1.898770761,2000.44616,682.288513,769.222473,0.004124,0.003961
146,4,0,0,180.0958,59.0,12.6,0.008735373,73.7390921060364,0.0,46.29821777,0.017640259,-0.158719778,1.983719778,2017.300529,646.935913,612.348816,0.003932,0.003781
147,4,0,0,182.0433,58.0,12.6,0.008696717,73.1970063978412,0.0,37.80212402,0.055988647,-0.176530123,2.001530123,2032.150285,650.804871,751.437073,0.003925,0.00385
148,4,0,0,183.8506,57.0,12.8,0.00865735,72.5869797783218,0.0,0.0,0.0,-0.026895761,1.851895761,2046.33934,0.0,0.0,0.0,0.0
149,4,0,0,184.2163,57.0,12.8,0.008634693,72.4565258088782,3.47442627,0.0,-0.112169037,0.138872385,1.686127615,2061.218414,652.026123,609.422913,0.003755,0.003569
150,4,0,0,184.5836,57.0,13.0,0.008645837,72.0577184016912,3.957824707,0.0,0.012271484,0.14353013,1.68146987,2078.143866,0.0,0.0,0.0,0.0
151,4,0,0,184.2163,57.0,13.0,0.00869411,71.892534006004,3.782043457,0.0,0.056755615,0.011692762,1.813307238,2092.375335,600.442322,613.135193,0.003649,0.003534
152,4,0,0,184.3998,56.0,13.2,0.008793794,71.7194872924006,3.913879395,0.0,-0.010162323,-0.015233278,1.840233278,2109.334557,641.394226,596.331909,0.003816,0.003624
153,4,0,0,184.9523,56.0,13.2,0.008915068,71.4464169756776,0.0,0.0,0.023009033,0.027857065,1.797142935,2123.594143,636.700623,622.999207,0.004081,0.003761
154,4,0,0,184.7677,57.0,13.4,0.00908465,71.153955898322,5.938110352,0.0,0.013038452,0.132713079,1.692286921,2140.585973,688.591309,607.378601,0.003731,0.003494
155,4,0,0,182.5817,57.0,13.4,0.009256989,71.2406334862226,6.553344727,0.0,-0.046976776,0.234830618,1.590169382,2155.55321,626.841309,607.975708,0.003929,0.003632
156,4,0,0,180.7991,57.0,13.6,0.009470397,71.3460857633104,6.465454102,0.0,-0.019365936,0.236706018,1.588293982,2171.896577,586.803101,603.209412,0.003844,0.003603
157,4,0,0,179.9208,57.0,13.6,0.009648626,71.4022546744026,5.850219727,0.0,-0.010929291,0.182425261,1.642574739,2186.891589,652.706116,626.036682,0.003923,0.003656
158,4,0,0,180.9758,58.0,13.7,0.009816074,71.4450844904378,5.938110352,0.0,-0.010162323,0.095081568,1.729918432,2203.947007,634.065491,622.482727,0.003685,0.003541
159,4,0,0,181.686,58.0,13.7,0.009918937,71.5172653045524,7.520141602,0.0,-0.010162323,-0.005957365,1.830957365,2218.286355,689.82251,794.174622,0.004156,0.004127
160,4,0,0,183.6682,59.0,13.8,0.00997251,71.638111996998,5.75958252,0.0,-0.013997162,-0.135038614,1.960038614,2235.374056,651.491882,629.141174,0.003775,0.00367
161,4,0,0,185.3225,59.0,13.8,0.00995373,71.664691695504,5.806274414,0.0,0.046785034,-0.210594416,2.035594416,2249.742868,634.220276,597.363281,0.004032,0.003842
162,4,0,0,185.5081,58.0,14.2,0.009873887,71.693770055294,5.806274414,0.0,-0.02166684,-0.112730742,1.937730742,2266.866314,628.312805,590.135376,0.003737,0.003563
163,4,0,0,184.0333,58.0,14.2,0.009785119,71.7213941028062,5.806274414,0.0,-0.060015228,0.020613432,1.804386568,2281.95047,647.749878,598.171082,0.003611,0.003492
164,4,0,0,182.9424,58.0,14.9,0.009692498,71.7503578454014,5.806274414,0.0,-0.044675873,0.031611681,1.793388319,2298.421576,655.50592,604.982605,0.003708,0.003571
165,4,0,0,180.6228,58.0,14.9,0.009640214,71.7725961561366,5.58380127,0.0,0.0,-0.093170881,1.918170881,2313.535025,691.492371,813.269287,0.003727,0.003483
166,4,0,0,180.0958,57.0,15.2,0.00963193,71.2987538025318,0.0,0.0,0.072861938,-0.199709654,2.024709654,2330.726084,646.87262,606.531311,0.003887,0.003782
167,4,0,0,180.4468,57.0,15.2,0.009659727,70.951503823134,3.342590332,0.0,-0.040074066,-0.100404024,1.925404024,2345.113871,645.403503,614.637329,0.003738,0.003424
168,4,0,0,182.2224,57.0,15.5,0.009686422,70.731291715442,3.562316895,0.0,-0.041608002,0.048189878,1.776810122,2362.10686,644.033081,606.658081,0.003873,0.00368
169,4,0,0,183.6682,57.0,15.5,0.009668034,70.5679102955436,3.738098145,0.0,-0.000959,0.060711622,1.764288378,2376.26739,608.873108,615.640381,0.003849,0.003697
170,4,0,0,185.5081,56.0,15.4,0.009593593,70.479761368548,5.188293457,0.0,0.003067871,0.027855158,1.797144842,2393.042556,632.972473,602.102783,0.003617,0.003461
171,4,0,0,187.0068,56.0,15.4,0.009508536,70.4702045926392,5.23223877,0.0,0.019941162,-0.008893728,1.833893728,2407.741259,632.636902,600.584778,0.003785,0.003561
172,4,0,0,187.9558,57.0,15.7,0.009424346,70.4604643519704,5.276184082,0.0,0.012271484,-0.023738146,1.848738146,2423.72883,630.341309,602.75177,0.003755,0.003471
173,4,0,0,188.5298,57.0,15.7,0.009372305,70.4538900532298,5.23223877,0.0,-0.012463226,0.003028631,1.821971369,2438.350124,645.846191,607.491577,0.003809,0.003633
174,4,0,0,187.7652,56.0,15.9,0.009329323,70.457951995203,6.245727539,0.0,0.0,0.013228655,1.811771345,2454.911442,654.00061,622.919922,0.003776,0.003559
175,4,0,0,184.9523,56.0,15.9,0.009301191,70.5611394642022,7.124633789,0.0,-0.003259613,0.025253534,1.799746466,2469.411353,619.681396,611.599915,0.003758,0.003596
176,4,0,0,181.8645,57.0,15.8,0.009273244,70.7508360071106,7.256469727,0.0,-0.010929291,0.044074774,1.780925226,2485.237762,622.828979,613.205872,0.003599,0.003357
177,4,0,0,181.3302,57.0,15.8,0.009244393,70.9067753882338,7.168579102,0.0,0.0,0.042620897,1.782379103,2499.105393,695.093872,763.913696,0.003992,0.003848
178,4,0,0,180.9758,57.0,16.0,0.009208234,71.0636682550268,6.817016602,0.0,0.008436646,0.059252977,1.765747023,2515.631151,652.189819,612.66272,0.003466,0.003306
179,4,0,0,181.686,57.0,16.0,0.00918493,71.183876747602,6.817016602,0.0,0.02761084,0.090026617,1.734973383,2530.182612,626.582581,598.251099,0.003535,0.003344
180,4,0,0,181.1529,57.0,15.9,0.009184021,71.3191524445262,6.817016602,0.0,-0.017832001,0.16173625,1.66326375,2546.737772,627.034302,595.165527,0.003582,0.003301
181,4,0,0,178.8781,57.0,15.9,0.009215817,71.436071188647,6.817016602,0.0,-0.010929291,0.201765776,1.623234224,2560.666443,628.553284,601.659119,0.003708,0.003471
182,4,0,0,178.0183,57.0,15.9,0.009269541,71.5678771485312,6.773071289,0.0,0.017640259,0.203009844,1.621990156,2573.27271,663.984619,613.419128,0.003469,0.003278
183,4,0,0,176.8284,57.0,15.9,0.009359908,71.6809981882134,6.817016602,0.0,0.016106323,0.188789129,1.636210871,2587.210191,632.830505,615.392212,0.003576,0.003353
184,4,0,0,175.1559,57.0,15.5,0.009473,71.791577452393,6.773071289,0.0,-0.012463226,0.213588476,1.611411524,2601.816741,657.303711,618.590576,0.003677,0.003476
185,4,0,0,174.4957,57.0,15.5,0.009618254,71.9151744747118,6.773071289,0.0,0.005368774,0.257841349,1.567158651,2618.422281,0.0,0.0,0.0,0.0
186,4,0,0,174.8252,57.0,15.4,0.009739618,72.018730643505,6.773071289,0.0,-0.010162323,0.271109343,1.553890657,2632.375559,643.102173,623.602417,0.003679,0.003525
187,4,0,0,176.1556,57.0,15.4,0.009848555,72.131067725393,6.773071289,0.0,-0.008628387,0.268215895,1.556784105,2648.935362,623.65332,619.711426,0.003702,0.003555
188,4,0,0,178.5332,56.0,15.1,0.009930964,72.231339907169,6.773071289,0.0,-0.008628387,0.244325399,1.580674601,2663.40799,683.097595,787.019714,0.003967,0.003634
189,4,0,0,180.7991,56.0,15.1,0.010058956,72.3363783746626,6.729125977,0.0,0.010737549,0.200138807,1.624861193,2679.14212,678.813477,238.797699,0.0,0.004254
190,4,0,0,182.9424,56.0,14.8,0.01022218,72.4325405273862,6.773071289,0.0,0.00690271,0.174394369,1.650605631,2693.528213,0.0,0.0,0.0,0.0
191,4,0,0,184.7677,56.0,14.8,0.01043014,72.5441099540942,6.773071289,0.0,-0.004793549,0.161050081,1.663949919,2709.193217,647.131409,616.085876,0.003566,0.003343
192,4,0,0,186.0673,56.0,14.5,0.010566952,72.636654197844,6.773071289,0.0,-0.003259613,0.132122755,1.692877245,2723.54832,638.278687,600.681885,0.003706,0.003445
193,4,0,0,185.8805,56.0,14.5,0.010632214,72.7445269222918,6.773071289,0.0,0.010737549,0.089745283,1.735254717,2739.858729,653.091675,613.9021,0.003462,0.003307
194,4,0,0,185.6941,56.0,14.3,0.010638407,72.8400643614142,6.860961914,0.0,0.005368774,0.077218294,1.747781706,2753.557892,630.680725,619.512817,0.003682,0.003492
195,4,0,0,185.5081,56.0,14.3,0.010643257,72.9482688191162,6.817016602,0.0,-0.007094452,0.113756418,1.711243582,2769.866025,671.948486,621.117004,0.003752,0.003458
196,4,0,0,186.4419,57.0,14.1,0.010652288,72.9163401572522,3.166809082,0.0,0.001533936,0.124998808,1.700001192,2784.232933,748.94873,611.326416,0.003701,0.003364
197,4,0,0,187.7652,57.0,14.1,0.010624721,72.7395976587124,4.089660645,0.0,0.0,0.119496584,1.705503416,2800.598524,657.260986,604.499207,0.003696,0.003561
198,4,0,0,189.1074,57.0,13.9,0.010537759,72.5771018264292,0.0,6.015014648,-0.001725677,0.109040022,1.715959978,2814.380036,617.493896,611.507874,0.003881,0.003624
199,4,0,0,190.0779,56.0,13.9,0.010383394,72.070908182183,7.651977539,0.0,-0.025501678,0.079008818,1.745991182,2830.164007,615.676025,616.894714,0.003903,0.003639
200,4,0,0,190.8615,57.0,13.7,0.010235755,72.3039973756048,9.544372559,0.0,-0.008628387,0.023987532,1.801012468,2844.66001,628.30011,622.330688,0.003759,0.003599
201,4,0,0,191.0585,57.0,13.7,0.010103221,72.7269150617216,11.39007568,0.0,0.030678711,-0.0557549,1.8807549,2859.18171,595.67688,640.239075,0.003856,0.003629
202,4,0,0,191.2558,56.0,13.5,0.010010291,73.2101801654,12.27172852,0.0,0.055988647,-0.073761225,1.898761225,2873.067154,576.402527,643.419373,0.003911,0.003691
203,4,0,0,192.2485,56.0,13.5,0.009979557,73.8121141060756,12.88696289,0.0,0.005368774,0.011609793,1.813390207,2889.627317,651.207214,645.081604,0.004107,0.003858
204,4,0,0,193.0502,56.0,13.7,0.010016049,74.4619464147428,14.60357666,0.0,-0.094528778,0.159339666,1.665660334,2904.226476,639.470703,633.907715,0.003867,0.003639
205,4,0,0,193.6558,56.0,13.7,0.010087402,75.2379572236492,14.7354126,0.0,-0.044675873,0.224318266,1.600681734,2920.845428,680.084717,802.722595,0.00403,0.003943
206,4,0,0,194.0617,55.0,13.8,0.010131849,75.5519191638718,0.0,61.82556152,0.021475098,0.170770884,1.654229116,2934.828877,678.689087,793.424683,0.004311,0.004047
207,4,0,0,195.0839,55.0,13.8,0.010139568,74.9569063990804,0.0,135.6536865,0.012271484,0.123174906,1.701825094,2950.835755,627.082886,386.823303,0.003813,0.003609
208,4,0,0,195.4958,55.0,13.9,0.010118522,74.440507962081,0.0,0.0,0.012271484,0.119109392,1.705890608,2966.201008,643.590881,589.429199,0.004092,0.003817
209,4,0,0,195.2896,56.0,13.9,0.010081894,74.2490440419846,6.729125977,0.0,0.0,0.15983367,1.66516633,2982.260257,670.041199,653.052002,0.003733,0.00353
210,4,0,0,195.0839,55.0,14.3,0.010047308,74.4129558359734,7.783813477,0.0,0.003834839,0.184815645,1.640184355,2996.333419,663.790527,714.961609,0.00402,0.003724
211,4,0,0,194.8786,55.0,14.3,0.01001279,74.2228980927954,0.0,13.9251709,-0.056180389,0.202468634,1.622531366,3011.097666,647.09729,603.298523,0.003722,0.00348
212,4,0,0,195.7024,55.0,14.4,0.009976701,73.712680728401,0.0,0.0,0.017640259,0.112292051,1.712707949,3025.882875,0.0,0.0,0.0,0.0
213,4,0,0,196.742,56.0,14.4,0.009927566,73.5395602909322,5.58380127,0.0,0.001533936,-0.063032866,1.888032866,3042.035749,0.0,0.0,0.004646,0.0
214,4,0,0,196.742,56.0,14.7,0.009878638,73.531319858583,7.080688477,0.0,0.005368774,-0.213090658,2.038090658,3056.86438,645.578674,613.426392,0.003705,0.003467
215,4,0,0,197.371,55.0,14.7,0.009834125,73.6768990490826,7.124633789,0.0,0.019941162,-0.378237963,2.203237963,3073.74099,650.628418,386.372803,0.00371,0.003576
216,4,0,0,198.4284,55.0,15.1,0.009823801,73.6201358248218,4.045715332,0.0,0.016106323,-0.476392984,2.301392984,3087.927067,639.116272,620.49469,0.003737,0.003574
217,4,0,0,198.6413,56.0,15.1,0.0098379,73.4572429361738,4.045715332,0.0,0.018407227,-0.504780054,2.329780054,3104.772249,656.1521,604.5047,0.003884,0.003663
218,4,0,0,199.7124,57.0,15.3,0.009848759,73.3112778742224,3.957824707,0.0,0.026843872,-0.449890375,2.274890375,3118.881547,636.996521,607.77063,0.004012,0.003802
219,4,0,0,200.1441,57.0,15.3,0.009848855,73.1457694057394,3.913879395,0.0,0.003067871,-0.321047068,2.146047068,3135.58486,686.205688,799.173889,0.004901,0.003771
220,4,0,0,200.7951,57.0,15.6,0.009844924,73.0031281619702,3.82598877,0.0,0.032212646,-0.190145254,2.015145254,3150.326237,645.221313,606.153503,0.00379,0.003601
221,4,0,0,201.2315,57.0,15.6,0.009837004,72.4556596459968,0.0,21.39587402,-0.089160004,0.016608477,1.808391523,3167.188795,612.67981,620.021301,0.003662,0.003482
222,4,0,0,201.8897,57.0,15.8,0.009817997,71.9748582809244,0.0,5.429077148,-0.02856955,0.112116575,1.712883425,3181.464283,595.782715,632.121094,0.00375,0.003614
223,4,0,0,201.2315,57.0,15.8,0.00977265,71.4123787909416,0.0,0.0,-0.005560516,0.100906134,1.724093866,3198.606266,637.727112,631.652405,0.003884,0.003698
224,4,0,0,201.2315,56.0,15.8,0.009716453,70.9250422662774,0.0,0.0,-0.003259613,0.060459852,1.764540148,3213.850725,0.0,0.0,0.0,0.0
225,4,0,0,200.7951,56.0,15.8,0.009669626,70.6069375630268,5.627746582,0.0,-0.007094452,-0.002177954,1.827177954,3228.53234,698.080627,612.587097,0.003677,0.003566
226,4,0,0,200.7951,56.0,15.4,0.00966715,70.270838217687,0.0,0.0,0.017640259,-0.0680902,1.8930902,3243.865603,695.791687,773.833679,0.004103,0.003867
227,4,0,0,200.3606,56.0,15.4,0.009740264,69.7228781127172,0.0,0.0,0.019941162,-0.128591299,1.953591299,3261.149142,0.0,0.0,0.0,0.0
228,4,0,0,200.3606,56.0,15.4,0.009851251,69.5888553191698,5.58380127,0.0,0.013038452,-0.195741415,2.020741415,3275.588976,673.202881,622.680115,0.003785,0.003674
229,4,0,0,200.7951,56.0,15.4,0.009989716,69.6297559549734,5.806274414,0.0,0.032212646,-0.249961615,2.074961615,3292.800867,675.176514,809.529114,0.003909,0.003767
230,4,0,0,201.8897,56.0,15.0,0.010109422,69.9067344895128,13.2824707,0.0,0.029144775,-0.242411852,2.067411852,3307.258059,650.385803,604.27063,0.003656,0.003405
231,4,0,0,202.9962,56.0,15.0,0.010240078,70.7737644028378,15.30670166,0.0,-0.019365936,-0.167011023,1.992011023,3324.341936,684.515076,801.201111,0.003959,0.003839
232,4,0,0,203.4422,56.0,15.0,0.010315631,71.5078023853524,13.59008789,0.0,0.003834839,-0.102867842,1.927867842,3339.322031,656.174316,621.216919,0.004119,0.003921
233,4,0,0,203.8902,56.0,15.0,0.010316409,72.1377067839752,0.0,0.0,-0.024734711,-0.047953844,1.872953844,3355.664871,686.586975,810.216003,0.003786,0.003597
234,4,0,0,204.5659,56.0,14.7,0.010241138,71.63481655148,0.0,0.0,0.003834839,-0.027807951,1.852807951,3370.669916,0.0,0.0,0.0,0.0
235,4,0,0,204.7921,56.0,14.7,0.010087442,71.082798849755,0.219726563,0.0,0.023009033,-0.017911673,1.842911673,3387.705638,656.18512,618.86969,0.003606,0.003382
236,4,0,0,204.5659,56.0,14.8,0.009914915,70.6941171201668,1.318359375,0.0,-0.007094452,0.003658533,1.821341467,3401.984427,686.461487,762.739502,0.003942,0.003698
237,4,0,0,205.0189,56.0,14.8,0.009711657,70.336839343229,1.669921875,0.0,-0.000959,0.012170553,1.812829447,3418.94373,680.326904,771.288025,0.003986,0.003914
238,4,0,0,205.0189,56.0,14.5,0.009559968,70.250623137013,9.368591309,0.0,0.037581421,-0.012179613,1.837179613,3433.157154,647.470703,587.150208,0.004035,0.003805
239,4,0,0,205.4738,57.0,14.5,0.009425662,70.5931214595938,9.192810059,0.0,-0.023200775,0.007419825,1.817580175,3450.006103,771.382324,660.498108,0.003842,0.0
240,4,0,0,204.7921,57.0,14.5,0.009328843,70.9175917623738,11.21429443,0.0,0.003834839,0.019787073,1.805212927,3464.716164,660.906006,617.132019,0.003634,0.003562
241,4,0,0,206.6201,57.0,14.5,0.009224595,71.4420184885236,11.21429443,0.0,-0.016298065,0.026024103,1.798975897,3480.637485,611.782715,611.87262,0.003581,0.003491
242,4,0,0,207.314,57.0,14.3,0.009129934,71.8913087189016,9.588317871,0.0,-0.010162323,0.032625914,1.792374086,3495.117277,681.839478,790.619202,0.003802,0.003674
243,4,0,0,207.7793,57.0,14.3,0.009016286,71.696908831563,5.58380127,0.0,0.016106323,0.012703657,1.812296343,3511.468941,651.687378,616.364319,0.003552,0.00337
244,4,0,0,205.0189,57.0,14.1,0.008932763,71.7027700317496,5.495910645,0.0,-0.001725677,0.02822566,1.79677434,3523.195553,637.460876,617.292908,0.003582,0.003341
245,4,0,0,198.8546,57.0,14.1,0.008840992,71.6837900390586,5.23223877,0.0,-0.032404388,0.062512636,1.762487364,3539.362913,0.0,0.0,0.0,0.0
246,4,0,0,194.2653,57.0,14.2,0.00879994,71.666955956417,5.320129395,0.0,-0.020132904,0.027166605,1.797833395,3553.537027,648.672424,617.364624,0.003489,0.003397
247,4,0,0,191.6517,57.0,14.2,0.008809558,71.65706970033,5.58380127,0.0,0.025309937,-0.053629637,1.878629637,3569.009155,651.104126,627.602905,0.003709,0.003477
248,4,0,0,188.722,58.0,13.9,0.008852123,71.654325131894,5.58380127,0.0,-0.010162323,-0.074371099,1.899371099,3583.259035,607.718811,611.146118,0.0,0.003316
249,4,0,0,184.7677,58.0,13.9,0.008905844,71.6579963904888,5.58380127,0.0,0.019941162,-0.077721834,1.902721834,3598.993246,688.197083,614.471497,0.00344,0.003241
250,4,0,0,181.1529,58.0,14.0,0.008939082,71.6632221749632,5.539855957,0.0,0.00690271,-0.051455259,1.876455259,3613.585401,649.208984,608.065186,0.003629,0.003408
251,4,0,0,179.3979,58.0,14.0,0.008958066,71.671010286212,5.58380127,0.0,-0.004793549,0.003793001,1.821206999,3630.243165,686.791687,771.545288,0.003919,0.003872
252,4,0,0,180.4468,58.0,13.8,0.008962134,71.676731731313,5.58380127,0.0,0.021475098,0.02122426,1.80377574,3644.132218,651.617676,591.64093,0.003358,0.003208
253,4,0,0,182.7619,58.0,13.8,0.008957703,71.683233223512,5.58380127,0.0,0.008436646,0.041179419,1.783820581,3660.545053,634.52832,602.789612,0.003408,0.003371
254,4,0,0,185.3225,59.0,14.0,0.008948388,71.6900920535646,5.58380127,0.0,-0.010929291,0.066626787,1.758373213,3674.904649,653.916321,607.929688,0.003816,0.003597
255,4,0,0,186.0673,58.0,14.0,0.008933611,71.698076729601,5.58380127,0.0,-0.016298065,0.081862211,1.743137789,3691.164371,657.952271,610.39209,0.003879,0.003605
256,4,0,0,184.3998,58.0,13.8,0.008920112,71.7043526406122,5.58380127,0.0,0.00690271,0.05226922,1.77273078,3704.871305,641.83667,610.657288,0.003554,0.003382
257,4,0,0,182.2224,58.0,13.8,0.008904589,71.7122575577582,5.58380127,0.0,-0.015531097,-0.009168863,1.834168863,3720.616466,623.013489,605.913574,0.003741,0.003523
258,4,0,0,180.2711,58.0,13.9,0.008884702,71.7505633098392,6.685180664,0.0,0.026843872,-0.083308458,1.908308458,3735.1508,693.339172,786.135803,0.003864,0.003596
259,4,0,0,179.5719,58.0,13.9,0.008855617,71.8319669457192,6.641235352,0.0,0.021475098,-0.153693914,1.978693914,3751.782172,650.633728,616.493286,0.003752,0.003673
260,4,0,0,180.6228,58.0,13.7,0.00884227,71.9175604017288,6.421508789,0.0,0.046785034,-0.155272245,1.980272245,3765.738441,675.245117,608.809509,0.00363,0.003406
261,4,0,0,183.3046,58.0,13.7,0.008866628,71.9962290447458,6.377563477,0.0,0.018407227,-0.086889982,1.911889982,3782.33472,613.120911,607.919495,0.003597,0.003468
262,4,0,0,186.2544,58.0,13.8,0.008917945,72.0664646978826,6.377563477,0.0,-0.040074066,0.006724596,1.818275404,3794.944761,642.145508,606.492126,0.003836,0.003605
263,4,0,0,188.9145,58.0,13.8,0.00900334,72.0108066395866,3.869934082,0.0,0.0,0.023954153,1.801045847,3808.87907,640.907776,616.044922,0.003718,0.003529
264,4,0,0,191.2558,58.0,14.2,0.009094521,71.8728455335648,3.913879395,0.0,0.046785034,-0.053148508,1.878148508,3823.475338,732.860413,602.530579,0.00379,0.003581
265,4,0,0,193.2517,58.0,14.2,0.009175447,71.7682470435338,5.23223877,0.0,0.051386841,-0.069386721,1.894386721,3840.061598,602.671326,616.758118,0.003729,0.003512
266,4,0,0,194.6737,57.0,14.3,0.009221953,71.7426644920918,5.364074707,0.0,-0.058481293,0.029109716,1.795890284,3853.994806,593.539307,605.137512,0.003607,0.003415
267,4,0,0,195.2896,58.0,14.3,0.009269314,71.7424249740196,5.58380127,0.0,-0.053879486,0.12357831,1.70142169,3870.583337,608.267517,608.572815,0.00373,0.003537
268,4,0,0,196.9512,58.0,14.7,0.009312785,71.746781312559,5.58380127,0.0,0.013038452,0.096455336,1.728544664,3884.519216,638.878784,628.176208,0.003862,0.003682
269,4,0,0,197.1609,58.0,14.7,0.009345132,71.754246879885,5.627746582,0.0,0.008436646,0.037200689,1.787799311,3901.111061,655.422119,629.526123,0.0038,0.00355
270,4,0,0,197.1609,57.0,14.7,0.009337429,71.760629280924,5.58380127,0.0,-0.005560516,0.01522851,1.80977149,3915.713452,613.851013,639.101074,0.003862,0.003675
271,4,0,0,197.371,57.0,14.7,0.009289463,71.7678146943428,5.58380127,0.0,-0.025501678,0.00180459,1.82319541,3931.645162,571.609192,628.905273,0.003907,0.003751
272,4,0,0,197.371,58.0,14.7,0.009238816,71.774070569071,5.58380127,0.0,-0.040074066,-0.042105436,1.867105436,3946.250738,651.876892,610.799683,0.003705,0.003543
273,4,0,0,198.4284,58.0,14.7,0.00920019,71.771616808373,0.219726563,0.0,0.065192261,-0.14849782,1.97349782,3962.849728,654.268982,610.949707,0.004056,0.003815
274,4,0,0,199.0684,58.0,14.8,0.009196625,71.5476067065612,4.441223145,0.0,0.023776001,-0.142557859,1.967557859,3976.801209,641.915283,632.503906,0.003746,0.003642
275,4,0,0,200.3606,58.0,14.8,0.00922524,71.4988852094398,5.05645752,0.0,-0.069218842,-0.020011663,1.845011663,3991.433587,647.294617,616.581482,0.003917,0.00371
276,4,0,0,201.8897,58.0,14.8,0.009278725,71.477316400238,5.627746582,0.0,-0.004793549,-0.014249086,1.839249086,4007.416653,639.859924,602.308289,0.003677,0.003514
277,4,0,0,202.5522,58.0,14.8,0.009304325,71.5045563143856,5.850219727,0.0,0.021475098,-0.079628706,1.904628706,4022.084332,653.640076,645.562012,0.003937,0.003807
278,4,0,0,203.219,58.0,14.8,0.009277333,71.552192150743,6.026000977,0.0,0.021475098,-0.086914778,1.911914778,4038.767064,650.093079,627.718689,0.004036,0.003744
279,4,0,0,204.115,58.0,14.8,0.009219943,71.5954730486868,5.982055664,0.0,-0.02856955,-0.050400972,1.875400972,4052.757764,662.002991,625.355225,0.003723,0.003539
280,4,0,0,204.5659,58.0,14.8,0.009157786,71.6425550306832,6.026000977,0.0,0.003834839,-0.04715991,1.87215991,4069.379647,664.821472,719.985779,0.003951,0.003707
281,4,0,0,205.2461,58.0,14.8,0.00912145,71.6962361596298,6.157836914,0.0,0.012271484,-0.079951048,1.904951048,4083.994625,687.596191,763.815674,0.003952,0.003674
282,4,0,0,205.4738,58.0,14.8,0.009086511,71.7542552967332,6.157836914,0.0,0.012271484,-0.089025736,1.914025736,4100.600473,627.669678,614.269775,0.003746,0.003539
283,4,0,0,205.7021,58.0,14.8,0.009052563,71.8074865346828,6.157836914,0.0,-0.025501678,-0.075970411,1.900970411,4114.550533,635.506287,617.492615,0.003739,0.003488
284,4,0,0,205.2461,58.0,14.5,0.009019047,71.866862377593,6.157836914,0.0,0.009203613,-0.092805147,1.917805147,4130.495221,642.593872,604.231628,0.003915,0.003737
285,4,0,0,202.9962,58.0,14.5,0.009001969,71.9174684923214,6.157836914,0.0,0.001533936,-0.099065065,1.924065065,4145.777168,631.222107,604.975525,0.003623,0.003494
286,4,0,0,201.2315,58.0,14.6,0.008982167,71.9745307480476,6.157836914,0.0,0.005368774,-0.095849276,1.920849276,4161.725132,639.746521,646.104004,0.003932,0.003648
287,4,0,0,199.7124,58.0,14.6,0.008947268,72.0243418327226,6.157836914,0.0,-0.005560516,-0.087437391,1.912437391,4175.681177,689.724609,771.509583,0.003971,0.003678
288,4,0,0,195.0839,58.0,14.3,0.008889806,72.0819247743124,6.113891602,0.0,-0.005560516,-0.054109812,1.879109812,4192.268749,642.412476,624.674316,0.003559,0.00335
289,4,0,0,192.4483,58.0,14.3,0.00883361,72.129611192226,6.201782227,0.0,0.016106323,-0.039906263,1.864906263,4206.835599,623.481506,607.527893,0.003819,0.003602
290,4,0,0,192.2485,59.0,14.4,0.008759342,72.1938915953466,6.377563477,0.0,-0.024734711,-0.024369955,1.849369955,4223.381889,636.424805,600.23291,0.003583,0.003436
291,4,0,0,193.0502,58.0,14.4,0.008680417,72.2642268183492,6.641235352,0.0,0.017640259,-0.031252623,1.856252623,4237.283141,627.35553,614.737793,0.003884,0.003506
292,4,0,0,194.0617,59.0,14.5,0.008585555,72.4650132910108,8.135375977,0.0,-0.004793549,-0.059068441,1.884068441,4253.842736,646.377991,619.896606,0.003728,0.003555
293,4,0,0,195.9094,59.0,14.5,0.00852483,72.6512453111408,8.003540039,0.0,0.023776001,-0.081145525,1.906145525,4268.425669,685.359985,773.862793,0.003973,0.003686
294,4,0,0,198.0041,59.0,14.2,0.00850857,72.8363939557696,7.564086914,0.0,0.003067871,-0.049029112,1.874029112,4284.345195,642.136292,601.693787,0.003611,0.00348
295,4,0,0,199.928,59.0,14.2,0.008537994,72.988114178495,5.58380127,0.0,-0.008628387,0.012785196,1.812214804,4298.950201,633.878723,607.309814,0.00367,0.003485
296,4,0,0,200.7951,59.0,14.3,0.00859229,72.8381462695352,4.045715332,0.0,0.021475098,0.051791906,1.773208094,4314.8964,642.765625,626.632996,0.003567,0.003474
297,4,0,0,201.6698,58.0,14.3,0.008642995,72.7145919591,4.089660645,0.0,-0.040074066,0.077665567,1.747334433,4329.526129,614.508423,618.390991,0.00381,0.003684
298,4,0,0,202.7739,58.0,14.1,0.008711712,72.5689504549556,4.748840332,0.0,0.012271484,0.054880857,1.770119143,4346.164814,646.310608,627.197876,0.003844,0.003689
299,4,0,0,202.3309,59.0,14.1,0.008778869,72.6070735791334,6.904907227,0.0,0.014572388,0.02135396,1.80364604,4360.152726,639.687073,630.017883,0.003828,0.00366
300,4,0,0,198.6413,59.0,14.2,0.008836665,72.7744736658524,7.476196289,0.0,0.016106323,0.023816824,1.801183176,4376.81864,613.668823,624.847717,0.003781,0.003585
301,4,0,0,196.3248,58.0,14.2,0.008848667,72.9038404939392,7.212524414,0.0,-0.012463226,0.052303076,1.772696924,4391.496537,649.478882,631.928528,0.003823,0.003593
302,4,0,0,194.4693,58.0,13.9,0.00882428,73.0513833206398,7.212524414,0.0,0.023009033,0.052264929,1.772735071,4408.18956,642.911377,618.211304,0.003871,0.003582
303,4,0,0,192.0492,59.0,13.9,0.008800793,73.1692471013954,7.212524414,0.0,0.005368774,0.061538935,1.763461065,4422.223695,651.538696,606.060913,0.003837,0.003643
304,4,0,0,191.0585,59.0,14.0,0.008800644,73.3025952757082,7.212524414,0.0,-0.025501678,0.080973864,1.744026136,4438.280971,631.771301,598.287903,0.003664,0.003453
305,4,0,0,191.0585,59.0,14.0,0.008830274,73.4206156613392,7.212524414,0.0,-0.008628387,0.055598021,1.769401979,4453.037987,653.541626,602.202576,0.003749,0.003575
306,4,0,0,191.4535,59.0,13.8,0.008899119,73.5503632431766,7.212524414,0.0,0.029144775,0.009384394,1.815615606,4469.859648,635.451599,613.060608,0.003799,0.003555
307,4,0,0,191.8502,58.0,13.8,0.008988811,73.6653159370864,7.168579102,0.0,-0.012463226,0.009179831,1.815820169,4484.026597,654.15509,625.020325,0.003772,0.003504
308,4,0,0,193.2517,58.0,13.7,0.009111184,73.795243974218,7.212524414,0.0,0.010737549,0.000448,1.824551535,4500.910344,692.471313,760.418274,0.003859,0.003634
309,4,0,0,194.2653,58.0,13.7,0.009208826,73.903564787202,7.212524414,0.0,-0.001725677,0.000572,1.824428034,4515.738081,646.953796,625.841003,0.003576,0.003397
310,4,0,0,195.2896,57.0,13.5,0.009280776,74.0297209176152,7.256469727,0.0,-0.001725677,-0.002317667,1.827317667,4532.552978,642.334106,610.065186,0.003655,0.003521
311,4,0,0,196.1169,57.0,13.5,0.009306382,74.1386125795906,7.212524414,0.0,0.009203613,-0.008933783,1.833933783,4546.663971,647.260681,613.60553,0.003722,0.003574
312,4,0,0,197.371,57.0,13.4,0.009311704,74.2573940542944,7.212524414,0.0,0.014572388,-0.006201506,1.831201506,4563.49512,638.870789,622.666687,0.003519,0.003368
313,4,0,0,197.7926,57.0,13.4,0.009316294,74.3590205439606,7.212524414,0.0,0.02761084,0.024169683,1.800830317,4577.665141,689.002502,805.996582,0.003551,0.003361
314,4,0,0,197.5816,57.0,13.5,0.009336014,74.2141980329422,0.0,25.79040527,0.017640259,0.130716085,1.694283915,4594.567722,691.884216,790.11908,0.004114,0.003882
315,4,0,0,198.6413,57.0,13.5,0.009368598,73.7229745337496,0.0,18.6126709,-0.044675873,0.262754202,1.562245798,4609.471376,649.315125,629.187805,0.003626,0.00352
316,4,0,0,199.0684,57.0,13.4,0.009417036,73.158829183746,0.0,17.14782715,-0.044675873,0.362786055,1.462213945,4625.76069,682.284485,632.223206,0.003774,0.00356
317,4,0,0,199.7124,58.0,13.4,0.009446574,72.6568702763088,0.0,2.059936523,0.016106323,0.275120974,1.549879026,4638.678683,615.491699,590.702209,0.003613,0.003421
318,4,0,0,200.7951,58.0,13.5,0.009458886,72.1068436661252,0.131835938,0.0,0.03451355,0.131131887,1.693868113,4655.70584,635.204529,601.455078,0.003612,0.003492
319,4,0,0,201.0131,58.0,13.5,0.009451207,71.749348773128,5.495910645,0.0,0.009203613,0.061989069,1.763010931,4670.034341,682.533325,780.36969,0.003935,0.003862
320,4,0,0,198.8546,58.0,13.4,0.009445797,72.0303768094424,11.21429443,0.0,0.005368774,0.029135466,1.795864534,4686.438134,643.161316,621.946777,0.003892,0.003741
321,4,0,0,196.3248,59.0,13.4,0.00945514,72.4690083810004,11.21429443,0.0,-0.010929291,0.006545782,1.818454218,4702.186399,629.452271,598.205688,0.003659,0.003469
322,4,0,0,194.6737,59.0,13.5,0.00947403,72.8980813098152,10.027771,0.0,0.016106323,-0.04101634,1.86601634,4718.648041,589.249207,614.220215,0.003747,0.0036
323,4,0,0,193.6558,58.0,13.5,0.009486269,73.2902059326522,10.68695068,0.0,-0.008628387,-0.078130007,1.903130007,4733.075592,0.0,0.0,0.0,0.0
324,4,0,0,193.4535,58.0,13.4,0.009490559,73.349327805617,5.100402832,0.0,-0.005560516,-0.113806009,1.938806009,4748.213396,690.150818,793.416199,0.003808,0.00357
325,4,0,0,192.0492,59.0,13.4,0.009485623,73.3342444113076,5.58380127,0.0,0.012271484,-0.131463766,1.956463766,4763.360294,0.0,0.0,0.0,0.0
326,4,0,0,190.4689,59.0,13.5,0.009473591,73.3263698141272,5.671691895,0.0,0.021475098,-0.137762785,1.962762785,4779.775608,644.142273,622.326904,0.003718,0.003461
327,4,0,0,189.883,58.0,13.5,0.009477688,73.3287749727572,5.850219727,0.0,-0.016298065,-0.089183092,1.914183092,4794.704539,640.738892,616.74292,0.003899,0.003723
328,4,0,0,189.3007,58.0,13.7,0.00952196,73.3398764253848,5.850219727,0.0,0.008436646,-0.04029727,1.86529727,4811.531596,653.062683,639.92688,0.003632,0.003511
329,4,0,0,189.4944,59.0,13.7,0.00958951,73.3497509493832,5.850219727,0.0,0.00690271,0.005061388,1.819938612,4826.220717,653.152283,624.336121,0.003745,0.003559
330,4,0,0,191.4535,59.0,13.8,0.009669668,73.3753667980698,6.729125977,0.0,-0.017832001,0.069489241,1.755510759,4842.171669,681.937195,795.814819,0.003944,0.00359
331,4,0,0,193.2517,59.0,13.8,0.009721775,73.4546986501008,6.773071289,0.0,-0.003259613,0.085239649,1.739760351,4856.190052,632.100281,620.2948,0.003525,0.003392
332,4,0,0,193.8586,59.0,13.9,0.009756263,73.5433532800046,6.773071289,0.0,-0.004793549,0.068782568,1.756217432,4872.993922,626.161499,629.729614,0.003751,0.003555
333,4,0,0,193.8586,60.0,13.9,0.009771147,73.6204905233578,6.729125977,0.0,0.014572388,0.044045687,1.780954313,4887.871756,651.124329,625.200073,0.003796,0.003632
334,4,0,0,192.8492,59.0,14.0,0.009776502,73.7076002351418,6.773071289,0.0,0.003834839,0.053632975,1.771367025,4904.854164,634.589294,622.421326,0.003708,0.003551
335,4,0,0,190.8615,59.0,14.0,0.009766652,73.802853738408,8.442993164,0.0,-0.004793549,0.092705965,1.732294035,4919.114035,650.497986,616.978271,0.003885,0.003681
336,4,0,0,189.6885,59.0,14.1,0.009743196,74.0511784087692,9.017028809,0.0,-0.02166684,0.119986773,1.705013227,4934.050805,648.908081,631.776306,0.003926,0.003755
337,4,0,0,189.883,60.0,14.1,0.009711169,74.2943461905014,8.973083496,0.0,-0.012463226,0.096631289,1.728368711,4948.308063,0.0,0.0,0.0,0.0
338,4,0,0,190.0779,60.0,14.2,0.009659488,74.2247545630458,0.0,13.9251709,0.023009033,0.041740656,1.783259344,4965.283496,646.879517,619.275391,0.003647,0.003393
339,4,0,0,190.665,59.0,14.2,0.00959821,73.7149975020782,0.0,4.550170898,0.009203613,0.037301779,1.787698221,4980.224214,641.905212,627.232605,0.003658,0.003578
340,4,0,0,192.8492,59.0,14.3,0.009524378,73.1371446629982,0.0,0.0,-0.003259613,0.074032068,1.750967932,4997.209192,651.596008,628.258728,0.003933,0.003741
341,4,0,0,194.6737,59.0,14.3,0.00948021,72.8131389927696,3.869934082,0.0,0.016106323,0.099072695,1.725927305,5009.451978,657.284302,619.260925,0.003493,0.003352
342,4,0,0,196.5332,60.0,14.1,0.009442355,72.655508420614,3.957824707,0.0,-0.016298065,0.133144617,1.691855383,5025.7944,691.568604,611.08313,0.003666,0.003569
343,4,0,0,197.7926,59.0,14.1,0.009413702,72.5249837689576,4.221496582,0.0,0.008436646,0.132043123,1.692956877,5040.793635,638.219299,619.624817,0.003843,0.003605
344,4,0,0,198.8546,59.0,14.1,0.009355705,72.3877967393824,4.265441895,0.0,-0.015531097,0.131307364,1.693692636,5057.859802,647.630005,625.265076,0.003788,0.003635
345,4,0,0,199.4973,59.0,14.1,0.009272044,72.257960402444,3.738098145,0.0,-0.027035614,0.1326406,1.6923594,5072.22777,647.664917,627.2901,0.003972,0.003693
346,4,0,0,198.0041,59.0,14.2,0.009149508,72.0834539852738,3.869934082,0.0,-0.008628387,0.079278231,1.745721769,5089.394037,645.55658,610.069824,0.003502,0.003379
347,4,0,0,196.9512,58.0,14.2,0.009033756,71.9943742321156,5.58380127,0.0,0.017640259,0.006014585,1.818985415,5104.538629,648.535889,628.353271,0.003846,0.003576
348,4,0,0,197.371,58.0,14.3,0.008912336,71.9983309071594,5.58380127,0.0,0.009203613,-0.045581579,1.870581579,5121.637409,697.217102,776.365173,0.003962,0.003714
349,4,0,0,198.0041,58.0,14.3,0.008834007,72.0048218742748,8.003540039,0.0,0.016106323,-0.045759439,1.870759439,5135.887102,0.0,0.0,0.0,0.0
350,4,0,0,198.4284,58.0,14.1,0.008785463,72.1817503159582,6.992797852,0.0,-0.003259613,-0.015298128,1.840298128,5152.077521,651.061401,620.97168,0.003664,0.003388
351,4,0,0,197.5816,58.0,14.1,0.008778743,72.2949375156078,6.904907227,0.0,-0.010162323,-0.005251646,1.830251646,5167.5533,538.73291,601.210999,0.003771,0.003559
352,4,0,0,196.3248,58.0,14.5,0.008821852,72.1537535292086,0.0,3.231811523,-0.030870453,-0.031708002,1.856708002,5183.667648,644.007507,614.718811,0.003747,0.003584
353,4,0,0,195.9094,59.0,14.5,0.008919028,71.6760265668052,0.0,0.0,-0.030103485,-0.099959135,1.924959135,5197.74124,652.803223,635.408875,0.003841,0.003666
354,4,0,0,196.5332,59.0,14.5,0.009093178,71.1330166468348,0.0,0.0,-0.020132904,-0.263545275,2.088545275,5214.459424,0.0,0.0,0.0,0.0
355,4,0,0,196.5332,60.0,14.5,0.009258608,70.644598018048,0.0,0.0,-0.046976776,-0.474473715,2.299473715,5229.13623,642.196289,616.389099,0.003793,0.003556
356,4,0,0,196.3248,60.0,14.6,0.009388742,70.4457040004792,5.58380127,0.0,0.054454712,-0.846917868,2.671917868,5245.801267,634.290405,618.122498,0.003868,0.003646
357,4,0,0,197.7926,60.0,14.6,0.009414607,70.450771441991,4.221496582,0.0,-0.020132904,-1.114476442,2.939476442,5259.800534,659.123413,622.479614,0.003984,0.00377
358,4,0,0,199.4973,60.0,14.6,0.009356934,70.3295206120846,4.045715332,0.0,-0.039307098,-1.425491095,3.250491095,5276.490447,0.0,0.0,0.0,0.0
359,4,0,0,200.5777,61.0,14.6,0.009266139,70.2197106446118,3.913879395,0.0,-0.019365936,-1.779067516,3.604067516,5291.208279,636.934509,614.146301,0.00393,0.003831
360,4,0,0,201.4504,61.0,14.9,0.00915851,70.0864759126756,3.957824707,0.0,0.079764648,1.397819996,4.077180004,5307.265436,654.502319,600.409912,0.003918,0.003698
361,4,0,0,202.3309,60.0,14.9,0.009092034,69.9741449784664,3.957824707,0.0,0.02761084,1.158018827,4.316981173,5321.882459,0.0,0.0,0.0,0.0
362,4,0,0,202.9962,60.0,15.2,0.009065421,70.0581467006556,9.632263184,0.0,0.049085938,0.982904196,4.492095804,5335.731833,651.017395,613.887573,0.003671,0.003483
363,4,0,0,202.7739,61.0,15.2,0.009062865,70.4210685939074,11.21429443,0.0,-0.07305368,0.914155722,4.560844278,5350.132363,673.402588,630.579895,0.003901,0.003706
364,4,0,0,202.7739,61.0,15.5,0.009053276,70.908146272326,10.33538818,0.0,-0.010162323,0.771537066,4.703462934,5366.433839,0.0,0.0,0.0,0.0
365,4,0,0,203.219,60.0,15.5,0.009032958,71.3331671083284,10.730896,0.0,-0.027035614,0.504833698,4.970166302,5380.127081,679.19873,745.811279,0.003967,0.003674
366,4,0,0,204.115,60.0,15.5,0.009017896,71.746417279851,10.42327881,0.0,0.030678711,0.192404509,5.282595491,5394.44928,677.953308,609.236877,0.003947,0.003764
367,4,0,0,204.3402,60.0,15.5,0.009008328,72.0680161499228,8.618774414,0.0,0.096637939,-0.084009528,5.559009528,5410.691386,650.169373,631.107727,0.003589,0.003496
368,4,0,0,203.219,60.0,15.7,0.008989821,72.31218936682,8.753356934,0.0,0.038348389,-0.099789977,5.574789977,5422.367477,651.265076,623.562317,0.00368,0.003535
369,4,0,0,200.7951,60.0,15.7,0.008933499,72.6115455487518,9.104919434,0.0,-0.045442841,-0.00027,5.475269532,5438.561722,662.146912,791.755005,0.0,0.004633
370,4,0,0,197.5816,59.0,15.9,0.008862802,72.511459133092,0.0,9.530639648,-0.052345551,0.021325469,5.453674531,5452.195015,650.887878,622.725708,0.004103,0.003911
371,4,0,0,196.742,59.0,15.9,0.008792472,71.95907844473,0.0,0.0,0.038348389,-0.107421875,5.582421875,5466.565185,0.0,0.0,0.0,0.0
372,4,0,0,197.5816,59.0,15.5,0.008745534,71.511900955904,5.188293457,0.0,0.056755615,-0.196437001,5.671437001,5479.049967,648.758606,578.387695,0.004018,0.003757
373,4,0,0,198.8546,59.0,15.5,0.008709874,71.6589973516886,5.58380127,0.0,-0.013997162,-0.132456303,5.607456303,5494.919608,646.79541,620.712402,0.0037,0.00361
374,4,0,0,200.1441,59.0,15.5,0.008699834,71.66556299218,5.58380127,0.0,-0.02856955,-0.02068758,5.49568758,5508.889735,659.746094,631.98407,0.003822,0.003611
375,4,0,0,201.2315,58.0,15.5,0.008704934,71.6755757745778,5.715637207,0.0,-0.043141937,0.00958252,5.46541748,5524.251563,691.144409,749.323303,0.004009,0.003735
376,4,0,0,202.11,58.0,15.5,0.008723345,71.7516916020198,8.267211914,0.0,0.003834839,-0.08438623,5.55938623,5538.331014,657.046326,636.131104,0.00367,0.003541
377,4,0,0,203.666,59.0,15.5,0.008751392,71.9700766099164,7.827758789,0.0,0.06212439,-0.238576531,5.713576531,5554.471092,652.431885,619.692383,0.003816,0.003598
378,4,0,0,205.2461,59.0,15.4,0.008770968,72.1463533493668,7.651977539,0.0,0.017640259,-0.274361849,5.749361849,5567.187647,642.882507,605.398499,0.003773,0.003633
379,4,0,0,206.3898,59.0,15.4,0.008799581,72.331759424022,7.520141602,0.0,0.012271484,-0.237645268,5.712645268,5583.795469,653.32782,620.6745,0.003975,0.003712
380,4,0,0,207.7793,59.0,15.1,0.008835342,72.4851268545176,7.520141602,0.0,-0.004793549,-0.156155348,5.631155348,5597.716054,650.973877,631.130981,0.003749,0.003579
381,4,0,0,209.1875,59.0,15.1,0.008872132,72.6617210523764,7.476196289,0.0,-0.010929291,-0.051475644,5.526475644,5612.312656,662.175415,636.659729,0.003698,0.003555
382,4,0,0,209.4241,59.0,15.1,0.008885184,72.8094662696754,7.476196289,0.0,-0.013997162,-0.00321722,5.47821722,5626.9114,685.170471,800.821472,0.003903,0.003839
383,4,0,0,210.3757,59.0,15.1,0.008857183,72.7902616935874,5.58380127,0.0,-0.036239227,0.003929615,5.471070385,5642.844968,646.819519,619.532471,0.003705,0.00358
384,4,0,0,210.3757,59.0,14.8,0.008811344,72.796469867478,5.75958252,0.0,-0.019365936,-0.072759986,5.547759986,5657.490121,652.456299,621.760681,0.003745,0.003619
385,4,0,0,211.5775,59.0,14.8,0.00875993,72.8038003146176,5.75958252,0.0,0.054454712,-0.172802448,5.647802448,5674.18222,654.782471,624.627075,0.003497,0.003345
386,4,0,0,212.7931,59.0,14.5,0.008715698,72.808942172011,5.75958252,0.0,0.030678711,-0.155469179,5.630469179,5688.240363,653.405396,627.381409,0.003655,0.003475
387,4,0,0,213.2833,59.0,14.5,0.008644382,72.815810513263,5.75958252,0.0,-0.02856955,-0.019787908,5.494787908,5705.016934,0.0,0.0,0.0,0.0
388,4,0,0,213.7757,59.0,14.3,0.008557577,72.8223691531254,5.75958252,0.0,-0.063083099,0.075376987,5.399623013,5719.142984,640.376526,636.145203,0.003631,0.003585
389,4,0,0,214.2704,59.0,14.3,0.008448316,72.8269907752704,5.715637207,0.0,0.018407227,0.038529396,5.436470604,5735.999217,642.867615,640.967896,0.003521,0.00342
390,4,0,0,215.0168,59.0,14.0,0.008361734,72.8514614337064,6.509399414,0.0,0.010737549,-0.031408906,5.506408906,5750.831979,644.219116,618.188782,0.003583,0.00343
391,4,0,0,215.5172,60.0,14.0,0.008289017,72.931028635619,6.465454102,0.0,0.025309937,-0.085092664,5.560092664,5767.008324,649.684082,619.275513,0.003689,0.00349
392,4,0,0,216.2723,59.0,14.1,0.008259827,73.004447128754,6.465454102,0.0,0.023776001,-0.085184336,5.560184336,5781.838418,658.377502,623.721008,0.003635,0.003433
393,4,0,0,216.02,59.0,14.1,0.008270284,73.0486192148162,5.938110352,0.0,-0.008628387,-0.025827289,5.500827289,5796.669073,682.47229,773.427185,0.003963,0.003715
394,4,0,0,214.7674,59.0,13.9,0.008317668,73.0714239810446,5.982055664,0.0,-0.037773163,0.039112329,5.435887671,5810.827015,649.206787,617.148315,0.00353,0.003307
395,4,0,0,214.2704,60.0,13.9,0.008379623,73.1049606793432,6.465454102,0.0,-0.007094452,0.074318409,5.400681591,5825.660832,578.102295,607.937012,0.003484,0.003323
396,4,0,0,214.5186,60.0,14.0,0.008421161,73.1811622041402,6.641235352,0.0,-0.010162323,0.082764745,5.392235255,5840.495854,653.288208,613.510986,0.003509,0.003332
397,4,0,0,215.0168,59.0,14.0,0.008421581,73.2701822185976,6.641235352,0.0,0.009203613,0.054638624,5.420361376,5856.691765,626.257019,617.755371,0.003394,0.003273
398,4,0,0,215.7684,59.0,13.8,0.008398417,73.347034093782,6.729125977,0.0,0.012271484,0.048069,5.426931,5870.877748,645.460815,614.443909,0.003593,0.003362
399,4,0,0,216.5252,59.0,13.8,0.008374699,73.4353612390892,6.685180664,0.0,0.012271484,0.067737937,5.407262063,5887.781388,639.075317,629.182678,0.003629,0.003545
400,4,0,0,217.0327,59.0,13.9,0.008357649,73.5092080741586,6.685180664,0.0,0.017640259,0.084046006,5.390953994,5902.663712,645.773071,615.083679,0.003599,0.003346
401,4,0,0,218.0549,59.0,13.9,0.008335197,73.5927819372154,6.685180664,0.0,-0.030870453,0.121978521,5.353021479,5919.582432,645.765015,621.146729,0.003648,0.003411
402,4,0,0,218.5697,59.0,13.7,0.00832532,73.6646991092512,6.641235352,0.0,0.001533936,0.153668523,5.321331477,5933.807928,686.519714,817.420776,0.003567,0.003377
403,4,0,0,219.0868,59.0,13.7,0.00835696,73.7448114589954,6.597290039,0.0,0.003067871,0.17594099,5.29905901,5950.763351,643.514282,615.448608,0.003432,0.003299
404,4,0,0,219.8672,60.0,13.6,0.008429548,73.8064199875678,6.553344727,0.0,0.0,0.194893837,5.280106163,5965.702043,633.563904,622.6203,0.003424,0.003342
405,4,0,0,219.8672,60.0,13.6,0.008525973,73.9143373551072,7.256469727,0.0,-0.017832001,0.2051723,5.2698277,5982.018377,615.087524,619.72522,0.003624,0.003455
406,4,0,0,220.3905,59.0,13.7,0.008586881,74.0193240179462,6.333618164,0.0,-0.020132904,0.191282988,5.283717012,5996.992341,630.909973,624.269409,0.003526,0.003276
407,4,0,0,220.6531,59.0,13.7,0.00862924,74.0012720511662,5.58380127,0.0,-0.000959,0.134362102,5.340637898,6013.346205,661.345093,611.407471,0.00338,0.003292
408,4,0,0,220.6531,59.0,13.5,0.008664478,73.9800814529578,5.58380127,0.0,0.003067871,0.057948112,5.417051888,6028.354045,653.516174,620.263123,0.00344,0.003256
409,4,0,0,220.6531,60.0,13.5,0.008718807,73.955803078465,3.738098145,0.0,0.009203613,-0.035214901,5.510214901,6045.426527,0.0,0.0,0.0,0.0
410,4,0,0,219.6065,59.0,13.7,0.008773805,73.517103512292,2.065429688,0.0,0.023009033,-0.093449116,5.568449116,6059.782196,657.749084,625.904724,0.003708,0.00345
411,4,0,0,219.0868,59.0,13.7,0.008834481,73.2037224311556,2.4609375,0.0,0.039882324,-0.103696704,5.578696704,6076.901086,656.80072,625.222412,0.003718,0.003495
412,4,0,0,219.6065,59.0,13.5,0.008878168,72.9788456031934,3.82598877,0.0,-0.041608002,-0.033964872,5.508964872,6091.977327,689.494873,803.360291,0.003928,0.003655
413,4,0,0,219.8672,60.0,13.5,0.00890201,72.9042240157546,5.850219727,0.0,-0.033938324,0.030237317,5.444762683,6109.103504,649.496521,618.425171,0.003484,0.00333
414,4,0,0,218.312,60.0,13.7,0.008890767,72.9574864909936,6.641235352,0.0,-0.015531097,0.007762194,5.467237806,6123.484614,627.388916,611.538696,0.003638,0.003449
415,4,0,0,213.2833,60.0,13.7,0.008844106,73.0962607643306,7.300415039,0.0,0.00690271,-0.053824544,5.528824544,6139.848902,648.35907,607.620789,0.003644,0.003496
416,4,0,0,210.3757,59.0,13.5,0.00878591,73.2196557340124,7.256469727,0.0,0.046785034,-0.129397273,5.604397273,6155.451485,638.492615,625.451416,0.00379,0.003555
417,4,0,0,209.1875,59.0,13.5,0.008725889,73.3532170815016,7.212524414,0.0,-0.02856955,-0.116186261,5.591186261,6171.672022,641.868774,626.692627,0.003921,0.003704
418,4,0,0,209.4241,60.0,13.4,0.008697341,73.4725739918158,7.168579102,0.0,-0.000959,-0.085019469,5.560019469,6185.847391,682.259277,623.248108,0.003619,0.003511
419,4,0,0,210.615,60.0,13.4,0.008693702,73.5183535188568,6.201782227,0.0,0.014572388,-0.062990069,5.537990069,6202.737508,659.023376,615.190918,0.003715,0.003502
420,4,0,0,209.6612,59.0,13.2,0.00870926,73.5643793875716,6.992797852,0.0,0.02761084,-0.002061486,5.477061486,6217.629118,660.003296,608.529419,0.003702,0.003429
421,4,0,0,205.7021,59.0,13.2,0.008747325,73.6585203540958,5.58380127,0.0,-0.030103485,0.117504954,5.357495046,6234.585851,614.483215,617.661499,0.003515,0.003411
422,4,0,0,201.6698,60.0,13.1,0.008793103,73.532791439079,3.65020752,0.0,-0.032404388,0.163574457,5.311425543,6248.856362,652.568726,631.328613,0.003851,0.003639
423,4,0,0,199.0684,60.0,13.1,0.008839347,73.4786070212342,5.671691895,0.0,0.001533936,0.128906131,5.346093869,6265.870012,654.004517,636.968323,0.00365,0.00359
424,4,0,0,198.2161,59.0,13.3,0.008865838,73.5321209558482,7.959594727,0.0,0.009203613,0.103278637,5.371721363,6280.849877,669.423096,596.103088,0.003901,0.003666
425,4,0,0,199.2826,59.0,13.3,0.008886544,73.6909097700018,7.168579102,0.0,0.00690271,0.094822645,5.380177355,6297.21102,679.200073,603.373474,0.003335,0.003203
426,4,0,0,201.4504,59.0,13.2,0.008903481,73.6538512403274,0.131835938,0.0,0.003834839,0.103505611,5.371494389,6312.198816,652.971497,615.948975,0.003213,0.00309
427,4,0,0,203.666,59.0,13.2,0.008927608,73.1833439541914,3.12286377,0.0,-0.015531097,0.123811126,5.351188874,6328.527326,654.50592,611.889404,0.003266,0.003192
428,4,0,0,205.4738,58.0,13.4,0.008960943,73.0101068234792,4.045715332,0.0,-0.001725677,0.134278774,5.340721226,6343.505387,653.595703,622.197083,0.003308,0.003148
429,4,0,0,206.8509,58.0,13.4,0.009024128,72.928525709584,5.58380127,0.0,0.039882324,0.129590273,5.345409727,6360.562352,663.237915,628.339478,0.003394,0.003276
430,4,0,0,205.7021,58.0,13.2,0.009085178,72.9189584568718,5.539855957,0.0,0.014572388,0.166372895,5.308627105,6372.827514,667.828186,620.906799,0.003752,0.003487
431,4,0,0,203.219,59.0,13.2,0.00915737,72.9072976781272,5.58380127,0.0,0.054454712,0.302829266,5.172170734,6389.769071,640.746094,601.759705,0.003715,0.003446
432,4,0,0,202.3309,59.0,13.4,0.009182932,72.8967759580478,5.539855957,0.0,0.010737549,0.558236599,4.916763401,6401.934044,631.908203,605.379517,0.003765,0.003435
433,4,0,0,201.4504,58.0,13.4,0.009168435,72.8871896990302,5.539855957,0.0,0.026843872,0.880535603,4.594464397,6418.814735,652.98761,621.549072,0.003772,0.003625
434,4,0,0,198.8546,58.0,13.3,0.009133457,72.8126789629306,3.913879395,0.0,0.029144775,1.198551893,4.276448107,6433.667043,678.645813,837.889893,0.003744,0.003493
435,4,0,0,196.1169,59.0,13.3,0.009112241,72.658706983864,4.089660645,0.0,0.018407227,1.603653193,3.871346807,6450.53934,687.313477,761.36377,0.003855,0.003768
436,4,0,0,194.0617,59.0,13.4,0.009121792,72.5348845412914,4.089660645,0.0,-0.096062714,-1.638120174,3.463120174,6464.708739,652.176819,625.441406,0.003907,0.003557
437,4,0,0,192.0492,58.0,13.4,0.009144476,72.3904829048698,4.133605957,0.0,-0.010162323,-1.30410552,3.12910552,6481.569025,650.059875,623.006592,0.003841,0.003617
438,4,0,0,191.0585,58.0,13.6,0.009154697,72.2692397354218,4.221496582,0.0,0.054454712,-1.065136671,2.890136671,6495.702082,635.702515,631.554077,0.003789,0.003618
439,4,0,0,191.0585,59.0,13.6,0.00913661,72.1361393350954,4.133605957,0.0,0.032212646,-0.724134207,2.549134207,6512.492566,630.930725,627.460876,0.003536,0.003462
440,4,0,0,192.0492,59.0,13.7,0.009081648,72.0202465130378,4.265441895,0.0,-0.090693939,-0.317086458,2.142086458,6527.240558,649.099121,619.952209,0.003705,0.003511
441,4,0,0,193.6558,59.0,13.7,0.008985188,71.8928124540108,4.35333252,0.0,-0.096062714,-0.032261133,1.857261133,6543.298143,647.639282,607.463806,0.003909,0.003777
442,4,0,0,195.2896,59.0,13.8,0.008899707,71.8140053272868,4.617004395,0.0,-0.030103485,-0.031005144,1.856005144,6557.986134,0.0,0.0,0.0,0.0
443,4,0,0,196.9512,59.0,13.8,0.008816307,71.7583669029388,5.05645752,0.0,0.051386841,-0.175676107,2.000676107,6574.646976,658.991272,624.667114,0.003773,0.003661
444,4,0,0,197.7926,59.0,14.0,0.008745947,71.72329162732,5.144348145,0.0,0.083599487,-0.259467363,2.084467363,6588.621731,653.319519,611.075806,0.003822,0.003673
445,4,0,0,198.4284,59.0,14.0,0.008659031,71.6940062742192,5.276184082,0.0,0.013038452,-0.202202559,2.027202559,6605.239067,647.405701,620.824524,0.003752,0.003562
446,4,0,0,199.4973,59.0,14.1,0.0085847,71.675011829655,5.276184082,0.0,-0.068451874,-0.053203344,1.878203344,6619.188148,700.760803,814.520325,0.004088,0.003838
447,4,0,0,199.2826,59.0,14.1,0.008519498,71.3220417409084,3.869934082,0.0,-0.030870453,0.050894976,1.774105024,6635.786137,673.935486,606.294189,0.003987,0.003748
448,4,0,0,199.7124,59.0,14.1,0.008488083,71.181269214467,3.957824707,0.0,0.010737549,0.044076681,1.780923319,6650.386564,648.347473,604.051208,0.003632,0.003444
449,4,0,0,199.7124,59.0,14.1,0.008484726,71.0508093387456,4.089660645,0.0,0.010737549,0.01755023,1.80744977,6666.268927,0.0,0.0,0.0,0.0
450,4,0,0,199.7124,59.0,14.2,0.008516921,70.9464332595026,4.089660645,0.0,0.02761084,-0.032153368,1.857153368,6680.773762,670.093994,643.904419,0.003717,0.003605
451,4,0,0,199.928,59.0,14.2,0.008598444,70.8922740117354,5.58380127,0.0,-0.023200775,-0.027428865,1.852428865,6697.223879,651.693604,609.07312,0.003553,0.003427
452,4,0,0,199.4973,59.0,14.3,0.008695674,70.9519729296506,7.432250977,0.0,-0.033938324,-0.022108793,1.847108793,6711.017661,761.654724,606.126709,0.003678,0.003461
453,4,0,0,200.3606,59.0,14.3,0.008807884,71.1706712599518,8.709411621,0.0,0.059823486,-0.072351217,1.897351217,6727.427453,655.533691,622.474792,0.003423,0.003336
454,4,0,0,201.0131,59.0,14.4,0.008889053,71.300710164516,7.388305664,0.0,0.049085938,-0.05860877,1.88360877,6741.229751,689.348511,796.999207,0.003872,0.003758
455,4,0,0,201.2315,59.0,14.4,0.008955763,71.5090186762442,7.564086914,0.0,-0.060015228,0.085152864,1.739847136,6757.713785,658.768677,638.620117,0.003853,0.003451
456,4,0,0,201.4504,60.0,14.4,0.008989978,71.6745932242276,7.564086914,0.0,-0.050811615,0.136623621,1.688376379,6772.253737,688.906494,791.99762,0.003967,0.003698
457,4,0,0,201.6698,60.0,14.4,0.008997592,71.843228575957,7.608032227,0.0,-0.044675873,0.065157652,1.759842348,6786.169923,656.318726,622.866699,0.003558,0.003389
458,4,0,0,203.219,60.0,14.5,0.008977152,72.0340778247338,7.651977539,0.0,0.054454712,-0.117250204,1.942250204,6802.782052,966.486816,596.525818,0.003767,0.003547
459,4,0,0,203.8902,60.0,14.5,0.008945912,72.2299230764198,8.574829102,0.0,0.032979614,-0.190068007,2.015068007,6817.440134,666.364014,747.965881,0.003415,0.003254
460,4,0,0,204.7921,61.0,14.5,0.008902658,72.5121019356748,8.574829102,0.0,0.056755615,-0.177832842,2.002832842,6834.149348,692.075989,794.976807,0.003614,0.003425
461,4,0,0,205.7021,60.0,14.5,0.008851878,72.4336937482434,0.0,13.3392334,0.026843872,-0.025955915,1.850955915,6848.240542,640.231812,615.674988,0.003751,0.003601
462,4,0,0,206.1601,60.0,14.6,0.008777503,71.9004461329932,0.0,9.530639648,-0.102198456,0.21272397,1.61227603,6864.334019,648.48053,621.077209,0.003596,0.003443
463,4,0,0,206.1601,60.0,14.6,0.008717887,71.4195718809122,0.0,0.0,-0.048510712,0.274184942,1.550815058,6879.63647,653.358521,617.769897,0.003546,0.003355
464,4,0,0,205.9308,61.0,14.6,0.008674258,70.9022750459512,2.548828125,0.0,-0.013997162,0.147151232,1.677848768,6895.475596,686.773071,783.250427,0.003822,0.003608
465,4,0,0,206.3898,60.0,14.6,0.008647945,70.8297592959958,6.509399414,0.0,0.016106323,0.03228116,1.79271884,6909.254106,0.0,0.0,0.0,0.0
466,4,0,0,206.8509,60.0,14.6,0.00861296,71.2623441909322,10.42327881,0.0,0.052920776,-0.07943511,1.90443511,6925.68198,634.852417,613.463928,0.003593,0.003369
467,4,0,0,208.2466,60.0,14.6,0.008573723,71.5994042961586,9.983825684,0.0,0.025309937,-0.102093935,1.927093935,6940.232753,644.080017,616.600708,0.003618,0.003522
468,4,0,0,208.716,60.0,14.4,0.00852739,72.0818448062078,11.21429443,0.0,-0.02166684,-0.04840827,1.87340827,6956.871944,691.595886,627.967896,0.003742,0.003566
469,4,0,0,207.7793,60.0,14.4,0.008500786,72.5067377801472,11.30218506,0.0,0.036047485,-0.014106989,1.839106989,6970.947361,645.305115,608.1651,0.003622,0.003549
470,4,0,0,208.0126,60.0,14.4,0.008504994,73.006511911974,11.25823975,0.0,-0.027035614,0.052009821,1.772990179,6987.820403,0.0,0.0,0.0,0.0
471,4,0,0,208.2466,59.0,14.4,0.008543147,73.4152778024272,11.21429443,0.0,-0.019365936,0.081698656,1.743301344,7002.768993,648.094116,613.27887,0.003736,0.003526
472,4,0,0,209.1875,59.0,14.2,0.008610891,73.7597877356344,9.720153809,0.0,0.0,0.058192015,1.766807985,7019.156956,642.275696,618.312073,0.003852,0.003695
473,4,0,0,208.9515,60.0,14.2,0.008668999,74.0420442455444,9.764099121,0.0,0.036047485,0.006357908,1.818642092,7034.24299,658.099426,618.037292,0.003625,0.003485
474,4,0,0,204.115,59.0,14.3,0.008723831,73.8070250833144,0.0,0.0,0.009203613,0.007197618,1.817802382,7050.624528,688.877686,763.521973,0.003964,0.003928
475,4,0,0,200.3606,59.0,14.3,0.008772683,73.5330151856192,7.871704102,0.0,0.0,0.048375845,1.776624155,7065.615617,644.760803,617.230408,0.003669,0.003435
476,4,0,0,197.5816,59.0,14.1,0.008837883,73.7097341556082,7.564086914,0.0,-0.019365936,0.100610018,1.724389982,7082.691138,650.376282,605.790588,0.0036,0.003408
477,4,0,0,196.1169,59.0,14.1,0.008890728,73.8425361038316,7.432250977,0.0,-0.030103485,0.106282473,1.718717527,7097.063729,660.313293,616.484802,0.003668,0.003557
478,4,0,0,196.1169,59.0,14.2,0.008926251,73.9846178122696,7.344360352,0.0,0.001533936,0.073210478,1.751789522,7114.207099,643.027405,617.931885,0.003731,0.003491
479,4,0,0,198.0041,59.0,14.2,0.00893939,74.1065529979176,7.388305664,0.0,0.0,0.0349195,1.7900805,7129.322033,631.581604,625.992798,0.003578,0.003435
480,4,0,0,199.928,57.0,13.9,0.008953426,74.2345597083968,7.344360352,0.0,-0.001725677,-0.000137,1.825137091,7146.531776,680.885681,799.445313,0.003708,0.003632
481,4,0,0,202.5522,58.0,13.9,0.008963086,74.354592461044,8.047485352,0.0,0.001533936,-0.040203333,1.865203333,7160.982148,656.413696,587.530884,0.003831,0.003707
482,4,0,0,204.3402,59.0,14.0,0.008959556,74.3160953262502,0.0,45.27282715,-0.007094452,-0.082660913,1.907660913,7177.37326,718.251892,625.597717,0.003674,0.003558
483,4,0,0,205.2461,60.0,14.0,0.008952822,73.8239544871642,0.0,18.90563965,0.018407227,-0.120461702,1.945461702,7192.279984,627.782104,623.725403,0.003549,0.003436
484,4,0,0,205.0189,60.0,13.8,0.008959869,73.299142549392,0.0,19.1986084,0.021475098,-0.138624907,1.963624907,7209.083036,648.420593,623.048523,0.003676,0.003477
485,4,0,0,204.5659,61.0,13.8,0.008983715,72.8320627229342,0.0,5.136108398,0.009203613,-0.120071173,1.945071173,7223.094794,655.137817,622.959106,0.003583,0.003479
486,4,0,0,202.3309,61.0,14.0,0.009018876,72.2976804586104,0.0,0.0,-0.041608002,-0.087109327,1.912109327,7239.741756,580.110413,610.589172,0.003803,0.003611
487,4,0,0,200.3606,60.0,14.0,0.00903473,71.9527620588178,3.518371582,0.0,0.021475098,-0.152877092,1.977877092,7254.39498,683.638672,800.223816,0.003981,0.003784
488,4,0,0,199.4973,59.0,14.1,0.009017705,71.9296300493938,5.715637207,0.0,0.067493164,-0.258802176,2.083802176,7271.05623,0.0,0.0,0.0,0.0
489,4,0,0,199.2826,59.0,14.1,0.008974218,71.9384834632556,5.671691895,0.0,0.036047485,-0.269195795,2.094195795,7285.020695,656.323486,617.90741,0.003549,0.003404
490,4,0,0,199.928,59.0,14.1,0.008900333,71.999044874757,5.715637207,0.0,-0.041608002,-0.1425488,1.9675488,7301.523924,655.351074,612.078491,0.003861,0.003623
491,4,0,0,200.1441,58.0,14.1,0.008818631,71.8718992738316,3.210754395,0.0,-0.065384003,-0.040546179,1.865546179,7315.27742,647.49353,624.126221,0.003661,0.003513
492,4,0,0,198.8546,58.0,14.2,0.008725415,71.3713080639934,0.0,0.0,-0.030103485,-0.112668753,1.937668753,7331.522599,660.777588,612.467773,0.003875,0.003645
493,4,0,0,197.1609,57.0,14.2,0.00867258,70.9006425797354,0.0,1.473999023,0.037581421,-0.278898954,2.103898954,7345.717139,668.672485,613.378418,0.003819,0.003668
494,4,0,0,196.742,58.0,14.0,0.008655049,70.3803869249042,0.0,0.0,0.065959229,-0.426400423,2.251400423,7361.226781,637.036926,614.8797,0.003864,0.003687
495,4,0,0,198.0041,58.0,14.0,0.008647842,69.9152318208062,0.0,0.0,-0.023200775,-0.41562438,2.24062438,7375.552131,611.314026,617.977417,0.003793,0.003662
496,4,0,0,199.0684,57.0,14.1,0.008601607,69.6236717807298,6.773071289,0.0,-0.036239227,-0.367436647,2.192436647,7391.973898,541.633606,621.706482,0.003813,0.003653
497,4,0,0,200.7951,57.0,14.1,0.008526507,69.8431696955166,10.68695068,0.0,-0.040074066,-0.384045362,2.209045362,7405.870612,531.168213,625.551208,0.003623,0.003545
498,4,0,0,202.5522,57.0,13.9,0.008449378,70.3773095288628,12.53540039,0.0,0.070561035,-0.494474649,2.319474649,7422.536474,641.529297,635.543701,0.003883,0.003826
499,4,0,0,203.8902,57.0,13.9,0.008421856,70.8872439390984,11.65649414,0.0,0.123481812,-0.581264257,2.406264257,7436.624385,630.889709,622.553711,0.003996,0.003787
500,4,0,0,204.7921,58.0,14.0,0.008425903,71.4086047759878,11.34613037,0.0,-0.041608002,-0.37936902,2.20436902,7453.462909,0.0,0.0,0.0,0.0
501,4,0,0,206.1601,58.0,14.0,0.00842943,71.828954695761,11.21429443,0.0,-0.068451874,-0.125650644,1.950650644,7468.340772,0.0,0.0,0.0,0.0
502,4,0,0,207.5464,59.0,13.8,0.008411027,72.330903335609,11.21429443,0.0,-0.074587616,-0.028082132,1.853082132,7484.643573,653.916077,603.514893,0.003902,0.003817
503,4,0,0,208.716,60.0,13.8,0.008370843,72.60333989424,8.753356934,0.0,0.029144775,-0.123821497,1.948821497,7499.680113,631.959717,622.275208,0.004034,0.003843
504,4,0,0,209.8988,60.0,13.6,0.008297212,72.8867255653742,8.841247559,0.0,0.032979614,-0.287438631,2.112438631,7516.87821,648.37561,600.939819,0.003844,0.003615
505,4,0,0,210.3757,60.0,13.6,0.00822132,73.1341707314254,9.236755371,0.0,0.055988647,-0.344651937,2.169651937,7531.412171,0.0,0.0,0.0,0.0
506,4,0,0,210.8548,61.0,13.2,0.008157313,73.484724396162,11.21429443,0.0,0.017640259,-0.286174536,2.111174536,7548.671918,639.333313,603.999023,0.003922,0.003682
507,4,0,0,211.5775,61.0,13.2,0.008150169,73.8981633432666,11.21429443,0.0,-0.033938324,-0.162675619,1.987675619,7563.070041,640.37738,602.193115,0.003876,0.003658
508,4,0,0,211.8195,62.0,12.8,0.008207369,74.3472519555294,11.21429443,0.0,0.02761084,-0.11900878,1.94400878,7580.075426,640.491394,562.966125,0.003982,0.003752
509,4,0,0,212.5489,62.0,12.8,0.008304233,74.7468649500402,11.12640381,0.0,0.012271484,-0.091755629,1.916755629,7594.918116,860.96698,591.841675,0.003799,0.003756
510,4,0,0,213.5292,62.0,12.4,0.008441114,74.5644548549158,0.0,0.0,0.017640259,-0.028040171,1.853040171,7610.982922,681.949402,772.59668,0.004083,0.003899
511,4,0,0,214.0228,61.0,12.4,0.008551066,74.148819834634,0.0,18.6126709,0.016106323,0.055468798,1.769531202,7625.636856,686.905884,763.376587,0.004244,0.004018
512,4,0,0,213.5292,61.0,12.1,0.008642641,73.5658992965478,0.0,19.49157715,-0.061549164,0.160485029,1.664514971,7642.221028,638.321106,622.62207,0.004083,0.003784
513,4,0,0,211.3361,61.0,12.1,0.008700031,73.0582098190518,0.0,19.05212402,-0.037773163,0.107461214,1.717538786,7656.706299,0.0,0.0,0.0,0.0
514,4,0,0,210.137,60.0,12.1,0.008749935,72.4847891023318,0.0,0.0,0.082065552,-0.073642492,1.898642492,7672.48912,643.579102,616.219177,0.00379,0.003592
515,4,0,0,208.716,60.0,12.1,0.008776769,71.98359271628,0.0,0.0,-0.008628387,-0.082890749,1.907890749,7686.301124,617.151184,597.842529,0.003899,0.003751
516,4,0,0,208.716,59.0,11.8,0.008788003,71.9290894077142,0.0,0.0,-0.010162323,0.04125905,1.78374095,7702.748047,636.494019,606.14447,0.003854,0.003659
517,4,0,0,209.8988,60.0,11.8,0.008782472,71.4120919904602,0.0,0.0,-0.007094452,0.123791933,1.701208067,7717.225161,616.872803,617.056885,0.003949,0.003787
518,4,0,0,210.615,60.0,11.8,0.008746264,71.0139860945792,5.58380127,0.0,-0.016298065,0.18589282,1.63910718,7733.603247,625.722229,621.063599,0.003743,0.003568
519,4,0,0,211.0952,59.0,11.8,0.008684015,71.029676467563,5.58380127,0.0,-0.048510712,0.19592452,1.62907548,7747.326913,603.095276,631.977905,0.003967,0.003694
520,4,0,0,210.137,59.0,11.5,0.008605106,71.0442103688228,5.58380127,0.0,0.03451355,0.062191248,1.762808752,7763.79704,579.973083,611.367371,0.003682,0.003617
521,4,0,0,210.137,59.0,11.5,0.008563348,71.0595506298896,5.58380127,0.0,0.030678711,-0.084291697,1.909291697,7778.440769,451.444794,573.206604,0.003549,0.003456
522,4,0,0,210.8548,59.0,11.3,0.008565412,71.0759436407174,5.58380127,0.0,0.061357422,-0.169472933,1.994472933,7794.582365,673.099792,612.53479,0.003715,0.003542
523,4,0,0,211.0952,59.0,11.3,0.008598989,70.7430436472042,0.0,0.0,0.038348389,-0.160212278,1.985212278,7809.453506,655.441895,523.466614,0.004048,0.003913
524,4,0,0,211.8195,59.0,11.3,0.008639712,70.5837088644556,11.21429443,0.0,-0.001725677,-0.009694338,1.834694338,7825.710081,691.53418,605.861206,0.003657,0.003472
525,4,0,0,212.7931,58.0,11.3,0.00864692,71.097310912271,12.09594727,0.0,-0.036239227,0.134810686,1.690189314,7840.613945,752.034729,619.321472,0.003643,0.00354
526,4,0,0,213.5292,59.0,11.4,0.008606425,71.8202773436952,14.69146729,0.0,-0.023200775,0.224761248,1.600238752,7857.538817,651.91687,616.968689,0.003796,0.003577
527,4,0,0,214.5186,59.0,11.4,0.008540547,72.500220870471,13.59008789,0.0,-0.034705292,0.239612341,1.585387659,7871.669692,697.572998,748.153381,0.003929,0.003763
528,4,0,0,215.0168,59.0,11.7,0.008458799,72.9694173652704,7.520141602,0.0,-0.000959,0.192064524,1.632935476,7888.395724,411.643494,577.781616,0.003469,0.003353
529,4,0,0,215.7684,59.0,11.7,0.008397235,73.1301771059352,7.564086914,0.0,-0.015531097,0.1225245,1.7024755,7903.099376,646.232727,609.656677,0.003584,0.003339
530,4,0,0,215.7684,59.0,11.8,0.008343325,73.172475582276,5.58380127,0.0,0.038348389,0.016765356,1.808234644,7919.139304,0.0,0.0,0.0,0.0
531,4,0,0,215.5172,58.0,11.8,0.008311109,73.1604030217056,5.58380127,0.0,0.047552002,-0.019159555,1.844159555,7933.842324,608.67511,616.785583,0.0,0.003415
532,4,0,0,212.0621,58.0,12.1,0.008289716,72.9721041584004,0.0,0.0,-0.02856955,0.055551767,1.769448233,7949.890991,643.204529,598.50647,0.003609,0.003435
533,4,0,0,208.481,58.0,12.1,0.008281128,72.4699031096668,0.0,0.0,-0.027035614,0.080838919,1.744161081,7965.319671,658.428528,590.765381,0.003876,0.003559
534,4,0,0,206.6201,58.0,12.1,0.008282618,72.2019447648934,5.188293457,0.0,0.012271484,-0.009601355,1.834601355,7981.465827,688.516113,587.015503,0.003884,0.00357
535,4,0,0,206.3898,58.0,12.1,0.008295211,72.1836924674702,5.58380127,0.0,0.06212439,-0.105029345,1.930029345,7995.629568,610.422302,591.411072,0.003796,0.003551
536,4,0,0,204.3402,59.0,12.4,0.00832328,72.1830744487234,5.58380127,0.0,0.018407227,-0.079655886,1.904655886,8012.534028,736.302185,568.766113,0.003745,0.003511
537,4,0,0,205.2461,59.0,12.4,0.008362064,72.1836127729534,5.58380127,0.0,0.005368774,0.01070857,1.81429143,8027.44805,0.0,0.0,0.0,0.0
538,4,0,0,206.3898,59.0,12.3,0.008422401,72.2290097759698,8.486938477,0.0,-0.02856955,0.132469416,1.692530584,8044.437021,792.287292,595.470886,0.003688,0.003462
539,4,0,0,207.7793,59.0,12.3,0.008481926,72.4534389981978,8.091430664,0.0,-0.030870453,0.169254065,1.655745935,8058.742382,824.032776,567.417297,0.003584,0.00337
540,4,0,0,207.314,59.0,12.6,0.008546783,72.6552679369378,7.739868164,0.0,0.042183228,0.134895086,1.690104914,8075.130492,0.0,0.0,0.0,0.0
541,4,0,0,205.4738,59.0,12.6,0.008597525,72.8213489281258,7.739868164,0.0,0.06212439,0.148489714,1.676510286,8090.875652,653.133728,616.209412,0.003633,0.003493
542,4,0,0,205.0189,59.0,13.1,0.008659039,73.0129091833146,7.695922852,0.0,-0.043141937,0.298991442,1.526008558,8107.345301,665.520813,752.594116,0.003835,0.00382
543,4,0,0,204.7921,59.0,13.1,0.008724481,73.1700292084486,7.695922852,0.0,-0.046976776,0.392436743,1.432563257,8122.478036,646.916809,622.289673,0.00376,0.003691
544,4,0,0,205.0189,59.0,13.3,0.008793457,73.352019909569,7.695922852,0.0,0.003834839,0.34899354,1.47600646,8139.024672,654.488892,621.19342,0.003761,0.003601
545,4,0,0,206.8509,59.0,13.3,0.00882437,73.5129250701962,7.695922852,0.0,-0.008628387,0.195400476,1.629599524,8154.226672,647.883423,612.371094,0.003899,0.003732
546,4,0,0,208.2466,60.0,13.8,0.008829999,73.699085506883,7.739868164,0.0,0.019941162,-0.012446642,1.837446642,8171.54038,0.0,0.0,0.0,0.0
547,4,0,0,209.8988,60.0,13.8,0.008835145,73.8623227460108,7.739868164,0.0,0.06212439,-0.198940516,2.023940516,8186.115265,649.43988,622.644897,0.003706,0.003565
548,4,0,0,211.5775,60.0,13.9,0.008860846,74.0147015106642,7.739868164,0.0,0.054454712,-0.307885408,2.132885408,8201.415342,0.0,0.0,0.0,0.0
549,4,0,0,209.4241,60.0,13.9,0.00891812,74.1925675538316,7.783813477,0.0,-0.02166684,-0.282548189,2.107548189,8218.838466,651.570007,617.218811,0.003771,0.003626
550,4,0,0,206.3898,59.0,14.3,0.008986485,74.3441866778182,7.783813477,0.0,-0.030870453,-0.233423471,2.058423471,8233.501166,635.785583,611.251526,0.003409,0.003297
551,4,0,0,205.0189,58.0,14.3,0.009086629,74.5194359180522,7.783813477,0.0,0.043717163,-0.280919313,2.105919313,8250.887502,640.853699,603.437622,0.003664,0.003496
552,4,0,0,203.666,57.0,14.4,0.009197393,74.6643120844662,7.695922852,0.0,0.0,-0.276746988,2.101746988,8265.374664,655.5755,604.699707,0.003698,0.003552
553,4,0,0,203.219,57.0,14.4,0.00932954,74.828368960456,7.783813477,0.0,0.039882324,-0.219702482,2.044702482,8282.483043,631.730225,604.333801,0.003701,0.003553
554,4,0,0,203.666,57.0,14.7,0.009406817,74.974851087256,7.783813477,0.0,-0.077655487,-0.078831911,1.903831911,8297.425098,598.874817,612.646484,0.0,0.005683
555,4,0,0,203.4422,56.0,14.7,0.009420376,75.1388835334646,7.827758789,0.0,-0.052345551,-0.012493372,1.837493372,8313.72959,648.935303,616.53009,0.003784,0.003576
556,4,0,0,204.3402,55.0,14.8,0.009385128,75.2756234401076,7.739868164,0.0,-0.045442841,-0.071173429,1.896173429,8328.712317,698.82251,756.242371,0.00388,0.003723
557,4,0,0,205.0189,55.0,14.8,0.009339436,75.4255090796066,7.124633789,0.0,0.008436646,-0.250592947,2.075592947,8345.769436,687.070007,766.894104,0.004056,0.00388
558,4,0,0,203.8902,55.0,14.8,0.00932774,75.1510328273662,0.0,29.59899902,0.085133423,-0.404340029,2.229340029,8360.079404,632.447876,620.887512,0.003747,0.003555
559,4,0,0,203.4422,56.0,14.8,0.009346322,74.5553842928078,0.0,65.04821777,0.112744263,-0.421904325,2.246904325,8377.030496,639.110413,623.324219,0.004006,0.00376
560,4,0,0,202.9962,56.0,14.8,0.009362402,74.0397903970612,0.0,61.67907715,-0.044675873,-0.188299417,2.013299417,8391.279226,607.065002,635.648071,0.003945,0.003776
561,4,0,0,204.115,57.0,14.8,0.009359693,73.4544080998572,0.0,9.384155273,-0.0868591,0.023688555,1.801311445,8408.263549,0.0,0.0,0.0,0.0
562,4,0,0,204.7921,57.0,14.5,0.009351273,73.3013276629638,9.104919434,0.0,-0.034705292,-0.059093237,1.884093237,8423.223268,648.162109,634.749329,0.003863,0.003627
563,4,0,0,206.3898,58.0,14.5,0.009350121,73.5000803804806,7.520141602,0.0,0.085900391,-0.323341608,2.148341608,8440.235171,0.0,0.0,0.0,0.0
564,4,0,0,207.0822,59.0,14.6,0.00933516,73.6295959276768,7.168579102,0.0,0.063658325,-0.40892005,2.23392005,8454.537866,640.105225,601.46991,0.003753,0.003458
565,4,0,0,204.115,59.0,14.6,0.009250329,73.7548975146434,6.465454102,0.0,-0.032404388,-0.246727705,2.071727705,8471.576418,692.378479,812.394409,0.00367,0.003462
566,4,0,0,199.0684,59.0,14.3,0.00910465,73.4002088438976,0.0,0.0,-0.077655487,-0.023721933,1.848721933,8486.583225,658.707214,625.813904,0.003953,0.003675
567,4,0,0,195.7024,59.0,14.3,0.008908503,73.2392625163532,6.465454102,0.0,-0.083024261,0.052722216,1.772277784,8502.96845,0.0,0.0,0.0,0.0
568,4,0,0,193.4535,59.0,14.1,0.008764464,73.3159470845512,6.729125977,0.0,0.07592981,-0.110537291,1.935537291,8517.317239,633.764526,635.419922,0.003708,0.003522
569,4,0,0,193.4535,59.0,14.1,0.008647168,73.4001079704664,6.421508789,0.0,0.061357422,-0.285408735,2.110408735,8534.399537,665.586609,621.140076,0.003768,0.003564
570,4,0,0,195.0839,59.0,13.9,0.008560393,73.4549821514352,6.421508789,0.0,0.065959229,-0.23667407,2.06167407,8549.335816,658.169128,627.219421,0.003903,0.00363
571,4,0,0,197.1609,59.0,13.9,0.008455669,73.5187135121214,6.421508789,0.0,-0.094528778,0.035480261,1.789519739,8566.17108,633.155212,614.755127,0.003629,0.003409
572,4,0,0,200.1441,59.0,13.7,0.008369182,73.564915796687,6.421508789,0.0,-0.096062714,0.219782591,1.605217409,8580.201297,652.881897,615.223328,0.003833,0.003621
573,4,0,0,201.6698,59.0,13.7,0.008298729,73.6190540264738,6.421508789,0.0,0.001533936,0.094615221,1.730384779,8596.772249,652.577209,620.009399,0.003761,0.003534
574,4,0,0,203.666,59.0,13.5,0.00827538,73.6725654505174,6.421508789,0.0,-0.004793549,-0.035119295,1.860119295,8611.234069,653.229614,612.411377,0.003953,0.003773
575,4,0,0,203.8902,59.0,13.5,0.008307216,73.7376735532934,6.465454102,0.0,0.016106323,-0.109785318,1.934785318,8626.940498,637.983887,589.622498,0.003711,0.00351
576,4,0,0,204.3402,59.0,13.4,0.0083924,73.7944763029446,6.465454102,0.0,0.045251099,-0.152932882,1.977932882,8641.387383,684.897705,803.980896,0.003819,0.003635
577,4,0,0,205.4738,59.0,13.4,0.008542456,73.85458565084,5.75958252,0.0,-0.048510712,-0.089331865,1.914331865,8657.302196,662.314087,621.372009,0.003966,0.003776
578,4,0,0,203.219,60.0,13.5,0.00868614,73.3874189683024,0.0,8.505249023,-0.046976776,-0.043781519,1.868781519,8672.050894,638.234375,601.65033,0.003686,0.003505
579,4,0,0,199.2826,59.0,13.5,0.008804212,72.7929710335708,0.0,0.0,-0.013997162,-0.153975725,1.978975725,8688.9808,0.0,0.0,0.0,0.0
580,4,0,0,196.742,59.0,13.4,0.00883516,72.2596412454202,0.0,0.0,0.023009033,-0.338191748,2.163191748,8703.330659,643.953918,617.592102,0.003921,0.003753
581,4,0,0,195.0839,60.0,13.4,0.008800894,71.6738113746688,0.0,0.0,0.102006714,-0.469868898,2.294868898,8720.521902,657.727478,626.176208,0.003973,0.003745
582,4,0,0,192.6485,59.0,13.6,0.008733413,71.1593529648526,0.0,0.0,0.001533936,-0.344394445,2.169394445,8735.572446,641.877625,593.763123,0.003955,0.00375
583,4,0,0,189.883,59.0,13.6,0.008623217,70.6257697217454,5.671691895,0.0,-0.057714325,-0.067683458,1.892683458,8751.861188,647.290222,615.092407,0.003847,0.0037
584,4,0,0,184.2163,59.0,13.4,0.008507013,70.7941082628986,7.476196289,0.0,0.009203613,0.007442236,1.817557764,8766.675285,0.0,0.0,0.0,0.0
585,4,0,0,178.8781,59.0,13.4,0.008375677,71.3749505636824,13.85375977,0.0,0.005368774,0.001627207,1.823372793,8782.78659,632.84137,593.427002,0.003639,0.003455
586,4,0,0,175.6543,59.0,13.6,0.008277957,72.109633489202,14.24926758,0.0,0.026843872,-0.001537085,1.826537085,8798.228676,633.708313,611.746887,0.003795,0.003636
587,4,0,0,173.5147,58.0,13.6,0.008195851,72.8792660008864,13.45825195,0.0,-0.034705292,-0.004321814,1.829321814,8814.307812,595.499207,611.7453,0.00396,0.003793
588,4,0,0,170.4797,58.0,13.7,0.008160439,73.5128504772872,13.15063477,0.0,0.029144775,-0.059563875,1.884563875,8828.369301,665.728882,616.957092,0.003807,0.003545
589,4,0,0,167.0955,59.0,13.7,0.008177997,74.1639192418764,11.8762207,0.0,0.032979614,-0.134134531,1.959134531,8845.100299,622.004883,553.796326,0.0,0.003718
590,4,0,0,164.7175,59.0,13.5,0.008252737,74.2076362387734,0.0,0.0,0.009203613,-0.129390001,1.954390001,8859.808177,717.7901,615.144592,0.003583,0.003451
591,4,0,0,164.8642,60.0,13.5,0.008400837,73.6071566103756,0.0,0.0,0.043717163,-0.098256826,1.923256826,8876.499717,610.351013,610.527527,0.003741,0.003544
592,4,0,0,165.1582,60.0,13.7,0.008564466,73.1033166258794,0.0,0.0,-0.030103485,0.012501478,1.812498522,8890.50911,657.613281,611.424805,0.003892,0.003603
593,4,0,0,164.1335,60.0,13.7,0.008761096,72.54808079133,0.0,0.0,-0.053879486,0.122771978,1.702228022,8906.540217,625.786804,632.153015,0.00393,0.003704
594,4,0,0,163.9882,60.0,13.5,0.008930737,72.528698302705,7.608032227,0.0,-0.010929291,0.138617754,1.686382246,8921.937138,699.14502,767.498108,0.004028,0.003857
595,4,0,0,165.898,60.0,13.5,0.009117502,72.469904928221,3.386535645,0.0,0.010737549,0.06579423,1.75920577,8938.033116,647.68689,575.78241,0.004134,0.004052
596,4,0,0,168.4636,61.0,13.7,0.009240709,72.3566335118092,5.144348145,0.0,0.014572388,0.037437677,1.787562323,8950.129038,0.0,0.0,0.0,0.0
597,4,0,0,172.0637,61.0,13.7,0.009359611,72.3175094908052,5.144348145,0.0,0.005368774,0.065074205,1.759925795,8966.973866,636.202087,615.412292,0.00378,0.003688
598,4,0,0,175.6543,60.0,13.5,0.009415614,72.2829341727508,5.23223877,0.0,-0.005560516,0.111344099,1.713655901,8981.757738,589.810425,398.081299,0.003863,0.003568
599,4,0,0,178.5332,60.0,13.5,0.009439764,72.2074162312122,4.617004395,0.0,0.014572388,0.162881136,1.662118864,8998.587789,622.981323,602.079895,0.003648,0.003547
600,4,0,0,180.6228,61.0,13.4,0.009439975,72.1235157847892,4.441223145,0.0,-0.039307098,0.218098402,1.606901598,9012.749541,618.116882,595.265198,0.00375,0.003613
601,4,0,0,182.2224,60.0,13.4,0.009422364,72.0498699401924,5.58380127,0.0,0.008436646,0.177743196,1.647256804,9029.634343,696.031799,790.520508,0.003808,0.003573
602,4,0,0,184.0333,60.0,13.2,0.009397333,72.1119247387468,7.344360352,0.0,0.008436646,0.084251642,1.740748358,9044.514237,732.590515,583.911194,0.003625,0.00343
603,4,0,0,184.5836,60.0,13.2,0.009374533,72.2741770296078,7.036743164,0.0,0.04141626,0.004055738,1.820944262,9060.768622,745.952087,582.670105,0.003611,0.003414
604,4,0,0,184.3998,60.0,13.1,0.009364014,72.3822728568598,6.992797852,0.0,0.014572388,-0.034904242,1.859904242,9074.985281,648.450378,593.195007,0.003609,0.003474
605,4,0,0,183.8506,60.0,13.1,0.009346103,72.5166335474336,7.300415039,0.0,-0.004793549,-0.010837317,1.835837317,9091.867759,640.262085,614.331482,0.003802,0.003725
606,4,0,0,184.3998,59.0,13.0,0.009316911,72.7742405207666,9.764099121,0.0,-0.030870453,0.000385,1.824614954,9106.720737,656.872925,633.569092,0.003887,0.003931
607,4,0,0,184.9523,59.0,13.0,0.009285773,72.6058164110056,2.592773438,0.0,-0.02166684,-0.018399,1.843399,9123.596308,690.625671,757.547302,0.004235,0.003993
608,4,0,0,184.3998,59.0,12.9,0.009274792,72.6327642138498,7.344360352,0.0,-0.003259613,-0.096894503,1.921894503,9137.769637,646.056702,598.590698,0.003646,0.003549
609,4,0,0,181.686,60.0,12.9,0.00926122,72.7789885243818,6.948852539,0.0,0.017640259,-0.232799768,2.057799768,9154.640069,661.860291,593.778687,0.003621,0.003493
610,4,0,0,180.6228,59.0,13.1,0.009216459,72.8889913712536,6.860961914,0.0,0.090502197,-0.346436262,2.171436262,9169.482389,658.202271,610.752686,0.003842,0.003817
611,4,0,0,180.7991,59.0,13.1,0.009118889,73.0021533203586,6.860961914,0.0,0.009203613,-0.246124029,2.071124029,9185.671961,683.081299,620.717102,0.003994,0.003879
612,4,0,0,181.508,58.0,13.0,0.009016344,73.0963702316374,6.773071289,0.0,-0.040074066,-0.053315878,1.878315878,9200.510536,644.157898,619.820679,0.003725,0.003669
613,4,0,0,183.4862,59.0,13.0,0.008905943,73.1793789910466,5.75958252,0.0,-0.056180389,0.085354567,1.739645433,9216.695369,631.639771,610.806213,0.003893,0.003696
614,4,0,0,184.5836,59.0,13.2,0.008831513,73.017399258008,3.606262207,0.0,-0.000959,0.041596174,1.783403826,9229.507597,653.381287,589.098511,0.003762,0.003562
615,4,0,0,186.2544,59.0,13.2,0.00874202,72.9267192576208,5.58380127,0.0,0.019941162,-0.134196997,1.959196997,9246.363379,634.775024,624.676208,0.003711,0.003534
616,4,0,0,185.3225,59.0,13.1,0.008675027,72.915185890324,5.58380127,0.0,-0.010929291,-0.245205641,2.070205641,9260.514512,640.710693,607.835388,0.003828,0.003597
617,4,0,0,184.5836,60.0,13.1,0.008608027,72.9021267077732,5.58380127,0.0,0.023009033,-0.308585405,2.133585405,9277.353781,691.752502,770.204895,0.004004,0.003957
618,4,0,0,185.3225,60.0,13.3,0.008547157,72.8927053900122,5.451965332,0.0,0.023009033,-0.385606527,2.210606527,9292.160539,638.329224,615.900696,0.003591,0.003475
619,4,0,0,186.2544,60.0,13.3,0.008474319,72.8803408468856,5.539855957,0.0,0.032212646,-0.376764536,2.201764536,9308.213658,666.485596,625.276001,0.00391,0.003707
620,4,0,0,187.7652,60.0,13.4,0.008420591,72.8693291471498,5.539855957,0.0,0.008436646,-0.211408854,2.036408854,9322.8129,632.734985,605.349487,0.003841,0.003592
621,4,0,0,188.3381,60.0,13.4,0.008377095,72.8573401917924,5.539855957,0.0,-0.07995639,-0.005511045,1.830511045,9339.325365,650.818481,571.174805,0.003809,0.003689
622,4,0,0,188.5298,60.0,13.6,0.008349262,72.8451944223454,5.539855957,0.0,-0.030870453,0.003517866,1.821482134,9353.195176,646.567078,618.811401,0.003764,0.00355
623,4,0,0,188.722,60.0,13.6,0.008330311,72.8358578041486,5.671691895,0.0,-0.019365936,-0.119246721,1.944246721,9369.710848,695.821289,629.284729,0.003977,0.003764
624,4,0,0,189.6885,60.0,13.7,0.008329615,72.8310543265836,5.58380127,0.0,0.065192261,-0.244196177,2.069196177,9383.581431,682.288025,813.245972,0.003937,0.003827
625,4,0,0,190.2732,60.0,13.7,0.008344413,72.817015908923,5.188293457,0.0,0.047552002,-0.215054274,2.040054274,9400.052754,678.464478,794.992676,0.003946,0.004065
626,4,0,0,189.6885,60.0,13.6,0.008363033,72.7769363262006,5.364074707,0.0,-0.041608002,-0.024502039,1.849502039,9414.573216,595.165405,607.644897,0.00362,0.003511
627,4,0,0,188.1468,61.0,13.6,0.00837992,72.7346969448246,5.188293457,0.0,-0.000959,0.063092947,1.761907053,9430.463132,648.626892,633.780884,0.003799,0.003622
628,4,0,0,187.0068,60.0,13.7,0.008387374,72.7054993812208,3.782043457,0.0,-0.023200775,0.006784678,1.818215322,9443.077497,509.449707,585.513489,0.003678,0.003459
629,4,0,0,186.4419,60.0,13.7,0.008393656,72.1342310119102,0.0,0.0,-0.024734711,-0.166982889,1.991982889,9459.72462,686.088806,765.822083,0.003922,0.003881
630,4,0,0,187.575,59.0,13.5,0.008396295,71.6214684280256,0.0,0.0,0.071328003,-0.394944906,2.219944906,9473.749792,651.663818,623.376282,0.003694,0.003519
631,4,0,0,189.6885,59.0,13.5,0.0083915,71.3342199063696,5.58380127,0.0,0.0690271,-0.458575964,2.283575964,9490.495612,650.104492,624.559387,0.003623,0.003442
632,4,0,0,191.8502,59.0,13.7,0.008379862,71.342532565898,5.58380127,0.0,-0.072286713,-0.289815664,2.114815664,9505.278817,678.002014,621.223206,0.003869,0.003636
633,4,0,0,193.0502,59.0,13.7,0.008365327,71.3534859431522,5.58380127,0.0,-0.065384003,-0.091843843,1.916843843,9522.111115,723.700012,605.995117,0.003692,0.003553
634,4,0,0,194.4693,59.0,13.5,0.008361238,71.3522948384314,4.17755127,0.0,0.001533936,-0.115614653,1.940614653,9536.267797,670.451416,727.592285,0.003759,0.003556
635,4,0,0,194.8786,59.0,13.5,0.008373903,71.118710467185,5.58380127,0.0,0.042183228,-0.162009001,1.987009001,9552.462811,654.516418,624.586426,0.00385,0.003683
636,4,0,0,197.371,59.0,13.7,0.008400896,71.285347485343,7.739868164,0.0,-0.032404388,-0.104030371,1.929030371,9567.319431,649.349182,613.520386,0.003519,0.003345
637,4,0,0,198.0041,59.0,13.7,0.008444931,71.5123158276626,7.783813477,0.0,-0.063850067,-0.02529788,1.85029788,9582.17702,638.77948,605.134888,0.003872,0.003658
638,4,0,0,198.8546,59.0,13.5,0.008508293,71.70210627556,8.003540039,0.0,-0.005560516,-0.060292006,1.885292006,9596.279543,644.942322,594.7099,0.003795,0.003556
639,4,0,0,199.7124,59.0,13.5,0.008598614,71.9301462612922,7.827758789,0.0,0.065959229,-0.187874079,2.012874079,9612.952257,645.548706,607.945618,0.003816,0.003644
640,4,0,0,199.928,60.0,13.4,0.008682917,72.123006138998,7.915649414,0.0,-0.020132904,-0.150508165,1.975508165,9627.605779,644.160278,595.822815,0.00374,0.003527
641,4,0,0,201.0131,61.0,13.4,0.008761436,72.3201903937508,7.871704102,0.0,-0.053879486,-0.070136786,1.895136786,9641.597526,653.946411,611.353516,0.003652,0.003546
642,4,0,0,201.6698,60.0,13.2,0.008825046,72.558064653888,8.267211914,0.0,0.0,-0.1145823,1.9395823,9658.29052,694.04718,771.9198,0.003961,0.003805
643,4,0,0,202.3309,60.0,13.2,0.008846348,72.6989092143878,6.377563477,0.0,0.00690271,-0.19594264,2.02094264,9673.011929,693.264099,764.600586,0.004062,0.003945
644,4,0,0,202.9962,61.0,13.1,0.008833393,72.7987405174708,6.641235352,0.0,-0.016298065,-0.289563894,2.114563894,9689.106919,487.154114,596.087585,0.003557,0.003513
645,4,0,0,203.4422,61.0,13.1,0.008798733,72.873149849057,6.245727539,0.0,-0.020132904,-0.387555361,2.212555361,9703.900651,629.324097,641.17041,0.003776,0.003528
646,4,0,0,204.3402,60.0,13.3,0.008754039,72.9295896281646,6.245727539,0.0,0.099705811,-0.525957823,2.350957823,9720.04046,666.037476,633.542114,0.003904,0.003758
647,4,0,0,205.0189,60.0,13.3,0.008727519,72.9751571085672,6.026000977,0.0,-0.043141937,-0.442951441,2.267951441,9734.731032,0.0,0.0,0.0,0.0
648,4,0,0,205.4738,60.0,13.2,0.008711264,72.5552997755812,0.0,0.0,-0.036239227,-0.316904783,2.141904783,9749.311191,647.879211,624.143982,0.003797,0.003654
649,4,0,0,205.9308,60.0,13.2,0.008690041,72.0248599436422,1.93359375,0.0,0.005368774,-0.297320604,2.122320604,9763.126535,653.990112,620.199097,0.003754,0.003658
650,4,0,0,206.3898,60.0,13.4,0.008643216,71.9390545214612,5.671691895,0.0,0.045251099,-0.252478838,2.077478838,9779.444558,642.952393,632.668091,0.003926,0.003794
651,4,0,0,207.0822,59.0,13.4,0.008583335,71.9492461659066,5.627746582,0.0,-0.010929291,-0.146885633,1.971885633,9793.717988,677.050415,788.458984,0.004003,0.003901
652,4,0,0,207.314,59.0,13.2,0.008518801,72.1196039459578,7.300415039,0.0,-0.063083099,-0.038582563,1.863582563,9809.304767,640.843811,612.968872,0.003619,0.003568
653,4,0,0,207.314,60.0,13.2,0.008496385,72.2661261292304,7.080688477,0.0,-0.060015228,-0.027068377,1.852068377,9819.735878,674.458679,792.567993,0.003992,0.003955
654,4,0,0,207.5464,60.0,13.1,0.008500285,72.4281373731462,8.223266602,0.0,0.021475098,-0.180791616,2.005791616,9835.375814,0.0,0.0,0.0,0.0
655,4,0,0,208.716,60.0,13.1,0.008530978,72.6184226448134,7.432250977,0.0,0.12041394,-0.301757097,2.126757097,9849.605619,648.226807,620.573792,0.003812,0.003518
656,4,0,0,209.1875,61.0,13.0,0.008559409,72.708886124597,0.0,0.0,-0.053879486,-0.209686518,2.034686518,9865.025922,0.0,0.0,0.0,0.0
657,4,0,0,209.8988,60.0,13.0,0.008551347,72.1654076452856,0.0,0.0,0.02761084,-0.174906015,1.999906015,9879.151553,680.083984,617.203918,0.00377,0.003563
658,4,0,0,210.3757,60.0,12.9,0.008507921,71.5843773092162,0.0,0.0,-0.013997162,-0.210899115,2.035899115,9895.250903,0.0,0.0,0.0,0.0
659,4,0,0,210.615,60.0,12.9,0.008466264,71.0597371363022,0.0,0.0,0.02761084,-0.184155226,2.009155226,9908.88463,643.955872,609.956482,0.003977,0.00374
660,4,0,0,211.0952,61.0,12.8,0.008434831,70.4556303774124,0.0,0.0,-0.010162323,-0.156985521,1.981985521,9925.267462,650.087219,602.910278,0.003877,0.003653
661,4,0,0,211.0952,61.0,12.8,0.008418476,70.0450298393592,5.671691895,0.0,-0.010929291,-0.150063276,1.975063276,9939.812374,679.050781,613.687683,0.003906,0.003761
662,4,0,0,211.5775,61.0,12.7,0.008408462,70.1348655477956,9.017028809,0.0,0.003834839,-0.178465605,2.003465605,9956.498957,659.2995,636.364807,0.003946,0.003764
663,4,0,0,212.0621,61.0,12.7,0.008414367,70.4599234206096,8.399047852,0.0,0.030678711,-0.211325884,2.036325884,9970.646927,689.054871,617.422485,0.003685,0.003535
664,4,0,0,212.7931,61.0,12.7,0.008446835,70.2142893736076,0.043945313,0.0,0.032212646,-0.208445311,2.033445311,9986.927599,606.185303,596.203979,0.003702,0.003453
665,4,0,0,213.0379,61.0,12.7,0.008496547,69.7057367105092,0.087890625,0.0,-0.034705292,-0.149822474,1.974822474,10002.55819,708.234924,608.48761,0.00382,0.003535
666,4,0,0,213.7757,60.0,12.6,0.008562582,69.3245053721708,5.144348145,0.0,-0.001725677,-0.125101805,1.950101805,10018.75335,809.840088,612.296997,0.003811,0.003616
667,4,0,0,213.5292,60.0,12.6,0.008615499,69.3559973235324,5.58380127,0.0,0.037581421,-0.118442297,1.943442297,10032.81963,648.610718,611.333618,0.003667,0.003457
668,4,0,0,213.7757,60.0,12.5,0.008670133,69.6769428820312,11.70043945,0.0,-0.024734711,-0.057679415,1.882679415,10049.5379,687.424316,761.331482,0.003974,0.003923
669,4,0,0,214.2704,61.0,12.5,0.008716503,70.2423692666748,11.83227539,0.0,-0.023200775,-0.025965929,1.850965929,10064.2496,664.751404,586.828491,0.00405,0.003882
670,4,0,0,214.5186,61.0,12.5,0.008761621,70.9299419823744,11.92016602,0.0,0.023009033,-0.050156355,1.875156355,10080.967,623.703674,610.946411,0.003617,0.003389
671,4,0,0,215.2667,60.0,12.5,0.00878545,71.4838413405208,12.5793457,0.0,-0.030103485,-0.055321455,1.880321455,10095.00972,597.039124,623.15387,0.003696,0.003595
672,4,0,0,215.5172,60.0,12.5,0.008795337,72.2327792686782,12.9309082,0.0,-0.004793549,-0.097114325,1.922114325,10111.72697,589.7677,644.5802,0.003598,0.003485
673,4,0,0,216.2723,60.0,12.5,0.008799486,72.8779552095498,12.9309082,0.0,-0.02166684,-0.144727945,1.969727945,10126.43791,613.119507,598.206604,0.003478,0.003288
674,4,0,0,215.2667,60.0,12.7,0.008811101,73.3503236008354,8.574829102,0.0,0.046785034,-0.258947134,2.083947134,10142.48637,690.272522,759.121216,0.003818,0.003839
675,4,0,0,211.5775,59.0,12.7,0.008834267,73.3321223838638,0.0,20.51696777,0.052920776,-0.355015039,2.180015039,10157.19737,691.86969,768.110229,0.003993,0.00391
676,4,0,0,207.5464,59.0,12.6,0.008876721,72.7035142120506,0.0,0.0,0.070561035,-0.276089907,2.101089907,10173.24574,643.010925,624.190308,0.003692,0.003506
677,4,0,0,204.7921,58.0,12.6,0.008917361,72.2245911881592,5.58380127,0.0,-0.052345551,-0.124291658,1.949291658,10187.95676,430.408691,640.8479,0.0,0.004021
678,4,0,0,203.8902,59.0,12.6,0.008946237,72.225558755554,5.58380127,0.0,-0.024734711,-0.064406633,1.889406633,10204.67382,646.303711,610.796204,0.003543,0.003326
679,4,0,0,204.115,59.0,12.6,0.008939682,72.2252180260892,5.539855957,0.0,-0.005560516,-0.141501188,1.966501188,10218.71627,649.180786,607.853882,0.003675,0.003437
680,4,0,0,205.0189,59.0,12.8,0.008892694,72.2238989466516,5.58380127,0.0,0.032979614,-0.278657675,2.103657675,10235.39934,639.110718,617.098694,0.003616,0.003494
681,4,0,0,205.7021,58.0,12.8,0.008835782,72.2231429591866,5.58380127,0.0,0.039882324,-0.372942209,2.197942209,10249.96797,644.536011,621.891724,0.003688,0.003506
682,4,0,0,206.1601,59.0,12.7,0.008780712,72.2213722667582,5.58380127,0.0,-0.025501678,-0.319363832,2.144363832,10266.4131,656.092529,397.463196,0.00362,0.003467
683,4,0,0,206.1601,59.0,12.7,0.00874584,72.2218080438434,5.58380127,0.0,-0.024734711,-0.225022078,2.050022078,10280.18959,639.387207,612.485413,0.003504,0.003357
684,4,0,0,205.9308,59.0,13.0,0.008703389,72.2210902138298,5.58380127,0.0,-0.020132904,-0.157635927,1.982635927,10295.88654,660.194275,787.647278,0.003671,0.003464
685,4,0,0,205.9308,59.0,13.0,0.008657492,72.2205340259258,5.58380127,0.0,0.003834839,-0.101003408,1.926003408,10310.24057,646.901611,610.844299,0.00383,0.0037
686,4,0,0,206.3898,59.0,12.9,0.008612713,72.2205587936684,5.58380127,0.0,0.001533936,-0.069196463,1.894196463,10326.62623,824.885803,610.127075,0.003552,0.003322
687,4,0,0,207.314,59.0,12.9,0.008593634,72.2210486123908,5.58380127,0.0,0.023009033,-0.034857035,1.859857035,10340.46977,845.857117,607.663818,0.003222,0.003172
688,4,0,0,207.7793,59.0,13.1,0.008592092,72.2213919650798,5.58380127,0.0,-0.016298065,0.033209085,1.791790915,10356.96545,0.0,0.0,0.0,0.0
689,4,0,0,205.9308,59.0,13.1,0.008603319,72.2217565127766,5.58380127,0.0,-0.041608002,0.081512213,1.743487787,10371.51522,635.943909,609.91333,0.003593,0.003502
690,4,0,0,201.2315,60.0,13.0,0.00863609,71.711394179035,0.0,0.0,0.023009033,0.030699968,1.794300032,10388.09386,642.941284,620.725891,0.00345,0.003285
691,4,0,0,197.7926,60.0,13.0,0.008675664,71.1501563109556,0.0,0.0,0.047552002,-0.045052767,1.870052767,10400.05897,688.947693,619.395691,0.003388,0.0
692,4,0,0,196.5332,59.0,13.2,0.008732268,70.9084672230022,3.430480957,0.0,-0.050811615,0.023916006,1.801083994,10415.97659,650.760315,619.020325,0.003541,0.003362
693,4,0,0,196.3248,59.0,13.2,0.008765576,70.7074926667748,2.8125,0.0,-0.057714325,0.095627546,1.729372454,10431.14689,396.987213,582.902222,0.003482,0.003383
694,4,0,0,197.7926,59.0,13.1,0.008779935,70.4779969847324,3.869934082,0.0,-0.013997162,0.015382051,1.809617949,10446.98938,661.848206,620.151489,0.003752,0.003644
695,4,0,0,199.7124,60.0,13.1,0.008782536,70.6675431991914,11.30218506,0.0,0.010737549,-0.117487669,1.942487669,10460.91746,651.762817,610.645325,0.003464,0.003313
696,4,0,0,201.8897,60.0,13.3,0.008776783,71.2142550034968,6.729125977,0.0,0.00690271,-0.257908583,2.082908583,10477.40536,0.0,0.0,0.0,0.0
697,4,0,0,202.3309,60.0,13.3,0.008753479,71.247554951788,5.806274414,0.0,0.023009033,-0.347640276,2.172640276,10491.79832,752.742798,605.699219,0.003716,0.003472
698,4,0,0,202.5522,60.0,13.4,0.00870696,71.4331620812894,7.564086914,0.0,0.065192261,-0.346375704,2.171375704,10508.02264,634.776917,596.650818,0.003652,0.003479
699,4,0,0,200.3606,60.0,13.4,0.008673092,71.6197749034502,7.608032227,0.0,-0.000959,-0.167790174,1.992790174,10519.62939,647.437622,604.254883,0.003728,0.003603
700,4,0,0,196.1169,60.0,13.6,0.0086499,71.8195924246846,6.377563477,0.0,-0.02856955,0.054332495,1.770667505,10535.809,564.149292,594.795715,0.003613,0.003532
701,4,0,0,192.2485,60.0,13.6,0.008664441,71.5206275698672,0.0,0.0,-0.030870453,0.136868715,1.688131285,10549.56684,638.955872,607.762207,0.003531,0.003418
702,4,0,0,190.0779,59.0,13.7,0.008737749,71.1824369998512,5.495910645,0.0,0.009203613,0.088958025,1.736041975,10566.04691,698.360901,824.66449,0.003753,0.003615
703,4,0,0,189.3007,59.0,13.7,0.008853286,71.3849853135712,12.05200195,0.0,0.047552002,-0.006340742,1.831340742,10579.94543,655.21167,623.642395,0.003492,0.003345
704,4,0,0,190.665,59.0,13.8,0.009015086,71.5405211526894,0.0,0.0,-0.010162323,0.006488085,1.818511915,10596.60158,830.066284,592.990112,0.003363,0.003254
705,4,0,0,191.2558,59.0,13.8,0.009136162,70.9805860614334,0.0,0.0,-0.034705292,0.080363035,1.744636965,10611.36407,0.0,0.0,0.0,0.0
706,4,0,0,187.7652,59.0,13.9,0.009199663,70.3580606315512,0.0,0.0,-0.044675873,0.110821009,1.714178991,10628.23795,644.02063,602.625305,0.003625,0.003418
707,4,0,0,187.3852,59.0,13.9,0.009176639,69.8082654122728,0.0,0.0,-0.027035614,0.083595991,1.741404009,10642.48611,653.235107,609.407715,0.003533,0.003355
708,4,0,0,186.4419,59.0,13.8,0.00908262,69.714963652185,13.85375977,0.0,0.001533936,-0.055904627,1.880904627,10659.53408,664.158813,598.36731,0.003698,0.003566
709,4,0,0,185.8805,59.0,13.8,0.008976421,70.5693834049126,16.80084229,0.0,0.03451355,-0.178667784,2.003667784,10674.60554,509.85849,588.682007,0.003479,0.003269
710,4,0,0,186.6298,59.0,13.9,0.008870419,71.1790777279088,8.355102539,0.0,0.0,-0.259145498,2.084145498,10690.97806,629.201111,597.983704,0.00342,0.003294
711,4,0,0,186.2544,59.0,13.9,0.008810784,71.4639905178624,9.324645996,0.0,0.0690271,-0.29341197,2.11841197,10705.19502,619.164429,591.670898,0.003377,0.003248
712,4,0,0,185.1372,59.0,13.7,0.00878127,72.0503146491146,11.21429443,0.0,-0.049277679,-0.139599562,1.964599562,10721.97727,568.520508,595.477112,0.003437,0.00331
713,4,0,0,185.5081,59.0,13.7,0.008781686,72.5759858778864,10.81878662,0.0,-0.077655487,-0.035669088,1.860669088,10736.6265,634.418091,599.980225,0.003241,0.0031
714,4,0,0,186.6298,60.0,13.8,0.008802038,73.0427595113158,9.939880371,0.0,0.047552002,-0.198013067,2.023013067,10753.14292,637.563599,615.037292,0.003386,0.003257
715,4,0,0,188.1468,60.0,13.8,0.008831484,73.4388345649574,9.851989746,0.0,0.080531616,-0.383550406,2.208550406,10766.90766,635.65033,596.449707,0.003393,0.003285
716,4,0,0,190.0779,60.0,13.6,0.00887954,73.895211266531,9.895935059,0.0,0.059823486,-0.255667448,2.080667448,10783.23991,684.732727,773.041077,0.003538,0.003326
717,4,0,0,192.6485,60.0,13.6,0.008935809,73.8763560298768,0.0,73.98376465,0.008436646,0.077775717,1.747224283,10797.63672,0.0,0.0,0.0,0.0
718,4,0,0,194.8786,60.0,13.8,0.009009281,73.1644772912232,0.0,23.8861084,-0.168924652,0.464738131,1.360261869,10813.40897,660.771973,624.326294,0.003831,0.003681
719,4,0,0,196.9512,61.0,13.8,0.009070164,72.5159327281438,0.0,2.499389648,-0.045442841,0.303490877,1.521509123,10827.8736,656.607727,613.542603,0.004131,0.003865
720,4,0,0,198.6413,60.0,13.6,0.009125621,71.8003928375506,0.0,14.80407715,0.058289551,-0.250452757,2.075452757,10843.58023,646.046692,627.466919,0.004092,0.003955
721,4,0,0,199.2826,60.0,13.6,0.009157282,71.1841348535512,0.0,3.964233398,0.085133423,-0.418249846,2.243249846,10857.88297,670.55127,612.936279,0.003801,0.00363
722,4,0,0,198.8546,61.0,13.4,0.009164826,70.5660908079264,3.957824707,0.0,0.029144775,-0.285911322,2.110911322,10874.12785,717.805603,823.66333,0.003637,0.003606
723,4,0,0,195.4958,60.0,13.4,0.009149381,70.5786088499022,5.671691895,0.0,-0.092994843,-0.060721159,1.885721159,10887.76892,652.52771,613.940186,0.003935,0.003827
724,4,0,0,192.8492,59.0,13.3,0.009138578,70.9716973225586,8.355102539,0.0,0.0,-0.056503057,1.881503057,10904.00479,653.080017,601.854919,0.003835,0.003726
725,4,0,0,191.6517,59.0,13.3,0.009159884,71.004289048596,4.17755127,0.0,0.055988647,-0.140435457,1.965435457,10918.28602,653.53363,614.181091,0.003939,0.003726
726,4,0,0,191.8502,59.0,13.2,0.009217115,70.4616494055728,0.0,0.0,-0.037773163,-0.053215742,1.878215742,10934.40213,0.0,0.0,0.0,0.0
727,4,0,0,192.8492,58.0,13.2,0.009275923,70.1751494845112,5.58380127,0.0,-0.02856955,0.034551859,1.790448141,10947.8334,652.822876,611.159424,0.003886,0.003796
728,4,0,0,195.0839,57.0,13.4,0.009332401,70.1670433354916,4.617004395,0.0,0.038348389,-0.043795347,1.868795347,10963.06543,650.129028,613.926819,0.00393,0.003815
729,4,0,0,196.9512,57.0,13.4,0.009371395,70.1449233595266,5.58380127,0.0,0.019941162,-0.070972681,1.895972681,10977.5459,641.418518,589.651428,0.003815,0.003689
730,4,0,0,198.0041,57.0,13.2,0.009412436,69.9396001091248,0.0,22.56774902,0.005368774,-0.019187212,1.844187212,10992.53499,659.602295,591.434814,0.003846,0.003669
731,4,0,0,198.4284,58.0,13.2,0.009443923,69.2753514614848,0.0,197.4700928,-0.02856955,0.021323919,1.803676081,11005.58625,652.386414,596.032104,0.003982,0.003773
732,4,0,0,194.8786,57.0,13.4,0.009469213,68.6001424681484,0.0,155.1361084,0.0,0.009191751,1.815808249,11019.24621,652.552429,601.659729,0.004022,0.003897
733,4,0,0,190.665,57.0,13.4,0.009496418,67.866230786637,0.0,82.33337402,0.010737549,-0.077342749,1.902342749,11032.80849,634.574524,601.744873,0.003751,0.003641
734,4,0,0,187.3852,57.0,13.3,0.009538497,67.2054389691302,0.0,1.034545898,0.018407227,-0.12007308,1.94507308,11045.65944,0.0,0.0,0.0,0.0
735,4,0,0,184.9523,59.0,13.3,0.009604182,67.0279662325654,0.0,0.0,0.012271484,-0.135407686,1.960407686,11059.02255,640.928284,595.052673,0.003606,0.003555
736,4,0,0,184.9523,59.0,13.4,0.009681836,66.4733969383638,0.0,133.3099365,-0.043141937,-0.074613333,1.899613333,11069.8815,633.91272,581.991882,0.003814,0.003693
737,4,0,0,186.4419,59.0,13.4,0.009818378,65.7609764636794,0.0,215.3411865,0.047552002,-0.014601946,1.839601946,11084.85336,0.0,0.0,0.0,0.0
738,4,0,0,188.3381,59.0,13.3,0.009971475,65.1208412975558,0.0,198.9349365,-0.078422455,0.210457563,1.614542437,11097.92169,656.153015,608.250916,0.003855,0.003824
739,4,0,0,189.3007,60.0,13.3,0.010186027,64.4073525429794,0.0,265.5853271,-0.060015228,0.231143236,1.593856764,11112.65133,0.0,0.0,0.0,0.0
740,4,0,0,191.0585,61.0,13.5,0.010409079,63.7946408523238,0.0,264.7064209,-0.015531097,-0.014522791,1.839522791,11124.92872,660.922119,598.285095,0.004102,0.003842
741,4,0,0,191.0585,60.0,13.5,0.010699453,63.0932429565136,0.0,264.5599365,0.116579102,-0.33388114,2.15888114,11138.71854,600.536926,599.782471,0.00395,0.003685
742,4,0,0,187.9558,61.0,13.6,0.010970893,60.9645726721824,0.0,264.1204834,-0.068451874,-0.248201609,2.073201609,11149.25806,,,,
743,4,0,0,186.4419,61.0,13.6,0.010970893,60.9645726721824,0.0,264.1204834,-0.068451874,-0.248201609,2.073201609,11149.25806,,,,
744,4,0,0,185.3225,61.0,13.5,0.010970893,60.9645726721824,0.0,264.1204834,-0.068451874,-0.248201609,2.073201609,11149.25806,,,,
