Time,Drive,Stimulus,Failure,Palm.EDA,Heart.Rate,Breathing.Rate,Perinasal.Perspiration,Speed,Acceleration,Brake,Steering,LaneOffset,Lane.Position,Distance,Gaze.X.Pos,Gaze.Y.Pos,Lft.Pupil.Diameter,Rt.Pupil.Diameter
1,4,0,0,136.4405,80,13.3,0.006736246,-0.01780772046688,0.0,263.0950928,-0.063083099,-0.100008726,1.925008726,8.06111e-06,529.918884,1015.411072,0.0,0.0
2,4,0,0,137.1479,80,13.5,0.00685573,-0.01780772046688,0.0,263.0950928,-0.063083099,-0.100008726,1.925008726,1.51146e-05,0.0,0.0,0.0,0.0
3,4,0,0,137.76,81,13.5,0.006878518,-0.01780772690424,0.0,182.9681396,-0.058481293,-0.100008726,1.925008726,2.31757e-05,0.0,0.0,0.0,0.0
4,4,0,0,137.9653,81,13.7,0.006814613,0.21311109771884,0.0,150.1556396,-0.053879486,-0.100037336,1.925037336,3.02292e-05,662.207581,830.515381,0.0,0.0
5,4,0,0,138.5848,82,13.7,0.006686045,0.80421948779776,0.0,37.80212402,0.009203613,-0.100491762,1.925491762,0.00193185,521.053589,981.70697,0.0,0.0
6,4,0,0,138.6886,82,13.5,0.006551811,7.2858048607167,23.84033203,0.0,0.030678711,-0.099391222,1.924391222,0.063356339,633.22583,872.526978,0.0,0.0
7,4,0,0,139.4195,82,13.5,0.006398128,12.5341137269583,6.729125977,0.0,0.018407227,-0.093063116,1.918063116,0.235522527,529.158081,974.921326,0.0,0.0
8,4,0,0,139.8406,83,13.4,0.006278225,21.5374895463788,38.8394165,0.0,0.010737549,-0.080874205,1.905874205,0.725086559,536.173889,980.679871,0.0,0.0
9,4,0,0,140.3706,83,13.4,0.006167931,31.7441469452764,17.15240479,0.0,0.001533936,-0.050110102,1.875110102,3.155398975,511.85199,815.170898,0.0,0.0
10,4,0,0,141.0119,83,13.2,0.00609989,36.6720091435912,38.66363525,0.0,0.003834839,-0.000708,1.825708342,5.713248675,550.541687,939.507629,0.0,0.0
11,4,0,0,141.5508,83,13.2,0.006061753,43.0265430925522,44.73358154,0.0,0.00690271,0.080071688,1.744928312,10.1395796,522.059692,826.153625,0.0,0.0
12,4,0,0,142.0939,83,13.4,0.006060056,48.1143189371202,43.94256592,0.0,-0.001725677,0.165311575,1.659688425,15.49143631,539.380981,937.56012,0.0,0.0
13,4,0,0,142.6411,83,13.4,0.006069509,53.721865043482,40.46539307,0.0,-0.057714325,0.257773638,1.567226362,22.83569215,540.672119,950.861206,0.0,0.0
14,4,0,0,142.9715,83,13.6,0.006063434,57.9888135006916,14.24926758,0.0,0.036047485,0.231948614,1.593051386,30.08811614,525.61438,884.769287,0.0,0.0
15,4,0,0,143.4144,83,13.6,0.006023903,60.6972667055648,28.32550049,0.0,-0.053879486,0.265895605,1.559104395,39.36806193,509.841187,840.664673,0.0,0.0
16,4,0,0,143.8601,83,13.4,0.005968379,64.9270200162274,23.09051514,0.0,0.001533936,0.300109148,1.524890852,48.30884037,537.011292,944.673523,0.0,0.0
17,4,0,0,144.3085,83,13.4,0.005908971,67.7296392289552,7.432250977,0.0,-0.02166684,0.264837503,1.560162497,59.89836336,520.214478,841.973694,0.0,0.0
18,4,0,0,144.9864,82,13.6,0.005875465,68.7136200249208,22.47528076,0.0,-0.023200775,0.207276106,1.617723894,69.89217121,502.159912,876.703491,0.0,0.0
19,4,0,0,145.3277,81,13.6,0.00585822,71.316820543053,29.60266113,0.0,-0.008628387,0.057992697,1.767007303,83.16546982,504.515594,859.422974,0.0,0.0
20,4,0,0,146.0152,81,13.4,0.005855729,71.8255022269392,0.0,0.0,0.052920776,-0.12353301,1.94853301,94.10520004,538.871216,954.121521,0.0,0.0
21,4,0,0,146.3615,80,13.4,0.005857649,71.8082029323838,16.80084229,0.0,-0.010929291,-0.196747541,2.021747541,108.4596871,518.296326,853.985107,0.0,0.0
22,4,0,0,146.5932,80,13.3,0.00585546,73.2999729527386,22.69500732,0.0,0.019941162,-0.244900942,2.069900942,120.5498785,504.880402,909.614807,0.0,0.0
23,4,0,0,147.1757,80,13.3,0.005846532,74.1890847006706,0.0,5.282592773,0.0,-0.27613616,2.10113616,134.2623241,516.474121,869.844177,0.0,0.0
24,4,0,0,147.6451,80,13.2,0.005833465,73.9968283415582,0.0,1.034545898,-0.005560516,-0.248251677,2.073251677,146.8605738,514.679077,928.879395,0.0,0.0
25,4,0,0,147.9991,81,13.2,0.005817731,74.3275634026232,15.35064697,0.0,0.029144775,-0.233975649,2.058975649,162.9015279,550.909302,585.769287,0.0,0.0
26,4,0,0,148.8317,81,13.3,0.00580322,75.3809584928698,16.27349854,0.0,0.023009033,-0.161580801,1.986580801,176.0791986,505.026703,891.871216,0.0,0.0
27,4,0,0,148.7122,81,13.3,0.005783355,76.7848125864742,8.047485352,0.0,-0.023200775,0.027696848,1.797303152,192.7383221,550.114502,977.583923,0.0,0.0
28,4,0,0,149.4322,81,13.5,0.005761468,77.167534753015,0.0,19.63806152,-0.033938324,0.111907244,1.713092756,206.0359067,544.499329,975.712097,0.0,0.0
29,4,0,0,150.1592,82,13.5,0.005728831,76.3115176981506,0.0,35.0189209,0.003067871,0.072122812,1.752877188,222.7267347,542.051575,960.790405,0.0,0.0
30,4,0,0,150.4031,81,13.6,0.005692289,75.5806643098148,0.0,54.64782715,0.013038452,0.006534338,1.818465662,236.3069049,540.266907,969.807983,0.0,0.0
31,4,0,0,150.5253,81,13.6,0.0056452,74.7468316849824,0.0,18.90563965,0.003067871,0.009856939,1.815143061,253.4923584,441.212891,929.347412,0.0,0.0
32,4,0,0,151.0163,80,13.5,0.005607875,74.0330128386786,0.0,0.0,-0.008628387,0.04182601,1.78317399,267.8942392,544.454895,997.799377,0.0,0.0
33,4,0,0,151.8834,81,13.5,0.005579623,73.2204465636884,3.82598877,0.0,0.005368774,0.042804956,1.782195044,284.3168214,511.878906,886.067688,0.0,0.0
34,4,0,0,152.1329,81,13.6,0.005570547,73.184835233009,0.0,6.307983398,-0.010929291,0.049011946,1.775988054,298.765866,489.028595,888.514526,0.0,0.0
35,4,0,0,152.6345,81,13.6,0.00557474,73.030999388013,2.109375,0.0,-0.012463226,0.031275511,1.793724489,315.4638358,537.141602,986.637024,0.0,0.0
36,4,0,0,153.0128,80,13.8,0.00558406,73.011414363949,7.651977539,0.0,-0.012463226,-0.044542551,1.869542551,330.2561927,515.276306,899.104492,0.0,0.0
37,4,0,0,153.6476,80,13.8,0.005594585,73.5373413812204,16.4932251,0.0,0.010737549,-0.174684763,1.999684763,347.3409995,510.915894,901.747803,0.0,0.0
38,4,0,0,154.031,81,13.9,0.005606443,74.5556824230428,10.24749756,0.0,-0.000959,-0.251608133,2.076608133,362.3375485,500.734711,899.495605,0.0,0.0
39,4,0,0,153.903,81,13.9,0.005626774,75.2230527396676,12.88696289,0.0,0.016106323,-0.331726313,2.156726313,379.3491428,538.36377,1007.975708,0.0,0.0
40,4,0,0,153.5202,81,14.0,0.00564194,75.5401202715684,0.0,0.0,0.016106323,-0.363365889,2.188365889,394.1189751,518.139526,882.378601,0.0,0.0
41,4,0,0,153.0128,81,14.0,0.005638899,75.0713436696684,7.651977539,0.0,-0.005560516,-0.301522017,2.126522017,410.8682886,976.240173,1011.593811,0.0,0.0
42,4,0,0,152.3833,81,14.1,0.005610134,75.2480660514582,7.608032227,0.0,-0.005560516,-0.228131533,2.053131533,425.4106657,484.289703,926.414307,0.0,0.0
43,4,0,0,152.1329,81,14.1,0.005551475,75.2383145936896,11.17034912,0.0,-0.005560516,-0.174864531,1.999864531,441.9021993,502.989807,898.728577,0.0,0.0
44,4,0,0,153.0128,81,14.2,0.005488776,75.8220437607522,12.5793457,0.0,-0.005560516,-0.156271219,1.981271219,456.2209528,485.465698,899.3078,0.0,0.0
45,4,0,0,153.3931,81,14.2,0.005415731,76.6791164621896,13.41430664,0.0,-0.005560516,-0.166863203,1.991863203,472.5104069,515.857117,932.313477,0.0,0.0
46,4,0,0,153.7752,81,14.0,0.00535584,77.4082190978196,13.19458008,0.0,-0.003259613,-0.204633474,2.029633474,486.7409306,532.38092,1017.13739,0.0,0.0
47,4,0,0,153.903,81,14.0,0.005293713,77.6077032281796,0.0,25.35095215,-0.003259613,-0.273556471,2.098556471,502.9684026,529.957092,907.634094,0.0,0.0
48,4,0,0,154.6743,81,14.1,0.005243986,76.9044078722292,5.75958252,0.0,0.00690271,-0.338971376,2.163971376,517.8275332,555.593872,975.3255,0.0,0.0
49,4,0,0,155.0628,81,14.1,0.005194631,76.3504818955992,0.0,15.6829834,0.001533936,-0.362577677,2.187577677,533.3885679,520.577209,907.848083,0.0,0.0
50,4,0,0,155.8458,81,13.9,0.005162835,75.6199734210122,0.0,49.96032715,0.010737549,-0.369172812,2.194172812,548.3648919,543.856323,1002.867188,0.0,0.0
51,4,0,0,156.2402,81,13.9,0.005143296,74.7855948436782,0.0,20.9564209,0.003834839,-0.336154222,2.161154222,564.2011199,516.754883,899.949402,0.0,0.0
52,4,0,0,156.6367,81,14.0,0.005139053,74.0713536743716,0.0,3.671264648,-0.001725677,-0.26311183,2.08811183,579.4488007,549.306519,989.430481,0.0,0.0
53,4,0,0,157.0352,80,14.0,0.005140826,73.414714002345,5.58380127,0.0,-0.003259613,-0.1780231,2.0030231,595.5093825,519.03302,896.633423,0.0,0.0
54,4,0,0,157.5696,81,13.8,0.005137904,73.0757945944298,0.0,0.0,-0.000959,-0.118235826,1.943235826,610.8917668,478.540985,898.251526,0.0,0.0
55,4,0,0,158.1078,80,13.8,0.005123184,72.8286783774746,7.388305664,0.0,0.003834839,-0.055138826,1.880138826,627.5762677,506.857788,924.719971,0.0,0.0
56,4,0,0,158.6496,80,13.9,0.005108318,72.6650546392524,5.806274414,0.0,-0.001725677,0.012336016,1.812663984,642.1914137,538.55542,1021.14978,0.0,0.0
57,4,0,0,159.1951,80,13.9,0.005107826,72.6659302167728,7.344360352,0.0,-0.001725677,0.093551874,1.731448126,658.917455,455.89151,894.485779,0.0,0.0
58,4,0,0,159.7444,80,14.0,0.00513059,72.8635711539374,8.355102539,0.0,-0.003259613,0.15700984,1.66799016,673.547047,534.231201,980.189514,0.0,0.0
59,4,0,0,159.8823,80,14.0,0.005175877,73.1941730903976,7.695922852,0.0,-0.007094452,0.213978052,1.611021948,690.3680224,517.339905,912.071777,0.0,0.0
60,4,0,0,160.2975,80,14.1,0.005219321,73.285595688541,5.850219727,0.0,-0.007094452,0.235251665,1.589748335,705.1978236,522.605286,896.919373,0.0,0.0
61,4,0,0,160.2975,80,14.1,0.005264871,73.2614519192458,5.58380127,0.0,-0.007094452,0.226183176,1.598816824,722.2804743,529.519409,906.277283,0.0,0.0
62,4,0,0,161.1344,81,13.9,0.005302458,73.2135482887124,5.58380127,0.0,-0.004793549,0.192728281,1.632271719,737.3415207,530.342224,897.77948,0.0,0.0
63,4,0,0,161.5561,81,13.9,0.00534751,73.1977919971622,5.627746582,0.0,-0.005560516,0.131589651,1.693410349,754.6163352,544.954407,1005.959473,0.0,0.0
64,4,0,0,161.98,81,14.0,0.005393328,73.1962018887752,4.045715332,0.0,-0.004793549,0.058453798,1.766546202,769.6278903,495.862396,931.266602,0.0,0.0
65,4,0,0,162.4062,81,14.0,0.005454499,73.2158649014556,6.553344727,0.0,-0.004793549,-0.04466176,1.86966176,786.703356,488.710205,926.972229,0.0,0.0
66,4,0,0,162.9779,81,14.1,0.005505341,73.29738064396,6.553344727,0.0,0.0,-0.15229249,1.97729249,802.2531809,509.270203,897.479614,0.0,0.0
67,4,0,0,163.4094,81,14.1,0.005539371,73.385825222807,6.509399414,0.0,0.0,-0.272195578,2.097195578,818.3840098,519.978821,903.036987,0.0,0.0
68,4,0,0,163.2653,81,14.2,0.005544821,73.4350379226832,6.069946289,0.0,0.001533936,-0.37767911,2.20267911,833.69417,518.637024,923.317078,0.0,0.0
69,4,0,0,163.9882,81,14.2,0.005543283,73.5120545942836,7.739868164,0.0,0.001533936,-0.469593287,2.294593287,849.5765411,549.570129,995.438293,0.0,0.0
70,4,0,0,164.425,81,14.6,0.005546319,73.6065138077928,6.201782227,0.0,0.00690271,-0.504289389,2.329289389,864.651082,540.651184,933.592407,0.0,0.0
71,4,0,0,164.8642,81,14.6,0.005541928,73.406282348217,8.091430664,0.0,0.003834839,-0.524434805,2.349434805,880.3058151,522.245728,905.49707,0.0,0.0
72,4,0,0,165.0111,81,14.6,0.005516715,73.5927865560212,6.201782227,0.0,0.001533936,-0.532814741,2.357814741,895.2402266,521.364929,885.841125,0.0,0.0
73,4,0,0,165.1582,81,14.6,0.00547066,73.825606989663,9.324645996,0.0,0.003834839,-0.534576178,2.359576178,911.4430101,512.747192,893.120605,0.0,0.0
74,4,0,0,165.4533,81,14.9,0.005434469,74.1638522128654,9.412536621,0.0,0.021475098,-0.521724463,2.346724463,925.6106058,554.057129,997.78479,0.0,0.0
75,4,0,0,165.7495,81,14.9,0.005414603,74.0511778294068,7.388305664,0.0,0.00690271,-0.447715044,2.272715044,941.7712766,522.213013,897.720886,0.0,0.0
76,4,0,0,166.3451,81,14.9,0.005418815,74.2808983362472,9.895935059,0.0,-0.001725677,-0.343309164,2.168309164,955.897088,522.4021,893.356995,0.0,0.0
77,4,0,0,166.1958,81,14.9,0.005436627,74.5993884603344,11.25823975,0.0,-0.008628387,-0.213056803,2.038056803,972.0719692,517.43573,902.375916,0.0,0.0
78,4,0,0,166.1958,81,14.9,0.005453577,75.1538542900674,12.53540039,0.0,-0.005560516,-0.118792295,1.943792295,986.2636607,558.486877,912.94812,0.0,0.0
79,4,0,0,166.0468,81,14.9,0.005473429,75.7612394515646,12.31567383,0.0,-0.001725677,-0.034020662,1.859020662,1002.533143,526.604919,911.595215,0.0,0.0
80,4,0,0,166.0468,81,14.9,0.005489113,75.5912891564014,0.0,12.60681152,-0.012463226,0.033091307,1.791908693,1016.781986,524.206116,910.346375,0.0,0.0
81,4,0,0,166.1958,81,14.9,0.005502652,75.0113256840048,6.377563477,0.0,-0.012463226,0.082079649,1.742920351,1033.06243,593.99231,883.934204,0.0,0.0
82,4,0,0,166.9449,81,15.2,0.005516109,75.2176524222702,11.30218506,0.0,-0.008628387,0.089603662,1.735396338,1047.301328,478.009094,871.598572,0.0,0.0
83,4,0,0,167.3976,81,15.2,0.005542992,75.4345664129398,5.938110352,0.0,-0.010929291,0.073150396,1.751849604,1063.568683,549.937683,856.768494,0.0,0.0
84,4,0,0,168.0051,81,15.2,0.005583056,75.3474053149296,13.89770508,0.0,-0.012463226,0.028534651,1.796465349,1077.807612,555.973816,849.921875,0.0,0.0
85,4,0,0,168.4636,80,15.2,0.005651667,76.1940135887916,16.8447876,0.0,0.005368774,-0.044323206,1.869323206,1094.072735,560.784119,966.635925,0.0,0.0
86,4,0,0,169.0789,80,15.5,0.005727101,76.4197047267004,0.0,0.0,0.003834839,-0.088115454,1.913115454,1108.307466,534.075317,904.791382,0.0,0.0
87,4,0,0,169.5433,80,15.5,0.00581629,76.0301315032192,7.739868164,0.0,0.001533936,-0.123912573,1.948912573,1124.591932,735.746094,855.188416,0.0,0.0
88,4,0,0,169.8543,81,15.5,0.00588263,76.2346034288544,8.355102539,0.0,0.001533936,-0.147949457,1.972949457,1138.854988,520.217285,852.426208,0.0,0.0
89,4,0,0,170.3229,81,15.5,0.005931676,76.347702919474,7.739868164,0.0,0.010737549,-0.169270277,1.994270277,1155.168841,518.601807,867.910522,0.0,0.0
90,4,0,0,170.0102,81,15.4,0.005949458,76.5970439524188,9.500427246,0.0,0.0,-0.168563604,1.993563604,1169.450618,495.458496,883.894775,0.0,0.0
91,4,0,0,169.5433,81,15.4,0.005953692,76.6304912196936,5.23223877,0.0,-0.001725677,-0.148315191,1.973315191,1186.475375,556.266296,966.258179,0.0,0.0
92,4,0,0,169.0789,81,15.4,0.005954409,76.2190248889072,8.003540039,0.0,-0.004793549,-0.134862185,1.959862185,1200.088157,451.182892,872.751221,0.0,0.0
93,4,0,0,169.2334,81,15.4,0.005953706,76.4860939928636,0.747070313,0.0,-0.003259613,-0.131142378,1.956142378,1214.364621,369.895599,892.523804,0.0,0.0
94,4,0,0,169.5433,81,15.3,0.005950528,76.506562721615,10.07171631,0.0,0.001533936,-0.132157087,1.957157087,1230.720395,507.441803,883.148499,0.0,0.0
95,4,0,0,170.0102,81,15.3,0.005947954,76.3983196719398,3.606262207,0.0,0.003834839,-0.126956701,1.951956701,1245.753967,510.448303,931.37262,0.0,0.0
96,4,0,0,170.4797,82,15.6,0.005944603,76.5842312724758,13.06274414,0.0,0.003067871,-0.111196756,1.936196756,1261.539397,506.428497,893.031311,0.0,0.0
97,4,0,0,170.7942,82,15.6,0.005937983,77.1333686901226,13.85375977,0.0,0.003067871,-0.086712599,1.911712599,1276.631391,0.0,0.0,0.0,0.0
98,4,0,0,168.0051,82,15.5,0.005925422,77.6159079653676,11.25823975,0.0,0.005368774,-0.047805071,1.872805071,1292.438891,528.753479,715.108887,0.0,0.0
99,4,0,0,166.0468,83,15.5,0.005912334,78.0104123836362,11.25823975,0.0,0.0,-0.002032995,1.827032995,1307.623706,533.400574,990.848572,0.0,0.0
100,4,0,0,164.425,82,15.8,0.005888505,78.3288532941062,0.0,0.0,0.001533936,0.058511496,1.766488504,1323.586888,440.6073,916.749573,0.0,0.0
101,4,0,0,161.8385,82,15.8,0.005843669,77.7494803690226,0.0,14.36462402,0.001533936,0.1129601,1.7120399,1338.971896,0.0,0.0,0.0,0.0
102,4,0,0,159.7444,82,15.7,0.00575928,77.0994836340876,0.0,3.524780273,0.001533936,0.180939913,1.644060087,1355.808393,500.3526,902.238098,0.0,0.0
103,4,0,0,156.6367,82,15.7,0.005676581,76.5496783725276,0.0,17.14782715,-0.007094452,0.24209857,1.58290143,1370.437351,529.916992,950.717773,0.0,0.0
104,4,0,0,151.6346,82,15.9,0.005602848,75.928169224762,0.0,38.09509277,-0.007094452,0.290935755,1.534064245,1387.127484,503.520294,888.089783,0.0,0.0
105,4,0,0,146.2459,82,15.9,0.005571318,75.3689519635196,0.0,29.7454834,-0.010929291,0.309971094,1.515028906,1401.788799,533.57959,887.20282,0.0,0.0
106,4,0,0,139.2098,82,15.8,0.005573907,74.759028132546,0.0,35.31188965,-0.010162323,0.298933744,1.526066256,1418.526963,556.085205,910.998474,0.0,0.0
107,4,0,0,134.3616,82,15.8,0.005596645,74.2082630767034,0.0,1.620483398,-0.004793549,0.25733161,1.56766839,1433.279577,523.604126,949.692993,0.0,0.0
108,4,0,0,130.6643,82,16.1,0.005623675,73.6676661850356,4.836730957,0.0,-0.001725677,0.188694239,1.636305761,1449.275714,540.93811,890.082092,0.0,0.0
109,4,0,0,129.2056,82,16.1,0.005638701,73.2959652133366,0.0,0.0,-0.000959,0.118184328,1.706815672,1463.886253,534.732422,888.62677,0.0,0.0
110,4,0,0,125.1878,82,16.2,0.005650519,72.888493940353,4.70489502,0.0,0.001533936,0.030486822,1.794513178,1480.804834,554.130127,993.62738,0.0,0.0
111,4,0,0,122.537,82,16.2,0.005659943,72.742347682811,4.485168457,0.0,0.001533936,-0.040498972,1.865498972,1495.644852,450.728607,893.880188,0.0,0.0
112,4,0,0,121.8116,81,16.4,0.00566088,72.4683397163238,0.0,12.02087402,-0.000959,-0.116059065,1.941059065,1512.649327,531.755493,959.882996,0.0,0.0
113,4,0,0,122.456,81,16.4,0.005640702,72.0290802929516,3.47442627,0.0,-0.000959,-0.176706076,2.001706076,1527.560577,458.617889,897.091614,0.0,0.0
114,4,0,0,120.4645,81,16.6,0.005590259,71.587192720799,5.539855957,0.0,0.009203613,-0.25234437,2.07734437,1544.521388,474.145203,901.919006,0.0,0.0
115,4,0,0,120.7001,81,16.6,0.005535309,71.5984112850984,5.894165039,0.0,0.009203613,-0.308904409,2.133904409,1559.378664,502.826813,895.97113,0.0,0.0
116,4,0,0,114.3641,81,16.4,0.005486176,71.670490630326,6.641235352,0.0,0.009203613,-0.350562334,2.175562334,1576.37715,512.937195,893.468689,0.0,0.0
117,4,0,0,107.5246,81,16.4,0.005475939,71.7921383717566,6.641235352,0.0,0.009203613,-0.363059282,2.188059282,1591.233255,528.010986,896.455688,0.0,0.0
118,4,0,0,104.491,81,16.6,0.005512166,71.9928751319056,6.992797852,0.0,0.012271484,-0.349756479,2.174756479,1608.973689,539.956909,983.374329,0.0,0.0
119,4,0,0,101.1245,81,16.6,0.005574188,72.0151316603696,5.188293457,0.0,0.009203613,-0.309879541,2.134879541,1623.272771,600.501282,884.058594,0.0,0.0
120,4,0,0,103.0375,81,16.4,0.005655282,72.0366623282134,5.806274414,0.0,-0.004793549,-0.236158133,2.061158133,1641.24937,604.085205,881.384216,0.0,0.0
121,4,0,0,103.0949,82,16.4,0.00571938,72.0626071099026,6.026000977,0.0,-0.000959,-0.174904585,1.999904585,1655.706238,0.0,0.0,0.0,0.0
122,4,0,0,100.0861,81,16.6,0.005776362,72.1951291295264,7.695922852,0.0,0.005368774,-0.108425379,1.933425379,1673.80738,507.27121,942.781616,0.0,0.0
123,4,0,0,97.4013,82,16.6,0.00581395,71.9756714160528,0.0,0.0,0.003834839,-0.042274237,1.867274237,1688.191175,530.678711,997.405396,0.0,0.0
124,4,0,0,97.7613,82,16.7,0.005853535,71.9977254734514,8.885192871,0.0,0.003834839,0.044412374,1.780587626,1706.031495,538.658813,1009.817993,0.0,0.0
125,4,0,0,92.1659,82,16.7,0.005891081,72.1843016187536,7.344360352,0.0,-0.001725677,0.131191015,1.693808985,1720.19316,544.953918,1016.070984,0.0,0.0
126,4,0,0,90.1908,82,16.8,0.005928292,72.1712873528822,7.739868164,0.0,0.003834839,0.226194143,1.598805857,1737.758295,487.019287,897.230225,0.0,0.0
127,4,0,0,90.9885,82,16.8,0.005942781,72.4329047371216,8.797302246,0.0,-0.000959,0.315243483,1.509756517,1751.701712,564.014709,947.688782,0.0,0.0
128,4,0,0,91.7095,82,16.9,0.00593241,72.736289805183,8.753356934,0.0,-0.007094452,0.417375326,1.407624674,1768.99627,563.251282,961.117126,0.0,0.0
129,4,0,0,94.0858,82,16.9,0.005905365,72.9085012230462,7.256469727,0.0,-0.007094452,0.495634794,1.329365206,1783.408987,474.297607,932.573425,0.0,0.0
130,4,0,0,91.6187,82,16.8,0.005860766,73.1210386457726,8.574829102,0.0,-0.013997162,0.564982176,1.260017824,1799.77852,513.657776,918.31897,0.0,0.0
131,4,0,0,90.4552,83,16.8,0.005822876,73.377822940591,9.236755371,0.0,-0.008628387,0.597252131,1.227747869,1811.986519,527.525208,927.14801,0.0,0.0
132,4,0,0,90.81,83,16.9,0.005783245,73.7272226119872,9.456481934,0.0,-0.008628387,0.594365835,1.230634165,1828.187668,501.543488,908.890991,0.0,0.0
133,4,0,0,90.3228,83,16.9,0.005774746,74.0227039377208,9.588317871,0.0,-0.010929291,0.570041895,1.254958105,1842.332335,529.377625,1005.750916,0.0,0.0
134,4,0,0,90.7211,83,16.7,0.005797714,74.3664952523378,9.544372559,0.0,-0.003259613,0.513160944,1.311839056,1858.443228,492.606293,912.229614,0.0,0.0
135,4,0,0,89.4935,84,16.7,0.005835407,74.2912995167606,6.860961914,0.0,0.001533936,0.445580244,1.379419756,1872.446666,0.0,0.0,0.0,0.0
136,4,0,0,88.6792,84,16.8,0.005880049,74.3501092743258,6.553344727,0.0,-0.005560516,0.367462873,1.457537127,1886.37557,643.673279,905.707214,0.0,0.0
137,4,0,0,88.1306,83,16.8,0.005923147,74.3967082612014,6.026000977,0.0,-0.004793549,0.288660288,1.536339712,1900.296737,533.033875,1007.917603,0.0,0.0
138,4,0,0,88.1725,83,16.6,0.005958223,74.0877944343172,0.0,17.58728027,0.001533936,0.185896158,1.639103842,1916.221096,550.351379,1013.510681,0.0,0.0
139,4,0,0,88.3829,83,16.6,0.005970233,73.855697463379,9.808044434,0.0,0.001533936,0.093015909,1.731984091,1930.177909,515.427124,901.856995,0.0,0.0
140,4,0,0,89.1917,83,16.8,0.005962441,73.7486109015212,5.188293457,0.0,0.0,-0.003051043,1.828051043,1946.166522,502.055298,927.422119,0.0,0.0
141,4,0,0,89.6234,82,16.8,0.005939537,73.7938845808134,7.300415039,0.0,0.00690271,-0.08431983,1.90931983,1960.17408,517.405518,912.131287,0.0,0.0
142,4,0,0,89.2777,83,16.6,0.00589608,74.057262148491,6.421508789,0.0,0.013038452,-0.163493395,1.988493395,1976.180082,524.028076,1020.091003,0.0,0.0
143,4,0,0,88.1306,83,16.6,0.005848544,73.728104884362,7.124633789,0.0,0.001533936,-0.200657606,2.025657606,1990.191782,521.397522,933.338379,0.0,0.0
144,4,0,0,87.0125,83,16.4,0.005799021,73.792176169843,7.827758789,0.0,0.001533936,-0.214581728,2.039581728,2006.897244,544.989685,1015.939819,0.0,0.0
145,4,0,0,87.838,83,16.4,0.005769191,73.9880946947792,9.192810059,0.0,-0.005560516,-0.222085238,2.047085238,2020.230129,510.052307,917.495972,0.0,0.0
146,4,0,0,88.552,83,16.3,0.005750064,74.3050655697196,8.841247559,0.0,0.0,-0.236482859,2.061482859,2036.888077,497.749115,938.090576,0.0,0.0
147,4,0,0,87.838,83,16.3,0.00574229,74.536022934817,9.676208496,0.0,0.008436646,-0.246923685,2.071923685,2050.247219,532.248413,926.19989,0.0,0.0
148,4,0,0,88.2566,83,16.2,0.005746403,74.872187667641,9.500427246,0.0,0.001533936,-0.244329691,2.069329691,2066.949657,552.641785,1024.354248,0.0,0.0
149,4,0,0,90.1908,84,16.2,0.005763289,74.795124824076,0.0,0.0,0.001533936,-0.234654188,2.059654188,2080.361766,541.080688,1027.82019,0.0,0.0
150,4,0,0,91.9371,84,16.4,0.00578137,74.7838669918806,6.860961914,0.0,0.0,-0.219152212,2.044152212,2097.194357,500.980499,906.238586,0.0,0.0
151,4,0,0,93.8474,84,16.4,0.005776092,74.8680300343114,8.574829102,0.0,-0.001725677,-0.202964067,2.027964067,2110.695864,711.1651,876.080505,0.0,0.0
152,4,0,0,95.3452,83,16.2,0.005742808,75.0771090014712,7.388305664,0.0,0.001533936,-0.189145327,2.014145327,2127.616798,619.754822,957.284729,0.0,0.0
153,4,0,0,95.2962,84,16.2,0.005699936,75.1951182987496,7.476196289,0.0,0.001533936,-0.178162813,2.003162813,2141.204839,613.842102,903.346375,0.0,0.0
154,4,0,0,92.5343,84,16.4,0.0056458,75.0891929561688,2.329101563,0.0,-0.000959,-0.158468962,1.983468962,2158.264064,469.491211,931.278687,0.0,0.0
155,4,0,0,91.1677,83,16.4,0.005597861,75.040771262996,6.641235352,0.0,-0.000959,-0.136211634,1.961211634,2172.657818,547.552185,1017.200012,0.0,0.0
156,4,0,0,90.9885,84,16.3,0.005547913,74.8883221379978,5.671691895,0.0,-0.013997162,-0.11843133,1.94343133,2189.175671,496.001495,926.472595,0.0,0.0
157,4,0,0,91.4829,84,16.3,0.005520262,75.0504221692014,9.368591309,0.0,0.003834839,-0.128208876,1.953208876,2203.62144,557.046814,650.742615,0.0,0.0
158,4,0,0,92.2577,84,16.4,0.005519762,75.2916445002746,7.608032227,0.0,0.001533936,-0.144019365,1.969019365,2220.141559,482.752991,936.851318,0.0,0.0
159,4,0,0,93.1394,83,16.4,0.005546281,75.4542135897146,8.267211914,0.0,0.001533936,-0.149040937,1.974040937,2234.605509,495.528015,916.855896,0.0,0.0
160,4,0,0,93.7998,83,16.3,0.005601595,75.5828450459818,6.992797852,0.0,0.001533936,-0.149544477,1.974544477,2251.079894,471.964905,895.078125,0.0,0.0
161,4,0,0,95.8883,83,16.3,0.005666357,75.6096020937558,8.662719727,0.0,0.001533936,-0.145687819,1.970687819,2265.44037,502.450287,930.785217,0.0,0.0
162,4,0,0,96.9932,83,16.5,0.005746757,75.8741271530402,9.544372559,0.0,0.00690271,-0.133783102,1.958783102,2281.845522,0.0,0.0,0.0,0.0
163,4,0,0,97.9681,83,16.5,0.005803917,76.1408656020002,9.544372559,0.0,-0.000959,-0.10892272,1.93392272,2296.192194,499.680206,940.429626,0.0,0.0
164,4,0,0,99.3345,83,16.3,0.005829204,75.8773728055786,0.0,16.70837402,-0.000959,-0.077840567,1.902840567,2312.678804,494.765503,934.509583,0.0,0.0
165,4,0,0,99.978,83,16.3,0.005808535,75.4253676025272,4.221496582,0.0,0.003834839,-0.056067705,1.881067705,2327.020945,525.630493,919.175903,0.0,0.0
166,4,0,0,100.6299,83,16.5,0.005746608,74.8812684812448,0.0,0.0,0.003834839,-0.024333239,1.849333239,2343.421983,517.015686,907.213074,0.0,0.0
167,4,0,0,100.9041,83,16.5,0.005676179,74.9096813789448,8.797302246,0.0,0.0,0.010619402,1.814380598,2357.805958,0.0,0.0,0.0,0.0
168,4,0,0,100.7943,83,16.6,0.005596566,75.1523062981082,8.399047852,0.0,0.0,0.05316329,1.77183671,2374.307517,517.188293,936.972229,0.0,0.0
169,4,0,0,100.4662,82,16.6,0.005541057,75.329467305515,8.179321289,0.0,-0.004793549,0.09018445,1.73481555,2388.798386,561.959412,921.097473,0.0,0.0
170,4,0,0,100.6299,83,16.5,0.005505408,75.508904853099,7.783813477,0.0,-0.007094452,0.126011133,1.698988867,2405.42966,513.411316,901.589294,0.0,0.0
171,4,0,0,101.2904,83,16.5,0.005497967,75.6808202811494,8.973083496,0.0,-0.012463226,0.140708685,1.684291315,2420.663544,491.06369,916.9422,0.0,0.0
172,4,0,0,101.6797,84,16.6,0.005507459,75.9171979355536,8.530883789,0.0,-0.005560516,0.12425971,1.70074029,2435.191638,507.830688,923.598999,0.0,0.0
173,4,0,0,101.0142,83,16.6,0.005530089,76.1079924023968,8.530883789,0.0,-0.001725677,0.087745428,1.737254572,2449.052389,509.887909,916.219299,0.0,0.0
174,4,0,0,102.2976,84,16.5,0.005566494,76.2908836901812,7.871704102,0.0,0.003067871,0.040827036,1.784172964,2466.425247,512.051819,928.572998,0.0,0.0
175,4,0,0,103.325,83,16.5,0.00560642,76.2035177392824,5.58380127,0.0,0.0,0.018006086,1.806993914,2481.045595,526.957275,925.874573,0.0,0.0
176,4,0,0,103.325,83,16.6,0.00566325,76.4309043007878,9.676208496,0.0,-0.008628387,-0.007353067,1.832353067,2497.741024,1116.075439,1025.034546,0.0,0.0
177,4,0,0,100.7394,83,16.6,0.005712968,76.6625753116148,8.885192871,0.0,-0.003259613,-0.049226999,1.874226999,2512.331598,505.61261,940.806274,0.0,0.0
178,4,0,0,97.9163,83,16.7,0.00574514,76.7413407081526,5.58380127,0.0,-0.000959,-0.117655039,1.942655039,2528.985909,531.157776,1025.519775,0.0,0.0
179,4,0,0,96.1372,83,16.7,0.005738648,76.2932389592712,0.0,0.0,0.003067871,-0.180645227,2.005645227,2543.583741,524.435303,1017.307922,0.0,0.0
180,4,0,0,97.3501,83,16.9,0.005693845,75.9050469840318,8.574829102,0.0,0.0,-0.252274275,2.077274275,2560.316874,519.953918,921.828125,0.0,0.0
181,4,0,0,96.7904,83,16.9,0.005644924,76.0764520099012,8.973083496,0.0,0.013038452,-0.310228586,2.135228586,2572.893088,427.399506,986.904419,0.0,0.0
182,4,0,0,95.542,83,17.0,0.005576221,76.338878505919,8.929138184,0.0,0.001533936,-0.346649885,2.171649885,2589.685059,497.267303,914.632324,0.0,0.0
183,4,0,0,92.4881,83,17.0,0.00552268,76.544430250414,7.300415039,0.0,0.012271484,-0.35153079,2.17653079,2604.389118,495.133698,909.387024,0.0,0.0
184,4,0,0,91.9828,82,17.1,0.00548458,76.7212766640376,9.588317871,0.0,0.005368774,-0.335921049,2.160921049,2619.13418,549.839722,1010.561523,0.0,0.0
185,4,0,0,93.1862,83,17.1,0.005477802,77.0028626102498,7.695922852,0.0,-0.001725677,-0.304708242,2.129708242,2636.045966,515.07373,911.733398,0.0,0.0
186,4,0,0,96.5885,84,17.2,0.005514465,77.043313258496,7.520141602,0.0,-0.001725677,-0.280044794,2.105044794,2650.819595,550.645874,1035.50415,0.0,0.0
187,4,0,0,94.7598,83,17.2,0.005590769,77.0624544426814,0.0,0.0,0.00690271,-0.255517721,2.080517721,2667.590162,526.033508,916.579407,0.0,0.0
188,4,0,0,95.9877,83,17.0,0.00566059,76.5459936276636,0.0,11.14196777,0.005368774,-0.225154161,2.050154161,2682.173168,527.441711,923.910706,0.0,0.0
189,4,0,0,94.038,83,17.0,0.005720462,75.963282287684,0.0,7.186889648,0.001533936,-0.175825834,2.000825834,2698.815826,526.86792,1043.557129,0.0,0.0
190,4,0,0,92.3037,83,17.1,0.005751825,75.4413225992872,0.0,3.524780273,-0.000959,-0.122558355,1.947558355,2714.116718,541.336609,962.260193,0.0,0.0
191,4,0,0,91.8004,83,17.1,0.005768312,74.8482225511792,0.0,1.034545898,-0.004793549,-0.063274622,1.888274622,2730.15696,539.636475,912.6521,0.0,0.0
192,4,0,0,92.4881,83,16.9,0.005770517,74.3781798493144,0.0,2.792358398,-0.017832001,-0.026391268,1.851391268,2745.533495,503.984497,923.495605,0.0,0.0
193,4,0,0,88.6792,83,16.9,0.005770384,73.8192828789188,5.671691895,0.0,-0.013997162,-0.033574343,1.858574343,2761.647258,552.648804,915.486328,0.0,0.0
194,4,0,0,86.5247,82,17.0,0.005782379,73.9770969319278,11.21429443,0.0,-0.010162323,-0.080093622,1.905093622,2777.106324,529.164795,914.124573,0.0,0.0
195,4,0,0,84.7429,82,17.0,0.005817909,73.8176967938818,1.0546875,0.0,-0.003259613,-0.161298513,1.986298513,2793.312417,499.279388,929.918701,0.0,0.0
196,4,0,0,84.2417,82,16.8,0.005861151,73.7678538603682,7.827758789,0.0,0.010737549,-0.250068903,2.075068903,2808.848625,539.181274,1002.410095,0.0,0.0
197,4,0,0,84.9762,82,16.8,0.005912456,73.788968191954,6.026000977,0.0,0.017640259,-0.33605361,2.16105361,2825.787243,538.743713,993.940186,0.0,0.0
198,4,0,0,86.1623,82,16.6,0.005952096,73.7929657603272,0.703125,0.0,0.003067871,-0.384857416,2.209857416,2840.648409,475.775696,932.608093,0.0,0.0
199,4,0,0,88.0049,82,16.6,0.005982334,73.7596005372056,6.904907227,0.0,0.0,-0.411665201,2.236665201,2857.688929,437.315704,916.953979,0.0,0.0
200,4,0,0,88.4674,82,16.7,0.005990112,73.900252524081,5.806274414,0.0,0.008436646,-0.425448179,2.250448179,2872.600559,422.873993,921.643494,0.0,0.0
201,4,0,0,89.2777,82,16.7,0.005981604,73.9936029023302,7.608032227,0.0,0.03451355,-0.436913729,2.261913729,2889.529085,492.753693,913.350586,0.0,0.0
202,4,0,0,90.4994,82,16.6,0.005966206,74.1235229571354,6.465454102,0.0,-0.000959,-0.415772676,2.240772676,2904.295328,553.235718,987.186584,0.0,0.0
203,4,0,0,91.7549,82,16.6,0.005949983,73.8115651280148,8.574829102,0.0,0.001533936,-0.34972024,2.17472024,2921.21634,497.895691,907.6474,0.0,0.0
204,4,0,0,92.9057,82,16.4,0.005952003,74.0141188330238,7.871704102,0.0,0.003067871,-0.301766157,2.126766157,2936.071032,528.201904,923.43103,0.0,0.0
205,4,0,0,93.8474,82,16.4,0.005990923,74.2401155363184,7.695922852,0.0,0.0,-0.244751215,2.069751215,2953.094982,544.250916,1008.616272,0.0,0.0
206,4,0,0,94.8569,82,16.3,0.006058127,74.2052958238916,0.87890625,0.0,-0.008628387,-0.205057383,2.030057383,2968.041509,470.8508,918.452393,0.0,0.0
207,4,0,0,95.5913,83,16.3,0.006151868,74.1747985894906,8.841247559,0.0,-0.005560516,-0.175163031,2.000163031,2985.157832,477.134308,956.126709,0.0,0.0
208,4,0,0,96.2872,82,16.5,0.006225173,74.3855894920754,8.973083496,0.0,-0.010929291,-0.164125204,1.989125204,3000.138208,526.77002,985.764771,0.0,0.0
209,4,0,0,96.9424,82,16.5,0.006282456,74.2504864129596,6.729125977,0.0,-0.005560516,-0.180413961,2.005413961,3017.16922,487.555786,960.980896,0.0,0.0
210,4,0,0,97.5039,83,16.3,0.00630825,74.4288708728212,9.324645996,0.0,0.009203613,-0.212229967,2.037229967,3031.955862,558.715393,929.047791,0.0,0.0
211,4,0,0,98.2801,83,16.3,0.006310011,74.7093032119346,9.236755371,0.0,0.009203613,-0.241070509,2.066070509,3048.724106,625.919678,903.433472,0.0,0.0
212,4,0,0,98.7518,82,16.5,0.006280198,74.9600412646532,8.973083496,0.0,0.001533936,-0.246357203,2.071357203,3063.283961,513.317322,981.47821,0.0,0.0
213,4,0,0,99.228,82,16.5,0.006211495,74.920690761231,0.0,3.671264648,0.0,-0.241582632,2.066582632,3079.803763,510.351013,934.503784,0.0,0.0
214,4,0,0,99.8702,83,16.6,0.00614001,74.5965833163408,5.58380127,0.0,0.0,-0.236259222,2.061259222,3094.165498,548.356812,935.983704,0.0,0.0
215,4,0,0,100.2486,83,16.6,0.00606196,74.7312000850954,9.104919434,0.0,-0.005560516,-0.231918573,2.056918573,3111.290985,516.348328,980.630981,0.0,0.0
216,4,0,0,100.6847,83,16.8,0.005996326,74.8152249013136,0.0,3.378295898,-0.001725677,-0.237448931,2.062448931,3124.944757,552.809692,1020.131409,0.0,0.0
217,4,0,0,101.1245,83,16.8,0.00593549,74.4730869904258,7.388305664,0.0,0.001533936,-0.249681234,2.074681234,3139.977861,500.165802,921.109497,0.0,0.0
218,4,0,0,101.5682,83,16.9,0.005888486,74.345092848892,3.518371582,0.0,0.005368774,-0.25913167,2.08413167,3153.643029,544.534119,933.14978,0.0,0.0
219,4,0,0,102.0721,84,16.9,0.005856508,74.2984009548182,6.026000977,0.0,0.001533936,-0.256206751,2.081206751,3170.712898,555.7052,1004.669983,0.0,0.0
220,4,0,0,102.6378,83,16.7,0.005843244,74.1277756541788,5.58380127,0.0,0.0,-0.244733095,2.069733095,3184.390432,479.875702,940.022888,0.0,0.0
221,4,0,0,102.923,84,16.7,0.005843369,74.2155351208944,7.871704102,0.0,0.001533936,-0.22791791,2.05291791,3199.450885,399.45871,909.336792,0.0,0.0
222,4,0,0,103.2098,84,16.8,0.005862718,74.3515592735724,8.486938477,0.0,-0.003259613,-0.209391356,2.034391356,3213.853076,378.472992,992.327393,0.0,0.0
223,4,0,0,103.7301,83,16.8,0.005911147,74.3868504099654,5.539855957,0.0,0.005368774,-0.187629461,2.012629461,3230.277947,544.318726,1020.97937,0.0,0.0
224,4,0,0,104.3732,83,16.9,0.005971116,74.2309726504708,6.860961914,0.0,0.008436646,-0.159301996,1.984301996,3244.659213,511.387909,922.706909,0.0,0.0
225,4,0,0,105.0244,83,16.9,0.006045231,74.3026176348324,6.465454102,0.0,0.003834839,-0.108456373,1.933456373,3261.140222,519.88092,971.256897,0.0,0.0
226,4,0,0,105.383,83,17.0,0.006090856,74.3560385013142,6.597290039,0.0,0.008436646,-0.049768209,1.874768209,3275.572319,537.353516,939.497375,0.0,0.0
227,4,0,0,105.9255,82,17.0,0.006094315,74.5280778324512,8.311157227,0.0,0.001533936,0.03281188,1.79218812,3292.054336,513.75177,924.937683,0.0,0.0
228,4,0,0,106.4736,83,16.8,0.006057946,74.5878620775732,5.58380127,0.0,-0.004793549,0.110809565,1.714190435,3306.51434,512.276794,909.028198,0.0,0.0
229,4,0,0,106.9656,83,16.8,0.005995775,74.7615029112244,9.544372559,0.0,-0.010929291,0.180508375,1.644491625,3323.019367,671.851318,883.147583,0.0,0.0
230,4,0,0,107.6496,83,16.9,0.005939171,75.0303860471354,9.764099121,0.0,-0.02166684,0.204477072,1.620522928,3337.497517,858.617004,881.850281,0.0,0.0
231,4,0,0,107.9634,83,16.9,0.005882296,75.3103372579624,9.280700684,0.0,-0.001725677,0.18012929,1.64487071,3354.106784,540.258484,917.57312,0.0,0.0
232,4,0,0,108.3424,84,17.0,0.005846466,75.5602796047048,9.412536621,0.0,0.008436646,0.140505552,1.684494448,3368.692916,511.156311,915.657898,0.0,0.0
233,4,0,0,108.7879,84,17.0,0.00582314,75.802043720089,8.267211914,0.0,-0.000959,0.097582579,1.727417421,3385.318668,459.4953,929.399719,0.0,0.0
234,4,0,0,109.3016,84,16.8,0.005812601,75.7325571825354,9.017028809,0.0,-0.000959,0.054771662,1.770228338,3399.825204,479.857208,927.763306,0.0,0.0
235,4,0,0,109.69,84,16.8,0.005807722,75.87994728287,8.662719727,0.0,-0.005560516,0.002648115,1.822351885,3414.367787,577.561218,914.708984,0.0,0.0
236,4,0,0,110.2123,84,17.0,0.005807274,76.0509844297088,8.311157227,0.0,0.009203613,-0.050667048,1.875667048,3428.885452,472.589203,916.172974,0.0,0.0
237,4,0,0,110.6733,84,17.0,0.005812265,76.276038526472,8.797302246,0.0,0.017640259,-0.103066206,1.928066206,3445.437948,554.192322,1015.017212,0.0,0.0
238,4,0,0,110.8721,84,16.8,0.005827285,76.1650548834306,4.441223145,0.0,0.003834839,-0.123181581,1.948181581,3459.884922,551.431824,924.545288,0.0,0.0
239,4,0,0,111.4057,84,16.8,0.005865291,75.992927698423,6.729125977,0.0,0.005368774,-0.128448725,1.953448725,3476.376171,0.0,0.0,0.0,0.0
240,4,0,0,111.8093,84,16.9,0.005916211,76.1605127304948,8.530883789,0.0,0.005368774,-0.124137163,1.949137163,3490.796839,520.30072,962.601013,0.0,0.0
241,4,0,0,112.2158,84,16.9,0.005982314,76.073303690246,8.530883789,0.0,0.005368774,-0.102174997,1.927174997,3507.308888,476.994293,906.202393,0.0,0.0
242,4,0,0,112.8312,84,16.7,0.006036231,76.2143424015234,7.432250977,0.0,0.00690271,-0.070016146,1.895016146,3521.775462,236.571503,946.766174,0.0,0.0
243,4,0,0,113.2452,84,16.7,0.006089469,76.1373303326354,0.0,3.524780273,0.0,-0.017477274,1.842477274,3538.961188,548.430115,1017.426514,0.0,0.0
244,4,0,0,113.3838,84,16.8,0.006126968,75.6303796226664,0.0,0.0,0.003834839,0.035783052,1.789216948,3552.719265,0.0,0.0,0.0,0.0
245,4,0,0,113.5228,84,16.8,0.006153598,75.0367543342626,0.0,0.0,0.005368774,0.094156504,1.730843496,3569.93009,528.5755,980.019104,0.0,0.0
246,4,0,0,113.8019,85,16.7,0.006159651,74.5323466550814,5.58380127,0.0,-0.001725677,0.150048971,1.674951029,3583.729393,529.387573,975.977722,0.0,0.0
247,4,0,0,114.1526,85,16.7,0.006148057,74.2242009822726,2.8125,0.0,-0.001725677,0.218505144,1.606494856,3600.997392,513.785095,924.980408,0.0,0.0
248,4,0,0,114.6473,84,16.8,0.006122763,74.1052994508048,1.0546875,0.0,-0.008628387,0.269950151,1.555049849,3614.847043,546.651794,1016.936279,0.0,0.0
249,4,0,0,115.218,83,16.8,0.006075467,74.0614623488636,5.58380127,0.0,-0.004793549,0.325171709,1.499828291,3632.23082,509.344788,903.962585,0.0,0.0
250,4,0,0,115.6497,83,16.6,0.006017681,74.1346043895734,5.58380127,0.0,-0.007094452,0.358307123,1.466692877,3646.19032,551.874207,1008.387817,0.0,0.0
251,4,0,0,116.0847,83,16.6,0.005937739,74.321471197773,5.715637207,0.0,-0.000959,0.379539728,1.445460272,3663.704742,543.64093,1014.540222,0.0,0.0
252,4,0,0,116.3034,82,16.5,0.005863588,73.9986163826718,6.729125977,0.0,-0.000959,0.388450861,1.436549139,3677.738726,525.43927,906.573608,0.0,0.0
253,4,0,0,116.7433,82,16.5,0.005785603,74.151326864486,0.0,0.0,-0.007094452,0.398977995,1.426022005,3695.288557,513.128418,894.242004,0.0,0.0
254,4,0,0,117.2608,82,16.6,0.005732729,74.1148859673168,8.530883789,0.0,-0.008628387,0.406176329,1.418823671,3710.063597,502.178497,924.526489,0.0,0.0
255,4,0,0,117.5585,82,16.6,0.005695631,74.5160645599664,12.09594727,0.0,-0.016298065,0.392556906,1.432443094,3726.997999,472.775513,914.990173,0.0,0.0
256,4,0,0,118.008,82,16.4,0.005678801,74.9457321881914,8.530883789,0.0,0.0,0.347272158,1.477727842,3741.809764,528.185608,987.197327,0.0,0.0
257,4,0,0,118.5368,83,16.4,0.005660909,75.0931580319674,5.58380127,0.0,-0.013997162,0.283191919,1.541808081,3758.699683,465.994598,985.236816,0.0,0.0
258,4,0,0,118.9938,83,16.6,0.005636349,75.133697692809,8.135375977,0.0,-0.000959,0.214479208,1.610520792,3773.506828,525.161621,1004.370605,0.0,0.0
259,4,0,0,119.5314,83,16.6,0.005599029,75.302385975731,7.739868164,0.0,0.001533936,0.126987219,1.698012781,3790.420667,470.812988,974.870728,0.0,0.0
260,4,0,0,119.8409,83,16.4,0.005561247,75.1974359575638,0.0,0.0,0.001533936,0.053714514,1.771285486,3805.24159,562.500793,1031.126587,0.0,0.0
261,4,0,0,120.5429,83,16.4,0.005509717,75.3938453794802,11.0824585,0.0,-0.001725677,-0.026805639,1.851805639,3822.136905,604.514893,861.324585,0.0,0.0
262,4,0,0,120.6214,83,16.6,0.005453909,75.4843953130086,7.432250977,0.0,-0.000959,-0.092766523,1.917766523,3836.807263,517.887695,988.922729,0.0,0.0
263,4,0,0,121.0156,82,16.6,0.005382923,75.7201166624674,9.236755371,0.0,0.005368774,-0.176052809,2.001052809,3853.443786,454.283813,985.028503,0.0,0.0
264,4,0,0,121.3327,82,16.4,0.005326394,75.952989351379,9.544372559,0.0,0.005368774,-0.241211176,2.066211176,3867.924465,452.755615,935.173279,0.0,0.0
265,4,0,0,121.6515,83,16.4,0.005274075,76.1986961083622,7.080688477,0.0,0.003834839,-0.303512335,2.128512335,3884.40707,470.052399,957.904602,0.0,0.0
266,4,0,0,122.0524,83,16.6,0.005242079,76.3289534808314,6.421508789,0.0,-0.005560516,-0.350024462,2.175024462,3896.749107,463.233795,986.531006,0.0,0.0
267,4,0,0,122.456,82,16.6,0.005212522,76.111477637381,4.00177002,0.0,-0.000959,-0.401887655,2.226887655,3913.898515,494.2211,915.571106,0.0,0.0
268,4,0,0,122.537,82,16.4,0.005202806,76.0310081911842,7.212524414,0.0,0.0,-0.451957464,2.276957464,3927.64337,557.227173,679.751526,0.0,0.0
269,4,0,0,122.6181,83,16.4,0.005208147,76.003165514833,0.043945313,0.0,0.010737549,-0.509329081,2.334329081,3944.799753,553.641907,1022.735718,0.0,0.0
270,4,0,0,122.6994,83,16.6,0.005220167,75.929408094694,7.300415039,0.0,0.014572388,-0.54148984,2.36648984,3958.525258,522.006409,905.53302,0.0,0.0
271,4,0,0,122.9438,83,16.6,0.005227908,76.1738313225602,10.11566162,0.0,0.018407227,-0.536714315,2.361714315,3975.677022,547.526306,880.718628,0.0,0.0
272,4,0,0,123.2711,83,16.4,0.005219732,76.4259294928864,10.20355225,0.0,0.010737549,-0.497187376,2.322187376,3989.473184,543.494995,1029.720581,0.0,0.0
273,4,0,0,123.7654,83,16.4,0.005194664,76.2359290904926,0.0,0.0,0.003067871,-0.417204618,2.242204618,4006.81276,542.751709,1022.726196,0.0,0.0
274,4,0,0,124.3472,83,16.3,0.005168571,76.135456722914,8.223266602,0.0,-0.000959,-0.327261686,2.152261686,4021.411059,620.360107,888.674622,0.0,0.0
275,4,0,0,124.9344,83,16.3,0.005143192,75.8055786997726,0.0,8.651733398,-0.000959,-0.235654593,2.060654593,4036.026903,516.368408,888.691528,0.0,0.0
276,4,0,0,125.2725,84,16.2,0.005109964,75.3873077254114,3.738098145,0.0,-0.000959,-0.138714552,1.963714552,4052.762487,552.931213,1008.78302,0.0,0.0
277,4,0,0,125.783,84,16.2,0.005075072,75.2694160547936,5.982055664,0.0,-0.003259613,-0.058672667,1.883672667,4067.381884,515.684326,888.52179,0.0,0.0
278,4,0,0,126.2116,84,16.1,0.005037418,75.1852023181528,6.201782227,0.0,-0.007094452,0.028109312,1.796890688,4084.147382,536.969299,906.524719,0.0,0.0
279,4,0,0,126.5566,84,16.1,0.005014929,75.1794247392726,5.627746582,0.0,-0.007094452,0.094608545,1.730391455,4098.851126,512.891296,916.104309,0.0,0.0
280,4,0,0,126.9906,84,16.3,0.005003848,74.835336115184,5.58380127,0.0,-0.003259613,0.155030489,1.669969511,4115.715095,510.537903,906.210205,0.0,0.0
281,4,0,0,127.0777,84,16.3,0.00500509,74.8875792183736,7.256469727,0.0,-0.001725677,0.190923929,1.634076071,4130.525358,496.824707,910.401306,0.0,0.0
282,4,0,0,127.5152,84,16.1,0.005012862,74.836460802443,5.276184082,0.0,-0.001725677,0.227013826,1.597986174,4147.476934,548.676208,1023.767395,0.0,0.0
283,4,0,0,127.6911,84,16.1,0.005019014,74.7940276726244,6.553344727,0.0,-0.001725677,0.254266977,1.570733023,4162.282148,532.310913,882.994202,0.0,0.0
284,4,0,0,127.6911,84,16.3,0.005023716,75.0560293511624,10.86273193,0.0,-0.008628387,0.280779123,1.544220877,4179.183701,481.265991,905.2995,0.0,0.0
285,4,0,0,127.6911,84,16.3,0.005027007,75.3988153110814,10.20355225,0.0,-0.004793549,0.291556597,1.533443403,4193.959645,524.098022,900.92627,0.0,0.0
286,4,0,0,127.7792,84,16.5,0.005034352,75.6806043560016,7.651977539,0.0,-0.003259613,0.287688494,1.537311506,4210.844704,849.401428,866.782104,0.0,0.0
287,4,0,0,128.1328,84,16.5,0.005052901,75.8347068364488,6.948852539,0.0,0.0,0.277436018,1.547563982,4225.672507,545.802673,1026.195557,0.0,0.0
288,4,0,0,128.4885,84,16.6,0.005092983,75.7554167789776,3.913879395,0.0,0.0,0.259258509,1.565741491,4242.648055,513.584595,905.218018,0.0,0.0
289,4,0,0,128.9358,84,16.6,0.005138883,75.4277400915552,2.416992188,0.0,-0.004793549,0.24307704,1.58192296,4257.451824,524.780823,950.874329,0.0,0.0
290,4,0,0,129.3862,83,16.8,0.005193821,75.2521264967452,10.86273193,0.0,-0.001725677,0.216685534,1.608314466,4274.332015,518.598816,907.232727,0.0,0.0
291,4,0,0,129.8398,83,16.8,0.005236953,75.583697159325,9.017028809,0.0,-0.001725677,0.185923338,1.639076662,4289.004818,525.512817,886.563782,0.0,0.0
292,4,0,0,130.2966,83,16.9,0.005276612,75.8027622260254,9.500427246,0.0,-0.001725677,0.146529913,1.678470087,4306.427923,543.651917,1010.380981,0.0,0.0
293,4,0,0,130.6643,83,16.9,0.005298614,76.1323688661626,11.17034912,0.0,-0.003259613,0.108018637,1.716981363,4320.351707,524.946716,914.304504,0.0,0.0
294,4,0,0,131.0341,83,17.0,0.00529784,76.3229822661624,6.113891602,0.0,0.003834839,0.061273336,1.763726664,4337.75032,499.168915,919.631775,0.0,0.0
295,4,0,0,131.0341,83,17.0,0.00527288,76.4402864311198,10.07171631,0.0,0.0,0.029005766,1.795994234,4351.617932,526.710327,937.146484,0.0,0.0
296,4,0,0,130.2966,83,17.4,0.005236238,76.8056235091898,7.959594727,0.0,0.003067871,0.001109362,1.823890638,4368.951365,536.134277,928.080322,0.0,0.0
297,4,0,0,129.658,82,17.4,0.005219538,76.3884281050308,0.0,1.181030273,0.003067871,-0.008931875,1.833931875,4382.807214,530.968628,930.711975,0.0,0.0
298,4,0,0,129.2056,82,17.4,0.005232177,75.806839392355,0.0,13.9251709,0.003067871,-0.009482145,1.834482145,4400.135232,434.859009,909.87439,0.0,0.0
299,4,0,0,129.3862,82,17.4,0.005271069,75.3043991956974,0.0,0.0,-0.005560516,-0.002919912,1.827919912,4414.061076,535.648315,893.237,0.0,0.0
300,4,0,0,129.7488,82,17.5,0.005340583,74.9715282990514,6.069946289,0.0,-0.003259613,0.001209974,1.823790026,4431.553309,521.787292,956.861511,0.0,0.0
301,4,0,0,130.3883,82,17.5,0.00541411,74.9797878664532,5.627746582,0.0,-0.001725677,-0.002137423,1.827137423,4445.587433,533.127014,902.726685,0.0,0.0
302,4,0,0,131.2198,82,17.5,0.005503501,75.043851861624,7.036743164,0.0,-0.000959,-0.012953997,1.837953997,4463.137546,522.611084,905.8396,0.0,0.0
303,4,0,0,131.7801,82,17.5,0.005583223,75.1958420833212,9.017028809,0.0,-0.003259613,-0.026179075,1.851179075,4477.812322,514.783325,925.0177,0.0,0.0
304,4,0,0,132.3452,81,17.6,0.005669317,75.4088371862502,9.588317871,0.0,0.009203613,-0.048742056,1.873742056,4494.533231,529.682312,907.043274,0.0,0.0
305,4,0,0,132.8198,81,17.6,0.005733411,75.6560281087682,9.720153809,0.0,0.005368774,-0.059387922,1.884387922,4509.230904,565.129822,1035.982422,0.0,0.0
306,4,0,0,133.2019,81,17.3,0.005796082,76.0187732482078,0.0,0.0,0.003834839,-0.053531885,1.878531885,4526.083339,531.22168,892.731384,0.0,0.0
307,4,0,0,133.6827,82,17.3,0.005854581,75.7537274386862,7.344360352,0.0,0.0,-0.037857771,1.862857771,4540.90111,727.417908,861.477295,0.0,0.0
308,4,0,0,134.0698,82,17.4,0.005936469,75.8539360676256,0.0,0.0,0.0,-0.018718958,1.843718958,4557.86479,545.130371,1016.572998,0.0,0.0
309,4,0,0,134.5569,82,17.4,0.006009007,75.9998879812692,11.78833008,0.0,0.0,-0.000587,1.825586748,4572.753925,523.928589,888.177185,0.0,0.0
310,4,0,0,134.9491,83,17.5,0.006070468,76.3989815291082,10.730896,0.0,0.0,0.01946044,1.80553956,4589.785299,523.437683,932.487,0.0,0.0
311,4,0,0,135.3436,83,17.5,0.006099654,76.725998403224,8.530883789,0.0,0.0,0.037773848,1.787226152,4604.577252,553.816284,1029.867798,0.0,0.0
312,4,0,0,135.84,82,17.5,0.006107248,76.2729177426242,0.0,10.84899902,0.0,0.057916403,1.767083597,4621.351537,532.805908,883.381409,0.0,0.0
313,4,0,0,136.1396,82,17.5,0.006097131,75.9754489624576,11.21429443,0.0,0.0,0.074290514,1.750709486,4635.942562,526.424194,919.736572,0.0,0.0
314,4,0,0,136.6419,82,17.6,0.006078452,76.4189409500298,11.83227539,0.0,-0.008628387,0.091832399,1.733167601,4652.601138,476.072998,950.944275,0.0,0.0
315,4,0,0,137.0464,82,17.6,0.006067563,76.5922369343058,0.0,0.0,-0.003259613,0.091700792,1.733299208,4667.189927,477.511902,990.145874,0.0,0.0
316,4,0,0,137.4533,83,17.6,0.006073579,76.7966288435562,11.92016602,0.0,0.001533936,0.078698874,1.746301126,4683.901119,551.571289,1015.767883,0.0,0.0
317,4,0,0,137.4533,82,17.6,0.006096592,76.6932586822802,5.627746582,0.0,0.001533936,0.068826437,1.756173563,4698.566366,563.250488,1012.224976,0.0,0.0
318,4,0,0,137.9653,82,17.6,0.006132072,76.4551165475,0.0,0.0,0.001533936,0.062818289,1.762181711,4715.39508,564.658691,1014.007874,0.0,0.0
319,4,0,0,138.5848,83,17.6,0.006158246,76.4712510983238,8.047485352,0.0,0.003067871,0.061389685,1.763610315,4730.150382,496.693512,910.420898,0.0,0.0
320,4,0,0,138.7925,83,17.7,0.006174506,76.6532881162494,7.036743164,0.0,-0.001725677,0.064600229,1.760399771,4746.996955,523.46167,886.687378,0.0,0.0
321,4,0,0,139.2098,83,17.7,0.006178639,76.8295869036578,10.11566162,0.0,0.008436646,0.069012403,1.755987597,4762.445577,0.0,0.0,0.0,0.0
322,4,0,0,139.5245,83,17.7,0.006173903,77.142127056364,9.456481934,0.0,0.0,0.085178614,1.739821386,4778.675507,534.793884,913.865784,0.0,0.0
323,4,0,0,139.8406,84,17.7,0.006156872,77.4345236635592,11.17034912,0.0,0.001533936,0.106533289,1.718466711,4794.279596,525.829529,887.490906,0.0,0.0
324,4,0,0,140.0521,84,17.7,0.006120566,77.6937180737748,9.017028809,0.0,0.001533936,0.128703356,1.696296644,4810.563235,526.49823,892.01593,0.0,0.0
325,4,0,0,140.0521,83,17.7,0.006082051,77.9034189381908,9.808044434,0.0,-0.001725677,0.155402899,1.669597101,4826.048777,558.723694,1016.030029,0.0,0.0
326,4,0,0,140.0521,83,17.7,0.006042653,77.6824143914828,0.0,30.9173584,-0.003259613,0.187096357,1.637903643,4842.310101,517.604004,903.992004,0.0,0.0
327,4,0,0,139.8406,83,17.7,0.006018575,77.165998396584,0.0,81.3079834,0.0,0.205647707,1.619352293,4857.913437,535.868225,940.293213,0.0,0.0
328,4,0,0,139.8406,83,17.8,0.006002878,76.5772417801086,0.0,72.5189209,-0.003259613,0.224830389,1.600169611,4874.978545,520.421082,935.918396,0.0,0.0
329,4,0,0,139.6297,82,17.8,0.005992701,76.0864209699708,0.0,65.63415527,0.0,0.237747908,1.587252092,4889.893687,552.13623,1003.473206,0.0,0.0
330,4,0,0,139.8406,82,17.8,0.005976355,75.5069187505116,0.0,118.2220459,-0.004793549,0.245548487,1.579451513,4906.882001,522.826721,903.502991,0.0,0.0
331,4,0,0,140.6905,82,17.8,0.005956216,74.9883802131802,0.0,127.7435303,-0.004793549,0.241535425,1.583464575,4921.768467,528.343506,915.652405,0.0,0.0
332,4,0,0,142.0939,81,17.8,0.005927993,74.436968379685,0.0,161.5814209,-0.004793549,0.225575686,1.599424314,4938.816001,0.0,0.0,0.0,0.0
333,4,0,0,144.7597,82,17.8,0.005900519,73.9254041586446,0.0,150.8880615,-0.003259613,0.197414637,1.627585363,4953.788336,503.505707,872.271973,0.0,0.0
334,4,0,0,142.9715,82,17.8,0.005868558,73.3829147475104,0.0,93.0267334,0.009203613,0.156354666,1.668645334,4970.973231,537.693604,980.860413,0.0,0.0
335,4,0,0,137.3513,81,17.8,0.005840604,72.8794971986708,0.0,59.92126465,0.010737549,0.131392241,1.693607759,4986.070112,519.530396,949.943787,0.0,0.0
336,4,0,0,132.8198,80,17.5,0.00581054,72.326508710871,0.0,38.5345459,-0.000959,0.135289431,1.689710569,5003.374114,521.705811,875.180725,0.0,0.0
337,4,0,0,127.6911,81,17.5,0.005790962,71.832297455875,0.0,27.84118652,0.001533936,0.155809641,1.669190359,5019.206299,510.406403,884.264709,0.0,0.0
338,4,0,0,127.3399,81,17.6,0.005783219,71.2882265302294,0.0,8.212280273,0.008436646,0.18365407,1.64134593,5035.629942,536.341187,974.260498,0.0,0.0
339,4,0,0,128.3994,81,17.6,0.005788827,71.0259128972258,0.0,0.0,0.001533936,0.226307154,1.598692846,5051.217764,495.235809,914.46698,0.0,0.0
340,4,0,0,128.1328,82,17.3,0.005800616,71.0028603409176,8.574829102,0.0,0.0,0.289554358,1.535445642,5067.387935,494.744293,884.13031,0.0,0.0
341,4,0,0,124.0141,82,17.3,0.005809693,70.6849121620754,5.671691895,0.0,0.005368774,0.347864389,1.477135611,5082.73541,500.723511,907.29541,0.0,0.0
342,4,0,0,120.308,82,17.4,0.005817032,71.098583739277,10.027771,0.0,-0.004793549,0.421408892,1.403591108,5098.656497,532.390686,962.534729,0.0,0.0
343,4,0,0,117.4095,82,17.4,0.005822243,71.6099727031914,0.0,0.0,-0.008628387,0.488510847,1.336489153,5113.767747,503.550903,885.359009,0.0,0.0
344,4,0,0,116.6698,82,17.2,0.005833302,71.636429351561,11.03851318,0.0,-0.015531097,0.545416594,1.279583406,5130.122722,488.295898,893.490112,0.0,0.0
345,4,0,0,117.4095,82,17.2,0.00585268,71.886874440026,7.651977539,0.0,-0.019365936,0.559646845,1.265353155,5144.323001,496.093414,888.270203,0.0,0.0
346,4,0,0,119.9962,82,17.2,0.005878608,72.1222911736096,7.783813477,0.0,-0.030103485,0.525447607,1.299552393,5160.426874,436.091492,907.056274,0.0,0.0
347,4,0,0,121.8918,82,17.2,0.005890428,72.2327726060106,7.388305664,0.0,-0.037773163,0.445765734,1.379234266,5174.409253,491.956085,895.504883,0.0,0.0
348,4,0,0,121.2533,82,17.0,0.005881029,72.501973522198,8.753356934,0.0,-0.02856955,0.252558947,1.572441053,5190.266144,528.047607,967.955383,0.0,0.0
349,4,0,0,119.7633,82,17.0,0.005855195,72.6499662720824,12.27172852,0.0,-0.024734711,0.017914057,1.807085943,5204.062959,508.012695,895.265381,0.0,0.0
350,4,0,0,118.6887,82,16.8,0.005820564,73.2123734866058,12.31567383,0.0,-0.013997162,-0.339143991,2.164143991,5219.827036,504.835388,902.835205,0.0,0.0
351,4,0,0,118.9174,83,16.8,0.005796584,73.7406369919694,12.62329102,0.0,-0.008628387,-0.680294752,2.505294752,5233.586476,523.595703,898.509521,0.0,0.0
352,4,0,0,120.074,83,16.9,0.005780587,74.0655278957584,9.456481934,0.0,-0.008628387,-1.106846571,2.931846571,5249.409702,538.018799,993.251587,0.0,0.0
353,4,0,0,121.8918,84,16.9,0.005781493,74.1494463828828,3.606262207,0.0,-0.003259613,-1.49494338,3.31994338,5263.311748,518.007874,908.707092,0.0,0.0
354,4,0,0,123.3532,84,16.7,0.005805934,73.8121095033632,6.553344727,0.0,-0.015531097,1.645465136,3.829534864,5279.251881,534.032471,914.111023,0.0,0.0
355,4,0,0,124.9344,85,16.7,0.005841983,73.9878462770568,11.21429443,0.0,0.021475098,1.210882902,4.264117098,5293.245743,0.0,0.0,0.0,0.0
356,4,0,0,126.2116,84,16.9,0.005880794,74.4216747090112,11.34613037,0.0,0.032979614,0.731310606,4.743689394,5309.284787,574.53241,901.232605,0.0,0.0
357,4,0,0,127.3399,84,16.9,0.005899294,74.8844313493336,12.9309082,0.0,0.04141626,0.40876174,5.06623826,5323.356661,522.360291,949.234009,0.0,0.0
358,4,0,0,128.4885,84,16.7,0.005903819,75.5720674086556,13.23852539,0.0,0.037581421,0.121880293,5.353119707,5339.492454,562.883301,932.534485,0.0,0.0
359,4,0,0,129.9309,84,16.7,0.005906119,75.5328660266778,0.0,20.07751465,0.02761084,-0.023308992,5.498308992,5353.695391,529.852478,956.964172,0.0,0.0
360,4,0,0,131.5928,83,16.8,0.005919144,74.9741594894844,5.58380127,0.0,-0.004793549,-0.091729522,5.566729522,5370.057671,524.324524,916.40387,0.0,0.0
361,4,0,0,133.1062,83,16.8,0.005939146,74.643322058302,5.850219727,0.0,0.003834839,-0.110668182,5.585668182,5384.449172,627.164612,852.508179,0.0,0.0
362,4,0,0,134.5569,83,16.6,0.005964087,74.2481569576832,6.992797852,0.0,0.003834839,-0.123334169,5.598334169,5401.587984,531.154114,913.640503,0.0,0.0
363,4,0,0,135.9398,83,16.6,0.005984479,74.2383732809278,5.495910645,0.0,0.003067871,-0.125655651,5.600655651,5415.249662,532.910217,885.828491,0.0,0.0
364,4,0,0,137.0464,84,16.8,0.006005141,73.7176124864574,5.188293457,0.0,0.005368774,-0.122154951,5.597154951,5432.386935,539.673889,937.345215,0.0,0.0
365,4,0,0,137.8626,83,16.8,0.006015876,73.8970139365452,6.817016602,0.0,0.003067871,-0.107086182,5.582086182,5446.182857,0.0,0.0,0.0,0.0
366,4,0,0,137.4533,84,16.6,0.006016114,74.1813062293684,11.21429443,0.0,0.001533936,-0.08772397,5.56272397,5461.469419,542.669983,946.163025,0.0,0.0
367,4,0,0,135.84,84,16.6,0.006004909,74.1340030757758,0.0,0.0,0.005368774,-0.060642958,5.535642958,5477.576087,465.770508,956.942078,0.0,0.0
368,4,0,0,134.2642,84,16.7,0.005987634,74.0212915165632,6.729125977,0.0,-0.001725677,-0.027563334,5.502563334,5492.914146,515.25,908.648621,0.0,0.0
369,4,0,0,134.0698,84,16.7,0.005961288,74.0951991364044,7.651977539,0.0,-0.007094452,0.009983182,5.465016818,5508.854112,497.697998,914.541382,0.0,0.0
370,4,0,0,134.8509,84,16.9,0.00593466,74.2319897533508,7.608032227,0.0,-0.005560516,0.029315472,5.445684528,5524.024873,526.897888,930.289307,0.0,0.0
371,4,0,0,136.6419,84,16.9,0.005905046,74.0156630591274,0.0,0.0,-0.005560516,0.035982251,5.439017749,5539.837081,493.642395,877.148193,0.0,0.0
372,4,0,0,138.4811,84,16.7,0.005880367,73.7715434815324,6.026000977,0.0,-0.004793549,0.026856542,5.448143458,5554.892777,475.31781,876.680176,0.0,0.0
373,4,0,0,139.9463,85,16.7,0.005854121,73.75749416864,5.58380127,0.0,-0.010162323,-0.006859064,5.481859064,5571.298385,513.421692,942.710999,0.0,0.0
374,4,0,0,140.9046,85,16.8,0.005837515,73.5279864487344,5.75958252,0.0,-0.005560516,-0.0565207,5.5315207,5585.719116,492.584106,900.82251,0.0,0.0
375,4,0,0,141.3348,85,16.8,0.005829577,73.5878048601446,7.739868164,0.0,-0.008628387,-0.129689097,5.604689097,5602.205185,497.842896,911.134827,0.0,0.0
376,4,0,0,141.7676,85,16.6,0.005837479,73.6671133606522,0.0,0.0,-0.003259613,-0.212017417,5.687017417,5616.602011,527.983582,949.451416,0.0,0.0
377,4,0,0,142.6411,86,16.6,0.00587125,73.3324424172162,5.938110352,0.0,0.00690271,-0.314138174,5.789138174,5633.070142,509.39209,911.687683,0.0,0.0
378,4,0,0,143.8601,86,16.8,0.005921006,73.4103001942742,5.627746582,0.0,0.019941162,-0.389093041,5.864093041,5647.508647,527.229614,910.238586,0.0,0.0
379,4,0,0,145.2138,86,16.8,0.005988329,73.444625356519,7.344360352,0.0,0.0,-0.445076823,5.920076823,5663.934675,470.376312,942.616577,0.0,0.0
380,4,0,0,146.3615,86,16.6,0.006046575,73.5133145465696,5.58380127,0.0,0.005368774,-0.482996225,5.957996225,5678.278095,530.729492,1019.216187,0.0,0.0
381,4,0,0,147.41,86,16.6,0.006109455,73.5568359120962,6.069946289,0.0,-0.004793549,-0.518559456,5.993559456,5694.649927,497.130096,908.424194,0.0,0.0
382,4,0,0,148.5928,86,16.7,0.006162951,73.6680870113522,8.047485352,0.0,0.003067871,-0.552509785,6.027509785,5708.949252,494.590088,926.778992,0.0,0.0
383,4,0,0,149.3117,85,16.7,0.006222782,73.7752680092812,7.608032227,0.0,0.00690271,-0.592741847,6.067741847,5725.315344,498.759888,926.068176,0.0,0.0
384,4,0,0,150.281,85,16.6,0.006274889,73.993799595865,11.03851318,0.0,0.021475098,-0.611978889,6.086978889,5739.593982,535.205078,915.661194,0.0,0.0
385,4,0,0,151.0163,86,16.6,0.00633976,74.4499736654392,9.544372559,0.0,-0.004793549,-0.585597277,6.060597277,5755.898794,468.398987,959.627625,0.0,0.0
386,4,0,0,151.8834,85,16.7,0.006407456,74.655070159835,5.58380127,0.0,0.030678711,-0.540023208,6.015023208,5770.174675,502.238586,929.94458,0.0,0.0
387,4,0,0,152.6345,84,16.7,0.006499791,74.9740130395444,11.21429443,0.0,0.032212646,-0.427631974,5.902631974,5786.506115,560.551697,764.978516,0.0,0.0
388,4,0,0,153.3931,84,16.5,0.006581454,74.9060023311444,5.58380127,0.0,-0.010162323,-0.234276772,5.709276772,5800.803505,439.167908,953.987427,0.0,0.0
389,4,0,0,154.2877,83,16.5,0.006647454,75.0723223254158,8.179321289,0.0,0.010737549,-0.002744913,5.477744913,5817.175872,0.0,0.0,0.0,0.0
390,4,0,0,155.3229,83,16.4,0.006661004,75.112235454102,5.58380127,0.0,0.003834839,0.207320929,5.267679071,5831.521684,495.010498,929.715576,0.0,0.0
391,4,0,0,155.977,82,16.4,0.006608237,75.0993149644724,8.574829102,0.0,-0.052345551,0.420954227,5.054045773,5848.669066,0.0,0.0,0.0,0.0
392,4,0,0,156.9021,82,16.5,0.006495434,75.1850312614042,5.23223877,0.0,-0.015531097,0.498347998,4.976652002,5862.464164,506.21701,924.897217,0.0,0.0
393,4,0,0,157.1685,81,16.5,0.006306766,75.1449843804706,5.671691895,0.0,0.013038452,0.532271862,4.942728138,5879.758212,0.0,0.0,0.0,0.0
394,4,0,0,158.1078,81,16.4,0.006122825,75.1064635400986,5.58380127,0.0,-0.007094452,0.574335337,4.900664663,5893.650632,492.343506,927.761108,0.0,0.0
395,4,0,0,159.1951,82,16.4,0.00595373,75.1043279137318,6.817016602,0.0,-0.040074066,0.623021364,4.851978636,5908.914691,525.896179,900.565491,0.0,0.0
396,4,0,0,160.1589,81,16.6,0.005817643,75.175958076072,7.476196289,0.0,-0.010162323,0.611075163,4.863924837,5923.513414,519.965088,913.681824,0.0,0.0
397,4,0,0,159.6067,81,16.6,0.00569981,75.256440123401,5.320129395,0.0,0.010737549,0.539340973,4.935659027,5940.192789,542.234924,987.221375,0.0,0.0
398,4,0,0,156.9021,82,16.7,0.00561117,75.2849642586818,5.58380127,0.0,0.018407227,0.476380587,4.998619413,5954.805893,518.546509,900.566711,0.0,0.0
399,4,0,0,154.9331,82,16.7,0.005510293,75.4550292032266,9.764099121,0.0,-0.012463226,0.432782412,5.042217588,5971.508972,765.818115,978.587402,0.0,0.0
400,4,0,0,154.031,82,16.8,0.005422248,75.6967195142784,9.192810059,0.0,-0.004793549,0.41237998,5.06262002,5986.115842,561.160889,1019.863281,0.0,0.0
401,4,0,0,154.6743,82,16.8,0.005325149,76.0350392660162,0.0,0.0,0.00690271,0.376213789,5.098786211,6002.803904,536.462524,1014.087524,0.0,0.0
402,4,0,0,156.1085,82,16.9,0.005248147,75.834556491906,11.92016602,0.0,0.003067871,0.356952667,5.118047333,6017.41744,549.845215,985.022827,0.0,0.0
403,4,0,0,157.5696,81,16.9,0.005181797,75.4702331210086,0.0,1.327514648,-0.000959,0.346032381,5.128967619,6034.140809,535.056213,1010.910828,0.0,0.0
404,4,0,0,159.1951,81,17.0,0.005150196,75.3786593092788,9.544372559,0.0,0.005368774,0.332241058,5.142758942,6048.778248,549.836304,1021.859619,0.0,0.0
405,4,0,0,160.4364,81,17.0,0.005139364,75.882331439613,13.94165039,0.0,0.017640259,0.326041698,5.148958302,6065.541263,519.483093,916.570313,0.0,0.0
406,4,0,0,160.2975,82,17.1,0.00513948,76.329288207458,1.977539063,0.0,0.003834839,0.340556383,5.134443617,6080.261969,540.43457,1003.366028,0.0,0.0
407,4,0,0,158.1078,82,17.1,0.005135362,76.487883273169,13.59008789,0.0,0.00690271,0.375865221,5.099134779,6097.131829,505.559113,906.962097,0.0,0.0
408,4,0,0,156.1085,82,17.5,0.005121711,77.0378004482326,9.676208496,0.0,0.005368774,0.419793606,5.055206394,6111.872646,504.473785,927.701294,0.0,0.0
409,4,0,0,154.9331,82,17.5,0.005096965,77.4171480219142,12.13989258,0.0,-0.003259613,0.481898785,4.993101215,6128.628138,547.417786,1008.457825,0.0,0.0
410,4,0,0,155.1927,82,17.6,0.005071143,77.438887260222,0.0,13.9251709,-0.000959,0.538447142,4.936552858,6143.309039,530.000183,931.186096,0.0,0.0
411,4,0,0,155.4533,82,17.6,0.005037848,76.8461187200606,0.0,33.8470459,-0.000959,0.588076115,4.886923885,6160.920199,538.901428,999.149292,0.0,0.0
412,4,0,0,155.3229,82,17.6,0.005005707,76.3357907779148,0.0,8.212280273,-0.000959,0.627020836,4.847979164,6175.042234,556.706116,1010.804016,0.0,0.0
413,4,0,0,156.5043,82,17.6,0.004965003,75.954456908525,4.836730957,0.0,-0.000959,0.668477058,4.806522942,6192.816371,494.138397,887.950195,0.0,0.0
414,4,0,0,157.302,81,17.6,0.004927652,75.9012421824038,5.495910645,0.0,-0.007094452,0.701615572,4.773384428,6207.12205,523.724915,880.820984,0.0,0.0
415,4,0,0,157.8382,82,17.6,0.004895032,75.9403050806746,7.388305664,0.0,-0.003259613,0.719590902,4.755409098,6225.058514,0.0,0.0,0.0,0.0
416,4,0,0,157.8382,83,17.7,0.004889032,76.0620110802132,7.871704102,0.0,-0.007094452,0.703449249,4.771550751,6239.312742,549.9646,1021.960876,0.0,0.0
417,4,0,0,158.2429,83,17.7,0.004917923,75.9689479852474,8.530883789,0.0,-0.003259613,0.670821905,4.804178095,6256.992494,514.688904,902.687378,0.0,0.0
418,4,0,0,159.4693,83,17.4,0.004972542,76.2137263944516,8.442993164,0.0,-0.003259613,0.634259701,4.840740299,6271.058598,549.424377,1016.434998,0.0,0.0
419,4,0,0,160.5755,83,17.4,0.005053712,76.538128557776,8.662719727,0.0,0.003067871,0.587710857,4.887289143,6288.629508,550.132202,879.450195,0.0,0.0
420,4,0,0,161.2747,83,17.5,0.005127173,76.6069115723486,7.783813477,0.0,0.003834839,0.54516983,4.92983017,6302.696391,0.0,0.0,0.0,0.0
421,4,0,0,162.5488,83,17.5,0.005202782,76.8355448251784,9.544372559,0.0,-0.001725677,0.50752759,4.96747241,6320.29759,536.804688,909.827026,0.0,0.0
422,4,0,0,163.1215,83,17.2,0.005260444,77.0563320627062,8.841247559,0.0,0.026843872,0.483585596,4.991414404,6335.083101,527.622925,929.056885,0.0,0.0
423,4,0,0,163.1215,83,17.2,0.005326846,77.3450847539932,10.11566162,0.0,0.026843872,0.497716904,4.977283096,6352.052455,524.589417,948.637695,0.0,0.0
424,4,0,0,163.9882,84,17.3,0.00539516,77.69983160238,9.368591309,0.0,0.014572388,0.565194368,4.909805632,6366.940444,535.539001,928.334229,0.0,0.0
425,4,0,0,164.7175,84,17.3,0.005486235,78.0062678342408,10.86273193,0.0,0.019941162,0.696309805,4.778690195,6383.991364,535.779785,958.733276,0.0,0.0
426,4,0,0,165.4533,83,17.1,0.005567737,78.1832135763292,3.782043457,0.0,0.017640259,0.862047434,4.612952566,6398.967504,551.934875,977.094299,0.0,0.0
427,4,0,0,166.1958,84,17.1,0.005646116,77.629316600006,0.0,83.6517334,0.010737549,1.080352545,4.394647455,6416.139089,291.601593,1038.581055,0.0,0.0
428,4,0,0,167.0955,84,16.9,0.005696738,77.1138794861622,0.0,24.4720459,-0.000959,1.307676077,4.167323923,6431.243957,554.856323,1008.629395,0.0,0.0
429,4,0,0,167.2465,84,16.9,0.005741047,76.5255562649488,0.0,16.56188965,-0.000959,1.603365898,3.871634102,6448.581553,521.20697,930.600098,0.0,0.0
430,4,0,0,166.6444,84,16.7,0.005773395,76.0360095210088,0.0,0.0,0.013038452,-1.760403872,3.585403872,6463.764522,537.148071,964.954712,0.0,0.0
431,4,0,0,166.6444,84,16.7,0.005800789,75.7732314807614,5.627746582,0.0,-0.004793549,-1.441502571,3.266502571,6480.989779,542.792603,928.919373,0.0,0.0
432,4,0,0,167.0955,84,16.5,0.005810918,75.7690746842886,6.509399414,0.0,0.010737549,-1.144630671,2.969630671,6495.944506,514.625488,938.411926,0.0,0.0
433,4,0,0,167.5491,84,16.5,0.005805975,75.8326958856518,7.915649414,0.0,-0.019365936,-0.807548285,2.632548285,6512.903015,511.796997,921.357788,0.0,0.0
434,4,0,0,168.4636,84,16.4,0.005794682,75.988910383448,8.841247559,0.0,-0.015531097,-0.53684783,2.36184783,6527.645434,491.094788,896.801392,0.0,0.0
435,4,0,0,169.0789,84,16.4,0.005790042,76.2745743972202,10.11566162,0.0,-0.032404388,-0.281038523,2.106038523,6544.47749,536.447205,899.658325,0.0,0.0
436,4,0,0,170.1664,84,16.3,0.005802644,76.546788899118,8.797302246,0.0,-0.019365936,-0.128458261,1.953458261,6559.212391,548.82489,1020.609802,0.0,0.0
437,4,0,0,170.6368,84,16.3,0.005831581,76.0829248558482,3.869934082,0.0,-0.015531097,-0.0111835,1.8361835,6576.08814,559.46582,1010.465027,0.0,0.0
438,4,0,0,171.1098,84,16.1,0.005862738,76.1437378071916,0.0,0.0,-0.017832001,0.038168192,1.786831808,6590.907541,553.248291,1008.841797,0.0,0.0
439,4,0,0,171.7446,85,16.1,0.005900801,76.1345391255262,3.518371582,0.0,-0.013997162,0.047697783,1.777302217,6607.901849,534.025696,904.085205,0.0,0.0
440,4,0,0,172.3841,85,16.0,0.005932892,76.0508321056778,6.597290039,0.0,-0.001725677,0.018166304,1.806833696,6623.411447,546.649292,996.531799,0.0,0.0
441,4,0,0,172.8668,85,16.0,0.005965377,76.0362879368288,9.368591309,0.0,-0.005560516,-0.036360979,1.861360979,6639.60656,528.67627,910.689209,0.0,0.0
442,4,0,0,173.5147,85,15.9,0.005988735,76.217185606408,6.729125977,0.0,-0.005560516,-0.099732637,1.924732637,6655.099465,553.48407,1023.67627,0.0,0.0
443,4,0,0,174.0038,85,15.9,0.006002733,75.794353810767,3.869934082,0.0,-0.001725677,-0.184620619,2.009620619,6669.16872,0.0,0.0,0.0,0.0
444,4,0,0,174.6603,85,15.8,0.006003113,76.0170760704306,11.61254883,0.0,0.013038452,-0.266357183,2.091357183,6684.66709,522.406982,933.695374,0.0,0.0
445,4,0,0,175.1559,84,15.8,0.005989063,76.503707671988,7.344360352,0.0,0.017640259,-0.32904315,2.15404315,6700.876349,506.317108,925.441284,0.0,0.0
446,4,0,0,175.6543,83,15.8,0.005970235,76.7428882012164,12.00805664,0.0,0.018407227,-0.33813405,2.16313405,6716.326678,562.218079,897.419495,0.0,0.0
447,4,0,0,176.1556,83,15.8,0.005951877,77.2189924660978,12.18383789,0.0,0.008436646,-0.298539877,2.123539877,6732.569775,512.820618,930.004028,0.0,0.0
448,4,0,0,176.8284,83,15.7,0.00595108,77.2543619773488,0.0,0.0,0.0,-0.239894152,2.064894152,6748.177008,563.349304,1001.733887,0.0,0.0
449,4,0,0,177.3364,83,15.7,0.00597596,76.6454564240734,0.0,19.1986084,0.0,-0.158340693,1.983340693,6764.587771,529.814575,919.59668,0.0,0.0
450,4,0,0,178.0183,83,15.6,0.006013478,76.1544863798374,0.0,109.8724365,0.001533936,-0.096254587,1.921254587,6780.330903,552.211914,870.856628,0.0,0.0
451,4,0,0,178.7055,83,15.6,0.006057777,75.574265863656,0.0,87.46032715,-0.003259613,-0.020110369,1.845110369,6797.381037,540.956482,1012.937805,0.0,0.0
452,4,0,0,179.051,83,15.6,0.006087663,75.0740182318144,0.0,84.8236084,-0.003259613,0.046378851,1.778621149,6812.184335,548.737793,1027.258545,0.0,0.0
453,4,0,0,179.5719,83,15.6,0.006108521,74.5032390374902,0.0,36.63024902,-0.005560516,0.11315608,1.71184392,6828.971474,507.394714,903.574097,0.0,0.0
454,4,0,0,178.7055,83,15.5,0.006117366,74.0094120928862,0.0,35.6048584,-0.007094452,0.160774469,1.664225531,6843.546698,534.496277,970.174622,0.0,0.0
455,4,0,0,171.4266,83,15.5,0.006123972,73.4484665453244,2.903137207,0.0,-0.004793549,0.196159601,1.628840399,6860.075509,517.536011,931.883789,0.0,0.0
456,4,0,0,170.1664,83,15.5,0.006134275,73.5370025829636,11.25823975,0.0,-0.007094452,0.220159769,1.604840231,6874.426656,0.0,0.0,0.0,0.0
457,4,0,0,170.4797,83,15.5,0.006152982,73.5647627001728,6.509399414,0.0,-0.010929291,0.233347178,1.591652822,6888.705941,476.054504,894.470886,0.0,0.0
458,4,0,0,170.6368,83,15.7,0.006186403,73.7432030524126,8.709411621,0.0,-0.007094452,0.218923807,1.606076193,6905.062265,551.193115,1006.936584,0.0,0.0
459,4,0,0,169.3882,83,15.7,0.006231448,73.919062570468,7.959594727,0.0,0.0,0.185758829,1.639241171,6919.386041,549.479309,872.166626,0.0,0.0
460,4,0,0,167.2465,83,15.6,0.006313737,74.2203781238498,8.973083496,0.0,-0.000959,0.145735502,1.679264498,6935.810062,536.751282,962.680176,0.0,0.0
461,4,0,0,165.3057,83,15.6,0.006418931,74.4771278983252,9.412536621,0.0,0.001533936,0.114219904,1.710780096,6950.228171,548.149902,910.126099,0.0,0.0
462,4,0,0,163.6983,84,15.9,0.006558011,74.333743863679,7.739868164,0.0,0.012271484,0.080576181,1.744423819,6967.463321,517.207703,931.1297,0.0,0.0
463,4,0,0,163.8431,84,15.9,0.006661227,74.5482617563028,8.929138184,0.0,-0.023200775,0.073314428,1.751685572,6981.243771,499.750488,877.810181,0.0,0.0
464,4,0,0,164.5711,83,15.8,0.00672594,74.7823442182792,11.21429443,0.0,-0.078422455,0.008737803,1.816262197,6998.507271,537.364014,835.785278,0.0,0.0
465,4,0,0,164.8642,84,15.8,0.006725312,75.0473876459776,10.64300537,0.0,0.059823486,-0.243298292,2.068298292,7012.36691,536.312378,819.900818,0.0,0.0
466,4,0,0,164.425,84,16.0,0.006656553,75.4288079530188,9.764099121,0.0,0.102006714,-0.519955397,2.344955397,7029.768141,484.422089,882.301819,0.0,0.0
467,4,0,0,163.6983,83,16.0,0.006546442,75.7842248823014,11.74438477,0.0,0.074395874,-0.513694048,2.338694048,7043.76241,524.177979,889.34729,0.0,0.0
468,4,0,0,163.6983,84,15.9,0.006390936,75.789988556484,6.729125977,0.0,-0.019365936,-0.208008051,2.033008051,7061.327362,525.999512,858.721375,0.0,0.0
469,4,0,0,164.1335,84,15.9,0.006249662,76.0667827733132,11.12640381,0.0,-0.065384003,0.109502554,1.715497446,7075.387576,514.999329,867.303772,0.0,0.0
470,4,0,0,164.8642,84,16.1,0.006097011,76.606779863963,14.29321289,0.0,-0.013997162,0.362938166,1.462061834,7093.078262,568.06958,956.795227,0.0,0.0
471,4,0,0,165.898,84,16.1,0.005978077,76.9921459990964,0.0,0.0,-0.032404388,0.503617525,1.321382475,7108.034784,528.018311,884.74353,0.0,0.0
472,4,0,0,166.4946,84,16.3,0.005863043,76.4145072505166,0.0,10.11657715,-0.030870453,0.562882185,1.262117815,7125.02217,513.53241,862.06897,0.0,0.0
473,4,0,0,166.9449,84,16.3,0.00578454,76.117195381,6.729125977,0.0,-0.02856955,0.540113211,1.284886789,7139.822753,536.678711,929.802185,0.0,0.0
474,4,0,0,166.4946,84,16.5,0.005723308,75.9938495766552,0.0,19.63806152,-0.013997162,0.42496419,1.40003581,7156.688994,619.199097,867.559387,0.0,0.0
475,4,0,0,165.898,84,16.5,0.005691649,75.5066148910262,0.0,1.327514648,0.010737549,0.29625535,1.52874465,7171.353159,556.931702,880.463074,0.0,0.0
476,4,0,0,165.7495,84,16.6,0.005670081,75.427680256294,7.959594727,0.0,0.010737549,0.157761812,1.667238188,7188.115909,523.7901,911.816528,0.0,0.0
477,4,0,0,166.0468,83,16.6,0.005654832,75.5621424801284,10.24749756,0.0,0.003834839,0.057058096,1.767941904,7202.841045,481.367889,887.918884,0.0,0.0
478,4,0,0,166.6444,83,16.5,0.005634195,75.8609650210096,9.939880371,0.0,-0.004793549,-0.041264772,1.866264772,7219.749815,558.033875,866.833374,0.0,0.0
479,4,0,0,167.5491,83,16.5,0.005610032,76.1613996377688,11.21429443,0.0,-0.005560516,-0.138747931,1.963747931,7234.54582,548.945923,867.997925,0.0,0.0
480,4,0,0,168.3105,82,16.6,0.005573108,76.064099150583,8.709411621,0.0,0.018407227,-0.268467665,2.093467665,7251.459064,548.245483,975.460083,0.0,0.0
481,4,0,0,168.9246,81,16.6,0.005531166,76.1846616174912,0.0,5.722045898,0.016106323,-0.356296778,2.181296778,7266.249762,542.51709,970.61377,0.0,0.0
482,4,0,0,169.2334,81,16.4,0.005473118,76.0061167868986,10.81878662,0.0,0.005368774,-0.413602591,2.238602591,7283.25596,568.521301,908.618103,0.0,0.0
483,4,0,0,169.6986,81,16.4,0.005416788,76.4097464043682,12.09594727,0.0,0.00690271,-0.438700914,2.263700914,7298.206132,539.388,883.114807,0.0,0.0
484,4,0,0,167.2465,81,16.6,0.005356764,76.8414568483222,9.544372559,0.0,0.008436646,-0.450018167,2.275018167,7315.344766,537.529602,885.526489,0.0,0.0
485,4,0,0,165.4533,81,16.6,0.00532259,77.0089908482226,9.412536621,0.0,0.00690271,-0.436277151,2.261277151,7330.314067,498.757385,884.161682,0.0,0.0
486,4,0,0,159.7444,81,16.4,0.005313221,77.2427686299502,6.157836914,0.0,0.008436646,-0.395248652,2.220248652,7347.289073,554.516113,993.692993,0.0,0.0
487,4,0,0,155.3229,82,16.4,0.005321966,76.8140071245188,0.0,8.212280273,-0.001725677,-0.337641001,2.162641001,7362.030755,489.508698,887.769409,0.0,0.0
488,4,0,0,146.1305,82,16.6,0.005332482,76.2666778647356,0.0,33.55407715,0.005368774,-0.258505106,2.083505106,7376.729815,445.362396,895.805786,0.0,0.0
489,4,0,0,137.4533,82,16.6,0.005339965,75.7970028326872,0.0,0.0,0.00690271,-0.179781675,2.004781675,7391.366228,677.948792,872.035706,0.0,0.0
490,4,0,0,129.1156,83,16.4,0.005348894,75.5987934283544,5.58380127,0.0,0.009203613,-0.076703787,1.901703787,7407.997259,532.479492,905.647217,0.0,0.0
491,4,0,0,120.9365,83,16.4,0.005356189,75.346431117054,0.0,18.75915527,-0.005560516,0.038784266,1.786215734,7422.478925,538.55542,921.22113,0.0,0.0
492,4,0,0,115.0033,83,16.3,0.00535975,74.8862533636146,5.58380127,0.0,-0.016298065,0.160103559,1.664896441,7439.031577,559.893677,851.750183,0.0,0.0
493,4,0,0,110.0158,83,16.3,0.00536433,74.5420630131446,0.0,10.9954834,-0.016298065,0.237435579,1.587564421,7454.203975,530.971802,897.875793,0.0,0.0
494,4,0,0,106.9039,83,16.5,0.005382639,74.4976187555016,5.58380127,0.0,-0.010162323,0.274946928,1.550053072,7470.089639,528.129517,898.070374,0.0,0.0
495,4,0,0,105.503,83,16.5,0.005413424,74.4795549922594,5.58380127,0.0,-0.02166684,0.276340723,1.548659277,7485.292383,549.546082,977.526611,0.0,0.0
496,4,0,0,104.846,83,16.3,0.005460373,74.530385416797,7.344360352,0.0,-0.019365936,0.226611853,1.598388147,7501.15769,530.101624,911.479126,0.0,0.0
497,4,0,0,105.8044,83,16.3,0.005500475,74.6437102954836,5.982055664,0.0,-0.004793549,0.131859541,1.693140459,7516.383923,562.169983,980.585022,0.0,0.0
498,4,0,0,107.3376,83,16.2,0.00552712,74.6121111298912,0.0,0.0,0.001533936,0.003134489,1.821865511,7532.237191,550.295105,984.452393,0.0,0.0
499,4,0,0,109.3661,84,16.2,0.005526474,74.4842647740496,9.324645996,0.0,0.037581421,-0.109829187,1.934829187,7547.425832,521.824097,930.231628,0.0,0.0
500,4,0,0,109.1727,83,16.1,0.005509176,74.8230219604928,7.212524414,0.0,0.026843872,-0.184889555,2.009889555,7564.045491,551.746277,992.294006,0.0,0.0
501,4,0,0,105.9255,83,16.1,0.005492284,74.3871329456958,0.0,4.403686523,0.026843872,-0.171598196,1.996598196,7578.632268,561.941528,987.560303,0.0,0.0
502,4,0,0,103.4982,83,16.3,0.005476127,74.5742919295724,8.223266602,0.0,0.003834839,-0.077394724,1.902394724,7595.349909,0.0,0.0,0.0,0.0
503,4,0,0,103.325,83,16.3,0.005462626,74.7481090503272,8.530883789,0.0,-0.004793549,0.033622503,1.791377497,7609.962416,430.550201,952.484802,0.0,0.0
504,4,0,0,103.9631,83,16.2,0.005442635,74.9829956834082,8.530883789,0.0,-0.004793549,0.163447618,1.661552382,7626.660022,511.431702,900.654297,0.0,0.0
505,4,0,0,104.491,84,16.2,0.005418501,75.147709009184,8.047485352,0.0,-0.024734711,0.274502039,1.550497961,7641.302736,558.770386,893.35498,0.0,0.0
506,4,0,0,105.323,84,16.3,0.005383804,75.273573237508,0.0,9.384155273,-0.023200775,0.357376814,1.467623186,7658.11097,549.897217,982.609619,0.0,0.0
507,4,0,0,104.9054,84,16.3,0.005350956,75.1006376005514,6.729125977,0.0,-0.000959,0.375980139,1.449019861,7672.862962,541.767273,904.153198,0.0,0.0
508,4,0,0,102.4107,85,16.2,0.005317736,75.1940569229262,8.709411621,0.0,-0.008628387,0.363793612,1.461206388,7689.753191,510.370911,909.570679,0.0,0.0
509,4,0,0,101.5682,85,16.2,0.00529581,75.4459620690128,10.29144287,0.0,-0.020132904,0.326893568,1.498106432,7704.5008,598.890808,892.402405,0.0,0.0
510,4,0,0,102.6378,85,16.4,0.005275876,75.7543469702126,7.651977539,0.0,0.003067871,0.238459826,1.586540174,7721.253869,540.559998,914.494202,0.0,0.0
511,4,0,0,103.7883,85,16.4,0.00526252,75.9460735989706,8.662719727,0.0,0.0,0.150473833,1.674526167,7736.52144,545.821594,983.157715,0.0,0.0
512,4,0,0,101.1798,85,16.3,0.005262279,75.9912666020486,6.597290039,0.0,0.00690271,0.059104681,1.765895319,7752.406171,535.168518,915.973389,0.0,0.0
513,4,0,0,97.9163,86,16.3,0.005282432,75.7927676291696,4.089660645,0.0,0.003834839,-0.010515928,1.835515928,7767.564571,767.310425,952.448181,0.0,0.0
514,4,0,0,97.6067,85,16.1,0.005321725,75.2573076542214,0.52734375,0.0,-0.004793549,-0.079347372,1.904347372,7783.407156,561.298218,987.940613,0.0,0.0
515,4,0,0,98.8045,86,16.1,0.00535641,74.9309552444048,0.0,27.9876709,0.001533936,-0.13501668,1.96001668,7798.496994,559.418823,999.304504,0.0,0.0
516,4,0,0,102.5241,86,16.0,0.005386444,74.5771647141262,7.080688477,0.0,0.009203613,-0.200889349,2.025889349,7814.210217,576.54187,926.878601,0.0,0.0
517,4,0,0,105.6234,86,16.0,0.00540592,74.4149197296688,5.671691895,0.0,0.012271484,-0.242334604,2.067334604,7829.276795,604.982605,932.300903,0.0,0.0
518,4,0,0,104.3732,86,16.2,0.005425999,74.395379815405,5.671691895,0.0,0.00690271,-0.258167028,2.083167028,7845.681426,539.339722,979.906982,0.0,0.0
519,4,0,0,96.7399,86,16.2,0.005446329,74.1679250983506,0.0,1.034545898,0.00690271,-0.250968218,2.075968218,7860.050573,541.239502,910.55188,0.0,0.0
520,4,0,0,94.6629,86,16.4,0.005476088,73.7145466293838,9.017028809,0.0,-0.001725677,-0.223249674,2.048249674,7876.481001,534.520874,939.428589,0.0,0.0
521,4,0,0,94.0858,87,16.4,0.005504248,73.9046436243644,8.311157227,0.0,0.003067871,-0.188061953,2.013061953,7890.785682,563.31311,993.814575,0.0,0.0
522,4,0,0,95.7891,87,16.3,0.005531552,73.8505660345088,0.0,0.0,0.003834839,-0.151335955,1.976335955,7907.11556,514.034119,908.338379,0.0,0.0
523,4,0,0,97.9163,87,16.3,0.005554569,73.8192153831992,8.486938477,0.0,-0.001725677,-0.119005442,1.944005442,7921.400599,599.990112,918.472473,0.0,0.0
524,4,0,0,99.8702,88,16.4,0.005595204,73.9667596422124,5.58380127,0.0,0.001533936,-0.075708628,1.900708628,7937.722579,560.052612,932.958679,0.0,0.0
525,4,0,0,101.6797,88,16.4,0.00565456,73.830409582091,0.0,3.524780273,-0.005560516,-0.0388062,1.8638062,7952.000829,541.582275,978.036499,0.0,0.0
526,4,0,0,102.6378,88,16.3,0.005761554,73.4936623647474,5.806274414,0.0,-0.004793549,-0.004014254,1.829014254,7968.325749,464.391693,922.61853,0.0,0.0
527,4,0,0,102.7517,89,16.3,0.005901975,73.4780332271506,5.58380127,0.0,-0.005560516,0.021715403,1.803284597,7982.632952,529.002808,917.214111,0.0,0.0
528,4,0,0,100.1402,89,16.5,0.006113608,73.4632914152562,5.58380127,0.0,-0.003259613,0.036809206,1.788190794,7999.011606,508.877899,919.64209,0.0,0.0
529,4,0,0,98.8572,88,16.5,0.006311131,73.448152949332,5.58380127,0.0,-0.003259613,0.038383722,1.786616278,8013.323482,526.244873,830.107971,0.0,0.0
530,4,0,0,97.7097,89,16.3,0.006491934,73.4304996804436,5.58380127,0.0,-0.003259613,0.034317255,1.790682745,8029.609844,455.752594,884.565186,0.0,0.0
531,4,0,0,93.4213,90,16.3,0.006575621,73.4763231102798,7.300415039,0.0,-0.003259613,0.022868395,1.802131605,8043.876206,516.724792,845.803589,0.0,0.0
532,4,0,0,95.542,90,16.2,0.006587924,73.5927620135862,7.651977539,0.0,0.0,0.00458312,1.82041688,8060.211824,451.418304,944.370178,0.0,0.0
533,4,0,0,99.8163,90,16.2,0.006553256,73.7216163634434,5.938110352,0.0,-0.010929291,-0.005947351,1.830947351,8074.536876,0.0,0.0,0.0,0.0
534,4,0,0,102.6947,90,16.1,0.006492942,73.6305498961486,0.0,14.07165527,-0.010162323,-0.025247812,1.850247812,8090.935399,546.001587,953.459412,0.0,0.0
535,4,0,0,105.5632,91,16.1,0.006440244,73.2711486916412,5.850219727,0.0,-0.010162323,-0.067318678,1.892318678,8105.311031,545.147278,907.823792,0.0,0.0
536,4,0,0,107.2133,91,16.0,0.006394004,73.3557281990772,6.685180664,0.0,0.005368774,-0.147802114,1.972802114,8122.417814,545.531494,943.278809,0.0,0.0
537,4,0,0,105.6837,91,16.0,0.006373389,73.4821827011264,7.651977539,0.0,0.005368774,-0.220213652,2.045213652,8136.074826,520.451477,871.365479,0.0,0.0
538,4,0,0,102.1284,92,15.6,0.006381606,73.6418210214924,7.739868164,0.0,0.010737549,-0.283430338,2.108430338,8153.122911,535.983215,923.149292,0.0,0.0
539,4,0,0,101.8475,92,15.6,0.006421383,73.777228458989,5.58380127,0.0,0.03451355,-0.297328711,2.122328711,8166.763497,523.666077,873.981079,0.0,0.0
540,4,0,0,103.0375,92,15.2,0.006504558,73.904558232784,8.355102539,0.0,-0.004793549,-0.235334635,2.060334635,8183.806756,221.834793,1014.467773,0.0,0.0
541,4,0,0,104.55,92,15.2,0.006604198,73.9915370730392,7.036743164,0.0,-0.013997162,-0.172179937,1.997179937,8197.421077,557.558472,971.582703,0.0,0.0
542,4,0,0,106.9656,91,14.9,0.006734698,73.7003759400686,6.333618164,0.0,-0.010162323,-0.137703657,1.962703657,8214.421863,543.586609,915.40271,0.0,0.0
543,4,0,0,108.9159,90,14.9,0.006853168,73.7705182192986,0.17578125,0.0,-0.005560516,-0.139168024,1.964168024,8228.048434,542.567017,953.779419,0.0,0.0
544,4,0,0,110.7395,90,14.3,0.006986815,73.6569052043784,5.982055664,0.0,-0.005560516,-0.15325284,1.97825284,8245.088633,576.765503,873.079529,0.0,0.0
545,4,0,0,112.352,90,14.3,0.007098233,73.6586556191228,5.58380127,0.0,0.001533936,-0.176412821,2.001412821,8259.388659,546.637695,884.827393,0.0,0.0
546,4,0,0,110.2123,89,14.1,0.007210696,73.6129098882218,5.58380127,0.0,-0.000959,-0.203728914,2.028728914,8275.773158,530.051697,978.37561,0.0,0.0
547,4,0,0,110.2123,89,14.1,0.007288348,73.3970273718384,3.606262207,0.0,-0.001725677,-0.229780912,2.054780912,8290.188409,524.441772,889.957397,0.0,0.0
548,4,0,0,110.3436,88,13.6,0.007345064,73.4707691170058,7.344360352,0.0,0.003834839,-0.258849382,2.083849382,8304.684443,520.690613,923.381287,0.0,0.0
549,4,0,0,107.0893,88,13.6,0.007392768,73.6023619037136,6.817016602,0.0,-0.001725677,-0.284006357,2.109006357,8321.291575,516.862122,940.509399,0.0,0.0
550,4,0,0,106.0468,88,13.4,0.007432418,73.597804751729,7.080688477,0.0,0.001533936,-0.300332308,2.125332308,8335.752304,528.939514,910.701782,0.0,0.0
551,4,0,0,102.8658,88,13.4,0.007491108,73.4718157029946,5.850219727,0.0,-0.004793549,-0.31274581,2.13774581,8352.276051,512.338318,866.877625,0.0,0.0
552,4,0,0,102.7517,88,13.3,0.007556443,73.687125938074,11.21429443,0.0,0.003834839,-0.325826406,2.150826406,8366.794211,483.459198,865.803772,0.0,0.0
553,4,0,0,104.4321,88,13.3,0.007631756,74.0798195913482,11.21429443,0.0,0.012271484,-0.329881907,2.154881907,8383.482995,520.848877,878.395508,0.0,0.0
554,4,0,0,107.7749,88,12.9,0.007683664,74.4800726525638,11.21429443,0.0,0.010737549,-0.302178144,2.127178144,8398.160453,507.039886,897.262878,0.0,0.0
555,4,0,0,108.5965,89,12.9,0.007722584,74.8288928971864,3.957824707,0.0,-0.003259613,-0.248100996,2.073100996,8414.858538,547.320679,961.545776,0.0,0.0
556,4,0,0,102.5241,89,12.8,0.007743584,74.455867583508,0.0,3.524780273,-0.003259613,-0.194835424,2.019835424,8429.367378,534.303406,897.968079,0.0,0.0
557,4,0,0,96.9932,89,12.8,0.007764444,74.3075033657648,6.904907227,0.0,-0.010162323,-0.144496202,1.969496202,8445.930921,531.608582,920.369202,0.0,0.0
558,4,0,0,95.8387,89,12.7,0.007790877,74.4975413462476,9.632263184,0.0,-0.001725677,-0.126715422,1.951715422,8460.428668,466.527802,934.488892,0.0,0.0
559,4,0,0,99.0688,89,12.7,0.007836439,74.9268069130604,10.81878662,0.0,0.008436646,-0.120055437,1.945055437,8476.938946,540.028687,942.593872,0.0,0.0
560,4,0,0,100.3573,90,12.7,0.007886702,75.3120421927584,10.99456787,0.0,-0.000959,-0.103779554,1.928779554,8491.387429,526.059692,927.99707,0.0,0.0
561,4,0,0,100.9041,90,12.7,0.007946608,75.4384052038286,0.0,10.84899902,0.001533936,-0.075986624,1.900986624,8507.943304,518.111328,904.87207,0.0,0.0
562,4,0,0,100.9591,90,12.6,0.007992723,74.9174387839864,0.0,6.747436523,-0.008628387,-0.056438208,1.881438208,8522.421638,523.088623,933.702393,0.0,0.0
563,4,0,0,101.8475,90,12.6,0.008034678,74.5368345571658,5.276184082,0.0,-0.005560516,-0.054808378,1.879808378,8539.694806,547.844971,988.088318,0.0,0.0
564,4,0,0,103.1523,90,12.8,0.008058367,74.5392248294008,7.124633789,0.0,0.032212646,-0.066139936,1.891139936,8553.597783,524.967285,926.24707,0.0,0.0
565,4,0,0,105.2632,90,12.8,0.008058896,74.4917100315048,0.0,0.0,-0.001725677,-0.005642176,1.830642176,8571.072164,513.65448,899.164673,0.0,0.0
566,4,0,0,107.0274,91,12.8,0.008031953,74.226963028141,6.333618164,0.0,-0.013997162,0.101429701,1.723570299,8585.096981,507.51059,892.008606,0.0,0.0
567,4,0,0,107.587,91,12.8,0.007985809,74.3971725557914,5.715637207,0.0,-0.020132904,0.198337793,1.626662207,8602.646496,513.60022,899.776184,0.0,0.0
568,4,0,0,107.2133,91,13.0,0.007956808,74.5493417200032,5.539855957,0.0,-0.032404388,0.230255842,1.594744158,8616.68895,527.808289,897.943787,0.0,0.0
569,4,0,0,106.4736,90,13.0,0.007955079,74.4523346637796,5.58380127,0.0,-0.02856955,0.178334951,1.646665049,8634.2749,506.786285,929.880371,0.0,0.0
570,4,0,0,106.7806,90,12.9,0.007981961,74.6693795903516,11.21429443,0.0,0.013038452,0.044432402,1.780567598,8648.351255,504.098602,922.262573,0.0,0.0
571,4,0,0,106.7806,90,12.9,0.00803552,75.1822765702196,12.2277832,0.0,0.023776001,-0.11070323,1.93570323,8665.929012,514.147095,923.172119,0.0,0.0
572,4,0,0,106.4124,90,13.1,0.008088154,75.5395133572676,9.368591309,0.0,0.010737549,-0.205853701,2.030853701,8680.019594,517.12738,918.985901,0.0,0.0
573,4,0,0,106.0468,90,13.1,0.008141099,75.7660141863172,11.21429443,0.0,0.018407227,-0.266838789,2.091838789,8697.6449,552.686829,990.374084,0.0,0.0
574,4,0,0,105.744,90,13.3,0.008178572,75.8134855964068,0.0,0.0,0.0,-0.278854609,2.103854609,8712.381987,569.250427,911.297302,0.0,0.0
575,4,0,0,103.5561,89,13.3,0.008214775,75.8397954085948,8.530883789,0.0,-0.008628387,-0.287816286,2.112816286,8729.094098,519.770996,964.244995,0.0,0.0
576,4,0,0,99.8163,89,13.2,0.008248458,75.9689663800036,5.894165039,0.0,0.003834839,-0.318011045,2.143011045,8743.604093,554.095703,991.756104,0.0,0.0
577,4,0,0,92.3497,89,13.2,0.008306365,76.0544408896938,5.23223877,0.0,0.017640259,-0.346911192,2.171911192,8760.09923,512.134583,914.710999,0.0,0.0
578,4,0,0,86.1623,89,13.3,0.00839031,75.8818587442682,7.388305664,0.0,0.00690271,-0.335597277,2.160597277,8774.523395,528.023926,922.051697,0.0,0.0
579,4,0,0,86.6056,89,13.3,0.008534874,76.1042881040518,6.377563477,0.0,-0.001725677,-0.294366121,2.119366121,8790.97949,531.421509,903.875,0.0,0.0
580,4,0,0,94.9055,89,13.2,0.008693215,76.1347948174654,9.104919434,0.0,0.001533936,-0.259732008,2.084732008,8805.317637,552.572021,987.107422,0.0,0.0
581,4,0,0,95.938,89,13.2,0.008880717,75.8808805552294,0.0,21.98181152,-0.000959,-0.21686101,2.04186101,8821.732928,518.852905,898.175293,0.0,0.0
582,4,0,0,95.6407,90,13.4,0.009034474,75.3594098969784,0.0,42.6361084,0.00690271,-0.178406477,2.003406477,8836.111158,545.245422,982.442017,0.0,0.0
583,4,0,0,94.9541,90,13.4,0.00919451,74.7483562127644,0.0,0.0,0.008436646,-0.118778944,1.943778944,8852.586493,514.274719,915.082214,0.0,0.0
584,4,0,0,94.8569,89,13.3,0.00931221,74.2575360785494,2.63671875,0.0,0.003067871,-0.051463366,1.876463366,8867.059386,592.754883,904.103271,0.0,0.0
585,4,0,0,96.3874,89,13.3,0.009401712,74.1656993006636,6.157836914,0.0,-0.003259613,0.042623758,1.782376242,8883.61882,522.275208,909.850891,0.0,0.0
586,4,0,0,97.2479,89,13.1,0.009435113,74.2177979816816,6.597290039,0.0,-0.000959,0.128741503,1.696258497,8898.087634,542.400085,983.436218,0.0,0.0
587,4,0,0,93.7998,90,13.1,0.00944361,73.806535908328,0.0,2.499389648,0.003067871,0.230580091,1.594419909,8914.642645,539.25647,969.392578,0.0,0.0
588,4,0,0,94.9055,90,13.0,0.009455669,73.8177566774232,8.885192871,0.0,-0.003259613,0.319752932,1.505247068,8929.174284,520.902893,937.046997,0.0,0.0
589,4,0,0,96.7399,90,13.0,0.009502385,73.893539323205,6.465454102,0.0,0.001533936,0.424205065,1.400794935,8945.851739,520.181213,948.840698,0.0,0.0
590,4,0,0,97.6582,90,12.9,0.009571968,73.9749691591402,6.773071289,0.0,-0.010929291,0.5133183,1.3116817,8960.510948,529.482727,935.283081,0.0,0.0
591,4,0,0,97.4526,90,12.9,0.009657373,74.2299168268704,11.8762207,0.0,-0.013997162,0.602491617,1.222508383,8977.294715,491.322296,972.136597,0.0,0.0
592,4,0,0,97.299,90,12.5,0.009730344,74.4469212785414,7.256469727,0.0,-0.020132904,0.64763093,1.17736907,8992.797453,537.808899,935.526489,0.0,0.0
593,4,0,0,98.6991,90,12.5,0.00983712,74.5137294076264,4.660949707,0.0,-0.017832001,0.643762827,1.181237173,9009.115407,540.795776,938.126404,0.0,0.0
594,4,0,0,101.4569,90,12.5,0.009955678,74.3317243190064,5.58380127,0.0,-0.027035614,0.585883856,1.239116144,9024.749014,473.156494,934.320618,0.0,0.0
595,4,0,0,103.2674,90,12.5,0.010086209,74.5612311054948,7.256469727,0.0,-0.016298065,0.45443511,1.37056489,9040.976471,495.6763,925.153809,0.0,0.0
596,4,0,0,95.7891,89,12.4,0.010163437,74.722720456542,9.324645996,0.0,0.0,0.295692682,1.529307318,9056.43293,338.186493,1013.473022,0.0,0.0
597,4,0,0,90.2348,89,12.4,0.010203847,75.0218892469242,10.07171631,0.0,0.02761084,0.099956751,1.725043249,9072.480931,515.588074,943.416199,0.0,0.0
598,4,0,0,85.4862,89,12.4,0.010214651,75.3898501929302,11.21429443,0.0,0.014572388,-0.057373285,1.882373285,9087.756437,540.683472,964.268005,0.0,0.0
599,4,0,0,84.7817,89,12.4,0.010213877,75.430725288508,9.544372559,0.0,0.012271484,-0.182074308,2.007074308,9104.387247,539.448792,954.529785,0.0,0.0
600,4,0,0,92.5343,89,12.4,0.010211454,75.9071986716118,13.76586914,0.0,0.017640259,-0.264495611,2.089495611,9118.946433,519.046082,966.773071,0.0,0.0
601,4,0,0,96.6894,89,12.4,0.010219011,76.4760663401642,12.27172852,0.0,0.018407227,-0.316847563,2.141847563,9135.581655,519.630005,930.713379,0.0,0.0
602,4,0,0,100.3029,89,12.3,0.01023055,76.906179626822,6.773071289,0.0,0.009203613,-0.330999136,2.155999136,9150.051005,549.652527,1012.466614,0.0,0.0
603,4,0,0,95.1982,89,12.3,0.010235462,76.3796582320084,0.0,0.0,-0.003259613,-0.301473379,2.126473379,9166.473859,510.673187,946.363892,0.0,0.0
604,4,0,0,92.6733,89,12.3,0.010230933,75.9537684650598,6.597290039,0.0,0.0,-0.268172979,2.093172979,9180.733005,532.33252,955.491028,0.0,0.0
605,4,0,0,94.6629,89,12.3,0.010224415,75.5741387901696,0.0,23.73962402,-0.001725677,-0.233059645,2.058059645,9196.929514,513.795227,941.767212,0.0,0.0
606,4,0,0,96.7904,89,12.6,0.010216084,75.11726657281,4.397277832,0.0,-0.012463226,-0.206958055,2.031958055,9211.130937,424.624298,956.023682,0.0,0.0
607,4,0,0,98.2801,89,12.6,0.010183943,74.8387159866784,4.968566895,0.0,0.001533936,-0.199865103,2.024865103,9227.356572,502.787109,954.606995,0.0,0.0
608,4,0,0,99.5481,90,12.5,0.010125952,74.8436058053344,6.509399414,0.0,0.00690271,-0.202536821,2.027536821,9241.500988,460.752502,935.111816,0.0,0.0
609,4,0,0,100.8491,90,12.5,0.010049899,74.896892002245,6.597290039,0.0,0.008436646,-0.187148809,2.012148809,9257.700845,505.437012,924.633789,0.0,0.0
610,4,0,0,101.9036,90,12.8,0.010016323,74.7258208661454,0.0,28.42712402,0.0,-0.164521933,1.989521933,9272.596812,535.769104,983.537415,0.0,0.0
611,4,0,0,100.2486,91,12.8,0.010041078,74.2263972002904,0.0,0.0,-0.005560516,-0.135815859,1.960815859,9288.204879,580.071899,952.096619,0.0,0.0
612,4,0,0,95.1493,91,13.0,0.010102625,73.6971698129206,0.0,4.403686523,-0.007094452,-0.125074148,1.950074148,9303.196081,543.072327,928.687317,0.0,0.0
613,4,0,0,93.9426,91,13.0,0.010175593,73.0838845373956,0.0,0.0,0.0,-0.135733366,1.960733366,9318.926183,541.206299,902.422974,0.0,0.0
614,4,0,0,97.4526,92,12.9,0.010214367,72.8474710429896,9.104919434,0.0,-0.001725677,-0.148038626,1.973038626,9334.033814,553.060913,1013.493286,0.0,0.0
615,4,0,0,99.1749,92,12.9,0.01022823,73.1569695752826,6.377563477,0.0,-0.001725677,-0.164386034,1.989386034,9349.882054,523.640015,925.245605,0.0,0.0
616,4,0,0,98.1759,92,13.1,0.010220402,72.8758749766658,0.0,0.0,-0.001725677,-0.183832407,2.008832407,9365.085882,550.917297,1001.75061,0.0,0.0
617,4,0,0,98.8045,92,13.1,0.010186689,72.8182973780848,9.939880371,0.0,-0.001725677,-0.213239431,2.038239431,9381.724781,520.376282,964.516296,0.0,0.0
618,4,0,0,99.8163,92,13.0,0.010128611,72.9175095519764,6.553344727,0.0,0.003834839,-0.242178202,2.067178202,9396.317147,678.792908,873.357971,0.0,0.0
619,4,0,0,96.5885,92,13.0,0.010034608,73.2289217665568,9.676208496,0.0,0.009203613,-0.269884348,2.094884348,9413.054057,478.641296,948.528503,0.0,0.0
620,4,0,0,89.2347,93,13.2,0.009949435,73.3265101485752,7.827758789,0.0,0.0,-0.275771856,2.100771856,9427.7355,500.055511,915.804016,0.0,0.0
621,4,0,0,86.1223,93,13.2,0.00987346,73.6941460079012,9.851989746,0.0,0.019941162,-0.264666796,2.089666796,9444.571916,581.814575,887.563416,0.0,0.0
622,4,0,0,85.803,92,13.1,0.009830656,73.876543083465,5.58380127,0.0,0.013038452,-0.216400862,2.041400862,9459.286858,530.087402,920.119873,0.0,0.0
623,4,0,0,89.8408,92,13.1,0.009799371,74.2638184108272,11.92016602,0.0,0.00690271,-0.120467424,1.945467424,9476.016452,538.035706,976.912476,0.0,0.0
624,4,0,0,96.3373,93,13.0,0.009781914,74.4330850744518,5.495910645,0.0,0.010737549,-0.01272893,1.83772893,9490.666204,524.286499,915.616211,0.0,0.0
625,4,0,0,99.1218,93,13.0,0.009790341,74.6962189880534,9.104919434,0.0,0.003067871,0.135107279,1.689892721,9507.391582,538.914185,900.403015,0.0,0.0
626,4,0,0,100.9041,93,12.9,0.009850305,74.8945955867188,7.476196289,0.0,0.001533936,0.272484541,1.552515459,9522.035681,531.845581,910.633118,0.0,0.0
627,4,0,0,102.5809,92,12.9,0.009975037,75.067695118861,9.939880371,0.0,-0.013997162,0.43392539,1.39107461,9538.803372,508.161194,935.825378,0.0,0.0
628,4,0,0,102.8087,91,12.8,0.010086605,75.3351318926338,8.399047852,0.0,-0.015531097,0.553519964,1.271480036,9553.492804,0.0,0.0,0.0,0.0
629,4,0,0,104.3144,91,12.8,0.010181989,75.4955293547712,9.412536621,0.0,-0.02856955,0.627021074,1.197978926,9570.276033,534.179993,951.525818,0.0,0.0
630,4,0,0,102.5241,92,12.7,0.010256773,75.7578226939974,8.841247559,0.0,-0.023200775,0.634032965,1.190967035,9585.04475,415.880615,604.577209,0.0,0.0
631,4,0,0,102.3541,92,12.7,0.010345888,75.7156290339708,0.0,0.0,-0.013997162,0.566712618,1.258287382,9602.038314,518.116699,941.104797,0.0,0.0
632,4,0,0,103.2098,92,12.7,0.010388255,75.278667040009,3.913879395,0.0,0.00690271,0.45981288,1.36518712,9617.021899,488.029114,933.764221,0.0,0.0
633,4,0,0,103.3827,92,12.7,0.010334708,75.3264251862064,7.520141602,0.0,0.003834839,0.333120584,1.491879416,9634.994956,536.424377,955.390808,0.0,0.0
634,4,0,0,101.5682,92,12.6,0.01020537,75.34257095413,0.0,0.0,0.005368774,0.225673914,1.599326086,9649.477456,522.163696,939.336975,0.0,0.0
635,4,0,0,102.8087,92,12.6,0.010048845,75.298233717597,7.388305664,0.0,-0.000959,0.125032663,1.699967337,9667.602423,567.577271,960.442383,0.0,0.0
636,4,0,0,104.3144,92,12.5,0.009969411,75.4206405686122,7.695922852,0.0,0.017640259,0.045336962,1.779663038,9681.993239,0.0,0.0,0.0,0.0
637,4,0,0,99.4411,92,12.5,0.009947951,75.612711306449,6.421508789,0.0,0.001533936,-0.028676271,1.853676271,9699.842201,558.424011,1004.517395,0.0,0.0
638,4,0,0,92.3497,92,12.5,0.009939482,75.4136387808874,11.21429443,0.0,0.001533936,-0.081219435,1.906219435,9714.010667,0.0,0.0,0.0,0.0
639,4,0,0,89.0202,92,12.5,0.009899679,75.866935205701,11.25823975,0.0,0.012271484,-0.138347387,1.963347387,9729.486647,685.426697,915.230225,0.0,0.0
640,4,0,0,89.6234,92,12.5,0.009836781,76.292753131712,13.89770508,0.0,0.001533936,-0.169385672,1.994385672,9743.473177,520.258423,888.115479,0.0,0.0
641,4,0,0,90.2788,92,12.5,0.00978105,76.864277321709,12.88696289,0.0,-0.000959,-0.184252024,2.009252024,9758.748324,525.790527,946.933472,0.0,0.0
642,4,0,0,97.5039,92,12.4,0.009734427,77.4558367325416,14.11743164,0.0,0.003067871,-0.190078497,2.015078497,9774.650617,509.492401,921.302307,0.0,0.0
643,4,0,0,99.5481,92,12.4,0.00968519,78.0004482033064,13.01879883,0.0,0.013038452,-0.190165758,2.015165758,9789.831918,534.062683,921.297485,0.0,0.0
644,4,0,0,102.0158,92,12.4,0.009609951,78.5121228894444,0.0,0.0,-0.000959,-0.172073126,1.997073126,9805.691676,546.5896,1024.809204,0.0,0.0
645,4,0,0,102.9802,92,12.4,0.009561589,77.9274481385714,0.0,12.46032715,-0.000959,-0.156233072,1.981233072,9820.891661,508.193604,944.948425,0.0,0.0
646,4,0,0,104.7867,91,12.3,0.009572161,77.2937631427942,0.0,0.0,-0.001725677,-0.13882947,1.96382947,9836.797795,508.36911,947.926575,0.0,0.0
647,4,0,0,106.0468,91,12.3,0.009646108,76.7428072514144,0.0,13.63220215,0.001533936,-0.120037794,1.945037794,9852.083206,514.685608,902.001221,0.0,0.0
648,4,0,0,107.4622,90,12.3,0.00977795,76.1014811093172,0.0,4.110717773,0.00690271,-0.0955441,1.9205441,9868.830942,552.904907,968.007324,0.0,0.0
649,4,0,0,107.5246,90,12.3,0.009906133,75.6790482690622,0.0,0.0,0.001533936,-0.062330484,1.887330484,9883.551599,537.368103,969.485901,0.0,0.0
650,4,0,0,108.0264,91,12.0,0.010050749,75.0658659108302,0.0,0.0,0.00690271,-0.004619837,1.829619837,9900.444434,553.767212,982.840881,0.0,0.0
651,4,0,0,107.1513,92,12.0,0.010172333,74.7132180119516,4.441223145,0.0,-0.003259613,0.059572458,1.765427542,9915.278293,555.432617,1006.521301,0.0,0.0
652,4,0,0,104.55,91,12.0,0.010294547,74.6073828085042,3.65020752,0.0,0.001533936,0.139400721,1.685599279,9932.35661,505.715698,950.343018,0.0,0.0
653,4,0,0,106.1684,91,12.0,0.010375419,74.4318593045474,5.982055664,0.0,-0.007094452,0.217357397,1.607642603,9947.369135,557.973816,1035.165283,0.0,0.0
654,4,0,0,107.0893,91,12.0,0.010447869,74.595738380654,8.486938477,0.0,-0.024734711,0.284570932,1.540429068,9964.629369,493.547302,945.202209,0.0,0.0
655,4,0,0,105.8044,91,12.0,0.01051679,74.602737802649,10.55511475,0.0,-0.010929291,0.305079222,1.519920778,9979.825993,518.156921,931.101807,0.0,0.0
656,4,0,0,107.587,90,12.0,0.010612547,74.9616285245084,10.95062256,0.0,-0.001725677,0.287929773,1.537070227,9997.273743,532.301392,984.227478,0.0,0.0
657,4,0,0,107.6496,90,12.0,0.010705097,75.3504651852584,7.256469727,0.0,-0.007094452,0.263365984,1.561634016,10012.575,504.99649,946.81543,0.0,0.0
658,4,0,0,99.9241,89,12.0,0.010823256,75.6109481779186,12.09594727,0.0,-0.010162323,0.214381456,1.610618544,10029.93849,512.526428,906.0802,0.0,0.0
659,4,0,0,95.1004,89,12.0,0.010935394,76.0157294390922,8.797302246,0.0,-0.010162323,0.140901804,1.684098196,10045.72866,560.662415,988.011719,0.0,0.0
660,4,0,0,91.7095,89,12.0,0.011034494,76.1433960155624,11.21429443,0.0,-0.010929291,0.037747145,1.787252855,10062.10833,410.143799,970.700195,0.0,0.0
661,4,0,0,90.4994,88,12.0,0.011052377,76.6892468390612,13.59008789,0.0,-0.007094452,-0.091311216,1.916311216,10077.65411,529.97229,920.900818,0.0,0.0
662,4,0,0,95.1493,89,12.0,0.010978518,77.102743690219,8.885192871,0.0,0.018407227,-0.242016077,2.067016077,10093.80669,518.307007,958.934326,0.0,0.0
663,4,0,0,99.1218,89,12.0,0.010858019,77.4948294314016,12.13989258,0.0,0.018407227,-0.347859621,2.172859621,10109.23997,504.165405,944.577026,0.0,0.0
664,4,0,0,102.0721,89,12.3,0.010719756,78.0229236502906,12.00805664,0.0,0.017640259,-0.402728319,2.227728319,10125.26835,536.170288,973.459778,0.0,0.0
665,4,0,0,104.2557,89,12.3,0.010652143,78.391432351259,9.808044434,0.0,0.005368774,-0.401494741,2.226494741,10140.49712,512.390625,927.442627,0.0,0.0
666,4,0,0,106.2293,89,12.6,0.010653577,78.8029520799466,5.58380127,0.0,-0.007094452,-0.380643129,2.205643129,10157.10447,512.65387,924.770996,0.0,0.0
667,4,0,0,104.7867,89,12.6,0.010693258,78.3235022064194,0.0,33.11462402,0.0,-0.37957263,2.20457263,10171.64853,496.657013,918.270813,0.0,0.0
668,4,0,0,102.2411,88,12.8,0.010744868,77.6477713202144,0.0,75.00915527,0.012271484,-0.38973403,2.21473403,10188.27841,514.123901,954.746094,0.0,0.0
669,4,0,0,103.1523,88,12.8,0.010795989,77.0932944825958,0.0,70.7611084,0.019941162,-0.361855745,2.186855745,10202.76699,556.915405,991.394592,0.0,0.0
670,4,0,0,105.2632,88,13.3,0.010869195,76.4481598212952,0.0,28.13415527,0.003067871,-0.271301031,2.096301031,10219.20239,507.061401,925.331726,0.0,0.0
671,4,0,0,105.6234,88,13.3,0.010936253,75.8840905769802,0.0,0.0,-0.008628387,-0.148639441,1.973639441,10233.55085,492.998901,923.498596,0.0,0.0
672,4,0,0,104.7867,88,13.5,0.011005776,75.8281360460694,5.715637207,0.0,-0.010929291,-0.027569532,1.852569532,10249.88585,560.380005,684.106201,0.0,0.0
673,4,0,0,105.0244,89,13.5,0.011055012,75.3827609053896,0.0,0.0,0.012271484,0.041218042,1.783781958,10264.10551,549.696716,999.51593,0.0,0.0
674,4,0,0,106.0468,89,13.9,0.011071399,74.7540119646066,0.0,0.0,0.003067871,0.10787034,1.71712966,10280.28766,512.600586,935.369873,0.0,0.0
675,4,0,0,107.3376,89,13.9,0.011030219,74.7329810772998,5.982055664,0.0,-0.019365936,0.189830065,1.635169935,10294.44377,527.492126,924.186584,0.0,0.0
676,4,0,0,108.5965,89,14.3,0.010943885,74.7978135162272,6.948852539,0.0,-0.016298065,0.244351625,1.580648375,10310.61886,517.457275,923.252991,0.0,0.0
677,4,0,0,109.3661,88,14.3,0.010879518,74.8398894691262,6.069946289,0.0,-0.013997162,0.235888243,1.589111757,10324.76592,536.074524,957.993408,0.0,0.0
678,4,0,0,110.0812,88,14.7,0.010848188,74.5424241168538,0.0,35.16540527,-0.012463226,0.173486471,1.651513529,10340.86633,520.713318,944.71582,0.0,0.0
679,4,0,0,110.7395,88,14.7,0.010851376,73.995264578067,0.0,0.0,0.005368774,0.07609725,1.74890275,10354.88632,521.98877,938.126404,0.0,0.0
680,4,0,0,111.5399,88,14.7,0.010871893,73.8107155574288,7.036743164,0.0,0.0,-0.039845228,1.864845228,10370.90724,518.822021,931.522888,0.0,0.0
681,4,0,0,112.2158,88,14.7,0.010898194,73.4767863748922,4.397277832,0.0,0.005368774,-0.134427309,1.959427309,10384.97084,538.422607,914.277405,0.0,0.0
682,4,0,0,112.4885,89,15.0,0.010939661,73.1044711020218,0.0,0.0,0.017640259,-0.227722406,2.052722406,10401.0993,513.074524,930.708191,0.0,0.0
683,4,0,0,112.0122,88,15.0,0.010982716,72.8275466895866,5.188293457,0.0,0.008436646,-0.270889521,2.095889521,10415.27313,513.463928,925.216614,0.0,0.0
684,4,0,0,112.4202,88,15.0,0.011022883,72.8121600312476,5.58380127,0.0,0.0,-0.28500104,2.11000104,10432.21754,509.156403,959.708679,0.0,0.0
685,4,0,0,113.0378,88,15.0,0.011039526,72.7851359617808,4.485168457,0.0,-0.004793549,-0.278886557,2.103886557,10445.82073,497.804413,924.169128,0.0,0.0
686,4,0,0,114.2231,88,15.0,0.011036588,72.7629047804218,3.913879395,0.0,0.016106323,-0.265804052,2.090804052,10462.86837,514.674805,929.191589,0.0,0.0
687,4,0,0,115.3615,88,15.0,0.011009909,72.3779822115792,3.957824707,0.0,0.012271484,-0.214042425,2.039042425,10476.53666,554.48053,1017.49231,0.0,0.0
688,4,0,0,114.932,88,15.0,0.010953669,71.9527069228294,0.0,0.0,-0.008628387,-0.116883039,1.941883039,10493.60238,766.994019,881.684021,0.0,0.0
689,4,0,0,114.6473,88,15.0,0.010907111,72.2080630249582,7.432250977,0.0,-0.007094452,-0.044063807,1.869063807,10507.25441,0.0,0.0,0.0,0.0
690,4,0,0,114.4348,88,15.0,0.010880241,72.4074722566346,8.618774414,0.0,0.0,0.015643358,1.809356642,10524.34441,485.650299,933.117798,0.0,0.0
691,4,0,0,113.8719,88,15.0,0.010871143,72.6741391221514,9.236755371,0.0,0.0,0.059171438,1.765828562,10538.03336,457.566711,928.44928,0.0,0.0
692,4,0,0,114.0121,88,15.0,0.010869388,73.0400746654872,9.324645996,0.0,0.003834839,0.111358404,1.713641596,10555.16332,498.342285,942.146912,0.0,0.0
693,4,0,0,115.0033,88,15.0,0.010888644,73.311796628878,8.662719727,0.0,0.00690271,0.164317369,1.660682631,10569.56569,506.568695,942.641602,0.0,0.0
694,4,0,0,115.6497,88,15.0,0.010940283,73.5971571854998,8.530883789,0.0,0.001533936,0.242303133,1.582696867,10586.03947,527.137512,926.066711,0.0,0.0
695,4,0,0,115.0748,88,15.0,0.01099082,73.7408194589386,8.003540039,0.0,-0.007094452,0.326274157,1.498725843,10600.46828,541.895691,930.321899,0.0,0.0
696,4,0,0,114.6473,87,14.7,0.01104334,73.8570869836284,0.0,0.0,-0.010162323,0.414193869,1.410806131,10616.98547,546.88092,985.077515,0.0,0.0
697,4,0,0,114.932,87,14.7,0.011120144,73.677679273208,7.388305664,0.0,-0.008628387,0.457849741,1.367150259,10631.44481,508.579712,947.050476,0.0,0.0
698,4,0,0,115.5055,88,14.8,0.011290396,73.8100972650942,7.036743164,0.0,-0.007094452,0.476896048,1.348103952,10647.91395,525.229919,906.413025,0.0,0.0
699,4,0,0,115.8668,88,14.8,0.011498438,73.8998241016796,6.904907227,0.0,-0.003259613,0.473063231,1.351936769,10662.32249,527.039612,938.097412,0.0,0.0
700,4,0,0,116.7433,87,14.8,0.011718807,73.9988183065616,6.729125977,0.0,-0.005560516,0.457638025,1.367361975,10678.83961,562.658081,982.734924,0.0,0.0
701,4,0,0,117.8578,87,14.8,0.011825583,74.0672020921604,6.509399414,0.0,-0.007094452,0.427598238,1.397401762,10693.36652,519.617371,929.992615,0.0,0.0
702,4,0,0,118.6887,88,14.5,0.011860044,74.136880060707,6.729125977,0.0,-0.001725677,0.367814779,1.457185221,10710.05964,564.914978,989.691284,0.0,0.0
703,4,0,0,119.2236,88,14.5,0.011884948,74.2129131358862,6.641235352,0.0,0.005368774,0.29963088,1.52536912,10724.7544,510.498688,924.146301,0.0,0.0
704,4,0,0,118.008,88,14.6,0.01194739,74.3568512823878,6.113891602,0.0,0.003834839,0.240083456,1.584916544,10741.64363,515.723206,959.287292,0.0,0.0
705,4,0,0,116.3765,88,14.6,0.012015199,74.3795285245146,0.0,0.0,0.003834839,0.200893641,1.624106359,10756.43437,547.091125,987.122009,0.0,0.0
706,4,0,0,116.1575,88,14.3,0.012108785,74.0660251013514,6.421508789,0.0,0.010737549,0.172404051,1.652595949,10773.21034,518.047974,950.106506,0.0,0.0
707,4,0,0,116.5963,88,14.3,0.012208822,74.2382039139862,8.442993164,0.0,0.005368774,0.166065931,1.658934069,10787.83234,508.356903,947.002991,0.0,0.0
708,4,0,0,117.9329,88,14.4,0.012295127,74.627479152073,12.35961914,0.0,0.009203613,0.173705816,1.651294184,10804.5347,509.795593,911.409607,0.0,0.0
709,4,0,0,119.3773,87,14.4,0.012300526,75.061540117564,12.00805664,0.0,0.003834839,0.205670595,1.619329405,10819.14295,552.622803,988.133118,0.0,0.0
710,4,0,0,120.074,87,14.1,0.012232143,75.6196201547888,11.21429443,0.0,0.008436646,0.264504194,1.560495806,10835.82982,501.889587,971.250427,0.0,0.0
711,4,0,0,119.9185,87,14.1,0.012132987,76.081711284741,11.25823975,0.0,-0.000959,0.340805292,1.484194708,10851.11825,536.850098,892.766724,0.0,0.0
712,4,0,0,119.4543,87,14.2,0.011987764,75.8147339936316,0.0,0.0,0.0,0.442604303,1.382395697,10867.09303,510.972687,905.640198,0.0,0.0
713,4,0,0,119.9185,87,14.2,0.011848121,75.240749460736,5.05645752,0.0,-0.001725677,0.524945021,1.300054979,10882.3368,521.707275,919.33197,0.0,0.0
714,4,0,0,120.6214,87,14.0,0.011716215,75.1685256289632,5.75958252,0.0,-0.001725677,0.617568254,1.207431746,10898.25289,549.946411,889.139771,0.0,0.0
715,4,0,0,121.972,88,14.0,0.011642371,75.1337518149132,5.58380127,0.0,-0.016298065,0.686611414,1.138388586,10913.5241,534.156311,925.173279,0.0,0.0
716,4,0,0,122.6994,88,14.1,0.011583521,75.0848434251376,5.58380127,0.0,-0.015531097,0.714722395,1.110277605,10929.51968,505.144897,938.760986,0.0,0.0
717,4,0,0,123.0254,88,14.1,0.011539547,75.0414582258684,5.58380127,0.0,-0.015531097,0.684273481,1.140726519,10944.82588,513.933594,900.592773,0.0,0.0
718,4,0,0,119.9185,88,14.2,0.011504835,74.9849479576688,4.00177002,0.0,-0.012463226,0.575353861,1.249646139,10961.45099,522.151428,845.993774,0.0,0.0
719,4,0,0,116.6698,88,14.2,0.011481825,74.7066532405038,9.148864746,0.0,-0.005560516,0.421230078,1.403769922,10975.89291,528.136475,932.259705,0.0,0.0
720,4,0,0,119.9962,88,14.3,0.011439644,75.0184704133084,7.695922852,0.0,-0.004793549,0.209789038,1.615210962,10992.27085,543.838501,954.097412,0.0,0.0
721,4,0,0,121.7315,88,14.3,0.011399567,75.159341640572,5.671691895,0.0,0.017640259,0.0034163,1.8215837,11006.49113,534.02533,853.498413,0.0,0.0
722,4,0,0,123.5178,88,14.6,0.011411866,74.89579644404,0.0,16.8548584,-0.000959,-0.193189859,2.018189859,11022.61769,537.016418,951.408813,0.0,0.0
723,4,0,0,124.6821,88,14.6,0.01150695,74.2456508934352,0.0,75.00915527,0.016106323,-0.342786551,2.167786551,11036.61977,505.834808,841.441895,0.0,0.0
724,4,0,0,125.6124,88,14.7,0.011687645,73.4289893470404,0.0,92.14782715,0.00690271,-0.45985961,2.28485961,11052.49896,551.910095,946.987671,0.0,0.0
725,4,0,0,126.4702,88,14.7,0.011874474,72.7284346327364,0.0,260.7513428,0.010737549,-0.498891115,2.323891115,11066.28592,509.505798,915.217224,0.0,0.0
726,4,0,0,126.9906,87,14.7,0.012094444,71.9299479262306,0.0,260.6048584,0.003834839,-0.49646163,2.32146163,11081.91961,510.210907,909.85321,0.0,0.0
727,4,0,0,127.9558,87,14.7,0.012261416,71.2442246479656,0.0,260.458374,0.036047485,-0.471587896,2.296587896,11095.30481,502.088593,862.017883,0.0,0.0
728,4,0,0,128.5777,87,14.7,0.012385871,70.4627698602676,0.0,260.458374,-0.007094452,-0.315876722,2.140876722,11109.82628,494.339111,861.353699,0.0,0.0
729,4,0,0,129.4767,87,14.7,0.012422174,68.8674720759706,0.0,260.3118896,-0.007094452,-0.183568239,2.008568239,11122.40142,523.588318,849.585022,0.0,0.0
730,4,0,0,130.0221,87,15.1,0.012374573,64.9351421459932,0.0,261.7767334,-0.024734711,-0.110064745,1.935064745,11136.66298,532.265991,962.766174,0.0,0.0
731,4,0,0,130.4802,87,15.1,0.01227214,64.3014394152892,0.0,158.3587646,0.016106323,-0.110302687,1.935302687,11149.042,502.356201,858.900574,0.0,0.0
732,4,0,0,129.4767,87,15.1,0.01214835,63.692045395137,0.0,262.2161865,0.012271484,-0.084987402,1.909987402,11160.10688,507.727203,869.47937,0.0,0.0
733,4,0,0,127.7792,86,15.1,0.012008604,48.0334370492682,0.0,260.7513428,-0.000959,-0.007584509,1.832584509,11168.4406,,,,
734,4,0,0,127.4275,86,15.3,0.012008604,48.0334370492682,0.0,260.7513428,-0.000959,-0.007584509,1.832584509,11168.4406,,,,
735,4,0,0,128.0443,86,15.3,0.012008604,48.0334370492682,0.0,260.7513428,-0.000959,-0.007584509,1.832584509,11168.4406,,,,
