Time,Drive,Stimulus,Failure,Palm.EDA,Heart.Rate,Breathing.Rate,Perinasal.Perspiration,Speed,Acceleration,Brake,Steering,LaneOffset,Lane.Position,Distance,Gaze.X.Pos,Gaze.Y.Pos,Lft.Pupil.Diameter,Rt.Pupil.Diameter
1,4,0,0,125.8685,0.0,11.6,0.005713917,-0.02029905925388,0.0,265.7318115,-0.005560516,-0.099995375,1.924995375,0.0,623.333618,678.602783,0.0,0.0
2,4,0,0,117.6332,0.0,11.6,0.005633794,-0.02020910519458,0.0,265.5853271,0.003067871,-0.099995375,1.924995375,9.61173e-06,0.0,0.0,0.0,0.0
3,4,0,0,118.2341,0.0,12.2,0.005562229,-0.02020873665572,0.0,265.5853271,0.005368774,-0.099995375,1.924995375,1.93066e-05,700.732117,718.880188,0.0,0.0
4,4,0,0,122.1329,0.0,12.2,0.005498067,-0.02004093721128,0.0,265.5853271,-0.003259613,-0.099995375,1.924995375,3.03838e-05,721.143921,812.417603,0.0,0.0
5,4,0,0,125.0188,0.0,13.1,0.005461436,-0.02155883290314,0.0,256.942749,-0.019365936,-0.099995375,1.924995375,3.98258e-05,762.282288,710.380188,0.0,0.0
6,4,0,0,127.2524,0.0,13.1,0.005446441,0.38827308919408,0.0,265.4388428,-0.019365936,-0.100017786,1.925017786,5.41373e-05,704.459412,711.151489,0.0,0.0
7,4,0,0,128.7565,0.0,13.9,0.005456004,0.74192974652478,0.0,265.7318115,-0.019365936,-0.100164175,1.925164175,-0.000254332,707.765686,856.561829,0.0,0.0
8,4,0,0,130.3883,0.0,13.9,0.005485263,0.7383157369818,0.0,119.3939209,-0.024734711,-0.100329638,1.925329638,0.054680905,707.171326,784.998474,0.0,0.0
9,4,0,0,131.5928,0.0,14.6,0.005517329,0.73941256978408,0.0,54.79431152,-0.024734711,-0.100651026,1.925651026,0.204657828,698.356506,728.231201,0.0,0.0
10,4,0,0,132.7246,0.0,14.6,0.005550033,0.73961268155704,0.483398438,0.0,-0.004793549,-0.100855112,1.925855112,0.375640684,698.583679,716.236877,0.0,0.0
11,4,0,0,133.7793,0.0,15.2,0.005567987,6.78655985735114,9.676208496,0.0,-0.004793549,-0.101322412,1.926322412,0.51783743,696.476501,705.343079,0.0,0.0
12,4,0,0,135.0475,0.0,15.2,0.005569737,13.8590928392363,9.720153809,0.0,-0.010162323,-0.104788542,1.929788542,0.695655276,704.223389,708.897888,0.0,0.0
13,4,0,0,135.9398,0.0,16.1,0.005553961,18.3886935265388,11.21429443,0.0,-0.016298065,-0.112715006,1.937715006,0.837903355,701.937927,701.694519,0.0,0.0
14,4,0,0,137.4533,0.0,16.1,0.005523927,22.7778460901104,11.21429443,0.0,-0.010162323,-0.130120993,1.955120993,1.277572013,696.353882,717.081909,0.0,0.0
15,4,0,0,138.2743,0.0,16.6,0.00549509,25.9716116239826,11.30218506,0.0,-0.012463226,-0.156436205,1.981436205,2.664759046,694.095093,718.093201,0.0,0.0
16,4,0,0,139.2098,0.0,16.6,0.005463203,29.3902112417466,13.9855957,0.0,-0.005560516,-0.205183744,2.030183744,5.588779447,702.504517,717.81073,0.0,0.0
17,4,0,0,140.2643,0.0,17.0,0.005437744,32.760655721322,15.35064697,0.0,0.0,-0.265235662,2.090235662,8.646924391,694.215576,710.446594,0.0,0.0
18,4,0,0,141.227,0.0,17.0,0.005416471,36.4473130766978,18.16589355,0.0,0.010737549,-0.33839488,2.16339488,12.65349474,692.021912,713.23761,0.0,0.0
19,4,0,0,142.4217,0.0,17.4,0.005394489,40.458654793167,18.12194824,0.0,0.0,-0.42382884,2.24882884,17.49473316,702.477295,712.329224,0.0,0.0
20,4,0,0,143.3034,0.0,17.4,0.005371762,43.6451757381886,17.94616699,0.0,0.013038452,-0.49681592,2.32181592,22.64795559,736.899902,906.33667,0.0,0.0
21,4,0,0,144.3085,0.0,18.1,0.005340166,47.1137538763612,17.37213135,0.0,0.001533936,-0.548170805,2.373170805,28.54931,678.702576,696.337708,0.0,0.0
22,4,0,0,145.1,0.0,18.1,0.005310395,49.5586203637304,16.88873291,0.0,0.009203613,-0.56380105,2.38880105,34.42257837,745.199829,907.893372,0.0,0.0
23,4,0,0,146.0152,0.0,19.0,0.005281,52.1594448522866,17.37213135,0.0,0.005368774,-0.550771952,2.375771952,41.72968774,0.0,0.0,0.0,0.0
24,4,0,0,147.0588,0.0,19.0,0.005263643,54.1730852909484,15.4385376,0.0,0.003067871,-0.515240908,2.340240908,48.69517725,695.10199,721.467224,0.0,0.0
25,4,0,0,147.8809,0.0,19.5,0.005250227,56.1588347891524,15.48248291,0.0,0.003067871,-0.45977664,2.28477664,57.30017116,688.151794,718.205383,0.0,0.0
26,4,0,0,148.5928,0.0,19.5,0.005241219,57.7727836653246,15.21881104,0.0,0.001533936,-0.397927046,2.222927046,65.35373417,737.530396,916.981812,0.0,0.0
27,4,0,0,149.5528,0.0,19.9,0.00523594,59.612888955693,15.21881104,0.0,-0.007094452,-0.323724031,2.148724031,75.1220133,687.789124,709.83313,0.0,0.0
28,4,0,0,150.5253,0.0,19.9,0.005239841,61.1378310461826,14.11743164,0.0,-0.005560516,-0.282593966,2.107593966,84.14119628,759.989929,889.825073,0.0,0.0
29,4,0,0,151.263,0.0,20.3,0.005258296,62.66171848789,14.24926758,0.0,-0.015531097,-0.263905287,2.088905287,94.92702882,747.400085,912.621399,0.0,0.0
30,4,0,0,152.6345,0.0,20.3,0.005286863,63.9755221388218,14.11743164,0.0,-0.008628387,-0.282881021,2.107881021,104.727537,744.142883,880.492493,0.0,0.0
31,4,0,0,153.1394,0.0,20.7,0.005326471,65.417579179868,13.41430664,0.0,-0.008628387,-0.349814177,2.174814177,116.3304289,704.473511,699.592285,0.0,0.0
32,4,0,0,153.7752,0.0,20.7,0.005357465,66.3401024677268,0.0,0.0,0.005368774,-0.443822145,2.268822145,126.8047102,696.031128,691.733215,0.0,0.0
33,4,0,0,154.5452,0.0,21.0,0.005378795,66.1256790755478,11.12640381,0.0,0.019941162,-0.541036844,2.366036844,139.0891942,755.497681,902.918884,0.0,0.0
34,4,0,0,155.5839,0.0,21.0,0.00538318,66.724363662203,7.739868164,0.0,0.021475098,-0.570094824,2.395094824,150.1043543,690.679871,698.974182,0.0,0.0
35,4,0,0,155.8458,0.0,21.6,0.005378241,67.07695162926,7.695922852,0.0,0.0,-0.521879435,2.346879435,161.3534234,685.886108,721.973816,0.0,0.0
36,4,0,0,156.9021,0.0,21.6,0.005368903,67.4452004379118,7.827758789,0.0,-0.008628387,-0.444938421,2.269938421,174.4962847,772.47467,920.484192,0.0,0.0
37,4,0,0,157.7038,0.0,21.8,0.005361827,67.8757320564092,8.047485352,0.0,-0.003259613,-0.400367975,2.225367975,186.241356,694.937683,726.285095,0.0,0.0
38,4,0,0,158.3782,0.0,21.8,0.005351916,68.0866481012724,5.894165039,0.0,0.001533936,-0.390522242,2.215522242,199.9212124,701.272278,700.88562,0.0,0.0
39,4,0,0,158.3782,0.0,22.1,0.005334245,68.2444053767662,6.509399414,0.0,-0.001725677,-0.371907473,2.196907473,212.0983261,754.403381,795.674072,0.0,0.0
40,4,0,0,158.6496,0.0,22.1,0.005304161,68.4857856806538,7.124633789,0.0,-0.019365936,-0.354405642,2.179405642,226.2513648,754.537476,904.728271,0.0,0.0
41,4,0,0,159.7444,0.0,22.2,0.005278287,68.72479187008,6.948852539,0.0,0.00690271,-0.395109415,2.220109415,238.8354935,683.142822,703.642517,0.0,0.0
42,4,0,0,160.2975,0.0,22.2,0.005255917,68.9278543840234,5.938110352,0.0,0.0,-0.439020395,2.264020395,253.4326914,697.680115,715.446472,0.0,0.0
43,4,0,0,161.1344,0.0,22.4,0.005242233,69.099426427198,6.465454102,0.0,-0.004793549,-0.469355822,2.294355822,266.3139751,683.662292,733.973328,0.0,0.0
44,4,0,0,161.8385,0.0,22.4,0.005228904,69.0335087298416,5.58380127,0.0,0.0,-0.513042212,2.338042212,280.9868332,747.861694,894.717773,0.0,0.0
45,4,0,0,162.6916,0.0,22.9,0.005215398,68.9679452321258,6.289672852,0.0,0.003834839,-0.56362462,2.38862462,293.9128111,741.585571,906.998596,0.0,0.0
46,4,0,0,162.5488,0.0,22.9,0.005196252,69.2482479871824,7.344360352,0.0,-0.003259613,-0.605638266,2.430638266,308.7647171,687.708496,703.726929,0.0,0.0
47,4,0,0,162.6916,0.0,23.0,0.005176325,69.7746582087888,11.21429443,0.0,-0.004793549,-0.651669264,2.476669264,321.8134546,696.50769,713.349182,0.0,0.0
48,4,0,0,163.6983,0.0,23.0,0.00515094,70.138349865456,7.432250977,0.0,0.021475098,-0.715942144,2.540942144,336.7856693,703.585693,710.043823,0.0,0.0
49,4,0,0,164.425,0.0,23.1,0.005128218,70.410079682426,7.695922852,0.0,0.010737549,-0.725466013,2.550466013,349.9452068,688.042908,718.903381,0.0,0.0
50,4,0,0,165.0111,0.0,23.1,0.005103007,70.7119820977322,7.739868164,0.0,0.00690271,-0.674592733,2.499592733,365.0518439,653.304016,720.405396,0.0,0.0
51,4,0,0,165.898,0.0,23.2,0.005083102,70.9928635070792,7.827758789,0.0,-0.007094452,-0.604129553,2.429129553,378.2920828,746.013916,891.803284,0.0,0.0
52,4,0,0,166.3451,0.0,23.2,0.005070403,71.269562756755,7.783813477,0.0,0.005368774,-0.542176008,2.367176008,391.5540564,700.81897,712.724426,0.0,0.0
53,4,0,0,166.9449,0.0,23.0,0.005070505,70.8746283228384,0.0,2.499389648,0.0,-0.441883802,2.266883802,406.7446361,692.823914,708.436096,0.0,0.0
54,4,0,0,167.2465,0.0,23.0,0.005084025,70.1848268321728,0.483398438,0.0,-0.007094452,-0.343424082,2.168424082,420.0731559,704.787476,738.233215,0.0,0.0
55,4,0,0,167.8528,0.0,22.8,0.005111518,70.1049754690964,6.860961914,0.0,-0.005560516,-0.253021955,2.078021955,435.346834,688.804199,709.651489,0.0,0.0
56,4,0,0,168.617,0.0,22.8,0.005141956,70.2858450878794,6.773071289,0.0,-0.005560516,-0.200182676,2.025182676,448.7415329,698.742371,706.08313,0.0,0.0
57,4,0,0,169.0789,0.0,22.9,0.005178945,70.4754160378942,6.641235352,0.0,-0.003259613,-0.168413877,1.993413877,464.0754172,706.973328,717.239685,0.0,0.0
58,4,0,0,169.6986,0.0,22.9,0.005207612,70.643621711937,6.729125977,0.0,-0.004793549,-0.162542105,1.987542105,477.5107451,689.510498,725.92688,0.0,0.0
59,4,0,0,170.0102,0.0,23.0,0.005230408,70.8283715943006,6.904907227,0.0,-0.004793549,-0.179038286,2.004038286,492.851851,742.942871,904.775818,0.0,0.0
60,4,0,0,170.9519,0.0,23.0,0.005240503,71.0031543995224,6.685180664,0.0,0.010737549,-0.214117765,2.039117765,506.2643668,672.606018,724.92627,0.0,0.0
61,4,0,0,171.4266,0.0,22.8,0.00524572,71.1625677502498,6.597290039,0.0,0.001533936,-0.234151602,2.059151602,521.6210312,685.962219,699.392273,0.0,0.0
62,4,0,0,171.7446,0.0,22.8,0.005254399,70.8076722310338,0.0,11.14196777,0.001533936,-0.234708071,2.059708071,535.1025379,696.122986,714.808472,0.0,0.0
63,4,0,0,172.2238,0.0,22.6,0.005274339,70.36679744873,6.113891602,0.0,-0.005560516,-0.231829405,2.056829405,549.9627967,715.271729,674.902893,0.0,0.0
64,4,0,0,171.7446,0.0,22.6,0.005296377,70.4643016783598,6.069946289,0.0,-0.004793549,-0.2436378,2.0686378,564.2351231,702.256104,713.897705,0.0,0.0
65,4,0,0,172.3841,0.0,22.5,0.005321815,70.558643731917,5.982055664,0.0,0.001533936,-0.272221804,2.097221804,579.1998975,719.6474,817.336487,0.0,0.0
66,4,0,0,172.8668,0.0,22.5,0.00533961,70.6143611587656,5.671691895,0.0,0.003067871,-0.301645041,2.126645041,593.5584561,690.84967,709.575317,0.0,0.0
67,4,0,0,174.0038,0.0,22.3,0.005347429,70.6450193593534,5.539855957,0.0,0.0,-0.317781687,2.142781687,608.6157532,704.58783,692.681702,0.0,0.0
68,4,0,0,174.4957,0.0,22.3,0.005343514,70.6699500798152,5.58380127,0.0,0.003067871,-0.333277941,2.158277941,623.063309,574.997925,1066.928955,0.0,0.0
69,4,0,0,174.8252,0.0,22.2,0.005335186,70.6951482886784,5.58380127,0.0,-0.003259613,-0.351986647,2.176986647,636.2354087,698.793213,699.043701,0.0,0.0
70,4,0,0,175.3217,0.0,22.2,0.005327141,70.7156567681278,5.58380127,0.0,-0.000959,-0.3758533,2.2008533,652.7353745,732.847107,864.635803,0.0,0.0
71,4,0,0,176.1556,0.0,22.1,0.005325381,70.730517703369,5.495910645,0.0,-0.007094452,-0.403505564,2.228505564,665.8628593,750.797974,879.541504,0.0,0.0
72,4,0,0,176.6597,0.0,22.1,0.005323396,70.754917309444,5.58380127,0.0,0.00690271,-0.44714427,2.27214427,682.1473885,704.396912,687.899597,0.0,0.0
73,4,0,0,177.1667,0.0,22.3,0.005312197,70.5592019797762,0.0,18.31970215,0.003834839,-0.464932203,2.289932203,695.1226225,715.196594,895.074524,0.0,0.0
74,4,0,0,177.6767,0.0,22.3,0.005289123,69.8717325354244,0.0,0.0,-0.001725677,-0.465161562,2.290161562,711.3601899,740.98407,890.12738,0.0,0.0
75,4,0,0,178.3612,0.0,22.2,0.005266405,69.5897575151738,5.58380127,0.0,-0.000959,-0.462343454,2.287343454,724.3764085,705.751221,692.994324,0.0,0.0
76,4,0,0,178.8781,0.0,22.2,0.00524066,69.5248302539336,4.133605957,0.0,-0.004793549,-0.462670565,2.287670565,740.0256793,716.501709,698.364502,0.0,0.0
77,4,0,0,179.2243,0.0,22.0,0.005220653,69.4138909643026,4.221496582,0.0,0.0,-0.471247911,2.296247911,753.7444941,685.771301,885.147522,0.0,0.0
78,4,0,0,180.0958,0.0,22.0,0.005205313,69.2814974826646,3.82598877,0.0,0.005368774,-0.482595205,2.307595205,769.4523727,690.03241,717.272217,0.0,0.0
79,4,0,0,180.4468,0.0,21.9,0.005198856,68.8210004361692,0.0,0.0,-0.000959,-0.47043252,2.29543252,783.2226101,726.81897,695.644592,0.0,0.0
80,4,0,0,180.7991,0.0,21.9,0.005194002,68.2032461039312,2.548828125,0.0,0.001533936,-0.458171606,2.283171606,798.9907926,734.067383,695.403687,0.0,0.0
81,4,0,0,181.1529,0.0,22.1,0.005189035,68.1938207628202,8.311157227,0.0,-0.008628387,-0.452096224,2.277096224,812.8118381,879.091797,682.385315,0.0,0.0
82,4,0,0,182.2224,0.0,22.1,0.005185384,68.7615056308462,7.959594727,0.0,-0.001725677,-0.454877138,2.279877138,828.6260572,696.785522,698.346985,0.0,0.0
83,4,0,0,182.5817,0.0,22.0,0.005184593,69.0083912776596,6.553344727,0.0,-0.001725677,-0.466892004,2.291892004,842.3926292,747.820374,894.566589,0.0,0.0
84,4,0,0,182.9424,0.0,22.0,0.005178246,69.1298745445422,5.75958252,0.0,0.0,-0.48652339,2.31152339,858.0348701,692.500671,716.873901,0.0,0.0
85,4,0,0,183.6682,0.0,21.9,0.005159326,69.2318799211246,6.597290039,0.0,-0.000959,-0.503537416,2.328537416,871.7266407,688.653687,702.75293,0.0,0.0
86,4,0,0,184.2163,0.0,21.9,0.005127374,69.315710296884,5.938110352,0.0,0.001533936,-0.517386675,2.342386675,885.4316567,744.6427,892.59021,0.0,0.0
87,4,0,0,184.5836,0.0,22.1,0.005084616,69.451203447829,6.641235352,0.0,-0.000959,-0.533397436,2.358397436,901.1092845,702.026489,690.60968,0.0,0.0
88,4,0,0,184.9523,0.0,22.1,0.005052599,69.598885257132,6.817016602,0.0,0.003834839,-0.548299074,2.373299074,914.8370167,691.643311,690.996887,0.0,0.0
89,4,0,0,185.5081,0.0,22.3,0.005033975,69.7463717569326,6.377563477,0.0,0.003834839,-0.555423498,2.380423498,930.5321659,717.718811,694.566406,0.0,0.0
90,4,0,0,186.0673,0.0,22.3,0.005038011,69.9023208262826,7.959594727,0.0,0.003834839,-0.550856352,2.375856352,944.2694953,697.616028,699.201294,0.0,0.0
91,4,0,0,186.4419,0.0,22.2,0.005060689,70.0742898614484,5.627746582,0.0,0.003067871,-0.533809423,2.358809423,959.9740527,684.235718,706.778625,0.0,0.0
92,4,0,0,186.8181,0.0,22.2,0.005087887,70.1541149922828,6.860961914,0.0,0.003834839,-0.50859952,2.33359952,973.7197078,753.554871,895.7146,0.0,0.0
93,4,0,0,187.7652,0.0,22.1,0.005119822,70.3183661477974,6.860961914,0.0,0.003067871,-0.466480494,2.291480494,989.4328409,693.903809,703.840088,0.0,0.0
94,4,0,0,188.1468,0.0,22.1,0.005144209,70.4535352098532,6.948852539,0.0,0.003834839,-0.422868967,2.247868967,1003.183951,707.740784,694.097595,0.0,0.0
95,4,0,0,188.722,0.0,22.3,0.005166305,70.692014404803,11.21429443,0.0,0.0,-0.360921144,2.185921144,1018.903225,711.283325,916.655212,0.0,0.0
96,4,0,0,189.1074,0.0,22.3,0.005182179,71.2310631274842,12.13989258,0.0,-0.007094452,-0.30854249,2.13354249,1032.66105,688.43042,733.087708,0.0,0.0
97,4,0,0,189.6885,0.0,22.4,0.005196824,71.8724354898262,12.9309082,0.0,0.005368774,-0.262598753,2.087598753,1048.331245,755.920593,898.179077,0.0,0.0
98,4,0,0,190.0779,0.0,22.4,0.005206056,72.4745254399214,12.40356445,0.0,0.001533936,-0.223807573,2.048807573,1061.291923,704.362305,699.213623,0.0,0.0
99,4,0,0,190.4689,0.0,22.6,0.005216283,72.2671263340404,0.0,203.036499,-0.008628387,-0.173666716,1.998666716,1077.406175,678.016785,695.246094,0.0,0.0
100,4,0,0,191.0585,0.0,22.6,0.005232232,71.7376787567718,0.0,194.833374,-0.005560516,-0.12686038,1.95186038,1090.291099,686.345703,700.820496,0.0,0.0
101,4,0,0,191.6517,0.0,22.7,0.005262527,71.159492913059,0.0,98.3001709,-0.02166684,-0.094593287,1.919593287,1106.373995,741.155701,888.73938,0.0,0.0
102,4,0,0,192.2485,0.0,22.7,0.005293513,70.6383243440194,0.0,97.1282959,-0.02856955,-0.117103815,1.942103815,1119.222085,668.53833,703.305725,0.0,0.0
103,4,0,0,192.2485,0.0,22.8,0.005319776,70.138263443898,0.0,102.255249,0.001533936,-0.212824583,2.037824583,1133.331158,858.763794,693.210815,0.0,0.0
104,4,0,0,192.8492,0.0,22.8,0.005337119,69.5732370285246,0.0,13.3392334,0.009203613,-0.333390474,2.158390474,1147.994386,655.983215,709.320129,0.0,0.0
105,4,0,0,192.8492,0.0,23.0,0.005338288,69.0991202663564,0.703125,0.0,0.009203613,-0.409801722,2.234801722,1161.915039,728.245728,867.252197,0.0,0.0
106,4,0,0,193.8586,0.0,23.0,0.005321961,69.1518122627522,5.75958252,0.0,0.005368774,-0.474052191,2.299052191,1176.431477,676.349609,720.825684,0.0,0.0
107,4,0,0,194.0617,0.0,23.1,0.00529505,69.1738652257996,5.627746582,0.0,0.013038452,-0.516402006,2.341402006,1190.387648,699.02887,442.260101,0.0,0.0
108,4,0,0,194.8786,0.0,23.1,0.005257763,69.2397836634524,7.476196289,0.0,0.008436646,-0.541232347,2.366232347,1205.055094,673.993286,702.955872,0.0,0.0
109,4,0,0,195.2896,0.0,23.1,0.005225395,69.6085686398186,7.739868164,0.0,0.010737549,-0.553640127,2.378640127,1219.12292,685.396118,705.606079,0.0,0.0
110,4,0,0,195.7024,0.0,23.1,0.005195824,69.7284944840096,6.553344727,0.0,0.005368774,-0.5399158,2.3649158,1233.848298,690.381409,702.106995,0.0,0.0
111,4,0,0,196.1169,0.0,23.2,0.005183487,69.8458814977902,6.509399414,0.0,0.001533936,-0.511254072,2.336254072,1247.313982,696.264587,707.122498,0.0,0.0
112,4,0,0,196.5332,0.0,23.2,0.005188022,69.969122855969,6.421508789,0.0,0.003067871,-0.476822138,2.301822138,1262.721395,752.373596,879.256897,0.0,0.0
113,4,0,0,196.9512,0.0,23.3,0.005202401,70.0710901394736,6.333618164,0.0,-0.001725677,-0.441427469,2.266427469,1276.226578,0.0,0.0,0.0,0.0
114,4,0,0,197.1609,0.0,23.3,0.005218955,70.1847098331548,6.597290039,0.0,-0.010162323,-0.405892611,2.230892611,1291.693367,702.822388,702.861084,0.0,0.0
115,4,0,0,197.5816,0.0,23.4,0.005228512,70.3058276189234,6.641235352,0.0,-0.010929291,-0.39438653,2.21938653,1305.252651,693.818115,703.927917,0.0,0.0
116,4,0,0,196.742,0.0,23.4,0.00523516,70.470229650063,7.036743164,0.0,0.001533936,-0.415388346,2.240388346,1320.783419,654.884399,914.197205,0.0,0.0
117,4,0,0,196.742,0.0,23.4,0.005237459,70.6177380690744,6.992797852,0.0,0.003067871,-0.448943853,2.273943853,1334.406225,703.149414,699.556885,0.0,0.0
118,4,0,0,196.9512,0.0,23.4,0.005231907,70.7583513513228,6.948852539,0.0,0.003067871,-0.473562479,2.298562479,1348.041956,690.724121,698.282898,0.0,0.0
119,4,0,0,194.8786,0.0,23.2,0.005214055,70.8964607902124,6.553344727,0.0,-0.003259613,-0.493565798,2.318565798,1363.657379,691.311584,723.30957,0.0,0.0
120,4,0,0,192.6485,0.0,23.2,0.00519409,70.9999620483248,6.641235352,0.0,-0.003259613,-0.513417006,2.338417006,1377.349361,688.970093,699.065674,0.0,0.0
121,4,0,0,192.6485,0.0,23.0,0.005172789,71.0882488152914,5.58380127,0.0,-0.003259613,-0.54363513,2.36863513,1393.043924,687.467102,706.553589,0.0,0.0
122,4,0,0,193.4535,0.0,23.0,0.005156852,71.1009891714948,5.671691895,0.0,-0.007094452,-0.570852518,2.395852518,1406.874393,694.501709,707.618713,0.0,0.0
123,4,0,0,194.6737,0.0,23.1,0.005140026,71.1263131824658,5.715637207,0.0,-0.000959,-0.610255957,2.435255957,1422.813852,693.245605,714.55481,0.0,0.0
124,4,0,0,195.0839,0.0,23.1,0.005124293,71.156126897982,5.75958252,0.0,0.0,-0.64166379,2.46666379,1436.876902,741.770325,887.163818,0.0,0.0
125,4,0,0,195.4958,0.0,22.9,0.005103277,71.1907630008082,5.806274414,0.0,0.00690271,-0.670224428,2.495224428,1452.28614,691.706421,707.030579,0.0,0.0
126,4,0,0,196.1169,0.0,22.9,0.00508552,71.222621527635,5.806274414,0.0,0.012271484,-0.683070898,2.508070898,1466.188995,693.284912,715.362305,0.0,0.0
127,4,0,0,196.5332,0.0,22.7,0.005076015,71.2653917337166,5.982055664,0.0,-0.005560516,-0.658887625,2.483887625,1482.01171,680.416809,714.009277,0.0,0.0
128,4,0,0,196.9512,0.0,22.7,0.005082291,70.8169069619152,0.263671875,0.0,-0.003259613,-0.630108595,2.455108595,1495.75432,731.289612,890.403076,0.0,0.0
129,4,0,0,197.1609,0.0,22.5,0.005106465,70.7779285539944,6.465454102,0.0,0.010737549,-0.605521441,2.430521441,1511.340529,745.660889,879.192017,0.0,0.0
130,4,0,0,198.0041,0.0,22.5,0.005143901,70.8853982675194,6.465454102,0.0,0.010737549,-0.556310415,2.381310415,1524.873921,710.17511,711.158325,0.0,0.0
131,4,0,0,198.4284,0.0,22.7,0.005205647,70.9718531066706,6.157836914,0.0,0.003067871,-0.470527887,2.295527887,1540.237272,761.642212,701.774475,0.0,0.0
132,4,0,0,198.6413,0.0,22.7,0.005267725,70.9813651751142,5.58380127,0.0,-0.003259613,-0.385915518,2.210915518,1553.680913,709.515015,707.299927,0.0,0.0
133,4,0,0,199.0684,0.0,22.5,0.005330878,70.918837681215,5.451965332,0.0,-0.004793549,-0.296394587,2.121394587,1569.053345,707.656372,707.553284,0.0,0.0
134,4,0,0,199.4973,0.0,22.5,0.00537068,70.9215342591322,5.539855957,0.0,-0.046976776,-0.238954306,2.063954306,1582.527822,890.279419,681.153076,0.0,0.0
135,4,0,0,200.1441,0.0,22.4,0.005395713,70.9315750279526,5.58380127,0.0,-0.008628387,-0.26258111,2.08758111,1595.421994,705.836975,702.3797,0.0,0.0
136,4,0,0,200.3606,0.0,22.4,0.005410785,70.9419464517694,5.539855957,0.0,0.005368774,-0.358618498,2.183618498,1611.565737,712.318481,748.019897,0.0,0.0
137,4,0,0,201.0131,0.0,22.2,0.005417987,70.9571537491654,5.58380127,0.0,0.009203613,-0.433078527,2.258078527,1624.503191,707.218323,666.321289,0.0,0.0
138,4,0,0,199.4973,0.0,22.2,0.005423477,70.979336151429,5.938110352,0.0,0.018407227,-0.493311644,2.318311644,1640.701267,703.702271,716.429871,0.0,0.0
139,4,0,0,198.6413,0.0,22.4,0.005421681,71.0404307533658,6.201782227,0.0,0.005368774,-0.507058382,2.332058382,1653.679551,742.401306,845.793091,0.0,0.0
140,4,0,0,198.4284,0.0,22.4,0.005403765,71.1814666161114,7.344360352,0.0,0.0,-0.514685392,2.339685392,1669.92853,687.216492,729.446106,0.0,0.0
141,4,0,0,199.7124,0.0,22.3,0.005371169,71.3283464912924,6.860961914,0.0,0.00690271,-0.526457548,2.351457548,1682.951596,698.361694,706.992004,0.0,0.0
142,4,0,0,200.1441,0.0,22.3,0.005319789,71.469630433799,6.948852539,0.0,0.0,-0.528611898,2.353611898,1699.267266,742.134399,847.814697,0.0,0.0
143,4,0,0,200.7951,0.0,22.1,0.005273479,71.1468423419342,0.0,0.0,-0.013997162,-0.522023439,2.347023439,1712.348464,688.018372,707.482727,0.0,0.0
144,4,0,0,201.0131,0.0,22.1,0.005231832,70.575332748651,0.0,0.0,0.010737549,-0.531724691,2.356724691,1728.734791,698.674011,711.520813,0.0,0.0
145,4,0,0,201.8897,0.0,22.3,0.005211021,70.5073053674886,6.377563477,0.0,0.003067871,-0.547822714,2.372822714,1741.866372,750.795288,823.590881,0.0,0.0
146,4,0,0,202.11,0.0,22.3,0.005206854,70.7341603961788,5.850219727,0.0,-0.001725677,-0.56101203,2.38601203,1758.307221,642.000183,725.95752,0.0,0.0
147,4,0,0,202.7739,0.0,22.2,0.005218156,70.8116089341682,6.289672852,0.0,0.003067871,-0.573501825,2.398501825,1771.471766,640.915527,695.452087,0.0,0.0
148,4,0,0,202.11,0.0,22.2,0.005242147,70.8911948848918,6.421508789,0.0,0.003834839,-0.57828784,2.40328784,1787.930717,758.26593,862.558289,0.0,0.0
149,4,0,0,203.666,0.0,22.1,0.00526967,70.9841563017564,6.597290039,0.0,0.012271484,-0.561099291,2.386099291,1801.102585,712.546204,431.514801,0.0,0.0
150,4,0,0,204.115,0.0,22.1,0.005305496,71.107844203505,6.597290039,0.0,0.001533936,-0.52834487,2.35334487,1817.574734,702.863708,707.01062,0.0,0.0
151,4,0,0,204.5659,80.0,22.0,0.0053328,71.2122096932908,6.729125977,0.0,0.001533936,-0.491966486,2.316966486,1830.758445,713.009277,439.795593,0.0,0.0
152,4,0,0,205.2461,80.0,22.0,0.005346907,71.329410973142,6.729125977,0.0,0.001533936,-0.451850653,2.276850653,1844.60742,698.772522,717.055603,0.0,0.0
153,4,0,0,205.7021,80.0,22.2,0.005340845,71.463759561479,6.773071289,0.0,0.001533936,-0.39907527,2.22407527,1860.428368,739.088074,879.08429,0.0,0.0
154,4,0,0,205.9308,79.0,22.2,0.005319712,71.560131588232,6.509399414,0.0,0.001533936,-0.350521803,2.175521803,1874.195521,710.646118,721.66217,0.0,0.0
155,4,0,0,206.1601,79.0,22.4,0.00529059,71.6640050223128,6.553344727,0.0,-0.003259613,-0.291195154,2.116195154,1889.926687,730.35083,696.72113,0.0,0.0
156,4,0,0,207.0822,78.0,22.4,0.00527328,71.7571039733738,6.553344727,0.0,-0.007094452,-0.241982222,2.066982222,1903.712057,737.473694,880.230591,0.0,0.0
157,4,0,0,207.314,78.0,22.2,0.005270948,71.4661801214928,0.0,11.28845215,-0.008628387,-0.204551935,2.029551935,1919.482161,692.101685,766.499512,0.0,0.0
158,4,0,0,207.7793,77.0,22.2,0.005281472,71.1087750779478,6.553344727,0.0,-0.007094452,-0.192523241,2.017523241,1933.282571,713.301392,710.869812,0.0,0.0
159,4,0,0,208.2466,77.0,22.1,0.005297379,71.2845745676212,7.212524414,0.0,-0.007094452,-0.205769777,2.030769777,1949.041903,712.308594,890.716187,0.0,0.0
160,4,0,0,208.9515,77.0,22.1,0.005307774,71.412284741112,6.685180664,0.0,0.003067871,-0.236205339,2.061205339,1962.832151,738.081421,898.380493,0.0,0.0
161,4,0,0,208.9515,77.0,22.3,0.005316339,71.4546198299378,5.58380127,0.0,0.003067871,-0.270395517,2.095395517,1978.594681,676.018799,703.31781,0.0,0.0
162,4,0,0,209.4241,77.0,22.3,0.005324932,71.4651549236326,5.58380127,0.0,0.003067871,-0.293949366,2.118949366,1992.388918,746.229309,839.252625,0.0,0.0
163,4,0,0,210.3757,77.0,22.2,0.005334765,71.4778075386192,5.627746582,0.0,0.005368774,-0.310991526,2.135991526,2008.157607,677.861694,706.378906,0.0,0.0
164,4,0,0,210.3757,77.0,22.2,0.005335806,71.4940156040942,5.671691895,0.0,0.001533936,-0.317127943,2.142127943,2021.961336,735.133484,697.150879,0.0,0.0
165,4,0,0,210.615,77.0,22.1,0.005318536,71.5139921644868,5.671691895,0.0,0.005368774,-0.319960356,2.144960356,2037.755184,676.286499,701.866699,0.0,0.0
166,4,0,0,211.0952,77.0,22.1,0.005284079,71.532491737001,5.671691895,0.0,0.0,-0.308663607,2.133663607,2051.604535,700.675476,707.327576,0.0,0.0
167,4,0,0,211.3361,77.0,22.3,0.005229506,71.553712091906,5.715637207,0.0,0.003067871,-0.283880472,2.108880472,2067.464948,0.0,0.0,0.0,0.0
168,4,0,0,212.3052,77.0,22.3,0.005180352,71.5726805134424,5.715637207,0.0,0.003067871,-0.261518717,2.086518717,2081.353167,682.720886,712.055115,0.0,0.0
169,4,0,0,212.5489,77.0,22.4,0.005139416,71.5911970162134,5.75958252,0.0,0.0,-0.23126626,2.05626626,2095.15659,694.268921,730.186096,0.0,0.0
170,4,0,0,213.0379,77.0,22.4,0.005106442,71.6508745299066,6.465454102,0.0,0.003067871,-0.194002867,2.019002867,2110.830675,710.513794,735.396912,0.0,0.0
171,4,0,0,213.2833,77.0,22.3,0.005087001,71.7279239032958,6.289672852,0.0,-0.001725677,-0.158879519,1.983879519,2124.549948,694.550415,722.611084,0.0,0.0
172,4,0,0,214.0228,77.0,22.3,0.00506907,71.787381017876,6.069946289,0.0,-0.005560516,-0.117055655,1.942055655,2140.269513,712.239319,818.09668,0.0,0.0
173,4,0,0,214.5186,77.0,22.2,0.005053486,71.835454256752,6.113891602,0.0,-0.005560516,-0.089890718,1.914890718,2154.040391,699.330505,714.885803,0.0,0.0
174,4,0,0,214.5186,77.0,22.2,0.005033512,71.8976226264302,6.157836914,0.0,-0.016298065,-0.076136827,1.901136827,2169.140089,725.777893,706.344421,0.0,0.0
175,4,0,0,215.0168,77.0,22.1,0.005009766,71.9521678422096,6.201782227,0.0,-0.02166684,-0.099854231,1.924854231,2183.604601,703.331116,717.997314,0.0,0.0
176,4,0,0,215.0168,77.0,22.1,0.004969728,72.0134661544036,6.157836914,0.0,-0.010162323,-0.180962324,2.005962324,2198.75085,682.950928,750.871582,0.0,0.0
177,4,0,0,215.5172,77.0,22.2,0.004925415,72.0682561990772,6.113891602,0.0,0.008436646,-0.294945002,2.119945002,2213.262139,705.059692,701.720886,0.0,0.0
178,4,0,0,216.2723,76.0,22.2,0.004875081,71.991857401383,3.913879395,0.0,0.003834839,-0.409663916,2.234663916,2228.459123,698.594116,705.800903,0.0,0.0
179,4,0,0,216.7787,76.0,22.1,0.004841722,71.9148033609078,5.364074707,0.0,0.010737549,-0.508528948,2.333528948,2243.019577,700.018005,706.207703,0.0,0.0
180,4,0,0,217.2874,77.0,22.1,0.004822794,71.903443882798,5.58380127,0.0,0.00690271,-0.587222815,2.412222815,2258.263452,710.005127,709.878906,0.0,0.0
181,4,0,0,217.2874,77.0,22.0,0.004822297,71.9062117544772,5.58380127,0.0,0.005368774,-0.634621382,2.459621382,2272.864302,691.105896,710.726501,0.0,0.0
182,4,0,0,218.312,77.0,22.0,0.004834288,71.9096532315068,5.58380127,0.0,0.00690271,-0.670353174,2.495353174,2288.144099,713.920227,686.412476,0.0,0.0
183,4,0,0,218.5697,77.0,22.2,0.004849523,71.9150670673602,5.850219727,0.0,0.010737549,-0.684522867,2.509522867,2302.682826,730.909302,883.215576,0.0,0.0
184,4,0,0,218.828,77.0,22.2,0.004866716,71.9620258221928,5.938110352,0.0,0.0,-0.673516512,2.498516512,2317.834356,680.621704,716.207703,0.0,0.0
185,4,0,0,218.828,77.0,22.4,0.00487968,71.99319806207,5.671691895,0.0,-0.005560516,-0.651480436,2.476480436,2332.359536,713.377625,703.017395,0.0,0.0
186,4,0,0,219.6065,77.0,22.4,0.004889314,72.0025263438856,5.671691895,0.0,0.0,-0.641359568,2.466359568,2346.247124,695.955505,707.629578,0.0,0.0
187,4,0,0,219.8672,77.0,22.3,0.004892547,72.014269231157,5.715637207,0.0,0.00690271,-0.63763833,2.46263833,2361.463944,703.055725,703.837219,0.0,0.0
188,4,0,0,220.1286,77.0,22.3,0.004886708,72.02436695452,5.671691895,0.0,-0.001725677,-0.626806498,2.451806498,2376.021525,743.925415,860.364624,0.0,0.0
189,4,0,0,220.9164,77.0,22.1,0.004872638,72.0366340842964,5.671691895,0.0,-0.001725677,-0.595539808,2.420539808,2391.243554,0.0,0.0,0.0,0.0
190,4,0,0,234.4556,77.0,22.1,0.004856202,72.0470062001294,5.715637207,0.0,0.0,-0.563967943,2.388967943,2405.807405,666.756104,703.050293,0.0,0.0
191,4,0,0,234.7859,77.0,22.3,0.004834498,72.0708379183986,5.75958252,0.0,0.0,-0.527072191,2.352072191,2421.037283,672.25647,702.669312,0.0,0.0
192,4,0,0,235.1171,77.0,22.3,0.004817114,72.088417238114,5.75958252,0.0,0.0,-0.490900755,2.315900755,2435.608973,739.59082,890.615417,0.0,0.0
193,4,0,0,236.0328,77.0,22.5,0.004807345,72.1074012058748,5.75958252,0.0,-0.001725677,-0.449362516,2.274362516,2450.847355,719.920776,697.943726,0.0,0.0
194,4,0,0,236.1164,77.0,22.5,0.004811855,72.1274004257746,5.850219727,0.0,-0.003259613,-0.415825129,2.240825129,2465.427366,699.371704,693.821716,0.0,0.0
195,4,0,0,236.4513,76.0,22.3,0.004828749,72.1555583074582,5.850219727,0.0,0.001533936,-0.380763292,2.205763292,2480.67586,703.881592,696.978882,0.0,0.0
196,4,0,0,236.7032,76.0,22.3,0.004845983,72.1826926810886,6.026000977,0.0,-0.010929291,-0.350716829,2.175716829,2495.276691,712.035217,784.268982,0.0,0.0
197,4,0,0,237.293,76.0,22.2,0.004860239,72.2256908179944,5.982055664,0.0,-0.012463226,-0.330418348,2.155418348,2510.556673,714.085999,698.020203,0.0,0.0
198,4,0,0,237.6313,76.0,22.2,0.004866239,72.2625871261968,6.069946289,0.0,-0.001725677,-0.336659193,2.161659193,2524.5184,757.639282,692.552002,0.0,0.0
199,4,0,0,237.9706,76.0,22.4,0.00486864,72.3076719977202,6.026000977,0.0,-0.003259613,-0.357204199,2.182204199,2540.486897,679.003479,685.586975,0.0,0.0
200,4,0,0,238.7376,75.0,22.4,0.004870009,72.3343009903104,5.627746582,0.0,-0.003259613,-0.376857996,2.201857996,2554.470802,667.643494,717.316589,0.0,0.0
201,4,0,0,238.9943,75.0,22.5,0.004871419,72.3398248245528,5.806274414,0.0,-0.000959,-0.408080816,2.233080816,2570.465355,710.117798,696.03833,0.0,0.0
202,4,0,0,239.1658,75.0,22.5,0.004869572,72.3834270594144,6.553344727,0.0,0.001533936,-0.438517332,2.263517332,2584.471693,705.399597,703.485413,0.0,0.0
203,4,0,0,239.5095,75.0,22.7,0.004864171,72.4737154590994,6.904907227,0.0,0.001533936,-0.467265368,2.292265368,2598.484923,748.104919,852.742798,0.0,0.0
204,4,0,0,240.1998,74.0,22.7,0.004861792,72.5921518752138,7.256469727,0.0,0.003067871,-0.495314837,2.320314837,2614.473398,678.666504,740.774902,0.0,0.0
205,4,0,0,240.3731,73.0,22.5,0.004871674,72.7253725415184,7.388305664,0.0,0.00690271,-0.515504599,2.340504599,2628.455077,739.020508,851.257385,0.0,0.0
206,4,0,0,240.7202,72.0,22.5,0.004898272,72.8918148295364,7.783813477,0.0,0.009203613,-0.524565458,2.349565458,2644.433091,701.162476,702.452209,0.0,0.0
207,4,0,0,241.3302,71.0,22.7,0.004929257,72.6593818927798,0.0,2.645874023,0.009203613,-0.512100935,2.337100935,2658.414507,745.443481,859.014404,0.0,0.0
208,4,0,0,241.7678,71.0,22.7,0.004965707,72.109347268083,0.0,96.24938965,0.005368774,-0.473095655,2.298095655,2674.394094,728.33252,707.141479,0.0,0.0
209,4,0,0,241.8555,71.0,22.8,0.004996383,71.615571420024,0.0,263.8275146,0.003834839,-0.421024561,2.246024561,2688.380573,671.575806,700.811523,0.0,0.0
210,4,0,0,242.3831,70.0,22.8,0.00502972,71.072781432458,0.0,56.84509277,-0.004793549,-0.350908995,2.175908995,2704.37434,741.798523,692.614014,0.0,0.0
211,4,0,0,243.0016,68.0,22.9,0.005055425,70.5879304851436,0.0,0.0,0.0,-0.29033494,2.11533494,2718.373182,703.247192,709.054199,0.0,0.0
212,4,0,0,243.3564,67.0,22.9,0.005080173,70.865786673252,9.588317871,0.0,-0.000959,-0.227252722,2.052252722,2734.374275,695.842712,702.479309,0.0,0.0
213,4,0,0,243.5342,66.0,23.0,0.005098685,71.1255007715404,7.344360352,0.0,-0.004793549,-0.176777601,2.001777601,2748.377407,0.0,0.0,0.0,0.0
214,4,0,0,243.7122,66.0,23.0,0.005110274,71.2957534295028,7.520141602,0.0,-0.003259613,-0.128887415,1.953887415,2764.38342,667.121521,722.418091,0.0,0.0
215,4,0,0,244.5167,65.0,23.1,0.005102865,71.44581646655,7.300415039,0.0,-0.005560516,-0.085320234,1.910320234,2778.39086,698.13208,714.433472,0.0,0.0
216,4,0,0,244.876,63.0,23.1,0.005073955,71.5899167540566,7.344360352,0.0,-0.004793549,-0.04458642,1.86958642,2794.402703,669.401184,676.531799,0.0,0.0
217,4,0,0,245.2363,62.0,23.2,0.005043686,71.7405373630402,7.564086914,0.0,-0.019365936,-0.019593,1.844593,2808.417664,675.51123,701.666077,0.0,0.0
218,4,0,0,245.4168,60.0,23.2,0.005020455,71.969050961441,8.530883789,0.0,-0.032404388,-0.023339987,1.848339987,2824.438948,697.781616,689.104797,0.0,0.0
219,4,0,0,246.2326,58.0,23.3,0.005014639,72.2040122839914,8.486938477,0.0,-0.027035614,-0.085468531,1.910468531,2838.461459,645.938721,469.805786,0.0,0.0
220,4,0,0,246.1417,58.0,23.3,0.005017457,72.4359267235868,8.530883789,0.0,-0.015531097,-0.218258619,2.043258619,2852.488817,690.278198,709.485229,0.0,0.0
221,4,0,0,245.056,58.0,23.3,0.005021164,72.688275709552,8.486938477,0.0,0.009203613,-0.429801226,2.254801226,2868.526245,744.144592,803.001221,0.0,0.0
222,4,0,0,244.6064,58.0,23.3,0.005019832,72.9112651196556,8.486938477,0.0,0.036047485,-0.619161367,2.444161367,2881.8978,691.479004,716.590698,0.0,0.0
223,4,0,0,245.1461,57.0,23.4,0.00501421,73.1431441859578,8.179321289,0.0,0.043717163,-0.748577356,2.573577356,2898.62162,695.14801,681.320496,0.0,0.0
224,4,0,0,245.6882,57.0,23.4,0.005008953,73.3400533079442,8.753356934,0.0,0.023776001,-0.782130003,2.607130003,2912.008808,692.843689,682.304504,0.0,0.0
225,4,0,0,245.9601,57.0,23.5,0.005006694,73.04230669132,0.0,123.4954834,0.018407227,-0.726673365,2.551673365,2928.750981,744.893127,761.013428,0.0,0.0
226,4,0,0,246.597,56.0,23.5,0.005011191,72.5597234649996,0.0,232.1868896,0.017640259,-0.623098135,2.448098135,2942.146475,728.028198,742.984009,0.0,0.0
227,4,0,0,246.8709,56.0,23.5,0.005024512,71.99171022724,0.0,0.0,-0.02166684,-0.453576803,2.278576803,2958.900738,706.443298,664.898499,0.0,0.0
228,4,0,0,247.2371,56.0,23.5,0.005039649,71.8665853136186,5.58380127,0.0,-0.005560516,-0.335748434,2.160748434,2972.323402,697.359619,702.996094,0.0,0.0
229,4,0,0,247.1455,56.0,23.6,0.005053311,71.736185739867,0.0,0.0,-0.013997162,-0.233749151,2.058749151,2989.131989,702.34198,654.829285,0.0,0.0
230,4,0,0,242.119,56.0,23.6,0.005059231,71.2613286812988,0.0,0.0,-0.030103485,-0.177549124,2.002549124,3002.607632,715.197021,629.290894,0.0,0.0
231,4,0,0,230.6433,56.0,23.6,0.005060928,70.720637562774,0.0,0.0,-0.030103485,-0.192679644,2.017679644,3019.471868,702.106018,630.887695,0.0,0.0
232,4,0,0,225.7234,56.0,23.6,0.005059071,70.237997864713,0.0,0.0,0.005368774,-0.290403605,2.115403605,3032.880436,750.024414,749.544983,0.0,0.0
233,4,0,0,196.3248,56.0,23.6,0.005053687,69.6898017178454,0.0,3.378295898,0.018407227,-0.432707071,2.257707071,3049.512084,695.133789,691.491699,0.0,0.0
234,4,0,0,171.1098,55.0,23.6,0.005045861,69.2131803237418,0.0,4.257202148,0.008436646,-0.522765875,2.347765875,3062.714966,718.008179,647.389587,0.0,0.0
235,4,0,0,160.8545,55.0,23.7,0.005036213,68.7415729571554,0.0,0.0,0.014572388,-0.586687326,2.411687326,3076.480887,700.446777,658.017029,0.0,0.0
236,4,0,0,151.6346,55.0,23.7,0.005026296,68.30803476967,7.871704102,0.0,0.009203613,-0.62001729,2.44501729,3092.188555,685.093079,666.047607,0.0,0.0
237,4,0,0,150.4031,55.0,23.7,0.005021159,68.775106436774,11.70043945,0.0,0.001533936,-0.617558718,2.442558718,3106.005528,685.538879,667.450378,0.0,0.0
238,4,0,0,153.6476,55.0,23.7,0.005022058,69.23206388478,8.574829102,0.0,0.016106323,-0.603944063,2.428944063,3121.841122,737.368591,766.070496,0.0,0.0
239,4,0,0,156.6367,55.0,23.7,0.005028948,69.5056420448334,8.797302246,0.0,0.001533936,-0.570518732,2.395518732,3135.731403,678.197876,704.59552,0.0,0.0
240,4,0,0,158.9219,55.0,23.7,0.005041646,69.827265006725,9.148864746,0.0,0.009203613,-0.517812967,2.342812967,3151.64143,726.766602,747.594788,0.0,0.0
241,4,0,0,160.5755,55.0,23.7,0.005056505,70.0907833433724,6.377563477,0.0,0.003834839,-0.461041212,2.286041212,3165.597753,706.715698,692.01532,0.0,0.0
242,4,0,0,162.4062,55.0,23.7,0.005079124,69.9131833562938,7.651977539,0.0,-0.02166684,-0.382217169,2.207217169,3181.601837,724.287476,666.04187,0.0,0.0
243,4,0,0,163.6983,55.0,23.5,0.00510137,70.1667237205676,8.311157227,0.0,0.0,-0.336895704,2.161895704,3195.656134,702.7276,644.564087,0.0,0.0
244,4,0,0,164.7175,54.0,23.5,0.00511929,70.2796444939802,6.421508789,0.0,-0.012463226,-0.307742357,2.132742357,3211.774987,699.195923,691.440125,0.0,0.0
245,4,0,0,166.3451,54.0,23.5,0.005119675,70.372129111683,6.377563477,0.0,-0.027035614,-0.30235076,2.12735076,3225.928351,733.60553,762.036072,0.0,0.0
246,4,0,0,167.0955,54.0,23.5,0.005101811,70.4480609432828,5.850219727,0.0,-0.007094452,-0.343948126,2.168948126,3242.15899,691.179871,736.829895,0.0,0.0
247,4,0,0,167.8528,53.0,23.6,0.005077884,70.1481728422942,0.0,0.0,0.003067871,-0.404191256,2.229191256,3256.405282,697.519897,663.572205,0.0,0.0
248,4,0,0,169.0789,54.0,23.6,0.005049977,69.9863619290216,6.465454102,0.0,0.00690271,-0.462775946,2.287775946,3272.672692,703.717529,664.717224,0.0,0.0
249,4,0,0,170.0102,53.0,23.6,0.005027128,70.0516464154616,5.850219727,0.0,0.016106323,-0.495732546,2.320732546,3286.798457,731.548401,740.81073,0.0,0.0
250,4,0,0,170.9519,53.0,23.6,0.005003523,70.1067096938804,5.850219727,0.0,0.010737549,-0.501134634,2.326134634,3302.819223,693.792175,702.166016,0.0,0.0
251,4,0,0,171.904,53.0,23.3,0.004988687,70.1462305298482,5.58380127,0.0,-0.004793549,-0.477125406,2.302125406,3316.792359,687.490906,652.916809,0.0,0.0
252,4,0,0,173.1902,53.0,23.3,0.004982898,70.170859257659,5.58380127,0.0,0.003067871,-0.445913076,2.270913076,3330.746372,701.108276,659.217712,0.0,0.0
253,4,0,0,173.8405,54.0,23.1,0.004985045,70.198441735919,5.58380127,0.0,0.001533936,-0.407612085,2.232612085,3346.578996,703.9151,679.121887,0.0,0.0
254,4,0,0,174.8252,54.0,23.1,0.004987974,70.2224743641938,5.58380127,0.0,-0.001725677,-0.375002146,2.200002146,3360.325819,703.781311,688.71698,0.0,0.0
255,4,0,0,175.4879,53.0,23.2,0.004987499,70.2496725481552,5.58380127,0.0,-0.008628387,-0.342014551,2.167014551,3375.91516,680.256226,674.411072,0.0,0.0
256,4,0,0,176.4914,53.0,23.2,0.004985427,70.2735756728402,5.58380127,0.0,-0.003259613,-0.327868223,2.152868223,3389.451253,694.094604,681.636597,0.0,0.0
257,4,0,0,177.3364,52.0,23.0,0.004985323,70.2992970942308,5.58380127,0.0,-0.010162323,-0.316197634,2.141197634,3404.802574,704.071289,717.032288,0.0,0.0
258,4,0,0,178.5332,52.0,23.0,0.004986996,70.3231336727068,5.58380127,0.0,-0.016298065,-0.314804316,2.139804316,3418.132021,741.451172,838.138489,0.0,0.0
259,4,0,0,179.5719,51.0,22.8,0.004986499,70.3490057605082,5.58380127,0.0,-0.005560516,-0.338388681,2.163388681,3433.350133,696.205383,742.738892,0.0,0.0
260,4,0,0,180.2711,51.0,22.8,0.004983205,70.3861744173188,6.421508789,0.0,0.010737549,-0.378767252,2.203767252,3446.771723,947.146423,1008.112183,0.0,0.0
261,4,0,0,181.3302,51.0,22.6,0.004981244,70.5643659334078,7.564086914,0.0,0.001533936,-0.421579599,2.246579599,3462.191026,707.610291,701.230774,0.0,0.0
262,4,0,0,181.508,51.0,22.6,0.004986188,70.723941859662,5.58380127,0.0,-0.008628387,-0.442904711,2.267904711,3475.746318,693.384888,708.331787,0.0,0.0
263,4,0,0,182.7619,51.0,22.5,0.005005145,70.4382960958054,0.0,1.327514648,-0.000959,-0.473183393,2.298183393,3490.658327,723.802185,817.008118,0.0,0.0
264,4,0,0,183.3046,50.0,22.5,0.005037827,70.1385949035644,5.627746582,0.0,0.00690271,-0.509071589,2.334071589,3504.910091,700.071289,742.428894,0.0,0.0
265,4,0,0,184.0333,51.0,22.3,0.005095344,70.1682696364782,5.58380127,0.0,0.005368774,-0.535837889,2.360837889,3519.846856,692.198486,738.442078,0.0,0.0
266,4,0,0,184.3998,51.0,22.3,0.005155671,70.1927284340784,5.539855957,0.0,0.003834839,-0.547265291,2.372265291,3534.162776,693.863281,757.064697,0.0,0.0
267,4,0,0,185.5081,51.0,22.2,0.005209062,70.2193161470976,5.495910645,0.0,0.014572388,-0.547555208,2.372555208,3549.15,699.52179,724.590027,0.0,0.0
268,4,0,0,186.0673,50.0,22.2,0.005213613,70.2420404946062,5.539855957,0.0,-0.003259613,-0.52797389,2.35297389,3563.496279,702.690491,786.104187,0.0,0.0
269,4,0,0,186.8181,50.0,22.1,0.00517284,70.2635907320244,5.451965332,0.0,-0.004793549,-0.507961988,2.332961988,3576.476908,693.611694,737.7901,0.0,0.0
270,4,0,0,185.1372,50.0,22.1,0.005098811,70.2879633333742,5.58380127,0.0,0.008436646,-0.484761,2.309761,3592.679574,701.277527,724.299927,0.0,0.0
271,4,0,0,183.1234,49.0,22.0,0.005037961,70.2798011632292,0.0,0.0,0.003834839,-0.452536821,2.277536821,3605.654483,694.078186,742.171326,0.0,0.0
272,4,0,0,184.5836,49.0,22.0,0.004992111,69.85409873955,6.685180664,0.0,0.005368774,-0.403738737,2.228738737,3621.885476,720.715698,703.65802,0.0,0.0
273,4,0,0,180.0958,49.0,21.9,0.004976528,70.0843740663554,8.841247559,0.0,-0.003259613,-0.351024389,2.176024389,3634.877238,700.988525,721.993408,0.0,0.0
274,4,0,0,170.3229,49.0,21.9,0.00497963,70.3878115345272,8.662719727,0.0,-0.003259613,-0.296788454,2.121788454,3650.473348,734.181396,867.218506,0.0,0.0
275,4,0,0,165.3057,49.0,21.8,0.004993363,70.6303450914588,8.267211914,0.0,-0.004793549,-0.25679183,2.08179183,3664.125426,724.614502,705.721619,0.0,0.0
276,4,0,0,165.898,49.0,21.8,0.00501744,70.8834072242582,8.223266602,0.0,-0.004793549,-0.220867872,2.045867872,3679.734001,686.832886,708.339905,0.0,0.0
277,4,0,0,168.3105,48.0,22.0,0.005040901,71.115750971392,8.267211914,0.0,-0.012463226,-0.202156782,2.027156782,3693.396806,689.595276,706.577576,0.0,0.0
278,4,0,0,170.4797,48.0,22.0,0.005062965,71.3690032798992,8.267211914,0.0,-0.015531097,-0.210711718,2.035711718,3709.017417,693.13501,723.036499,0.0,0.0
279,4,0,0,172.2238,48.0,22.2,0.00507475,71.5911651030012,8.267211914,0.0,-0.010162323,-0.247727633,2.072727633,3722.690671,691.634521,706.383179,0.0,0.0
280,4,0,0,173.3523,48.0,22.2,0.005077764,71.5625686278874,0.0,5.575561523,0.003834839,-0.321756601,2.146756601,3738.323064,752.835876,850.23877,0.0,0.0
281,4,0,0,174.1675,48.0,22.1,0.005070633,71.1060935956398,0.0,102.4017334,-0.004793549,-0.388527632,2.213527632,3752.013073,682.670898,708.699707,0.0,0.0
282,4,0,0,175.1559,48.0,22.1,0.005057576,70.5683907640006,0.0,222.8118896,0.0,-0.468333483,2.293333483,3767.700021,679.52179,705.264526,0.0,0.0
283,4,0,0,176.1556,48.0,22.3,0.005050671,70.1028602813476,0.0,90.53649902,0.019941162,-0.537009954,2.362009954,3781.446261,673.090088,718.028076,0.0,0.0
284,4,0,0,176.9974,48.0,22.3,0.005052466,69.9870703443962,11.21429443,0.0,0.012271484,-0.574445486,2.399445486,3797.066182,690.159119,712.177612,0.0,0.0
285,4,0,0,177.6767,48.0,22.5,0.005063005,69.9234190644684,0.0,0.0,0.012271484,-0.56685853,2.39185853,3810.706279,693.538086,709.375977,0.0,0.0
286,4,0,0,178.1896,48.0,22.5,0.00508092,69.5226382041064,5.58380127,0.0,0.008436646,-0.534485102,2.359485102,3824.351619,697.078674,717.93219,0.0,0.0
287,4,0,0,178.7055,48.0,22.6,0.005108855,69.5549984426782,6.245727539,0.0,0.001533936,-0.473319769,2.298319769,3839.952442,660.869507,717.467285,0.0,0.0
288,4,0,0,179.5719,48.0,22.6,0.00514038,69.8563755855018,9.676208496,0.0,-0.003259613,-0.407875776,2.232875776,3853.608256,705.360107,714.306885,0.0,0.0
289,4,0,0,180.6228,48.0,22.7,0.005182092,70.1970870578806,8.486938477,0.0,-0.010929291,-0.330378771,2.155378771,3869.220455,733.686096,902.436096,0.0,0.0
290,4,0,0,180.9758,48.0,22.7,0.005216045,70.4469731099098,8.618774414,0.0,-0.010929291,-0.276344061,2.101344061,3882.886001,739.975281,899.976807,0.0,0.0
291,4,0,0,181.686,48.0,22.9,0.0052407,70.4800315284538,5.012512207,0.0,-0.02856955,-0.24452424,2.06952424,3898.492407,675.024902,704.987427,0.0,0.0
292,4,0,0,182.0433,48.0,22.9,0.005245749,70.447267989278,4.00177002,0.0,0.008436646,-0.265238047,2.090238047,3912.082822,723.6521,853.889526,0.0,0.0
293,4,0,0,182.9424,48.0,23.0,0.005237957,70.0836605976532,0.0,0.0,-0.004793549,-0.302532911,2.127532911,3927.662793,695.89032,726.551697,0.0,0.0
294,4,0,0,183.3046,48.0,23.0,0.005228052,70.1716984801888,8.797302246,0.0,-0.010929291,-0.334147215,2.159147215,3941.354921,783.436584,698.41449,0.0,0.0
295,4,0,0,184.0333,48.0,23.1,0.005221142,70.4338813704108,7.476196289,0.0,0.0,-0.386403799,2.211403799,3957.064957,697.568115,726.360779,0.0,0.0
296,4,0,0,184.9523,48.0,23.1,0.005220732,70.0993234992032,6.597290039,0.0,0.003067871,-0.436246634,2.261246634,3970.862751,688.684814,719.019714,0.0,0.0
297,4,0,0,185.5081,48.0,23.2,0.005226383,70.404698129933,9.104919434,0.0,0.009203613,-0.493454218,2.318454218,3986.736584,702.505615,717.252808,0.0,0.0
298,4,0,0,185.8805,48.0,23.2,0.005235761,70.7004133249554,9.192810059,0.0,0.009203613,-0.526130438,2.351130438,3999.972102,696.880798,718.956421,0.0,0.0
299,4,0,0,186.2544,48.0,23.0,0.005246202,71.2264883854134,12.2277832,0.0,0.009203613,-0.541468382,2.366468382,4016.557225,719.156921,422.76239,0.0,0.0
300,4,0,0,187.0068,48.0,23.0,0.005250734,71.7362920689608,12.18383789,0.0,0.003834839,-0.533345461,2.358345461,4029.750418,695.028076,450.3479,0.0,0.0
301,4,0,0,187.575,48.0,23.1,0.005251583,72.315810703688,12.49145508,0.0,-0.001725677,-0.506884336,2.331884336,4046.11516,696.923279,721.177612,0.0,0.0
302,4,0,0,188.3381,48.0,23.1,0.005250449,72.846379041426,12.49145508,0.0,0.00690271,-0.483293772,2.308293772,4059.106375,744.639221,895.869995,0.0,0.0
303,4,0,0,188.722,48.0,23.1,0.005246668,73.3323610489858,12.35961914,0.0,0.003834839,-0.458350897,2.283350897,4073.355374,751.839783,883.402588,0.0,0.0
304,4,0,0,189.6885,48.0,23.1,0.005233017,73.8889807389078,12.2277832,0.0,-0.001725677,-0.419349909,2.244349909,4088.236927,743.093811,889.774597,0.0,0.0
305,4,0,0,189.1074,48.0,23.2,0.00520653,74.1457761220788,0.0,0.0,-0.001725677,-0.386204481,2.211204481,4102.402113,749.111511,856.797974,0.0,0.0
306,4,0,0,190.665,48.0,23.2,0.005163443,73.576026197245,0.0,206.8450928,0.003834839,-0.352876902,2.177876902,4117.230069,695.821716,695.156494,0.0,0.0
307,4,0,0,189.883,48.0,23.3,0.005129267,73.0897213721746,0.0,221.6400146,-0.005560516,-0.322227716,2.147227716,4131.489384,696.953613,733.079712,0.0,0.0
308,4,0,0,191.6517,48.0,23.3,0.005111649,72.535245419693,0.0,56.1126709,-0.003259613,-0.288082361,2.113082361,4146.465317,745.534729,855.602417,0.0,0.0
309,4,0,0,192.0492,48.0,23.1,0.005119863,72.0734752886972,0.0,18.6126709,-0.004793549,-0.26903367,2.09403367,4160.175217,707.492676,719.060181,0.0,0.0
310,4,0,0,192.4483,48.0,23.1,0.005151535,71.6572160858964,5.671691895,0.0,0.003067871,-0.261661291,2.086661291,4175.832536,738.270325,844.810181,0.0,0.0
311,4,0,0,193.0502,48.0,23.2,0.005190346,71.4849415658118,0.0,3.524780273,0.008436646,-0.268722773,2.093722773,4189.486256,741.488525,841.016479,0.0,0.0
312,4,0,0,193.6558,48.0,23.2,0.005233013,70.9440845887066,0.0,0.0,-0.008628387,-0.258003473,2.083003473,4205.071047,709.811707,712.304688,0.0,0.0
313,4,0,0,193.8586,48.0,23.2,0.005258374,70.849655292828,5.58380127,0.0,-0.004793549,-0.244065046,2.069065046,4218.757576,700.298401,739.548096,0.0,0.0
314,4,0,0,194.2653,49.0,23.2,0.005272884,70.472409098758,0.0,14.21813965,-0.003259613,-0.24524188,2.07024188,4234.354049,697.494873,733.669373,0.0,0.0
315,4,0,0,195.0839,50.0,23.0,0.005280557,70.1811597739554,5.40802002,0.0,-0.003259613,-0.256301165,2.081301165,4248.045087,697.953125,727.36322,0.0,0.0
316,4,0,0,195.2896,51.0,23.0,0.005293758,70.16568386162,4.17755127,0.0,0.014572388,-0.277213812,2.102213812,4263.77377,753.464905,869.832581,0.0,0.0
317,4,0,0,196.1169,51.0,22.8,0.005310112,70.0588256490148,4.00177002,0.0,0.012271484,-0.279186487,2.104186487,4277.643732,698.515503,714.638489,0.0,0.0
318,4,0,0,196.3248,51.0,22.8,0.0053275,69.9931789162342,5.58380127,0.0,-0.019365936,-0.257831335,2.082831335,4293.627735,699.991577,721.058899,0.0,0.0
319,4,0,0,197.371,51.0,22.9,0.005336101,69.7793169262208,0.0,3.524780273,-0.013997162,-0.250067472,2.075067472,4307.731843,700.884277,734.330872,0.0,0.0
320,4,0,0,197.371,51.0,22.9,0.005334189,69.7744679204272,12.05200195,0.0,-0.016298065,-0.274054766,2.099054766,4322.622869,708.555786,722.675476,0.0,0.0
321,4,0,0,197.5816,50.0,22.7,0.005317517,70.2730330677658,7.783813477,0.0,0.0,-0.329079866,2.154079866,4338.31327,703.59613,718.177795,0.0,0.0
322,4,0,0,191.6517,50.0,22.7,0.005294814,70.3395356958386,4.133605957,0.0,-0.010929291,-0.387795687,2.212795687,4352.721574,694.15979,717.03949,0.0,0.0
323,4,0,0,191.0585,50.0,22.6,0.00527041,69.9458961207926,0.0,0.0,0.00690271,-0.454927683,2.279927683,4369.101082,444.487396,1071.010986,0.0,0.0
324,4,0,0,186.8181,51.0,22.6,0.005258136,69.839896233583,7.959594727,0.0,0.018407227,-0.501087904,2.326087904,4383.322633,696.047302,726.739685,0.0,0.0
325,4,0,0,173.3523,51.0,22.4,0.005256486,70.0436904017706,7.300415039,0.0,0.014572388,-0.510424852,2.335424852,4399.450634,702.591919,726.061707,0.0,0.0
326,4,0,0,164.8642,51.0,22.4,0.005262875,69.897378478769,0.0,4.843139648,0.010737549,-0.491292238,2.316292238,4413.453974,751.056213,882.841797,0.0,0.0
327,4,0,0,163.8431,50.0,22.0,0.005275497,69.3697664342374,2.768554688,0.0,-0.005560516,-0.435394049,2.260394049,4429.379556,740.86792,888.199402,0.0,0.0
328,4,0,0,165.0111,50.0,22.0,0.005292925,69.3714881222628,5.58380127,0.0,-0.005560516,-0.372608423,2.197608423,4443.25155,379.811798,667.726501,0.0,0.0
329,4,0,0,166.0468,51.0,21.9,0.005325621,69.408972032686,5.58380127,0.0,-0.003259613,-0.323071241,2.148071241,4459.004826,697.152893,734.6026,0.0,0.0
330,4,0,0,167.3976,51.0,21.9,0.005368014,69.5144404836408,9.104919434,0.0,-0.004793549,-0.283672094,2.108672094,4472.760996,697.997803,726.419189,0.0,0.0
331,4,0,0,168.9246,51.0,21.8,0.00543374,69.9958275519128,10.07171631,0.0,0.0,-0.25060153,2.07560153,4488.37929,728.468811,833.071289,0.0,0.0
332,4,0,0,169.5433,51.0,21.8,0.005508412,70.3614719173624,9.632263184,0.0,-0.008628387,-0.227533102,2.052533102,4502.025502,706.083679,736.372498,0.0,0.0
333,4,0,0,170.9519,51.0,21.4,0.005610601,70.7063377239238,8.223266602,0.0,-0.004793549,-0.211959124,2.036959124,4517.601206,705.869812,738.213928,0.0,0.0
334,4,0,0,171.7446,51.0,21.4,0.005696418,70.9178788847232,7.915649414,0.0,-0.015531097,-0.211345434,2.036345434,4531.210887,690.364929,732.784607,0.0,0.0
335,4,0,0,172.3841,51.0,21.4,0.005750091,71.1871738507402,8.355102539,0.0,-0.007094452,-0.234040022,2.059040022,4546.724314,698.124329,722.033813,0.0,0.0
336,4,0,0,173.1902,51.0,21.4,0.00573343,71.27259596032,3.386535645,0.0,-0.005560516,-0.269764662,2.094764662,4560.295538,743.530029,894.002808,0.0,0.0
337,4,0,0,174.4957,51.0,21.4,0.00566246,71.0623502699404,3.386535645,0.0,-0.013997162,-0.316701651,2.141701651,4573.954822,701.532471,719.874084,0.0,0.0
338,4,0,0,175.1559,51.0,21.4,0.005549754,70.9451361797428,5.58380127,0.0,0.005368774,-0.38049531,2.20549531,4589.573734,660.030823,718.906189,0.0,0.0
339,4,0,0,176.1556,51.0,21.0,0.005458776,70.5807081534652,0.0,46.29821777,0.009203613,-0.447345972,2.272345972,4603.162129,698.221924,727.803772,0.0,0.0
340,4,0,0,176.8284,51.0,21.0,0.005385668,70.0638418008608,0.0,0.0,-0.000959,-0.501902819,2.326902819,4618.696845,718.267395,797.639099,0.0,0.0
341,4,0,0,178.0183,51.0,21.0,0.005346896,69.9266888892936,6.553344727,0.0,0.00690271,-0.532292128,2.357292128,4632.31662,703.714111,735.561279,0.0,0.0
342,4,0,0,178.7055,51.0,21.0,0.00531785,70.043114515545,6.465454102,0.0,0.012271484,-0.551364183,2.376364183,4647.788146,689.815308,726.313721,0.0,0.0
343,4,0,0,178.5332,51.0,21.0,0.005295817,70.1385263617738,6.333618164,0.0,0.012271484,-0.54873538,2.37373538,4661.273147,700.27771,715.86499,0.0,0.0
344,4,0,0,170.9519,52.0,21.0,0.00527512,70.225779272631,6.421508789,0.0,0.009203613,-0.516826391,2.341826391,4676.693855,693.514099,713.453003,0.0,0.0
345,4,0,0,166.4946,52.0,20.7,0.005269516,70.3080417971756,6.113891602,0.0,0.001533936,-0.46570611,2.29070611,4690.203225,692.711914,717.48938,0.0,0.0
346,4,0,0,159.8823,52.0,20.7,0.005286133,70.378488177292,5.806274414,0.0,0.001533936,-0.396099329,2.221099329,4705.73723,706.354492,766.638977,0.0,0.0
347,4,0,0,155.3229,52.0,20.8,0.005319659,70.4217056028662,5.806274414,0.0,-0.003259613,-0.329939127,2.154939127,4719.414126,726.720825,819.662903,0.0,0.0
348,4,0,0,156.5043,51.0,20.8,0.005364213,70.4622305221534,6.201782227,0.0,-0.010929291,-0.264134645,2.089134645,4735.122186,683.776611,726.883789,0.0,0.0
349,4,0,0,158.9219,52.0,20.8,0.005393513,70.5670893551162,6.773071289,0.0,-0.023200775,-0.220875502,2.045875502,4748.916961,698.235413,706.62323,0.0,0.0
350,4,0,0,160.9943,52.0,20.8,0.005409185,70.6877143770702,6.553344727,0.0,-0.015531097,-0.217558146,2.042558146,4764.081606,733.872009,777.272278,0.0,0.0
351,4,0,0,162.6916,52.0,20.8,0.005408117,70.7823640720618,6.509399414,0.0,-0.012463226,-0.251976728,2.076976728,4778.587457,693.015198,723.543274,0.0,0.0
352,4,0,0,164.1335,52.0,20.8,0.005397201,70.872128357989,6.421508789,0.0,-0.008628387,-0.313235521,2.138235521,4791.735292,691.787415,712.506714,0.0,0.0
353,4,0,0,163.6983,52.0,20.8,0.005380866,70.9488680782688,5.012512207,0.0,0.005368774,-0.408384562,2.233384562,4808.126272,697.029297,711.922485,0.0,0.0
354,4,0,0,158.3782,52.0,20.8,0.005368922,70.9499528538958,5.539855957,0.0,-0.001725677,-0.481766939,2.306766939,4821.144618,696.375916,710.70697,0.0,0.0
355,4,0,0,157.302,52.0,20.8,0.005362561,70.968243292677,6.026000977,0.0,0.010737549,-0.568851233,2.393851233,4837.331929,732.300903,792.991089,0.0,0.0
356,4,0,0,159.4693,52.0,20.8,0.005368164,71.0495211908228,6.992797852,0.0,0.012271484,-0.641495466,2.466495466,4850.296821,717.066101,725.542114,0.0,0.0
357,4,0,0,161.2747,51.0,20.8,0.005389655,71.3210839422074,10.81878662,0.0,0.018407227,-0.694028139,2.519028139,4866.528614,702.244324,712.136597,0.0,0.0
358,4,0,0,162.9779,51.0,20.8,0.005413869,71.7333665946154,11.21429443,0.0,0.009203613,-0.701619387,2.526619387,4879.53122,747.408508,894.221375,0.0,0.0
359,4,0,0,163.9882,51.0,20.8,0.005433164,72.1582153760784,7.212524414,0.0,0.009203613,-0.673851728,2.498851728,4895.80679,677.826599,722.391418,0.0,0.0
360,4,0,0,164.425,51.0,20.8,0.005441014,72.2906400145388,7.212524414,0.0,0.003067871,-0.629431009,2.454431009,4908.840019,693.494873,691.80011,0.0,0.0
361,4,0,0,165.0111,51.0,20.9,0.005444822,72.4456392675142,7.344360352,0.0,0.00690271,-0.557928324,2.382928324,4925.142734,756.500183,842.821777,0.0,0.0
362,4,0,0,166.0468,51.0,20.9,0.005442176,72.5604235118062,5.850219727,0.0,-0.001725677,-0.480600119,2.305600119,4938.196545,687.57373,717.30957,0.0,0.0
363,4,0,0,167.2465,52.0,20.9,0.005428466,72.093378350532,0.0,30.9173584,-0.030870453,-0.392695189,2.217695189,4953.889304,695.321716,714.583618,0.0,0.0
364,4,0,0,168.1577,52.0,20.9,0.0054096,71.7103501679902,6.465454102,0.0,0.005368774,-0.35868907,2.18368907,4967.642775,742.802917,870.551392,0.0,0.0
365,4,0,0,169.2334,51.0,21.2,0.005389897,71.9123215333202,7.520141602,0.0,-0.004793549,-0.344318151,2.169318151,4983.384629,690.66449,717.648804,0.0,0.0
366,4,0,0,169.8543,51.0,21.2,0.005381009,72.063552049977,7.476196289,0.0,-0.010162323,-0.339219332,2.164219332,4997.176506,694.245728,710.75531,0.0,0.0
367,4,0,0,170.6368,51.0,21.2,0.005381084,72.0545012183774,0.0,5.722045898,-0.004793549,-0.356375456,2.181375456,5012.942138,674.607727,831.147705,0.0,0.0
368,4,0,0,171.4266,51.0,21.2,0.00538564,71.577890011396,0.0,0.0,-0.007094452,-0.390015841,2.215015841,5026.741292,678.541321,432.905304,0.0,0.0
369,4,0,0,171.904,51.0,21.2,0.005389413,71.63586020847,7.827758789,0.0,-0.003259613,-0.439081907,2.264081907,5040.557534,0.0,0.0,0.0,0.0
370,4,0,0,173.1902,51.0,21.2,0.005393438,71.8115519850172,7.256469727,0.0,0.0,-0.501408815,2.326408815,5056.413296,688.898621,715.637573,0.0,0.0
371,4,0,0,173.8405,51.0,21.1,0.005401528,71.9541180243282,7.256469727,0.0,0.008436646,-0.561188936,2.386188936,5070.382123,691.413086,716.735779,0.0,0.0
372,4,0,0,174.6603,52.0,21.1,0.005420755,72.1034883692526,7.212524414,0.0,0.008436646,-0.61432004,2.43932004,5086.423823,0.0,0.0,0.0,0.0
373,4,0,0,175.1559,52.0,21.4,0.005447948,72.2405736080728,7.212524414,0.0,0.008436646,-0.643213511,2.468213511,5100.490919,688.632385,709.609802,0.0,0.0
374,4,0,0,176.6597,52.0,21.4,0.00548358,72.3905677331812,7.212524414,0.0,0.017640259,-0.655837774,2.480837774,5116.601497,709.66333,710.761719,0.0,0.0
375,4,0,0,177.1667,52.0,21.7,0.005507324,72.5238292284416,7.256469727,0.0,0.013038452,-0.641090631,2.466090631,5130.664303,698.898499,716.420898,0.0,0.0
376,4,0,0,178.1896,52.0,21.7,0.005522709,72.6643818707588,7.212524414,0.0,0.001533936,-0.593271017,2.418271017,5146.623784,695.011719,725.851807,0.0,0.0
377,4,0,0,178.7055,52.0,21.6,0.005531245,72.7887062181972,7.212524414,0.0,-0.030103485,-0.538261652,2.363261652,5160.595909,706.248108,719.956482,0.0,0.0
378,4,0,0,180.0958,52.0,21.6,0.005538723,72.894840533577,1.538085938,0.0,-0.063850067,-0.553138018,2.378138018,5176.604827,704.949097,712.640015,0.0,0.0
379,4,0,0,180.4468,52.0,21.8,0.005544481,72.753160999205,1.274414063,0.0,-0.060015228,-0.736359358,2.561359358,5190.619304,723.336426,711.931274,0.0,0.0
380,4,0,0,181.1529,52.0,21.8,0.005552584,72.4715380703596,5.982055664,0.0,0.001533936,-1.152406931,2.977406931,5206.535612,705.63208,721.655212,0.0,0.0
381,4,0,0,181.8645,52.0,22.1,0.005562637,72.5799371455478,7.783813477,0.0,-0.005560516,-1.591988325,3.416988325,5220.468694,737.271118,851.311218,0.0,0.0
382,4,0,0,182.4019,51.0,22.1,0.005575485,72.768873629361,7.959594727,0.0,0.026843872,1.520728111,3.954271889,5236.43209,714.047607,725.489319,0.0,0.0
383,4,0,0,182.9424,51.0,22.2,0.005579703,72.979133015224,8.574829102,0.0,0.023776001,1.169799805,4.305200195,5250.431121,750.048279,855.56781,0.0,0.0
384,4,0,0,183.3046,51.0,22.2,0.005570564,73.2298998751286,8.618774414,0.0,0.042183228,0.842065573,4.632934427,5266.464723,696.697388,722.628113,0.0,0.0
385,4,0,0,184.5836,51.0,22.1,0.005558558,73.7717791693754,16.36138916,0.0,0.032979614,0.638499737,4.836500263,5279.853878,744.178406,709.295227,0.0,0.0
386,4,0,0,183.1234,51.0,22.1,0.005554412,73.9150822864064,0.0,37.80212402,-0.010162323,0.498311281,4.976688719,5294.610701,732.677917,903.553772,0.0,0.0
387,4,0,0,181.686,51.0,22.3,0.005561151,73.334470700605,0.0,59.77478027,-0.039307098,0.340738297,5.134261703,5310.069977,691.148193,718.165771,0.0,0.0
388,4,0,0,180.7991,51.0,22.3,0.005569269,72.866044612957,0.0,18.90563965,-0.024734711,0.143968821,5.331031179,5324.88678,690.084595,730.51593,0.0,0.0
389,4,0,0,182.0433,51.0,22.5,0.005574189,72.2959058876726,0.0,0.0,0.038348389,-0.186033607,5.661033607,5340.403792,683.021179,734.348389,0.0,0.0
390,4,0,0,183.1234,51.0,22.5,0.005575186,71.9496222203844,7.915649414,0.0,0.019941162,-0.417060971,5.892060971,5355.221618,678.439392,730.446289,0.0,0.0
391,4,0,0,184.0333,51.0,22.6,0.005574694,72.144295615056,6.992797852,0.0,0.045251099,-0.627206087,6.102206087,5370.652339,673.264526,733.416687,0.0,0.0
392,4,0,0,184.3998,51.0,22.6,0.005571139,72.2739156888852,7.036743164,0.0,0.045251099,-0.736682653,6.211682653,5385.429485,739.493774,733.818604,0.0,0.0
393,4,0,0,185.5081,51.0,22.5,0.005561062,72.4014821161272,7.080688477,0.0,0.032212646,-0.711321473,6.186321473,5400.921794,706.793396,742.0401,0.0,0.0
394,4,0,0,186.4419,51.0,22.5,0.005549407,72.519196678878,7.036743164,0.0,-0.003259613,-0.603016496,6.078016496,5415.792585,764.334717,695.061584,0.0,0.0
395,4,0,0,187.0068,51.0,22.3,0.005538017,72.6489339126592,7.036743164,0.0,-0.049277679,-0.453181267,5.928181267,5431.404241,625.137024,726.519775,0.0,0.0
396,4,0,0,187.9558,51.0,22.3,0.005529898,72.5699010599068,0.0,0.0,-0.000959,-0.394261479,5.869261479,5446.466427,689.64679,713.191284,0.0,0.0
397,4,0,0,188.3381,51.0,22.5,0.005515334,72.1110654316538,2.109375,0.0,-0.000959,-0.385421395,5.860421395,5462.147967,689.847717,711.998108,0.0,0.0
398,4,0,0,188.9145,51.0,22.5,0.005491539,71.822542441465,5.276184082,0.0,-0.015531097,-0.37932086,5.85432086,5476.356616,721.483582,790.825073,0.0,0.0
399,4,0,0,189.3007,51.0,22.6,0.005454313,71.5258340744484,0.0,0.0,-0.007094452,-0.392413139,5.867413139,5492.468512,0.0,0.0,0.0,0.0
400,4,0,0,190.2732,51.0,22.6,0.005420778,71.0540689603552,0.0,0.0,0.0,-0.421357632,5.896357632,5506.470803,703.32489,701.052124,0.0,0.0
401,4,0,0,190.8615,51.0,22.5,0.005385643,70.516922397087,0.0,0.0,0.008436646,-0.459882975,5.934882975,5522.494208,567.458496,782.895325,0.0,0.0
402,4,0,0,191.4535,51.0,22.5,0.005357827,70.3944000598334,9.060974121,0.0,-0.008628387,-0.477035761,5.952035761,5536.540937,750.864014,817.800598,0.0,0.0
403,4,0,0,191.8502,50.0,22.3,0.00533549,70.6764765972512,6.421508789,0.0,0.001533936,-0.49625361,5.97125361,5550.611298,672.964478,692.356323,0.0,0.0
404,4,0,0,192.4483,50.0,22.3,0.005321879,70.7673807143268,6.948852539,0.0,0.009203613,-0.524454594,5.999454594,5566.72031,718.178528,706.298889,0.0,0.0
405,4,0,0,192.8492,50.0,22.5,0.005321357,70.9096832885864,7.080688477,0.0,0.001533936,-0.536285639,6.011285639,5580.841343,715.460876,704.427124,0.0,0.0
406,4,0,0,193.6558,50.0,22.5,0.005329976,70.6769111673314,5.627746582,0.0,0.003067871,-0.541751385,6.016751385,5596.962876,743.392273,843.526672,0.0,0.0
407,4,0,0,194.4693,50.0,22.4,0.005342325,70.6986800014018,5.58380127,0.0,-0.001725677,-0.541861057,6.016861057,5610.982112,731.319275,813.594971,0.0,0.0
408,4,0,0,194.8786,50.0,22.4,0.005359336,70.764102939362,6.377563477,0.0,0.003834839,-0.541896105,6.016896105,5626.940691,735.635315,839.779785,0.0,0.0
409,4,0,0,195.2896,50.0,22.2,0.005375435,70.8383906531244,6.026000977,0.0,0.003834839,-0.535029411,6.010029411,5640.833532,726.366821,715.547913,0.0,0.0
410,4,0,0,195.9094,50.0,22.2,0.005398439,70.8163897683194,0.0,1.327514648,-0.003259613,-0.518220425,5.993220425,5656.588965,738.236084,868.156006,0.0,0.0
411,4,0,0,196.5332,50.0,22.1,0.005426041,70.3461790835454,0.0,0.0,0.00690271,-0.502920866,5.977920866,5670.278933,669.729309,560.642212,0.0,0.0
412,4,0,0,197.1609,50.0,22.1,0.005464634,70.655490353036,10.027771,0.0,0.003067871,-0.480394721,5.955394721,5685.953618,735.59668,850.279785,0.0,0.0
413,4,0,0,197.7926,50.0,22.3,0.005499016,70.9936897583286,9.544372559,0.0,0.003067871,-0.456648588,5.931648588,5699.704907,0.0,0.0,0.0,0.0
414,4,0,0,198.2161,51.0,22.3,0.005526986,71.2888463997172,8.530883789,0.0,-0.001725677,-0.419650793,5.894650793,5715.450999,735.383423,845.262329,0.0,0.0
415,4,0,0,199.2826,51.0,22.2,0.005530839,71.5272244798348,7.388305664,0.0,0.0,-0.386917591,5.861917591,5729.205093,680.52301,707.208008,0.0,0.0
416,4,0,0,199.2826,51.0,22.2,0.005511239,71.5401973052012,0.0,1.181030273,-0.000959,-0.348187447,5.823187447,5744.914505,690.924194,714.498413,0.0,0.0
417,4,0,0,199.928,51.0,22.1,0.005482763,71.0434088692226,0.0,258.7005615,-0.004793549,-0.317077041,5.792077041,5758.668943,690.168823,716.460571,0.0,0.0
418,4,0,0,200.5777,51.0,22.1,0.005449442,70.5062840320444,0.0,105.6243896,0.005368774,-0.291373968,5.766373968,5774.407374,692.304871,702.730591,0.0,0.0
419,4,0,0,201.0131,51.0,22.0,0.005425078,70.0238947955676,0.0,48.34899902,-0.010929291,-0.264784694,5.739784694,5788.178042,741.443298,844.658997,0.0,0.0
420,4,0,0,201.6698,51.0,22.0,0.005403912,69.5465348592446,0.0,13.04626465,-0.010162323,-0.253355384,5.728355384,5801.218768,690.790222,710.001709,0.0,0.0
421,4,0,0,201.8897,51.0,22.2,0.005382305,69.2856539250826,7.783813477,0.0,0.0,-0.261218905,5.736218905,5817.558676,697.795288,713.487488,0.0,0.0
422,4,0,0,202.11,51.0,22.2,0.00536909,69.3576336199774,5.495910645,0.0,0.001533936,-0.271389008,5.746389008,5830.705909,695.366089,701.728821,0.0,0.0
423,4,0,0,202.9962,51.0,22.1,0.00536379,69.4550915006152,8.179321289,0.0,0.003067871,-0.28386271,5.75886271,5847.208012,697.030518,709.338806,0.0,0.0
424,4,0,0,203.4422,51.0,22.1,0.005368795,69.710152208387,8.530883789,0.0,0.0,-0.296115518,5.771115518,5860.455012,697.983398,717.114929,0.0,0.0
425,4,0,0,203.8902,51.0,22.0,0.005385361,70.0074280286876,8.399047852,0.0,0.0,-0.305471778,5.780471778,5876.984685,728.808411,787.797302,0.0,0.0
426,4,0,0,204.5659,51.0,22.0,0.005404948,70.2580402953918,8.618774414,0.0,0.003067871,-0.314012051,5.789012051,5890.111519,560.940613,773.492126,0.0,0.0
427,4,0,0,204.5659,51.0,22.2,0.005426697,70.5814117247264,9.324645996,0.0,0.003834839,-0.32082653,5.79582653,5906.393982,641.401978,681.723022,0.0,0.0
428,4,0,0,205.9308,51.0,22.2,0.005442881,70.903697976099,9.456481934,0.0,0.0,-0.318492293,5.793492293,5919.319903,739.079102,833.092896,0.0,0.0
429,4,0,0,205.9308,51.0,22.3,0.005456588,71.2644321647416,9.500427246,0.0,-0.000959,-0.313408494,5.788408494,5935.369955,710.405029,704.584595,0.0,0.0
430,4,0,0,206.8509,51.0,22.3,0.005462815,71.584766801683,9.412536621,0.0,-0.000959,-0.310529232,5.785529232,5948.210774,674.181274,721.79248,0.0,0.0
431,4,0,0,207.5464,51.0,22.2,0.005462052,71.9240928898162,8.841247559,0.0,0.003067871,-0.310250759,5.785250759,5964.275132,689.593323,719.840881,0.0,0.0
432,4,0,0,207.5464,51.0,22.2,0.005456203,72.1476479990232,8.355102539,0.0,0.0,-0.308407545,5.783407545,5977.170225,719.875,748.820007,0.0,0.0
433,4,0,0,208.481,51.0,22.1,0.005449251,72.3736661870068,8.047485352,0.0,0.0,-0.304165363,5.779165363,5993.358523,741.810791,849.868591,0.0,0.0
434,4,0,0,208.9515,52.0,22.1,0.005445447,72.5806116038484,8.486938477,0.0,0.003067871,-0.300032854,5.775032854,6006.363675,743.714417,868.05249,0.0,0.0
435,4,0,0,209.4241,52.0,22.3,0.005440508,72.838103654212,8.797302246,0.0,0.003067871,-0.289570451,5.764570451,6022.695552,689.361023,712.130005,0.0,0.0
436,4,0,0,209.6612,52.0,22.3,0.005432668,72.9561764882336,0.0,52.15759277,-0.001725677,-0.273662806,5.748662806,6035.8275,706.335815,701.323608,0.0,0.0
437,4,0,0,210.8548,51.0,22.4,0.005422984,72.4691648571286,0.0,264.1204834,-0.012463226,-0.259696245,5.734696245,6049.680846,0.0,0.0,0.0,0.0
438,4,0,0,211.0952,51.0,22.4,0.005413302,71.9195085882658,0.0,94.49157715,-0.003259613,-0.261550426,5.736550426,6065.593296,649.79303,720.232483,0.0,0.0
439,4,0,0,211.5775,51.0,22.3,0.005408133,71.4456603444766,0.0,7.919311523,0.0,-0.28530395,5.76030395,6079.581417,681.174927,726.312927,0.0,0.0
440,4,0,0,212.0621,51.0,22.3,0.005406504,71.2374312053972,5.58380127,0.0,0.001533936,-0.31576705,5.79076705,6095.625606,713.585693,432.990906,0.0,0.0
441,4,0,0,212.0621,51.0,22.2,0.005405151,71.008319721093,0.0,10.9954834,0.001533936,-0.337648988,5.812648988,6109.70892,711.441528,774.464172,0.0,0.0
442,4,0,0,213.0379,51.0,22.2,0.005399255,70.5660777883658,5.58380127,0.0,0.0,-0.358618617,5.833618617,6125.859269,735.53949,862.097778,0.0,0.0
443,4,0,0,213.5292,51.0,22.4,0.005393857,70.5836657985172,5.58380127,0.0,0.0,-0.374418497,5.849418497,6140.041032,697.879028,710.442993,0.0,0.0
444,4,0,0,214.0228,51.0,22.4,0.005395387,70.5962161721336,5.58380127,0.0,0.003067871,-0.393311739,5.868311739,6156.18371,707.584412,749.111023,0.0,0.0
445,4,0,0,214.5186,51.0,22.5,0.00540303,70.502922024224,0.0,41.90368652,0.001533936,-0.406689167,5.881689167,6170.19976,717.515686,853.377014,0.0,0.0
446,4,0,0,214.7674,51.0,22.5,0.005409203,70.0435932298214,7.608032227,0.0,-0.007094452,-0.412454009,5.887454009,6186.094851,676.523926,703.942505,0.0,0.0
447,4,0,0,215.2667,51.0,22.4,0.005405138,70.2031468667166,0.0,0.0,0.005368774,-0.42479229,5.89979229,6199.945577,696.111389,713.586487,0.0,0.0
448,4,0,0,216.2723,51.0,22.4,0.005392344,69.7271463237982,5.58380127,0.0,-0.000959,-0.434037089,5.909037089,6215.723565,703.615112,725.828613,0.0,0.0
449,4,0,0,216.02,51.0,22.2,0.005383908,69.936634385186,8.709411621,0.0,-0.000959,-0.43022275,5.90522275,6229.448984,692.615723,724.533691,0.0,0.0
450,4,0,0,216.5252,51.0,22.2,0.005386904,70.126351511553,5.58380127,0.0,0.003834839,-0.426879406,5.901879406,6245.134104,676.054321,719.704102,0.0,0.0
451,4,0,0,217.2874,51.0,22.4,0.005399757,69.75284389477,0.0,0.0,0.005368774,-0.41900003,5.89400003,6258.861214,740.166016,850.357483,0.0,0.0
452,4,0,0,218.312,51.0,22.4,0.005417731,69.6140045075366,2.94708252,0.0,0.0,-0.399815202,5.874815202,6272.5428,708.762817,719.458191,0.0,0.0
453,4,0,0,218.0549,51.0,22.6,0.005447612,69.161210760072,5.715637207,0.0,0.001533936,-0.369301438,5.844301438,6288.127047,708.093994,715.279297,0.0,0.0
454,4,0,0,218.828,51.0,22.6,0.005488888,69.3974007493388,8.267211914,0.0,0.001533936,-0.337612867,5.812612867,6301.728848,698.142517,720.156128,0.0,0.0
455,4,0,0,219.3463,51.0,22.7,0.00555048,69.443755905111,7.168579102,0.0,0.003067871,-0.296303749,5.771303749,6317.245727,0.0,0.0,0.0,0.0
456,4,0,0,219.6065,51.0,22.7,0.005601086,69.8545126135178,9.851989746,0.0,0.003067871,-0.250721693,5.725721693,6330.872299,698.31427,725.272278,0.0,0.0
457,4,0,0,219.8672,51.0,22.5,0.00563148,70.2058589908582,8.973083496,0.0,0.013038452,-0.189134717,5.664134717,6346.398893,692.055603,723.015503,0.0,0.0
458,4,0,0,220.3905,51.0,22.5,0.005626705,70.4800768313748,8.662719727,0.0,0.013038452,-0.117914557,5.592914557,6359.930403,738.65979,812.44397,0.0,0.0
459,4,0,0,234.4556,51.0,22.7,0.005599193,70.7881348434338,9.060974121,0.0,0.017640259,-0.00118804,5.47618804,6375.317024,746.137573,827.455078,0.0,0.0
460,4,0,0,234.5381,51.0,22.7,0.005570494,71.087102788184,9.368591309,0.0,0.055988647,0.146808982,5.328191018,6388.810745,678.776917,718.83313,0.0,0.0
461,4,0,0,235.1171,51.0,22.8,0.00554076,71.4214856758534,9.412536621,0.0,0.032979614,0.440526962,5.034473038,6403.613917,728.011597,722.702515,0.0,0.0
462,4,0,0,235.699,51.0,22.8,0.005522558,71.719310361561,9.368591309,0.0,0.032979614,0.782157183,4.692842817,6417.862283,673.513489,713.375305,0.0,0.0
463,4,0,0,236.2837,51.0,22.9,0.005514512,71.7469670143016,3.82598877,0.0,0.0,1.232893467,4.242106533,6432.832584,659.156616,738.236816,0.0,0.0
464,4,0,0,236.4513,52.0,22.9,0.005514191,71.6684669174628,6.026000977,0.0,0.003067871,1.691483498,3.783516502,6447.217354,698.927795,722.957703,0.0,0.0
465,4,0,0,237.293,52.0,23.0,0.005509768,71.7837689186196,7.036743164,0.0,0.001533936,-1.388137102,3.213137102,6462.325441,703.243408,743.872803,0.0,0.0
466,4,0,0,237.293,52.0,23.0,0.005495083,71.9493271157086,8.486938477,0.0,-0.034705292,-0.928179026,2.753179026,6476.845874,698.062195,726.405396,0.0,0.0
467,4,0,0,238.0556,52.0,23.1,0.005472186,72.2272821011996,8.885192871,0.0,-0.147449554,-0.458956957,2.283956957,6492.097818,695.876587,731.9245,0.0,0.0
468,4,0,0,238.3109,52.0,23.1,0.005464368,72.4916519074542,11.21429443,0.0,-0.092994843,-0.30615449,2.13115449,6506.714753,685.490723,722.854919,0.0,0.0
469,4,0,0,238.7376,52.0,23.2,0.005480344,72.9152704289542,6.948852539,0.0,-0.063850067,-0.407562017,2.232562017,6520.64227,697.750183,754.064392,0.0,0.0
470,4,0,0,239.4235,52.0,23.2,0.005521792,72.4790552653128,0.0,140.7806396,0.06212439,-0.697269678,2.522269678,6536.582877,691.496887,749.656921,0.0,0.0
471,4,0,0,239.5956,52.0,23.3,0.005561559,71.9981159958958,0.0,263.6810303,0.092803101,-0.938020468,2.763020468,6550.569891,693.732422,757.746277,0.0,0.0
472,4,0,0,239.2516,52.0,23.3,0.005595164,71.4665855142388,0.0,263.973999,0.065192261,-0.966212988,2.791212988,6566.624183,741.660522,888.734314,0.0,0.0
473,4,0,0,233.9619,52.0,23.3,0.005612111,70.9752032214684,0.0,263.973999,-0.012463226,-0.807424307,2.632424307,6580.747656,746.281128,904.382324,0.0,0.0
474,4,0,0,230.5635,52.0,23.3,0.005625908,70.455837644311,0.0,186.4837646,-0.040074066,-0.599914789,2.424914789,6596.239286,700.019287,720.912109,0.0,0.0
475,4,0,0,230.6433,52.0,23.4,0.005641127,69.9907728885606,0.0,103.8665771,-0.030103485,-0.510390043,2.335390043,6610.947458,744.408325,905.38147,0.0,0.0
476,4,0,0,231.7658,52.0,23.4,0.005666902,69.4608942334796,0.0,0.0,-0.008628387,-0.499291182,2.324291182,6626.206831,685.426819,737.464111,0.0,0.0
477,4,0,0,232.3312,53.0,23.5,0.005697238,69.6392663818902,11.30218506,0.0,-0.012463226,-0.531141996,2.356141996,6640.688554,0.0,0.0,0.0,0.0
478,4,0,0,232.9808,53.0,23.5,0.005735288,70.0311060067066,7.959594727,0.0,0.014572388,-0.598371744,2.423371744,6655.712369,700.023499,727.769104,0.0,0.0
479,4,0,0,233.7978,53.0,23.5,0.005757663,70.216763428083,6.597290039,0.0,-0.001725677,-0.631118059,2.456118059,6669.973367,694.461914,733.858521,0.0,0.0
480,4,0,0,234.1262,53.0,23.5,0.005755562,70.293584468313,6.026000977,0.0,0.010737549,-0.64674449,2.47174449,6684.775019,686.90509,714.3349,0.0,0.0
481,4,0,0,235.0342,53.0,23.3,0.005734082,70.3488838208164,5.982055664,0.0,-0.019365936,-0.650172472,2.475172472,6698.970488,762.67627,887.3172,0.0,0.0
482,4,0,0,235.3661,53.0,23.3,0.005703173,70.4014485827918,5.850219727,0.0,0.017640259,-0.674041033,2.499041033,6713.884946,693.933105,740.861206,0.0,0.0
483,4,0,0,235.699,53.0,23.0,0.005678106,70.4511560420642,5.982055664,0.0,0.032212646,-0.696347952,2.521347952,6728.190353,696.690125,721.215881,0.0,0.0
484,4,0,0,235.8657,53.0,23.0,0.005652408,70.4935678642212,5.539855957,0.0,-0.007094452,-0.657369852,2.482369852,6743.162559,738.494324,882.056274,0.0,0.0
485,4,0,0,234.6206,53.0,22.8,0.005629405,70.4357300353622,0.0,0.0,0.003067871,-0.599006891,2.424006891,6756.844701,696.428894,724.640503,0.0,0.0
486,4,0,0,233.9619,53.0,22.8,0.00559938,69.9688139753428,0.0,92.4407959,0.0,-0.535155058,2.360155058,6770.536336,783.773193,699.621704,0.0,0.0
487,4,0,0,234.6206,53.0,23.0,0.005552686,69.4393063053186,0.0,239.9505615,-0.005560516,-0.460768461,2.285768461,6786.196544,693.950989,711.731506,0.0,0.0
488,4,0,0,235.1171,52.0,23.0,0.005509271,68.9825244041198,0.0,4.843139648,-0.007094452,-0.407159567,2.232159567,6799.90251,736.35022,908.249329,0.0,0.0
489,4,0,0,235.6157,52.0,22.8,0.005468582,68.8676291153678,8.003540039,0.0,-0.001725677,-0.368982553,2.193982553,6815.481044,716.684509,703.75647,0.0,0.0
490,4,0,0,236.0328,52.0,22.8,0.005444971,69.082055774507,7.871704102,0.0,-0.005560516,-0.346698999,2.171698999,6829.00755,687.94281,705.081787,0.0,0.0
491,4,0,0,236.2837,52.0,22.6,0.005432415,69.3295407556298,7.827758789,0.0,-0.000959,-0.330056906,2.155056906,6844.348996,707.776001,720.794189,0.0,0.0
492,4,0,0,236.7873,52.0,22.6,0.005431413,69.4721429246238,5.58380127,0.0,-0.001725677,-0.324051619,2.149051619,6857.738463,691.093079,718.250793,0.0,0.0
493,4,0,0,236.6192,52.0,22.4,0.005436847,69.543698494055,6.992797852,0.0,-0.004793549,-0.320441008,2.145441008,6873.09652,696.577515,724.924927,0.0,0.0
494,4,0,0,233.1437,52.0,22.4,0.005444788,69.6928626986188,7.124633789,0.0,-0.003259613,-0.322242975,2.147242975,6886.583508,703.024109,760.806885,0.0,0.0
495,4,0,0,205.2461,52.0,22.3,0.005455422,69.8550451280304,6.904907227,0.0,-0.001725677,-0.333218336,2.158218336,6902.024338,703.082886,909.071289,0.0,0.0
496,4,0,0,193.4535,52.0,22.3,0.005467309,69.978994869397,6.729125977,0.0,-0.003259613,-0.347235441,2.172235441,6915.556236,704.202698,707.315491,0.0,0.0
497,4,0,0,185.1372,52.0,22.2,0.005492961,70.1132287439788,6.641235352,0.0,-0.003259613,-0.371095896,2.196095896,6931.059512,707.014587,710.298401,0.0,0.0
498,4,0,0,182.9424,53.0,22.2,0.005534668,70.2341708220062,7.212524414,0.0,-0.003259613,-0.398597956,2.223597956,6944.65552,730.158508,700.31012,0.0,0.0
499,4,0,0,184.9523,53.0,22.1,0.005607591,70.41385857368,7.300415039,0.0,-0.000959,-0.438470125,2.263470125,6960.225051,612.11377,796.994507,0.0,0.0
500,4,0,0,187.0068,53.0,22.1,0.005687797,70.6070736970974,8.355102539,0.0,0.001533936,-0.478317499,2.303317499,6973.87534,624.351013,934.63147,0.0,0.0
501,4,0,0,188.9145,53.0,22.3,0.005778764,70.8403443918844,7.783813477,0.0,0.001533936,-0.515853643,2.340853643,6989.515323,672.562073,650.96521,0.0,0.0
502,4,0,0,189.6885,54.0,22.3,0.00583007,71.0170740800778,7.564086914,0.0,0.0,-0.547109365,2.372109365,7003.241762,0.0,0.0,0.0,0.0
503,4,0,0,191.0585,55.0,22.1,0.005830745,71.1500114220754,0.0,3.085327148,0.001533936,-0.578284502,2.403284502,7017.012692,741.738586,910.422729,0.0,0.0
504,4,0,0,191.6517,55.0,22.1,0.005767894,70.6050291915614,0.0,111.7767334,0.017640259,-0.613318205,2.438318205,7032.797723,698.739807,721.596497,0.0,0.0
505,4,0,0,192.4483,56.0,21.7,0.005680461,70.1571915514674,0.0,0.0,0.013038452,-0.627012491,2.452012491,7046.601889,695.672119,709.557007,0.0,0.0
506,4,0,0,193.0502,56.0,21.7,0.005573945,70.0822621616602,5.894165039,0.0,0.009203613,-0.620850801,2.445850801,7062.259275,710.814819,700.038025,0.0,0.0
507,4,0,0,194.4693,56.0,21.4,0.005489881,70.0952079983948,5.40802002,0.0,0.014572388,-0.591249704,2.416249704,7075.880775,716.185913,704.840393,0.0,0.0
508,4,0,0,194.2653,56.0,21.4,0.005409503,70.1186938212178,5.58380127,0.0,-0.000959,-0.521094084,2.346094084,7091.455826,696.100525,727.931885,0.0,0.0
509,4,0,0,195.7024,56.0,21.3,0.005352712,70.142104697077,5.539855957,0.0,-0.025501678,-0.448669672,2.273669672,7104.438509,691.253601,707.147827,0.0,0.0
510,4,0,0,196.5332,56.0,21.3,0.005300112,70.1682886266902,5.58380127,0.0,0.019941162,-0.406020403,2.231020403,7120.673049,0.0,0.0,0.0,0.0
511,4,0,0,197.7926,56.0,21.3,0.005260095,70.1928151453176,5.58380127,0.0,0.008436646,-0.378352404,2.203352404,7133.666004,721.869873,691.635498,0.0,0.0
512,4,0,0,198.0041,56.0,21.3,0.005216278,70.384225313458,8.753356934,0.0,0.017640259,-0.317177534,2.142177534,7149.915193,732.954895,687.676086,0.0,0.0
513,4,0,0,198.8546,56.0,21.0,0.005175215,70.6488470940764,9.017028809,0.0,-0.015531097,-0.246837378,2.071837378,7162.952526,698.351685,692.761292,0.0,0.0
514,4,0,0,199.4973,56.0,21.0,0.00512418,70.9524333135444,9.017028809,0.0,-0.020132904,-0.183391333,2.008391333,7179.324252,735.407227,914.069885,0.0,0.0
515,4,0,0,201.0131,56.0,20.7,0.005082282,71.2009678901218,8.841247559,0.0,-0.008628387,-0.162876368,1.987876368,7192.481921,695.37793,708.913391,0.0,0.0
516,4,0,0,201.2315,56.0,20.7,0.005045859,71.2905119700568,0.0,0.0,-0.004793549,-0.173909426,1.998909426,7208.981781,734.805725,918.1828,0.0,0.0
517,4,0,0,199.4973,56.0,20.7,0.005026401,70.8304006340792,0.0,0.0,-0.005560516,-0.194670439,2.019670439,7222.116849,708.990479,700.904907,0.0,0.0
518,4,0,0,193.0502,56.0,20.7,0.005017106,70.6526136255992,8.618774414,0.0,0.003834839,-0.236480474,2.061480474,7238.474002,697.582092,696.664673,0.0,0.0
519,4,0,0,189.1074,56.0,20.4,0.005018844,71.0132534425442,7.124633789,0.0,-0.007094452,-0.281716585,2.106716585,7251.620259,692.488708,713.904724,0.0,0.0
520,4,0,0,174.9904,56.0,20.4,0.005027103,71.0736728780708,5.627746582,0.0,0.005368774,-0.336932898,2.161932898,7265.440034,798.63562,709.32251,0.0,0.0
521,4,0,0,164.7175,57.0,20.2,0.005038007,71.0920847576484,0.0,0.0,0.00690271,-0.402059317,2.227059317,7281.213079,677.336182,707.460083,0.0,0.0
522,4,0,0,161.2747,57.0,20.2,0.005046652,70.8082156085914,6.948852539,0.0,0.001533936,-0.445028067,2.270028067,7294.990983,663.381714,712.294495,0.0,0.0
523,4,0,0,159.8823,57.0,20.3,0.005058317,70.9278420350754,5.627746582,0.0,0.005368774,-0.488725424,2.313725424,7310.753705,663.898682,704.769897,0.0,0.0
524,4,0,0,162.5488,57.0,20.3,0.005069101,70.9471267723888,5.671691895,0.0,0.00690271,-0.519030333,2.344030333,7324.553459,681.465271,712.603394,0.0,0.0
525,4,0,0,164.7175,57.0,20.4,0.005079763,71.0137606260452,7.256469727,0.0,0.014572388,-0.533867598,2.358867598,7340.358175,737.041687,922.195923,0.0,0.0
526,4,0,0,167.0955,57.0,20.4,0.005089139,71.1668757764024,7.520141602,0.0,0.013038452,-0.519614935,2.344614935,7354.225234,732.764526,903.512512,0.0,0.0
527,4,0,0,168.617,56.0,20.4,0.005101653,71.3454217657198,7.608032227,0.0,0.012271484,-0.474863291,2.299863291,7370.116741,739.825317,891.471313,0.0,0.0
528,4,0,0,168.3105,56.0,20.4,0.005114759,71.4948664621522,7.651977539,0.0,-0.007094452,-0.41250968,2.23750968,7384.05836,731.672607,890.601929,0.0,0.0
529,4,0,0,168.4636,56.0,20.5,0.005133077,71.6802347977844,7.564086914,0.0,-0.003259613,-0.338167429,2.163167429,7399.925062,709.311584,736.15979,0.0,0.0
530,4,0,0,169.6986,56.0,20.5,0.005151299,71.585880304029,0.0,23.59313965,-0.000959,-0.277628183,2.102628183,7413.707984,711.825989,791.873291,0.0,0.0
531,4,0,0,171.2681,56.0,20.5,0.005171761,71.0599511141486,0.0,54.50134277,-0.010929291,-0.218734026,2.043734026,7429.505481,706.998718,742.528015,0.0,0.0
532,4,0,0,172.2238,56.0,20.5,0.005188276,70.80835528321,9.148864746,0.0,-0.013997162,-0.188122034,2.013122034,7443.43581,705.87677,735.407471,0.0,0.0
533,4,0,0,173.5147,56.0,20.9,0.005205208,71.3380365366466,11.70043945,0.0,-0.016298065,-0.188876867,2.013876867,7459.469659,722.219116,702.860291,0.0,0.0
534,4,0,0,174.4957,56.0,20.9,0.005212597,71.7820304773648,11.30218506,0.0,0.001533936,-0.222502947,2.047502947,7473.546974,679.792114,715.847778,0.0,0.0
535,4,0,0,175.4879,56.0,20.9,0.005204372,72.2792853322622,11.03851318,0.0,0.009203613,-0.271405458,2.096405458,7489.568124,776.806885,690.031189,0.0,0.0
536,4,0,0,176.3233,56.0,20.9,0.0051859,72.404136915578,0.0,4.403686523,-0.000959,-0.29298377,2.11798377,7503.613266,685.681396,430.127014,0.0,0.0
537,4,0,0,176.9974,56.0,20.9,0.005169443,72.0507039162738,7.124633789,0.0,0.009203613,-0.307156324,2.132156324,7517.684909,727.252319,938.732178,0.0,0.0
538,4,0,0,177.8473,56.0,20.9,0.005163956,72.221929693854,7.212524414,0.0,0.008436646,-0.309198618,2.134198618,7533.783816,743.958008,903.012573,0.0,0.0
539,4,0,0,179.2243,56.0,21.2,0.005166372,72.3478090660674,7.124633789,0.0,0.0,-0.284197569,2.109197569,7547.785813,690.920471,713.518494,0.0,0.0
540,4,0,0,179.7462,57.0,21.2,0.005165894,72.4884750863876,7.212524414,0.0,-0.003259613,-0.249002218,2.074002218,7563.664967,729.217285,695.763306,0.0,0.0
541,4,0,0,180.6228,57.0,21.2,0.005159574,72.194655887006,0.0,164.9505615,-0.003259613,-0.222027063,2.047027063,7577.452011,694.908997,913.026428,0.0,0.0
542,4,0,0,181.508,57.0,21.2,0.005149957,71.6303005503192,0.0,236.1419678,-0.017832001,-0.199613333,2.024613333,7593.087299,686.690979,710.896118,0.0,0.0
543,4,0,0,182.4019,57.0,21.2,0.005144581,71.1750459610606,0.0,31.94274902,-0.030870453,-0.20838666,2.03338666,7606.66319,697.195313,697.543823,0.0,0.0
544,4,0,0,183.3046,57.0,21.2,0.005143369,70.6188072019166,0.0,18.6126709,0.003067871,-0.297269583,2.122269583,7622.059602,745.759216,882.231384,0.0,0.0
545,4,0,0,184.0333,57.0,21.4,0.005145174,70.1353889695372,0.0,17.00134277,0.00690271,-0.407474279,2.232474279,7635.428128,682.354492,697.271729,0.0,0.0
546,4,0,0,184.9523,57.0,21.4,0.005151389,69.6055836681734,0.0,17.58728027,0.012271484,-0.51791358,2.34291358,7650.617688,685.111084,717.900574,0.0,0.0
547,4,0,0,185.6941,58.0,21.4,0.005163327,69.1303552222134,0.0,23.3001709,0.023009033,-0.577624083,2.402624083,7663.938134,688.578186,708.071289,0.0,0.0
548,4,0,0,186.8181,58.0,21.4,0.005189097,68.6077628861692,0.0,9.384155273,0.001533936,-0.584846735,2.409846735,7679.211364,675.431274,744.846008,0.0,0.0
549,4,0,0,187.1958,58.0,21.4,0.005226817,68.3153775282606,5.894165039,0.0,0.010737549,-0.56339097,2.38839097,7692.617708,694.799316,698.056274,0.0,0.0
550,4,0,0,188.3381,58.0,21.4,0.005287945,68.5480996473218,7.476196289,0.0,0.013038452,-0.521684885,2.346684885,7707.346707,701.886292,711.335022,0.0,0.0
551,4,0,0,188.1468,59.0,21.3,0.005351414,68.735895913745,7.388305664,0.0,0.012271484,-0.460527658,2.285527658,7721.461654,700.427612,754.885315,0.0,0.0
552,4,0,0,189.3007,59.0,21.3,0.005426605,68.9495507495136,7.651977539,0.0,0.005368774,-0.362682104,2.187682104,7736.231088,702.107727,715.467896,0.0,0.0
553,4,0,0,190.4689,60.0,21.3,0.005489395,69.1481375762632,7.388305664,0.0,0.001533936,-0.253494024,2.078494024,7750.377795,728.111389,851.126221,0.0,0.0
554,4,0,0,191.0585,60.0,21.3,0.005546667,69.2845544079012,5.671691895,0.0,-0.019365936,-0.142026663,1.967026663,7763.257976,699.946899,715.704407,0.0,0.0
555,4,0,0,192.0492,60.0,21.6,0.005602548,69.3335983362916,5.982055664,0.0,-0.070752777,-0.07364583,1.89864583,7779.38674,704.297119,722.80719,0.0,0.0
556,4,0,0,192.8492,60.0,21.6,0.005636158,69.4187669909148,6.289672852,0.0,-0.052345551,-0.161918879,1.986918879,7792.312873,680.88269,717.706909,0.0,0.0
557,4,0,0,193.4535,60.0,21.8,0.005647948,69.5403146635842,6.333618164,0.0,0.012271484,-0.414148092,2.239148092,7808.492287,698.596313,729.358887,0.0,0.0
558,4,0,0,194.4693,60.0,21.8,0.005638181,69.635760466887,6.465454102,0.0,0.065192261,-0.650665522,2.475665522,7821.369065,737.007202,900.356201,0.0,0.0
559,4,0,0,195.4958,61.0,21.7,0.00561686,69.756107394889,6.509399414,0.0,0.049085938,-0.757661581,2.582661581,7837.468293,687.990601,445.895813,0.0,0.0
560,4,0,0,195.7024,63.0,21.7,0.005597133,69.8671470751492,6.685180664,0.0,0.008436646,-0.714622259,2.539622259,7850.44801,695.946411,735.480774,0.0,0.0
561,4,0,0,196.742,64.0,21.7,0.005581794,69.8275157579904,0.0,67.09899902,-0.008628387,-0.608547926,2.433547926,7866.139373,691.386414,738.764099,0.0,0.0
562,4,0,0,197.1609,65.0,21.7,0.005574732,69.3662497527496,1.450195313,0.0,-0.005560516,-0.538336515,2.363336515,7879.964455,697.213928,737.10321,0.0,0.0
563,4,0,0,198.4284,65.0,21.6,0.005552931,69.7341290891242,11.30218506,0.0,0.019941162,-0.474970102,2.299970102,7895.815472,690.968811,732.311829,0.0,0.0
564,4,0,0,198.4284,65.0,21.6,0.005503818,70.1982311698734,11.21429443,0.0,0.032979614,-0.412581682,2.237581682,7909.675995,720.769897,709.908325,0.0,0.0
565,4,0,0,199.2826,65.0,21.2,0.005422266,70.7202960769194,11.25823975,0.0,-0.070752777,-0.292234182,2.117234182,7925.437272,699.825928,708.239929,0.0,0.0
566,4,0,0,200.1441,65.0,21.2,0.005350942,71.1463548406614,8.841247559,0.0,-0.043141937,-0.292521715,2.117521715,7939.263403,746.290771,905.33313,0.0,0.0
567,4,0,0,200.7951,65.0,20.9,0.005284118,71.3517551462624,7.124633789,0.0,0.023009033,-0.435602903,2.260602903,7955.065754,809.427185,693.828125,0.0,0.0
568,4,0,0,200.1441,65.0,20.9,0.0052398,71.3459740429276,0.0,0.0,0.018407227,-0.545320272,2.370320272,7968.82611,687.43689,708.327698,0.0,0.0
569,4,0,0,195.4958,65.0,20.3,0.005204263,70.8592270677856,5.539855957,0.0,0.021475098,-0.596536875,2.421536875,7982.591129,689.958496,704.633972,0.0,0.0
570,4,0,0,194.6737,65.0,20.3,0.005163696,71.098251651968,7.256469727,0.0,0.021475098,-0.594215155,2.419215155,7998.333404,691.659302,732.369385,0.0,0.0
571,4,0,0,195.2896,65.0,19.5,0.005123076,71.1402583549668,5.58380127,0.0,0.001533936,-0.542533636,2.367533636,8012.114039,691.486328,715.103821,0.0,0.0
572,4,0,0,195.7024,65.0,19.5,0.005074403,70.8683050650444,0.0,0.0,0.013038452,-0.458116293,2.283116293,8027.85511,728.791687,706.544495,0.0,0.0
573,4,0,0,196.742,65.0,18.5,0.005036335,70.7511923954536,7.608032227,0.0,0.003834839,-0.371741533,2.196741533,8041.597123,712.138123,708.249695,0.0,0.0
574,4,0,0,197.7926,65.0,18.5,0.005005208,70.8341026149746,5.715637207,0.0,-0.013997162,-0.255491018,2.080491018,8057.2136,721.1875,887.04541,0.0,0.0
575,4,0,0,198.6413,65.0,17.2,0.004991686,70.8593262675032,5.715637207,0.0,-0.025501678,-0.175914049,2.000914049,8070.817687,693.463196,725.205811,0.0,0.0
576,4,0,0,199.4973,65.0,17.2,0.004988682,70.8897057143096,5.58380127,0.0,-0.012463226,-0.13708663,1.96208663,8086.39916,696.677612,721.962097,0.0,0.0
577,4,0,0,200.3606,65.0,15.8,0.004989719,70.7757402056492,3.694152832,0.0,-0.030103485,-0.157674551,1.982674551,8100.060263,706.06958,708.996094,0.0,0.0
578,4,0,0,195.7024,65.0,15.8,0.004989972,70.599574237071,0.0,0.0,-0.016298065,-0.251494169,2.076494169,8115.693957,696.806091,717.368225,0.0,0.0
579,4,0,0,194.2653,64.0,14.5,0.004993406,70.1106327498116,0.0,0.0,-0.000959,-0.380306959,2.205306959,8129.35349,676.222473,711.966003,0.0,0.0
580,4,0,0,189.6885,63.0,14.5,0.005010497,70.0089600399006,7.168579102,0.0,0.021475098,-0.555303335,2.380303335,8144.852853,707.360474,728.170776,0.0,0.0
581,4,0,0,163.1215,63.0,13.4,0.005040747,70.1530803797836,6.729125977,0.0,0.02761084,-0.668514967,2.493514967,8158.392812,718.693787,717.925781,0.0,0.0
582,4,0,0,138.2743,63.0,13.4,0.005086844,70.2860293734028,6.685180664,0.0,0.032979614,-0.709913492,2.534913492,8173.90716,703.63739,722.637695,0.0,0.0
583,4,0,0,125.8685,63.0,12.3,0.005123695,70.3607268895028,5.58380127,0.0,0.019941162,-0.668727636,2.493727636,8187.514714,703.573792,730.198914,0.0,0.0
584,4,0,0,123.0254,63.0,12.3,0.005146092,70.2385693252536,0.0,0.0,0.010737549,-0.558162928,2.383162928,8203.098087,671.878906,702.609375,0.0,0.0
585,4,0,0,124.8502,63.0,11.7,0.005148249,69.7577655139844,0.0,0.0,0.003834839,-0.422061205,2.247061205,8216.066569,567.653809,952.326599,0.0,0.0
586,4,0,0,129.0256,63.0,11.7,0.005142214,69.607203774658,6.992797852,0.0,-0.017832001,-0.271518946,2.096518946,8230.265371,713.629028,897.212891,0.0,0.0
587,4,0,0,132.6295,63.0,11.1,0.005132954,69.792597248181,6.992797852,0.0,-0.030870453,-0.136520147,1.961520147,8245.169596,701.636108,717.355713,0.0,0.0
588,4,0,0,135.3436,64.0,11.1,0.005129746,69.9393442401582,6.992797852,0.0,-0.030870453,-0.081862211,1.906862211,8259.446962,657.637695,708.821716,0.0,0.0
589,4,0,0,137.2495,64.0,10.9,0.005141144,70.1035440899136,6.904907227,0.0,-0.030103485,-0.104219198,1.929219198,8274.382352,729.278076,702.023499,0.0,0.0
590,4,0,0,139.3146,64.0,10.9,0.005165869,70.1705210709514,5.23223877,0.0,-0.019365936,-0.191703081,2.016703081,8288.677286,698.052002,716.858093,0.0,0.0
591,4,0,0,140.4771,64.0,10.7,0.005202361,69.6891399089572,0.0,0.0,-0.013997162,-0.346536398,2.171536398,8303.629797,688.375305,706.260498,0.0,0.0
592,4,0,0,141.9849,64.0,10.7,0.005231747,69.8834033081704,9.236755371,0.0,0.005368774,-0.515290976,2.340290976,8317.937609,657.924927,713.9198,0.0,0.0
593,4,0,0,143.3034,64.0,10.9,0.005259304,70.0816024127272,5.58380127,0.0,0.019941162,-0.6955235,2.5205235,8332.834364,634.272522,702.006897,0.0,0.0
594,4,0,0,144.5337,64.0,10.9,0.005280974,70.1124543939444,5.671691895,0.0,0.046785034,-0.818635225,2.643635225,8346.992176,692.197998,729.065491,0.0,0.0
595,4,0,0,145.6707,64.0,11.3,0.005303577,70.1577122051442,5.850219727,0.0,0.03451355,-0.843659163,2.668659163,8361.842864,703.76593,719.0401,0.0,0.0
596,4,0,0,147.1757,64.0,11.3,0.005321811,70.1886352709092,5.627746582,0.0,0.019941162,-0.785090208,2.610090208,8375.469175,688.023193,736.293518,0.0,0.0
597,4,0,0,148.4737,64.0,11.6,0.005346877,70.230655170496,5.715637207,0.0,-0.004793549,-0.656519651,2.481519651,8391.10626,694.222595,644.121887,0.0,0.0
598,4,0,0,149.6737,64.0,11.6,0.005377921,70.2564601166326,4.045715332,0.0,-0.000959,-0.535662889,2.360662889,8404.786541,689.196228,740.022583,0.0,0.0
599,4,0,0,150.7704,64.0,12.3,0.005420182,69.868779219497,0.0,11.43493652,-0.001725677,-0.393079042,2.218079042,8420.438203,696.301697,721.869507,0.0,0.0
600,4,0,0,151.8834,64.0,12.3,0.005449389,69.427829715537,5.627746582,0.0,-0.013997162,-0.275410414,2.100410414,8434.155264,696.636108,729.199524,0.0,0.0
601,4,0,0,152.7604,64.0,13.1,0.005456489,69.7550749871856,9.148864746,0.0,-0.039307098,-0.179316282,2.004316282,8449.85828,696.452271,720.440308,0.0,0.0
602,4,0,0,153.3931,64.0,13.1,0.005443668,70.0638035146622,9.060974121,0.0,-0.048510712,-0.166512728,1.991512728,8463.610901,703.490906,721.530579,0.0,0.0
603,4,0,0,152.3833,63.0,13.6,0.005431435,70.363064262732,8.355102539,0.0,-0.027035614,-0.246249437,2.071249437,8478.019925,706.909302,723.339783,0.0,0.0
604,4,0,0,151.8834,63.0,13.6,0.005429866,70.3513910116024,5.58380127,0.0,-0.003259613,-0.417398214,2.242398214,8493.089144,660.156799,904.624207,0.0,0.0
605,4,0,0,153.2661,63.0,14.1,0.00543899,70.4119036440084,6.421508789,0.0,0.010737549,-0.578085184,2.403085184,8507.507558,683.74353,721.000671,0.0,0.0
606,4,0,0,154.6743,63.0,14.1,0.00546864,70.5168022276692,6.509399414,0.0,0.036047485,-0.723956347,2.548956347,8522.587556,665.000427,988.6073,0.0,0.0
607,4,0,0,156.3722,63.0,14.4,0.00552148,70.617390355074,6.597290039,0.0,0.02761084,-0.775846243,2.600846243,8537.017475,681.17572,756.158325,0.0,0.0
608,4,0,0,157.1685,63.0,14.4,0.005608374,70.7388193711052,6.289672852,0.0,0.009203613,-0.746390581,2.571390581,8552.10745,680.393311,737.96051,0.0,0.0
609,4,0,0,158.2429,63.0,14.8,0.005684458,70.7279100253934,5.671691895,0.0,0.003834839,-0.683101892,2.508101892,8565.889002,685.347229,731.584473,0.0,0.0
610,4,0,0,159.1951,63.0,14.8,0.005737689,70.7540786984634,5.627746582,0.0,0.00690271,-0.589050531,2.414050531,8581.578122,974.790588,685.021179,0.0,0.0
611,4,0,0,160.1589,63.0,15.4,0.005743303,70.7770404879956,5.627746582,0.0,0.029144775,-0.482869864,2.307869864,8595.274876,709.737793,722.244995,0.0,0.0
612,4,0,0,160.7149,63.0,15.4,0.005706943,70.8020989256798,5.671691895,0.0,-0.030103485,-0.295743704,2.120743704,8610.939295,707.7229,738.517395,0.0,0.0
613,4,0,0,161.5561,64.0,16.0,0.005638395,70.8276790631118,5.627746582,0.0,-0.050811615,-0.153176069,1.978176069,8624.649332,703.960571,723.225708,0.0,0.0
614,4,0,0,162.6916,64.0,16.0,0.005524441,70.8507773568628,5.627746582,0.0,-0.045442841,-0.143224001,1.968224001,8640.302736,709.307983,753.926819,0.0,0.0
615,4,0,0,163.4094,64.0,16.2,0.005414842,70.8724272768006,5.671691895,0.0,-0.008628387,-0.262292624,2.087292624,8653.933946,692.861389,752.74292,0.0,0.0
616,4,0,0,163.9882,63.0,16.2,0.005303273,70.8829832919154,3.342590332,0.0,0.032212646,-0.483418703,2.308418703,8669.486162,690.588318,711.864014,0.0,0.0
617,4,0,0,164.5711,63.0,16.6,0.005223785,70.4465308793712,3.694152832,0.0,0.023776001,-0.607990026,2.432990026,8683.10443,716.249573,710.239929,0.0,0.0
618,4,0,0,165.3057,63.0,16.6,0.005152529,70.4598307869992,5.894165039,0.0,0.010737549,-0.656204939,2.481204939,8698.674957,715.50769,723.828003,0.0,0.0
619,4,0,0,166.0468,63.0,17.1,0.005108125,70.5015358353084,5.715637207,0.0,0.023009033,-0.658914328,2.483914328,8712.304921,698.546997,719.640015,0.0,0.0
620,4,0,0,166.6444,63.0,17.1,0.005082495,70.514581692524,4.52911377,0.0,0.00690271,-0.616431475,2.441431475,8725.939968,713.606201,715.513123,0.0,0.0
621,4,0,0,167.5491,63.0,17.2,0.00507766,70.429721274791,4.089660645,0.0,0.0,-0.537709951,2.362709951,8741.481653,712.828918,727.921997,0.0,0.0
622,4,0,0,168.617,63.0,17.2,0.005094299,70.0856415986328,0.0,10.26306152,0.003834839,-0.468313932,2.293313932,8754.977996,698.291687,747.77063,0.0,0.0
623,4,0,0,169.0789,63.0,17.5,0.005130745,70.0213658304114,7.388305664,0.0,-0.008628387,-0.382350206,2.207350206,8770.39263,700.254517,762.618713,0.0,0.0
624,4,0,0,169.5433,64.0,17.5,0.005169439,70.0389206237852,5.58380127,0.0,-0.015531097,-0.318140745,2.143140745,8783.985314,767.520081,712.799683,0.0,0.0
625,4,0,0,170.4797,64.0,17.9,0.005216953,70.0695432901458,5.58380127,0.0,-0.017832001,-0.272891283,2.097891283,8799.621526,755.759888,878.17572,0.0,0.0
626,4,0,0,170.4797,64.0,17.9,0.005264436,70.0970663998532,5.58380127,0.0,-0.017832001,-0.271740675,2.096740675,8813.369302,706.417908,725.502014,0.0,0.0
627,4,0,0,169.2334,64.0,18.2,0.005327576,70.1263450259128,5.58380127,0.0,-0.017832001,-0.318876982,2.143876982,8829.094628,751.751526,897.762817,0.0,0.0
628,4,0,0,169.6986,64.0,18.2,0.00538493,70.0184373626936,0.0,1.473999023,0.005368774,-0.397690058,2.222690058,8842.858409,699.315674,724.366089,0.0,0.0
629,4,0,0,159.6067,64.0,18.5,0.005446107,69.488107545237,0.0,17.29431152,0.019941162,-0.486502886,2.311502886,8858.569124,703.252502,708.92688,0.0,0.0
630,4,0,0,146.1305,64.0,18.5,0.005495293,69.2149148221136,9.148864746,0.0,0.029144775,-0.527297258,2.352297258,8872.219098,706.350525,715.759705,0.0,0.0
631,4,0,0,136.4405,64.0,18.7,0.005546249,69.7407285901292,11.434021,0.0,0.02761084,-0.510647058,2.335647058,8887.71867,0.0,0.0,0.0,0.0
632,4,0,0,135.7405,64.0,18.7,0.005582743,70.1982862414882,9.895935059,0.0,0.012271484,-0.451415777,2.276415777,8901.303316,713.494995,705.022095,0.0,0.0
633,4,0,0,139.4195,64.0,18.9,0.005606281,70.5635380889118,10.3793335,0.0,-0.007094452,-0.335824251,2.160824251,8916.897781,692.712524,716.42041,0.0,0.0
634,4,0,0,142.8612,64.0,18.9,0.005602174,70.7555058289886,5.58380127,0.0,-0.007094452,-0.250338793,2.075338793,8930.599687,690.978088,721.570496,0.0,0.0
635,4,0,0,145.3277,63.0,19.1,0.005566923,70.776366029695,5.58380127,0.0,-0.020132904,-0.170766592,1.995766592,8946.32106,735.370605,713.176819,0.0,0.0
636,4,0,0,146.1305,63.0,19.1,0.005519199,70.7949694690128,5.58380127,0.0,-0.040074066,-0.144431353,1.969431353,8960.130852,697.05188,727.233215,0.0,0.0
637,4,0,0,148.3547,63.0,19.3,0.005470698,70.6288570152278,0.0,3.231811523,-0.040074066,-0.187553644,2.012553644,8973.328091,712.756897,704.286804,0.0,0.0
638,4,0,0,149.5528,63.0,19.3,0.005428048,70.0770185456986,0.0,14.95056152,0.005368774,-0.334771395,2.159771395,8989.886471,740.169128,893.434021,0.0,0.0
639,4,0,0,150.5253,63.0,19.5,0.005407464,69.6861860619476,5.627746582,0.0,0.010737549,-0.471791506,2.296791506,9003.186746,745.429688,896.25708,0.0,0.0
640,4,0,0,151.7589,63.0,19.5,0.005404409,69.9143072549762,8.797302246,0.0,0.030678711,-0.596352339,2.421352339,9019.885158,693.018372,732.338196,0.0,0.0
641,4,0,0,152.258,63.0,19.6,0.005415645,70.1788894458306,8.530883789,0.0,0.032212646,-0.647372484,2.472372484,9033.18784,0.0,0.0,0.0,0.0
642,4,0,0,153.3931,63.0,19.6,0.005434255,70.4578185487302,8.442993164,0.0,0.030678711,-0.630348444,2.455348444,9049.752649,704.968994,711.418579,0.0,0.0
643,4,0,0,154.4163,63.0,19.8,0.005446556,70.6997042175646,8.442993164,0.0,0.017640259,-0.543602705,2.368602705,9063.038941,719.98053,703.072021,0.0,0.0
644,4,0,0,155.4533,63.0,19.8,0.005451575,70.9640407748548,8.355102539,0.0,-0.013997162,-0.403513193,2.228513193,9079.690226,745.588074,907.516174,0.0,0.0
645,4,0,0,156.6367,63.0,19.9,0.00545144,71.2011185887194,8.311157227,0.0,-0.017832001,-0.289292097,2.114292097,9093.044199,706.601013,734.522522,0.0,0.0
646,4,0,0,157.7038,63.0,19.9,0.005452872,71.4594986407082,8.442993164,0.0,-0.037773163,-0.212236643,2.037236643,9109.754302,646.728516,719.58429,0.0,0.0
647,4,0,0,158.6496,62.0,20.0,0.005458723,71.7176192349022,8.841247559,0.0,-0.027035614,-0.219865084,2.044865084,9123.131867,706.308777,709.560303,0.0,0.0
648,4,0,0,159.7444,63.0,20.0,0.005471881,72.0834707545966,10.33538818,0.0,-0.005560516,-0.315195799,2.140195799,9139.864087,717.714478,710.580017,0.0,0.0
649,4,0,0,160.7149,63.0,20.1,0.005488731,72.0710663320248,0.0,0.0,0.016106323,-0.415313005,2.240313005,9153.251108,709.734802,747.831421,0.0,0.0
650,4,0,0,161.2747,62.0,20.1,0.005513019,71.5135620844652,5.23223877,0.0,0.005368774,-0.508374929,2.333374929,9169.319757,738.662598,918.000305,0.0,0.0
651,4,0,0,162.1219,62.0,20.2,0.00553625,71.6549354419022,7.739868164,0.0,0.018407227,-0.571889639,2.396889639,9183.385478,894.549194,699.329529,0.0,0.0
652,4,0,0,163.1215,62.0,20.2,0.005556695,71.8577530625778,7.520141602,0.0,0.013038452,-0.610065699,2.435065699,9199.464116,960.284485,699.718506,0.0,0.0
653,4,0,0,163.6983,62.0,20.3,0.00556173,72.023834906716,7.520141602,0.0,0.008436646,-0.610628843,2.435628843,9213.518759,753.615784,902.021423,0.0,0.0
654,4,0,0,164.8642,62.0,20.3,0.005553394,72.1779058923794,6.201782227,0.0,0.017640259,-0.589837313,2.414837313,9227.482632,754.53241,898.534302,0.0,0.0
655,4,0,0,165.7495,62.0,20.3,0.005531608,72.2037375052798,6.289672852,0.0,-0.004793549,-0.523288488,2.348288488,9243.415331,697.155823,720.895874,0.0,0.0
656,4,0,0,166.4946,62.0,20.3,0.005509391,72.262949839246,6.201782227,0.0,0.00690271,-0.449699163,2.274699163,9257.391196,736.717529,709.884216,0.0,0.0
657,4,0,0,167.3976,62.0,20.4,0.005491189,72.2911709197114,5.627746582,0.0,-0.004793549,-0.35544467,2.18044467,9273.402861,711.907715,720.577698,0.0,0.0
658,4,0,0,168.0051,62.0,20.4,0.005486646,72.2954832428018,5.75958252,0.0,-0.004793549,-0.274407148,2.099407148,9287.447853,692.189697,714.830505,0.0,0.0
659,4,0,0,169.5433,61.0,20.5,0.005493454,72.321224121113,5.894165039,0.0,-0.027035614,-0.197490454,2.022490454,9303.539868,714.356323,804.019287,0.0,0.0
660,4,0,0,169.6986,61.0,20.5,0.005505021,72.347686901068,5.938110352,0.0,-0.02166684,-0.176933527,2.001933527,9317.655287,793.299316,701.978394,0.0,0.0
661,4,0,0,170.4797,61.0,20.8,0.005520792,72.3592368767536,5.715637207,0.0,-0.001725677,-0.225304842,2.050304842,9333.825792,678.663391,712.110474,0.0,0.0
662,4,0,0,171.1098,61.0,20.8,0.005536386,72.2210712236178,0.0,4.403686523,-0.005560516,-0.284644365,2.109644365,9347.981122,733.164917,719.676392,0.0,0.0
663,4,0,0,171.904,61.0,21.1,0.005554511,71.6381581528692,0.0,0.0,-0.000959,-0.371585131,2.196585131,9364.043434,674.922729,737.710022,0.0,0.0
664,4,0,0,172.2238,61.0,21.1,0.005568264,71.75285681246,7.388305664,0.0,0.019941162,-0.457434893,2.282434893,9377.989047,597.70282,700.951172,0.0,0.0
665,4,0,0,172.7056,62.0,21.1,0.005577863,71.9235808782952,7.476196289,0.0,0.003834839,-0.537424326,2.362424326,9393.804732,745.42041,867.440308,0.0,0.0
666,4,0,0,170.6368,62.0,21.1,0.005574418,72.0815077621316,7.520141602,0.0,0.025309937,-0.571749449,2.396749449,9407.55525,742.658386,698.291504,0.0,0.0
667,4,0,0,168.0051,62.0,21.4,0.005550626,72.264142842988,7.651977539,0.0,0.02761084,-0.54682374,2.37182374,9423.312875,736.391602,900.653381,0.0,0.0
668,4,0,0,168.4636,62.0,21.4,0.005513171,72.4294011234746,7.608032227,0.0,0.013038452,-0.461624861,2.286624861,9437.15474,750.503296,895.668518,0.0,0.0
669,4,0,0,169.8543,62.0,21.7,0.005456308,72.6165558426002,7.520141602,0.0,-0.015531097,-0.327528715,2.152528715,9452.962475,767.816101,717.460876,0.0,0.0
670,4,0,0,171.5854,62.0,21.7,0.005404726,72.7689664399988,7.520141602,0.0,-0.025501678,-0.247264624,2.072264624,9466.697883,698.386597,720.614502,0.0,0.0
671,4,0,0,172.2238,62.0,21.9,0.005365454,72.899025944115,0.0,0.0,-0.02856955,-0.219530821,2.044530821,9480.3798,757.150024,707.675781,0.0,0.0
672,4,0,0,173.1902,62.0,21.9,0.005343551,72.3083479848938,0.0,238.9251709,-0.02856955,-0.277622938,2.102622938,9495.40647,912.049805,715.110901,0.0,0.0
673,4,0,0,173.1902,62.0,21.8,0.005339992,71.7953012559388,0.0,216.0736084,-0.010162323,-0.414819956,2.239819956,9509.809968,692.448486,723.900391,0.0,0.0
674,4,0,0,174.3314,62.0,21.8,0.005344148,71.2340595576302,0.0,38.24157715,0.037581421,-0.600475073,2.425475073,9524.880732,748.808899,912.289612,0.0,0.0
675,4,0,0,174.9904,62.0,22.0,0.005351628,70.7288624488988,0.0,0.0,0.030678711,-0.684003592,2.509003592,9539.309874,683.135315,697.096802,0.0,0.0
676,4,0,0,175.4879,62.0,22.0,0.005366358,70.856272657507,9.632263184,0.0,0.032979614,-0.673899412,2.498899412,9554.401628,698.808411,734.293213,0.0,0.0
677,4,0,0,176.4914,62.0,22.2,0.005386648,71.146821935503,8.267211914,0.0,0.016106323,-0.579430342,2.404430342,9568.759614,703.657288,721.778381,0.0,0.0
678,4,0,0,176.9974,62.0,22.2,0.005418354,71.2419153094392,5.58380127,0.0,0.00690271,-0.40329957,2.22829957,9583.756393,700.230103,729.461792,0.0,0.0
679,4,0,0,177.6767,62.0,22.4,0.005450836,70.8342837140048,0.0,0.0,-0.015531097,-0.239135504,2.064135504,9598.145427,744.073425,772.554993,0.0,0.0
680,4,0,0,178.0183,62.0,22.4,0.005485263,70.331145176441,5.58380127,0.0,-0.048510712,-0.094365835,1.919365835,9613.245023,690.941528,628.478699,0.0,0.0
681,4,0,0,179.051,62.0,22.3,0.00550579,70.4917191509896,7.827758789,0.0,-0.040074066,-0.08185935,1.90685935,9627.741342,702.959717,620.876282,0.0,0.0
682,4,0,0,179.5719,62.0,22.3,0.005513983,70.70067353914,7.080688477,0.0,-0.034705292,-0.187561274,2.012561274,9642.948118,698.954285,720.691895,0.0,0.0
683,4,0,0,180.0958,62.0,22.1,0.00550736,70.7474997165434,6.069946289,0.0,0.03451355,-0.36079812,2.18579812,9657.539367,693.661072,659.523193,0.0,0.0
684,4,0,0,180.6228,62.0,22.1,0.005489647,70.8140634190692,6.069946289,0.0,0.04141626,-0.519006014,2.344006014,9672.816103,692.818604,673.559692,0.0,0.0
685,4,0,0,181.508,63.0,22.3,0.005475268,70.873534840682,6.026000977,0.0,0.030678711,-0.530383348,2.355383348,9686.67652,699.190186,663.979126,0.0,0.0
686,4,0,0,181.8645,63.0,22.3,0.005467817,70.7589438459372,0.0,0.0,0.012271484,-0.458791971,2.283791971,9700.508354,707.19397,671.003113,0.0,0.0
687,4,0,0,181.8645,63.0,22.5,0.005464929,70.3484968872002,6.157836914,0.0,-0.010929291,-0.319618464,2.144618464,9716.364921,742.168884,732.884583,0.0,0.0
688,4,0,0,182.4019,63.0,22.5,0.005462324,70.5127907867852,7.651977539,0.0,-0.036239227,-0.207387686,2.032387686,9730.256692,708.279907,706.878113,0.0,0.0
689,4,0,0,183.1234,63.0,22.3,0.005456545,70.774860572592,8.355102539,0.0,-0.045442841,-0.152951479,1.977951479,9746.138431,702.274109,595.485474,0.0,0.0
690,4,0,0,183.4862,63.0,22.3,0.005450864,71.019176248266,8.442993164,0.0,-0.034705292,-0.221101046,2.046101046,9760.026309,696.786194,718.011292,0.0,0.0
691,4,0,0,184.0333,63.0,22.2,0.005447982,71.2918582795272,8.179321289,0.0,0.010737549,-0.399712324,2.224712324,9775.796283,694.326111,654.465576,0.0,0.0
692,4,0,0,184.9523,63.0,22.2,0.005451962,71.505398015299,7.871704102,0.0,0.04141626,-0.545389891,2.370389891,9789.5606,699.55249,706.585693,0.0,0.0
693,4,0,0,185.5081,63.0,22.4,0.005470813,71.7392388831546,7.871704102,0.0,0.036047485,-0.610888243,2.435888243,9805.269079,697.655212,663.673218,0.0,0.0
694,4,0,0,186.0673,63.0,22.4,0.005506197,71.6006518243398,0.0,37.50915527,0.02761084,-0.572736979,2.397736979,9818.946472,724.376404,698.169312,0.0,0.0
695,4,0,0,186.4419,63.0,22.5,0.005568942,71.040506118758,5.58380127,0.0,-0.02166684,-0.446820021,2.271820021,9834.468861,712.48999,733.123291,0.0,0.0
696,4,0,0,187.1958,63.0,22.5,0.005636733,71.2806140623482,7.388305664,0.0,-0.004793549,-0.331391573,2.156391573,9848.078256,711.601807,719.234375,0.0,0.0
697,4,0,0,187.7652,63.0,22.7,0.005713397,71.4188063178742,6.069946289,0.0,-0.023200775,-0.250061274,2.075061274,9863.714406,707.971313,722.425293,0.0,0.0
698,4,0,0,188.1468,63.0,22.7,0.005765648,71.4652671750976,5.58380127,0.0,-0.000959,-0.226452589,2.051452589,9877.462318,704.524902,716.501404,0.0,0.0
699,4,0,0,188.5298,63.0,22.5,0.00579961,71.4744761243522,5.58380127,0.0,-0.017832001,-0.248683691,2.073683691,9893.245396,675.447205,710.001709,0.0,0.0
700,4,0,0,188.722,63.0,22.5,0.005804156,71.2807378205942,0.0,18.6126709,-0.012463226,-0.29462409,2.11962409,9907.08875,687.755005,702.358887,0.0,0.0
701,4,0,0,187.3852,63.0,22.7,0.005783986,70.7858747507114,5.451965332,0.0,0.00690271,-0.374531984,2.199531984,9922.924911,667.875305,716.059021,0.0,0.0
702,4,0,0,174.3314,63.0,22.7,0.00575598,70.7828891353302,4.089660645,0.0,0.04141626,-0.434513807,2.259513807,9936.799536,654.488586,707.174011,0.0,0.0
703,4,0,0,166.0468,63.0,22.8,0.005728963,70.6451948096002,3.210754395,0.0,-0.003259613,-0.402249098,2.227249098,9950.681612,689.520386,721.677612,0.0,0.0
704,4,0,0,162.4062,63.0,22.8,0.00570218,70.1595217148534,0.0,35.45837402,0.003834839,-0.301570177,2.126570177,9966.53368,776.986816,702.240417,0.0,0.0
705,4,0,0,160.2975,63.0,22.6,0.005681118,69.7456238000742,7.651977539,0.0,-0.012463226,-0.223057508,2.048057508,9980.421658,685.364685,713.149597,0.0,0.0
706,4,0,0,152.3833,63.0,22.6,0.005656425,70.1242501480348,9.412536621,0.0,-0.016298065,-0.173497438,1.998497438,9996.316586,659.417114,698.606506,0.0,0.0
707,4,0,0,151.263,63.0,22.5,0.005629275,70.4695346404906,9.060974121,0.0,-0.010162323,-0.170758009,1.995758009,10010.2433,0.0,0.0,0.0,0.0
708,4,0,0,142.7511,63.0,22.5,0.005592176,70.8096201600764,9.017028809,0.0,-0.016298065,-0.205806971,2.030806971,10026.18005,0.0,0.0,0.0,0.0
709,4,0,0,134.9491,63.0,22.6,0.005560195,71.099911525244,8.486938477,0.0,0.023009033,-0.27577424,2.10077424,10039.44777,688.825928,712.398621,0.0,0.0
710,4,0,0,136.1396,63.0,22.6,0.005529316,71.203724979223,6.069946289,0.0,0.016106323,-0.32429719,2.14929719,10056.00971,739.896912,710.612,0.0,0.0
711,4,0,0,139.9463,63.0,22.7,0.005509924,71.2806082365374,6.465454102,0.0,-0.010929291,-0.320447683,2.145447683,10069.30918,695.351807,707.497498,0.0,0.0
712,4,0,0,142.7511,63.0,22.7,0.005501975,71.3768062453562,6.113891602,0.0,0.008436646,-0.323797941,2.148797941,10085.96336,638.777771,719.970276,0.0,0.0
713,4,0,0,144.8729,63.0,22.6,0.005511574,71.406927731054,3.913879395,0.0,0.001533936,-0.326540709,2.151540709,10099.1994,680.313721,709.03241,0.0,0.0
714,4,0,0,146.9421,63.0,22.6,0.005540676,71.3463864041158,6.641235352,0.0,-0.000959,-0.316039324,2.141039324,10115.61727,708.720581,710.629211,0.0,0.0
715,4,0,0,148.236,63.0,22.4,0.005578262,71.4524373878704,6.685180664,0.0,-0.003259613,-0.315381765,2.140381765,10128.65385,704.658997,709.138672,0.0,0.0
716,4,0,0,149.4322,63.0,22.4,0.005630504,71.560154682261,6.465454102,0.0,-0.003259613,-0.322728395,2.147728395,10144.9954,693.508728,717.046509,0.0,0.0
717,4,0,0,150.5253,63.0,22.3,0.005682079,71.650933125976,6.465454102,0.0,-0.003259613,-0.337664843,2.162664843,10158.16281,746.817017,898.469482,0.0,0.0
718,4,0,0,152.3833,63.0,22.3,0.00574478,71.7497089756068,6.421508789,0.0,0.001533936,-0.369724989,2.194724989,10174.67809,667.025513,726.521729,0.0,0.0
719,4,0,0,153.1394,63.0,22.5,0.005800426,71.5135466508946,3.65020752,0.0,0.003834839,-0.407637358,2.232637358,10187.90173,713.199402,716.498291,0.0,0.0
720,4,0,0,154.4163,63.0,22.5,0.005856713,71.5976600612798,8.662719727,0.0,0.005368774,-0.435019732,2.260019732,10201.77321,740.428284,862.643188,0.0,0.0
721,4,0,0,154.2877,63.0,22.3,0.0059159,71.9164717958726,8.662719727,0.0,0.00690271,-0.465604067,2.290604067,10217.59964,725.517395,835.568115,0.0,0.0
722,4,0,0,152.7604,63.0,22.3,0.00594794,71.882299569208,0.0,64.75524902,0.00690271,-0.483750105,2.308750105,10231.396,702.080078,721.595398,0.0,0.0
723,4,0,0,153.5202,64.0,22.2,0.005952405,71.2672998315942,0.0,247.8607178,0.001533936,-0.479442835,2.304442835,10247.07264,695.385071,732.807312,0.0,0.0
724,4,0,0,155.0628,63.0,22.2,0.005938362,70.7448744002014,0.0,137.8509521,-0.001725677,-0.470604181,2.295604181,10260.78247,0.0,0.0,0.0,0.0
725,4,0,0,157.0352,63.0,22.4,0.005916379,70.285602383314,9.368591309,0.0,-0.003259613,-0.469612837,2.294612837,10276.36723,677.29248,736.546021,0.0,0.0
726,4,0,0,158.1078,63.0,22.4,0.005891657,70.8134070175634,11.52191162,0.0,0.005368774,-0.46816802,2.29316802,10290.05163,695.0354,746.368408,0.0,0.0
727,4,0,0,159.4693,63.0,22.5,0.005849128,71.2676004402128,7.564086914,0.0,-0.010929291,-0.446799517,2.271799517,10305.80037,745.853027,853.166504,0.0,0.0
728,4,0,0,160.1589,63.0,22.5,0.005804935,71.3931397427908,5.938110352,0.0,-0.000959,-0.448359728,2.273359728,10319.65285,808.421326,680.966919,0.0,0.0
729,4,0,0,161.1344,63.0,22.4,0.005765828,71.4170812824216,5.58380127,0.0,0.001533936,-0.466436625,2.291436625,10335.51706,938.10022,680.990479,0.0,0.0
730,4,0,0,162.1219,63.0,22.4,0.005750741,71.138231519984,5.58380127,0.0,-0.000959,-0.488935709,2.313935709,10349.33953,708.949829,790.258423,0.0,0.0
731,4,0,0,162.9779,63.0,22.2,0.005748643,71.1596130663834,0.0,13.19274902,0.013038452,-0.506867647,2.331867647,10365.02811,697.007202,745.52771,0.0,0.0
732,4,0,0,163.6983,63.0,22.2,0.005741355,70.65536820413,2.991027832,0.0,-0.001725677,-0.499657393,2.324657393,10378.76759,609.634521,705.111084,0.0,0.0
733,4,0,0,164.7175,63.0,22.4,0.005705397,70.5605399689588,7.124633789,0.0,0.001533936,-0.469618559,2.294618559,10394.47558,906.443115,682.208313,0.0,0.0
734,4,0,0,165.4533,63.0,22.4,0.00564665,70.2378101995756,0.0,0.0,0.001533936,-0.438206434,2.263206434,10408.28821,928.312195,692.598877,0.0,0.0
735,4,0,0,166.1958,63.0,22.6,0.005556467,70.2222502153186,11.12640381,0.0,-0.003259613,-0.399258852,2.224258852,10424.12258,690.133484,713.016479,0.0,0.0
736,4,0,0,166.6444,63.0,22.6,0.005468617,70.7200636560366,10.86273193,0.0,-0.001725677,-0.376773596,2.201773596,10438.00723,691.32428,713.144409,0.0,0.0
737,4,0,0,167.5491,63.0,22.7,0.005386442,71.1340356648294,9.148864746,0.0,-0.005560516,-0.368838072,2.193838072,10451.91442,730.00061,890.088989,0.0,0.0
738,4,0,0,168.3105,63.0,22.7,0.005310832,71.3913587183996,5.715637207,0.0,0.003067871,-0.372986078,2.197986078,10467.83448,690.116516,727.575684,0.0,0.0
739,4,0,0,169.0789,63.0,22.5,0.005260893,71.258785167709,0.0,33.70056152,-0.003259613,-0.379175901,2.204175901,10481.77974,689.457092,714.02533,0.0,0.0
740,4,0,0,170.1664,62.0,22.5,0.00521851,70.6491578737238,0.0,22.1282959,-0.013997162,-0.3889606,2.2139606,10497.67045,686.543213,726.11792,0.0,0.0
741,4,0,0,170.7942,62.0,22.7,0.005194046,70.7061669890432,5.495910645,0.0,-0.005560516,-0.4524858,2.2774858,10511.57143,678.751709,729.059875,0.0,0.0
742,4,0,0,171.5854,62.0,22.7,0.005183178,70.664153188855,8.442993164,0.0,0.0,-0.545440912,2.370440912,10527.50571,676.611694,726.623291,0.0,0.0
743,4,0,0,172.2238,62.0,22.8,0.005190136,71.055538400429,9.939880371,0.0,0.003067871,-0.629987955,2.454987955,10541.45611,742.631714,818.144287,0.0,0.0
744,4,0,0,173.1902,62.0,22.8,0.005217517,71.2703277887108,7.036743164,0.0,0.026843872,-0.703589201,2.528589201,10557.39832,691.692017,714.438599,0.0,0.0
745,4,0,0,174.0038,62.0,22.6,0.005256603,71.4236108093234,6.817016602,0.0,0.013038452,-0.719908476,2.544908476,10571.34917,727.288086,827.508789,0.0,0.0
746,4,0,0,174.8252,62.0,22.6,0.005311537,71.5559923174718,6.773071289,0.0,0.013038452,-0.689656019,2.514656019,10587.29444,679.492493,691.054993,0.0,0.0
747,4,0,0,175.4879,62.0,22.5,0.005364097,71.668638360453,6.729125977,0.0,0.010737549,-0.626401186,2.451401186,10601.24768,679.471313,711.654602,0.0,0.0
748,4,0,0,176.1556,62.0,22.5,0.005429184,71.7323785886026,5.58380127,0.0,-0.001725677,-0.52239871,2.34739871,10616.53072,697.786072,710.655701,0.0,0.0
749,4,0,0,176.6597,62.0,22.6,0.005489369,71.3353072891274,6.026000977,0.0,0.003067871,-0.425978899,2.250978899,10631.13594,696.07019,714.798889,0.0,0.0
750,4,0,0,177.3364,62.0,22.6,0.005557375,71.6635606996322,7.476196289,0.0,0.001533936,-0.284137011,2.109137011,10646.37747,694.502014,750.175293,0.0,0.0
751,4,0,0,178.3612,62.0,22.7,0.005614085,71.763574936393,4.17755127,0.0,-0.016298065,-0.181820631,2.006820631,10660.93299,750.179016,754.292908,0.0,0.0
752,4,0,0,177.8473,62.0,22.7,0.005676517,71.7422128308208,5.58380127,0.0,-0.016298065,-0.096974134,1.921974134,10676.12571,704.796509,753.866516,0.0,0.0
753,4,0,0,177.8473,63.0,22.6,0.005736747,71.7491870022712,5.58380127,0.0,-0.016298065,-0.069027185,1.894027185,10690.65386,681.77301,715.885376,0.0,0.0
754,4,0,0,178.1896,63.0,22.6,0.005815751,71.7561369209678,5.58380127,0.0,-0.016298065,-0.087718725,1.912718725,10704.52721,690.119629,737.801575,0.0,0.0
755,4,0,0,179.3979,63.0,22.4,0.005939403,71.7641115225358,5.58380127,0.0,-0.008628387,-0.171374083,1.996374083,10720.37728,702.251404,747.789612,0.0,0.0
756,4,0,0,179.9208,63.0,22.4,0.006066256,71.7710378161212,5.58380127,0.0,0.017640259,-0.273920774,2.098920774,10734.16177,705.978088,721.03717,0.0,0.0
757,4,0,0,180.2711,63.0,22.3,0.006192304,71.6661787095706,4.045715332,0.0,0.019941162,-0.343315363,2.168315363,10749.79445,693.843018,716.163208,0.0,0.0
758,4,0,0,180.2711,63.0,22.3,0.006257963,71.5361674212808,4.17755127,0.0,0.021475098,-0.351318598,2.176318598,10763.36797,714.064514,772.950684,0.0,0.0
759,4,0,0,181.8645,63.0,22.2,0.006285911,71.3925354999944,4.221496582,0.0,0.014572388,-0.338275671,2.163275671,10778.76149,748.438599,870.566101,0.0,0.0
760,4,0,0,182.2224,63.0,22.2,0.006283921,71.3165198539674,5.320129395,0.0,-0.003259613,-0.354147196,2.179147196,10792.18946,696.325684,707.433716,0.0,0.0
761,4,0,0,182.7619,63.0,22.1,0.006260572,71.346133544615,5.806274414,0.0,-0.007094452,-0.355566263,2.180566263,10806.8336,704.431519,723.8349,0.0,0.0
762,4,0,0,183.6682,63.0,22.1,0.006227502,71.3709037655986,4.924621582,0.0,-0.007094452,-0.362572908,2.187572908,10820.73355,701.872498,707.950928,0.0,0.0
763,4,0,0,184.0333,63.0,22.0,0.006183304,70.815522237499,0.0,24.91149902,0.003834839,-0.39421916,2.21921916,10835.17126,698.902527,699.724487,0.0,0.0
764,4,0,0,184.3998,62.0,22.0,0.006145664,70.2108694295472,0.0,120.5657959,0.014572388,-0.421541929,2.246541929,10849.0237,703.280884,693.889526,0.0,0.0
765,4,0,0,185.1372,62.0,22.2,0.006113182,69.5444864108256,0.0,242.5872803,-0.001725677,-0.425680399,2.250680399,10863.46648,693.415527,691.98291,0.0,0.0
766,4,0,0,186.0673,62.0,22.2,0.00609473,68.9840686463168,6.069946289,0.0,-0.010929291,-0.43979907,2.26479907,10877.27412,698.872498,695.945679,0.0,0.0
767,4,0,0,186.6298,61.0,22.0,0.006074425,68.8209488568222,0.0,17.29431152,0.017640259,-0.497099161,2.322099161,10891.80351,741.495605,888.588928,0.0,0.0
768,4,0,0,187.1958,60.0,22.0,0.006051382,68.234202032419,0.0,36.04431152,0.003834839,-0.508341551,2.333341551,10905.72947,744.393677,843.310608,0.0,0.0
769,4,0,0,187.1958,60.0,21.9,0.006023206,67.7539008984988,9.588317871,0.0,-0.001725677,-0.472591162,2.297591162,10920.18141,695.472473,689.398499,0.0,0.0
770,4,0,0,187.9558,60.0,21.9,0.006003768,68.0706945046382,0.0,0.0,0.0,-0.443224669,2.268224669,10933.89902,700.778687,691.216492,0.0,0.0
771,4,0,0,188.1468,59.0,21.9,0.005994427,67.7066189721008,6.245727539,0.0,-0.007094452,-0.419294596,2.244294596,10946.28033,698.58728,690.282593,0.0,0.0
772,4,0,0,188.3381,59.0,21.9,0.006003739,68.2207864615252,11.21429443,0.0,0.005368774,-0.421990156,2.246990156,10961.07003,698.222107,685.703491,0.0,0.0
773,4,0,0,189.3007,59.0,22.1,0.006035258,68.300867171645,0.0,0.0,0.003067871,-0.431357622,2.256357622,10974.05162,697.349792,704.427307,0.0,0.0
774,4,0,0,189.883,59.0,22.1,0.006091667,67.602629182738,0.0,8.505249023,-0.004793549,-0.420838594,2.245838594,10988.96704,699.034119,683.205688,0.0,0.0
775,4,0,0,190.0779,59.0,22.3,0.006138342,66.9781532488692,0.0,11.43493652,-0.003259613,-0.417847395,2.242847395,11001.94507,703.568909,702.626099,0.0,0.0
776,4,0,0,190.665,59.0,22.3,0.00616478,66.567157215511,7.520141602,0.0,-0.000959,-0.434734583,2.259734583,11016.66354,697.990784,689.228577,0.0,0.0
777,4,0,0,191.6517,59.0,22.1,0.006160664,66.9381752315942,11.21429443,0.0,-0.000959,-0.456711054,2.281711054,11029.44354,696.008789,690.505798,0.0,0.0
778,4,0,0,190.8615,59.0,22.1,0.006134832,66.8190147734138,0.0,48.64196777,-0.000959,-0.487834692,2.312834692,11043.93739,694.841614,685.529297,0.0,0.0
779,4,0,0,191.0585,59.0,22.3,0.006104195,66.1857104187334,0.0,169.6380615,0.003067871,-0.517721891,2.342721891,11056.52229,693.169678,687.958496,0.0,0.0
780,4,0,0,186.0673,59.0,22.3,0.006066641,65.4632956851546,0.0,262.3626709,0.00690271,-0.539811373,2.364811373,11070.79475,693.042908,694.759583,0.0,0.0
781,4,0,0,184.7677,59.0,22.5,0.00602886,64.8426305718454,0.0,262.5091553,0.016106323,-0.532861471,2.357861471,11083.18747,696.428223,689.67627,0.0,0.0
782,4,0,0,179.051,59.0,22.5,0.005978743,64.1344500804184,0.0,235.2630615,0.001533936,-0.457571745,2.282571745,11097.04685,690.249695,691.40387,0.0,0.0
783,4,0,0,151.263,59.0,22.6,0.005938906,63.5271038810426,0.0,217.098999,-0.000959,-0.361872435,2.186872435,11107.99526,,,,
784,4,0,0,130.4802,59.0,22.6,0.005913286,56.6100027169754,0.0,211.0931396,-0.016298065,-0.267049074,2.092049074,11120.09689,,,,
785,4,0,0,122.537,59.0,22.5,0.005912373,54.406841185652,0.0,256.5032959,-0.012463226,-0.251928091,2.076928091,11130.60385,,,,
