Time,Drive,Stimulus,Failure,Palm.EDA,Heart.Rate,Breathing.Rate,Perinasal.Perspiration,Speed,Acceleration,Brake,Steering,LaneOffset,Lane.Position,Distance,Gaze.X.Pos,Gaze.Y.Pos,Lft.Pupil.Diameter,Rt.Pupil.Diameter
1,4,0,0,83.8223,82.0,12.3,0.004701364,-0.01780775104434,0.0,265.5853271,0.018407227,-0.099998713,1.924998713,8.39713e-06,0.0,0.0,0.004077,0.00486
2,4,0,0,84.2801,83.0,12.6,0.004740552,-0.02319575860008,0.0,264.7064209,0.018407227,-0.099998713,1.924998713,1.51148e-05,0.0,0.0,0.004642,0.005179
3,4,0,0,82.2585,87.0,12.6,0.004750221,-0.01267987881554,0.0,263.6810303,0.018407227,-0.099998236,1.924998236,3.11622e-05,632.015991,624.305176,0.004423,0.005191
4,4,0,0,79.5722,88.0,12.8,0.004730141,0.31248030296094,0.0,265.8782959,0.019941162,-0.099983931,1.924983931,4.45982e-05,623.919189,610.991211,0.004554,0.005225
5,4,0,0,81.1056,88.0,12.8,0.004688803,0.79938276931506,0.0,137.2650146,0.043717163,-0.099817991,1.924817991,0.00357411,627.900085,647.000122,0.004761,0.005464
6,4,0,0,81.3908,88.0,13.3,0.004648842,0.79564048732738,0.0,3.085327148,0.038348389,-0.099426031,1.924426031,0.08795407,634.558899,624.021729,0.004716,0.005458
7,4,0,0,79.5722,84.0,13.3,0.004611075,12.3452358070277,22.47528076,0.0,0.046785034,-0.095057726,1.920057726,0.263507424,633.901917,623.989502,0.004645,0.005441
8,4,0,0,80.8224,84.0,13.5,0.00459429,20.8500348596748,18.78112793,0.0,0.025309937,-0.073409796,1.898409796,0.413132327,745.885315,859.250183,0.004417,0.005082
9,4,0,0,82.8102,87.0,13.5,0.004595777,27.5275796331566,16.62506104,0.0,-0.008628387,-0.017724276,1.842724276,1.15271519,635.899902,619.643921,0.004254,0.005021
10,4,0,0,83.7844,88.0,14.0,0.004604874,31.1799945463636,14.69146729,0.0,-0.016298065,0.036321402,1.788678598,3.625663724,660.15332,733.02179,0.004213,0.004993
11,4,0,0,84.1652,89.0,14.0,0.004612495,35.6999287570962,19.22058105,0.0,-0.016298065,0.079581499,1.745418501,8.015296927,631.960876,607.221375,0.00405,0.004781
12,4,0,0,85.0152,89.0,14.4,0.004618834,39.5341584222814,19.17663574,0.0,-0.015531097,0.092021227,1.732978773,12.87348644,627.830994,606.343689,0.004196,0.004895
13,4,0,0,82.6255,88.0,14.4,0.004633088,43.533280194823,19.0447998,0.0,0.014572388,0.072623491,1.752376509,19.25784663,707.096802,851.925903,0.004283,0.004926
14,4,0,0,80.7168,88.0,14.7,0.00465129,46.6966918060212,16.88873291,0.0,0.001533936,0.069646597,1.755353403,25.40175566,720.59082,866.624329,0.004189,0.004853
15,4,0,0,82.8473,88.0,14.7,0.004673293,49.4948260134766,22.56317139,0.0,-0.015531097,0.072857141,1.752142859,33.12805273,634.917725,606.676208,0.004126,0.004778
16,4,0,0,84.0506,86.0,15.3,0.004691264,52.4443658981544,22.47528076,0.0,-0.000959,0.039053679,1.785946321,40.8774966,625.275513,616.34613,0.004098,0.004842
17,4,0,0,81.7501,85.0,15.3,0.004709054,55.4630333731922,18.78112793,0.0,0.008436646,-0.013516665,1.838516665,49.60634251,734.237305,818.541321,0.003984,0.004635
18,4,0,0,79.3336,87.0,15.9,0.004721144,57.8166533564008,19.83581543,0.0,0.0,-0.050513506,1.875513506,58.51568595,733.831726,850.684082,0.003886,0.004588
19,4,0,0,82.1855,87.0,15.9,0.004732699,60.618716799653,21.81610107,0.0,-0.012463226,-0.07964921,1.90464921,68.37455651,627.588074,588.997925,0.003787,0.00446
20,4,0,0,84.1269,85.0,16.4,0.004744406,62.9737728291304,21.2008667,0.0,0.023776001,-0.135504961,1.960504961,78.21342514,627.379395,594.027527,0.003783,0.004459
21,4,0,0,85.25,88.0,16.4,0.00476523,65.4128429083414,19.13269043,0.0,0.0,-0.147885561,1.972885561,89.44494455,622.042908,609.176025,0.003832,0.004451
22,4,0,0,85.9225,91.0,16.9,0.004793372,67.3561679671628,19.17663574,0.0,0.010737549,-0.121426821,1.946426821,99.7288983,744.203613,847.839478,0.004004,0.004623
23,4,0,0,86.5247,90.0,16.9,0.004832225,69.5245622666368,19.17663574,0.0,0.003834839,-0.056307554,1.881307554,111.9560014,720.718018,823.220276,0.003942,0.004586
24,4,0,0,86.1223,88.0,17.0,0.004860342,70.1997130018652,0.0,50.39978027,-0.012463226,0.02948451,1.79551549,123.0219364,628.388977,596.936218,0.004004,0.004692
25,4,0,0,86.9308,89.0,17.0,0.004874315,69.439595197942,0.0,42.48962402,-0.010929291,0.070775747,1.754224253,136.0975757,739.841675,862.378601,0.003986,0.004685
26,4,0,0,87.7547,87.0,17.1,0.004871143,68.7801625324388,0.0,0.0,0.019941162,0.037442923,1.787557077,147.9214529,637.401001,597.50177,0.003924,0.004582
27,4,0,0,88.1306,83.0,17.1,0.004859382,69.0339640765012,7.432250977,0.0,0.003067871,0.064281702,1.760718298,161.857086,742.202576,849.14447,0.003765,0.004425
28,4,0,0,88.2566,84.0,17.2,0.004848919,69.3397026755654,7.959594727,0.0,-0.000959,0.124898195,1.700101805,174.3976876,615.441101,583.802673,0.003885,0.00439
29,4,0,0,89.0631,85.0,17.2,0.004836959,69.6650973349612,7.608032227,0.0,-0.000959,0.19667697,1.62832303,189.0853424,626.80957,588.224915,0.003985,0.004739
30,4,0,0,89.4502,84.0,17.2,0.004823508,69.938114092849,7.608032227,0.0,-0.007094452,0.249415159,1.575584841,202.2398688,621.431519,587.167419,0.004034,0.004624
31,4,0,0,89.8844,85.0,17.2,0.004803671,70.3246938795566,8.885192871,0.0,-0.007094452,0.274518728,1.550481272,218.258906,636.262817,595.973694,0.004057,0.004764
32,4,0,0,90.2348,87.0,17.3,0.004781961,70.7251711701144,9.324645996,0.0,-0.003259613,0.265413046,1.559586954,231.2734353,637.411499,592.981812,0.004018,0.004727
33,4,0,0,90.81,88.0,17.3,0.004750298,71.3319560316982,10.81878662,0.0,-0.003259613,0.232928991,1.592071009,247.4553452,730.306885,828.000488,0.004017,0.004727
34,4,0,0,91.078,86.0,17.4,0.004717385,71.9522454928646,11.21429443,0.0,0.001533936,0.19147706,1.63352294,260.3018943,630.410706,589.830872,0.003954,0.004717
35,4,0,0,91.3926,87.0,17.4,0.004677931,72.3188000849248,8.486938477,0.0,0.003067871,0.16202426,1.66297574,276.2387487,618.77887,594.457703,0.003986,0.004686
36,4,0,0,91.8459,85.0,17.4,0.004645556,72.6411846186912,8.530883789,0.0,0.005368774,0.165738821,1.659261179,289.6198814,636.294983,597.741089,0.003862,0.0046
37,4,0,0,91.3926,81.0,17.4,0.004615555,72.9962965619504,8.442993164,0.0,0.003067871,0.194528341,1.630471659,304.984987,632.576294,592.080994,0.003909,0.004646
38,4,0,0,91.6187,80.0,17.2,0.004596879,73.3173243255364,9.632263184,0.0,-0.003259613,0.23548007,1.58951993,318.4789508,640.425293,595.223572,0.003916,0.004527
39,4,0,0,91.8004,85.0,17.2,0.004579248,73.7646336193084,9.192810059,0.0,-0.005560516,0.270217657,1.554782343,333.9504414,640.356995,595.840881,0.003944,0.004551
40,4,0,0,90.5879,86.0,17.3,0.004562877,74.1633731445342,9.632263184,0.0,-0.010162323,0.269605398,1.555394602,347.5307661,740.460388,838.571899,0.003745,0.004549
41,4,0,0,91.3476,85.0,17.3,0.004547981,74.4581055960856,8.486938477,0.0,-0.005560516,0.213151217,1.611848783,363.1016671,644.302673,589.072083,0.003753,0.004359
42,4,0,0,91.4378,86.0,17.1,0.004549561,74.8200881175794,9.456481934,0.0,0.00690271,0.138067484,1.686932516,376.7844357,644.149414,584.039978,0.003736,0.004374
43,4,0,0,90.6766,86.0,17.1,0.004575498,75.258556003166,9.500427246,0.0,0.0,0.075795412,1.749204588,392.4947392,642.02771,593.388672,0.003842,0.004534
44,4,0,0,91.7549,83.0,17.1,0.004613058,75.5978545393984,8.973083496,0.0,0.008436646,0.036789179,1.788210821,406.3186108,639.978821,610.397705,0.00407,0.004787
45,4,0,0,91.5282,82.0,17.1,0.004656146,75.9575940593606,8.973083496,0.0,0.0,0.018254995,1.806745005,422.2220031,636.295288,605.656494,0.003976,0.004738
46,4,0,0,91.9828,82.0,17.2,0.004682885,76.267352998959,9.060974121,0.0,0.003067871,0.022158384,1.802841616,436.2276564,748.692505,842.357422,0.003911,0.004689
47,4,0,0,92.9524,79.0,17.2,0.004697212,76.6189783875752,9.060974121,0.0,0.003067871,0.041336298,1.783663702,452.2876858,729.837219,845.681396,0.003661,0.004375
48,4,0,0,93.6102,79.0,17.3,0.004694209,76.3717721602338,0.0,24.03259277,-0.000959,0.071020365,1.753979635,467.0629624,746.204712,849.8974,0.003773,0.004487
49,4,0,0,93.895,83.0,17.3,0.004672521,75.5446611853124,2.197265625,0.0,0.001533936,0.101540804,1.723459196,482.5644348,732.966309,855.129578,0.003714,0.004406
50,4,0,0,94.3735,82.0,17.4,0.004645722,74.8516919502578,0.3515625,0.0,-0.001725677,0.127403021,1.697596979,497.4417946,635.56842,589.274475,0.003761,0.004402
51,4,0,0,94.9541,81.0,17.4,0.004624677,74.6747004224464,3.342590332,0.0,-0.003259613,0.147326708,1.677673292,513.7318125,637.305725,589.531189,0.00378,0.004439
52,4,0,0,95.3944,83.0,17.1,0.004624739,74.0651365847374,4.00177002,0.0,0.005368774,0.135386229,1.689613771,528.0467228,640.076782,605.714722,0.003832,0.004511
53,4,0,0,93.0925,85.0,17.1,0.004641912,73.9110678682434,0.0,0.0,0.001533936,0.134920835,1.690079165,544.4747864,641.315002,591.627502,0.003662,0.004317
54,4,0,0,92.9524,84.0,17.2,0.004659267,73.2954855334562,4.836730957,0.0,0.0,0.146491766,1.678508234,558.9108326,632.340088,591.446716,0.003655,0.00425
55,4,0,0,94.038,82.0,17.2,0.004666275,73.1301979951684,0.0,0.0,0.0,0.162256479,1.662743521,575.4520454,638.919006,594.939575,0.003576,0.004161
56,4,0,0,94.7598,83.0,17.3,0.004656487,72.7175628168334,5.58380127,0.0,-0.000959,0.176156282,1.648843718,589.9773302,733.410095,844.031921,0.00372,0.004285
57,4,0,0,95.5913,81.0,17.3,0.004638678,72.6146029889772,5.58380127,0.0,0.0,0.188262701,1.636737299,606.6451195,623.6521,600.25177,0.0038,0.004379
58,4,0,0,96.0873,79.0,17.4,0.004630981,72.143607863607,0.0,0.0,-0.007094452,0.19640708,1.62859292,621.9877808,636.560486,589.448608,0.003682,0.004318
59,4,0,0,96.5381,80.0,17.4,0.004634826,71.6016252497322,5.58380127,0.0,-0.000959,0.187702417,1.637297583,638.0857307,574.508423,335.196594,0.00415,0.004788
60,4,0,0,96.9932,81.0,17.4,0.004644357,71.6122401345042,5.58380127,0.0,-0.003259613,0.166206598,1.658793402,653.5346601,642.524475,595.567017,0.004092,0.004808
61,4,0,0,97.5039,80.0,17.4,0.004659441,71.6007700625496,5.05645752,0.0,0.001533936,0.135505915,1.689494085,670.4450034,648.216614,601.835815,0.003917,0.004479
62,4,0,0,97.8646,82.0,17.5,0.004678218,71.5687507143766,4.35333252,0.0,0.0,0.113362551,1.711637449,685.290014,637.476196,599.649475,0.004046,0.004704
63,4,0,0,97.9681,86.0,17.5,0.004706372,71.4765139672206,5.539855957,0.0,0.001533936,0.088500738,1.736499262,702.3103255,643.922913,606.504272,0.003964,0.004587
64,4,0,0,98.228,85.0,17.5,0.004731859,71.483223241307,5.276184082,0.0,0.008436646,0.070000887,1.754999113,717.1972511,640.501282,598.846497,0.004053,0.004695
65,4,0,0,98.7518,84.0,17.5,0.004749824,71.3914135968936,3.82598877,0.0,0.005368774,0.069319487,1.755680513,734.0811653,744.893982,862.252014,0.003804,0.004534
66,4,0,0,99.1749,85.0,17.3,0.00474785,71.3017278950386,5.58380127,0.0,0.005368774,0.089834929,1.735165071,748.7467495,639.762085,598.726807,0.003857,0.00452
67,4,0,0,99.6552,84.0,17.3,0.004729087,71.3175666169836,5.58380127,0.0,-0.005560516,0.130868196,1.694131804,765.3872635,633.393005,590.626221,0.003873,0.004501
68,4,0,0,99.978,79.0,17.3,0.004706874,71.3314409785246,5.58380127,0.0,-0.001725677,0.154463053,1.670536947,779.9104041,631.674927,587.912476,0.003778,0.004422
69,4,0,0,100.1944,79.0,17.3,0.004681072,71.344345406941,5.539855957,0.0,0.003067871,0.175496817,1.649503183,796.4394069,639.294006,602.343811,0.003821,0.004497
70,4,0,0,99.6016,79.0,17.4,0.004657836,71.3581555075358,5.58380127,0.0,-0.001725677,0.19879508,1.62620492,810.8361245,637.359497,598.183472,0.003769,0.004504
71,4,0,0,98.91,77.0,17.4,0.004631268,71.3727940641758,5.58380127,0.0,0.003834839,0.221384764,1.603615236,827.9448395,643.498779,595.223083,0.004056,0.004675
72,4,0,0,99.6016,79.0,17.5,0.004612152,71.4337825945132,6.773071289,0.0,-0.010929291,0.246048212,1.578951788,841.541711,636.476624,596.825928,0.003811,0.004448
73,4,0,0,100.4117,82.0,17.5,0.004593839,71.5894889592978,6.817016602,0.0,-0.007094452,0.245251417,1.579748583,858.4994896,653.991699,610.066711,0.003707,0.004385
74,4,0,0,100.7943,84.0,17.5,0.004574862,71.7212079987286,6.860961914,0.0,-0.000959,0.216489553,1.608510447,872.0147967,638.977722,594.242615,0.003716,0.004365
75,4,0,0,97.299,84.0,17.5,0.004549531,71.8751772097304,6.860961914,0.0,-0.003259613,0.169575453,1.655424547,888.8454274,642.278809,604.537292,0.003716,0.004346
76,4,0,0,94.038,86.0,17.6,0.004530263,72.0042298624624,6.904907227,0.0,-0.003259613,0.1213696,1.7036304,902.2931834,646.111572,609.265015,0.003727,0.004453
77,4,0,0,95.5913,82.0,17.6,0.004517013,72.1469463267832,6.685180664,0.0,0.014572388,0.056745291,1.768254709,919.0631493,645.727478,615.474121,0.003733,0.004396
78,4,0,0,97.5553,78.0,17.6,0.004512661,72.2498794395954,6.685180664,0.0,0.016106323,0.016287565,1.808712435,933.0433851,728.23999,858.003906,0.003603,0.004431
79,4,0,0,98.228,77.0,17.6,0.004513022,72.017951562011,5.938110352,0.0,0.001533936,0.023817778,1.801182222,948.9555604,734.478577,851.722412,0.003573,0.004349
80,4,0,0,94.4216,77.0,17.6,0.004516559,72.1180595428268,6.641235352,0.0,-0.004793549,0.045241117,1.779758883,962.8794354,611.989807,590.611816,0.003677,0.004318
81,4,0,0,94.6629,76.0,17.6,0.004523872,72.1662093380066,0.0,11.43493652,0.001533936,0.062965631,1.762034369,978.7928822,677.456726,588.474121,0.003774,0.004394
82,4,0,0,96.8917,77.0,17.7,0.004533474,71.6108737404706,0.0,33.99353027,0.001533936,0.072968245,1.752031755,992.7114515,645.446411,587.593323,0.003682,0.004279
83,4,0,0,97.8646,76.0,17.7,0.004548856,70.9815076660778,0.0,34.14001465,-0.010162323,0.088667631,1.736332369,1008.606095,686.795471,584.331177,0.003975,0.004719
84,4,0,0,96.7904,71.0,17.7,0.004564653,70.4622567222086,0.0,19.49157715,0.008436646,0.090173006,1.734826994,1022.50423,637.911499,595.322998,0.003939,0.004532
85,4,0,0,97.4526,70.0,17.7,0.0045803,69.8943903689108,0.0,3.671264648,-0.012463226,0.085618258,1.739381742,1038.388553,659.264587,578.574585,0.004035,0.004658
86,4,0,0,98.8045,73.0,18.0,0.004587278,69.7624731553524,6.026000977,0.0,0.005368774,0.067699194,1.757300806,1052.280383,622.820923,602.455872,0.003907,0.004468
87,4,0,0,99.8163,73.0,18.0,0.004583428,69.849632096847,6.289672852,0.0,0.003834839,0.043302298,1.781697702,1068.128624,673.324585,592.115601,0.003928,0.004635
88,4,0,0,100.4662,73.0,18.0,0.004570266,69.968426816419,6.948852539,0.0,0.003834839,0.032198668,1.792801332,1082.653702,607.580872,249.281494,0.004248,0.004982
89,4,0,0,101.0142,78.0,18.0,0.004550266,70.223164336532,8.135375977,0.0,0.0,0.024498224,1.800501776,1097.841773,637.881775,591.738708,0.003815,0.004382
90,4,0,0,100.8491,78.0,18.0,0.004534481,70.4673725404808,7.959594727,0.0,-0.001725677,0.011570215,1.813429785,1112.37194,718.498901,835.78717,0.003617,0.004444
91,4,0,0,100.1402,74.0,18.0,0.004524866,70.794407857633,9.632263184,0.0,-0.001725677,-0.007556677,1.832556677,1127.564767,631.814819,599.029724,0.003824,0.004444
92,4,0,0,100.9041,76.0,18.0,0.004526767,70.521611531045,0.0,51.4251709,-0.003259613,-0.028505564,1.853505564,1142.099565,607.995911,591.463806,0.004046,0.004741
93,4,0,0,101.5682,77.0,18.0,0.004535247,70.0069994131654,0.0,2.206420898,-0.000959,-0.06109643,1.88609643,1155.315156,724.0401,588.820679,0.004039,0.004754
94,4,0,0,101.5682,75.0,18.0,0.004545263,69.8343437369952,5.58380127,0.0,0.00690271,-0.106281042,1.931281042,1171.839552,647.543823,605.4151,0.004064,0.004726
95,4,0,0,101.8475,75.0,18.0,0.004552003,69.864411068402,5.806274414,0.0,-0.003259613,-0.135712385,1.960712385,1185.740355,661.236877,601.714905,0.004125,0.004781
96,4,0,0,102.4674,74.0,18.0,0.004558662,69.9804200687142,6.641235352,0.0,0.001533936,-0.164195776,1.989195776,1201.655818,573.966187,603.3797,0.004153,0.004815
97,4,0,0,102.8658,72.0,18.0,0.004562566,70.1452545456052,8.267211914,0.0,0.001533936,-0.191548109,2.016548109,1215.606969,882.695374,583.532471,0.004016,0.004629
98,4,0,0,103.0375,76.0,18.0,0.004560324,70.485379815889,9.500427246,0.0,0.001533936,-0.218210459,2.043210459,1231.579419,642.284607,600.283691,0.004545,0.005093
99,4,0,0,103.2098,79.0,18.0,0.004547738,70.8249505719824,9.588317871,0.0,0.001533936,-0.237638235,2.062638235,1245.579932,653.914917,730.163208,0.003994,0.004777
100,4,0,0,103.7301,77.0,18.0,0.004518838,71.2576157729848,11.21429443,0.0,0.009203613,-0.256878614,2.081878614,1261.607497,740.927307,857.294006,0.003906,0.004494
101,4,0,0,104.0215,79.0,18.0,0.004483841,71.826649235744,12.5793457,0.0,0.013038452,-0.256438017,2.081438017,1275.652498,659.381897,594.079102,0.003964,0.00462
102,4,0,0,104.491,81.0,18.3,0.00444018,72.4940136621844,12.53540039,0.0,0.012271484,-0.208065271,2.033065271,1291.676488,649.689575,597.360901,0.003961,0.004571
103,4,0,0,104.7274,80.0,18.3,0.004406812,73.0682108210808,12.5793457,0.0,-0.010929291,-0.137927771,1.962927771,1305.692337,640.475525,600.904419,0.003966,0.004606
104,4,0,0,105.0244,81.0,18.3,0.004380694,73.7342284391554,12.88696289,0.0,-0.000959,-0.072208166,1.897208166,1321.729192,647.270691,589.289001,0.003918,0.0046
105,4,0,0,105.383,85.0,18.3,0.004369355,74.2960855812668,12.9309082,0.0,-0.008628387,-0.029929399,1.854929399,1336.361561,641.642212,590.832703,0.00392,0.004659
106,4,0,0,105.503,86.0,18.3,0.00436905,74.9646862705084,12.84301758,0.0,-0.012463226,0.00339818,1.82160182,1351.541287,630.485901,588.666077,0.003786,0.004542
107,4,0,0,105.6234,81.0,18.3,0.004378479,75.1091819567596,0.0,0.0,0.003834839,-0.003176451,1.828176451,1365.949282,663.931274,575.001099,0.003811,0.004475
108,4,0,0,105.8649,79.0,18.2,0.004398913,74.8515656170678,6.289672852,0.0,0.008436646,-0.017758131,1.842758131,1381.543487,650.971802,588.203613,0.003769,0.004516
109,4,0,0,106.2903,79.0,18.2,0.004424229,74.9538173836042,7.695922852,0.0,0.005368774,-0.009002447,1.834002447,1395.107727,626.884216,601.345581,0.003714,0.004427
110,4,0,0,106.5348,78.0,18.2,0.004457792,75.2059199313352,9.324645996,0.0,0.008436646,0.022636652,1.802363348,1410.618358,617.559326,595.033813,0.003698,0.004356
111,4,0,0,106.719,79.0,18.2,0.00448365,75.4311356863014,3.82598877,0.0,-0.000959,0.070787191,1.754212809,1424.209287,631.882202,587.925903,0.003828,0.004556
112,4,0,0,106.8422,83.0,18.5,0.004499633,74.8310624484404,0.0,15.82946777,0.0,0.123654604,1.701345396,1439.773024,614.633728,589.004822,0.003832,0.004543
113,4,0,0,107.2133,83.0,18.5,0.004500567,74.2851416186516,0.52734375,0.0,-0.007094452,0.168079615,1.656920385,1452.75981,692.565979,564.153381,0.003657,0.004377
114,4,0,0,107.3998,82.0,18.5,0.00449318,74.1755509076604,5.58380127,0.0,-0.008628387,0.199579477,1.625420523,1468.41602,657.347473,589.299805,0.003757,0.004383
115,4,0,0,107.5246,82.0,18.5,0.00448378,74.168158388277,6.113891602,0.0,-0.012463226,0.209541082,1.615458918,1482.821417,605.853577,581.919128,0.003737,0.004403
116,4,0,0,107.9005,76.0,18.4,0.004473452,73.9661182880356,0.0,10.4095459,0.0,0.183816671,1.641183329,1497.775028,613.204712,589.474182,0.003693,0.004287
117,4,0,0,107.9634,73.0,18.4,0.00447096,73.4397893541926,0.0,14.5111084,-0.005560516,0.146759748,1.678240252,1512.001041,549.522888,622.780029,0.003774,0.004502
118,4,0,0,107.5246,72.0,18.7,0.004479566,72.8291192561676,0.0,14.07165527,-0.013997162,0.088769197,1.736230803,1527.522769,728.843323,859.861694,0.003826,0.004487
119,4,0,0,107.6496,74.0,18.7,0.004494129,72.4642659135148,5.58380127,0.0,0.005368774,0.001006842,1.823993158,1541.120445,618.117615,594.585327,0.003937,0.004544
120,4,0,0,108.279,77.0,18.6,0.004514867,72.5803285531292,7.256469727,0.0,0.003067871,-0.087599993,1.912599993,1556.694621,687.979797,583.328674,0.003831,0.004487
121,4,0,0,108.5329,80.0,18.6,0.004534562,72.7173794003536,6.904907227,0.0,-0.007094452,-0.145666838,1.970666838,1570.377598,635.515381,585.184998,0.003728,0.004412
122,4,0,0,108.724,80.0,18.5,0.00455664,72.79041681787,5.58380127,0.0,-0.000959,-0.226518393,2.051518393,1586.098929,639.620605,588.728516,0.003932,0.00464
123,4,0,0,108.9799,79.0,18.5,0.00457482,72.7839146175614,5.58380127,0.0,0.030678711,-0.304590464,2.129590464,1599.930314,639.338989,600.592407,0.004082,0.004866
124,4,0,0,109.2371,82.0,18.5,0.004593845,72.522699648789,0.0,22.42126465,0.021475098,-0.346124411,2.171124411,1615.861647,630.611877,593.397217,0.003973,0.00468
125,4,0,0,109.3016,82.0,18.5,0.00460797,72.0079983090998,0.0,0.0,0.003834839,-0.308068991,2.133068991,1629.924008,669.137512,598.662415,0.00402,0.004723
126,4,0,0,109.69,78.0,18.5,0.004619251,71.5915783493264,5.627746582,0.0,-0.019365936,-0.214706659,2.039706659,1646.129998,646.421082,582.137695,0.003884,0.00469
127,4,0,0,109.8853,75.0,18.5,0.004623177,71.6553957936092,7.300415039,0.0,-0.000959,-0.172680616,1.997680616,1660.429515,637.146606,597.476624,0.003848,0.004589
128,4,0,0,110.4094,76.0,18.7,0.004620344,71.690049663549,5.23223877,0.0,-0.000959,-0.146970987,1.971970987,1676.90819,727.904175,842.877686,0.003817,0.00455
129,4,0,0,110.4753,76.0,18.7,0.004615412,71.7269469373554,6.817016602,0.0,0.018407227,-0.125350237,1.950350237,1691.444859,631.292908,613.762085,0.003924,0.004684
130,4,0,0,110.6733,74.0,18.6,0.004618347,71.5907749667984,5.58380127,0.0,-0.000959,-0.059628248,1.884628248,1708.835431,635.305603,593.772217,0.003899,0.004615
131,4,0,0,110.9385,76.0,18.6,0.004634665,71.7298860267172,7.739868164,0.0,-0.005560516,0.011832952,1.813167048,1722.698196,620.680908,598.81842,0.004021,0.004772
132,4,0,0,110.2779,79.0,18.6,0.00466174,71.9276589136684,6.597290039,0.0,-0.005560516,0.090164423,1.734835577,1740.038951,637.588196,595.707092,0.003952,0.004828
133,4,0,0,108.7879,78.0,18.6,0.004678966,72.108430346618,8.442993164,0.0,0.0,0.14282155,1.68217845,1753.948684,636.162109,588.274902,0.003825,0.004589
134,4,0,0,109.4307,75.0,18.5,0.004678439,72.3146868371924,7.212524414,0.0,-0.003259613,0.199143171,1.625856829,1771.39259,640.09552,599.414917,0.00378,0.004531
135,4,0,0,107.1513,74.0,18.5,0.004658291,72.4630909504742,7.344360352,0.0,-0.005560516,0.24373889,1.58126111,1785.982929,663.188416,591.335205,0.003732,0.004422
136,4,0,0,103.1523,71.0,18.5,0.004620958,72.655443644679,7.739868164,0.0,-0.005560516,0.277816057,1.547183943,1802.530002,635.959412,591.930603,0.003836,0.004552
137,4,0,0,104.7274,69.0,18.5,0.00458857,72.8424435935768,7.871704102,0.0,-0.015531097,0.292985201,1.532014799,1816.95472,640.604492,602.13208,0.003799,0.004445
138,4,0,0,106.5962,71.0,18.4,0.004567623,73.0598427680696,8.135375977,0.0,-0.016298065,0.281759501,1.543240499,1833.435529,634.941406,605.201782,0.003829,0.004525
139,4,0,0,107.4622,72.0,18.4,0.004570068,73.2757056022248,8.442993164,0.0,-0.008628387,0.230308771,1.594691229,1847.847941,637.144104,591.758606,0.003692,0.004417
140,4,0,0,108.1525,73.0,18.4,0.004592173,73.5338537000394,8.574829102,0.0,0.0,0.134725332,1.690274668,1864.210422,640.841614,590.992126,0.00388,0.00463
141,4,0,0,108.9799,75.0,18.4,0.004618835,73.7800448522692,9.236755371,0.0,0.005368774,0.045634985,1.779365015,1878.417131,648.145813,606.896606,0.003964,0.004582
142,4,0,0,109.2371,78.0,18.4,0.004648127,74.1265285766128,9.456481934,0.0,0.017640259,-0.041971922,1.866971922,1894.545313,643.176392,599.496887,0.003782,0.004614
143,4,0,0,109.6251,76.0,18.4,0.004667143,74.410550741717,9.324645996,0.0,0.013038452,-0.074880362,1.899880362,1908.646041,649.191406,609.394775,0.00374,0.004369
144,4,0,0,109.755,74.0,18.3,0.004677675,74.7299013799022,9.236755371,0.0,0.013038452,-0.071371317,1.896371317,1924.794093,635.19281,592.349487,0.003724,0.004289
145,4,0,0,110.0812,74.0,18.3,0.004680631,75.0007618314042,9.280700684,0.0,-0.010929291,-0.03427577,1.85927577,1939.618069,640.552795,595.025879,0.00402,0.004724
146,4,0,0,110.6072,73.0,18.3,0.004687034,75.309192115992,9.500427246,0.0,0.0,0.001794577,1.823205423,1955.118046,644.68573,595.195313,0.004087,0.004809
147,4,0,0,111.205,72.0,18.3,0.004698112,75.5905567135806,9.500427246,0.0,0.001533936,0.035557032,1.789442968,1969.927707,644.596008,598.174683,0.004036,0.004753
148,4,0,0,111.4728,75.0,18.3,0.004711117,75.8895685933128,8.530883789,0.0,-0.000959,0.077726126,1.747273874,1985.303633,643.845215,595.649719,0.004085,0.004844
149,4,0,0,111.6744,73.0,18.3,0.004718508,76.0378200446022,8.355102539,0.0,0.003067871,0.124563456,1.700436544,1999.906729,642.930176,597.547974,0.004085,0.004881
150,4,0,0,111.8093,72.0,18.3,0.004722572,76.2634056259004,8.841247559,0.0,-0.012463226,0.176674128,1.648325872,2015.821865,629.159119,595.906006,0.003958,0.004825
151,4,0,0,110.1467,75.0,18.3,0.004724647,76.4871165353128,8.929138184,0.0,-0.012463226,0.207779646,1.617220354,2029.766571,640.2323,590.691711,0.003919,0.004682
152,4,0,0,110.4094,77.0,18.2,0.004727863,76.7286716457112,8.929138184,0.0,-0.004793549,0.202467203,1.622532797,2045.700113,635.775879,558.762878,0.003774,0.004378
153,4,0,0,110.8058,77.0,18.2,0.004728737,76.6754283216182,0.0,18.0267334,-0.003259613,0.176941633,1.648058367,2059.637832,601.890198,582.628174,0.003713,0.004371
154,4,0,0,111.005,81.0,18.2,0.004719997,76.0529918560512,0.0,18.6126709,-0.003259613,0.139142275,1.685857725,2075.563798,628.090698,584.911316,0.003858,0.004518
155,4,0,0,111.6071,77.0,18.2,0.004701092,75.4924382632464,0.0,9.384155273,0.001533936,0.093724012,1.731275988,2089.537247,741.475891,839.505127,0.003633,0.004215
156,4,0,0,112.2158,73.0,18.2,0.004666266,74.8803836982996,0.0,0.0,0.001533936,0.048403978,1.776596022,2105.542323,621.930115,596.440308,0.0037,0.004363
157,4,0,0,112.6253,71.0,18.2,0.004624875,74.3666341383798,0.0,0.0,0.001533936,0.014259577,1.810740423,2119.589533,628.5672,581.354004,0.003569,0.004166
158,4,0,0,113.1068,71.0,18.2,0.004573812,73.7833395574908,0.0,14.21813965,-0.008628387,-0.021676779,1.846676779,2135.678051,597.87793,589.424377,0.003536,0.004087
159,4,0,0,113.3144,69.0,18.2,0.004536352,73.2420812109896,0.0,5.575561523,0.003834839,-0.067094088,1.892094088,2149.788028,624.25293,574.213806,0.00339,0.003951
160,4,0,0,113.3144,68.0,18.2,0.004506669,72.9259173878724,5.58380127,0.0,0.00690271,-0.125855684,1.950855684,2166.630713,638.374817,583.906311,0.003516,0.004108
161,4,0,0,108.5329,72.0,18.2,0.00449065,72.918097588719,5.58380127,0.0,0.018407227,-0.159758806,1.984758806,2180.142126,637.818298,593.739807,0.003597,0.004202
162,4,0,0,108.9159,72.0,18.2,0.004482315,72.9022651271066,5.40802002,0.0,0.023009033,-0.157625437,1.982625437,2197.08185,641.962891,601.887512,0.003641,0.004289
163,4,0,0,111.0716,73.0,18.2,0.004480659,72.8751844893388,5.451965332,0.0,0.008436646,-0.10814786,1.93314786,2210.677072,624.75592,586.084717,0.003791,0.004339
164,4,0,0,111.8768,74.0,18.4,0.004477817,72.4479125246378,5.364074707,0.0,-0.020132904,-0.017743826,1.842743826,2227.728431,649.188721,601.763794,0.003866,0.004494
165,4,0,0,112.4202,73.0,18.4,0.004470995,72.4463303824838,5.58380127,0.0,-0.003259613,0.031415701,1.793584299,2241.423246,648.497986,591.621521,0.003828,0.004444
166,4,0,0,113.1759,70.0,18.4,0.004460212,72.1919490414996,0.0,0.0,-0.005560516,0.065510035,1.759489965,2258.61424,641.124817,614.510315,0.003903,0.004562
167,4,0,0,113.5228,70.0,18.4,0.004451126,71.66255674506,0.0,0.0,-0.003259613,0.081484556,1.743515444,2273.114648,642.062805,590.468872,0.003829,0.004569
168,4,0,0,113.8019,71.0,18.4,0.004443625,71.3533641804878,3.518371582,0.0,-0.003259613,0.087444544,1.737555456,2289.750865,645.694092,590.139893,0.003794,0.004469
169,4,0,0,114.0823,70.0,18.4,0.004441162,71.3085432407244,5.58380127,0.0,-0.003259613,0.083441973,1.741558027,2304.363584,639.659729,585.053284,0.003809,0.004577
170,4,0,0,114.6473,70.0,18.3,0.004442755,71.3199328295856,5.58380127,0.0,0.0,0.0699718,1.7550282,2321.129613,631.944519,580.408203,0.003762,0.004385
171,4,0,0,114.7184,72.0,18.3,0.004447598,71.3314874884506,5.58380127,0.0,-0.004793549,0.055377245,1.769622755,2335.856678,644.392517,598.194519,0.003925,0.004569
172,4,0,0,115.0748,72.0,18.3,0.004457761,71.3449687365098,5.58380127,0.0,0.0,0.029349089,1.795650911,2352.737135,648.09613,595.260071,0.003898,0.004559
173,4,0,0,115.2897,71.0,18.3,0.004467912,71.3561797851914,5.58380127,0.0,0.001533936,0.000972,1.824028444,2367.542896,637.855896,595.032288,0.003819,0.004495
174,4,0,0,115.722,72.0,18.3,0.004474481,71.3724971570392,5.715637207,0.0,0.001533936,-0.027743578,1.852743578,2384.514494,638.085815,585.93573,0.003719,0.004321
175,4,0,0,115.9393,74.0,18.3,0.00447433,71.4595648650492,6.729125977,0.0,0.001533936,-0.048910379,1.873910379,2399.410081,643.00531,591.928711,0.003821,0.004397
176,4,0,0,116.012,71.0,18.3,0.004473391,71.5691175312428,6.289672852,0.0,0.012271484,-0.062229872,1.887229872,2416.471763,642.431885,604.809875,0.003698,0.004357
177,4,0,0,116.3765,72.0,18.3,0.004479103,71.6022506875364,5.75958252,0.0,0.0,-0.048207045,1.873207045,2432.023694,639.411926,587.553223,0.003631,0.004278
178,4,0,0,116.523,74.0,18.2,0.004497269,71.629725726258,6.333618164,0.0,-0.000959,-0.019588232,1.844588232,2448.15667,630.882019,579.854614,0.003499,0.004077
179,4,0,0,116.7433,74.0,18.2,0.004521653,71.7067772883496,6.333618164,0.0,-0.000959,0.003344774,1.821655226,2463.468882,621.279602,587.634583,0.003564,0.004126
180,4,0,0,116.7433,74.0,18.2,0.004552163,71.7881766433852,6.377563477,0.0,-0.007094452,0.025738001,1.799261999,2480.041224,553.292725,248.586395,0.003862,0.004436
181,4,0,0,116.9645,78.0,18.2,0.004573773,71.9141398622126,7.212524414,0.0,-0.010162323,0.036362886,1.788637114,2494.430082,643.759216,578.997314,0.003751,0.004267
182,4,0,0,117.484,81.0,18.2,0.004588914,72.069397253324,7.212524414,0.0,-0.007094452,0.020694494,1.804305506,2510.747606,639.973328,584.132874,0.003655,0.004301
183,4,0,0,117.7829,79.0,18.2,0.004596059,72.2076969805752,7.168579102,0.0,0.008436646,-0.007618189,1.832618189,2524.935993,709.672485,833.279175,0.003608,0.004384
184,4,0,0,117.9329,78.0,17.9,0.004600808,72.3396013516004,7.212524414,0.0,0.005368774,-0.016487837,1.841487837,2539.114561,644.314392,582.184692,0.003663,0.004253
185,4,0,0,117.9329,79.0,17.9,0.00460731,72.4956195421034,5.850219727,0.0,0.005368774,-0.006374121,1.831374121,2555.31629,648.319824,578.202515,0.003726,0.004361
186,4,0,0,117.484,77.0,17.9,0.004617264,72.495671588159,5.58380127,0.0,-0.000959,0.015033007,1.809966993,2569.487696,682.545593,590.246094,0.00375,0.004339
187,4,0,0,115.9393,72.0,17.9,0.004632569,72.3642799528578,3.913879395,0.0,-0.003259613,0.043043852,1.781956148,2586.302365,599.72467,591.056885,0.003579,0.004249
188,4,0,0,116.8907,73.0,17.6,0.004644951,72.31933966444,5.627746582,0.0,-0.005560516,0.06166482,1.76333518,2599.717798,717.904297,581.044617,0.003664,0.004345
189,4,0,0,117.484,77.0,17.6,0.004656197,72.2932872018114,5.539855957,0.0,-0.005560516,0.068987131,1.756012869,2616.466928,657.275085,586.179688,0.003666,0.004339
190,4,0,0,118.008,80.0,17.6,0.004664322,72.2977143513108,6.026000977,0.0,-0.001725677,0.062630415,1.762369585,2629.776172,653.574402,582.156372,0.003623,0.004249
191,4,0,0,118.3096,78.0,17.6,0.004668608,72.3500185772336,6.289672852,0.0,0.003067871,0.045220137,1.779779863,2646.318307,678.149719,580.008484,0.003867,0.004565
192,4,0,0,118.6887,78.0,17.4,0.004665874,72.411612058477,6.421508789,0.0,0.003834839,0.030980349,1.794019651,2660.18288,674.220215,586.827209,0.004011,0.004632
193,4,0,0,118.9174,78.0,17.4,0.004659352,72.4859240088998,6.333618164,0.0,0.001533936,0.024647474,1.800352526,2676.030086,667.064026,598.038391,0.003943,0.004684
194,4,0,0,119.2236,77.0,17.4,0.004656465,72.5418762384544,6.245727539,0.0,0.001533936,0.024468184,1.800531816,2689.89859,734.763306,852.85553,0.003639,0.004342
195,4,0,0,119.5314,75.0,17.4,0.00466132,72.6000144667178,6.201782227,0.0,-0.003259613,0.026453257,1.798546743,2705.751132,686.230408,591.387878,0.003824,0.004554
196,4,0,0,119.6859,74.0,17.5,0.004672518,72.6464451327228,6.201782227,0.0,-0.003259613,0.022189856,1.802810144,2719.624544,667.94342,599.365295,0.004144,0.004803
197,4,0,0,119.9962,72.0,17.5,0.00468871,72.7015403082604,6.245727539,0.0,-0.000959,0.00976634,1.81523366,2735.482793,621.415894,594.558105,0.004125,0.004752
198,4,0,0,120.3862,71.0,17.3,0.004703354,72.6077610569946,0.0,12.31384277,-0.003259613,-0.005374193,1.830374193,2749.368205,638.008484,587.175903,0.003993,0.004649
199,4,0,0,120.308,72.0,17.3,0.004724036,72.1013337848606,5.58380127,0.0,-0.003259613,-0.031859159,1.856859159,2765.262129,608.655273,604.688721,0.003776,0.004463
200,4,0,0,120.8576,76.0,17.3,0.004748932,72.1322217670136,6.245727539,0.0,0.005368774,-0.062824011,1.887824011,2779.182298,588.236084,588.300476,0.003761,0.004373
201,4,0,0,120.9365,77.0,17.3,0.004782526,72.2138719537816,6.641235352,0.0,-0.000959,-0.095319033,1.920319033,2795.096173,606.041504,600.019714,0.004087,0.004685
202,4,0,0,120.9365,75.0,17.1,0.004809029,72.2986033024466,6.685180664,0.0,-0.000959,-0.126116037,1.951116037,2809.0333,599.957092,597.158203,0.003962,0.004601
203,4,0,0,119.8409,74.0,17.1,0.004827335,72.3817070290092,3.782043457,0.0,-0.000959,-0.160897017,1.985897017,2824.979525,591.486816,594.756104,0.00414,0.004835
204,4,0,0,119.4543,71.0,17.2,0.00483381,72.2207613452008,5.58380127,0.0,0.001533936,-0.194328547,2.019328547,2839.620316,611.255676,598.195618,0.004155,0.004818
205,4,0,0,119.3004,70.0,17.2,0.004840216,72.2793626610492,6.597290039,0.0,0.003067871,-0.233547926,2.058547926,2854.958784,461.558289,634.3927,0.004017,0.004792
206,4,0,0,109.6251,71.0,17.3,0.004850588,72.377034181572,6.860961914,0.0,0.001533936,-0.256989241,2.081989241,2869.660827,643.543213,610.33197,0.004135,0.00477
207,4,0,0,108.5965,71.0,17.3,0.004866488,72.5001606167814,6.948852539,0.0,0.009203613,-0.261664152,2.086664152,2885.733229,645.815491,620.241028,0.004059,0.004699
208,4,0,0,110.0158,71.0,17.3,0.004879548,72.6094698059264,6.948852539,0.0,0.016106323,-0.249944925,2.074944925,2899.823949,626.471313,593.772888,0.004112,0.004795
209,4,0,0,111.8093,73.0,17.3,0.004888347,72.714549713925,6.773071289,0.0,-0.001725677,-0.198265314,2.023265314,2915.93221,492.598785,246.635193,0.004215,0.004959
210,4,0,0,113.1068,74.0,17.4,0.004885669,72.8065078199534,6.773071289,0.0,0.0,-0.144852877,1.969852877,2930.00378,611.411072,586.156372,0.004374,0.004969
211,4,0,0,114.0121,73.0,17.4,0.004866845,72.9109238269218,6.773071289,0.0,0.0,-0.084529161,1.909529161,2946.074169,625.987671,579.145996,0.004132,0.004708
212,4,0,0,114.7184,74.0,17.8,0.004838047,72.9996404807892,6.773071289,0.0,-0.001725677,-0.034585714,1.859585714,2960.130962,609.971313,601.781616,0.003928,0.00462
213,4,0,0,115.5055,73.0,17.8,0.004798224,73.1611618094222,8.003540039,0.0,0.003834839,0.026223421,1.798776579,2976.199104,609.700073,602.923218,0.003918,0.004587
214,4,0,0,116.012,74.0,17.8,0.004766292,73.37072309578,9.236755371,0.0,-0.000959,0.088247061,1.736752939,2990.269962,633.190613,593.200928,0.003679,0.004377
215,4,0,0,116.523,78.0,17.8,0.004743197,73.702341845439,9.764099121,0.0,-0.010162323,0.160650015,1.664349985,3006.367102,630.51709,589.307922,0.003817,0.004586
216,4,0,0,115.6497,77.0,17.8,0.004739984,73.9981337737926,9.764099121,0.0,-0.017832001,0.212255239,1.612744761,3020.466051,618.811523,600.817017,0.003873,0.004622
217,4,0,0,106.9656,77.0,17.8,0.004755056,74.356040545176,9.764099121,0.0,-0.010162323,0.22911334,1.59588666,3037.264762,639.740295,589.691895,0.003836,0.004439
218,4,0,0,100.9041,78.0,18.1,0.004776916,74.6577035872506,9.851989746,0.0,-0.010162323,0.217088938,1.607911062,3050.713569,644.03363,587.428101,0.004028,0.004659
219,4,0,0,102.2411,77.0,18.1,0.004798524,74.9878069662722,9.808044434,0.0,-0.010162323,0.176751852,1.648248148,3067.5368,653.030884,584.583801,0.003877,0.004626
220,4,0,0,105.503,74.0,18.1,0.004808807,75.2806873088846,9.588317871,0.0,-0.004793549,0.115847349,1.709152651,3080.994487,645.285522,583.151611,0.003768,0.004452
221,4,0,0,107.0893,76.0,18.1,0.004814933,75.5656152749144,9.017028809,0.0,-0.004793549,0.02662921,1.79837079,3097.714081,632.799622,562.681091,0.003989,0.004626
222,4,0,0,108.3424,79.0,18.4,0.004820923,75.7984176678548,9.192810059,0.0,-0.008628387,-0.064115763,1.889115763,3111.069887,708.887695,586.929688,0.003945,0.004556
223,4,0,0,109.1084,77.0,18.4,0.004831666,76.0762971752998,9.456481934,0.0,0.012271484,-0.181121588,2.006121588,3127.783445,641.488403,589.0979,0.003904,0.004493
224,4,0,0,109.9505,79.0,18.4,0.004842698,76.329486880481,9.544372559,0.0,0.017640259,-0.261959791,2.086959791,3141.842625,632.41687,591.193176,0.004022,0.004648
225,4,0,0,109.1084,80.0,18.4,0.004847763,76.6225998692838,9.808044434,0.0,0.021475098,-0.305092573,2.130092573,3157.917434,624.402893,592.298523,0.004115,0.004797
226,4,0,0,105.2632,76.0,18.3,0.004836863,76.8858670523308,9.939880371,0.0,0.019941162,-0.292003393,2.117003393,3171.961971,612.809326,586.654114,0.004145,0.004637
227,4,0,0,107.7122,73.0,18.3,0.004806126,77.1906277842242,9.939880371,0.0,0.014572388,-0.211131811,2.036131811,3188.02961,607.656311,581.866089,0.00407,0.004726
228,4,0,0,109.2371,74.0,18.6,0.004773368,77.4542453205892,9.808044434,0.0,-0.001725677,-0.111106157,1.936106157,3202.110959,635.962097,588.996216,0.004095,0.004715
229,4,0,0,110.0158,73.0,18.6,0.004747868,77.656749731514,7.871704102,0.0,-0.007094452,0.010109663,1.814890337,3218.231033,632.406921,593.294617,0.003799,0.004445
230,4,0,0,110.3436,73.0,18.5,0.004746068,77.7466453234918,0.0,3.964233398,-0.007094452,0.104409933,1.720590067,3232.358857,720.365417,588.0755,0.003895,0.004514
231,4,0,0,110.8058,75.0,18.5,0.004763128,77.1241024644574,0.0,135.9466553,-0.013997162,0.187815428,1.637184572,3248.527875,687.573303,591.02179,0.00391,0.004575
232,4,0,0,111.4728,74.0,18.5,0.004781031,76.6121766890926,0.0,240.8294678,-0.008628387,0.222328901,1.602671099,3262.695843,643.280884,618.43512,0.003961,0.004635
233,4,0,0,110.8058,73.0,18.5,0.004792394,76.009087725099,0.0,246.9818115,-0.016298065,0.228201151,1.596798849,3278.91062,644.166016,602.586609,0.003884,0.004548
234,4,0,0,106.5348,74.0,18.7,0.004793647,75.5043075480814,0.0,212.7044678,-0.005560516,0.198566198,1.626433802,3293.802312,742.006592,850.336792,0.0038,0.004583
235,4,0,0,107.8376,75.0,18.7,0.004787186,74.9121950714644,0.0,111.4837646,0.005368774,0.120637178,1.704362822,3309.418027,677.790588,706.371277,0.003861,0.004502
236,4,0,0,107.8376,72.0,18.7,0.00477329,74.4152922918788,0.0,33.99353027,0.008436646,0.0500772,1.7749228,3324.419976,655.099976,591.668396,0.003838,0.004511
237,4,0,0,104.491,74.0,18.7,0.004748614,73.868342691495,3.869934082,0.0,0.008436646,-0.01097846,1.83597846,3340.864349,634.293884,583.846497,0.003962,0.004658
238,4,0,0,104.0799,74.0,18.6,0.004724982,73.8367988389184,0.0,0.0,0.008436646,-0.03930974,1.86430974,3355.319672,622.600403,604.984009,0.003885,0.004682
239,4,0,0,106.4124,73.0,18.6,0.004705201,73.267971323399,0.0,0.0,0.005368774,-0.049073935,1.874073935,3371.91535,623.590027,588.47052,0.003858,0.00452
240,4,0,0,107.6496,75.0,18.6,0.00470045,72.8674470079264,3.738098145,0.0,0.003834839,-0.038092852,1.863092852,3386.501681,729.535889,851.03418,0.003686,0.004482
241,4,0,0,108.3424,75.0,18.6,0.004708497,72.8137205599654,2.548828125,0.0,0.00690271,-0.011295557,1.836295557,3403.24337,621.115723,591.131775,0.003814,0.004482
242,4,0,0,109.1727,73.0,18.5,0.004719904,72.570686868442,4.17755127,0.0,0.003067871,0.029911757,1.795088243,3417.945372,734.090515,806.700012,0.003905,0.004479
243,4,0,0,109.4954,72.0,18.5,0.004729988,72.4576670884326,4.836730957,0.0,0.0,0.086449385,1.738550615,3434.806264,637.887085,587.812805,0.003682,0.004321
244,4,0,0,109.6251,74.0,18.8,0.004733434,72.4384084063338,5.58380127,0.0,-0.003259613,0.141748667,1.683251333,3450.320172,630.793396,595.04718,0.003675,0.004233
245,4,0,0,110.0812,73.0,18.8,0.004733264,72.427338770358,4.573059082,0.0,-0.003259613,0.198402166,1.626597834,3466.600926,729.403809,846.203003,0.003423,0.004175
246,4,0,0,110.4094,72.0,18.7,0.004732843,72.3386851865252,5.58380127,0.0,-0.003259613,0.240280867,1.584719133,3482.235714,571.968811,587.685608,0.00349,0.004144
247,4,0,0,110.8058,75.0,18.7,0.004734148,72.3376368624492,5.58380127,0.0,-0.003259613,0.280529261,1.544470739,3498.646629,631.250793,590.012512,0.003464,0.004056
248,4,0,0,111.3387,79.0,18.6,0.004736459,72.3368686600936,5.58380127,0.0,-0.007094452,0.309304476,1.515695524,3514.406704,635.071106,586.438416,0.003769,0.004388
249,4,0,0,111.4057,80.0,18.6,0.00473664,72.3395342582158,5.75958252,0.0,-0.007094452,0.32675004,1.49824996,3531.654955,653.659302,593.766907,0.003773,0.004434
250,4,0,0,111.8093,83.0,18.6,0.004731608,72.3570455833162,6.113891602,0.0,-0.007094452,0.326024771,1.498975229,3546.764434,636.367676,586.348206,0.0038,0.004433
251,4,0,0,108.4058,82.0,18.6,0.004718769,72.445871849331,6.641235352,0.0,-0.007094452,0.306986094,1.518013906,3563.920088,729.510681,846.565491,0.003699,0.004453
252,4,0,0,100.3573,79.0,18.5,0.004700854,72.512371548405,6.377563477,0.0,-0.003259613,0.273548841,1.551451159,3578.815003,632.750427,598.5401,0.003687,0.004293
253,4,0,0,102.0721,75.0,18.5,0.004675257,72.5891880502962,6.597290039,0.0,0.0,0.223309278,1.601690722,3595.705931,631.068115,580.107483,0.003741,0.004389
254,4,0,0,104.7274,77.0,18.5,0.004654673,72.6805078438004,6.904907227,0.0,-0.010929291,0.174745798,1.650254202,3610.370996,635.406128,587.981873,0.003672,0.004288
255,4,0,0,106.2903,75.0,18.5,0.004643049,72.7885869017296,6.817016602,0.0,0.00690271,0.106271029,1.718728971,3627.001444,634.974976,583.820618,0.003547,0.004316
256,4,0,0,106.7806,73.0,18.4,0.004649137,72.8798445747098,6.641235352,0.0,0.017640259,0.043363333,1.781636667,3641.440779,644.389221,585.888916,0.003649,0.004335
257,4,0,0,107.1513,75.0,18.4,0.004670486,72.9549067672538,5.982055664,0.0,0.009203613,0.006749392,1.818250608,3657.856078,675.310791,589.258301,0.003685,0.004311
258,4,0,0,107.8376,77.0,18.4,0.004691902,72.9829160746686,5.982055664,0.0,0.005368774,0.00619626,1.81880374,3672.164239,676.437927,588.563477,0.003623,0.004258
259,4,0,0,108.5965,80.0,18.4,0.004711816,73.0384990089734,6.509399414,0.0,0.010737549,0.021481752,1.803518248,3689.070742,659.512024,585.858215,0.003555,0.004211
260,4,0,0,109.0441,85.0,18.4,0.004723463,73.1026887901586,6.509399414,0.0,0.00690271,0.04913497,1.77586503,3702.557037,643.629822,590.289612,0.003711,0.004346
261,4,0,0,109.4307,90.0,18.4,0.004728866,73.1821096065048,6.685180664,0.0,-0.005560516,0.10295701,1.72204299,3719.372276,640.333496,597.677795,0.003908,0.004614
262,4,0,0,109.755,95.0,18.0,0.004727372,73.2642148502512,5.58380127,0.0,-0.008628387,0.150061846,1.674938154,3732.793583,719.913696,847.609802,0.003805,0.004531
263,4,0,0,110.4094,96.0,18.0,0.004724568,73.331595856096,6.773071289,0.0,-0.004793549,0.182852507,1.642147493,3749.561088,640.978271,588.75592,0.003711,0.004381
264,4,0,0,110.6072,96.0,17.7,0.004725303,73.4067231625364,6.685180664,0.0,-0.007094452,0.198387861,1.626612139,3763.642204,639.276672,594.398071,0.003838,0.004441
265,4,0,0,111.005,94.0,17.7,0.004727067,73.501365856899,6.992797852,0.0,0.001533936,0.199438334,1.625561666,3779.717161,638.083008,592.14502,0.003593,0.004244
266,4,0,0,111.3387,93.0,17.5,0.004721167,73.5985868426888,6.992797852,0.0,0.0,0.193758726,1.631241274,3793.782227,623.503723,591.513428,0.003744,0.004345
267,4,0,0,111.6071,84.0,17.5,0.004696471,73.7041271184878,7.080688477,0.0,0.0,0.189965963,1.635034037,3809.856454,642.176086,594.514587,0.003742,0.0044
268,4,0,0,112.0122,78.0,17.2,0.004661434,73.8030812508038,7.168579102,0.0,0.010737549,0.187408209,1.637591791,3823.922539,782.396484,691.399292,0.003639,0.004265
269,4,0,0,111.4728,74.0,17.2,0.004622617,73.925131150207,7.212524414,0.0,0.003067871,0.196911097,1.628088903,3840.007195,640.909119,618.042603,0.003474,0.004057
270,4,0,0,111.5399,75.0,17.0,0.004604662,74.0338797579498,7.300415039,0.0,0.003067871,0.216990709,1.608009291,3854.097994,637.721802,590.689087,0.003508,0.004092
271,4,0,0,112.2839,78.0,17.0,0.004611295,74.2125150656372,8.003540039,0.0,-0.004793549,0.247836828,1.577163172,3870.217968,640.531494,585.673889,0.00355,0.004167
272,4,0,0,112.5568,77.0,16.8,0.004637551,74.3769981109524,9.500427246,0.0,-0.004793549,0.270103693,1.554896307,3884.340205,626.378113,568.230896,0.004067,0.004814
273,4,0,0,112.8312,76.0,16.8,0.004675993,74.783220938431,10.07171631,0.0,-0.004793549,0.281787634,1.543212366,3900.504621,740.838928,851.959473,0.003652,0.004195
274,4,0,0,112.5568,77.0,16.6,0.004703497,74.9105156768942,0.0,0.0,-0.000959,0.281281233,1.543718767,3915.344242,620.990173,587.315186,0.003926,0.004554
275,4,0,0,112.8312,77.0,16.6,0.00471789,74.398353714791,2.991027832,0.0,-0.001725677,0.275084734,1.549915266,3928.850183,638.152771,599.570374,0.003704,0.004343
276,4,0,0,113.3144,77.0,16.5,0.004715871,74.3337722846234,5.58380127,0.0,-0.001725677,0.263973951,1.561026049,3945.742461,648.414001,600.054504,0.003614,0.004222
277,4,0,0,113.5925,78.0,16.5,0.004700698,74.3125651423998,5.894165039,0.0,-0.001725677,0.249662638,1.575337362,3959.265728,634.802979,595.120178,0.003746,0.004304
278,4,0,0,113.5925,78.0,16.3,0.004679346,74.3066219302468,5.806274414,0.0,0.003834839,0.229388952,1.595611048,3976.187108,630.857483,582.963623,0.004039,0.004607
279,4,0,0,112.2158,76.0,16.3,0.004670357,74.3039492027484,5.982055664,0.0,0.001533936,0.212543726,1.612456274,3989.739275,623.971619,593.276306,0.003684,0.004341
280,4,0,0,112.6938,77.0,16.2,0.004680301,74.342566989762,6.597290039,0.0,-0.000959,0.203459978,1.621540022,4006.698604,609.513123,587.08429,0.003744,0.004309
281,4,0,0,113.3838,77.0,16.2,0.004704544,74.3965488882612,6.729125977,0.0,0.001533936,0.194734812,1.630265188,4020.960558,643.295288,600.380981,0.003687,0.004333
282,4,0,0,113.8019,77.0,16.4,0.004740558,74.4825478335772,6.553344727,0.0,0.00690271,0.186647177,1.638352823,4037.279489,644.429993,613.567871,0.003631,0.004225
283,4,0,0,114.4348,78.0,16.4,0.004769601,74.5280084859906,6.509399414,0.0,0.003067871,0.191939592,1.633060408,4051.578707,640.981079,609.017273,0.003659,0.004288
284,4,0,0,114.7184,79.0,16.5,0.004788992,74.5778594822976,6.553344727,0.0,0.0,0.209414244,1.615585756,4067.944943,638.803894,606.325928,0.003745,0.004375
285,4,0,0,115.0748,80.0,16.5,0.004790792,74.6153602103238,6.421508789,0.0,-0.001725677,0.22656703,1.59843297,4082.287868,618.923279,607.269897,0.003566,0.004284
286,4,0,0,115.2897,79.0,16.7,0.004782389,74.6556987358522,6.421508789,0.0,-0.001725677,0.240724325,1.584275675,4098.707838,628.8479,590.764893,0.003671,0.004286
287,4,0,0,115.2897,81.0,16.7,0.004774457,74.693408098716,6.465454102,0.0,-0.001725677,0.250139952,1.574860048,4113.101037,632.344177,615.260071,0.003681,0.00439
288,4,0,0,115.218,82.0,16.8,0.00477058,74.7370498911548,6.465454102,0.0,-0.007094452,0.255472898,1.569527102,4129.589386,633.070313,603.674927,0.003599,0.00432
289,4,0,0,115.4335,82.0,16.8,0.004768424,74.7749175326076,6.465454102,0.0,0.001533936,0.249747038,1.575252962,4144.059674,741.062195,859.807373,0.003794,0.00438
290,4,0,0,115.4335,84.0,16.9,0.004757668,74.660686273633,0.0,0.0,0.0,0.235668421,1.589331579,4160.682689,739.903625,854.517212,0.003578,0.004357
291,4,0,0,115.218,87.0,16.9,0.004738404,74.3618697516834,5.58380127,0.0,-0.000959,0.226032495,1.598967505,4175.909333,629.993408,609.731873,0.003526,0.004166
292,4,0,0,115.5775,86.0,17.0,0.004714689,74.333399947721,5.58380127,0.0,-0.003259613,0.213027239,1.611972761,4191.745387,542.68158,585.330688,0.003524,0.00416
293,4,0,0,116.3034,82.0,17.0,0.004703212,74.309783848825,5.58380127,0.0,-0.003259613,0.198069334,1.626930666,4206.884685,625.508606,593.986877,0.003573,0.004174
294,4,0,0,116.1575,84.0,16.8,0.004703993,74.2817087194042,5.58380127,0.0,0.005368774,0.172821283,1.652178717,4222.709468,641.257202,624.121826,0.003586,0.004129
295,4,0,0,116.8907,88.0,16.8,0.004709815,74.2579735937218,5.58380127,0.0,-0.005560516,0.150749445,1.674250555,4237.844884,638.348206,589.414612,0.003515,0.004172
296,4,0,0,116.9645,87.0,16.9,0.004713336,74.2311645803592,5.58380127,0.0,-0.005560516,0.120078325,1.704921675,4254.36123,851.052002,536.715881,0.003499,0.004141
297,4,0,0,114.8607,83.0,16.9,0.004712377,74.2080977331118,5.58380127,0.0,-0.005560516,0.081180334,1.743819666,4268.824697,624.768005,582.003418,0.003425,0.003999
298,4,0,0,114.0823,79.0,16.7,0.004707583,74.1819297842448,5.58380127,0.0,-0.000959,0.017947435,1.807052565,4285.372481,639.022705,606.407715,0.003441,0.004022
299,4,0,0,113.8019,78.0,16.7,0.004697106,74.1592299952646,5.58380127,0.0,0.010737549,-0.042623758,1.867623758,4299.863142,639.757385,611.432312,0.003416,0.004196
300,4,0,0,113.1068,78.0,16.9,0.004674874,74.1336919259802,5.58380127,0.0,0.003834839,-0.099025965,1.924025965,4316.435452,640.57843,599.883118,0.00358,0.004153
301,4,0,0,114.4348,77.0,16.9,0.004651065,74.113985267999,5.671691895,0.0,0.017640259,-0.135565042,1.960565042,4331.635572,645.953125,610.924316,0.003552,0.004258
302,4,0,0,115.4335,81.0,16.7,0.00462593,74.1010193467012,5.75958252,0.0,0.003834839,-0.149771452,1.974771452,4347.535588,609.779419,597.108276,0.003631,0.004245
303,4,0,0,115.5055,83.0,16.7,0.004606751,74.095155748598,5.75958252,0.0,0.003834839,-0.143441916,1.968441916,4362.753074,633.151917,581.932007,0.00359,0.004202
304,4,0,0,115.5775,83.0,16.5,0.004586884,74.086463864192,5.671691895,0.0,0.00690271,-0.126503706,1.951503706,4378.671724,717.648499,588.523926,0.003467,0.004046
305,4,0,0,116.3765,84.0,16.5,0.004572934,74.0722224604772,5.715637207,0.0,0.008436646,-0.097755194,1.922755194,4393.903953,636.451721,587.728699,0.003518,0.00408
306,4,0,0,116.4497,82.0,16.7,0.004564827,74.1222544109738,6.817016602,0.0,-0.000959,-0.044622183,1.869622183,4410.446785,629.77887,599.646118,0.003494,0.004142
307,4,0,0,116.5963,78.0,16.7,0.004566384,74.208520313609,6.992797852,0.0,-0.001725677,0.008336782,1.816663218,4424.901943,630.178894,597.580322,0.003684,0.004291
308,4,0,0,117.484,78.0,16.5,0.004574451,74.303185393891,6.992797852,0.0,-0.001725677,0.060022116,1.764977884,4441.415592,621.557007,604.714417,0.003758,0.004382
309,4,0,0,117.9329,76.0,16.5,0.004578285,74.3925392015578,6.992797852,0.0,0.0,0.105273008,1.719726992,4455.859475,638.867798,600.43689,0.003801,0.0044
310,4,0,0,116.9645,73.0,16.7,0.004569317,74.4937820084746,7.783813477,0.0,-0.000959,0.153661013,1.671338987,4472.360609,636.322571,592.784729,0.003717,0.004376
311,4,0,0,118.008,75.0,16.7,0.004549278,74.6329246275508,7.783813477,0.0,-0.004793549,0.197362661,1.627637339,4486.793779,630.109619,594.868713,0.003827,0.004391
312,4,0,0,118.3096,76.0,16.8,0.004520095,74.9532890050954,11.21429443,0.0,-0.012463226,0.241907358,1.583092642,4503.282808,734.8125,853.85791,0.003872,0.004548
313,4,0,0,118.5368,75.0,16.8,0.004497373,74.8177648904488,0.0,5.136108398,-0.012463226,0.255298376,1.569701624,4517.705466,634.102905,605.953125,0.003732,0.004391
314,4,0,0,118.9938,77.0,16.9,0.004481521,74.2321590076386,0.0,5.429077148,-0.012463226,0.234298468,1.590701532,4534.182721,639.084106,606.284912,0.00361,0.004378
315,4,0,0,112.352,78.0,16.9,0.004478365,73.7594116006896,1.713867188,0.0,-0.010929291,0.182917356,1.642082644,4548.595383,644.580383,596.5625,0.003565,0.004313
316,4,0,0,107.5246,77.0,17.0,0.004484641,73.6707722917026,5.58380127,0.0,0.010737549,0.09433341,1.73066659,4565.749104,644.486084,606.56543,0.003698,0.004383
317,4,0,0,110.3436,77.0,17.0,0.004494122,73.6684910200658,6.026000977,0.0,0.00690271,0.026318312,1.798681688,4579.470274,645.232788,600.075012,0.003659,0.004376
318,4,0,0,96.8917,80.0,17.4,0.004503398,73.7165200825588,6.685180664,0.0,0.005368774,-0.01965785,1.84465785,4596.619934,531.845886,233.548599,0.004022,0.004733
319,4,0,0,94.6629,79.0,17.4,0.004506439,73.8396533574632,7.783813477,0.0,-0.001725677,-0.045891047,1.870891047,4610.336999,621.698486,578.954529,0.003592,0.004232
320,4,0,0,100.2486,79.0,17.5,0.004505939,74.0178533225872,7.915649414,0.0,0.0,-0.075372458,1.900372458,4627.491366,488.673096,595.43988,0.0,0.005173
321,4,0,0,103.4404,79.0,17.5,0.004507879,74.1823644669788,8.135375977,0.0,-0.000959,-0.101742506,1.926742506,4641.232482,619.980103,560.479492,0.00371,0.004198
322,4,0,0,105.8044,75.0,17.8,0.004517618,74.391905733147,9.676208496,0.0,-0.000959,-0.134238005,1.959238005,4658.431927,632.593689,595.168701,0.003791,0.004353
323,4,0,0,106.9039,75.0,17.8,0.004530211,74.6672225114826,9.280700684,0.0,0.00690271,-0.163056612,1.988056612,4672.899408,640.23822,598.739624,0.003647,0.004303
324,4,0,0,107.4622,78.0,18.1,0.004545111,74.7432330398084,6.860961914,0.0,0.005368774,-0.184242487,2.009242487,4689.459607,641.50592,593.618774,0.003634,0.004255
325,4,0,0,108.0264,80.0,18.1,0.004562648,74.8339193809952,7.608032227,0.0,0.019941162,-0.191052198,2.016052198,4703.985423,645.893921,610.231689,0.003575,0.00425
326,4,0,0,108.724,81.0,18.1,0.004593495,74.9879124746026,7.827758789,0.0,0.013038452,-0.163848162,1.988848162,4720.640088,639.402588,606.92749,0.003594,0.004295
327,4,0,0,107.2754,81.0,18.1,0.004623116,75.1612066886046,8.574829102,0.0,-0.001725677,-0.1038239,1.9288239,4735.131301,639.172485,598.172913,0.003689,0.004343
328,4,0,0,108.2157,79.0,18.4,0.004643467,75.3809377323838,8.618774414,0.0,-0.007094452,-0.024559259,1.849559259,4751.565511,635.289124,589.598999,0.00367,0.004322
329,4,0,0,109.4954,77.0,18.4,0.004643165,75.5727817785882,8.574829102,0.0,0.00690271,0.030723333,1.794276667,4765.890983,641.026978,588.362976,0.003694,0.004367
330,4,0,0,110.2123,78.0,18.7,0.004628353,75.7802343950242,8.530883789,0.0,-0.008628387,0.102926493,1.722073507,4782.260876,647.81488,597.605286,0.003875,0.004479
331,4,0,0,110.2779,77.0,18.7,0.004613252,75.9525544916176,8.530883789,0.0,-0.005560516,0.158330679,1.666669321,4796.592177,645.157898,587.826477,0.003868,0.00452
332,4,0,0,111.005,78.0,18.6,0.004603719,76.1570479824088,8.530883789,0.0,0.001533936,0.205958605,1.619041395,4812.998481,0.0,0.0,0.0,0.0
333,4,0,0,111.205,80.0,18.6,0.004604383,76.2354774131282,6.641235352,0.0,-0.003259613,0.246179819,1.578820181,4828.076112,642.010071,595.675415,0.003732,0.004289
334,4,0,0,111.4057,79.0,18.8,0.004611277,76.2975498822358,7.212524414,0.0,-0.007094452,0.286099672,1.538900328,4843.880346,644.741211,590.501099,0.00383,0.004473
335,4,0,0,111.8768,75.0,18.8,0.004619356,76.371406244598,7.212524414,0.0,-0.003259613,0.306427717,1.518572283,4859.046074,644.834106,592.108276,0.003954,0.004482
336,4,0,0,112.08,76.0,19.0,0.004630547,76.4430384829868,6.509399414,0.0,-0.005560516,0.319034815,1.505965185,4875.645642,646.043213,592.781616,0.004116,0.004808
337,4,0,0,105.6837,75.0,19.0,0.004640666,76.3406407010322,5.100402832,0.0,-0.007094452,0.319401503,1.505598497,4890.18534,647.202209,593.389587,0.004105,0.004817
338,4,0,0,98.4368,76.0,18.9,0.004651742,75.9541363601838,0.0,35.6048584,-0.010929291,0.303538084,1.521461916,4906.832599,646.770996,596.214722,0.004223,0.004896
339,4,0,0,101.9597,80.0,18.9,0.004666029,75.451195208171,0.0,97.27478027,-0.012463226,0.273086309,1.551913691,4921.433324,646.098694,603.217224,0.00414,0.004894
340,4,0,0,103.4404,81.0,19.1,0.004691361,74.8769854159556,0.0,99.32556152,-0.001725677,0.203926802,1.621073198,4938.169111,646.127319,595.65509,0.00421,0.004865
341,4,0,0,104.3732,84.0,19.1,0.004714382,74.3805135049682,0.0,263.973999,-0.001725677,0.127888918,1.697111082,4952.856311,651.130615,606.538391,0.00437,0.004995
342,4,0,0,105.9861,86.0,19.3,0.004730683,73.815841353609,0.0,264.1204834,-0.001725677,0.034723043,1.790276957,4969.689115,642.032898,601.648376,0.004049,0.004726
343,4,0,0,106.9656,84.0,19.3,0.004734075,73.3094140492882,0.0,264.1204834,0.04141626,-0.052264452,1.877264452,4984.458458,645.128296,599.634277,0.004107,0.004839
344,4,0,0,107.7122,79.0,19.2,0.004729412,72.7704667794006,0.0,264.1204834,0.009203613,-0.088649511,1.913649511,5001.382579,646.838928,603.822815,0.004283,0.004947
345,4,0,0,108.279,80.0,19.2,0.004723078,72.2720617935788,0.0,264.2669678,-0.003259613,-0.053708792,1.878708792,5016.207373,645.960083,600.60022,0.004316,0.004986
346,4,0,0,108.7879,81.0,19.4,0.004719942,71.7237307679258,0.0,263.8275146,0.008436646,-0.009134054,1.834134054,5033.872784,626.727295,601.2995,0.004331,0.005056
347,4,0,0,109.1084,83.0,19.4,0.004727208,71.2508662171182,0.0,263.8275146,0.012271484,0.040416956,1.784583044,5048.021027,743.884277,867.993408,0.004046,0.00494
348,4,0,0,109.4307,84.0,19.5,0.004750632,70.6946754323996,0.0,263.8275146,-0.000959,0.136822939,1.688177061,5065.706923,636.759888,596.247986,0.004035,0.004731
349,4,0,0,110.0158,84.0,19.5,0.004779289,70.2291018838082,0.0,184.286499,-0.000959,0.2292974,1.5957026,5079.813404,630.397827,603.831177,0.004112,0.004768
350,4,0,0,110.4753,85.0,19.4,0.004809916,69.681164454439,0.0,75.15563965,-0.008628387,0.337445021,1.487554979,5097.315399,623.646301,601.378906,0.004133,0.004835
351,4,0,0,110.8721,84.0,19.4,0.004830752,69.222219873868,0.0,36.48376465,-0.020132904,0.409897089,1.415102911,5111.20859,624.856628,600.396118,0.003945,0.004619
352,4,0,0,109.6251,84.0,19.5,0.004848398,68.6823994082832,0.0,3.524780273,-0.010162323,0.441019297,1.383980703,5128.440881,633.099915,598.855896,0.004033,0.004726
353,4,0,0,107.2133,85.0,19.5,0.00485681,68.4127199709402,9.104919434,0.0,-0.015531097,0.426064253,1.398935747,5142.801774,733.268494,865.584229,0.004216,0.004932
354,4,0,0,108.3424,85.0,19.7,0.004855045,68.3452751869512,0.0,0.0,-0.027035614,0.371595144,1.453404856,5159.087711,625.032715,618.509583,0.004019,0.004695
355,4,0,0,109.4954,82.0,19.7,0.004839853,68.1110791699444,4.88067627,0.0,-0.036239227,0.270841837,1.554158163,5173.228093,644.670715,604.439026,0.004288,0.004949
356,4,0,0,110.0158,82.0,19.5,0.004805104,68.0312641135784,3.65020752,0.0,-0.033938324,0.063925982,1.761074018,5189.264033,634.602417,610.986328,0.004185,0.004841
357,4,0,0,109.4307,83.0,19.5,0.004765694,67.9227622498444,3.82598877,0.0,-0.032404388,-0.207821131,2.032821131,5203.18744,638.291992,600.364807,0.004113,0.004821
358,4,0,0,104.7867,81.0,19.7,0.004725632,67.9170636090912,5.58380127,0.0,0.001533936,-0.586955309,2.411955309,5218.977321,639.914001,598.134888,0.003994,0.004712
359,4,0,0,105.503,80.0,19.7,0.004706165,67.967675211669,5.58380127,0.0,0.003067871,-0.938420057,2.763420057,5232.68714,641.30249,591.262695,0.003897,0.004624
360,4,0,0,107.5246,85.0,19.5,0.004702492,68.025310424622,5.58380127,0.0,0.005368774,-1.35729146,3.18229146,5248.23517,654.489075,599.345825,0.00389,0.004583
361,4,0,0,108.6602,87.0,19.5,0.004704573,68.0843898914778,5.850219727,0.0,0.019941162,-1.709079742,3.534079742,5261.735336,649.247986,594.286621,0.003879,0.004558
362,4,0,0,106.6576,85.0,19.4,0.004701421,68.2352794211754,7.388305664,0.0,0.037581421,1.547299147,3.927700853,5277.045861,639.80249,605.70929,0.0039,0.004605
363,4,0,0,90.2348,83.0,19.4,0.004695181,68.4311351013846,7.520141602,0.0,0.036047485,1.324366093,4.150633907,5290.990606,659.759216,599.063782,0.003967,0.004667
364,4,0,0,91.6187,82.0,19.5,0.004690387,68.662607938084,7.520141602,0.0,0.023776001,1.149351358,4.325648642,5305.563598,649.006287,595.245728,0.003946,0.004662
365,4,0,0,96.4878,79.0,19.5,0.004687646,68.84923167157,7.300415039,0.0,0.003067871,1.064988852,4.410011148,5319.43943,650.983276,587.393311,0.003694,0.004481
366,4,0,0,99.0688,79.0,19.4,0.004681954,69.0320486239398,7.388305664,0.0,-0.004793549,1.00342226,4.47157774,5332.667894,650.374695,597.556274,0.003766,0.004363
367,4,0,0,100.3573,80.0,19.4,0.004668938,69.2422092607004,7.432250977,0.0,-0.037773163,0.923651457,4.551348543,5347.75737,619.372375,608.876526,0.003964,0.004659
368,4,0,0,101.4569,78.0,19.2,0.004652022,69.4272409545914,7.388305664,0.0,-0.007094452,0.790821552,4.684178448,5360.957583,636.311096,596.564392,0.004072,0.004722
369,4,0,0,101.7915,77.0,19.2,0.004625999,69.633030221577,7.388305664,0.0,-0.007094452,0.571092844,4.903907156,5376.05667,638.184387,605.271423,0.004085,0.004774
370,4,0,0,102.6378,77.0,19.4,0.004596768,69.8089420753692,7.476196289,0.0,0.017640259,0.369174242,5.105825758,5389.280264,646.244629,602.848022,0.003983,0.004575
371,4,0,0,100.4662,76.0,19.4,0.004560588,70.022879398588,7.739868164,0.0,0.070561035,0.155476093,5.319523907,5404.412648,642.811707,612.520874,0.003939,0.004602
372,4,0,0,99.8163,77.0,19.3,0.004534909,70.2087264002164,7.256469727,0.0,0.014572388,0.084737778,5.390262222,5417.690924,636.663086,597.977112,0.003915,0.00451
373,4,0,0,101.9036,80.0,19.3,0.004520737,70.3925828091988,7.344360352,0.0,0.029144775,0.098642707,5.376357293,5433.554164,632.500305,592.828918,0.003811,0.00445
374,4,0,0,102.4107,79.0,19.1,0.004521477,70.5508123133288,7.344360352,0.0,-0.005560516,0.156609893,5.318390107,5444.37483,633.446716,589.036926,0.003811,0.004496
375,4,0,0,103.5561,76.0,19.1,0.004534061,70.7361688685922,7.344360352,0.0,0.003834839,0.262729406,5.212270594,5460.332956,640.734802,603.004028,0.003941,0.004738
376,4,0,0,104.55,78.0,19.3,0.004549005,70.887444527236,7.300415039,0.0,-0.010162323,0.349257231,5.125742769,5471.856299,639.44281,598.660278,0.003637,0.004291
377,4,0,0,99.7626,78.0,19.3,0.004570058,71.0489519511714,7.036743164,0.0,-0.030870453,0.436586857,5.038413143,5487.263945,605.871582,592.381714,0.003756,0.004329
378,4,0,0,98.594,77.0,19.2,0.004583161,71.1751090310952,6.948852539,0.0,0.003067871,0.450940132,5.024059868,5500.784724,635.025574,607.996216,0.00387,0.004524
379,4,0,0,98.7518,82.0,19.2,0.004586252,71.3224687792774,7.036743164,0.0,-0.017832001,0.43360877,5.04139123,5516.282014,644.99469,594.917786,0.003816,0.004431
380,4,0,0,99.2812,87.0,19.1,0.00457651,71.4529876694966,6.289672852,0.0,-0.012463226,0.395108938,5.079891062,5529.883982,646.376282,601.275024,0.003812,0.004499
381,4,0,0,98.1759,89.0,19.1,0.004551632,71.117318468552,5.715637207,0.0,-0.001725677,0.318739414,5.156260586,5545.477745,634.799622,592.2323,0.0038,0.004566
382,4,0,0,97.6582,89.0,19.0,0.00452446,71.1896226868578,6.289672852,0.0,0.003067871,0.252114773,5.222885227,5559.159194,648.965088,608.925476,0.003921,0.004533
383,4,0,0,100.3029,86.0,19.0,0.004501301,71.2818638596988,6.465454102,0.0,0.029144775,0.21767354,5.25732646,5574.835949,635.071472,587.724121,0.003808,0.004555
384,4,0,0,101.9036,84.0,18.9,0.004493432,71.361731267895,6.421508789,0.0,0.009203613,0.214864254,5.260135746,5588.588511,647.309021,590.19989,0.003772,0.00439
385,4,0,0,102.6947,83.0,18.9,0.004491302,71.452098686174,6.377563477,0.0,0.014572388,0.244859219,5.230140781,5604.344716,630.880493,593.286804,0.00377,0.004477
386,4,0,0,103.4982,81.0,18.8,0.004486591,71.526378256676,6.377563477,0.0,0.001533936,0.297027826,5.177972174,5618.162156,646.805908,587.804382,0.003711,0.004337
387,4,0,0,104.3144,83.0,18.8,0.004476171,71.6010836263552,6.245727539,0.0,-0.030103485,0.372712135,5.102287865,5633.986115,638.564819,592.938416,0.003719,0.004291
388,4,0,0,104.7867,84.0,18.7,0.004468165,71.6636450934218,6.245727539,0.0,0.003067871,0.395281315,5.079718685,5647.860679,634.787781,589.955017,0.003557,0.004161
389,4,0,0,105.2632,82.0,18.7,0.004466859,71.7322995378218,6.245727539,0.0,0.00690271,0.391307831,5.083692169,5664.369351,724.137878,830.884277,0.003488,0.004017
390,4,0,0,105.744,82.0,18.4,0.00447338,71.7925803448008,6.201782227,0.0,0.012271484,0.396162033,5.078837967,5677.544258,621.196472,588.203613,0.003492,0.00405
391,4,0,0,106.1684,82.0,18.4,0.004484038,71.858256834278,6.201782227,0.0,-0.000959,0.414344072,5.060655928,5694.033768,630.952209,592.231506,0.003685,0.004172
392,4,0,0,106.5962,79.0,18.3,0.00448982,71.9128864116602,6.201782227,0.0,0.008436646,0.420012712,5.054987288,5707.242943,639.803589,594.408997,0.003692,0.004235
393,4,0,0,106.9656,80.0,18.3,0.004491145,71.9765861488154,6.201782227,0.0,-0.007094452,0.440391541,5.034608459,5723.775241,631.578125,597.618774,0.003463,0.003951
394,4,0,0,106.8422,81.0,18.3,0.004495277,72.0317848210084,6.201782227,0.0,-0.005560516,0.459611893,5.015388107,5737.679531,628.329102,587.04541,0.003434,0.003947
395,4,0,0,106.5348,80.0,18.3,0.004513981,72.0922840315188,6.201782227,0.0,-0.005560516,0.465057373,5.009942627,5753.587114,528.445618,584.234497,0.00347,0.003974
396,4,0,0,98.1759,79.0,18.0,0.004544794,72.1459482945822,6.201782227,0.0,-0.008628387,0.457036972,5.017963028,5767.520175,665.477905,586.170715,0.00335,0.00385
397,4,0,0,96.9932,80.0,18.0,0.004592658,72.2065627982102,6.201782227,0.0,-0.008628387,0.428155899,5.046844101,5783.459163,0.0,0.0,0.0,0.0
398,4,0,0,99.2812,79.0,18.0,0.004639999,72.2586042028176,6.201782227,0.0,-0.008628387,0.382452011,5.092547989,5797.41893,560.475403,233.845001,0.003877,0.004517
399,4,0,0,101.9597,75.0,18.0,0.004692721,72.3178674723948,6.201782227,0.0,-0.030103485,0.295043468,5.179956532,5813.387348,640.055725,603.445923,0.003673,0.004252
400,4,0,0,103.4404,76.0,18.0,0.004731831,72.3704735944082,6.289672852,0.0,0.025309937,0.158841372,5.316158628,5827.372068,644.770874,607.502319,0.003838,0.004475
401,4,0,0,104.2557,77.0,18.0,0.004762506,72.4353024766942,6.289672852,0.0,0.039882324,0.012996197,5.462003803,5843.368511,646.628601,609.850891,0.003906,0.004533
402,4,0,0,103.3827,75.0,18.0,0.004774681,72.4902247286488,6.289672852,0.0,-0.004793549,-0.073845983,5.548845983,5857.377446,654.02533,609.929504,0.003929,0.004555
403,4,0,0,104.1971,75.0,18.0,0.004775543,72.550575992533,6.289672852,0.0,0.03451355,-0.121772528,5.596772528,5873.401253,636.404175,607.814514,0.003828,0.004492
404,4,0,0,105.503,75.0,18.0,0.004772106,72.6026997148814,6.289672852,0.0,0.032212646,-0.104195833,5.579195833,5888.102262,644.782104,610.614929,0.003818,0.004506
405,4,0,0,106.1076,74.0,18.0,0.004770881,72.6638911347126,6.289672852,0.0,0.00690271,-0.030652761,5.505652761,5903.484072,637.096313,617.549377,0.003793,0.004411
406,4,0,0,106.5348,72.0,18.0,0.004774126,72.714689163236,6.289672852,0.0,0.001533936,0.045644045,5.429355955,5918.256736,633.570007,607.661621,0.003806,0.004402
407,4,0,0,106.4124,72.0,18.0,0.004781737,72.7752270300932,6.289672852,0.0,-0.02856955,0.13269949,5.34230051,5933.662927,639.435486,600.232727,0.003761,0.004323
408,4,0,0,105.6837,72.0,18.0,0.004791212,72.8250298427606,6.289672852,0.0,-0.015531097,0.157448888,5.317551112,5948.412454,637.379578,592.675598,0.004014,0.004606
409,4,0,0,106.4736,74.0,18.0,0.004803177,72.8832533499506,6.289672852,0.0,-0.010929291,0.135996699,5.339003301,5964.517451,642.322205,591.932678,0.003776,0.004404
410,4,0,0,107.0274,79.0,18.3,0.00481139,72.9363977640072,6.289672852,0.0,-0.007094452,0.108694673,5.366305327,5978.621394,656.77417,602.785889,0.003662,0.004345
411,4,0,0,107.8376,80.0,18.3,0.004815112,72.9904658909436,6.245727539,0.0,0.012271484,0.057377696,5.417622304,5994.753539,652.714111,589.758972,0.003704,0.004299
412,4,0,0,108.279,82.0,18.3,0.004813732,73.038593863473,6.289672852,0.0,-0.000959,0.017647266,5.457352734,6008.880757,647.785583,591.849609,0.003814,0.004363
413,4,0,0,104.55,86.0,18.3,0.004811724,73.0902281211538,6.289672852,0.0,-0.017832001,-0.001367688,5.476367688,6025.039305,643.193604,589.014893,0.003812,0.004435
414,4,0,0,99.3345,83.0,18.2,0.004817686,73.137381911901,6.245727539,0.0,0.008436646,-0.035753489,5.510753489,6039.189759,640.646912,584.148926,0.003793,0.00437
415,4,0,0,101.6797,80.0,18.2,0.00484174,73.188718570429,6.289672852,0.0,0.017640259,-0.064028263,5.539028263,6055.374758,637.850098,565.710571,0.004144,0.004826
416,4,0,0,102.1284,77.0,18.5,0.004875951,73.2350730663718,6.377563477,0.0,0.012271484,-0.05933404,5.53433404,6069.547964,645.598511,596.517273,0.00382,0.00446
417,4,0,0,104.3732,75.0,18.5,0.004920623,73.2886248526626,6.333618164,0.0,-0.000959,-0.021927834,5.496927834,6085.759142,640.363098,600.588989,0.003764,0.004344
418,4,0,0,106.1076,74.0,18.5,0.004959245,73.3340836865218,6.157836914,0.0,-0.012463226,0.010974526,5.464025474,6099.954604,641.663696,592.264526,0.003781,0.004471
419,4,0,0,106.9039,77.0,18.5,0.005003479,73.3665168764758,6.069946289,0.0,-0.005560516,0.018559813,5.456440187,6116.866769,634.138489,594.856018,0.003829,0.004532
420,4,0,0,107.4622,81.0,18.7,0.005044108,73.393982403998,6.113891602,0.0,-0.001725677,0.016721606,5.458278394,6130.406411,651.648682,588.535706,0.003609,0.004266
421,4,0,0,108.1525,81.0,18.7,0.005086537,73.423909771105,6.069946289,0.0,0.003067871,0.002246499,5.472753501,6147.343168,728.008789,815.871216,0.00342,0.004279
422,4,0,0,108.8518,82.0,18.6,0.00511147,73.4415438888474,5.320129395,0.0,0.001533936,-0.012128592,5.487128592,6160.902212,644.921021,580.594971,0.003958,0.004603
423,4,0,0,109.3016,86.0,18.6,0.00512524,73.418817256076,5.58380127,0.0,-0.010162323,-0.026430607,5.501430607,6177.86371,646.607727,572.793091,0.003916,0.004465
424,4,0,0,109.755,87.0,18.6,0.005130772,73.405616483792,5.58380127,0.0,0.003067871,-0.058186293,5.533186293,6192.12166,628.315491,610.096619,0.003668,0.004232
425,4,0,0,110.2779,84.0,18.6,0.005132295,73.390460604809,5.58380127,0.0,0.032212646,-0.090483427,5.565483427,6208.424493,630.762878,612.012878,0.003649,0.004291
426,4,0,0,110.4094,84.0,18.8,0.005126693,73.3766090798026,5.58380127,0.0,-0.003259613,-0.06873548,5.54373548,6222.695489,613.346313,587.34729,0.003831,0.004327
427,4,0,0,110.8058,80.0,18.8,0.005113065,73.3620558503694,5.58380127,0.0,-0.001725677,-0.034853578,5.509853578,6239.011927,643.455811,588.633118,0.003823,0.004352
428,4,0,0,111.205,74.0,18.7,0.005099924,73.2784757108866,0.0,0.0,-0.004793549,-0.011809111,5.486809111,6253.29023,656.931885,594.548218,0.003903,0.004529
429,4,0,0,111.6744,72.0,18.7,0.005090216,72.7024523373318,0.966796875,0.0,-0.004793549,0.003011823,5.471988177,6269.603959,649.266296,583.887817,0.003664,0.004245
430,4,0,0,112.2158,75.0,18.7,0.005090702,72.6037201330018,5.58380127,0.0,0.005368774,0.003405929,5.471594071,6283.875405,648.924072,588.19397,0.003596,0.004223
431,4,0,0,112.4885,79.0,18.7,0.005101128,72.5879322983876,5.320129395,0.0,0.005368774,0.005301476,5.469698524,6300.182058,666.983276,594.4505,0.003574,0.004152
432,4,0,0,112.8999,83.0,18.6,0.005113708,72.3916567574658,2.94708252,0.0,0.005368774,0.019478679,5.455521321,6314.447353,644.851929,589.818298,0.003566,0.004135
433,4,0,0,113.2452,86.0,18.6,0.005124293,72.1246527191256,2.8125,0.0,0.005368774,0.049373865,5.425626135,6330.73577,620.673584,585.082275,0.003635,0.004318
434,4,0,0,113.5228,83.0,18.5,0.005126383,71.9445766658966,3.430480957,0.0,0.010737549,0.088063478,5.386936522,6344.898489,639.498718,587.5849,0.003802,0.004572
435,4,0,0,113.8019,80.0,18.5,0.005121962,71.7677274198346,3.65020752,0.0,0.029144775,0.1600281,5.3149719,6361.032537,728.422119,844.738281,0.003759,0.004453
436,4,0,0,114.0823,77.0,18.2,0.005115748,71.6915485545448,5.715637207,0.0,0.043717163,0.283882856,5.191117144,6375.81717,646.368896,594.109924,0.003781,0.004308
437,4,0,0,114.5056,77.0,18.2,0.005110311,71.6229895440068,0.791015625,0.0,0.036047485,0.531304598,4.943695402,6391.226372,639.091797,595.110413,0.003909,0.00462
438,4,0,0,114.7895,81.0,18.2,0.005108793,71.1778751325004,0.0,0.0,0.032212646,0.822624922,4.652375078,6405.911488,731.794617,848.712524,0.004146,0.004839
439,4,0,0,114.932,85.0,18.2,0.005112765,71.000618063589,5.58380127,0.0,0.003067871,1.274887323,4.200112677,6421.885764,635.994629,602.855713,0.004253,0.004809
440,4,0,0,115.218,86.0,18.2,0.005122262,71.0875353948694,7.124633789,0.0,-0.000959,1.729297638,3.745702362,6435.829557,620.041199,596.424072,0.004213,0.004901
441,4,0,0,115.6497,82.0,18.2,0.005134546,71.236840931672,7.168579102,0.0,-0.007094452,-1.370278597,3.195278597,6451.756245,624.400085,591.561584,0.004064,0.004784
442,4,0,0,115.7943,80.0,18.2,0.00513988,71.3766791235896,7.212524414,0.0,-0.030103485,-0.947168112,2.772168112,6465.628479,656.927979,607.064514,0.004106,0.004792
443,4,0,0,116.1575,82.0,18.2,0.005134119,71.5433561982202,7.388305664,0.0,-0.063850067,-0.527491331,2.352491331,6481.39853,633.191711,600.423218,0.004153,0.004783
444,4,0,0,116.3034,83.0,18.2,0.005114406,71.6922672857888,7.520141602,0.0,0.013038452,-0.279375315,2.104375315,6495.205941,714.941284,797.30957,0.004027,0.00473
445,4,0,0,115.7943,86.0,18.2,0.005075619,71.9264256925198,9.588317871,0.0,-0.023200775,-0.034987211,1.859987211,6511.020541,737.114197,844.026184,0.003675,0.004525
446,4,0,0,115.4335,88.0,18.1,0.005037578,72.2067412579228,9.192810059,0.0,-0.036239227,0.153157949,1.671842051,6525.551821,632.529114,599.689819,0.003803,0.004435
447,4,0,0,116.012,88.0,18.1,0.005005011,72.5084315944038,9.192810059,0.0,-0.034705292,0.27592063,1.54907937,6540.78339,633.615906,589.427002,0.003847,0.004519
448,4,0,0,116.5963,86.0,18.1,0.00499194,72.786706082165,9.412536621,0.0,-0.005560516,0.308079481,1.516920519,6555.390573,639.919922,594.852417,0.003842,0.004466
449,4,0,0,116.8907,87.0,18.1,0.004990978,73.1904667481908,10.51116943,0.0,-0.007094452,0.314662695,1.510337305,6571.385852,634.309692,589.484924,0.003646,0.004249
450,4,0,0,117.4095,86.0,18.1,0.004995898,73.490294402369,9.500427246,0.0,-0.003259613,0.305883646,1.519116354,6585.444857,635.462891,588.768616,0.003722,0.004261
451,4,0,0,117.4095,82.0,18.1,0.005003725,73.8106061384022,9.500427246,0.0,0.017640259,0.292304277,1.532695723,6601.581993,631.089478,590.895325,0.003676,0.004283
452,4,0,0,117.7829,80.0,18.1,0.005011289,74.0853070706,9.456481934,0.0,0.005368774,0.309917212,1.515082788,6615.770666,649.973999,606.657898,0.003647,0.004274
453,4,0,0,118.1586,84.0,18.1,0.005020441,74.4020496928482,9.720153809,0.0,-0.004793549,0.349665403,1.475334597,6632.075253,634.29303,593.357605,0.003669,0.004332
454,4,0,0,118.6127,88.0,17.8,0.005030223,74.7070785085988,10.86273193,0.0,-0.02856955,0.377389669,1.447610331,6646.405615,641.063721,595.437012,0.00396,0.00465
455,4,0,0,118.7648,93.0,17.8,0.00504036,75.1130064245224,10.77484131,0.0,-0.010162323,0.367395639,1.457604361,6662.854679,637.883606,596.659302,0.003999,0.004711
456,4,0,0,119.1469,96.0,17.8,0.005039457,75.4622484288788,10.81878662,0.0,0.0,0.329124212,1.495875788,6677.31011,640.638672,597.770874,0.004009,0.004733
457,4,0,0,119.4543,97.0,17.8,0.00502293,75.8067822125048,10.95062256,0.0,0.009203613,0.283285856,1.541714144,6691.82901,640.355713,590.940613,0.003889,0.004673
458,4,0,0,119.8409,94.0,17.5,0.004990588,76.202852824368,11.0824585,0.0,0.013038452,0.249692678,1.575307322,6708.512382,638.109619,596.470215,0.003779,0.004603
459,4,0,0,120.074,90.0,17.5,0.004965687,76.5444141248272,10.90667725,0.0,0.016106323,0.252691984,1.572308016,6723.189514,637.501526,596.870483,0.003863,0.004523
460,4,0,0,120.3862,90.0,17.3,0.004952927,76.9216874362762,10.81878662,0.0,-0.003259613,0.285321951,1.539678049,6740.052754,628.197021,585.220886,0.003919,0.004633
461,4,0,0,120.9365,86.0,17.3,0.004950534,77.2550305776518,10.99456787,0.0,-0.010162323,0.322995424,1.502004576,6755.594436,628.478088,593.888611,0.003912,0.004673
462,4,0,0,120.8576,82.0,17.1,0.004943061,77.625786995518,10.90667725,0.0,-0.008628387,0.344084978,1.480915022,6771.92706,648.850891,594.504883,0.003792,0.004561
463,4,0,0,121.0947,82.0,17.1,0.004926907,77.94360557421,10.81878662,0.0,0.0,0.337525129,1.487474871,6787.629936,646.863525,597.128296,0.003852,0.0046
464,4,0,0,121.1739,82.0,16.9,0.004904534,78.2929298319338,9.588317871,0.0,0.003834839,0.320540667,1.504459333,6804.127868,637.504272,597.150818,0.003725,0.004512
465,4,0,0,121.6515,80.0,16.9,0.004889092,78.513570877016,9.500427246,0.0,-0.004793549,0.315086126,1.509913874,6819.984446,740.429077,836.043091,0.003427,0.004104
466,4,0,0,122.0524,79.0,16.4,0.004877686,78.3160985343098,0.0,53.1829834,-0.004793549,0.3057096,1.5192904,6837.364155,621.406616,595.300415,0.003549,0.004217
467,4,0,0,122.2135,81.0,16.4,0.004873382,77.7935673049054,0.0,56.25915527,-0.010162323,0.284790754,1.540209246,6852.625813,733.406921,834.511108,0.003523,0.004379
468,4,0,0,122.537,80.0,16.3,0.004878049,77.1993447743342,0.0,61.3861084,-0.015531097,0.236078501,1.588921499,6870.033921,652.042419,597.348022,0.003487,0.004022
469,4,0,0,122.9438,76.0,16.3,0.004890488,76.6863933022138,0.0,62.26501465,0.003067871,0.158294439,1.666705561,6885.147726,730.703186,808.059021,0.003532,0.004145
470,4,0,0,123.2711,74.0,15.8,0.004909825,76.101844128141,0.0,63.43688965,-0.001725677,0.058846235,1.766153765,6902.286457,632.927002,585.30011,0.003828,0.004579
471,4,0,0,123.4355,72.0,15.8,0.004928587,75.6154033943076,0.0,72.95837402,0.012271484,-0.031875372,1.856875372,6917.16649,722.070801,825.464478,0.003684,0.004485
472,4,0,0,123.8482,70.0,15.8,0.004950944,75.0395392649458,0.0,90.53649902,0.005368774,-0.115568399,1.940568399,6934.040473,633.859497,615.474487,0.003681,0.004464
473,4,0,0,124.2637,70.0,15.8,0.004969738,74.5424580578344,0.0,89.80407715,0.038348389,-0.148130655,1.973130655,6948.691082,635.208008,592.925293,0.003544,0.00452
474,4,0,0,124.4307,72.0,16.0,0.004988754,73.9935700396074,0.0,89.95056152,0.016106323,-0.133856535,1.958856535,6965.305417,704.513489,717.116516,0.003684,0.004302
475,4,0,0,124.5982,71.0,16.0,0.005001504,73.5045560033008,0.0,89.95056152,0.0,-0.072122335,1.897122335,6979.730637,731.941589,803.856812,0.003666,0.00442
476,4,0,0,124.9344,73.0,15.9,0.005004721,72.946272465033,0.0,74.8626709,-0.004793549,0.027045012,1.797954988,6996.767844,732.527283,850.557312,0.003823,0.004459
477,4,0,0,125.4422,75.0,15.9,0.004992831,72.4825723813224,0.0,25.79040527,-0.032404388,0.102807283,1.722192717,7010.292428,645.410217,591.014771,0.003682,0.004351
478,4,0,0,125.6124,75.0,16.1,0.004968484,71.9497170426972,0.0,3.671264648,-0.007094452,0.140475988,1.684524012,7027.068045,630.135498,605.418213,0.003838,0.004505
479,4,0,0,125.8685,78.0,16.1,0.004949955,71.474961855351,5.58380127,0.0,0.0,0.138909101,1.686090899,7040.385307,742.553406,846.512573,0.003705,0.004389
480,4,0,0,126.2977,77.0,16.3,0.00494426,71.4845430449476,5.58380127,0.0,-0.007094452,0.129908323,1.695091677,7056.937509,657.302124,573.933228,0.003638,0.004349
481,4,0,0,126.5566,76.0,16.3,0.004954871,71.4914337077454,4.309387207,0.0,0.003067871,0.108333826,1.716666174,7070.175198,741.109619,847.198486,0.003593,0.004273
482,4,0,0,126.7299,77.0,16.5,0.004980619,71.416034342378,4.836730957,0.0,0.003067871,0.087708235,1.737291765,7086.715953,626.338684,586.029907,0.003616,0.004387
483,4,0,0,126.9906,78.0,16.5,0.00501016,71.359953269063,4.748840332,0.0,0.0,0.074964762,1.750035238,7100.596789,695.693787,579.036072,0.003684,0.004443
484,4,0,0,127.4275,76.0,16.6,0.005045276,71.273734085568,4.265441895,0.0,-0.008628387,0.062306166,1.762693834,7116.444159,656.721497,580.3797,0.003574,0.00432
485,4,0,0,127.6031,77.0,16.6,0.005071827,71.179402460534,4.309387207,0.0,-0.000959,0.041843176,1.783156824,7130.289721,685.961426,583.53363,0.003673,0.00445
486,4,0,0,127.9558,82.0,16.7,0.005089506,70.9331176125294,0.0,0.0,-0.010929291,0.002947569,1.822052431,7146.072225,715.009094,571.02533,0.003727,0.004428
487,4,0,0,128.0443,82.0,16.7,0.00508762,70.4814978625014,0.0,0.0,-0.004793549,-0.037978888,1.862978888,7159.784322,630.355408,595.017517,0.003496,0.004287
488,4,0,0,128.5777,80.0,16.9,0.005061689,70.0001775013724,2.548828125,0.0,0.00690271,-0.110210657,1.935210657,7175.349528,566.000488,581.348877,0.003645,0.004267
489,4,0,0,128.7565,77.0,16.9,0.005020388,69.9726697286752,5.364074707,0.0,0.016106323,-0.174377203,1.999377203,7188.955332,724.911682,849.957397,0.003474,0.004256
490,4,0,0,129.1156,76.0,17.3,0.004965205,70.0015580093178,5.806274414,0.0,0.018407227,-0.22652173,2.05152173,7204.514587,599.412598,590.36908,0.003888,0.00443
491,4,0,0,129.3862,75.0,17.3,0.004921835,70.063183468147,6.157836914,0.0,0.016106323,-0.230451822,2.055451822,7218.144405,600.796692,594.182129,0.003667,0.004503
492,4,0,0,129.5672,76.0,17.3,0.004879638,70.1425348575656,6.113891602,0.0,-0.001725677,-0.164638281,1.989638281,7233.739384,639.311218,594.763611,0.003535,0.00424
493,4,0,0,129.7488,77.0,17.3,0.004843842,70.2115456742152,6.157836914,0.0,-0.02166684,-0.060786009,1.885786009,7248.052504,632.101074,595.139221,0.003555,0.004217
494,4,0,0,129.2959,76.0,17.4,0.004804929,70.2915140202162,6.157836914,0.0,-0.013997162,0.030687571,1.794312429,7263.014104,646.529114,592.885498,0.003544,0.004198
495,4,0,0,128.7565,74.0,17.4,0.004780424,70.246331590502,3.518371582,0.0,-0.001725677,0.084807634,1.740192366,7277.237689,656.030884,591.479614,0.003771,0.004452
496,4,0,0,128.4885,75.0,17.5,0.004769718,69.7640654363484,0.0,0.0,-0.008628387,0.139868021,1.685131979,7292.682114,619.548523,586.419006,0.003881,0.004661
497,4,0,0,129.2056,77.0,17.5,0.004774727,69.5001305381354,4.089660645,0.0,-0.010162323,0.170287848,1.654712152,7306.194451,613.27417,595.624207,0.00373,0.004522
498,4,0,0,129.658,75.0,17.5,0.004788681,69.4905543696796,5.627746582,0.0,0.001533936,0.185118437,1.639881563,7321.571081,626.751892,605.339783,0.003771,0.004652
499,4,0,0,130.1135,75.0,17.5,0.004797867,69.3423529527708,0.0,0.0,-0.010162323,0.191024065,1.633975935,7334.929145,601.986694,604.148682,0.003969,0.00474
500,4,0,0,130.7566,75.0,17.6,0.004798966,68.8513201603682,0.0,0.0,-0.017832001,0.183680296,1.641319704,7350.187501,587.824402,601.251526,0.003775,0.004583
501,4,0,0,130.9415,74.0,17.6,0.004796191,68.6138866823636,5.894165039,0.0,-0.000959,0.144301176,1.680698824,7363.569704,584.495911,604.236084,0.003734,0.004476
502,4,0,0,131.2198,73.0,17.6,0.004798806,68.7104216226048,6.948852539,0.0,-0.000959,0.084036112,1.740963888,7378.908792,649.928528,591.3078,0.003647,0.004316
503,4,0,0,131.5928,75.0,17.6,0.004807082,68.8699875065774,7.212524414,0.0,-0.000959,0.030656099,1.794343901,7393.028265,614.922791,573.258179,0.003671,0.004349
504,4,0,0,131.6864,75.0,17.6,0.004815063,69.0586796121116,7.344360352,0.0,-0.000959,-0.034013033,1.859013033,7407.902161,726.33667,836.750916,0.003535,0.004237
505,4,0,0,132.2506,76.0,17.6,0.004818593,69.2660695930348,11.25823975,0.0,0.005368774,-0.093828917,1.918828917,7422.23863,638.835876,603.29071,0.003723,0.004426
506,4,0,0,132.4398,80.0,18.0,0.004823197,69.7901888225908,11.21429443,0.0,0.010737549,-0.148187399,1.973187399,7437.338772,638.421509,583.916199,0.003756,0.004436
507,4,0,0,132.8198,80.0,18.0,0.004830197,70.2512843826322,11.21429443,0.0,0.005368774,-0.172900915,1.997900915,7451.887393,666.916016,584.621521,0.00356,0.004327
508,4,0,0,133.49,76.0,18.0,0.004841357,70.77142495356,11.21429443,0.0,0.003834839,-0.189296961,2.014296961,7467.87324,640.550415,590.430298,0.003571,0.004291
509,4,0,0,133.3938,74.0,18.0,0.004850915,71.2163237456932,11.21429443,0.0,0.017640259,-0.191906214,2.016906214,7481.941761,635.394226,600.081726,0.003625,0.004236
510,4,0,0,131.406,76.0,18.0,0.004857467,71.7179792442602,11.21429443,0.0,0.012271484,-0.16486001,1.98986001,7498.103645,733.51947,837.212891,0.003485,0.004077
511,4,0,0,131.9679,75.0,18.0,0.004860945,72.1466202584058,9.500427246,0.0,0.003067871,-0.128081083,1.953081083,7512.326554,635.871826,590.018127,0.003597,0.004137
512,4,0,0,132.2506,75.0,18.0,0.004869308,72.4915869705852,9.939880371,0.0,0.013038452,-0.065042734,1.890042734,7528.665688,636.888916,602.991882,0.00361,0.004206
513,4,0,0,132.7246,77.0,18.0,0.00488469,72.8291856736294,10.42327881,0.0,0.0,0.018675566,1.806324434,7542.900821,618.241211,589.612671,0.003488,0.004169
514,4,0,0,133.2019,80.0,18.0,0.004911995,73.2420642807328,10.730896,0.0,-0.004793549,0.113040209,1.711959791,7559.134845,621.548279,584.755127,0.003905,0.004563
515,4,0,0,131.8739,77.0,18.0,0.00494138,73.6263451252504,7.344360352,0.0,0.0,0.195491552,1.629508448,7573.345183,726.336304,832.891418,0.003732,0.004641
516,4,0,0,130.9415,74.0,18.0,0.004975792,73.1771019841608,0.0,0.0,-0.010929291,0.281318426,1.543681574,7589.595183,632.452515,588.777771,0.003607,0.004238
517,4,0,0,131.9679,73.0,18.0,0.004999929,73.0542200398842,6.685180664,0.0,-0.010929291,0.338835955,1.486164045,7603.825767,625.868225,592.33252,0.003975,0.004617
518,4,0,0,132.7246,72.0,18.0,0.005011905,73.0829256121566,5.806274414,0.0,-0.012463226,0.37279439,1.45220561,7620.709181,621.993591,592.563721,0.004049,0.004671
519,4,0,0,133.2019,72.0,18.0,0.005005072,73.11603538474,6.421508789,0.0,-0.013997162,0.37566638,1.44933362,7634.11205,652.607483,596.08313,0.003712,0.004377
520,4,0,0,133.2978,73.0,17.7,0.004980182,73.1790797986472,6.421508789,0.0,-0.013997162,0.340089083,1.484910917,7650.797176,606.57428,595.084717,0.003619,0.00428
521,4,0,0,133.876,74.0,17.7,0.004950361,73.1357544024524,0.0,0.0,-0.007094452,0.278918982,1.546081018,7664.173459,651.257874,586.256714,0.003653,0.004274
522,4,0,0,133.7793,72.0,17.7,0.004911583,72.56014681798,0.0,8.212280273,0.003067871,0.178445101,1.646554899,7680.946162,644.843506,586.155884,0.003577,0.004218
523,4,0,0,133.49,70.0,17.7,0.004869422,72.0760579575292,3.738098145,0.0,0.023009033,0.101946592,1.723053408,7695.078986,735.157227,823.578674,0.003322,0.003898
524,4,0,0,134.167,72.0,17.7,0.004810434,72.141472832696,7.695922852,0.0,-0.004793549,0.068603277,1.756396723,7711.270371,819.004028,577.210388,0.003481,0.004087
525,4,0,0,134.6547,73.0,17.7,0.004760023,72.332601189309,8.179321289,0.0,0.003834839,0.049975157,1.775024843,7725.463998,634.798889,584.658691,0.00354,0.00409
526,4,0,0,134.9491,74.0,17.5,0.004718296,72.5576545779626,8.179321289,0.0,-0.003259613,0.042679071,1.782320929,7741.715502,590.358704,581.848389,0.0034,0.004118
527,4,0,0,135.2448,77.0,17.5,0.004696819,72.7453340384886,7.871704102,0.0,-0.005560516,0.029598951,1.795401049,7755.962427,638.678528,602.530212,0.003378,0.004065
528,4,0,0,135.84,76.0,17.5,0.004681716,72.9011435780606,7.036743164,0.0,-0.005560516,0.003081083,1.821918917,7772.287707,647.223694,597.472412,0.003388,0.003992
529,4,0,0,136.0396,72.0,17.5,0.00467461,73.0213521511028,7.168579102,0.0,-0.001725677,-0.034113646,1.859113646,7786.616931,678.2453,587.719971,0.00338,0.004015
530,4,0,0,136.3401,71.0,17.3,0.004678693,73.1633065607468,7.212524414,0.0,0.001533936,-0.093590975,1.918590975,7803.055272,693.555725,573.385193,0.003269,0.003968
531,4,0,0,136.6419,74.0,17.3,0.004694873,73.285644612477,7.564086914,0.0,-0.010929291,-0.142475843,1.967475843,7817.500856,658.650208,582.602417,0.003485,0.004074
532,4,0,0,136.945,74.0,17.3,0.00472631,73.4933024036696,8.355102539,0.0,0.023776001,-0.21175456,2.03675456,7834.080374,514.763916,585.85907,0.003463,0.004092
533,4,0,0,137.3513,74.0,17.3,0.004761761,73.6896368464354,8.399047852,0.0,0.012271484,-0.251267672,2.076267672,7849.343731,620.731079,588.968872,0.003572,0.004031
534,4,0,0,137.4533,77.0,17.1,0.004800357,73.97140764144,9.500427246,0.0,0.023009033,-0.258671522,2.083671522,7865.367474,649.662292,576.860779,0.003435,0.003965
535,4,0,0,137.76,79.0,17.1,0.004822232,74.2462987815324,9.544372559,0.0,0.008436646,-0.226415396,2.051415396,7880.757189,632.928772,588.796875,0.00347,0.004106
536,4,0,0,138.1712,77.0,17.2,0.004829,74.5589803147576,9.544372559,0.0,0.00690271,-0.144057035,1.969057035,7896.909404,630.030884,595.139404,0.003261,0.003724
537,4,0,0,138.2743,79.0,17.2,0.004822904,74.828907365153,9.544372559,0.0,0.001533936,-0.05380559,1.87880559,7912.418538,640.306091,583.611389,0.003244,0.003811
538,4,0,0,138.5848,79.0,17.3,0.004814112,75.1371466371762,9.588317871,0.0,-0.013997162,0.056080103,1.768919897,7929.406983,631.153809,584.725891,0.003311,0.003817
539,4,0,0,138.7925,77.0,17.3,0.004813981,75.4117604718932,9.588317871,0.0,-0.015531097,0.122766733,1.702233267,7944.228082,638.722717,590.59552,0.00337,0.003993
540,4,0,0,139.1053,77.0,17.3,0.004826655,75.7192809482988,9.456481934,0.0,-0.001725677,0.159917593,1.665082407,7961.035221,680.983093,579.301697,0.003336,0.003983
541,4,0,0,139.2098,79.0,17.3,0.004846612,75.9668999391634,9.456481934,0.0,-0.008628387,0.181846857,1.643153143,7975.636235,827.928101,563.102905,0.003341,0.003936
542,4,0,0,139.6297,79.0,17.4,0.00487271,76.2696006353898,9.939880371,0.0,-0.015531097,0.189592123,1.635407877,7992.217797,722.352905,838.866211,0.003229,0.003892
543,4,0,0,139.8406,78.0,17.4,0.004891625,76.5524509434796,6.641235352,0.0,-0.007094452,0.165153265,1.659846735,8006.655119,586.215515,589.425293,0.003369,0.004006
544,4,0,0,139.5245,79.0,17.2,0.004902339,76.0418219903802,0.0,7.040405273,-0.007094452,0.107220411,1.717779589,8023.158867,760.857117,567.997925,0.003429,0.004046
545,4,0,0,140.0521,80.0,17.2,0.004904432,75.538179632836,0.0,3.524780273,0.005368774,0.03536725,1.78963275,8037.612606,763.543823,566.566772,0.003456,0.004039
546,4,0,0,140.4771,77.0,17.2,0.004906917,75.0182745888172,3.47442627,0.0,0.013038452,-0.041414976,1.866414976,8054.138104,656.999695,599.488586,0.003384,0.004029
547,4,0,0,140.6905,76.0,17.2,0.004911497,74.5889830794436,0.219726563,0.0,0.001533936,-0.070799112,1.895799112,8068.597098,638.766907,568.19458,0.003505,0.004089
548,4,0,0,141.0119,76.0,17.3,0.004916991,74.2562159369474,3.210754395,0.0,-0.004793549,-0.093221903,1.918221903,8083.054501,619.815125,601.267517,0.003832,0.004633
549,4,0,0,141.227,75.0,17.3,0.004926644,74.2658660223894,7.476196289,0.0,0.014572388,-0.12512517,1.95012517,8099.575358,654.827026,584.950989,0.003721,0.004241
550,4,0,0,141.5508,76.0,17.4,0.004942513,74.330360709131,6.289672852,0.0,0.005368774,-0.133214712,1.958214712,8114.717404,651.547791,605.387573,0.003654,0.004294
551,4,0,0,141.8762,80.0,17.4,0.004970649,74.3652483196124,6.245727539,0.0,0.032979614,-0.107537985,1.932537985,8130.545081,634.776917,612.564819,0.003574,0.004374
552,4,0,0,141.9849,81.0,17.4,0.00499995,74.3688064576986,5.627746582,0.0,-0.000959,-0.027625322,1.852625322,8145.679332,637.905701,588.469727,0.003484,0.004159
553,4,0,0,142.0939,80.0,17.4,0.005024308,74.3577403461774,5.75958252,0.0,-0.044675873,0.076914549,1.748085451,8161.495708,633.033325,603.697815,0.003694,0.004271
554,4,0,0,142.5314,81.0,17.5,0.005019818,74.3491527630968,5.806274414,0.0,-0.013997162,0.109050989,1.715949011,8176.618593,642.200073,597.669678,0.003615,0.004247
555,4,0,0,142.5314,83.0,17.5,0.004976971,74.341117618158,5.75958252,0.0,-0.004793549,0.071393728,1.753606272,8193.109843,624.219116,583.05249,0.003555,0.004259
556,4,0,0,142.6411,82.0,17.5,0.00492076,74.3312531042544,5.806274414,0.0,-0.004793549,0.023247957,1.801752043,8207.534722,645.476013,582.85321,0.003379,0.003972
557,4,0,0,143.1926,79.0,17.5,0.004860053,74.3106999978068,5.58380127,0.0,0.009203613,-0.041742563,1.866742563,8224.014586,659.180298,666.279297,0.003727,0.004532
558,4,0,0,143.3034,82.0,17.3,0.004823466,74.2867692085672,5.58380127,0.0,0.010737549,-0.095073938,1.920073938,8238.421812,635.835022,590.245728,0.003794,0.004344
559,4,0,0,143.5256,82.0,17.3,0.004805068,74.2587363726016,5.58380127,0.0,0.02761084,-0.118708372,1.943708372,8254.788243,635.074707,600.401794,0.003849,0.004494
560,4,0,0,143.6369,80.0,17.4,0.004805443,74.2338468351504,5.58380127,0.0,0.012271484,-0.065243483,1.890243483,8269.739662,641.005493,600.284729,0.00373,0.004417
561,4,0,0,143.9719,83.0,17.4,0.004814132,74.2063773486518,5.58380127,0.0,-0.016298065,0.039923906,1.785076094,8285.331346,646.641724,591.92572,0.003617,0.004287
562,4,0,0,144.1961,85.0,17.4,0.004819358,74.1827498073484,5.58380127,0.0,-0.012463226,0.104608297,1.720391703,8300.20763,639.061096,588.838684,0.003707,0.004334
563,4,0,0,144.9864,85.0,17.4,0.004815319,74.1561722975448,5.58380127,0.0,-0.005560516,0.139388323,1.685611677,8315.720974,637.170105,586.821228,0.003721,0.004382
564,4,0,0,144.8729,84.0,17.5,0.004803432,74.1230101731312,0.0,0.0,0.00690271,0.142277002,1.682722998,8330.523729,682.451782,585.229675,0.003656,0.004248
565,4,0,0,144.7597,86.0,17.5,0.004786294,73.5530415711782,3.694152832,0.0,-0.010929291,0.155235052,1.669764948,8346.646643,706.175476,579.451111,0.00366,0.004299
566,4,0,0,145.2138,82.0,17.5,0.004776816,73.400232436822,3.694152832,0.0,-0.010929291,0.1542871,1.6707129,8360.775978,717.646484,576.146606,0.00376,0.004524
567,4,0,0,144.9864,77.0,17.5,0.004781651,73.223293791923,3.738098145,0.0,-0.013997162,0.126741171,1.698258829,8376.877911,609.971802,598.747803,0.003797,0.00453
568,4,0,0,145.5562,74.0,17.3,0.004797498,73.060959022387,3.738098145,0.0,-0.016298065,0.075598001,1.749401999,8390.88135,656.941406,580.636719,0.003748,0.004399
569,4,0,0,145.6707,73.0,17.3,0.004817379,72.8810229978314,3.694152832,0.0,0.0,-0.03057456,1.85557456,8406.849834,637.371582,597.866211,0.003516,0.004217
570,4,0,0,146.0152,71.0,17.3,0.004828043,72.7248358749086,3.82598877,0.0,0.02761084,-0.138288736,1.963288736,8420.792139,642.819885,585.288086,0.003477,0.004048
571,4,0,0,146.2459,73.0,17.3,0.004827608,72.5519525093152,3.913879395,0.0,0.039882324,-0.206415892,2.031415892,8436.687707,629.089722,592.635986,0.003533,0.004044
572,4,0,0,146.5932,75.0,17.4,0.004813551,72.6096893681826,7.564086914,0.0,0.023776001,-0.17806077,2.00306077,8450.563891,728.932129,827.811707,0.003624,0.004195
573,4,0,0,146.9421,76.0,17.4,0.004780678,72.6616283222056,2.504882813,0.0,-0.008628387,-0.064290285,1.889290285,8466.385217,626.646423,589.58429,0.003564,0.00414
574,4,0,0,147.1757,78.0,17.5,0.004740869,72.2072980895628,0.17578125,0.0,-0.004793549,0.028640509,1.796359491,8480.184191,631.706482,585.050476,0.003618,0.004095
575,4,0,0,147.2928,80.0,17.5,0.00469269,71.934661457783,4.00177002,0.0,0.003067871,0.120423555,1.704576445,8496.52099,618.465515,591.659485,0.003472,0.004118
576,4,0,0,147.41,78.0,17.5,0.004656452,71.8074826561734,4.00177002,0.0,0.001533936,0.193529367,1.631470633,8509.588028,633.274475,590.331421,0.003432,0.004084
577,4,0,0,147.7629,74.0,17.5,0.004625766,71.6367844685254,3.694152832,0.0,-0.008628387,0.275575399,1.549424601,8525.902864,639.360718,589.086426,0.003456,0.004026
578,4,0,0,148.236,75.0,17.9,0.004607006,71.4790220270502,3.694152832,0.0,-0.007094452,0.333631754,1.491368246,8538.912246,617.47699,591.036011,0.003542,0.004151
579,4,0,0,148.236,75.0,17.9,0.004593372,71.3157508791286,3.738098145,0.0,-0.019365936,0.366099596,1.458900404,8555.136719,639.420471,590.896484,0.003565,0.00425
580,4,0,0,148.5928,74.0,17.9,0.004591009,71.1608810009958,3.518371582,0.0,-0.008628387,0.35608077,1.46891923,8568.734471,634.656372,606.381287,0.003522,0.0041
581,4,0,0,148.8317,78.0,17.9,0.004604075,70.8674573130126,0.0,0.0,-0.005560516,0.313243151,1.511756849,8584.236742,730.813782,826.745972,0.003348,0.003962
582,4,0,0,148.9514,78.0,17.9,0.004626539,70.544627265654,5.58380127,0.0,-0.005560516,0.25256896,1.57243104,8597.723446,644.11499,586.561584,0.003337,0.00395
583,4,0,0,149.5528,76.0,17.9,0.004652911,70.5699547206126,5.58380127,0.0,-0.000959,0.171471357,1.653528643,8613.14743,651.703613,589.199097,0.0034,0.004045
584,4,0,0,149.6737,80.0,17.9,0.004666054,70.4812242747014,3.694152832,0.0,-0.007094452,0.096287489,1.728712511,8626.700636,649.11261,586.755371,0.00371,0.00434
585,4,0,0,149.916,81.0,17.9,0.004664364,70.223672807505,3.694152832,0.0,0.005368774,-0.00733304,1.83233304,8642.232943,642.535522,587.836914,0.00365,0.004311
586,4,0,0,149.7948,79.0,17.9,0.004654874,70.0816856638854,3.65020752,0.0,0.036047485,-0.099732637,1.924732637,8655.861366,625.243591,589.678711,0.003957,0.004564
587,4,0,0,150.281,77.0,17.9,0.004649786,69.9180001431006,3.386535645,0.0,0.012271484,-0.118921518,1.943921518,8671.484641,625.190002,598.274109,0.003976,0.004564
588,4,0,0,150.5253,76.0,18.2,0.004656287,69.776812358659,3.65020752,0.0,0.00690271,-0.087492704,1.912492704,8685.196743,753.46991,852.331421,0.003907,0.004474
589,4,0,0,150.8933,73.0,18.2,0.004672491,69.3390796195844,0.0,0.0,0.008436646,-0.030538797,1.855538797,8700.908324,728.753723,852.426086,0.003748,0.004312
590,4,0,0,151.1396,74.0,18.2,0.004688885,69.3744296739148,8.797302246,0.0,-0.017832001,0.047168016,1.777831984,8714.690438,643.390991,592.55603,0.003564,0.004279
591,4,0,0,151.263,75.0,18.2,0.004703147,69.7022480476308,7.344360352,0.0,-0.023200775,0.106300116,1.718699884,8730.47874,637.477295,584.49231,0.003608,0.004282
592,4,0,0,151.5106,75.0,18.2,0.004706338,69.865736762227,7.300415039,0.0,-0.010162323,0.107622385,1.717377615,8744.974558,648.733215,581.133606,0.003499,0.004233
593,4,0,0,152.008,78.0,18.2,0.004697891,70.0653313898714,7.388305664,0.0,-0.017832001,0.064494848,1.760505152,8760.071403,642.345581,580.927002,0.003693,0.004289
594,4,0,0,152.008,79.0,18.5,0.004681361,70.258408158329,7.695922852,0.0,-0.010162323,-0.006199598,1.831199598,8774.476994,654.47229,585.082214,0.003546,0.004154
595,4,0,0,152.6345,79.0,18.5,0.00465536,70.4862738525392,7.651977539,0.0,0.005368774,-0.114764929,1.939764929,8790.196775,723.072693,818.567322,0.003304,0.003977
596,4,0,0,152.8865,80.0,18.4,0.004631794,70.6528340890858,7.212524414,0.0,0.052920776,-0.187868357,2.012868357,8803.955587,632.153687,587.983093,0.003465,0.003872
597,4,0,0,152.8865,80.0,18.4,0.004612882,70.8395612387602,7.344360352,0.0,0.021475098,-0.167281866,1.992281866,8819.685522,675.86322,584.338928,0.003454,0.00411
598,4,0,0,153.3931,76.0,18.4,0.004607681,71.0014796398514,7.256469727,0.0,-0.02166684,-0.064677477,1.889677477,8831.488525,617.557678,587.643982,0.003599,0.004188
599,4,0,0,153.5202,77.0,18.4,0.004611839,71.132772799638,6.465454102,0.0,-0.010162323,0.022113562,1.802886438,8847.227836,620.980408,594.253296,0.00346,0.004
600,4,0,0,153.903,78.0,18.6,0.00462438,71.1483161433194,0.0,2.792358398,-0.013997162,0.093438387,1.731561613,8860.984156,708.979614,575.429504,0.003411,0.004086
601,4,0,0,154.2877,78.0,18.6,0.004648346,70.7102789332102,5.58380127,0.0,-0.015531097,0.141343832,1.683656168,8876.685388,790.943726,573.711609,0.003458,0.003984
602,4,0,0,154.4163,78.0,18.6,0.004675488,70.7283877257856,5.58380127,0.0,-0.005560516,0.160240412,1.664759588,8890.413425,733.819397,836.852173,0.003365,0.003984
603,4,0,0,155.0628,79.0,18.6,0.004708255,70.7511073418346,5.58380127,0.0,-0.001725677,0.163631678,1.661368322,8905.995322,623.86969,582.46167,0.003656,0.004262
604,4,0,0,155.0628,78.0,18.8,0.004730962,70.7661833009932,5.58380127,0.0,0.003067871,0.161486864,1.663513136,8917.597859,615.024414,571.551819,0.003751,0.004393
605,4,0,0,155.4533,80.0,18.8,0.004756402,70.7944268317516,5.806274414,0.0,0.003067871,0.164633989,1.660366011,8932.956655,596.506897,573.431396,0.004035,0.004695
606,4,0,0,155.4533,78.0,19.0,0.004773924,70.8268010715814,5.627746582,0.0,0.019941162,0.175292253,1.649707747,8946.936782,628.23761,598.36499,0.003824,0.004501
607,4,0,0,156.2402,77.0,19.0,0.004791486,70.8267201539662,5.58380127,0.0,0.005368774,0.223840475,1.601159525,8961.544672,651.765808,584.070496,0.003729,0.004391
608,4,0,0,156.2402,77.0,19.2,0.00480553,70.6958344629742,3.82598877,0.0,-0.007094452,0.291475534,1.533524466,8975.544596,655.756775,579.80957,0.003749,0.004378
609,4,0,0,156.6367,75.0,19.2,0.004812106,70.6634381269062,5.58380127,0.0,-0.001725677,0.359390974,1.465609026,8990.862901,667.39563,590.936096,0.003638,0.004272
610,4,0,0,156.9021,75.0,19.4,0.004802973,70.6191547871698,0.0,0.0,-0.015531097,0.409662962,1.415337038,9004.306076,594.943176,591.097473,0.003576,0.004205
611,4,0,0,156.9021,77.0,19.4,0.004779733,70.0445971522068,0.0,0.0,-0.016298065,0.436258554,1.388741446,9019.70595,644.764282,586.03772,0.0036,0.004183
612,4,0,0,157.1685,75.0,19.5,0.004756676,69.6004561982796,0.0,0.0,-0.02166684,0.417030096,1.407969904,9033.206794,651.489502,590.15448,0.003776,0.004306
613,4,0,0,157.4357,74.0,19.5,0.004734501,69.05753176645,0.0,0.0,-0.02166684,0.335997343,1.489002657,9048.666283,660.516602,590.978882,0.003952,0.004598
614,4,0,0,157.5696,76.0,19.7,0.004721526,68.619476499546,2.28515625,0.0,-0.017832001,0.222472429,1.602527571,9062.219122,654.358826,608.206909,0.003788,0.004358
615,4,0,0,158.1078,74.0,19.7,0.004712719,68.5925687531744,5.58380127,0.0,0.046785034,0.049053907,1.775946093,9077.738494,723.803894,869.81958,0.003669,0.004367
616,4,0,0,158.1078,74.0,19.8,0.004706374,68.6958288838746,6.729125977,0.0,0.030678711,-0.025651693,1.850651693,9091.344896,640.575378,623.874695,0.003552,0.00405
617,4,0,0,158.1078,76.0,19.8,0.004694342,68.8980581942198,7.344360352,0.0,0.016106323,-0.014998198,1.839998198,9106.926886,628.593689,627.296082,0.003729,0.00433
618,4,0,0,158.6496,74.0,19.9,0.004677989,69.086555167279,7.344360352,0.0,0.001533936,0.034008265,1.790991735,9120.589196,616.38031,631.313477,0.00374,0.004376
619,4,0,0,158.5138,74.0,19.9,0.004658031,69.275057644281,6.377563477,0.0,-0.004793549,0.096792459,1.728207541,9136.275189,637.444519,600.407898,0.003706,0.004313
620,4,0,0,158.7856,74.0,20.0,0.004645208,69.3920818162652,6.553344727,0.0,-0.004793549,0.148073435,1.676926565,9150.096316,633.786926,587.386902,0.004025,0.004623
621,4,0,0,159.0584,74.0,20.0,0.004640537,69.5335265157444,6.597290039,0.0,-0.030870453,0.196076155,1.628923845,9166.66264,637.312683,633.174927,0.003883,0.00461
622,4,0,0,159.6067,78.0,20.1,0.004647451,69.6556357997936,6.597290039,0.0,-0.02856955,0.200011969,1.624988031,9180.001321,628.879211,596.840881,0.003961,0.004547
623,4,0,0,159.8823,79.0,20.1,0.004666972,69.7984419365392,6.685180664,0.0,-0.008628387,0.130342245,1.694657755,9196.779059,650.748108,606.219116,0.003964,0.004594
624,4,0,0,159.7444,77.0,20.2,0.004690305,69.925239775184,6.685180664,0.0,0.010737549,0.043049097,1.781950903,9210.284448,628.720276,604.499695,0.003729,0.004498
625,4,0,0,157.9729,75.0,20.2,0.004715999,70.0685163541984,6.817016602,0.0,-0.007094452,-0.037615538,1.862615538,9227.250014,651.850281,587.249817,0.003617,0.004294
626,4,0,0,157.8382,72.0,20.3,0.00473071,70.2019314126816,6.860961914,0.0,-0.007094452,-0.104549646,1.929549646,9241.530707,651.206177,583.767578,0.003655,0.004352
627,4,0,0,158.2429,70.0,20.3,0.004737713,70.3811772556848,11.21429443,0.0,-0.019365936,-0.20548892,2.03048892,9257.88795,661.654297,631.949524,0.003506,0.004039
628,4,0,0,158.3782,69.0,20.1,0.004739344,70.8505848315186,10.86273193,0.0,0.04141626,-0.312274694,2.137274694,9272.233327,634.216125,591.25,0.00371,0.004321
629,4,0,0,159.0584,71.0,20.1,0.00473839,71.3528412254548,10.86273193,0.0,0.03451355,-0.366993666,2.191993666,9288.668154,670.85791,636.541504,0.003468,0.004189
630,4,0,0,158.9219,72.0,20.1,0.004735355,71.7863254034898,10.77484131,0.0,0.021475098,-0.334903002,2.159903002,9303.084524,802.612671,805.338013,0.003313,0.003894
631,4,0,0,159.0584,73.0,20.1,0.004734885,72.265470468021,10.81878662,0.0,0.021475098,-0.228076696,2.053076696,9319.601145,635.004272,591.946472,0.003275,0.003856
632,4,0,0,159.7444,76.0,20.2,0.004743843,72.6798284931062,10.730896,0.0,-0.02856955,-0.084699392,1.909699392,9334.088518,635.929382,595.281677,0.003621,0.004233
633,4,0,0,160.2975,77.0,20.2,0.004765088,73.1530792050468,10.33538818,0.0,-0.02856955,0.034925222,1.790074778,9350.693152,623.070984,583.614502,0.003255,0.003929
634,4,0,0,160.4364,79.0,20.0,0.004786842,73.3626774740378,6.817016602,0.0,-0.004793549,0.066370249,1.758629751,9365.28066,661.251099,582.717529,0.00341,0.004006
635,4,0,0,160.8545,79.0,20.0,0.004808789,73.5204730196368,7.651977539,0.0,-0.02166684,0.055550337,1.769449663,9382.018073,670.346008,581.501892,0.003497,0.00398
636,4,0,0,160.8545,76.0,20.1,0.004823985,73.6687821657652,7.608032227,0.0,-0.013997162,0.001306772,1.823693228,9397.421611,671.856079,579.44812,0.003578,0.004137
637,4,0,0,160.9943,74.0,20.1,0.00483606,73.844166139944,7.915649414,0.0,-0.001725677,-0.105046511,1.930046511,9413.586658,672.419617,589.887512,0.003566,0.004144
638,4,0,0,161.5561,74.0,20.2,0.004838135,74.0123304700422,7.915649414,0.0,0.013038452,-0.193231344,2.018231344,9429.106662,633.483704,587.339722,0.003575,0.004247
639,4,0,0,161.8385,74.0,20.2,0.004830664,74.1761868866416,7.959594727,0.0,0.003834839,-0.252013445,2.077013445,9443.973375,736.062805,582.005798,0.003469,0.004082
640,4,0,0,161.8385,73.0,20.0,0.004815312,74.3679938697458,7.959594727,0.0,0.00690271,-0.321798086,2.146798086,9461.025261,651.618103,590.372803,0.003321,0.003831
641,4,0,0,162.1219,74.0,20.0,0.004801407,74.5344125165592,7.915649414,0.0,0.013038452,-0.365693331,2.190693331,9475.99857,766.910889,587.404297,0.003545,0.004103
642,4,0,0,162.5488,73.0,20.1,0.004789898,74.7750600396646,9.544372559,0.0,0.043717163,-0.375998259,2.200998259,9491.020746,663.423828,584.528503,0.003599,0.004282
643,4,0,0,163.1215,74.0,20.1,0.004780907,75.0579709715922,9.456481934,0.0,0.003067871,-0.313803911,2.138803911,9506.091006,715.924072,585.072327,0.003592,0.004308
644,4,0,0,163.4094,76.0,20.2,0.004770273,75.3676631718608,9.412536621,0.0,-0.012463226,-0.217971087,2.042971087,9523.372601,795.25769,579.663513,0.003707,0.004281
645,4,0,0,163.5537,76.0,20.2,0.004756449,75.6362223637232,9.412536621,0.0,0.005368774,-0.149683237,1.974683237,9538.545805,664.731323,586.637573,0.00334,0.00385
646,4,0,0,163.8431,74.0,20.0,0.00473644,75.9376836267486,9.456481934,0.0,-0.010929291,-0.082676172,1.907676172,9555.945471,663.054626,580.797729,0.003349,0.003883
647,4,0,0,163.5537,74.0,20.0,0.004721184,76.1890700986466,9.412536621,0.0,-0.008628387,-0.045404673,1.870404673,9571.220472,671.469727,568.241028,0.003278,0.00385
648,4,0,0,164.2791,75.0,20.1,0.00471136,76.4744160907414,9.412536621,0.0,-0.010929291,-0.031759024,1.856759024,9588.735815,706.801392,573.769104,0.003311,0.003857
649,4,0,0,164.425,74.0,20.1,0.004709315,76.7285021661158,9.412536621,0.0,-0.000959,-0.043044806,1.868044806,9604.112174,638.691772,587.1875,0.003242,0.003872
650,4,0,0,160.9943,77.0,19.9,0.004711357,77.0134801343394,9.456481934,0.0,-0.008628387,-0.068587065,1.893587065,9622.47765,619.730896,586.052612,0.003403,0.003954
651,4,0,0,152.1329,78.0,19.9,0.004715367,77.2616824626738,9.456481934,0.0,-0.003259613,-0.107985735,1.932985735,9637.217749,671.818909,572.315613,0.003338,0.003894
652,4,0,0,154.2877,78.0,19.7,0.004723573,77.5391279150274,9.456481934,0.0,-0.005560516,-0.160794973,1.985794973,9655.702484,640.461304,580.178223,0.003283,0.003979
653,4,0,0,155.4533,80.0,19.7,0.004735496,77.7811601142688,9.500427246,0.0,-0.005560516,-0.220525503,2.045525503,9670.537622,627.749817,593.372009,0.003296,0.003932
654,4,0,0,156.2402,81.0,19.8,0.004757053,78.0603052871568,9.632263184,0.0,0.016106323,-0.284493685,2.109493685,9689.140511,632.975525,591.350098,0.003282,0.003906
655,4,0,0,156.9021,80.0,19.8,0.004782369,78.3041076155576,9.588317871,0.0,0.02761084,-0.285318136,2.110318136,9704.817302,664.034119,584.377075,0.003254,0.003832
656,4,0,0,157.0352,81.0,19.6,0.004812035,78.577265174602,9.632263184,0.0,-0.010162323,-0.178291082,2.003291082,9722.788478,629.87323,595.589417,0.003347,0.004018
657,4,0,0,157.9729,80.0,19.6,0.004831998,78.8176890477276,9.588317871,0.0,-0.039307098,-0.050713778,1.875713778,9738.512438,634.509888,592.279602,0.003448,0.004052
658,4,0,0,158.3782,78.0,19.5,0.004843529,79.0960106730574,9.676208496,0.0,-0.024734711,-0.012036085,1.837036085,9756.359468,639.635193,592.185181,0.003463,0.004084
659,4,0,0,158.1078,76.0,19.5,0.004844795,79.3547136552106,9.676208496,0.0,0.008436646,-0.070547819,1.895547819,9767.438085,638.012207,582.934814,0.003657,0.004198
660,4,0,0,156.7693,77.0,19.6,0.004841247,79.5997911441604,9.808044434,0.0,-0.007094452,-0.11561656,1.94061656,9782.851536,641.02887,587.788086,0.003651,0.004337
661,4,0,0,153.5202,75.0,19.6,0.00483335,79.8457131825554,9.764099121,0.0,0.025309937,-0.117258787,1.942258787,9798.879074,647.293091,600.818909,0.003608,0.004295
662,4,0,0,154.4163,75.0,19.5,0.004819937,80.1216461449902,9.764099121,0.0,0.029144775,-0.100925684,1.925925684,9815.504961,637.268127,591.528687,0.003585,0.004271
663,4,0,0,155.8458,77.0,19.5,0.00481042,80.357552327148,9.764099121,0.0,-0.007094452,-0.035152674,1.860152674,9831.28418,636.479004,599.987122,0.003687,0.004375
664,4,0,0,153.2661,75.0,19.3,0.00481692,80.6222746110494,9.895935059,0.0,-0.017832001,0.059750795,1.765249205,9847.652801,639.06012,595.499878,0.003636,0.004374
665,4,0,0,152.6345,76.0,19.3,0.004844297,80.851419344318,9.764099121,0.0,-0.007094452,0.093439817,1.731560183,9863.188514,713.940491,830.4953,0.003408,0.004093
666,4,0,0,153.903,77.0,19.5,0.004889868,80.9081161993972,3.430480957,0.0,-0.013997162,0.102456331,1.722543669,9880.002399,739.931885,826.918396,0.003416,0.004054
667,4,0,0,154.031,75.0,19.5,0.00492511,80.3780319994114,0.0,143.8568115,-0.039307098,0.076693296,1.748306704,9894.600707,651.474426,607.262329,0.003892,0.004654
668,4,0,0,154.9331,73.0,19.3,0.004946238,79.741184360853,0.0,230.2825928,0.013038452,-0.038452864,1.863452864,9911.155652,641.706177,600.220215,0.00407,0.004711
669,4,0,0,155.7147,73.0,19.3,0.004947198,79.1499593225922,0.0,237.7532959,0.010737549,-0.166511774,1.991511774,9925.529226,640.152283,593.913574,0.003939,0.004585
670,4,0,0,155.977,71.0,19.5,0.004937935,78.5050339237718,0.0,235.9954834,0.03451355,-0.280180693,2.105180693,9941.829408,635.750977,596.093018,0.003958,0.004616
671,4,0,0,156.5043,70.0,19.5,0.004929285,77.942233129058,0.0,235.7025146,0.021475098,-0.299248457,2.124248457,9955.982178,639.356079,606.285217,0.003877,0.004658
672,4,0,0,156.6367,71.0,19.7,0.004920295,77.2887245889354,0.0,229.989624,-0.004793549,-0.208125353,2.033125353,9972.032279,739.959595,840.534485,0.003601,0.004352
673,4,0,0,157.302,71.0,19.7,0.004909567,76.7360868246018,0.0,228.817749,-0.003259613,-0.136905432,1.961905432,9985.96801,734.38269,834.366272,0.003698,0.004383
674,4,0,0,157.1685,72.0,19.5,0.004889688,76.113958595925,0.0,228.6712646,-0.017832001,-0.104062319,1.929062319,10001.77199,632.222107,596.590515,0.003709,0.00432
675,4,0,0,157.7038,75.0,19.5,0.004865365,75.5707153055612,0.0,227.645874,-0.000959,-0.117845297,1.942845297,10015.49418,635.071899,590.397888,0.003787,0.004401
676,4,0,0,157.8382,74.0,19.6,0.004834013,74.9596407160206,0.0,218.4173584,0.00690271,-0.180740595,2.005740595,10031.70187,732.386597,831.488403,0.00379,0.004483
677,4,0,0,158.3782,72.0,19.6,0.004806345,74.4445496102768,0.0,217.8314209,0.042183228,-0.221978426,2.046978426,10044.59232,620.049316,600.563904,0.003729,0.004347
678,4,0,0,158.6496,74.0,19.8,0.004775206,73.8410567180366,0.0,216.9525146,0.010737549,-0.192183256,2.017183256,10060.69328,613.655212,573.518005,0.003616,0.004207
679,4,0,0,158.9219,74.0,19.8,0.004750324,73.317284880613,0.0,144.2962646,-0.001725677,-0.12291646,1.94791646,10073.5747,629.629211,595.520874,0.003638,0.0042
680,4,0,0,158.9219,74.0,19.6,0.004727022,72.7080061857652,0.0,82.62634277,-0.007094452,-0.047314882,1.872314882,10089.68515,668.831909,703.593201,0.003751,0.004371
681,4,0,0,159.4693,77.0,19.6,0.004712437,72.1739302914972,0.0,55.81970215,-0.016298065,-0.000912,1.825911951,10102.58026,680.330505,711.070129,0.003478,0.004337
682,4,0,0,159.7444,75.0,19.7,0.004704384,71.574835966878,0.0,37.3626709,-0.010162323,0.001998186,1.823001814,10118.70726,738.328491,827.679871,0.003676,0.004429
683,4,0,0,159.7444,72.0,19.7,0.004704786,71.068108230966,0.0,17.58728027,0.005368774,-0.034744978,1.859744978,10132.26079,636.772827,594.458008,0.003705,0.004446
684,4,0,0,160.1589,71.0,19.6,0.004712199,70.4607012146316,0.0,3.671264648,0.013038452,-0.086084604,1.911084604,10147.75815,634.431091,595.510925,0.003775,0.004395
685,4,0,0,160.4364,71.0,19.6,0.00472491,69.9449426512162,0.0,0.0,0.013038452,-0.091407537,1.916407537,10161.32547,628.493408,598.867493,0.003858,0.004567
686,4,0,0,160.4364,69.0,19.4,0.004747074,69.5954818570868,5.539855957,0.0,0.017640259,-0.051091433,1.876091433,10176.8394,749.382019,807.215027,0.003868,0.00459
687,4,0,0,160.9943,68.0,19.4,0.004771585,69.5336153191256,5.23223877,0.0,0.003067871,0.02618432,1.79881568,10190.42099,745.649902,828.969971,0.003797,0.00452
688,4,0,0,160.7149,73.0,19.6,0.004800958,69.5733030114646,5.58380127,0.0,-0.020132904,0.145952463,1.679047537,10205.95425,627.877686,587.594116,0.003886,0.004489
689,4,0,0,159.1951,75.0,19.6,0.004823989,69.6066568726458,5.58380127,0.0,-0.02166684,0.211414576,1.613585424,10219.58438,637.61261,588.465393,0.003735,0.004439
690,4,0,0,159.1951,76.0,19.4,0.004845645,69.6452533680912,5.58380127,0.0,-0.017832001,0.228109598,1.596890402,10235.18531,640.89679,594.1745,0.00365,0.004306
691,4,0,0,152.6345,80.0,19.4,0.004860115,69.6800847965132,5.58380127,0.0,-0.010162323,0.189752817,1.635247183,10248.85428,0.0,0.0,0.0,0.0
692,4,0,0,140.2643,86.0,19.0,0.004868859,69.7179358778574,5.58380127,0.0,-0.010162323,0.107051134,1.717948866,10264.47362,649.387817,591.415405,0.003624,0.004316
693,4,0,0,138.3777,90.0,19.0,0.004867142,69.751417536728,5.58380127,0.0,0.008436646,0.008995771,1.816004229,10278.79386,639.391785,589.144287,0.003859,0.004532
694,4,0,0,123.1891,91.0,18.9,0.004856149,69.7902737152758,5.627746582,0.0,0.030678711,-0.10598731,1.93098731,10293.7743,638.609314,587.114929,0.003867,0.004606
695,4,0,0,122.6994,91.0,18.9,0.004845904,69.8255016367936,5.58380127,0.0,0.023776001,-0.134505033,1.959505033,10308.12094,640.840271,589.770203,0.003824,0.004634
696,4,0,0,126.2116,89.0,18.5,0.004841381,69.8645947584696,5.58380127,0.0,0.00690271,-0.077175379,1.902175379,10323.7965,728.831604,819.640503,0.003623,0.004425
697,4,0,0,128.7565,87.0,18.5,0.00484352,69.9325331592234,8.753356934,0.0,-0.007094452,0.023417711,1.801582289,10337.53914,698.194824,710.894897,0.00362,0.004223
698,4,0,0,130.2966,80.0,18.2,0.004849537,70.1612426947692,6.553344727,0.0,-0.023200775,0.12774539,1.69725461,10353.28398,640.323486,589.430908,0.003598,0.00427
699,4,0,0,131.3129,75.0,18.2,0.004857333,70.2365085975704,6.465454102,0.0,-0.020132904,0.170520067,1.654479933,10367.09624,640.320801,576.938477,0.003706,0.004357
700,4,0,0,130.2049,74.0,17.9,0.004870447,70.3217216699776,5.58380127,0.0,-0.005560516,0.157302618,1.667697382,10382.93347,639.270813,590.320374,0.003608,0.004195
701,4,0,0,128.8461,79.0,17.9,0.004885391,70.2757959987712,5.58380127,0.0,-0.000959,0.125761271,1.699238729,10396.8373,646.477112,583.565674,0.00354,0.004229
702,4,0,0,129.658,82.0,17.6,0.004905411,70.3218776150236,5.715637207,0.0,0.0,0.084680319,1.740319681,10412.78279,638.724121,587.932922,0.003523,0.004327
703,4,0,0,128.3994,79.0,17.6,0.004927844,70.3708488173394,6.377563477,0.0,-0.003259613,0.048105478,1.776894522,10426.78261,633.040283,577.485779,0.003763,0.004329
704,4,0,0,128.8461,75.0,17.3,0.004962986,70.4882221678234,6.377563477,0.0,0.014572388,0.00751996,1.81748004,10442.83599,640.335022,585.968323,0.003654,0.004249
705,4,0,0,130.5722,73.0,17.3,0.004997929,70.5931862355288,6.729125977,0.0,0.005368774,-0.000484,1.825483751,10456.92821,634.405273,584.041382,0.003638,0.00429
706,4,0,0,130.2049,77.0,17.1,0.005027509,70.7755415969998,7.300415039,0.0,-0.013997162,0.018407583,1.806592417,10473.756,634.283081,586.04718,0.003945,0.004698
707,4,0,0,120.7001,80.0,17.1,0.00503688,70.9475304914212,7.344360352,0.0,0.005368774,0.013534784,1.811465216,10487.25791,723.157288,830.274902,0.003941,0.00474
708,4,0,0,120.3862,83.0,16.6,0.005033044,71.183867332963,8.091430664,0.0,-0.003259613,-0.004439592,1.829439592,10504.18524,730.393677,848.026184,0.003799,0.004596
709,4,0,0,102.8087,84.0,16.6,0.00502112,71.402900035836,8.179321289,0.0,0.001533936,-0.021414042,1.846414042,10517.76453,590.396912,594.140991,0.003945,0.004611
710,4,0,0,105.6234,78.0,16.4,0.005001008,71.6735785675444,8.223266602,0.0,0.005368774,-0.039135695,1.864135695,10534.78275,635.706116,588.241699,0.003773,0.004499
711,4,0,0,106.5962,73.0,16.4,0.004981259,71.9075882712594,8.223266602,0.0,0.005368774,-0.037562132,1.862562132,10548.42786,647.97522,580.844299,0.003769,0.004491
712,4,0,0,101.9036,73.0,16.6,0.004957214,72.1766272395626,8.223266602,0.0,-0.003259613,-0.019797087,1.844797087,10565.52087,639.17511,582.054871,0.003745,0.004492
713,4,0,0,107.2754,72.0,16.6,0.004933013,72.411660821479,8.135375977,0.0,-0.003259613,-0.002146006,1.827146006,10579.91016,631.929626,576.1828,0.003663,0.00436
714,4,0,0,109.8853,72.0,16.4,0.004900367,72.6553349176686,8.047485352,0.0,0.003067871,0.007202864,1.817797136,10596.3894,311.305603,561.593079,0.003852,0.004504
715,4,0,0,108.4058,76.0,16.4,0.004868954,72.8645012719904,8.003540039,0.0,-0.001725677,0.017948866,1.807051134,10610.83831,640.449097,587.556885,0.003533,0.004178
716,4,0,0,109.4954,77.0,16.6,0.0048335,73.1132937453028,8.091430664,0.0,-0.003259613,0.03098321,1.79401679,10627.38393,730.823792,823.002075,0.00346,0.004172
717,4,0,0,102.2976,81.0,16.6,0.004806218,73.306835435993,7.959594727,0.0,0.0,0.03220582,1.79279418,10641.87503,636.094727,580.760071,0.003465,0.004012
718,4,0,0,102.4674,85.0,16.7,0.004786975,73.5268625017718,7.871704102,0.0,0.0,0.032704115,1.792295885,10658.4466,644.462402,580.698975,0.003664,0.004356
719,4,0,0,105.443,84.0,16.7,0.004786513,73.6920040407348,7.520141602,0.0,-0.000959,0.032904387,1.792095613,10672.95667,623.810486,580.989502,0.003643,0.004309
720,4,0,0,86.9716,81.0,16.9,0.004799759,73.8725390133582,7.564086914,0.0,0.003834839,0.030505896,1.794494104,10689.55125,636.300293,581.080322,0.003582,0.004236
721,4,0,0,74.0072,80.0,16.9,0.004811828,74.0315821997922,7.564086914,0.0,0.001533936,0.032741785,1.792258215,10704.082,639.26123,581.922119,0.003721,0.004504
722,4,0,0,66.2972,78.0,17.0,0.004819824,74.212249959059,7.564086914,0.0,0.0,0.04927516,1.77572484,10720.70069,647.973206,585.203979,0.00351,0.004259
723,4,0,0,69.429,77.0,17.0,0.004827518,74.365774960034,7.564086914,0.0,0.0,0.064792871,1.760207129,10735.94566,637.643982,582.653687,0.003654,0.004338
724,4,0,0,64.05,77.0,17.1,0.004843081,74.5260510457486,5.58380127,0.0,0.0,0.083023787,1.741976213,10751.89274,638.670776,598.08667,0.003656,0.004583
725,4,0,0,66.1787,79.0,17.1,0.004859361,74.5552137349546,6.509399414,0.0,-0.000959,0.098439932,1.726560068,10767.14849,731.902283,838.563721,0.00358,0.004195
726,4,0,0,71.2454,79.0,17.2,0.004877958,74.6169324067566,6.509399414,0.0,-0.004793549,0.113939524,1.711060476,10783.09784,635.036072,576.365295,0.003403,0.004083
727,4,0,0,73.5954,81.0,17.2,0.004894295,74.673004966663,6.553344727,0.0,-0.000959,0.115593195,1.709406805,10798.3121,640.96167,576.795227,0.003525,0.004219
728,4,0,0,76.0121,82.0,17.5,0.004913708,74.7365229127718,6.597290039,0.0,0.001533936,0.100199938,1.724800062,10814.78137,633.488586,588.360291,0.003656,0.004308
729,4,0,0,77.7025,79.0,17.5,0.004934842,74.7953952253828,6.553344727,0.0,0.013038452,0.092080355,1.732919645,10829.08066,631.989929,585.63269,0.003817,0.004467
730,4,0,0,79.2318,77.0,17.6,0.004960966,74.8533094978918,6.553344727,0.0,0.008436646,0.116019011,1.708980989,10843.27689,635.740417,582.204529,0.003607,0.004429
731,4,0,0,80.4014,77.0,17.6,0.004988533,74.8916213493714,5.938110352,0.0,-0.020132904,0.180256605,1.644743395,10859.39657,629.879517,576.913574,0.003628,0.004471
732,4,0,0,78.2277,78.0,17.6,0.005001269,74.897750424201,6.069946289,0.0,-0.007094452,0.192919016,1.632080984,10873.46027,636.792419,577.013123,0.003594,0.004258
733,4,0,0,75.8254,81.0,17.6,0.004999257,74.80955915547,0.0,0.0,-0.007094452,0.147682428,1.677317572,10890.09006,640.165894,581.435974,0.003703,0.004559
734,4,0,0,74.096,84.0,17.9,0.004989278,74.1614856462086,0.0,0.0,-0.007094452,0.083324194,1.741675806,10903.29177,644.658386,582.39209,0.003943,0.004749
735,4,0,0,78.0299,87.0,17.9,0.004983589,73.4357011799774,0.0,3.378295898,-0.007094452,-0.027788877,1.852788877,10919.66713,649.413208,586.062073,0.004171,0.004879
736,4,0,0,79.9156,85.0,18.2,0.004994081,72.7710249628862,0.0,7.772827148,-0.001725677,-0.16016221,1.98516221,10932.66879,634.278992,599.567505,0.00418,0.005031
737,4,0,0,74.9356,81.0,18.2,0.005027482,72.4004988254806,3.869934082,0.0,0.023009033,-0.230625391,2.055625391,10948.7965,632.283508,584.365906,0.003985,0.004779
738,4,0,0,77.0879,81.0,18.2,0.005067349,71.9272851122666,0.0,25.49743652,-0.017832001,-0.106033087,1.931033087,10961.6243,622.662415,590.019409,0.004183,0.004966
739,4,0,0,79.8123,82.0,18.2,0.005104676,71.1732199878032,0.0,0.0,0.0,0.018810511,1.806189489,10977.6009,648.262512,604.370422,0.004017,0.00477
740,4,0,0,81.0347,82.0,18.5,0.005119619,70.5310265884734,0.0,0.0,0.010737549,0.069677114,1.755322886,10990.96319,635.960083,574.380676,0.003956,0.004687
741,4,0,0,82.2585,83.0,18.5,0.005121812,69.7885593819342,0.0,0.0,-0.010929291,0.163216829,1.661783171,11006.13808,692.469727,693.914124,0.003995,0.004776
742,4,0,0,83.2196,87.0,18.7,0.005120478,69.277448801653,2.8125,0.0,-0.010162323,0.212100744,1.612899256,11019.35399,632.466614,585.356201,0.004038,0.004834
743,4,0,0,84.1652,88.0,18.7,0.005120183,68.897522090879,2.153320313,0.0,0.001533936,0.213570833,1.611429167,11034.43593,636.289307,578.404724,0.003974,0.004682
744,4,0,0,85.0152,88.0,19.0,0.005119519,68.4807649582822,0.0,0.0,-0.001725677,0.204380751,1.620619249,11047.55638,677.438293,689.070923,0.003829,0.004667
745,4,0,0,85.5256,90.0,19.0,0.005116343,67.9715503253616,4.924621582,0.0,0.009203613,0.190554857,1.634445143,11062.49118,726.723083,833.80188,0.00382,0.004598
746,4,0,0,85.3286,87.0,19.2,0.005111705,67.7834013398906,0.0,0.0,0.00690271,0.16746974,1.65753026,11075.46456,638.585083,581.35553,0.003996,0.004687
747,4,0,0,86.4035,83.0,19.2,0.005106315,67.3170953645718,2.680664063,0.0,0.003067871,0.175722361,1.649277639,11090.17769,570.380005,222.914993,0.004551,0.005312
748,4,0,0,79.9846,82.0,19.3,0.005106582,66.719900399114,0.0,183.9935303,-0.005560516,0.195410013,1.629589987,11102.95304,633.182495,579.63031,0.004276,0.004996
749,4,0,0,83.2945,82.0,19.3,0.005117388,65.9914978102906,0.0,264.5599365,-0.004793549,0.19749856,1.62750144,11117.44149,641.864807,594.285522,0.004427,0.005207
750,4,0,0,85.4073,85.0,19.5,0.005130638,65.365392387485,0.0,264.7064209,-0.02166684,0.176870108,1.648129892,11130.61819,632.63562,584.0271,0.004327,0.005091
751,4,0,0,86.3632,84.0,19.5,0.005141849,64.6514948927354,0.0,263.973999,-0.005560516,0.077331781,1.747668219,11143.95285,642.662598,585.461487,0.004414,0.005066
752,4,0,0,87.382,82.0,19.7,0.005151655,60.5335956205598,0.0,263.6810303,0.023776001,-0.082348108,1.907348108,11154.74853,,,,
753,4,0,0,87.5473,80.0,19.7,0.005151655,60.5335956205598,0.0,263.6810303,0.023776001,-0.082348108,1.907348108,11154.74853,,,,
754,4,0,0,86.0023,79.0,19.8,0.005151655,60.5335956205598,0.0,263.6810303,0.023776001,-0.082348108,1.907348108,11154.74853,,,,
