Time,Drive,Stimulus,Failure,Palm.EDA,Heart.Rate,Breathing.Rate,Perinasal.Perspiration,Speed,Acceleration,Brake,Steering,LaneOffset,Lane.Position,Distance,Gaze.X.Pos,Gaze.Y.Pos,Lft.Pupil.Diameter,Rt.Pupil.Diameter
1,4,0,0,74.2446,76.0,17.2,0.006018591,-0.01780775104434,0.0,264.1204834,-0.017832001,-0.100001574,1.925001574,8.0612e-06,734.120483,695.736084,0.004796,0.004848
2,4,0,0,67.9016,78.0,16.7,0.005876728,-0.01780775104434,0.0,263.973999,-0.017832001,-0.100001574,1.925001574,1.51148e-05,0.0,0.0,0.005115,0.004888
3,4,0,0,57.7754,79.0,16.7,0.005749092,-0.01780775104434,0.0,263.973999,-0.017832001,-0.100001574,1.925001574,2.35118e-05,761.0625,837.463928,0.005171,0.005327
4,4,0,0,54.827,78.0,16.5,0.005671481,0.5892372700065,0.0,263.973999,-0.017832001,-0.100040674,1.925040674,3.05654e-05,0.0,0.0,0.0,0.0
5,4,0,0,51.8575,81.0,16.5,0.005621472,0.79740804798014,0.0,137.1185303,-0.017832001,-0.100216627,1.925216627,0.01728028,718.559692,714.500488,0.005075,0.005049
6,4,0,0,51.6577,83.0,16.4,0.0055888,0.7973599029647,0.0,73.39782715,-0.017832001,-0.100387812,1.925387812,0.14408597,725.68689,741.321716,0.005233,0.005215
7,4,0,0,55.0521,80.0,16.4,0.005558505,0.8045120674191,6.465454102,0.0,-0.017832001,-0.100602865,1.925602865,0.317069199,732.025696,780.923706,0.005106,0.005095
8,4,0,0,58.5796,82.0,15.6,0.005529172,8.3219708558187,11.12640381,0.0,0.003067871,-0.100886583,1.925886583,0.46656119,717.181824,698.699219,0.004963,0.005027
9,4,0,0,63.0684,84.0,15.6,0.005486356,15.5200216105313,11.21429443,0.0,0.0,-0.101596594,1.926596594,0.644415558,703.400574,681.065613,0.004793,0.004719
10,4,0,0,66.0136,82.0,15.3,0.005439033,19.9044989915134,11.21429443,0.0,0.0,-0.102566481,1.927566481,0.901355489,778.557678,707.857605,0.004853,0.004741
11,4,0,0,68.1013,79.0,15.3,0.005378982,23.4184675665952,5.58380127,0.0,0.0,-0.103939772,1.928939772,2.45644708,702.308472,684.403076,0.005135,0.005041
12,4,0,0,69.6379,81.0,15.0,0.005331491,23.1409689899282,0.0,250.7904053,-0.007094452,-0.107520819,1.932520819,4.925111846,736.595581,689.338989,0.005424,0.005339
13,4,0,0,64.5861,82.0,15.0,0.005292403,22.6269451340988,0.0,263.973999,-0.007094452,-0.120318651,1.945318651,8.864276661,699.49707,726.569702,0.005753,0.005664
14,4,0,0,58.3213,80.0,15.0,0.005274973,22.1303352382998,0.0,262.9486084,-0.007094452,-0.136892557,1.961892557,12.842098,702.259277,715.284119,0.005934,0.005824
15,4,0,0,56.5061,79.0,15.0,0.005278532,0.0866170203897,0.0,262.3626709,0.001533936,-0.151056528,1.976056528,17.92031448,696.182495,581.778503,0.006119,0.005751
16,4,0,0,59.79,82.0,15.0,0.005305485,-0.04784338328116,0.0,262.5091553,0.001533936,-0.151027441,1.976027441,22.66819331,680.06543,630.154602,0.005851,0.00562
17,4,0,0,63.7633,82.0,15.0,0.005362009,-0.01774682947864,0.0,262.5091553,0.001533936,-0.151059389,1.976059389,27.76527752,689.548889,585.791382,0.0053,0.005141
18,4,0,0,65.8727,80.0,15.3,0.005422826,0.2349465166224,0.0,263.973999,0.001533936,-0.151087999,1.976087999,32.15551485,691.588806,712.369995,0.005117,0.005057
19,4,0,0,66.9443,77.0,15.3,0.005483401,0.8159476512175,0.0,93.46618652,0.023776001,-0.151766062,1.976766062,37.17042708,693.647095,699.113708,0.005171,0.005134
20,4,0,0,68.0513,80.0,15.5,0.005516155,0.79662573975944,0.0,5.429077148,0.036047485,-0.152257681,1.977257681,38.89478533,0.0,0.0,0.005195,0.005407
21,4,0,0,69.8744,81.0,15.5,0.005530302,8.553188105186,14.11743164,0.0,0.045251099,-0.153435469,1.978435469,38.88982702,685.173523,674.847473,0.005728,0.005674
22,4,0,0,71.4653,84.0,15.8,0.005528641,16.4028353978848,14.69146729,0.0,0.037581421,-0.150586367,1.975586367,38.88928353,707.59967,765.112488,0.004889,0.004984
23,4,0,0,71.8257,86.0,15.8,0.005519556,21.9780056550768,12.53540039,0.0,0.001533936,-0.130411863,1.955411863,38.89108338,700.792297,699.215576,0.005014,0.004953
24,4,0,0,71.5205,87.0,16.0,0.005509948,25.9858424543336,15.4385376,0.0,-0.010162323,-0.111354113,1.936354113,38.91118371,733.883972,865.008606,0.004906,0.004853
25,4,0,0,72.9576,87.0,16.0,0.005493313,30.1161775633978,11.21429443,0.0,0.036047485,-0.089704275,1.914704275,39.06632441,695.698486,715.678894,0.00502,0.004967
26,4,0,0,74.7239,88.0,16.2,0.005463583,32.442216822527,12.13989258,0.0,-0.02166684,-0.036386251,1.861386251,39.21750594,749.306396,718.096924,0.005015,0.004971
27,4,0,0,76.0121,89.0,16.2,0.00540659,35.112760687948,11.21429443,0.0,-0.012463226,0.010246992,1.814753008,39.43921066,712.088928,724.636597,0.005021,0.004991
28,4,0,0,77.12,91.0,16.4,0.005344089,37.0994005856938,11.21429443,0.0,-0.024734711,0.029397249,1.795602751,40.5867681,709.849976,749.622498,0.005057,0.00498
29,4,0,0,78.1287,92.0,16.4,0.00527388,39.2800215883234,11.61254883,0.0,-0.007094452,0.008062601,1.816937399,43.45229033,746.863892,828.870911,0.004837,0.004823
30,4,0,0,79.164,91.0,16.5,0.005226067,41.0179582023796,8.929138184,0.0,0.013038452,-0.035702467,1.860702467,47.17382983,714.025818,702.522217,0.005335,0.0052
31,4,0,0,80.1578,90.0,16.5,0.005193523,42.548707467512,9.983825684,0.0,0.009203613,-0.055128813,1.880128813,52.06394064,727.872314,752.278076,0.005138,0.00508
32,4,0,0,81.1056,90.0,16.7,0.005181496,43.9165208424316,10.07171631,0.0,0.0,-0.044245481,1.869245481,56.97877544,681.028015,696.842896,0.0052,0.005158
33,4,0,0,80.8224,90.0,16.7,0.005175415,45.4285581987302,9.676208496,0.0,0.009203613,-0.029265165,1.854265165,63.57086694,706.614929,782.865295,0.00496,0.004894
34,4,0,0,80.7168,88.0,16.8,0.005163969,46.5748938648884,9.280700684,0.0,-0.010162323,0.001436949,1.823563051,69.27378024,699.173218,713.357483,0.00509,0.004995
35,4,0,0,81.9672,88.0,16.8,0.005135651,47.943942005923,10.51116943,0.0,-0.007094452,0.022363901,1.802636099,76.8305314,690.625488,707.494019,0.005049,0.005016
36,4,0,0,83.3319,88.0,16.9,0.005102179,49.1375698016948,10.24749756,0.0,-0.003259613,0.015425444,1.809574556,83.55611428,692.661316,710.478516,0.004862,0.004788
37,4,0,0,84.2034,89.0,16.9,0.005067534,50.4478685354142,9.808044434,0.0,-0.001725677,0.00321126,1.82178874,91.61244361,713.780701,704.286194,0.005032,0.004949
38,4,0,0,84.8983,88.0,17.0,0.005046273,51.522635548207,10.15960693,0.0,0.012271484,-0.011746168,1.836746168,99.32138751,698.575928,698.618896,0.004728,0.004858
39,4,0,0,85.6047,87.0,17.0,0.005025159,52.6754976513342,9.192810059,0.0,-0.007094452,0.003418207,1.821581793,108.0743267,731.609619,715.636292,0.005067,0.004999
40,4,0,0,85.6443,89.0,16.8,0.005003254,53.5830445659936,9.412536621,0.0,0.0,0.040141821,1.784858179,116.3885965,680.695923,697.38208,0.004967,0.004973
41,4,0,0,86.2426,89.0,16.8,0.004978508,54.6145647988506,9.280700684,0.0,-0.004793549,0.070098162,1.754901838,125.7106655,734.575684,844.468201,0.004928,0.004939
42,4,0,0,87.2996,88.0,16.9,0.004962193,55.471105693885,9.280700684,0.0,-0.007094452,0.081898451,1.743101549,134.0826267,705.548523,701.670776,0.004984,0.004873
43,4,0,0,88.1306,90.0,16.9,0.004948781,56.4422633009174,9.456481934,0.0,0.0,0.08230567,1.74269433,144.3083328,694.127686,694.280701,0.004822,0.004826
44,4,0,0,88.8068,92.0,17.0,0.004940562,57.2751753832698,9.544372559,0.0,-0.007094452,0.06896615,1.75603385,151.8400493,688.175415,703.678528,0.004897,0.004795
45,4,0,0,89.7537,91.0,17.0,0.004932309,58.2336394658928,9.676208496,0.0,0.00690271,0.029464006,1.795535994,162.0820575,690.494324,698.108398,0.004902,0.004849
46,4,0,0,90.411,90.0,16.8,0.004929316,59.0477649982222,9.808044434,0.0,0.0,-0.006055593,1.831055593,171.6614861,692.959717,696.481079,0.004897,0.004841
47,4,0,0,91.2126,89.0,16.8,0.004932084,59.9690881851496,9.764099121,0.0,0.014572388,-0.040162325,1.865162325,182.3325176,698.65387,732.329224,0.004921,0.004866
48,4,0,0,91.8004,85.0,16.9,0.004939035,60.7424649229044,9.720153809,0.0,-0.004793549,-0.034950972,1.859950972,192.3151605,740.891296,851.117188,0.004837,0.0048
49,4,0,0,92.5343,83.0,16.9,0.00495259,61.601619917181,9.764099121,0.0,0.009203613,-0.023736238,1.848736238,203.4164603,689.763672,698.900818,0.004696,0.004752
50,4,0,0,93.2801,84.0,16.8,0.004973022,62.3214424868218,9.808044434,0.0,-0.001725677,-0.004888296,1.829888296,213.3017504,730.848206,857.395996,0.004703,0.004713
51,4,0,0,93.9426,85.0,16.8,0.00500947,63.1318344951918,9.851989746,0.0,0.009203613,0.010937929,1.814062071,225.2758671,684.660522,693.423584,0.004903,0.004678
52,4,0,0,94.4697,85.0,16.9,0.00505008,63.819297598744,9.764099121,0.0,-0.007094452,0.040413618,1.784586382,235.0044534,682.861389,691.276489,0.004886,0.004884
53,4,0,0,95.0029,86.0,16.9,0.005095567,64.5625295314644,8.311157227,0.0,-0.007094452,0.054941416,1.770058584,247.3347805,733.121521,836.995117,0.004845,0.004842
54,4,0,0,95.8387,85.0,17.0,0.005121539,65.028199125467,8.530883789,0.0,-0.005560516,0.039050817,1.785949183,257.8372522,713.705078,689.358887,0.004616,0.004586
55,4,0,0,96.4878,85.0,17.0,0.005121589,65.555850695389,8.442993164,0.0,0.008436646,0.000308,1.824692202,270.5091936,697.94989,451.447693,0.004665,0.004638
56,4,0,0,97.1968,86.0,17.1,0.005094752,66.0045274936392,8.530883789,0.0,-0.007094452,-0.040730715,1.865730715,281.291158,697.234985,741.541687,0.004868,0.004864
57,4,0,0,95.3452,86.0,17.1,0.005048632,66.5124893358368,8.486938477,0.0,-0.000959,-0.11673522,1.94173522,293.7648439,703.218384,702.168396,0.004801,0.004814
58,4,0,0,94.0858,84.0,17.2,0.005011315,66.9418825554984,8.530883789,0.0,0.0,-0.189442873,2.014442873,304.8110104,695.857605,691.947693,0.004759,0.004785
59,4,0,0,95.3944,86.0,17.2,0.004981472,67.4277824867182,8.530883789,0.0,0.008436646,-0.247741461,2.072741461,318.1196526,700.230774,714.947388,0.004845,0.004782
60,4,0,0,96.9424,87.0,17.6,0.004965293,67.838813265727,8.574829102,0.0,-0.007094452,-0.267866373,2.092866373,329.4322836,694.387573,723.898499,0.005033,0.004843
61,4,0,0,97.9163,84.0,17.6,0.004957174,68.30178731179,8.618774414,0.0,0.003834839,-0.301755667,2.126755667,342.5076129,730.419312,832.133972,0.004847,0.004795
62,4,0,0,98.8045,83.0,17.6,0.00495903,68.777284437063,8.574829102,0.0,0.013038452,-0.325117826,2.150117826,354.6288652,696.242798,730.003601,0.004998,0.004914
63,4,0,0,99.7626,85.0,17.6,0.004961679,69.3001408658012,9.851989746,0.0,0.00690271,-0.311766863,2.136766863,367.9967237,688.420715,712.372009,0.005066,0.005034
64,4,0,0,100.4662,82.0,17.6,0.004950233,69.951365961678,11.21429443,0.0,0.00690271,-0.279506445,2.104506445,380.380052,705.888916,720.139404,0.005108,0.005017
65,4,0,0,101.1245,81.0,17.6,0.004915508,70.6955244397166,10.90667725,0.0,-0.013997162,-0.202869654,2.027869654,394.026055,701.660522,728.053284,0.004972,0.004947
66,4,0,0,101.8475,82.0,17.7,0.004876309,71.2976012736908,9.939880371,0.0,0.012271484,-0.154334784,1.979334784,406.0806607,734.34613,845.750977,0.004761,0.004767
67,4,0,0,102.6947,82.0,17.7,0.004835944,71.7855983197712,9.148864746,0.0,-0.016298065,-0.065178156,1.890178156,420.567287,697.864929,710.226624,0.004881,0.004988
68,4,0,0,102.2976,81.0,17.7,0.004810725,72.2210524587134,9.676208496,0.0,-0.016298065,-0.003120661,1.828120661,432.848515,701.697876,707.586914,0.004889,0.004932
69,4,0,0,100.3573,83.0,17.7,0.004795726,72.7288048131232,9.632263184,0.0,0.005368774,-0.003724813,1.828724813,447.00763,693.165283,729.590393,0.004836,0.004856
70,4,0,0,101.1798,84.0,18.0,0.004794336,73.1605200046302,9.632263184,0.0,0.003834839,-0.007615805,1.832615805,460.0993425,693.698181,704.937317,0.004891,0.004757
71,4,0,0,102.4107,83.0,18.0,0.004805512,73.6469502294734,9.632263184,0.0,0.003834839,0.009767771,1.815232229,474.4815954,688.944885,714.703491,0.004788,0.004825
72,4,0,0,103.6141,84.0,18.0,0.004824185,74.0602473454438,9.588317871,0.0,-0.012463226,0.042659521,1.782340479,487.1398206,713.500671,710.68219,0.004875,0.004904
73,4,0,0,104.491,85.0,18.0,0.004847502,74.5288720256478,9.632263184,0.0,-0.003259613,0.050111532,1.774888468,502.2965579,726.155701,706.699219,0.004903,0.004863
74,4,0,0,105.2632,83.0,18.0,0.004861482,74.9268836463916,9.632263184,0.0,-0.008628387,0.030369997,1.794630003,515.1002164,701.421509,687.185608,0.00473,0.004642
75,4,0,0,105.9861,81.0,18.0,0.004866364,75.3770830251224,9.720153809,0.0,0.008436646,0.00076,1.82424016,529.8130142,727.32251,848.133484,0.00463,0.004698
76,4,0,0,106.6576,82.0,18.0,0.004864579,75.6294130852492,0.0,31.94274902,0.005368774,-0.016287565,1.841287565,543.3730101,734.510925,847.854004,0.004489,0.004479
77,4,0,0,107.3376,82.0,18.0,0.004862197,74.8071805992302,0.0,34.72595215,-0.015531097,0.005958796,1.819041204,558.2444663,736.340271,847.337524,0.004499,0.004593
78,4,0,0,107.5246,80.0,18.0,0.004864785,74.1292240440854,0.0,32.96813965,0.010737549,0.016190767,1.808809233,571.3233561,694.991394,669.302673,0.004431,0.004541
79,4,0,0,107.7122,82.0,18.0,0.004877944,73.350207390394,0.0,31.64978027,0.009203613,-0.029888868,1.854888868,586.9730349,695.703796,660.112122,0.004559,0.004634
80,4,0,0,108.4693,83.0,18.0,0.004898374,72.703296082107,0.0,30.3314209,-0.004793549,-0.062555552,1.887555552,600.1842136,675.183472,732.275818,0.004568,0.004568
81,4,0,0,109.2371,81.0,18.0,0.004925912,71.976259597636,0.0,28.72009277,-0.004793549,-0.084264517,1.909264517,615.9889408,697.800598,741.151794,0.004676,0.004679
82,4,0,0,109.9505,81.0,18.0,0.004947942,71.3262175436866,0.0,27.10876465,0.012271484,-0.141400576,1.966400576,628.7041368,697.031799,704.572693,0.004852,0.004853
83,4,0,0,110.6733,81.0,18.0,0.004968274,70.6123366734192,0.0,24.4720459,-0.000959,-0.162792921,1.987792921,644.6789411,733.017883,845.363403,0.004745,0.004759
84,4,0,0,111.4728,80.0,18.0,0.004982799,69.9934840310048,0.0,21.24938965,0.00690271,-0.149136782,1.974136782,658.1804283,779.664917,722.528992,0.004672,0.0
85,4,0,0,110.3436,77.0,18.0,0.004999818,69.3117644848852,0.0,0.0,0.013038452,-0.111584902,1.936584902,673.7291468,705.289185,848.819275,0.004748,0.004747
86,4,0,0,109.8201,78.0,18.0,0.005018245,68.890249966221,7.212524414,0.0,0.009203613,-0.055386305,1.880386305,688.0915292,758.390503,825.933899,0.004704,0.004721
87,4,0,0,110.8058,78.0,18.0,0.005039446,69.0417855332748,0.0,0.0,-0.013997162,0.05002284,1.77497716,703.8731782,700.357727,663.812317,0.004587,0.004616
88,4,0,0,111.8093,78.0,18.0,0.005052934,68.6005211136636,5.58380127,0.0,-0.008628387,0.104847193,1.720152807,717.7670435,700.119385,663.868896,0.004539,0.004566
89,4,0,0,112.8312,80.0,18.0,0.005061506,68.6295495678202,5.364074707,0.0,-0.008628387,0.128280878,1.696719122,734.3846505,705.682922,672.689026,0.004553,0.004593
90,4,0,0,113.3838,81.0,18.0,0.005061494,68.6759186443834,5.58380127,0.0,-0.003259613,0.121119261,1.703880739,748.4126529,696.894775,702.202515,0.004645,0.00454
91,4,0,0,114.2231,81.0,18.0,0.005050415,68.7347555997946,5.58380127,0.0,-0.004793549,0.100013971,1.724986029,764.5241929,694.820679,709.064514,0.004713,0.004567
92,4,0,0,114.7895,80.0,18.0,0.005036037,68.7850709389718,5.58380127,0.0,-0.007094452,0.066878557,1.758121443,779.3664923,724.437683,734.703003,0.004819,0.004769
93,4,0,0,115.6497,80.0,18.0,0.005027838,68.8438081313964,5.75958252,0.0,0.005368774,0.024195433,1.800804567,793.5986479,724.526184,710.005798,0.004754,0.0047
94,4,0,0,116.2304,79.0,18.0,0.005030159,68.9225467485166,5.894165039,0.0,0.003834839,-0.021267653,1.846267653,810.6224002,702.994019,661.999695,0.004615,0.00455
95,4,0,0,117.0385,77.0,18.0,0.00503168,69.026991643138,6.333618164,0.0,0.003834839,-0.04828763,1.87328763,824.9890975,707.170227,672.912415,0.004798,0.004634
96,4,0,0,117.484,79.0,18.0,0.005019772,69.16397512339,6.333618164,0.0,0.003067871,-0.070193529,1.895193529,841.4817895,692.189392,696.808105,0.004762,0.004591
97,4,0,0,118.1586,79.0,18.0,0.005000414,69.2819610047714,6.377563477,0.0,-0.000959,-0.08057332,1.90557332,856.6680717,723.638611,682.946899,0.004863,0.004638
98,4,0,0,118.7648,78.0,18.0,0.004980415,69.420423210989,6.553344727,0.0,-0.003259613,-0.073086977,1.898086977,873.3079861,712.433899,685.028076,0.004784,0.004636
99,4,0,0,119.2236,80.0,18.0,0.00497075,69.5583591308398,6.817016602,0.0,-0.004793549,-0.06716466,1.89216466,887.9294439,707.365906,674.926208,0.004733,0.004615
100,4,0,0,119.8409,81.0,18.0,0.004966659,69.7286967780476,6.860961914,0.0,0.0,-0.078088999,1.903088999,905.4098768,718.130493,672.520996,0.004851,0.004639
101,4,0,0,120.308,79.0,18.0,0.004965914,69.8728654785976,6.729125977,0.0,0.005368774,-0.091233492,1.916233492,919.3830656,707.830627,646.950684,0.004247,0.004215
102,4,0,0,120.7788,79.0,18.0,0.004970374,70.0182198442992,6.465454102,0.0,0.005368774,-0.095869303,1.920869303,936.7145057,729.418579,663.299072,0.004482,0.004443
103,4,0,0,121.3327,81.0,18.0,0.004983664,69.857576845158,0.0,3.085327148,0.014572388,-0.073860884,1.898860884,951.1579467,749.788513,683.670227,0.004913,0.004896
104,4,0,0,122.0524,82.0,18.0,0.005011359,69.2950028869172,1.625976563,0.0,-0.019365936,-0.011519194,1.836519194,967.5372968,720.916321,678.574097,0.004919,0.004785
105,4,0,0,122.6181,81.0,18.0,0.005042401,69.0661249661272,0.0,0.0,-0.003259613,0.048683405,1.776316595,982.4333519,941.24292,657.879272,0.004848,0.00488
106,4,0,0,123.1072,81.0,18.0,0.005077261,68.5268050052824,0.0,0.0,-0.027035614,0.078344107,1.746655893,998.5556595,723.331726,707.490906,0.005036,0.005032
107,4,0,0,123.7654,82.0,18.0,0.005099041,68.0511882416738,2.065429688,0.0,-0.013997162,0.06673646,1.75826354,1013.218018,680.071228,450.050415,0.00513,0.005022
108,4,0,0,124.2637,79.0,18.0,0.005106872,67.9367898366468,5.539855957,0.0,-0.027035614,0.004237413,1.820762587,1029.087503,679.015686,697.957397,0.005083,0.004942
109,4,0,0,124.6821,78.0,18.0,0.005099118,67.992101774189,5.671691895,0.0,-0.013997162,-0.09109807,1.91609807,1042.866585,698.178772,704.962402,0.005039,0.004961
110,4,0,0,125.6124,80.0,18.0,0.005081517,68.1000077958814,6.289672852,0.0,0.005368774,-0.236007452,2.061007452,1059.141442,710.190674,660.199585,0.004457,0.004473
111,4,0,0,125.8685,80.0,18.0,0.005067981,68.2178596353342,6.333618164,0.0,0.032212646,-0.358115911,2.183115911,1072.704981,690.691589,695.327515,0.004831,0.004847
112,4,0,0,126.4702,80.0,18.0,0.005059592,67.9435369463166,0.0,2.206420898,0.019941162,-0.418797731,2.243797731,1088.087147,718.182922,684.377075,0.005003,0.004736
113,4,0,0,126.9906,82.0,18.0,0.005055864,67.4471338989878,0.0,0.0,0.019941162,-0.399679422,2.224679422,1102.125956,667.273376,685.640503,0.004793,0.004707
114,4,0,0,127.5152,82.0,18.0,0.005050405,67.405839087538,4.397277832,0.0,0.023009033,-0.313597918,2.138597918,1117.458375,655.634094,668.295898,0.004831,0.004749
115,4,0,0,128.2216,80.0,18.0,0.005041367,67.2026309926982,3.957824707,0.0,-0.019365936,-0.199103594,2.024103594,1130.807132,624.715515,692.954529,0.004856,0.004732
116,4,0,0,127.7792,81.0,18.0,0.005026551,67.225569189306,5.539855957,0.0,-0.003259613,-0.090664148,1.915664148,1146.692466,682.751282,698.171692,0.004761,0.00464
117,4,0,0,127.5152,80.0,18.0,0.00501538,67.2639033623314,5.364074707,0.0,-0.013997162,-0.040146112,1.865146112,1160.040697,944.31958,642.800598,0.004451,0.004404
118,4,0,0,127.9558,78.0,18.0,0.005013485,67.31454171214,5.58380127,0.0,-0.015531097,-0.013610125,1.838610125,1175.306564,714.018127,639.959595,0.004419,0.004298
119,4,0,0,128.9358,78.0,18.0,0.005021398,67.3743896227524,5.58380127,0.0,-0.024734711,-0.026255846,1.851255846,1189.310325,705.31012,678.200989,0.004921,0.004725
120,4,0,0,129.7488,80.0,18.0,0.005030147,67.5641798614356,7.344360352,0.0,-0.008628387,-0.104719877,1.929719877,1204.598282,728.745117,689.789001,0.004887,0.004777
121,4,0,0,129.9309,80.0,18.0,0.005026272,67.8457558458332,8.618774414,0.0,0.010737549,-0.203906298,2.028906298,1218.624468,693.826172,663.911072,0.004509,0.004605
122,4,0,0,130.3883,79.0,18.0,0.0050018,68.2213395112162,7.915649414,0.0,0.02761084,-0.299463034,2.124463034,1233.941819,678.583496,710.499878,0.004739,0.004679
123,4,0,0,129.3862,81.0,18.0,0.004962211,68.4694424628056,8.003540039,0.0,0.009203613,-0.315443277,2.140443277,1247.364772,691.825195,664.095581,0.00456,0.004473
124,4,0,0,125.783,80.0,18.0,0.004901069,68.7882310389958,8.179321289,0.0,0.012271484,-0.283324957,2.108324957,1263.372091,732.921204,854.320496,0.004558,0.004502
125,4,0,0,126.0398,77.0,18.0,0.004843738,69.0537139774482,8.311157227,0.0,0.010737549,-0.237993956,2.062993956,1276.84136,679.397522,678.778503,0.00457,0.004458
126,4,0,0,127.6911,78.0,18.0,0.004784341,69.3684008448738,8.530883789,0.0,-0.010929291,-0.158213854,1.983213854,1292.261476,696.342529,670.095581,0.004504,0.004411
127,4,0,0,128.8461,78.0,18.0,0.00474066,69.6632474469114,8.574829102,0.0,0.010737549,-0.089935064,1.914935064,1305.779709,697.002502,676.796875,0.004661,0.004543
128,4,0,0,129.658,77.0,18.0,0.00470417,69.9930945868182,8.486938477,0.0,-0.008628387,-0.005204916,1.830204916,1321.908348,686.528503,677.570984,0.004755,0.004643
129,4,0,0,130.3883,77.0,18.0,0.004688486,70.2631121143084,8.486938477,0.0,-0.030103485,0.069948435,1.755051565,1335.486237,711.399597,701.165222,0.005006,0.004875
130,4,0,0,131.2198,78.0,18.0,0.004689659,70.5747567175848,8.442993164,0.0,0.003834839,0.102596998,1.722403002,1351.033556,729.989319,698.375488,0.004862,0.004656
131,4,0,0,131.7801,76.0,18.0,0.004703598,70.836830381901,8.442993164,0.0,-0.001725677,0.093206167,1.731793833,1364.641717,0.0,0.0,0.0,0.0
132,4,0,0,132.1563,77.0,18.0,0.004726991,71.147331291613,8.530883789,0.0,0.005368774,0.086803198,1.738196802,1380.731364,728.158508,842.59729,0.004603,0.004549
133,4,0,0,132.9151,80.0,18.0,0.004748132,71.4089920636588,8.486938477,0.0,0.025309937,0.091293573,1.733706427,1394.177459,705.3974,759.7453,0.004469,0.004443
134,4,0,0,133.7793,80.0,18.0,0.004770513,71.6987362210396,8.486938477,0.0,0.010737549,0.133447886,1.691552114,1409.44114,736.903076,670.069885,0.004731,0.004553
135,4,0,0,134.2642,79.0,18.0,0.004792161,71.9486644538702,8.530883789,0.0,-0.012463226,0.193856955,1.631143045,1423.323863,707.980103,685.322876,0.004707,0.004634
136,4,0,0,134.7527,80.0,18.0,0.00482485,72.2366229197738,8.486938477,0.0,-0.032404388,0.225476027,1.599523973,1438.408402,665.578796,675.421875,0.004652,0.004592
137,4,0,0,135.4426,80.0,18.0,0.004860225,72.4828546112782,8.486938477,0.0,-0.017832001,0.149143934,1.675856066,1451.412498,701.78241,758.283386,0.004801,0.004582
138,4,0,0,135.9398,78.0,18.0,0.004903405,72.7487876660352,8.486938477,0.0,0.012271484,-0.019051313,1.844051313,1466.475872,650.48877,709.953308,0.004972,0.004867
139,4,0,0,136.3401,79.0,18.0,0.004937585,72.9797094164384,8.486938477,0.0,0.038348389,-0.168864489,1.993864489,1479.729608,703.281494,715.278687,0.005007,0.004942
140,4,0,0,136.8438,80.0,18.0,0.004964322,73.2369571207098,8.442993164,0.0,0.037581421,-0.240096331,2.065096331,1495.476411,710.339294,742.393982,0.00461,0.004589
141,4,0,0,137.6576,79.0,18.0,0.004972692,73.4587094633422,8.486938477,0.0,0.001533936,-0.202422857,2.027422857,1508.605019,733.174194,855.657776,0.004529,0.004546
142,4,0,0,138.0682,81.0,18.0,0.00496575,73.714426138098,8.486938477,0.0,0.005368774,-0.14340663,1.96840663,1523.581624,737.330383,665.884277,0.004497,0.004468
143,4,0,0,138.5848,83.0,18.0,0.004948234,73.9344561006888,8.442993164,0.0,-0.003259613,-0.102460623,1.927460623,1537.272126,721.141418,662.347107,0.004407,0.004342
144,4,0,0,139.1053,82.0,18.0,0.00492176,74.168514293818,8.267211914,0.0,0.008436646,-0.031405687,1.856405687,1552.207931,695.188293,658.616577,0.00445,0.004416
145,4,0,0,139.4195,81.0,18.0,0.00489905,74.2423611449808,0.0,0.0,-0.000959,0.063064337,1.761935663,1565.286371,733.36792,735.229187,0.004546,0.004548
146,4,0,0,139.9463,81.0,18.0,0.004876428,73.6187852666938,0.0,31.35681152,-0.040074066,0.160754919,1.664245081,1580.868516,778.568115,660.033875,0.004458,0.004452
147,4,0,0,140.6905,81.0,18.0,0.004858817,73.09493774201,0.0,32.82165527,-0.017832001,0.150318384,1.674681616,1593.972992,692.853271,662.94458,0.004501,0.004459
148,4,0,0,141.0119,80.0,18.0,0.004840052,72.5047298227226,0.0,32.82165527,0.003067871,0.026604891,1.798395109,1608.994387,673.640808,656.548523,0.004352,0.004298
149,4,0,0,141.1194,81.0,18.0,0.004824965,71.9906507665312,0.0,33.99353027,0.005368774,-0.140473127,1.965473127,1622.828825,734.692871,840.497192,0.004498,0.0045
150,4,0,0,141.4427,83.0,18.0,0.004811231,71.3920219917872,0.0,33.40759277,0.04141626,-0.295731306,2.120731306,1637.996124,688.974304,677.921692,0.004918,0.004853
151,4,0,0,141.7676,81.0,18.0,0.004804129,70.8850364074204,0.0,31.21032715,0.032979614,-0.34079051,2.16579051,1651.955067,684.794678,679.938477,0.00473,0.004749
152,4,0,0,142.5314,81.0,18.0,0.00480315,70.2975995623988,0.0,30.9173584,0.001533936,-0.275562048,2.100562048,1667.248238,731.567688,836.578491,0.004604,0.004657
153,4,0,0,142.9715,81.0,18.0,0.004811561,69.8005648813068,0.0,30.9173584,-0.000959,-0.212554693,2.037554693,1680.685774,692.134521,679.773682,0.004628,0.004511
154,4,0,0,143.4144,80.0,18.0,0.004834154,69.2049403581012,0.0,30.62438965,-0.008628387,-0.165370226,1.990370226,1696.752744,691.354492,712.307129,0.004955,0.00481
155,4,0,0,143.8601,78.0,18.0,0.004861369,68.6990173082826,0.0,30.62438965,0.00690271,-0.141731977,1.966731977,1709.663431,693.365906,694.827698,0.004939,0.004713
156,4,0,0,144.421,78.0,18.0,0.004894065,68.1302472462012,0.0,9.530639648,-0.005560516,-0.118523359,1.943523359,1725.871947,697.896912,674.921997,0.004851,0.004581
157,4,0,0,144.8729,78.0,18.0,0.004923934,67.6325576120094,0.0,0.0,-0.004793549,-0.100659132,1.925659132,1739.545594,700.054993,658.934814,0.004414,0.004412
158,4,0,0,145.3277,77.0,18.0,0.004960468,67.0738889264928,0.0,0.0,-0.008628387,-0.094165564,1.919165564,1755.236768,958.960999,632.698975,0.004564,0.004464
159,4,0,0,145.2138,78.0,18.0,0.004988142,66.6002879899814,0.0,0.0,0.0,-0.097408533,1.922408533,1769.67941,739.796021,861.084229,0.00444,0.004494
160,4,0,0,146.1305,80.0,18.0,0.005008696,66.0334036559516,0.0,0.0,-0.019365936,-0.126517057,1.951517057,1785.498343,717.742004,754.273682,0.004314,0.004359
161,4,0,0,146.7093,80.0,18.0,0.005021995,65.5516905032088,0.0,0.0,0.016106323,-0.179439306,2.004439306,1799.393081,685.956909,669.519897,0.004418,0.0044
162,4,0,0,147.0588,78.0,18.0,0.0050397,65.0090570561446,0.0,0.0,0.00690271,-0.23932004,2.06432004,1815.997571,755.607117,460.132294,0.004603,0.004559
163,4,0,0,147.7629,79.0,18.0,0.005056472,64.5348317118066,0.0,0.0,0.008436646,-0.263269186,2.088269186,1829.997822,731.232971,856.00531,0.004421,0.004408
164,4,0,0,148.236,79.0,18.0,0.00507402,64.002095770116,0.0,0.0,0.021475098,-0.26520896,2.09020896,1846.057004,713.246521,742.350403,0.004517,0.004485
165,4,0,0,148.4737,79.0,18.0,0.005088151,63.5350128054452,0.0,0.0,0.003067871,-0.233155489,2.058155489,1860.831153,744.444519,852.232117,0.004459,0.004566
166,4,0,0,148.8317,82.0,18.0,0.0050953,62.994382906214,0.0,0.0,-0.016298065,-0.17232585,1.99732585,1877.005746,0.0,0.0,0.0,0.0
167,4,0,0,149.4322,83.0,18.0,0.005083469,62.5351534241828,0.0,0.0,0.003834839,-0.135472536,1.960472536,1891.884999,736.444885,825.717896,0.004681,0.004711
168,4,0,0,150.0375,80.0,18.0,0.005050411,62.1951504315522,3.738098145,0.0,-0.005560516,-0.099063635,1.924063635,1908.172507,736.860229,858.012573,0.004686,0.004784
169,4,0,0,150.4031,81.0,18.0,0.005015088,62.0837091083082,3.034973145,0.0,-0.008628387,-0.077651739,1.902651739,1922.470683,739.408386,853.083496,0.004492,0.004464
170,4,0,0,150.6478,82.0,18.0,0.0049789,61.903268974091,3.518371582,0.0,0.017640259,-0.070573568,1.895573568,1939.54808,732.343872,846.844727,0.004465,0.004519
171,4,0,0,150.7704,81.0,18.0,0.004956423,61.8014072793838,3.518371582,0.0,0.0,-0.052511454,1.877511454,1953.938537,700.720276,675.079285,0.00442,0.004434
172,4,0,0,151.6346,81.0,18.0,0.004945479,61.7215900021286,3.342590332,0.0,-0.004793549,-0.028100729,1.853100729,1970.431379,685.748291,668.693726,0.004571,0.004527
173,4,0,0,151.8834,81.0,18.0,0.004951282,61.6335998526174,3.47442627,0.0,-0.017832001,-0.012693167,1.837693167,1985.510614,692.82959,734.736511,0.004508,0.004505
174,4,0,0,152.5088,81.0,18.0,0.004972819,61.5396466799778,3.47442627,0.0,-0.007094452,-0.030045271,1.855045271,2001.830964,701.086914,667.135071,0.004549,0.004432
175,4,0,0,152.8865,80.0,18.0,0.004995902,61.4194211605854,2.903137207,0.0,0.001533936,-0.065895796,1.890895796,2016.000719,742.076294,668.653809,0.004468,0.004469
176,4,0,0,153.2661,81.0,18.0,0.005014616,61.2927851249842,3.386535645,0.0,-0.008628387,-0.105264425,1.930264425,2032.735927,672.215698,678.708679,0.004509,0.004435
177,4,0,0,153.6476,81.0,18.0,0.005019838,61.1938098137538,3.47442627,0.0,0.012271484,-0.14010787,1.96510787,2046.683155,679.248901,654.749878,0.0045,0.004514
178,4,0,0,154.031,80.0,18.0,0.005020415,61.1221427975276,3.738098145,0.0,0.00690271,-0.174747229,1.999747229,2062.500581,680.445618,673.654114,0.004448,0.004462
179,4,0,0,154.6743,80.0,18.0,0.005025526,61.0799924931206,3.738098145,0.0,0.00690271,-0.193067312,2.018067312,2076.234137,615.201782,655.907288,0.004514,0.004491
180,4,0,0,155.3229,81.0,18.0,0.005039102,61.034971142247,3.782043457,0.0,-0.016298065,-0.205197096,2.030197096,2092.455193,609.771484,652.242493,0.004516,0.004503
181,4,0,0,155.7147,80.0,18.0,0.005051789,60.9924129667104,3.738098145,0.0,0.00690271,-0.236723185,2.061723185,2104.04871,550.036072,643.379028,0.004422,0.004333
182,4,0,0,156.1085,80.0,18.0,0.005069555,60.945085721298,3.782043457,0.0,-0.000959,-0.271213293,2.096213293,2119.396026,736.778015,821.234192,0.004624,0.004574
183,4,0,0,156.6367,81.0,18.0,0.005083721,60.9018735582656,3.47442627,0.0,-0.005560516,-0.281574011,2.106574011,2131.456895,619.603699,674.348877,0.004511,0.004451
184,4,0,0,157.302,80.0,18.0,0.005100497,60.8518764177932,3.694152832,0.0,-0.010929291,-0.294711351,2.119711351,2144.696398,642.191589,656.451111,0.004241,0.004278
185,4,0,0,157.5696,81.0,18.0,0.005113993,60.7947370585876,3.694152832,0.0,0.010737549,-0.317229033,2.142229033,2160.334214,698.452881,670.643921,0.004393,0.004343
186,4,0,0,157.8382,84.0,18.0,0.005114748,60.7417162096562,3.606262207,0.0,0.009203613,-0.321790934,2.146790934,2173.367042,701.260498,664.891785,0.004479,0.0043
187,4,0,0,158.3782,86.0,18.0,0.00510406,60.67708361857,3.606262207,0.0,-0.000959,-0.304025888,2.129025888,2188.147559,701.56012,652.750183,0.004124,0.004091
188,4,0,0,158.3782,88.0,18.0,0.00509217,60.6219864474508,3.562316895,0.0,-0.007094452,-0.284353018,2.109353018,2200.981372,0.0,0.0,0.0,0.0
189,4,0,0,159.0584,87.0,18.0,0.005084027,60.6431714934362,5.58380127,0.0,0.005368774,-0.262350798,2.087350798,2216.140005,728.947571,845.681824,0.004381,0.004419
190,4,0,0,157.302,87.0,17.7,0.0050832,60.7814712528742,5.23223877,0.0,0.003067871,-0.230489016,2.055489016,2228.773626,734.56488,848.455811,0.004345,0.00436
191,4,0,0,157.1685,86.0,17.7,0.005089697,60.6945970036256,3.694152832,0.0,-0.015531097,-0.187062502,2.012062502,2243.695953,693.824585,684.518127,0.004641,0.00458
192,4,0,0,157.7038,84.0,17.7,0.005101291,60.6463494571342,3.65020752,0.0,0.003834839,-0.16484189,1.98984189,2255.542338,672.713013,696.569397,0.00456,0.004501
193,4,0,0,158.6496,85.0,17.7,0.005114302,60.5845033095108,3.82598877,0.0,-0.010929291,-0.148382902,1.973382902,2270.23682,713.49292,724.756897,0.004588,0.004566
194,4,0,0,159.0584,85.0,17.8,0.00512091,60.551184869903,3.82598877,0.0,0.003067871,-0.143036604,1.968036604,2282.483588,657.372314,657.830017,0.004511,0.004463
195,4,0,0,159.3321,83.0,17.8,0.005124363,60.5158034334426,3.782043457,0.0,0.003067871,-0.134335756,1.959335756,2296.372876,705.810791,440.9487,0.00442,0.004458
196,4,0,0,159.3321,83.0,17.8,0.005125327,60.482193751575,3.782043457,0.0,0.003067871,-0.119291544,1.944291544,2309.041821,699.890503,677.974487,0.00453,0.004464
197,4,0,0,160.5755,84.0,17.8,0.00512519,60.4499373959002,3.782043457,0.0,0.009203613,-0.094040632,1.919040632,2322.832741,615.529114,666.759399,0.004484,0.004454
198,4,0,0,160.8545,83.0,17.8,0.005127149,60.4183057538266,3.782043457,0.0,0.008436646,-0.055618048,1.880618048,2335.441016,732.266174,855.845093,0.004423,0.004489
199,4,0,0,161.2747,82.0,17.8,0.005136742,60.3840885622024,3.82598877,0.0,-0.003259613,0.006970167,1.818029833,2349.17166,699.496887,674.846985,0.004557,0.004479
200,4,0,0,162.1219,83.0,17.5,0.005152687,60.3566197999068,3.82598877,0.0,-0.010929291,0.059217215,1.765782785,2361.170545,731.061523,852.809875,0.004607,0.004577
201,4,0,0,161.8385,82.0,17.5,0.005176859,60.325864153782,3.782043457,0.0,-0.000959,0.096409559,1.728590441,2375.43353,712.285095,676.2229,0.004778,0.004632
202,4,0,0,162.5488,81.0,17.6,0.005200375,60.2991791722532,3.82598877,0.0,-0.010162323,0.120145082,1.704854918,2387.395318,692.400513,703.728699,0.004548,0.004476
203,4,0,0,162.9779,82.0,17.6,0.005224811,60.2659998279016,3.694152832,0.0,-0.001725677,0.128116846,1.696883154,2401.038592,675.787903,656.416687,0.004309,0.00429
204,4,0,0,163.4094,82.0,17.6,0.005242546,60.218796211988,3.65020752,0.0,0.0,0.121189833,1.703810167,2413.520055,702.13269,695.136475,0.004676,0.004581
205,4,0,0,163.6983,81.0,17.6,0.005264227,60.1836150257038,3.82598877,0.0,-0.001725677,0.11154294,1.71345706,2427.114229,710.734802,665.16217,0.004464,0.004453
206,4,0,0,164.2791,82.0,17.6,0.00528742,60.1585256725982,3.869934082,0.0,-0.000959,0.100731611,1.724268389,2438.99697,687.988403,661.584106,0.004558,0.004496
207,4,0,0,164.425,81.0,17.6,0.00531319,60.129745314296,3.82598877,0.0,-0.000959,0.079295397,1.745704603,2453.13269,709.255005,690.139771,0.004586,0.004471
208,4,0,0,165.0111,78.0,17.7,0.005328585,60.104122529354,3.82598877,0.0,0.0,0.058025122,1.766974878,2464.997995,727.127686,808.958801,0.004516,0.004494
209,4,0,0,165.3057,79.0,17.7,0.005336156,60.0759956596522,3.913879395,0.0,0.008436646,0.034639597,1.790360403,2478.548,684.809204,643.717773,0.004385,0.00431
210,4,0,0,165.7495,80.0,18.0,0.005337974,60.0515382943646,3.82598877,0.0,-0.004793549,0.017501593,1.807498407,2490.959268,735.323608,855.663208,0.004571,0.004514
211,4,0,0,166.4946,80.0,18.0,0.005337469,60.0234797250524,3.82598877,0.0,0.001533936,-0.004850149,1.829850149,2504.487385,690.109314,663.644714,0.004493,0.004422
212,4,0,0,166.7945,81.0,18.0,0.0053314,60.0020397917978,3.913879395,0.0,0.010737549,-0.019797087,1.844797087,2516.87679,727.312317,818.881714,0.004514,0.004467
213,4,0,0,167.0955,83.0,18.0,0.005318029,60.1385195486298,5.539855957,0.0,-0.001725677,-0.016988039,1.841988039,2530.379909,712.692993,660.14447,0.004401,0.004385
214,4,0,0,167.5491,82.0,18.0,0.005309608,60.0333609921854,0.0,0.0,-0.004793549,-0.002176046,1.827176046,2542.183483,739.181091,862.713928,0.00439,0.004453
215,4,0,0,168.1577,82.0,18.0,0.005313417,59.5731151797574,0.263671875,0.0,-0.004793549,0.003819704,1.821180296,2556.221284,667.600525,657.870422,0.004448,0.00439
216,4,0,0,168.4636,82.0,18.0,0.005327113,59.2372807156882,5.58380127,0.0,-0.005560516,-0.001642942,1.826642942,2567.443717,719.136108,746.606506,0.004484,0.004459
217,4,0,0,168.617,82.0,18.0,0.005350046,59.4175492137944,5.58380127,0.0,-0.005560516,-0.021793127,1.846793127,2581.498864,699.531128,666.750183,0.004447,0.004445
218,4,0,0,169.0789,80.0,18.0,0.005375683,59.5678229778212,5.627746582,0.0,0.001533936,-0.047688246,1.872688246,2593.312219,925.705078,652.207275,0.004439,0.004419
219,4,0,0,169.8543,81.0,18.0,0.005405718,59.738051914112,5.627746582,0.0,0.001533936,-0.073543787,1.898543787,2606.79345,762.733582,662.822021,0.004685,0.004534
220,4,0,0,170.0102,82.0,18.3,0.005421844,59.8792771639888,5.627746582,0.0,-0.015531097,-0.094450712,1.919450712,2619.139478,758.057373,683.518005,0.004582,0.004414
221,4,0,0,170.7942,81.0,18.3,0.005418807,60.0349536755164,5.627746582,0.0,0.0,-0.140632391,1.965632391,2632.598036,911.081421,653.160522,0.004529,0.004481
222,4,0,0,170.7942,83.0,18.3,0.005398697,60.173157099862,5.627746582,0.0,0.00690271,-0.204832792,2.029832792,2644.367643,663.740906,660.201172,0.004598,0.004504
223,4,0,0,170.7942,84.0,18.3,0.005366577,60.3298840276076,5.58380127,0.0,-0.007094452,-0.274915934,2.099915934,2658.370986,707.408997,663.76001,0.004492,0.004355
224,4,0,0,171.4266,84.0,18.3,0.005337225,60.4612686783732,5.627746582,0.0,0.012271484,-0.342058897,2.167058897,2670.127348,734.342407,858.249878,0.004377,0.004326
225,4,0,0,171.7446,82.0,18.3,0.005301901,60.6158465578564,5.58380127,0.0,0.023776001,-0.402193785,2.227193785,2683.555985,612.896301,734.044617,0.004574,0.00452
226,4,0,0,172.3841,83.0,18.2,0.005267472,60.749056361116,5.627746582,0.0,0.010737549,-0.405106306,2.230106306,2695.858779,717.325989,810.122009,0.004627,0.004553
227,4,0,0,172.7056,82.0,18.2,0.0052257,60.9028290877972,5.671691895,0.0,0.014572388,-0.378846884,2.203846884,2709.273135,668.507385,713.296509,0.004828,0.004781
228,4,0,0,173.0283,81.0,18.2,0.005189415,61.0520222122008,7.300415039,0.0,0.017640259,-0.330594778,2.155594778,2721.563646,675.276489,768.684509,0.004935,0.004902
229,4,0,0,173.5147,81.0,18.2,0.005151946,61.3436655517156,6.201782227,0.0,-0.000959,-0.235424757,2.060424757,2734.96504,701.096313,686.92627,0.004743,0.00467
230,4,0,0,174.1675,82.0,18.2,0.005130001,61.5388164375652,6.333618164,0.0,-0.024734711,-0.137369871,1.962369871,2746.685829,713.993286,680.55011,0.004946,0.004613
231,4,0,0,174.1675,81.0,18.2,0.005122717,61.2133254591704,0.0,5.429077148,0.008436646,-0.060158968,1.885158968,2760.628677,665.380188,696.140991,0.004845,0.004726
232,4,0,0,173.1902,82.0,18.2,0.005128558,60.8839150458594,5.539855957,0.0,-0.013997162,0.003448248,1.821551752,2772.332695,652.151184,674.954102,0.004759,0.004594
233,4,0,0,173.0283,83.0,18.2,0.00513982,61.0253134607202,5.58380127,0.0,-0.043141937,0.061340094,1.763659906,2785.702454,769.579529,678.632874,0.004644,0.004589
234,4,0,0,173.5147,82.0,18.2,0.00514278,61.143761560643,5.58380127,0.0,-0.010162323,0.050669432,1.774330568,2797.952182,750.851196,669.427795,0.00452,0.004478
235,4,0,0,173.5147,81.0,18.2,0.005126404,61.2841672541248,5.58380127,0.0,0.003834839,0.005696535,1.819303465,2811.309096,739.112122,864.611389,0.004317,0.004388
236,4,0,0,173.6774,81.0,18.2,0.005096817,61.4001071654708,5.58380127,0.0,0.014572388,-0.022081137,1.847081137,2822.991206,813.57782,663.060913,0.004414,0.004353
237,4,0,0,174.3314,81.0,18.2,0.005061416,61.5362558649714,5.58380127,0.0,0.00690271,-0.021210432,1.846210432,2836.892143,667.455017,665.425415,0.00455,0.004407
238,4,0,0,174.6603,80.0,18.2,0.005039435,61.6534721921516,5.58380127,0.0,-0.02166684,0.012189627,1.812810373,2848.563614,681.458923,672.364929,0.004654,0.004519
239,4,0,0,174.9904,80.0,18.2,0.005024762,61.7787790255666,5.276184082,0.0,-0.030103485,0.024937868,1.800062132,2861.899536,622.909119,714.286011,0.004958,0.004758
240,4,0,0,175.3217,81.0,18.1,0.005014942,61.789962103919,3.606262207,0.0,-0.02856955,-0.017253637,1.842253637,2874.147043,659.048279,726.600281,0.005244,0.005242
241,4,0,0,175.4879,80.0,18.1,0.005002726,61.6733167544774,0.0,0.0,-0.025501678,-0.134860754,1.959860754,2887.480804,688.316895,680.127686,0.00513,0.005089
242,4,0,0,176.4914,80.0,18.1,0.004992889,61.335498167309,2.241210938,0.0,0.042183228,-0.286219358,2.111219358,2899.061368,675.533203,682.836121,0.005352,0.005132
243,4,0,0,176.9974,81.0,18.1,0.004986471,61.1547106892396,2.8125,0.0,0.065192261,-0.408354998,2.233354998,2912.78545,671.875427,692.112488,0.005449,0.005191
244,4,0,0,177.1667,81.0,18.1,0.004986949,61.1359331515206,5.58380127,0.0,0.059823486,-0.378542662,2.203542662,2924.34188,685.179871,725.773682,0.004999,0.004911
245,4,0,0,177.8473,82.0,18.1,0.004991472,61.1648299777586,4.089660645,0.0,-0.027035614,-0.212297201,2.037297201,2937.586754,724.448914,840.112976,0.004884,0.004734
246,4,0,0,178.1896,84.0,18.1,0.004990693,61.1972024473144,4.485168457,0.0,-0.003259613,-0.05981946,1.88481946,2949.208485,699.573914,706.698181,0.00474,0.004597
247,4,0,0,178.3612,84.0,18.1,0.004977603,61.2287967527,4.617004395,0.0,-0.017832001,0.085576296,1.739423704,2963.082721,0.0,0.0,0.0,0.0
248,4,0,0,179.051,83.0,18.1,0.004957957,61.3263759614804,5.495910645,0.0,-0.030870453,0.177871943,1.647128057,2974.769244,716.987183,695.807312,0.004736,0.004574
249,4,0,0,179.2243,84.0,18.1,0.004937006,61.454502825284,5.495910645,0.0,-0.027035614,0.232942343,1.592057657,2988.160902,731.328491,686.440002,0.00467,0.004489
250,4,0,0,179.7462,83.0,18.1,0.004927892,61.5654251846582,5.58380127,0.0,-0.015531097,0.250220537,1.574779463,3000.46893,711.806274,563.457275,0.004778,0.004758
251,4,0,0,180.0958,81.0,18.1,0.004927987,61.7109926430692,5.671691895,0.0,-0.010162323,0.23441577,1.59058423,3013.930669,681.6073,687.32019,0.004783,0.0048
252,4,0,0,180.7991,82.0,18.1,0.004935262,61.8403808431912,5.627746582,0.0,-0.027035614,0.195605993,1.629394007,3025.738985,707.073181,694.822876,0.004798,0.004664
253,4,0,0,181.1529,82.0,18.1,0.004952816,61.9798578831194,5.627746582,0.0,0.005368774,0.117613077,1.707386923,3039.83221,704.024109,694.201477,0.004758,0.004634
254,4,0,0,181.1529,81.0,18.1,0.004978124,62.1040586493392,5.671691895,0.0,0.008436646,0.05070281,1.77429719,3051.708,684.790527,668.643494,0.004596,0.004537
255,4,0,0,180.7991,81.0,18.1,0.005017925,62.2429098169414,5.627746582,0.0,0.021475098,-0.009044409,1.834044409,3065.339979,699.019287,689.418518,0.004601,0.004429
256,4,0,0,180.9758,81.0,18.4,0.005053823,62.361203774279,5.627746582,0.0,-0.034705292,-0.031503916,1.856503916,3077.868888,737.911316,851.62738,0.004537,0.004494
257,4,0,0,181.3302,80.0,18.4,0.005079909,62.4937545206218,5.58380127,0.0,-0.012463226,-0.063925505,1.888925505,3091.453136,702.277283,695.817322,0.004287,0.004308
258,4,0,0,181.686,80.0,18.4,0.005085049,62.5806308298256,5.58380127,0.0,-0.010162323,-0.14079833,1.96579833,3103.864458,731.729309,851.554626,0.004386,0.004456
259,4,0,0,182.4019,81.0,18.4,0.005080929,62.7111130431862,5.58380127,0.0,0.032212646,-0.247532129,2.072532129,3117.437044,681.380188,700.140076,0.004903,0.004822
260,4,0,0,182.2224,80.0,18.3,0.005079458,62.8203588082418,5.58380127,0.0,-0.003259613,-0.324609995,2.149609995,3129.340866,677.733704,683.799072,0.004655,0.004568
261,4,0,0,182.7619,79.0,18.3,0.005085008,62.9400049491408,5.58380127,0.0,0.029144775,-0.41648221,2.24148221,3143.545598,700.028381,669.980774,0.004568,0.004512
262,4,0,0,183.1234,79.0,18.3,0.005093522,63.0434095824796,5.58380127,0.0,0.047552002,-0.464658022,2.289658022,3155.50524,710.922119,689.180176,0.004709,0.004541
263,4,0,0,183.6682,79.0,18.3,0.005100333,63.1635902334728,5.58380127,0.0,-0.000959,-0.43715024,2.26215024,3169.203734,860.528198,682.759216,0.004776,0.004602
264,4,0,0,183.8506,78.0,18.3,0.005099423,63.2648740785596,5.58380127,0.0,0.025309937,-0.394263029,2.219263029,3181.786557,735.729614,847.118774,0.004267,0.00426
265,4,0,0,184.2163,80.0,18.3,0.005093791,63.379447354471,5.58380127,0.0,-0.030870453,-0.323612452,2.148612452,3195.514608,676.781799,688.460815,0.00462,0.004471
266,4,0,0,184.5836,81.0,18.5,0.005092603,63.4815234132662,5.58380127,0.0,-0.010162323,-0.273776293,2.098776293,3207.494087,687.804077,674.743286,0.00455,0.004495
267,4,0,0,184.7677,81.0,18.5,0.005099854,63.5931857632658,5.58380127,0.0,0.001533936,-0.240419626,2.065419626,3221.683139,723.116272,816.615906,0.004643,0.004516
268,4,0,0,185.3225,83.0,18.5,0.005106132,63.6933487835096,5.58380127,0.0,-0.024734711,-0.211310625,2.036310625,3233.004913,684.072693,674.226074,0.004502,0.004419
269,4,0,0,185.6941,83.0,18.5,0.005099454,63.805885841986,5.58380127,0.0,0.003067871,-0.207587957,2.032587957,3247.160027,713.319824,696.665894,0.004852,0.004548
270,4,0,0,185.5081,82.0,18.5,0.00508017,63.8998721509362,5.58380127,0.0,0.003067871,-0.21811986,2.04311986,3259.053136,726.989197,667.016113,0.004555,0.004479
271,4,0,0,186.6298,81.0,18.5,0.005053104,64.0104607331944,5.58380127,0.0,-0.005560516,-0.227057219,2.052057219,3272.653912,784.927307,663.884583,0.004715,0.004582
272,4,0,0,186.4419,82.0,18.7,0.005034134,64.1058461218736,5.539855957,0.0,0.014572388,-0.242759943,2.067759943,3285.134598,697.259827,682.348877,0.004625,0.004574
273,4,0,0,187.0068,80.0,18.7,0.005022819,64.2133971553488,5.58380127,0.0,-0.008628387,-0.261390924,2.086390924,3298.778509,708.319214,674.039612,0.004724,0.004536
274,4,0,0,187.1958,80.0,18.6,0.005018661,64.3034465519504,5.58380127,0.0,-0.003259613,-0.281849623,2.106849623,3311.311992,837.339111,663.784302,0.004634,0.004539
275,4,0,0,186.0673,81.0,18.6,0.005011661,64.39566324673,5.58380127,0.0,-0.003259613,-0.311800718,2.136800718,3323.302325,694.536072,691.68927,0.004759,0.004498
276,4,0,0,185.3225,81.0,18.6,0.004993132,64.4963504611986,5.58380127,0.0,-0.008628387,-0.351389647,2.176389647,3337.038018,732.731873,849.704407,0.004506,0.004474
277,4,0,0,185.6941,81.0,18.6,0.004971249,64.5829908411584,5.58380127,0.0,0.016106323,-0.396250963,2.221250963,3349.657887,709.247498,679.866882,0.004748,0.004589
278,4,0,0,186.8181,82.0,18.5,0.004953109,64.6814640544022,5.58380127,0.0,0.017640259,-0.439921618,2.264921618,3363.456667,702.837524,685.360718,0.004898,0.004694
279,4,0,0,187.1958,80.0,18.5,0.004952595,64.7697046172174,5.58380127,0.0,0.005368774,-0.451696157,2.276696157,3375.557349,706.115601,681.693481,0.004625,0.004558
280,4,0,0,187.575,79.0,18.5,0.004972191,64.8692460781664,5.58380127,0.0,0.025309937,-0.420743227,2.245743227,3389.994477,695.33429,672.6474,0.004723,0.004531
281,4,0,0,187.7652,80.0,18.5,0.005004616,64.952076297396,5.58380127,0.0,-0.004793549,-0.369283438,2.194283438,3402.146239,695.549927,694.778503,0.005061,0.004791
282,4,0,0,188.5298,82.0,18.7,0.005055055,65.0462775015164,5.58380127,0.0,0.001533936,-0.299456358,2.124456358,3416.057465,736.277283,851.893921,0.004458,0.004462
283,4,0,0,188.722,81.0,18.7,0.005108682,65.1307126511544,5.539855957,0.0,-0.012463226,-0.23852849,2.06352849,3428.835314,701.978699,668.795227,0.004131,0.004198
284,4,0,0,188.9145,81.0,18.7,0.005177905,65.223112891161,5.58380127,0.0,-0.008628387,-0.199926138,2.024926138,3442.802665,851.950806,653.627991,0.004324,0.004294
285,4,0,0,189.4944,82.0,18.7,0.005238372,65.3058681151466,5.58380127,0.0,0.005368774,-0.190819025,2.015819025,3455.631488,691.145691,451.482513,0.0043,0.004351
286,4,0,0,189.883,81.0,18.6,0.005296681,65.3990269175622,5.58380127,0.0,0.003834839,-0.17025876,1.99525876,3469.653741,685.557983,454.543488,0.004309,0.004311
287,4,0,0,190.0779,81.0,18.6,0.00533639,65.474202278895,5.58380127,0.0,-0.001725677,-0.140662909,1.965662909,3481.946174,701.07251,669.119873,0.004281,0.004215
288,4,0,0,190.4689,83.0,18.5,0.005372836,65.5656421452566,5.58380127,0.0,-0.005560516,-0.106292009,1.931292009,3496.607562,727.961182,665.896118,0.004355,0.004312
289,4,0,0,191.2558,83.0,18.5,0.005398322,65.6446409443746,5.58380127,0.0,-0.004793549,-0.079750299,1.904750299,3508.358161,735.592529,863.44458,0.004286,0.00434
290,4,0,0,191.4535,81.0,18.5,0.005420165,65.7313577197042,5.58380127,0.0,-0.001725677,-0.0609653,1.8859653,3523.072798,0.0,0.0,0.0,0.0
291,4,0,0,191.8502,82.0,18.5,0.005434782,65.8088473441438,5.58380127,0.0,-0.003259613,-0.051078558,1.876078558,3535.45554,698.623291,664.554199,0.004441,0.004487
292,4,0,0,191.8502,83.0,18.5,0.005447408,65.8934955543044,5.58380127,0.0,-0.001725677,-0.046183348,1.871183348,3550.223164,714.810913,689.242981,0.004692,0.00467
293,4,0,0,192.2485,81.0,18.5,0.005452084,65.9691685396586,5.58380127,0.0,-0.005560516,-0.045806646,1.870806646,3562.649777,698.256104,669.714417,0.004562,0.00451
294,4,0,0,192.8492,82.0,18.4,0.005447045,66.0549201776968,5.58380127,0.0,-0.001725677,-0.052924395,1.877924395,3576.875759,727.781494,841.240173,0.004629,0.004592
295,4,0,0,192.0492,84.0,18.4,0.005433544,66.1289743440384,5.58380127,0.0,0.009203613,-0.062922239,1.887922239,3589.344304,696.321899,685.656494,0.004428,0.004385
296,4,0,0,191.0585,83.0,18.4,0.005410844,66.2097362395,5.58380127,0.0,0.008436646,-0.060240507,1.885240507,3604.212829,696.617493,666.557922,0.00461,0.004629
297,4,0,0,191.2558,83.0,18.4,0.005390314,66.2790216578338,5.58380127,0.0,-0.004793549,-0.042538404,1.867538404,3616.723169,719.115295,683.575623,0.004582,0.004526
298,4,0,0,191.4535,84.0,18.6,0.005374099,66.3580304670466,5.58380127,0.0,0.003067871,-0.021191359,1.846191359,3631.043571,737.4953,859.837219,0.004274,0.004359
299,4,0,0,191.6517,82.0,18.6,0.005369586,66.4287247177098,5.539855957,0.0,-0.004793549,-0.006392241,1.831392241,3644.191743,703.5401,461.770203,0.004433,0.004425
300,4,0,0,192.4483,82.0,18.6,0.005371953,66.5063396614552,5.58380127,0.0,-0.003259613,0.005519629,1.819480371,3658.558064,745.940918,845.123596,0.00453,0.004477
301,4,0,0,191.0585,83.0,18.6,0.005372564,66.5730518738762,5.495910645,0.0,0.019941162,0.011053324,1.813946676,3671.747964,697.576172,680.422913,0.004499,0.004442
302,4,0,0,180.4468,83.0,18.5,0.005365107,66.6484041177684,5.58380127,0.0,-0.005560516,0.04823184,1.77676816,3686.159126,712.979309,709.068909,0.004502,0.004387
303,4,0,0,173.3523,84.0,18.5,0.005352914,66.7135087926502,5.58380127,0.0,-0.012463226,0.082413912,1.742586088,3698.787622,748.32373,683.622498,0.004418,0.004367
304,4,0,0,173.6774,86.0,18.5,0.005337139,66.7871381093252,5.58380127,0.0,-0.010929291,0.099784613,1.725215387,3713.844186,800.112488,711.759277,0.004364,0.004338
305,4,0,0,175.1559,86.0,18.5,0.005325028,66.8529029032882,5.58380127,0.0,-0.013997162,0.084431887,1.740568113,3726.51065,729.904419,606.22467,0.00452,0.004494
306,4,0,0,175.8211,86.0,18.4,0.005311534,66.9251405110114,5.58380127,0.0,-0.041608002,0.031233072,1.793766928,3741.007547,713.841797,694.355774,0.004924,0.004815
307,4,0,0,176.1556,87.0,18.4,0.005295618,66.9857804100246,5.58380127,0.0,0.003067871,-0.098062277,1.923062277,3754.315711,739.740723,847.608093,0.004738,0.004744
308,4,0,0,176.9974,86.0,18.7,0.005274068,67.0562309583316,5.58380127,0.0,0.047552002,-0.28089118,2.10589118,3768.854409,646.61853,665.318726,0.004653,0.004581
309,4,0,0,177.6767,86.0,18.7,0.005256616,67.1155210877934,5.539855957,0.0,0.019941162,-0.36816287,2.19316287,3781.593388,682.079529,675.035278,0.004739,0.004578
310,4,0,0,178.0183,87.0,18.6,0.005240711,67.1831013943038,5.539855957,0.0,0.030678711,-0.383656263,2.208656263,3796.780037,912.312805,654.142517,0.004699,0.004557
311,4,0,0,179.051,90.0,18.6,0.005229797,67.173828184103,4.089660645,0.0,0.030678711,-0.32939887,2.15439887,3809.554425,739.806519,817.951477,0.004611,0.004651
312,4,0,0,179.3979,91.0,18.6,0.005216127,67.1999763863682,5.627746582,0.0,-0.016298065,-0.206572294,2.031572294,3824.173147,678.564209,670.223083,0.00448,0.004533
313,4,0,0,179.3979,93.0,18.6,0.005197697,67.2612729121948,5.58380127,0.0,-0.025501678,-0.091688395,1.916688395,3837.591629,726.714478,670.061523,0.00462,0.004662
314,4,0,0,179.9208,94.0,18.5,0.00516577,67.3280729784864,5.58380127,0.0,-0.023200775,-0.002539396,1.827539396,3852.249335,703.723328,668.565796,0.004713,0.004558
315,4,0,0,180.7991,94.0,18.5,0.005130383,67.383692155128,5.58380127,0.0,-0.012463226,0.023100138,1.801899862,3865.091272,710.39093,645.390991,0.004757,0.004538
316,4,0,0,181.1529,93.0,18.5,0.005088498,67.4471862669114,5.58380127,0.0,-0.010162323,0.017856836,1.807143164,3880.398975,725.550598,843.59259,0.004487,0.004583
317,4,0,0,181.686,89.0,18.5,0.005055704,67.5056335689218,5.627746582,0.0,0.003834839,-0.00588727,1.83088727,3893.273752,692.109802,678.805115,0.004829,0.004649
318,4,0,0,182.0433,85.0,18.1,0.00502701,67.5697781115596,5.58380127,0.0,-0.007094452,-0.020842314,1.845842314,3908.619958,733.752808,666.902405,0.004649,0.004501
319,4,0,0,182.9424,85.0,18.1,0.005012863,67.626887166893,5.627746582,0.0,0.003834839,-0.035809278,1.860809278,3920.911765,671.904602,437.967896,0.004664,0.004621
320,4,0,0,183.4862,86.0,17.8,0.005010056,67.689208214657,5.58380127,0.0,0.001533936,-0.060541868,1.885541868,3936.294868,604.189209,415.82959,0.0,0.004516
321,4,0,0,183.6682,85.0,17.8,0.005014899,67.7446315668074,5.58380127,0.0,-0.004793549,-0.082838774,1.907838774,3949.232293,698.174377,665.837219,0.004286,0.004312
322,4,0,0,184.2163,83.0,17.5,0.005020774,67.8053154329894,5.58380127,0.0,0.005368774,-0.111902952,1.936902952,3964.034968,699.600403,663.435303,0.004451,0.004358
323,4,0,0,184.3998,84.0,17.5,0.005021831,67.859382481668,5.58380127,0.0,0.003067871,-0.136914492,1.961914492,3977.619982,664.496094,663.363892,0.004546,0.004359
324,4,0,0,184.5836,84.0,17.6,0.005018932,67.918718686534,5.58380127,0.0,0.0,-0.158260584,1.983260584,3992.457123,705.862305,667.85498,0.004562,0.004425
325,4,0,0,184.9523,83.0,17.6,0.005017417,67.9717763410712,5.58380127,0.0,0.003067871,-0.173445463,1.998445463,4005.454018,732.750305,853.594727,0.004312,0.004347
326,4,0,0,185.6941,82.0,17.3,0.00502092,68.0297118729616,5.58380127,0.0,0.001533936,-0.186034441,2.011034441,4020.943505,700.493286,625.029419,0.004425,0.004395
327,4,0,0,185.8805,82.0,17.3,0.005025795,68.0792705809378,5.58380127,0.0,0.001533936,-0.193515062,2.018515062,4033.968055,649.697388,620.075195,0.004516,0.004439
328,4,0,0,186.2544,80.0,17.1,0.005029046,68.1357895878536,5.58380127,0.0,0.009203613,-0.195247412,2.020247412,4048.869561,624.989685,644.850708,0.004302,0.004322
329,4,0,0,186.8181,79.0,17.1,0.005031913,68.1845826040446,5.58380127,0.0,0.00690271,-0.18342185,2.00842185,4062.544367,609.789917,638.039429,0.004334,0.004321
330,4,0,0,187.3852,80.0,16.9,0.005040626,68.2413947039612,5.58380127,0.0,0.00690271,-0.156578779,1.981578779,4077.475012,732.486328,843.322205,0.004458,0.004498
331,4,0,0,187.575,81.0,16.9,0.005055429,68.2886000096818,5.58380127,0.0,-0.003259613,-0.12032485,1.94532485,4091.156966,727.84613,702.500488,0.004352,0.004301
332,4,0,0,188.1468,81.0,16.7,0.005077918,68.344005771746,5.58380127,0.0,0.001533936,-0.073540449,1.898540449,4106.098158,699.305115,674.453918,0.004315,0.004352
333,4,0,0,188.3381,82.0,16.7,0.005096764,68.3902573343024,5.58380127,0.0,-0.004793549,-0.041731596,1.866731596,4119.185414,731.014771,859.147278,0.004375,0.004354
334,4,0,0,188.722,82.0,16.8,0.005108846,68.4427499817524,5.58380127,0.0,-0.007094452,-0.008174658,1.833174658,4134.78164,694.992798,669.453796,0.004453,0.004308
335,4,0,0,188.9145,81.0,16.8,0.005107694,68.488007583738,5.58380127,0.0,-0.016298065,6.75e-05,1.824932528,4147.895728,698.635803,665.286011,0.004427,0.00434
336,4,0,0,189.3007,80.0,16.7,0.005099318,68.5386718117338,5.58380127,0.0,-0.004793549,-0.022446394,1.847446394,4162.897883,726.753601,846.143799,0.004406,0.004353
337,4,0,0,190.0779,79.0,16.7,0.005094485,68.5827622398844,5.58380127,0.0,0.00690271,-0.063497305,1.888497305,4176.663397,735.706482,865.47937,0.00421,0.004225
338,4,0,0,190.2732,78.0,16.8,0.005097291,68.6339798555326,5.58380127,0.0,0.003834839,-0.104533911,1.929533911,4191.694875,682.714294,669.236206,0.004435,0.004373
339,4,0,0,190.2732,78.0,16.8,0.005106325,68.676879001935,5.627746582,0.0,0.005368774,-0.120962381,1.945962381,4204.859671,702.955872,652.643494,0.004403,0.004379
340,4,0,0,190.665,80.0,17.2,0.005117769,68.725533856287,5.58380127,0.0,0.016106323,-0.126798391,1.951798391,4220.546712,693.252197,654.448303,0.004258,0.004223
341,4,0,0,191.2558,79.0,17.2,0.005121685,68.767159515854,5.627746582,0.0,0.003834839,-0.098663568,1.923663568,4233.736001,695.523499,675.47699,0.004806,0.004524
342,4,0,0,191.6517,80.0,17.3,0.00511667,68.814736353807,5.58380127,0.0,0.003834839,-0.04283309,1.86783309,4248.822957,693.754883,671.842529,0.004664,0.004464
343,4,0,0,191.8502,82.0,17.3,0.005107897,68.8556104194072,5.58380127,0.0,0.010737549,0.01659894,1.80840106,4262.03568,703.904724,683.24469,0.004745,0.004559
344,4,0,0,191.4535,80.0,17.4,0.005100178,68.9016426932952,5.58380127,0.0,0.005368774,0.108983755,1.716016245,4277.779096,711.487183,674.336914,0.004814,0.004499
345,4,0,0,192.6485,80.0,17.4,0.005099007,68.9412813007642,5.627746582,0.0,-0.008628387,0.207677603,1.617322397,4291.015134,0.0,0.0,0.0,0.0
346,4,0,0,192.8492,81.0,17.4,0.00510269,68.9877580904536,5.627746582,0.0,-0.020132904,0.304171801,1.520828199,4306.154799,753.454529,701.019226,0.004499,0.004418
347,4,0,0,193.0502,82.0,17.4,0.00510818,69.0264138578912,5.58380127,0.0,-0.017832001,0.356609106,1.468390894,4320.04464,720.486816,687.967407,0.004599,0.004485
348,4,0,0,194.0617,80.0,17.5,0.005114715,69.0711591425812,5.58380127,0.0,-0.015531097,0.37052989,1.45447011,4335.209843,731.857483,719.972412,0.004527,0.004457
349,4,0,0,194.0617,81.0,17.5,0.005121598,69.1120832747488,5.627746582,0.0,-0.015531097,0.353397608,1.471602392,4348.490065,709.691284,671.654419,0.00455,0.004503
350,4,0,0,194.4693,82.0,17.8,0.005138666,69.1628699252384,5.671691895,0.0,-0.007094452,0.298538446,1.526461554,4364.312745,707.853882,678.242126,0.004452,0.004416
351,4,0,0,194.6737,81.0,17.8,0.005166358,69.205075896716,5.627746582,0.0,-0.010162323,0.228312254,1.596687746,4377.6145,705.434021,666.382874,0.004423,0.00439
352,4,0,0,195.2896,80.0,17.8,0.005208336,69.256201490303,5.715637207,0.0,-0.010929291,0.123597383,1.701402617,4392.82833,710.151672,668.503906,0.004441,0.004336
353,4,0,0,195.4958,81.0,17.8,0.005243741,69.2996496308596,5.671691895,0.0,-0.004793549,-0.004679918,1.829679918,4406.785179,704.602783,668.004517,0.004383,0.004359
354,4,0,0,195.4958,81.0,17.8,0.005273001,69.3506929067056,5.715637207,0.0,0.023776001,-0.151216269,1.976216269,4422.022453,695.866882,665.849609,0.004394,0.004307
355,4,0,0,194.8786,82.0,17.8,0.005291698,69.3926345440882,5.715637207,0.0,0.017640259,-0.252210855,2.077210855,4435.364966,688.543274,667.336304,0.00434,0.004263
356,4,0,0,193.4535,84.0,17.8,0.005311625,69.4402000361942,5.671691895,0.0,0.016106323,-0.345603228,2.170603228,4451.260804,699.735901,664.9953,0.004264,0.004267
357,4,0,0,194.0617,83.0,17.8,0.005326572,69.481700038494,5.715637207,0.0,0.003834839,-0.393764257,2.218764257,4464.623133,704.649292,689.537476,0.004297,0.004221
358,4,0,0,194.2653,80.0,17.9,0.005335164,69.537133111058,5.75958252,0.0,0.003834839,-0.432308435,2.257308435,4479.905076,707.268188,677.732788,0.004218,0.00423
359,4,0,0,195.2896,79.0,17.9,0.005332782,69.5839189905878,5.806274414,0.0,0.010737549,-0.453818083,2.278818083,4493.923492,696.045227,684.90802,0.004324,0.004339
360,4,0,0,195.4958,80.0,17.9,0.005321283,69.6471428780918,5.938110352,0.0,0.032979614,-0.447704554,2.272704554,4509.226947,693.99231,667.467712,0.004385,0.00446
361,4,0,0,195.4958,80.0,17.9,0.005308913,69.7067467001064,5.894165039,0.0,0.001533936,-0.375123739,2.200123739,4523.264676,691.572815,672.005798,0.004467,0.004453
362,4,0,0,195.7024,82.0,17.9,0.005296578,69.7731021218494,5.938110352,0.0,-0.016298065,-0.264987707,2.089987707,4538.589127,692.751526,668.266418,0.004274,0.004231
363,4,0,0,196.5332,84.0,17.9,0.00528616,69.8298576051848,5.938110352,0.0,0.008436646,-0.198796511,2.023796511,4552.007069,731.032471,861.436829,0.004225,0.004292
364,4,0,0,196.742,82.0,17.9,0.005271952,69.8943540943872,5.894165039,0.0,-0.008628387,-0.14699769,1.97199769,4567.991605,696.794922,668.050293,0.004444,0.00441
365,4,0,0,197.1609,79.0,17.9,0.005256126,69.9455374632802,5.850219727,0.0,-0.010929291,-0.11577487,1.94077487,4581.427913,693.360229,439.928101,0.004542,0.004489
366,4,0,0,197.5816,79.0,17.9,0.005232421,69.994546726487,5.806274414,0.0,-0.020132904,-0.109402418,1.934402418,4594.918871,706.301697,732.706909,0.004243,0.004377
367,4,0,0,198.0041,80.0,17.9,0.005189353,70.051760131426,5.850219727,0.0,0.001533936,-0.148616076,1.973616076,4610.93702,704.364197,706.94812,0.004061,0.004164
368,4,0,0,198.0041,79.0,17.9,0.005142031,70.0988165731966,5.850219727,0.0,0.014572388,-0.200276613,2.025276613,4623.760626,696.57251,666.664185,0.00431,0.004303
369,4,0,0,198.2161,81.0,17.9,0.005093044,70.154135398714,5.850219727,0.0,0.025309937,-0.255519152,2.080519152,4639.801674,695.856995,652.370483,0.004113,0.004146
370,4,0,0,198.8546,82.0,17.9,0.005066928,70.201372424526,5.850219727,0.0,0.012271484,-0.269359827,2.094359827,4653.286259,749.562012,857.355225,0.004211,0.004322
371,4,0,0,199.2826,81.0,17.9,0.005065898,70.2485558271292,5.58380127,0.0,0.012271484,-0.248292685,2.073292685,4668.708291,688.602722,670.878784,0.004466,0.004446
372,4,0,0,199.2826,82.0,17.9,0.005093066,70.0130647742244,0.0,13.9251709,-0.004793549,-0.204392195,2.029392195,4682.855441,753.114807,833.806824,0.004419,0.00441
373,4,0,0,199.7124,82.0,17.9,0.005149679,69.5418692538374,5.320129395,0.0,-0.004793549,-0.171895742,1.996895742,4698.300318,689.511108,657.512878,0.004294,0.004371
374,4,0,0,200.3606,81.0,17.9,0.005209506,69.568977121638,5.23223877,0.0,0.00690271,-0.150055647,1.975055647,4712.469583,699.365417,545.928711,0.004275,0.004365
375,4,0,0,200.5777,81.0,17.9,0.005274973,69.5699037635166,5.23223877,0.0,-0.008628387,-0.117175817,1.942175817,4727.940422,724.27771,853.550293,0.00426,0.004247
376,4,0,0,201.0131,82.0,18.2,0.005323518,69.5711030275912,5.144348145,0.0,0.0,-0.089607954,1.914607954,4741.490126,697.706482,659.166687,0.004149,0.004135
377,4,0,0,201.0131,80.0,18.2,0.005367233,69.5740699424416,5.23223877,0.0,0.003834839,-0.063934088,1.888934088,4757.636587,703.958008,667.558411,0.004234,0.004328
378,4,0,0,201.8897,81.0,18.2,0.005392371,69.57445740714,5.23223877,0.0,-0.003259613,-0.044385672,1.869385672,4771.213064,699.144409,670.73053,0.004421,0.004349
379,4,0,0,201.8897,81.0,18.2,0.005404178,69.5774486391178,5.23223877,0.0,-0.000959,-0.022166967,1.847166967,4786.743654,749.809692,793.44928,0.00447,0.00457
380,4,0,0,202.3309,80.0,18.2,0.005403335,69.5850870334664,5.23223877,0.0,-0.013997162,-0.0108459,1.8358459,4800.99255,703.30249,671.811829,0.004246,0.004324
381,4,0,0,202.3309,81.0,18.2,0.005394474,69.5891562496564,5.23223877,0.0,-0.003259613,-0.017836809,1.842836809,4816.549707,698.771179,673.057312,0.004423,0.004389
382,4,0,0,203.219,81.0,18.5,0.005384035,69.5926573849198,5.188293457,0.0,-0.012463226,-0.042958498,1.867958498,4830.17314,702.505981,669.515625,0.004535,0.004453
383,4,0,0,203.4422,80.0,18.5,0.00537422,69.595911116345,5.23223877,0.0,-0.004793549,-0.089068651,1.914068651,4846.40495,706.289001,681.303528,0.0041,0.004232
384,4,0,0,203.4422,81.0,18.4,0.005369715,69.5965770773304,5.23223877,0.0,-0.004793549,-0.146496534,1.971496534,4860.050815,694.013306,660.641174,0.004213,0.004284
385,4,0,0,204.115,81.0,18.4,0.00536957,69.5952540711032,5.188293457,0.0,0.023009033,-0.217251062,2.042251062,4875.657684,699.354126,676.378479,0.004382,0.004424
386,4,0,0,204.3402,79.0,18.7,0.005369814,69.594913406012,5.23223877,0.0,0.003067871,-0.259095907,2.084095907,4889.938017,692.961487,675.655579,0.004281,0.004272
387,4,0,0,204.115,80.0,18.7,0.005362842,69.5956124550278,5.276184082,0.0,0.003834839,-0.289123297,2.114123297,4905.411475,675.050476,679.463989,0.00414,0.004203
388,4,0,0,204.3402,81.0,18.9,0.005348679,69.5972509240818,5.23223877,0.0,0.003834839,-0.303860426,2.128860426,4919.581684,702.392883,690.772888,0.004332,0.004308
389,4,0,0,205.0189,79.0,18.9,0.00532554,69.6078715863844,5.451965332,0.0,-0.013997162,-0.311236143,2.136236143,4935.040971,698.326599,686.807007,0.004267,0.004303
390,4,0,0,205.4738,80.0,18.8,0.005297925,69.622593007941,5.451965332,0.0,-0.005560516,-0.330335855,2.155335855,4948.568134,707.29303,695.223389,0.004387,0.004385
391,4,0,0,205.9308,81.0,18.8,0.00525672,69.650329097704,5.320129395,0.0,0.008436646,-0.357670546,2.182670546,4964.672583,697.97998,704.986877,0.00441,0.004374
392,4,0,0,205.7021,81.0,19.0,0.005216646,69.6699171634206,5.539855957,0.0,-0.000959,-0.369875193,2.194875193,4977.556379,697.431274,673.491699,0.004278,0.004268
393,4,0,0,206.1601,81.0,19.0,0.005176546,69.6937949410006,5.58380127,0.0,0.005368774,-0.381126165,2.206126165,4993.66247,710.397705,711.32312,0.004246,0.00418
394,4,0,0,206.8509,82.0,18.9,0.005154803,69.7148917468738,5.320129395,0.0,0.005368774,-0.382965326,2.207965326,5007.192814,693.305786,658.931702,0.004251,0.004344
395,4,0,0,207.0822,81.0,18.9,0.005148108,69.7337012460852,5.58380127,0.0,0.005368774,-0.377251863,2.202251863,5022.656936,708.926025,707.085571,0.004878,0.004889
396,4,0,0,207.0822,79.0,18.8,0.005155863,69.3239925881666,0.0,0.0,0.02761084,-0.367375612,2.192375612,5036.833042,694.272827,685.2099,0.004748,0.004762
397,4,0,0,207.314,80.0,18.8,0.005177499,69.1339545594036,5.58380127,0.0,0.021475098,-0.293382406,2.118382406,5052.298145,689.463806,682.083801,0.00487,0.004729
398,4,0,0,208.0126,82.0,19.0,0.005204696,69.1699434734338,5.58380127,0.0,0.008436646,-0.175908804,2.000908804,5065.829927,704.154907,702.573303,0.004815,0.004724
399,4,0,0,207.7793,81.0,19.0,0.005238142,69.2143189317918,5.58380127,0.0,-0.013997162,0.001247168,1.823752832,5081.939217,704.764587,677.000122,0.004464,0.004409
400,4,0,0,207.0822,81.0,18.9,0.005264537,68.9536543090192,0.0,0.0,-0.027035614,0.125863791,1.699136209,5095.471235,707.99707,676.036682,0.004585,0.004484
401,4,0,0,207.5464,82.0,18.9,0.005290162,68.8601269677436,5.23223877,0.0,-0.003259613,0.211032629,1.613967371,5110.937331,727.355225,857.451599,0.004288,0.004346
402,4,0,0,207.7793,82.0,18.9,0.005309422,68.890800762836,5.58380127,0.0,-0.020132904,0.269891024,1.555108976,5125.116778,685.982117,659.337524,0.004029,0.004096
403,4,0,0,208.0126,80.0,18.9,0.005329985,68.9345178080132,5.58380127,0.0,-0.032404388,0.306288481,1.518711519,5140.590704,677.295105,670.166626,0.00448,0.00451
404,4,0,0,208.481,81.0,18.8,0.005348769,69.0223431611084,6.421508789,0.0,-0.025501678,0.279093027,1.545906973,5154.780276,697.536377,667.202087,0.004488,0.004593
405,4,0,0,208.716,82.0,18.8,0.005369867,69.129632853861,6.026000977,0.0,-0.077655487,0.191093206,1.633906794,5170.264975,695.101624,674.291992,0.004413,0.004443
406,4,0,0,209.1875,82.0,18.7,0.005383112,69.190705375653,5.58380127,0.0,-0.040074066,-0.020864248,1.845864248,5183.818852,738.669678,690.744873,0.004645,0.004659
407,4,0,0,209.6612,82.0,18.7,0.005386681,69.2303844741164,5.58380127,0.0,0.001533936,-0.442925692,2.267925692,5199.957061,695.743103,682.259888,0.004645,0.00458
408,4,0,0,209.1875,84.0,18.3,0.005379001,69.267527622888,5.58380127,0.0,0.026843872,-0.850919008,2.675919008,5213.446656,709.764893,673.790405,0.00446,0.004474
409,4,0,0,209.8988,83.0,18.3,0.005362679,69.3071665683184,5.58380127,0.0,0.009203613,-1.222260714,3.047260714,5228.807907,706.477295,691.146484,0.004742,0.004661
410,4,0,0,210.3757,81.0,18.3,0.005349357,69.341735175425,5.58380127,0.0,-0.012463226,-1.490911245,3.315911245,5242.897373,695.423889,687.821411,0.004612,0.004579
411,4,0,0,210.8548,81.0,18.3,0.005341288,69.3809026807958,5.58380127,0.0,0.029144775,1.776253939,3.698746061,5258.273771,717.124207,669.909729,0.004502,0.004507
412,4,0,0,210.137,81.0,18.3,0.005339265,69.2097001581786,5.58380127,0.0,0.016106323,1.501661301,3.973338699,5271.671377,720.960999,665.817017,0.004315,0.004319
413,4,0,0,209.1875,80.0,18.3,0.00533858,69.3174341897052,6.201782227,0.0,0.012271484,1.236198902,4.238801098,5287.611781,688.862488,691.690002,0.00439,0.004359
414,4,0,0,209.1875,81.0,18.3,0.005337283,69.4056576291428,6.201782227,0.0,-0.02856955,0.994541645,4.480458355,5301.009793,735.936707,706.593628,0.004345,0.004277
415,4,0,0,209.8988,83.0,18.3,0.005335419,69.5034417712788,6.157836914,0.0,0.008436646,0.68655467,4.78844533,5314.418621,707.397583,662.74292,0.004284,0.004318
416,4,0,0,210.137,83.0,18.2,0.005331235,69.5836508262636,6.157836914,0.0,0.043717163,0.417610645,5.057389355,5327.847796,775.000977,656.107788,0.0043,0.004349
417,4,0,0,210.615,81.0,18.2,0.005316509,69.6281572527108,4.748840332,0.0,0.059823486,0.160203457,5.314796543,5343.85413,743.921021,666.237,0.004104,0.004205
418,4,0,0,210.615,82.0,17.9,0.005293109,69.5390597163456,4.309387207,0.0,0.037581421,0.077908754,5.397091246,5357.305809,880.634705,637.346008,0.00413,0.004172
419,4,0,0,211.3361,82.0,17.9,0.00526494,69.4811188736332,5.012512207,0.0,-0.012463226,0.0738132,5.4011868,5372.68742,702.169373,664.143982,0.004199,0.004239
420,4,0,0,208.9515,81.0,17.9,0.005249755,69.4326127866708,3.738098145,0.0,-0.032404388,0.075226068,5.399773932,5386.798348,703.891296,669.293579,0.004159,0.004215
421,4,0,0,198.4284,81.0,17.9,0.005249455,68.940773022912,1.450195313,0.0,-0.025501678,-0.001070023,5.476070023,5402.202038,699.031921,668.483521,0.004196,0.004247
422,4,0,0,195.0839,82.0,17.9,0.005265301,68.7620795214902,3.210754395,0.0,0.010737549,-0.132611156,5.607611156,5415.687173,726.442688,843.615723,0.004422,0.004404
423,4,0,0,194.6737,82.0,17.9,0.005297515,68.5436456701246,2.592773438,0.0,0.039882324,-0.24796021,5.72296021,5431.712708,707.792114,664.246094,0.004455,0.00441
424,4,0,0,181.8645,83.0,17.9,0.005330266,68.371513978965,3.82598877,0.0,0.025309937,-0.27317977,5.74817977,5445.189265,710.6427,669.197815,0.004572,0.00447
425,4,0,0,161.4153,85.0,17.9,0.005363326,68.261316836475,4.00177002,0.0,-0.003259613,-0.241574764,5.716574764,5460.612809,738.070679,850.380981,0.004336,0.004392
426,4,0,0,155.4533,86.0,17.9,0.005378905,68.1727039367574,3.913879395,0.0,-0.005560516,-0.207744479,5.682744479,5474.770415,705.161499,685.253784,0.004554,0.004496
427,4,0,0,137.2495,87.0,17.9,0.005373857,68.066505344338,4.045715332,0.0,-0.005560516,-0.187419772,5.662419772,5490.236743,701.977478,690.93573,0.004469,0.004416
428,4,0,0,135.0475,88.0,17.9,0.005354083,67.9801799765898,4.089660645,0.0,0.017640259,-0.205070853,5.680070853,5504.412269,702.199707,663.7547,0.004449,0.004409
429,4,0,0,139.0009,87.0,17.9,0.005330276,67.8849916515936,4.00177002,0.0,0.023009033,-0.206679463,5.681679463,5519.856892,705.722717,659.413086,0.004301,0.004328
430,4,0,0,142.0939,86.0,17.9,0.005322295,67.8057508077396,4.133605957,0.0,0.017640259,-0.177331805,5.652331805,5533.362669,766.575195,644.484192,0.00394,0.004006
431,4,0,0,143.9719,87.0,17.9,0.005334835,67.7160764839184,4.045715332,0.0,0.001533936,-0.113931537,5.588931537,5549.363918,731.81073,864.8349,0.003962,0.004135
432,4,0,0,145.3277,88.0,17.9,0.00535882,67.6424852442278,4.045715332,0.0,-0.008628387,-0.056006789,5.531006789,5562.741507,707.486877,674.130188,0.004178,0.004137
433,4,0,0,146.8256,87.0,17.9,0.005389391,67.5545656642756,4.00177002,0.0,-0.012463226,-0.013823271,5.488823271,5577.984712,688.320923,666.128418,0.004093,0.004074
434,4,0,0,147.7629,88.0,17.9,0.005410131,67.4758361721132,4.00177002,0.0,0.023009033,-0.013742924,5.488742924,5591.915125,719.175598,754.039612,0.003881,0.003873
435,4,0,0,148.4737,88.0,17.9,0.005414851,67.3845415004064,4.045715332,0.0,0.010737549,0.011450171,5.463549829,5607.08538,695.205505,656.255615,0.004139,0.004179
436,4,0,0,143.1926,86.0,17.9,0.005397296,67.3101161237004,4.00177002,0.0,-0.032404388,0.057112098,5.417887902,5620.339077,714.233215,673.949829,0.004152,0.004189
437,4,0,0,135.84,87.0,17.9,0.005357115,67.2249412087446,4.045715332,0.0,-0.013997162,0.057749033,5.417250967,5636.092983,704.791809,671.052612,0.004333,0.004447
438,4,0,0,136.2398,88.0,18.2,0.005312586,67.1487447372752,4.089660645,0.0,0.016106323,0.015452981,5.459547019,5648.678024,730.755127,849.066589,0.004436,0.004547
439,4,0,0,139.2098,87.0,18.2,0.005259282,67.0623127668454,4.00177002,0.0,-0.005560516,-0.020218849,5.495218849,5664.387121,734.400879,854.86499,0.004491,0.004621
440,4,0,0,141.227,88.0,18.2,0.00521483,66.9862749763,4.045715332,0.0,-0.015531097,-0.045961499,5.520961499,5677.565059,699.446411,681.49408,0.004614,0.004632
441,4,0,0,142.5314,89.0,18.2,0.005172446,66.9029823132214,4.045715332,0.0,0.017640259,-0.115011215,5.590011215,5692.606088,712.729797,689.503479,0.004722,0.00473
442,4,0,0,143.5256,89.0,18.2,0.005144885,66.8345242243948,4.133605957,0.0,0.038348389,-0.182479858,5.657479858,5706.375969,704.233704,668.493713,0.004267,0.004276
443,4,0,0,144.5337,89.0,18.2,0.005120455,66.7493813192116,4.045715332,0.0,0.016106323,-0.191072583,5.666072583,5721.377361,736.023315,867.195801,0.004135,0.00416
444,4,0,0,144.5337,90.0,18.2,0.005103404,66.7561930599758,5.58380127,0.0,0.003067871,-0.141627908,5.616627908,5735.110085,686.561218,658.439575,0.004124,0.004166
445,4,0,0,145.4419,89.0,18.2,0.005088765,66.8294674367138,5.58380127,0.0,-0.008628387,-0.049201846,5.524201846,5750.071562,684.60968,706.840881,0.004246,0.004302
446,4,0,0,146.3615,87.0,18.2,0.005077168,66.8924764934212,5.58380127,0.0,0.010737549,0.000713,5.474286532,5763.146043,692.01947,697.193604,0.004346,0.004449
447,4,0,0,147.0588,88.0,18.2,0.005059905,66.8273773707624,3.738098145,0.0,-0.052345551,0.067525029,5.407474971,5778.690607,696.516602,722.375671,0.004466,0.004464
448,4,0,0,148.3547,88.0,18.4,0.005040228,66.7330100505672,3.82598877,0.0,-0.004793549,0.057963133,5.417036867,5791.731168,696.264099,716.852112,0.004499,0.004462
449,4,0,0,148.8317,89.0,18.4,0.005020832,66.6318936734008,3.782043457,0.0,0.001533936,0.005331874,5.469668126,5806.615621,702.608521,685.502991,0.00429,0.004296
450,4,0,0,149.6737,91.0,18.4,0.005015749,66.5448731834264,3.82598877,0.0,0.04141626,-0.030376315,5.505376315,5820.242475,653.987122,672.035889,0.004324,0.004376
451,4,0,0,150.1592,92.0,18.4,0.005028787,66.4462058515918,3.82598877,0.0,0.014572388,-0.015470743,5.490470743,5835.090027,686.156921,660.085022,0.004323,0.004336
452,4,0,0,150.8933,89.0,18.4,0.005056476,66.363030541586,3.869934082,0.0,-0.000959,0.037818193,5.437181807,5848.066932,760.898804,853.411804,0.004313,0.004305
453,4,0,0,151.5106,88.0,18.4,0.005097854,66.2733071650816,3.869934082,0.0,-0.034705292,0.107708812,5.367291188,5863.523926,722.347717,662.018127,0.004342,0.004378
454,4,0,0,147.7629,87.0,18.6,0.005132152,66.1917071092546,3.82598877,0.0,-0.012463226,0.109326124,5.365673876,5876.522697,745.535828,663.643494,0.004132,0.004227
455,4,0,0,146.1305,85.0,18.6,0.005163348,66.0984042387222,3.782043457,0.0,-0.030103485,0.065868258,5.409131742,5891.386888,701.991089,452.159912,0.004615,0.004695
456,4,0,0,146.9421,86.0,18.6,0.005184673,66.0236648636888,3.913879395,0.0,-0.037773163,0.008272052,5.466727948,5904.989328,723.837402,719.884888,0.004863,0.004854
457,4,0,0,148.1174,88.0,18.6,0.00520171,66.0293019793738,5.012512207,0.0,0.042183228,-0.11067307,5.58567307,5917.954455,694.887695,469.541992,0.004832,0.004907
458,4,0,0,149.0713,90.0,18.2,0.005217798,66.0548366529508,4.88067627,0.0,0.039882324,-0.183381557,5.658381557,5933.365827,714.05719,686.148621,0.004865,0.00487
459,4,0,0,150.0375,90.0,18.2,0.005232355,66.067329444382,4.924621582,0.0,0.005368774,-0.140159249,5.615159249,5945.676919,680.751892,671.050293,0.004448,0.004469
460,4,0,0,150.7704,89.0,18.2,0.005249655,66.0818787792124,4.792785645,0.0,0.001533936,-0.064596772,5.539596772,5961.04363,693.521973,460.522003,0.004314,0.004425
461,4,0,0,151.1396,88.0,18.2,0.005262966,66.0936214411762,4.660949707,0.0,0.0,-0.000964,5.475964165,5973.93349,700.373596,670.017029,0.004279,0.004359
462,4,0,0,151.6346,89.0,17.9,0.005274739,66.110504737435,4.968566895,0.0,-0.008628387,0.073116779,5.401883221,5988.644518,705.957397,688.65271,0.004047,0.004231
463,4,0,0,152.5088,89.0,17.9,0.005281242,66.1354829656136,5.23223877,0.0,-0.005560516,0.130398631,5.344601369,6002.110903,698.36853,705.0755,0.004446,0.004473
464,4,0,0,152.8865,86.0,17.9,0.005283655,66.1816513574788,5.188293457,0.0,-0.005560516,0.17997241,5.29502759,6016.783168,702.607178,671.814575,0.004397,0.004451
465,4,0,0,153.5202,82.0,17.9,0.005282481,66.2175030430872,5.144348145,0.0,-0.005560516,0.213346481,5.261653519,6029.622048,738.079224,683.368591,0.004246,0.004313
466,4,0,0,153.903,81.0,17.6,0.005279609,66.2618074490842,5.23223877,0.0,-0.005560516,0.237914085,5.237085915,6044.912311,694.051392,665.258484,0.004136,0.004185
467,4,0,0,154.2877,82.0,17.6,0.005276945,66.3001215697332,5.23223877,0.0,-0.004793549,0.247342348,5.227657652,6057.758819,742.466125,864.644714,0.004196,0.004289
468,4,0,0,155.3229,82.0,17.4,0.0052728,66.3410016059848,5.188293457,0.0,-0.000959,0.247320652,5.227679348,6072.443693,691.174377,665.773804,0.004349,0.004427
469,4,0,0,155.4533,82.0,17.4,0.005267908,66.3770474745576,5.188293457,0.0,-0.012463226,0.245270014,5.229729986,6085.907629,703.249023,674.166077,0.004269,0.004291
470,4,0,0,155.977,84.0,17.1,0.005263667,66.4189445975958,5.23223877,0.0,-0.010162323,0.224686861,5.250313139,6100.600789,704.070984,676.43219,0.004336,0.004404
471,4,0,0,156.6367,85.0,17.1,0.005262641,66.4545532728642,5.23223877,0.0,0.001533936,0.188881516,5.286118484,6114.077624,700.872498,682.125305,0.004488,0.004434
472,4,0,0,156.9021,85.0,16.9,0.005263434,66.498798889671,5.23223877,0.0,-0.003259613,0.143701315,5.331298685,6128.789595,704.91449,692.579285,0.004574,0.004593
473,4,0,0,157.1685,86.0,16.9,0.0052647,66.5351215969106,5.144348145,0.0,0.003834839,0.109721184,5.365278816,6141.670958,734.534912,863.376526,0.004082,0.004177
474,4,0,0,158.1078,86.0,16.7,0.005265847,66.5791205179888,5.188293457,0.0,0.0,0.073752165,5.401247835,6157.016153,695.760071,671.069092,0.004205,0.004329
475,4,0,0,158.2429,84.0,16.7,0.005268024,66.620300036321,5.188293457,0.0,-0.004793549,0.043968797,5.431031203,6169.91453,682.412903,438.506195,0.004266,0.004293
476,4,0,0,158.9219,85.0,16.6,0.005273633,66.666694974978,5.188293457,0.0,-0.003259613,-0.002642512,5.477642512,6184.664624,699.155579,642.432007,0.004299,0.004351
477,4,0,0,159.1951,85.0,16.6,0.005278159,66.7067633406006,5.188293457,0.0,0.012271484,-0.046278477,5.521278477,6198.194119,688.461609,674.310974,0.00468,0.004801
478,4,0,0,158.9219,84.0,16.7,0.005275454,66.7519070656878,5.364074707,0.0,-0.000959,-0.079826832,5.554826832,6212.962976,712.329529,672.151184,0.004549,0.004555
479,4,0,0,158.9219,83.0,16.7,0.005262895,66.792433755249,5.40802002,0.0,0.005368774,-0.106449723,5.581449723,6225.894122,589.961609,680.56427,0.004494,0.004436
480,4,0,0,159.6067,85.0,16.5,0.005235256,66.8416028581046,5.320129395,0.0,0.005368774,-0.130034089,5.605034089,6241.298726,692.950012,655.271729,0.00433,0.004306
481,4,0,0,159.6067,85.0,16.5,0.005201387,66.8824421136806,5.23223877,0.0,0.005368774,-0.138581395,5.613581395,6254.24743,738.692871,663.627014,0.004395,0.00435
482,4,0,0,159.7444,85.0,16.7,0.005164385,66.9333414179702,5.539855957,0.0,0.005368774,-0.135740042,5.610740042,6269.056829,805.995178,674.528809,0.00429,0.004285
483,4,0,0,160.0205,86.0,16.7,0.005145556,66.98175514491,5.539855957,0.0,0.005368774,-0.122480035,5.597480035,6282.641741,701.7901,664.164917,0.003996,0.004109
484,4,0,0,160.5755,85.0,16.8,0.005143309,67.0326497499268,5.320129395,0.0,0.003834839,-0.094782472,5.569782472,6297.47202,734.310486,883.727478,0.00384,0.00404
485,4,0,0,161.4153,82.0,16.8,0.00515263,67.0752624820894,5.364074707,0.0,-0.003259613,-0.061406136,5.536406136,6310.45777,705.200012,662.200806,0.004061,0.004123
486,4,0,0,161.6972,81.0,16.9,0.005167503,67.1226634513672,5.539855957,0.0,0.012271484,-0.018355131,5.493355131,6325.928591,695.167297,667.031006,0.004174,0.004257
487,4,0,0,162.1219,82.0,16.9,0.005180315,67.1676997208226,5.23223877,0.0,0.012271484,0.037653089,5.437346911,6338.933449,722.72699,663.033691,0.004331,0.004279
488,4,0,0,162.4062,81.0,17.0,0.005193484,67.2205411766242,5.364074707,0.0,0.038348389,0.127070427,5.347929573,6353.807683,716.025818,664.260803,0.004321,0.004339
489,4,0,0,162.8346,80.0,17.0,0.005204567,67.2733896491482,5.539855957,0.0,0.026843872,0.244885683,5.230114317,6366.833564,704.316589,679.524902,0.004446,0.004493
490,4,0,0,163.5537,83.0,17.1,0.005218131,67.337022099798,5.58380127,0.0,0.026843872,0.485318184,4.989681816,6382.352657,706.803711,678.776123,0.004407,0.004434
491,4,0,0,164.1335,84.0,17.1,0.005231141,67.390149953746,5.539855957,0.0,0.001533936,0.734940529,4.740059471,6395.398185,703.487671,669.032898,0.004327,0.004436
492,4,0,0,163.9882,84.0,17.2,0.005246886,67.4508794125302,5.539855957,0.0,0.001533936,1.054210901,4.420789099,6410.318533,699.228394,669.122498,0.004304,0.004365
493,4,0,0,164.7175,85.0,17.2,0.005259575,67.5032482695474,5.495910645,0.0,0.012271484,1.367024183,4.107975817,6424.006245,695.155273,673.152771,0.004351,0.004372
494,4,0,0,165.0111,84.0,17.3,0.005267267,67.5617588829934,5.495910645,0.0,0.005368774,1.73024106,3.74475894,6438.950834,699.327209,665.701477,0.004317,0.004396
495,4,0,0,164.1335,82.0,17.3,0.00526406,67.6116325870878,5.58380127,0.0,0.001533936,-1.527880669,3.352880669,6452.038255,711.346313,672.301575,0.004362,0.004415
496,4,0,0,162.4062,82.0,17.3,0.005252701,67.6727039340616,5.58380127,0.0,-0.010162323,-1.108636618,2.933636618,6467.632116,732.369873,681.149719,0.004415,0.00445
497,4,0,0,162.4062,83.0,17.3,0.005243978,67.7233288941614,5.58380127,0.0,-0.010929291,-0.780661821,2.605661821,6480.742469,700.58313,647.904419,0.004442,0.004427
498,4,0,0,162.9779,86.0,17.7,0.005243005,67.780081528965,5.58380127,0.0,-0.004793549,-0.421186686,2.246186686,6495.738764,698.54187,673.768921,0.004523,0.004521
499,4,0,0,163.6983,89.0,17.7,0.005252128,67.83010746053,5.539855957,0.0,-0.060015228,-0.110330343,1.935330343,6509.496826,713.795471,693.980103,0.004474,0.004548
500,4,0,0,164.5711,91.0,18.0,0.005269224,67.8870802208588,5.58380127,0.0,-0.060015228,0.145458937,1.679541063,6524.518585,702.781128,683.486389,0.004414,0.004459
501,4,0,0,164.8642,90.0,18.0,0.005281338,67.9340443830738,5.58380127,0.0,-0.034705292,0.256943941,1.568056059,6538.301521,719.955811,768.992371,0.004568,0.004745
502,4,0,0,165.4533,86.0,18.3,0.005284062,67.9890184235896,5.58380127,0.0,-0.036239227,0.291944265,1.533055735,6553.351533,701.356812,691.43573,0.004546,0.004609
503,4,0,0,165.7495,85.0,18.3,0.005276617,68.0370962812714,5.58380127,0.0,-0.019365936,0.244682074,1.580317926,6566.532082,708.732117,669.057678,0.004593,0.004718
504,4,0,0,166.4946,85.0,18.6,0.00526494,68.0929136159472,5.58380127,0.0,-0.000959,0.13131547,1.69368453,6582.239159,712.775818,682.011292,0.004328,0.004366
505,4,0,0,166.9449,84.0,18.6,0.005260357,68.1400321943352,5.58380127,0.0,0.003834839,0.026209593,1.798790407,6595.445605,724.502014,854.473083,0.004264,0.004359
506,4,0,0,166.6444,85.0,18.8,0.00526413,68.1954901151088,5.58380127,0.0,0.037581421,-0.069519758,1.894519758,6610.55141,0.0,0.0,0.0,0.0
507,4,0,0,166.9449,86.0,18.8,0.005273851,68.2441550117424,5.58380127,0.0,0.032212646,-0.086647749,1.911647749,6624.409803,724.650879,855.411987,0.004181,0.004303
508,4,0,0,167.3976,87.0,19.0,0.005291273,68.297179690903,5.58380127,0.0,0.013038452,-0.030073404,1.855073404,6639.540262,703.557922,685.563171,0.004322,0.004431
509,4,0,0,167.7008,86.0,19.0,0.005308946,68.3450255622238,5.58380127,0.0,-0.003259613,0.053168535,1.771831465,6652.790324,712.490417,676.131714,0.004178,0.004278
510,4,0,0,168.0051,86.0,19.2,0.005326049,68.3971580393818,5.58380127,0.0,-0.003259613,0.141749144,1.683250856,6668.577782,711.32959,697.553894,0.003978,0.004133
511,4,0,0,168.7707,84.0,19.2,0.005334208,68.4421184928298,5.58380127,0.0,0.0,0.207981348,1.617018652,6681.217854,700.500305,678.254822,0.004049,0.004185
512,4,0,0,169.0789,81.0,19.4,0.005334261,68.4946777025822,5.58380127,0.0,-0.013997162,0.277767897,1.547232103,6697.030181,694.908325,669.604919,0.004253,0.004308
513,4,0,0,169.6986,81.0,19.4,0.00532883,68.5384995640736,5.58380127,0.0,-0.013997162,0.309140921,1.515859079,6710.32318,697.180908,668.851074,0.0043,0.004313
514,4,0,0,170.0102,80.0,19.6,0.005321054,68.5881510665942,5.58380127,0.0,-0.020132904,0.30847764,1.51652236,6725.526961,701.132507,666.882813,0.004225,0.004242
515,4,0,0,170.0102,79.0,19.6,0.005314034,68.6305207240432,5.495910645,0.0,-0.005560516,0.262612104,1.562387896,6739.474681,698.116272,771.96521,0.004066,0.004185
516,4,0,0,171.2681,80.0,19.7,0.005303738,68.6804095076534,5.58380127,0.0,0.009203613,0.184291124,1.640708876,6754.702151,702.997192,659.708984,0.004044,0.004215
517,4,0,0,171.2681,81.0,19.7,0.005294785,68.7218190811386,5.539855957,0.0,-0.010162323,0.119750261,1.705249739,6768.671211,706.570007,664.048096,0.004191,0.004312
518,4,0,0,172.0637,81.0,19.5,0.005292802,68.7690959703024,5.58380127,0.0,0.016106323,0.040899515,1.784100485,6783.92129,732.066223,864.180786,0.003979,0.00413
519,4,0,0,172.2238,81.0,19.5,0.005299718,68.8096054721124,5.58380127,0.0,0.0,-0.024305105,1.849305105,6797.274612,700.424988,666.454285,0.004325,0.004357
520,4,0,0,171.7446,81.0,19.7,0.005309767,68.8557056923352,5.58380127,0.0,0.009203613,-0.095417261,1.920417261,6813.182888,709.973877,662.613586,0.00413,0.00415
521,4,0,0,171.904,80.0,19.7,0.005317475,68.895436144838,5.58380127,0.0,0.016106323,-0.145474672,1.970474672,6826.555336,695.05072,663.763306,0.004071,0.004108
522,4,0,0,172.7056,80.0,19.5,0.005332061,68.9399619799256,5.58380127,0.0,0.0,-0.168032408,1.993032408,6841.848662,703.106018,662.808716,0.004328,0.004305
523,4,0,0,173.0283,81.0,19.5,0.005355068,68.9785860916454,5.58380127,0.0,0.003067871,-0.179660559,2.004660559,6855.877339,702.36731,677.324585,0.004142,0.004185
524,4,0,0,173.5147,81.0,19.4,0.005388204,69.0240081038054,5.58380127,0.0,0.008436646,-0.187533617,2.012533617,6871.191839,701.993286,671.397217,0.004318,0.004337
525,4,0,0,173.8405,81.0,19.4,0.005415543,69.0604099261994,5.58380127,0.0,-0.001725677,-0.1871593,2.0121593,6884.600817,706.917297,680.9953,0.004504,0.00439
526,4,0,0,174.3314,83.0,19.2,0.005439847,69.104597880354,5.58380127,0.0,0.005368774,-0.187217474,2.012217474,6900.57451,708.209473,693.769104,0.004278,0.004215
527,4,0,0,174.6603,83.0,19.2,0.005453288,69.1413668575756,5.58380127,0.0,-0.004793549,-0.179820299,2.004820299,6914.001213,700.390991,673.113098,0.004155,0.004185
528,4,0,0,174.8252,83.0,19.1,0.005459069,69.1830887395812,5.58380127,0.0,-0.000959,-0.170408964,1.995408964,6929.355704,711.421692,665.563904,0.00432,0.004287
529,4,0,0,175.1559,84.0,19.1,0.005458888,69.2190035113176,5.58380127,0.0,0.008436646,-0.165764093,1.990764093,6943.439588,706.750122,683.179688,0.00443,0.004439
530,4,0,0,175.4879,85.0,19.3,0.005461095,69.2595487404756,5.58380127,0.0,-0.004793549,-0.153649569,1.978649569,6958.813459,698.603577,645.399597,0.004487,0.004517
531,4,0,0,176.1556,81.0,19.3,0.005472037,69.2945298053308,5.58380127,0.0,-0.000959,-0.146669626,1.971669626,6972.914868,730.428101,833.748108,0.004379,0.004464
532,4,0,0,176.4914,80.0,19.2,0.005496974,69.33428191955,5.58380127,0.0,0.0,-0.151301622,1.976301622,6988.30757,709.444885,653.878601,0.004078,0.004139
533,4,0,0,177.1667,80.0,19.2,0.005523167,69.3697515478424,5.58380127,0.0,-0.001725677,-0.156361341,1.981361341,7001.78409,688.344421,666.221313,0.004347,0.004403
534,4,0,0,177.6767,79.0,19.1,0.005542656,69.40716168612,5.58380127,0.0,-0.001725677,-0.163573027,1.988573027,7017.837072,0.0,0.0,0.0,0.0
535,4,0,0,177.6767,78.0,19.1,0.005542115,69.4417617558236,5.58380127,0.0,0.0,-0.171919107,1.996919107,7031.329451,711.712585,670.101318,0.004467,0.004453
536,4,0,0,178.1896,80.0,19.0,0.005527501,69.478153294535,5.58380127,0.0,0.003067871,-0.177083731,2.002083731,7046.757974,701.187317,682.548279,0.004464,0.004429
537,4,0,0,178.8781,82.0,19.0,0.005510948,69.5106964506912,5.58380127,0.0,-0.003259613,-0.177037001,2.002037001,7060.26541,696.715881,680.888184,0.004397,0.004433
538,4,0,0,179.2243,83.0,18.9,0.005493631,69.5475778242184,5.58380127,0.0,-0.003259613,-0.180903673,2.005903673,7076.354672,699.918823,662.385681,0.004337,0.004342
539,4,0,0,179.9208,83.0,18.9,0.005484464,69.5793315830112,5.58380127,0.0,0.010737549,-0.187733412,2.012733412,7089.877105,698.344299,666.315002,0.004284,0.004336
540,4,0,0,179.9208,84.0,18.5,0.005481364,69.6152252241134,5.58380127,0.0,0.005368774,-0.176446199,2.001446199,7105.339537,719.806091,662.94281,0.004298,0.004341
541,4,0,0,180.2711,83.0,18.5,0.005479939,69.6459342476584,5.58380127,0.0,0.0,-0.149453402,1.974453402,7118.876209,729.467285,662.18103,0.00424,0.004253
542,4,0,0,180.7991,80.0,18.5,0.005472428,69.6807477641262,5.58380127,0.0,0.00690271,-0.116729021,1.941729021,7134.99974,657.362976,654.237427,0.004029,0.004071
543,4,0,0,180.7991,79.0,18.5,0.005459573,69.7106939283244,5.58380127,0.0,-0.003259613,-0.083875418,1.908875418,7148.550494,792.947021,652.428772,0.004172,0.004237
544,4,0,0,181.3302,79.0,18.4,0.005442644,69.743532012129,5.58380127,0.0,-0.004793549,-0.041322947,1.866322947,7164.044774,710.778198,652.388672,0.004298,0.004326
545,4,0,0,181.686,78.0,18.4,0.005430912,69.7715902434798,5.58380127,0.0,-0.004793549,-0.014193296,1.839193296,7178.255018,740.640381,858.527527,0.004235,0.004314
546,4,0,0,182.0433,79.0,18.4,0.005426511,69.7683498212964,4.573059082,0.0,-0.004793549,0.006980658,1.818019342,7193.758975,700.055115,666.493896,0.004306,0.004352
547,4,0,0,182.4019,81.0,18.4,0.005431999,69.762338598435,5.23223877,0.0,-0.016298065,0.015479326,1.809520674,7207.969465,655.938904,658.823608,0.004522,0.004528
548,4,0,0,181.1529,83.0,18.3,0.005441656,69.778962919701,5.539855957,0.0,-0.012463226,0.003485918,1.821514082,7221.537546,687.393005,671.26532,0.004441,0.004458
549,4,0,0,180.2711,83.0,18.3,0.005453181,69.7976715454812,5.495910645,0.0,0.00690271,-0.036246538,1.861246538,7237.048272,729.294189,654.295898,0.004068,0.004083
550,4,0,0,180.4468,83.0,18.0,0.005466706,69.815935414059,5.320129395,0.0,0.009203613,-0.073450327,1.898450327,7251.270998,684.3974,661.458008,0.004025,0.004065
551,4,0,0,179.2243,84.0,18.0,0.005490275,69.8369452190118,5.539855957,0.0,0.009203613,-0.092145681,1.917145681,7266.791534,703.926392,656.639893,0.004253,0.004335
552,4,0,0,170.6368,82.0,18.0,0.005514501,69.853337924065,5.58380127,0.0,0.009203613,-0.090263128,1.915263128,7280.376175,699.50531,668.200806,0.004406,0.004407
553,4,0,0,166.7945,79.0,18.0,0.005538842,69.8755478782294,5.495910645,0.0,0.009203613,-0.06409955,1.88909955,7296.553132,684.627075,659.464172,0.004289,0.004358
554,4,0,0,167.5491,80.0,17.7,0.005552123,69.89224894892,5.58380127,0.0,0.001533936,-0.025990725,1.850990725,7310.145781,672.143372,663.396484,0.004337,0.004366
555,4,0,0,169.0789,81.0,17.7,0.005550313,69.9118534781848,5.58380127,0.0,-0.001725677,0.029839754,1.795160246,7325.675357,723.280884,808.36377,0.004377,0.004387
556,4,0,0,170.3229,80.0,17.7,0.005531863,69.9059036677378,3.12286377,0.0,-0.000959,0.077008486,1.747991514,7339.879099,690.458496,667.667725,0.004625,0.00454
557,4,0,0,170.9519,81.0,17.7,0.005501677,69.7414038852866,3.694152832,0.0,-0.015531097,0.121005297,1.703994703,7355.342732,674.076782,687.776123,0.004752,0.004827
558,4,0,0,171.7446,83.0,17.5,0.005475717,69.626362001754,3.913879395,0.0,-0.010162323,0.13385129,1.69114871,7369.493086,960.213379,659.258179,0.004517,0.004575
559,4,0,0,172.8668,83.0,17.5,0.005448298,69.5113000980318,3.957824707,0.0,-0.005560516,0.121143103,1.703856897,7384.903248,704.132507,663.876892,0.004469,0.004603
560,4,0,0,173.3523,82.0,17.5,0.005426562,69.4200072931594,4.00177002,0.0,-0.008628387,0.100900888,1.724099112,7398.364809,699.972107,691.663391,0.004437,0.004457
561,4,0,0,173.8405,82.0,17.5,0.005406166,69.3074120731354,4.00177002,0.0,0.003834839,0.059041739,1.765958261,7414.363742,685.240295,459.486511,0.00462,0.004699
562,4,0,0,174.3314,83.0,17.6,0.005391881,69.210463403767,4.00177002,0.0,-0.000959,0.024616003,1.800383997,7427.141552,732.242676,855.189819,0.004443,0.00453
563,4,0,0,175.1559,80.0,17.6,0.005374005,69.1021270928388,3.913879395,0.0,0.008436646,-0.007692575,1.832692575,7443.087249,700.556519,658.121521,0.004346,0.004411
564,4,0,0,175.6543,79.0,17.3,0.00535433,69.0037483639464,3.957824707,0.0,0.0,-0.025900602,1.850900602,7456.458733,751.752502,831.430908,0.004316,0.004415
565,4,0,0,176.1556,81.0,17.3,0.005333838,68.8868310521382,3.913879395,0.0,0.003834839,-0.035093546,1.860093546,7471.71584,696.245178,679.36969,0.004111,0.004258
566,4,0,0,176.1556,81.0,17.4,0.005325994,68.791197422764,3.913879395,0.0,0.003834839,-0.036156416,1.861156416,7485.679191,700.067688,663.569397,0.004224,0.004295
567,4,0,0,177.1667,80.0,17.4,0.00533161,68.6781216377226,3.957824707,0.0,0.003834839,-0.022403955,1.847403955,7500.888399,702.943115,672.244385,0.004349,0.004338
568,4,0,0,177.6767,82.0,17.1,0.005343696,68.5859220502272,4.00177002,0.0,-0.001725677,0.004121065,1.820878935,7514.177063,696.009705,666.189087,0.004221,0.004219
569,4,0,0,178.0183,82.0,17.1,0.005355964,68.4820163810662,4.089660645,0.0,-0.000959,0.039460421,1.785539579,7529.973777,929.316589,656.642029,0.004095,0.004195
570,4,0,0,179.051,80.0,17.2,0.005364507,68.39525697432,3.957824707,0.0,-0.000959,0.06384778,1.76115222,7543.22209,728.68927,847.222229,0.004113,0.004281
571,4,0,0,179.051,82.0,17.2,0.005382398,68.2958422167092,4.00177002,0.0,-0.012463226,0.090006113,1.734993887,7558.337283,730.536316,680.151306,0.004611,0.004671
572,4,0,0,179.7462,83.0,17.3,0.005411731,68.211596518576,4.00177002,0.0,-0.007094452,0.098804712,1.726195288,7572.169826,696.513672,674.380981,0.00468,0.004584
573,4,0,0,176.4914,83.0,17.3,0.005455932,68.102467736445,3.82598877,0.0,-0.007094452,0.090305567,1.734694433,7587.235673,708.662598,670.799683,0.004599,0.004575
574,4,0,0,170.6368,82.0,17.4,0.00549354,68.0001100431498,3.869934082,0.0,0.009203613,0.067639112,1.757360888,7601.024832,736.485229,863.559204,0.00423,0.00429
575,4,0,0,170.1664,83.0,17.4,0.005522421,67.8917782383736,3.913879395,0.0,0.016106323,0.047928572,1.777071428,7616.044997,707.170898,673.148193,0.004243,0.004317
576,4,0,0,171.5854,84.0,17.4,0.005529232,67.7974517310408,3.913879395,0.0,-0.013997162,0.055019617,1.769980383,7629.168584,701.435791,656.905579,0.00447,0.004427
577,4,0,0,172.3841,82.0,17.4,0.005518252,67.6942498101684,3.957824707,0.0,0.0,0.056308031,1.768691969,7644.770036,709.32373,661.393616,0.004373,0.004414
578,4,0,0,173.3523,82.0,17.5,0.005499188,67.6055766406678,4.00177002,0.0,0.003067871,0.05029273,1.77470727,7657.858866,725.7229,664.657288,0.004334,0.004383
579,4,0,0,174.1675,82.0,17.5,0.00547639,67.5062086665708,3.913879395,0.0,-0.003259613,0.05028367,1.77471633,7672.798817,672.307617,657.183105,0.004407,0.004373
580,4,0,0,174.4957,82.0,17.5,0.005461435,67.4236708644192,4.00177002,0.0,-0.010162323,0.047739267,1.777260733,7686.476452,667.053772,656.342712,0.004455,0.004445
581,4,0,0,175.4879,83.0,17.5,0.005450904,67.3407533867748,4.089660645,0.0,-0.008628387,0.022940874,1.802059126,7701.379014,849.341003,661.291382,0.004296,0.004317
582,4,0,0,175.4879,87.0,17.3,0.005449214,67.2661595765444,4.045715332,0.0,-0.012463226,-0.010128736,1.835128736,7714.403369,884.968811,668.558899,0.00413,0.004107
583,4,0,0,176.3233,90.0,17.3,0.005458761,67.1812737312394,4.089660645,0.0,-0.004793549,-0.080315828,1.905315828,7729.888917,1046.312256,641.359009,0.004073,0.004166
584,4,0,0,176.8284,87.0,17.3,0.005472208,67.11145990221,4.133605957,0.0,-0.004793549,-0.1574018,1.9824018,7742.880587,722.705017,666.789307,0.004068,0.004133
585,4,0,0,177.6767,84.0,17.3,0.005480057,67.0299634556922,4.133605957,0.0,0.0,-0.264085054,2.089085054,7757.709447,704.979614,659.877319,0.004115,0.004178
586,4,0,0,178.1896,86.0,17.1,0.005471376,66.9604634318694,4.045715332,0.0,0.019941162,-0.362517118,2.187517118,7770.668796,698.147705,698.380493,0.004364,0.004389
587,4,0,0,178.7055,87.0,17.1,0.005446353,66.8709113374212,4.045715332,0.0,0.03451355,-0.429761171,2.254761171,7786.077422,679.861572,736.141479,0.004331,0.004348
588,4,0,0,178.7055,86.0,17.2,0.0054221,66.7993614328668,3.82598877,0.0,0.012271484,-0.413790464,2.238790464,7799.005683,737.860413,666.545288,0.004364,0.004373
589,4,0,0,179.3979,86.0,17.2,0.005400392,66.7140595892652,4.089660645,0.0,0.009203613,-0.347007036,2.172007036,7813.764057,720.539124,664.637207,0.004217,0.004229
590,4,0,0,179.7462,87.0,17.0,0.005384296,66.6390168053616,4.00177002,0.0,0.001533936,-0.274494886,2.099494886,7827.278027,722.36853,670.078125,0.004155,0.004203
591,4,0,0,180.0958,88.0,17.0,0.005360251,66.5588264509076,4.045715332,0.0,-0.016298065,-0.179988623,2.004988623,7842.004865,852.932983,661.246277,0.004244,0.004216
592,4,0,0,180.4468,90.0,16.8,0.005331606,66.4939530381838,4.089660645,0.0,-0.012463226,-0.116525888,1.941525888,7854.877535,703.601318,677.627686,0.004153,0.004219
593,4,0,0,177.3364,89.0,16.8,0.005297356,66.4162253279846,4.221496582,0.0,-0.008628387,-0.072436094,1.897436094,7870.186265,705.7453,692.414673,0.004274,0.004183
594,4,0,0,175.8211,88.0,16.6,0.005275049,66.3548189968898,4.045715332,0.0,-0.003259613,-0.042195559,1.867195559,7883.032681,692.042114,666.769714,0.004002,0.003992
595,4,0,0,176.4914,86.0,16.6,0.005262204,66.2864772472518,4.089660645,0.0,-0.013997162,-0.022386789,1.847386789,7897.6995,744.987976,432.980103,0.00422,0.004375
596,4,0,0,177.6767,83.0,16.5,0.005259399,66.2256846218726,4.089660645,0.0,-0.001725677,-0.024098158,1.849098158,7911.130361,708.504272,661.337219,0.004422,0.00437
597,4,0,0,178.1896,82.0,16.5,0.005262591,66.1561863522304,4.089660645,0.0,-0.000959,-0.047683001,1.872683001,7925.767302,742.471313,841.094177,0.00442,0.004488
598,4,0,0,178.8781,85.0,16.6,0.005267733,66.0983561677364,4.089660645,0.0,0.005368774,-0.069717646,1.894717646,7938.562173,713.024902,681.763611,0.004598,0.004736
599,4,0,0,178.8781,87.0,16.6,0.005273206,66.0323099163008,4.00177002,0.0,0.005368774,-0.084836721,1.909836721,7953.780014,1110.066162,608.878906,0.004537,0.004653
600,4,0,0,178.7055,85.0,16.5,0.005277849,65.9724377851214,4.089660645,0.0,0.010737549,-0.087079287,1.912079287,7966.560019,747.368103,845.403076,0.004663,0.004745
601,4,0,0,178.5332,84.0,16.5,0.005280532,65.905979269058,4.089660645,0.0,0.00690271,-0.069979429,1.894979429,7979.952599,773.958374,684.59967,0.004786,0.004875
602,4,0,0,179.2243,83.0,16.3,0.005276334,65.8483232795256,4.045715332,0.0,-0.001725677,-0.038934469,1.863934469,7992.744855,735.372009,685.359009,0.0047,0.004661
603,4,0,0,179.5719,79.0,16.3,0.005261902,65.7833824515492,4.221496582,0.0,-0.015531097,-0.009498358,1.834498358,8007.37517,688.67572,678.149719,0.004625,0.004651
604,4,0,0,180.2711,74.0,16.2,0.005247409,65.7300701350504,4.221496582,0.0,-0.003259613,-0.013207674,1.838207674,8020.796468,707.033203,691.708984,0.004676,0.004553
605,4,0,0,180.6228,73.0,16.2,0.005237057,65.73057054323,4.748840332,0.0,0.008436646,-0.025600195,1.850600195,8033.006176,719.553284,841.947693,0.004554,0.004655
606,4,0,0,180.7991,74.0,16.4,0.00523192,65.751696027542,5.23223877,0.0,-0.010929291,-0.025609732,1.850609732,8044.612728,696.278625,673.492615,0.004241,0.004361
607,4,0,0,181.3302,75.0,16.4,0.005228163,65.7994704441668,5.188293457,0.0,-0.013997162,-0.043226004,1.868226004,8057.449119,0.0,0.0,0.0,0.0
608,4,0,0,182.0433,76.0,16.2,0.005224408,65.8415861638572,5.188293457,0.0,0.030678711,-0.082302809,1.907302809,8070.905884,705.211304,674.381897,0.004611,0.00456
609,4,0,0,182.4019,79.0,16.2,0.005219335,65.8932305281932,5.23223877,0.0,-0.004793549,-0.091251612,1.916251612,8085.59644,698.742126,675.239502,0.004619,0.004668
610,4,0,0,182.5817,80.0,16.4,0.005216656,65.9366890489928,5.23223877,0.0,-0.004793549,-0.071262121,1.896262121,8099.07229,730.130493,822.6745,0.004487,0.004468
611,4,0,0,183.3046,80.0,16.4,0.005218581,65.9851590867392,5.276184082,0.0,0.003834839,-0.073367357,1.898367357,8113.783482,696.741394,660.70459,0.00435,0.004447
612,4,0,0,183.6682,80.0,16.3,0.005226664,66.0269649601994,5.188293457,0.0,-0.004793549,-0.072028399,1.897028399,8126.664185,699.796021,665.657898,0.004358,0.004392
613,4,0,0,184.0333,80.0,16.3,0.005243781,66.0756036084976,5.23223877,0.0,0.014572388,-0.069222689,1.894222689,8142.00884,678.279724,661.956299,0.00427,0.004336
614,4,0,0,184.2163,79.0,16.4,0.005263544,66.1160559787376,5.05645752,0.0,-0.004793549,-0.055929422,1.880929422,8154.29216,699.198181,663.285522,0.004153,0.004269
615,4,0,0,184.3998,79.0,16.4,0.005290202,66.1643358890564,5.100402832,0.0,-0.005560516,-0.021376848,1.846376848,8169.6557,716.782715,755.925415,0.004273,0.004418
616,4,0,0,185.3225,80.0,16.3,0.005316246,66.2033330296948,5.144348145,0.0,-0.010162323,0.010359526,1.814640474,8182.569487,691.431213,667.276794,0.004285,0.004357
617,4,0,0,185.1372,81.0,16.3,0.005346708,66.2467158632342,5.23223877,0.0,-0.007094452,0.027607203,1.797392797,8197.337151,687.162109,690.540588,0.004268,0.004371
618,4,0,0,185.6941,81.0,16.2,0.005367274,66.286424106845,5.23223877,0.0,-0.012463226,0.024042845,1.800957155,8210.88259,694.771729,683.001221,0.004209,0.00433
619,4,0,0,186.0673,85.0,16.2,0.005374956,66.3289330687644,5.100402832,0.0,-0.004793549,-0.009964228,1.834964228,8225.661347,700.207703,671.698975,0.004125,0.004236
620,4,0,0,186.4419,88.0,16.4,0.005368029,66.3639351033198,5.276184082,0.0,-0.000959,-0.053480387,1.878480387,8238.592111,736.371582,661.003601,0.004272,0.00423
621,4,0,0,186.2544,90.0,16.4,0.005350049,66.4072530804572,5.320129395,0.0,0.005368774,-0.106370687,1.931370687,8253.984086,710.879272,654.901123,0.004253,0.004283
622,4,0,0,173.1902,88.0,16.5,0.005329969,66.4433421919958,5.144348145,0.0,-0.000959,-0.146593809,1.971593809,8266.908729,676.297791,664.601013,0.004462,0.004411
623,4,0,0,158.1078,87.0,16.5,0.005300586,66.4866823136516,5.23223877,0.0,0.003834839,-0.183475733,2.008475733,8281.676056,676.118103,670.710571,0.004394,0.004314
624,4,0,0,157.1685,86.0,16.7,0.005262308,66.5144472427874,4.52911377,0.0,0.003834839,-0.20810008,2.03310008,8295.210584,734.609375,659.749207,0.004204,0.004231
625,4,0,0,160.1589,84.0,16.7,0.005205535,66.502560239119,4.748840332,0.0,0.003834839,-0.22739625,2.05239625,8309.97369,683.596375,655.644226,0.004021,0.004096
626,4,0,0,161.2747,85.0,16.5,0.005158843,66.5064471653672,4.968566895,0.0,0.003834839,-0.234951735,2.059951735,8323.504566,732.140808,651.707092,0.003997,0.004047
627,4,0,0,160.1589,86.0,16.5,0.005126318,66.48383017693,4.660949707,0.0,0.005368774,-0.23424077,2.05924077,8338.263838,761.684509,844.250183,0.004244,0.004341
628,4,0,0,155.4533,86.0,16.6,0.005120649,66.4652065564886,4.617004395,0.0,0.003067871,-0.223685503,2.048685503,8351.176901,652.430115,674.535706,0.00421,0.004355
629,4,0,0,134.0698,86.0,16.6,0.005135041,66.4514259711894,4.660949707,0.0,-0.000959,-0.203168154,2.028168154,8366.548588,853.705017,680.19928,0.004311,0.004315
630,4,0,0,117.1125,86.0,16.8,0.005156059,66.4426448810672,4.70489502,0.0,-0.000959,-0.187452555,2.012452555,8379.459241,651.118591,656.462708,0.003971,0.00412
631,4,0,0,118.6887,83.0,16.8,0.005176417,66.4357436449056,4.792785645,0.0,-0.000959,-0.17077136,1.99577136,8394.208894,735.601318,863.740723,0.003826,0.003936
632,4,0,0,113.1068,81.0,16.9,0.005184136,66.4268363181538,4.792785645,0.0,0.00690271,-0.158557653,1.983557653,8407.720535,0.0,0.0,0.0,0.0
633,4,0,0,105.744,81.0,16.9,0.005181413,66.4190864126366,4.70489502,0.0,0.003067871,-0.135310888,1.960310888,8422.45263,727.775696,658.328003,0.004194,0.004263
634,4,0,0,106.7806,80.0,17.0,0.005173386,66.4132721729912,4.70489502,0.0,-0.000959,-0.110113382,1.935113382,8435.338891,697.283325,657.466003,0.0041,0.004189
635,4,0,0,110.9385,79.0,17.0,0.005164347,66.4097274246138,4.70489502,0.0,-0.001725677,-0.08303237,1.90803237,8450.67657,718.060303,669.114807,0.004291,0.004336
636,4,0,0,111.6071,81.0,17.1,0.00516257,66.4021769485094,4.70489502,0.0,0.003834839,-0.062271357,1.887271357,8463.556897,684.582886,666.854309,0.003866,0.004011
637,4,0,0,109.0441,83.0,17.1,0.005175302,66.3904776099784,4.17755127,0.0,-0.000959,-0.037523985,1.862523985,8478.274913,692.936401,654.935303,0.003959,0.00397
638,4,0,0,111.3387,82.0,17.2,0.00520163,66.343615061491,4.309387207,0.0,-0.010162323,-0.015469313,1.840469313,8491.150893,731.774109,744.130493,0.00421,0.004299
639,4,0,0,114.0823,83.0,17.2,0.005236838,66.311367026104,4.573059082,0.0,-0.000959,-0.002955198,1.827955198,8504.637847,704.251709,686.653076,0.004568,0.004472
640,4,0,0,115.8668,84.0,17.0,0.005276795,66.2813841689538,4.35333252,0.0,-0.004793549,0.003777742,1.821222258,8519.348221,709.722595,669.380127,0.00447,0.004426
641,4,0,0,117.1866,83.0,17.0,0.005305569,66.2679011023404,4.660949707,0.0,-0.000959,0.000176,1.824824286,8532.217483,708.233704,667.814514,0.004436,0.004371
642,4,0,0,118.5368,83.0,17.1,0.005334021,66.2544983739798,4.52911377,0.0,0.001533936,-0.008244753,1.833244753,8547.535871,711.320923,675.613586,0.004518,0.004416
643,4,0,0,119.9185,85.0,17.1,0.005360202,66.2385624318054,4.748840332,0.0,0.016106323,-0.010436296,1.835436296,8560.401194,737.487793,848.988098,0.004255,0.004247
644,4,0,0,121.0947,84.0,17.2,0.005394746,66.2293564437364,4.792785645,0.0,-0.007094452,0.018614531,1.806385469,8575.102339,690.244873,682.833923,0.004576,0.004539
645,4,0,0,122.2942,82.0,17.2,0.00542835,66.218410662567,4.70489502,0.0,-0.003259613,0.053216696,1.771783304,8588.576784,690.664978,699.086914,0.004722,0.004602
646,4,0,0,123.1891,83.0,17.3,0.005467133,66.2069267020082,4.88067627,0.0,-0.001725677,0.075158358,1.749841642,8603.274008,711.588013,676.74707,0.004507,0.004453
647,4,0,0,124.0141,84.0,17.3,0.005498829,66.195194806529,4.70489502,0.0,0.00690271,0.094147921,1.730852079,8616.13263,699.837708,674.26593,0.004607,0.004468
648,4,0,0,125.1032,84.0,17.3,0.005531497,66.1831201860034,4.70489502,0.0,-0.017832001,0.123804808,1.701195192,8631.438219,709.562378,695.866882,0.004858,0.004805
649,4,0,0,126.0398,82.0,17.3,0.005556249,66.1752304449336,4.792785645,0.0,0.014572388,0.120235682,1.704764318,8644.292873,709.164795,695.075684,0.004793,0.004563
650,4,0,0,126.8166,82.0,17.1,0.005576503,66.1633844955286,4.52911377,0.0,-0.000959,0.119144678,1.705855322,8658.981883,707.844482,691.437988,0.004824,0.004528
651,4,0,0,127.3399,82.0,17.1,0.00558455,66.1561908744758,4.617004395,0.0,-0.007094452,0.132994413,1.692005587,8672.445451,709.008728,706.156982,0.004411,0.004313
652,4,0,0,127.165,79.0,17.2,0.005583256,66.1477209502426,4.836730957,0.0,-0.016298065,0.121413946,1.703586054,8687.131043,611.286682,706.829773,0.004219,0.004272
653,4,0,0,127.7792,78.0,17.2,0.00557411,66.139087259571,4.748840332,0.0,-0.007094452,0.092778921,1.732221079,8700.591102,744.80957,842.710083,0.004186,0.004248
654,4,0,0,128.5777,80.0,17.0,0.005552094,66.131857380088,4.660949707,0.0,-0.02166684,0.039723635,1.785276365,8715.272654,700.375793,653.327087,0.004042,0.004108
655,4,0,0,129.5672,80.0,17.0,0.00552088,66.1238294449924,4.660949707,0.0,-0.010929291,-0.019599676,1.844599676,8728.117122,709.380493,662.074219,0.004032,0.004101
656,4,0,0,130.2966,79.0,17.1,0.005476772,66.1134576510274,4.52911377,0.0,-0.000959,-0.106426001,1.931426001,8743.406346,702.950073,660.33667,0.003997,0.004034
657,4,0,0,130.8489,80.0,17.1,0.005440794,66.1050769325104,4.660949707,0.0,0.003067871,-0.192671061,2.017671061,8756.249694,718.250916,649.354187,0.003883,0.003933
658,4,0,0,131.406,80.0,16.9,0.005417337,66.0983469623116,4.70489502,0.0,0.003067871,-0.292093992,2.117093992,8770.934421,710.838074,796.697693,0.004052,0.004169
659,4,0,0,132.1563,79.0,16.9,0.005420829,66.090289334893,4.573059082,0.0,0.010737549,-0.368237257,2.193237257,8783.791938,709.034485,703.188599,0.003984,0.004025
660,4,0,0,132.8198,77.0,17.0,0.005452602,66.0798025053048,4.792785645,0.0,0.014572388,-0.441307306,2.266307306,8799.108666,705.661194,700.885315,0.004085,0.00413
661,4,0,0,133.2019,78.0,17.0,0.005496275,66.0715664664538,4.660949707,0.0,0.012271484,-0.472969294,2.297969294,8811.982843,694.593811,658.603088,0.004144,0.004163
662,4,0,0,133.9728,79.0,17.1,0.005547923,66.061513370089,4.617004395,0.0,0.023009033,-0.474666834,2.299666834,8827.307503,735.43103,661.295471,0.004269,0.004254
663,4,0,0,134.5569,78.0,17.1,0.005582017,66.0527765368168,4.792785645,0.0,0.014572388,-0.431829214,2.256829214,8839.554049,762.557495,652.848389,0.004031,0.004041
664,4,0,0,135.4426,79.0,16.9,0.005599433,66.0547601127404,4.836730957,0.0,0.008436646,-0.335210562,2.160210562,8854.828533,818.663391,652.167419,0.004172,0.004269
665,4,0,0,136.1396,79.0,16.9,0.00559762,66.0689795328708,5.05645752,0.0,-0.008628387,-0.235972166,2.060972166,8867.578362,683.64679,657.934814,0.004214,0.004203
666,4,0,0,136.8438,79.0,17.0,0.005586923,66.1093616876066,5.276184082,0.0,-0.016298065,-0.120150328,1.945150328,8882.115909,678.02771,656.596924,0.004248,0.004213
667,4,0,0,137.4533,77.0,17.0,0.005577103,66.1467152736766,5.23223877,0.0,-0.003259613,-0.049300432,1.874300432,8895.41949,700.450073,654.994812,0.004092,0.004131
668,4,0,0,138.1712,78.0,16.8,0.005569612,66.188223789385,5.144348145,0.0,-0.013997162,0.002023458,1.822976542,8909.907225,610.234924,709.710388,0.00431,0.00431
669,4,0,0,138.6886,78.0,16.8,0.005567239,66.2245972391148,5.188293457,0.0,-0.007094452,0.022327185,1.802672815,8923.164806,708.420776,532.164673,0.00436,0.004424
670,4,0,0,139.7351,76.0,16.9,0.005566419,66.1889010479372,4.00177002,0.0,-0.005560516,0.017993212,1.807006788,8937.603361,719.142517,662.035095,0.004289,0.004359
671,4,0,0,140.2643,77.0,16.9,0.00556566,66.1187486137718,3.957824707,0.0,-0.004793549,0.000943,1.824057055,8950.216537,714.179626,656.856323,0.004203,0.004175
672,4,0,0,140.7975,77.0,17.0,0.005564729,65.920468076611,0.0,0.0,0.001533936,-0.029323816,1.854323816,8965.207183,715.538574,653.499084,0.004248,0.004323
673,4,0,0,141.1194,76.0,17.0,0.005562069,65.5150962681244,3.738098145,0.0,-0.005560516,-0.050890207,1.875890207,8977.77863,725.57782,667.807922,0.004469,0.004469
674,4,0,0,142.0939,77.0,17.1,0.005553094,65.404883659877,3.65020752,0.0,0.001533936,-0.084882975,1.909882975,8992.123277,729.181702,855.620728,0.004302,0.004391
675,4,0,0,142.6411,80.0,17.1,0.00554108,65.3059868683452,3.562316895,0.0,0.001533936,-0.114932299,1.939932299,9005.23033,654.388123,654.601074,0.004264,0.004303
676,4,0,0,143.3034,80.0,17.2,0.005528203,65.1961200107034,3.606262207,0.0,-0.010162323,-0.143822432,1.968822432,9019.431017,722.901794,654.332092,0.004298,0.004295
677,4,0,0,143.6369,79.0,17.2,0.005519028,65.1018306791246,3.47442627,0.0,0.0,-0.18197751,2.00697751,9031.784324,818.001587,663.262878,0.004325,0.004364
678,4,0,0,144.3085,80.0,17.3,0.005508115,64.9966060592732,3.606262207,0.0,-0.007094452,-0.237591028,2.062591028,9046.420545,950.5578,660.115479,0.004302,0.004361
679,4,0,0,145.1,79.0,17.3,0.005494808,64.905335109238,3.606262207,0.0,0.017640259,-0.290265322,2.115265322,9058.660608,818.685425,663.009216,0.004329,0.004419
680,4,0,0,144.6466,76.0,17.3,0.005471571,64.8010484932056,3.606262207,0.0,0.013038452,-0.325490713,2.150490713,9072.589963,704.935486,683.699707,0.004321,0.004408
681,4,0,0,143.8601,76.0,17.3,0.005445664,64.707264140332,3.518371582,0.0,0.001533936,-0.322185278,2.147185278,9085.300853,696.116394,666.473206,0.004132,0.004279
682,4,0,0,143.7484,76.0,17.1,0.005419288,64.6002019438818,3.606262207,0.0,-0.005560516,-0.305175066,2.130175066,9099.085099,694.970093,667.223877,0.004238,0.004308
683,4,0,0,144.3085,76.0,17.1,0.005406147,64.5045575158362,3.606262207,0.0,0.008436646,-0.296949625,2.121949625,9111.66695,697.655579,659.030884,0.004413,0.004383
684,4,0,0,144.8729,75.0,17.2,0.005402473,64.1225613225694,0.131835938,0.0,0.009203613,-0.273648977,2.098648977,9125.33023,738.093018,854.74823,0.00406,0.004113
685,4,0,0,145.7853,78.0,17.2,0.005404973,63.7558171341638,1.58203125,0.0,-0.010929291,-0.22226119,2.04726119,9137.234473,701.081482,677.893127,0.004408,0.00439
686,4,0,0,146.3615,80.0,17.3,0.005412416,63.3869424209992,2.197265625,0.0,0.0,-0.175681829,2.000681829,9151.354574,703.448486,669.762085,0.004307,0.004298
687,4,0,0,146.9421,78.0,17.3,0.005424707,63.1203042017344,2.197265625,0.0,-0.003259613,-0.138578176,1.963578176,9162.613042,699.702515,683.004517,0.004381,0.004419
688,4,0,0,147.5274,78.0,17.3,0.005444068,62.8444773591792,2.153320313,0.0,-0.000959,-0.102803946,1.927803946,9176.639536,694.727783,679.911926,0.004054,0.004147
689,4,0,0,148.236,79.0,17.3,0.005459221,62.6090430516028,2.153320313,0.0,-0.012463226,-0.075367689,1.900367689,9188.382402,701.011292,684.531799,0.004425,0.004402
690,4,0,0,148.8317,78.0,17.4,0.005468889,62.2731328519932,0.922851563,0.0,0.009203613,-0.066298723,1.891298723,9201.758355,712.982971,706.682617,0.004528,0.004499
691,4,0,0,149.1914,78.0,17.4,0.005470877,61.954073423881,2.065429688,0.0,0.009203613,-0.056699514,1.881699514,9213.968071,692.148193,696.518982,0.00425,0.004209
692,4,0,0,149.916,79.0,17.2,0.005468332,61.7175555798694,2.373046875,0.0,-0.008628387,-0.028663874,1.853663874,9227.242391,706.870117,674.804016,0.004192,0.004137
693,4,0,0,150.5253,79.0,17.2,0.005466389,61.442491113859,1.713867188,0.0,-0.008628387,-0.016747713,1.841747713,9238.822187,719.809326,858.992798,0.004169,0.004261
694,4,0,0,150.8933,77.0,17.2,0.005468869,61.174922406393,1.801757813,0.0,-0.001725677,-0.026405096,1.851405096,9252.565764,692.003418,664.216675,0.003945,0.004077
695,4,0,0,151.3867,76.0,17.2,0.005472659,60.9806979853946,2.28515625,0.0,-0.013997162,-0.045305014,1.870305014,9264.07561,696.915283,662.206177,0.003949,0.004033
696,4,0,0,152.3833,77.0,17.3,0.005472858,60.7668906485676,2.197265625,0.0,0.003067871,-0.083166361,1.908166361,9277.191554,699.316711,680.58313,0.003927,0.003907
697,4,0,0,152.7604,77.0,17.3,0.005466145,60.5827236369652,2.416992188,0.0,0.0,-0.130733728,1.955733728,9289.181417,699.212891,672.913696,0.003871,0.003932
698,4,0,0,153.0128,78.0,17.4,0.005447804,60.362020390892,2.065429688,0.0,-0.001725677,-0.185198069,2.010198069,9302.246075,693.894897,667.460388,0.00394,0.004
699,4,0,0,153.6476,79.0,17.4,0.0054242,60.184153398214,1.845703125,0.0,0.003834839,-0.23150897,2.05650897,9314.214461,703.086121,667.75708,0.003926,0.004037
700,4,0,0,154.4163,79.0,17.4,0.005399899,59.9120244971108,2.241210938,0.0,0.003834839,-0.275441408,2.100441408,9327.262801,707.614624,653.739075,0.004104,0.004222
701,4,0,0,154.9331,77.0,17.4,0.005390344,59.7279142630236,2.4609375,0.0,0.003834839,-0.305273294,2.130273294,9338.673044,710.343323,666.239685,0.004286,0.004349
702,4,0,0,155.3229,78.0,17.5,0.005392759,59.5393391565074,2.592773438,0.0,0.00690271,-0.329048872,2.154048872,9352.248309,791.632202,666.02887,0.004208,0.004288
703,4,0,0,156.1085,79.0,17.5,0.005398885,59.3766438143444,2.856445313,0.0,0.010737549,-0.33706212,2.16206212,9363.644954,822.421692,667.901489,0.004008,0.004059
704,4,0,0,156.1085,79.0,17.5,0.005403688,59.1950185621512,1.889648438,0.0,0.012271484,-0.318707705,2.143707705,9376.662073,716.682495,668.0177,0.004375,0.004498
705,4,0,0,156.7693,79.0,17.5,0.005403557,59.0363200319716,2.416992188,0.0,-0.003259613,-0.283929586,2.108929586,9388.587259,689.046204,675.03241,0.004398,0.004436
706,4,0,0,157.4357,80.0,17.3,0.005396231,58.8641220842842,2.63671875,0.0,0.0,-0.238728285,2.063728285,9401.620297,579.835327,643.777893,0.00446,0.004454
707,4,0,0,158.1078,80.0,17.3,0.005386013,58.7996825657178,3.342590332,0.0,-0.010162323,-0.191179514,2.016179514,9413.088422,673.544617,663.963013,0.004357,0.004342
708,4,0,0,158.6496,79.0,17.4,0.005378844,58.7616008498582,3.518371582,0.0,-0.015531097,-0.156552553,1.981552553,9426.841012,901.719116,657.003906,0.004267,0.004307
709,4,0,0,159.0584,79.0,17.4,0.005382389,58.7282614405502,3.65020752,0.0,0.003834839,-0.155830145,1.980830145,9438.477577,692.135986,662.950806,0.004285,0.004277
710,4,0,0,159.3321,80.0,17.4,0.005396484,58.6907838548332,3.562316895,0.0,0.003834839,-0.16067481,1.98567481,9451.870697,728.017883,685.876526,0.004647,0.004576
711,4,0,0,160.2975,79.0,17.4,0.005414169,58.6577820528704,3.562316895,0.0,0.003067871,-0.156783819,1.981783819,9464.238529,715.888916,678.811096,0.004442,0.004488
712,4,0,0,160.5755,79.0,17.5,0.005436389,58.6218607311202,3.65020752,0.0,-0.003259613,-0.146422148,1.971422148,9477.833292,691.694885,677.681702,0.004393,0.00441
713,4,0,0,161.1344,80.0,17.5,0.005451562,58.5904045232,3.65020752,0.0,-0.007094452,-0.144350767,1.969350767,9489.837543,722.19812,666.498291,0.004306,0.004303
714,4,0,0,161.4153,79.0,17.5,0.005460725,58.5549228570444,3.65020752,0.0,-0.003259613,-0.155155897,1.980155897,9504.262546,731.647217,842.89093,0.004355,0.004411
715,4,0,0,161.98,78.0,17.5,0.005464922,58.5507842300202,5.58380127,0.0,0.001533936,-0.174883604,1.999883604,9516.427262,733.013306,853.806091,0.004377,0.004503
716,4,0,0,162.5488,79.0,17.3,0.005467318,58.8605605504906,6.992797852,0.0,0.005368774,-0.197186232,2.022186232,9530.389639,709.580383,651.98407,0.004405,0.004529
717,4,0,0,162.6916,80.0,17.3,0.005464154,59.2149181156248,8.003540039,0.0,0.005368774,-0.210084677,2.035084677,9542.659224,715.794006,663.746277,0.004333,0.004432
718,4,0,0,163.4094,80.0,17.3,0.005452295,59.677613069945,7.915649414,0.0,-0.001725677,-0.214983702,2.039983702,9557.328543,736.441711,864.835022,0.004205,0.004328
719,4,0,0,163.6983,79.0,17.3,0.005439142,60.0674115205592,8.003540039,0.0,0.005368774,-0.214960337,2.039960337,9569.703104,705.841187,656.468018,0.004334,0.004443
720,4,0,0,164.1335,81.0,17.1,0.005430352,60.515711153887,8.311157227,0.0,-0.003259613,-0.216917753,2.041917753,9583.905329,741.99408,667.381775,0.004327,0.004407
721,4,0,0,164.5711,81.0,17.1,0.005431689,60.9072086652062,8.311157227,0.0,-0.003259613,-0.223552465,2.048552465,9596.979505,704.44281,673.263123,0.004268,0.004316
722,4,0,0,165.3057,80.0,17.2,0.005437435,61.4204549201344,9.544372559,0.0,0.003067871,-0.235149622,2.060149622,9611.301759,0.0,0.0,0.0,0.0
723,4,0,0,165.4533,81.0,17.2,0.005436717,62.01945825267,11.03851318,0.0,-0.008628387,-0.240038157,2.065038157,9623.883937,755.382324,844.436279,0.004302,0.004415
724,4,0,0,166.1958,82.0,17.3,0.005423442,62.4299069977744,6.157836914,0.0,0.001533936,-0.256322622,2.081322622,9638.923363,706.476501,658.812683,0.004187,0.004399
725,4,0,0,166.9449,82.0,17.3,0.005401405,62.6619258835358,7.036743164,0.0,0.001533936,-0.273374319,2.098374319,9651.606642,694.919617,664.775208,0.004287,0.004415
726,4,0,0,167.2465,82.0,17.3,0.005364143,62.9450783452106,7.080688477,0.0,-0.004793549,-0.291988611,2.116988611,9666.156983,688.752502,667.504883,0.004279,0.004337
727,4,0,0,167.5491,84.0,17.3,0.00532046,63.2011512151886,7.036743164,0.0,0.009203613,-0.31381011,2.13881011,9679.545806,696.758972,667.49231,0.004255,0.004345
728,4,0,0,167.7008,84.0,17.4,0.005263998,63.4772710380908,7.124633789,0.0,0.009203613,-0.322931051,2.147931051,9694.206688,747.233398,858.106079,0.004016,0.004131
729,4,0,0,164.8642,83.0,17.4,0.005219596,63.729161925425,7.212524414,0.0,0.00690271,-0.309825659,2.134825659,9707.695407,702.107727,666.306274,0.004373,0.004413
730,4,0,0,160.8545,85.0,17.2,0.005190037,63.9780621762372,7.212524414,0.0,-0.001725677,-0.282247782,2.107247782,9720.614568,671.259277,855.919189,0.004253,0.004409
731,4,0,0,161.1344,85.0,17.2,0.005182763,64.2641752119628,7.212524414,0.0,0.001533936,-0.244089842,2.069089842,9735.430895,701.307617,643.060303,0.004606,0.004623
732,4,0,0,162.1219,84.0,17.2,0.005198919,64.5129273874016,7.168579102,0.0,0.003834839,-0.213324308,2.038324308,9749.060316,775.282715,849.434814,0.004537,0.004521
733,4,0,0,163.1215,85.0,17.2,0.005231374,64.7906913120478,7.212524414,0.0,-0.005560516,-0.168780565,1.993780565,9763.980169,708.445923,663.509888,0.004462,0.004563
734,4,0,0,163.5537,86.0,17.3,0.005260952,65.0262530954456,7.256469727,0.0,-0.010162323,-0.128889799,1.953889799,9777.078311,702.630798,671.518127,0.004239,0.004311
735,4,0,0,161.98,85.0,17.3,0.005290407,65.3049362107262,7.212524414,0.0,-0.008628387,-0.108310938,1.933310938,9792.723696,708.35437,668.206482,0.00453,0.004472
736,4,0,0,161.4153,85.0,17.4,0.005313754,65.5406957981034,7.212524414,0.0,-0.001725677,-0.117517233,1.942517233,9805.280957,699.19873,700.622986,0.004411,0.004539
737,4,0,0,162.5488,87.0,17.4,0.005340392,65.8038901585154,7.212524414,0.0,-0.004793549,-0.13622117,1.96122117,9821.027979,703.717224,663.470398,0.00424,0.004398
738,4,0,0,158.7856,85.0,17.4,0.005363208,66.0337519654078,7.212524414,0.0,-0.004793549,-0.163501501,1.988501501,9834.298391,706.597107,660.332581,0.004236,0.004295
739,4,0,0,150.1592,82.0,17.4,0.005384316,66.289405409195,7.256469727,0.0,0.001533936,-0.208806753,2.033806753,9849.512718,696.619507,788.061401,0.004007,0.004105
740,4,0,0,148.3547,83.0,17.5,0.005393014,66.5045558529058,7.212524414,0.0,-0.007094452,-0.246971846,2.071971846,9863.504849,722.672119,731.6521,0.004448,0.004428
741,4,0,0,150.0375,83.0,17.5,0.005388262,66.7547649155664,7.256469727,0.0,-0.004793549,-0.305752039,2.130752039,9878.819064,647.822083,864.79541,0.004156,0.004357
742,4,0,0,151.3867,82.0,17.5,0.005374382,66.9726789179252,7.256469727,0.0,0.005368774,-0.366636515,2.191636515,9892.902754,696.574707,856.050171,0.004245,0.004317
743,4,0,0,152.5088,83.0,17.5,0.005357254,67.208160636658,7.256469727,0.0,0.018407227,-0.427177668,2.252177668,9908.303151,694.609619,688.578796,0.004408,0.004337
744,4,0,0,153.903,85.0,17.3,0.005349102,67.4187495831662,7.212524414,0.0,0.003067871,-0.444254637,2.269254637,9921.806385,690.654724,660.036987,0.004295,0.004319
745,4,0,0,154.5452,85.0,17.3,0.005351245,67.658081245514,7.300415039,0.0,0.010737549,-0.437968493,2.262968493,9937.91694,0.0,0.0,0.0,0.0
746,4,0,0,155.3229,84.0,17.4,0.005359139,67.8685205073088,7.300415039,0.0,0.014572388,-0.405792475,2.230792475,9951.479919,698.764221,674.908813,0.004232,0.004189
747,4,0,0,156.1085,85.0,17.4,0.005367307,68.1034202726042,7.256469727,0.0,-0.003259613,-0.335287809,2.160287809,9967.013859,712.516174,672.748901,0.004242,0.004261
748,4,0,0,157.1685,86.0,17.1,0.005371434,68.3083130406494,7.344360352,0.0,-0.000959,-0.264510393,2.089510393,9981.284174,733.578186,668.277893,0.004269,0.004349
749,4,0,0,157.8382,86.0,17.1,0.005372993,68.5426813053164,7.388305664,0.0,0.008436646,-0.188887835,2.013887835,9996.884811,708.05481,669.5047,0.00431,0.004271
750,4,0,0,158.3782,85.0,17.2,0.005372647,68.7462850242084,7.432250977,0.0,0.005368774,-0.129600286,1.954600286,10010.56322,697.55249,671.835022,0.004394,0.004373
751,4,0,0,159.0584,86.0,17.2,0.005374755,68.9839394967818,7.476196289,0.0,-0.007094452,-0.035732031,1.860732031,10026.88054,694.496399,682.27771,0.004431,0.004401
752,4,0,0,159.4693,86.0,17.3,0.005381332,69.1784325809998,7.476196289,0.0,-0.019365936,0.025646925,1.799353075,10040.61486,754.177307,841.178101,0.004377,0.004413
753,4,0,0,160.5755,85.0,17.3,0.005388812,69.3328733286216,6.685180664,0.0,-0.017832001,0.070007086,1.754992914,10056.34174,656.727417,672.660889,0.004386,0.004436
754,4,0,0,160.8545,86.0,17.1,0.005390316,69.4697196126386,6.817016602,0.0,-0.046976776,0.093702555,1.731297445,10070.78605,704.424927,664.575317,0.004353,0.004367
755,4,0,0,161.6972,86.0,17.1,0.005386674,69.632193042909,6.817016602,0.0,0.014572388,0.021529436,1.803470564,10086.5733,697.352905,687.089905,0.004265,0.00426
756,4,0,0,162.2639,87.0,17.2,0.005377588,69.7763201259266,6.817016602,0.0,0.008436646,-0.075446367,1.900446367,10101.0718,710.112305,688.093872,0.004268,0.004325
757,4,0,0,162.6916,88.0,17.2,0.005357545,69.937552272255,6.817016602,0.0,0.017640259,-0.146696806,1.971696806,10116.91569,0.0,0.0,0.0,0.0
758,4,0,0,163.1215,89.0,16.9,0.005334883,70.0777587938184,6.817016602,0.0,0.014572388,-0.167466879,1.992466879,10130.80229,698.479614,675.783081,0.004391,0.0044
759,4,0,0,163.6983,88.0,16.9,0.005311528,70.2390227246118,6.817016602,0.0,0.00690271,-0.153325796,1.978325796,10147.36264,703.90332,700.437683,0.004168,0.004197
760,4,0,0,164.425,86.0,17.0,0.005297801,70.3749067842428,6.817016602,0.0,0.003067871,-0.130348444,1.955348444,10160.63258,696.64563,717.882324,0.004338,0.004399
761,4,0,0,165.0111,86.0,17.0,0.005288751,70.532255786272,6.817016602,0.0,0.009203613,-0.090872526,1.915872526,10177.23941,696.324585,670.803711,0.004355,0.00437
762,4,0,0,165.3057,87.0,16.8,0.00528302,70.6649136341918,6.817016602,0.0,0.0,-0.043225527,1.868225527,10191.20179,709.20459,826.052185,0.004387,0.004456
763,4,0,0,165.7495,86.0,16.8,0.005276485,70.8128395642794,6.860961914,0.0,0.001533936,0.023407221,1.801592779,10207.83481,707.088684,693.481689,0.004466,0.004536
764,4,0,0,164.8642,86.0,17.0,0.005268313,70.9396725670032,6.773071289,0.0,-0.012463226,0.087734461,1.737265539,10221.81008,725.860107,678.464905,0.004464,0.00451
765,4,0,0,164.8642,87.0,17.0,0.005253254,71.08498473581,6.817016602,0.0,-0.030103485,0.140084505,1.684915495,10237.78755,720.54541,684.850098,0.004365,0.004422
766,4,0,0,165.898,88.0,17.1,0.005234931,71.2064650897872,6.641235352,0.0,-0.010162323,0.13098073,1.69401927,10251.78007,635.162476,738.090271,0.004283,0.004279
767,4,0,0,166.3451,87.0,17.1,0.005209966,71.338606420034,6.773071289,0.0,-0.032404388,0.086781263,1.738218737,10268.45253,722.802124,684.696472,0.004518,0.004574
768,4,0,0,166.7945,88.0,17.1,0.005188469,71.4536814881574,6.773071289,0.0,-0.007094452,0.000995,1.824004602,10282.46931,708.150574,464.974915,0.004589,0.004674
769,4,0,0,167.2465,87.0,17.1,0.005172686,71.590193254762,6.773071289,0.0,0.00690271,-0.131549597,1.956549597,10298.50047,696.180298,675.261475,0.004508,0.004645
770,4,0,0,168.1577,86.0,17.2,0.005173504,71.7001237135206,6.465454102,0.0,0.010737549,-0.26592803,2.09092803,10313.20024,711.601318,686.877625,0.00442,0.004429
771,4,0,0,168.4636,86.0,17.2,0.005189603,71.7763031098926,6.026000977,0.0,0.008436646,-0.389601469,2.214601469,10329.23427,707.723206,678.592102,0.004286,0.004286
772,4,0,0,168.9246,87.0,17.3,0.005204843,71.8375889818884,6.201782227,0.0,0.003067871,-0.464740038,2.289740038,10343.85533,702.443298,693.278687,0.004556,0.00455
773,4,0,0,169.2334,86.0,17.3,0.005209056,71.8683209546218,5.715637207,0.0,0.023009033,-0.521820784,2.346820784,10359.68013,703.354004,686.24353,0.004508,0.004536
774,4,0,0,169.6986,83.0,17.4,0.005198676,71.881339034629,5.75958252,0.0,0.001533936,-0.490210295,2.315210295,10373.4202,690.996094,675.929077,0.004436,0.00446
775,4,0,0,169.8543,83.0,17.4,0.005175655,71.9335712586802,6.289672852,0.0,0.001533936,-0.425802946,2.250802946,10389.64865,703.883789,682.878174,0.004276,0.004305
776,4,0,0,170.0102,82.0,17.4,0.005152306,71.9975717975748,6.201782227,0.0,-0.010929291,-0.369918585,2.194918585,10403.1735,696.742004,675.43573,0.004269,0.004333
777,4,0,0,170.6368,81.0,17.4,0.005129712,72.063514874223,6.201782227,0.0,-0.020132904,-0.336578608,2.161578608,10418.51212,,,,
778,4,0,0,171.1098,81.0,17.5,0.005117252,72.1239555208508,6.026000977,0.0,-0.004793549,-0.343216658,2.168216658,10432.46232,,,,
779,4,0,0,171.2681,83.0,17.5,0.005112467,72.1621804357836,5.671691895,0.0,0.021475098,-0.364959478,2.189959478,10447.56351,,,,
780,4,0,0,171.5854,83.0,17.5,0.005113542,72.1666227774526,5.58380127,0.0,-0.003259613,-0.347151041,2.172151041,10460.72076,,,,
781,4,0,0,171.7446,83.0,17.5,0.005113085,71.9342397624228,0.0,0.0,-0.001725677,-0.301960707,2.126960707,10476.33907,,,,
782,4,0,0,168.7707,84.0,17.6,0.005110194,71.4060982128444,0.0,0.0,-0.025501678,-0.268022776,2.093022776,10489.41875,,,,
783,4,0,0,168.1577,83.0,17.6,0.005111277,70.7951394475036,0.0,0.0,-0.015531097,-0.271315813,2.096315813,10504.32187,,,,
784,4,0,0,168.7707,81.0,17.6,0.005120134,70.2602426610884,0.0,0.0,-0.015531097,-0.343123674,2.168123674,10517.93085,,,,
785,4,0,0,169.3882,81.0,17.6,0.005136908,69.643601815103,0.0,0.0,0.003067871,-0.478417635,2.303417635,10532.71658,,,,
786,4,0,0,169.2334,81.0,17.3,0.005153583,69.11713447802,0.0,0.0,0.026843872,-0.578867674,2.403867674,10546.21424,,,,
787,4,0,0,169.5433,80.0,17.3,0.005174076,68.5116512989084,0.0,0.0,0.010737549,-0.6124928,2.4374928,10560.83547,,,,
788,4,0,0,170.3229,80.0,17.4,0.005193877,67.995209248795,0.0,0.0,0.025309937,-0.599271536,2.424271536,10573.5411,,,,
789,4,0,0,170.6368,80.0,17.4,0.005215694,67.6634107841382,3.078918457,0.0,0.018407227,-0.50208497,2.32708497,10588.55326,,,,
790,4,0,0,171.5854,80.0,17.5,0.005230076,67.4770604936116,3.12286377,0.0,-0.005560516,-0.34172225,2.16672225,10600.47153,,,,
791,4,0,0,171.4266,79.0,17.5,0.005238785,67.2461845772116,3.386535645,0.0,-0.019365936,-0.146635771,1.971635771,10615.25597,,,,
792,4,0,0,172.3841,81.0,17.2,0.005240989,67.0444703522268,2.903137207,0.0,-0.019365936,-0.028730154,1.853730154,10627.57772,,,,
793,4,0,0,172.7056,81.0,17.2,0.005245367,66.7359946681576,1.274414063,0.0,-0.013997162,0.045059443,1.779940557,10641.55192,,,,
794,4,0,0,173.0283,80.0,17.3,0.005257281,66.4709634714432,2.153320313,0.0,-0.010929291,0.060656309,1.764343691,10654.2613,,,,
795,4,0,0,173.3523,80.0,17.3,0.00527754,66.115185502825,0.0,0.0,0.003834839,0.045271635,1.779728365,10668.01759,,,,
796,4,0,0,173.8405,80.0,17.4,0.005293773,65.5950260382456,0.52734375,0.0,-0.005560516,0.038529634,1.786470366,10679.96213,,,,
797,4,0,0,174.6603,79.0,17.4,0.005304402,65.0692243724668,0.0,0.0,-0.005560516,0.033097982,1.791902018,10694.07045,,,,
798,4,0,0,174.8252,79.0,17.4,0.005304453,64.5516243700366,0.043945313,0.0,-0.004793549,0.022779703,1.802220297,10705.82858,,,,
799,4,0,0,175.4879,80.0,17.4,0.005295726,63.9599514524538,0.0,0.0,-0.008628387,-0.008856058,1.833856058,10719.16342,,,,
800,4,0,0,175.8211,78.0,17.5,0.005284552,63.4467228519854,0.0,0.0,0.009203613,-0.056871653,1.881871653,10731.29119,,,,
801,4,0,0,176.1556,77.0,17.5,0.005269089,62.8608806215028,0.0,0.0,0.0,-0.104238749,1.929238749,10744.41776,,,,
802,4,0,0,176.4914,79.0,17.5,0.005255954,62.3563685605292,0.0,0.0,0.014572388,-0.145587683,1.970587683,10756.35605,,,,
803,4,0,0,177.1667,79.0,17.5,0.005250166,61.7661292430184,0.0,0.0,0.00690271,-0.174786329,1.999786329,10769.2774,,,,
804,4,0,0,177.5064,77.0,17.6,0.005257051,61.2554029409424,0.0,0.0,0.0,-0.170004606,1.995004606,10780.49668,,,,
805,4,0,0,177.6767,78.0,17.6,0.005274934,60.6747644308828,0.0,0.0,-0.003259613,-0.171354055,1.996354055,10793.82105,,,,
806,4,0,0,178.0183,80.0,17.6,0.005292823,60.1581449188476,0.0,0.0,0.016106323,-0.191545248,2.016545248,10805.05114,,,,
807,4,0,0,178.7055,81.0,17.6,0.005304556,59.587449313643,0.0,0.0,-0.008628387,-0.182187319,2.007187319,10817.9271,,,,
808,4,0,0,179.051,79.0,17.6,0.005297673,59.093915027518,0.0,0.0,0.0,-0.170440435,1.995440435,10829.76843,,,,
809,4,0,0,179.2243,80.0,17.6,0.005268982,58.5183243089288,0.0,0.0,-0.005560516,-0.167360544,1.992360544,10842.72754,,,,
810,4,0,0,179.7462,81.0,17.7,0.00523564,58.005713357059,0.0,0.0,-0.005560516,-0.182703257,2.007703257,10854.10202,,,,
811,4,0,0,180.4468,79.0,17.7,0.005201221,57.4784807305258,5.58380127,0.0,-0.005560516,-0.221390486,2.046390486,10867.68522,,,,
812,4,0,0,180.4468,78.0,17.7,0.005178726,57.6982239891956,5.58380127,0.0,0.008436646,-0.269764185,2.094764185,10879.13005,,,,
813,4,0,0,180.6228,80.0,17.7,0.005163664,57.942307453201,5.58380127,0.0,0.005368774,-0.319716692,2.144716692,10892.24824,,,,
814,4,0,0,181.508,79.0,17.7,0.005161089,58.1526830173186,5.58380127,0.0,0.00690271,-0.35664773,2.18164773,10903.75986,,,,
815,4,0,0,162.9779,78.0,17.7,0.005167719,58.3948115194656,5.627746582,0.0,-0.005560516,-0.382999182,2.207999182,10917.50385,,,,
816,4,0,0,102.7517,80.0,17.5,0.005179539,58.6006105873318,5.627746582,0.0,0.0,-0.411262751,2.236262751,10929.08169,,,,
817,4,0,0,92.3497,81.0,17.5,0.005200773,58.8414467411786,5.58380127,0.0,0.005368774,-0.443880796,2.268880796,10942.34968,,,,
818,4,0,0,92.9057,81.0,17.5,0.005224622,59.0443007973118,5.627746582,0.0,0.003834839,-0.441550493,2.266550493,10954.54565,,,,
819,4,0,0,90.4552,82.0,17.5,0.005252626,59.2817025069448,5.58380127,0.0,-0.004793549,-0.416701555,2.241701555,10967.88667,,,,
820,4,0,0,90.2348,83.0,17.6,0.005270934,59.4827348062914,5.58380127,0.0,0.005368774,-0.396577597,2.221577597,10979.59048,,,,
821,4,0,0,90.3669,82.0,17.6,0.005274672,59.6853087567976,5.627746582,0.0,0.009203613,-0.370016336,2.195016336,10991.88175,,,,
822,4,0,0,94.9055,82.0,17.6,0.005258161,59.9107151541802,5.58380127,0.0,-0.008628387,-0.308944941,2.133944941,11005.32536,,,,
823,4,0,0,98.6466,83.0,17.6,0.00523287,60.1125575309092,5.58380127,0.0,-0.036239227,-0.292883158,2.117883158,11017.09589,,,,
824,4,0,0,90.8992,82.0,17.6,0.00520095,60.3347414180626,5.58380127,0.0,0.016106323,-0.385272741,2.210272741,11031.01368,,,,
825,4,0,0,82.4416,82.0,17.6,0.005174001,60.5242550272932,5.58380127,0.0,-0.000959,-0.447771311,2.272771311,11042.61269,,,,
826,4,0,0,85.9623,84.0,17.7,0.005143829,60.3246992169296,0.0,14.95056152,0.02761084,-0.478384256,2.303384256,11055.76684,,,,
827,4,0,0,86.0023,85.0,17.7,0.005112728,59.7526693401178,0.0,39.99938965,0.009203613,-0.420977354,2.245977354,11067.73041,,,,
828,4,0,0,84.9372,85.0,17.7,0.005064769,59.098943651749,0.0,38.09509277,-0.007094452,-0.276667833,2.101667833,11080.67929,,,,
829,4,0,0,88.9347,86.0,17.7,0.005012319,58.5377987069612,0.0,38.09509277,-0.004793549,-0.171421766,1.996421766,11092.45593,,,,
830,4,0,0,92.4881,87.0,17.7,0.004948901,57.8958623675096,0.0,145.1751709,-0.016298065,-0.114472151,1.939472151,11105.20222,,,,
831,4,0,0,94.6629,85.0,17.7,0.004897129,57.3458659002642,0.0,261.9232178,0.013038452,-0.117615461,1.942615461,11116.26941,,,,
832,4,0,0,96.4878,83.0,17.7,0.004844954,56.7159798803042,0.0,261.9232178,-0.003259613,-0.11335063,1.93835063,11129.34097,,,,
833,4,0,0,98.1759,83.0,17.7,0.004844954,56.7159798803042,0.0,261.9232178,-0.003259613,-0.11335063,1.93835063,11129.34097,,,,
834,4,0,0,99.7089,81.0,17.8,0.004844954,56.7159798803042,0.0,261.9232178,-0.003259613,-0.11335063,1.93835063,11129.34097,,,,
