Time,Drive,Stimulus,Failure,Palm.EDA,Heart.Rate,Breathing.Rate,Perinasal.Perspiration,Speed,Acceleration,Brake,Steering,LaneOffset,Lane.Position,Distance,Gaze.X.Pos,Gaze.Y.Pos,Lft.Pupil.Diameter,Rt.Pupil.Diameter
1,4,0,0,150.1592,83.0,17.9,0.009946378,-0.017807749435,0.0,263.8275146,-0.023200775,-0.100000143,1.925000143,8.06124e-06,645.568909,668.816711,0.004876,0.004978
2,4,0,0,148.7122,84.0,17.9,0.009972142,-0.02084598701552,0.0,252.6947021,-0.023200775,-0.100000143,1.925000143,1.54507e-05,631.367188,623.572571,0.004973,0.005061
3,4,0,0,148.4737,84.0,17.9,0.009918063,0.55592117681642,0.0,263.6810303,-0.023200775,-0.100047827,1.925047827,0.000203115,639.417603,626.786926,0.005254,0.00518
4,4,0,0,144.3085,83.0,17.9,0.00977645,0.7395736614994,0.0,126.1322021,-0.023200775,-0.100245237,1.925245237,0.035622663,707.445679,679.916077,0.004616,0.005019
5,4,0,0,138.0682,84.0,17.9,0.00952751,0.73960705691374,0.0,16.12243652,-0.019365936,-0.100469351,1.925469351,0.199796215,709.922913,676.820679,0.004517,0.005022
6,4,0,0,137.76,83.0,18.2,0.009298871,2.70056694963384,16.80084229,0.0,-0.019365936,-0.100753546,1.925753546,0.357085473,709.828186,682.276306,0.004408,0.004938
7,4,0,0,142.8612,84.0,18.2,0.009096118,13.122980901873,14.42504883,0.0,-0.019365936,-0.104650736,1.929650736,0.527810673,709.026611,659.300476,0.004477,0.004859
8,4,0,0,139.8406,83.0,18.5,0.008976874,14.689062225696,0.0,263.5345459,-0.032404388,-0.116722822,1.941722822,0.741044294,699.158997,621.008484,0.004408,0.00472
9,4,0,0,123.3532,81.0,18.5,0.00888862,14.2834435525001,0.0,263.3880615,0.014572388,-0.14309001,1.96809001,2.394879564,693.516785,649.872314,0.004171,0.004562
10,4,0,0,116.523,80.0,18.8,0.008854775,13.9220574813784,0.0,263.2415771,-0.024734711,-0.166738272,1.991738272,4.911576263,703.937317,620.582275,0.004292,0.004726
11,4,0,0,116.8907,80.0,18.8,0.008864212,13.5053190187349,0.0,263.2415771,-0.040074066,-0.203193903,2.028193903,8.317418029,838.31073,603.279907,0.004401,0.004715
12,4,0,0,115.722,79.0,19.0,0.008882093,13.1454779864335,0.0,263.2415771,-0.013997162,-0.244830847,2.069830847,11.12364181,711.673218,653.92749,0.004288,0.004543
13,4,0,0,117.1866,79.0,19.0,0.00886616,12.7304961361028,0.0,262.802124,0.003067871,-0.292222261,2.117222261,14.26605691,700.935303,719.113892,0.004494,0.004822
14,4,0,0,122.6181,80.0,19.2,0.008814708,8.28643617156614,0.0,262.6556396,0.003067871,-0.326865435,2.151865435,17.08581933,701.814209,673.56842,0.004401,0.004735
15,4,0,0,128.2216,77.0,19.2,0.008738295,6.23106761792492,0.0,262.802124,0.003067871,-0.350192308,2.175192308,20.09568586,718.644104,656.429688,0.004358,0.004525
16,4,0,0,132.8198,73.0,19.4,0.008668532,5.42262518817102,0.0,262.802124,0.003067871,-0.368198633,2.193198633,22.6726856,696.301697,567.783386,0.004511,0.00494
17,4,0,0,136.5411,75.0,19.4,0.008586315,2.80845497568636,0.0,263.2415771,0.003067871,-0.382261992,2.207261992,25.55324462,696.077698,601.911804,0.004422,0.004805
18,4,0,0,136.8438,76.0,19.5,0.008518132,1.06936909492134,0.0,263.2415771,0.003067871,-0.387753248,2.212753248,27.96296109,719.0755,665.149597,0.004103,0.004509
19,4,0,0,134.5569,77.0,19.5,0.008457486,0.79944565266622,0.0,263.3880615,0.003067871,-0.390603781,2.215603781,29.92016222,709.048218,642.604126,0.004087,0.004349
20,4,0,0,135.641,78.0,19.4,0.008426634,0.79687178853336,0.0,263.2415771,0.003067871,-0.392899275,2.217899275,31.14010812,698.908875,611.873291,0.004001,0.004375
21,4,0,0,138.6886,77.0,19.4,0.008417233,0.79696075606724,0.0,263.2415771,0.003067871,-0.395516634,2.220516634,32.46363094,1483.234131,379.782013,0.004222,0.004772
22,4,0,0,141.1194,77.0,19.8,0.008431897,0.79692695348988,0.0,262.9486084,0.003067871,-0.397803545,2.222803545,33.38502802,714.817322,554.720703,0.003917,0.004331
23,4,0,0,143.5256,79.0,19.8,0.008479013,0.79690929903008,0.0,262.802124,0.003067871,-0.400414228,2.225414228,34.03679826,689.332397,527.552124,0.004032,0.004427
24,4,0,0,145.1,79.0,20.5,0.008532478,0.5144819866472,0.0,262.6556396,0.003067871,-0.402561426,2.227561426,34.31751577,696.250488,544.49292,0.004302,0.004752
25,4,0,0,146.0152,81.0,20.5,0.008552886,0.42773246285794,0.0,262.802124,0.003067871,-0.403918505,2.228918505,34.4988147,0.0,0.0,0.0,0.0
26,4,0,0,146.9421,84.0,21.2,0.008495755,0.37465760930416,0.0,262.3626709,0.003067871,-0.405560255,2.230560255,34.65559202,773.333008,602.332703,0.004345,0.004675
27,4,0,0,147.5274,86.0,21.2,0.008356851,0.00503082419878,0.0,262.3626709,0.003067871,-0.405673742,2.230673742,34.8262829,820.697205,571.626404,0.004194,0.00444
28,4,0,0,142.0939,86.0,21.8,0.008215114,0.00726820269642,0.0,262.3626709,0.003834839,-0.405683279,2.230683279,34.97563314,780.193481,618.883423,0.004123,0.004772
29,4,0,0,130.9415,84.0,21.8,0.008070608,-0.00392057271958,0.0,262.3626709,0.009203613,-0.405692816,2.230692816,35.14632321,0.0,0.0,0.0,0.0
30,4,0,0,133.7793,82.0,22.3,0.007973121,0.09813869744074,0.0,262.6556396,0.005368774,-0.405746222,2.230746222,35.29567768,707.138794,579.589294,0.004271,0.004565
31,4,0,0,131.8739,84.0,22.3,0.007901157,0.7533388293214,0.0,262.9486084,0.019941162,-0.407420397,2.232420397,35.47348137,0.0,0.0,0.0,0.0
32,4,0,0,131.1269,84.0,22.7,0.007868602,0.03596710264518,0.0,262.5091553,0.018407227,-0.407861948,2.232861948,35.59173724,718.16571,557.635498,0.00437,0.004713
33,4,0,0,130.5722,86.0,22.7,0.007841184,0.01002796813004,0.0,262.6556396,0.018407227,-0.40788722,2.23288722,35.67773859,699.404724,546.381714,0.004369,0.004746
34,4,0,0,120.7001,87.0,23.2,0.007791929,0.00471719923826,0.0,262.5091553,0.021475098,-0.407906771,2.232906771,35.77866343,703.098511,543.053406,0.004276,0.004744
35,4,0,0,115.1464,87.0,23.2,0.007687452,0.00030094658,0.0,262.3626709,0.051386841,-0.407910109,2.232910109,35.8359701,846.658081,612.516113,0.00431,0.004612
36,4,0,0,115.722,88.0,23.8,0.007572501,0.00056648768,0.0,262.6556396,0.051386841,-0.407905817,2.232905817,35.83715563,828.449097,614.697693,0.004186,0.004563
37,4,0,0,119.5314,87.0,23.8,0.007451713,0.00427247744134,0.0,262.6556396,0.049085938,-0.407931566,2.232931566,35.83790034,490.9505,498.25351,0.00421,0.004434
38,4,0,0,122.1329,85.0,24.2,0.007378035,0.0006195959,0.0,262.6556396,0.049085938,-0.407919168,2.232919168,35.83846844,0.0,0.0,0.005429,0.005481
39,4,0,0,124.6821,83.0,24.2,0.007344218,0.00331436974706,0.0,262.5091553,0.049085938,-0.407936335,2.232936335,35.83953466,726.396484,555.873108,0.00424,0.004585
40,4,0,0,126.8166,80.0,24.7,0.007363081,0.00442672946166,0.0,262.6556396,0.049085938,-0.407941103,2.232941103,35.85463845,703.255798,538.807617,0.004158,0.004444
41,4,0,0,129.4767,79.0,24.7,0.007431974,0.77106958632146,0.0,152.645874,0.052920776,-0.408903837,2.233903837,36.00250939,707.03717,665.690002,0.004409,0.004681
42,4,0,0,129.5672,79.0,25.0,0.007512708,0.74255980152544,0.0,52.74353027,0.058289551,-0.410765886,2.235765886,36.03958254,693.752502,667.393494,0.004334,0.004649
43,4,0,0,129.4767,78.0,25.0,0.00760814,0.74066347596994,4.045715332,0.0,0.059823486,-0.412662745,2.237662745,36.04176644,706.235779,669.539795,0.00432,0.004526
44,4,0,0,130.7566,77.0,24.6,0.00770045,6.50387118654292,11.25823975,0.0,0.070561035,-0.418640375,2.243640375,36.04294413,0.0,0.0,0.0,0.0
45,4,0,0,132.4398,78.0,24.6,0.007820502,14.3158269044129,11.434021,0.0,0.072861938,-0.431831121,2.256831121,36.04387313,702.257019,656.792908,0.003889,0.004106
46,4,0,0,131.3129,79.0,24.2,0.007920459,19.189911138184,12.27172852,0.0,0.032212646,-0.425029993,2.250029993,36.04460697,695.121216,649.729614,0.004028,0.004289
47,4,0,0,139.2098,80.0,24.2,0.008013459,24.0434309212698,12.9309082,0.0,0.005368774,-0.392646074,2.217646074,36.04545119,675.230408,665.243286,0.004294,0.004527
48,4,0,0,143.8601,82.0,23.6,0.008078301,27.5585735742552,13.37036133,0.0,0.009203613,-0.344536543,2.169536543,36.04622005,684.713989,651.177917,0.004119,0.004408
49,4,0,0,135.641,82.0,23.6,0.008134342,31.5102627700814,15.39459229,0.0,0.005368774,-0.269198656,2.094198656,36.04702036,0.0,0.0,0.0,0.0
50,4,0,0,127.9558,80.0,23.3,0.008168953,34.8112260872988,15.70220947,0.0,0.0,-0.188338518,2.013338518,36.04768212,0.0,0.0,0.0,0.0
51,4,0,0,128.9358,80.0,23.3,0.008211372,38.2854001903326,15.74615479,0.0,-0.010162323,-0.092396498,1.917396498,36.04848691,676.507324,656.672302,0.004203,0.004442
52,4,0,0,132.6295,80.0,22.8,0.008275257,41.1279782048158,16.1416626,0.0,-0.017832001,-0.024142027,1.849142027,36.04906259,554.965027,501.281494,0.0,0.004193
53,4,0,0,136.7428,80.0,22.8,0.008383893,44.4227056192144,16.8447876,0.0,-0.008628387,0.022608519,1.802391481,36.04991729,695.969421,648.402893,0.004028,0.004343
54,4,0,0,139.0009,81.0,22.6,0.008485308,47.1043093519174,16.88873291,0.0,0.0,0.039699793,1.785300207,36.11364307,666.434387,650.108398,0.004175,0.004437
55,4,0,0,137.9653,84.0,22.6,0.008568764,49.804763107013,16.8447876,0.0,-0.010162323,0.035172224,1.789827776,36.28651569,700.638916,655.614807,0.004229,0.004457
56,4,0,0,138.1712,86.0,22.5,0.008590511,52.018029265768,16.93267822,0.0,-0.000959,0.004928827,1.820071173,36.44318297,699.787292,670.6203,0.004098,0.004395
57,4,0,0,140.6905,89.0,22.5,0.008555899,54.4326552084662,16.88873291,0.0,-0.003259613,-0.04143405,1.86643405,36.61572311,669.26532,651.197998,0.00402,0.004319
58,4,0,0,142.6411,91.0,22.3,0.008493256,56.4212360024388,16.93267822,0.0,-0.001725677,-0.095003843,1.920003843,37.18281348,708.713684,822.788879,0.003968,0.004209
59,4,0,0,144.6466,90.0,22.3,0.008411431,58.6094996319812,16.18560791,0.0,0.008436646,-0.161077738,1.986077738,39.14746882,750.013794,855.570618,0.004252,0.004065
60,4,0,0,146.5932,86.0,22.2,0.008345208,60.2625772123368,15.96588135,0.0,0.005368774,-0.1943748,2.0193748,41.89869338,702.607483,645.723022,0.003918,0.004096
61,4,0,0,148.1174,82.0,22.2,0.008299818,62.1366485890092,16.00982666,0.0,0.005368774,-0.206073523,2.031073523,46.11536344,694.143616,639.967529,0.003783,0.004041
62,4,0,0,149.4322,81.0,22.1,0.008307108,63.7161249195794,16.00982666,0.0,0.005368774,-0.193611383,2.018611383,50.37442877,667.898499,649.315979,0.004022,0.004157
63,4,0,0,150.5253,79.0,22.1,0.008362687,65.4888242754264,16.05377197,0.0,0.005368774,-0.151828051,1.976828051,55.9391531,664.272217,654.057922,0.00409,0.004313
64,4,0,0,152.008,78.0,22.0,0.008428856,66.9060013706878,12.62329102,0.0,-0.001725677,-0.091206789,1.916206789,61.61032802,689.112122,666.414124,0.004219,0.004543
65,4,0,0,153.0128,79.0,22.0,0.008497899,68.1961197693838,12.40356445,0.0,-0.007094452,-0.023277521,1.848277521,68.12599518,713.958679,631.079529,0.004051,0.004239
66,4,0,0,153.903,77.0,21.9,0.0085334,68.9762009049248,11.21429443,0.0,-0.004793549,0.008810759,1.816189241,74.91566878,704.29248,674.972107,0.004375,0.004663
67,4,0,0,154.8036,74.0,21.9,0.008533635,69.6985226025582,9.720153809,0.0,-0.000959,0.022094011,1.802905989,82.90501466,747.932983,865.299377,0.004267,0.00454
68,4,0,0,155.5839,74.0,21.8,0.008511726,70.2358811159044,10.11566162,0.0,-0.004793549,0.022942781,1.802057219,90.72759947,689.807922,642.144775,0.004253,0.004498
69,4,0,0,156.5043,75.0,21.8,0.008496847,70.8660608565078,10.027771,0.0,-0.004793549,-0.000224,1.825224352,99.78403451,736.306091,806.787476,0.004224,0.004383
70,4,0,0,157.8382,77.0,21.4,0.008495326,71.3809537398438,9.895935059,0.0,0.003834839,-0.042081118,1.867081118,108.1569669,709.55542,665.326294,0.004281,0.004636
71,4,0,0,157.7038,78.0,21.4,0.008457786,71.889514803697,9.280700684,0.0,-0.003259613,-0.086655855,1.911655855,118.6653842,702.935791,638.547729,0.003995,0.00414
72,4,0,0,158.6496,79.0,21.4,0.008362165,72.3093303904034,9.456481934,0.0,0.0,-0.130326509,1.955326509,127.4567949,709.326599,644.525879,0.003911,0.004047
73,4,0,0,159.4693,77.0,21.4,0.008212705,72.8113479260968,9.544372559,0.0,0.001533936,-0.188934565,2.013934565,138.8836754,698.903625,642.189087,0.003874,0.004026
74,4,0,0,160.7149,78.0,21.1,0.008099249,73.2298654835328,9.544372559,0.0,0.001533936,-0.23406148,2.05906148,148.8425659,740.052917,850.059875,0.00413,0.004312
75,4,0,0,161.5561,78.0,21.1,0.008022429,73.6980365551644,8.618774414,0.0,0.001533936,-0.27690959,2.10190959,160.6104949,700.95813,640.685974,0.004001,0.004136
76,4,0,0,162.4062,77.0,20.5,0.008005198,73.7863398017726,6.333618164,0.0,0.001533936,-0.30670476,2.13170476,171.744824,707.10083,640.125793,0.003926,0.004092
77,4,0,0,163.1215,78.0,20.5,0.008026259,73.887334030033,6.729125977,0.0,0.001533936,-0.332365274,2.157365274,184.2556767,695.653381,643.146484,0.0039,0.004184
78,4,0,0,163.6983,77.0,20.2,0.008048028,73.9921747418274,6.773071289,0.0,0.003067871,-0.346832037,2.171832037,195.5037656,704.269104,638.200623,0.003958,0.004138
79,4,0,0,164.7175,78.0,20.2,0.008043379,74.1179637013196,6.860961914,0.0,0.003067871,-0.348100424,2.173100424,208.6760651,700.731201,649.489502,0.004026,0.004232
80,4,0,0,165.3057,79.0,20.0,0.008019486,74.2284450854404,6.904907227,0.0,0.001533936,-0.334500551,2.159500551,220.4599101,543.332214,520.094116,0.0,0.004266
81,4,0,0,166.7945,77.0,20.0,0.008005383,74.2487012525646,5.938110352,0.0,0.001533936,-0.305685282,2.130685282,234.7982343,693.613708,640.302307,0.003896,0.004313
82,4,0,0,167.7008,74.0,19.5,0.008019763,74.2579187956948,6.026000977,0.0,0.001533936,-0.273010015,2.098010015,247.0975412,699.762878,629.856873,0.003995,0.004292
83,4,0,0,168.617,75.0,19.5,0.008043662,74.2815556872636,6.113891602,0.0,0.001533936,-0.227271795,2.052271795,261.4329132,684.88562,642.944519,0.003958,0.004356
84,4,0,0,169.5433,74.0,19.4,0.008037651,74.3049699266434,6.069946289,0.0,-0.001725677,-0.18195796,2.00695796,274.2153424,694.635193,645.260376,0.004168,0.004445
85,4,0,0,170.0102,74.0,19.4,0.00799409,74.3355218946978,6.157836914,0.0,0.003067871,-0.134944201,1.959944201,289.0726464,701.803772,648.676086,0.004063,0.004388
86,4,0,0,171.1098,76.0,18.9,0.00794872,74.3645764201624,6.113891602,0.0,0.003067871,-0.084134817,1.909134817,302.8827842,745.097717,824.037903,0.004062,0.004259
87,4,0,0,171.904,78.0,18.9,0.007903386,74.2178843227726,0.0,0.0,-0.007094452,-0.018648863,1.843648863,318.1240121,742.569397,850.710022,0.004168,0.004444
88,4,0,0,171.904,79.0,18.8,0.007854644,73.5456605585758,3.518371582,0.0,-0.007094452,0.007911444,1.817088556,332.2165104,697.07782,651.765076,0.004032,0.004344
89,4,0,0,173.6774,81.0,18.8,0.007781029,73.4723205529526,5.23223877,0.0,-0.007094452,-0.0052917,1.8302917,347.7007274,717.819397,639.83197,0.00414,0.004474
90,4,0,0,174.4957,82.0,19.0,0.007722235,73.4264210335212,5.23223877,0.0,-0.004793549,-0.0486238,1.8736238,361.3336002,712.200928,638.459106,0.004004,0.004377
91,4,0,0,175.4879,78.0,19.0,0.007690186,73.37528155133,5.188293457,0.0,-0.001725677,-0.121491194,1.946491194,377.0126136,720.054321,634.029114,0.003949,0.00424
92,4,0,0,176.4914,76.0,18.9,0.007699769,73.3327617102722,5.539855957,0.0,-0.000959,-0.193995714,2.018995714,390.8160941,750.557129,859.110901,0.003977,0.0042
93,4,0,0,177.6767,76.0,18.9,0.007734526,73.2924533759622,5.539855957,0.0,0.009203613,-0.264738798,2.089738798,405.3573139,699.290527,630.089783,0.003925,0.004163
94,4,0,0,178.7055,78.0,18.9,0.007785096,73.2437351940812,5.40802002,0.0,0.0,-0.313515902,2.138515902,421.3032941,704.511719,740.383301,0.004073,0.004415
95,4,0,0,179.3979,78.0,18.9,0.007827244,73.2048306065862,5.188293457,0.0,0.0,-0.347813845,2.172813845,435.3209601,688.605286,645.057007,0.003949,0.004229
96,4,0,0,180.6228,76.0,18.8,0.007858153,73.1600874784118,5.276184082,0.0,0.003067871,-0.38713479,2.21213479,451.4173654,681.653687,654.333923,0.003929,0.004141
97,4,0,0,181.508,75.0,18.8,0.007850138,73.1249387042352,5.23223877,0.0,0.008436646,-0.410937548,2.235937548,465.5685103,698.759094,632.290771,0.004035,0.00427
98,4,0,0,182.5817,76.0,18.7,0.007790158,73.0860212581136,5.23223877,0.0,0.008436646,-0.401296377,2.226296377,482.4952896,660.275024,648.640503,0.003994,0.004172
99,4,0,0,182.5817,75.0,18.7,0.007710969,73.0521476122992,5.58380127,0.0,0.003834839,-0.358885527,2.183885527,496.7800253,685.73761,639.350891,0.003973,0.004125
100,4,0,0,183.6682,74.0,18.3,0.007624887,73.0101422772394,5.58380127,0.0,0.0,-0.284573793,2.109573793,513.164829,732.921021,854.19928,0.00407,0.004321
101,4,0,0,184.7677,76.0,18.3,0.007572765,72.9805428936244,5.276184082,0.0,-0.003259613,-0.218357801,2.043357801,527.512431,615.063416,625.201416,0.003839,0.004058
102,4,0,0,185.5081,75.0,18.3,0.007541978,72.9439844502616,5.23223877,0.0,-0.004793549,-0.154346704,1.979346704,543.9245742,694.20929,629.014587,0.003951,0.004179
103,4,0,0,186.8181,72.0,18.3,0.007527808,72.8928112041172,3.430480957,0.0,-0.004793549,-0.117744684,1.942744684,558.9860299,712.566101,636.766785,0.004137,0.004381
104,4,0,0,187.7652,72.0,18.0,0.007508762,72.4979655574884,4.573059082,0.0,-0.008628387,-0.108466387,1.933466387,575.4363927,714.364929,635.742493,0.004093,0.004371
105,4,0,0,187.9558,72.0,18.0,0.007490178,72.4777561899714,5.495910645,0.0,-0.001725677,-0.111017466,1.936017466,590.5343123,738.44873,854.674194,0.004362,0.00463
106,4,0,0,188.9145,72.0,18.0,0.007486121,72.4634270289464,5.320129395,0.0,0.005368774,-0.128277063,1.953277063,607.0249922,694.020081,667.632324,0.004047,0.004365
107,4,0,0,187.7652,75.0,18.0,0.007515386,72.4530482504458,5.364074707,0.0,-0.000959,-0.143769979,1.968769979,621.4635236,705.652771,642.887878,0.004086,0.004437
108,4,0,0,178.7055,75.0,18.0,0.007585408,72.028755705167,5.23223877,0.0,-0.000959,-0.163411379,1.988411379,637.9631473,700.401672,645.856201,0.004145,0.004408
109,4,0,0,175.8211,72.0,18.0,0.007646914,72.0308643268086,5.58380127,0.0,-0.000959,-0.183035612,2.008035612,652.4020579,740.2724,856.475403,0.003888,0.004085
110,4,0,0,177.6767,70.0,17.7,0.007670011,72.0497941080916,5.75958252,0.0,0.001533936,-0.209635019,2.034635019,669.5950432,701.729309,641.952087,0.004048,0.004292
111,4,0,0,180.9758,69.0,17.7,0.007645742,72.0919902625952,6.026000977,0.0,0.001533936,-0.233939886,2.058939886,684.0408137,698.026917,644.590088,0.004014,0.004155
112,4,0,0,183.6682,68.0,17.7,0.007598205,72.13268841124,5.938110352,0.0,0.0,-0.255092382,2.080092382,700.5546747,690.664673,630.893616,0.004069,0.004304
113,4,0,0,185.6941,68.0,17.7,0.00754927,72.1640229369628,5.894165039,0.0,0.0,-0.270732641,2.095732641,715.0086202,687.830017,646.135986,0.003951,0.004237
114,4,0,0,187.7652,71.0,17.4,0.007477447,72.1966210681734,5.938110352,0.0,0.008436646,-0.282208681,2.107208681,731.5325835,0.0,0.0,0.0,0.0
115,4,0,0,189.4944,74.0,17.4,0.007408167,72.2256572310686,5.850219727,0.0,0.003067871,-0.273411512,2.098411512,746.6795985,666.610229,635.110229,0.00407,0.004353
116,4,0,0,190.4689,74.0,17.5,0.007338155,72.2585025569032,5.850219727,0.0,0.003067871,-0.250823736,2.075823736,763.1089373,718.018921,638.22821,0.004036,0.004351
117,4,0,0,191.8502,77.0,17.5,0.007281675,72.2857468162688,5.850219727,0.0,0.003067871,-0.222757578,2.047757578,777.4050684,754.500793,638.603699,0.004188,0.004475
118,4,0,0,193.4535,78.0,17.5,0.007215415,72.3151939885066,5.850219727,0.0,0.003067871,-0.180869341,2.005869341,794.4130634,737.564392,816.853088,0.004316,0.004541
119,4,0,0,194.4693,78.0,17.5,0.007164602,72.34094827262,5.850219727,0.0,0.003067871,-0.13520503,1.96020503,808.0125725,692.224792,634.526001,0.004268,0.004578
120,4,0,0,195.7024,77.0,17.9,0.007130242,72.3581191901236,0.0,0.0,-0.001725677,-0.074076414,1.899076414,825.003514,725.472778,633.210083,0.004165,0.004403
121,4,0,0,196.742,73.0,17.9,0.007128023,71.8098064787598,0.0,0.0,-0.001725677,-0.02064538,1.84564538,839.2687666,742.033203,655.776306,0.004298,0.004638
122,4,0,0,198.0041,73.0,18.2,0.007158582,71.3667550480126,3.913879395,0.0,-0.010162323,0.025711298,1.799288702,855.5643099,728.833374,634.093689,0.004074,0.004429
123,4,0,0,198.4284,72.0,18.2,0.007203225,71.231723310939,5.58380127,0.0,-0.010162323,0.039953947,1.785046053,870.494985,676.950317,657.405823,0.004171,0.004414
124,4,0,0,198.6413,73.0,18.5,0.007246302,71.2642037028352,6.333618164,0.0,-0.010162323,0.026953936,1.798046064,886.7752372,717.320679,648.963928,0.004216,0.004589
125,4,0,0,199.2826,79.0,18.5,0.007259811,71.3476557549474,6.553344727,0.0,-0.007094452,-0.007414103,1.832414103,901.0135874,734.971375,639.317871,0.00421,0.004506
126,4,0,0,200.3606,82.0,18.7,0.007251555,71.5158265867792,7.476196289,0.0,-0.005560516,-0.067165136,1.892165136,917.2791421,739.294189,837.910278,0.004185,0.004425
127,4,0,0,201.6698,82.0,18.7,0.007238384,71.7070241932924,6.113891602,0.0,-0.005560516,-0.137081861,1.962081861,932.1823265,739.399475,845.074585,0.004312,0.004587
128,4,0,0,202.5522,82.0,18.9,0.007232934,71.6984165256486,5.539855957,0.0,-0.001725677,-0.232380152,2.057380152,948.4333767,723.327271,649.890076,0.004376,0.004719
129,4,0,0,204.3402,80.0,18.9,0.007242222,71.3616298311948,0.0,58.74938965,0.012271484,-0.31595397,2.14095397,962.6474594,707.671997,656.066406,0.004451,0.004884
130,4,0,0,205.2461,76.0,19.1,0.007268227,70.7698180114766,0.0,17.73376465,0.009203613,-0.389877081,2.214877081,979.5620588,707.396729,644.501892,0.004342,0.004708
131,4,0,0,206.3898,77.0,19.1,0.007304233,70.4248452320854,6.729125977,0.0,0.013038452,-0.419911146,2.244911146,993.0882081,678.892273,654.631104,0.004496,0.004923
132,4,0,0,207.0822,76.0,19.3,0.007360944,70.6125434575158,7.168579102,0.0,0.009203613,-0.420880079,2.245880079,1009.98863,795.011902,659.877197,0.004367,0.00476
133,4,0,0,208.481,78.0,19.3,0.007421434,70.7700540050942,7.388305664,0.0,0.0,-0.396731138,2.221731138,1024.179612,762.462524,638.828125,0.00421,0.004451
134,4,0,0,209.1875,79.0,19.8,0.007485011,71.0002755638502,8.662719727,0.0,-0.001725677,-0.359097242,2.184097242,1040.391556,788.592407,639.959473,0.004139,0.004404
135,4,0,0,199.2826,79.0,19.8,0.007513325,71.2610895172814,8.662719727,0.0,-0.001725677,-0.32980895,2.15480895,1055.246655,707.90448,637.494019,0.004364,0.00467
136,4,0,0,187.3852,79.0,19.9,0.007495058,71.6975484476526,9.060974121,0.0,-0.003259613,-0.302591562,2.127591562,1071.410482,501.360107,545.524414,0.004508,0.004618
137,4,0,0,185.8805,80.0,19.9,0.00743242,72.0658427362528,11.21429443,0.0,-0.003259613,-0.2849195,2.1099195,1085.506402,705.144104,640.087891,0.004217,0.004419
138,4,0,0,189.4944,78.0,20.0,0.007328214,72.5860646432242,11.25823975,0.0,-0.003259613,-0.2738626,2.0988626,1101.611708,706.692993,645.950073,0.004226,0.004609
139,4,0,0,193.4535,75.0,20.0,0.007231531,73.0324034406026,11.21429443,0.0,-0.003259613,-0.272589922,2.097589922,1115.701444,699.853699,647.388428,0.004203,0.004512
140,4,0,0,195.2896,74.0,19.8,0.00712238,73.5295226442314,11.21429443,0.0,-0.000959,-0.281402349,2.106402349,1132.469708,715.970886,647.850708,0.004107,0.004377
141,4,0,0,197.1609,73.0,19.8,0.007023667,73.9726969963678,11.21429443,0.0,0.00690271,-0.29456687,2.11956687,1146.491399,697.435791,651.919617,0.004075,0.004339
142,4,0,0,198.6413,73.0,19.6,0.006917173,74.4508712587308,11.17034912,0.0,0.003834839,-0.299900293,2.124900293,1162.497289,711.555725,647.521729,0.004002,0.004225
143,4,0,0,200.7951,74.0,19.6,0.006843326,74.8773624521308,11.21429443,0.0,0.001533936,-0.289736032,2.114736032,1176.504013,705.459595,649.646973,0.003921,0.004285
144,4,0,0,202.9962,74.0,19.8,0.006780022,75.3381374799244,11.21429443,0.0,0.001533936,-0.271724939,2.096724939,1192.517061,710.707703,646.530884,0.004178,0.004594
145,4,0,0,205.2461,72.0,19.8,0.006734436,75.7372753811738,11.21429443,0.0,-0.004793549,-0.253124952,2.078124952,1207.204469,692.789612,648.422424,0.004177,0.004556
146,4,0,0,207.314,70.0,19.6,0.006685067,76.184365370184,11.21429443,0.0,-0.004793549,-0.238200903,2.063200903,1223.234734,749.013123,850.370483,0.004094,0.004395
147,4,0,0,208.481,73.0,19.6,0.006636071,76.5589385792612,5.58380127,0.0,0.003834839,-0.236840487,2.061840487,1237.935386,698.804688,652.008606,0.004064,0.004455
148,4,0,0,208.716,72.0,19.4,0.00656551,76.0101192637588,0.834960938,0.0,-0.000959,-0.230913877,2.055913877,1253.979142,744.099304,857.338196,0.004353,0.004595
149,4,0,0,209.6612,72.0,19.4,0.006497145,75.6893769488086,3.342590332,0.0,-0.001725677,-0.219293833,2.044293833,1268.02315,685.063171,644.291992,0.003939,0.00427
150,4,0,0,210.8548,74.0,19.6,0.00643162,75.3993492579066,2.504882813,0.0,-0.001725677,-0.211651087,2.036651087,1284.079788,678.001221,636.431274,0.004127,0.004438
151,4,0,0,212.3052,73.0,19.6,0.006401887,75.1033237821322,0.615234375,0.0,-0.001725677,-0.209725618,2.034725618,1298.134747,682.746521,641.360718,0.004244,0.004542
152,4,0,0,211.3361,74.0,19.4,0.006410057,74.6965040343542,5.58380127,0.0,-0.003259613,-0.215449572,2.040449572,1314.873167,771.80658,647.324829,0.004147,0.004433
153,4,0,0,212.3052,75.0,19.4,0.006448068,74.6522416321312,5.23223877,0.0,-0.003259613,-0.229752779,2.054752779,1328.938578,666.489319,645.075989,0.004148,0.004369
154,4,0,0,213.7757,77.0,19.3,0.006506364,74.598634709852,5.627746582,0.0,0.001533936,-0.252978563,2.077978563,1345.00919,630.347717,642.485413,0.003957,0.004259
155,4,0,0,215.2667,79.0,19.3,0.006556523,74.5690452397714,5.58380127,0.0,-0.003259613,-0.275385141,2.100385141,1359.649177,782.440002,653.230591,0.0039,0.004137
156,4,0,0,216.5252,77.0,19.5,0.006612266,74.5361764497596,5.58380127,0.0,0.00690271,-0.303210974,2.128210974,1374.856192,609.566711,642.92572,0.004452,0.004775
157,4,0,0,217.7985,76.0,19.5,0.006669736,74.5135807850774,5.671691895,0.0,0.001533936,-0.317108393,2.142108393,1389.36959,688.886597,651.01001,0.004065,0.00436
158,4,0,0,218.828,75.0,19.6,0.006748379,74.4931299843736,5.715637207,0.0,0.0,-0.325463057,2.150463057,1405.203672,739.311279,639.061096,0.004101,0.004383
159,4,0,0,220.1286,73.0,19.6,0.006815362,74.471455409347,5.627746582,0.0,0.0,-0.332190275,2.157190275,1419.074841,738.338379,641.635925,0.004101,0.004345
160,4,0,0,220.9164,75.0,19.8,0.006881163,74.4443784086876,5.627746582,0.0,0.009203613,-0.338661909,2.163661909,1435.618094,703.112915,665.4953,0.004282,0.004611
161,4,0,0,235.2,76.0,19.8,0.006942016,74.417641493757,5.58380127,0.0,0.001533936,-0.332082987,2.157082987,1449.134166,755.73999,651.85907,0.004044,0.004454
162,4,0,0,236.7873,74.0,19.9,0.007034433,74.3883481583298,5.627746582,0.0,0.001533936,-0.312799692,2.137799692,1464.644822,711.622375,661.619629,0.004257,0.004557
163,4,0,0,237.716,74.0,19.9,0.007143005,74.3628902019906,5.58380127,0.0,0.001533936,-0.291887045,2.116887045,1478.496485,686.274902,668.959106,0.003963,0.004182
164,4,0,0,237.8857,77.0,20.0,0.007294889,74.3329935249974,5.58380127,0.0,0.001533936,-0.264550447,2.089550447,1494.210726,756.910889,633.127808,0.003817,0.004052
165,4,0,0,237.5466,77.0,20.0,0.00742686,74.3070091374508,5.58380127,0.0,0.0,-0.235586405,2.060586405,1508.561032,697.366699,645.257019,0.003788,0.004187
166,4,0,0,238.5667,76.0,20.1,0.007519375,74.2776949610706,5.58380127,0.0,0.0,-0.200137377,2.025137377,1524.255468,748.235779,860.084229,0.003806,0.004125
167,4,0,0,239.7679,77.0,20.1,0.007514799,73.9829100450352,3.606262207,0.0,0.0,-0.170625448,1.995625448,1538.680895,743.201294,644.290405,0.004149,0.004391
168,4,0,0,241.1556,75.0,20.2,0.007426601,73.7860028542568,3.738098145,0.0,0.0,-0.136810541,1.961810541,1554.475545,709.17627,657.293701,0.00412,0.00442
169,4,0,0,242.295,74.0,20.2,0.007320449,73.6128028832052,3.82598877,0.0,0.0,-0.104545832,1.929545832,1568.360211,705.148376,647.548889,0.004017,0.004311
170,4,0,0,243.8014,77.0,20.3,0.00722282,73.428432982109,3.913879395,0.0,0.0,-0.070896864,1.895896864,1584.326501,689.046814,636.473877,0.003914,0.004301
171,4,0,0,244.6962,76.0,20.3,0.007196113,73.2613239284356,3.913879395,0.0,0.0,-0.038787127,1.863787127,1598.388606,748.192078,839.756592,0.004016,0.004252
172,4,0,0,245.9601,76.0,20.3,0.007240652,73.0802807745204,3.913879395,0.0,-0.005560516,-0.007163763,1.832163763,1615.245631,709.828186,659.933472,0.004008,0.004306
173,4,0,0,247.0539,78.0,20.3,0.007314845,72.9235631970402,3.82598877,0.0,-0.004793549,0.009979486,1.815020514,1629.500798,513.731323,540.481812,0.003983,0.00418
174,4,0,0,248.3423,76.0,20.4,0.007387824,72.739278993299,3.65020752,0.0,-0.007094452,0.012738466,1.812261534,1645.8967,700.323303,638.360229,0.004074,0.00441
175,4,0,0,249.1777,73.0,20.4,0.007407357,72.5803474467808,3.738098145,0.0,-0.010162323,-0.003742933,1.828742933,1660.332602,713.195984,639.85437,0.004138,0.004421
176,4,0,0,250.3004,74.0,20.2,0.007371746,72.3985216547302,3.913879395,0.0,-0.007094452,-0.046168566,1.871168566,1676.931036,759.230896,844.27948,0.004334,0.004698
177,4,0,0,251.528,74.0,20.2,0.007314129,72.2507749246516,3.957824707,0.0,-0.016298065,-0.108277082,1.933277082,1692.238532,712.291077,642.993103,0.004292,0.004568
178,4,0,0,252.5763,73.0,19.9,0.00724093,72.0845273345868,3.957824707,0.0,0.001533936,-0.227855444,2.052855444,1709.036648,712.609497,651.521484,0.004191,0.00441
179,4,0,0,253.5368,73.0,19.9,0.007163163,71.948016243905,3.957824707,0.0,0.012271484,-0.347495794,2.172495794,1723.818498,708.944885,650.398682,0.004238,0.004527
180,4,0,0,245.5977,73.0,20.0,0.007048336,71.8030093668962,4.133605957,0.0,0.032212646,-0.44077611,2.26577611,1741.509381,709.982483,542.631775,0.004049,0.004334
181,4,0,0,237.8857,72.0,20.0,0.006937845,71.6946004103604,4.397277832,0.0,0.016106323,-0.447681665,2.272681665,1755.616873,702.13208,648.133911,0.004001,0.004255
182,4,0,0,236.3675,75.0,19.8,0.006824234,71.586833837979,4.35333252,0.0,0.008436646,-0.383436441,2.208436441,1773.152967,697.8573,639.827209,0.003988,0.004094
183,4,0,0,231.123,75.0,19.8,0.006748944,71.4952624080724,4.397277832,0.0,0.001533936,-0.306495428,2.131495428,1787.830241,531.075012,597.691895,0.004079,0.004312
184,4,0,0,201.2315,76.0,19.7,0.006703462,71.4793919177558,5.58380127,0.0,-0.007094452,-0.230518103,2.055518103,1803.147042,696.637573,643.240479,0.003983,0.004194
185,4,0,0,174.1675,77.0,19.7,0.006685755,71.4785957611644,5.58380127,0.0,-0.007094452,-0.180925608,2.005925608,1819.764748,722.426819,635.07489,0.004031,0.004306
186,4,0,0,164.425,78.0,19.8,0.006685351,71.4774214257664,5.495910645,0.0,-0.007094452,-0.157006025,1.982006025,1834.282726,0.0,0.0,0.0,0.0
187,4,0,0,169.0789,76.0,19.8,0.006691188,71.4737464656896,5.23223877,0.0,-0.001725677,-0.14682126,1.97182126,1850.862514,700.034119,653.523376,0.003955,0.004332
188,4,0,0,174.9904,75.0,19.6,0.006712589,71.47132289621,5.58380127,0.0,-0.000959,-0.145011663,1.970011663,1865.363173,723.609497,650.50769,0.004037,0.004352
189,4,0,0,180.7991,76.0,19.6,0.006771224,71.463675232063,5.451965332,0.0,0.003834839,-0.144759417,1.969759417,1882.618415,683.756775,637.997925,0.003939,0.004198
190,4,0,0,184.7677,78.0,19.5,0.006855684,71.4607313951482,5.495910645,0.0,0.003834839,-0.137177229,1.962177229,1897.10737,697.023987,632.945313,0.003932,0.00413
191,4,0,0,188.1468,78.0,19.5,0.00698843,71.4329646474582,5.144348145,0.0,0.003834839,-0.118222475,1.943222475,1913.661591,743.126221,641.677124,0.004001,0.004328
192,4,0,0,190.665,77.0,19.3,0.007127415,71.4071899408202,5.188293457,0.0,0.003067871,-0.091222525,1.916222525,1928.142321,660.99469,639.142273,0.00397,0.004251
193,4,0,0,192.0492,80.0,19.3,0.007288553,71.3822985043478,5.276184082,0.0,-0.005560516,-0.053153276,1.878153276,1944.685997,767.571716,634.029907,0.003964,0.004186
194,4,0,0,193.2517,78.0,19.2,0.007413403,71.376722833264,5.58380127,0.0,-0.005560516,-0.027719736,1.852719736,1959.84516,616.08551,631.134888,0.003942,0.004261
195,4,0,0,193.6558,76.0,19.2,0.007528553,71.3788549834564,5.58380127,0.0,-0.003259613,-0.011926413,1.836926413,1976.376059,676.632874,637.004395,0.003956,0.004144
196,4,0,0,195.0839,75.0,19.1,0.007599499,71.3761732919342,5.495910645,0.0,0.003067871,-0.006221056,1.831221056,1990.835194,680.603699,648.190125,0.003955,0.004136
197,4,0,0,196.1169,78.0,19.1,0.007644937,71.3818991788136,5.58380127,0.0,0.0,0.004651785,1.820348215,2008.041698,696.654907,657.993774,0.00388,0.004185
198,4,0,0,196.742,78.0,19.0,0.007658269,71.3919953250234,5.495910645,0.0,-0.017832001,0.015595675,1.809404325,2021.801675,695.123718,623.968628,0.003748,0.004016
199,4,0,0,198.0041,80.0,19.0,0.007652676,71.4013710984624,5.539855957,0.0,0.001533936,-0.008266211,1.833266211,2038.991028,673.484619,630.218811,0.003987,0.004212
200,4,0,0,198.8546,80.0,18.9,0.007645807,71.4113977855578,5.58380127,0.0,-0.005560516,-0.054284811,1.879284811,2053.374815,672.631714,616.997314,0.003985,0.004307
201,4,0,0,199.2826,76.0,18.9,0.007648545,71.4227316429748,5.58380127,0.0,-0.005560516,-0.114941359,1.939941359,2069.769692,748.407471,639.41333,0.003879,0.004106
202,4,0,0,200.1441,74.0,18.8,0.007648995,71.4325813670438,5.58380127,0.0,-0.003259613,-0.184459925,2.009459925,2084.760537,721.32019,541.995911,0.004093,0.004239
203,4,0,0,201.2315,73.0,18.8,0.007631362,71.4438935627444,5.58380127,0.0,0.0,-0.276061296,2.101061296,2101.074232,692.5625,646.900696,0.004135,0.004498
204,4,0,0,201.6698,71.0,18.7,0.007598301,71.4541501440588,5.58380127,0.0,0.005368774,-0.357665777,2.182665777,2115.314702,693.835876,646.610413,0.004045,0.004309
205,4,0,0,202.5522,70.0,18.7,0.007545279,71.4652248333622,5.58380127,0.0,0.012271484,-0.438009501,2.263009501,2131.551239,701.598999,664.377686,0.004,0.004263
206,4,0,0,202.3309,72.0,18.7,0.007501651,71.4750432718616,5.58380127,0.0,0.018407227,-0.478729486,2.303729486,2146.39922,701.768127,665.051208,0.003988,0.004254
207,4,0,0,203.8902,72.0,18.7,0.007479889,71.4852723012752,5.58380127,0.0,0.003834839,-0.477338076,2.302338076,2162.558022,0.0,0.0,0.0,0.0
208,4,0,0,204.5659,71.0,18.6,0.007496904,71.4946312249244,5.58380127,0.0,0.012271484,-0.452775717,2.277775717,2176.663646,634.886292,643.473511,0.003916,0.004171
209,4,0,0,204.7921,71.0,18.6,0.007554331,71.5047909561576,5.58380127,0.0,0.008436646,-0.393738031,2.218738031,2193.416498,0.0,0.0,0.0,0.0
210,4,0,0,206.3898,70.0,18.5,0.007617473,71.5137476413672,5.58380127,0.0,0.00690271,-0.315622568,2.140622568,2206.789068,669.331726,635.241394,0.003954,0.004259
211,4,0,0,207.314,69.0,18.5,0.007670304,71.523769275135,5.58380127,0.0,-0.003259613,-0.212567568,2.037567568,2223.469403,700.704285,645.846924,0.004088,0.004343
212,4,0,0,208.2466,70.0,18.5,0.007679113,71.532598033908,5.58380127,0.0,-0.003259613,-0.117885351,1.942885351,2237.452671,523.477722,515.904175,0.003984,0.004197
213,4,0,0,209.1875,73.0,18.5,0.00763815,71.5428651885862,5.58380127,0.0,-0.000959,-0.01765275,1.84265275,2253.40391,680.340088,645.363098,0.003973,0.004197
214,4,0,0,210.3757,72.0,18.5,0.007564948,71.551396332113,5.58380127,0.0,-0.001725677,0.066995382,1.758004618,2268.002738,717.479492,650.739075,0.004034,0.004388
215,4,0,0,210.8548,71.0,18.5,0.007472818,71.5648390847594,5.850219727,0.0,-0.005560516,0.158531427,1.666468573,2283.906013,704.980225,638.209412,0.004015,0.004312
216,4,0,0,211.8195,72.0,18.7,0.007418642,71.5966313550584,5.894165039,0.0,-0.012463226,0.220162153,1.604837847,2297.805351,672.053406,642.318115,0.004113,0.004411
217,4,0,0,212.3052,71.0,18.7,0.00740517,71.649551829454,6.465454102,0.0,-0.010162323,0.252790213,1.572209787,2313.688956,758.82251,829.573303,0.004241,0.004438
218,4,0,0,213.2833,70.0,18.6,0.007429548,71.7278959168732,6.245727539,0.0,0.0,0.256412268,1.568587732,2327.586966,711.187073,669.558472,0.003996,0.00426
219,4,0,0,213.7757,71.0,18.6,0.007460897,71.7941098454434,6.201782227,0.0,0.008436646,0.254886866,1.570113134,2344.131672,710.421814,447.181305,0.004009,0.004311
220,4,0,0,214.0228,72.0,18.6,0.007454989,71.8524007839794,6.201782227,0.0,-0.007094452,0.264744997,1.560255003,2358.028532,0.0,0.0,0.0,0.0
221,4,0,0,215.0168,73.0,18.6,0.007398842,71.9145057939418,6.157836914,0.0,-0.012463226,0.272289991,1.552710009,2373.909507,716.615295,646.608215,0.003851,0.004154
222,4,0,0,216.02,76.0,18.5,0.007311502,71.9688531896484,6.157836914,0.0,-0.004793549,0.251295328,1.573704672,2387.804268,682.846008,635.91449,0.003882,0.004124
223,4,0,0,216.5252,78.0,18.5,0.007175223,72.0308387865828,6.201782227,0.0,0.003067871,0.205374002,1.619625998,2403.682145,756.970825,636.286987,0.00389,0.004187
224,4,0,0,217.2874,78.0,18.5,0.007047421,72.0835181496596,6.157836914,0.0,0.003067871,0.168400526,1.656599474,2418.230361,717.286499,634.315918,0.003999,0.004219
225,4,0,0,218.828,80.0,18.5,0.006934674,72.1139657359216,5.627746582,0.0,0.00690271,0.137179613,1.687820387,2434.095029,721.64093,640.996887,0.003995,0.004305
226,4,0,0,219.3463,79.0,18.4,0.006893104,72.1281387587798,5.75958252,0.0,0.003067871,0.126176596,1.698823404,2448.634639,737.739685,649.312073,0.003878,0.004087
227,4,0,0,220.3905,77.0,18.4,0.006923149,72.1462987283672,5.75958252,0.0,0.003067871,0.123700857,1.701299143,2464.495612,753.411499,637.059509,0.003949,0.004169
228,4,0,0,234.9514,78.0,18.7,0.007007325,72.1621455452924,5.75958252,0.0,-0.000959,0.127487898,1.697512102,2478.37398,696.123291,634.412476,0.003953,0.004148
229,4,0,0,236.2,77.0,18.7,0.007129776,72.1783224217582,5.75958252,0.0,-0.000959,0.130969763,1.694030237,2494.235394,671.782593,646.858704,0.003963,0.00426
230,4,0,0,237.2085,77.0,18.6,0.007217063,72.1926126528486,5.75958252,0.0,-0.010162323,0.128766298,1.696233702,2508.116024,686.574524,636.563721,0.003982,0.004256
231,4,0,0,236.9556,78.0,18.6,0.007265045,72.2090472007418,5.75958252,0.0,-0.012463226,0.103520632,1.721479368,2524.64286,728.019897,644.872498,0.004088,0.004284
232,4,0,0,238.2257,77.0,18.9,0.007259162,72.2234188322494,5.75958252,0.0,-0.007094452,0.058224916,1.766775084,2538.527417,616.548584,657.003906,0.004006,0.004345
233,4,0,0,234.5381,75.0,18.9,0.007217295,72.2392287631018,5.75958252,0.0,-0.003259613,-0.014163256,1.839163256,2554.397953,687.874817,637.162781,0.004026,0.004297
234,4,0,0,229.7689,78.0,18.8,0.007177223,72.2540779823478,5.75958252,0.0,0.003067871,-0.09341836,1.91841836,2568.286643,734.180725,634.65387,0.003999,0.004235
235,4,0,0,229.4525,79.0,18.8,0.007150657,72.2702171680708,5.715637207,0.0,0.008436646,-0.182411432,2.007411432,2584.161788,694.925476,637.646301,0.003948,0.004161
236,4,0,0,232.4122,80.0,18.7,0.007153255,72.284176792445,5.75958252,0.0,0.021475098,-0.246616602,2.071616602,2598.716268,737.598694,633.351685,0.004208,0.004515
237,4,0,0,235.1171,82.0,18.7,0.007185806,71.983452059964,0.0,0.0,0.001533936,-0.279431581,2.104431581,2614.596363,700.184692,657.194092,0.004203,0.004677
238,4,0,0,237.2085,79.0,18.9,0.007229005,71.4918878313066,0.0,0.0,0.001533936,-0.298531294,2.123531294,2628.493543,692.091309,644.481689,0.004278,0.004638
239,4,0,0,238.9087,77.0,18.9,0.007287233,71.2456086642722,6.860961914,0.0,0.017640259,-0.311325788,2.136325788,2645.040104,675.389587,652.756287,0.004264,0.004469
240,4,0,0,240.2864,76.0,19.1,0.007349991,71.3469540344272,6.729125977,0.0,0.008436646,-0.294182539,2.119182539,2658.941134,689.624878,653.953186,0.004261,0.004541
241,4,0,0,239.9405,74.0,19.1,0.00743115,71.4478960878848,5.627746582,0.0,0.001533936,-0.24167943,2.06667943,2674.830029,681.317017,653.156128,0.004301,0.004574
242,4,0,0,240.8072,75.0,19.3,0.007496562,71.0775746585272,0.0,0.0,-0.000959,-0.192553282,2.017553282,2688.734589,671.710693,649.435974,0.004412,0.004699
243,4,0,0,242.295,76.0,19.3,0.007559411,70.8693016166526,3.913879395,0.0,-0.020132904,-0.142386198,1.967386198,2704.627572,657.033203,654.447205,0.004539,0.004843
244,4,0,0,243.6232,77.0,19.5,0.007613244,70.8408863532228,8.091430664,0.0,0.003834839,-0.135615587,1.960615587,2719.198184,630.904724,663.177002,0.004584,0.004934
245,4,0,0,244.5167,78.0,19.5,0.007682225,71.1300237733302,11.17034912,0.0,0.008436646,-0.13611722,1.96111722,2735.095615,651.215271,669.931519,0.004642,0.004925
246,4,0,0,245.4168,80.0,19.6,0.007742964,71.5861302184376,11.21429443,0.0,0.009203613,-0.120216131,1.945216131,2749.670205,698.222717,657.172791,0.004464,0.004805
247,4,0,0,240.8072,81.0,19.6,0.007793125,71.9356508478282,8.973083496,0.0,-0.010162323,-0.081665754,1.906665754,2764.910609,747.08429,838.955078,0.004389,0.004662
248,4,0,0,234.2908,79.0,19.5,0.007806095,72.184607731315,8.486938477,0.0,-0.013997162,-0.058160067,1.883160067,2779.49534,647.019897,464.826508,0.004423,0.004667
249,4,0,0,234.5381,77.0,19.5,0.007781066,72.4853678853694,9.236755371,0.0,-0.020132904,-0.066489935,1.891489935,2795.41937,710.940613,665.807983,0.004561,0.00474
250,4,0,0,237.716,75.0,19.6,0.007734298,72.7595313141006,9.324645996,0.0,-0.001725677,-0.118092775,1.943092775,2809.368497,697.6026,638.275208,0.004138,0.004346
251,4,0,0,241.5926,72.0,19.6,0.007681874,73.1177270263876,10.15960693,0.0,-0.003259613,-0.210966825,2.035966825,2825.98993,719.093689,658.316895,0.004174,0.004377
252,4,0,0,236.7032,73.0,19.5,0.007661474,73.436679884005,9.895935059,0.0,0.003067871,-0.294098139,2.119098139,2839.964379,692.43811,644.241699,0.004483,0.004725
253,4,0,0,225.8764,73.0,19.5,0.007679661,73.7872387469098,9.808044434,0.0,0.00690271,-0.391628981,2.216628981,2855.94877,691.364807,649.765076,0.004099,0.004379
254,4,0,0,223.6036,74.0,19.6,0.007731323,74.0961566132374,9.720153809,0.0,0.016106323,-0.458502531,2.283502531,2869.94682,741.81897,829.713501,0.0041,0.00438
255,4,0,0,228.5088,76.0,19.6,0.007819555,74.418897985962,9.764099121,0.0,0.016106323,-0.491793871,2.316793871,2885.95769,701.264709,650.432312,0.004298,0.004611
256,4,0,0,231.8464,77.0,19.7,0.00791281,74.6423639538264,6.421508789,0.0,0.00690271,-0.485585928,2.310585928,2900.645194,705.629578,650.033875,0.004218,0.004457
257,4,0,0,231.0429,76.0,19.7,0.008037594,74.760860848938,7.300415039,0.0,0.00690271,-0.444157839,2.269157839,2916.671527,749.017883,854.500916,0.004295,0.00455
258,4,0,0,232.5744,77.0,19.6,0.008162244,74.8256228953338,5.58380127,0.0,0.003834839,-0.394009352,2.219009352,2930.697986,692.4729,642.757324,0.003973,0.004236
259,4,0,0,235.2,77.0,19.6,0.008307198,74.7912558419688,5.58380127,0.0,-0.010929291,-0.32464242,2.14964242,2947.400388,696.167603,650.452698,0.004002,0.004305
260,4,0,0,237.8008,74.0,19.4,0.008410156,74.7604588036192,5.627746582,0.0,0.0,-0.280896902,2.105896902,2960.765484,717.924988,648.430298,0.004257,0.004621
261,4,0,0,240.1998,74.0,19.4,0.008478138,74.7276170183326,5.58380127,0.0,0.0,-0.245822191,2.070822191,2977.475848,717.560425,650.830017,0.004189,0.00445
262,4,0,0,241.6802,74.0,19.6,0.008491397,74.6981089969494,5.58380127,0.0,0.0,-0.214016676,2.039016676,2991.515865,697.054871,655.586487,0.004242,0.00464
263,4,0,0,242.4713,73.0,19.6,0.008464218,74.665391903326,5.58380127,0.0,0.001533936,-0.178975344,2.003975344,3007.565175,722.087891,644.536926,0.004234,0.00464
264,4,0,0,243.8905,75.0,19.4,0.008429741,74.6370602129224,5.58380127,0.0,-0.000959,-0.145144224,1.970144224,3022.280362,723.292114,651.233093,0.004145,0.004386
265,4,0,0,245.3265,75.0,19.4,0.008409368,74.6051242285614,5.58380127,0.0,-0.010162323,-0.107949018,1.932949018,3038.337019,691.862183,635.670593,0.003913,0.004166
266,4,0,0,246.3236,75.0,19.3,0.00841713,74.5776646555972,5.58380127,0.0,-0.010162323,-0.091231108,1.916231108,3052.389858,628.215271,636.927795,0.003813,0.004171
267,4,0,0,247.2371,76.0,19.3,0.008444064,74.5463249156128,5.58380127,0.0,-0.010162323,-0.098526239,1.923526239,3068.437477,732.501282,647.175903,0.00388,0.004129
268,4,0,0,248.0651,76.0,19.5,0.008454713,74.5204867366052,5.58380127,0.0,-0.007094452,-0.127726316,1.952726316,3083.047704,712.408508,637.931274,0.00373,0.004003
269,4,0,0,249.1777,75.0,19.5,0.008433389,74.4303776656764,5.539855957,0.0,-0.004793549,-0.187732935,2.012732935,3098.885952,731.157104,636.341675,0.003755,0.004104
270,4,0,0,250.3944,76.0,19.3,0.008394292,74.404562628978,5.58380127,0.0,0.0,-0.250015974,2.075015974,3112.753567,709.710388,638.867188,0.004019,0.004444
271,4,0,0,250.7711,77.0,19.3,0.008329008,74.3752910357342,5.58380127,0.0,0.001533936,-0.323397875,2.148397875,3129.283508,715.11969,649.214111,0.004065,0.004298
272,4,0,0,250.2064,76.0,19.5,0.008252558,74.3491867523576,5.58380127,0.0,0.001533936,-0.38659215,2.21159215,3142.444772,723.260681,647.352905,0.003879,0.00414
273,4,0,0,251.0544,78.0,19.5,0.008155355,74.3209792064416,5.58380127,0.0,0.005368774,-0.450197935,2.275197935,3158.845886,713.008484,631.14978,0.003838,0.004006
274,4,0,0,251.4332,78.0,19.6,0.008072797,74.29641707312,5.58380127,0.0,0.005368774,-0.494480848,2.319480848,3172.633446,773.619507,647.83252,0.003976,0.004218
275,4,0,0,251.718,77.0,19.6,0.007990186,74.2721720763388,5.58380127,0.0,0.005368774,-0.529061556,2.354061556,3186.484228,707.412903,647.127808,0.003843,0.004072
276,4,0,0,252.9596,78.0,19.8,0.007880338,74.244876752615,5.58380127,0.0,0.005368774,-0.552912474,2.377912474,3203.084756,699.180115,646.091309,0.003807,0.004075
277,4,0,0,254.2136,78.0,19.8,0.007765608,74.2216510635096,5.58380127,0.0,0.005368774,-0.561555147,2.386555147,3216.423121,713.739685,643.600403,0.003976,0.004253
278,4,0,0,255.1867,77.0,19.9,0.00762868,74.1961471927002,5.58380127,0.0,0.0,-0.558627844,2.383627844,3233.161918,672.007202,649.175903,0.00397,0.004219
279,4,0,0,255.8723,79.0,19.9,0.007518492,74.1734176792102,5.58380127,0.0,-0.000959,-0.552195787,2.377195787,3247.284357,743.013123,846.449524,0.004141,0.004358
280,4,0,0,257.3539,80.0,20.0,0.007404487,74.1436620286812,4.748840332,0.0,0.005368774,-0.546205282,2.371205282,3263.498396,667.511108,640.097107,0.003974,0.004226
281,4,0,0,258.1511,80.0,20.0,0.007311534,74.0112821459662,4.52911377,0.0,0.005368774,-0.534216166,2.359216166,3278.438262,706.738586,643.071106,0.004042,0.004264
282,4,0,0,259.1546,82.0,20.1,0.007220772,73.914359676653,5.100402832,0.0,0.005368774,-0.506780386,2.331780386,3294.818081,783.617981,638.649109,0.003927,0.004226
283,4,0,0,260.0645,82.0,20.1,0.007169181,73.8724328451984,5.23223877,0.0,0.005368774,-0.471174479,2.296174479,3309.21835,744.30072,637.730286,0.003894,0.004114
284,4,0,0,261.2876,80.0,20.2,0.007150627,73.8259196522382,5.58380127,0.0,0.005368774,-0.416196108,2.241196108,3325.751562,689.15741,638.62323,0.003718,0.004099
285,4,0,0,262.2125,81.0,20.2,0.007156475,73.7846112901456,5.451965332,0.0,0.001533936,-0.357034922,2.182034922,3340.957209,706.202698,635.979126,0.003711,0.003932
286,4,0,0,263.0402,80.0,20.3,0.007154292,73.738363863593,5.40802002,0.0,-0.004793549,-0.281605959,2.106605959,3357.572165,693.139282,634.637817,0.003686,0.003969
287,4,0,0,263.144,79.0,20.3,0.007129341,73.6996879794054,5.276184082,0.0,0.001533936,-0.219471216,2.044471216,3372.119253,719.339478,646.023804,0.004051,0.004389
288,4,0,0,264.2916,80.0,20.3,0.007090557,73.6627844452664,5.58380127,0.0,0.005368774,-0.155821562,1.980821562,3389.429301,0.0,0.0,0.0,0.0
289,4,0,0,265.1324,79.0,20.3,0.007061709,73.6275300822924,5.320129395,0.0,0.001533936,-0.092381716,1.917381716,3403.271083,590.059021,657.818481,0.004317,0.004686
290,4,0,0,265.7666,78.0,20.4,0.007027321,73.588766778756,5.276184082,0.0,-0.010929291,-0.010550261,1.835550261,3420.565584,690.47699,659.559387,0.004413,0.004702
291,4,0,0,266.7236,80.0,20.4,0.006988553,73.5537763314486,5.40802002,0.0,-0.010929291,0.050342798,1.774657202,3435.086358,719.339905,643.582886,0.004133,0.004393
292,4,0,0,268.5501,81.0,20.4,0.006937916,73.5136276919468,5.276184082,0.0,-0.001725677,0.096698046,1.728301954,3451.674164,690.963501,652.834473,0.00423,0.004457
293,4,0,0,268.875,82.0,20.4,0.006892263,73.482437604489,5.58380127,0.0,0.0,0.12516427,1.69983573,3466.87285,707.495178,650.360291,0.004206,0.004595
294,4,0,0,269.5272,83.0,20.5,0.006840791,73.4470081292296,5.539855957,0.0,-0.003259613,0.153128386,1.671871614,3483.445988,695.960388,651.400513,0.004081,0.004511
295,4,0,0,270.5115,83.0,20.5,0.006798473,73.416938673494,5.188293457,0.0,0.0,0.173340559,1.651659441,3497.941282,684.59967,651.290527,0.004217,0.004502
296,4,0,0,271.2821,83.0,20.3,0.00675907,73.3815258549036,5.23223877,0.0,-0.001725677,0.191983938,1.633016062,3514.499078,695.348877,669.510315,0.004486,0.00481
297,4,0,0,271.7244,82.0,20.3,0.006741734,73.349833701646,5.58380127,0.0,-0.001725677,0.206853628,1.618146372,3528.971066,705.359619,658.97168,0.00453,0.004841
298,4,0,0,272.6133,80.0,20.3,0.006750339,73.3180012622206,5.23223877,0.0,-0.001725677,0.219940424,1.605059576,3546.192095,719.857727,648.678589,0.004184,0.004408
299,4,0,0,273.8451,80.0,20.3,0.006785201,73.2820169026226,5.188293457,0.0,0.0,0.227476358,1.597523642,3560.651892,700.74408,648.991394,0.004089,0.00446
300,4,0,0,274.2957,81.0,20.4,0.006855881,73.2447243105386,5.23223877,0.0,0.001533936,0.236269236,1.588730764,3577.170907,703.441223,642.350403,0.003975,0.004242
301,4,0,0,274.8612,81.0,20.4,0.006936973,73.2153281382854,5.23223877,0.0,0.0,0.247821569,1.577178431,3591.619525,711.976501,631.360901,0.003797,0.004079
302,4,0,0,275.6568,83.0,20.2,0.007029046,73.1771828695892,5.23223877,0.0,0.0,0.262612581,1.562387419,3608.125966,667.431519,633.87262,0.00384,0.004033
303,4,0,0,276.2278,84.0,20.2,0.00708878,73.141571828591,5.495910645,0.0,0.0,0.276007891,1.548992109,3623.251057,670.103516,634.225708,0.003936,0.004197
304,4,0,0,277.1465,82.0,20.2,0.007122455,73.104005890108,5.23223877,0.0,0.0,0.290068388,1.534931612,3639.744979,670.577271,639.263611,0.003868,0.004101
305,4,0,0,277.9554,79.0,20.2,0.007127099,73.0670544459172,5.23223877,0.0,-0.001725677,0.303451777,1.521548223,3654.858817,679.864929,638.105774,0.003818,0.004076
306,4,0,0,279.1191,79.0,20.3,0.007125383,73.0206456508428,4.441223145,0.0,-0.001725677,0.316100359,1.508899641,3671.340623,754.574097,831.57489,0.003946,0.004129
307,4,0,0,280.2926,78.0,20.3,0.007133442,72.9420636868782,4.70489502,0.0,-0.000959,0.32403636,1.50096364,3685.752776,561.52771,631.808105,0.004029,0.004307
308,4,0,0,281.0015,79.0,20.1,0.007157214,72.8606585382186,4.748840332,0.0,-0.000959,0.32979846,1.49520154,3702.193755,779.440674,640.917908,0.004022,0.004252
309,4,0,0,281.7139,81.0,20.1,0.007185853,72.7942574434064,4.836730957,0.0,-0.004793549,0.332509279,1.492490721,3716.562841,678.960327,650.558411,0.004142,0.004287
310,4,0,0,282.0715,82.0,20.2,0.007212889,72.7190783644982,4.748840332,0.0,-0.005560516,0.329656363,1.495343637,3733.657379,749.212891,631.726196,0.003847,0.003939
311,4,0,0,282.9094,82.0,20.2,0.007218982,72.6552621755006,5.188293457,0.0,-0.005560516,0.315691233,1.509308767,3748.007429,697.908813,630.91333,0.003759,0.00388
312,4,0,0,283.8732,82.0,20.0,0.007214331,72.6410462959182,5.58380127,0.0,-0.005560516,0.287179232,1.537820768,3764.39666,0.0,0.0,0.0,0.0
313,4,0,0,284.4788,81.0,20.0,0.007229585,72.6366598788142,5.58380127,0.0,-0.005560516,0.247298956,1.577701044,3778.7283,665.394287,629.607605,0.003708,0.003856
314,4,0,0,285.943,79.0,19.8,0.007303469,72.6316340870216,5.58380127,0.0,-0.005560516,0.189097166,1.635902834,3795.098737,681.921204,633.949707,0.003776,0.004001
315,4,0,0,286.8041,78.0,19.8,0.007423546,72.6274071072314,5.58380127,0.0,-0.005560516,0.126749277,1.698250723,3810.096602,673.248901,635.426575,0.003939,0.004174
316,4,0,0,287.6704,78.0,19.9,0.00759988,72.622583657757,5.58380127,0.0,-0.001725677,0.04111886,1.78388114,3826.449006,746.342285,850.176514,0.00404,0.004159
317,4,0,0,288.9171,78.0,19.9,0.007756701,72.6184191847324,5.58380127,0.0,0.010737549,-0.043338537,1.868338537,3840.74949,695.106995,639.86853,0.00399,0.004266
318,4,0,0,289.7963,79.0,19.7,0.007922873,72.6137714590926,5.58380127,0.0,0.008436646,-0.117367029,1.942367029,3857.764708,729.318726,654.057922,0.003887,0.004221
319,4,0,0,290.8076,79.0,19.7,0.008058024,72.609461662666,5.58380127,0.0,0.003067871,-0.170376062,1.995376062,3871.370234,791.80481,638.229187,0.00402,0.004233
320,4,0,0,291.5707,78.0,19.5,0.008168911,72.604906103928,5.58380127,0.0,0.016106323,-0.218793631,2.043793631,3888.368427,710.534119,637.941711,0.003934,0.00421
321,4,0,0,292.8515,76.0,19.5,0.008179549,72.6007086716202,5.58380127,0.0,-0.003259613,-0.240136385,2.065136385,3902.639928,663.482971,638.786804,0.00423,0.004552
322,4,0,0,293.109,75.0,19.7,0.008086013,72.5961796830856,5.58380127,0.0,0.003834839,-0.244113684,2.069113684,3918.941948,686.262573,655.376709,0.004286,0.004526
323,4,0,0,293.4961,74.0,19.7,0.007957878,72.5924249641184,5.58380127,0.0,0.003834839,-0.242296934,2.067296934,3933.878385,0.0,0.0,0.0,0.0
324,4,0,0,294.5335,72.0,19.5,0.007815577,72.5879997619204,5.58380127,0.0,0.003067871,-0.230669737,2.055669737,3950.163753,725.323303,811.520874,0.004256,0.004515
325,4,0,0,295.7093,74.0,19.5,0.007733212,72.5841994664444,5.58380127,0.0,0.003067871,-0.212422609,2.037422609,3964.406104,747.535706,839.613098,0.0043,0.004588
326,4,0,0,296.2349,74.0,19.4,0.007720983,72.5800279284172,5.58380127,0.0,0.003067871,-0.185929537,2.010929537,3980.674874,701.876892,653.314209,0.004117,0.004435
327,4,0,0,297.2917,74.0,19.4,0.007778928,72.5763534189556,5.58380127,0.0,-0.010929291,-0.155181646,1.980181646,3995.579615,697.344177,662.555908,0.004205,0.004514
328,4,0,0,294.6636,76.0,19.5,0.007886621,72.5719831435318,5.58380127,0.0,-0.027035614,-0.130066633,1.955066633,4011.830182,0.0,0.0,0.0,0.0
329,4,0,0,288.542,75.0,19.5,0.007968967,72.56761576492,5.539855957,0.0,-0.001725677,-0.14919591,1.97419591,4026.041727,662.561401,641.008728,0.004154,0.004478
330,4,0,0,287.0511,75.0,19.4,0.007986293,72.5631725863942,5.58380127,0.0,0.0,-0.199409246,2.024409246,4042.949929,0.0,0.0,0.0,0.0
331,4,0,0,283.9941,76.0,19.4,0.007918159,72.5595612435276,5.58380127,0.0,0.0,-0.254058599,2.079058599,4056.462269,678.02832,643.193909,0.004189,0.004569
332,4,0,0,283.511,76.0,19.5,0.007777214,72.5554963242754,5.58380127,0.0,0.001533936,-0.32119298,2.14619298,4073.33322,676.158691,647.60907,0.004086,0.004441
333,4,0,0,283.1498,75.0,19.5,0.007632546,72.552028100015,5.58380127,0.0,0.003067871,-0.371683836,2.196683836,4087.488323,688.23761,636.5495,0.003983,0.004304
334,4,0,0,285.3311,75.0,19.4,0.007475552,72.5482680058522,5.58380127,0.0,0.017640259,-0.424719572,2.249719572,4103.647994,728.942017,795.527771,0.003977,0.004177
335,4,0,0,280.8831,75.0,19.4,0.007359551,72.5447409441214,5.58380127,0.0,0.003834839,-0.447356939,2.272356939,4118.447049,696.362488,674.563721,0.004096,0.004364
336,4,0,0,265.7666,76.0,19.3,0.00724556,72.5409641128226,5.58380127,0.0,0.003834839,-0.45114398,2.27614398,4134.58853,718.765198,625.349609,0.003903,0.004144
337,4,0,0,260.5727,76.0,19.3,0.007154296,72.5378286357006,5.58380127,0.0,0.003834839,-0.446589231,2.271589231,4148.711287,706.571289,629.173218,0.003995,0.004235
338,4,0,0,262.5223,76.0,19.4,0.007065445,72.5341391432836,5.58380127,0.0,0.003834839,-0.431678057,2.256678057,4164.850397,708.358826,640.974182,0.004055,0.00437
339,4,0,0,269.4183,74.0,19.4,0.007020147,72.5308757075382,5.58380127,0.0,0.003834839,-0.410494089,2.235494089,4178.971085,701.194885,638.061401,0.003916,0.004225
340,4,0,0,272.057,77.0,19.3,0.007028576,72.5273949465192,5.58380127,0.0,0.003834839,-0.378122568,2.203122568,4195.780248,0.0,0.0,0.0,0.0
341,4,0,0,272.9481,80.0,19.3,0.007084497,72.5242100787526,5.58380127,0.0,0.003834839,-0.338550329,2.163550329,4209.89908,699.000793,631.189819,0.003859,0.004094
342,4,0,0,259.5582,82.0,19.2,0.007156468,72.5207247793948,5.58380127,0.0,0.003834839,-0.287820101,2.112820101,4226.033889,693.18573,633.742798,0.003949,0.004211
343,4,0,0,234.4556,85.0,19.2,0.007183867,72.5175980731758,5.58380127,0.0,0.003834839,-0.230764627,2.055764627,4240.823199,995.589783,625.45343,0.003851,0.004106
344,4,0,0,197.7926,86.0,19.3,0.007174207,72.5142894632566,5.58380127,0.0,0.003834839,-0.158154726,1.983154726,4256.283778,743.086609,845.743591,0.003871,0.004013
345,4,0,0,180.2711,84.0,19.3,0.007154327,72.51125748279,5.58380127,0.0,0.003834839,-0.087143183,1.912143183,4271.071213,631.481201,622.57251,0.003746,0.00408
346,4,0,0,163.9882,80.0,19.2,0.00713275,72.5080251394934,5.58380127,0.0,-0.001725677,-0.001194239,1.826194239,4287.201924,690.326782,451.539886,0.004028,0.004324
347,4,0,0,157.8382,79.0,19.2,0.007122694,72.5051604016396,5.58380127,0.0,-0.003259613,0.079608679,1.745391321,4301.987466,697.474182,653.157104,0.004199,0.004605
348,4,0,0,162.4062,77.0,19.1,0.007136576,72.501843085191,5.58380127,0.0,-0.003259613,0.157171965,1.667828035,4318.11613,685.491577,651.443604,0.004174,0.004399
349,4,0,0,168.1577,77.0,19.1,0.007176356,72.499105115049,5.58380127,0.0,-0.020132904,0.219494581,1.605505419,4332.227848,688.099792,645.71167,0.004025,0.004339
350,4,0,0,171.7446,78.0,19.0,0.007246045,72.4957066395842,5.58380127,0.0,-0.015531097,0.259733915,1.565266085,4349.026495,689.33728,623.709412,0.004218,0.004679
351,4,0,0,176.9974,82.0,19.0,0.007317679,72.4928070112392,5.58380127,0.0,-0.010162323,0.257616282,1.567383718,4362.464487,664.940125,661.197876,0.004213,0.004528
352,4,0,0,179.2243,84.0,18.9,0.007399144,72.4896726284684,5.58380127,0.0,-0.010162323,0.227250338,1.597749662,4379.260838,677.584106,635.548218,0.00413,0.004404
353,4,0,0,178.7055,86.0,18.9,0.007464777,72.4868682408646,5.58380127,0.0,-0.008628387,0.175769567,1.649230433,4393.368898,705.845825,644.649414,0.004056,0.004391
354,4,0,0,178.5332,87.0,18.8,0.00753133,72.4838956128572,5.58380127,0.0,-0.003259613,0.0971663,1.7278337,4409.491473,711.039917,637.708618,0.004076,0.004336
355,4,0,0,179.051,85.0,18.8,0.007567032,72.4812486508922,5.58380127,0.0,-0.003259613,0.024734735,1.800265265,4424.269683,0.0,0.0,0.0,0.0
356,4,0,0,180.0958,81.0,18.7,0.007554025,72.478298601925,5.58380127,0.0,-0.003259613,-0.071697474,1.896697474,4440.390554,703.543091,634.099487,0.004188,0.004415
357,4,0,0,180.2711,77.0,18.7,0.007491481,72.4757723082732,5.58380127,0.0,-0.003259613,-0.166966677,1.991966677,4454.495543,693.1604,642.802002,0.004268,0.004643
358,4,0,0,181.8645,74.0,18.4,0.007380272,72.4729403687686,5.58380127,0.0,0.013038452,-0.270297289,2.095297289,4470.614675,707.507324,636.649109,0.003966,0.00436
359,4,0,0,182.9424,70.0,18.4,0.007267998,72.4703225841378,5.58380127,0.0,0.013038452,-0.348479986,2.173479986,4484.718173,693.575806,630.450073,0.004044,0.004275
360,4,0,0,184.2163,71.0,18.0,0.007139783,72.467544670177,5.58380127,0.0,0.012271484,-0.398749113,2.223749113,4501.50713,704.094482,631.649109,0.003749,0.00406
361,4,0,0,184.3998,73.0,18.0,0.007031525,72.465169767139,5.58380127,0.0,0.012271484,-0.416692495,2.241692495,4515.609097,699.342712,632.413208,0.003745,0.004004
362,4,0,0,185.5081,74.0,17.7,0.006912241,72.4623755827508,5.58380127,0.0,0.010737549,-0.407245398,2.232245398,4531.724775,703.258789,615.2547,0.003799,0.00402
363,4,0,0,185.3225,74.0,17.7,0.006818254,72.4599987806916,5.58380127,0.0,0.010737549,-0.375349283,2.200349283,4545.825247,698.670105,617.033508,0.003678,0.003805
364,4,0,0,186.0673,74.0,17.2,0.006741925,72.4572713839134,5.58380127,0.0,0.00690271,-0.307851076,2.132851076,4561.939241,699.539429,633.611511,0.003974,0.004274
365,4,0,0,187.3852,73.0,17.2,0.006715845,72.4549528560556,5.58380127,0.0,0.003834839,-0.237226248,2.062226248,4576.70962,691.912415,637.881897,0.004144,0.004372
366,4,0,0,188.1468,74.0,17.0,0.006725834,72.4526092385872,5.58380127,0.0,-0.004793549,-0.154959917,1.979959917,4590.807925,696.058899,641.963196,0.003994,0.004367
367,4,0,0,188.722,73.0,17.0,0.006764026,72.4500912813166,5.539855957,0.0,-0.012463226,-0.066940069,1.891940069,4607.590839,706.966614,637.931396,0.004084,0.004399
368,4,0,0,189.4944,73.0,16.5,0.006805369,72.4478179759128,5.58380127,0.0,-0.010929291,-0.003549814,1.828549814,4621.016574,711.73822,631.039795,0.003896,0.00408
369,4,0,0,190.2732,74.0,16.5,0.006849911,72.4453545591748,5.58380127,0.0,-0.010929291,0.041906118,1.783093882,4637.798065,711.47699,642.938477,0.004108,0.004319
370,4,0,0,189.883,74.0,16.3,0.006879192,72.443175641562,5.58380127,0.0,-0.010929291,0.057207346,1.767792654,4649.880309,711.098328,644.007324,0.004155,0.004433
371,4,0,0,189.883,73.0,16.3,0.006922785,72.4404809465726,5.58380127,0.0,-0.008628387,0.048333883,1.776666117,4665.989259,698.428406,648.853699,0.004397,0.004686
372,4,0,0,190.665,72.0,15.9,0.006976049,72.4383486515396,5.58380127,0.0,-0.004793549,0.017137766,1.807862234,4680.08391,702.892517,639.244812,0.004043,0.004323
373,4,0,0,191.6517,73.0,15.9,0.007048627,72.436049162174,5.58380127,0.0,-0.000959,-0.029738188,1.854738188,4696.191269,706.526123,636.221924,0.003971,0.004189
374,4,0,0,191.8502,71.0,15.8,0.007110622,72.4339262174064,5.58380127,0.0,0.003067871,-0.07746768,1.90246768,4710.955618,697.09491,435.891815,0.004211,0.004406
375,4,0,0,192.2485,71.0,15.8,0.007177066,72.43171585329,5.58380127,0.0,-0.001725677,-0.128318548,1.953318548,4727.061408,707.23053,628.930115,0.004067,0.004265
376,4,0,0,193.0502,71.0,15.7,0.007236948,72.4296570729082,5.58380127,0.0,-0.001725677,-0.169643641,1.994643641,4741.824372,704.939575,640.727722,0.004132,0.00431
377,4,0,0,193.8586,70.0,15.7,0.007312922,72.4274354273184,5.58380127,0.0,0.005368774,-0.221515417,2.046515417,4757.928724,694.048523,633.084778,0.004082,0.004338
378,4,0,0,194.2653,72.0,15.7,0.007385734,72.4262851998336,5.938110352,0.0,0.005368774,-0.258774519,2.083774519,4772.019615,713.505493,638.655579,0.004029,0.004112
379,4,0,0,194.6737,76.0,15.7,0.007469115,72.4408960275454,5.715637207,0.0,0.005368774,-0.287333727,2.112333727,4788.123004,693.664307,633.228088,0.003968,0.004264
380,4,0,0,194.6737,78.0,15.9,0.007530442,72.4473751821052,5.671691895,0.0,0.005368774,-0.301869154,2.126869154,4802.212962,714.285278,630.355408,0.003957,0.004272
381,4,0,0,193.6558,80.0,15.9,0.007584336,72.4534057492334,5.671691895,0.0,0.005368774,-0.305145979,2.130145979,4818.986025,694.589722,631.7901,0.003914,0.004107
382,4,0,0,194.0617,78.0,16.1,0.007626509,72.4566532525128,5.58380127,0.0,0.005368774,-0.296343565,2.121343565,4833.074765,711.965271,626.032715,0.004061,0.004338
383,4,0,0,194.4693,76.0,16.1,0.007678375,72.4541795359988,5.58380127,0.0,0.005368774,-0.272680044,2.097680044,4849.175425,709.722595,622.747009,0.004132,0.004359
384,4,0,0,195.0839,76.0,16.3,0.00772798,72.4606522210118,6.245727539,0.0,0.005368774,-0.240608454,2.065608454,4863.262875,688.702881,643.954285,0.004084,0.004396
385,4,0,0,194.8786,76.0,16.3,0.007782507,72.5438852580434,6.509399414,0.0,0.005368774,-0.189974546,2.014974546,4879.362264,698.995911,635.087891,0.004057,0.004352
386,4,0,0,195.9094,74.0,16.5,0.007824216,72.5714085930584,5.671691895,0.0,0.005368774,-0.1345613,1.9595613,4894.119587,723.226624,757.130188,0.004004,0.004145
387,4,0,0,194.8786,75.0,16.5,0.0078648,72.5721805451762,5.627746582,0.0,0.003834839,-0.056899786,1.881899786,4910.21803,697.717712,636.273804,0.003988,0.004264
388,4,0,0,194.2653,76.0,16.9,0.007890839,72.5720326629236,5.627746582,0.0,0.0,0.024353266,1.800646734,4924.303722,699.803528,635.42157,0.004102,0.004393
389,4,0,0,194.8786,78.0,16.9,0.007904294,72.5724150099208,5.627746582,0.0,-0.001725677,0.115889788,1.709110212,4941.071747,693.854614,635.32428,0.004051,0.004395
390,4,0,0,195.7024,80.0,17.0,0.007898043,72.5728077049742,5.627746582,0.0,-0.012463226,0.18932128,1.63567872,4954.485649,699.611511,633.54187,0.003966,0.004128
391,4,0,0,196.742,81.0,17.0,0.007868964,72.5813451732072,5.806274414,0.0,-0.010162323,0.250235796,1.574764204,4971.252433,696.637695,639.46051,0.004016,0.004271
392,4,0,0,197.5816,79.0,17.4,0.007831643,72.5922787233926,5.75958252,0.0,-0.008628387,0.280776739,1.544223261,4985.336055,695.667175,647.727905,0.004052,0.004315
393,4,0,0,198.4284,79.0,17.4,0.007794105,72.603914830955,5.75958252,0.0,-0.007094452,0.291470766,1.533529234,5001.431107,697.609802,638.098877,0.003987,0.004229
394,4,0,0,198.4284,79.0,17.8,0.007777956,72.6145985793856,5.75958252,0.0,-0.008628387,0.286603689,1.538396311,5016.184412,688.514771,637.747925,0.003977,0.004115
395,4,0,0,199.4973,77.0,17.8,0.007787241,72.628410595095,5.806274414,0.0,-0.007094452,0.25994277,1.56505723,5032.278669,698.452881,643.666077,0.003926,0.004239
396,4,0,0,200.3606,76.0,17.8,0.007823361,72.652678959493,6.333618164,0.0,-0.007094452,0.219270945,1.605729055,5047.034156,682.400085,637.264587,0.003956,0.004183
397,4,0,0,200.7951,76.0,17.8,0.007889315,72.7122310734134,6.245727539,0.0,-0.013997162,0.153039217,1.671960783,5062.509901,693.105713,633.884277,0.003902,0.004065
398,4,0,0,201.2315,76.0,18.1,0.007954558,72.7606657217732,6.289672852,0.0,-0.015531097,0.064985514,1.760014486,5077.268285,700.233276,629.956177,0.003944,0.004084
399,4,0,0,202.11,78.0,18.1,0.008025297,72.8146337799484,6.245727539,0.0,-0.032404388,-0.079464197,1.904464197,5093.368977,703.041504,643.292786,0.004025,0.004288
400,4,0,0,202.5522,79.0,18.4,0.008081711,72.8584799263804,6.245727539,0.0,-0.045442841,-0.265609503,2.090609503,5107.456649,714.287109,640.746887,0.003939,0.00425
401,4,0,0,203.219,78.0,18.4,0.008134354,72.9098337565662,6.289672852,0.0,-0.02856955,-0.607225657,2.432225657,5124.235483,705.511414,638.246094,0.004008,0.004206
402,4,0,0,204.3402,80.0,18.4,0.008158426,72.9544721649868,6.245727539,0.0,-0.025501678,-1.008805513,2.833805513,5138.344179,713.932312,639.482178,0.003966,0.004121
403,4,0,0,205.0189,81.0,18.4,0.008153213,73.0058033678522,6.289672852,0.0,0.02761084,-1.51200819,3.33700819,5154.470428,717.086914,634.570007,0.003885,0.004144
404,4,0,0,205.4738,80.0,18.6,0.008120981,73.0502811802342,6.245727539,0.0,0.030678711,1.666687012,3.808312988,5168.58083,697.579529,639.776123,0.004022,0.004151
405,4,0,0,205.0189,81.0,18.6,0.008066319,73.0997393044604,6.245727539,0.0,0.032979614,1.248188972,4.226811028,5184.707062,710.970825,642.727112,0.003919,0.004172
406,4,0,0,205.7021,80.0,18.9,0.008023704,73.1422594351994,6.245727539,0.0,0.025309937,0.946353674,4.528646326,5199.489614,712.722412,637.712524,0.003787,0.004036
407,4,0,0,205.9308,80.0,18.9,0.007982119,73.1909653217228,6.289672852,0.0,0.02761084,0.689898968,4.785101032,5215.617777,718.853821,632.607483,0.003828,0.004006
408,4,0,0,206.6201,80.0,18.8,0.007932794,73.2336405928378,6.245727539,0.0,0.014572388,0.521826267,4.953173733,5229.732477,730.398926,632.865906,0.003759,0.003947
409,4,0,0,206.1601,80.0,18.8,0.007860222,73.2818653671682,6.245727539,0.0,0.010737549,0.380303621,5.094696379,5245.866219,742.69928,627.080872,0.003748,0.003976
410,4,0,0,205.4738,79.0,19.0,0.007803142,73.322568826635,6.245727539,0.0,0.008436646,0.285887241,5.189112759,5259.985584,707.88739,644.455811,0.003829,0.00416
411,4,0,0,207.314,81.0,19.0,0.007763471,73.368455213852,6.289672852,0.0,0.008436646,0.199636698,5.275363302,5276.79786,700.948181,623.598694,0.003687,0.003906
412,4,0,0,207.5464,82.0,19.2,0.007750893,73.4077933092628,6.289672852,0.0,-0.003259613,0.140876412,5.334123588,5290.928838,695.917908,632.035889,0.003853,0.004115
413,4,0,0,208.716,82.0,19.2,0.007746897,73.4544435858042,6.201782227,0.0,-0.003259613,0.080513358,5.394486642,5307.091187,685.071106,632.612122,0.004067,0.004363
414,4,0,0,209.4241,83.0,19.4,0.007737775,73.492442147066,6.245727539,0.0,-0.003259613,0.013924003,5.461075997,5321.917642,723.367188,634.329712,0.004036,0.004275
415,4,0,0,209.8988,83.0,19.4,0.007715903,73.5365607869468,6.245727539,0.0,-0.003259613,-0.06799233,5.54299233,5338.102647,724.61853,636.317322,0.003985,0.004155
416,4,0,0,210.615,81.0,19.5,0.007693636,73.5742089948906,6.289672852,0.0,-0.001725677,-0.145933747,5.620933747,5352.272207,694.003784,627.680298,0.003696,0.003916
417,4,0,0,211.3361,81.0,19.5,0.00767977,73.6167697614646,6.245727539,0.0,0.012271484,-0.240649939,5.715649939,5368.474769,703.084595,631.359497,0.003772,0.004021
418,4,0,0,212.3052,79.0,19.7,0.007692548,73.6531861805724,6.289672852,0.0,0.010737549,-0.308242917,5.783242917,5383.336957,692.216187,632.878906,0.004017,0.00417
419,4,0,0,213.5292,78.0,19.7,0.00773873,73.6963938535462,6.289672852,0.0,0.010737549,-0.351822853,5.826822853,5399.564072,668.817078,645.276489,0.003882,0.004115
420,4,0,0,215.0168,79.0,19.8,0.007789742,73.73233133307,6.245727539,0.0,0.010737549,-0.365671277,5.840671277,5413.774848,0.0,0.0,0.0,0.0
421,4,0,0,216.02,79.0,19.8,0.0078388,73.7726471829978,6.245727539,0.0,0.008436646,-0.353651881,5.828651881,5430.706255,701.465393,638.836914,0.003709,0.003996
422,4,0,0,216.5252,80.0,19.9,0.007870322,73.8071698595408,6.245727539,0.0,0.008436646,-0.323725581,5.798725581,5444.261496,692.533203,637.721924,0.003883,0.00409
423,4,0,0,216.7787,80.0,19.9,0.007902089,73.8461129263552,6.289672852,0.0,0.00690271,-0.267427683,5.742427683,5461.217333,688.950806,635.559875,0.003928,0.004148
424,4,0,0,218.0549,79.0,20.0,0.007931494,73.8799443591814,6.201782227,0.0,0.0,-0.198890567,5.673890567,5475.470099,906.815979,623.22467,0.003798,0.004077
425,4,0,0,218.5697,80.0,20.0,0.007963353,73.9193364479492,6.245727539,0.0,0.0,-0.118247986,5.593247986,5491.769549,690.783325,634.653503,0.003753,0.004016
426,4,0,0,219.0868,80.0,20.1,0.007987357,73.952719824426,6.201782227,0.0,0.0,-0.04496181,5.51996181,5506.720442,734.021301,764.540894,0.00373,0.003955
427,4,0,0,218.5697,80.0,20.1,0.008023192,73.9786290236078,5.451965332,0.0,-0.012463226,0.032324672,5.442675328,5523.040897,714.714722,634.588989,0.003715,0.003961
428,4,0,0,219.6065,81.0,20.2,0.008083395,73.8137244921466,3.65020752,0.0,-0.012463226,0.078772545,5.396227455,5537.329948,702.917297,635.613892,0.00375,0.004016
429,4,0,0,214.7674,81.0,20.2,0.008185293,73.631650298467,3.65020752,0.0,-0.016298065,0.098041534,5.376958466,5553.670164,713.728516,634.130981,0.003916,0.004107
430,4,0,0,198.4284,80.0,20.3,0.008261079,73.3775849674852,3.12286377,0.0,-0.010162323,0.078119993,5.396880007,5567.976345,711.57019,637.005493,0.003938,0.004169
431,4,0,0,191.2558,82.0,20.3,0.008263474,73.1434257399908,3.386535645,0.0,-0.003259613,0.022017956,5.452982044,5585.017826,711.761414,639.257385,0.004012,0.004232
432,4,0,0,193.6558,83.0,20.3,0.008164983,72.966885374555,3.562316895,0.0,0.003067871,-0.037914753,5.512914753,5599.341256,707.982117,634.162903,0.003738,0.004033
433,4,0,0,198.4284,83.0,20.3,0.007967157,72.7790803372288,3.65020752,0.0,0.003067871,-0.101367831,5.576367831,5615.720324,708.803284,631.478882,0.003798,0.004036
434,4,0,0,202.9962,85.0,20.1,0.007775526,72.6187490994324,3.694152832,0.0,0.003834839,-0.149172902,5.624172902,5630.060021,703.906494,628.907898,0.003764,0.004049
435,4,0,0,205.0189,86.0,20.1,0.007591614,72.436350511089,3.518371582,0.0,0.005368774,-0.195051789,5.670051789,5646.457232,682.086487,625.671082,0.00377,0.00401
436,4,0,0,207.314,87.0,20.2,0.007478878,72.2783052442022,3.606262207,0.0,0.003067871,-0.224743843,5.699743843,5661.496212,757.47467,866.891907,0.003907,0.004158
437,4,0,0,205.4738,86.0,20.2,0.007402344,72.0935637143132,3.606262207,0.0,0.003067871,-0.247419834,5.722419834,5677.911224,671.446106,642.590515,0.003811,0.004064
438,4,0,0,206.3898,82.0,20.3,0.007373848,71.9390973942788,3.65020752,0.0,-0.000959,-0.261050701,5.736050701,5692.966461,688.907104,628.96698,0.003811,0.004128
439,4,0,0,191.2558,78.0,20.3,0.007364672,71.7620128948956,3.65020752,0.0,-0.003259613,-0.274875164,5.749875164,5709.399135,697.608276,646.360413,0.004019,0.004196
440,4,0,0,157.8382,77.0,20.3,0.007351403,71.6103863035714,3.65020752,0.0,0.003067871,-0.292704463,5.767704463,5723.780508,691.805298,641.865906,0.003944,0.004172
441,4,0,0,146.5932,75.0,20.3,0.007325165,71.4327389858034,3.694152832,0.0,0.005368774,-0.313912511,5.788912511,5740.177726,700.751282,631.77832,0.004046,0.004248
442,4,0,0,146.5932,72.0,20.4,0.007312721,71.2820318104212,3.694152832,0.0,0.010737549,-0.320586085,5.795586085,5754.484508,688.756592,644.988281,0.004269,0.004618
443,4,0,0,153.6476,71.0,20.4,0.00732172,71.1154923182672,3.606262207,0.0,0.010737549,-0.305122495,5.780122495,5771.451556,703.610107,659.371216,0.004214,0.004423
444,4,0,0,160.9943,75.0,20.5,0.007343608,70.968220761917,3.65020752,0.0,-0.003259613,-0.269407392,5.744407392,5785.659667,698.917297,641.837402,0.003705,0.003998
445,4,0,0,165.1582,77.0,20.5,0.00737279,70.8000853194718,3.738098145,0.0,-0.004793549,-0.228422284,5.703422284,5801.854477,726.33783,784.541626,0.003674,0.003752
446,4,0,0,167.3976,80.0,20.2,0.007386623,70.786196200283,5.938110352,0.0,-0.004793549,-0.203938007,5.678938007,5815.988258,699.272522,666.251587,0.003706,0.003994
447,4,0,0,169.8543,81.0,20.2,0.007380613,70.7631836521672,5.23223877,0.0,-0.004793549,-0.187346816,5.662346816,5832.099777,651.512695,857.059998,0.003902,0.004173
448,4,0,0,172.2238,79.0,20.3,0.00736425,70.7576225617038,5.495910645,0.0,-0.004793549,-0.183192492,5.658192492,5846.830246,687.604187,645.643799,0.003954,0.004325
449,4,0,0,173.6774,76.0,20.3,0.007340904,70.7514229655954,5.23223877,0.0,-0.003259613,-0.191263795,5.666263795,5862.858355,686.06427,647.726379,0.004222,0.00445
450,4,0,0,174.0038,76.0,20.4,0.007321496,70.7447438505406,5.23223877,0.0,-0.001725677,-0.207060337,5.682060337,5876.847873,717.294128,636.472595,0.004061,0.004344
451,4,0,0,174.4957,74.0,20.4,0.007313123,70.7391746168168,5.05645752,0.0,-0.000959,-0.230480433,5.705480433,5893.459525,682.087219,641.710571,0.003933,0.00428
452,4,0,0,176.3233,75.0,20.1,0.007327323,70.7359436575526,5.58380127,0.0,-0.000959,-0.253177285,5.728177285,5906.716164,715.492188,631.60553,0.004017,0.004268
453,4,0,0,177.1667,80.0,20.1,0.007376892,70.7314169864676,5.58380127,0.0,0.001533936,-0.281351209,5.756351209,5923.246593,709.489197,631.951721,0.003945,0.004132
454,4,0,0,178.8781,83.0,19.9,0.007449504,70.7311131108888,5.23223877,0.0,0.003067871,-0.306030154,5.781030154,5937.098405,696.293701,642.856079,0.003933,0.004186
455,4,0,0,179.5719,82.0,19.9,0.007546792,70.7273902246668,5.58380127,0.0,0.005368774,-0.326759219,5.801759219,5952.891611,718.584229,636.92511,0.00385,0.004158
456,4,0,0,180.9758,78.0,19.7,0.007627056,70.7272950965794,5.23223877,0.0,0.005368774,-0.33460927,5.80960927,5967.334237,700.145691,631.391907,0.003859,0.004096
457,4,0,0,181.8645,75.0,19.7,0.007694315,70.7254697509646,5.23223877,0.0,0.005368774,-0.331492066,5.806492066,5981.095442,708.970093,632.126221,0.003896,0.004068
458,4,0,0,183.4862,73.0,19.3,0.007743356,70.7232775402034,5.276184082,0.0,0.005368774,-0.31461978,5.78961978,5996.824493,707.424194,628.973816,0.003881,0.004074
459,4,0,0,183.4862,73.0,19.3,0.007760261,70.719104746891,5.364074707,0.0,0.005368774,-0.28871417,5.76371417,6010.582818,691.767273,635.808777,0.003901,0.004171
460,4,0,0,183.8506,72.0,18.5,0.007767384,70.7158392511904,5.23223877,0.0,0.005368774,-0.243300557,5.718300557,6026.960369,687.526978,639.708313,0.003798,0.004165
461,4,0,0,184.3998,72.0,18.5,0.00777538,70.7132337297304,5.23223877,0.0,-0.000959,-0.198538184,5.673538184,6040.716146,703.142273,637.090698,0.00395,0.004275
462,4,0,0,184.5836,72.0,17.9,0.007794135,70.712801444913,5.188293457,0.0,-0.001725677,-0.14319098,5.61819098,6056.435405,699.338501,638.796326,0.004038,0.004293
463,4,0,0,185.1372,74.0,17.9,0.007819293,70.7127638829174,5.58380127,0.0,-0.001725677,-0.096619964,5.571619964,6070.189251,685.334106,640.618286,0.003866,0.004192
464,4,0,0,185.5081,73.0,17.3,0.007832504,70.7107216626442,5.23223877,0.0,-0.001725677,-0.049704671,5.524704671,6085.907175,705.233276,628.107605,0.003739,0.004025
465,4,0,0,186.4419,73.0,17.3,0.00780443,70.706061770394,5.451965332,0.0,-0.001725677,-0.012821436,5.487821436,6100.314701,711.390503,637.869385,0.003834,0.004086
466,4,0,0,187.0068,73.0,17.1,0.007729963,70.702206998759,5.23223877,0.0,-0.001725677,0.025676489,5.449323511,6116.031584,688.896484,637.439697,0.003862,0.004109
467,4,0,0,187.9558,72.0,17.1,0.007655146,70.702870610108,5.23223877,0.0,-0.001725677,0.053816199,5.421183801,6129.783431,704.662476,628.335083,0.003812,0.004039
468,4,0,0,188.9145,71.0,16.6,0.007581658,70.6976977407328,5.58380127,0.0,-0.001725677,0.084105611,5.390894389,6146.153949,715.987305,636.054016,0.003838,0.004054
469,4,0,0,190.0779,70.0,16.6,0.007529355,70.6943174990902,5.23223877,0.0,-0.001725677,0.107722402,5.367277598,6159.24982,712.876587,633.248108,0.003879,0.004091
470,4,0,0,190.4689,70.0,16.1,0.007483912,70.6887382552716,5.58380127,0.0,-0.001725677,0.12850368,5.34649632,6175.618927,712.47052,650.374207,0.003829,0.004181
471,4,0,0,191.4535,71.0,16.1,0.007459894,70.6923766350502,5.58380127,0.0,-0.001725677,0.143761277,5.331238723,6189.368135,716.198975,640.693481,0.003774,0.004046
472,4,0,0,192.6485,75.0,16.0,0.007448037,70.6926245538772,5.276184082,0.0,-0.001725677,0.157223821,5.317776179,6205.081295,715.831604,632.343689,0.003786,0.004053
473,4,0,0,193.4535,76.0,16.0,0.0074418,70.6913752715154,5.58380127,0.0,-0.001725677,0.165218115,5.309781885,6219.484924,0.0,0.0,0.0,0.0
474,4,0,0,194.0617,76.0,15.9,0.007422114,70.747383988904,6.509399414,0.0,-0.001725677,0.170270681,5.304729319,6235.197386,709.633728,632.924316,0.003616,0.003953
475,4,0,0,194.6737,79.0,15.9,0.007384943,70.8481972146946,6.773071289,0.0,0.003067871,0.171008945,5.303991055,6248.945047,702.169006,631.00769,0.003724,0.004003
476,4,0,0,196.1169,77.0,15.8,0.007324229,70.9870204119676,5.451965332,0.0,0.005368774,0.173345447,5.301654553,6264.655863,696.751526,644.761719,0.003926,0.004207
477,4,0,0,196.742,75.0,15.8,0.007268759,70.8670843806544,4.00177002,0.0,0.008436646,0.185737967,5.289262033,6279.05734,701.551697,648.802795,0.003857,0.004234
478,4,0,0,197.1609,75.0,15.8,0.007223371,70.8839914790518,6.773071289,0.0,0.010737549,0.219538212,5.255461788,6294.766884,700.52179,641.970215,0.003893,0.004042
479,4,0,0,197.5816,75.0,15.8,0.007211842,70.894335479715,5.58380127,0.0,0.030678711,0.271799803,5.203200197,6308.511719,707.92627,644.694092,0.003836,0.004036
480,4,0,0,199.2826,75.0,16.0,0.007224229,70.9102691688134,5.58380127,0.0,0.036047485,0.38096714,5.09403286,6324.874666,693.628113,659.082275,0.003692,0.003985
481,4,0,0,199.7124,77.0,16.0,0.007235826,70.9248470050552,5.58380127,0.0,0.02761084,0.569043398,4.905956602,6337.96542,708.091919,635.078491,0.003677,0.003845
482,4,0,0,200.1441,78.0,16.5,0.00723553,70.9338784762946,5.276184082,0.0,-0.010929291,0.861289978,4.613710022,6354.329491,696.272217,655.209717,0.003957,0.004124
483,4,0,0,201.0131,77.0,16.5,0.007234592,70.9339160865704,5.23223877,0.0,-0.000959,1.122136831,4.352863169,6368.087078,719.074524,667.857422,0.004226,0.004589
484,4,0,0,201.2315,78.0,16.6,0.007255359,70.936707470707,5.58380127,0.0,-0.001725677,1.441046476,4.033953524,6383.837723,0.0,0.0,0.0,0.0
485,4,0,0,201.6698,78.0,16.6,0.007303993,70.9439510617668,5.364074707,0.0,0.010737549,1.728966236,3.746033764,6398.289827,696.450928,674.407288,0.004426,0.004676
486,4,0,0,201.8897,77.0,16.8,0.007395653,70.9525030140598,5.539855957,0.0,0.010737549,-1.555368662,3.380368662,6414.032389,700.888123,676.624512,0.004343,0.004546
487,4,0,0,203.219,76.0,16.8,0.007501187,70.9519868504416,5.23223877,0.0,0.005368774,-1.247486353,3.072486353,6427.816551,693.463928,677.279419,0.004311,0.004546
488,4,0,0,204.115,76.0,17.2,0.007637062,70.957611027033,5.58380127,0.0,-0.02856955,-0.857759237,2.682759237,6443.571821,687.486084,644.830872,0.004005,0.004271
489,4,0,0,204.7921,76.0,17.2,0.007739133,70.9715494081192,5.58380127,0.0,-0.023200775,-0.583497763,2.408497763,6457.359668,698.712891,636.193298,0.003884,0.004126
490,4,0,0,205.7021,74.0,17.3,0.007776615,70.9872430963434,5.58380127,0.0,-0.024734711,-0.342788458,2.167788458,6473.774759,700.617493,644.986694,0.003903,0.004192
491,4,0,0,206.6201,74.0,17.3,0.007717554,71.0022807371166,5.58380127,0.0,-0.030103485,-0.205378771,2.030378771,6487.563292,0.0,0.0,0.0,0.0
492,4,0,0,207.5464,74.0,17.3,0.007590744,71.0179682454752,5.58380127,0.0,-0.010162323,-0.133553267,1.958553267,6503.322678,0.0,0.0,0.0,0.0
493,4,0,0,208.481,73.0,17.3,0.0074762,71.0318888433544,5.58380127,0.0,-0.015531097,-0.109208822,1.934208822,6517.770245,706.536926,658.323425,0.003957,0.004202
494,4,0,0,209.8988,73.0,17.4,0.007356392,71.0457617243026,5.58380127,0.0,-0.013997162,-0.115393877,1.940393877,6532.875382,0.0,0.0,0.0,0.0
495,4,0,0,210.137,76.0,17.4,0.007258736,71.059762998396,5.58380127,0.0,0.00690271,-0.134498358,1.959498358,6547.322994,694.670471,635.283508,0.004007,0.00431
496,4,0,0,211.3361,74.0,17.4,0.0071677,71.0751822780568,5.58380127,0.0,0.001533936,-0.157444239,1.982444239,6563.088362,689.670898,645.494202,0.004086,0.004325
497,4,0,0,211.8195,74.0,17.4,0.007127964,71.0891368812902,5.58380127,0.0,0.023009033,-0.161002398,1.986002398,6577.545446,705.276489,657.960693,0.004172,0.004385
498,4,0,0,213.2833,76.0,17.8,0.007131627,71.1041985012294,5.58380127,0.0,-0.019365936,-0.114370108,1.939370108,6593.321872,562.434204,489.505615,0.004083,0.004339
499,4,0,0,214.5186,75.0,17.8,0.007143709,71.1170351925252,5.58380127,0.0,-0.033938324,-0.085651159,1.910651159,6607.129932,687.932129,640.265991,0.003896,0.004276
500,4,0,0,215.2667,72.0,17.8,0.007128138,71.1314257981514,5.58380127,0.0,-0.020132904,-0.152442217,1.977442217,6622.914254,708.321289,637.384888,0.004016,0.004181
501,4,0,0,214.2704,71.0,17.8,0.007095531,71.1440256106926,5.58380127,0.0,-0.000959,-0.278902769,2.103902769,6636.728299,710.505676,638.598206,0.004023,0.004262
502,4,0,0,214.2704,71.0,17.8,0.007063569,71.15916565377,5.58380127,0.0,0.021475098,-0.444666624,2.269666624,6653.177453,699.051208,636.522095,0.004003,0.004137
503,4,0,0,210.615,70.0,17.8,0.007043388,71.1716926114894,5.58380127,0.0,0.012271484,-0.553821325,2.378821325,6666.997982,702.591614,641.088928,0.003986,0.004075
504,4,0,0,197.1609,70.0,17.8,0.007016419,71.1854390465938,5.58380127,0.0,0.013038452,-0.634196043,2.459196043,6682.796309,689.133301,663.500427,0.003949,0.004227
505,4,0,0,189.6885,73.0,17.8,0.006985082,71.1978689289244,5.539855957,0.0,0.018407227,-0.68193841,2.50693841,6697.281398,709.206726,641.668213,0.00383,0.004127
506,4,0,0,189.4944,75.0,17.8,0.006940774,71.2113464433148,5.58380127,0.0,0.00690271,-0.692685366,2.517685366,6713.086419,698.004028,636.549927,0.003752,0.004034
507,4,0,0,191.6517,80.0,17.8,0.006894575,71.2235277952692,5.58380127,0.0,0.0,-0.670785666,2.495785666,6726.918171,0.0,0.0,0.0,0.0
508,4,0,0,192.0492,81.0,17.9,0.006848309,71.2370345513674,5.58380127,0.0,-0.003259613,-0.639009714,2.464009714,6742.729222,687.610474,666.016724,0.004268,0.004574
509,4,0,0,187.7652,81.0,17.9,0.006831169,71.2489418970934,5.58380127,0.0,-0.000959,-0.613784075,2.438784075,6756.567218,721.384888,640.338806,0.003973,0.00424
510,4,0,0,188.1468,81.0,17.9,0.006839136,71.2621146990482,5.58380127,0.0,0.003067871,-0.589136839,2.414136839,6773.044693,700.310303,639.000977,0.003944,0.004117
511,4,0,0,191.4535,80.0,17.9,0.006861652,71.2738065702416,5.58380127,0.0,0.00690271,-0.564814329,2.389814329,6786.88875,708.480713,634.029785,0.003901,0.004206
512,4,0,0,194.4693,79.0,17.6,0.006894337,71.2864863669808,5.58380127,0.0,0.00690271,-0.523352861,2.348352861,6802.713667,0.0,0.0,0.0,0.0
513,4,0,0,189.4944,80.0,17.6,0.006922005,71.2974459080072,5.58380127,0.0,0.005368774,-0.468375921,2.293375921,6816.563215,671.537903,639.659912,0.003748,0.003928
514,4,0,0,191.0585,81.0,17.6,0.0069625,71.3102732490376,5.58380127,0.0,0.005368774,-0.392566442,2.217566442,6832.394397,749.390503,848.416199,0.004052,0.004179
515,4,0,0,172.2238,81.0,17.6,0.007020448,71.3208164859928,5.58380127,0.0,0.005368774,-0.319950819,2.144950819,6846.90921,700.038818,641.6651,0.004142,0.00438
516,4,0,0,156.3722,81.0,17.4,0.007107648,71.333444220583,5.58380127,0.0,0.005368774,-0.218263865,2.043263865,6862.746643,710.564514,645.023315,0.004049,0.004392
517,4,0,0,156.3722,83.0,17.4,0.007175402,71.3443078449454,5.58380127,0.0,0.005368774,-0.113472223,1.938472223,6877.267019,726.012085,642.304688,0.004008,0.004303
518,4,0,0,146.9421,84.0,17.1,0.00721903,71.3547894119918,5.58380127,0.0,-0.003259613,0.009124517,1.815875483,6893.11028,716.344482,643.097595,0.00402,0.004335
519,4,0,0,141.1194,84.0,17.1,0.00724244,71.3614556362332,5.58380127,0.0,-0.013997162,0.122307539,1.702692461,6906.975575,698.25647,641.003906,0.003851,0.00422
520,4,0,0,143.7484,82.0,17.2,0.007283488,71.3658466399562,4.836730957,0.0,-0.025501678,0.229876757,1.595123243,6922.824368,715.965393,653.63269,0.003864,0.004191
521,4,0,0,148.3547,79.0,17.2,0.007332766,71.2929023227588,4.441223145,0.0,-0.032404388,0.276807547,1.548192453,6936.694446,721.012817,652.865479,0.004167,0.00449
522,4,0,0,132.6295,76.0,17.0,0.007385787,71.2679929099586,5.58380127,0.0,-0.020132904,0.261329412,1.563670588,6953.209225,703.551697,643.447693,0.00416,0.004479
523,4,0,0,126.5566,77.0,17.0,0.007419063,71.2794217828092,5.58380127,0.0,-0.017832001,0.200735807,1.624264193,6967.083384,687.170105,639.428894,0.00407,0.00439
524,4,0,0,129.1156,76.0,17.1,0.007428616,71.2919581068874,5.58380127,0.0,-0.005560516,0.086030245,1.738969755,6982.941236,720.548523,638.651917,0.004127,0.004451
525,4,0,0,136.7428,74.0,17.1,0.007392027,71.3033808159658,5.58380127,0.0,0.00690271,-0.043771029,1.868771029,6996.80637,731.681702,639.761414,0.003947,0.004318
526,4,0,0,141.3348,74.0,16.9,0.007299244,71.3164983692784,5.58380127,0.0,0.013038452,-0.180719614,2.005719614,7012.642941,729.511414,636.381775,0.003865,0.004146
527,4,0,0,146.0152,75.0,16.9,0.007206536,71.3271719305868,5.58380127,0.0,0.019941162,-0.269453287,2.094453287,7027.162037,723.222412,639.812317,0.004148,0.004449
528,4,0,0,147.41,74.0,16.7,0.007121554,71.339158825989,5.58380127,0.0,0.019941162,-0.332731009,2.157731009,7043.003719,723.935425,641.075378,0.004056,0.004335
529,4,0,0,149.5528,74.0,16.7,0.007076448,71.349801793744,5.58380127,0.0,0.003834839,-0.343553782,2.168553782,7056.867765,713.925781,641.179688,0.004127,0.004466
530,4,0,0,152.5088,75.0,16.5,0.007070302,71.3620994527002,5.58380127,0.0,-0.001725677,-0.32896924,2.15396924,7073.375989,723.316528,643.750977,0.003992,0.004274
531,4,0,0,154.8036,77.0,16.5,0.007103572,71.3722535512434,5.58380127,0.0,-0.003259613,-0.313073874,2.138073874,7086.585201,725.124695,634.265686,0.003976,0.004328
532,4,0,0,156.3722,77.0,16.7,0.007158129,71.3839143943616,5.58380127,0.0,-0.003259613,-0.302110434,2.127110434,7103.099749,668.075073,636.855225,0.003907,0.004263
533,4,0,0,157.4357,78.0,16.7,0.007199137,71.3942665221918,5.58380127,0.0,-0.013997162,-0.302950621,2.127950621,7116.974435,840.200928,624.010376,0.003796,0.004147
534,4,0,0,158.7856,76.0,16.8,0.007235564,71.4050419225354,5.58380127,0.0,-0.007094452,-0.330984831,2.155984831,7132.833968,659.971375,633.74292,0.003763,0.004004
535,4,0,0,159.6067,75.0,16.8,0.007264022,71.414661816759,5.58380127,0.0,0.001533936,-0.37289691,2.19789691,7147.374435,702.89447,637.003906,0.003766,0.003939
536,4,0,0,160.2975,76.0,16.9,0.007291254,71.4299098787372,6.421508789,0.0,0.001533936,-0.423154116,2.248154116,7163.239479,705.162415,644.478699,0.004041,0.004347
537,4,0,0,161.2747,78.0,16.9,0.007298832,71.5065691642038,6.201782227,0.0,0.001533936,-0.465807199,2.290807199,7177.123624,688.781372,653.751282,0.004066,0.004376
538,4,0,0,162.1219,81.0,17.0,0.007275462,71.5230683592848,5.58380127,0.0,0.001533936,-0.512120962,2.337120962,7192.99384,725.436096,635.014526,0.004183,0.004547
539,4,0,0,162.4062,83.0,17.0,0.007232482,71.5312014003758,5.58380127,0.0,0.012271484,-0.550263643,2.375263643,7207.553765,734.271729,645.092102,0.004127,0.004641
540,4,0,0,161.98,83.0,17.1,0.007185117,71.5406714328586,5.58380127,0.0,0.018407227,-0.572113752,2.397113752,7223.446585,727.798096,666.679871,0.004576,0.004939
541,4,0,0,162.4062,82.0,17.1,0.007159771,71.3891102933922,0.0,4.110717773,-0.005560516,-0.554852247,2.379852247,7237.354749,716.435608,655.711609,0.00452,0.00482
542,4,0,0,164.1335,78.0,17.5,0.007144056,70.8656670027296,0.0,17.4407959,-0.005560516,-0.523739576,2.348739576,7253.914363,698.045105,657.404419,0.004509,0.004707
543,4,0,0,163.1215,74.0,17.5,0.00713755,70.4153822002316,0.0,0.0,-0.005560516,-0.508429766,2.333429766,7267.114234,683.693481,647.656677,0.004302,0.004708
544,4,0,0,149.6737,76.0,17.5,0.007138589,70.2036054481496,0.0,39.85290527,-0.003259613,-0.506239176,2.331239176,7283.487053,682.271606,649.205811,0.004298,0.004616
545,4,0,0,141.8762,80.0,17.5,0.007142124,69.7740367460544,0.0,250.0579834,0.005368774,-0.510502577,2.335502577,7297.159773,676.841309,660.776428,0.004433,0.004742
546,4,0,0,141.227,82.0,17.9,0.007130844,69.2458503280768,0.0,262.0697021,0.03451355,-0.496341467,2.321341467,7312.705103,672.739014,658.91571,0.004424,0.004735
547,4,0,0,146.7093,82.0,17.9,0.007092518,68.8244039488682,0.0,261.7767334,0.001533936,-0.430118799,2.255118799,7326.843035,692.841614,655.508118,0.004515,0.004804
548,4,0,0,147.7629,82.0,17.9,0.007027829,68.4049354324262,0.0,110.6048584,-0.010929291,-0.337136507,2.162136507,7339.603206,658.2229,666.895874,0.004451,0.004758
549,4,0,0,148.236,82.0,17.9,0.006939416,67.937696184748,0.0,31.35681152,-0.041608002,-0.25562501,2.08062501,7355.430929,573.466309,690.094727,0.004368,0.004672
550,4,0,0,150.4031,80.0,18.2,0.006874803,67.6017615231704,8.486938477,0.0,0.003834839,-0.270109892,2.095109892,7368.622158,655.664978,459.838196,0.004391,0.004602
551,4,0,0,153.7752,77.0,18.2,0.006844426,68.188729326049,13.89770508,0.0,0.001533936,-0.319827795,2.144827795,7383.689239,701.694275,659.544617,0.004385,0.004542
552,4,0,0,156.9021,76.0,18.5,0.006861376,68.8708852447096,13.89770508,0.0,0.008436646,-0.358427286,2.183427286,7397.655782,650.478577,442.716705,0.004247,0.004483
553,4,0,0,159.1951,75.0,18.5,0.006918988,69.644211111227,14.86724854,0.0,0.003834839,-0.391357183,2.216357183,7413.078082,684.302917,651.233276,0.004578,0.004779
554,4,0,0,160.8545,75.0,18.4,0.006991909,70.354558257096,11.25823975,0.0,0.003834839,-0.402878523,2.227878523,7426.733858,701.15863,650.162109,0.004305,0.004712
555,4,0,0,162.4062,75.0,18.4,0.007083935,70.8723677634074,11.21429443,0.0,0.00690271,-0.404564619,2.229564619,7442.4662,719.628906,658.371216,0.00442,0.004733
556,4,0,0,163.5537,78.0,18.7,0.007153537,71.316850798645,11.56585693,0.0,0.003067871,-0.393363237,2.218363237,7456.999256,0.0,0.0,0.0,0.0
557,4,0,0,165.0111,76.0,18.7,0.00720923,71.7576830943728,8.486938477,0.0,0.0,-0.371949434,2.196949434,7472.949724,683.825928,532.106018,0.004222,0.004541
558,4,0,0,165.7495,75.0,18.6,0.007244548,71.9892351910672,8.753356934,0.0,0.0,-0.352407217,2.177407217,7486.960542,699.118103,672.537292,0.004651,0.00497
559,4,0,0,167.0955,75.0,18.6,0.007281866,72.2692507915876,8.885192871,0.0,0.003834839,-0.329539061,2.154539061,7503.70966,691.499695,646.837402,0.004222,0.004588
560,4,0,0,167.0955,73.0,18.6,0.00731559,72.5198389020984,8.929138184,0.0,0.003834839,-0.305489779,2.130489779,7517.163954,731.856812,846.602722,0.00435,0.004681
561,4,0,0,168.3105,72.0,18.6,0.007358924,72.817220858372,8.709411621,0.0,0.0,-0.269188643,2.094188643,7534.048656,697.68457,638.457092,0.004268,0.00467
562,4,0,0,167.5491,74.0,18.2,0.00739992,73.0444070892342,8.797302246,0.0,0.0,-0.236076593,2.061076593,7548.286466,712.330872,678.971985,0.004556,0.004832
563,4,0,0,166.4946,77.0,18.2,0.007443159,73.3144479199676,8.841247559,0.0,0.0,-0.197675943,2.022675943,7564.618931,704.016785,670.99408,0.004443,0.004781
564,4,0,0,165.6013,77.0,18.2,0.007472047,73.5566695707138,8.841247559,0.0,0.0,-0.162642241,1.987642241,7579.646474,516.720825,540.833313,0.004181,0.004475
565,4,0,0,167.7008,79.0,18.2,0.007479645,73.8211904296208,8.841247559,0.0,0.0,-0.123972654,1.948972654,7596.100397,694.208313,646.73999,0.004069,0.004439
566,4,0,0,169.5433,79.0,18.2,0.007452284,74.0482560082632,8.885192871,0.0,0.0,-0.090466261,1.915466261,7610.54825,700.083984,636.426025,0.003929,0.004206
567,4,0,0,170.7942,76.0,18.2,0.007401024,74.304479222784,8.841247559,0.0,0.0,-0.051543474,1.876543474,7627.117153,690.495789,633.776123,0.003831,0.004192
568,4,0,0,170.1664,75.0,18.2,0.00737513,74.5331436324362,8.841247559,0.0,0.0,-0.016043901,1.841043901,7641.662659,720.788208,640.861877,0.004101,0.004433
569,4,0,0,168.3105,76.0,18.2,0.007390607,74.7779222186678,8.709411621,0.0,0.0,0.023130178,1.801869822,7659.031877,720.068726,642.085815,0.004132,0.004537
570,4,0,0,167.8528,76.0,18.2,0.007438938,74.9724341160704,8.486938477,0.0,-0.001725677,0.058800459,1.766199541,7673.662762,728.478821,645.293884,0.003989,0.004301
571,4,0,0,170.4797,76.0,18.2,0.007519257,75.1948522426608,8.486938477,0.0,-0.001725677,0.097456694,1.727543306,7690.401089,736.296387,646.15741,0.003985,0.004256
572,4,0,0,172.7056,77.0,18.2,0.007597096,75.3117559394526,6.817016602,0.0,0.0,0.125493765,1.699506235,7705.041305,727.170471,644.830383,0.003958,0.004237
573,4,0,0,174.0038,76.0,18.2,0.007678135,75.316318514913,5.539855957,0.0,-0.007094452,0.155433893,1.669566107,7721.763522,701.775208,640.289429,0.004048,0.0044
574,4,0,0,175.3217,78.0,18.4,0.007731626,75.2768844867448,5.539855957,0.0,-0.010162323,0.172480822,1.652519178,7737.083662,724.893127,640.215393,0.003993,0.004339
575,4,0,0,175.9882,78.0,18.4,0.007752402,75.2361787420152,5.58380127,0.0,-0.010162323,0.164868116,1.660131884,7753.77788,723.913208,640.803101,0.004132,0.00438
576,4,0,0,176.8284,79.0,18.4,0.007721263,75.1999901571712,5.58380127,0.0,-0.010162323,0.132940531,1.692059469,7769.027616,737.974121,639.244629,0.004197,0.004485
577,4,0,0,178.1896,81.0,18.4,0.007644663,75.0864581242398,3.254699707,0.0,-0.010162323,0.066851377,1.758148623,7785.613212,750.147827,648.62561,0.004207,0.004514
578,4,0,0,178.8781,82.0,18.7,0.007567734,74.82905148155,3.562316895,0.0,-0.010162323,-0.01650548,1.84150548,7800.112752,812.386108,638.410278,0.004004,0.0042
579,4,0,0,180.2711,82.0,18.7,0.007493274,74.612477850197,4.836730957,0.0,0.005368774,-0.135624647,1.960624647,7816.677193,739.093323,635.886414,0.003886,0.004139
580,4,0,0,181.3302,84.0,18.6,0.007452111,74.5747315529802,5.58380127,0.0,0.0,-0.251204729,2.076204729,7831.165848,868.202087,636.589905,0.003964,0.004072
581,4,0,0,182.2224,83.0,18.6,0.007437429,74.5468336279868,5.671691895,0.0,0.001533936,-0.372807264,2.197807264,7848.408075,699.972473,636.984375,0.003844,0.004139
582,4,0,0,182.9424,80.0,18.8,0.007450402,74.522783296972,5.627746582,0.0,0.001533936,-0.481653452,2.306653452,7862.886428,682.346008,632.685303,0.003772,0.004068
583,4,0,0,184.0333,78.0,18.8,0.007467713,74.4967688147674,5.627746582,0.0,0.001533936,-0.597308397,2.422308397,7879.427479,692.365295,658.446411,0.004095,0.004411
584,4,0,0,184.3998,77.0,19.0,0.007452241,74.474497142414,5.671691895,0.0,0.003067871,-0.693609953,2.518609953,7894.585074,681.886902,644.257813,0.00415,0.004343
585,4,0,0,185.3225,74.0,19.0,0.007396356,74.448952893264,5.627746582,0.0,0.003067871,-0.798537493,2.623537493,7910.42636,709.556274,640.267273,0.004086,0.00433
586,4,0,0,186.0673,74.0,18.9,0.007341369,74.4265443787304,5.627746582,0.0,0.016106323,-0.88592267,2.71092267,7925.573556,699.688904,639.809692,0.004166,0.004462
587,4,0,0,187.1958,74.0,18.9,0.007288619,74.4020270816212,5.627746582,0.0,0.025309937,-0.950346708,2.775346708,7942.09164,691.03418,644.668884,0.004187,0.00458
588,4,0,0,187.7652,73.0,19.1,0.007239076,74.3802168392326,5.627746582,0.0,0.025309937,-0.947708368,2.772708368,7956.540095,695.114502,658.53772,0.00408,0.004379
589,4,0,0,188.5298,75.0,19.1,0.00717257,74.3550758745932,5.627746582,0.0,0.023009033,-0.873604536,2.698604536,7973.734996,704.749023,638.312378,0.004103,0.004306
590,4,0,0,189.4944,76.0,19.3,0.007119562,74.3339453691404,5.627746582,0.0,0.003834839,-0.748953581,2.573953581,7988.174115,716.385071,628.399475,0.004048,0.004403
591,4,0,0,190.0779,75.0,19.3,0.007072168,74.3092340339074,5.627746582,0.0,0.003834839,-0.58242631,2.40742631,8004.671163,674.676392,639.611572,0.004004,0.004298
592,4,0,0,190.8615,72.0,19.2,0.007033333,74.2887488737946,5.627746582,0.0,-0.005560516,-0.439913988,2.264913988,8019.101896,696.705688,643.331909,0.004108,0.004398
593,4,0,0,189.6885,74.0,19.2,0.006987479,74.2649814486584,5.627746582,0.0,-0.013997162,-0.274245977,2.099245977,8035.585216,708.982788,643.668274,0.004105,0.004382
594,4,0,0,189.4944,74.0,19.1,0.006954303,74.2453073476254,5.627746582,0.0,-0.012463226,-0.148115873,1.973115873,8050.622338,700.135925,640.028015,0.003877,0.004051
595,4,0,0,189.6885,74.0,19.1,0.006937093,74.2227469435826,5.627746582,0.0,-0.012463226,-0.035025358,1.860025358,8066.968527,751.196899,841.098816,0.003978,0.004167
596,4,0,0,191.0585,76.0,19.3,0.006949658,74.2025745104186,5.58380127,0.0,-0.010162323,0.03741765,1.78758235,8081.911421,698.013,637.966309,0.003941,0.004231
597,4,0,0,192.4483,73.0,19.3,0.007002085,73.9306511542202,0.131835938,0.0,-0.008628387,0.088764429,1.736235571,8098.168036,706.341309,635.643127,0.004172,0.004495
598,4,0,0,194.0617,72.0,19.2,0.007075117,73.6403746593542,3.386535645,0.0,-0.008628387,0.109582186,1.715417814,8112.354855,706.311096,638.240601,0.003955,0.004211
599,4,0,0,194.4693,73.0,19.2,0.00717116,73.4382109618008,3.606262207,0.0,-0.008628387,0.107715845,1.717284155,8128.527203,718.090271,644.373291,0.003949,0.004078
600,4,0,0,194.8786,72.0,19.3,0.007258075,73.269379817767,3.518371582,0.0,-0.008628387,0.08628583,1.73871417,8142.648993,689.281799,635.454102,0.003784,0.004113
601,4,0,0,195.7024,72.0,19.3,0.007362123,73.0652720214002,3.65020752,0.0,-0.007094452,0.03422761,1.79077239,8159.435341,692.13147,631.537903,0.003684,0.003921
602,4,0,0,196.742,74.0,19.5,0.007456762,72.9001931662302,3.562316895,0.0,-0.007094452,-0.024189711,1.849189711,8173.515074,731.480896,829.816895,0.00399,0.004203
603,4,0,0,197.5816,76.0,19.5,0.007565698,72.7242827930308,3.913879395,0.0,-0.005560516,-0.10986352,1.93486352,8189.583356,719.252014,642.591919,0.003979,0.004315
604,4,0,0,198.6413,76.0,19.4,0.007657059,72.6067267663634,4.441223145,0.0,0.001533936,-0.20158124,2.02658124,8203.623399,695.571716,634.265503,0.004016,0.00428
605,4,0,0,200.1441,78.0,19.4,0.007740066,72.5032084170602,4.573059082,0.0,0.001533936,-0.304286242,2.129286242,8219.646611,697.615295,634.630615,0.003971,0.004271
606,4,0,0,201.2315,80.0,19.5,0.007779172,72.4139777560902,4.441223145,0.0,0.001533936,-0.393890142,2.218890142,8234.313713,699.400024,624.189697,0.003604,0.003721
607,4,0,0,202.11,82.0,19.5,0.007781402,72.3063539321668,4.441223145,0.0,0.003834839,-0.491960287,2.316960287,8250.291929,710.796509,624.312683,0.003488,0.003707
608,4,0,0,202.9962,86.0,19.4,0.007738889,72.2187851561478,4.485168457,0.0,0.00690271,-0.565350771,2.390350771,8264.254198,709.000488,635.90741,0.003782,0.003961
609,4,0,0,204.115,86.0,19.4,0.007633795,72.1156252712362,4.485168457,0.0,0.009203613,-0.636967897,2.461967897,8280.853143,698.951782,638.715088,0.003846,0.00402
610,4,0,0,205.2461,82.0,19.2,0.007515213,72.0259646428984,4.485168457,0.0,0.009203613,-0.678550005,2.503550005,8294.114462,663.169189,630.237488,0.003748,0.004003
611,4,0,0,206.1601,77.0,19.2,0.007391843,71.9247422424128,4.52911377,0.0,0.009203613,-0.700834513,2.525834513,8310.66908,759.742798,626.824219,0.003829,0.003977
612,4,0,0,206.8509,74.0,19.1,0.00731832,71.8399770171408,4.485168457,0.0,0.009203613,-0.698065042,2.523065042,8324.55625,784.22699,633.899109,0.003767,0.003984
613,4,0,0,208.2466,73.0,19.1,0.007280736,71.7485459055888,4.70489502,0.0,0.009203613,-0.671293497,2.496293497,8340.406722,653.269714,637.567505,0.003913,0.004211
614,4,0,0,209.1875,73.0,19.0,0.007271018,71.663368576623,4.485168457,0.0,0.009203613,-0.625440836,2.450440836,8354.917238,657.341919,641.105408,0.00396,0.004144
615,4,0,0,209.6612,76.0,19.0,0.007251854,71.5698658904362,4.441223145,0.0,0.009203613,-0.551400423,2.376400423,8370.726472,700.567871,622.216125,0.003766,0.003987
616,4,0,0,211.3361,77.0,18.9,0.007216475,71.4894920712222,4.397277832,0.0,0.009203613,-0.467609644,2.292609644,8384.542234,684.303101,623.206299,0.003399,0.003679
617,4,0,0,211.8195,76.0,18.9,0.007159578,71.3983348854316,4.441223145,0.0,0.009203613,-0.347666979,2.172666979,8400.312214,684.025208,637.235229,0.00362,0.00392
618,4,0,0,212.5489,76.0,18.8,0.007097361,71.3167929106852,4.485168457,0.0,0.009203613,-0.21733737,2.04233737,8414.750317,685.051697,636.230713,0.003773,0.003968
619,4,0,0,213.5292,76.0,18.8,0.007016011,71.2280385338882,4.485168457,0.0,0.001533936,-0.051014185,1.876014185,8430.480659,701.902893,640.267517,0.003614,0.003864
620,4,0,0,215.2667,71.0,18.7,0.006946977,71.1489386360314,4.441223145,0.0,0.001533936,0.112217188,1.712782812,8444.221543,674.475586,645.269226,0.003708,0.004083
621,4,0,0,216.5252,67.0,18.7,0.006885809,71.0583896359202,4.309387207,0.0,-0.005560516,0.303963423,1.521036577,8460.553608,429.658386,573.657898,0.003793,0.0
622,4,0,0,217.5426,67.0,18.4,0.006855421,70.979836817103,4.485168457,0.0,-0.005560516,0.467787504,1.357212496,8473.600566,720.707214,627.95697,0.003785,0.004017
623,4,0,0,218.0549,70.0,18.4,0.006863516,70.8945880012544,4.52911377,0.0,-0.012463226,0.633066416,1.191933584,8489.898853,699.257385,631.88092,0.003781,0.004044
624,4,0,0,219.6065,72.0,18.3,0.006929292,70.8198171314372,4.441223145,0.0,-0.019365936,0.75906539,1.06593461,8503.599856,711.260803,642.329895,0.003769,0.00405
625,4,0,0,220.3905,73.0,18.3,0.007071934,70.6893040509354,4.52911377,0.0,-0.005560516,0.850938559,0.974061441,8519.267447,717.33728,636.125793,0.003878,0.004227
626,4,0,0,234.6206,76.0,18.0,0.007220122,70.6187832710308,4.397277832,0.0,-0.057714325,0.883793116,0.941206884,8533.638405,719.770508,641.006714,0.004219,0.004555
627,4,0,0,236.2,76.0,18.0,0.007364206,70.4863954059894,4.485168457,0.0,-0.016298065,0.800587893,1.024412107,8549.325644,714.075989,643.205627,0.004199,0.00455
628,4,0,0,236.7873,74.0,18.0,0.007445572,70.4129184455322,4.485168457,0.0,-0.000959,0.663030386,1.161969614,8563.060139,750.870728,831.881897,0.00418,0.004441
629,4,0,0,238.2257,75.0,18.0,0.007484049,70.4509924687466,5.850219727,0.0,-0.017832001,0.482500792,1.342499208,8578.765777,693.744324,667.822998,0.004044,0.004421
630,4,0,0,239.2516,74.0,18.0,0.007488761,70.4910160142502,5.75958252,0.0,0.0,0.303291082,1.521708918,8592.516091,708.234497,630.416504,0.003889,0.004169
631,4,0,0,240.8942,73.0,18.0,0.007508308,70.535294622527,5.75958252,0.0,0.012271484,0.085469007,1.739530993,8608.894754,705.857727,631.776123,0.003947,0.0042
632,4,0,0,241.7678,75.0,18.0,0.007562725,70.5734050651056,5.806274414,0.0,0.012271484,-0.094722986,1.919722986,8622.662298,704.080322,636.959717,0.003878,0.004214
633,4,0,0,243.2676,75.0,18.0,0.007652801,70.6163199669466,5.75958252,0.0,0.012271484,-0.25852704,2.08352704,8638.42591,714.230896,453.841492,0.003855,0.004132
634,4,0,0,244.1585,74.0,18.0,0.007732908,70.653237679371,5.75958252,0.0,0.012271484,-0.37719655,2.20219655,8652.247253,711.053223,636.070496,0.003777,0.004036
635,4,0,0,245.9601,74.0,18.0,0.0078155,70.6935429237482,5.75958252,0.0,0.013038452,-0.473286867,2.298286867,8668.073846,698.693481,633.023804,0.003965,0.004176
636,4,0,0,246.9624,75.0,18.0,0.007869815,70.7287876950558,5.75958252,0.0,0.018407227,-0.525695086,2.350695086,8682.608977,707.272705,629.241516,0.004009,0.004206
637,4,0,0,248.1574,73.0,18.0,0.007868003,70.7678600079656,5.806274414,0.0,0.018407227,-0.537977457,2.362977457,8698.494448,701.825684,634.965271,0.00383,0.004068
638,4,0,0,249.5508,70.0,18.0,0.007778886,70.8093851964364,6.685180664,0.0,0.003067871,-0.506641626,2.331641626,8713.082041,478.922394,565.689575,0.003673,0.003924
639,4,0,0,250.7711,71.0,18.0,0.007631403,70.9442327928272,6.948852539,0.0,0.003067871,-0.451442003,2.276442003,8726.363962,720.246094,634.108276,0.003806,0.004021
640,4,0,0,251.528,72.0,18.0,0.007456601,71.09103022152,6.948852539,0.0,0.008436646,-0.385168314,2.210168314,8742.993247,689.729675,645.257507,0.004058,0.004336
641,4,0,0,252.672,72.0,18.0,0.007331581,71.2189483861124,6.904907227,0.0,-0.010929291,-0.31444335,2.13944335,8756.984676,704.544189,640.340515,0.003935,0.00431
642,4,0,0,253.8264,74.0,18.0,0.007223204,71.3560782841176,6.817016602,0.0,-0.007094452,-0.249853849,2.074853849,8772.999875,691.786621,647.849426,0.003959,0.004321
643,4,0,0,254.6019,78.0,18.0,0.007146436,71.469427576492,6.817016602,0.0,-0.007094452,-0.215905428,2.040905428,8787.703515,720.325012,636.009705,0.003816,0.004069
644,4,0,0,255.2844,79.0,18.0,0.007072108,71.5966592932008,6.773071289,0.0,-0.005560516,-0.195984602,2.020984602,8803.768558,709.829529,634.93573,0.003894,0.004117
645,4,0,0,256.0688,76.0,18.0,0.007024634,71.7023885859828,6.773071289,0.0,-0.004793549,-0.194161177,2.019161177,8817.846406,685.181396,635.110229,0.00373,0.004025
646,4,0,0,256.5616,72.0,18.0,0.006992818,71.8242639202762,6.817016602,0.0,0.001533936,-0.205210447,2.030210447,8833.958756,693.01178,627.915894,0.003762,0.003985
647,4,0,0,254.894,72.0,18.0,0.006975689,71.9230044288006,6.729125977,0.0,0.001533936,-0.215978384,2.040978384,8848.076657,679.031372,626.818787,0.00369,0.00396
648,4,0,0,254.6019,71.0,18.0,0.006963002,72.0345159836422,6.773071289,0.0,0.001533936,-0.224834681,2.049834681,8864.906284,683.566101,625.921082,0.003817,0.004008
649,4,0,0,256.0688,70.0,18.0,0.006960035,72.1265401852644,6.729125977,0.0,0.001533936,-0.228591204,2.053591204,8879.047347,692.723389,645.33313,0.003865,0.004167
650,4,0,0,257.2546,73.0,18.0,0.006962566,72.2379527978828,6.729125977,0.0,0.001533936,-0.229319811,2.054319811,8895.203455,667.588684,636.199707,0.003943,0.004083
651,4,0,0,258.5516,75.0,18.0,0.006964342,72.3306326607144,6.729125977,0.0,0.001533936,-0.226468801,2.051468801,8909.33885,693.846985,633.298889,0.003912,0.004053
652,4,0,0,259.9631,75.0,18.0,0.006965695,72.4396364132208,6.773071289,0.0,0.001533936,-0.218827009,2.043827009,8925.492242,739.494812,632.586182,0.003794,0.004156
653,4,0,0,261.8007,77.0,18.0,0.00697236,72.5319951805356,6.729125977,0.0,0.005368774,-0.208436251,2.033436251,8940.298266,742.662109,641.382202,0.003898,0.004178
654,4,0,0,263.456,79.0,18.0,0.00700021,72.6371876457738,6.685180664,0.0,0.012271484,-0.183970213,2.008970213,8956.44902,741.098694,642.865112,0.004131,0.004513
655,4,0,0,264.7113,77.0,18.0,0.007055799,72.7244471388316,6.685180664,0.0,-0.004793549,-0.141713858,1.966713858,8971.252665,678.956299,642.099792,0.003926,0.004107
656,4,0,0,266.1911,74.0,17.7,0.007164239,72.731429437449,4.309387207,0.0,-0.004793549,-0.09533,1.92033,8987.400835,693.171021,636.627625,0.004037,0.004308
657,4,0,0,267.6874,73.0,17.7,0.007295478,72.7051740853266,5.58380127,0.0,-0.010162323,-0.064596891,1.889596891,9001.528956,769.928101,636.364502,0.003927,0.004183
658,4,0,0,268.6583,73.0,17.7,0.007478175,72.6990618281,5.58380127,0.0,-0.004793549,-0.056076288,1.881076288,9017.673667,641.256104,627.705505,0.003775,0.004084
659,4,0,0,270.2922,71.0,17.7,0.007656124,72.693972451284,5.58380127,0.0,-0.008628387,-0.066199541,1.891199541,9031.799431,741.483521,637.838928,0.003872,0.004105
660,4,0,0,271.946,73.0,17.5,0.007858938,72.6881281491674,5.58380127,0.0,0.0,-0.096189737,1.921189737,9048.614625,0.0,0.0,0.0,0.0
661,4,0,0,273.0599,76.0,17.5,0.00801797,72.6835640126472,5.58380127,0.0,0.019941162,-0.130197287,1.955197287,9062.738344,518.403503,544.0578,0.003839,0.00407
662,4,0,0,274.7479,80.0,17.5,0.008163434,72.6773948330648,5.58380127,0.0,-0.000959,-0.143108606,1.968108606,9078.878595,753.218506,861.732178,0.004245,0.004315
663,4,0,0,274.7479,80.0,17.5,0.008246116,72.672569516756,5.58380127,0.0,0.005368774,-0.146564245,1.971564245,9093.000323,0.0,0.0,0.0,0.0
664,4,0,0,276.1134,80.0,17.3,0.008255562,72.6668047643156,5.58380127,0.0,0.032979614,-0.135650396,1.960650396,9109.138303,872.16217,708.272888,0.004348,0.004593
665,4,0,0,266.7236,78.0,17.3,0.0081511,72.6593397602586,5.58380127,0.0,0.014572388,-0.067461729,1.892461729,9123.930406,0.0,0.0,0.0,0.0
666,4,0,0,265.7666,75.0,17.3,0.007894851,72.6532153364216,5.58380127,0.0,-0.005560516,0.045812368,1.779187632,9140.066123,708.537903,639.275208,0.004049,0.004226
667,4,0,0,260.6746,75.0,17.3,0.007596431,72.6481174140102,5.58380127,0.0,-0.019365936,0.097284555,1.727715445,9154.183924,713.640503,635.781189,0.004048,0.004337
668,4,0,0,255.3822,74.0,17.4,0.007255885,72.6425719341448,5.58380127,0.0,-0.005560516,0.115824938,1.709175062,9170.989675,747.810486,839.572571,0.004205,0.004377
669,4,0,0,253.7298,72.0,17.4,0.007010937,72.637766815053,5.58380127,0.0,0.001533936,0.112569571,1.712430429,9184.433376,686.519592,639.98822,0.004091,0.004329
670,4,0,0,253.3441,71.0,17.2,0.006807832,72.6325868806752,5.58380127,0.0,0.003834839,0.102471113,1.722528887,9201.236881,660.029907,635.718323,0.004044,0.00428
671,4,0,0,252.2895,73.0,17.2,0.006681798,72.6278542623504,5.58380127,0.0,0.003834839,0.102002382,1.722997618,9215.350927,628.56958,632.481506,0.003905,0.004195
672,4,0,0,254.6019,75.0,17.2,0.006570944,72.62270588713,5.58380127,0.0,0.003834839,0.112306356,1.712693644,9231.480411,740.58429,817.63147,0.004044,0.004374
673,4,0,0,256.5616,76.0,17.2,0.006490984,72.6181870857176,5.58380127,0.0,0.003834839,0.13045001,1.69454999,9246.264855,703.193787,650.03418,0.004133,0.004368
674,4,0,0,257.9514,77.0,17.0,0.006413596,72.6131101490998,5.58380127,0.0,0.003067871,0.163011789,1.661988211,9262.392214,692.389587,627.796509,0.003828,0.004117
675,4,0,0,259.7605,79.0,17.0,0.006359716,72.6087132230056,5.58380127,0.0,0.003067871,0.199778795,1.625221205,9277.174715,689.849426,657.125916,0.004015,0.004269
676,4,0,0,260.166,79.0,17.1,0.006323476,72.6038707028522,5.58380127,0.0,0.003067871,0.248679399,1.576320601,9292.628243,713.241699,628.853821,0.003925,0.004112
677,4,0,0,260.6746,80.0,17.1,0.006321956,72.5995545495326,5.58380127,0.0,0.003067871,0.298539877,1.526460123,9307.409033,709.187805,633.926514,0.004007,0.004236
678,4,0,0,261.6979,80.0,17.2,0.006365214,72.5945137747846,5.58380127,0.0,0.003067871,0.370463133,1.454536867,9323.532564,719.655212,634.285706,0.003902,0.004183
679,4,0,0,260.6746,78.0,17.2,0.00645045,72.5903638823804,5.58380127,0.0,-0.008628387,0.434813261,1.390186739,9337.639796,752.238403,835.436279,0.003987,0.004254
680,4,0,0,253.0556,76.0,17.3,0.006591165,72.585788110332,5.58380127,0.0,-0.017832001,0.498230219,1.326769781,9354.433043,748.519104,626.276672,0.003823,0.004041
681,4,0,0,250.0188,77.0,17.3,0.006718417,72.5815860753118,5.58380127,0.0,-0.017832001,0.5105474,1.3144526,9368.538474,768.241028,631.016479,0.003752,0.004035
682,4,0,0,252.0034,77.0,17.3,0.006828545,72.5767267858356,5.58380127,0.0,-0.000959,0.474820852,1.350179148,9384.65798,731.031128,627.645691,0.003724,0.003904
683,4,0,0,254.2136,77.0,17.3,0.00688995,72.5729126500356,5.58380127,0.0,-0.000959,0.425423861,1.399576139,9398.761771,735.929871,638.699219,0.003768,0.003961
684,4,0,0,256.2657,79.0,17.7,0.006937709,72.5686248371934,5.58380127,0.0,-0.000959,0.366519213,1.458480787,9414.879614,721.33667,643.786926,0.00393,0.004042
685,4,0,0,257.2546,81.0,17.7,0.006968207,72.5648849241542,5.58380127,0.0,-0.003259613,0.309776545,1.515223455,9429.653651,740.897827,637.208923,0.003783,0.004116
686,4,0,0,259.3563,85.0,17.7,0.006985124,72.560797071807,5.58380127,0.0,-0.003259613,0.2400949,1.5849051,9445.770219,731.360291,626.476074,0.003766,0.00411
687,4,0,0,257.5527,87.0,17.7,0.006973608,72.5571943389094,5.58380127,0.0,-0.005560516,0.170942545,1.654057455,9459.871578,738.335876,629.725098,0.003697,0.003975
688,4,0,0,256.5616,88.0,17.8,0.006924821,72.5527664169268,5.58380127,0.0,-0.005560516,0.072671652,1.752328348,9476.657879,775.317078,634.853882,0.003832,0.003969
689,4,0,0,246.1417,89.0,17.8,0.006859712,72.5491187673498,5.58380127,0.0,-0.005560516,-0.027978659,1.852978659,9490.085963,760.661682,638.198914,0.003838,0.004198
690,4,0,0,220.4245,90.0,17.8,0.00678364,72.5450065335016,5.58380127,0.0,-0.001725677,-0.153871298,1.978871298,9506.869911,788.147278,647.702087,0.004043,0.004307
691,4,0,0,183.6682,89.0,17.8,0.006732984,72.5414923625842,5.58380127,0.0,-0.001725677,-0.273507357,2.098507357,9520.967636,803.834778,646.387024,0.004133,0.004299
692,4,0,0,174.1675,86.0,17.8,0.006691506,72.537436294702,5.58380127,0.0,0.003834839,-0.418945551,2.243945551,9537.078659,762.111328,631.251099,0.004095,0.004475
693,4,0,0,161.98,84.0,17.8,0.006659976,72.5338106769896,5.58380127,0.0,0.003834839,-0.53243947,2.35743947,9551.846536,699.25177,654.336121,0.004262,0.004599
694,4,0,0,156.5043,82.0,17.8,0.006637133,72.530111544626,5.58380127,0.0,0.019941162,-0.647351503,2.472351503,9567.956346,711.271423,658.569824,0.004076,0.004372
695,4,0,0,160.4364,83.0,17.8,0.006643558,72.526720584779,5.58380127,0.0,0.019941162,-0.708301783,2.533301783,9582.051987,801.672485,643.643311,0.004253,0.004606
696,4,0,0,164.5711,83.0,17.5,0.006684894,72.5227312884134,5.58380127,0.0,0.019941162,-0.720642328,2.545642328,9598.160739,491.55069,564.478882,0.004147,0.004556
697,4,0,0,171.1098,83.0,17.5,0.006746204,72.5193920688474,5.58380127,0.0,0.019941162,-0.68027091,2.50527091,9612.926493,734.236816,653.121277,0.00434,0.004672
698,4,0,0,176.8284,82.0,17.0,0.00684353,72.5154139734882,5.58380127,0.0,0.009203613,-0.579243898,2.404243898,9629.033845,773.270996,649.184509,0.004284,0.00463
699,4,0,0,180.0958,81.0,17.0,0.006956449,72.5121297128832,5.58380127,0.0,0.005368774,-0.451013327,2.276013327,9643.127127,779.943726,643.811829,0.004024,0.004387
700,4,0,0,182.5817,80.0,16.5,0.007115738,72.508463507616,5.58380127,0.0,-0.004793549,-0.287359953,2.112359953,9659.903994,698.100708,642.771973,0.004076,0.004448
701,4,0,0,183.6682,79.0,16.5,0.007257148,72.5051912044072,5.58380127,0.0,-0.004793549,-0.155268908,1.980268908,9673.324801,730.851501,634.628784,0.004088,0.004489
702,4,0,0,184.3998,79.0,16.1,0.007363889,72.5017262149202,5.58380127,0.0,-0.004793549,-0.005146265,1.830146265,9690.099925,705.228699,643.890686,0.003942,0.004178
703,4,0,0,186.0673,78.0,16.1,0.007382909,72.4988663211798,5.58380127,0.0,-0.010929291,0.10286355,1.72213645,9704.190379,656.925903,633.870483,0.003861,0.004077
704,4,0,0,187.3852,76.0,15.4,0.007346026,72.4953839347274,5.58380127,0.0,-0.012463226,0.208645582,1.616354418,9720.293286,701.984192,642.887207,0.004097,0.004421
705,4,0,0,188.3381,75.0,15.4,0.007286629,72.4923836904456,5.58380127,0.0,-0.010929291,0.26856637,1.55643363,9735.053826,697.552124,641.162292,0.003901,0.004224
706,4,0,0,188.9145,76.0,15.0,0.007193027,72.489032095055,5.58380127,0.0,-0.010929291,0.300152063,1.524847937,9751.155705,706.894104,645.918579,0.004048,0.004284
707,4,0,0,189.4944,75.0,15.0,0.007104517,72.4858636103696,5.58380127,0.0,-0.010929291,0.299772501,1.525227499,9765.244403,711.945679,649.396118,0.004099,0.004456
708,4,0,0,191.2558,77.0,14.7,0.00702486,72.4827254778366,5.58380127,0.0,-0.010929291,0.267585993,1.557414007,9781.345243,723.555786,637.513611,0.00392,0.004212
709,4,0,0,192.2485,76.0,14.7,0.006981583,72.479787804694,5.58380127,0.0,-0.008628387,0.206650972,1.618349028,9795.433022,484.023895,558.980774,0.003784,0.004071
710,4,0,0,193.2517,77.0,14.5,0.006960827,72.4765571512044,5.58380127,0.0,-0.008628387,0.110517263,1.714482737,9812.203581,703.746887,636.789001,0.003926,0.004092
711,4,0,0,193.6558,78.0,14.5,0.006956785,72.4738460892272,5.58380127,0.0,-0.008628387,0.003558397,1.821441603,9826.290291,696.081787,628.76709,0.003984,0.004176
712,4,0,0,194.6737,77.0,14.2,0.006946027,72.4706972706766,5.58380127,0.0,0.00690271,-0.14027667,1.96527667,9842.366676,694.397278,636.73761,0.004187,0.004481
713,4,0,0,195.4958,77.0,14.2,0.006929342,72.4680877258666,5.58380127,0.0,0.00690271,-0.258537054,2.083537054,9856.41586,707.975586,655.92041,0.004256,0.004585
714,4,0,0,195.2896,76.0,14.3,0.006907498,72.4652195440252,5.58380127,0.0,0.005368774,-0.368569136,2.193569136,9872.466838,694.860107,632.156616,0.004069,0.004348
715,4,0,0,196.3248,75.0,14.3,0.006874767,72.4626696735424,5.58380127,0.0,0.005368774,-0.450119257,2.275119257,9887.177115,728.383606,627.873291,0.004142,0.004418
716,4,0,0,197.371,74.0,14.4,0.006816879,72.4598140284596,5.58380127,0.0,0.005368774,-0.535274744,2.360274744,9903.224202,740.059814,633.546692,0.004142,0.004504
717,4,0,0,197.5816,77.0,14.4,0.006773479,72.457334534415,5.58380127,0.0,0.005368774,-0.58995223,2.41495223,9917.935958,697.243103,649.159119,0.004106,0.00447
718,4,0,0,198.6413,78.0,14.7,0.006760748,72.4546468400546,5.58380127,0.0,0.00690271,-0.638592005,2.463592005,9933.987088,699.829712,639.506104,0.004009,0.004218
719,4,0,0,199.4973,76.0,14.7,0.006778609,72.4521340648588,5.58380127,0.0,0.00690271,-0.663272619,2.488272619,9948.033406,687.899719,638.072693,0.00404,0.004346
720,4,0,0,200.3606,78.0,15.3,0.006807632,72.4493336362314,5.58380127,0.0,0.00690271,-0.670692205,2.495692205,9964.08808,758.169312,638.143494,0.003883,0.00416
721,4,0,0,200.7951,77.0,15.3,0.006818099,72.373192847926,3.82598877,0.0,0.017640259,-0.656667471,2.481667471,9978.137465,689.784729,635.06842,0.003817,0.004136
722,4,0,0,201.2315,77.0,15.6,0.006804596,72.2591407245868,5.23223877,0.0,0.003834839,-0.599482298,2.424482298,9994.864718,685.43457,574.784729,0.004146,0.004429
723,4,0,0,202.7739,78.0,15.6,0.006783732,72.236253624524,5.320129395,0.0,0.003834839,-0.533658743,2.358658743,10008.9171,653.46521,650.028992,0.004287,0.004683
724,4,0,0,202.7739,78.0,16.1,0.006771799,72.2190451611182,5.276184082,0.0,-0.008628387,-0.451410055,2.276410055,10024.97864,677.303772,641.772217,0.004168,0.004449
725,4,0,0,203.8902,77.0,16.1,0.006787972,72.2141056782298,5.58380127,0.0,-0.007094452,-0.381411314,2.206411314,10039.03396,681.722778,641.634094,0.004208,0.004465
726,4,0,0,205.0189,80.0,16.3,0.006847407,72.2222013182592,5.671691895,0.0,-0.007094452,-0.325325251,2.150325251,10055.09874,680.893921,650.201599,0.004307,0.004646
727,4,0,0,206.1601,79.0,16.3,0.006929136,72.2301591826912,5.671691895,0.0,-0.007094452,-0.29229331,2.11729331,10069.82571,682.139282,631.921692,0.004027,0.004312
728,4,0,0,207.0822,76.0,16.5,0.007039752,72.2385676784166,5.671691895,0.0,-0.007094452,-0.275827646,2.100827646,10085.89135,682.700317,636.117004,0.003975,0.004325
729,4,0,0,208.2466,74.0,16.5,0.00713277,72.2462394504768,5.671691895,0.0,-0.005560516,-0.279956579,2.104956579,10099.94862,692.35791,626.078674,0.003936,0.004065
730,4,0,0,209.1875,75.0,16.9,0.007202365,72.2546802617494,5.671691895,0.0,-0.001725677,-0.302783251,2.127783251,10116.68325,704.994507,640.231628,0.00396,0.004124
731,4,0,0,210.615,73.0,16.9,0.007208712,72.2618216758126,5.671691895,0.0,0.0,-0.330578566,2.155578566,10130.07097,705.871704,627.52771,0.003844,0.00411
732,4,0,0,211.8195,73.0,17.0,0.007153288,72.270276842398,5.627746582,0.0,0.00690271,-0.363737345,2.188737345,10146.8056,701.457214,642.446289,0.003986,0.004316
733,4,0,0,212.5489,76.0,17.0,0.007073037,72.2772836190768,5.671691895,0.0,0.00690271,-0.381827593,2.206827593,10160.86261,695.880676,634.720825,0.003921,0.004257
734,4,0,0,213.7757,78.0,17.1,0.006983598,72.2854855882,5.671691895,0.0,0.00690271,-0.380383253,2.205383253,10176.92769,702.199219,624.700378,0.003812,0.00412
735,4,0,0,214.2704,79.0,17.1,0.006933547,72.2922208853142,5.671691895,0.0,0.00690271,-0.360990763,2.185990763,10191.65392,695.422119,620.069885,0.003885,0.004183
736,4,0,0,215.2667,80.0,17.2,0.006921413,72.2988723840946,5.627746582,0.0,0.00690271,-0.32251811,2.14751811,10205.71069,674.564819,635.70813,0.004011,0.004269
737,4,0,0,216.5252,79.0,17.2,0.006952893,72.2991601179932,5.58380127,0.0,0.003834839,-0.256780863,2.081780863,10221.77547,703.491211,634.696716,0.004071,0.004382
738,4,0,0,217.7985,77.0,17.3,0.007002835,72.2986993317644,5.58380127,0.0,0.003834839,-0.188581705,2.013581705,10235.83206,703.313782,629.280579,0.003824,0.004223
739,4,0,0,218.5697,76.0,17.3,0.007045308,72.2977878176818,5.58380127,0.0,-0.003259613,-0.099355936,1.924355936,10252.56597,707.875305,636.820801,0.00394,0.00423
740,4,0,0,219.6065,76.0,17.3,0.007045776,72.2973697916168,5.58380127,0.0,-0.016298065,-0.016496897,1.841496897,10266.62235,703.622498,637.931702,0.003781,0.004053
741,4,0,0,220.9164,74.0,17.3,0.007020251,72.2967847965268,5.58380127,0.0,-0.003259613,0.046060324,1.778939676,10282.68667,684.543274,639.955505,0.003902,0.004179
742,4,0,0,234.7859,75.0,17.4,0.007002784,72.296304939619,5.58380127,0.0,-0.003259613,0.080250978,1.744749022,10296.74285,689.155518,642.720703,0.003903,0.004238
743,4,0,0,235.2,77.0,17.4,0.007002049,72.2958159899402,5.58380127,0.0,-0.003259613,0.107724905,1.717275095,10312.80694,740.78418,644.136108,0.003799,0.0041
744,4,0,0,236.2,78.0,17.8,0.007019132,72.2953765757466,5.58380127,0.0,-0.003259613,0.123763323,1.701236677,10327.53226,704.418579,631.932007,0.003902,0.004028
745,4,0,0,237.3775,81.0,17.8,0.007051798,72.2948112950716,5.58380127,0.0,-0.003259613,0.13138032,1.69361968,10343.59614,708.793701,627.736694,0.003807,0.004147
746,4,0,0,238.6521,83.0,18.4,0.007072159,72.2943859947898,5.58380127,0.0,-0.003259613,0.128748178,1.696251822,10357.65194,713.808472,633.207214,0.003814,0.004254
747,4,0,0,239.5956,84.0,18.4,0.007066172,72.2939262224452,5.58380127,0.0,-0.003259613,0.115908861,1.709091139,10374.38493,712.843506,630.635925,0.003812,0.004117
748,4,0,0,240.7202,83.0,18.9,0.007041904,72.2935128473728,5.58380127,0.0,-0.003259613,0.09500289,1.72999711,10387.77126,713.27002,634.480408,0.003684,0.003991
749,4,0,0,242.3831,81.0,18.9,0.007012431,72.2929629680816,5.58380127,0.0,-0.003259613,0.060637712,1.764362288,10404.50407,696.201477,629.317688,0.003711,0.003969
750,4,0,0,243.4452,76.0,19.1,0.006997371,72.2925709811378,5.58380127,0.0,-0.001725677,0.021395445,1.803604555,10418.5596,751.7677,838.991211,0.004068,0.004247
751,4,0,0,244.0691,76.0,19.1,0.00700352,72.2920378872628,5.58380127,0.0,-0.001725677,-0.029949903,1.854949903,10434.6231,751.10321,843.689819,0.003726,0.003979
752,4,0,0,245.3265,76.0,19.6,0.007036168,72.291654027486,5.58380127,0.0,-0.001725677,-0.080052614,1.905052614,10449.34791,705.036926,642.596497,0.003844,0.004088
753,4,0,0,246.3236,76.0,19.6,0.007114358,72.2912263131942,5.58380127,0.0,-0.001725677,-0.142598391,1.967598391,10465.41122,688.177612,640.575928,0.003958,0.00407
754,4,0,0,248.1574,78.0,19.8,0.007203545,72.2908528658472,5.58380127,0.0,-0.001725677,-0.202576399,2.027576399,10477.4586,707.081726,627.703003,0.003724,0.003961
755,4,0,0,249.6443,79.0,19.8,0.007334083,72.290436078974,5.58380127,0.0,-0.000959,-0.276045561,2.101045561,10493.52168,695.179077,626.92627,0.003652,0.003915
756,4,0,0,250.9599,78.0,20.2,0.007401824,72.2899819875996,5.58380127,0.0,0.0,-0.343359232,2.168359232,10506.2382,706.205811,639.025208,0.00352,0.003849
757,4,0,0,251.718,76.0,20.2,0.007417252,72.2895820987964,5.58380127,0.0,0.0,-0.42015481,2.24515481,10520.29317,703.924988,631.871704,0.003756,0.004037
758,4,0,0,252.672,75.0,20.6,0.007370146,72.2892435097538,5.58380127,0.0,0.0,-0.487728834,2.312728834,10534.34797,699.756104,633.370117,0.003921,0.004151
759,4,0,0,253.8264,75.0,20.6,0.007270868,72.2889155906354,5.58380127,0.0,0.013038452,-0.561599016,2.386599016,10550.41046,696.75769,637.147522,0.003998,0.004239
760,4,0,0,255.578,77.0,20.9,0.007167503,72.2885587355838,5.58380127,0.0,0.008436646,-0.59987998,2.42487998,10565.13434,691.920471,635.437317,0.003803,0.004086
761,4,0,0,256.9571,80.0,20.9,0.007059888,72.28810800773,5.58380127,0.0,0.008436646,-0.608011961,2.433011961,10581.19672,699.392517,628.898804,0.003685,0.003963
762,4,0,0,258.3512,82.0,21.5,0.006998257,72.2875407475668,5.58380127,0.0,0.005368774,-0.589983225,2.414983225,10595.25125,700.504211,628.657471,0.003754,0.003951
763,4,0,0,259.0539,81.0,21.5,0.006977221,72.2869631715342,5.58380127,0.0,-0.001725677,-0.552057028,2.377057028,10611.31349,697.791077,639.353699,0.003783,0.004076
764,4,0,0,260.9808,82.0,21.5,0.006990155,72.2865770264946,5.58380127,0.0,0.008436646,-0.521232843,2.346232843,10625.36793,705.040527,638.125488,0.003955,0.00421
765,4,0,0,262.2125,81.0,21.5,0.007012485,72.2861127640914,5.58380127,0.0,0.008436646,-0.469010115,2.294010115,10642.09941,704.949707,647.771179,0.00442,0.004676
766,4,0,0,263.0402,79.0,21.4,0.00702668,72.285644590992,5.58380127,0.0,0.001533936,-0.396454096,2.221454096,10656.15382,707.290588,640.808899,0.004288,0.004226
767,4,0,0,264.6063,76.0,21.4,0.007038028,72.285278868477,5.58380127,0.0,0.001533936,-0.296585321,2.121585321,10672.21594,702.11969,636.549316,0.004071,0.004354
768,4,0,0,265.5549,74.0,21.4,0.007051137,72.2849743652556,5.58380127,0.0,-0.003259613,-0.203264475,2.028264475,10686.27024,698.34198,635.622925,0.003987,0.004279
769,4,0,0,266.8303,73.0,21.4,0.007080217,72.2844352202622,5.58380127,0.0,-0.003259613,-0.099704981,1.924704981,10702.33223,700.438171,639.52948,0.004026,0.004335
770,4,0,0,267.1511,73.0,21.3,0.007115707,72.2839841866338,5.58380127,0.0,0.001533936,-0.024286509,1.849286509,10717.05565,729.194092,846.661804,0.00417,0.004377
771,4,0,0,268.9835,75.0,21.3,0.007148057,72.2836099346168,5.58380127,0.0,-0.004793549,0.060507059,1.764492941,10733.11743,697.444092,638.390991,0.004085,0.004333
772,4,0,0,270.1826,75.0,21.3,0.007152775,72.2832630252864,5.58380127,0.0,-0.008628387,0.124263525,1.700736475,10747.84061,560.371582,584.52832,0.003975,0.004289
773,4,0,0,271.3925,75.0,21.3,0.007143509,72.2827866284596,5.58380127,0.0,-0.004793549,0.167771101,1.657228899,10763.90216,706.466492,643.818115,0.004082,0.004322
774,4,0,0,272.5018,77.0,21.6,0.007154403,72.2825006809284,5.58380127,0.0,-0.004793549,0.18845582,1.63654418,10777.95593,703.792114,633.475525,0.003985,0.004217
775,4,0,0,273.1718,76.0,21.6,0.007203058,72.282077408415,5.58380127,0.0,-0.004793549,0.194657564,1.630342436,10794.01725,700.014099,629.153381,0.003965,0.00416
776,4,0,0,272.5018,76.0,21.5,0.007250194,72.2818002639736,5.58380127,0.0,-0.004793549,0.183384657,1.641615343,10806.06316,694.860901,656.976929,0.003967,0.004246
777,4,0,0,262.2125,78.0,21.5,0.007304455,72.281477929265,5.58380127,0.0,-0.004793549,0.150878668,1.674121332,10822.79356,708.987427,626.910706,0.00399,0.00425
778,4,0,0,235.5324,77.0,21.5,0.007338033,72.280913533727,5.58380127,0.0,-0.004793549,0.10424304,1.72075696,10836.84712,698.903687,628.352173,0.003855,0.004037
779,4,0,0,223.7537,78.0,21.5,0.007360312,72.2806016758218,5.58380127,0.0,-0.003259613,0.033564806,1.791435194,10852.90835,695.504395,624.456726,0.003763,0.004014
780,4,0,0,226.2597,82.0,21.1,0.007369008,72.2803372612598,5.58380127,0.0,-0.003259613,-0.042048216,1.867048216,10866.96193,712.104675,618.046814,0.003698,0.003938
781,4,0,0,232.4122,84.0,21.1,0.007369893,72.2798579354342,5.58380127,0.0,-0.003259613,-0.14389205,1.96889205,10883.0231,710.500305,617.884277,0.003606,0.00393
782,4,0,0,237.2085,83.0,20.8,0.007368509,72.2795986385734,5.58380127,0.0,0.0,-0.243818998,2.068818998,10897.7458,706.632874,633.934875,0.00383,0.004055
783,4,0,0,239.9405,81.0,20.8,0.007387815,72.2794172337686,5.58380127,0.0,0.00690271,-0.36969018,2.19469018,10913.80685,713.129395,629.761292,0.003745,0.00416
784,4,0,0,242.207,78.0,20.8,0.007437864,72.2790674115328,5.58380127,0.0,0.00690271,-0.457344294,2.282344294,10928.52936,698.159607,626.466614,0.003737,0.003986
785,4,0,0,243.9798,76.0,20.8,0.007525736,72.278555287358,5.58380127,0.0,0.00690271,-0.530781031,2.355781031,10944.58734,703.452087,629.384521,0.003657,0.003911
786,4,0,0,245.7787,77.0,20.6,0.007612781,72.2781247406278,5.58380127,0.0,0.00690271,-0.566485167,2.391485167,10958.60494,739.435303,624.277527,0.003687,0.003975
787,4,0,0,246.9624,80.0,20.6,0.007693577,72.2777262036702,5.58380127,0.0,0.00690271,-0.575143576,2.400143576,10972.53631,702.286194,631.366577,0.003767,0.004046
788,4,0,0,248.2498,80.0,20.0,0.007753589,72.277373951331,5.58380127,0.0,0.00690271,-0.55263114,2.37763114,10986.4018,695.530273,621.342529,0.003763,0.004064
789,4,0,0,249.2709,81.0,20.0,0.007789358,72.2656324802788,5.539855957,0.0,0.00690271,-0.492279291,2.317279291,11002.86234,697.778687,614.907898,0.00385,0.004076
790,4,0,0,251.149,82.0,19.8,0.007800314,71.9864626040218,0.307617188,0.0,0.00690271,-0.406047106,2.231047106,11015.99237,705.742493,637.028503,0.003996,0.00423
791,4,0,0,252.1941,81.0,19.8,0.007793118,71.3509735702914,2.548828125,0.0,-0.010929291,-0.277062178,2.102062178,11032.32569,698.28772,625.107422,0.003795,0.004022
792,4,0,0,252.4806,80.0,19.6,0.007765822,71.104964128641,3.430480957,0.0,-0.005560516,-0.187288523,2.012288523,11045.94107,684.921021,621.574402,0.003763,0.004037
793,4,0,0,253.3441,79.0,19.6,0.007729066,70.784964572381,2.329101563,0.0,-0.005560516,-0.129776716,1.954776716,11060.10012,713.668091,624.79071,0.003809,0.004049
794,4,0,0,253.3441,78.0,19.2,0.007699789,70.173024222294,0.0,6.747436523,-0.005560516,-0.106950045,1.931950045,11072.87974,697.27533,631.066772,0.004008,0.004284
795,4,0,0,253.4405,78.0,19.2,0.007672368,69.4046775571762,0.0,261.9232178,0.0,-0.110587358,1.935587358,11088.7317,705.886475,634.866577,0.003998,0.004338
796,4,0,0,250.2064,79.0,19.1,0.007632103,68.7457694882328,0.0,262.0697021,0.003067871,-0.120310068,1.945310068,11101.94278,704.115295,633.231873,0.003972,0.004258
797,4,0,0,240.5465,77.0,19.1,0.00756357,67.9931382535226,0.0,261.7767334,-0.025501678,-0.131178617,1.956178617,11116.92471,719.710815,652.786316,0.004207,0.004443
798,4,0,0,233.2253,74.0,18.7,0.007512641,67.347913388715,0.0,261.630249,-0.017832001,-0.24755168,2.07255168,11130.55037,709.776489,659.797729,0.004155,0.004342
799,4,0,0,233.2253,72.0,18.7,0.007499369,66.611027904378,0.0,261.3372803,0.021475098,-0.45926404,2.28426404,11145.22304,,,,
800,4,0,0,237.3775,72.0,18.6,0.007499369,66.611027904378,0.0,261.3372803,0.021475098,-0.45926404,2.28426404,11145.22304,,,,
801,4,0,0,240.5465,70.0,18.6,0.007499369,66.611027904378,0.0,261.3372803,0.021475098,-0.45926404,2.28426404,11145.22304,,,,
