Time,Drive,Stimulus,Failure,Palm.EDA,Heart.Rate,Breathing.Rate,Perinasal.Perspiration,Speed,Acceleration,Brake,Steering,LaneOffset,Lane.Position,Distance,Gaze.X.Pos,Gaze.Y.Pos,Lft.Pupil.Diameter,Rt.Pupil.Diameter
1,4,0,0,44.2413,119.0,18.8,0.005605131,-0.01780774299764,0.0,263.2415771,0.036047485,-0.099995375,1.924995375,8.06121e-06,0.0,0.0,0.005415,0.0
2,4,0,0,38.0826,120.0,18.8,0.00545738,-0.01875362453594,0.0,262.9486084,0.036047485,-0.099995375,1.924995375,1.51148e-05,690.084229,777.25293,0.006477,0.006224
3,4,0,0,41.2465,122.0,18.4,0.005276309,-0.02332814129914,0.0,262.5091553,0.03451355,-0.099995375,1.924995375,2.47443e-05,700.173218,777.649475,0.006082,0.00596
4,4,0,0,43.6649,123.0,18.4,0.005116802,0.00119573962,0.0,262.3626709,-0.001725677,-0.099995375,1.924995375,3.97431e-05,701.370911,737.512817,0.006471,0.006137
5,4,0,0,41.9565,123.0,17.8,0.004947729,0.78931852022406,0.0,138.2904053,-0.048510712,-0.100125074,1.925125074,9.49147e-05,735.702209,834.8349,0.006102,0.005666
6,4,0,0,43.5231,123.0,17.8,0.004817695,0.74130973219638,0.0,46.59118652,-0.043141937,-0.100527525,1.925527525,0.007499891,699.078918,769.0448,0.006085,0.005732
7,4,0,0,45.6734,124.0,17.2,0.004689341,3.58217979437108,17.24029541,0.0,-0.068451874,-0.101553202,1.926553202,0.132528994,742.74762,904.175598,0.006157,0.00571
8,4,0,0,45.2112,123.0,17.2,0.004596765,13.4361088418741,21.99188232,0.0,-0.092227875,-0.113029242,1.938029242,0.283140296,676.927673,723.371216,0.006144,0.005795
9,4,0,0,46.7893,122.0,16.7,0.004518919,22.3507737640364,16.88873291,0.0,-0.049277679,-0.176598787,2.001598787,0.464208486,670.639099,736.274414,0.00602,0.005727
10,4,0,0,47.8755,117.0,16.7,0.004475258,27.534336060905,17.24029541,0.0,0.023009033,-0.28557229,2.11057229,1.292338954,701.269592,714.061707,0.005901,0.005701
11,4,0,0,48.8348,110.0,16.2,0.004446052,32.305898884832,17.02056885,0.0,-0.008628387,-0.403791189,2.228791189,4.157259765,704.735779,754.275696,0.00584,0.005661
12,4,0,0,49.3744,104.0,16.2,0.004430697,35.8500192012036,16.88873291,0.0,0.029144775,-0.506937742,2.331937742,7.940977652,696.14978,609.349609,0.005861,0.005699
13,4,0,0,49.3744,99.0,15.8,0.004418526,39.558015503749,16.8447876,0.0,0.018407227,-0.585244417,2.410244417,13.35173914,676.792114,719.284729,0.005698,0.00542
14,4,0,0,50.0193,98.0,15.8,0.004412241,42.3470193138352,15.35064697,0.0,0.032979614,-0.611540556,2.436540556,18.84607767,0.0,0.0,0.0,0.0
15,4,0,0,50.5855,98.0,15.4,0.004411583,45.0568467019476,15.26275635,0.0,0.0,-0.572897673,2.397897673,25.86708861,687.762512,729.012512,0.005726,0.005548
16,4,0,0,50.9702,104.0,15.4,0.004414097,47.2278149315374,15.21881104,0.0,-0.010162323,-0.511369467,2.336369467,32.92252009,687.677795,712.762085,0.005588,0.005454
17,4,0,0,51.5584,107.0,14.8,0.004413694,49.399440125902,14.07348633,0.0,-0.010929291,-0.459909201,2.284909201,41.23488119,690.865417,702.515381,0.00543,0.005262
18,4,0,0,51.6577,103.0,14.8,0.004407119,51.135706277225,14.02954102,0.0,-0.030103485,-0.459602118,2.284602118,48.99931942,692.911377,700.910217,0.005501,0.005285
19,4,0,0,52.0589,99.0,14.2,0.00439182,52.962882596742,13.23852539,0.0,-0.007094452,-0.531071424,2.356071424,58.36736552,736.022522,844.905029,0.0056,0.005341
20,4,0,0,52.1602,94.0,14.2,0.00437308,54.431707500327,13.54614258,0.0,0.029144775,-0.609054327,2.434054327,67.36388169,693.010315,713.343811,0.005316,0.00508
21,4,0,0,52.364,92.0,13.4,0.004350012,56.4470807475536,16.00982666,0.0,0.013038452,-0.61800456,2.44300456,77.58660215,673.859985,703.638611,0.005332,0.005288
22,4,0,0,52.6726,91.0,13.4,0.004332385,58.1256637597784,14.64752197,0.0,-0.015531097,-0.588389158,2.413389158,86.86216935,687.274109,687.070129,0.005024,0.004834
23,4,0,0,53.0898,93.0,12.4,0.004319449,59.7613998808706,12.49145508,0.0,-0.005560516,-0.593618631,2.418618631,97.79661762,688.730896,681.13501,0.005005,0.004796
24,4,0,0,53.4071,93.0,12.4,0.00431876,60.86230577785,12.44750977,0.0,0.017640259,-0.611772776,2.436772776,107.639931,692.221313,686.148926,0.005168,0.004967
25,4,0,0,53.6207,90.0,11.7,0.004332244,62.1717633417382,12.53540039,0.0,0.005368774,-0.610329866,2.435329866,119.6757691,685.793701,685.691284,0.005187,0.005046
26,4,0,0,53.8361,87.0,11.7,0.00435128,63.255065408754,12.40356445,0.0,0.001533936,-0.590698957,2.415698957,129.5326378,695.178101,694.65332,0.005205,0.005009
27,4,0,0,53.1952,85.0,11.2,0.004371377,64.6448125268138,13.59008789,0.0,0.005368774,-0.563011885,2.388011885,142.1290873,694.273682,692.758606,0.005238,0.005138
28,4,0,0,47.7051,84.0,11.2,0.004382782,65.8476513639822,13.6340332,0.0,-0.008628387,-0.521231413,2.346231413,152.9793354,691.249329,698.299927,0.005484,0.005397
29,4,0,0,49.1031,86.0,10.7,0.004386677,67.070751968778,13.01879883,0.0,0.001533936,-0.49224925,2.31724925,165.7034957,682.912903,694.247925,0.005013,0.004881
30,4,0,0,50.4903,90.0,10.7,0.004383463,68.0093925392424,11.21429443,0.0,-0.003259613,-0.47068572,2.29568572,177.0846852,690.924011,690.230225,0.005263,0.005144
31,4,0,0,50.2066,93.0,10.2,0.004376018,68.9340340565026,11.8762207,0.0,0.013038452,-0.428126097,2.253126097,190.3410456,744.258728,857.982971,0.005054,0.004878
32,4,0,0,46.8711,91.0,10.2,0.004365831,69.7387024954428,11.92016602,0.0,0.003834839,-0.346045256,2.171045256,202.6847806,735.345581,855.773315,0.004843,0.004711
33,4,0,0,48.394,88.0,10.1,0.004348754,70.6551081025992,12.05200195,0.0,-0.013997162,-0.221538782,2.046538782,216.3559918,684.577881,701.417725,0.005256,0.005178
34,4,0,0,50.3008,89.0,10.1,0.004328557,71.4769954495618,11.8762207,0.0,-0.013997162,-0.158700705,1.983700705,228.4946684,696.338928,705.205017,0.005552,0.005502
35,4,0,0,51.5584,89.0,10.3,0.004299658,72.343304426847,13.2824707,0.0,-0.012463226,-0.157414675,1.982414675,242.5621316,696.509216,692.5849,0.005453,0.005363
36,4,0,0,52.1602,89.0,10.3,0.004274542,73.152091359968,13.01879883,0.0,-0.000959,-0.200957537,2.025957537,255.0591379,690.5979,686.208923,0.005509,0.005463
37,4,0,0,52.6726,89.0,10.4,0.004257463,74.05409231196,13.01879883,0.0,-0.010162323,-0.250213861,2.075213861,270.1654055,695.8172,702.211426,0.005332,0.005289
38,4,0,0,52.9849,88.0,10.4,0.00425799,74.8099311865978,12.9309082,0.0,0.012271484,-0.328050852,2.153050852,282.4204414,694.823792,697.118896,0.005642,0.005481
39,4,0,0,53.6207,88.0,10.9,0.00427192,75.6369205758822,12.75512695,0.0,0.003067871,-0.405054331,2.230054331,297.9352565,696.200806,696.319885,0.005592,0.005429
40,4,0,0,53.8361,88.0,10.9,0.004288146,76.3204683644286,12.31567383,0.0,-0.001725677,-0.451099634,2.276099634,311.1243695,700.697205,696.416504,0.005409,0.005355
41,4,0,0,53.6207,88.0,11.3,0.004297639,77.050050840873,12.40356445,0.0,0.005368774,-0.50354743,2.32854743,326.3400904,711.74353,779.595215,0.005366,0.005228
42,4,0,0,52.6726,89.0,11.3,0.004287877,77.675859115141,12.49145508,0.0,0.003834839,-0.539537668,2.364537668,339.7819207,745.588928,856.501892,0.005169,0.005045
43,4,0,0,53.4071,88.0,12.0,0.004265759,78.325260635677,7.168579102,0.0,0.012271484,-0.555598021,2.380598021,353.9898997,696.405212,709.939392,0.005657,0.005667
44,4,0,0,53.8361,86.0,12.0,0.00424616,78.293148509053,6.069946289,0.0,0.001533936,-0.516128302,2.341128302,367.0174341,693.832092,705.96991,0.005461,0.005389
45,4,0,0,54.1624,88.0,12.3,0.004236781,78.2809488749962,6.421508789,0.0,0.0,-0.430358648,2.255358648,383.4532517,687.281311,689.524597,0.005112,0.005063
46,4,0,0,54.827,89.0,12.3,0.004235783,78.2473881170646,6.289672852,0.0,-0.020132904,-0.360769033,2.185769033,397.3857773,691.742798,698.470276,0.005366,0.005198
47,4,0,0,54.9393,85.0,12.8,0.004238133,78.2177869148954,6.289672852,0.0,0.013038452,-0.35560441,2.18060441,413.4443436,698.460571,697.413513,0.005425,0.005291
48,4,0,0,55.1654,83.0,12.8,0.004244638,78.1952492669202,6.333618164,0.0,0.001533936,-0.369377851,2.194377851,427.6230066,689.837402,710.349304,0.00559,0.00542
49,4,0,0,55.5081,83.0,13.7,0.004257867,78.1088477612966,3.694152832,0.0,0.003067871,-0.369772196,2.194772196,443.9692056,696.603821,702.51532,0.005546,0.005411
50,4,0,0,55.855,81.0,13.7,0.004271774,77.7561197494728,0.219726563,0.0,-0.003259613,-0.360827684,2.185827684,459.0832579,689.156616,705.069092,0.005572,0.005363
51,4,0,0,55.7389,80.0,14.1,0.004287608,76.8963246402112,0.0,0.0,-0.001725677,-0.354919672,2.179919672,475.7093555,712.424927,717.414673,0.005413,0.00531
52,4,0,0,56.0887,81.0,14.1,0.004302674,76.1402384904824,0.0,0.0,-0.000959,-0.35550189,2.18050189,490.3705285,694.474426,691.84491,0.005279,0.005149
53,4,0,0,56.3244,87.0,14.5,0.004324037,75.3184262836044,0.0,0.0,0.003834839,-0.357547045,2.182547045,507.2518891,684.577393,717.578491,0.005478,0.005323
54,4,0,0,56.8017,89.0,14.5,0.004347355,75.1274723150738,5.58380127,0.0,0.003834839,-0.33039403,2.15539403,522.1264963,698.9552,731.678894,0.005693,0.005648
55,4,0,0,56.9223,86.0,14.5,0.004375088,75.084554081899,5.850219727,0.0,-0.008628387,-0.248835325,2.073835325,539.9551161,684.946289,707.470093,0.005494,0.005352
56,4,0,0,57.0434,84.0,14.5,0.004393078,75.0572217594486,5.671691895,0.0,-0.017832001,-0.219342947,2.044342947,554.3118127,694.454102,684.512878,0.005236,0.00521
57,4,0,0,57.4099,79.0,14.9,0.004404779,75.015802594297,5.715637207,0.0,0.001533936,-0.260084867,2.085084867,572.3723152,701.212402,687.873596,0.005162,0.005194
58,4,0,0,57.6568,75.0,14.9,0.004415296,74.988645303665,5.671691895,0.0,0.005368774,-0.301498175,2.126498175,587.5999993,696.591492,700.258118,0.005114,0.00509
59,4,0,0,57.7811,76.0,14.9,0.004433838,74.9427503225724,5.539855957,0.0,0.005368774,-0.323767424,2.148767424,604.9976055,699.734497,694.22699,0.005368,0.005342
60,4,0,0,58.0312,78.0,14.9,0.004452062,74.8979141906394,5.58380127,0.0,-0.003259613,-0.322303057,2.147303057,620.218488,691.024109,700.038513,0.005332,0.005297
61,4,0,0,58.4105,79.0,15.2,0.004471463,74.8482059588838,5.58380127,0.0,-0.013997162,-0.328119516,2.153119516,637.6094738,686.096497,659.345703,0.005323,0.005257
62,4,0,0,58.5381,83.0,15.2,0.00448875,74.8057246293322,5.58380127,0.0,0.003834839,-0.369817495,2.194817495,653.5463174,693.581299,704.27948,0.005145,0.005076
63,4,0,0,58.6662,87.0,15.5,0.004507982,74.7590390277778,5.58380127,0.0,0.003834839,-0.417559385,2.242559385,670.9272848,691.342102,698.901794,0.005041,0.004924
64,4,0,0,58.924,87.0,15.5,0.004522722,74.7185215919216,5.58380127,0.0,0.005368774,-0.441450357,2.266450357,686.1320828,692.19928,698.564392,0.005152,0.00514
65,4,0,0,59.0538,86.0,15.7,0.004541334,74.675443680032,5.58380127,0.0,0.014572388,-0.44380641,2.26880641,703.5007963,692.310913,696.13623,0.005152,0.005112
66,4,0,0,59.3151,87.0,15.7,0.004562867,74.6371531040272,5.58380127,0.0,-0.010162323,-0.419585943,2.244585943,719.3928048,750.240112,856.338806,0.005049,0.005006
67,4,0,0,59.4467,87.0,15.9,0.004587988,74.5959895503478,5.58380127,0.0,-0.004793549,-0.410042048,2.235042048,736.6483355,688.33551,720.762512,0.005278,0.005304
68,4,0,0,56.4372,86.0,15.9,0.004599588,74.5605119719158,5.58380127,0.0,-0.005560516,-0.423524618,2.248524618,751.6317978,0.0,0.0,0.0,0.0
69,4,0,0,56.1463,85.0,15.8,0.004594289,74.5207763212448,5.58380127,0.0,-0.010162323,-0.463356256,2.288356256,768.6230469,690.719116,691.362671,0.005197,0.005267
70,4,0,0,56.4029,87.0,15.8,0.004578095,74.4873709611836,5.58380127,0.0,0.003834839,-0.515068769,2.340068769,783.3752624,679.835999,705.000122,0.005291,0.005368
71,4,0,0,56.8531,87.0,16.1,0.004558556,74.4498714079756,5.58380127,0.0,0.010737549,-0.562129259,2.387129259,800.1106706,670.764709,708.552429,0.00552,0.005604
72,4,0,0,53.9444,86.0,16.1,0.00454913,74.4173629330964,5.188293457,0.0,0.0,-0.573130846,2.398130846,814.719448,684.684998,708.925903,0.005165,0.005101
73,4,0,0,50.5855,89.0,16.0,0.004548468,74.3111996978768,5.23223877,0.0,0.00690271,-0.57918334,2.40418334,832.1021877,691.478516,692.966492,0.005357,0.005279
74,4,0,0,52.6726,93.0,16.0,0.004555109,74.2631481368106,5.276184082,0.0,0.00690271,-0.574226618,2.399226618,846.6999478,687.642395,693.771606,0.005268,0.005203
75,4,0,0,54.827,99.0,16.2,0.00457664,74.2126965830958,5.539855957,0.0,0.003067871,-0.543017626,2.368017626,863.3772365,689.9104,679.806274,0.004755,0.004608
76,4,0,0,56.3244,101.0,16.2,0.004614539,74.1609489152252,5.144348145,0.0,0.003067871,-0.503326178,2.328326178,877.9641482,679.567871,691.824097,0.00488,0.004826
77,4,0,0,57.0434,99.0,16.0,0.004676597,74.1006910091544,5.495910645,0.0,-0.003259613,-0.447422266,2.272422266,894.6297987,762.689697,911.078491,0.006248,0.004897
78,4,0,0,57.5331,95.0,16.0,0.004732349,74.041497858521,5.364074707,0.0,-0.005560516,-0.397541761,2.222541761,909.9009615,0.0,0.0,0.0,0.0
79,4,0,0,58.0312,92.0,16.2,0.004777641,73.9223472012212,4.441223145,0.0,-0.007094452,-0.359841585,2.184841585,925.8587575,0.0,0.0,0.004942,0.0
80,4,0,0,58.6662,89.0,16.2,0.00479624,73.7765340931526,0.0,0.0,-0.010162323,-0.34685111,2.17185111,941.1150225,0.0,0.0,0.0,0.0
81,4,0,0,58.5381,86.0,16.1,0.004802297,73.1235251243528,0.0,0.0,-0.001725677,-0.378593206,2.203593206,957.7499117,0.0,0.0,0.0,0.0
82,4,0,0,56.9223,87.0,16.1,0.004805278,72.790925852112,3.82598877,0.0,0.008436646,-0.429642439,2.254642439,972.2983481,759.845215,741.728088,0.005154,0.004933
83,4,0,0,57.2872,89.0,15.7,0.004817085,72.6643173684116,5.23223877,0.0,0.003834839,-0.478482485,2.303482485,988.9171533,0.0,0.0,0.0,0.0
84,4,0,0,57.2872,94.0,15.7,0.004835688,72.2238645389624,0.0,0.0,0.00690271,-0.516139746,2.341139746,1003.451875,0.0,0.0,0.005344,0.0
85,4,0,0,58.0312,94.0,15.6,0.004852974,71.7785217782034,3.957824707,0.0,0.025309937,-0.520752668,2.345752668,1020.746995,688.974487,729.289185,0.005531,0.005468
86,4,0,0,58.5381,90.0,15.6,0.004853229,71.7112359648196,5.58380127,0.0,-0.010162323,-0.465971708,2.290971708,1034.576836,671.00238,710.112183,0.0,0.005145
87,4,0,0,58.6662,87.0,15.6,0.004837964,71.6903460556968,3.694152832,0.0,0.001533936,-0.412816286,2.237816286,1051.856371,0.0,0.0,0.0,0.0
88,4,0,0,57.2872,83.0,15.6,0.004820983,71.553366647075,4.045715332,0.0,-0.001725677,-0.372298956,2.197298956,1066.364606,0.0,0.0,0.0,0.0
89,4,0,0,54.4926,77.0,15.5,0.004809066,71.4315535781462,5.58380127,0.0,-0.024734711,-0.32948184,2.15448184,1082.938276,0.0,0.0,0.005448,0.0
90,4,0,0,51.3608,77.0,15.5,0.004809556,71.5514663866832,7.739868164,0.0,-0.010929291,-0.33247304,2.15747304,1097.434002,748.661072,859.284912,0.005377,0.0
91,4,0,0,49.0134,80.0,15.5,0.004818223,71.7543950357254,7.344360352,0.0,0.003834839,-0.38365531,2.20865531,1113.993488,710.508911,712.491272,0.005585,0.005326
92,4,0,0,51.2626,81.0,15.5,0.004823789,71.9082584809024,7.256469727,0.0,0.003834839,-0.434258223,2.259258223,1129.166523,710.237,716.650818,0.005579,0.005355
93,4,0,0,53.9444,80.0,15.4,0.004820666,71.979419053924,5.982055664,0.0,0.010737549,-0.471277475,2.296277475,1143.644287,681.781494,738.354919,0.005615,0.005452
94,4,0,0,55.7389,80.0,15.4,0.004803173,72.003976375319,5.144348145,0.0,-0.001725677,-0.48820281,2.31320281,1160.183694,0.0,0.0,0.0,0.0
95,4,0,0,56.3244,83.0,15.4,0.004776037,71.5881113964446,0.0,0.0,-0.001725677,-0.498124361,2.323124361,1174.642247,0.0,0.0,0.0,0.0
96,4,0,0,57.0434,83.0,15.4,0.004739339,71.0518805798232,1.23046875,0.0,-0.008628387,-0.519420862,2.344420862,1191.839013,0.0,0.0,0.0,0.0
97,4,0,0,56.443,83.0,15.4,0.004713811,71.0984861167126,7.432250977,0.0,0.018407227,-0.553626776,2.378626776,1205.588605,684.531006,702.786926,0.0,0.005578
98,4,0,0,53.6207,88.0,15.4,0.004701083,71.2710231684314,7.212524414,0.0,-0.010162323,-0.555146456,2.380146456,1222.76539,698.056519,724.638794,0.005589,0.005451
99,4,0,0,54.3821,88.0,15.3,0.004702479,71.4142445470838,7.124633789,0.0,0.001533936,-0.535102129,2.360102129,1237.183804,708.276489,723.218811,0.005435,0.00528
100,4,0,0,55.855,85.0,15.3,0.004711717,71.615308373401,8.442993164,0.0,0.001533936,-0.509315729,2.334315729,1253.650417,0.0,0.0,0.0,0.0
101,4,0,0,57.1651,83.0,15.3,0.004720899,71.8405955991566,7.783813477,0.0,0.0,-0.473236322,2.298236322,1268.047622,698.0625,729.936279,0.005604,0.005312
102,4,0,0,57.7811,82.0,15.3,0.004724605,72.0601173482688,7.783813477,0.0,0.0,-0.429017782,2.254017782,1284.479935,706.753296,723.282227,0.005317,0.005158
103,4,0,0,58.4105,80.0,15.6,0.004717685,72.4632212104538,11.12640381,0.0,-0.000959,-0.388162851,2.213162851,1299.513202,695.362488,719.352905,0.005426,0.005249
104,4,0,0,58.7948,81.0,15.6,0.004702599,72.9673902406064,10.86273193,0.0,-0.010162323,-0.356102705,2.181102705,1315.803036,691.717224,751.644104,0.00553,0.005365
105,4,0,0,59.4467,81.0,15.8,0.004693076,73.3825296324484,11.0824585,0.0,-0.013997162,-0.360081911,2.185081911,1329.968706,679.338379,757.438477,0.005612,0.005414
106,4,0,0,56.923,79.0,15.8,0.00469715,73.8563800005664,10.07171631,0.0,0.0,-0.405447245,2.230447245,1346.121274,698.351074,718.156311,0.0,0.005371
107,4,0,0,57.2043,78.0,15.7,0.004715533,74.1695800148594,9.676208496,0.0,0.008436646,-0.459507704,2.284507704,1360.206972,692.465393,767.101929,0.005444,0.005301
108,4,0,0,56.8356,84.0,15.7,0.004743897,74.5326047449372,9.764099121,0.0,0.00690271,-0.497205973,2.322205973,1376.854453,694.188782,722.809998,0.005297,0.005223
109,4,0,0,56.0614,89.0,16.0,0.004764668,74.8510660296516,9.808044434,0.0,0.0,-0.515618563,2.340618563,1390.135254,689.840271,746.530518,0.005457,0.005249
110,4,0,0,56.6617,92.0,16.0,0.004777867,75.1958566639416,9.851989746,0.0,0.0,-0.534024,2.359024,1406.731877,691.747986,746.680603,0.005664,0.005532
111,4,0,0,57.2574,95.0,16.2,0.004779857,75.5046347429968,9.764099121,0.0,0.001533936,-0.551745653,2.376745653,1420.649659,685.351501,733.362183,0.005645,0.005367
112,4,0,0,57.6675,92.0,16.2,0.004771511,75.8390541465908,9.588317871,0.0,0.001533936,-0.568058729,2.393058729,1436.515306,679.050781,762.226685,0.005729,0.00566
113,4,0,0,58.0107,88.0,16.3,0.004757942,76.123581322587,9.456481934,0.0,-0.008628387,-0.579020262,2.404020262,1449.609359,698.019287,749.15802,0.005435,0.005294
114,4,0,0,57.2751,85.0,16.3,0.004747665,76.4055444980952,9.236755371,0.0,0.0,-0.607948542,2.432948542,1465.297906,771.063599,718.793701,0.005498,0.005255
115,4,0,0,58.5381,84.0,16.5,0.004756935,76.6522588628524,9.280700684,0.0,0.013038452,-0.638479948,2.463479948,1479.924258,681.673828,573.411194,0.00536,0.005216
116,4,0,0,59.1842,83.0,16.5,0.00479484,76.9318463950262,9.148864746,0.0,0.003834839,-0.651000261,2.476000261,1495.912469,649.596985,723.683716,0.005524,0.00528
117,4,0,0,57.2397,86.0,16.6,0.004844901,77.0335015309444,6.553344727,0.0,0.003834839,-0.646867514,2.471867514,1509.910297,585.155396,748.046326,0.00561,0.005365
118,4,0,0,57.6495,88.0,16.6,0.004908234,77.0906570962038,7.476196289,0.0,0.026843872,-0.629208326,2.454208326,1525.846167,689.444275,744.0979,0.005591,0.005527
119,4,0,0,58.0107,89.0,16.8,0.00495777,77.267127954245,9.280700684,0.0,0.00690271,-0.579158545,2.404158545,1540.344559,698.463196,749.069214,0.005689,0.005617
120,4,0,0,58.1747,91.0,16.8,0.004997412,77.5102424829166,8.797302246,0.0,-0.000959,-0.489864588,2.314864588,1556.136928,701.407715,689.376587,0.005488,0.005332
121,4,0,0,57.5599,92.0,17.2,0.005022539,77.675590194427,7.388305664,0.0,-0.020132904,-0.413937807,2.238937807,1569.989184,694.543823,696.071411,0.005651,0.005559
122,4,0,0,57.8295,90.0,17.2,0.00505947,77.7673201765104,7.432250977,0.0,-0.023200775,-0.359764338,2.184764338,1585.856351,697.586121,707.110474,0.00556,0.005433
123,4,0,0,58.2296,87.0,17.3,0.005109844,77.8375601426784,6.904907227,0.0,0.010737549,-0.382324934,2.207324934,1599.775484,697.339172,699.490906,0.005572,0.005455
124,4,0,0,57.7394,90.0,17.3,0.005187584,77.8896639896778,7.124633789,0.0,-0.000959,-0.410773993,2.235773993,1616.402777,696.008972,690.643494,0.005439,0.005291
125,4,0,0,51.1648,93.0,17.3,0.005267372,77.9158755033786,6.729125977,0.0,-0.001725677,-0.429221392,2.254221392,1629.743034,692.718872,692.2229,0.005478,0.005346
126,4,0,0,48.5694,95.0,17.3,0.00536423,77.9533321193954,7.256469727,0.0,0.003834839,-0.430439711,2.255439711,1646.506613,698.029785,716.169373,0.005287,0.005175
127,4,0,0,47.536,97.0,17.7,0.005441823,78.0591735027084,7.871704102,0.0,0.003067871,-0.431147337,2.256147337,1660.681893,694.931213,682.043213,0.004931,0.004808
128,4,0,0,51.0673,94.0,17.7,0.005492948,78.1818769550856,7.827758789,0.0,-0.001725677,-0.42683959,2.25183959,1676.983014,691.826721,460.9021,0.005414,0.005263
129,4,0,0,53.8361,91.0,17.7,0.005488231,78.2910737640184,7.827758789,0.0,-0.003259613,-0.405141115,2.230141115,1691.330289,699.437683,699.808777,0.005596,0.005246
130,4,0,0,55.2792,90.0,17.7,0.005449773,78.4084255010662,7.827758789,0.0,0.0,-0.385477781,2.210477781,1707.805297,701.869873,689.147705,0.005273,0.004989
131,4,0,0,56.2063,90.0,17.8,0.00541898,78.5137834386432,7.783813477,0.0,-0.013997162,-0.365422487,2.190422487,1722.977393,677.267517,702.828918,0.005256,0.005119
132,4,0,0,56.443,92.0,17.8,0.005393529,78.62857608369,7.827758789,0.0,-0.004793549,-0.353233576,2.178233576,1739.604703,701.032715,682.76532,0.005248,0.005043
133,4,0,0,56.6816,94.0,17.8,0.005358239,78.7381823087188,8.311157227,0.0,-0.004793549,-0.376300573,2.201300573,1754.217772,744.158997,858.798279,0.005164,0.005043
134,4,0,0,57.4099,93.0,17.8,0.005282559,78.8014560374826,5.58380127,0.0,0.003067871,-0.420283079,2.245283079,1770.990453,0.0,0.0,0.0,0.0
135,4,0,0,58.0312,89.0,17.8,0.005195442,78.6279933899562,3.694152832,0.0,-0.000959,-0.459042311,2.284042311,1785.727279,0.0,0.0,0.0,0.0
136,4,0,0,58.1571,88.0,17.8,0.005093965,78.3929955353878,4.485168457,0.0,0.010737549,-0.498692751,2.323692751,1802.635563,706.88092,729.109619,0.005258,0.005237
137,4,0,0,58.4105,86.0,18.1,0.005011025,78.2557540618404,5.100402832,0.0,0.012271484,-0.511520624,2.336520624,1817.482175,684.10321,741.680115,0.005592,0.005309
138,4,0,0,58.7948,82.0,18.1,0.004926604,78.1447746513632,5.276184082,0.0,0.010737549,-0.479647875,2.304647875,1835.218067,692.200806,695.670227,0.005203,0.005165
139,4,0,0,59.3151,82.0,18.1,0.004866717,78.045259937645,5.320129395,0.0,-0.004793549,-0.426011324,2.251011324,1850.167588,677.976807,716.609802,0.00518,0.005141
140,4,0,0,59.4467,84.0,18.1,0.004822105,77.9396726852114,5.320129395,0.0,-0.008628387,-0.37743783,2.20243783,1867.285152,690.488403,696.220276,0.005214,0.005141
141,4,0,0,56.993,87.0,18.1,0.004808494,77.854720438538,5.58380127,0.0,-0.003259613,-0.366523027,2.191523027,1882.272107,736.655579,846.927429,0.005159,0.005123
142,4,0,0,57.3283,90.0,18.1,0.004817643,77.7502035903252,0.0,0.0,0.001533936,-0.367445707,2.192445707,1899.436483,699.203796,767.096008,0.005172,0.005052
143,4,0,0,57.5242,92.0,18.4,0.004831905,77.1731482757756,0.263671875,0.0,0.001533936,-0.372392893,2.197392893,1915.219062,733.125671,855.964111,0.005264,0.005019
144,4,0,0,57.435,89.0,18.4,0.004834487,76.6117287775838,0.791015625,0.0,-0.003259613,-0.371349096,2.196349096,1931.75708,701.219421,721.388977,0.005301,0.005279
145,4,0,0,57.5957,85.0,18.4,0.004820564,76.1573728598746,1.23046875,0.0,0.0,-0.375498056,2.200498056,1947.595721,743.539124,872.967285,0.005113,0.00505
146,4,0,0,57.9381,81.0,18.4,0.004796208,75.9383221645804,5.58380127,0.0,-0.008628387,-0.384774923,2.209774923,1964.891474,682.871277,761.70752,0.005604,0.005393
147,4,0,0,58.0835,76.0,18.3,0.004775283,75.889704550356,5.58380127,0.0,-0.008628387,-0.402712584,2.227712584,1980.7559,741.49292,882.4198,0.005434,0.005295
148,4,0,0,58.3213,74.0,18.3,0.004751566,75.8248992127142,5.364074707,0.0,0.001533936,-0.444627047,2.269627047,1997.348367,714.21582,742.293701,0.00555,0.005504
149,4,0,0,58.3948,75.0,18.6,0.00472605,75.759439018533,5.320129395,0.0,0.001533936,-0.48717618,2.31217618,2013.226734,683.74469,760.740601,0.005584,0.005497
150,4,0,0,58.7655,78.0,18.6,0.004688328,75.6918681266616,5.58380127,0.0,0.00690271,-0.526773691,2.351773691,2030.572242,0.0,0.0,0.0,0.0
151,4,0,0,58.7655,81.0,18.5,0.004651236,75.6299302949384,5.23223877,0.0,0.003834839,-0.553982496,2.378982496,2045.772408,674.812988,736.748413,0.00533,0.005297
152,4,0,0,58.8588,85.0,18.5,0.004613943,75.5533832126566,5.364074707,0.0,0.008436646,-0.562153578,2.387153578,2063.169485,738.205322,730.160095,0.005596,0.005234
153,4,0,0,59.1219,86.0,18.8,0.004592711,75.354683007904,2.94708252,0.0,0.008436646,-0.550786257,2.375786257,2078.413787,694.603394,726.055176,0.005529,0.005356
154,4,0,0,59.1597,85.0,18.8,0.004576711,75.1204305513434,3.82598877,0.0,0.012271484,-0.51728797,2.34228797,2096.587926,620.559814,739.716187,0.005709,0.005558
155,4,0,0,59.2354,85.0,18.7,0.004558478,74.947721477272,3.957824707,0.0,0.003834839,-0.460568666,2.285568666,2111.147587,842.774719,717.259399,0.005592,0.005394
156,4,0,0,59.3683,84.0,18.7,0.004528058,74.7628848192956,3.782043457,0.0,-0.003259613,-0.382188082,2.207188082,2129.375056,664.529175,693.696594,0.005252,0.005197
157,4,0,0,59.5784,81.0,18.6,0.004497942,74.5965209383224,3.782043457,0.0,-0.004793549,-0.310291052,2.135291052,2144.697605,709.096497,621.224487,0.0,0.004654
158,4,0,0,59.5401,81.0,18.6,0.004465939,74.4156481169528,4.133605957,0.0,-0.019365936,-0.250819445,2.075819445,2162.171508,696.336914,699.792114,0.005305,0.005043
159,4,0,0,59.6744,81.0,18.9,0.004444642,74.2635529501942,4.133605957,0.0,-0.008628387,-0.237051725,2.062051725,2177.417053,709.453796,740.26709,0.005659,0.005341
160,4,0,0,59.8287,81.0,18.9,0.004431413,74.0920445081364,4.00177002,0.0,-0.008628387,-0.257145166,2.082145166,2194.808062,698.133118,740.296875,0.005586,0.005387
161,4,0,0,59.8287,81.0,18.8,0.0044279,73.9367254149294,4.089660645,0.0,-0.005560516,-0.29815793,2.12315793,2210.727288,694.954285,688.462219,0.005098,0.004939
162,4,0,0,60.1395,83.0,18.8,0.004426783,73.7676893536334,4.00177002,0.0,0.00690271,-0.359581709,2.184581709,2228.070229,693.534424,715.231384,0.005013,0.004838
163,4,0,0,60.2177,84.0,18.7,0.004423428,73.614700085851,4.00177002,0.0,0.001533936,-0.400862932,2.225862932,2243.226672,749.107727,712.563293,0.005094,0.004824
164,4,0,0,60.4339,84.0,18.7,0.004414439,73.4446833410392,4.00177002,0.0,0.0,-0.437780619,2.262780619,2260.528488,693.874512,710.23407,0.00505,0.004936
165,4,0,0,60.5129,86.0,18.9,0.004401035,73.31041468862,5.58380127,0.0,0.0,-0.468455553,2.293455553,2275.643192,732.151123,862.607971,0.005124,0.00514
166,4,0,0,60.5921,86.0,18.9,0.004380529,73.2903726441828,5.495910645,0.0,0.003834839,-0.504161596,2.329161596,2293.515559,653.322205,719.335205,0.005349,0.005272
167,4,0,0,60.6914,86.0,18.8,0.004363703,73.2680871797856,5.58380127,0.0,0.0,-0.526186705,2.351186705,2307.714939,695.981201,694.206116,0.005228,0.00511
168,4,0,0,60.8709,87.0,18.8,0.004356129,73.2393132749368,5.144348145,0.0,-0.001725677,-0.543596983,2.368596983,2325.350661,623.089722,699.139221,0.005122,0.005246
169,4,0,0,61.0314,87.0,18.8,0.004364988,73.2131661187426,5.40802002,0.0,-0.001725677,-0.563940287,2.388940287,2340.1169,655.005371,697.085022,0.004776,0.004665
170,4,0,0,61.112,85.0,18.8,0.004391562,73.1861254891672,5.451965332,0.0,0.001533936,-0.594607592,2.419607592,2356.980934,677.404114,701.042419,0.005239,0.005129
171,4,0,0,61.0113,87.0,18.7,0.00442478,73.1613274266016,5.40802002,0.0,0.012271484,-0.627757311,2.452757311,2371.725207,666.656982,724.758484,0.005295,0.005211
172,4,0,0,61.294,89.0,18.7,0.004467547,73.1330046358482,5.451965332,0.0,0.009203613,-0.641894579,2.466894579,2388.560649,681.84491,699.488403,0.005218,0.005185
173,4,0,0,61.3753,91.0,18.6,0.004504225,73.1077896576622,5.40802002,0.0,0.009203613,-0.625939608,2.450939608,2403.979517,669.093323,762.631409,0.005392,0.005358
174,4,0,0,61.4976,93.0,18.6,0.00454164,73.079162267127,5.539855957,0.0,0.016106323,-0.579255342,2.404255342,2420.785148,690.388672,732.717285,0.005549,0.005358
175,4,0,0,61.4976,91.0,18.9,0.004570378,73.0555266630302,5.58380127,0.0,0.003067871,-0.510253668,2.335253668,2435.474967,683.066895,685.996582,0.005234,0.005305
176,4,0,0,61.6819,87.0,18.9,0.004597933,73.0291893794084,5.495910645,0.0,-0.016298065,-0.413696527,2.238696527,2452.217533,682.169373,688.411682,0.005184,0.005258
177,4,0,0,61.7231,87.0,19.1,0.004612471,73.0016574505178,5.58380127,0.0,-0.001725677,-0.360729456,2.185729456,2467.51861,0.0,0.0,0.0,0.0
178,4,0,0,61.7231,85.0,19.1,0.004610821,72.9738319458244,5.40802002,0.0,-0.005560516,-0.317924738,2.142924738,2484.167855,700.855286,742.894592,0.005544,0.005306
179,4,0,0,61.8674,84.0,19.0,0.004594579,72.947829018681,5.58380127,0.0,-0.007094452,-0.294166803,2.119166803,2498.700507,702.45929,749.286377,0.005714,0.005643
180,4,0,0,61.4772,85.0,19.0,0.004572905,72.920852617865,5.40802002,0.0,-0.000959,-0.285550356,2.110550356,2515.269326,701.286377,742.877319,0.005716,0.005526
181,4,0,0,61.7025,86.0,19.2,0.00456275,72.8975847318648,5.276184082,0.0,0.003834839,-0.288186312,2.113186312,2529.733987,683.073303,767.60498,0.005584,0.005494
182,4,0,0,61.9295,88.0,19.2,0.004563358,72.8745112541366,5.58380127,0.0,0.0,-0.286554575,2.111554575,2546.914903,700.579529,759.472412,0.005391,0.005395
183,4,0,0,62.179,90.0,19.1,0.004568529,72.8488053306902,5.276184082,0.0,0.0,-0.284837961,2.109837961,2560.629242,700.171875,735.641113,0.0,0.005135
184,4,0,0,62.3255,91.0,19.1,0.004572815,72.8200319247368,5.23223877,0.0,-0.005560516,-0.285604715,2.110604715,2575.684075,704.838196,746.971497,0.0,0.005071
185,4,0,0,62.536,89.0,19.0,0.004580904,72.7877441547452,5.188293457,0.0,0.001533936,-0.29644227,2.12144227,2592.070895,705.79303,740.822327,0.005224,0.005163
186,4,0,0,62.6205,90.0,19.0,0.004598186,72.760869898739,5.188293457,0.0,-0.010162323,-0.30046916,2.12546916,2606.378257,680.585876,695.155273,0.005254,0.005147
187,4,0,0,62.8117,90.0,19.2,0.004627874,72.7317316554076,5.23223877,0.0,0.0,-0.316269159,2.141269159,2622.694601,563.066223,710.875793,0.005318,0.005198
188,4,0,0,62.897,88.0,19.2,0.004654116,72.7081771137666,5.23223877,0.0,0.0,-0.337489843,2.162489843,2636.948864,668.382324,692.197388,0.00532,0.005213
189,4,0,0,63.0469,88.0,19.1,0.004671715,72.6780718180292,5.276184082,0.0,0.005368774,-0.358813524,2.183813524,2653.913025,700.068726,685.944519,0.005186,0.005143
190,4,0,0,63.2407,87.0,19.1,0.004667656,72.6522585676982,5.23223877,0.0,0.001533936,-0.365536451,2.190536451,2667.479922,685.880676,680.557007,0.00523,0.005187
191,4,0,0,63.3489,87.0,19.2,0.004641624,72.6228713433754,5.188293457,0.0,-0.003259613,-0.368186712,2.193186712,2684.432052,677.780823,692.93927,0.005057,0.005163
192,4,0,0,63.4357,88.0,19.2,0.004608978,72.5970356910316,5.451965332,0.0,-0.003259613,-0.370764971,2.195764971,2698.666429,639.438293,765.017883,0.005005,0.004751
193,4,0,0,63.176,90.0,19.4,0.004573239,72.5631120591168,5.276184082,0.0,-0.010162323,-0.387150526,2.212150526,2714.928451,675.09967,675.979797,0.004521,0.004408
194,4,0,0,63.2623,90.0,19.4,0.004549677,72.5326963377868,5.23223877,0.0,-0.004793549,-0.424417734,2.249417734,2729.152646,757.054993,685.485291,0.004832,0.004615
195,4,0,0,63.3922,90.0,19.3,0.004531832,72.4681808100922,4.089660645,0.0,-0.000959,-0.482945204,2.307945204,2745.403014,698.490112,692.21759,0.005094,0.004924
196,4,0,0,63.5227,90.0,19.3,0.004521481,72.3402105350706,4.133605957,0.0,0.016106323,-0.539135695,2.364135695,2760.293208,670.417786,702.790527,0.005283,0.005189
197,4,0,0,62.9398,87.0,19.2,0.004511693,72.2093398753142,4.309387207,0.0,0.016106323,-0.577598333,2.402598333,2776.531203,739.580811,695.396301,0.005418,0.0053
198,4,0,0,63.1114,84.0,19.2,0.004503983,72.1113240364984,4.397277832,0.0,0.00690271,-0.575047731,2.400047731,2790.734253,701.92627,720.71582,0.005348,0.005085
199,4,0,0,63.4574,86.0,19.0,0.004502676,72.0083830379202,4.485168457,0.0,0.00690271,-0.552022219,2.377022219,2806.960475,699.586182,717.805298,0.005179,0.005059
200,4,0,0,63.6756,86.0,19.0,0.004511838,71.9211878058086,4.617004395,0.0,0.00690271,-0.516721964,2.341721964,2821.828595,701.423828,718.506104,0.005406,0.005194
201,4,0,0,63.9174,86.0,18.9,0.0045294,71.828108987591,4.441223145,0.0,-0.010929291,-0.458439112,2.283439112,2838.042438,647.057922,747.409912,0.005587,0.005565
202,4,0,0,63.9836,88.0,18.9,0.004544614,71.7484089668482,4.441223145,0.0,-0.010929291,-0.418926001,2.243926001,2852.224347,714.054077,702.939087,0.005368,0.005074
203,4,0,0,64.0943,91.0,19.1,0.00455452,71.6568923027818,4.441223145,0.0,-0.000959,-0.398605585,2.223605585,2868.426429,586.404724,790.179382,0.005693,0.005603
204,4,0,0,64.25,92.0,19.1,0.00455236,71.5753803905066,4.617004395,0.0,0.001533936,-0.39021945,2.21521945,2882.59845,694.484924,736.171387,0.005902,0.005622
205,4,0,0,64.5186,90.0,19.0,0.004536189,71.4854556051012,4.52911377,0.0,0.001533936,-0.376454115,2.201454115,2898.78936,680.118591,746.868713,0.00587,0.005731
206,4,0,0,64.1387,90.0,19.0,0.004510713,71.4097521871276,4.617004395,0.0,-0.008628387,-0.360179663,2.185179663,2912.950608,697.773682,743.651794,0.005629,0.005391
207,4,0,0,64.1387,88.0,18.9,0.004470225,71.3195200177822,4.485168457,0.0,-0.004793549,-0.35362649,2.17862649,2929.801466,751.705688,889.663391,0.005536,0.005314
208,4,0,0,64.3617,85.0,18.9,0.004429295,71.2428536351262,5.012512207,0.0,-0.004793549,-0.363997221,2.188997221,2943.949979,680.921387,758.704529,0.005737,0.00566
209,4,0,0,64.7442,84.0,18.8,0.004384104,71.246358648899,5.364074707,0.0,-0.001725677,-0.390311956,2.215311956,2960.113219,683.731323,757.229309,0.005684,0.005658
210,4,0,0,64.7442,86.0,18.8,0.004351004,71.2554192170056,5.58380127,0.0,-0.001725677,-0.424035788,2.249035788,2974.250561,721.240479,742.725281,0.005721,0.005614
211,4,0,0,64.6764,87.0,18.8,0.004325368,71.2705592761764,5.58380127,0.0,0.005368774,-0.463271856,2.288271856,2990.400838,691.089905,743.065308,0.005609,0.005541
212,4,0,0,64.8576,89.0,18.8,0.004316816,71.2820673607418,5.58380127,0.0,0.005368774,-0.48940587,2.31440587,3005.198886,679.65741,501.520508,0.005817,0.005648
213,4,0,0,65.1084,91.0,18.7,0.004322719,71.2956321013602,5.58380127,0.0,0.003067871,-0.505432367,2.330432367,3020.66324,675.013916,488.647491,0.005758,0.005578
214,4,0,0,65.1313,91.0,18.7,0.004338853,71.3073592975666,5.58380127,0.0,-0.003259613,-0.511104822,2.336104822,3035.449374,679.308105,765.219482,0.005679,0.00557
215,4,0,0,65.3151,91.0,18.6,0.004365787,71.3200954855794,5.58380127,0.0,-0.003259613,-0.518589735,2.343589735,3051.57237,738.99292,896.902527,0.005286,0.005213
216,4,0,0,64.2946,91.0,18.6,0.004393562,71.3315268046268,5.58380127,0.0,0.003067871,-0.531128645,2.356128645,3065.673375,706.023682,717.250183,0.005255,0.005024
217,4,0,0,60.3748,91.0,18.6,0.004424551,71.392898711939,6.377563477,0.0,0.0,-0.542680025,2.367680025,3081.76558,692.437683,714.088196,0.005233,0.004976
218,4,0,0,60.7312,91.0,18.6,0.004443013,71.4622523823822,6.157836914,0.0,0.0,-0.551752806,2.376752806,3095.819656,744.532898,895.47522,0.004897,0.00465
219,4,0,0,62.054,91.0,18.8,0.004448296,71.5243330430304,6.069946289,0.0,0.003834839,-0.560147524,2.385147524,3112.521682,0.0,0.0,0.0,0.0
220,4,0,0,62.7691,90.0,18.8,0.004442902,71.571892081683,5.938110352,0.0,0.008436646,-0.559968233,2.384968233,3125.862357,0.0,0.0,0.0,0.0
221,4,0,0,62.833,90.0,18.7,0.004435099,71.613097140241,6.333618164,0.0,0.005368774,-0.545227289,2.370227289,3142.514244,682.146423,721.608276,0.005063,0.00501
222,4,0,0,63.3272,90.0,18.7,0.004432924,71.6749402623052,6.113891602,0.0,0.003067871,-0.521528006,2.346528006,3156.530257,687.379395,730.267822,0.005226,0.005007
223,4,0,0,63.7633,90.0,18.7,0.004439266,71.7368855291792,6.157836914,0.0,0.003067871,-0.49785018,2.32285018,3172.473507,665.325928,722.194214,0.005327,0.005293
224,4,0,0,64.0057,93.0,18.7,0.004453168,71.7836221468116,6.026000977,0.0,-0.001725677,-0.469858885,2.294858885,3186.406311,688.346924,746.986877,0.005204,0.005214
225,4,0,0,64.4064,96.0,18.9,0.00447586,71.8354786704398,6.113891602,0.0,0.003834839,-0.435600996,2.260600996,3202.309308,666.591675,727.780884,0.004862,0.005219
226,4,0,0,64.4962,97.0,18.9,0.004496555,71.8805521639294,6.113891602,0.0,-0.000959,-0.399538755,2.224538755,3216.868828,698.237,746.015625,0.004989,0.005107
227,4,0,0,64.8349,96.0,18.8,0.004516167,71.9297249360802,6.026000977,0.0,0.0,-0.360012293,2.185012293,3232.732339,702.871277,696.529724,0.004953,0.00507
228,4,0,0,64.5636,94.0,18.8,0.00453109,71.9710059393928,6.026000977,0.0,-0.010162323,-0.324500322,2.149500322,3246.595624,681.015076,741.106323,0.005025,0.004915
229,4,0,0,62.6205,90.0,19.0,0.004550575,72.0160718207042,6.026000977,0.0,-0.004793549,-0.302570105,2.127570105,3262.426984,690.86908,712.643921,0.005191,0.004798
230,4,0,0,60.1591,87.0,19.0,0.004575108,72.0558395455214,6.069946289,0.0,-0.015531097,-0.29827714,2.12327714,3276.940184,701.465576,736.551697,0.005267,0.005152
231,4,0,0,61.3143,87.0,18.9,0.004620465,72.1005801148452,6.026000977,0.0,-0.008628387,-0.324005842,2.149005842,3292.775816,683.643616,737.451172,0.005367,0.005231
232,4,0,0,62.5782,88.0,18.9,0.004683719,72.1306125074806,5.627746582,0.0,-0.010162323,-0.366546869,2.191546869,3306.6347,700.059998,726.624512,0.005453,0.005067
233,4,0,0,63.2191,92.0,18.8,0.004790937,72.1326165059288,5.58380127,0.0,0.005368774,-0.440024137,2.265024137,3322.476419,703.132202,704.957703,0.005623,0.006149
234,4,0,0,63.5445,95.0,18.8,0.004918459,72.1344380695946,5.58380127,0.0,0.014572388,-0.496850729,2.321850729,3336.340499,678.176025,762.270508,0.005168,0.005139
235,4,0,0,64.0057,96.0,19.0,0.005093102,72.1366381822152,5.58380127,0.0,0.012271484,-0.538998365,2.363998365,3352.84843,683.803589,712.726501,0.005203,0.005056
236,4,0,0,64.317,93.0,19.0,0.005236145,72.1380463225284,5.58380127,0.0,0.001533936,-0.543037176,2.368037176,3366.057162,697.218811,723.490784,0.005402,0.005105
237,4,0,0,64.6312,89.0,18.9,0.005324358,72.140699786227,5.58380127,0.0,0.001533936,-0.533774614,2.358774614,3382.579688,700.029785,724.320679,0.005402,0.005125
238,4,0,0,64.9258,87.0,18.9,0.005303675,72.1423738860686,5.58380127,0.0,0.003834839,-0.522186041,2.347186041,3396.474398,0.0,0.0,0.0,0.0
239,4,0,0,65.0398,84.0,18.9,0.005190372,72.1443955872568,5.58380127,0.0,0.003834839,-0.500282049,2.325282049,3412.367765,694.2005,712.18689,0.005293,0.005267
240,4,0,0,65.1772,85.0,18.9,0.005063632,72.1464327863892,5.58380127,0.0,0.003834839,-0.471432447,2.296432447,3426.284411,0.0,0.0,0.0,0.0
241,4,0,0,65.4074,87.0,19.1,0.004931,72.1485935506468,5.627746582,0.0,0.001533936,-0.426559687,2.251559687,3442.199715,686.80249,696.568604,0.005259,0.00523
242,4,0,0,65.7324,88.0,19.1,0.004834999,72.150196179699,5.58380127,0.0,-0.008628387,-0.374461889,2.199461889,3456.802546,695.248474,697.803711,0.005505,0.005193
243,4,0,0,65.8493,90.0,19.0,0.004747692,72.1518198911052,5.58380127,0.0,-0.005560516,-0.332989931,2.157989931,3472.746428,702.238403,706.202087,0.00531,0.005206
244,4,0,0,66.0607,93.0,19.0,0.00469226,72.153545779508,5.58380127,0.0,-0.005560516,-0.307910681,2.132910681,3486.707754,713.491821,698.263672,0.005139,0.005048
245,4,0,0,66.2497,93.0,18.9,0.004656973,72.1553104530048,5.58380127,0.0,-0.005560516,-0.294466734,2.119466734,3502.675064,724.344727,704.98999,0.005275,0.005179
246,4,0,0,66.3922,91.0,18.9,0.004650938,72.1569845528464,5.58380127,0.0,-0.005560516,-0.294855833,2.119855833,3516.656283,643.224121,731.900513,0.005063,0.005166
247,4,0,0,66.4876,92.0,18.8,0.004665505,72.1586197710336,5.58380127,0.0,-0.004793549,-0.310159922,2.135159922,3533.311964,686.855713,685.306519,0.0,0.004951
248,4,0,0,66.7512,93.0,18.8,0.004687945,72.1604861065382,5.58380127,0.0,-0.008628387,-0.334752321,2.159752321,3546.645026,693.410095,753.947327,0.005198,0.005253
249,4,0,0,66.6311,91.0,18.7,0.004711812,72.162196706211,5.58380127,0.0,0.00690271,-0.376520395,2.201520395,3563.321776,759.655212,900.692993,0.005404,0.00541
250,4,0,0,65.8961,91.0,18.7,0.004724619,72.1634217519124,5.58380127,0.0,0.003067871,-0.400043726,2.225043726,3577.33905,733.078491,850.558594,0.005133,0.00518
251,4,0,0,64.6764,91.0,18.9,0.004735359,72.165125946412,5.627746582,0.0,0.003067871,-0.418406725,2.243406725,3593.366441,685.565308,743.303711,0.005492,0.005423
252,4,0,0,65.1542,90.0,18.9,0.004749879,72.1672181366922,5.58380127,0.0,0.003067871,-0.427137613,2.252137613,3607.39151,691.369507,738.007019,0.005546,0.005491
253,4,0,0,65.7324,92.0,19.1,0.004775587,72.1696154095562,5.58380127,0.0,-0.000959,-0.431318521,2.256318521,3623.420697,669.558289,726.445313,0.005454,0.005279
254,4,0,0,66.0607,93.0,19.1,0.004803624,72.1718827443086,5.58380127,0.0,-0.004793549,-0.436568499,2.261568499,3638.114626,654.628601,735.264893,0.0053,0.005188
255,4,0,0,66.4161,93.0,19.0,0.004835813,72.1743893235454,5.58380127,0.0,-0.004793549,-0.449125051,2.274125051,3653.476886,684.783203,760.062073,0.005045,0.004942
256,4,0,0,66.5354,94.0,19.0,0.004858818,72.1761723596116,5.58380127,0.0,-0.000959,-0.471182108,2.296182108,3668.171722,659.934204,774.971924,0.005262,0.005203
257,4,0,0,66.8235,94.0,19.2,0.004876331,72.1779917667618,5.58380127,0.0,0.009203613,-0.499935865,2.324935865,3684.202881,677.106812,745.776001,0.005426,0.005339
258,4,0,0,66.9201,93.0,19.2,0.004883414,72.179746076109,5.58380127,0.0,0.009203613,-0.517088652,2.342088652,3698.898527,675.907104,764.228882,0.005695,0.00551
259,4,0,0,67.0412,92.0,19.1,0.004885597,72.181970023055,5.627746582,0.0,0.003834839,-0.513157606,2.338157606,3714.262634,646.92981,461.607391,0.005445,0.005426
260,4,0,0,67.2115,91.0,19.1,0.004885989,72.1839814888408,5.58380127,0.0,0.003834839,-0.496834993,2.321834993,3728.959077,641.927917,777.48291,0.005332,0.005361
261,4,0,0,67.3582,89.0,19.0,0.004884297,72.1860760287574,5.627746582,0.0,0.001533936,-0.46979785,2.29479785,3744.992019,677.025818,714.647583,0.0,0.005315
262,4,0,0,67.3582,89.0,19.0,0.00488031,72.1881214194304,5.627746582,0.0,-0.001725677,-0.442869425,2.267869425,3759.021248,661.951782,706.027222,0.0,0.005408
263,4,0,0,67.4072,90.0,19.2,0.004871235,72.1900454658674,5.627746582,0.0,-0.010162323,-0.416475534,2.241475534,3775.055093,646.091492,729.844116,0.0,0.00543
264,4,0,0,67.6535,90.0,19.2,0.004854049,72.1919208780496,5.58380127,0.0,-0.010162323,-0.415217161,2.240217161,3789.085067,646.103088,680.40802,0.0,0.005313
265,4,0,0,67.7525,92.0,19.1,0.004820409,72.1941960663812,5.627746582,0.0,-0.010162323,-0.439415216,2.264415216,3805.787808,680.210693,706.562073,0.0,0.005432
266,4,0,0,67.7773,97.0,19.1,0.004784039,72.1955851842956,5.58380127,0.0,0.00690271,-0.480390787,2.305390787,3819.818481,660.665771,754.481384,0.005363,0.005396
267,4,0,0,67.9265,100.0,19.0,0.004748729,72.1965235099826,5.58380127,0.0,0.008436646,-0.52642417,2.35142417,3835.853907,684.584595,737.469421,0.005402,0.005317
268,4,0,0,68.0013,101.0,19.0,0.004733243,72.1974430385784,5.58380127,0.0,0.008436646,-0.547867537,2.372867537,3849.885218,702.33252,732.692017,0.00539,0.005278
269,4,0,0,68.1765,97.0,18.9,0.004732219,72.1984598195904,5.627746582,0.0,0.008436646,-0.553404093,2.378404093,3865.921469,662.479126,712.990723,0.005256,0.005221
270,4,0,0,68.2519,96.0,18.9,0.004737725,72.199220377581,5.58380127,0.0,0.001533936,-0.540693521,2.365693521,3879.953661,673.568604,714.606079,0.005203,0.005191
271,4,0,0,68.4032,94.0,18.8,0.004745346,72.2002670601302,5.58380127,0.0,-0.001725677,-0.517575026,2.342575026,3895.990962,0.0,0.0,0.004946,0.0
272,4,0,0,68.3275,90.0,18.8,0.004751087,72.2013074018798,5.58380127,0.0,-0.008628387,-0.501679182,2.326679182,3910.692358,664.397705,725.341614,0.004987,0.004838
273,4,0,0,68.5551,90.0,18.4,0.004750274,72.2021733072668,5.58380127,0.0,-0.000959,-0.498285055,2.323285055,3926.730758,676.621887,721.993774,0.0,0.005046
274,4,0,0,68.5044,91.0,18.4,0.004736458,72.2028901073028,5.58380127,0.0,-0.000959,-0.500904322,2.325904322,3940.764737,674.42157,742.962708,0.005185,0.005257
275,4,0,0,68.4285,91.0,18.4,0.004711911,72.2035982329962,5.58380127,0.0,-0.000959,-0.505375147,2.330375147,3954.799095,681.296875,727.570129,0.005325,0.00531
276,4,0,0,68.3275,90.0,18.4,0.004685187,72.2040669532712,5.58380127,0.0,-0.000959,-0.513351202,2.338351202,3970.838834,679.184326,725.728271,0.005394,0.005459
277,4,0,0,68.4538,90.0,18.4,0.004673582,72.2047857488888,5.58380127,0.0,0.008436646,-0.521299124,2.346299124,3985.542397,686.814514,748.476501,0.005512,0.005618
278,4,0,0,68.5551,89.0,18.4,0.004674301,72.2055157455128,5.58380127,0.0,-0.003259613,-0.517802954,2.342802954,4000.914755,694.72229,731.2276,0.005284,0.005292
279,4,0,0,68.7332,87.0,18.3,0.00468349,72.2062355389212,5.58380127,0.0,0.010737549,-0.503088713,2.328088713,4015.619199,697.113403,732.875488,0.005364,0.005351
280,4,0,0,68.8354,89.0,18.3,0.00470111,72.2068695062274,5.58380127,0.0,0.001533936,-0.470807791,2.295807791,4031.660932,682.682312,754.385681,0.005518,0.00552
281,4,0,0,68.861,91.0,18.3,0.004720779,72.2075088326358,5.58380127,0.0,-0.007094452,-0.435679674,2.260679674,4046.366291,749.863525,884.135376,0.005132,0.005076
282,4,0,0,68.9123,91.0,18.3,0.004748219,72.2077496864602,5.58380127,0.0,-0.012463226,-0.398336649,2.223336649,4061.74048,718.908691,797.606689,0.005126,0.005157
283,4,0,0,69.015,92.0,18.0,0.004776367,72.2081004582066,5.58380127,0.0,-0.019365936,-0.38954711,2.21454711,4076.446477,707.357422,615.346375,0.004865,0.005051
284,4,0,0,68.7077,92.0,18.0,0.004809094,72.208380016658,5.58380127,0.0,-0.010162323,-0.422672033,2.247672033,4092.489653,689.076172,722.430481,0.005616,0.005355
285,4,0,0,68.2017,89.0,18.0,0.004834978,72.2088943134418,5.58380127,0.0,0.012271484,-0.477864027,2.302864027,4106.527646,705.316406,738.723206,0.005526,0.00533
286,4,0,0,68.3527,90.0,18.0,0.004857824,72.209403637365,5.58380127,0.0,0.005368774,-0.532319307,2.357319307,4122.571264,698.586914,733.336487,0.005312,0.005258
287,4,0,0,61.9917,91.0,18.3,0.004869813,72.210044396086,5.58380127,0.0,0.010737549,-0.563184977,2.388184977,4136.609636,697.568176,738.123413,0.005305,0.005158
288,4,0,0,57.2872,92.0,18.3,0.004875689,72.2105486988684,5.58380127,0.0,0.010737549,-0.578361273,2.403361273,4153.322269,691.127014,736.561707,0.005458,0.005267
289,4,0,0,57.7811,93.0,18.3,0.004875517,72.2110668258814,5.58380127,0.0,0.0,-0.569990396,2.394990396,4166.692548,691.204773,718.77771,0.005502,0.005286
290,4,0,0,58.1017,94.0,18.3,0.004871137,72.2117256253038,5.58380127,0.0,0.001533936,-0.554763079,2.379763079,4183.40559,750.073914,894.304993,0.005218,0.005121
291,4,0,0,59.79,93.0,18.2,0.004864573,72.2124200877006,5.58380127,0.0,0.001533936,-0.535000563,2.360000563,4199.450272,680.95813,728.885986,0.005362,0.005264
292,4,0,0,60.831,92.0,18.2,0.004858197,72.2130194863836,5.58380127,0.0,-0.003259613,-0.514899492,2.339899492,4213.489491,682.700195,725.966675,0.00545,0.005239
293,4,0,0,61.4364,91.0,18.2,0.004851045,72.2136943470192,5.58380127,0.0,-0.003259613,-0.49906373,2.32406373,4230.203027,729.697327,861.671997,0.005102,0.005142
294,4,0,0,62.054,93.0,18.2,0.004843294,72.2142730817766,5.58380127,0.0,-0.003259613,-0.492466211,2.317466211,4243.573989,681.968323,727.129517,0.005062,0.004827
295,4,0,0,62.5148,92.0,18.2,0.004831044,72.2149336836598,5.58380127,0.0,-0.004793549,-0.493802786,2.318802786,4260.287805,681.254272,691.05957,0.005058,0.004976
296,4,0,0,62.9184,89.0,18.2,0.004821992,72.2154922855738,5.58380127,0.0,-0.004793549,-0.505797625,2.330797625,4274.327532,695.498474,689.353394,0.00514,0.005051
297,4,0,0,63.3056,87.0,17.9,0.004821838,72.2162150401678,5.58380127,0.0,-0.003259613,-0.531273603,2.356273603,4290.373061,681.97052,698.965698,0.0,0.005068
298,4,0,0,63.5882,88.0,17.9,0.00483446,72.2232576568484,5.715637207,0.0,-0.001725677,-0.560383558,2.385383558,4304.412976,685.664124,709.281189,0.005213,0.005166
299,4,0,0,63.8292,88.0,17.9,0.004863146,72.2320824244582,5.671691895,0.0,0.008436646,-0.599095106,2.424095106,4320.45858,678.248108,753.36499,0.005373,0.005207
300,4,0,0,63.8292,90.0,17.9,0.004896926,72.2369065498554,5.627746582,0.0,0.010737549,-0.615904093,2.440904093,4335.167177,682.13031,715.773315,0.005347,0.005218
301,4,0,0,64.0057,92.0,17.9,0.004937633,72.2413718568062,5.58380127,0.0,0.00690271,-0.609261751,2.434261751,4351.213111,656.887878,695.647583,0.005173,0.005139
302,4,0,0,64.0943,92.0,17.9,0.004964246,72.2410222276912,5.58380127,0.0,0.0,-0.584013224,2.409013224,4365.253457,660.931702,695.887695,0.005385,0.005286
303,4,0,0,64.4064,90.0,17.9,0.004969849,72.2413197946572,5.58380127,0.0,-0.001725677,-0.545745611,2.370745611,4381.29968,669.602905,697.46698,0.004998,0.004855
304,4,0,0,64.7216,89.0,17.9,0.004949541,72.2415778523262,5.58380127,0.0,-0.001725677,-0.514660597,2.339660597,4395.340253,691.209717,714.145691,0.005101,0.004815
305,4,0,0,64.9486,86.0,17.9,0.004907047,72.2418717821838,5.58380127,0.0,-0.001725677,-0.484869719,2.309869719,4412.055382,0.0,0.0,0.0,0.0
306,4,0,0,65.0398,85.0,17.9,0.004867441,72.2421334769612,5.58380127,0.0,-0.001725677,-0.461796522,2.286796522,4425.427617,0.0,0.0,0.0,0.0
307,4,0,0,65.2921,86.0,17.6,0.004836496,72.242409671892,5.58380127,0.0,-0.001725677,-0.441678286,2.266678286,4442.143082,0.0,0.0,0.0,0.0
308,4,0,0,65.4074,87.0,17.6,0.004828973,72.2426642855734,5.58380127,0.0,-0.001725677,-0.426431417,2.251431417,4456.184214,668.134277,593.648804,0.0,0.004756
309,4,0,0,65.5927,88.0,17.7,0.004838479,72.2429281529598,5.58380127,0.0,0.0,-0.410178423,2.235178423,4472.231371,668.995728,711.603271,0.004824,0.005009
310,4,0,0,65.7557,93.0,17.7,0.004852045,72.243190604127,5.58380127,0.0,-0.005560516,-0.39172101,2.21672101,4486.272757,684.818787,719.869019,0.004948,0.005102
311,4,0,0,65.9196,97.0,17.4,0.004858689,72.2434415646066,5.58380127,0.0,0.001533936,-0.379248857,2.204248857,4502.320528,709.160583,885.312988,0.0,0.004821
312,4,0,0,66.2024,95.0,17.4,0.004846206,72.2438115357792,5.627746582,0.0,0.001533936,-0.367037535,2.192037535,4517.033073,687.970215,716.071777,0.005167,0.005106
313,4,0,0,66.226,91.0,17.5,0.004811589,72.247977183622,5.58380127,0.0,-0.007094452,-0.353901148,2.178901148,4532.415856,673.11969,715.475708,0.00534,0.005364
314,4,0,0,66.3922,87.0,17.5,0.004775813,72.2511993558898,5.627746582,0.0,-0.004793549,-0.35381484,2.17881484,4547.130858,0.0,0.0,0.0,0.0
315,4,0,0,66.5354,84.0,17.5,0.004743219,72.253521842724,5.627746582,0.0,0.003067871,-0.365736723,2.190736723,4563.183736,0.0,0.0,0.005038,0.0
316,4,0,0,66.7512,82.0,17.5,0.004728245,72.2560891906392,5.58380127,0.0,-0.000959,-0.372684717,2.197684717,4575.223426,0.0,0.0,0.0,0.0
317,4,0,0,66.8235,81.0,17.6,0.004719583,72.2583923332066,5.58380127,0.0,-0.001725677,-0.378858805,2.203858805,4591.276424,684.912903,731.417297,0.005193,0.005217
318,4,0,0,66.3922,84.0,17.6,0.004719477,72.2605220050154,5.627746582,0.0,-0.001725677,-0.387702703,2.212702703,4605.991745,700.213196,682.628113,0.005046,0.004882
319,4,0,0,58.691,87.0,17.6,0.004721912,72.2624913221866,5.58380127,0.0,-0.005560516,-0.404316187,2.229316187,4622.044901,659.704773,771.255615,0.005251,0.005272
320,4,0,0,58.0312,90.0,17.6,0.004721838,72.2628925306486,5.58380127,0.0,0.001533936,-0.430666685,2.255666685,4636.091476,689.151184,664.85022,0.004531,0.004491
321,4,0,0,59.7115,93.0,17.3,0.0047192,72.2629922614484,5.58380127,0.0,0.001533936,-0.461870432,2.286870432,4652.144773,683.938416,673.088013,0.004343,0.004289
322,4,0,0,59.2733,96.0,17.3,0.004717398,72.2630869872008,5.58380127,0.0,0.001533936,-0.485454798,2.310454798,4666.191455,686.055603,663.947327,0.004246,0.004174
323,4,0,0,60.6516,96.0,17.4,0.004719725,72.2631800070528,5.58380127,0.0,0.001533936,-0.508944273,2.333944273,4682.913772,689.366211,660.244812,0.004187,0.004098
324,4,0,0,61.355,92.0,17.4,0.004728203,72.2631847706992,5.58380127,0.0,0.001533936,-0.526734591,2.351734591,4696.291676,678.44458,703.308105,0.004703,0.004811
325,4,0,0,61.9502,87.0,17.2,0.00474335,72.263460080493,5.58380127,0.0,0.001533936,-0.542382956,2.367382956,4713.014687,705.926819,601.321716,0.004725,0.004581
326,4,0,0,62.4516,84.0,17.2,0.004756407,72.2642816807498,5.627746582,0.0,0.001533936,-0.553045034,2.378045034,4727.06278,670.261292,754.435791,0.005006,0.004967
327,4,0,0,62.9184,81.0,17.2,0.004771675,72.269844332273,5.671691895,0.0,0.001533936,-0.560587168,2.385587168,4743.118389,684.406799,728.513611,0.00517,0.005085
328,4,0,0,63.0899,79.0,17.2,0.004791684,72.2826712870618,6.026000977,0.0,0.009203613,-0.560770273,2.385770273,4757.167556,682.067688,714.529419,0.005156,0.005095
329,4,0,0,61.6409,81.0,17.0,0.004822874,72.3125895453044,5.850219727,0.0,0.008436646,-0.539854765,2.364854765,4773.224293,677.6828,723.520813,0.005305,0.005262
330,4,0,0,61.9917,84.0,17.0,0.004847213,72.3315394916176,5.806274414,0.0,-0.001725677,-0.504111052,2.329111052,4787.943497,683.223694,744.971619,0.005421,0.005268
331,4,0,0,62.3885,87.0,17.1,0.0048586,72.3522396917412,5.806274414,0.0,-0.005560516,-0.457570791,2.282570791,4804.001199,682.90918,753.749329,0.00556,0.005382
332,4,0,0,62.6841,90.0,17.1,0.004852565,72.3689926636468,5.806274414,0.0,-0.015531097,-0.429214716,2.254214716,4818.051746,685.908203,745.298523,0.005547,0.005447
333,4,0,0,63.1114,93.0,17.2,0.004833904,72.3883200645636,5.806274414,0.0,-0.004793549,-0.424296618,2.249296618,4834.109542,684.249329,700.112976,0.005145,0.004947
334,4,0,0,63.5445,93.0,17.2,0.004812594,72.392058416543,5.58380127,0.0,0.001533936,-0.43651557,2.26151557,4848.829215,681.231995,727.865112,0.005388,0.005222
335,4,0,0,60.891,90.0,17.0,0.00478769,72.3903912529568,5.58380127,0.0,0.001533936,-0.451900244,2.276900244,4864.887062,692.136414,685.77887,0.005181,0.005141
336,4,0,0,60.7511,88.0,17.0,0.004769299,72.3888996522712,5.58380127,0.0,0.001533936,-0.462881327,2.287881327,4878.937714,688.769409,686.45813,0.005183,0.005206
337,4,0,0,61.9502,85.0,17.1,0.00475277,72.3872730118662,5.58380127,0.0,0.003834839,-0.471526861,2.296526861,4894.995726,687.983704,740.471191,0.005173,0.005079
338,4,0,0,62.897,83.0,17.1,0.004739013,72.3859122183358,5.58380127,0.0,0.003834839,-0.472665071,2.297665071,4909.047377,659.093506,748.14032,0.005612,0.005523
339,4,0,0,62.9398,85.0,17.2,0.004720642,72.3844403481586,5.58380127,0.0,0.003067871,-0.46453166,2.28953166,4925.109207,680.528198,760.68573,0.005432,0.005487
340,4,0,0,63.3706,88.0,17.2,0.004702018,72.383113946224,5.58380127,0.0,0.003834839,-0.449352026,2.274352026,4939.169083,653.9953,747.428406,0.005386,0.005373
341,4,0,0,63.6975,90.0,17.3,0.004681233,72.3815920899464,5.58380127,0.0,0.003834839,-0.423227549,2.248227549,4955.912312,693.520203,723.717407,0.005385,0.005304
342,4,0,0,64.05,92.0,17.3,0.004670203,72.3802013305052,5.58380127,0.0,0.003067871,-0.392429113,2.217429113,4969.980805,689.5401,729.642883,0.005459,0.005297
343,4,0,0,64.25,93.0,17.3,0.004672732,72.3785193931778,5.58380127,0.0,-0.001725677,-0.349975824,2.174975824,4986.063613,678.900513,744.653625,0.005447,0.005479
344,4,0,0,64.4288,94.0,17.3,0.004687884,72.3771427637418,5.58380127,0.0,-0.003259613,-0.313918829,2.138918829,5000.139211,669.116821,755.118408,0.005538,0.005377
345,4,0,0,64.699,94.0,17.4,0.004714808,72.3757515054052,5.58380127,0.0,-0.003259613,-0.282240629,2.107240629,5016.225519,686.376099,733.956909,0.005426,0.005295
346,4,0,0,64.8122,93.0,17.4,0.004739839,72.373900635658,5.539855957,0.0,-0.010929291,-0.261618853,2.086618853,5030.970942,695.998474,728.304504,0.005393,0.005402
347,4,0,0,65.0627,90.0,17.4,0.004763693,72.3712919116114,5.58380127,0.0,-0.007094452,-0.259306669,2.084306669,5046.38625,693.774902,719.650879,0.004981,0.004827
348,4,0,0,64.9942,90.0,17.4,0.004781835,72.3686084980954,5.58380127,0.0,0.005368774,-0.277325869,2.102325869,5061.131003,693.784729,704.918274,0.004815,0.004779
349,4,0,0,64.3617,90.0,17.8,0.004807508,72.3635806463476,5.451965332,0.0,0.016106323,-0.298589468,2.123589468,5077.215835,695.294678,721.880005,0.00515,0.005041
350,4,0,0,64.05,90.0,17.8,0.004835715,72.0930652051548,0.0,0.0,0.037581421,-0.297670126,2.122670126,5091.28975,683.674072,723.903809,0.005673,0.005668
351,4,0,0,64.4288,89.0,17.8,0.004862641,71.538331709993,0.0,0.0,-0.005560516,-0.223555326,2.048555326,5107.373852,694.860779,723.949707,0.005556,0.005522
352,4,0,0,64.7216,89.0,17.8,0.004871093,71.0669057964916,0.0,0.0,-0.016298065,-0.120485544,1.945485544,5121.447103,680.29657,735.570679,0.005669,0.005632
353,4,0,0,64.9486,87.0,17.8,0.004860593,70.5116562664588,0.0,0.0,-0.02166684,-0.03796649,1.86296649,5138.200582,658.959717,715.372009,0.0,0.005567
354,4,0,0,65.2001,87.0,17.8,0.004839418,70.046638970145,0.0,0.0,-0.02856955,-0.026045561,1.851045561,5151.603106,685.59967,731.306519,0.005593,0.005495
355,4,0,0,65.3381,90.0,17.8,0.004815327,69.5168011762066,0.0,0.0,-0.003259613,-0.077525377,1.902525377,5168.3559,690.363281,718.659302,0.005399,0.005403
356,4,0,0,65.2921,92.0,17.8,0.00480522,69.0420485798978,0.0,0.0,-0.003259613,-0.167039156,1.992039156,5182.427766,701.719604,753.176392,0.005628,0.005647
357,4,0,0,65.5695,92.0,17.8,0.004809322,68.5210650044912,0.0,20.80993652,-0.02166684,-0.277264833,2.102264833,5198.509276,687.100586,727.956787,0.005551,0.005497
358,4,0,0,65.6858,93.0,17.8,0.004819917,68.0698922969284,0.0,21.10290527,-0.02856955,-0.406647921,2.231647921,5212.579904,690.769104,732.146118,0.005552,0.005573
359,4,0,0,65.7324,89.0,17.9,0.004828851,67.5548792119878,0.0,16.8548584,-0.046976776,-0.643340826,2.468340826,5228.6194,707.282593,720.871399,0.005554,0.005315
360,4,0,0,65.99,86.0,17.9,0.004829109,67.0933967987972,0.0,0.0,-0.010162323,-0.968290567,2.793290567,5243.211052,708.908508,724.58313,0.005486,0.005297
361,4,0,0,66.0842,86.0,17.9,0.004821258,66.953487409678,3.606262207,0.0,0.012271484,-1.381808043,3.206808043,5259.004324,695.2901,723.735596,0.005498,0.00534
362,4,0,0,65.6625,87.0,17.9,0.004809968,66.8715436149204,3.869934082,0.0,0.003834839,-1.744218826,3.569218826,5272.717449,678.310425,707.835388,0.005343,0.005239
363,4,0,0,65.7091,89.0,17.9,0.004795977,66.8751376091018,5.58380127,0.0,0.042183228,1.479753971,3.995246029,5288.269182,665.278992,709.310608,0.005308,0.005162
364,4,0,0,59.7129,91.0,17.9,0.004789621,66.9398023708946,5.58380127,0.0,0.032979614,1.206313372,4.268686628,5302.412739,715.224121,707.351318,0.005181,0.005165
365,4,0,0,51.1648,91.0,18.2,0.004797675,67.0150283781572,5.58380127,0.0,0.001533936,0.979036093,4.495963907,5317.720904,684.593872,738.554016,0.005503,0.005337
366,4,0,0,47.368,90.0,18.2,0.004813545,67.0775297524682,5.58380127,0.0,-0.025501678,0.817301035,4.657698965,5331.012431,700.025879,744.203308,0.00551,0.0055
367,4,0,0,51.0673,91.0,18.2,0.00482195,67.1490746680686,5.58380127,0.0,-0.004793549,0.577515125,4.897484875,5346.084697,699.213623,734.693298,0.005605,0.00554
368,4,0,0,53.8361,92.0,18.2,0.004807154,67.2109967121664,5.58380127,0.0,0.02761084,0.332543373,5.142456627,5359.168952,707.823425,674.690918,0.005065,0.004943
369,4,0,0,54.272,91.0,18.2,0.004772111,67.2786723881652,5.58380127,0.0,0.018407227,0.092857957,5.382142043,5372.191125,704.15863,680.595886,0.005126,0.004993
370,4,0,0,55.9716,92.0,18.2,0.004727519,67.3369593194446,5.58380127,0.0,0.03451355,-0.071968555,5.546968555,5385.195241,697.59259,674.591614,0.004932,0.00482
371,4,0,0,57.0434,94.0,18.4,0.004684884,67.4044774732442,5.58380127,0.0,0.025309937,-0.192548037,5.667548037,5398.808018,0.0,0.0,0.0,0.0
372,4,0,0,53.9444,96.0,18.4,0.004650386,67.4628184783476,5.58380127,0.0,0.023776001,-0.233906746,5.708906746,5411.815593,689.023315,687.654907,0.004997,0.004981
373,4,0,0,54.4926,96.0,18.4,0.004626858,67.5184138850374,5.58380127,0.0,0.003067871,-0.225629568,5.700629568,5422.976674,682.234497,685.929077,0.004938,0.004944
374,4,0,0,55.9716,93.0,18.4,0.004600054,67.5841008352246,5.58380127,0.0,-0.000959,-0.191278219,5.666278219,5437.873852,689.121704,693.30542,0.005087,0.004968
375,4,0,0,57.4099,88.0,18.7,0.004579973,67.640787438808,5.58380127,0.0,-0.001725677,-0.157561421,5.632561421,5450.922184,734.502502,853.563599,0.005146,0.005075
376,4,0,0,58.2835,86.0,18.7,0.004564243,67.830853309153,7.344360352,0.0,-0.012463226,-0.124433041,5.599433041,5465.849436,685.591614,688.119507,0.005243,0.005184
377,4,0,0,58.7948,83.0,18.9,0.004560361,68.021758289374,7.344360352,0.0,0.018407227,-0.109027505,5.584027505,5479.547797,675.670898,704.866394,0.005284,0.005261
378,4,0,0,59.4467,82.0,18.9,0.004569836,68.2378919432644,7.212524414,0.0,-0.000959,-0.080682874,5.555682874,5494.507896,679.752502,684.39679,0.004764,0.004806
379,4,0,0,57.3105,85.0,19.1,0.004590494,68.416905896467,7.168579102,0.0,-0.010162323,-0.042138815,5.517138815,5507.611592,683.482727,699.364929,0.005185,0.005086
380,4,0,0,57.7214,86.0,19.1,0.004622901,68.6112527077724,7.168579102,0.0,-0.024734711,-0.026987195,5.501987195,5522.602049,664.11261,710.625488,0.005253,0.005254
381,4,0,0,56.0953,86.0,19.3,0.004649644,68.7836322855722,7.124633789,0.0,-0.005560516,-0.062174201,5.537174201,5536.356765,689.463501,694.306824,0.00454,0.00457
382,4,0,0,58.5381,88.0,19.3,0.004671478,68.9690592977408,7.212524414,0.0,0.005368774,-0.118511796,5.593511796,5550.750415,676.558105,687.60498,0.005125,0.005139
383,4,0,0,59.5788,88.0,19.5,0.00468457,69.1712643231454,9.280700684,0.0,-0.010162323,-0.166303515,5.641303515,5564.534962,692.8125,690.288391,0.005322,0.00538
384,4,0,0,57.4171,89.0,19.5,0.004695721,69.5270848105264,8.179321289,0.0,0.014572388,-0.22484982,5.69984982,5579.620384,735.845703,851.734619,0.005338,0.005247
385,4,0,0,57.6854,90.0,19.6,0.004701231,69.752624380794,7.871704102,0.0,0.012271484,-0.255547762,5.730547762,5592.862878,698.971619,691.103271,0.005125,0.00514
386,4,0,0,58.1382,90.0,19.6,0.004699775,70.015523749184,8.091430664,0.0,0.003834839,-0.256919146,5.731919146,5608.043189,694.204102,695.028809,0.00497,0.005041
387,4,0,0,56.9755,89.0,19.7,0.004687729,70.2386934375544,8.091430664,0.0,0.003834839,-0.247894168,5.722894168,5621.364814,687.396118,694.641907,0.005029,0.004941
388,4,0,0,56.0887,90.0,19.7,0.004658855,70.49010749354,8.091430664,0.0,0.003834839,-0.227975368,5.702975368,5637.270213,688.19751,688.645874,0.005084,0.005051
389,4,0,0,57.5331,89.0,19.9,0.004625841,70.7132799660686,8.091430664,0.0,-0.001725677,-0.202382565,5.677382565,5650.668461,756.551697,843.85498,0.004938,0.004879
390,4,0,0,59.1842,87.0,19.9,0.004587043,70.9897568210498,8.135375977,0.0,-0.001725677,-0.172405124,5.647405124,5666.028543,702.5979,690.690186,0.005044,0.00496
391,4,0,0,57.3105,86.0,19.7,0.004559734,71.1777812596982,8.135375977,0.0,-0.003259613,-0.155586839,5.630586839,5677.600748,684.746887,689.587708,0.004847,0.00491
392,4,0,0,57.8838,89.0,19.7,0.004532136,71.4255048415694,8.091430664,0.0,-0.005560516,-0.139640689,5.614640689,5693.088845,674.872681,693.541687,0.004711,0.004763
393,4,0,0,58.2479,89.0,19.8,0.004521881,71.6377913199096,8.091430664,0.0,-0.003259613,-0.135679364,5.610679364,5706.690586,0.0,0.0,0.0,0.0
394,4,0,0,58.5055,88.0,19.8,0.004526183,71.8665285843836,8.135375977,0.0,-0.010162323,-0.144061923,5.619061923,5722.293263,678.733398,702.509888,0.005222,0.00531
395,4,0,0,58.8776,89.0,19.6,0.004540596,72.0747663173386,8.530883789,0.0,0.012271484,-0.168682814,5.643682814,5736.648981,693.761719,688.398315,0.005022,0.004899
396,4,0,0,58.9713,89.0,19.6,0.00456405,72.3375752730074,8.442993164,0.0,-0.005560516,-0.184868932,5.659868932,5752.366811,688.048889,685.069092,0.004822,0.00473
397,4,0,0,59.3113,89.0,19.5,0.004584737,72.5675622382716,8.486938477,0.0,-0.003259613,-0.191582918,5.666582918,5766.168318,0.0,0.0,0.0,0.0
398,4,0,0,59.4446,91.0,19.5,0.004602809,72.81993533215,8.530883789,0.0,0.003067871,-0.207781911,5.682781911,5781.996234,744.834595,847.208618,0.004753,0.00471
399,4,0,0,59.636,93.0,19.3,0.004615528,73.0437078792844,8.530883789,0.0,0.00690271,-0.219012976,5.694012976,5796.555748,692.31012,687.156128,0.005012,0.004945
400,4,0,0,59.4827,94.0,19.3,0.004636297,73.289216864475,8.530883789,0.0,-0.004793549,-0.21743989,5.69243989,5812.4927,674.391113,697.366821,0.005025,0.004993
401,4,0,0,59.7514,95.0,19.2,0.004664801,73.5040029375164,8.442993164,0.0,-0.010929291,-0.21584332,5.69084332,5826.482843,685.856079,680.845398,0.004786,0.004691
402,4,0,0,59.9255,92.0,19.2,0.004701462,73.7436431586224,8.442993164,0.0,0.005368774,-0.241819739,5.716819739,5842.528115,693.701782,681.068115,0.004861,0.00474
403,4,0,0,60.1786,87.0,19.1,0.004723887,73.9537124331512,8.618774414,0.0,0.016106323,-0.268550396,5.743550396,5856.617824,0.0,0.0,0.0,0.0
404,4,0,0,60.3551,85.0,19.1,0.00472906,74.2204697596694,8.841247559,0.0,0.0,-0.250788331,5.725788331,5873.45227,674.001221,683.43927,0.00505,0.005063
405,4,0,0,60.4536,83.0,19.0,0.004718995,74.4388673847916,8.797302246,0.0,-0.003259613,-0.216618776,5.691618776,5886.966821,688.498474,687.822693,0.005139,0.005117
406,4,0,0,60.7312,82.0,19.0,0.004703162,74.684080927345,8.797302246,0.0,-0.025501678,-0.184241056,5.659241056,5903.917859,692.010986,687.49231,0.005182,0.005098
407,4,0,0,60.7711,86.0,18.9,0.004692544,74.8997342415256,8.709411621,0.0,0.003834839,-0.195641279,5.670641279,5918.205063,656.090393,686.114807,0.005153,0.005029
408,4,0,0,61.0516,89.0,18.9,0.004682414,75.1411460241036,8.662719727,0.0,0.003834839,-0.222422838,5.697422838,5934.585862,696.120911,687.264893,0.004885,0.004787
409,4,0,0,61.1322,90.0,18.8,0.004674396,75.3391511227234,8.662719727,0.0,0.005368774,-0.234372139,5.709372139,5948.965059,693.679993,715.143311,0.004975,0.004917
410,4,0,0,60.9711,92.0,18.8,0.004670759,75.566026686592,8.574829102,0.0,0.001533936,-0.228655577,5.703655577,5965.454609,683.216492,694.299316,0.004974,0.004908
411,4,0,0,60.6119,91.0,19.0,0.004672597,75.7545263311556,8.662719727,0.0,-0.013997162,-0.208495378,5.683495378,5980.623133,682.693726,704.199585,0.005119,0.005115
412,4,0,0,60.8709,89.0,19.0,0.004672887,75.9681480628004,8.618774414,0.0,-0.004793549,-0.201591849,5.676591849,5996.534096,685.60968,699.883789,0.005103,0.005053
413,4,0,0,60.9912,89.0,18.9,0.004666603,76.151984322846,8.618774414,0.0,-0.001725677,-0.212007761,5.687007761,6011.802545,639.136719,680.552185,0.004825,0.004851
414,4,0,0,60.4734,89.0,18.9,0.004652712,76.367608041264,8.618774414,0.0,-0.000959,-0.231038928,5.706038928,6028.512591,600.113708,669.624084,0.004443,0.004459
415,4,0,0,60.7511,92.0,19.1,0.004641717,76.5473053524174,8.618774414,0.0,0.005368774,-0.247341752,5.722341752,6043.178248,685.179993,686.941711,0.004885,0.004828
416,4,0,0,61.112,95.0,19.1,0.004641483,76.7509171501962,8.618774414,0.0,0.003067871,-0.254255414,5.729255414,6059.988248,704.713501,690.394226,0.005026,0.004971
417,4,0,0,61.3143,98.0,19.0,0.004654491,76.9309293126272,8.574829102,0.0,0.016106323,-0.253358841,5.728358841,6074.739534,687.284912,690.061707,0.004927,0.004986
418,4,0,0,61.3956,99.0,19.0,0.00467945,77.1251736089746,8.574829102,0.0,0.003067871,-0.224319696,5.699319696,6092.351596,670.390808,688.116028,0.004847,0.004801
419,4,0,0,61.5794,96.0,18.9,0.004703991,77.2989823933482,8.574829102,0.0,-0.017832001,-0.175909042,5.650909042,6107.18809,671.740112,697.753418,0.004963,0.004968
420,4,0,0,61.6819,94.0,18.9,0.004725828,77.4887475424208,8.574829102,0.0,0.003067871,-0.149623752,5.624623752,6124.190774,695.630981,687.231018,0.004928,0.004885
421,4,0,0,61.7436,92.0,19.1,0.00473497,77.6519518383588,8.530883789,0.0,0.00690271,-0.145253658,5.620253658,6139.108446,660.791809,661.591492,0.0,0.004704
422,4,0,0,61.8467,90.0,19.1,0.004738425,77.8370285293962,8.574829102,0.0,-0.005560516,-0.126462579,5.601462579,6156.202307,663.250671,716.365479,0.0,0.004765
423,4,0,0,61.2535,89.0,19.0,0.004742722,77.995627087375,8.574829102,0.0,-0.010929291,-0.114346623,5.589346623,6171.912716,686.40979,693.386108,0.004975,0.00498
424,4,0,0,61.294,89.0,19.0,0.004755046,78.1740884415018,8.530883789,0.0,-0.004793549,-0.122554183,5.597554183,6188.378827,691.167603,659.690918,0.004227,0.00424
425,4,0,0,61.7025,88.0,18.9,0.004771729,78.3270940440852,8.530883789,0.0,-0.010162323,-0.149178267,5.624178267,6204.168306,687.026184,684.3396,0.004471,0.004434
426,4,0,0,61.518,88.0,18.9,0.004792961,78.500355862073,8.574829102,0.0,-0.010162323,-0.202594757,5.677594757,6221.436269,698.409912,688.112671,0.004615,0.004714
427,4,0,0,61.2738,90.0,19.1,0.004810359,78.6434975301152,8.530883789,0.0,0.009203613,-0.266940832,5.741940832,6236.58212,710.44873,666.33551,0.004496,0.004494
428,4,0,0,61.7436,90.0,19.1,0.004824511,78.8120721614464,8.530883789,0.0,0.032212646,-0.320280194,5.795280194,6253.932503,728.93689,694.889893,0.004592,0.004684
429,4,0,0,62.1373,90.0,19.0,0.004827486,78.9556079890414,8.574829102,0.0,0.008436646,-0.310339451,5.785339451,6269.874409,690.898315,680.769287,0.004609,0.004685
430,4,0,0,62.179,92.0,19.0,0.004820086,79.1138469078104,8.530883789,0.0,-0.001725677,-0.255532622,5.730532622,6287.305728,716.115295,675.396912,0.004604,0.004653
431,4,0,0,62.054,91.0,18.9,0.004806794,79.2597936554726,8.530883789,0.0,-0.000959,-0.205462575,5.680462575,6302.59194,719.929382,669.900513,0.004771,0.004811
432,4,0,0,62.1581,89.0,18.9,0.004787269,79.4187708911534,8.574829102,0.0,0.005368774,-0.154045343,5.629045343,6320.100118,702.770508,676.872803,0.00474,0.004486
433,4,0,0,62.4095,90.0,18.8,0.004770404,79.5506353022664,8.530883789,0.0,0.003834839,-0.11002183,5.58502183,6335.452378,726.638916,680.878174,0.004526,0.004507
434,4,0,0,62.6841,89.0,18.8,0.004755522,79.7058475674842,8.574829102,0.0,0.013038452,-0.044728041,5.519728041,6353.76808,686.537415,685.789185,0.004771,0.004888
435,4,0,0,62.5148,88.0,18.7,0.004747442,79.8389665235008,8.530883789,0.0,0.014572388,0.040781498,5.434218502,6368.450982,705.037292,692.506897,0.004715,0.004728
436,4,0,0,62.6205,89.0,18.7,0.00474277,79.9853466181448,8.574829102,0.0,0.037581421,0.17069447,5.30430553,6386.841902,694.338684,683.940674,0.004783,0.004854
437,4,0,0,62.8757,89.0,19.0,0.004741183,80.1188372029542,8.530883789,0.0,0.016106323,0.349424839,5.125575161,6402.321849,699.996582,707.453308,0.005032,0.005101
438,4,0,0,63.0469,90.0,19.0,0.004739222,80.2603972921114,8.530883789,0.0,0.029144775,0.628289223,4.846710777,6420.047852,691.633423,721.74707,0.005158,0.005051
439,4,0,0,63.2407,94.0,19.2,0.004733419,80.386611938127,8.530883789,0.0,0.029144775,0.912381411,4.562618589,6435.587716,677.679321,732.9953,0.0,0.004913
440,4,0,0,62.5782,95.0,19.2,0.004720559,80.526933028605,8.486938477,0.0,0.016106323,1.325376749,4.149623251,6453.380314,713.422729,755.11969,0.00491,0.004911
441,4,0,0,61.1726,95.0,19.0,0.00470598,80.6416329756678,8.442993164,0.0,0.00690271,1.732581139,3.742418861,6469.719945,693.971313,726.733276,0.005152,0.005063
442,4,0,0,61.8261,95.0,19.0,0.004686272,80.718675670296,6.729125977,0.0,-0.019365936,-1.368886232,3.193886232,6487.576847,703.030884,703.564026,0.005381,0.005278
443,4,0,0,62.2626,91.0,19.2,0.00466674,80.6088033248048,5.188293457,0.0,-0.010929291,-0.933849096,2.758849096,6503.227489,694.854492,716.940186,0.005307,0.005369
444,4,0,0,62.5571,88.0,19.2,0.004644218,80.4796162278092,5.320129395,0.0,-0.077655487,-0.514786959,2.339786959,6521.143087,676.094604,722.903198,0.005418,0.005349
445,4,0,0,63.004,88.0,19.1,0.004625004,80.3636781028306,5.495910645,0.0,-0.092227875,-0.246595621,2.071595621,6536.827904,684.579712,717.161499,0.005407,0.005412
446,4,0,0,63.0469,85.0,19.1,0.004607059,80.2326336826344,5.364074707,0.0,-0.010929291,-0.218573332,2.043573332,6555.470096,0.0,0.0,0.0,0.0
447,4,0,0,63.3706,83.0,19.0,0.004602865,80.0627226714606,0.52734375,0.0,0.00690271,-0.282949209,2.107949209,6570.361837,745.174316,861.234985,0.005353,0.005084
448,4,0,0,63.5227,84.0,19.0,0.004619137,79.5693424313604,2.197265625,0.0,0.0,-0.352660894,2.177660894,6588.949641,738.05249,859.741028,0.005097,0.005075
449,4,0,0,63.8513,86.0,19.2,0.004650583,79.148136294427,0.0,0.0,0.005368774,-0.410018682,2.235018682,6604.531356,696.258179,723.625793,0.005281,0.005291
450,4,0,0,63.8073,87.0,19.2,0.004697667,78.5420254888088,0.0,0.0,0.003834839,-0.46510148,2.29010148,6622.242548,742.503296,861.481079,0.005015,0.005039
451,4,0,0,64.0057,87.0,19.1,0.004744569,78.0181339003958,0.0,0.0,0.003067871,-0.493016005,2.318016005,6637.650886,741.009827,861.289978,0.005151,0.005105
452,4,0,0,64.2277,89.0,19.1,0.004805767,77.421858833682,0.0,0.0,0.003067871,-0.511935472,2.336935472,6655.124921,701.444519,715.625793,0.00515,0.005125
453,4,0,0,63.3706,88.0,19.3,0.004863698,76.9078846903652,0.0,2.352905273,0.003067871,-0.519531488,2.344531488,6671.015594,636.982483,701.980408,0.004937,0.005026
454,4,0,0,63.4792,84.0,19.3,0.004925013,76.339099790169,0.0,1.473999023,0.00690271,-0.51808238,2.34308238,6688.213355,746.139771,894.893005,0.00476,0.004648
455,4,0,0,63.6975,82.0,19.2,0.004964367,75.8140764977746,0.0,1.034545898,0.00690271,-0.501941919,2.326941919,6703.144702,690.741272,711.417786,0.005016,0.004972
456,4,0,0,63.61,82.0,19.2,0.004986195,75.2372295766616,0.0,1.766967773,0.003067871,-0.463602304,2.288602304,6720.076885,744.274902,880.154724,0.004873,0.004956
457,4,0,0,63.6975,82.0,19.0,0.004988751,74.7379306185632,0.0,2.059936523,-0.013997162,-0.420159578,2.245159578,6735.475226,680.549805,702.819275,0.005161,0.005237
458,4,0,0,64.0057,81.0,19.0,0.004984694,74.1698514300504,0.0,0.0,-0.008628387,-0.380981684,2.205981684,6752.140635,688.319519,696.030029,0.005184,0.005104
459,4,0,0,61.9917,81.0,18.6,0.004980914,73.6975015300814,0.0,0.0,-0.001725677,-0.36939311,2.19439311,6766.610247,733.143188,859.039429,0.005055,0.005023
460,4,0,0,61.6614,84.0,18.6,0.004974911,73.1383127863438,0.0,0.0,0.001533936,-0.366183519,2.191183519,6783.019384,738.55481,875.744019,0.005067,0.005039
461,4,0,0,62.1581,86.0,18.6,0.004966633,72.654728856318,0.0,0.0,0.001533936,-0.364262342,2.189262342,6797.266642,689.330017,680.597717,0.005029,0.005012
462,4,0,0,62.1581,85.0,18.6,0.004955247,72.1047522322348,0.0,0.0,0.001533936,-0.357473135,2.182473135,6814.094076,709.330017,832.673523,0.004822,0.004997
463,4,0,0,57.3638,89.0,18.2,0.004943497,71.6324930990418,0.0,0.0,0.001533936,-0.346726179,2.171726179,6827.452358,719.046509,767.661987,0.004635,0.004625
464,4,0,0,57.9744,91.0,18.2,0.004927297,71.2629654766392,4.00177002,0.0,0.001533936,-0.332515478,2.157515478,6842.041902,695.220093,710.634521,0.00496,0.005046
465,4,0,0,59.7129,89.0,18.2,0.00489877,71.1813781506916,4.045715332,0.0,-0.008628387,-0.312534094,2.137534094,6857.876504,689.917175,737.272583,0.005021,0.005057
466,4,0,0,60.5129,89.0,18.2,0.004863045,71.072346427856,4.00177002,0.0,-0.008628387,-0.304591894,2.129591894,6871.711829,747.484619,886.536194,0.004983,0.004895
467,4,0,0,61.2738,88.0,18.2,0.004813445,70.944629688258,4.309387207,0.0,-0.004793549,-0.31543088,2.14043088,6887.495102,682.153625,656.858887,0.004529,0.004484
468,4,0,0,61.6819,87.0,18.2,0.004771702,70.8641904815598,4.924621582,0.0,0.0,-0.337590456,2.162590456,6901.282764,713.176697,695.887695,0.005206,0.005183
469,4,0,0,62.0748,87.0,17.9,0.004739942,70.8679721247852,5.58380127,0.0,0.0,-0.366359472,2.191359472,6917.685344,735.362122,868.741882,0.004834,0.004813
470,4,0,0,62.4305,89.0,17.9,0.004731481,70.8837203374486,5.58380127,0.0,0.0,-0.393908739,2.218908739,6930.810385,738.636414,882.887695,0.004975,0.004838
471,4,0,0,62.6629,91.0,17.9,0.004738951,70.901619915824,5.58380127,0.0,0.0,-0.424221754,2.249221754,6947.220955,700.544006,717.989685,0.005045,0.005167
472,4,0,0,62.9826,92.0,17.9,0.004752126,70.9327761588616,5.627746582,0.0,0.00690271,-0.451696634,2.276696634,6961.011726,684.454712,710.233704,0.005116,0.005157
473,4,0,0,63.2407,94.0,17.9,0.004768005,70.9666081871436,6.069946289,0.0,0.008436646,-0.472984552,2.297984552,6976.780469,694.910522,844.340515,0.0,0.005014
474,4,0,0,63.4357,92.0,17.9,0.004782647,71.0199052149124,6.113891602,0.0,0.009203613,-0.473952532,2.298952532,6990.589615,694.46051,830.811218,0.0,0.004769
475,4,0,0,63.6319,88.0,17.9,0.00479916,71.0799361074828,6.069946289,0.0,0.003067871,-0.454325914,2.279325914,7005.068356,702.784607,715.981812,0.004967,0.004844
476,4,0,0,63.7414,88.0,17.9,0.004815747,71.136035736488,6.157836914,0.0,0.0,-0.426593065,2.251593065,7018.242659,679.763306,710.002686,0.00506,0.005117
477,4,0,0,63.9615,85.0,17.9,0.004830636,71.2311558898418,6.685180664,0.0,-0.003259613,-0.39396596,2.21896596,7034.73389,703.445496,711.061707,0.005103,0.005171
478,4,0,0,64.0722,83.0,17.9,0.004835604,71.3259081158848,6.421508789,0.0,0.005368774,-0.368760824,2.193760824,7048.607308,659.164673,585.404724,0.004382,0.0
479,4,0,0,64.1832,86.0,17.9,0.004828784,71.4136137501774,6.465454102,0.0,-0.008628387,-0.337192297,2.162192297,7064.484812,681.765686,725.26593,0.005265,0.005252
480,4,0,0,64.317,89.0,17.9,0.004814062,71.5193395506916,7.080688477,0.0,-0.003259613,-0.323676348,2.148676348,7078.406053,707.929077,695.877502,0.005325,0.005167
481,4,0,0,64.4962,89.0,17.9,0.004790492,71.6842856674984,7.300415039,0.0,-0.005560516,-0.322232485,2.147232485,7094.352538,0.0,0.0,0.0,0.0
482,4,0,0,64.699,90.0,17.9,0.004763185,71.8149161171664,7.212524414,0.0,-0.005560516,-0.331073523,2.156073523,7109.002597,718.032227,811.457703,0.005095,0.005071
483,4,0,0,64.7442,90.0,18.2,0.004723994,71.967254616133,7.300415039,0.0,0.003067871,-0.350830793,2.175830793,7125.028176,691.632507,707.518005,0.005113,0.005059
484,4,0,0,64.8576,88.0,18.2,0.004686315,72.1584308667044,7.783813477,0.0,0.008436646,-0.364009619,2.189009619,7139.090712,709.848816,699.487671,0.005184,0.005122
485,4,0,0,64.8576,90.0,18.2,0.004647336,72.3481388359268,7.739868164,0.0,0.00690271,-0.366475344,2.191475344,7155.204287,747.062622,696.378418,0.005084,0.00512
486,4,0,0,64.8349,92.0,18.2,0.004620752,72.5107905166956,7.651977539,0.0,0.00690271,-0.3551085,2.1801085,7169.329526,733.797913,884.657227,0.005143,0.004926
487,4,0,0,65.0398,92.0,18.2,0.004597992,72.6400845543342,6.465454102,0.0,0.00690271,-0.322856665,2.147856665,7186.170319,651.483215,747.988892,0.005378,0.005444
488,4,0,0,65.1542,90.0,18.2,0.004582627,72.7228097641288,6.860961914,0.0,0.00690271,-0.28229785,2.10729785,7199.665679,875.138123,694.235901,0.005287,0.005294
489,4,0,0,65.269,91.0,18.5,0.004567974,72.8360009227548,6.992797852,0.0,0.00690271,-0.218168497,2.043168497,7216.563535,710.368896,716.989075,0.005206,0.005372
490,4,0,0,65.2921,91.0,18.5,0.004557514,72.9379229838054,7.080688477,0.0,-0.017832001,-0.146710634,1.971710634,7230.781813,677.984497,758.856079,0.005627,0.005563
491,4,0,0,65.4999,91.0,18.4,0.004550089,73.0511945289644,6.992797852,0.0,-0.020132904,-0.085305452,1.910305452,7247.057765,0.0,0.0,0.004977,0.004958
492,4,0,0,65.5695,91.0,18.4,0.004546957,73.149675257826,6.992797852,0.0,-0.008628387,-0.065406561,1.890406561,7261.322221,0.0,0.0,0.0,0.0
493,4,0,0,65.8259,90.0,18.4,0.004542857,73.2669556850184,7.036743164,0.0,-0.005560516,-0.071679831,1.896679831,7277.65051,681.884521,685.710571,0.004503,0.00448
494,4,0,0,65.8727,89.0,18.4,0.004536945,73.3643698720752,7.080688477,0.0,-0.005560516,-0.094057798,1.919057798,7292.642278,678.175476,757.604919,0.005227,0.005304
495,4,0,0,65.7557,88.0,18.4,0.004531195,73.4759875467964,7.080688477,0.0,-0.010929291,-0.132472754,1.957472754,7309.022848,694.58252,743.946472,0.005432,0.005349
496,4,0,0,65.8961,88.0,18.4,0.004531778,73.5762168557548,6.992797852,0.0,0.003834839,-0.183145285,2.008145285,7323.377748,702.562012,721.893311,0.005306,0.005229
497,4,0,0,66.1078,88.0,18.3,0.00454105,73.6852489487386,7.036743164,0.0,0.00690271,-0.251123667,2.076123667,7339.80792,667.258972,700.83783,0.0,0.004987
498,4,0,0,66.1314,88.0,18.3,0.004553125,73.782224655019,7.036743164,0.0,0.0,-0.299018145,2.124018145,7354.891535,0.0,0.0,0.004923,0.005068
499,4,0,0,66.1551,90.0,18.3,0.004565034,73.8846914293794,6.992797852,0.0,0.00690271,-0.34212327,2.16712327,7371.370772,705.436401,714.985229,0.00555,0.005393
500,4,0,0,66.2497,89.0,18.3,0.00457291,73.9753059618154,7.036743164,0.0,0.00690271,-0.367466688,2.192466688,7385.810629,661.815125,744.365295,0.00557,0.005509
501,4,0,0,63.8292,88.0,18.3,0.004584755,74.0749011747204,7.080688477,0.0,0.00690271,-0.380870581,2.205870581,7402.33642,613.584229,749.117188,0.005532,0.005574
502,4,0,0,57.5242,89.0,18.3,0.004605753,74.1596461384018,7.036743164,0.0,0.001533936,-0.380357981,2.205357981,7416.816493,706.579529,719.010803,0.00504,0.004941
503,4,0,0,58.193,89.0,18.3,0.00464877,74.2568785987858,6.992797852,0.0,0.001533936,-0.374475241,2.199475241,7434.078564,714.902527,690.428528,0.004642,0.004629
504,4,0,0,60.1786,89.0,18.3,0.004699659,74.3426628581458,7.036743164,0.0,-0.005560516,-0.367279768,2.192279768,7447.906769,697.140015,686.15741,0.004684,0.004589
505,4,0,0,58.5796,90.0,18.2,0.004758757,74.4445649794738,7.036743164,0.0,-0.003259613,-0.364816427,2.189816427,7465.215012,681.141174,699.784485,0.004781,0.004751
506,4,0,0,58.7282,89.0,18.2,0.004797684,74.5314016667268,7.036743164,0.0,-0.003259613,-0.367010832,2.192010832,7479.774501,728.869873,883.474976,0.004993,0.004994
507,4,0,0,60.2569,88.0,18.2,0.004818288,74.6272532972974,7.080688477,0.0,-0.004793549,-0.377848387,2.202848387,7496.43777,691.275818,701.709229,0.004969,0.004795
508,4,0,0,61.1322,87.0,18.2,0.004819376,74.7161617362126,6.992797852,0.0,0.001533936,-0.399027109,2.224027109,7511.038478,685.504517,683.801697,0.005025,0.004902
509,4,0,0,61.8055,89.0,18.2,0.004816161,74.8101626096898,7.080688477,0.0,0.001533936,-0.426832914,2.251832914,7527.746862,695.108276,684.674194,0.004913,0.004783
510,4,0,0,62.1581,91.0,18.2,0.004819471,74.9018480130552,7.168579102,0.0,0.030678711,-0.44560647,2.27060647,7543.07419,687.678894,734.001099,0.005265,0.005155
511,4,0,0,62.4938,93.0,18.2,0.004832088,75.0068464401696,7.212524414,0.0,-0.010162323,-0.428666353,2.253666353,7559.102911,696.461121,726.383972,0.005271,0.005178
512,4,0,0,62.897,96.0,18.2,0.00484574,75.0931330067304,7.168579102,0.0,-0.017832001,-0.41054368,2.23554368,7574.441917,727.632019,896.11499,0.004843,0.004799
513,4,0,0,63.1975,94.0,18.2,0.00485537,75.1938060107268,7.080688477,0.0,-0.012463226,-0.420819998,2.245819998,7591.178113,697.828003,708.61792,0.005193,0.005068
514,4,0,0,63.3922,92.0,18.2,0.004854139,75.2455849158868,6.245727539,0.0,0.009203613,-0.460252047,2.285252047,7605.815339,691.78949,710.53009,0.005309,0.0051
515,4,0,0,63.5227,93.0,18.2,0.00484554,75.2627574910106,6.377563477,0.0,0.009203613,-0.497708559,2.322708559,7622.537417,743.892517,882.927124,0.005044,0.004997
516,4,0,0,63.7194,93.0,18.2,0.004841655,75.2924888405056,6.421508789,0.0,0.009203613,-0.5088346,2.3338346,7637.165449,0.0,0.0,0.0,0.0
517,4,0,0,63.9394,89.0,17.9,0.004852158,75.3266946058158,6.026000977,0.0,0.008436646,-0.496708155,2.321708155,7654.576243,696.229309,717.355286,0.005274,0.005171
518,4,0,0,64.161,84.0,17.9,0.004875678,75.2969234251558,5.627746582,0.0,-0.010162323,-0.466852903,2.291852903,7669.200555,695.109375,715.776794,0.005358,0.005165
519,4,0,0,62.4727,80.0,17.9,0.004911209,75.261840585639,5.806274414,0.0,-0.010162323,-0.429987669,2.254987669,7685.914228,701.536804,711.293701,0.005416,0.005295
520,4,0,0,62.3885,82.0,17.9,0.004942961,75.2428329444868,5.850219727,0.0,-0.001725677,-0.42150569,2.24650569,7700.53849,755.026123,890.190002,0.005238,0.005141
521,4,0,0,63.2191,85.0,17.6,0.004979157,75.2245242396966,5.850219727,0.0,-0.000959,-0.424441099,2.249441099,7717.252288,681.972778,725.158325,0.005267,0.004821
522,4,0,0,63.6756,91.0,17.6,0.005012165,75.2149710204292,6.026000977,0.0,-0.008628387,-0.429979086,2.254979086,7731.879115,0.0,0.0,0.0,0.0
523,4,0,0,64.1165,95.0,17.3,0.005048865,75.214539025293,6.026000977,0.0,0.0,-0.447160482,2.272160482,7748.598127,670.763123,710.128723,0.005281,0.005228
524,4,0,0,64.25,97.0,17.3,0.005075901,75.2146051530736,6.026000977,0.0,-0.005560516,-0.467570066,2.292570066,7763.926071,692.047974,729.878906,0.005444,0.005289
525,4,0,0,64.4064,96.0,17.1,0.00509337,75.2132984011804,6.026000977,0.0,-0.005560516,-0.50122571,2.32622571,7780.649626,691.422119,709.8974,0.005231,0.005135
526,4,0,0,64.6312,95.0,17.1,0.005090605,75.2147383742388,6.113891602,0.0,0.009203613,-0.541944742,2.366944742,7795.283786,696.295471,674.227295,0.005258,0.00512
527,4,0,0,64.6312,93.0,16.9,0.005066957,75.2269874955006,6.201782227,0.0,0.016106323,-0.573790789,2.398790789,7812.009506,691.660583,711.472473,0.005245,0.005106
528,4,0,0,64.6764,91.0,16.9,0.005034545,75.237256629667,6.113891602,0.0,0.003067871,-0.574904203,2.399904203,7827.342161,696.420593,696.548584,0.00508,0.005028
529,4,0,0,64.903,88.0,16.4,0.004990225,75.2484643631082,6.201782227,0.0,-0.001725677,-0.553953886,2.378953886,7844.068865,677.647522,443.603485,0.005189,0.005153
530,4,0,0,65.269,85.0,16.4,0.004943247,75.2566330671736,6.113891602,0.0,0.005368774,-0.536922693,2.361922693,7858.704852,696.379272,707.88562,0.005471,0.005438
531,4,0,0,65.3843,86.0,16.0,0.004880814,75.2639440252058,6.069946289,0.0,0.005368774,-0.506199121,2.331199121,7875.432649,695.47229,720.545288,0.005297,0.005118
532,4,0,0,64.5636,87.0,16.0,0.004830203,75.2672127395864,6.069946289,0.0,0.005368774,-0.46512866,2.29012866,7890.07014,687.332092,737.720886,0.005239,0.005061
533,4,0,0,61.5794,88.0,15.6,0.004790493,75.2715876016292,6.026000977,0.0,-0.007094452,-0.410609007,2.235609007,7907.492151,684.493286,454.7005,0.005352,0.005333
534,4,0,0,60.911,89.0,15.6,0.004772615,75.273347125238,6.026000977,0.0,0.001533936,-0.376699686,2.201699686,7921.419475,671.47699,658.973572,0.0,0.004625
535,4,0,0,62.2626,90.0,15.5,0.004767342,75.2734935108044,6.026000977,0.0,-0.004793549,-0.344083548,2.169083548,7938.814688,661.723694,697.285522,0.005054,0.004887
536,4,0,0,63.1114,90.0,15.5,0.004775229,75.274460868985,6.113891602,0.0,-0.008628387,-0.322005033,2.147005033,7953.418791,684.145508,698.540894,0.004493,0.004537
537,4,0,0,61.3753,89.0,15.5,0.004796782,75.280356364207,6.113891602,0.0,-0.008628387,-0.315237284,2.140237284,7970.100623,662.843323,698.182678,0.004562,0.00452
538,4,0,0,61.5385,88.0,15.5,0.004825199,75.2810416855526,6.026000977,0.0,-0.000959,-0.331068754,2.156068754,7984.68981,663.832886,665.868408,0.0,0.004729
539,4,0,0,62.5782,87.0,15.4,0.00487007,75.2594285551272,5.671691895,0.0,0.0,-0.364037752,2.189037752,8001.354699,668.291199,678.069275,0.0,0.004717
540,4,0,0,63.1544,86.0,15.4,0.004914581,75.1925210492972,5.144348145,0.0,0.0,-0.393304586,2.218304586,8016.62304,725.962402,720.535217,0.005047,0.005016
541,4,0,0,63.6537,87.0,15.4,0.004954946,75.1446611123448,5.58380127,0.0,0.010737549,-0.424206972,2.249206972,8033.271075,694.261292,694.381287,0.004651,0.00461
542,4,0,0,63.9174,88.0,15.4,0.00497441,75.1107912967596,5.58380127,0.0,0.0,-0.433089018,2.258089018,8047.83127,0.0,0.0,0.0,0.0
543,4,0,0,64.161,88.0,15.4,0.004984149,75.0715745616782,5.58380127,0.0,-0.001725677,-0.43327117,2.25827117,8064.463826,697.275513,670.926025,0.0047,0.004641
544,4,0,0,64.3617,87.0,15.4,0.004984334,75.0376834062446,5.58380127,0.0,0.008436646,-0.43533349,2.26033349,8079.010726,691.67218,677.065125,0.004741,0.004679
545,4,0,0,64.6538,89.0,15.6,0.004972486,74.9990009398564,5.58380127,0.0,0.005368774,-0.426881075,2.251881075,8096.320547,691.944885,674.268005,0.004744,0.004655
546,4,0,0,64.8122,89.0,15.6,0.004955601,74.965703679163,5.58380127,0.0,0.001533936,-0.400236845,2.225236845,8110.16235,685.547424,669.303711,0.00447,0.004358
547,4,0,0,65.017,89.0,15.6,0.004940613,74.9293685478186,5.58380127,0.0,-0.000959,-0.36474824,2.18974824,8127.457188,738.83197,863.112305,0.004451,0.004267
548,4,0,0,65.1772,91.0,15.6,0.004936595,74.896446456466,5.58380127,0.0,-0.003259613,-0.334901571,2.159901571,8141.978716,692.080078,689.857178,0.004679,0.004566
549,4,0,0,65.3612,92.0,15.8,0.004938145,74.861324944509,5.58380127,0.0,-0.008628387,-0.309004545,2.134004545,8158.567959,690.820923,706.569519,0.005073,0.004861
550,4,0,0,65.4999,92.0,15.8,0.004936148,74.8307123043366,5.58380127,0.0,0.001533936,-0.301714182,2.126714182,8173.077309,672.07251,745.899719,0.005019,0.004672
551,4,0,0,65.5695,92.0,16.0,0.004920815,74.796650880731,5.627746582,0.0,-0.001725677,-0.301684141,2.126684141,8189.652284,692.570679,665.658997,0.004471,0.004393
552,4,0,0,65.8259,92.0,16.0,0.004897635,74.7670536858184,5.627746582,0.0,-0.000959,-0.303994894,2.128994894,8204.839418,686.446289,661.909485,0.004413,0.004294
553,4,0,0,65.8961,91.0,16.2,0.004873058,74.7343332447678,5.627746582,0.0,-0.008628387,-0.311354876,2.136354876,8221.400087,689.444092,660.253174,0.004416,0.004327
554,4,0,0,65.9431,90.0,16.2,0.0048639,74.7070842378492,5.58380127,0.0,0.001533936,-0.3290236,2.1540236,8235.882598,679.737305,687.129272,0.004782,0.004613
555,4,0,0,66.0607,90.0,16.4,0.004870019,74.6801240913672,5.58380127,0.0,0.001533936,-0.349321127,2.174321127,8250.338148,670.971313,689.255676,0.004886,0.004766
556,4,0,0,66.2497,89.0,16.4,0.004889946,74.6488463753464,5.627746582,0.0,0.0,-0.368085623,2.193085623,8267.507357,691.25238,671.767883,0.004657,0.004569
557,4,0,0,66.2497,89.0,16.5,0.004909605,74.6200456588932,5.58380127,0.0,-0.003259613,-0.383138895,2.208138895,8281.221248,667.211121,659.596008,0.00472,0.004694
558,4,0,0,66.3685,92.0,16.5,0.004929924,74.5875170833574,5.58380127,0.0,0.001533936,-0.409059763,2.234059763,8298.352225,695.040527,674.24707,0.004578,0.004544
559,4,0,0,66.4876,94.0,16.7,0.004946158,74.5593717545258,5.58380127,0.0,0.001533936,-0.434491873,2.259491873,8312.737101,686.549683,669.912415,0.004736,0.004627
560,4,0,0,66.7753,95.0,16.7,0.004962172,74.527518940856,5.58380127,0.0,0.001533936,-0.460252047,2.285252047,8329.171621,687.103271,670.948486,0.004879,0.004873
561,4,0,0,66.7031,93.0,16.8,0.004975084,74.4987426059038,5.58380127,0.0,0.001533936,-0.481941462,2.306941462,8343.547062,738.84668,716.944275,0.004981,0.004689
562,4,0,0,66.7512,92.0,16.8,0.004993167,74.3530211497482,3.869934082,0.0,0.001533936,-0.500547647,2.325547647,8359.970821,704.667786,687.841797,0.004982,0.004829
563,4,0,0,66.9443,89.0,16.9,0.005011167,74.2040944193948,3.957824707,0.0,0.001533936,-0.513613462,2.338613462,8375.021115,677.605896,675.702087,0.004759,0.004796
564,4,0,0,66.9443,85.0,16.9,0.00502667,74.0714716389936,4.968566895,0.0,0.001533936,-0.524091959,2.349091959,8391.434338,608.021301,730.78717,0.005011,0.005048
565,4,0,0,66.9927,84.0,16.7,0.005032049,74.0184448355042,5.40802002,0.0,0.003067871,-0.5275352,2.3525352,8405.791601,681.03009,697.985291,0.004712,0.004748
566,4,0,0,67.1141,86.0,16.7,0.005033418,73.9913790841314,5.58380127,0.0,0.009203613,-0.520194769,2.345194769,8422.195033,683.035583,700.775696,0.004644,0.004659
567,4,0,0,67.3337,86.0,16.9,0.005036221,73.9708131673374,5.58380127,0.0,0.003834839,-0.500634909,2.325634909,8436.543715,694.475525,673.949829,0.004284,0.004189
568,4,0,0,67.3337,86.0,16.9,0.005042258,73.9465902667944,5.58380127,0.0,0.005368774,-0.462427855,2.287427855,8453.620353,696.239502,670.933594,0.004346,0.00431
569,4,0,0,67.3337,88.0,16.7,0.005049115,73.9248476810594,5.58380127,0.0,0.00690271,-0.418170691,2.243170691,8467.277735,612.606812,713.664917,0.004253,0.004296
570,4,0,0,66.9443,90.0,16.7,0.005059508,73.9012830488566,5.58380127,0.0,-0.008628387,-0.350300074,2.175300074,8484.344509,678.388184,673.143677,0.004418,0.004359
571,4,0,0,67.0169,90.0,16.8,0.005072305,73.8800736213702,5.539855957,0.0,-0.000959,-0.295148611,2.120148611,8498.676464,702.331604,679.788208,0.005,0.004858
572,4,0,0,67.2359,90.0,16.8,0.005093824,73.8567672560506,5.58380127,0.0,-0.019365936,-0.245512247,2.070512247,8515.051344,686.744019,701.651123,0.004842,0.004906
573,4,0,0,67.3582,91.0,16.9,0.005116136,73.8368225766834,5.58380127,0.0,0.001533936,-0.229737043,2.054737043,8529.375523,696.246887,681.295288,0.004804,0.004911
574,4,0,0,67.5548,90.0,16.9,0.005128997,73.8147446527726,5.539855957,0.0,-0.010162323,-0.230374575,2.055374575,8545.741585,685.26593,679.822327,0.004533,0.004468
575,4,0,0,67.6288,89.0,16.7,0.005114605,73.7942348214776,5.58380127,0.0,-0.003259613,-0.239853621,2.064853621,8560.739779,690.651306,703.528503,0.005092,0.004855
576,4,0,0,67.6782,92.0,16.7,0.005070368,73.7723520300418,5.58380127,0.0,0.003067871,-0.267970324,2.092970324,8576.415608,692.022217,685.082275,0.004892,0.004681
577,4,0,0,67.7525,95.0,16.9,0.005018174,73.7528484707686,5.58380127,0.0,-0.004793549,-0.288443327,2.113443327,8591.406019,700.649292,683.67981,0.004368,0.00431
578,4,0,0,67.7773,94.0,16.9,0.004953505,73.7311994681546,5.539855957,0.0,0.0,-0.315905809,2.140905809,8607.755065,693.985718,678.090271,0.004608,0.004459
579,4,0,0,68.0013,93.0,16.7,0.004899146,73.7120327437434,5.58380127,0.0,0.0,-0.347679853,2.172679853,8622.737816,0.0,0.0,0.0,0.0
580,4,0,0,68.1515,89.0,16.7,0.004846285,73.6906914952176,5.58380127,0.0,0.001533936,-0.381840467,2.206840467,8638.397673,684.753479,683.564087,0.00479,0.004832
581,4,0,0,68.1515,86.0,16.8,0.004810414,73.6723943776754,5.58380127,0.0,0.003067871,-0.408768415,2.233768415,8653.373032,690.39502,669.2771,0.004714,0.004695
582,4,0,0,68.3275,82.0,16.8,0.004780128,73.6515336780736,5.58380127,0.0,0.003067871,-0.43001914,2.25501914,8669.705851,0.0,0.0,0.0,0.0
583,4,0,0,68.4285,82.0,16.9,0.004763199,73.6337416197036,5.495910645,0.0,0.003067871,-0.441390753,2.266390753,8683.993713,692.268494,678.53949,0.00493,0.004939
584,4,0,0,68.5044,83.0,16.9,0.004757968,73.6135430991382,5.539855957,0.0,0.016106323,-0.44440484,2.26940484,8700.318778,685.330627,692.800903,0.004984,0.004974
585,4,0,0,68.1013,85.0,17.0,0.004766051,73.5965438821192,5.58380127,0.0,-0.000959,-0.427556753,2.252556753,8714.599894,623.307617,717.345581,0.004986,0.005064
586,4,0,0,68.3023,89.0,17.0,0.004784943,73.578056218721,5.58380127,0.0,0.001533936,-0.402461767,2.227461767,8731.597306,581.593994,693.532227,0.004594,0.004523
587,4,0,0,68.4538,92.0,17.1,0.004805186,73.560877560292,5.58380127,0.0,0.003067871,-0.383543253,2.208543253,8745.192198,689.796997,694.694885,0.004569,0.004482
588,4,0,0,68.4538,94.0,17.1,0.004827558,73.5423768451464,5.58380127,0.0,0.003834839,-0.352093935,2.177093935,8762.18204,610.15741,667.272522,0.004526,0.004601
589,4,0,0,68.6823,95.0,17.2,0.004843084,73.5257505604856,5.58380127,0.0,0.0,-0.310290575,2.135290575,8776.45031,693.34729,665.919922,0.00448,0.004444
590,4,0,0,68.7843,96.0,17.2,0.004853511,73.5078983449864,5.58380127,0.0,-0.004793549,-0.259859324,2.084859324,8792.753443,701.430115,701.930298,0.004374,0.0
591,4,0,0,68.7843,91.0,17.3,0.004854758,73.4913621511788,5.58380127,0.0,-0.012463226,-0.225666761,2.050666761,8804.978388,697.805725,678.724915,0.004391,0.004258
592,4,0,0,68.6568,85.0,17.3,0.004848724,73.4736698075152,5.539855957,0.0,-0.012463226,-0.220734835,2.045734835,8821.275125,693.710083,671.580994,0.004746,0.004808
593,4,0,0,68.6568,81.0,17.1,0.004842286,73.4575305252318,5.58380127,0.0,-0.003259613,-0.247146368,2.072146368,8836.210635,694.32251,701.724487,0.004466,0.004426
594,4,0,0,68.8099,78.0,17.1,0.004839254,73.440264447454,5.58380127,0.0,-0.001725677,-0.292094946,2.117094946,8850.464472,700.503174,692.25531,0.004636,0.00461
595,4,0,0,66.9201,78.0,17.1,0.004838686,73.4234723203062,5.58380127,0.0,0.001533936,-0.344352007,2.169352007,8864.715555,765.807373,684.871399,0.004686,0.004702
596,4,0,0,57.6136,79.0,17.1,0.004840154,73.4088036851016,5.58380127,0.0,0.008436646,-0.387069941,2.212069941,8878.963838,679.233704,677.031616,0.004916,0.004885
597,4,0,0,57.2928,84.0,16.9,0.004845276,73.3948243463124,5.58380127,0.0,-0.000959,-0.415628195,2.240628195,8893.209277,703.389709,678.27948,0.004733,0.004701
598,4,0,0,59.9061,88.0,16.9,0.004854179,73.379072110299,5.58380127,0.0,0.003067871,-0.449454069,2.274454069,8909.469599,673.436523,668.96283,0.004757,0.004733
599,4,0,0,61.355,91.0,17.0,0.004861189,73.3650834373378,5.58380127,0.0,0.003834839,-0.475855112,2.300855112,8924.349114,687.059998,698.288818,0.004928,0.004888
600,4,0,0,62.1999,93.0,17.0,0.004870479,73.350024327969,5.539855957,0.0,0.003834839,-0.493522882,2.318522882,8940.569271,630.766113,698.768127,0.005106,0.004981
601,4,0,0,62.7904,94.0,17.1,0.004883245,73.3361995984736,5.58380127,0.0,0.009203613,-0.5014503,2.3264503,8952.728663,667.323975,710.116882,0.005139,0.005091
602,4,0,0,63.3922,92.0,17.1,0.004910815,73.3209251594128,5.58380127,0.0,0.008436646,-0.498320818,2.323320818,8968.932189,695.081299,678.600891,0.004669,0.004675
603,4,0,0,63.7853,90.0,16.9,0.004943072,73.307635841242,5.58380127,0.0,0.00690271,-0.477124453,2.302124453,8983.101848,0.0,0.0,0.0,0.0
604,4,0,0,64.2277,90.0,16.9,0.004984179,73.2920176632506,5.58380127,0.0,0.010737549,-0.435292959,2.260292959,8999.28683,0.0,0.0,0.0,0.0
605,4,0,0,64.4962,89.0,17.0,0.00501652,73.2789912307688,5.58380127,0.0,0.009203613,-0.373812914,2.198812914,9014.113074,0.0,0.0,0.0,0.0
606,4,0,0,64.699,90.0,17.0,0.005043423,73.2633932982746,5.58380127,0.0,-0.003259613,-0.271750689,2.096750689,9030.27803,0.0,0.0,0.0,0.0
607,4,0,0,64.9942,91.0,17.1,0.005058338,73.1538196945676,3.869934082,0.0,-0.008628387,-0.183074236,2.008074236,9044.416831,0.0,0.0,0.0,0.0
608,4,0,0,65.269,92.0,17.1,0.005064161,73.0385637527216,4.924621582,0.0,-0.001725677,-0.1054461,1.9304461,9060.569258,818.797424,719.071777,0.005059,0.0
609,4,0,0,65.5231,92.0,17.2,0.005056455,72.996497874291,5.23223877,0.0,-0.010162323,-0.040909529,1.865909529,9074.697711,686.046204,707.250916,0.004711,0.004634
610,4,0,0,65.7091,93.0,17.2,0.005038043,72.960408424791,5.276184082,0.0,-0.010162323,0.005805731,1.819194269,9091.510721,695.908508,697.348206,0.004855,0.004739
611,4,0,0,66.0371,91.0,17.3,0.005020952,72.9231302523934,5.144348145,0.0,-0.02166684,0.022233248,1.802766752,9104.956059,688.281128,737.664978,0.004975,0.005158
612,4,0,0,66.1787,86.0,17.3,0.005001054,72.8787217381918,5.188293457,0.0,-0.010162323,-0.010823965,1.835823965,9121.753597,695.111877,720.042114,0.004996,0.005113
613,4,0,0,66.3209,84.0,17.3,0.004979366,72.8428007061228,5.320129395,0.0,0.003834839,-0.072948217,1.897948217,9135.857914,711.494873,703.719299,0.005163,0.005278
614,4,0,0,66.4876,84.0,17.3,0.004944631,72.794226769386,5.100402832,0.0,0.005368774,-0.141185045,1.966185045,9151.971657,736.266113,457.905487,0.00525,0.005346
615,4,0,0,66.6791,82.0,17.4,0.004904717,72.7518429336516,5.276184082,0.0,0.005368774,-0.186735392,2.011735392,9166.064661,703.11377,581.957092,0.0,0.004725
616,4,0,0,66.8476,82.0,17.4,0.004856673,72.7224709175918,5.58380127,0.0,0.003834839,-0.223049402,2.048049402,9182.161576,665.690186,760.905518,0.0,0.005212
617,4,0,0,66.9443,85.0,17.8,0.004822731,72.6964903924612,5.23223877,0.0,0.0,-0.243071318,2.068071318,9196.911689,691.281921,688.04303,0.005502,0.005521
618,4,0,0,67.0655,85.0,17.8,0.004799296,72.6688711246888,5.276184082,0.0,-0.008628387,-0.261684656,2.086684656,9212.997448,663.354675,726.276917,0.005357,0.005397
619,4,0,0,67.2604,86.0,17.8,0.004791599,72.6448735639326,5.58380127,0.0,-0.012463226,-0.293388128,2.118388128,9227.061616,671.148315,759.549805,0.004933,0.004922
620,4,0,0,67.4072,89.0,17.8,0.004794978,72.6177565872676,5.539855957,0.0,-0.016298065,-0.362338781,2.187338781,9243.10165,682.043396,758.435608,0.005506,0.004871
621,4,0,0,67.4318,90.0,17.8,0.004809217,72.585082817077,5.144348145,0.0,-0.004793549,-0.45600009,2.28100009,9257.72231,690.769287,679.094299,0.005117,0.005003
622,4,0,0,67.6041,88.0,17.8,0.004840747,72.5509039921184,5.188293457,0.0,0.021475098,-0.577680826,2.402680826,9273.547699,686.620728,754.563293,0.005666,0.005528
623,4,0,0,67.7277,89.0,18.1,0.004879068,72.5253103845106,5.495910645,0.0,0.02761084,-0.658007383,2.483007383,9287.309978,681.962891,758.89917,0.005741,0.005738
624,4,0,0,67.7525,88.0,18.1,0.004928678,72.497630235406,5.188293457,0.0,0.017640259,-0.656248331,2.481248331,9302.984173,690.090393,745.492493,0.005656,0.005629
625,4,0,0,67.9016,84.0,18.1,0.004970665,72.4576099890494,5.144348145,0.0,0.0,-0.566510916,2.391510916,9316.655548,693.8573,721.465393,0.005805,0.005766
626,4,0,0,68.0763,84.0,18.1,0.00500553,72.4236263931262,5.40802002,0.0,-0.016298065,-0.445178747,2.270178747,9332.880079,676.602905,522.464111,0.006145,0.006111
627,4,0,0,68.1013,85.0,18.1,0.005017934,72.4027388336398,5.276184082,0.0,-0.008628387,-0.362644434,2.187644434,9345.825321,710.644409,597.80127,0.0,0.005368
628,4,0,0,68.2519,84.0,18.1,0.005016172,72.376225246821,5.144348145,0.0,-0.003259613,-0.309697866,2.134697866,9360.031941,701.675903,724.408875,0.005826,0.005744
629,4,0,0,68.2771,84.0,18.1,0.005007126,72.2666215162692,3.869934082,0.0,-0.012463226,-0.277531385,2.102531385,9372.9114,682.927124,726.669495,0.005821,0.005771
630,4,0,0,68.4538,85.0,18.1,0.004994021,72.0573445359158,0.0,0.0,0.003067871,-0.272768259,2.097768259,9388.910838,699.308105,743.188171,0.00528,0.005268
631,4,0,0,68.5298,86.0,17.8,0.004981657,71.5444977996426,0.0,0.0,0.003067871,-0.280101538,2.105101538,9402.261553,700.429077,747.588684,0.005253,0.005302
632,4,0,0,68.6059,86.0,17.8,0.004966335,70.9764792993412,0.571289063,0.0,-0.004793549,-0.28264308,2.10764308,9417.431913,696.146973,736.880493,0.005206,0.005245
633,4,0,0,68.6059,85.0,17.8,0.004953529,70.6925522945112,3.430480957,0.0,-0.008628387,-0.294812918,2.119812918,9430.670226,692.946411,725.294006,0.005599,0.005038
634,4,0,0,68.7843,84.0,17.8,0.004942631,70.4454672504718,3.47442627,0.0,0.009203613,-0.325689077,2.150689077,9445.810301,692.631775,686.040527,0.004535,0.004528
635,4,0,0,68.5298,85.0,17.8,0.004935302,70.2546381667252,2.63671875,0.0,-0.016298065,-0.351552248,2.176552248,9459.700922,685.400085,693.715088,0.004537,0.004542
636,4,0,0,68.6823,84.0,17.8,0.00492842,70.0284604609608,3.430480957,0.0,0.003067871,-0.415364981,2.240364981,9469.179492,691.435303,718.949707,0.005083,0.004764
637,4,0,0,68.9636,84.0,17.5,0.004912466,69.8632037254406,3.430480957,0.0,0.009203613,-0.477054358,2.302054358,9482.459422,688.854004,704.59259,0.005125,0.004879
638,4,0,0,69.0407,87.0,17.5,0.00488835,69.680543973402,3.518371582,0.0,0.009203613,-0.511494875,2.336494875,9495.753269,689.173828,722.212402,0.00496,0.004902
639,4,0,0,69.0665,89.0,17.6,0.004860139,69.4481289968798,0.0,0.0,0.003834839,-0.523124933,2.348124933,9509.072238,790.641174,711.951904,0.005139,0.005029
640,4,0,0,69.0923,88.0,17.6,0.00483248,68.9325991689586,0.747070313,0.0,-0.004793549,-0.51208663,2.33708663,9524.964114,686.857178,724.818298,0.005038,0.005085
641,4,0,0,68.1013,89.0,17.3,0.004819498,68.5378551360574,0.922851563,0.0,-0.013997162,-0.487872362,2.312872362,9537.704987,674.806091,722.055603,0.0,0.004723
642,4,0,0,62.6841,88.0,17.3,0.0048188,68.1585174437234,3.12286377,0.0,-0.008628387,-0.494261026,2.319261026,9553.664344,683.912903,806.260498,0.00491,0.005071
643,4,0,0,63.004,84.0,17.1,0.004826911,68.089736489106,5.58380127,0.0,-0.005560516,-0.52839303,2.35339303,9567.09789,692.484375,701.845703,0.005233,0.005253
644,4,0,0,60.5129,84.0,17.1,0.00484226,68.1472562801942,5.58380127,0.0,0.012271484,-0.576942682,2.401942682,9582.480304,0.0,0.0,0.0,0.0
645,4,0,0,57.4528,84.0,17.2,0.004859497,68.202176246886,5.715637207,0.0,0.009203613,-0.60429883,2.42929883,9595.96543,693.168579,736.28009,0.005251,0.005179
646,4,0,0,59.7514,84.0,17.2,0.004876393,68.2644005894094,5.671691895,0.0,0.001533936,-0.609344721,2.434344721,9610.115892,695.455872,692.556519,0.004992,0.004935
647,4,0,0,61.3143,86.0,17.0,0.00488526,68.3309150461312,5.671691895,0.0,0.003834839,-0.592620134,2.417620134,9623.638702,737.710388,875.514221,0.004888,0.004972
648,4,0,0,61.4976,88.0,17.0,0.004882864,68.4329695719572,6.597290039,0.0,0.003834839,-0.572512865,2.397512865,9637.176659,690.326111,705.835693,0.004904,0.004978
649,4,0,0,61.1524,91.0,17.1,0.00487557,68.595982630023,6.729125977,0.0,-0.000959,-0.541826487,2.366826487,9652.668281,693.27832,717.604797,0.005001,0.00481
650,4,0,0,61.4976,91.0,17.1,0.004876061,68.7340857602998,6.641235352,0.0,0.003834839,-0.523446321,2.348446321,9666.241881,722.145996,714.12323,0.005044,0.005103
651,4,0,0,60.4339,92.0,17.2,0.004889458,68.8911623654406,6.597290039,0.0,-0.015531097,-0.497760057,2.322760057,9682.423304,677.959229,713.863098,0.005199,0.005226
652,4,0,0,61.5794,92.0,17.2,0.00490977,69.0214987886906,6.597290039,0.0,-0.005560516,-0.486290693,2.311290693,9695.386027,684.023804,732.756714,0.005597,0.005525
653,4,0,0,62.5148,87.0,17.3,0.00493527,69.1640582779878,6.553344727,0.0,-0.007094452,-0.502425909,2.327425909,9711.611206,689.828674,726.769287,0.005244,0.005316
654,4,0,0,63.004,85.0,17.3,0.004952713,69.2859242781092,6.509399414,0.0,0.012271484,-0.526997328,2.351997328,9725.258508,675.065186,726.506714,0.005535,0.005625
655,4,0,0,63.4792,86.0,17.3,0.004965119,69.4260419480112,6.509399414,0.0,0.013038452,-0.525811911,2.350811911,9740.87547,687.404602,734.172974,0.005333,0.005387
656,4,0,0,63.9174,85.0,17.3,0.004974922,69.5120862767152,6.026000977,0.0,-0.004793549,-0.493524313,2.318524313,9754.557617,692.850281,732.098877,0.005302,0.005427
657,4,0,0,64.2277,83.0,17.4,0.004993751,69.603952103188,5.982055664,0.0,-0.010162323,-0.448642969,2.273642969,9770.213881,738.845276,861.816223,0.005064,0.005167
658,4,0,0,64.4513,86.0,17.4,0.005019026,69.6830414437744,6.245727539,0.0,-0.005560516,-0.431281328,2.256281328,9784.583672,688.156677,708.68219,0.004819,0.004692
659,4,0,0,64.8576,88.0,17.4,0.005052358,69.7848255361068,6.245727539,0.0,-0.003259613,-0.427182436,2.252182436,9799.624699,691.825623,678.190491,0.004636,0.004623
660,4,0,0,65.0398,89.0,17.4,0.005081475,69.8753421241104,6.201782227,0.0,0.0,-0.432567358,2.257567358,9814.022668,674.048279,737.80249,0.005007,0.005116
661,4,0,0,65.1542,89.0,17.5,0.005113537,69.9741018642478,6.245727539,0.0,0.00690271,-0.438709974,2.263709974,9829.739576,684.999512,693.467773,0.004773,0.004752
662,4,0,0,65.3151,90.0,17.5,0.005137159,70.0648223073492,6.245727539,0.0,0.00690271,-0.427988291,2.252988291,9844.157597,696.062195,693.444275,0.004742,0.004608
663,4,0,0,64.5861,89.0,17.5,0.005152521,70.1611476310554,6.201782227,0.0,-0.008628387,-0.401026487,2.226026487,9859.242257,685.541382,691.556091,0.004657,0.004619
664,4,0,0,63.8953,88.0,17.5,0.005152852,70.2473997738336,6.245727539,0.0,-0.003259613,-0.387830973,2.212830973,9873.682182,706.713684,668.721497,0.004876,0.004908
665,4,0,0,64.5861,90.0,17.6,0.005140145,70.340987738947,6.245727539,0.0,-0.010929291,-0.38418889,2.20918889,9889.447106,688.494019,716.488892,0.005071,0.004904
666,4,0,0,65.017,91.0,17.6,0.005122172,70.425255678159,6.201782227,0.0,-0.020132904,-0.406460524,2.231460524,9903.251816,694.296875,671.191711,0.004911,0.004825
667,4,0,0,65.3612,90.0,17.6,0.0050995,70.51753225648,6.289672852,0.0,0.00690271,-0.475296736,2.300296736,9919.04065,687.823608,677.484802,0.00474,0.004644
668,4,0,0,65.4305,93.0,17.6,0.005080153,70.600009402607,6.113891602,0.0,0.026843872,-0.537998438,2.362998438,9932.866644,679.375305,701.420898,0.004848,0.004847
669,4,0,0,65.6159,93.0,17.7,0.005061166,70.6725108455298,5.75958252,0.0,0.001533936,-0.543842077,2.368842077,9949.339212,685.295593,670.914978,0.004692,0.004721
670,4,0,0,65.7791,92.0,17.7,0.005054599,70.710606144219,5.806274414,0.0,0.0,-0.519140482,2.344140482,9963.187428,671.942383,695.328918,0.004955,0.004819
671,4,0,0,65.8727,93.0,17.7,0.005065439,70.7663620021068,5.894165039,0.0,0.0,-0.491676092,2.316676092,9979.026544,676.161682,668.49762,0.004556,0.00451
672,4,0,0,66.0371,95.0,17.7,0.00508639,70.8162865291584,5.938110352,0.0,0.0,-0.46762538,2.29262538,9992.8966,679.71283,660.024292,0.004572,0.004477
673,4,0,0,66.1078,94.0,17.7,0.005110137,70.8726228437974,5.982055664,0.0,0.001533936,-0.439647913,2.264647913,10008.76208,690.203125,688.252502,0.004778,0.004558
674,4,0,0,66.3447,94.0,17.7,0.005122564,70.9229051593178,5.982055664,0.0,0.001533936,-0.412056208,2.237056208,10022.65734,689.386719,681.145874,0.004952,0.004891
675,4,0,0,66.3922,92.0,17.7,0.00512787,70.9789963231946,5.982055664,0.0,0.001533936,-0.377561331,2.202561331,10038.5429,644.891479,664.750427,0.004497,0.004564
676,4,0,0,66.5354,89.0,17.7,0.005128349,71.030641508294,6.026000977,0.0,-0.004793549,-0.340406179,2.165406179,10053.10872,685.019592,673.519714,0.004719,0.004654
677,4,0,0,66.5354,86.0,17.8,0.00512706,71.0860777512578,6.026000977,0.0,-0.019365936,-0.306716204,2.131716204,10069.00401,681.735107,680.96521,0.004929,0.004916
678,4,0,0,66.6791,84.0,17.8,0.005128396,71.1384598209564,6.026000977,0.0,-0.010929291,-0.309194326,2.134194326,10082.91717,683.059387,675.208923,0.004804,0.004703
679,4,0,0,66.7272,84.0,17.8,0.005134981,71.1995191461604,5.982055664,0.0,-0.001725677,-0.350453615,2.175453615,10098.82418,691.682922,682.554993,0.004816,0.004703
680,4,0,0,66.8235,85.0,17.8,0.005141607,71.2532886600598,6.026000977,0.0,0.003834839,-0.393624067,2.218624067,10112.74831,672.0224,681.612183,0.005071,0.004988
681,4,0,0,66.5593,86.0,17.8,0.005141214,71.315304947108,5.982055664,0.0,-0.008628387,-0.435086012,2.260086012,10129.32985,691.055786,679.703491,0.004812,0.004795
682,4,0,0,66.9201,89.0,17.8,0.005126127,71.3700073954054,6.026000977,0.0,0.0,-0.471182585,2.296182585,10142.59922,681.080017,667.615784,0.0,0.004526
683,4,0,0,67.0412,90.0,17.8,0.005089065,71.4509594022012,6.157836914,0.0,0.0,-0.51927352,2.34427352,10159.1831,685.235901,676.950317,0.004767,0.004719
684,4,0,0,67.1628,89.0,17.8,0.005043244,71.4831808834782,5.58380127,0.0,0.00690271,-0.560762167,2.385762167,10173.07977,681.648926,677.062927,0.004773,0.004694
685,4,0,0,67.2848,90.0,17.5,0.004985476,71.5027207655552,5.715637207,0.0,0.001533936,-0.587783098,2.412783098,10188.92113,688.067322,681.026306,0.004672,0.004671
686,4,0,0,67.1871,89.0,17.5,0.004939072,71.524457348452,5.671691895,0.0,0.012271484,-0.600786924,2.425786924,10202.7334,667.742798,705.438599,0.00489,0.00488
687,4,0,0,66.7272,88.0,17.6,0.004897827,71.5504958581028,5.75958252,0.0,0.005368774,-0.59124589,2.41624589,10218.40159,671.97113,690.328918,0.004995,0.004938
688,4,0,0,65.1542,87.0,17.6,0.004873576,71.5766465065648,5.806274414,0.0,-0.007094452,-0.551644087,2.376644087,10232.66144,676.438293,725.288879,0.004898,0.004995
689,4,0,0,65.0627,88.0,17.6,0.004856725,71.6080390972748,5.806274414,0.0,-0.020132904,-0.526589632,2.351589632,10248.11919,677.673279,696.158813,0.004969,0.004896
690,4,0,0,65.5927,89.0,17.6,0.004847645,71.6305862725428,5.671691895,0.0,0.001533936,-0.54096055,2.36596055,10261.55133,679.230225,681.514709,0.005141,0.005144
691,4,0,0,61.8261,89.0,17.6,0.004837509,71.6548584993568,5.75958252,0.0,0.009203613,-0.561946154,2.386946154,10276.83072,680.884094,704.546082,0.005281,0.005216
692,4,0,0,58.4501,92.0,17.6,0.004825519,71.6703286985352,5.58380127,0.0,0.003834839,-0.560673475,2.385673475,10290.84132,686.102722,678.116882,0.00482,0.004834
693,4,0,0,60.4339,93.0,17.7,0.004810978,71.4835443368238,2.724609375,0.0,0.014572388,-0.526633024,2.351633024,10306.13635,699.520386,671.419495,0.004983,0.004979
694,4,0,0,61.8674,91.0,17.7,0.00480085,71.3029889577692,3.82598877,0.0,0.0,-0.481621981,2.306621981,10319.52858,684.458923,689.940674,0.004943,0.00498
695,4,0,0,60.1395,91.0,17.4,0.00479422,71.0449982212198,0.0,0.0,-0.010162323,-0.407485247,2.232485247,10334.84416,685.123474,691.485718,0.005155,0.005048
696,4,0,0,60.081,90.0,17.4,0.004790394,70.511665085642,0.0,0.0,-0.010162323,-0.364950895,2.189950895,10348.25376,681.177307,681.585999,0.005154,0.005161
697,4,0,0,61.5794,88.0,17.5,0.00478137,69.9670900342414,1.142578125,0.0,0.00690271,-0.34953618,2.17453618,10364.22786,690.880127,685.672913,0.005398,0.005297
698,4,0,0,62.4938,87.0,17.5,0.004768933,69.544863414814,0.834960938,0.0,-0.010162323,-0.317670107,2.142670107,10377.01506,675.343872,717.947083,0.005364,0.005447
699,4,0,0,62.9826,89.0,17.2,0.004757052,68.9984139329286,0.0,0.0,-0.008628387,-0.298908949,2.123908949,10393.00477,688.888672,724.667297,0.005035,0.005085
700,4,0,0,63.5009,90.0,17.2,0.00475459,68.740022020104,5.58380127,0.0,0.001533936,-0.307550192,2.132550192,10406.42803,0.0,0.0,0.0,0.0
701,4,0,0,63.8513,90.0,17.3,0.00476243,68.7928999757368,5.58380127,0.0,-0.003259613,-0.317769289,2.142769289,10421.77035,705.886597,664.883423,0.004548,0.004567
702,4,0,0,64.1165,88.0,17.3,0.00477575,68.8394212797706,5.58380127,0.0,0.00690271,-0.329550982,2.154550982,10435.16968,0.0,0.0,0.0,0.0
703,4,0,0,64.4737,88.0,17.4,0.004792059,68.8925071621314,5.58380127,0.0,-0.001725677,-0.33133769,2.15633769,10450.45238,0.0,0.0,0.0,0.0
704,4,0,0,64.7895,86.0,17.4,0.004801978,68.9373402041316,5.58380127,0.0,-0.015531097,-0.340343714,2.165343714,10464.43901,0.0,0.0,0.004677,0.0
705,4,0,0,64.9713,83.0,17.4,0.004805618,68.9849843446834,5.58380127,0.0,0.001533936,-0.379065752,2.204065752,10479.69648,702.2453,688.25769,0.004919,0.004781
706,4,0,0,65.1772,83.0,17.4,0.004801389,69.027997561105,5.58380127,0.0,0.001533936,-0.41544652,2.24044652,10493.0563,684.016724,720.717712,0.004949,0.00492
707,4,0,0,65.3612,86.0,17.5,0.00478887,69.0763602075932,5.539855957,0.0,0.00690271,-0.451710939,2.276710939,10508.33537,657.35968,719.992981,0.005076,0.004914
708,4,0,0,65.4767,87.0,17.5,0.004777265,69.0497818609328,4.441223145,0.0,-0.003259613,-0.469535112,2.294535112,10521.71372,683.967529,727.870789,0.005045,0.005
709,4,0,0,65.6159,87.0,17.2,0.004771933,69.0468186797512,5.58380127,0.0,-0.000959,-0.492322206,2.317322206,10537.65109,689.258118,721.895203,0.004894,0.00496
710,4,0,0,65.8025,91.0,17.2,0.004773159,68.9959901542348,1.538085938,0.0,0.008436646,-0.514817476,2.339817476,10550.40942,679.493713,730.778992,0.005304,0.005118
711,4,0,0,66.1078,92.0,17.3,0.004772857,68.800820712695,3.913879395,0.0,-0.003259613,-0.515678644,2.340678644,10566.36773,692.861023,744.382629,0.005033,0.005025
712,4,0,0,66.1314,92.0,17.3,0.004770092,68.687821548331,4.00177002,0.0,-0.003259613,-0.50581336,2.33081336,10579.78163,750.578674,892.246399,0.004825,0.004723
713,4,0,0,65.8727,92.0,17.1,0.004773354,68.6539115314326,5.58380127,0.0,-0.003259613,-0.507048368,2.332048368,10595.12172,682.668091,693.351196,0.005052,0.005026
714,4,0,0,65.8961,92.0,17.1,0.00478738,68.7037734229714,5.58380127,0.0,-0.001725677,-0.516126394,2.341126394,10608.55291,677.979126,743.160095,0.005154,0.005035
715,4,0,0,65.8727,90.0,17.2,0.004809159,68.7589062087848,5.58380127,0.0,-0.000959,-0.532601118,2.357601118,10623.91197,684.832886,720.843018,0.005222,0.005078
716,4,0,0,66.0371,90.0,17.2,0.004820363,68.807161270894,5.40802002,0.0,0.001533936,-0.550418615,2.375418615,10637.9998,677.86853,706.450623,0.004802,0.004731
717,4,0,0,65.8961,91.0,17.2,0.004817424,68.8587905718076,5.58380127,0.0,0.003067871,-0.569802523,2.394802523,10652.7369,681.201782,675.641479,0.004441,0.00436
718,4,0,0,66.1078,92.0,17.2,0.004806727,68.9064361124852,5.58380127,0.0,0.003067871,-0.57904315,2.40404315,10666.8416,742.246887,831.406677,0.004595,0.004609
719,4,0,0,66.3685,91.0,17.3,0.004794553,68.958785802263,5.58380127,0.0,0.009203613,-0.578648806,2.403648806,10682.23783,0.0,0.0,0.0,0.0
720,4,0,0,66.4637,92.0,17.3,0.004789477,69.0048573923272,5.58380127,0.0,0.008436646,-0.559314489,2.384314489,10696.35987,425.598114,671.420898,0.004751,0.004843
721,4,0,0,66.6791,91.0,17.4,0.004793595,69.0587846215466,5.58380127,0.0,-0.005560516,-0.506818533,2.331818533,10711.13277,668.44751,690.560486,0.004622,0.004563
722,4,0,0,66.9201,88.0,17.4,0.00480351,69.1038762040178,5.58380127,0.0,-0.008628387,-0.459911585,2.284911585,10725.27146,684.350891,675.989929,0.004484,0.00445
723,4,0,0,67.0655,88.0,17.1,0.004815421,69.1528078809432,5.58380127,0.0,0.003834839,-0.430709124,2.255709124,10740.70424,679.862915,687.833923,0.004696,0.004731
724,4,0,0,67.0898,88.0,17.1,0.00482516,69.1980778909402,5.58380127,0.0,-0.023200775,-0.411350965,2.236350965,10754.21532,644.719727,729.564819,0.0,0.004878
725,4,0,0,67.1628,87.0,17.2,0.004841624,69.2474943493538,5.58380127,0.0,0.009203613,-0.429842234,2.254842234,10769.66499,687.887695,738.275391,0.005058,0.005006
726,4,0,0,67.3337,87.0,17.2,0.004865597,69.2915484386072,5.58380127,0.0,0.009203613,-0.426693201,2.251693201,10783.19071,742.332092,881.935974,0.004832,0.004698
727,4,0,0,67.5055,88.0,17.3,0.004905446,69.344946130593,5.627746582,0.0,-0.010162323,-0.39469409,2.21969409,10799.30147,699.295471,717.419495,0.005083,0.005246
728,4,0,0,67.7277,88.0,17.3,0.004947395,69.3884923604226,5.58380127,0.0,-0.010162323,-0.38222909,2.20722909,10812.19683,671.085083,747.004578,0.004971,0.005178
729,4,0,0,67.6782,87.0,17.4,0.004991902,69.4386559549312,5.495910645,0.0,0.005368774,-0.407507181,2.232507181,10828.32825,740.297424,880.518799,0.005015,0.005021
730,4,0,0,67.9265,86.0,17.4,0.005018019,69.4805043149674,5.58380127,0.0,0.005368774,-0.434129477,2.259129477,10841.89468,675.112305,707.93219,0.005195,0.005086
731,4,0,0,67.9763,85.0,17.4,0.005030236,69.5286870855238,5.58380127,0.0,-0.004793549,-0.445491552,2.270491552,10857.4143,685.491577,702.183716,0.0051,0.005097
732,4,0,0,68.0263,83.0,17.4,0.005030573,69.57127976531,5.58380127,0.0,-0.001725677,-0.455768347,2.280768347,10871.00434,738.243591,853.177429,0.004772,0.004692
733,4,0,0,68.2268,83.0,17.5,0.005024593,69.6179241033868,5.58380127,0.0,-0.004793549,-0.479155302,2.304155302,10886.54478,689.509705,668.43811,0.004893,0.004853
734,4,0,0,68.0263,84.0,17.5,0.005012492,69.6617674334738,5.938110352,0.0,0.0,-0.51205802,2.33705802,10900.79704,742.931519,843.8125,0.004677,0.004773
735,4,0,0,63.6537,83.0,17.5,0.004990985,69.7662829137476,6.069946289,0.0,-0.003259613,-0.554632425,2.379632425,10916.35215,684.458496,659.258118,0.004819,0.004801
736,4,0,0,63.1114,84.0,17.5,0.004972414,69.8446927748926,5.806274414,0.0,0.014572388,-0.595700026,2.420700026,10929.96901,689.71167,737.437683,0.005235,0.005134
737,4,0,0,64.6312,87.0,17.6,0.004958211,69.9050990621114,5.627746582,0.0,0.012271484,-0.604058981,2.429058981,10943.5915,694.559082,678.769714,0.005194,0.005181
738,4,0,0,65.4999,88.0,17.6,0.004947347,69.9554492434996,5.58380127,0.0,0.003834839,-0.554234266,2.379234266,10959.16697,740.992493,905.494873,0.004889,0.004754
739,4,0,0,65.9665,89.0,17.6,0.004945341,69.9944015962058,5.58380127,0.0,0.0,-0.48033309,2.30533309,10973.45076,686.264099,691.129578,0.005064,0.005081
740,4,0,0,66.3209,90.0,17.6,0.004954865,70.0386393916202,5.58380127,0.0,-0.000959,-0.394224405,2.219224405,10988.39004,686.59668,681.170898,0.004771,0.00481
741,4,0,0,66.6791,88.0,17.6,0.00496992,70.0769448379266,5.58380127,0.0,-0.013997162,-0.326139212,2.151139212,11002.68563,689.991821,669.356506,0.004941,0.004878
742,4,0,0,65.2921,87.0,17.6,0.004987434,70.120059796823,5.58380127,0.0,-0.008628387,-0.282781363,2.107781363,11018.28725,695.123413,670.255127,0.004768,0.004742
743,4,0,0,65.2921,86.0,17.7,0.005001656,70.1562608218652,5.58380127,0.0,-0.003259613,-0.281316519,2.106316519,11031.9441,691.020508,660.633484,0.004628,0.004621
744,4,0,0,65.8727,84.0,17.7,0.005023,70.1970247603292,5.58380127,0.0,0.001533936,-0.302245855,2.127245855,11047.55798,658.599915,688.634277,0.004783,0.004671
745,4,0,0,66.4637,82.0,17.7,0.005053282,70.2318459050686,5.58380127,0.0,-0.010162323,-0.314357519,2.139357519,11061.87572,642.751892,677.410583,0.004469,0.004452
746,4,0,0,66.7031,85.0,17.7,0.005106231,70.2712141112308,5.58380127,0.0,-0.010162323,-0.362794638,2.187794638,11077.49894,687.991272,658.74762,0.004636,0.004546
747,4,0,0,66.9443,88.0,17.7,0.005170757,70.2978736490942,5.539855957,0.0,-0.000959,-0.439360857,2.264360857,11091.16706,667.938721,671.080811,0.0,0.004804
748,4,0,0,67.2359,90.0,17.7,0.00526521,70.3205920259514,5.58380127,0.0,0.016106323,-0.501817465,2.326817465,11106.71007,0.0,0.0,0.0,0.0
749,4,0,0,67.4318,90.0,17.8,0.005363902,69.9184274711508,0.0,0.0,0.005368774,-0.467809916,2.292809916,11120.20851,0.0,0.0,0.004236,0.0
750,4,0,0,67.6041,92.0,17.8,0.005488975,69.159713188735,0.0,0.0,0.001533936,-0.38927722,2.21427722,11136.15204,,,,
751,4,0,0,67.7773,91.0,17.8,0.005488975,69.159713188735,0.0,0.0,0.001533936,-0.38927722,2.21427722,11136.15204,,,,
752,4,0,0,67.9265,87.0,17.8,0.005488975,69.159713188735,0.0,0.0,0.001533936,-0.38927722,2.21427722,11136.15204,,,,
