Time,Drive,Stimulus,Failure,Palm.EDA,Heart.Rate,Breathing.Rate,Perinasal.Perspiration,Speed,Acceleration,Brake,Steering,LaneOffset,Lane.Position,Distance,Gaze.X.Pos,Gaze.Y.Pos,Lft.Pupil.Diameter,Rt.Pupil.Diameter
1,4,0,0,319.6727,92.0,15.6,0.007558891,-0.01780775265368,0.0,263.2415771,-0.008628387,-0.100001574,1.925001574,8.06124e-06,0.0,0.0,0.0,0.0
2,4,0,0,320.287,90.0,15.2,0.007506885,-0.01780775265368,0.0,263.0950928,-0.008628387,-0.100001574,1.925001574,1.54507e-05,720.481995,729.716614,0.003933,0.003781
3,4,0,0,320.4409,90.0,15.2,0.007427143,-0.01780775265368,0.0,263.3880615,-0.008628387,-0.100001574,1.925001574,2.35119e-05,0.0,0.0,0.0,0.004082
4,4,0,0,321.0582,89.0,14.9,0.00731721,-0.01780775265368,0.0,263.5345459,-0.008628387,-0.100001574,1.925001574,3.05655e-05,0.0,0.0,0.0,0.0
5,4,0,0,321.3677,88.0,14.9,0.007142701,-0.01926271832352,0.0,263.0950928,-0.008628387,-0.100001574,1.925001574,3.86268e-05,0.0,0.0,0.004249,0.004074
6,4,0,0,321.6779,89.0,14.3,0.006965094,-0.0241758595348,0.0,262.5091553,-0.005560516,-0.100001574,1.925001574,4.60162e-05,0.0,0.0,0.004412,0.003734
7,4,0,0,321.9886,89.0,14.3,0.006759298,0.03107244148512,0.0,262.6556396,-0.005560516,-0.100002527,1.925002527,6.00571e-05,698.67218,728.920105,0.0046,0.004402
8,4,0,0,322.2999,89.0,13.8,0.006600285,0.87112548889486,0.0,263.6810303,0.016106323,-0.1000278,1.9250278,7.75238e-05,695.366211,673.664124,0.0,0.003587
9,4,0,0,322.6119,91.0,13.8,0.006472229,0.80030092836252,0.0,153.6712646,-0.008628387,-0.099838018,1.924838018,0.000851088,733.34668,708.37323,0.004077,0.004054
10,4,0,0,323.0809,92.0,13.0,0.00642244,0.79743559666226,0.0,93.75915527,-0.030103485,-0.100053549,1.925053549,0.0288831,734.459106,710.227112,0.004165,0.004145
11,4,0,0,323.7084,92.0,13.0,0.006439059,0.79671072417682,0.0,51.4251709,-0.025501678,-0.100315809,1.925315809,0.190761974,702.027405,703.812012,0.0041,0.004086
12,4,0,0,324.0231,92.0,12.0,0.006512539,0.7968367145774,0.0,24.61853027,0.001533936,-0.100440741,1.925440741,0.340945875,703.576721,687.622925,0.003814,0.003946
13,4,0,0,324.1806,91.0,12.0,0.00664676,1.3414382959479,7.344360352,0.0,0.003067871,-0.100490332,1.925490332,0.511707423,0.0,0.0,0.0,0.0
14,4,0,0,324.6542,88.0,11.4,0.006782744,7.32394407990384,11.74438477,0.0,0.018407227,-0.100404501,1.925404501,0.668190081,722.471313,699.891174,0.003602,0.0
15,4,0,0,324.1806,85.0,11.4,0.006930443,15.5819661596397,14.38110352,0.0,0.039882324,-0.092050791,1.917050791,0.838902324,815.673706,615.303101,0.004123,0.008748
16,4,0,0,324.1806,83.0,10.9,0.007043101,21.5793815678092,16.31744385,0.0,0.010737549,-0.067396879,1.892396879,0.988272583,0.0,0.0,0.0,0.0
17,4,0,0,324.1806,82.0,10.9,0.007151146,27.4199128881354,16.1416626,0.0,-0.003259613,-0.026511431,1.851511431,1.166174463,686.600403,857.234985,0.0,0.003726
18,4,0,0,324.6542,83.0,10.1,0.007224463,31.2731225942918,15.65826416,0.0,0.003067871,0.011481524,1.813518476,1.619340452,731.786011,880.960999,0.004198,0.003909
19,4,0,0,325.2879,84.0,10.1,0.007275148,34.5499541157036,11.78833008,0.0,0.017640259,0.072675943,1.752324057,3.254264824,699.708984,716.611206,0.004269,0.004161
20,4,0,0,325.4467,85.0,9.4,0.007285416,36.7650471167596,12.2277832,0.0,-0.043141937,0.139627218,1.685372782,5.839588991,720.330017,684.525391,0.003575,0.0036
21,4,0,0,325.1292,86.0,9.4,0.007247558,39.281388545626,12.27172852,0.0,-0.000959,0.163237333,1.661762667,9.942556042,712.326904,688.296875,0.0037,0.003747
22,4,0,0,324.1806,89.0,8.8,0.007155146,41.2943997323478,14.11743164,0.0,-0.040074066,0.173888922,1.651111078,14.66913233,745.531311,873.288208,0.00421,0.004121
23,4,0,0,323.8657,90.0,8.8,0.006982627,43.8309437534098,14.42504883,0.0,-0.020132904,0.127019167,1.697980833,20.7211069,701.505615,693.944519,0.003865,0.003945
24,4,0,0,324.3383,90.0,8.5,0.006802978,45.9635858727676,15.35064697,0.0,0.003834839,0.038577795,1.786422205,26.93178349,671.286499,707.403198,0.003735,0.003886
25,4,0,0,325.4467,88.0,8.5,0.006614371,48.395069297911,14.95513916,0.0,-0.010162323,-0.067716837,1.892716837,34.31418699,692.203918,688.231812,0.003872,0.003919
26,4,0,0,326.0834,86.0,8.3,0.006487289,50.3302290483744,14.99908447,0.0,0.030678711,-0.1860044,2.0110044,41.14726975,705.468872,682.941284,0.003417,0.003497
27,4,0,0,326.5626,84.0,8.3,0.0063826,52.4654027078324,14.99908447,0.0,0.023009033,-0.232592821,2.057592821,49.70493607,704.394104,677.026001,0.003291,0.003278
28,4,0,0,327.0432,84.0,8.0,0.006313187,54.2167884797082,14.86724854,0.0,0.00690271,-0.162545919,1.987545919,56.88190636,700.860718,681.133728,0.003258,0.003332
29,4,0,0,327.3644,84.0,8.0,0.006246451,56.117084389642,14.64752197,0.0,-0.013997162,-0.052531481,1.877531481,66.22928877,703.428528,690.953491,0.003829,0.003889
30,4,0,0,327.8474,85.0,7.8,0.00619759,57.6321708497848,14.24926758,0.0,0.025309937,0.021459341,1.803540659,74.42262693,702.350586,690.978271,0.003863,0.003929
31,4,0,0,328.3317,84.0,7.8,0.00616057,59.2902940650952,14.20532227,0.0,-0.000959,0.132996321,1.692003679,84.17728947,700.802917,727.012024,0.003714,0.003845
32,4,0,0,328.6555,82.0,7.9,0.00614881,60.6924464264902,14.24926758,0.0,-0.039307098,0.233763933,1.591236067,93.4770334,705.836487,700.254089,0.003935,0.00392
33,4,0,0,328.9798,82.0,7.9,0.006149587,62.263394043637,14.24926758,0.0,-0.013997162,0.191092253,1.633907747,104.009802,710.890625,686.276123,0.003752,0.003775
34,4,0,0,329.6305,82.0,7.8,0.006148372,63.5871813800994,14.24926758,0.0,0.010737549,0.074239492,1.750760508,113.5388516,706.576782,682.473328,0.003497,0.003616
35,4,0,0,329.4676,80.0,7.8,0.006135423,65.0743631399274,14.20532227,0.0,0.023776001,-0.031461,1.856461,124.7732052,702.284729,684.900513,0.003576,0.003695
36,4,0,0,329.7935,78.0,7.6,0.006114657,66.318805395584,14.20532227,0.0,0.017640259,-0.031460524,1.856460524,134.8949778,703.881104,685.793579,0.003555,0.003679
37,4,0,0,329.9568,77.0,7.6,0.006082743,66.8677068518,0.0,0.0,0.012271484,0.053320169,1.771679831,147.2847975,734.406921,839.661804,0.00337,0.0035
38,4,0,0,330.1202,76.0,7.7,0.006050262,66.242241206018,0.0,0.0,-0.013997162,0.182178736,1.642821264,157.9660573,693.957703,683.37207,0.003791,0.003865
39,4,0,0,330.6113,75.0,7.7,0.006012565,65.949937666955,3.694152832,0.0,-0.02166684,0.295043707,1.529956293,170.4633554,704.763672,709.695129,0.003831,0.00387
40,4,0,0,330.4474,75.0,7.8,0.005980399,65.8148412022266,3.562316895,0.0,-0.020132904,0.300229311,1.524770689,182.1741993,0.0,0.0,0.0,0.0
41,4,0,0,330.1202,74.0,7.8,0.0059437,65.6430075769284,3.738098145,0.0,-0.016298065,0.286770582,1.538229418,195.2156865,752.12262,862.80603,0.003749,0.003766
42,4,0,0,329.9568,73.0,8.3,0.005910325,65.5795875913454,4.836730957,0.0,-0.010162323,0.286732912,1.538267088,206.8494574,693.41571,672.322327,0.00336,0.003502
43,4,0,0,329.6305,73.0,8.3,0.005867259,65.711297006923,5.627746582,0.0,0.005368774,0.219284773,1.605715227,220.3952414,710.487671,540.638306,0.0,0.003434
44,4,0,0,329.1423,75.0,8.6,0.005826831,65.8204062516664,5.58380127,0.0,-0.000959,0.174743891,1.650256109,233.0408951,712.081726,681.39447,0.003443,0.003545
45,4,0,0,329.1423,77.0,8.6,0.005786015,65.9437055943654,5.58380127,0.0,0.003834839,0.124865294,1.700134706,247.0801153,738.063599,797.521179,0.003553,0.003628
46,4,0,0,328.9798,77.0,9.0,0.005758288,66.0488269589624,5.58380127,0.0,0.003834839,0.091281176,1.733718824,259.5695423,0.0,0.0,0.0,0.0
47,4,0,0,328.9798,77.0,9.0,0.005729812,66.1682978105486,5.58380127,0.0,0.003834839,0.071367025,1.753632975,274.6819353,703.571289,675.674805,0.003484,0.003542
48,4,0,0,326.8828,79.0,9.3,0.005700706,66.270243078282,5.58380127,0.0,-0.000959,0.070034742,1.754965258,287.5755516,709.96283,683.506775,0.003717,0.00371
49,4,0,0,324.0231,81.0,9.3,0.005660298,66.3861654317286,5.58380127,0.0,-0.019365936,0.05830884,1.76669116,302.4498758,700.467102,703.801697,0.003975,0.003917
50,4,0,0,321.8332,82.0,9.5,0.005622634,66.484564599239,5.58380127,0.0,-0.001725677,-0.011364222,1.836364222,315.3958768,0.0,0.0,0.0,0.0
51,4,0,0,319.0607,83.0,9.5,0.005588379,66.5963424998506,5.58380127,0.0,0.0,-0.084540606,1.909540606,330.0904005,735.368896,849.215088,0.003447,0.003604
52,4,0,0,318.299,83.0,9.8,0.005575692,66.7265616665882,6.465454102,0.0,-0.016298065,-0.131910563,1.956910563,343.5257736,704.476807,671.527283,0.003224,0.003382
53,4,0,0,319.0607,84.0,9.8,0.005584351,66.9661118129344,6.641235352,0.0,0.010737549,-0.220577478,2.045577478,358.1579887,706.342407,693.266113,0.003326,0.003473
54,4,0,0,319.6727,86.0,10.0,0.005608745,67.1961368712764,6.992797852,0.0,0.012271484,-0.263008356,2.088008356,370.9381877,711.921326,687.957092,0.003309,0.003377
55,4,0,0,320.4409,86.0,10.0,0.005651859,67.4618695310166,6.948852539,0.0,0.010737549,-0.235305071,2.060305071,386.1290185,747.757813,838.161316,0.003169,0.003268
56,4,0,0,321.2129,86.0,10.5,0.005703709,67.6525344459898,6.157836914,0.0,0.009203613,-0.130675554,1.955675554,398.8826922,735.968506,838.423218,0.00332,0.003539
57,4,0,0,321.2129,87.0,10.5,0.005775255,67.8527384341318,6.729125977,0.0,-0.025501678,0.022482634,1.802517366,413.4772168,695.023071,672.887878,0.003117,0.003241
58,4,0,0,322.4558,87.0,10.9,0.005833897,68.038560925512,6.509399414,0.0,-0.02856955,0.092744589,1.732255411,426.2651787,699.386292,678.576477,0.003165,0.003269
59,4,0,0,322.4558,87.0,10.9,0.005879176,68.2382185910042,6.465454102,0.0,-0.004793549,0.032938719,1.792061281,440.899351,745.63562,669.186584,0.002841,0.002937
60,4,0,0,321.8332,88.0,11.6,0.005901172,68.4088935236892,6.509399414,0.0,-0.004793549,-0.074931383,1.899931383,454.3319409,706.982971,663.338806,0.002514,0.002512
61,4,0,0,321.8332,87.0,11.6,0.005918374,68.6073839670662,6.509399414,0.0,0.013038452,-0.206453085,2.031453085,469.0050131,700.365112,676.471619,0.002912,0.00299
62,4,0,0,322.2999,87.0,12.0,0.005931455,68.7797897127344,6.553344727,0.0,0.012271484,-0.267636061,2.092636061,482.4728268,704.119202,673.47583,0.003025,0.003175
63,4,0,0,322.7681,88.0,12.0,0.005942215,68.9787946138292,6.597290039,0.0,0.0,-0.276910067,2.101910067,497.1838679,712.854309,674.072327,0.003009,0.003116
64,4,0,0,322.4558,88.0,12.3,0.005943631,69.1526614310032,6.685180664,0.0,0.001533936,-0.29892087,2.12392087,510.0719908,712.671021,652.529114,0.0,0.00338
65,4,0,0,321.9886,89.0,12.3,0.00593368,69.362263835998,6.773071289,0.0,0.001533936,-0.317222834,2.142222834,525.4341501,681.670715,670.372314,0.003,0.003052
66,4,0,0,320.9037,89.0,12.5,0.00591595,69.5491120885074,6.817016602,0.0,0.010737549,-0.325259447,2.150259447,537.7385598,700.062012,678.741028,0.003228,0.003398
67,4,0,0,321.0582,89.0,12.5,0.005889284,69.7630641854674,6.685180664,0.0,0.010737549,-0.296354055,2.121354055,553.1373748,711.428528,682.638916,0.003729,0.003737
68,4,0,0,321.2129,88.0,13.1,0.005868029,69.9283974290112,6.729125977,0.0,0.010737549,-0.229396582,2.054396582,566.0879374,709.934509,669.996826,0.003385,0.00351
69,4,0,0,321.9886,89.0,13.1,0.005853065,70.1211106314694,6.685180664,0.0,-0.003259613,-0.101644754,1.926644754,580.9121268,696.10083,677.348694,0.003569,0.003655
70,4,0,0,322.4558,90.0,13.6,0.005843928,70.2854954265776,6.729125977,0.0,-0.019365936,0.001646757,1.823353243,594.5348734,0.0,0.0,0.0,0.0
71,4,0,0,323.0809,90.0,13.6,0.005827635,70.4845465157304,6.992797852,0.0,-0.024734711,0.063949347,1.761050653,609.4351161,685.378113,668.77002,0.003418,0.003466
72,4,0,0,322.9244,84.0,13.7,0.005805901,70.6624758381466,6.773071289,0.0,-0.004793549,0.027827024,1.797172976,622.5101473,702.183899,647.740906,0.0,0.00326
73,4,0,0,322.9244,81.0,13.7,0.005782844,70.844750185442,6.773071289,0.0,0.017640259,-0.068037748,1.893037748,637.4941612,677.526306,662.266296,0.002979,0.003184
74,4,0,0,323.2375,81.0,14.1,0.00577413,70.9969612085872,6.817016602,0.0,0.00690271,-0.114830256,1.939830256,650.6386729,626.2677,670.2453,0.003005,0.003164
75,4,0,0,323.0809,82.0,14.1,0.005775357,71.1722806965122,6.817016602,0.0,0.00690271,-0.123318434,1.948318434,666.3157848,711.841309,669.275818,0.002823,0.002964
76,4,0,0,321.9886,83.0,14.2,0.00577838,71.3149526303952,6.773071289,0.0,0.003834839,-0.106282473,1.931282473,679.5150639,694.283875,664.279907,0.002665,0.002769
77,4,0,0,320.4409,85.0,14.2,0.005781761,71.47563431807,6.773071289,0.0,0.003834839,-0.068525553,1.893525553,694.633229,686.812927,660.469482,0.002725,0.002835
78,4,0,0,320.7493,85.0,14.0,0.005788983,71.610049050281,6.817016602,0.0,0.003834839,-0.021699667,1.846699667,708.5206765,676.77063,668.741577,0.00303,0.003097
79,4,0,0,320.287,83.0,14.0,0.005807886,71.7636663951852,6.773071289,0.0,0.001533936,0.046374083,1.778625917,723.7018903,695.19281,671.149109,0.00271,0.002753
80,4,0,0,318.9081,81.0,13.5,0.005837149,71.895615087434,6.773071289,0.0,0.0,0.116761923,1.708238077,737.0122552,692.9823,689.801392,0.002732,0.002722
81,4,0,0,318.6032,80.0,13.5,0.005885138,72.0387480489468,6.817016602,0.0,-0.004793549,0.194384813,1.630615187,752.2550798,663.748718,671.890076,0.002796,0.002816
82,4,0,0,317.8437,79.0,13.1,0.005936978,72.1746468340388,6.904907227,0.0,-0.005560516,0.247261763,1.577738237,766.2567976,715.34259,670.954407,0.003107,0.003205
83,4,0,0,318.6032,79.0,13.1,0.006009934,72.3262490116752,6.948852539,0.0,-0.017832001,0.278755426,1.546244574,781.5630444,686.937683,674.141785,0.003123,0.003191
84,4,0,0,318.299,80.0,12.4,0.006093525,72.4614028493746,6.948852539,0.0,-0.016298065,0.254182577,1.570817423,794.9831637,744.093689,835.190186,0.003202,0.003329
85,4,0,0,318.9081,81.0,12.4,0.006214496,72.5907715764826,6.817016602,0.0,-0.010162323,0.165409803,1.659590197,810.9928781,690.511475,667.553772,0.003021,0.00326
86,4,0,0,319.3664,84.0,11.7,0.006335758,72.699467945049,6.729125977,0.0,-0.000959,0.045699835,1.779300165,824.4700547,715.753174,669.196594,0.003184,0.003259
87,4,0,0,319.826,85.0,11.7,0.006476764,72.8254563822342,6.817016602,0.0,0.001533936,-0.094465017,1.919465017,839.9060169,716.006104,666.00647,0.00328,0.003379
88,4,0,0,320.4409,87.0,11.2,0.006589431,72.9369667139774,6.904907227,0.0,0.001533936,-0.219055891,2.044055891,853.4418631,698.603699,668.566223,0.003411,0.003395
89,4,0,0,320.7493,87.0,11.2,0.006695637,73.0733983515434,7.036743164,0.0,0.019941162,-0.352021456,2.177021456,868.9443711,700.9646,671.45697,0.003158,0.003291
90,4,0,0,321.2129,87.0,10.6,0.006763684,73.1909418253588,7.124633789,0.0,0.017640259,-0.415853739,2.240853739,883.1843032,0.0,0.0,0.0,0.0
91,4,0,0,321.5227,85.0,10.6,0.006808006,73.344677295819,7.256469727,0.0,0.005368774,-0.435560465,2.260560465,898.7502481,698.71582,681.763611,0.003194,0.00331
92,4,0,0,322.1442,83.0,10.5,0.006814945,73.4871568813852,7.344360352,0.0,0.008436646,-0.423941374,2.248941374,912.3970026,722.286011,666.610901,0.002874,0.003014
93,4,0,0,322.2999,84.0,10.5,0.006795033,73.6225421421766,7.344360352,0.0,0.008436646,-0.393483877,2.218483877,926.7204111,704.973328,676.558105,0.002716,0.002713
94,4,0,0,322.9244,84.0,10.0,0.006756012,73.7849769000068,7.300415039,0.0,-0.003259613,-0.32946372,2.15446372,942.3803073,702.632202,683.825317,0.00292,0.002941
95,4,0,0,323.0809,84.0,10.0,0.006725095,73.9225866710132,7.344360352,0.0,0.003067871,-0.27512145,2.10012145,956.1125481,686.254028,666.409912,0.002746,0.002754
96,4,0,0,323.2375,85.0,9.9,0.006703095,74.0725828399834,7.344360352,0.0,0.003834839,-0.215847731,2.040847731,971.8366901,691.095703,654.056824,0.002729,0.00286
97,4,0,0,323.7084,86.0,9.9,0.006699834,74.200930263834,7.520141602,0.0,0.003834839,-0.151074648,1.976074648,986.2783535,0.0,0.0,0.0,0.0
98,4,0,0,323.0809,87.0,10.1,0.006724367,74.3506901012252,7.564086914,0.0,0.003834839,-0.071867704,1.896867704,1002.063088,628.387085,669.490417,0.003036,0.003103
99,4,0,0,322.9244,89.0,10.1,0.006777545,74.4836606117202,7.608032227,0.0,0.003834839,0.006600618,1.818399382,1015.900311,667.210327,648.09021,0.002998,0.003079
100,4,0,0,323.8657,90.0,10.3,0.006872195,74.6433271760032,7.608032227,0.0,0.003834839,0.107920885,1.717079115,1032.403634,763.985229,652.186584,0.002627,0.002669
101,4,0,0,324.0231,90.0,10.3,0.006975002,74.7865515641214,7.608032227,0.0,-0.010162323,0.211095095,1.613904905,1046.291171,732.930115,823.109924,0.002938,0.002931
102,4,0,0,323.5513,90.0,10.8,0.00709648,74.9371884596258,7.564086914,0.0,-0.001725677,0.297613859,1.527386141,1062.189614,1398.724243,762.230896,0.002896,0.0
103,4,0,0,322.9244,89.0,10.8,0.007185867,75.0609168684622,7.432250977,0.0,-0.008628387,0.367058039,1.457941961,1076.124336,0.0,0.0,0.0,0.0
104,4,0,0,322.7681,87.0,11.2,0.007246303,75.195377177182,7.476196289,0.0,-0.045442841,0.413779497,1.411220503,1092.076397,705.258484,666.707214,0.003145,0.003226
105,4,0,0,322.9244,87.0,11.2,0.007251347,75.314337658774,7.476196289,0.0,-0.041608002,0.37137866,1.45362134,1106.723796,677.517395,669.185486,0.003446,0.003483
106,4,0,0,322.7681,87.0,11.9,0.007210646,75.450164908703,7.476196289,0.0,-0.017832001,0.208710909,1.616289091,1122.729761,675.517395,665.440186,0.003187,0.003277
107,4,0,0,322.6119,88.0,11.9,0.007158264,75.5565563322412,7.432250977,0.0,-0.010162323,0.025728464,1.799271536,1136.758657,856.87738,674.323792,0.003131,0.003287
108,4,0,0,322.9244,89.0,12.5,0.007099334,75.6817523786906,7.520141602,0.0,0.014572388,-0.215217352,2.040217352,1153.489444,648.176392,676.375,0.002981,0.003168
109,4,0,0,322.9244,87.0,12.5,0.00704436,75.7893172042096,7.564086914,0.0,0.025309937,-0.396714449,2.221714449,1166.897301,0.0,0.0,0.0,0.0
110,4,0,0,323.2375,86.0,13.0,0.006966934,75.9135330177584,7.520141602,0.0,0.043717163,-0.513442278,2.338442278,1183.684362,682.205383,668.105896,0.003053,0.003205
111,4,0,0,323.7084,85.0,13.0,0.006892971,76.0239457796216,7.520141602,0.0,0.042183228,-0.490496874,2.315496874,1197.806315,701.656189,667.166809,0.00278,0.002856
112,4,0,0,323.8657,85.0,13.5,0.006820005,76.1021274363546,6.597290039,0.0,0.001533936,-0.332299471,2.157299471,1213.968729,705.127075,665.071777,0.003018,0.003109
113,4,0,0,324.0231,85.0,13.5,0.006777269,76.3167789041984,7.520141602,0.0,0.001533936,-0.169659376,1.994659376,1228.806578,692.173584,674.601624,0.003352,0.003366
114,4,0,0,324.1806,86.0,14.0,0.006756791,75.8722433240098,0.0,0.0,-0.007094452,0.033799887,1.791200113,1245.018438,714.848999,680.196899,0.003637,0.003725
115,4,0,0,324.0231,86.0,14.0,0.006756487,75.3234301239994,0.0,0.0,-0.039307098,0.178438902,1.646561098,1259.903889,793.244202,617.307678,0.0,0.004701
116,4,0,0,324.3383,87.0,14.4,0.006750419,74.7183704588022,0.659179688,0.0,-0.027035614,0.234288454,1.590711546,1276.171209,707.565613,649.786072,0.002914,0.002929
117,4,0,0,324.8124,88.0,14.4,0.006722639,74.1997780085808,0.0,0.0,0.00690271,0.169569254,1.655430746,1290.431457,704.611084,657.893311,0.002812,0.00284
118,4,0,0,325.2879,88.0,14.4,0.006667737,73.599763077108,0.0,0.0,0.003834839,0.06069684,1.76430316,1306.760039,705.828308,660.953979,0.002761,0.002786
119,4,0,0,325.6056,88.0,14.4,0.00660204,73.0832955189556,0.17578125,0.0,0.03451355,-0.026836157,1.851836157,1321.075217,706.958374,670.393616,0.003353,0.003335
120,4,0,0,325.924,88.0,15.1,0.006502398,72.5574067878828,0.966796875,0.0,0.00690271,-0.065446615,1.890446615,1338.150653,700.624084,663.481873,0.002983,0.003026
121,4,0,0,326.0834,89.0,15.1,0.006399809,72.145447339227,1.098632813,0.0,0.003067871,-0.042659521,1.867659521,1352.521821,0.0,0.0,0.0,0.0
122,4,0,0,326.5626,90.0,15.4,0.006281662,71.6802866185324,1.186523438,0.0,-0.015531097,-0.003794432,1.828794432,1368.976848,707.054199,662.625793,0.002904,0.002944
123,4,0,0,326.5626,91.0,15.4,0.006187399,71.2815982220384,1.318359375,0.0,0.001533936,-0.001491785,1.826491785,1384.088974,697.312073,672.501526,0.002961,0.002995
124,4,0,0,327.0432,90.0,15.6,0.006096106,70.8875759781272,3.386535645,0.0,-0.004793549,-0.01820159,1.84320159,1400.607571,734.250122,816.879028,0.002997,0.002959
125,4,0,0,327.2037,89.0,15.6,0.006034484,70.7120718345306,3.342590332,0.0,-0.010162323,-0.039589167,1.864589167,1415.089909,674.749817,659.643677,0.003054,0.003205
126,4,0,0,327.5252,88.0,15.9,0.005991694,70.5245932035432,3.606262207,0.0,-0.010162323,-0.093250036,1.918250036,1431.672469,678.14093,663.223877,0.003072,0.003146
127,4,0,0,327.6862,88.0,15.9,0.00598873,70.3693064419768,3.65020752,0.0,-0.010162323,-0.167830706,1.992830706,1446.174932,649.474487,659.917114,0.002863,0.002888
128,4,0,0,327.5252,88.0,16.1,0.00603844,70.1990844580348,3.65020752,0.0,0.005368774,-0.272698641,2.097698641,1462.595102,625.570984,651.298584,0.002606,0.002625
129,4,0,0,327.6862,88.0,16.1,0.00613146,70.0457466072084,3.606262207,0.0,0.005368774,-0.378019571,2.203019571,1477.186895,693.695618,672.681274,0.002661,0.002687
130,4,0,0,327.2037,88.0,16.3,0.0062805,69.879580385374,3.65020752,0.0,0.02761084,-0.475903749,2.300903749,1493.895554,624.896179,671.067078,0.00276,0.002849
131,4,0,0,327.8474,88.0,16.3,0.00643117,69.7452339374592,4.133605957,0.0,0.02761084,-0.529592276,2.354592276,1509.239146,685.913086,654.207703,0.002644,0.002686
132,4,0,0,328.9798,88.0,16.4,0.006616225,69.7453799689708,5.58380127,0.0,0.032979614,-0.507999182,2.332999182,1526.006064,688.17572,670.373291,0.00302,0.003103
133,4,0,0,329.3048,86.0,16.4,0.006792114,69.7756804937436,5.58380127,0.0,0.025309937,-0.410416365,2.235416365,1540.701292,747.771606,664.27417,0.002679,0.002717
134,4,0,0,329.4676,85.0,16.6,0.007015897,69.8114632030396,5.58380127,0.0,-0.010929291,-0.217405558,2.042405558,1557.523925,750.839478,663.989502,0.003017,0.003041
135,4,0,0,329.4676,85.0,16.6,0.007231959,69.8416147351152,5.58380127,0.0,-0.025501678,-0.054303408,1.879303408,1572.971065,689.430481,667.941895,0.003306,0.003357
136,4,0,0,330.1202,84.0,16.7,0.007492482,69.8761034545842,5.58380127,0.0,-0.045442841,0.064747095,1.760252905,1589.849549,693.13623,674.424805,0.003796,0.003763
137,4,0,0,330.1202,85.0,16.7,0.007718799,69.9042420885614,5.58380127,0.0,-0.003259613,0.078472376,1.746527624,1604.63932,699.034485,681.419922,0.003796,0.00367
138,4,0,0,330.2837,86.0,16.8,0.007954055,69.9377554675234,5.58380127,0.0,0.010737549,0.045776129,1.779223871,1622.2708,705.095093,658.543091,0.003405,0.003526
139,4,0,0,328.1701,88.0,16.8,0.008103298,69.9667334044974,5.58380127,0.0,0.00690271,0.033800364,1.791199636,1636.378039,697.046509,662.786499,0.003609,0.003607
140,4,0,0,326.4027,89.0,16.7,0.008158593,70.007746774568,5.627746582,0.0,0.00690271,0.040778875,1.784221125,1653.882127,730.522095,862.810425,0.003859,0.0
141,4,0,0,324.6542,91.0,16.7,0.008112168,70.031138611935,5.144348145,0.0,0.00690271,0.071485758,1.753514242,1668.470375,681.05542,681.677673,0.003583,0.0
142,4,0,0,324.0231,92.0,16.8,0.008016276,70.0569801383698,5.58380127,0.0,-0.007094452,0.130910635,1.694089365,1685.019773,0.0,0.0,0.0,0.0
143,4,0,0,324.6542,92.0,16.8,0.007942189,70.0841452182074,5.58380127,0.0,-0.037773163,0.184233427,1.640766573,1700.072305,795.327087,659.307495,0.003137,0.0
144,4,0,0,324.9708,93.0,16.9,0.007876676,70.1129125891358,5.539855957,0.0,-0.015531097,0.150004625,1.674995375,1716.364269,699.920593,673.383179,0.003062,0.0
145,4,0,0,325.924,93.0,16.9,0.007807124,70.139731001044,5.58380127,0.0,0.012271484,0.057922125,1.767077875,1730.517924,661.507202,683.072998,0.003387,0.0
146,4,0,0,326.243,93.0,17.0,0.00768171,70.1697962242154,5.58380127,0.0,0.023776001,-0.026718378,1.851718378,1747.258397,0.0,0.0,0.0,0.0
147,4,0,0,324.8124,93.0,17.0,0.007525406,70.196569912565,5.58380127,0.0,-0.005560516,-0.052910089,1.877910089,1760.570036,0.0,0.0,0.0,0.0
148,4,0,0,324.9708,94.0,17.1,0.007302588,70.2270053161232,5.58380127,0.0,0.016106323,-0.080498457,1.905498457,1777.111391,696.536499,671.620605,0.002945,0.002909
149,4,0,0,324.6542,93.0,17.1,0.007091689,70.2524258714008,5.58380127,0.0,0.019941162,-0.078626871,1.903626871,1790.924682,727.643127,834.740479,0.003659,0.003403
150,4,0,0,323.5513,93.0,17.2,0.006873382,70.2816624454062,5.715637207,0.0,-0.017832001,-0.020651102,1.845651102,1806.655142,699.6604,687.491821,0.003522,0.00356
151,4,0,0,324.1806,93.0,17.2,0.00673567,70.3650098421382,6.553344727,0.0,-0.017832001,0.034716368,1.790283632,1821.037283,703.437195,677.863708,0.003647,0.003698
152,4,0,0,324.8124,92.0,17.3,0.006660086,70.4870334610192,6.377563477,0.0,0.00690271,0.042688131,1.782311869,1836.689598,733.392273,730.061523,0.003458,0.00342
153,4,0,0,325.4467,92.0,17.3,0.006667436,70.5813441646332,6.333618164,0.0,-0.008628387,0.048901796,1.776098204,1851.0036,739.250427,844.672974,0.003395,0.003531
154,4,0,0,326.5626,93.0,17.3,0.006756389,70.7525212274916,7.344360352,0.0,-0.024734711,0.031026602,1.793973398,1866.582128,748.4505,494.542114,0.0,0.003493
155,4,0,0,327.0432,93.0,17.3,0.006890831,70.917045359257,7.212524414,0.0,0.010737549,-0.051680326,1.876680326,1880.182233,699.0896,665.873596,0.002855,0.002929
156,4,0,0,327.2037,94.0,17.1,0.007048625,71.100189216861,7.080688477,0.0,0.026843872,-0.137212038,1.962212038,1895.69145,704.323425,660.573303,0.002894,0.002942
157,4,0,0,327.2037,95.0,17.1,0.007104157,71.2458775527994,7.036743164,0.0,0.023776001,-0.159167528,1.984167528,1909.249816,704.067688,672.907776,0.00307,0.003149
158,4,0,0,327.3644,96.0,16.9,0.007012586,71.4125227303112,7.256469727,0.0,0.019941162,-0.120976686,1.945976686,1925.397859,713.444885,675.627014,0.003521,0.003617
159,4,0,0,328.8176,96.0,16.9,0.006835698,71.5557717413314,7.036743164,0.0,0.016106323,-0.039652109,1.864652109,1938.968023,728.996887,672.682495,0.00349,0.003542
160,4,0,0,329.7935,94.0,16.7,0.006609889,71.717499129858,7.124633789,0.0,-0.019365936,0.090291262,1.734708738,1954.484337,0.0,0.0,0.0,0.0
161,4,0,0,328.9798,91.0,16.7,0.006435961,71.8460742592252,7.080688477,0.0,-0.036239227,0.161639929,1.663360071,1968.715007,703.637085,663.960205,0.003108,0.003144
162,4,0,0,328.6555,89.0,16.2,0.006282978,72.0034051561794,7.124633789,0.0,-0.013997162,0.164740324,1.660259676,1984.246901,0.0,0.0,0.0,0.0
163,4,0,0,329.4676,88.0,16.2,0.006191756,72.1382115212794,7.124633789,0.0,-0.013997162,0.119318247,1.705681753,1997.843426,692.333984,670.672119,0.00302,0.003141
164,4,0,0,329.1423,89.0,15.8,0.006129231,72.2921002652812,7.168579102,0.0,0.02761084,0.03456378,1.79043622,2013.389375,698.622192,663.246094,0.003019,0.003163
165,4,0,0,330.4474,89.0,15.8,0.006100347,72.4280434359704,7.168579102,0.0,0.019941162,-0.021119356,1.846119356,2026.999183,686.922913,671.40448,0.003037,0.003191
166,4,0,0,330.9395,87.0,15.1,0.006086803,72.5817284536216,7.124633789,0.0,0.019941162,-0.018216848,1.843216848,2043.208572,690.48822,667.525208,0.002961,0.003013
167,4,0,0,330.1202,85.0,15.1,0.006090264,72.6993465525328,7.036743164,0.0,0.014572388,0.033346415,1.791653585,2056.828748,655.469727,667.541016,0.002529,0.002552
168,4,0,0,329.9568,82.0,14.2,0.006112583,72.842034064827,7.124633789,0.0,0.014572388,0.14332366,1.68167634,2072.401179,677.348999,663.287109,0.002537,0.002444
169,4,0,0,330.7753,79.0,14.2,0.006144959,72.961727278921,7.080688477,0.0,0.016106323,0.279152155,1.545847845,2086.681587,675.9953,659.794128,0.002571,0.002582
170,4,0,0,331.2684,78.0,13.7,0.006182721,73.0904532678198,7.124633789,0.0,-0.020132904,0.468839407,1.356160593,2102.266369,718.389282,701.878723,0.003076,0.00296
171,4,0,0,332.5905,79.0,13.7,0.006201581,73.2189132328166,7.476196289,0.0,-0.039307098,0.616591215,1.208408785,2115.908815,729.275391,852.968628,0.003582,0.003461
172,4,0,0,332.0935,78.0,13.2,0.00619807,73.3983337213966,7.739868164,0.0,-0.060015228,0.664048433,1.160951567,2131.506532,685.165283,677.120422,0.0,0.003244
173,4,0,0,332.9227,78.0,13.2,0.006179717,73.5573911183028,7.827758789,0.0,-0.069218842,0.567887068,1.257112932,2145.810325,694.168823,660.944885,0.002897,0.002921
174,4,0,0,333.0891,78.0,12.8,0.006162786,73.7510975088486,7.959594727,0.0,-0.010162323,0.259801626,1.565198374,2161.420741,698.628479,656.356201,0.002918,0.002929
175,4,0,0,333.7561,79.0,12.8,0.006169321,73.9256217896928,8.003540039,0.0,0.063658325,-0.101746321,1.926746321,2175.085184,700.512085,681.628174,0.003299,0.003299
176,4,0,0,334.2581,79.0,12.7,0.00621264,74.132733354796,8.179321289,0.0,0.059823486,-0.378284216,2.203284216,2191.371036,700.966675,674.770691,0.003385,0.003588
177,4,0,0,334.4258,78.0,12.7,0.006280269,74.3152838165552,8.135375977,0.0,0.050619873,-0.431607008,2.256607008,2204.42007,699.752808,675.514893,0.00342,0.003519
178,4,0,0,333.7561,80.0,12.7,0.006370032,74.5183275655942,8.091430664,0.0,0.008436646,-0.316453218,2.141453218,2220.754841,692.299316,655.27002,0.0,0.003469
179,4,0,0,333.4222,81.0,12.7,0.006427596,74.6944974770554,7.959594727,0.0,-0.013997162,-0.154423952,1.979423952,2234.505799,700.043823,665.582214,0.003081,0.00314
180,4,0,0,334.0906,81.0,12.3,0.006444933,74.886008760028,7.915649414,0.0,0.005368774,0.011921167,1.813078833,2250.259827,700.568481,658.709778,0.002611,0.002611
181,4,0,0,334.7616,80.0,12.3,0.006426602,75.0435722870792,7.871704102,0.0,-0.024734711,0.156547308,1.668452692,2264.735803,695.71167,665.572693,0.002661,0.00264
182,4,0,0,334.9298,80.0,12.3,0.006399925,75.223083333221,7.915649414,0.0,-0.020132904,0.256999731,1.568000269,2280.563906,691.846985,710.523071,0.0,0.003109
183,4,0,0,335.0982,81.0,12.3,0.00639715,75.3737927616792,7.871704102,0.0,-0.005560516,0.25938344,1.56561656,2294.443315,707.11908,664.677002,0.002886,0.002945
184,4,0,0,335.0982,82.0,12.3,0.006420446,75.5276127707696,7.871704102,0.0,-0.000959,0.229317427,1.595682573,2308.351021,0.0,0.0,0.0,0.0
185,4,0,0,335.2667,83.0,12.3,0.006459669,75.6940230972952,7.915649414,0.0,0.0,0.19171977,1.63328023,2324.278647,668.461487,665.505371,0.002708,0.002636
186,4,0,0,336.1119,84.0,12.5,0.006479623,75.842770482799,7.871704102,0.0,0.0,0.155411482,1.669588518,2338.909874,0.0,0.0,0.0,0.0
187,4,0,0,336.7911,84.0,12.5,0.006466829,76.0041168439872,7.915649414,0.0,0.003067871,0.118507624,1.706492376,2354.904362,0.0,0.0,0.0,0.0
188,4,0,0,337.1317,84.0,12.8,0.006420897,76.1479875913296,7.871704102,0.0,0.003067871,0.090440989,1.734559011,2369.596368,695.635681,674.859314,0.003234,0.003311
189,4,0,0,337.3023,86.0,12.8,0.006336339,76.3039810301834,7.915649414,0.0,0.013038452,0.071332216,1.753667784,2385.657257,686.996277,670.329407,0.003242,0.003249
190,4,0,0,337.9863,87.0,13.0,0.006245157,76.460653562237,8.267211914,0.0,0.018407227,0.077683687,1.747316313,2399.73939,702.589111,672.944275,0.003204,0.003276
191,4,0,0,337.9863,87.0,13.0,0.006131508,76.6228581522604,7.915649414,0.0,0.009203613,0.13186574,1.69313426,2416.5375,681.327881,672.204407,0.003052,0.003244
192,4,0,0,338.3293,86.0,12.9,0.006033466,76.7619353999458,7.915649414,0.0,0.008436646,0.21558404,1.60941596,2430.000495,670.413086,682.218872,0.0,0.003134
193,4,0,0,338.6731,85.0,12.9,0.005937735,76.9073614939312,7.915649414,0.0,0.00690271,0.332856894,1.492143106,2446.859453,702.868896,668.40918,0.002897,0.002998
194,4,0,0,339.0175,84.0,13.1,0.005875745,77.0377835501626,7.915649414,0.0,-0.023200775,0.44850564,1.37649436,2461.046392,703.878479,668.509521,0.003053,0.003123
195,4,0,0,339.5355,83.0,13.1,0.005829218,77.1811949596822,8.003540039,0.0,-0.010929291,0.513001204,1.311998796,2477.288336,0.0,0.0,0.0,0.0
196,4,0,0,340.2286,84.0,13.0,0.005802128,77.3106423996096,8.135375977,0.0,-0.023200775,0.516268969,1.308731031,2492.207753,688.891785,680.881897,0.003636,0.003901
197,4,0,0,340.2286,83.0,13.0,0.005769078,77.4715930240918,8.179321289,0.0,-0.005560516,0.462878466,1.362121534,2508.523588,0.0,0.0,0.0,0.0
198,4,0,0,341.099,83.0,13.2,0.005726452,77.6081816688682,8.135375977,0.0,0.008436646,0.391218424,1.433781576,2522.833113,688.50531,662.741211,0.002924,0.003002
199,4,0,0,341.2736,83.0,13.2,0.005667532,77.7669557575608,8.135375977,0.0,0.008436646,0.314241171,1.510758829,2539.909567,701.474915,659.411682,0.002917,0.002995
200,4,0,0,341.6234,83.0,13.7,0.005618844,77.8969543642514,8.047485352,0.0,0.008436646,0.272237062,1.552762938,2553.607698,711.766785,663.491699,0.002852,0.002853
201,4,0,0,341.9739,82.0,13.7,0.005572962,78.0324913697114,8.047485352,0.0,0.012271484,0.24961257,1.57538743,2570.779376,696.731079,660.655884,0.002884,0.00295
202,4,0,0,341.9739,81.0,13.8,0.005542357,78.1508104971266,8.003540039,0.0,0.012271484,0.254728556,1.570271444,2585.242677,708.793274,655.84668,0.0,0.002554
203,4,0,0,342.1494,81.0,13.8,0.005519211,78.2755990265012,8.003540039,0.0,0.008436646,0.294197321,1.530802679,2601.813935,667.994995,686.101685,0.002604,0.002567
204,4,0,0,342.8532,79.0,14.2,0.005508965,78.387770378556,8.047485352,0.0,-0.001725677,0.350708246,1.474291754,2617.042274,681.723206,675.726807,0.002618,0.002593
205,4,0,0,343.383,78.0,14.2,0.005504543,78.5236656552868,8.047485352,0.0,-0.000959,0.419253588,1.405746412,2633.694913,699.638672,648.447083,0.0,0.00273
206,4,0,0,343.56,78.0,14.3,0.005498519,78.6360998769372,8.047485352,0.0,-0.000959,0.472052813,1.352947187,2648.299278,651.082886,663.800903,0.002653,0.002616
207,4,0,0,343.56,79.0,14.3,0.005479353,78.7650643056504,8.047485352,0.0,-0.020132904,0.531219721,1.293780279,2665.027096,683.123474,667.303589,0.002887,0.002923
208,4,0,0,343.7371,80.0,14.7,0.00545159,78.876914465628,8.135375977,0.0,-0.02166684,0.551919222,1.273080778,2680.39476,709.170898,698.396423,0.002976,0.002932
209,4,0,0,344.0919,80.0,14.7,0.005420777,79.0112475721142,8.267211914,0.0,-0.025501678,0.508775949,1.316224051,2697.195924,721.109009,668.306274,0.003396,0.003543
210,4,0,0,343.0296,79.0,14.7,0.005412773,79.1383541787314,8.267211914,0.0,-0.008628387,0.402752638,1.422247362,2711.927578,738.700806,834.412415,0.003292,0.003395
211,4,0,0,342.5009,80.0,14.7,0.005436042,79.2786710044584,7.783813477,0.0,-0.000959,0.250929594,1.574070406,2729.501919,670.704407,669.125427,0.003447,0.003594
212,4,0,0,342.677,79.0,15.0,0.005479524,79.1016095669174,0.0,1.766967773,-0.016298065,0.1150105,1.7099895,2744.294711,681.089294,674.030518,0.003857,0.003869
213,4,0,0,342.5009,79.0,15.0,0.005545375,78.5157695412306,0.0,0.0,-0.003259613,-0.063015223,1.888015223,2761.234015,821.802002,673.784912,0.003453,0.003449
214,4,0,0,342.677,79.0,15.3,0.00561198,77.9909857347216,0.0,0.0,0.051386841,-0.25252223,2.07752223,2776.086389,664.448975,671.853271,0.003334,0.003372
215,4,0,0,342.677,78.0,15.3,0.00569162,77.4766678685676,1.186523438,0.0,0.091269165,-0.395119429,2.220119429,2793.098215,0.0,0.0,0.0,0.0
216,4,0,0,342.5009,78.0,15.6,0.005754839,77.2777324426806,5.58380127,0.0,0.026843872,-0.322155237,2.147155237,2808.723273,692.030518,667.059021,0.003421,0.003377
217,4,0,0,342.3251,80.0,15.6,0.00580394,77.1740342174456,4.485168457,0.0,-0.043141937,-0.042352438,1.867352438,2825.801336,689.866089,670.603516,0.003495,0.003448
218,4,0,0,340.7503,81.0,15.8,0.005815094,77.0206842965692,4.35333252,0.0,-0.053879486,0.163192034,1.661807966,2840.77229,695.39679,666.602478,0.0,0.003577
219,4,0,0,338.5011,82.0,15.8,0.005794215,76.8468896261074,4.52911377,0.0,-0.010162323,0.219175577,1.605824423,2858.628611,709.370728,682.901123,0.003004,0.003062
220,4,0,0,337.1317,84.0,15.7,0.005761744,76.7109383926248,4.573059082,0.0,-0.013997162,0.195137739,1.629862261,2873.656738,699.871094,560.797791,0.002972,0.002949
221,4,0,0,336.9613,85.0,15.7,0.005723421,76.5610268427518,4.397277832,0.0,0.009203613,0.118420839,1.706579161,2890.865458,705.219421,669.584106,0.002909,0.002821
222,4,0,0,336.621,85.0,16.0,0.005693572,76.427347466267,4.35333252,0.0,0.014572388,0.059324503,1.765675497,2905.952912,709.326477,666.578125,0.002801,0.002829
223,4,0,0,336.4511,85.0,16.0,0.005667784,76.133801758125,0.0,0.0,0.032212646,0.028222322,1.796777678,2923.229536,716.955383,678.435181,0.0,0.00297
224,4,0,0,336.2814,84.0,16.2,0.005659717,75.6107387545044,0.0,0.0,0.0,0.057456255,1.767543745,2939.096951,686.615295,659.033325,0.002946,0.002974
225,4,0,0,336.7911,83.0,16.2,0.005674735,75.1385056604326,1.40625,0.0,-0.007094452,0.118385077,1.706614923,2956.438353,692.674072,662.758301,0.00293,0.002987
226,4,0,0,336.9613,84.0,16.3,0.00570588,74.8517716769614,3.210754395,0.0,-0.023200775,0.151128531,1.673871469,2972.363025,706.926697,651.487488,0.0,0.002912
227,4,0,0,337.1317,84.0,16.3,0.005746901,74.607818569496,3.210754395,0.0,-0.003259613,0.126656294,1.698343706,2989.764963,704.814209,667.307983,0.002895,0.002799
228,4,0,0,337.473,84.0,16.5,0.005777445,74.3956878752678,3.166809082,0.0,-0.005560516,0.065251112,1.759748888,3005.017436,710.460815,664.919678,0.002727,0.002806
229,4,0,0,337.473,85.0,16.5,0.005805541,74.1614643224536,3.47442627,0.0,0.003834839,-0.017378569,1.842378569,3023.206561,705.990417,674.755615,0.002848,0.002898
230,4,0,0,337.815,86.0,16.9,0.005825032,73.9528165940402,3.210754395,0.0,0.023009033,-0.081657648,1.906657648,3037.781701,693.242493,682.377319,0.003518,0.003604
231,4,0,0,338.3293,86.0,16.9,0.005837113,73.7197457149076,3.562316895,0.0,0.025309937,-0.09138608,1.91638608,3056.030528,713.546204,679.262329,0.003325,0.003422
232,4,0,0,338.8452,86.0,17.0,0.005836125,73.5272076891084,3.342590332,0.0,0.008436646,-0.038160086,1.863160086,3071.385497,698.694519,674.94281,0.003559,0.003699
233,4,0,0,339.3627,88.0,17.0,0.005823967,73.3020910855796,1.0546875,0.0,-0.045442841,0.060364962,1.764635038,3088.964775,748.48053,675.485779,0.00378,0.003828
234,4,0,0,339.19,89.0,16.8,0.005807274,72.887888345711,1.274414063,0.0,-0.061549164,0.103123903,1.721876097,3105.107528,699.991272,677.329529,0.003688,0.003845
235,4,0,0,339.19,89.0,16.8,0.005788163,72.5166550160292,2.504882813,0.0,0.025309937,-0.005947828,1.830947828,3122.673904,0.0,0.0,0.0,0.0
236,4,0,0,339.19,90.0,16.7,0.005777539,72.3671445297776,5.75958252,0.0,0.02761084,-0.115944624,1.940944624,3137.926595,693.366516,686.996094,0.003538,0.003623
237,4,0,0,339.8817,91.0,16.7,0.005777093,72.368883518208,5.58380127,0.0,0.030678711,-0.142150164,1.967150164,3155.944348,629.773621,668.325073,0.003377,0.003372
238,4,0,0,340.4024,91.0,16.2,0.005787197,72.36866513077,5.58380127,0.0,-0.012463226,-0.093849897,1.918849897,3170.273127,682.761597,670.552795,0.003419,0.0035
239,4,0,0,340.9246,92.0,16.2,0.005803325,72.3713929298832,5.627746582,0.0,-0.017832001,-0.023720503,1.848720503,3188.149069,718.695923,586.295593,0.003374,0.003551
240,4,0,0,341.2736,92.0,15.8,0.005806461,72.3739138161526,5.627746582,0.0,-0.007094452,0.00313735,1.82186265,3203.137711,697.600891,666.367493,0.003063,0.003079
241,4,0,0,341.7985,91.0,15.8,0.005782811,72.3794946049376,5.671691895,0.0,-0.013997162,-0.000549,1.825548601,3220.229976,0.0,0.0,0.0,0.0
242,4,0,0,342.5009,91.0,15.1,0.00574536,72.385276416382,5.671691895,0.0,-0.015531097,-0.024917841,1.849917841,3235.864054,0.0,0.0,0.0,0.0
243,4,0,0,342.677,91.0,15.1,0.005703692,72.3941099388014,5.806274414,0.0,0.014572388,-0.088969946,1.913969946,3252.886025,703.57428,666.950073,0.003061,0.00319
244,4,0,0,343.0296,91.0,14.5,0.00567679,72.4143797692222,5.938110352,0.0,0.008436646,-0.134612799,1.959612799,3267.75066,706.407715,664.967896,0.002773,0.002845
245,4,0,0,342.8532,91.0,14.5,0.005656895,72.4626284261582,6.245727539,0.0,0.012271484,-0.15764308,1.98264308,3284.681121,701.535217,664.305908,0.002737,0.002789
246,4,0,0,341.7985,91.0,14.0,0.00565091,72.5130330837054,6.157836914,0.0,-0.003259613,-0.153033972,1.978033972,3300.084751,0.0,0.0,0.0,0.0
247,4,0,0,339.8817,89.0,14.0,0.005666138,72.5607256492978,6.157836914,0.0,0.003067871,-0.139943361,1.964943361,3316.779203,699.634216,667.450684,0.002683,0.002718
248,4,0,0,338.5011,88.0,13.5,0.005709663,72.603004829652,6.201782227,0.0,0.003067871,-0.127938032,1.952938032,3331.325139,797.16449,656.11792,0.002619,0.00265
249,4,0,0,338.1577,88.0,13.5,0.005805225,72.6597525559686,6.377563477,0.0,0.003067871,-0.106229544,1.931229544,3348.584556,1256.272949,550.818787,0.002676,0.002956
250,4,0,0,337.3023,87.0,13.0,0.005930203,72.717990321911,6.333618164,0.0,0.003067871,-0.080811739,1.905811739,3363.035028,688.016113,659.416809,0.002748,0.002833
251,4,0,0,337.6439,87.0,13.0,0.006104823,72.7843233255478,6.333618164,0.0,0.003067871,-0.041743517,1.866743517,3379.497405,0.0,0.0,0.0,0.0
252,4,0,0,337.473,87.0,12.6,0.006259552,72.8408089064718,6.333618164,0.0,0.003067871,-0.000372,1.825372171,3393.857328,703.906921,665.753418,0.003257,0.003383
253,4,0,0,337.815,87.0,12.6,0.006410258,72.897539879559,6.245727539,0.0,-0.016298065,0.052659273,1.772340727,3410.21972,716.557312,664.707092,0.00357,0.003578
254,4,0,0,337.1317,86.0,12.6,0.00650717,72.947006967809,6.289672852,0.0,-0.034705292,0.080304384,1.744695616,3425.172146,703.557678,660.013611,0.003334,0.003373
255,4,0,0,336.2814,86.0,12.6,0.006556613,73.002871021625,6.377563477,0.0,-0.034705292,0.022770166,1.802229834,3441.399834,698.578918,653.880005,0.003333,0.003448
256,4,0,0,334.9298,88.0,12.5,0.006517985,73.0577110202122,6.377563477,0.0,0.010737549,-0.106795549,1.931795549,3455.519399,766.282471,650.607727,0.003199,0.00328
257,4,0,0,334.0906,89.0,12.5,0.006377385,73.1266067046782,6.509399414,0.0,0.00690271,-0.248720884,2.073720884,3472.274716,692.828796,663.169128,0.003441,0.003496
258,4,0,0,334.4258,89.0,12.8,0.006203763,73.1918629954814,6.685180664,0.0,0.00690271,-0.348601103,2.173601103,3486.345891,721.480103,668.184692,0.003614,0.003705
259,4,0,0,334.5936,88.0,12.8,0.005991151,73.2890273968768,6.773071289,0.0,0.003067871,-0.461982012,2.286982012,3502.427005,687.548889,679.191223,0.0,0.003289
260,4,0,0,334.2581,89.0,13.0,0.00582001,73.3858447601946,7.432250977,0.0,0.039882324,-0.541456461,2.366456461,3516.498614,691.938416,676.567993,0.003326,0.003377
261,4,0,0,335.0982,89.0,13.0,0.005664169,73.5412876599278,7.432250977,0.0,0.039882324,-0.566206694,2.391206694,3532.58121,685.27002,694.562927,0.003902,0.003939
262,4,0,0,335.4354,88.0,13.5,0.005570987,73.6692211776238,7.388305664,0.0,0.013038452,-0.494043589,2.319043589,3547.324815,701.692627,686.210876,0.004022,0.004028
263,4,0,0,335.4354,86.0,13.5,0.005509185,73.815533084532,7.476196289,0.0,0.009203613,-0.339140654,2.164140654,3563.410191,692.521179,693.879272,0.0,0.003917
264,4,0,0,335.0982,84.0,13.6,0.00548074,73.9456692093256,7.432250977,0.0,-0.012463226,-0.180940866,2.005940866,3578.158048,697.937683,681.172974,0.003665,0.003743
265,4,0,0,335.4354,83.0,13.6,0.00546376,74.0882568620728,7.388305664,0.0,-0.041608002,-0.026343107,1.851343107,3594.254093,689.325684,674.347107,0.003661,0.00373
266,4,0,0,335.7733,81.0,14.1,0.005456413,74.2054893792134,7.344360352,0.0,-0.025501678,0.039701223,1.785298777,3608.349132,0.0,0.0,0.0,0.0
267,4,0,0,335.4354,80.0,14.1,0.005449162,74.3353744308736,7.344360352,0.0,-0.025501678,0.027414083,1.797585917,3625.14094,742.931091,831.144897,0.002965,0.003019
268,4,0,0,336.1119,81.0,14.1,0.005440641,74.4471262440838,7.344360352,0.0,-0.017832001,-0.040275812,1.865275812,3638.58342,697.672729,665.03772,0.002856,0.003032
269,4,0,0,336.621,83.0,14.1,0.005429409,74.5735822428192,7.344360352,0.0,-0.004793549,-0.166376352,1.991376352,3655.399314,713.410278,666.691895,0.003223,0.003345
270,4,0,0,336.2814,83.0,14.2,0.005419354,74.6888509145446,7.476196289,0.0,0.013038452,-0.29911828,2.12411828,3669.53783,681.156372,678.119202,0.0,0.002933
271,4,0,0,337.3023,85.0,14.2,0.005409824,74.8311320202086,7.608032227,0.0,0.017640259,-0.435533285,2.260533285,3685.710672,682.789124,666.044617,0.003002,0.003109
272,4,0,0,337.6439,86.0,14.6,0.005406063,74.973409762352,8.003540039,0.0,0.025309937,-0.515148878,2.340148878,3700.549007,689.584595,662.475403,0.003378,0.003526
273,4,0,0,337.3023,84.0,14.6,0.005406777,75.1537123462794,8.179321289,0.0,0.025309937,-0.548337698,2.373337698,3716.749573,686.726929,676.391479,0.003643,0.003789
274,4,0,0,336.621,84.0,14.6,0.005405721,75.3197911326716,8.267211914,0.0,0.025309937,-0.521299124,2.346299124,3730.935919,677.06488,683.898804,0.004019,0.004025
275,4,0,0,336.2814,85.0,14.6,0.005398967,75.4840777741332,8.179321289,0.0,0.003834839,-0.435782194,2.260782194,3745.13234,677.174988,673.505676,0.00376,0.003875
276,4,0,0,336.621,85.0,15.0,0.005392745,75.666807258874,8.135375977,0.0,0.00690271,-0.30941987,2.13441987,3761.370878,646.4328,665.40332,0.003072,0.003243
277,4,0,0,336.9613,85.0,15.0,0.005401055,75.8193874807086,8.047485352,0.0,-0.019365936,-0.185692072,2.010692072,3776.271477,695.533081,664.934204,0.002937,0.00307
278,4,0,0,337.473,85.0,15.0,0.005430419,75.9831323056724,8.135375977,0.0,-0.019365936,-0.052126646,1.877126646,3792.546345,697.203796,675.371704,0.003234,0.003381
279,4,0,0,337.9863,85.0,15.0,0.005463394,76.135073297659,8.267211914,0.0,-0.015531097,0.021182299,1.803817701,3807.486378,722.286377,563.466797,0.0,0.003508
280,4,0,0,338.1577,85.0,15.3,0.005490367,76.3066640574578,8.223266602,0.0,-0.015531097,0.061165571,1.763834429,3823.817419,695.712219,662.0896,0.002704,0.002888
281,4,0,0,338.3293,85.0,15.3,0.005494973,76.4525604810582,8.267211914,0.0,-0.008628387,0.063250303,1.761749697,3838.135869,694.436584,658.296692,0.002733,0.002931
282,4,0,0,338.6731,86.0,15.5,0.005477641,76.623188614136,8.179321289,0.0,-0.008628387,0.036622286,1.788377714,3854.532356,166.022797,810.934509,0.003801,0.0
283,4,0,0,339.5355,85.0,15.5,0.005451772,76.7622516191624,8.179321289,0.0,-0.008628387,-0.006202459,1.831202459,3868.907706,714.801208,662.157288,0.002899,0.002919
284,4,0,0,339.7085,86.0,15.8,0.005432293,76.9306006049322,8.135375977,0.0,-0.008628387,-0.078948736,1.903948736,3886.055146,703.553528,657.844604,0.003081,0.003223
285,4,0,0,340.2286,87.0,15.8,0.005440217,77.0679420828672,8.179321289,0.0,0.005368774,-0.166355371,1.991355371,3900.48654,0.0,0.0,0.0,0.0
286,4,0,0,340.5763,86.0,16.0,0.005480887,77.2475025196536,8.355102539,0.0,0.012271484,-0.265545607,2.090545607,3917.008735,624.0979,679.030212,0.002874,0.003197
287,4,0,0,340.5763,86.0,16.0,0.005533781,77.3962958035342,8.267211914,0.0,0.003834839,-0.318107367,2.143107367,3932.180766,667.908203,676.125916,0.00273,0.00289
288,4,0,0,341.2736,86.0,16.2,0.005594713,77.5604616801222,8.223266602,0.0,-0.010929291,-0.370965719,2.195965719,3948.761461,678.400085,683.130188,0.002638,0.002636
289,4,0,0,341.4484,85.0,16.2,0.005637771,77.7032884325132,8.355102539,0.0,0.026843872,-0.421555281,2.246555281,3963.296566,702.548279,668.947205,0.003097,0.003291
290,4,0,0,341.7985,84.0,16.4,0.005679505,77.8700118078556,8.355102539,0.0,0.005368774,-0.433903933,2.258903933,3979.942777,688.687317,692.330872,0.004103,0.004155
291,4,0,0,341.7985,84.0,16.4,0.005722343,78.018666962084,8.399047852,0.0,0.00690271,-0.419049025,2.244049025,3994.543084,686.836487,695.552917,0.004095,0.004291
292,4,0,0,342.3251,84.0,16.5,0.005787963,78.1810873967882,8.442993164,0.0,0.009203613,-0.394623041,2.219623041,4011.969453,691.450317,697.118286,0.004103,0.004252
293,4,0,0,342.8532,85.0,16.5,0.005857851,78.3310474843556,8.486938477,0.0,0.008436646,-0.347895384,2.172895384,4026.645386,681.292725,679.004272,0.003531,0.003635
294,4,0,0,342.8532,86.0,16.7,0.005942238,78.4967271383344,8.442993164,0.0,0.008436646,-0.282809019,2.107809019,4043.458972,0.0,0.0,0.0,0.0
295,4,0,0,343.2062,84.0,16.7,0.006001031,78.6381349839276,8.442993164,0.0,0.00690271,-0.207291365,2.032291365,4058.908194,679.748413,668.372498,0.002958,0.003085
296,4,0,0,343.383,82.0,16.8,0.006016009,78.7900208399258,7.959594727,0.0,-0.004793549,-0.099885702,1.924885702,4075.80173,0.0,0.0,0.0,0.0
297,4,0,0,343.56,81.0,16.8,0.005968472,78.8884554129162,7.915649414,0.0,-0.005560516,0.002341509,1.822658491,4090.618567,0.0,0.0,0.0,0.0
298,4,0,0,343.7371,82.0,17.2,0.005866545,78.9961316208566,7.915649414,0.0,-0.045442841,0.092500925,1.732499075,4107.591861,671.505615,670.845215,0.003434,0.003522
299,4,0,0,343.56,83.0,17.2,0.005768266,79.0937619583688,7.915649414,0.0,-0.027035614,0.09561038,1.72938962,4123.187178,702.085327,667.430115,0.003371,0.003493
300,4,0,0,343.383,86.0,17.3,0.005668725,79.2008483271058,7.915649414,0.0,-0.023200775,0.010531664,1.814468336,4140.238688,747.917114,821.266785,0.003076,0.003228
301,4,0,0,343.383,88.0,17.3,0.005600846,79.2958269229132,7.915649414,0.0,0.005368774,-0.108294249,1.933294249,4155.191008,696.058899,678.96582,0.003372,0.003424
302,4,0,0,343.7371,89.0,17.1,0.005555733,79.3586997168028,7.432250977,0.0,0.018407227,-0.233590841,2.058590841,4173.029693,0.0,0.0,0.0,0.0
303,4,0,0,344.0919,88.0,17.1,0.005549204,79.411021500625,7.388305664,0.0,0.008436646,-0.31870532,2.14370532,4188.049096,700.094788,680.286804,0.0,0.003239
304,4,0,0,344.4475,87.0,17.2,0.005572363,79.4698262370494,7.388305664,0.0,0.008436646,-0.386761904,2.211761904,4205.252464,762.181702,838.695313,0.003135,0.003062
305,4,0,0,344.6256,87.0,17.2,0.00560876,79.5231031158814,7.124633789,0.0,0.017640259,-0.423923731,2.248923731,4220.33687,700.88623,681.612183,0.002921,0.00312
306,4,0,0,345.3396,86.0,17.2,0.005656704,79.187622336464,0.0,0.0,0.030678711,-0.421652079,2.246652079,4237.613542,683.995422,670.87793,0.002957,0.003062
307,4,0,0,345.8771,85.0,17.2,0.005692457,78.6597498202534,0.0,1.034545898,-0.005560516,-0.351882696,2.176882696,4253.485634,627.032104,663.079102,0.003275,0.003341
308,4,0,0,346.0567,85.0,17.3,0.005702554,78.0572870504538,0.0,0.0,-0.010162323,-0.251462698,2.076462698,4270.8389,704.890198,668.214417,0.003571,0.003584
309,4,0,0,346.0567,85.0,17.3,0.005667389,77.5372935892954,0.0,0.0,-0.02856955,-0.193743944,2.018743944,4286.055979,702.022583,671.072327,0.00396,0.003914
310,4,0,0,346.4163,84.0,17.4,0.00558788,76.9445774492444,0.0,0.0,-0.025501678,-0.20000577,2.02500577,4304.211401,708.766418,676.76062,0.003909,0.003822
311,4,0,0,346.5964,85.0,17.4,0.005511651,76.4324776559454,0.0,0.0,0.036047485,-0.25727725,2.08227725,4318.766381,698.861084,701.998413,0.003951,0.003826
312,4,0,0,346.7767,86.0,17.1,0.005442697,75.8804053975944,2.109375,0.0,0.016106323,-0.251540899,2.076540899,4336.996216,0.0,0.0,0.0,0.0
313,4,0,0,347.4997,87.0,17.1,0.005404318,75.5760925289296,2.241210938,0.0,0.026843872,-0.189662695,2.014662695,4352.333095,750.117676,827.336182,0.003665,0.003585
314,4,0,0,347.4997,88.0,16.9,0.005381385,75.2370683690738,3.47442627,0.0,0.001533936,-0.038211584,1.863211584,4369.886217,692.828674,671.942505,0.003429,0.003491
315,4,0,0,348.044,88.0,16.9,0.005373056,75.1045479266032,5.100402832,0.0,-0.068451874,0.106524706,1.718475294,4385.999529,701.101685,680.941528,0.003568,0.003682
316,4,0,0,348.4078,88.0,16.4,0.005367645,74.937742201333,3.913879395,0.0,0.001533936,0.115016222,1.709983778,4403.602002,705.216125,711.829407,0.003506,0.003674
317,4,0,0,348.2258,87.0,16.4,0.005366005,74.7853113745306,4.045715332,0.0,-0.003259613,0.033436537,1.791563463,4419.758399,704.299316,670.286072,0.003172,0.003316
318,4,0,0,348.7723,88.0,16.0,0.0053788,74.6189406699558,4.089660645,0.0,0.038348389,-0.058946848,1.883946848,4437.397504,690.616089,665.749084,0.003066,0.003232
319,4,0,0,349.1376,87.0,16.0,0.005406397,74.473177966416,4.221496582,0.0,0.0,-0.087896109,1.912896109,4452.843684,705.372192,668.908081,0.003269,0.003316
320,4,0,0,349.3206,87.0,15.9,0.005442296,74.327693389015,4.265441895,0.0,-0.012463226,-0.067558527,1.892558527,4470.510081,720.366272,666.732605,0.003029,0.003132
321,4,0,0,349.3206,87.0,15.9,0.005461784,74.200798378421,4.17755127,0.0,0.010737549,-0.071934938,1.896934938,4485.939428,706.997375,663.735107,0.00307,0.003225
322,4,0,0,349.5037,86.0,16.1,0.005464162,74.0462739129324,4.17755127,0.0,0.003067871,-0.069452524,1.894452524,4504.166195,702.750916,661.711426,0.003202,0.003295
323,4,0,0,349.687,85.0,16.1,0.005455265,73.9122133964554,4.221496582,0.0,0.008436646,-0.054797888,1.879797888,4519.355055,709.572876,664.788513,0.003147,0.003217
324,4,0,0,350.0543,86.0,16.0,0.005444071,73.7719171220002,4.133605957,0.0,0.003067871,-0.024264097,1.849264097,4536.579138,705.286682,662.736816,0.003057,0.003076
325,4,0,0,350.4223,87.0,16.0,0.005433782,73.6427003165882,4.265441895,0.0,0.003067871,0.019837141,1.805162859,4552.242545,704.089905,663.651611,0.00318,0.003224
326,4,0,0,350.6065,87.0,15.6,0.00541259,73.537325915463,5.144348145,0.0,0.003067871,0.076761961,1.748238039,4569.194586,683.095703,673.696106,0.003321,0.003412
327,4,0,0,350.0543,87.0,15.6,0.005384007,73.4385345839814,4.17755127,0.0,0.003067871,0.135778666,1.689221334,4583.930187,701.701904,674.678894,0.003486,0.003638
328,4,0,0,349.8705,87.0,15.5,0.005345967,73.386517560875,5.58380127,0.0,-0.050811615,0.197866678,1.627133322,4600.691471,718.107178,543.50061,0.003545,0.003719
329,4,0,0,350.2382,87.0,15.5,0.00531289,73.3697020339236,5.539855957,0.0,-0.023200775,0.188182116,1.636817884,4615.304069,687.851013,674.230103,0.003472,0.003531
330,4,0,0,350.4223,89.0,15.2,0.005280132,73.3470920139286,5.364074707,0.0,-0.012463226,0.087784052,1.737215948,4632.666692,694.711304,686.539124,0.003154,0.003309
331,4,0,0,350.6065,91.0,15.2,0.005259982,73.3317876250504,5.495910645,0.0,0.025309937,-0.037364721,1.862364721,4647.215299,666.373718,665.606812,0.002949,0.003073
332,4,0,0,350.791,91.0,14.9,0.005246942,73.316346554926,5.58380127,0.0,0.021475098,-0.159972906,1.984972906,4663.804527,698.225708,670.999878,0.003014,0.003142
333,4,0,0,351.1606,90.0,14.9,0.005243559,73.3029826277528,5.58380127,0.0,0.023009033,-0.214823961,2.039823961,4678.976508,708.173523,647.640015,0.0,0.002867
334,4,0,0,351.5309,90.0,14.6,0.005251306,73.2877980059574,5.58380127,0.0,0.029144775,-0.215967417,2.040967417,4695.493572,683.82428,659.889587,0.002805,0.002841
335,4,0,0,351.5309,90.0,14.6,0.005264977,73.2737427867872,5.58380127,0.0,0.029144775,-0.14105773,1.96605773,4709.916985,672.616516,659.347229,0.002668,0.002715
336,4,0,0,352.0879,89.0,14.3,0.005275632,73.2571210565586,5.539855957,0.0,0.009203613,0.01094842,1.81405158,4726.366249,696.838806,673.021179,0.002854,0.002998
337,4,0,0,352.4602,88.0,14.3,0.005273781,73.2440685366754,5.58380127,0.0,-0.010162323,0.183861971,1.641138029,4741.413456,678.920898,675.237305,0.003164,0.003309
338,4,0,0,352.8333,88.0,14.1,0.005259824,73.232790909598,5.58380127,0.0,-0.054646454,0.364824533,1.460175467,4757.795237,0.0,0.0,0.0,0.0
339,4,0,0,353.3944,87.0,14.1,0.00523931,73.219489714498,5.58380127,0.0,-0.034705292,0.40451169,1.42048831,4772.101974,0.0,0.0,0.0,0.0
340,4,0,0,353.5818,87.0,13.9,0.005209435,73.2061140391428,5.58380127,0.0,-0.019365936,0.328705549,1.496294451,4789.111621,0.0,0.0,0.0,0.0
341,4,0,0,353.5818,87.0,13.9,0.005183286,73.1948809425032,5.58380127,0.0,-0.016298065,0.212824583,1.612175417,4802.702429,695.664917,658.286621,0.002649,0.002747
342,4,0,0,352.4602,88.0,13.4,0.005163179,73.1821195200392,5.58380127,0.0,0.003834839,0.033005476,1.791994524,4819.686365,698.569397,670.187683,0.002542,0.002587
343,4,0,0,354.3335,87.0,13.4,0.005159747,73.1713568173882,5.58380127,0.0,0.001533936,-0.112876177,1.937876177,4833.947973,703.628906,675.986389,0.002719,0.002765
344,4,0,0,354.7106,86.0,13.3,0.005168956,73.159161431989,5.58380127,0.0,0.001533936,-0.275099993,2.100099993,4850.242526,686.970581,660.281921,0.002754,0.002779
345,4,0,0,354.7106,85.0,13.3,0.005180907,73.1490575609472,5.58380127,0.0,0.001533936,-0.411902189,2.236902189,4865.176361,641.086304,655.091492,0.002606,0.002591
346,4,0,0,355.0884,85.0,13.2,0.005194244,73.137162961194,5.58380127,0.0,0.001533936,-0.566399813,2.391399813,4881.464487,697.716309,692.980103,0.002594,0.002614
347,4,0,0,355.2776,85.0,13.2,0.005207206,73.127337296758,5.58380127,0.0,0.051386841,-0.689996004,2.514996004,4895.713371,687.961487,681.338928,0.003358,0.003476
348,4,0,0,355.2776,84.0,13.0,0.005226601,73.1132907680238,5.58380127,0.0,0.061357422,-0.720109224,2.545109224,4912.671695,685.7146,678.601685,0.003594,0.003674
349,4,0,0,355.4671,84.0,13.0,0.005249662,73.1022084021686,5.58380127,0.0,0.046785034,-0.591114759,2.416114759,4926.234753,706.565613,728.82251,0.003232,0.003418
350,4,0,0,355.8466,84.0,12.9,0.005286848,73.095564821341,5.75958252,0.0,0.0,-0.287411451,2.112411451,4943.186076,696.192017,682.750671,0.00343,0.003486
351,4,0,0,356.4173,84.0,12.9,0.005335572,73.0998485464596,5.806274414,0.0,-0.040074066,-0.000195,1.825195265,4957.423294,691.168884,679.773071,0.003728,0.003814
352,4,0,0,356.7988,83.0,13.1,0.005419384,73.1065317009578,5.75958252,0.0,-0.043141937,0.255247355,1.569752645,4973.690856,690.695679,685.134094,0.003877,0.003841
353,4,0,0,357.3726,82.0,13.1,0.005518966,73.1046330659994,5.671691895,0.0,-0.056180389,0.359776735,1.465223265,4988.599584,691.80127,688.289978,0.003795,0.003809
354,4,0,0,357.9482,83.0,13.6,0.005652129,73.0984698731618,5.627746582,0.0,-0.024734711,0.33642745,1.48857255,5004.860504,700.876282,729.999023,0.0,0.003514
355,4,0,0,358.1405,83.0,13.6,0.005770312,73.0944060804476,5.671691895,0.0,0.036047485,0.198551416,1.626448584,5019.76386,705.284424,689.24408,0.00389,0.003795
356,4,0,0,357.3726,82.0,14.1,0.00588579,73.0975403827514,5.850219727,0.0,0.049085938,0.075358629,1.749641371,5036.019318,0.0,0.0,0.0,0.0
357,4,0,0,356.9899,84.0,14.1,0.005960354,73.1068766629868,5.850219727,0.0,0.036047485,0.088075399,1.736924601,5050.240523,0.0,0.0,0.0,0.0
358,4,0,0,356.2268,84.0,14.1,0.006036758,73.1090249226726,5.715637207,0.0,-0.023200775,0.201049089,1.623950911,5066.490861,716.119812,528.699219,0.003354,0.003269
359,4,0,0,355.8466,85.0,14.1,0.006126569,73.1153555512438,5.806274414,0.0,-0.056180389,0.28331542,1.54168458,5080.707933,0.0,0.0,0.0,0.0
360,4,0,0,356.4173,86.0,14.2,0.006263613,73.1190465564404,5.75958252,0.0,-0.017832001,0.236250639,1.588749361,5097.628411,701.595398,664.2901,0.002993,0.002959
361,4,0,0,356.0366,88.0,14.2,0.006392486,73.1299681009494,5.938110352,0.0,0.04141626,0.138733625,1.686266375,5111.837678,691.653992,663.723328,0.002993,0.003058
362,4,0,0,355.8466,90.0,14.3,0.006525691,73.1435215279076,6.026000977,0.0,-0.007094452,0.087435007,1.737564993,5128.077891,0.0,0.0,0.0,0.0
363,4,0,0,355.4671,91.0,14.3,0.006628086,73.1835193883448,6.421508789,0.0,0.03451355,0.054668188,1.770331812,5142.968055,0.0,0.0,0.0,0.0
364,4,0,0,355.8466,90.0,14.4,0.006732069,73.2547016391762,6.685180664,0.0,-0.013997162,0.042519808,1.782480192,5159.212605,686.002197,672.039185,0.003104,0.003302
365,4,0,0,357.7562,90.0,14.4,0.006785328,73.3245352469942,6.641235352,0.0,-0.097596649,0.060996294,1.764003706,5173.425048,730.999695,730.592102,0.003188,0.0
366,4,0,0,358.1405,91.0,14.4,0.006753697,73.3931417491556,6.685180664,0.0,-0.061549164,-0.087381124,1.912381124,5187.636519,700.324524,676.559204,0.003273,0.003372
367,4,0,0,358.7187,92.0,14.4,0.006597458,73.4627747527426,6.421508789,0.0,0.008436646,-0.446349859,2.271349859,5203.880082,697.657715,680.867126,0.003691,0.003757
368,4,0,0,358.333,92.0,14.2,0.006406489,73.515845893549,6.465454102,0.0,0.021475098,-0.787120104,2.612120104,5218.771527,719.450012,681.353271,0.003864,0.00391
369,4,0,0,358.7187,90.0,14.2,0.006194982,73.5744027272398,6.421508789,0.0,0.00690271,-1.135717154,2.960717154,5235.017588,696.693298,684.758728,0.00359,0.003653
370,4,0,0,358.1405,88.0,14.0,0.006041034,73.6254668440388,6.465454102,0.0,0.016106323,-1.42636323,3.25136323,5249.911097,0.0,0.0,0.0,0.0
371,4,0,0,359.1051,89.0,14.0,0.005906783,73.6832828824342,6.465454102,0.0,-0.016298065,-1.710176945,3.535176945,5266.160064,703.578186,676.074524,0.003198,0.003253
372,4,0,0,359.6864,89.0,13.5,0.005824694,73.735184451489,6.421508789,0.0,-0.016298065,1.616924047,3.858075953,5280.38104,700.839783,674.36322,0.003104,0.003221
373,4,0,0,359.2986,86.0,13.5,0.005763995,73.7917791939452,6.421508789,0.0,-0.016298065,1.27302742,4.20197258,5296.641,713.982483,672.37561,0.003101,0.00324
374,4,0,0,358.1405,83.0,12.7,0.005727922,73.8405003691986,6.465454102,0.0,0.003067871,0.939999342,4.535000658,5310.881676,712.807922,671.4729,0.002987,0.003053
375,4,0,0,357.7562,82.0,12.7,0.005695102,73.8979534531438,6.421508789,0.0,0.036047485,0.522114754,4.952885246,5325.816109,658.864319,691.319397,0.002927,0.002995
376,4,0,0,357.3726,83.0,12.4,0.005657441,73.9464156855912,6.377563477,0.0,0.052920776,0.206820965,5.268179035,5339.404052,754.167725,664.548889,0.003156,0.003263
377,4,0,0,356.9899,86.0,12.4,0.005602802,73.9980258514522,6.421508789,0.0,0.023009033,-0.033716559,5.508716559,5356.402579,777.4021,661.602783,0.003153,0.003215
378,4,0,0,357.7562,86.0,12.0,0.005539556,74.0520844671892,6.509399414,0.0,0.04141626,-0.191877842,5.666877842,5370.694358,698.198914,688.554871,0.002841,0.00294
379,4,0,0,357.3726,86.0,12.0,0.005448543,74.0893700425508,6.157836914,0.0,-0.015531097,-0.292550683,5.767550683,5387.042021,704.219421,694.372681,0.003368,0.003441
380,4,0,0,355.8466,83.0,11.4,0.005375219,74.1191322430936,6.245727539,0.0,0.087434326,-0.358535051,5.833535051,5399.994557,700.264587,675.079285,0.003625,0.003636
381,4,0,0,354.8994,82.0,11.4,0.005285276,74.1489989702694,6.289672852,0.0,0.047552002,-0.281762362,5.756762362,5416.368095,696.735718,673.968384,0.003653,0.003569
382,4,0,0,354.5219,80.0,10.9,0.005219161,74.1800005235462,6.245727539,0.0,-0.052345551,-0.041674733,5.516674733,5430.705389,717.68811,690.845215,0.003626,0.003623
383,4,0,0,354.1453,81.0,10.9,0.005155743,74.2114766390022,6.289672852,0.0,-0.072286713,0.174915791,5.300084209,5447.102429,698.153625,679.142395,0.003477,0.003462
384,4,0,0,353.2071,83.0,10.1,0.005109572,74.2391534406796,6.245727539,0.0,-0.024734711,0.197053552,5.277946448,5462.144517,701.73938,675.538025,0.003376,0.003431
385,4,0,0,353.2071,84.0,10.1,0.005070105,74.272572206543,6.289672852,0.0,-0.010162323,0.099532962,5.375467038,5478.568345,680.221313,671.517273,0.003243,0.003284
386,4,0,0,353.7694,85.0,9.4,0.005052238,74.3014012151934,6.289672852,0.0,-0.000959,-0.031750202,5.506750202,5491.58107,711.486816,675.622498,0.00317,0.00315
387,4,0,0,354.3335,85.0,9.4,0.005045547,74.3360436266324,6.245727539,0.0,0.065959229,-0.180118322,5.655118322,5508.031416,678.953125,697.865295,0.003151,0.003194
388,4,0,0,353.9572,87.0,9.4,0.005053631,74.3623900673988,6.245727539,0.0,0.046785034,-0.224716544,5.699716544,5522.435543,697.416626,673.630493,0.002999,0.003022
389,4,0,0,353.5818,88.0,9.4,0.005073696,74.394355550962,6.333618164,0.0,-0.007094452,-0.113694668,5.588694668,5538.904484,0.0,0.0,0.0,0.0
390,4,0,0,352.6466,87.0,9.3,0.005097291,74.4253483333358,6.333618164,0.0,-0.032404388,0.01329875,5.46170125,5553.319794,704.615906,669.511902,0.002844,0.002888
391,4,0,0,351.902,87.0,9.3,0.005130431,74.4604537357994,6.289672852,0.0,-0.024734711,0.104074359,5.370925641,5570.487177,695.00592,671.317322,0.00296,0.003009
392,4,0,0,352.6466,87.0,9.6,0.005167396,74.4894799207866,6.289672852,0.0,0.021475098,0.089822412,5.385177588,5584.916375,704.933716,667.181274,0.002801,0.002852
393,4,0,0,353.0201,86.0,9.6,0.005222863,74.5224921995528,6.289672852,0.0,0.023009033,0.095663786,5.379336214,5601.414465,701.568909,669.116394,0.00279,0.002691
394,4,0,0,353.0201,86.0,9.8,0.005279089,74.552537338161,6.289672852,0.0,0.070561035,0.197970867,5.277029133,5616.544388,694.316406,678.758911,0.002526,0.002557
395,4,0,0,353.0201,85.0,9.8,0.005330341,74.582794056699,6.289672852,0.0,-0.053879486,0.409771681,5.065228319,5633.05734,696.468811,681.23407,0.002869,0.002924
396,4,0,0,353.2071,84.0,10.0,0.005343189,74.6093921338678,6.289672852,0.0,-0.074587616,0.55399704,4.92100296,5647.51303,697.197876,680.356628,0.003381,0.00347
397,4,0,0,353.9572,82.0,10.0,0.005317413,74.6295445629356,6.157836914,0.0,-0.032404388,0.487138987,4.987861013,5664.040202,707.444275,667.106323,0.0031,0.003194
398,4,0,0,353.9572,82.0,10.2,0.005274593,74.639271912791,6.113891602,0.0,0.051386841,0.267295837,5.207704163,5678.50783,709.550903,678.718811,0.003614,0.003611
399,4,0,0,354.1453,83.0,10.2,0.00522642,74.6564371010442,6.157836914,0.0,0.04141626,0.053617239,5.421382761,5695.7402,694.120117,680.564514,0.003503,0.003565
400,4,0,0,354.3335,84.0,10.4,0.005197227,74.6722691603216,6.201782227,0.0,0.021475098,0.000954,5.474045849,5710.222378,0.0,0.0,0.0,0.0
401,4,0,0,355.0884,84.0,10.4,0.005181694,74.692830908925,6.157836914,0.0,0.017640259,0.026155949,5.448844051,5726.78074,696.366089,668.714294,0.003095,0.003145
402,4,0,0,354.7106,84.0,10.6,0.00517955,74.7112399399708,6.201782227,0.0,0.014572388,0.098802805,5.376197195,5741.965359,700.94519,669.594177,0.003057,0.003131
403,4,0,0,355.2776,84.0,10.6,0.005179537,74.732290074984,6.201782227,0.0,0.009203613,0.227644444,5.247355556,5758.536857,690.501709,680.401672,0.003209,0.003329
404,4,0,0,355.8466,83.0,10.7,0.00517365,74.7504495617694,6.201782227,0.0,-0.027035614,0.356736422,5.118263578,5773.04421,0.0,0.0,0.0,0.0
405,4,0,0,356.6079,82.0,10.7,0.005157443,74.7707701829606,6.201782227,0.0,-0.000959,0.463840723,5.011159277,5789.626824,689.107117,671.28241,0.003203,0.003209
406,4,0,0,356.7988,83.0,10.8,0.005138141,74.7883621842752,6.201782227,0.0,-0.000959,0.475459814,4.999540186,5804.82987,708.985596,666.406494,0.002909,0.002976
407,4,0,0,357.5643,83.0,10.8,0.005120124,74.8091013465202,6.201782227,0.0,-0.000959,0.48183465,4.99316535,5821.420464,700.862183,664.372009,0.002854,0.002889
408,4,0,0,357.3726,84.0,10.7,0.005117558,74.827193900855,6.157836914,0.0,-0.000959,0.485074282,4.989925718,5835.94111,0.0,0.0,0.0,0.0
409,4,0,0,357.3726,85.0,10.7,0.005133363,74.84741083227,6.201782227,0.0,-0.052345551,0.468286276,5.006713724,5853.232199,0.0,0.0,0.002941,0.003177
410,4,0,0,356.2268,85.0,10.8,0.005159735,74.863510589163,6.201782227,0.0,-0.048510712,0.343303204,5.131696796,5867.068568,702.019409,681.245117,0.003072,0.003002
411,4,0,0,355.4671,86.0,10.8,0.005199408,74.8807497909628,6.157836914,0.0,0.014572388,0.060222864,5.414777136,5884.36867,698.803894,671.183716,0.002719,0.002765
412,4,0,0,355.4671,85.0,10.6,0.005238953,74.8978432187454,6.201782227,0.0,0.014572388,-0.236587405,5.711587405,5898.905416,654.722778,669.099915,0.002615,0.002634
413,4,0,0,356.2268,84.0,10.6,0.005280861,74.9163540083594,6.201782227,0.0,0.04141626,-0.522520661,5.997520661,5915.523458,645.582886,668.828613,0.002599,0.002589
414,4,0,0,356.2268,85.0,10.7,0.005306201,74.9394340521948,6.421508789,0.0,0.070561035,-0.682479024,6.157479024,5930.760899,693.768921,683.05603,0.003344,0.00337
415,4,0,0,353.7694,84.0,10.7,0.005324822,74.9700949403804,6.377563477,0.0,0.065959229,-0.627103806,6.102103806,5947.388182,704.889587,693.749329,0.003629,0.00363
416,4,0,0,352.2739,85.0,10.6,0.005346235,74.9961591029108,6.333618164,0.0,-0.010929291,-0.379836679,5.854836679,5961.940933,0.0,0.0,0.0,0.0
417,4,0,0,350.4223,86.0,10.6,0.005389741,75.0272967580714,6.333618164,0.0,-0.070752777,-0.024596453,5.499596453,5979.268327,692.014221,688.018311,0.003721,0.003513
418,4,0,0,348.2258,85.0,10.7,0.005440674,75.0505811880868,6.333618164,0.0,-0.053879486,0.167523623,5.307476377,5993.131981,704.920471,684.738098,0.003601,0.00365
419,4,0,0,347.3187,82.0,10.7,0.005496053,75.0792235293906,6.289672852,0.0,-0.019365936,0.195088625,5.279911375,6010.466623,704.851318,683.064087,0.003569,0.003541
420,4,0,0,347.3187,82.0,10.8,0.00553167,75.0977148298972,5.627746582,0.0,-0.019365936,0.136543274,5.338456726,6025.032934,706.488281,682.65332,0.003649,0.003748
421,4,0,0,348.044,82.0,10.8,0.005565817,75.0806368195918,5.894165039,0.0,0.026843872,0.020687103,5.454312897,6041.68785,715.068726,686.300415,0.003757,0.003706
422,4,0,0,347.681,81.0,10.9,0.005606319,75.0740369001584,5.938110352,0.0,0.019941162,-0.080489874,5.555489874,6056.958642,0.0,0.0,0.0,0.0
423,4,0,0,347.8624,81.0,10.9,0.005677921,75.0661483660936,5.938110352,0.0,0.009203613,-0.137294412,5.612294412,6073.622784,701.88092,666.831482,0.003136,0.003114
424,4,0,0,348.59,83.0,11.3,0.005766174,75.0601467992722,5.894165039,0.0,0.030678711,-0.158474684,5.633474684,6088.907371,701.967102,668.04541,0.003099,0.003107
425,4,0,0,346.7767,85.0,11.3,0.005893714,75.052418539378,5.938110352,0.0,0.016106323,-0.129185796,5.604185796,6105.589132,692.654419,676.806885,0.003241,0.003332
426,4,0,0,342.8532,87.0,11.7,0.006023579,75.0457833432118,5.894165039,0.0,-0.005560516,-0.06018126,5.53518126,6120.189932,703.034729,665.463074,0.003182,0.003171
427,4,0,0,339.19,89.0,11.7,0.006190813,75.0387437520904,5.938110352,0.0,-0.013997162,0.02583158,5.44916842,6136.873631,695.529297,668.313904,0.003103,0.003172
428,4,0,0,338.3293,89.0,12.3,0.0063529,75.0324782213222,5.938110352,0.0,-0.024734711,0.062415361,5.412584639,6151.470606,681.334106,667.269714,0.003317,0.003362
429,4,0,0,338.5011,89.0,12.3,0.006538291,75.0244167314876,5.894165039,0.0,0.0,0.041855216,5.433144784,6168.846294,696.811707,672.69397,0.00355,0.003562
430,4,0,0,339.0175,90.0,12.6,0.006647074,75.0171147052924,5.894165039,0.0,0.023776001,-0.007896543,5.482896543,6183.440441,696.308472,678.691284,0.003697,0.003756
431,4,0,0,338.5011,90.0,12.6,0.006623092,75.0080428235256,5.938110352,0.0,0.023009033,-0.024211168,5.499211168,6200.117557,0.0,0.0,0.0,0.0
432,4,0,0,338.8452,90.0,12.8,0.006468254,74.9996220324426,5.894165039,0.0,0.023776001,0.020356655,5.454643345,6215.403247,0.0,0.0,0.0,0.0
433,4,0,0,333.0891,91.0,12.8,0.006228874,74.9892167642056,5.894165039,0.0,0.029144775,0.13100636,5.34399364,6232.077146,0.0,0.0,0.0,0.0
434,4,0,0,332.5905,90.0,12.8,0.006037076,74.9808648850614,5.894165039,0.0,-0.045442841,0.298340082,5.176659918,6246.665417,707.652527,668.451111,0.003287,0.003321
435,4,0,0,328.9798,91.0,12.8,0.005873311,74.9723331460788,5.894165039,0.0,-0.02856955,0.447700739,5.027299261,6263.335777,744.867615,688.071716,0.003514,0.003612
436,4,0,0,323.2375,91.0,13.3,0.005778646,74.964569818666,5.894165039,0.0,-0.043141937,0.49328351,4.98171649,6277.920682,728.229309,539.682617,0.003524,0.003577
437,4,0,0,311.4586,91.0,13.3,0.0057148,74.9552825106468,5.938110352,0.0,-0.016298065,0.437643766,5.037356234,6295.28106,713.315308,666.797607,0.003127,0.00321
438,4,0,0,303.7944,90.0,13.4,0.00568781,74.9478003671188,5.894165039,0.0,0.010737549,0.326483011,5.148516989,6309.86104,726.806091,666.3797,0.003008,0.002987
439,4,0,0,303.3796,91.0,13.4,0.00567892,74.94082497257,5.938110352,0.0,0.070561035,0.209100723,5.265899277,6326.521372,705.833679,662.568726,0.003132,0.003214
440,4,0,0,304.9059,91.0,13.6,0.005683738,74.931865454922,5.894165039,0.0,0.049085938,0.212986469,5.262013531,6341.792395,686.22699,673.20459,0.003299,0.003326
441,4,0,0,301.3228,89.0,13.6,0.005698765,74.923145165665,5.938110352,0.0,0.019941162,0.359465122,5.115534878,6356.36786,693.138306,662.864685,0.002873,0.002871
442,4,0,0,299.5626,86.0,13.7,0.00572451,74.9167866311382,5.938110352,0.0,0.013038452,0.571128845,4.903871155,6370.941304,707.970276,662.036682,0.002715,0.002766
443,4,0,0,298.7572,82.0,13.7,0.005762069,74.9191604076382,6.245727539,0.0,0.025309937,0.863714457,4.611285543,6387.59479,0.0,0.0,0.0,0.0
444,4,0,0,296.6303,80.0,13.6,0.005791326,74.9376348905418,6.201782227,0.0,-0.010929291,1.145383358,4.329616642,6402.859072,710.497375,663.160217,0.002939,0.00295
445,4,0,0,295.9718,80.0,13.6,0.00580722,74.9594225699836,6.245727539,0.0,0.0,1.481508017,3.993491983,6419.507845,647.799927,647.228516,0.003113,0.003059
446,4,0,0,295.0549,80.0,13.4,0.005806395,74.9774721549404,6.201782227,0.0,0.009203613,1.764103889,3.710896111,6434.072692,683.873901,667.24762,0.002664,0.002615
447,4,0,0,294.7939,81.0,13.4,0.00580783,74.997120812308,6.245727539,0.0,-0.013997162,-1.493616343,3.318616343,6450.717092,0.0,0.0,0.0,0.0
448,4,0,0,294.4034,82.0,12.7,0.005824924,75.014622626209,6.245727539,0.0,-0.004793549,-1.20931077,3.03431077,6463.895944,691.529114,661.852478,0.003212,0.003202
449,4,0,0,294.7939,84.0,12.7,0.005880893,75.0347050489868,6.245727539,0.0,-0.004793549,-0.901344061,2.726344061,6480.547712,669.659485,659.334717,0.002725,0.002713
450,4,0,0,296.6303,85.0,12.0,0.005965111,75.0518416392682,6.245727539,0.0,-0.004793549,-0.645867109,2.470867109,6495.122255,653.521118,669.424377,0.002818,0.002744
451,4,0,0,297.5571,87.0,12.0,0.006106856,75.0713791556154,6.201782227,0.0,-0.008628387,-0.355085135,2.180085135,6512.477549,692.88562,671.456909,0.002782,0.002677
452,4,0,0,298.4896,88.0,11.4,0.006279923,75.0934662688576,6.377563477,0.0,-0.007094452,-0.146161795,1.971161795,6526.366094,699.468689,680.628113,0.003458,0.003562
453,4,0,0,299.6973,87.0,11.4,0.006554256,75.127001390003,6.421508789,0.0,-0.040074066,0.072211027,1.752788973,6543.731826,0.0,0.0,0.0,0.0
454,4,0,0,300.3725,84.0,10.9,0.006882377,75.152019706841,6.333618164,0.0,-0.024734711,0.203114748,1.621885252,6558.323355,704.828125,669.848816,0.002937,0.002948
455,4,0,0,300.5079,83.0,10.9,0.007373111,75.180117656703,6.333618164,0.0,-0.02166684,0.266130209,1.558869791,6575.004679,742.949097,825.984924,0.00276,0.002684
456,4,0,0,300.9148,82.0,9.8,0.007893562,75.203504826984,6.289672852,0.0,-0.008628387,0.26364398,1.56135602,6590.302848,699.760681,647.264893,0.0,0.002617
457,4,0,0,301.0507,83.0,9.8,0.008526475,75.2252714884454,6.157836914,0.0,-0.008628387,0.224846601,1.600153399,6606.999838,732.125122,677.960876,0.00331,0.003338
458,4,0,0,301.3228,83.0,9.1,0.00897133,75.2292154336098,6.026000977,0.0,-0.007094452,0.172147036,1.652852964,6621.615827,715.88739,676.409729,0.003434,0.003443
459,4,0,0,301.8686,80.0,9.1,0.009112282,75.2164870187092,6.026000977,0.0,-0.017832001,0.093355894,1.731644106,6639.022422,696.508728,647.623108,0.003584,0.003512
460,4,0,0,301.3228,81.0,8.5,0.008859772,75.2160927304092,6.069946289,0.0,-0.019365936,0.017751455,1.807248545,6652.951914,703.974976,691.002014,0.003893,0.00421
461,4,0,0,301.7319,83.0,8.5,0.00834732,75.2389213631498,6.421508789,0.0,0.026843872,-0.109160662,1.934160662,6670.365094,693.008118,697.456482,0.003631,0.003547
462,4,0,0,300.779,85.0,8.3,0.007888793,75.2708381158978,6.465454102,0.0,0.023009033,-0.196918726,2.021918726,6684.990108,696.313293,655.012817,0.003002,0.002943
463,4,0,0,301.7319,87.0,8.3,0.007453048,75.3013162957132,6.377563477,0.0,0.014572388,-0.231439352,2.056439352,6701.70441,700.562317,668.349915,0.003223,0.003311
464,4,0,0,302.1422,89.0,8.3,0.007163756,75.326798215125,6.377563477,0.0,0.032212646,-0.224658728,2.049658728,6717.031447,703.582703,673.285706,0.003377,0.003562
465,4,0,0,303.1038,89.0,8.3,0.006924532,75.3541102116112,6.333618164,0.0,0.018407227,-0.145863771,1.970863771,6733.760322,699.171692,676.958313,0.00364,0.003707
466,4,0,0,303.9329,89.0,8.4,0.006771467,75.3790792021782,6.377563477,0.0,-0.019365936,-0.011239767,1.836239767,6749.101427,703.656799,685.30011,0.003918,0.003851
467,4,0,0,304.0715,89.0,8.4,0.006623052,75.4197580226496,6.641235352,0.0,-0.046976776,0.123098612,1.701901388,6765.843369,740.255615,801.689575,0.00358,0.003682
468,4,0,0,303.5178,89.0,8.5,0.006497947,75.4626034331894,6.948852539,0.0,-0.001725677,0.145958185,1.679041815,6780.497608,699.692078,671.691589,0.003527,0.003554
469,4,0,0,303.2417,89.0,8.5,0.00637,75.51624448957,6.597290039,0.0,-0.017832001,0.145465612,1.679534388,6797.253704,698.315796,672.988098,0.003648,0.003582
470,4,0,0,303.9329,88.0,8.8,0.006285595,75.5578420500606,6.685180664,0.0,-0.005560516,0.128400087,1.696599913,6811.925761,0.0,0.0,0.0,0.0
471,4,0,0,304.0715,87.0,8.8,0.006222696,75.6109105998296,6.729125977,0.0,0.0,0.083045244,1.741954756,6829.405229,718.252502,666.654785,0.002942,0.003037
472,4,0,0,304.2103,88.0,9.1,0.006183242,75.6571796076316,6.685180664,0.0,0.0,0.043936491,1.781063509,6844.097655,720.129211,667.867126,0.003234,0.003287
473,4,0,0,303.5178,89.0,9.1,0.006126987,75.708021410203,6.685180664,0.0,0.016106323,-0.000509,1.825509024,6860.901051,704.008423,662.814697,0.0029,0.002992
474,4,0,0,304.2103,89.0,9.4,0.006052707,75.7503901503282,6.553344727,0.0,0.016106323,-0.022413492,1.847413492,6876.315291,0.0,0.0,0.0,0.0
475,4,0,0,305.0455,89.0,9.4,0.005951215,75.775071905892,6.333618164,0.0,-0.008628387,-0.010870218,1.835870218,6893.142871,699.461304,674.924194,0.00334,0.003443
476,4,0,0,305.3249,89.0,10.0,0.005869361,75.794132365583,6.333618164,0.0,0.005368774,-0.003046274,1.828046274,6907.874439,704.686401,669.98761,0.00317,0.003308
477,4,0,0,305.8852,88.0,10.0,0.005796339,75.8157989260964,6.377563477,0.0,-0.004793549,0.001122713,1.823877287,6924.71531,696.128784,663.738403,0.002986,0.003138
478,4,0,0,304.2103,87.0,10.2,0.005750426,75.83470632146,6.377563477,0.0,-0.008628387,0.002535105,1.822464895,6939.455375,698.972473,662.210327,0.002618,0.002653
479,4,0,0,300.779,87.0,10.2,0.005717513,75.8561474617196,6.377563477,0.0,0.04141626,-0.013381243,1.838381243,6957.008275,683.617798,663.151428,0.00258,0.002531
480,4,0,0,294.5335,86.0,10.6,0.00570355,75.8737371938648,6.333618164,0.0,0.017640259,0.008918524,1.816081476,6971.757,684.06488,657.185913,0.002486,0.002537
481,4,0,0,291.3159,85.0,10.6,0.005700356,75.8931080952418,6.421508789,0.0,0.017640259,0.098398924,1.726601076,6988.617173,635.182312,697.493286,0.002513,0.002499
482,4,0,0,291.4432,84.0,10.8,0.00570829,75.9112536612362,6.377563477,0.0,0.017640259,0.216649294,1.608350706,7003.373497,639.7229,682.138977,0.002592,0.002601
483,4,0,0,292.2097,85.0,10.8,0.00572943,75.9305693622512,6.377563477,0.0,-0.010162323,0.397354841,1.427645159,7020.241932,676.010986,671.063477,0.00277,0.00279
484,4,0,0,292.9802,85.0,10.6,0.005754539,75.948117476864,6.377563477,0.0,-0.072286713,0.546611071,1.278388929,7035.708803,704.153687,669.328125,0.002951,0.00297
485,4,0,0,294.7939,85.0,10.6,0.00578004,75.9714946048634,6.597290039,0.0,-0.041608002,0.574112177,1.250887823,7052.587558,710.575806,676.299622,0.0,0.003078
486,4,0,0,296.2349,84.0,10.4,0.005787149,76.0041929335824,6.641235352,0.0,-0.040074066,0.464929342,1.360070658,7068.065721,711.568115,677.401001,0.003275,0.003336
487,4,0,0,297.1592,84.0,10.4,0.005768578,76.0450249793152,6.597290039,0.0,0.013038452,0.23734498,1.58765502,7084.959061,0.0,0.0,0.0,0.0
488,4,0,0,297.8229,85.0,10.3,0.005731797,76.073817391574,6.553344727,0.0,0.046785034,0.040468931,1.784531069,7099.748262,684.906189,682.304016,0.003543,0.003735
489,4,0,0,298.6233,85.0,10.3,0.005677165,76.1033096414252,6.948852539,0.0,0.023009033,-0.108025312,1.933025312,7117.363739,718.963501,837.541626,0.003465,0.003491
490,4,0,0,299.4281,85.0,10.2,0.005624745,76.150224348622,6.641235352,0.0,0.032212646,-0.141893148,1.966893148,7131.465256,713.115723,681.76178,0.003732,0.0038
491,4,0,0,298.7572,87.0,10.2,0.005557459,76.1830558341326,6.509399414,0.0,-0.052345551,-0.112411261,1.937411261,7149.099939,714.354309,676.159302,0.003829,0.003828
492,4,0,0,298.7572,88.0,10.1,0.00548942,76.2046334464242,6.509399414,0.0,-0.032404388,-0.150265455,1.975265455,7163.917949,691.070923,682.871704,0.003903,0.003886
493,4,0,0,299.4281,89.0,10.1,0.005411555,76.2317054420362,6.553344727,0.0,0.029144775,-0.292935133,2.117935133,7180.859252,785.99292,680.033203,0.00374,0.003688
494,4,0,0,300.102,90.0,10.0,0.005353463,76.2559598212696,6.509399414,0.0,0.078230713,-0.394817114,2.219817114,7196.395545,724.947388,687.99292,0.003695,0.003658
495,4,0,0,300.5079,91.0,10.0,0.005297998,76.2860240627436,6.729125977,0.0,0.078230713,-0.384380579,2.209380579,7213.3502,623.025391,669.976074,0.003253,0.003197
496,4,0,0,300.779,92.0,9.6,0.005257229,76.3187915126156,6.729125977,0.0,-0.001725677,-0.182780504,2.007780504,7228.19391,722.641724,668.694092,0.003316,0.00328
497,4,0,0,301.3228,93.0,9.6,0.00522424,76.3579386276486,6.685180664,0.0,-0.083024261,0.122228384,1.702771616,7245.876427,700.952881,688.746704,0.003683,0.003688
498,4,0,0,300.6434,93.0,9.2,0.005211703,76.3887726969116,6.729125977,0.0,-0.065384003,0.231880903,1.593119097,7260.029738,701.690918,688.840515,0.003712,0.003688
499,4,0,0,298.8911,93.0,9.2,0.005217246,76.428427735742,6.773071289,0.0,-0.003259613,0.165178537,1.659821463,7277.731277,707.570618,681.288818,0.003339,0.003423
500,4,0,0,299.0252,94.0,8.6,0.005237318,76.4660972191606,6.729125977,0.0,-0.000959,0.029328108,1.795671892,7292.60937,707.83313,682.568604,0.003395,0.003458
501,4,0,0,298.6233,94.0,8.6,0.005277055,76.5079293409562,6.773071289,0.0,-0.000959,-0.134893656,1.959893656,7309.623501,703.529297,669.375427,0.003362,0.003331
502,4,0,0,297.4243,94.0,8.0,0.005329011,76.5470127261252,6.729125977,0.0,0.051386841,-0.278206587,2.103206587,7325.229457,689.942078,681.419312,0.003471,0.003503
503,4,0,0,295.5782,92.0,8.0,0.005406061,76.5877285292298,6.773071289,0.0,0.038348389,-0.379148722,2.204148722,7342.264647,680.548523,675.678894,0.003268,0.003398
504,4,0,0,292.4661,90.0,7.5,0.005479557,76.6273227189148,6.773071289,0.0,0.032212646,-0.358788252,2.183788252,7357.899269,782.079895,668.123291,0.003046,0.003173
505,4,0,0,287.5464,89.0,7.5,0.005548333,76.6655908768134,6.817016602,0.0,0.032212646,-0.266973734,2.091973734,7372.131869,651.969727,669.749084,0.003004,0.003072
506,4,0,0,283.1498,88.0,7.4,0.00561575,76.7530544985568,7.564086914,0.0,-0.046976776,-0.0945189,1.9195189,7389.944279,612.283508,680.283386,0.003394,0.003443
507,4,0,0,282.3104,86.0,7.4,0.005668465,76.8390033773054,7.520141602,0.0,-0.043141937,0.006146669,1.818853331,7404.910236,0.0,0.0,0.0,0.0
508,4,0,0,281.4761,85.0,7.3,0.005727254,76.935602063504,7.344360352,0.0,-0.043141937,0.006592512,1.818407488,7422.008822,743.79541,824.796997,0.002856,0.002893
509,4,0,0,281.4761,84.0,7.3,0.005770656,76.9901498220406,6.465454102,0.0,-0.036239227,-0.099993944,1.924993944,7437.684456,744.824585,525.965881,0.002817,0.002871
510,4,0,0,279.9395,84.0,6.8,0.005794611,76.9552535854968,6.157836914,0.0,-0.004793549,-0.307987928,2.132987928,7454.786161,717.803589,637.115112,0.002723,0.002762
511,4,0,0,279.4701,84.0,6.8,0.005794196,76.956422658353,6.377563477,0.0,0.070561035,-0.51348567,2.33848567,7469.750787,702.361694,683.942993,0.003384,0.0034
512,4,0,0,279.5873,83.0,6.5,0.005788182,76.9588915629404,6.377563477,0.0,0.056755615,-0.65861392,2.48361392,7486.855202,691.099182,678.747314,0.003228,0.003277
513,4,0,0,280.5285,83.0,6.5,0.005788983,76.9622303157978,6.421508789,0.0,0.023009033,-0.625169516,2.450169516,7501.825701,701.565796,710.569397,0.003091,0.003155
514,4,0,0,281.3573,84.0,6.1,0.005802525,76.9683989160178,6.465454102,0.0,0.039882324,-0.499990702,2.324990702,7519.652215,682.736389,691.707092,0.003336,0.003488
515,4,0,0,282.43,84.0,6.1,0.005832027,76.9809558557414,6.509399414,0.0,-0.013997162,-0.315733671,2.140733671,7534.629556,0.0,0.0,0.0,0.0
516,4,0,0,283.8732,83.0,5.8,0.005896843,76.9980947312856,6.553344727,0.0,-0.061549164,-0.084807634,1.909807634,7551.750122,701.472107,677.378906,0.00315,0.003279
517,4,0,0,282.9094,83.0,5.8,0.005988866,77.0102226048718,6.553344727,0.0,-0.030103485,0.01680541,1.80819459,7567.447386,701.482727,661.588318,0.00285,0.00294
518,4,0,0,282.9094,84.0,5.8,0.006134093,77.0254057943546,6.553344727,0.0,-0.019365936,0.013926744,1.811073256,7584.575069,702.739807,661.911072,0.002794,0.002875
519,4,0,0,282.3104,82.0,5.8,0.006285414,77.0388559982452,6.553344727,0.0,0.0,-0.041007757,1.866007757,7599.564611,709.653015,668.18103,0.00283,0.002826
520,4,0,0,282.3104,81.0,5.8,0.006468782,77.0553828900676,6.509399414,0.0,0.021475098,-0.100485563,1.925485563,7616.698616,692.437805,676.663696,0.003182,0.003184
521,4,0,0,282.6695,81.0,5.8,0.006631791,77.0689282703258,6.509399414,0.0,-0.010162323,-0.091322184,1.916322184,7632.407871,705.355774,657.089478,0.0,0.002758
522,4,0,0,281.2386,81.0,5.8,0.006835442,77.0833291918214,6.553344727,0.0,0.017640259,-0.078136206,1.903136206,7649.549391,698.383911,664.743286,0.00279,0.002898
523,4,0,0,280.1748,83.0,5.8,0.007053375,77.096520131038,6.509399414,0.0,0.012271484,-0.05825305,1.88325305,7664.552121,705.853699,658.356812,0.002617,0.002673
524,4,0,0,277.8395,84.0,5.9,0.007368187,77.1108218689094,6.509399414,0.0,-0.015531097,0.003055811,1.821944189,7682.416583,672.265991,663.435303,0.002784,0.00278
525,4,0,0,277.1465,85.0,5.9,0.00769413,77.1233472977558,6.509399414,0.0,-0.030870453,0.042104006,1.782895994,7697.425807,668.347412,667.271912,0.002867,0.002983
526,4,0,0,277.3771,85.0,5.6,0.00807162,77.142299014343,6.597290039,0.0,-0.000959,0.026024103,1.798975897,7714.584055,645.639526,664.348816,0.002977,0.003111
527,4,0,0,277.2618,85.0,5.6,0.008318529,77.1598046423798,6.553344727,0.0,0.018407227,-0.015723944,1.840723944,7729.60241,683.214905,662.936401,0.003717,0.003717
528,4,0,0,277.2618,83.0,5.3,0.008377807,77.1776974615272,6.553344727,0.0,0.021475098,-0.016401052,1.841401052,7746.775217,0.0,0.0,0.0,0.0
529,4,0,0,277.6081,83.0,5.3,0.008214514,77.1923328477674,6.597290039,0.0,0.014572388,0.06162858,1.76337142,7762.527268,683.148071,651.347778,0.003395,0.003353
530,4,0,0,276.4569,84.0,5.4,0.007911773,77.2103616561448,6.685180664,0.0,-0.083791229,0.180855513,1.644144487,7779.7206,0.0,0.0,0.0,0.0
531,4,0,0,276.5716,84.0,5.4,0.00766424,77.2364926062852,6.817016602,0.0,-0.043141937,0.142683744,1.682316256,7794.771182,706.264709,645.740173,0.003543,0.003541
532,4,0,0,275.2016,85.0,5.7,0.00746216,77.2751411155994,6.860961914,0.0,0.025309937,-0.08388114,1.90888114,7812.695711,749.644897,658.783813,0.002989,0.002988
533,4,0,0,273.9576,84.0,5.7,0.007352134,77.3158263251506,6.860961914,0.0,0.042183228,-0.264477968,2.089477968,7827.758529,750.433472,658.011475,0.00288,0.002938
534,4,0,0,273.7326,84.0,6.4,0.007271796,77.357770006395,6.860961914,0.0,0.043717163,-0.342160463,2.167160463,7844.980162,741.151672,670.873413,0.003122,0.003194
535,4,0,0,274.2957,85.0,6.4,0.007214263,77.3919308550258,6.817016602,0.0,0.017640259,-0.291198015,2.116198015,7860.054618,0.0,0.0,0.0,0.0
536,4,0,0,275.2016,85.0,7.2,0.007141554,77.4248744310674,6.729125977,0.0,-0.007094452,-0.143883467,1.968883467,7877.289097,692.016113,670.495117,0.003359,0.003363
537,4,0,0,275.7708,85.0,7.2,0.007064361,77.4509196194792,6.729125977,0.0,-0.015531097,-0.010526419,1.835526419,7893.093528,693.530396,671.594177,0.00324,0.003253
538,4,0,0,276.2278,85.0,7.7,0.006968768,77.480446132179,6.729125977,0.0,-0.046976776,0.12562871,1.69937129,7910.341268,688.756775,666.199524,0.003026,0.003049
539,4,0,0,276.6864,85.0,7.7,0.006894273,77.5057883447854,6.729125977,0.0,-0.017832001,0.181608915,1.643391085,7926.157514,724.002625,655.243713,0.002707,0.002788
540,4,0,0,276.8013,87.0,9.0,0.006823259,77.5352013024548,6.729125977,0.0,-0.004793549,0.140438318,1.684561682,7943.417762,692.210876,657.179871,0.002671,0.002719
541,4,0,0,277.0313,87.0,9.0,0.006768527,77.5604719798982,6.773071289,0.0,0.008436646,0.085820436,1.739179564,7958.5257,685.346313,652.388489,0.002579,0.002592
542,4,0,0,277.4926,88.0,10.2,0.006722877,77.590206177925,6.729125977,0.0,0.012271484,0.032336473,1.792663527,7976.519455,684.860474,640.978088,0.002661,0.00267
543,4,0,0,278.3035,88.0,10.2,0.00671142,77.6156679323066,6.729125977,0.0,0.009203613,0.018010855,1.806989145,7990.922792,555.47522,652.168396,0.002817,0.002715
544,4,0,0,278.769,85.0,11.6,0.006737648,77.6451730568778,6.729125977,0.0,0.009203613,0.036181688,1.788818312,8008.934735,0.0,0.0,0.0,0.0
545,4,0,0,279.353,83.0,11.6,0.006788748,77.6696730213952,6.729125977,0.0,0.003834839,0.074229002,1.750770998,8024.07056,710.953308,659.355408,0.002787,0.00264
546,4,0,0,279.4701,81.0,12.8,0.006862113,77.6958722558318,6.729125977,0.0,-0.010162323,0.127438784,1.697561216,8041.375075,699.864685,667.699219,0.003463,0.003457
547,4,0,0,278.6524,79.0,12.8,0.006931501,77.721410518237,6.773071289,0.0,-0.000959,0.165794611,1.659205389,8057.243252,709.39447,672.367615,0.002955,0.002958
548,4,0,0,279.1191,79.0,13.9,0.007020102,77.7679730535616,6.948852539,0.0,-0.020132904,0.204189539,1.620810461,8074.559373,707.403992,810.004883,0.003341,0.003377
549,4,0,0,279.353,79.0,13.9,0.007106252,77.8016057489912,6.817016602,0.0,-0.008628387,0.206775904,1.618224096,8089.714734,697.861389,669.02533,0.003207,0.003344
550,4,0,0,279.822,83.0,14.6,0.007214,77.8310996564626,6.817016602,0.0,-0.000959,0.175534487,1.649465513,8107.03935,714.253601,496.841888,0.003213,0.003202
551,4,0,0,280.4105,84.0,14.6,0.007319341,77.8576904594146,6.817016602,0.0,0.005368774,0.139704466,1.685295534,8122.20196,724.903992,680.678589,0.003069,0.003069
552,4,0,0,281.0015,82.0,15.3,0.007446356,77.8864476432208,6.817016602,0.0,0.023009033,0.114127874,1.710872126,8140.257162,667.86731,656.073303,0.002936,0.002966
553,4,0,0,281.833,81.0,15.3,0.007551041,77.9104598972512,6.729125977,0.0,0.017640259,0.135914564,1.689085436,8155.422838,695.520996,646.677307,0.002936,0.002991
554,4,0,0,281.2386,82.0,15.5,0.007659335,77.9344616583848,6.729125977,0.0,0.013038452,0.224063635,1.600936365,8172.746692,708.067383,671.167786,0.003138,0.003224
555,4,0,0,280.8831,82.0,15.5,0.007753155,77.9522278385676,6.685180664,0.0,0.001533936,0.342937231,1.482062769,8188.628875,682.461121,632.185913,0.00283,0.002772
556,4,0,0,280.2926,83.0,15.8,0.007875944,77.9709450582234,6.685180664,0.0,0.001533936,0.477944613,1.347055387,8205.957285,643.204529,644.112183,0.00279,0.002733
557,4,0,0,279.822,83.0,15.8,0.008005465,77.9874098134284,6.685180664,0.0,-0.003259613,0.603874922,1.221125078,8221.127831,846.828186,577.486694,0.003005,0.003052
558,4,0,0,280.1748,84.0,16.3,0.008174219,78.0063401257936,6.729125977,0.0,-0.003259613,0.743979692,1.081020308,8238.477752,722.794495,648.364075,0.0,0.003006
559,4,0,0,280.4105,84.0,16.3,0.008329613,78.0204340656842,6.377563477,0.0,-0.003259613,0.857376337,0.967623663,8254.39282,772.311096,609.464172,0.0,0.002977
560,4,0,0,280.6466,84.0,15.9,0.00850433,77.9617094582984,6.553344727,0.0,-0.023200775,0.984354258,0.840645742,8271.764641,635.710083,713.970398,0.002964,0.002881
561,4,0,0,281.595,85.0,15.9,0.008640223,77.9687202261404,6.685180664,0.0,-0.109101166,1.057248354,0.767751646,8286.972694,0.0,0.0,0.0,0.0
562,4,0,0,281.9522,86.0,15.8,0.008750958,77.9934491031794,7.036743164,0.0,-0.045442841,0.889807463,0.935192537,8305.086685,713.616272,680.218628,0.003756,0.003763
563,4,0,0,282.3104,86.0,15.8,0.008796309,78.0361279631226,6.992797852,0.0,0.032212646,0.524466276,1.300533724,8320.305983,0.0,0.0,0.0,0.0
564,4,0,0,282.43,85.0,15.4,0.008800055,78.0793582634168,7.036743164,0.0,0.042183228,0.136498213,1.688501787,8337.702151,0.0,0.0,0.0,0.0
565,4,0,0,282.7894,81.0,15.4,0.008784163,78.1181086761398,6.992797852,0.0,0.039882324,-0.090014696,1.915014696,8352.925316,700.504089,674.800476,0.003802,0.003776
566,4,0,0,283.0295,80.0,15.1,0.00876006,78.1604799429288,7.036743164,0.0,0.030678711,-0.1897614,2.0147614,8370.323358,0.0,0.0,0.0,0.0
567,4,0,0,283.3905,80.0,15.1,0.008729245,78.1961941265276,6.992797852,0.0,0.032979614,-0.185690641,2.010690641,8386.273531,0.0,0.0,0.0,0.0
568,4,0,0,283.7523,79.0,15.1,0.008672902,78.237604472496,6.992797852,0.0,0.003067871,-0.090022802,1.915022802,8403.677429,672.78009,663.244385,0.003201,0.003282
569,4,0,0,283.9941,79.0,15.1,0.0086108,78.2686790737154,6.729125977,0.0,-0.027035614,0.00927043,1.81572957,8418.910003,704.187317,671.329529,0.003817,0.003777
570,4,0,0,284.4788,81.0,15.4,0.008542717,78.2768015897228,6.729125977,0.0,0.001533936,0.077919722,1.747080278,8437.051609,703.967407,668.389587,0.003754,0.003783
571,4,0,0,285.2091,82.0,15.4,0.008497664,78.2881531015996,6.685180664,0.0,0.003067871,0.088054895,1.736945105,8452.297011,0.0,0.0,0.0,0.0
572,4,0,0,285.5756,83.0,15.3,0.008474212,78.2935888083836,6.509399414,0.0,-0.010929291,0.105224848,1.719775152,8469.728793,697.412903,670.848816,0.003541,0.003555
573,4,0,0,285.698,85.0,15.3,0.008477872,78.2946726023132,6.597290039,0.0,-0.030103485,0.105766058,1.719233942,8484.98927,1296.772217,606.513306,0.003188,0.003375
574,4,0,0,286.1885,85.0,15.3,0.008490399,78.3060699320998,6.685180664,0.0,0.012271484,0.030230761,1.794769239,8502.434224,0.0,0.0,0.0,0.0
575,4,0,0,286.0657,85.0,15.3,0.008494491,78.3198911049538,6.729125977,0.0,0.018407227,-0.048619032,1.873619032,8518.400402,697.51001,665.919922,0.003547,0.00361
576,4,0,0,286.6808,85.0,15.3,0.008502883,78.3394549983836,6.904907227,0.0,0.010737549,-0.080067396,1.905067396,8535.710467,0.0,0.0,0.0,0.0
577,4,0,0,286.5576,85.0,15.3,0.008536723,78.369621046706,6.904907227,0.0,0.00690271,-0.057151079,1.882151079,8551.537809,705.21228,659.023315,0.003265,0.003323
578,4,0,0,284.6003,83.0,15.3,0.008612649,78.4034025095252,6.948852539,0.0,-0.000959,-0.012936354,1.837936354,8568.787195,0.0,0.0,0.0,0.0
579,4,0,0,282.3104,83.0,15.3,0.008697581,78.4358286183832,6.992797852,0.0,-0.000959,0.023095369,1.801904631,8583.865949,698.19458,812.742004,0.002563,0.002592
580,4,0,0,280.8831,83.0,15.5,0.008805402,78.4790098820876,6.992797852,0.0,-0.010162323,0.062899351,1.762100649,8601.082633,740.929382,817.922424,0.002903,0.002953
581,4,0,0,280.7648,83.0,15.5,0.008900068,78.5028654990558,6.773071289,0.0,-0.02856955,0.080985308,1.744014692,8616.133329,0.0,0.0,0.0,0.0
582,4,0,0,281.7139,84.0,15.5,0.00898409,78.4832128344316,5.58380127,0.0,-0.016298065,0.021671534,1.803328466,8634.034317,689.564514,650.464294,0.0,0.004006
583,4,0,0,282.3104,84.0,15.5,0.009034044,78.0415438750246,0.17578125,0.0,-0.005560516,-0.106413126,1.931413126,8649.057403,717.544128,655.786926,0.003102,0.003285
584,4,0,0,283.6316,84.0,15.7,0.009080353,77.730914877942,5.58380127,0.0,0.045251099,-0.284528494,2.109528494,8666.211471,710.069702,665.098206,0.002972,0.002996
585,4,0,0,284.4788,83.0,15.7,0.009102884,77.6588286447392,5.58380127,0.0,0.032979614,-0.382150888,2.207150888,8681.921964,689.420715,667.669678,0.003161,0.003244
586,4,0,0,284.4788,83.0,16.0,0.009085499,77.5805054304598,5.58380127,0.0,0.012271484,-0.361871958,2.186871958,8699.045521,705.986511,669.561584,0.0,0.003055
587,4,0,0,285.0871,83.0,16.0,0.009030656,77.515611981453,5.58380127,0.0,0.001533936,-0.302507162,2.127507162,8714.015764,700.993713,675.440918,0.003541,0.003643
588,4,0,0,285.943,84.0,16.2,0.008937364,77.4403355535682,5.58380127,0.0,0.0,-0.219157457,2.044157457,8731.110277,702.367493,667.334717,0.003267,0.003377
589,4,0,0,285.2091,84.0,16.2,0.008841174,77.3774059499766,5.58380127,0.0,-0.013997162,-0.14145112,1.96645112,8746.055587,700.719299,673.269897,0.00338,0.003514
590,4,0,0,285.698,86.0,16.3,0.008727866,77.3040206414324,5.58380127,0.0,-0.005560516,-0.071954012,1.896954012,8763.832563,705.102722,678.572998,0.003745,0.003812
591,4,0,0,286.1885,85.0,16.3,0.008636926,77.2425374965394,5.58380127,0.0,-0.007094452,-0.040944338,1.865944338,8778.752963,0.0,0.0,0.0,0.0
592,4,0,0,286.3114,84.0,16.5,0.00854882,77.171062345828,5.58380127,0.0,0.010737549,-0.031144857,1.856144857,8795.791213,699.868286,675.282104,0.003424,0.003499
593,4,0,0,286.8041,86.0,16.5,0.008484882,77.1093092824302,5.58380127,0.0,0.010737549,-0.035387278,1.860387278,8811.397055,0.0,0.0,0.0,0.0
594,4,0,0,286.1885,87.0,16.6,0.008424517,77.0419009660856,5.58380127,0.0,0.010737549,-0.008370161,1.833370161,8828.408053,708.432312,668.249512,0.00357,0.003733
595,4,0,0,287.7946,87.0,16.6,0.008384776,76.981632406184,5.58380127,0.0,0.009203613,0.046121836,1.778878164,8843.280085,706.44873,676.993713,0.004025,0.004058
596,4,0,0,288.0433,87.0,16.5,0.008358547,76.9244943022636,5.58380127,0.0,-0.032404388,0.115082026,1.709917974,8858.139049,703.72699,684.706421,0.003855,0.003893
597,4,0,0,288.1678,87.0,16.5,0.008333132,76.8570450764962,5.58380127,0.0,-0.016298065,0.133874178,1.691125822,8875.814873,706.526184,677.996216,0.003783,0.003819
598,4,0,0,289.0424,87.0,16.0,0.008299503,76.8027156893042,5.58380127,0.0,0.005368774,0.092844248,1.732155752,8890.651655,700.746826,683.135681,0.003777,0.003816
599,4,0,0,289.6704,86.0,16.0,0.008253158,76.741724793237,5.58380127,0.0,0.014572388,0.048968554,1.776031446,8907.595616,688.432129,675.342529,0.003537,0.003582
600,4,0,0,290.1747,85.0,15.3,0.008225822,76.68894157945,5.58380127,0.0,0.003067871,0.045691729,1.779308271,8923.116172,699.218811,668.582703,0.003115,0.003184
601,4,0,0,290.1747,84.0,15.3,0.008213226,76.6275206516414,5.58380127,0.0,-0.013997162,0.064892054,1.760107946,8940.039048,752.9505,817.846008,0.003144,0.003163
602,4,0,0,290.6808,84.0,14.7,0.008197564,76.5743132641106,5.58380127,0.0,-0.008628387,0.060145617,1.764854383,8954.843213,698.532898,682.741211,0.003085,0.00321
603,4,0,0,290.9345,84.0,14.7,0.008153174,76.5144111831138,5.58380127,0.0,-0.010929291,0.024881601,1.800118399,8971.754902,687.909119,654.363525,0.003072,0.003076
604,4,0,0,291.6983,84.0,14.1,0.008092307,76.4432583510176,5.539855957,0.0,-0.015531097,-0.03708148,1.86208148,8986.547264,709.668579,667.843689,0.003341,0.003365
605,4,0,0,292.4661,84.0,14.1,0.008003261,76.3849269214872,5.58380127,0.0,0.00690271,-0.149688005,1.974688005,9004.150944,696.709412,677.077209,0.003483,0.003579
606,4,0,0,292.9802,85.0,13.9,0.007910389,76.3349711410528,5.58380127,0.0,0.018407227,-0.240505457,2.065505457,9018.932773,727.911072,673.376892,0.003527,0.003692
607,4,0,0,293.4961,86.0,13.9,0.00780037,76.2763477933398,5.58380127,0.0,0.021475098,-0.292747259,2.117747259,9035.820358,673.648315,666.582825,0.003511,0.00376
608,4,0,0,294.2734,88.0,13.4,0.007719495,76.2287736912648,5.58380127,0.0,0.005368774,-0.269360781,2.094360781,9051.295141,624.723877,656.270203,0.002875,0.002916
609,4,0,0,294.9244,89.0,13.4,0.007654133,76.1762300116434,5.671691895,0.0,-0.000959,-0.214629889,2.039629889,9068.17014,616.092102,650.022217,0.002744,0.002778
610,4,0,0,295.4472,89.0,13.0,0.007613791,76.1507353784456,6.201782227,0.0,-0.008628387,-0.17505002,2.00005002,9082.930984,710.824585,660.8172,0.002913,0.00303
611,4,0,0,295.9718,88.0,13.0,0.007581254,76.132754721521,5.75958252,0.0,-0.008628387,-0.164720297,1.989720297,9099.804157,699.858093,672.588501,0.003429,0.003392
612,4,0,0,296.2349,86.0,12.9,0.007564843,76.101614233922,6.157836914,0.0,-0.010929291,-0.179108381,2.004108381,9115.275999,701.098999,681.092102,0.003802,0.003863
613,4,0,0,296.8945,84.0,12.9,0.007560289,76.075797603977,5.850219727,0.0,0.0,-0.220663309,2.045663309,9132.158803,716.769897,672.631104,0.003817,0.003732
614,4,0,0,297.4243,84.0,12.8,0.007568426,76.05168075894,5.850219727,0.0,0.005368774,-0.272364855,2.097364855,9146.936112,706.916809,671.510193,0.003377,0.003446
615,4,0,0,297.4243,86.0,12.8,0.007582955,76.0233966567202,5.894165039,0.0,0.032979614,-0.32348609,2.14848609,9164.536633,0.0,0.0,0.0,0.0
616,4,0,0,297.6899,88.0,13.0,0.007583329,75.9984641981712,5.894165039,0.0,0.019941162,-0.325862646,2.150862646,9178.623885,701.752197,668.795898,0.003449,0.003633
617,4,0,0,297.956,88.0,13.0,0.007559945,75.9718648657172,5.850219727,0.0,-0.02166684,-0.258334875,2.083334875,9196.239053,697.912476,668.83429,0.003527,0.003635
618,4,0,0,298.2226,89.0,13.2,0.007538556,75.945210445555,5.806274414,0.0,-0.056180389,-0.251288176,2.076288176,9211.040535,0.0,0.0,0.0,0.0
619,4,0,0,298.6233,90.0,13.2,0.00754621,75.9216039383254,5.938110352,0.0,0.025309937,-0.408357859,2.233357859,9227.96434,693.431519,683.754883,0.003738,0.003695
620,4,0,0,299.0252,90.0,13.7,0.007588217,75.9282576419016,6.377563477,0.0,0.058289551,-0.560781717,2.385781717,9243.487579,705.267029,676.168091,0.003338,0.003406
621,4,0,0,299.4281,91.0,13.7,0.00767036,75.9526845745698,6.465454102,0.0,0.023009033,-0.564420938,2.389420938,9260.434686,0.0,0.0,0.0,0.0
622,4,0,0,300.2372,91.0,14.1,0.007769571,75.9716003706882,6.377563477,0.0,0.0,-0.461749792,2.286749792,9275.278685,695.70752,664.104309,0.002811,0.00279
623,4,0,0,300.6434,91.0,14.1,0.007902098,75.9936951765756,6.509399414,0.0,-0.008628387,-0.338398218,2.163398218,9292.972344,701.676208,666.968628,0.002705,0.002832
624,4,0,0,301.0507,90.0,14.2,0.008010607,76.0231718158288,6.553344727,0.0,-0.015531097,-0.250764132,2.075764132,9307.145004,699.851501,663.611877,0.002821,0.002913
625,4,0,0,301.5954,89.0,14.2,0.00810065,76.065053167335,6.509399414,0.0,-0.013997162,-0.188172579,2.013172579,9324.883729,698.945313,658.258484,0.003257,0.003288
626,4,0,0,302.1422,89.0,14.0,0.008148626,76.0909199604078,6.509399414,0.0,0.008436646,-0.175068617,2.000068617,9339.802197,740.015015,669.38501,0.003282,0.003355
627,4,0,0,302.6909,88.0,14.0,0.008176849,76.1169776533914,6.421508789,0.0,0.009203613,-0.173216581,1.998216581,9356.870087,738.009216,669.655884,0.00338,0.003484
628,4,0,0,302.5536,87.0,14.1,0.008185262,76.143335005483,6.641235352,0.0,-0.012463226,-0.145172834,1.970172834,9372.532965,0.0,0.0,0.0,0.0
629,4,0,0,302.2792,88.0,14.1,0.008198974,76.1906175112434,6.685180664,0.0,-0.000959,-0.120397329,1.945397329,9389.640221,758.627075,668.708801,0.003148,0.00324
630,4,0,0,302.0053,89.0,14.2,0.008234762,76.2357587418536,6.817016602,0.0,0.0,-0.098490477,1.923490477,9405.342834,783.839111,673.651306,0.003107,0.003255
631,4,0,0,301.8686,88.0,14.2,0.008303726,76.3076294361502,7.168579102,0.0,0.012271484,-0.068822145,1.893822145,9422.496326,688.232178,660.054993,0.003082,0.003093
632,4,0,0,301.8686,87.0,14.0,0.008374766,76.3900315065662,7.344360352,0.0,0.00690271,-0.014953375,1.839953375,9437.529007,657.068115,654.664917,0.002702,0.00269
633,4,0,0,302.1422,87.0,14.0,0.008450426,76.4884908151124,7.344360352,0.0,0.014572388,0.07134366,1.75365634,9454.740886,680.17749,679.894592,0.002587,0.002599
634,4,0,0,302.4163,87.0,13.8,0.008501236,76.577460505508,7.388305664,0.0,-0.008628387,0.169213057,1.655786943,9469.827807,0.0,0.0,0.0,0.0
635,4,0,0,302.6909,86.0,13.8,0.008542443,76.6782559159048,7.300415039,0.0,-0.039307098,0.263840437,1.561159563,9487.823814,711.296997,659.627075,0.002863,0.002897
636,4,0,0,303.2417,86.0,13.6,0.008572889,76.7574465000706,7.256469727,0.0,-0.027035614,0.257292509,1.567707491,9502.971251,716.771179,668.330322,0.003107,0.003211
637,4,0,0,304.0715,84.0,13.6,0.008611411,76.8460352435948,7.300415039,0.0,-0.023200775,0.125949621,1.699050379,9520.311126,664.74762,660.219299,0.002916,0.002879
638,4,0,0,304.2103,85.0,13.4,0.008657924,76.9283593575812,7.388305664,0.0,-0.008628387,-0.066546202,1.891546202,9536.233247,690.405518,654.732727,0.002907,0.002879
639,4,0,0,304.9059,86.0,13.4,0.008738925,77.029207876198,7.432250977,0.0,0.013038452,-0.332119703,2.157119703,9553.618514,658.292603,658.094177,0.00302,0.003014
640,4,0,0,305.6048,85.0,13.3,0.008840055,77.1192656091808,7.476196289,0.0,0.003067871,-0.538254976,2.363254976,9568.839258,617.539124,664.207092,0.002699,0.002672
641,4,0,0,306.1662,83.0,13.3,0.008982404,77.2259826987614,7.608032227,0.0,0.021475098,-0.759959459,2.584959459,9586.238218,702.535706,693.19751,0.003073,0.003093
642,4,0,0,306.8708,83.0,13.2,0.009110353,77.3332614158152,7.959594727,0.0,0.080531616,-0.899780989,2.724780989,9601.463202,701.274109,687.588501,0.003528,0.003588
643,4,0,0,307.2952,82.0,13.2,0.009236711,77.491428831608,8.355102539,0.0,0.079764648,-0.811437845,2.636437845,9619.57165,689.355591,690.94873,0.003992,0.003979
644,4,0,0,307.2952,82.0,13.4,0.009316333,77.6327774373958,8.091430664,0.0,0.0,-0.474648714,2.299648714,9634.678874,687.752014,652.251892,0.003502,0.003416
645,4,0,0,307.5787,83.0,13.4,0.009358062,77.7839055195616,8.047485352,0.0,-0.066917938,-0.011719942,1.836719942,9651.810346,695.495789,676.565918,0.003781,0.00365
646,4,0,0,307.7207,83.0,13.5,0.009348005,77.9079290169804,8.047485352,0.0,-0.112169037,0.238631487,1.586368513,9667.389551,704.701782,670.922974,0.003768,0.003774
647,4,0,0,308.0051,83.0,13.5,0.009300173,78.0463167429428,8.091430664,0.0,-0.044675873,0.158769369,1.666230631,9684.250081,717.113403,687.09082,0.003927,0.003955
648,4,0,0,308.4325,83.0,13.7,0.009253256,78.1792252938478,8.091430664,0.0,0.026843872,-0.118024588,1.943024588,9698.88877,731.291321,850.668213,0.003726,0.003771
649,4,0,0,309.1477,83.0,13.7,0.009219717,78.2408495617654,6.992797852,0.0,0.063658325,-0.382301092,2.207301092,9715.489803,722.215881,676.444885,0.003766,0.003797
650,4,0,0,309.4347,83.0,13.5,0.009204812,78.278864490015,6.860961914,0.0,0.043717163,-0.508132219,2.333132219,9730.58739,710.514771,670.656799,0.003522,0.003509
651,4,0,0,309.5784,83.0,13.5,0.009184064,78.3017458608274,6.465454102,0.0,-0.034705292,-0.472949743,2.297949743,9746.92757,694.272827,674.045288,0.003865,0.003862
652,4,0,0,310.0102,81.0,13.6,0.009158423,78.3014121963652,6.817016602,0.0,-0.050811615,-0.398394346,2.223394346,9761.115007,705.41803,675.7146,0.003591,0.003681
653,4,0,0,310.5879,81.0,13.6,0.009127113,78.3061991138216,5.012512207,0.0,0.023009033,-0.456558943,2.281558943,9777.871864,704.964417,681.312805,0.004164,0.004047
654,4,0,0,311.3131,83.0,14.1,0.009100804,77.7674306737948,0.0,2.792358398,0.012271484,-0.507482767,2.332482767,9791.174106,748.692993,848.160095,0.003956,0.003852
655,4,0,0,311.8957,85.0,14.1,0.009070738,77.1167468150534,0.0,0.0,0.017640259,-0.511813879,2.336813879,9807.673837,698.158386,678.585083,0.003872,0.003836
656,4,0,0,312.627,88.0,14.5,0.009040381,76.566197861386,0.0,0.0,0.019941162,-0.49728179,2.32228179,9821.424653,701.01532,673.392029,0.003767,0.003712
657,4,0,0,313.0674,90.0,14.5,0.008997837,75.9257359348688,0.0,0.0,0.009203613,-0.397417784,2.222417784,9837.061123,716.358093,659.900208,0.003286,0.003262
658,4,0,0,313.6566,90.0,14.8,0.008953797,75.365599322058,0.0,0.0,-0.012463226,-0.259690046,2.084690046,9851.393977,735.500122,826.369019,0.003304,0.003316
659,4,0,0,313.3617,90.0,14.8,0.008902444,74.7551755496134,0.0,0.0,-0.027035614,-0.127545118,1.952545118,9867.035182,734.523315,502.722107,0.0,0.003857
660,4,0,0,313.0674,89.0,15.1,0.008863474,74.2052480908672,0.0,0.0,-0.02166684,-0.088096857,1.913096857,9880.724952,705.122009,658.664917,0.003126,0.003216
661,4,0,0,313.3617,88.0,15.1,0.008820605,73.6045745530928,0.0,0.0,0.00690271,-0.128217459,1.953217459,9897.028255,699.177612,657.141602,0.003031,0.003167
662,4,0,0,314.248,88.0,15.4,0.008772428,73.0820370150756,0.0,0.0,0.001533936,-0.167831659,1.992831659,9910.076248,685.843323,657.293396,0.002968,0.003
663,4,0,0,314.693,88.0,15.4,0.008695726,72.4747459355948,0.0,0.0,0.00690271,-0.202429533,2.027429533,9926.391706,688.783875,657.355225,0.003021,0.002985
664,4,0,0,314.693,89.0,15.4,0.008608428,71.9607122627914,0.0,0.0,0.019941162,-0.216875315,2.041875315,9940.101985,718.769592,813.229797,0.00301,0.003064
665,4,0,0,314.693,89.0,15.4,0.008485401,71.3635590918934,0.0,0.0,0.010737549,-0.18423152,2.00923152,9955.776234,698.811279,657.3125,0.003004,0.003028
666,4,0,0,314.693,89.0,15.3,0.008353091,70.8408375741274,0.0,0.0,0.012271484,-0.112365961,1.937365961,9970.149282,673.318726,662.401184,0.003035,0.003102
667,4,0,0,314.8416,87.0,15.3,0.008176517,70.3520942449022,5.188293457,0.0,0.0,-0.003311872,1.828311872,9985.834107,724.538818,846.20813,0.003361,0.003551
668,4,0,0,315.2883,86.0,15.0,0.008017578,70.3595153783508,5.495910645,0.0,-0.037773163,0.109544039,1.715455961,10000.21624,624.351624,659.030701,0.003245,0.003308
669,4,0,0,316.1855,85.0,15.0,0.007853274,70.3847819680706,5.58380127,0.0,-0.053879486,0.160494566,1.664505434,10015.91081,765.946411,667.492004,0.003045,0.003192
670,4,0,0,316.3356,86.0,14.7,0.007727463,70.4064877803866,5.58380127,0.0,-0.02856955,0.074517012,1.750482988,10029.64895,0.0,0.0,0.0,0.0
671,4,0,0,316.6361,85.0,14.7,0.007593354,70.4334572449472,5.58380127,0.0,0.049085938,-0.139033556,1.964033556,10045.35562,695.445984,664.187927,0.002925,0.002966
672,4,0,0,317.0879,84.0,14.1,0.007480319,70.455625613766,5.58380127,0.0,0.071328003,-0.277275324,2.102275324,10059.10397,644.86731,661.418518,0.003016,0.003034
673,4,0,0,317.0879,84.0,14.1,0.007364954,70.480758274211,5.58380127,0.0,0.003067871,-0.241595507,2.066595507,10075.47715,0.0,0.0,0.0,0.0
674,4,0,0,317.3898,85.0,13.6,0.0072846,70.5045485358818,5.58380127,0.0,-0.027035614,-0.15985322,1.98485322,10089.23563,663.30481,656.898804,0.003146,0.0032
675,4,0,0,317.6923,85.0,13.6,0.007220355,70.5310758342774,5.58380127,0.0,-0.019365936,-0.154854059,1.979854059,10104.96507,688.470886,660.553101,0.002911,0.003007
676,4,0,0,317.9954,86.0,12.9,0.007186495,70.5537521751738,5.58380127,0.0,0.003834839,-0.20410037,2.02910037,10119.38933,675.726501,644.191528,0.002774,0.002839
677,4,0,0,318.9081,86.0,12.9,0.007162961,70.5798249959534,5.58380127,0.0,0.039882324,-0.238913774,2.063913774,10135.13225,658.341125,663.274414,0.002782,0.002715
678,4,0,0,319.3664,87.0,12.5,0.007145693,70.6023122233064,5.627746582,0.0,0.029144775,-0.164324522,1.989324522,10148.91168,700.841614,660.014709,0.0032,0.003306
679,4,0,0,319.826,86.0,12.5,0.007133806,70.6299636778788,5.627746582,0.0,-0.010162323,0.019242525,1.805757475,10164.66444,0.0,0.0,0.0,0.0
680,4,0,0,320.595,86.0,11.8,0.007140866,70.653598010597,5.627746582,0.0,-0.040074066,0.199486017,1.625513983,10178.45279,0.0,0.0,0.0,0.0
681,4,0,0,321.2129,86.0,11.8,0.007174203,70.67970947163,5.627746582,0.0,-0.015531097,0.314628363,1.510371637,10194.87485,704.109924,668.847107,0.003462,0.003419
682,4,0,0,321.6779,87.0,11.6,0.007226003,70.7039979366846,5.627746582,0.0,-0.005560516,0.316247225,1.508752775,10208.67749,713.186707,530.181519,0.002626,0.002536
683,4,0,0,321.5227,87.0,11.6,0.007305101,70.7328192526898,5.627746582,0.0,0.001533936,0.293573618,1.531426382,10224.46607,705.521912,638.560303,0.002671,0.00269
684,4,0,0,322.6119,87.0,11.6,0.00737728,70.7570984801328,5.627746582,0.0,-0.003259613,0.269131899,1.555868101,10238.29427,0.0,0.0,0.0,0.0
685,4,0,0,322.7681,85.0,11.6,0.0074415,70.7846564159578,5.627746582,0.0,-0.001725677,0.215088129,1.609911871,10254.11457,680.406189,644.403076,0.00292,0.002948
686,4,0,0,323.8657,85.0,11.6,0.007465065,70.8101055531138,5.715637207,0.0,0.012271484,0.162244081,1.662755919,10268.63428,691.437073,677.031677,0.002959,0.002905
687,4,0,0,323.8657,86.0,11.6,0.007449251,70.8419275801094,5.715637207,0.0,0.012271484,0.133538008,1.691461992,10282.51018,677.95752,658.828003,0.002715,0.002688
688,4,0,0,324.8124,87.0,12.0,0.007392772,70.867627355877,5.58380127,0.0,-0.004793549,0.143465281,1.681534719,10299.04959,696.322327,660.265625,0.003195,0.003174
689,4,0,0,325.2879,87.0,12.0,0.00733385,70.889148818296,5.627746582,0.0,-0.008628387,0.154426813,1.670573187,10312.96004,0.0,0.0,0.0,0.0
690,4,0,0,325.2879,87.0,12.3,0.00728026,70.9154789564482,5.715637207,0.0,0.019941162,0.150975943,1.674024057,10328.87803,705.820129,665.520874,0.003011,0.003066
691,4,0,0,326.243,89.0,12.3,0.007250091,70.9458154660634,5.75958252,0.0,0.010737549,0.175302744,1.649697256,10342.82453,702.257385,654.341797,0.002702,0.00279
692,4,0,0,326.8828,87.0,12.8,0.007228454,70.9916422272334,5.982055664,0.0,0.008436646,0.247731447,1.577268553,10358.78269,717.748901,804.620178,0.002869,0.002858
693,4,0,0,327.3644,85.0,12.8,0.007213887,71.057020119767,6.113891602,0.0,0.014572388,0.322967768,1.502032232,10373.4295,694.868713,733.402527,0.002584,0.00267
694,4,0,0,327.5252,84.0,13.1,0.007204242,71.1326024992792,6.157836914,0.0,-0.020132904,0.44043231,1.38456769,10389.43248,689.945313,669.769409,0.003162,0.003081
695,4,0,0,328.1701,84.0,13.1,0.007212588,71.2030123312842,6.333618164,0.0,-0.048510712,0.512265921,1.312734079,10403.46483,717.237305,662.886108,0.003373,0.003369
696,4,0,0,328.6555,84.0,13.5,0.007249456,71.3008434661482,6.377563477,0.0,-0.008628387,0.47900033,1.34599967,10420.21271,718.960083,525.8927,0.003408,0.003355
697,4,0,0,328.9798,84.0,13.5,0.007300585,71.3871255426504,6.377563477,0.0,-0.008628387,0.391223669,1.433776331,10434.31664,697.857788,661.552429,0.003304,0.003293
698,4,0,0,329.4676,86.0,13.7,0.007364746,71.4839157724958,6.377563477,0.0,-0.008628387,0.263748884,1.561251116,10450.47405,701.617188,669.015686,0.003392,0.003369
699,4,0,0,329.7935,87.0,13.7,0.007411924,71.5740849200868,6.465454102,0.0,0.003067871,0.128453016,1.696546984,10464.64499,714.259888,671.83313,0.003291,0.003288
700,4,0,0,328.4935,87.0,14.1,0.007448834,71.6761930208414,6.509399414,0.0,0.023776001,-0.008393526,1.833393526,10480.87807,722.744202,822.702087,0.003114,0.003062
701,4,0,0,329.6305,86.0,14.1,0.007471329,71.7619180725828,6.421508789,0.0,0.018407227,-0.080801725,1.905801725,10495.79335,738.56073,825.098877,0.003216,0.003284
702,4,0,0,329.6305,85.0,14.2,0.007492765,71.8569257974442,6.421508789,0.0,-0.004793549,-0.094736338,1.919736338,10512.10187,703.07373,679.478577,0.003822,0.003674
703,4,0,0,330.4474,85.0,14.2,0.007507296,71.9531690930906,6.685180664,0.0,0.0,-0.10454154,1.92954154,10527.08494,706.356323,669.052917,0.003733,0.003736
704,4,0,0,330.9395,87.0,14.3,0.00751675,72.0994999419306,7.520141602,0.0,0.003067871,-0.114217997,1.939217997,10543.46715,695.218506,668.275574,0.003265,0.003309
705,4,0,0,331.598,88.0,14.3,0.007519748,72.2706205652352,7.564086914,0.0,-0.001725677,-0.107390642,1.932390642,10557.8337,0.0,0.0,0.0,0.0
706,4,0,0,332.259,88.0,14.3,0.007521794,72.4773034182558,7.608032227,0.0,0.014572388,-0.098659277,1.923659277,10574.97539,688.975525,663.902893,0.003054,0.002984
707,4,0,0,332.4247,88.0,14.3,0.007532213,72.651252842852,7.564086914,0.0,0.012271484,-0.061599493,1.886599493,10588.71855,710.098083,676.594788,0.003383,0.003376
708,4,0,0,332.9227,88.0,14.1,0.00757033,72.8469582107052,7.564086914,0.0,-0.02166684,0.022957087,1.802042913,10605.93416,698.17749,679.680115,0.003161,0.003215
709,4,0,0,333.4222,88.0,14.1,0.007636976,73.0134950957284,7.564086914,0.0,-0.010929291,0.074547529,1.750452471,10620.42618,693.369385,649.998779,0.00297,0.003012
710,4,0,0,333.7561,88.0,14.2,0.007752025,73.205700728444,7.564086914,0.0,-0.001725677,0.090784311,1.734215689,10637.00153,676.35791,571.311218,0.002967,0.002976
711,4,0,0,334.4258,88.0,14.2,0.007871932,73.3679632708008,7.520141602,0.0,-0.001725677,0.084328413,1.740671587,10652.14789,606.81781,673.308411,0.002856,0.002845
712,4,0,0,334.7616,86.0,14.0,0.0079986,73.557625808355,7.520141602,0.0,-0.005560516,0.06502986,1.75997014,10668.55878,653.944275,668.272217,0.002969,0.002924
713,4,0,0,334.7616,84.0,14.0,0.008077925,73.723361113311,7.651977539,0.0,0.009203613,0.029730558,1.795269442,10682.86753,634.831726,650.574707,0.002946,0.002935
714,4,0,0,334.5936,83.0,13.8,0.008130656,73.9119197884658,7.651977539,0.0,0.009203613,0.012927294,1.812072706,10699.85789,663.830872,666.453613,0.002846,0.002895
715,4,0,0,335.0982,81.0,13.8,0.008157473,74.0775335882518,7.651977539,0.0,0.005368774,0.026994944,1.798005056,10713.41905,654.613403,638.479126,0.002746,0.002748
716,4,0,0,335.7733,80.0,13.3,0.008180954,74.2709607100274,7.651977539,0.0,-0.034705292,0.064839602,1.760160398,10730.33456,640.830383,668.79541,0.002969,0.002947
717,4,0,0,335.0982,80.0,13.3,0.008203276,74.431836999095,7.739868164,0.0,-0.015531097,0.03982091,1.78517909,10744.5131,0.0,0.0,0.0,0.0
718,4,0,0,331.9282,80.0,13.2,0.008235433,74.5999576517056,6.377563477,0.0,0.030678711,-0.075253725,1.900253725,10760.68345,0.0,0.0,0.0,0.0
719,4,0,0,327.5252,79.0,13.2,0.008261932,74.578571550874,3.913879395,0.0,0.030678711,-0.114923239,1.939923239,10775.47488,744.540588,841.684387,0.003511,0.003517
720,4,0,0,322.6119,80.0,12.8,0.008274646,73.91136075203,2.241210938,0.0,0.018407227,-0.023828745,1.848828745,10791.57715,699.25592,667.453674,0.004048,0.00411
721,4,0,0,317.2388,82.0,12.8,0.008264805,73.6257364245822,3.606262207,0.0,-0.046976776,0.145665884,1.679334116,10805.6418,690.814819,678.200989,0.003945,0.003854
722,4,0,0,312.4805,83.0,12.7,0.008237183,73.3919719681898,3.782043457,0.0,-0.016298065,0.222346544,1.602653456,10821.701,0.0,0.0,0.0,0.0
723,4,0,0,311.6041,83.0,12.7,0.008208944,73.2132289151894,4.089660645,0.0,0.023009033,0.167379618,1.657620382,10836.41295,691.488586,710.203125,0.0,0.003394
724,4,0,0,312.627,82.0,12.3,0.008183192,73.0210802531098,4.045715332,0.0,0.003834839,0.163628817,1.661371183,10852.44891,0.0,0.0,0.0,0.0
725,4,0,0,314.248,83.0,12.3,0.008179267,72.8516486321352,4.045715332,0.0,0.010737549,0.181265116,1.643734884,10866.45673,704.859314,666.131897,0.003405,0.003467
726,4,0,0,315.5868,84.0,12.3,0.008204155,72.660881685006,4.089660645,0.0,0.013038452,0.237243891,1.587756109,10883.09746,723.329102,662.355286,0.003236,0.003289
727,4,0,0,316.7865,85.0,12.3,0.008239973,72.4942977106944,4.00177002,0.0,0.003834839,0.336158991,1.488841009,10897.0557,701.309692,667.033386,0.003449,0.00339
728,4,0,0,315.4375,86.0,12.3,0.008266313,72.323453700749,4.485168457,0.0,-0.030870453,0.443830729,1.381169271,10913.00521,708.303406,667.318298,0.003642,0.003652
729,4,0,0,308.7182,86.0,12.3,0.008252095,72.2613937040264,5.100402832,0.0,-0.003259613,0.381415129,1.443584871,10926.95977,705.270996,661.328674,0.003293,0.00328
730,4,0,0,300.2372,86.0,12.3,0.008188272,72.19855628343,4.748840332,0.0,0.005368774,0.253197908,1.571802092,10942.90673,723.339478,798.27771,0.003666,0.00371
731,4,0,0,293.109,88.0,12.3,0.008113337,72.106513059409,3.957824707,0.0,0.045251099,0.193345308,1.631654692,10957.52404,693.566101,739.618103,0.004159,0.004287
732,4,0,0,290.6808,89.0,12.5,0.008039707,71.89971954817,4.045715332,0.0,-0.041608002,0.349256277,1.475743723,10973.46925,699.023193,696.864197,0.00424,0.004333
733,4,0,0,289.7963,90.0,12.5,0.008000637,71.782621233892,5.320129395,0.0,-0.033938324,0.381542444,1.443457556,10987.42105,713.816528,680.566528,0.003866,0.00393
734,4,0,0,289.1678,91.0,12.8,0.007990149,71.7761707255842,5.451965332,0.0,0.001533936,0.200146914,1.624853086,11004.03109,0.0,0.0,0.0,0.0
735,4,0,0,288.2924,93.0,12.8,0.008010236,71.7682641025378,5.58380127,0.0,0.029144775,0.003651857,1.821348143,11017.98379,703.042603,676.516479,0.003568,0.003663
736,4,0,0,287.6704,93.0,13.0,0.008050432,71.760440988144,5.451965332,0.0,0.02761084,-0.105402708,1.930402708,11033.92968,0.0,0.0,0.0,0.0
737,4,0,0,285.2091,93.0,13.0,0.008076349,71.756548155618,5.40802002,0.0,-0.016298065,-0.015048265,1.840048265,11047.8821,0.0,0.0,0.0,0.0
738,4,0,0,284.1151,93.0,12.9,0.008079389,71.7576618510848,5.58380127,0.0,-0.030103485,0.079973459,1.745026541,11063.82692,701.446594,657.791626,0.003034,0.003037
739,4,0,0,283.9941,93.0,12.9,0.008066347,71.7606093733882,5.539855957,0.0,-0.003259613,0.042871237,1.782128763,11078.42703,707.274414,652.3302,0.002933,0.00304
740,4,0,0,284.1151,92.0,13.1,0.00804548,71.7593815757154,5.58380127,0.0,0.02761084,-0.064761877,1.889761877,11094.33799,707.852783,653.495605,0.003228,0.003341
741,4,0,0,280.4105,91.0,13.1,0.008022795,71.7569952946436,5.40802002,0.0,0.012271484,-0.079896688,1.904896688,11108.90543,702.66333,650.185608,0.002916,0.003019
742,4,0,0,273.6203,91.0,13.0,0.007990258,71.670830362,4.35333252,0.0,-0.000959,-0.00347352,1.82847352,11124.6974,710.460083,651.670776,0.003216,0.003252
743,4,0,0,263.9776,91.0,13.0,0.007956948,71.5900199610308,4.968566895,0.0,-0.000959,0.062150717,1.762849283,11138.40918,702.348389,656.077698,0.0033,0.00343
744,4,0,0,254.894,89.0,13.2,0.007913226,71.2754037919114,0.0,12.60681152,-0.000959,0.131915331,1.693084669,11154.60459,710.925415,661.477478,0.003686,0.003788
745,4,0,0,248.7129,87.0,13.2,0.007871105,70.5977172357384,0.0,4.843139648,-0.008628387,0.186710596,1.638289404,11167.46133,700.690796,655.239014,0.00358,0.003653
746,4,0,0,247.1455,85.0,13.1,0.007828746,69.8241130660548,0.0,262.9486084,-0.013997162,0.213694129,1.611305871,11182.967,692.935608,651.255005,0.004032,0.00415
747,4,0,0,246.4147,83.0,13.1,0.007810611,69.125036659288,0.0,261.9232178,-0.016298065,0.172764334,1.652235666,11194.92626,704.818481,678.033203,0.003967,0.004052
748,4,0,0,244.6064,82.0,13.3,0.007824984,62.31131688969,0.0,261.630249,0.018407227,0.053695427,1.771304573,11206.66742,699.735291,651.762878,0.003823,0.00379
749,4,0,0,241.4176,79.0,13.3,0.007868757,51.4668964757354,0.0,261.630249,0.014572388,-0.003564507,1.828564507,11214.81749,619.62262,670.136414,0.003614,0.00369
750,4,0,0,238.1406,79.0,13.4,0.00793986,30.5492653127106,0.0,261.630249,0.003067871,0.008646871,1.816353129,11219.84554,,,,
751,4,0,0,238.3961,80.0,13.4,0.00793986,30.5492653127106,0.0,261.630249,0.003067871,0.008646871,1.816353129,11219.84554,,,,
752,4,0,0,236.9556,80.0,13.6,0.00793986,30.5492653127106,0.0,261.630249,0.003067871,0.008646871,1.816353129,11219.84554,,,,
