Time,Drive,Stimulus,Failure,Palm.EDA,Heart.Rate,Breathing.Rate,Perinasal.Perspiration,Speed,Acceleration,Brake,Steering,LaneOffset,Lane.Position,Distance,Gaze.X.Pos,Gaze.Y.Pos,Lft.Pupil.Diameter,Rt.Pupil.Diameter
1,4,0,0,60.4339,0,17.8,0.005880313,-0.02244273232068,0.0,263.5345459,-0.000192,-0.099999666,1.924999666,8.27084e-06,708.362915,773.80127,0.0,0.006175
2,4,0,0,60.9711,0,17.8,0.005733028,-0.02560205986148,0.0,263.5345459,-0.000192,-0.099999666,1.924999666,2.46661e-05,695.24292,721.385315,0.0,0.006385
3,4,0,0,60.5129,0,18.1,0.005587614,-0.02595542908264,0.0,263.5345459,0.039882324,-0.10000062,1.92500062,4.64748e-05,0.0,0.0,0.0,0.0
4,4,0,0,61.3143,0,18.1,0.005482382,-0.00456626406768,0.0,263.3880615,0.032212646,-0.099994898,1.924994898,6.55802e-05,780.918518,817.454102,0.0,0.006824
5,4,0,0,61.1524,0,18.4,0.005385977,0.68295429775054,0.0,264.7064209,0.029144775,-0.099937677,1.924937677,0.001031328,0.0,0.0,0.0,0.0
6,4,0,0,56.6617,0,18.4,0.00532148,0.73942296772982,0.0,4.403686523,0.036047485,-0.099649191,1.924649191,0.00419673,1279.828003,796.910889,0.0,0.008726
7,4,0,0,57.7214,0,18.4,0.005271636,10.3672519890916,25.81787109,0.0,0.02761084,-0.097785711,1.922785711,0.107914865,726.606506,756.682312,0.0,0.006936
8,4,0,0,57.7934,0,18.4,0.005246471,21.1754878254588,31.66809082,0.0,0.026843872,-0.085387945,1.910387945,0.266992973,655.847412,703.7901,0.008548,0.006097
9,4,0,0,58.2479,60,18.0,0.005227795,31.2182072785926,34.61517334,0.0,-0.012463226,-0.03717494,1.86217494,0.80204984,743.780212,738.960571,0.005458,0.005564
10,4,0,0,59.5401,76,18.0,0.005213935,39.5947518435554,37.16674805,0.0,-0.02166684,0.008915663,1.816084337,2.994097763,714.630005,949.718628,0.007165,0.005786
11,4,0,0,60.4734,87,18.0,0.005203202,46.3855075383584,40.06988525,0.0,-0.015531097,0.012484312,1.812515688,7.443160543,735.256897,780.690796,0.0,0.006004
12,4,0,0,61.1524,91,18.0,0.005200093,51.2512366598212,40.42144775,0.0,-0.001725677,-0.027229548,1.852229548,12.76150608,768.981995,820.2677,0.005759,0.005847
13,4,0,0,61.6614,93,18.3,0.005201116,56.7712186733434,42.00622559,0.0,0.00690271,-0.089599848,1.914599848,20.69756101,783.271301,805.30011,0.005691,0.005621
14,4,0,0,62.0748,94,18.3,0.005203984,61.4710904375046,41.52282715,0.0,0.010737549,-0.133201361,1.958201361,28.25855766,742.207092,664.536499,0.005539,0.005509
15,4,0,0,62.5148,95,18.9,0.005205865,66.7823269069282,40.42144775,0.0,-0.000959,-0.136470079,1.961470079,38.79273023,783.218201,802.220093,0.005603,0.005463
16,4,0,0,62.7266,95,18.9,0.005202721,70.807950936535,13.01879883,0.0,-0.000959,-0.134962797,1.959962797,48.43415615,667.64447,692.724121,0.005508,0.005843
17,4,0,0,63.1114,95,19.4,0.005194504,70.2284990089508,0.0,200.9857178,-0.000959,-0.138782263,1.963782263,60.31644807,740.290894,808.819214,0.0,0.005514
18,4,0,0,63.5009,96,19.4,0.0051856,69.562151106028,0.0,29.45251465,0.0,-0.147270918,1.972270918,71.46201323,735.412292,778.682678,0.0,0.0057
19,4,0,0,63.7194,96,19.6,0.005173173,69.7298713226598,11.83227539,0.0,0.00690271,-0.157308817,1.982308817,85.04308145,660.956299,751.088501,0.005784,0.006229
20,4,0,0,63.7633,96,19.6,0.005157982,70.070669795959,5.58380127,0.0,0.00690271,-0.142081499,1.967081499,98.27069961,731.089111,651.577698,0.005507,0.00565
21,4,0,0,63.8953,96,19.7,0.005135475,70.091739355706,5.58380127,0.0,0.003834839,-0.088839293,1.913839293,113.52679,709.892578,658.314392,0.0,0.005838
22,4,0,0,63.2407,96,19.7,0.005116921,70.1052305012062,5.320129395,0.0,0.0,-0.016296625,1.841296625,127.2811028,781.450073,704.505127,0.005889,0.006014
23,4,0,0,63.8513,96,20.1,0.005104782,69.6809483039836,0.0,0.0,-0.000959,0.074929953,1.750070047,142.9037502,754.333313,825.57251,0.005593,0.005671
24,4,0,0,64.2946,0,20.1,0.005102728,69.0187370646902,0.0,0.0,-0.001725677,0.148467779,1.676532221,157.1125426,744.91803,660.200806,0.005479,0.005782
25,4,0,0,63.8073,61,20.5,0.005104386,68.4987932033906,5.671691895,0.0,-0.007094452,0.218041658,1.606958342,172.5308682,708.638672,668.917419,0.005564,0.005667
26,4,0,0,63.8953,76,20.5,0.005104692,68.6002640055052,5.671691895,0.0,-0.007094452,0.254039526,1.570960474,186.1116288,729.983704,664.625,0.007841,0.005794
27,4,0,0,59.6744,85,20.9,0.005103513,68.674127915672,5.58380127,0.0,-0.004793549,0.260362387,1.564637613,201.6819374,706.753784,686.917725,0.005541,0.005837
28,4,0,0,57.8115,90,20.9,0.005103974,68.7344595295148,5.58380127,0.0,-0.003259613,0.241645098,1.583354902,215.3093476,834.223877,660.986328,0.0,0.008788
29,4,0,0,59.4636,92,21.5,0.005108326,68.8028364754186,5.58380127,0.0,0.0,0.204057932,1.620942068,230.8861043,707.432495,660.011108,0.005642,0.005551
30,4,0,0,60.831,93,21.5,0.00511501,68.8610392060292,5.58380127,0.0,0.0,0.170360804,1.654639196,244.515731,709.95282,668.118103,0.0,0.006569
31,4,0,0,61.6204,93,21.7,0.005121542,68.9269845518468,5.58380127,0.0,0.0,0.131812334,1.693187666,260.6545825,0.0,0.0,0.0,0.0
32,4,0,0,62.2208,93,21.7,0.005119571,68.9831048286842,5.58380127,0.0,0.0,0.098053217,1.726946783,274.1048211,670.012695,650.900024,0.005655,0.005707
33,4,0,0,62.5994,93,21.6,0.00510253,68.4351346331526,0.0,24.61853027,0.0,0.059557676,1.765442324,289.3616843,770.784485,817.010925,0.005501,0.005523
34,4,0,0,62.9826,93,21.6,0.005073959,67.7865693256806,0.0,252.1087646,0.0,0.026203394,1.798796606,302.685365,776.09021,642.754211,0.005509,0.0
35,4,0,0,63.414,93,21.3,0.005030545,67.045025461873,0.0,199.6673584,0.008436646,-0.01142478,1.83642478,317.92948,781.969971,805.478577,0.005463,0.005506
36,4,0,0,63.7633,93,21.3,0.00499163,66.4100419862102,0.0,117.9290771,0.008436646,-0.027590036,1.852590036,331.2785199,754.102112,811.592102,0.005421,0.005469
37,4,0,0,64.0943,93,21.0,0.004957744,66.6407990367578,15.30670166,0.0,0.008436646,0.00036,1.824640226,346.5454618,767.398071,800.890808,0.005232,0.005223
38,4,0,0,64.384,93,21.0,0.004944025,67.9327483654784,15.87799072,0.0,-0.000959,0.058265924,1.766734076,360.5502225,746.800598,649.605713,0.00547,0.005475
39,4,0,0,64.3617,93,20.7,0.004947541,69.2851463070598,14.3371582,0.0,-0.004793549,0.130344152,1.694655848,375.8389855,776.86261,814.38739,0.005918,0.005615
40,4,0,0,64.5186,93,20.7,0.004961893,70.2914765386876,14.07348633,0.0,-0.003259613,0.17672801,1.64827199,389.2258108,694.226074,658.045715,0.0,0.005619
41,4,0,0,64.9942,92,20.4,0.004980146,71.4173530194806,14.07348633,0.0,-0.001725677,0.21296525,1.61203475,404.5353601,714.840088,672.590881,0.0,0.005354
42,4,0,0,65.2231,92,20.4,0.004989272,72.3699763888152,14.16137695,0.0,-0.000959,0.235875368,1.589124632,417.9401261,0.0,0.0,0.0,0.0
43,4,0,0,65.2921,92,20.2,0.004986418,73.4489395464438,14.24926758,0.0,-0.000959,0.25368619,1.57131381,433.9034686,735.561523,638.178528,0.005386,0.005357
44,4,0,0,65.1084,92,20.2,0.004973012,74.3657253762686,14.29321289,0.0,-0.000959,0.264093637,1.560906363,446.6077429,743.582886,677.136902,0.00535,0.005339
45,4,0,0,64.25,92,20.0,0.004949705,75.3158159502178,8.885192871,0.0,-0.000959,0.270014048,1.554985952,462.3662985,761.43573,622.079102,0.005417,0.005266
46,4,0,0,64.7216,92,20.0,0.004927348,75.4412972682756,7.300415039,0.0,-0.000959,0.269954443,1.555045557,475.4997226,769.392517,824.327393,0.005916,0.005348
47,4,0,0,65.4074,93,19.8,0.004906892,75.5954051561052,6.904907227,0.0,-0.000959,0.264361143,1.560638857,490.3943,743.748108,623.915283,0.005555,0.005504
48,4,0,0,65.6625,93,19.8,0.004897871,75.6597557264498,6.641235352,0.0,-0.000959,0.254622221,1.570377779,503.3271875,750.228821,731.280518,0.005161,0.005401
49,4,0,0,66.0371,93,19.6,0.004898102,75.3572373845388,0.0,0.0,-0.000959,0.238089323,1.586910677,518.0447213,782.217407,795.632019,0.005448,0.005333
50,4,0,0,66.3922,93,19.6,0.004905475,74.6367570937334,0.0,0.0,-0.000959,0.218338251,1.606661749,531.700594,767.737305,614.628906,0.005302,0.005403
51,4,0,0,66.5832,94,19.7,0.004917232,73.815518761406,0.0,0.0,-0.000959,0.188970804,1.636029196,546.8343047,752.736511,662.381409,0.0,0.005824
52,4,0,0,66.9201,95,19.7,0.004925293,73.0940045823044,0.0,0.0,-0.000959,0.156213522,1.668786478,560.2614943,809.836487,657.112122,0.005588,0.0
53,4,0,0,67.1141,95,19.9,0.004931062,72.290906086721,0.0,0.0,-0.000959,0.113451242,1.711548758,575.792911,739.726379,672.722107,0.005387,0.005679
54,4,0,0,67.2848,95,19.9,0.004936208,71.6193796978264,0.0,0.0,-0.000959,0.072092772,1.752907228,590.1965764,666.912476,706.845825,0.0,0.006247
55,4,0,0,67.5794,95,20.0,0.004943502,70.8339439340506,0.0,0.0,-0.000959,0.016969919,1.808030081,606.0873697,675.992188,660.536987,0.0,0.005801
56,4,0,0,67.827,94,20.0,0.004950914,70.1783774182162,0.0,0.0,-0.000959,-0.034575701,1.859575701,620.141427,670.233887,693.337402,0.0,0.005838
57,4,0,0,68.0513,94,20.1,0.004961053,69.4266245451846,0.0,0.0,-0.000959,-0.101488829,1.926488829,636.3717652,766.111572,816.948181,0.005346,0.005267
58,4,0,0,68.3023,94,20.1,0.004971079,68.900681788568,4.52911377,0.0,-0.000959,-0.162775755,1.987775755,650.7189617,753.112183,642.485718,0.00523,0.005441
59,4,0,0,68.5044,94,20.5,0.00498204,68.9499432997264,5.58380127,0.0,-0.000959,-0.238337755,2.063337755,667.9729239,742.78302,641.749329,0.005195,0.005387
60,4,0,0,68.6823,94,20.5,0.004989096,69.0029410868156,5.58380127,0.0,0.008436646,-0.303088427,2.128088427,681.8995122,734.854126,594.339783,0.005039,0.005082
61,4,0,0,68.861,94,20.5,0.004992989,69.0619978941642,5.58380127,0.0,0.014572388,-0.34792304,2.17292304,699.3532258,0.0,0.0,0.0,0.0
62,4,0,0,68.8867,94,20.5,0.004993457,69.1121496761172,5.58380127,0.0,0.013038452,-0.336139917,2.161139917,714.0347601,700.331177,638.671875,0.0,0.005532
63,4,0,0,68.9123,94,20.3,0.004991401,69.167710321063,5.58380127,0.0,0.003834839,-0.267516851,2.092516851,730.8345483,707.783691,676.54248,0.0,0.006076
64,4,0,0,69.0407,94,20.3,0.004987797,69.2171307223596,5.58380127,0.0,-0.004793549,-0.185212374,2.010212374,745.5445763,748.4729,892.422729,0.0,0.005954
65,4,0,0,69.2732,94,20.0,0.004983645,69.26967979327,5.58380127,0.0,-0.005560516,-0.101125002,1.926125002,762.3389521,698.996216,680.698608,0.0,0.005673
66,4,0,0,68.8354,94,20.0,0.004981437,69.3148112873732,5.58380127,0.0,-0.005560516,-0.047735453,1.872735453,777.6268879,699.740112,666.611694,0.0,0.006092
67,4,0,0,67.7773,96,19.8,0.004979913,69.3655430754622,5.58380127,0.0,0.0,-0.009637117,1.834637117,793.4862839,695.466125,714.302185,0.0,0.006099
68,4,0,0,68.1264,98,19.8,0.004977956,69.4081116634286,5.58380127,0.0,0.0,0.013855696,1.811144304,808.5390509,667.826904,695.52417,0.0,0.005832
69,4,0,0,68.7843,99,19.4,0.004974521,69.4573697788796,5.58380127,0.0,-0.000959,0.03941083,1.78558917,824.8307946,709.151184,776.247498,0.005529,0.005331
70,4,0,0,69.2214,100,19.4,0.004972713,69.4985764950578,5.58380127,0.0,-0.000959,0.058531523,1.766468477,838.9761876,721.024902,621.698914,0.0,0.00571
71,4,0,0,69.6117,100,18.6,0.004975251,69.5439204864146,5.58380127,0.0,-0.003259613,0.077067614,1.747932386,855.0178544,0.0,0.0,0.0,0.0
72,4,0,0,69.4811,100,18.6,0.00497987,69.5850715194288,5.58380127,0.0,-0.012463226,0.082854033,1.742145967,868.9462573,0.0,0.0,0.0,0.0
73,4,0,0,69.7165,100,18.0,0.004980429,69.627721491719,5.58380127,0.0,-0.003259613,0.053812742,1.771187258,885.3973402,0.0,0.0,0.0,0.0
74,4,0,0,69.6641,101,18.0,0.004972584,69.6652960884512,5.58380127,0.0,-0.003259613,0.010598421,1.814401579,898.4570207,741.946594,620.930481,0.0,0.006105
75,4,0,0,67.5794,101,17.4,0.004957528,69.706623408569,5.58380127,0.0,-0.004793549,-0.06661725,1.89161725,914.6562105,729.94281,747.531616,0.0,0.008668
76,4,0,0,65.1084,101,17.4,0.004945921,69.7408667519682,5.58380127,0.0,0.032979614,-0.169435263,1.994435263,928.1567029,731.710205,737.273499,0.0,0.006224
77,4,0,0,59.9255,101,16.9,0.004940602,69.7792803781094,5.58380127,0.0,0.012271484,-0.226309061,2.051309061,943.4849313,860.272095,652.876221,0.0,0.00865
78,4,0,0,61.0717,101,16.9,0.004943386,69.8135188934886,5.58380127,0.0,0.003834839,-0.239702463,2.064702463,956.8859587,785.672913,680.886719,0.0,0.00891
79,4,0,0,61.7642,101,16.4,0.004952955,69.8515719309094,5.58380127,0.0,-0.001725677,-0.227416754,2.052416754,972.2115327,712.781311,645.250671,0.0,0.00588
80,4,0,0,62.9184,101,16.4,0.004966026,69.8838944465516,5.58380127,0.0,0.0,-0.213508844,2.038508844,986.269365,729.173706,628.072327,0.005096,0.005072
81,4,0,0,63.8073,0,15.9,0.004983351,69.920893832981,5.58380127,0.0,0.0,-0.199781179,2.024781179,1001.615268,727.068604,618.478088,0.0,0.005394
82,4,0,0,64.4737,62,15.9,0.004993091,69.9532947878548,5.58380127,0.0,0.0,-0.187692881,2.012692881,1015.051321,726.582397,637.178406,0.0,0.005592
83,4,0,0,64.903,72,15.9,0.004988919,69.988221296084,5.58380127,0.0,0.0,-0.174547434,1.999547434,1030.416299,754.523193,660.493896,0.0,0.005928
84,4,0,0,65.3612,76,15.9,0.004973329,70.016760607441,5.58380127,0.0,0.0,-0.163500547,1.988500547,1044.50964,721.615479,660.611023,0.0,0.005796
85,4,0,0,65.7324,78,15.5,0.004956378,70.0488018265446,5.58380127,0.0,0.0,-0.151396036,1.976396036,1059.8937,714.080872,655.935608,0.0,0.006714
86,4,0,0,66.1078,79,15.5,0.004957162,70.0765823823718,5.58380127,0.0,0.0,-0.140339136,1.965339136,1073.362803,855.217224,649.910278,0.0,0.005993
87,4,0,0,66.4399,80,15.1,0.004982498,70.1077716973464,5.58380127,0.0,0.0,-0.128224611,1.953224611,1088.76512,764.056885,598.794006,0.005081,0.005189
88,4,0,0,66.7512,72,15.1,0.005016594,70.1348135983004,5.58380127,0.0,0.0,-0.117158651,1.942158651,1102.249961,751.79718,630.310791,0.005268,0.005309
89,4,0,0,67.1141,69,15.1,0.005049506,70.1660868242626,5.58380127,0.0,0.0,-0.104506731,1.929506731,1118.312696,734.621704,650.923523,0.005471,0.005883
90,4,0,0,67.3337,69,15.1,0.005063122,70.1923982296972,5.58380127,0.0,0.0,-0.093432188,1.918432188,1131.170118,0.0,0.0,0.0,0.0
91,4,0,0,67.4318,69,15.1,0.005063066,70.2237147951856,5.58380127,0.0,0.0,-0.080241919,1.905241919,1147.25081,0.0,0.0,0.0,0.0
92,4,0,0,67.5055,69,15.1,0.005058918,70.2501809225678,5.58380127,0.0,0.0,-0.06862998,1.89362998,1160.766143,662.530884,669.855408,0.0,0.006168
93,4,0,0,67.8518,69,15.1,0.005060636,70.276304099596,5.58380127,0.0,0.0,-0.057541609,1.882541609,1174.288281,666.042603,638.968506,0.0,0.00721
94,4,0,0,68.0513,69,15.1,0.005073104,70.3046490509612,5.58380127,0.0,-0.000959,-0.0448668,1.8698668,1189.750358,686.3172,685.905029,0.0,0.006289
95,4,0,0,68.3275,69,15.1,0.005086383,70.3292258614636,5.58380127,0.0,-0.004793549,-0.036247969,1.861247969,1203.286687,679.298584,688.756592,0.0,0.006002
96,4,0,0,68.5805,69,15.1,0.005091429,70.3558876845898,5.58380127,0.0,-0.004793549,-0.037358046,1.862358046,1219.409814,894.344727,612.05603,0.0,0.005454
97,4,0,0,68.8099,69,15.1,0.00508226,70.3789913535364,5.58380127,0.0,-0.004793549,-0.049458265,1.874458265,1232.314721,750.648499,640.601074,0.005387,0.005303
98,4,0,0,69.1697,69,15.1,0.005063899,70.4050532790842,5.58380127,0.0,-0.004793549,-0.076145887,1.901145887,1248.453486,723.317078,673.103821,0.0,0.005597
99,4,0,0,69.2732,69,15.1,0.005050202,70.4283606904748,5.58380127,0.0,-0.004793549,-0.112454176,1.937454176,1262.016991,706.919495,711.92572,0.0,0.005838
100,4,0,0,69.6117,69,15.1,0.005038745,70.4553149467724,5.58380127,0.0,-0.004793549,-0.167918444,1.992918444,1277.525793,747.234375,834.218018,0.005896,0.005355
101,4,0,0,69.7954,69,15.4,0.005027293,70.4787593451838,5.58380127,0.0,-0.000959,-0.228639364,2.053639364,1291.102572,714.417114,643.485413,0.0,0.005492
102,4,0,0,69.98,69,15.4,0.005009351,70.504336231749,5.58380127,0.0,0.018407227,-0.302387953,2.127387953,1306.626246,744.477905,656.854797,0.0,0.005525
103,4,0,0,70.0859,70,15.4,0.004992971,70.5278230362694,5.58380127,0.0,0.023009033,-0.331573725,2.156573725,1320.863052,712.398682,658.771423,0.005443,0.005517
104,4,0,0,70.3522,70,15.4,0.004980258,70.5528360583788,5.58380127,0.0,-0.000959,-0.295639277,2.120639277,1335.753806,833.602722,639.735291,0.0,0.005443
105,4,0,0,70.5129,70,15.6,0.004977237,70.5750492312232,5.58380127,0.0,-0.007094452,-0.237544775,2.062544775,1350.003551,743.90332,610.769714,0.005165,0.00527
106,4,0,0,70.7824,70,15.6,0.004981822,70.5998468914538,5.58380127,0.0,-0.008628387,-0.191740274,2.016740274,1365.555738,589.867981,624.245178,0.005076,0.005193
107,4,0,0,70.9451,70,15.8,0.004991482,70.6214038881,5.58380127,0.0,-0.008628387,-0.17293334,1.99793334,1379.818175,724.577576,630.815125,0.005321,0.005376
108,4,0,0,71.218,70,15.8,0.005007762,70.6447724061304,5.58380127,0.0,-0.004793549,-0.177389383,2.002389383,1394.73507,700.612915,653.776672,0.0,0.005531
109,4,0,0,71.3827,71,16.1,0.005021575,70.6657560271214,5.58380127,0.0,-0.003259613,-0.199002504,2.024002504,1409.008868,771.011719,777.727478,0.00525,0.005168
110,4,0,0,71.3827,71,16.1,0.005027235,70.6892317111024,5.58380127,0.0,-0.003259613,-0.233070135,2.058070135,1424.584916,757.290588,656.87323,0.005199,0.005119
111,4,0,0,71.6312,71,16.5,0.005020771,70.70965928903,5.58380127,0.0,-0.003259613,-0.271205664,2.096205664,1438.21063,703.367981,658.762695,0.0,0.005621
112,4,0,0,71.8535,71,16.5,0.005007419,70.7331570370624,5.58380127,0.0,-0.003259613,-0.326755762,2.151755762,1452.820862,748.641296,670.582581,0.0,0.00561
113,4,0,0,72.0492,71,16.7,0.004998157,70.753011529016,5.58380127,0.0,-0.000959,-0.38330245,2.20830245,1466.431784,704.823608,680.084473,0.00861,0.005739
114,4,0,0,72.1897,71,16.7,0.004995574,70.7752114569922,5.58380127,0.0,-0.000959,-0.448382616,2.273382616,1482.681331,695.390625,696.269287,0.0,0.005874
115,4,0,0,72.5289,71,17.1,0.005001483,70.7952961006592,5.58380127,0.0,0.021475098,-0.510178804,2.335178804,1495.68917,0.0,0.0,0.0,0.0
116,4,0,0,71.7144,71,17.1,0.005016014,70.816091702458,5.58380127,0.0,0.014572388,-0.548297644,2.373297644,1511.956398,685.540588,701.521912,0.0,0.00582
117,4,0,0,70.3522,71,17.8,0.005033253,70.8347135848122,5.58380127,0.0,0.014572388,-0.533054113,2.358054113,1525.626659,671.824097,699.977722,0.005475,0.005758
118,4,0,0,70.8095,71,17.8,0.005054609,70.854992427537,5.58380127,0.0,0.014572388,-0.471654654,2.296654654,1541.255997,730.977417,684.455994,0.005478,0.005919
119,4,0,0,71.3277,0,18.1,0.005072297,70.8730763558094,5.58380127,0.0,0.0,-0.381021738,2.206021738,1554.93692,722.256104,690.942078,0.0,0.006363
120,4,0,0,71.2728,0,18.1,0.005092232,70.8929120345784,5.58380127,0.0,0.0,-0.260902643,2.085902643,1570.578111,710.109314,693.730896,0.0,0.006384
121,4,0,0,71.4378,67,18.4,0.005110854,70.9107028215698,5.58380127,0.0,-0.000959,-0.15577054,1.98077054,1584.921239,725.829712,705.103027,0.0,0.005787
122,4,0,0,71.9652,82,18.4,0.005130726,70.9300071767378,5.58380127,0.0,-0.003259613,-0.038164854,1.863164854,1600.574035,755.113281,647.119873,0.00557,0.005799
123,4,0,0,72.2178,89,19.0,0.0051425,70.9473074529906,5.58380127,0.0,0.0,0.057856321,1.767143679,1614.275066,722.264404,683.748901,0.0,0.005708
124,4,0,0,72.3306,93,19.0,0.005148815,70.9672220698866,5.58380127,0.0,0.0,0.169527292,1.655472708,1629.938845,708.036499,688.920715,0.0,0.005883
125,4,0,0,72.5858,94,19.5,0.005152155,70.9834904534248,5.58380127,0.0,0.001533936,0.263446093,1.561553907,1643.649364,731.549683,674.736389,0.005719,0.0
126,4,0,0,72.7569,95,19.5,0.005158798,71.0023783435876,5.58380127,0.0,-0.013997162,0.371606112,1.453393888,1659.976755,731.806519,666.34021,0.0,0.005522
127,4,0,0,71.5758,95,20.2,0.005171556,71.0182787837216,5.58380127,0.0,-0.023200775,0.445341825,1.379658175,1673.042856,661.991577,665.024719,0.005493,0.005454
128,4,0,0,71.9652,95,20.2,0.005196641,71.0363191471602,5.58380127,0.0,-0.027035614,0.466198206,1.358801794,1689.381,756.44342,655.57312,0.005436,0.005488
129,4,0,0,72.5005,95,20.9,0.005223955,71.0512279280796,5.58380127,0.0,-0.015531097,0.413806677,1.411193323,1703.109705,704.091125,679.717896,0.0,0.00582
130,4,0,0,72.9576,95,20.9,0.005250721,71.0688401105178,5.58380127,0.0,-0.013997162,0.292917013,1.532082987,1718.804735,709.388306,665.147278,0.0,0.005437
131,4,0,0,73.1016,95,21.5,0.005262204,71.0841891263942,5.58380127,0.0,-0.004793549,0.144486666,1.680513334,1732.542228,759.920715,675.503296,0.0,0.005732
132,4,0,0,73.5078,95,21.5,0.005263417,71.100991553318,5.58380127,0.0,0.001533936,-0.02926898,1.85426898,1748.247097,680.759277,715.799377,0.008419,0.006085
133,4,0,0,73.5954,95,22.3,0.005262782,71.116084989909,5.58380127,0.0,0.001533936,-0.196644068,2.021644068,1762.647731,705.359314,685.079224,0.0,0.005839
134,4,0,0,73.8302,95,22.3,0.005263818,71.1336456895606,5.58380127,0.0,0.02761084,-0.369994402,2.194994402,1778.362352,744.880676,655.893921,0.0,0.005937
135,4,0,0,73.9776,94,23.1,0.005263477,71.1473366989954,5.58380127,0.0,0.017640259,-0.450460196,2.275460196,1792.116728,734.337585,734.536804,0.005514,0.005852
136,4,0,0,74.0664,94,23.1,0.005260553,71.1633923921592,5.58380127,0.0,0.003834839,-0.483367205,2.308367205,1807.840624,826.827515,610.422974,0.008709,0.005287
137,4,0,0,74.3638,94,23.5,0.005256341,71.1776674632668,5.58380127,0.0,0.003834839,-0.494096518,2.319096518,1822.258457,718.591919,681.614319,0.00522,0.005488
138,4,0,0,74.3937,94,23.5,0.00525028,71.193763808359,5.58380127,0.0,0.021475098,-0.494657755,2.319657755,1837.99164,673.977478,678.947876,0.0,0.005396
139,4,0,0,74.6335,94,24.1,0.005245089,71.2075957798844,5.58380127,0.0,0.025309937,-0.460613966,2.285613966,1851.761953,742.130493,651.195923,0.005119,0.005451
140,4,0,0,74.7842,94,24.1,0.005240321,71.2226075102836,5.58380127,0.0,0.008436646,-0.351395369,2.176395369,1867.503606,787.133972,804.774597,0.005144,0.0052
141,4,0,0,75.057,93,24.4,0.005236702,71.2360259779894,5.58380127,0.0,0.001533936,-0.22146678,2.04646678,1881.281062,733.488525,666.329407,0.00524,0.005546
142,4,0,0,74.9659,93,24.4,0.005232169,71.2515804422102,5.58380127,0.0,-0.005560516,-0.05790782,1.88290782,1897.030796,752.648682,661.382202,0.005332,0.005294
143,4,0,0,75.2706,92,25.0,0.005228348,71.264719367558,5.58380127,0.0,-0.005560516,0.080067873,1.744932127,1910.815512,751.19397,644.029724,0.005183,0.005148
144,4,0,0,75.4239,91,25.0,0.005227095,71.2794397430436,5.58380127,0.0,-0.013997162,0.212684393,1.612315607,1927.230347,745.835571,668.490784,0.005304,0.005547
145,4,0,0,75.7633,92,25.2,0.00522968,71.2922218455266,5.58380127,0.0,-0.019365936,0.303025484,1.521974516,1941.022538,708.638611,659.41449,0.005755,0.00552
146,4,0,0,75.8254,93,25.2,0.005234967,71.3061831436144,5.58380127,0.0,-0.008628387,0.346087217,1.478912783,1956.789111,758.570984,673.931396,0.005409,0.005615
147,4,0,0,75.9498,93,25.1,0.0052394,71.318540042376,5.58380127,0.0,-0.010929291,0.345285177,1.479714823,1970.588353,688.79303,696.294006,0.005528,0.005705
148,4,0,0,76.1998,93,25.1,0.005242254,71.3324011590488,5.58380127,0.0,-0.012463226,0.312571764,1.512428236,1986.36284,790.237427,774.17627,0.00559,0.005728
149,4,0,0,76.2625,94,25.0,0.005241923,71.3440168440866,5.58380127,0.0,-0.012463226,0.255824327,1.569175673,2000.169019,786.51001,657.412476,0.005331,0.005282
150,4,0,0,76.4199,94,25.0,0.005236784,71.3574354888198,5.58380127,0.0,-0.010929291,0.146055937,1.678944063,2015.951528,725.087219,722.94458,0.0,0.005921
151,4,0,0,76.5779,93,24.9,0.00522812,71.3687233030194,5.58380127,0.0,-0.007094452,0.028463125,1.796536875,2030.422221,729.153076,699.781372,0.0,0.006022
152,4,0,0,76.8321,93,24.9,0.005214396,71.4081198818458,6.465454102,0.0,0.001533936,-0.143822908,1.968822908,2046.211784,756.719116,685.33252,0.005332,0.005406
153,4,0,0,76.9598,93,24.5,0.005198839,71.522443742244,7.168579102,0.0,0.005368774,-0.282695055,2.107695055,2060.030527,739.17627,675.3797,0.005345,0.005573
154,4,0,0,77.0879,93,24.5,0.005179043,71.687597512191,6.948852539,0.0,0.016106323,-0.440952063,2.265952063,2075.826767,741.48468,678.311707,0.005467,0.005496
155,4,0,0,77.1522,93,23.9,0.005164775,71.8156852368458,7.036743164,0.0,0.042183228,-0.526064157,2.351064157,2089.651591,740.202087,672.444092,0.005396,0.00552
156,4,0,0,77.4102,93,23.9,0.005156203,71.9633224996176,6.992797852,0.0,0.02761084,-0.514783144,2.339783144,2106.113631,819.813782,660.381714,0.005317,0.005162
157,4,0,0,77.4425,94,23.3,0.005154455,72.0811802131614,6.992797852,0.0,0.021475098,-0.420407057,2.245407057,2119.286561,576.096619,622.521301,0.004761,0.004991
158,4,0,0,77.7025,95,23.3,0.005157924,72.2172946980936,6.992797852,0.0,0.013038452,-0.246358156,2.071358156,2135.756415,697.820984,645.093872,0.004832,0.005055
159,4,0,0,77.7351,96,22.5,0.005166171,72.3386976589102,7.036743164,0.0,-0.012463226,-0.046646357,1.871646357,2149.594081,693.097778,654.529724,0.005085,0.005162
160,4,0,0,77.8659,97,22.5,0.005179236,72.4731353724964,7.036743164,0.0,-0.037773163,0.163256407,1.661743593,2165.411865,686.835205,664.114807,0.005091,0.005203
161,4,0,0,78.0628,97,22.0,0.005190704,72.5957653263158,7.036743164,0.0,-0.037773163,0.274173975,1.550826025,2179.255265,726.899475,636.843689,0.005005,0.005095
162,4,0,0,78.0628,97,22.0,0.005201913,72.725230098835,6.992797852,0.0,-0.037773163,0.281496286,1.543503714,2195.079118,728.513,655.071472,0.005,0.005187
163,4,0,0,78.3269,97,21.3,0.005209566,72.8453142377084,6.992797852,0.0,-0.02856955,0.184299707,1.640700293,2209.586878,779.966492,811.495728,0.005052,0.004963
164,4,0,0,78.4929,98,21.3,0.005214497,72.9687650353948,6.597290039,0.0,0.005368774,-0.025517702,1.850517702,2225.416632,696.428589,645.989075,0.0,0.005324
165,4,0,0,78.6931,98,20.7,0.005216063,72.9980357435016,5.58380127,0.0,0.032979614,-0.222778559,2.047778559,2239.270435,865.687195,637.231995,0.0,0.005567
166,4,0,0,78.76,98,20.7,0.005217492,73.0389812798912,6.377563477,0.0,0.010737549,-0.369362593,2.194362593,2255.106588,717.00531,655.777527,0.0,0.005251
167,4,0,0,78.8606,97,20.4,0.005218934,73.1044285188854,6.421508789,0.0,0.010737549,-0.461674929,2.286674929,2269.626121,698.239075,685.444092,0.0,0.005293
168,4,0,0,78.6596,98,20.4,0.005218323,73.1772448935528,6.465454102,0.0,0.029144775,-0.522571802,2.347571802,2285.468915,686.312805,685.885803,0.007566,0.005722
169,4,0,0,78.1946,99,19.9,0.005213421,73.2430026868868,6.509399414,0.0,0.019941162,-0.512594938,2.337594938,2299.333967,714.338501,681.143311,0.0,0.005528
170,4,0,0,76.9278,101,19.9,0.005203208,73.319042601761,6.509399414,0.0,0.010737549,-0.427256823,2.252256823,2315.182605,704.987,682.434998,0.0,0.005658
171,4,0,0,75.5778,103,19.4,0.005193472,73.3815888927514,6.465454102,0.0,0.00690271,-0.317809343,2.142809343,2329.052574,767.499207,798.894775,0.005267,0.005501
172,4,0,0,74.5134,105,19.4,0.005185822,73.4543335230416,6.553344727,0.0,0.003067871,-0.172222376,1.997222376,2345.567234,656.24823,721.746094,0.006239,0.006041
173,4,0,0,69.4551,107,19.0,0.005182624,73.519473909178,6.597290039,0.0,0.003067871,-0.035580873,1.860580873,2358.781058,682.051025,736.470886,0.0,0.006021
174,4,0,0,67.3337,110,19.0,0.005178607,73.5971612893168,6.597290039,0.0,-0.010162323,0.129008532,1.695991468,2375.300969,722.586487,730.033691,0.0,0.005941
175,4,0,0,66.4161,113,18.6,0.005171075,73.664233478909,6.553344727,0.0,-0.010162323,0.268831015,1.556168985,2389.188913,0.0,0.0,0.0,0.0
176,4,0,0,67.7525,115,18.6,0.005156316,73.7374383965326,6.597290039,0.0,-0.013997162,0.385602713,1.439397287,2405.091789,0.0,0.0,0.0,0.0
177,4,0,0,68.2519,118,18.2,0.005140202,73.8023926464046,6.553344727,0.0,-0.02166684,0.460564852,1.364435148,2419.036023,701.973694,726.390808,0.0,0.00602
178,4,0,0,68.6314,120,18.2,0.005125675,73.8717142748884,6.597290039,0.0,-0.015531097,0.476252794,1.348747206,2435.003358,706.698486,725.121216,0.0,0.006103
179,4,0,0,69.6379,121,18.2,0.005121325,73.9301456766196,6.597290039,0.0,-0.015531097,0.440631628,1.384368372,2449.668043,681.04187,717.689209,0.0,0.005935
180,4,0,0,70.2988,121,18.2,0.00512408,73.9992318264746,6.597290039,0.0,-0.003259613,0.354530096,1.470469904,2465.026654,717.675903,706.586792,0.0,0.005984
181,4,0,0,70.7284,122,18.2,0.005128386,74.0592433908716,6.553344727,0.0,-0.003259613,0.26832509,1.55667491,2479.743525,0.0,0.0,0.0,0.0
182,4,0,0,71.2728,123,18.2,0.005132578,74.1248783915636,6.553344727,0.0,-0.003259613,0.160119295,1.664880705,2495.828382,0.0,0.0,0.0,0.0
183,4,0,0,71.5482,124,17.9,0.005135831,74.1827259247428,6.553344727,0.0,-0.003259613,0.052657843,1.772342157,2509.929028,939.141785,1025.073853,0.0,0.007878
184,4,0,0,71.7144,126,17.9,0.005137836,74.2384144961252,6.553344727,0.0,0.00690271,-0.057018995,1.882018995,2524.053386,781.413391,821.615173,0.005361,0.005234
185,4,0,0,72.2178,128,17.9,0.005136895,74.3034006753028,6.553344727,0.0,0.00690271,-0.182492495,2.007492495,2540.223414,757.05188,684.588379,0.005431,0.005558
186,4,0,0,72.4438,130,17.9,0.005134255,74.1171506466582,0.0,0.0,0.00690271,-0.269928694,2.094928694,2555.070999,759.042725,668.638,0.0055,0.005874
187,4,0,0,71.7422,133,17.9,0.005131349,73.7521546360144,6.860961914,0.0,0.00690271,-0.348694086,2.173694086,2570.612818,705.822571,687.861694,0.0,0.005715
188,4,0,0,71.5482,135,17.9,0.005129047,73.8340579236842,6.729125977,0.0,0.008436646,-0.399030924,2.224030924,2585.483253,712.586792,691.104126,0.0,0.005844
189,4,0,0,72.1615,136,17.9,0.005125961,73.7273215542104,0.87890625,0.0,0.008436646,-0.436220884,2.261220884,2601.718962,771.706421,665.771301,0.0,0.006058
190,4,0,0,72.6143,139,17.9,0.005124648,73.575166246416,7.695922852,0.0,0.008436646,-0.446528196,2.271528196,2616.615965,766.409912,669.82019,0.006134,0.005245
191,4,0,0,72.9576,141,17.9,0.005128904,73.7373649301616,7.651977539,0.0,0.00690271,-0.435814619,2.260814619,2632.205045,888.51947,675.483215,0.005316,0.005329
192,4,0,0,73.1304,143,17.9,0.005137488,73.8714507615568,7.432250977,0.0,0.00690271,-0.407301188,2.232301188,2647.130192,697.223389,674.103027,0.006272,0.005666
193,4,0,0,73.3913,144,17.9,0.00514797,74.0132273230374,7.388305664,0.0,0.00690271,-0.357618093,2.182618093,2663.427346,685.505127,663.852112,0.005401,0.005592
194,4,0,0,73.7126,144,17.9,0.00515469,74.1306546829718,7.344360352,0.0,0.00690271,-0.299322844,2.124322844,2677.700322,735.984192,627.536316,0.005067,0.005016
195,4,0,0,73.9186,146,18.2,0.005161644,74.2654239688782,6.948852539,0.0,0.003834839,-0.209652662,2.034652662,2694.027447,715.9245,645.708801,0.005251,0.005518
196,4,0,0,74.1257,148,18.2,0.005170287,74.3443330633846,6.026000977,0.0,-0.001725677,-0.118426561,1.943426561,2708.327524,812.747314,658.165283,0.006166,0.0
197,4,0,0,74.4535,150,18.2,0.005182884,73.9557133416666,0.0,0.0,-0.001725677,-0.013601542,1.838601542,2725.368511,758.15033,632.458618,0.00516,0.005198
198,4,0,0,74.6335,151,18.2,0.005192333,73.448502578447,0.0,0.0,-0.001725677,0.071881056,1.753118944,2739.014457,766.90918,619.551819,0.00526,0.005093
199,4,0,0,74.875,153,18.2,0.005194901,73.0081795422688,3.82598877,0.0,-0.001725677,0.163362741,1.661637259,2756.088255,774.893799,737.014099,0.004958,0.005201
200,4,0,0,75.24,156,18.2,0.005187854,72.929649028904,5.188293457,0.0,-0.001725677,0.237844229,1.587155771,2770.44382,758.606873,615.237488,0.005045,0.005447
201,4,0,0,75.3932,157,18.2,0.005171893,72.8964152405802,5.539855957,0.0,-0.000959,0.315277338,1.509722662,2786.864729,0.0,0.0,0.0,0.0
202,4,0,0,75.5162,159,18.2,0.005155913,72.9115973518052,6.245727539,0.0,-0.004793549,0.379316092,1.445683908,2801.245689,800.545776,806.183716,0.005689,0.006083
203,4,0,0,75.6704,161,18.5,0.00514017,72.9588562002676,6.245727539,0.0,-0.005560516,0.447214365,1.377785635,2817.69558,733.501221,627.593201,0.005058,0.005183
204,4,0,0,75.9498,162,18.5,0.005129643,72.999542745571,6.201782227,0.0,-0.008628387,0.494418859,1.330581141,2832.788088,755.561584,658.482483,0.0,0.005406
205,4,0,0,76.1371,165,18.4,0.005122173,73.043610417654,6.069946289,0.0,-0.008628387,0.530252218,1.294747782,2849.267037,704.075684,799.361328,0.005342,0.005255
206,4,0,0,76.2625,166,18.4,0.005123386,73.0180538731464,3.82598877,0.0,-0.008628387,0.542294264,1.282705736,2863.698286,612.616272,660.689697,0.008302,0.005675
207,4,0,0,76.3569,168,18.4,0.005140485,72.9210731135384,5.539855957,0.0,-0.008628387,0.532258272,1.292741728,2880.205002,0.0,0.0,0.0,0.0
208,4,0,0,76.5146,169,18.4,0.00517269,72.9027632500234,5.276184082,0.0,-0.008628387,0.502411127,1.322588873,2894.631555,766.33313,532.094604,0.0,0.006168
209,4,0,0,76.673,170,18.3,0.005226834,72.8880993462784,5.451965332,0.0,-0.008628387,0.447132826,1.377867174,2911.711959,648.195007,416.089996,0.0,0.006022
210,4,0,0,76.864,170,18.3,0.005281389,72.8737796481726,5.451965332,0.0,-0.008628387,0.376485586,1.448514414,2925.382668,781.02948,797.266113,0.004886,0.004827
211,4,0,0,77.1843,170,18.3,0.005336573,72.8602350725844,5.58380127,0.0,-0.005560516,0.266576529,1.558423471,2942.453387,726.248901,628.846985,0.005065,0.005358
212,4,0,0,77.3132,170,18.3,0.005365077,72.8529851568184,5.58380127,0.0,0.008436646,0.16000104,1.66499896,2956.760729,680.398804,738.777527,0.0,0.005709
213,4,0,0,77.5074,170,18.6,0.005364078,72.8325862090494,5.40802002,0.0,0.0,0.04808116,1.77691884,2973.148452,0.0,0.0,0.0,0.0
214,4,0,0,77.5398,170,18.6,0.00533279,72.8192529237098,5.276184082,0.0,0.003834839,-0.046474218,1.871474218,2987.517662,1121.869629,767.133301,0.0,0.00938
215,4,0,0,77.8331,170,18.5,0.005273368,72.7994432679686,5.58380127,0.0,0.003834839,-0.145639658,1.970639658,3003.971019,692.086914,736.520081,0.0,0.005722
216,4,0,0,77.9314,170,18.5,0.005215744,72.7916164842796,5.58380127,0.0,0.005368774,-0.218851805,2.043851805,3019.081598,698.31012,650.557312,0.0,0.005056
217,4,0,0,78.0299,172,18.5,0.005159668,72.7816846355904,5.40802002,0.0,0.005368774,-0.294434309,2.119434309,3034.903633,684.723694,707.322083,0.0,0.005625
218,4,0,0,78.0628,172,18.5,0.005125706,72.7723342897234,5.539855957,0.0,0.005368774,-0.347230673,2.172230673,3050.022893,681.478882,694.092407,0.0,0.005616
219,4,0,0,77.7025,172,18.1,0.005103307,72.7634107730112,5.451965332,0.0,0.009203613,-0.391928434,2.216928434,3066.394326,698.395691,709.677307,0.0,0.00612
220,4,0,0,75.7323,172,18.1,0.005094494,72.754911961125,5.58380127,0.0,0.012271484,-0.410559893,2.235559893,3081.291451,691.254517,693.102417,0.0,0.005913
221,4,0,0,75.5162,172,17.5,0.005092551,72.7460274709078,5.58380127,0.0,0.010737549,-0.403443575,2.228443575,3096.825447,697.477722,694.268799,0.0,0.005682
222,4,0,0,71.7422,173,17.5,0.005094456,72.7395688515264,5.58380127,0.0,-0.001725677,-0.371453047,2.196453047,3111.675619,706.064514,761.467224,0.0,0.006465
223,4,0,0,69.1181,174,17.0,0.00509645,72.7330165202768,5.58380127,0.0,-0.001725677,-0.33739543,2.16239543,3127.876776,742.933472,862.430603,0.0,0.00674
224,4,0,0,69.377,176,17.0,0.005097056,72.7272988571248,5.58380127,0.0,0.0,-0.309783697,2.134783697,3142.062024,691.734985,694.771301,0.0,0.006106
225,4,0,0,69.9271,177,16.5,0.005100265,72.7207705855082,5.58380127,0.0,0.003067871,-0.277839422,2.102839422,3158.284317,711.116272,685.726501,0.0,0.00564
226,4,0,0,71.1086,178,16.5,0.00510906,72.7153422977816,5.58380127,0.0,0.003067871,-0.246618509,2.071618509,3172.487132,691.326294,689.659302,0.0,0.005615
227,4,0,0,71.8257,179,16.0,0.005127102,72.706996276635,5.58380127,0.0,0.003067871,-0.200514555,2.025514555,3189.379945,679.966003,645.050171,0.004874,0.004985
228,4,0,0,72.2178,179,16.0,0.005146025,72.7006393353548,5.58380127,0.0,0.001533936,-0.153078794,1.978078794,3202.88234,700.203613,682.78772,0.0,0.005443
229,4,0,0,72.6712,179,15.6,0.005162169,72.6946077221556,5.58380127,0.0,-0.007094452,-0.096976995,1.921976995,3219.755902,699.516174,650.88269,0.0,0.005235
230,4,0,0,72.9576,179,15.6,0.005163705,72.6667291253356,4.660949707,0.0,-0.005560516,-0.056818724,1.881818724,3233.926758,691.565796,711.502197,0.005762,0.00601
231,4,0,0,73.3041,179,15.6,0.005145567,72.4860029631202,2.548828125,0.0,0.003067871,-0.022111654,1.847111654,3250.118426,0.0,0.0,0.0,0.0
232,4,0,0,73.537,179,15.6,0.005115749,72.2973570778308,4.089660645,0.0,0.003067871,0.009371519,1.815628481,3264.284011,861.085876,803.692627,0.0,0.008761
233,4,0,0,73.8891,179,15.2,0.005078688,72.1567343165698,4.133605957,0.0,-0.005560516,0.053877592,1.771122408,3280.470545,1227.196411,906.139526,0.0,0.008503
234,4,0,0,72.9576,179,15.2,0.005053826,72.0407449502056,4.265441895,0.0,-0.007094452,0.084645033,1.740354967,3295.304134,681.630676,759.944092,0.0,0.005921
235,4,0,0,72.4155,179,15.2,0.005039342,71.9187959564204,4.397277832,0.0,-0.007094452,0.10212779,1.72287221,3311.481879,745.647217,737.954895,0.0,0.006321
236,4,0,0,72.3306,179,15.2,0.005037784,71.826610531117,4.397277832,0.0,-0.007094452,0.100799322,1.724200678,3325.635322,694.427979,734.517822,0.0,0.006812
237,4,0,0,72.4438,0,15.2,0.005043895,71.7259988429746,4.52911377,0.0,-0.007094452,0.081488371,1.743511629,3341.808549,799.971985,586.066528,0.0,0.008028
238,4,0,0,68.9893,0,15.2,0.005051451,71.6296612239108,4.00177002,0.0,-0.008628387,0.046523333,1.778476667,3355.958225,710.198181,731.828918,0.0,0.005905
239,4,0,0,64.161,0,15.2,0.005059439,71.4979991712094,4.221496582,0.0,0.001533936,-0.013564348,1.838564348,3372.801005,931.352295,444.209106,0.0,0.008281
240,4,0,0,63.4574,0,15.2,0.005064876,71.3989154387432,4.441223145,0.0,0.016106323,-0.074770212,1.899770212,3386.273512,1329.287476,726.622009,0.0,0.00744
241,4,0,0,63.0684,0,15.2,0.005068077,71.2962389673808,4.35333252,0.0,0.016106323,-0.108957052,1.933957052,3403.112111,0.0,0.0,0.0,0.0
242,4,0,0,64.8576,60,15.2,0.005068528,71.203404961964,4.309387207,0.0,0.003834839,-0.102153063,1.927153063,3417.255125,0.0,0.0,0.0,0.0
243,4,0,0,65.8961,76,15.2,0.005069464,71.0980726289864,4.397277832,0.0,0.003834839,-0.069920301,1.894920301,3433.417109,742.476074,676.15979,0.005991,0.005467
244,4,0,0,64.5636,88,15.2,0.005073607,71.0148407023994,4.397277832,0.0,0.003834839,-0.034909487,1.859909487,3447.557599,718.850525,688.906128,0.0,0.005621
245,4,0,0,64.0722,93,15.2,0.005083072,70.9235142784144,4.441223145,0.0,0.003067871,0.017513514,1.807486486,3463.716728,0.0,0.0,0.008272,0.0
246,4,0,0,64.7668,96,15.2,0.005094219,70.8418817300128,4.35333252,0.0,0.003067871,0.071085691,1.753914309,3478.527663,694.812195,681.934875,0.0,0.005259
247,4,0,0,64.05,97,14.8,0.005107171,70.744186713126,4.397277832,0.0,-0.000959,0.137425661,1.687574339,3494.68326,731.1604,679.565308,0.0,0.00566
248,4,0,0,65.269,98,14.8,0.005117248,70.6625222676056,4.397277832,0.0,-0.000959,0.199602365,1.625397635,3508.818154,700.188477,700.163818,0.0,0.005722
249,4,0,0,66.1787,99,14.6,0.005129591,70.5691991354826,4.441223145,0.0,-0.008628387,0.26787734,1.55712266,3524.96867,700.472107,744.1651,0.0,0.005961
250,4,0,0,66.3209,100,14.6,0.005145295,70.4907674677806,4.485168457,0.0,-0.016298065,0.315751314,1.509248686,3539.746176,718.233215,693.312927,0.0,0.005847
251,4,0,0,64.9713,100,13.7,0.005169323,70.404891009332,4.52911377,0.0,-0.016298065,0.337188482,1.487811518,3555.81803,720.489502,688.689026,0.005677,0.005598
252,4,0,0,64.8803,100,13.7,0.005188113,70.331243989917,4.441223145,0.0,-0.015531097,0.32054162,1.50445838,3569.851831,721.328003,693.048279,0.006256,0.005824
253,4,0,0,65.99,100,13.2,0.005195253,70.2430862115514,4.573059082,0.0,-0.010929291,0.254998446,1.570001554,3585.861246,924.33783,1033.412231,0.0,0.007686
254,4,0,0,66.7994,100,13.2,0.005186128,70.1700053901352,4.485168457,0.0,-0.010929291,0.170935869,1.654064131,3599.846171,536.564087,923.528992,0.009316,0.008429
255,4,0,0,67.2115,100,12.5,0.005164449,70.0896929833356,4.441223145,0.0,-0.003259613,0.05119729,1.77380271,3615.805007,765.452393,644.557678,0.0,0.006225
256,4,0,0,67.7773,100,12.5,0.005142598,70.0220853663254,4.52911377,0.0,0.016106323,-0.061155081,1.886155081,3629.749077,0.0,0.0,0.0,0.0
257,4,0,0,68.0513,101,11.9,0.005117843,69.9413600189752,4.441223145,0.0,0.016106323,-0.155432463,1.980432463,3646.321403,811.952271,671.014709,0.0,0.008951
258,4,0,0,68.2771,101,11.9,0.005096632,69.8738844804988,4.397277832,0.0,0.014572388,-0.198864222,2.023864222,3660.216967,704.097229,709.581604,0.0,0.005986
259,4,0,0,68.4538,101,11.3,0.005075609,69.796196215223,4.573059082,0.0,0.013038452,-0.214413881,2.039413881,3676.073603,709.272888,708.302185,0.0,0.006278
260,4,0,0,68.6314,101,11.3,0.005061307,69.7326807635912,4.441223145,0.0,0.008436646,-0.196032763,2.021032763,3689.928148,0.0,0.0,0.0,0.0
261,4,0,0,68.1765,100,11.1,0.005047783,69.659917062622,4.441223145,0.0,0.0,-0.149677992,1.974677992,3705.738453,712.291504,852.140808,0.0,0.006579
262,4,0,0,68.5551,100,11.1,0.005038077,69.5970533775968,4.485168457,0.0,-0.000959,-0.101930857,1.926930857,3719.553014,735.335876,732.301697,0.0,0.0067
263,4,0,0,67.4809,100,11.2,0.005031344,69.5256071950054,4.441223145,0.0,-0.000959,-0.051227808,1.876227808,3735.320073,719.114197,733.52771,0.0,0.006125
264,4,0,0,65.6159,102,11.2,0.005030032,69.4646057255744,4.441223145,0.0,-0.000959,-0.00952363,1.83452363,3749.753992,747.217407,627.957214,0.004792,0.00503
265,4,0,0,66.6791,103,11.5,0.005033008,69.3912516382262,4.485168457,0.0,-0.000959,0.038399935,1.786600065,3765.478335,750.210083,633.156677,0.004837,0.005226
266,4,0,0,67.3827,104,11.5,0.005036712,69.3306170017548,4.35333252,0.0,-0.000959,0.075875521,1.749124479,3779.218677,762.108521,794.325684,0.005237,0.005271
267,4,0,0,67.7277,104,12.2,0.005038143,69.2612802937552,4.397277832,0.0,-0.000959,0.11869216,1.70630784,3794.901531,701.116211,626.225708,0.004943,0.004911
268,4,0,0,67.7277,106,12.2,0.005036574,69.2036979959014,4.485168457,0.0,-0.000959,0.151963949,1.673036051,3808.606876,786.454407,624.4198,0.005103,0.00512
269,4,0,0,68.1765,106,12.8,0.005036137,69.1382320885632,4.441223145,0.0,-0.000959,0.189707041,1.635292959,3824.90224,662.249573,649.790527,0.0,0.005393
270,4,0,0,68.6823,107,12.8,0.005043329,69.0827102608982,4.52911377,0.0,-0.015531097,0.216412306,1.608587694,3837.922564,743.695129,640.73407,0.004988,0.005338
271,4,0,0,68.9379,107,13.6,0.005063317,69.0198241899536,4.485168457,0.0,-0.015531097,0.22494626,1.60005374,3854.178418,750.763977,644.042603,0.005089,0.005254
272,4,0,0,69.1697,107,13.6,0.0050873,68.9648152106664,4.52911377,0.0,-0.015531097,0.199555159,1.625444841,3867.816795,741.010376,658.295105,0.00575,0.005609
273,4,0,0,69.377,107,14.0,0.005115999,68.9037634815472,4.441223145,0.0,-0.012463226,0.136368513,1.688631487,3883.385447,727.54187,665.56012,0.005287,0.005645
274,4,0,0,69.6117,107,14.0,0.005139614,68.8488573229926,4.485168457,0.0,-0.012463226,0.045780897,1.779219103,3896.992883,706.776672,668.623596,0.0,0.005039
275,4,0,0,69.7954,108,14.7,0.005160846,68.793879548808,4.52911377,0.0,-0.004793549,-0.07123208,1.89623208,3911.233113,687.999695,699.436829,0.0,0.005679
276,4,0,0,69.8744,109,14.7,0.005181489,68.7351137262248,4.52911377,0.0,-0.000959,-0.213367224,2.038367224,3926.750415,763.1521,653.573303,0.00518,0.005562
277,4,0,0,70.139,110,15.3,0.005195521,68.6816489730412,4.485168457,0.0,0.012271484,-0.351231337,2.176231337,3940.313396,749.721313,640.25647,0.00493,0.005146
278,4,0,0,70.4593,111,15.3,0.005207868,68.6229947420936,4.485168457,0.0,0.017640259,-0.47871089,2.30371089,3955.797345,751.570496,613.450806,0.004742,0.004911
279,4,0,0,70.5936,111,16.2,0.00522204,68.569371951722,4.441223145,0.0,0.023776001,-0.556613207,2.381613207,3969.331577,744.744324,642.548828,0.004802,0.005136
280,4,0,0,70.7284,111,16.2,0.005253823,68.510618649804,4.441223145,0.0,0.02761084,-0.585306883,2.410306883,3985.426589,749.611084,656.734802,0.005326,0.005625
281,4,0,0,71.0813,111,16.7,0.005298835,68.460535506202,4.397277832,0.0,0.019941162,-0.551372766,2.376372766,3998.289364,743.964417,634.226929,0.004947,0.005039
282,4,0,0,71.218,111,16.7,0.005361371,68.403276878809,4.485168457,0.0,0.003834839,-0.459508657,2.284508657,4014.351194,737.102905,611.734192,0.00489,0.00509
283,4,0,0,71.3277,111,16.5,0.005412397,68.3559206974634,4.397277832,0.0,-0.005560516,-0.364840269,2.189840269,4027.829145,739.738525,626.956299,0.004934,0.005268
284,4,0,0,71.2454,111,16.5,0.005444835,68.2990832665352,4.441223145,0.0,-0.003259613,-0.267655611,2.092655611,4043.217462,0.0,0.0,0.0,0.0
285,4,0,0,71.6035,111,16.4,0.005431347,68.2513289344736,4.485168457,0.0,-0.003259613,-0.197349787,2.022349787,4056.669175,0.0,0.0,0.0,0.0
286,4,0,0,71.9652,111,16.4,0.005368962,68.199212164474,4.52911377,0.0,-0.003259613,-0.123823881,1.948823881,4072.027732,752.347107,690.429016,0.005327,0.005401
287,4,0,0,71.6312,111,16.2,0.005293791,68.154621135023,4.441223145,0.0,-0.003259613,-0.064156294,1.889156294,4086.092572,720.743713,621.568909,0.004952,0.004882
288,4,0,0,71.6312,111,16.2,0.005205696,68.105865053185,4.485168457,0.0,-0.003259613,-0.0064013,1.8314013,4101.421224,743.870972,643.744507,0.00504,0.005589
289,4,0,0,71.9373,111,16.1,0.005137799,68.0606302394538,4.485168457,0.0,-0.003259613,0.038951159,1.786048841,4114.821152,748.854492,865.231628,0.005413,0.006057
290,4,0,0,71.7144,111,16.1,0.005080249,68.0117501096886,4.52911377,0.0,-0.003259613,0.080982447,1.744017553,4130.120866,741.4953,682.922913,0.004991,0.00539
291,4,0,0,71.9652,111,15.7,0.005050011,67.9694238883262,4.441223145,0.0,-0.003259613,0.112061262,1.712938738,4143.495885,758.11438,715.800415,0.004901,0.005294
292,4,0,0,71.9652,111,15.7,0.005032762,67.9438455694484,5.627746582,0.0,-0.003259613,0.138415575,1.686584425,4159.403844,745.155273,663.774597,0.004783,0.005255
293,4,0,0,71.77,111,15.3,0.005023612,68.04340857946,6.289672852,0.0,-0.003259613,0.155287504,1.669712496,4172.119194,708.729675,668.066101,0.0,0.005576
294,4,0,0,72.0212,111,15.3,0.005010314,68.296705498872,9.676208496,0.0,-0.003259613,0.166039228,1.658960772,4187.999901,724.528992,675.192871,0.0,0.005361
295,4,0,0,66.9443,0,14.7,0.004992711,68.6373949232928,5.75958252,0.0,-0.003259613,0.168572187,1.656427813,4201.328016,767.218384,828.455688,0.005062,0.005119
296,4,0,0,65.7557,0,14.7,0.004968597,68.6987652534518,8.355102539,0.0,-0.003259613,0.163088083,1.661911917,4216.546921,768.304077,827.88562,0.005282,0.005237
297,4,0,0,66.6072,0,14.1,0.004950152,69.1134556555272,11.21429443,0.0,-0.003259613,0.151667833,1.673332167,4229.851975,762.177612,633.476807,0.005842,0.004955
298,4,0,0,64.8349,62,14.1,0.004938419,69.6590532010968,11.34613037,0.0,-0.003259613,0.130136251,1.694863749,4245.0453,752.09613,627.026306,0.004876,0.005026
299,4,0,0,65.0627,80,13.6,0.004936591,70.1569797140432,11.434021,0.0,-0.003259613,0.102616072,1.722383928,4258.961045,757.890015,623.60553,0.004626,0.004809
300,4,0,0,66.5354,89,13.6,0.004939094,70.3043614297164,3.430480957,0.0,-0.003259613,0.063532591,1.761467409,4273.497557,750.871399,647.85907,0.004903,0.005189
301,4,0,0,67.2359,93,13.2,0.004942524,70.2635601706578,10.24749756,0.0,-0.003259613,0.022850752,1.802149248,4287.391221,747.622009,625.85791,0.005001,0.005061
302,4,0,0,67.6288,95,13.2,0.004948221,70.9354626784038,14.51568604,0.0,-0.003259613,-0.032522917,1.857522917,4302.536404,703.940491,684.772278,0.0,0.005662
303,4,0,0,67.8767,95,13.1,0.004954642,71.1358907832342,0.0,0.0,-0.003259613,-0.091333628,1.916333628,4316.409164,705.796509,744.726501,0.005769,0.005458
304,4,0,0,68.6568,96,13.1,0.004962162,70.8321125695042,7.432250977,0.0,-0.003259613,-0.164814234,1.989814234,4330.901833,717.979309,697.68573,0.0,0.005502
305,4,0,0,69.0407,96,13.0,0.004967779,71.0616939489016,8.618774414,0.0,-0.003259613,-0.239669085,2.064669085,4344.754324,708.762817,692.550476,0.0,0.005555
306,4,0,0,69.3251,96,13.0,0.004973113,71.342147128968,8.530883789,0.0,-0.003259613,-0.335034609,2.160034609,4359.855041,749.594482,664.824707,0.005035,0.005201
307,4,0,0,69.6903,96,12.6,0.004977135,71.5823226648382,8.618774414,0.0,-0.003259613,-0.421405554,2.246405554,4373.071786,744.883423,668.621521,0.005221,0.005563
308,4,0,0,69.98,96,12.6,0.004981327,71.9083425045438,9.983825684,0.0,0.018407227,-0.52390027,2.34890027,4388.208599,700.82843,704.528198,0.0,0.005553
309,4,0,0,70.2188,96,12.5,0.004984092,72.281513415212,10.77484131,0.0,0.018407227,-0.588933229,2.413933229,4401.523113,690.692688,695.991699,0.0,0.005758
310,4,0,0,70.5129,96,12.5,0.004984423,72.744756221055,11.21429443,0.0,0.03451355,-0.610039949,2.435039949,4417.416667,680.532227,723.796692,0.0,0.005909
311,4,0,0,70.7824,95,12.5,0.004982516,73.1565812737274,11.21429443,0.0,0.023776001,-0.563460588,2.388460588,4430.186106,659.144409,699.968201,0.009188,0.005625
312,4,0,0,71.1086,95,12.5,0.004983243,73.6212665471058,11.21429443,0.0,-0.012463226,-0.440756559,2.265756559,4446.27591,712.017578,701.929321,0.0,0.005399
313,4,0,0,71.3277,95,12.7,0.00499212,74.0336226015112,11.21429443,0.0,-0.007094452,-0.337682486,2.162682486,4459.904291,671.997314,715.419617,0.005197,0.005425
314,4,0,0,71.5482,95,12.7,0.005015423,74.4678437767992,11.21429443,0.0,0.003834839,-0.247779608,2.072779608,4475.526178,703.594421,685.562622,0.0,0.005613
315,4,0,0,71.7422,95,13.2,0.005050132,74.8659970033696,11.21429443,0.0,0.001533936,-0.15934968,1.98434968,4489.199534,750.904114,696.668091,0.005307,0.005535
316,4,0,0,71.9373,94,13.2,0.005107917,75.2995300087802,11.21429443,0.0,-0.005560516,-0.054666758,1.879666758,4504.970922,705.815796,751.553284,0.005679,0.005523
317,4,0,0,72.0773,94,13.7,0.005168022,75.6505228624028,8.399047852,0.0,-0.005560516,0.013911963,1.811088037,4519.438266,743.717407,763.538513,0.005447,0.005554
318,4,0,0,72.1053,94,13.7,0.005231339,75.6605710180938,5.58380127,0.0,-0.010162323,0.08041358,1.74458642,4535.191656,674.314575,679.880676,0.005671,0.005634
319,4,0,0,72.2178,94,14.1,0.005267999,75.6194106187208,5.23223877,0.0,-0.010162323,0.1203444,1.7046556,4549.028201,764.949524,879.518921,0.005402,0.005385
320,4,0,0,72.5005,94,14.1,0.005279824,75.174731517591,0.0,0.0,-0.010162323,0.136109114,1.688890886,4564.904049,734.10791,692.512329,0.005141,0.005411
321,4,0,0,72.7855,94,14.8,0.005266773,74.659148871131,0.0,0.0,-0.010162323,0.122752905,1.702247095,4578.853099,726.906128,678.38092,0.005133,0.005325
322,4,0,0,72.8714,94,14.8,0.005234696,74.0920447817242,0.0,0.0,0.001533936,0.075890303,1.749109697,4595.550535,762.740112,825.83252,0.005168,0.00533
323,4,0,0,73.0727,94,15.1,0.005202554,73.5836709806734,0.0,0.0,0.001533936,0.015093565,1.809906435,4608.992734,777.104492,810.992798,0.004928,0.005046
324,4,0,0,73.2751,94,15.1,0.005174384,73.0434769068076,0.0,0.0,0.0,-0.047201872,1.872201872,4625.906259,706.3349,717.641479,0.005676,0.005416
325,4,0,0,73.3913,94,15.4,0.005160931,72.5426571224092,0.0,0.0,0.001533936,-0.101982832,1.926982832,4640.207496,757.2677,673.061096,0.004919,0.005213
326,4,0,0,73.8302,0,15.4,0.005152659,71.9921791245424,0.0,0.0,0.00690271,-0.156349421,1.981349421,4656.655191,743.314392,679.488525,0.005355,0.005383
327,4,0,0,72.5858,60,15.7,0.005144489,71.5175818778238,0.0,0.0,0.00690271,-0.187799692,2.012799692,4671.135668,725.17627,754.878601,0.0,0.006094
328,4,0,0,71.9932,71,15.7,0.005130001,70.9758981344804,0.0,0.0,0.00690271,-0.203869104,2.028869104,4687.784091,702.321716,728.830078,0.0,0.005466
329,4,0,0,72.7283,76,15.9,0.005112562,70.4915806672826,0.0,0.0,0.00690271,-0.199878931,2.024878931,4703.136808,752.957275,650.252502,0.005512,0.00594
330,4,0,0,73.1882,78,15.9,0.005087608,69.975297974016,0.0,0.0,0.00690271,-0.175357103,2.000357103,4719.250357,0.0,0.0,0.0,0.0
331,4,0,0,73.5078,79,16.4,0.005065159,69.4978210869552,0.0,0.0,0.00690271,-0.135051966,1.960051966,4734.658962,695.399475,656.198608,0.0,0.005563
332,4,0,0,73.654,80,16.4,0.005046842,68.9720365928342,0.0,0.0,0.00690271,-0.071224451,1.896224451,4751.422871,0.0,0.0,0.0,0.0
333,4,0,0,74.0664,80,16.6,0.005039327,68.5186650762162,0.0,0.0,0.003834839,-0.001289129,1.826289129,4766.673165,687.683472,696.261597,0.0,0.005492
334,4,0,0,73.0151,80,16.6,0.005035573,68.0011962671828,0.0,0.0,0.003834839,0.091080904,1.733919096,4782.493447,774.056519,781.836121,0.004884,0.004801
335,4,0,0,71.9652,80,16.4,0.005032868,67.7368020472404,5.364074707,0.0,0.003834839,0.184049845,1.640950155,4797.509071,766.577209,908.058105,0.0,0.006343
336,4,0,0,72.6427,80,16.4,0.005031391,67.8346334235054,6.817016602,0.0,0.003834839,0.295994043,1.529005957,4813.760671,0.0,0.0,0.0,0.008008
337,4,0,0,73.2751,80,16.3,0.005035914,68.0326896991372,7.608032227,0.0,-0.054646454,0.393556356,1.431443644,4827.871252,0.0,0.0,0.0,0.0
338,4,0,0,73.7126,0,16.3,0.005053113,68.2606447599976,7.520141602,0.0,-0.060015228,0.397933245,1.427066755,4843.873521,775.061096,668.52948,0.0,0.006191
339,4,0,0,74.0664,75,15.9,0.005077302,68.469902025936,7.915649414,0.0,-0.016298065,0.283021212,1.541978788,4857.767791,686.157288,690.50293,0.0,0.006019
340,4,0,0,74.3041,87,15.9,0.005105447,68.7605781038306,8.355102539,0.0,0.016106323,0.036989927,1.788010073,4874.17861,681.317078,698.358215,0.008938,0.006143
341,4,0,0,72.5858,93,15.2,0.005122848,69.0117276486938,8.179321289,0.0,0.038348389,-0.169676065,1.994676065,4887.20634,779.76593,789.231873,0.005559,0.005614
342,4,0,0,69.2473,96,15.2,0.005130238,69.2904183600592,8.091430664,0.0,0.039882324,-0.331753016,2.156753016,4903.365869,717.618408,633.170105,0.005252,0.005477
343,4,0,0,68.0013,98,14.9,0.005125437,69.5214438807056,8.135375977,0.0,0.014572388,-0.380333185,2.205333185,4916.833257,745.713318,649.672424,0.00537,0.005669
344,4,0,0,68.9893,98,14.9,0.005112391,69.7799602598858,8.047485352,0.0,0.014572388,-0.369760275,2.194760275,4932.106347,731.278015,709.536926,0.005827,0.006528
345,4,0,0,69.351,100,14.3,0.005101992,69.9886964215322,7.739868164,0.0,0.009203613,-0.32998538,2.15498538,4945.412635,770.93042,799.608398,0.005404,0.005602
346,4,0,0,70.5129,102,14.3,0.005098177,70.2208646862324,7.827758789,0.0,0.008436646,-0.252759218,2.077759218,4960.474602,734.364197,612.846802,0.004879,0.005143
347,4,0,0,69.6903,104,13.8,0.005103216,70.4158439198776,7.783813477,0.0,0.001533936,-0.170878649,1.995878649,4974.286305,743.437073,603.208801,0.005048,0.005416
348,4,0,0,65.5463,108,13.8,0.005116941,70.6365698737382,7.739868164,0.0,-0.000959,-0.063539267,1.888539267,4989.400248,739.000977,654.51947,0.005421,0.005929
349,4,0,0,62.3045,110,13.0,0.005132481,70.8333604517402,7.827758789,0.0,-0.005560516,0.029342413,1.795657587,5002.670289,701.052673,708.400513,0.0,0.005822
350,4,0,0,59.5593,112,13.0,0.005147418,71.055592474253,7.783813477,0.0,-0.010162323,0.121439695,1.703560305,5017.890887,718.048279,669.584106,0.0,0.006289
351,4,0,0,58.1382,114,12.3,0.005153295,71.2415091924902,7.783813477,0.0,-0.008628387,0.183881521,1.641118479,5031.264539,709.200806,688.9953,0.0,0.005867
352,4,0,0,58.3029,117,12.3,0.005149996,71.4578151906012,7.739868164,0.0,-0.008628387,0.230887175,1.594112825,5047.256692,695.038086,732.348328,0.005319,0.005635
353,4,0,0,60.831,118,11.7,0.00513899,71.638800150782,7.783813477,0.0,-0.008628387,0.250911951,1.574088049,5060.10184,719.485413,663.092529,0.006221,0.005489
354,4,0,0,62.3045,118,11.7,0.005119317,71.8496898668428,7.783813477,0.0,-0.008628387,0.252245188,1.572754812,5076.220264,742.351929,618.134216,0.004963,0.00512
355,4,0,0,63.414,119,11.1,0.005095808,72.0309614182908,7.827758789,0.0,0.001533936,0.235563993,1.589436007,5089.81054,739.236328,658.949524,0.005196,0.005319
356,4,0,0,64.2946,120,11.1,0.00505772,72.2325458017244,8.311157227,0.0,0.001533936,0.216002226,1.608997774,5105.393639,772.78009,784.268494,0.004851,0.004882
357,4,0,0,64.9486,123,10.9,0.005013411,72.4570523044592,9.060974121,0.0,0.001533936,0.20264411,1.62235589,5119.073004,752.007629,665.503906,0.005274,0.0056
358,4,0,0,65.269,125,10.9,0.004955483,72.7692634597892,9.104919434,0.0,0.001533936,0.190819502,1.634180498,5134.756629,729.127625,658.369629,0.005134,0.005415
359,4,0,0,65.8259,127,11.0,0.004906669,73.0380903653606,9.104919434,0.0,-0.005560516,0.183810472,1.641189528,5149.179503,750.091309,638.577087,0.005004,0.005093
360,4,0,0,66.4161,128,11.0,0.004861513,73.331706820089,9.104919434,0.0,-0.024734711,0.166341066,1.658658934,5164.963466,733.417297,637.019287,0.005075,0.005256
361,4,0,0,66.8476,128,11.4,0.004835103,73.5863199704068,9.148864746,0.0,-0.045442841,0.108821154,1.716178846,5178.816659,676.092896,677.765686,0.0,0.005753
362,4,0,0,67.2604,128,11.4,0.004822807,73.9030560426412,11.21429443,0.0,-0.045442841,-0.073171854,1.898171854,5194.696313,706.252502,657.912415,0.0,0.005546
363,4,0,0,67.5794,128,11.5,0.004826962,74.3106738621252,11.21429443,0.0,-0.041608002,-0.352345705,2.177345705,5209.29655,707.969604,663.786316,0.0,0.00559
364,4,0,0,67.9763,128,11.5,0.004841438,74.752930584687,11.21429443,0.0,-0.016298065,-0.774134874,2.599134874,5225.271075,758.562683,612.67627,0.00488,0.005151
365,4,0,0,68.3275,128,11.8,0.00485623,75.146329563403,11.21429443,0.0,0.019941162,-1.218690157,3.043690157,5239.288398,769.959595,616.096802,0.00495,0.005153
366,4,0,0,68.7843,128,11.8,0.004872963,75.5755126515408,11.21429443,0.0,0.009203613,-1.699559927,3.524559927,5255.357185,711.383728,630.679688,0.0,0.005597
367,4,0,0,69.0923,128,12.4,0.004888594,75.9441948393612,11.21429443,0.0,0.013038452,1.510083199,3.964916801,5269.472932,731.786194,631.846619,0.005275,0.005296
368,4,0,0,69.403,128,12.4,0.004908752,76.3751184930826,11.21429443,0.0,0.054454712,1.074104309,4.400895691,5285.673045,728.439392,652.889893,0.005314,0.005403
369,4,0,0,69.7428,128,13.0,0.004927,76.7318698066262,11.21429443,0.0,0.030678711,0.802881479,4.672118521,5299.906504,772.28833,624.281921,0.005086,0.005249
370,4,0,0,70.0859,128,13.0,0.004944252,77.1498256078418,11.21429443,0.0,0.046785034,0.59112668,4.88387332,5316.921176,747.262878,642.028625,0.0,0.005646
371,4,0,0,70.4057,128,13.5,0.004952239,77.4966344188654,11.21429443,0.0,0.023776001,0.512387753,4.962612247,5331.274581,733.569275,642.13031,0.0,0.005505
372,4,0,0,70.6744,128,13.5,0.004952632,77.8902252791896,11.21429443,0.0,-0.005560516,0.51402998,4.96097002,5347.77121,758.946899,621.377197,0.004866,0.005023
373,4,0,0,70.918,128,14.2,0.004950126,78.2412407118524,11.21429443,0.0,-0.010162323,0.510667562,4.964332438,5362.290723,833.429688,572.014709,0.004853,0.004801
374,4,0,0,71.1632,128,14.2,0.00495131,78.6365616126766,11.21429443,0.0,0.012271484,0.479807138,4.995192862,5378.98184,764.132874,583.368225,0.004733,0.004734
375,4,0,0,71.3277,128,14.9,0.004958632,78.9652899394154,11.21429443,0.0,-0.008628387,0.467862606,5.007137394,5393.672339,755.176819,600.729309,0.004562,0.004597
376,4,0,0,71.5482,128,14.9,0.004972203,79.0821375185214,4.221496582,0.0,-0.020132904,0.447218895,5.027781105,5410.557909,773.151428,816.065979,0.005046,0.005009
377,4,0,0,71.6866,128,15.5,0.004985062,78.6361780103942,0.0,0.0,-0.010929291,0.362029552,5.112970448,5426.12655,774.142883,792.711426,0.005098,0.004944
378,4,0,0,71.5482,128,15.5,0.004996636,78.091981250454,0.0,0.0,-0.010929291,0.23829031,5.23670969,5441.066721,772.251221,783.742371,0.004965,0.004888
379,4,0,0,71.5482,129,16.1,0.005006178,77.4950747591912,0.0,0.0,-0.003259613,0.066689372,5.408310628,5458.233418,779.181213,780.088501,0.004945,0.004991
380,4,0,0,71.8814,130,16.1,0.005008142,76.960502898522,0.0,0.0,0.005368774,-0.111865878,5.586865878,5473.332905,683.717224,659.727417,0.0,0.005523
381,4,0,0,72.3306,130,16.5,0.005000094,76.3740455943848,0.0,0.0,0.016106323,-0.294290781,5.769290781,5490.677875,761.874329,821.554199,0.004897,0.004813
382,4,0,0,72.5574,130,16.5,0.00498615,75.8484769127578,0.0,0.0,0.00690271,-0.41767168,5.89267168,5506.659037,694.728516,614.755676,0.004709,0.004844
383,4,0,0,72.7855,130,17.0,0.004968768,75.2519034583146,0.0,0.0,0.023009033,-0.526594281,6.001594281,5523.448809,740.395691,639.056274,0.005019,0.005284
384,4,0,0,72.9863,130,17.0,0.004956335,74.7525484790908,0.0,0.0,0.030678711,-0.573816657,6.048816657,5539.560363,752.376892,678.865417,0.005305,0.00542
385,4,0,0,73.3041,130,17.4,0.004947954,74.1662832496826,0.0,0.0,0.008436646,-0.531300545,6.006300545,5557.061642,711.575073,684.868408,0.0,0.005454
386,4,0,0,73.3622,130,17.4,0.004947566,73.6754335679852,0.0,0.0,-0.020132904,-0.450840354,5.925840354,5572.256261,680.881897,668.973389,0.0,0.00578
387,4,0,0,73.8302,130,17.7,0.004955141,73.0974528829356,0.0,0.0,0.0,-0.367539048,5.842539048,5589.486311,761.246582,828.463318,0.005027,0.005262
388,4,0,0,73.6247,130,17.7,0.004964607,72.6145559318756,0.0,0.0,0.026843872,-0.314002991,5.789002991,5605.155188,734.362305,648.555115,0.005278,0.005457
389,4,0,0,74.1257,130,18.1,0.004968625,72.0465293205006,0.0,0.0,-0.010929291,-0.190349102,5.665349102,5622.113555,757.487793,654.929016,0.005773,0.005419
390,4,0,0,74.334,130,18.1,0.004959268,71.5528827668172,0.0,0.0,-0.016298065,-0.081121802,5.556121802,5636.837525,746.142517,638.048523,0.00494,0.005043
391,4,0,0,74.4835,130,18.4,0.004934297,71.0117960886138,0.0,0.0,-0.016298065,-0.009473801,5.484473801,5653.534958,787.386902,791.132019,0.004984,0.004861
392,4,0,0,74.7239,0,18.4,0.00490729,70.525803861745,0.0,0.0,-0.004793549,0.012432337,5.462567663,5668.03221,704.84491,602.851501,0.0,0.005064
393,4,0,0,74.9052,70,18.3,0.004883362,70.2757746589228,5.75958252,0.0,-0.004793549,0.012357354,5.462642646,5685.154292,698.451416,647.062622,0.0,0.005294
394,4,0,0,74.9356,81,18.3,0.00487518,70.3145417926884,5.75958252,0.0,-0.004793549,0.00068,5.474319673,5698.746325,716.039673,666.62793,0.0,0.005513
395,4,0,0,75.1484,87,18.6,0.004879888,70.358468390027,5.75958252,0.0,-0.004793549,-0.025499821,5.500499821,5715.605475,748.437805,654.972717,0.006239,0.005408
396,4,0,0,75.3318,89,18.6,0.004894225,70.4255790589386,6.685180664,0.0,-0.004793549,-0.059380293,5.534380293,5729.655182,775.5177,807.108093,0.005082,0.005028
397,4,0,0,75.3318,90,18.5,0.004920248,70.630854415382,8.662719727,0.0,0.001533936,-0.110183001,5.585183001,5745.588518,738.240112,657.326294,0.0053,0.005462
398,4,0,0,74.9356,90,18.5,0.004946634,70.8974133263716,8.618774414,0.0,0.003834839,-0.156024814,5.631024814,5759.423236,706.156494,661.360107,0.0,0.005608
399,4,0,0,73.3622,90,18.5,0.00497461,71.1886667549912,8.486938477,0.0,0.003067871,-0.201075196,5.676075196,5775.112962,738.773804,650.098816,0.005271,0.005404
400,4,0,0,73.1304,90,18.5,0.004997922,71.4107904850154,7.651977539,0.0,0.00690271,-0.232850075,5.707850075,5789.428159,716.711304,649.325928,0.005339,0.005533
401,4,0,0,73.537,90,18.4,0.005028549,71.3605283988988,0.0,0.0,0.013038452,-0.254616618,5.729616618,5805.052955,784.239685,817.865906,0.005344,0.00527
402,4,0,0,73.3913,90,18.4,0.005059961,71.3178873584456,8.179321289,0.0,0.013038452,-0.24215889,5.71715889,5818.733137,747.044678,655.314819,0.005468,0.005514
403,4,0,0,73.8007,90,18.7,0.005093553,71.5874603379476,8.135375977,0.0,0.016106323,-0.193807006,5.668807006,5834.386275,0.0,0.0,0.0,0.0
404,4,0,0,73.742,90,18.7,0.005106104,71.7897166852048,7.256469727,0.0,0.003067871,-0.114106894,5.589106894,5848.124125,1162.991211,735.982483,0.0,0.009471
405,4,0,0,73.8596,90,18.6,0.005084894,71.9491346708314,7.212524414,0.0,-0.003259613,0.003316283,5.471683717,5864.548589,0.0,0.0,0.0,0.0
406,4,0,0,74.2446,90,18.6,0.005039978,72.0890197428232,7.344360352,0.0,-0.019365936,0.099630952,5.375369048,5877.740547,0.0,0.0,0.0,0.0
407,4,0,0,74.7239,91,18.3,0.004981144,72.2573831643728,7.388305664,0.0,-0.008628387,0.183728337,5.291271663,5894.279932,754.50061,625.68811,0.005508,0.004961
408,4,0,0,74.7842,92,18.3,0.004934364,72.4054165339988,7.388305664,0.0,-0.008628387,0.222751379,5.252248621,5908.139772,815.698975,667.897095,0.0,0.005976
409,4,0,0,74.6035,92,18.0,0.004888572,72.567537309595,7.432250977,0.0,0.0,0.243876219,5.231123781,5924.012407,664.906921,611.280212,0.0,0.005511
410,4,0,0,74.9052,92,18.0,0.004859288,72.7069707203158,7.432250977,0.0,0.0,0.254145384,5.220854616,5937.949852,696.292908,656.933105,0.0,0.005474
411,4,0,0,75.1789,94,17.4,0.004844593,72.8767502484116,7.432250977,0.0,-0.000959,0.265985727,5.209014273,5953.919771,715.194092,659.208191,0.0,0.005586
412,4,0,0,75.5162,96,17.4,0.004847311,73.0224535029318,7.564086914,0.0,0.0,0.275664091,5.199335909,5968.591628,719.15387,649.430725,0.0,0.005653
413,4,0,0,75.7633,96,16.8,0.004859805,73.189458544961,7.564086914,0.0,-0.010162323,0.288303852,5.186696148,5983.965227,705.784485,633.05481,0.0,0.005386
414,4,0,0,75.9186,97,16.8,0.004871264,73.3379317311156,7.564086914,0.0,-0.023200775,0.283160686,5.191839314,5998.704523,692.545715,626.778381,0.0,0.005554
415,4,0,0,76.1058,98,16.4,0.00487967,73.5002538995194,7.608032227,0.0,-0.007094452,0.229200363,5.245799637,6014.821344,1117.42981,797.798889,0.0,0.008911
416,4,0,0,75.7014,98,16.4,0.004881804,73.6457437233688,7.608032227,0.0,-0.010162323,0.159566641,5.315433359,6029.629038,711.478821,661.471924,0.0,0.00552
417,4,0,0,73.654,98,16.2,0.00488141,73.8037049505208,7.608032227,0.0,-0.004793549,0.058479071,5.416520929,6045.144438,712.421875,709.590027,0.0,0.006496
418,4,0,0,74.0072,98,16.2,0.00488385,73.9460845799796,7.608032227,0.0,0.017640259,-0.038950682,5.513950682,6060.019623,745.901123,795.550415,0.0,0.005595
419,4,0,0,74.3041,98,15.8,0.004892844,74.1095044148238,7.608032227,0.0,0.017640259,-0.106759071,5.581759071,6076.285594,691.162415,617.979187,0.0,0.005466
420,4,0,0,74.6636,98,15.8,0.004903625,74.2452640563794,7.564086914,0.0,0.008436646,-0.11368072,5.58868072,6090.550722,664.041077,636.88269,0.005249,0.005057
421,4,0,0,74.8447,98,15.7,0.004915588,74.3933459636998,7.212524414,0.0,0.005368774,-0.086800098,5.561800098,6106.890233,669.613586,739.468811,0.0,0.005928
422,4,0,0,74.9659,98,15.7,0.004926027,74.4369891079842,6.069946289,0.0,0.017640259,-0.028885841,5.503885841,6121.218896,703.992188,718.519714,0.0,0.00586
423,4,0,0,74.6035,97,15.7,0.004941515,74.4486617958448,6.377563477,0.0,-0.043141937,0.104369283,5.370630717,6138.31464,686.793274,729.942993,0.0,0.006307
424,4,0,0,74.2446,97,15.7,0.004961245,74.4682049126952,5.715637207,0.0,-0.030103485,0.146076202,5.328923798,6152.021131,1038.421387,911.10321,0.0,0.008713
425,4,0,0,74.0664,98,15.6,0.004991853,74.4520880002378,6.069946289,0.0,-0.033938324,0.09447968,5.38052032,6169.191315,0.0,0.0,0.0,0.0
426,4,0,0,74.1257,99,15.6,0.005024265,74.4795228859264,6.377563477,0.0,-0.004793549,-0.030292034,5.505292034,6183.644957,706.180115,734.757202,0.0,0.006017
427,4,0,0,74.6335,102,15.8,0.005062732,74.4931587754662,5.894165039,0.0,0.032212646,-0.236595035,5.711595035,6200.183834,701.017883,746.74762,0.0,0.006166
428,4,0,0,75.0266,104,15.8,0.005092763,74.505248169733,6.377563477,0.0,0.04141626,-0.378552794,5.853552794,6214.657781,714.771606,628.116089,0.004964,0.005098
429,4,0,0,75.3625,106,16.0,0.005120147,74.5398109510288,6.333618164,0.0,0.032979614,-0.429254651,5.904254651,6231.205246,701.875671,671.144897,0.008045,0.005585
430,4,0,0,74.9963,107,16.0,0.005137996,74.565856155534,6.113891602,0.0,0.001533936,-0.383711576,5.858711576,6246.37133,601.594421,705.639282,0.00538,0.005753
431,4,0,0,72.8714,108,16.2,0.005152619,74.5973444054136,6.333618164,0.0,-0.008628387,-0.282450318,5.757450318,6262.921057,697.016174,687.256104,0.0,0.005677
432,4,0,0,72.9001,109,16.2,0.005161343,74.6293697725182,6.333618164,0.0,0.003067871,-0.201388836,5.676388836,6277.404441,725.60968,672.526428,0.0,0.005614
433,4,0,0,73.5954,110,16.4,0.005168487,74.6677506485904,6.377563477,0.0,0.021475098,-0.121040821,5.596040821,6293.962477,758.025208,579.605713,0.004668,0.004567
434,4,0,0,74.1554,111,16.4,0.005176804,74.7026959539108,6.421508789,0.0,0.017640259,-0.024432421,5.499432421,6308.457634,742.456726,591.326721,0.004855,0.004819
435,4,0,0,74.2446,113,16.6,0.005194169,74.7397396132836,6.377563477,0.0,0.018407227,0.124651074,5.350348926,6325.720179,706.023682,588.60321,0.004543,0.004598
436,4,0,0,73.8596,116,16.6,0.005214922,74.772967109088,6.421508789,0.0,0.013038452,0.301218987,5.173781013,6339.536916,730.535706,586.742981,0.004681,0.004539
437,4,0,0,74.3041,119,16.4,0.005239417,74.8111763329558,6.377563477,0.0,0.013038452,0.558620691,4.916379309,6356.816758,742.349915,609.106018,0.006186,0.005049
438,4,0,0,73.2751,122,16.4,0.005257688,74.844399596196,6.377563477,0.0,0.013038452,0.801763058,4.673236942,6371.339379,742.543091,634.315186,0.0,0.005119
439,4,0,0,72.5574,125,16.6,0.005269095,74.8823462723362,6.421508789,0.0,0.005368774,1.117649555,4.357350445,6387.944763,752.349487,636.453918,0.00506,0.005003
440,4,0,0,69.6117,128,16.6,0.005267069,74.9153778953692,6.377563477,0.0,-0.012463226,1.410003185,4.064996815,6402.481316,704.215576,649.631226,0.0,0.00533
441,4,0,0,67.5548,129,16.4,0.005252288,74.952858410085,6.421508789,0.0,-0.012463226,1.727803946,3.747196054,6419.102408,712.753296,643.794006,0.0,0.0055
442,4,0,0,67.1141,129,16.4,0.005232594,74.985236641078,6.421508789,0.0,-0.012463226,-1.613887072,3.438887072,6434.345794,704.729492,666.830872,0.0,0.005911
443,4,0,0,65.1542,130,16.0,0.005206801,75.0233279646974,6.509399414,0.0,0.001533936,-1.360340834,3.185340834,6450.982953,722.205078,664.219177,0.0,0.006003
444,4,0,0,64.0722,130,16.0,0.005183519,75.0593300592222,6.509399414,0.0,0.003067871,-1.149668455,2.974668455,6465.548257,733.634888,618.531128,0.0,0.005439
445,4,0,0,65.017,130,15.9,0.005158026,75.1032851418788,6.509399414,0.0,0.0,-0.901016951,2.726016951,6482.203519,685.716187,661.332092,0.005312,0.005582
446,4,0,0,64.7895,131,15.9,0.005136096,75.1468650069144,6.685180664,0.0,-0.012463226,-0.676741838,2.501741838,6497.479422,706.960083,701.230774,0.005791,0.005536
447,4,0,0,62.833,131,15.5,0.005107423,75.19611699078,6.597290039,0.0,-0.012463226,-0.454571962,2.279571962,6513.458435,711.384216,639.929504,0.005001,0.005115
448,4,0,0,62.897,132,15.5,0.005078106,75.2378317112226,6.553344727,0.0,-0.013997162,-0.284730673,2.109730673,6528.751544,719.014893,655.844604,0.005049,0.005315
449,4,0,0,62.3675,132,15.5,0.005045056,75.2840734407116,6.597290039,0.0,-0.016298065,-0.141362429,1.966362429,6545.446102,720.544189,659.536499,0.0,0.005521
450,4,0,0,64.0279,132,15.5,0.005021436,75.3232962269114,6.553344727,0.0,-0.015531097,-0.065798998,1.890798998,6560.06432,714.966125,689.313904,0.0,0.005867
451,4,0,0,65.3843,132,15.4,0.004999653,75.367896172106,6.597290039,0.0,-0.016298065,-0.020604372,1.845604372,6576.781819,704.371704,652.26947,0.005391,0.005577
452,4,0,0,66.226,132,15.4,0.004982448,75.406396171525,6.597290039,0.0,-0.016298065,-0.01853919,1.84353919,6591.419279,685.048889,676.531616,0.005551,0.005664
453,4,0,0,66.7272,133,15.4,0.004966768,75.4496319274818,6.553344727,0.0,-0.004793549,-0.057768106,1.882768106,6608.855966,725.163513,678.666809,0.0,0.005586
454,4,0,0,67.2848,133,15.4,0.004959885,75.4888234120186,6.553344727,0.0,0.016106323,-0.113577127,1.938577127,6622.813801,687.034485,686.868896,0.0,0.005927
455,4,0,0,67.827,133,15.3,0.004958445,75.5310704216662,6.553344727,0.0,0.010737549,-0.154721498,1.979721498,6640.271396,703.947205,684.81073,0.0,0.005833
456,4,0,0,68.2771,133,15.3,0.004957024,75.5675918663024,6.597290039,0.0,-0.000959,-0.158923864,1.983923864,6654.944446,684.430725,699.573792,0.0,0.006079
457,4,0,0,68.6823,133,15.6,0.004949489,75.608730282091,6.553344727,0.0,0.019941162,-0.155151129,1.980151129,6671.723393,695.959473,711.625305,0.0,0.006182
458,4,0,0,68.7843,135,15.6,0.004936815,75.6445898212786,6.553344727,0.0,0.032212646,-0.128165483,1.953165483,6686.413345,0.0,0.0,0.0,0.0
459,4,0,0,68.1264,137,15.5,0.004917936,75.684207442954,6.553344727,0.0,0.003834839,-0.023261309,1.848261309,6703.211192,0.0,0.0,0.0,0.0
460,4,0,0,67.3827,140,15.5,0.004900637,75.7198783353068,6.553344727,0.0,-0.005560516,0.097385168,1.727614832,6718.617843,795.416992,810.021301,0.0,0.006745
461,4,0,0,68.1515,145,15.5,0.004882319,75.7573751365434,6.509399414,0.0,-0.005560516,0.212965727,1.612034273,6735.433855,736.532104,672.783325,0.0,0.005879
462,4,0,0,68.8867,149,15.5,0.004870891,75.7918254088798,6.553344727,0.0,-0.004793549,0.309858561,1.515141439,6750.155644,715.588928,684.099304,0.0,0.005781
463,4,0,0,69.2732,152,15.5,0.004869813,75.8291076529076,6.553344727,0.0,-0.005560516,0.403078318,1.421921682,6766.989438,0.0,0.0,0.0,0.0
464,4,0,0,69.5594,154,15.5,0.004880301,75.8617117547696,6.553344727,0.0,-0.019365936,0.47106576,1.35393424,6781.726614,687.595276,693.190308,0.0,0.005947
465,4,0,0,69.5333,156,15.4,0.004896834,75.8985986161462,6.597290039,0.0,-0.019365936,0.499074697,1.325925303,6799.279972,694.696594,682.781494,0.0,0.005901
466,4,0,0,69.9271,164,15.4,0.00490683,75.9297520750256,6.597290039,0.0,-0.015531097,0.479529142,1.345470858,6813.329773,720.431702,675.749512,0.0,0.005988
467,4,0,0,69.7954,171,15.4,0.004910827,75.9659380044586,6.553344727,0.0,-0.005560516,0.414009333,1.410990667,6830.900713,748.40448,695.070007,0.0,0.005947
468,4,0,0,69.5594,174,15.4,0.004915229,75.9968122106612,6.553344727,0.0,0.001533936,0.331059217,1.493940783,6845.667436,0.0,0.0,0.0,0.0
469,4,0,0,69.7428,176,15.3,0.004930303,76.0271587786514,6.597290039,0.0,0.001533936,0.244025946,1.580974054,6860.440626,791.380676,808.978821,0.005426,0.005383
470,4,0,0,70.3789,176,15.3,0.00496457,76.0616123823216,6.553344727,0.0,0.001533936,0.153658628,1.671341372,6877.332203,761.069519,672.6698,0.006222,0.005437
471,4,0,0,70.7554,176,15.6,0.005001693,76.091471770907,6.553344727,0.0,0.0,0.080633402,1.744366598,6892.823521,701.672485,674.491394,0.0,0.005634
472,4,0,0,71.1632,176,15.6,0.005036862,76.1247655071458,6.553344727,0.0,0.008436646,-0.003037691,1.828037691,6909.731043,0.0,0.0,0.0,0.0
473,4,0,0,71.054,176,15.8,0.005053904,76.1536765760428,6.553344727,0.0,0.003067871,-0.070957422,1.895957422,6924.531769,0.0,0.0,0.0,0.0
474,4,0,0,71.6589,176,15.8,0.005056818,76.1884432607166,6.597290039,0.0,0.003834839,-0.135067701,1.960067701,6941.454472,0.0,0.0,0.0,0.0
475,4,0,0,71.9932,176,16.1,0.005046826,76.219835626119,6.597290039,0.0,0.005368774,-0.191062212,2.016062212,6956.268743,693.162109,652.594421,0.0,0.005731
476,4,0,0,72.246,176,16.1,0.005026159,76.25524617554,6.597290039,0.0,0.005368774,-0.243432283,2.068432283,6973.913448,0.0,0.0,0.0,0.0
477,4,0,0,72.4438,175,16.0,0.005004124,76.284524415358,6.641235352,0.0,0.005368774,-0.276366472,2.101366472,6988.035872,1102.36084,936.281128,0.0,0.007025
478,4,0,0,72.5574,175,16.0,0.004976795,76.3168173191442,6.597290039,0.0,0.005368774,-0.301034212,2.126034212,7005.696686,855.522217,841.690796,0.0,0.006841
479,4,0,0,72.8428,175,16.2,0.00495375,76.3426213157702,6.597290039,0.0,0.005368774,-0.308716059,2.133716059,7020.538195,683.309326,706.980896,0.0,0.005964
480,4,0,0,73.0439,173,16.2,0.004934255,76.373334072984,6.553344727,0.0,0.003834839,-0.304234266,2.129234266,7037.506796,778.815308,814.102478,0.005724,0.005204
481,4,0,0,73.3331,172,16.0,0.004927259,76.3989950636576,6.333618164,0.0,-0.000959,-0.288746119,2.113746119,7052.360052,768.998108,680.483887,0.0,0.006084
482,4,0,0,73.5954,172,16.0,0.004930006,75.9892430823062,0.0,0.0,-0.000959,-0.270169973,2.095169973,7069.273491,756.529297,791.452576,0.0,0.005816
483,4,0,0,73.7713,171,16.2,0.0049345,75.4861305516768,0.0,0.0,-0.000959,-0.256990671,2.081990671,7084.655123,799.990906,782.985291,0.005675,0.005622
484,4,0,0,73.9186,170,16.2,0.004932097,74.9454983189026,3.518371582,0.0,-0.000959,-0.24519372,2.07019372,7101.317408,689.671204,713.690796,0.0,0.006282
485,4,0,0,74.2446,169,16.1,0.004922213,74.7866141191672,3.913879395,0.0,-0.000959,-0.23786664,2.06286664,7115.852732,1306.786743,854.737,0.0,0.008887
486,4,0,0,74.3638,169,16.1,0.004903291,74.6191730103716,4.221496582,0.0,-0.000959,-0.232117414,2.057117414,7132.427757,0.0,0.0,0.0,0.0
487,4,0,0,74.5134,168,16.3,0.004877545,74.5004052150578,5.23223877,0.0,-0.000959,-0.229464769,2.054464769,7146.910396,816.015381,794.374084,0.0,0.006432
488,4,0,0,74.8447,168,16.3,0.004837187,74.4506361341568,5.320129395,0.0,-0.000959,-0.229005575,2.054005575,7163.450575,1137.886353,841.046082,0.0,0.008307
489,4,0,0,74.9963,167,16.5,0.004798448,74.409106520001,5.58380127,0.0,0.0,-0.230464697,2.055464697,7177.913302,828.265076,649.404419,0.0,0.005978
490,4,0,0,75.1484,167,16.5,0.004758912,74.362822303936,5.276184082,0.0,0.0,-0.232459784,2.057459784,7195.119184,733.616516,639.135681,0.0,0.005601
491,4,0,0,75.1789,167,16.6,0.004732075,74.323159314966,5.320129395,0.0,0.0,-0.234151602,2.059151602,7209.562538,678.762817,666.172302,0.0,0.005551
492,4,0,0,75.3625,166,16.6,0.004711956,74.2783699665468,5.58380127,0.0,0.001533936,-0.236002207,2.061002207,7226.060516,779.10199,809.520508,0.005181,0.005544
493,4,0,0,75.4546,166,16.7,0.004705038,74.2434422513126,5.671691895,0.0,-0.000959,-0.23581624,2.06081624,7240.491012,669.224121,662.57843,0.005326,0.005579
494,4,0,0,75.6086,166,16.7,0.004708707,74.2200055133596,5.58380127,0.0,-0.000959,-0.23403573,2.05903573,7256.96945,0.0,0.0,0.0,0.0
495,4,0,0,75.6704,166,16.6,0.00471794,74.1687532969014,5.364074707,0.0,-0.000959,-0.234405756,2.059405756,7272.051692,1137.394531,925.902222,0.0,0.008103
496,4,0,0,75.9186,165,16.6,0.004731175,74.0813212665022,4.265441895,0.0,0.003834839,-0.235500097,2.060500097,7287.80222,833.791626,845.789795,0.0,0.006845
497,4,0,0,76.1998,165,16.4,0.004743675,73.9977447963146,5.05645752,0.0,0.003834839,-0.230264425,2.055264425,7302.855516,682.879211,717.743713,0.0,0.006127
498,4,0,0,76.3254,165,16.4,0.004757139,73.9294465471368,5.100402832,0.0,0.003834839,-0.214153051,2.039153051,7319.267351,739.516785,795.059204,0.0,0.006404
499,4,0,0,76.673,165,16.3,0.00476618,73.8849247836794,5.144348145,0.0,0.0,-0.190605879,2.015605879,7333.620441,0.0,0.0,0.0,0.0
500,4,0,0,76.8002,165,16.3,0.004776118,73.8434182474592,5.188293457,0.0,0.0,-0.162063837,1.987063837,7350.019144,837.479919,620.867126,0.0,0.006789
501,4,0,0,76.9918,165,16.2,0.004791842,73.8164846229004,5.58380127,0.0,-0.010929291,-0.139754057,1.964754057,7365.046917,0.0,0.0,0.0,0.0
502,4,0,0,77.1522,165,16.2,0.004826479,73.796712496968,5.58380127,0.0,-0.004793549,-0.135124445,1.960124445,7381.436165,686.873413,614.004578,0.0,0.005164
503,4,0,0,77.4102,165,16.1,0.004878024,73.780054620963,5.58380127,0.0,0.001533936,-0.142869711,1.967869711,7395.772799,761.761292,614.860291,0.004801,0.004939
504,4,0,0,77.5398,165,16.1,0.004965079,73.7603342353116,5.58380127,0.0,0.001533936,-0.152747869,1.977747869,7412.153044,777.056885,611.154602,0.00483,0.005156
505,4,0,0,77.7025,165,16.0,0.005058921,73.7434465455546,5.58380127,0.0,0.001533936,-0.157641172,1.982641172,7426.481907,854.721619,658.856628,0.0,0.005469
506,4,0,0,77.7678,165,16.0,0.005167063,73.7240955517134,5.58380127,0.0,0.001533936,-0.159810305,1.984810305,7443.535454,740.69928,646.829102,0.0,0.005442
507,4,0,0,77.8986,165,15.9,0.005244106,73.707633838161,5.58380127,0.0,0.001533936,-0.158460379,1.983460379,7457.174721,729.836121,620.513672,0.0,0.005142
508,4,0,0,78.0628,165,15.9,0.005297749,73.6882311845058,5.58380127,0.0,0.001533936,-0.152993917,1.977993917,7474.219404,737.186401,594.151611,0.005052,0.00486
509,4,0,0,78.1616,165,15.5,0.005315453,73.6715449197432,5.58380127,0.0,0.001533936,-0.144383669,1.969383669,7488.533207,748.708984,586.808899,0.004818,0.004937
510,4,0,0,78.2607,165,15.5,0.005313681,73.6526277717792,5.58380127,0.0,0.001533936,-0.130909681,1.955909681,7504.887727,740.385925,596.488281,0.004873,0.004962
511,4,0,0,78.0628,165,14.8,0.005301477,73.6357600217448,5.58380127,0.0,0.001533936,-0.115023375,1.940023375,7519.194387,800.302002,592.093201,0.0,0.008368
512,4,0,0,77.7678,165,14.8,0.005280691,73.617914822968,5.58380127,0.0,0.001533936,-0.094616652,1.919616652,7535.540885,0.0,0.0,0.0,0.00802
513,4,0,0,77.7678,165,14.6,0.005257416,73.6020527816864,5.58380127,0.0,0.001533936,-0.072865725,1.897865725,7550.521491,1406.394653,671.822815,0.0,0.008909
514,4,0,0,78.2607,166,14.6,0.0052207,73.5840680048514,5.58380127,0.0,-0.000959,-0.042364836,1.867364836,7566.859996,699.088501,657.145203,0.0,0.005885
515,4,0,0,78.5262,166,14.3,0.00517589,73.5680503242984,5.58380127,0.0,-0.005560516,-0.016674757,1.841674757,7581.152834,940.83728,650.452271,0.009498,0.005494
516,4,0,0,78.76,166,14.3,0.005115456,73.5505102081054,5.58380127,0.0,-0.005560516,-0.001743078,1.826743078,7597.483649,720.855286,606.395203,0.004906,0.005306
517,4,0,0,78.8606,167,14.1,0.005064906,73.5348658944324,5.58380127,0.0,-0.004793549,-0.001096964,1.826096964,7611.769804,715.637878,639.778076,0.0,0.005627
518,4,0,0,79.1979,167,14.1,0.005017705,73.5177914890486,5.58380127,0.0,-0.010162323,-0.008949518,1.833949518,7628.773335,0.0,0.0,0.0,0.0
519,4,0,0,79.2657,167,13.9,0.004987354,73.5025636403808,5.58380127,0.0,-0.008628387,-0.024814367,1.849814367,7642.373097,697.652405,683.347717,0.0,0.005816
520,4,0,0,79.5039,167,13.9,0.00496618,73.48529442439,5.58380127,0.0,-0.003259613,-0.070694685,1.895694685,7659.368728,753.555786,670.156494,0.0,0.005923
521,4,0,0,79.6064,167,13.7,0.004960136,73.4704832821284,5.58380127,0.0,0.012271484,-0.124593496,1.949593496,7673.641486,716.396973,673.35199,0.0,0.006052
522,4,0,0,79.9156,167,13.7,0.004966659,73.454442089118,5.58380127,0.0,0.025309937,-0.168703794,1.993703794,7689.949129,748.1651,716.73291,0.0,0.006231
523,4,0,0,80.0538,167,13.5,0.004983213,73.439686774861,5.58380127,0.0,0.019941162,-0.160264254,1.985264254,7704.215547,695.35199,688.172913,0.0,0.005949
524,4,0,0,80.1925,166,13.5,0.005015437,73.4230613753372,5.58380127,0.0,0.017640259,-0.086692095,1.911692095,7720.517286,706.139282,657.847717,0.005252,0.005531
525,4,0,0,80.4363,166,14.3,0.00505334,73.4088368375056,5.58380127,0.0,0.018407227,0.022117376,1.802882624,7735.457647,675.00293,685.532104,0.0,0.006024
526,4,0,0,80.5062,166,14.3,0.005099135,73.393140960579,5.58380127,0.0,0.0,0.189844847,1.635155153,7751.073302,693.433777,689.741699,0.0,0.006083
527,4,0,0,80.5062,166,14.9,0.005132095,73.3796083584804,5.58380127,0.0,-0.030870453,0.36532855,1.45967145,7766.00617,0.0,0.0,0.0,0.0
528,4,0,0,79.538,166,14.9,0.005151214,73.3637146775744,5.58380127,0.0,-0.020132904,0.513756514,1.311243486,7782.29294,1146.826538,870.708191,0.0,0.008586
529,4,0,0,79.1302,166,15.5,0.005146569,73.350277557618,5.58380127,0.0,-0.041608002,0.577751398,1.247248602,7797.219752,1218.917236,764.005127,0.0,0.007732
530,4,0,0,79.2657,165,15.5,0.005121931,73.3341565413436,5.58380127,0.0,-0.033938324,0.551817179,1.273182821,7812.822744,0.0,0.0,0.0,0.007092
531,4,0,0,79.6064,165,16.4,0.005097105,73.3203069958254,5.58380127,0.0,-0.017832001,0.430013895,1.394986105,7827.744948,808.18811,604.22998,0.0,0.005394
532,4,0,0,79.8123,167,16.4,0.005083001,73.3052905661534,5.58380127,0.0,-0.003259613,0.237334967,1.587665033,7844.020692,852.190491,622.443909,0.0,0.005533
533,4,0,0,80.0884,170,16.8,0.005090357,73.2926612222232,5.58380127,0.0,0.009203613,0.046379805,1.778620195,7858.259306,0.0,0.0,0.0,0.0
534,4,0,0,79.7092,171,16.8,0.005117991,73.2789894926816,5.58380127,0.0,0.023009033,-0.157328844,1.982328844,7874.527678,788.614929,648.2995,0.0,0.006057
535,4,0,0,79.8467,172,17.6,0.005150856,73.266907549659,5.58380127,0.0,0.026843872,-0.280087233,2.105087233,7888.733104,708.367615,664.447083,0.0,0.005755
536,4,0,0,79.1979,173,17.6,0.005190277,73.252461631017,5.58380127,0.0,0.016106323,-0.354768038,2.179768038,7905.601488,702.984802,655.97052,0.005208,0.005472
537,4,0,0,77.2165,173,18.2,0.005225681,73.2406945231786,5.58380127,0.0,0.014572388,-0.369968653,2.194968653,7919.088439,755.977905,661.358582,0.005404,0.005677
538,4,0,0,74.5134,173,18.2,0.005271043,73.2270356361702,5.58380127,0.0,0.014572388,-0.347416639,2.172416639,7935.9433,719.672607,685.223389,0.0,0.005927
539,4,0,0,74.0664,173,18.5,0.005319783,73.2156937803334,5.58380127,0.0,0.017640259,-0.295232058,2.120232058,7950.098127,707.714783,711.912109,0.0,0.005903
540,4,0,0,74.7239,174,18.5,0.005392907,73.0243889917762,2.856445313,0.0,0.021475098,-0.174679041,1.999679041,7966.271362,856.787292,617.380676,0.0,0.005517
541,4,0,0,75.5778,174,18.7,0.005475648,72.864098599029,4.70489502,0.0,0.0,-0.023761988,1.848761988,7980.419167,824.142517,653.695129,0.0,0.005703
542,4,0,0,76.0746,174,18.7,0.005588664,72.8363397049182,5.495910645,0.0,-0.020132904,0.149174929,1.675825071,7996.584902,766.728577,453.951202,0.0,0.005522
543,4,0,0,76.6413,176,18.7,0.005698033,72.8179341500468,5.58380127,0.0,-0.030103485,0.278377295,1.546622705,8011.4004,0.0,0.0,0.0,0.005233
544,4,0,0,77.0559,178,18.7,0.005826074,72.801489398938,5.364074707,0.0,-0.016298065,0.338464499,1.486535501,8027.558467,717.189392,586.55658,0.0,0.0055
545,4,0,0,77.0879,179,17.7,0.00592404,72.7876398856066,5.58380127,0.0,-0.016298065,0.342110395,1.482889605,8041.693782,0.0,0.0,0.0,0.0
546,4,0,0,77.0559,179,17.7,0.005988664,72.768799921589,5.276184082,0.0,-0.016298065,0.299962282,1.525037718,8057.844738,0.0,0.0,0.0,0.0
547,4,0,0,76.0746,179,16.8,0.005985295,72.7540764883574,5.495910645,0.0,-0.02166684,0.223100424,1.601899576,8071.973826,0.0,0.0,0.0,0.0
548,4,0,0,76.1371,179,16.8,0.005916121,72.7431793414428,5.539855957,0.0,-0.02166684,0.096957445,1.728042555,8088.790166,0.0,0.0,0.0,0.0
549,4,0,0,76.6413,179,16.4,0.005818386,72.7280658685688,5.364074707,0.0,0.003834839,-0.043199778,1.868199778,8102.239789,0.0,0.0,0.0,0.0
550,4,0,0,76.8321,181,16.4,0.005693343,72.7098612558898,5.58380127,0.0,0.009203613,-0.230699301,2.055699301,8119.04773,0.0,0.0,0.0,0.009495
551,4,0,0,77.4102,182,15.6,0.005595584,72.6939757021508,5.364074707,0.0,0.03451355,-0.365252256,2.190252256,8133.162505,1168.750244,803.894897,0.0,0.008938
552,4,0,0,77.5398,185,15.6,0.005517173,72.6736819408442,5.539855957,0.0,0.029144775,-0.449630022,2.274630022,8149.290097,1256.604126,686.944092,0.0,0.008548
553,4,0,0,77.6699,186,15.0,0.005477922,72.6610471412514,5.58380127,0.0,0.029144775,-0.470168352,2.295168352,8163.396842,1412.35791,839.331787,0.0,0.007767
554,4,0,0,77.7025,189,15.0,0.005447261,72.643912643112,5.320129395,0.0,0.021475098,-0.409010172,2.234010172,8179.513001,1435.734131,923.696289,0.0,0.007849
555,4,0,0,78.1616,190,14.4,0.00541586,72.6291045264096,5.539855957,0.0,0.001533936,-0.298238039,2.123238039,8194.283141,1362.029297,860.493774,0.0095,0.007965
556,4,0,0,78.1287,193,14.4,0.005367111,72.6120059970192,5.58380127,0.0,-0.000959,-0.15839982,1.98339982,8210.390895,0.0,0.0,0.0,0.0
557,4,0,0,78.1946,196,13.8,0.005314576,72.593106583982,5.276184082,0.0,-0.007094452,-0.03968215,1.86468215,8224.482216,776.070129,719.27179,0.0,0.006475
558,4,0,0,77.0238,197,13.8,0.005247446,72.5759214560062,5.40802002,0.0,-0.069218842,0.07075429,1.75424571,8240.582631,706.63208,670.653809,0.0,0.005901
559,4,0,0,77.2487,197,13.4,0.005188854,72.5528175939388,5.58380127,0.0,-0.058481293,0.057478189,1.767521811,8255.337895,703.35907,696.224976,0.0,0.005861
560,4,0,0,76.4514,197,13.4,0.005136271,72.5339636769434,5.539855957,0.0,0.054454712,-0.111724615,1.936724615,8268.750162,0.0,0.0,0.0,0.0
561,4,0,0,76.5146,197,12.9,0.005085198,72.5133774502786,5.495910645,0.0,0.076696777,-0.283251047,2.108251047,8285.511875,682.846008,694.638123,0.0,0.005944
562,4,0,0,76.5779,197,12.9,0.005047408,72.4920808931246,5.23223877,0.0,-0.012463226,-0.249359369,2.074359369,8299.588646,666.559082,686.356628,0.0,0.006042
563,4,0,0,76.9598,196,12.8,0.005011895,72.4767941265194,5.451965332,0.0,-0.046976776,-0.151849508,1.976849508,8315.673121,700.344727,657.5401,0.0,0.005513
564,4,0,0,77.4102,196,12.8,0.004987692,72.4595919395396,5.539855957,0.0,0.045251099,-0.189056635,2.014056635,8329.74425,707.508911,657.683105,0.0,0.005485
565,4,0,0,77.7678,195,12.8,0.00496742,72.4427465593312,5.539855957,0.0,0.036047485,-0.185995817,2.010995817,8345.822672,702.031128,655.89801,0.0,0.006031
566,4,0,0,77.8659,194,12.8,0.004953918,72.434822040424,5.495910645,0.0,-0.057714325,-0.067459822,1.892459822,8360.558567,694.112183,684.932129,0.0,0.005897
567,4,0,0,77.2809,193,12.4,0.00493777,72.4181565844276,5.58380127,0.0,0.010737549,-0.027374029,1.852374029,8375.962473,697.849304,669.422607,0.0,0.005741
568,4,0,0,77.7678,192,12.4,0.004918844,72.4064682376888,5.276184082,0.0,0.016106323,-0.052304029,1.877304029,8390.694067,704.051208,670.988892,0.0,0.005517
569,4,0,0,77.7351,194,11.8,0.00489204,72.3927014605268,5.276184082,0.0,-0.050811615,-0.042468786,1.867468786,8406.761729,702.472412,655.192871,0.0,0.00553
570,4,0,0,77.5398,195,11.8,0.004868784,72.3805204465338,5.320129395,0.0,0.017640259,-0.116335154,1.941335154,8420.818321,699.857483,690.899109,0.0,0.005827
571,4,0,0,76.673,196,11.5,0.004848404,72.3653399285554,5.23223877,0.0,0.008436646,-0.203659296,2.028659296,8436.880767,715.064087,662.728088,0.0,0.005479
572,4,0,0,76.7684,198,11.5,0.004837367,72.3517148698738,5.364074707,0.0,0.008436646,-0.251814127,2.076814127,8450.933303,698.805603,668.874878,0.0,0.005914
573,4,0,0,77.1522,199,11.3,0.004830512,72.34038258961,5.58380127,0.0,0.008436646,-0.284079313,2.109079313,8467.659204,693.834106,675.685608,0.0,0.005709
574,4,0,0,77.5074,201,11.3,0.004827153,72.3325426576132,5.23223877,0.0,0.008436646,-0.29187417,2.11687417,8481.706461,675.601685,666.597107,0.005359,0.005803
575,4,0,0,77.6699,204,10.7,0.00482107,72.3195614153986,5.451965332,0.0,0.008436646,-0.277552843,2.102552843,8497.757919,708.550903,653.013611,0.0,0.005797
576,4,0,0,76.483,205,10.7,0.004809817,72.3072739435646,5.276184082,0.0,0.008436646,-0.242726564,2.067726564,8511.801333,742.298828,647.963501,0.005048,0.005426
577,4,0,0,75.4546,212,10.6,0.004792425,72.294207486797,5.23223877,0.0,0.008436646,-0.183981657,2.008981657,8527.849691,691.99353,673.181213,0.0,0.005638
578,4,0,0,72.6712,218,10.6,0.004778112,72.285680962076,5.58380127,0.0,0.008436646,-0.110817194,1.935817194,8541.885001,730.946106,673.504883,0.005127,0.005459
579,4,0,0,72.6712,221,11.3,0.004764571,72.2755066985026,5.23223877,0.0,0.008436646,0.00181222,1.82318778,8557.917166,661.65509,650.313477,0.005292,0.00556
580,4,0,0,73.8007,223,11.3,0.004755108,72.2630246091824,5.58380127,0.0,0.008436646,0.116354227,1.708645773,8572.606643,685.608704,656.56488,0.0,0.005731
581,4,0,0,74.6035,224,12.0,0.004750676,72.2511344833944,5.320129395,0.0,0.003067871,0.277825117,1.547174883,8588.627494,688.404907,678.543701,0.0,0.005581
582,4,0,0,75.2706,226,12.0,0.004756375,72.2399364220866,5.58380127,0.0,-0.000959,0.424900293,1.400099707,8602.643601,713.501709,651.287109,0.0,0.005496
583,4,0,0,75.6086,228,12.9,0.004774495,72.2307471711536,5.58380127,0.0,-0.001725677,0.594450235,1.230549765,8618.660228,714.310974,665.374207,0.0,0.005409
584,4,0,0,75.8875,229,12.9,0.004796636,72.2249638308362,5.58380127,0.0,-0.024734711,0.749365091,1.075634909,8633.341712,728.541199,668.404175,0.005356,0.005726
585,4,0,0,76.1371,230,13.7,0.004822561,72.1786344727842,5.58380127,0.0,-0.034705292,0.856765985,0.968234015,8649.356897,694.518127,655.68689,0.0,0.005348
586,4,0,0,76.5146,230,13.7,0.004841547,72.1680653576418,5.276184082,0.0,-0.034705292,0.870060205,0.954939795,8663.368364,782.059204,628.598877,0.004962,0.00534
587,4,0,0,76.7365,230,14.7,0.004856367,72.1207702668426,5.539855957,0.0,-0.032404388,0.783951521,1.041048479,8679.379415,691.214111,667.897705,0.0,0.005684
588,4,0,0,77.0879,230,14.7,0.004863651,72.1104286480026,5.23223877,0.0,-0.023200775,0.618840933,1.206159067,8693.387914,696.34729,681.658508,0.0,0.005917
589,4,0,0,77.3778,230,15.6,0.00486826,72.099981633486,5.276184082,0.0,0.00690271,0.360264063,1.464735937,8710.062574,736.364197,690.921387,0.005376,0.005572
590,4,0,0,77.5074,230,15.6,0.004870941,72.0900048359306,5.539855957,0.0,0.003067871,0.117704153,1.707295847,8723.40101,696.191772,675.324524,0.0,0.005577
591,4,0,0,77.7025,230,16.5,0.004873807,72.0827800097752,5.58380127,0.0,0.036047485,-0.133158445,1.958158445,8740.072166,678.395874,695.795105,0.009523,0.005683
592,4,0,0,77.9314,230,16.5,0.004877289,72.0767511807342,5.58380127,0.0,0.065192261,-0.288116217,2.113116217,8754.074246,687.872681,702.557678,0.0,0.005854
593,4,0,0,78.0957,230,17.2,0.004883643,72.0661495730172,5.58380127,0.0,-0.012463226,-0.307866335,2.132866335,8770.074771,693.212219,701.554504,0.0,0.005968
594,4,0,0,78.2938,230,17.2,0.004889246,72.057442190667,5.495910645,0.0,0.00690271,-0.254690886,2.079690886,8784.074425,703.733887,673.87677,0.005308,0.005741
595,4,0,0,78.4597,231,18.2,0.004889221,72.0502225626798,5.58380127,0.0,0.0,-0.178365469,2.003365469,8800.072637,777.209595,810.004395,0.005068,0.005247
596,4,0,0,78.6596,231,18.2,0.004882229,72.0442463751502,5.320129395,0.0,-0.003259613,-0.105702639,1.930702639,8814.735894,727.856995,657.221924,0.004895,0.005301
597,4,0,0,78.9952,231,19.1,0.004874193,72.0352514681156,5.58380127,0.0,-0.003259613,-0.024205446,1.849205446,8830.730946,724.775879,627.101807,0.007954,0.00514
598,4,0,0,78.9615,232,19.1,0.00487436,72.027028641946,5.320129395,0.0,-0.003259613,0.035789728,1.789210272,8844.724681,706.671997,625.210327,0.005122,0.005366
599,4,0,0,78.6262,232,19.0,0.004882101,72.0204351920594,5.276184082,0.0,-0.005560516,0.095861197,1.729138803,8860.716388,977.789185,637.046204,0.004827,0.005018
600,4,0,0,78.5595,231,19.0,0.00488921,72.0112755529824,5.58380127,0.0,-0.005560516,0.138250113,1.686749887,8874.707835,0.0,0.0,0.0,0.0
601,4,0,0,78.3933,231,19.2,0.004893722,72.0040665466392,5.58380127,0.0,-0.007094452,0.170469999,1.654530001,8890.696381,636.414307,671.116699,0.006851,0.005584
602,4,0,0,78.6931,229,19.2,0.004896534,72.0001947803738,5.58380127,0.0,-0.012463226,0.181945562,1.643054438,8904.685113,0.0,0.0,0.0,0.0
603,4,0,0,79.1302,228,19.1,0.004904856,71.9947058688094,5.320129395,0.0,-0.012463226,0.165874243,1.659125757,8921.336593,0.0,0.0,0.0,0.0
604,4,0,0,79.4016,227,19.1,0.004921392,71.9867826373742,5.58380127,0.0,-0.012463226,0.121896029,1.703103971,8935.323265,744.462219,569.81427,0.004748,0.004772
605,4,0,0,79.538,227,19.0,0.004950228,71.9825856395882,5.320129395,0.0,-0.012463226,0.032271147,1.792728853,8951.306981,728.134705,604.168213,0.005052,0.005235
606,4,0,0,79.7435,227,19.0,0.004980505,71.9738380076446,5.23223877,0.0,0.016106323,-0.072382689,1.897382689,8965.291088,698.220276,644.705383,0.005832,0.005514
607,4,0,0,80.0192,226,18.9,0.005016343,71.9670273451382,5.495910645,0.0,0.036047485,-0.182339907,2.007339907,8981.271242,733.2323,604.450073,0.004938,0.005079
608,4,0,0,80.1578,226,18.9,0.005043256,71.9616748573256,5.58380127,0.0,0.023776001,-0.202639341,2.027639341,8995.918381,731.490295,568.878906,0.0,0.00483
609,4,0,0,80.2968,226,18.8,0.005060225,71.9529061591214,5.539855957,0.0,0.018407227,-0.139655352,1.964655352,9011.22978,762.377686,542.882874,0.004446,0.004508
610,4,0,0,80.5062,226,18.8,0.00505546,71.9503470027468,5.539855957,0.0,0.018407227,-0.038010836,1.863010836,9025.873702,769.262024,521.505188,0.004433,0.004415
611,4,0,0,80.2272,225,18.7,0.005026006,71.9446380300308,5.58380127,0.0,-0.000959,0.12093091,1.70406909,9041.848021,690.550476,644.661011,0.005056,0.005454
612,4,0,0,78.6596,225,18.7,0.004989552,71.9392590846686,5.58380127,0.0,-0.030103485,0.281648874,1.543351126,9055.810951,753.560425,628.327209,0.004919,0.005273
613,4,0,0,78.2607,225,18.6,0.004953349,71.9345674240468,5.58380127,0.0,-0.030103485,0.398789167,1.426210833,9071.722516,742.530701,617.163208,0.00472,0.004724
614,4,0,0,78.5929,225,18.6,0.004935843,71.9264853024734,5.58380127,0.0,-0.027035614,0.43740201,1.38759799,9086.304864,737.301697,603.354919,0.004742,0.004827
615,4,0,0,78.8606,225,18.3,0.004934151,71.9182299515424,5.58380127,0.0,-0.010162323,0.398007631,1.426992369,9102.21209,721.5802,608.851501,0.004905,0.005077
616,4,0,0,79.3336,226,18.3,0.004946021,71.9138635385346,5.58380127,0.0,-0.010162323,0.312565088,1.512434912,9116.107923,793.383606,808.166504,0.005021,0.005084
617,4,0,0,79.5722,226,17.7,0.0049669,71.906995857112,5.23223877,0.0,-0.010162323,0.17893672,1.64606328,9131.954951,705.129395,643.309204,0.00522,0.005657
618,4,0,0,79.9501,225,17.7,0.004981285,71.9025975952656,5.320129395,0.0,-0.010162323,0.035320044,1.789679956,9145.792514,775.663574,810.728271,0.00509,0.005083
619,4,0,0,80.0884,226,17.4,0.004981606,71.8948681766466,5.58380127,0.0,-0.010162323,-0.159322977,1.984322977,9162.231293,744.82959,602.043518,0.004735,0.00499
620,4,0,0,80.2272,226,17.4,0.004964548,71.8931870278958,5.58380127,0.0,0.058289551,-0.339775801,2.164775801,9175.355335,736.803406,681.262512,0.005061,0.005245
621,4,0,0,80.5412,226,17.2,0.00493246,71.7134692942178,2.548828125,0.0,0.02761084,-0.469676256,2.294676256,9191.726351,779.06073,809.760193,0.005279,0.005262
622,4,0,0,80.5763,226,17.2,0.004904264,71.586010499635,5.58380127,0.0,0.02761084,-0.490326166,2.315326166,9205.448592,740.973572,641.47052,0.005306,0.005537
623,4,0,0,80.8577,225,17.0,0.004882041,71.5907352965674,5.58380127,0.0,0.025309937,-0.42919755,2.25419755,9221.099014,729.724121,647.835327,0.005391,0.005786
624,4,0,0,80.9638,226,17.0,0.004873373,71.5946243793312,5.188293457,0.0,0.0,-0.312380552,2.137380552,9234.757477,702.716187,644.203613,0.0,0.005494
625,4,0,0,81.248,225,17.1,0.004873262,71.4383620197634,3.869934082,0.0,-0.016298065,-0.177745581,2.002745581,9250.270574,703.145081,651.160095,0.0,0.005684
626,4,0,0,81.3908,226,17.1,0.004882148,71.3010921574584,3.913879395,0.0,-0.015531097,-0.082920313,1.907920313,9264.447813,730.1828,662.211914,0.005416,0.005589
627,4,0,0,81.5701,227,16.9,0.004906233,71.1460726911726,3.913879395,0.0,-0.013997162,-0.022928953,1.847928953,9279.889656,719.772522,659.921326,0.005179,0.005526
628,4,0,0,81.5701,227,16.9,0.004938902,71.012133776426,3.869934082,0.0,-0.008628387,-0.008212805,1.833212805,9293.377542,740.655701,632.50531,0.005142,0.005488
629,4,0,0,81.5341,227,16.7,0.004983342,70.8548360318758,3.869934082,0.0,-0.008628387,-0.026766062,1.851766062,9308.764319,720.766479,644.121887,0.005366,0.00564
630,4,0,0,81.714,226,16.7,0.005023491,70.71510610026,3.82598877,0.0,-0.007094452,-0.065149069,1.890149069,9322.201042,737.367126,605.818298,0.005131,0.005347
631,4,0,0,81.8585,226,16.5,0.005066209,70.5601915468488,3.82598877,0.0,-0.007094452,-0.130617857,1.955617857,9338.164827,729.063293,611.558411,0.005062,0.00508
632,4,0,0,82.0762,226,16.5,0.005096992,70.4280790881616,3.782043457,0.0,-0.007094452,-0.20213294,2.02713294,9350.911083,742.835205,700.633179,0.005396,0.005661
633,4,0,0,82.1855,226,16.7,0.005123486,70.2443330155296,0.791015625,0.0,0.0,-0.31268096,2.13768096,9366.814234,749.722473,709.265991,0.005354,0.005629
634,4,0,0,82.222,226,16.7,0.005139012,69.7854870070336,1.801757813,0.0,0.012271484,-0.405501127,2.230501127,9380.148694,723.722595,637.104675,0.004962,0.005233
635,4,0,0,82.295,226,16.8,0.005143503,69.5990172069186,4.133605957,0.0,0.018407227,-0.480436087,2.305436087,9395.361678,763.134094,782.589111,0.005502,0.005821
636,4,0,0,82.0035,226,16.8,0.00513348,69.5028957544036,4.089660645,0.0,0.014572388,-0.510070086,2.335070086,9408.649765,695.146118,810.687683,0.005403,0.005673
637,4,0,0,82.0035,226,16.9,0.005110299,69.3782803417328,3.869934082,0.0,0.014572388,-0.495360136,2.320360136,9423.809565,666.589172,730.033203,0.0,0.005938
638,4,0,0,82.295,226,16.9,0.005086563,69.2632722382468,3.869934082,0.0,0.014572388,-0.444571733,2.269571733,9437.681583,685.538818,681.624207,0.0,0.007416
639,4,0,0,82.4783,226,17.0,0.005063973,69.1218841392554,3.694152832,0.0,0.012271484,-0.349408388,2.174408388,9452.159672,745.332275,842.294983,0.005913,0.005701
640,4,0,0,82.7732,0,17.0,0.005051494,69.0015226628198,3.738098145,0.0,0.012271484,-0.23698163,2.06198163,9465.985369,790.537292,694.390625,0.0,0.006356
641,4,0,0,82.7732,0,16.8,0.005043096,68.8582420604554,3.782043457,0.0,0.012271484,-0.067250967,1.892250967,9481.042484,690.67157,701.123413,0.0,0.005948
642,4,0,0,82.9215,0,16.8,0.005038184,68.7397089551938,3.82598877,0.0,-0.013997162,0.106735945,1.718264055,9494.821828,712.641785,697.566528,0.0,0.005671
643,4,0,0,82.9586,0,16.6,0.005033909,68.6082158349122,3.82598877,0.0,-0.033938324,0.286578894,1.538421106,9509.204167,710.190918,694.835205,0.0,0.005836
644,4,0,0,83.1822,0,16.6,0.005028704,68.4924309191016,3.82598877,0.0,-0.034705292,0.380741358,1.444258642,9522.938965,727.66571,682.508911,0.0,0.006063
645,4,0,0,83.1076,0,16.2,0.005017343,68.3670704785712,3.82598877,0.0,-0.017832001,0.381685495,1.443314505,9537.898179,681.028992,699.8797,0.009489,0.006021
646,4,0,0,83.257,0,16.2,0.005002997,68.2618391316786,3.869934082,0.0,-0.012463226,0.319499254,1.505500746,9550.967009,646.851807,689.235901,0.005065,0.0
647,4,0,0,83.5575,0,16.1,0.004983893,68.1408826661516,3.869934082,0.0,-0.000959,0.217312574,1.607687426,9565.879623,702.304382,683.704102,0.0,0.005636
648,4,0,0,83.7086,0,16.1,0.004968298,68.0350225823078,3.82598877,0.0,-0.008628387,0.133660078,1.691339922,9578.908063,711.102905,755.823792,0.008378,0.006081
649,4,0,0,83.7844,0,16.0,0.004959071,67.919406840318,3.869934082,0.0,0.021475098,0.035435915,1.789564085,9594.394061,690.694519,695.557678,0.005051,0.005804
650,4,0,0,84.0124,0,16.0,0.004962315,67.8150927689452,3.869934082,0.0,0.0,-0.020156145,1.845156145,9606.764399,713.157288,680.289307,0.005649,0.00571
651,4,0,0,84.2417,0,15.6,0.004973357,67.7127012473232,3.82598877,0.0,0.0,-0.066983938,1.891983938,9620.352754,699.862,700.502075,0.0,0.005881
652,4,0,0,84.4338,0,15.6,0.004987333,67.5976432542972,3.82598877,0.0,0.032212646,-0.111502409,1.936502409,9635.153774,820.852478,651.230103,0.0,0.00615
653,4,0,0,83.7844,0,15.2,0.004994788,67.4926904358784,3.82598877,0.0,0.003067871,-0.096116781,1.921116781,9648.085507,732.287109,711.441528,0.0,0.006283
654,4,0,0,80.5763,0,15.2,0.004996171,67.3798222074168,3.82598877,0.0,0.003067871,-0.051287413,1.876287413,9662.843179,705.53772,716.004395,0.0,0.005812
655,4,0,0,80.5412,0,15.2,0.004994812,67.2792465845838,3.869934082,0.0,0.003067871,-0.000919,1.825919104,9675.737797,0.0,0.0,0.0,0.0
656,4,0,0,80.0884,0,15.2,0.004996653,67.1692868841174,3.869934082,0.0,0.003067871,0.059849501,1.765150499,9691.066655,0.0,0.0,0.0,0.0
657,4,0,0,81.2123,0,15.2,0.005005307,67.0703965782258,3.869934082,0.0,-0.005560516,0.124882936,1.700117064,9703.312436,0.0,0.0,0.0,0.0
658,4,0,0,80.5412,0,15.2,0.005024019,66.9626073302438,3.82598877,0.0,-0.005560516,0.186042547,1.638957453,9718.598184,712.623291,728.238098,0.0,0.005956
659,4,0,0,78.8606,0,15.2,0.00504531,66.8659594626148,3.869934082,0.0,-0.005560516,0.230310678,1.594689322,9731.419783,738.381409,736.60553,0.0,0.006089
660,4,0,0,78.8271,0,15.2,0.005072199,66.7616434922208,3.82598877,0.0,-0.02166684,0.252674341,1.572325659,9746.053247,708.524414,704.757385,0.0,0.006067
661,4,0,0,78.1616,0,15.2,0.005096009,66.6669553340032,3.82598877,0.0,-0.019365936,0.222027063,1.602972937,9758.840508,725.010315,777.778076,0.0,0.006816
662,4,0,0,76.1371,0,15.2,0.005118449,66.5607052587972,3.82598877,0.0,-0.004793549,0.140444517,1.684555483,9773.434847,739.382629,679.46051,0.005028,0.005504
663,4,0,0,75.2095,0,14.9,0.005127511,66.4677911404352,3.869934082,0.0,-0.004793549,0.055267096,1.769732904,9786.795089,735.718994,625.321289,0.004899,0.005425
664,4,0,0,76.0746,0,14.9,0.005123834,66.3650441799808,3.869934082,0.0,0.009203613,-0.05835557,1.88335557,9801.350593,730.30188,668.999023,0.005107,0.00561
665,4,0,0,75.2706,0,14.6,0.005116936,66.27574010092,3.82598877,0.0,0.032212646,-0.143979788,1.968979788,9814.070535,778.889709,683.665527,0.005741,0.006125
666,4,0,0,75.3318,0,14.6,0.005117309,66.177217271724,3.82598877,0.0,-0.008628387,-0.188820124,2.013820124,9828.589319,696.584412,693.732971,0.0,0.005828
667,4,0,0,75.1789,0,14.3,0.005125784,66.0884850072586,3.82598877,0.0,0.029144775,-0.202385187,2.027385187,9841.881216,685.440002,721.879395,0.0,0.006663
668,4,0,0,76.1371,0,14.3,0.005135769,65.9923985257018,3.869934082,0.0,0.021475098,-0.157872438,1.982872438,9856.363146,713.967896,722.024292,0.0,0.006498
669,4,0,0,76.1998,0,14.1,0.005136887,65.9058247402312,3.82598877,0.0,-0.010162323,-0.062255621,1.887255621,9869.019293,727.681213,652.391296,0.004746,0.00606
670,4,0,0,76.3254,0,14.1,0.005126028,65.8128524442282,3.82598877,0.0,-0.030103485,0.034743547,1.790256453,9883.466063,0.0,0.0,0.0,0.0
671,4,0,0,77.3455,0,14.2,0.005107082,65.7309244692828,3.82598877,0.0,-0.024734711,0.059562445,1.765437555,9896.091899,0.0,0.0,0.0,0.0
672,4,0,0,77.3455,0,14.2,0.005077556,65.6366984974198,3.913879395,0.0,-0.005560516,0.023142576,1.801857424,9911.111429,724.3927,621.695007,0.00454,0.004587
673,4,0,0,77.9642,0,14.0,0.005047355,65.5577769788086,3.82598877,0.0,-0.005560516,-0.021833181,1.846833181,9923.126184,718.665222,595.694824,0.004441,0.004525
674,4,0,0,78.2938,0,14.0,0.00501446,65.4673241528558,3.82598877,0.0,0.001533936,-0.09007287,1.91507287,9938.141359,766.109314,824.727112,0.00474,0.004775
675,4,0,0,76.5146,0,13.5,0.004995314,65.3885485048222,3.82598877,0.0,0.001533936,-0.146120787,1.971120787,9950.751479,724.608887,627.765076,0.005036,0.005361
676,4,0,0,77.1843,0,13.5,0.00498979,65.3025419795148,3.82598877,0.0,0.008436646,-0.20417285,2.02917285,9965.143377,747.778625,642.897827,0.005232,0.005478
677,4,0,0,78.2277,0,13.0,0.004996215,65.2225295215044,3.913879395,0.0,0.008436646,-0.240051031,2.065051031,9977.675141,692.966797,670.372498,0.005311,0.005721
678,4,0,0,78.7935,0,13.0,0.005007953,65.137592080759,3.82598877,0.0,0.008436646,-0.255690336,2.080690336,9991.920573,696.541504,673.021729,0.005406,0.005733
679,4,0,0,79.164,0,12.3,0.00501604,65.0626772393854,3.869934082,0.0,0.008436646,-0.249842882,2.074842882,10004.90227,713.871521,762.248596,0.0,0.006474
680,4,0,0,79.164,0,12.3,0.005019836,64.983072668598,3.869934082,0.0,-0.010162323,-0.224660635,2.049660635,10018.3955,697.189209,693.581482,0.0,0.006255
681,4,0,0,78.9952,0,12.0,0.005020743,64.912159113173,3.82598877,0.0,-0.010162323,-0.211727858,2.036727858,10031.2709,706.547302,656.862122,0.0,0.005409
682,4,0,0,78.8942,0,12.0,0.005021584,64.8830406647236,5.58380127,0.0,0.019941162,-0.206228971,2.031228971,10045.40864,0.0,0.0,0.0,0.0
683,4,0,0,79.538,0,11.7,0.005020514,64.8802191376488,4.441223145,0.0,0.018407227,-0.162151575,1.987151575,10057.91516,712.533203,692.709717,0.0,0.005877
684,4,0,0,79.538,0,11.7,0.005015202,64.8654414857526,4.441223145,0.0,-0.003259613,-0.055681467,1.880681467,10072.37627,740.808594,679.687927,0.0,0.006098
685,4,0,0,79.5039,78,11.4,0.005007918,64.853229427591,4.441223145,0.0,-0.016298065,0.050613165,1.774386835,10085.17495,713.833679,693.919189,0.0,0.00584
686,4,0,0,79.7092,88,11.4,0.00500043,64.6805921622704,0.834960938,0.0,-0.016298065,0.132424116,1.692575884,10100.57941,681.670105,697.004089,0.0,0.006479
687,4,0,0,79.7779,83,11.2,0.005001089,64.3421011284764,1.274414063,0.0,-0.016298065,0.162762403,1.662237597,10113.64837,723.277283,695.259521,0.0,0.00628
688,4,0,0,80.0538,82,11.2,0.005017336,63.9563847848656,0.791015625,0.0,-0.016298065,0.14334178,1.68165822,10128.71718,0.0,0.0,0.0,0.0
689,4,0,0,75.8254,81,11.0,0.005046476,63.5955561118716,0.922851563,0.0,-0.000959,0.083118677,1.741881323,10142.05315,988.090515,881.581299,0.0,0.009084
690,4,0,0,70.9995,80,11.0,0.005095204,63.2250653638526,3.29864502,0.0,-0.000959,-0.018803358,1.843803358,10157.56988,743.721375,854.384216,0.0,0.005995
691,4,0,0,70.9995,80,10.5,0.005146776,63.2696398492884,8.841247559,0.0,-0.000959,-0.111951113,1.936951113,10171.39704,746.656189,660.562073,0.005,0.005232
692,4,0,0,72.4438,80,10.5,0.005201829,63.9739371159492,11.61254883,0.0,0.003834839,-0.221292257,2.046292257,10187.30445,773.842712,327.65741,0.005408,0.00534
693,4,0,0,72.9863,80,10.1,0.005232226,64.6740839430302,12.40356445,0.0,0.017640259,-0.309866667,2.134866667,10201.89158,784.693726,813.450073,0.005344,0.005488
694,4,0,0,72.7283,80,10.1,0.0052413,65.4905433080408,12.40356445,0.0,0.030678711,-0.378638983,2.203638983,10217.80956,760.865295,829.150513,0.005221,0.005368
695,4,0,0,73.2751,80,9.7,0.005232587,66.1870308822034,12.2277832,0.0,0.030678711,-0.384649992,2.209649992,10231.74189,741.938477,650.739075,0.005513,0.005479
696,4,0,0,72.8428,0,9.7,0.005210861,66.9487574306708,11.65649414,0.0,0.013038452,-0.307428122,2.132428122,10247.66867,788.455505,818.627808,0.005406,0.005312
697,4,0,0,72.4438,0,9.6,0.005185596,67.52933790793,11.30218506,0.0,0.013038452,-0.201346159,2.026346159,10262.27179,785.684509,823.852417,0.005259,0.005335
698,4,0,0,69.2214,0,9.6,0.005155538,68.211598208383,14.07348633,0.0,-0.013997162,-0.043201208,1.868201208,10278.20623,664.593079,750.701599,0.006266,0.005888
699,4,0,0,68.8354,0,10.1,0.005134144,69.3317550626292,18.60534668,0.0,-0.02166684,0.078351736,1.746648264,10292.15196,791.007629,817.557678,0.005354,0.005458
700,4,0,0,70.139,0,10.1,0.005119577,70.7724792482874,19.26452637,0.0,-0.02166684,0.157087088,1.667912912,10308.09338,788.283813,823.39093,0.005374,0.005371
701,4,0,0,71.218,0,10.6,0.00511659,71.5784140768736,5.938110352,0.0,-0.02166684,0.166107416,1.658892584,10322.04504,728.496094,667.434082,0.00536,0.005561
702,4,0,0,71.8257,0,10.6,0.005124988,71.6091979025418,5.715637207,0.0,-0.02166684,0.105116606,1.719883394,10338.65712,0.0,0.0,0.0,0.0
703,4,0,0,72.5574,0,11.0,0.005144052,71.631645186076,5.715637207,0.0,-0.001725677,-0.011950731,1.836950731,10351.94814,708.946411,663.830811,0.0,0.005477
704,4,0,0,72.9863,0,11.0,0.005181769,71.6549863614198,5.715637207,0.0,0.010737549,-0.180892706,2.005892706,10368.56317,781.678711,822.5849,0.004983,0.005152
705,4,0,0,73.1593,0,11.7,0.005230036,71.672409526875,5.671691895,0.0,0.010737549,-0.308491945,2.133491945,10382.52094,838.320801,655.762695,0.004729,0.004858
706,4,0,0,73.3622,0,11.7,0.0053004,71.690415868866,5.671691895,0.0,0.010737549,-0.418390512,2.243390512,10398.47424,737.544983,617.365112,0.004829,0.00503
707,4,0,0,73.537,0,12.1,0.005365006,71.7061452844382,5.671691895,0.0,0.010737549,-0.484342813,2.309342813,10412.43471,778.341309,818.879272,0.004933,0.005254
708,4,0,0,73.8302,0,12.1,0.005420283,71.7235583915184,5.671691895,0.0,0.010737549,-0.524312735,2.349312735,10428.39105,853.108582,669.041016,0.005156,0.005128
709,4,0,0,73.9481,0,12.6,0.005435197,71.7383509619964,5.671691895,0.0,0.010737549,-0.528692007,2.353692007,10443.019,744.762878,627.158325,0.005077,0.005082
710,4,0,0,74.3041,0,12.6,0.005408615,71.7550586953546,5.671691895,0.0,-0.004793549,-0.506131411,2.331131411,10458.97808,698.391418,633.479492,0.005287,0.005604
711,4,0,0,74.5434,0,13.5,0.005358919,71.7678374986906,5.58380127,0.0,-0.003259613,-0.492914915,2.317914915,10472.94333,0.0,0.0,0.0,0.0
712,4,0,0,74.875,0,13.5,0.005296922,71.7752683686462,5.58380127,0.0,0.021475098,-0.483679056,2.308679056,10488.90473,0.0,0.0,0.0,0.0
713,4,0,0,73.8302,0,14.5,0.005254539,71.7818128945968,5.58380127,0.0,0.021475098,-0.424990416,2.249990416,10502.87209,0.0,0.0,0.0,0.0
714,4,0,0,67.8518,0,14.5,0.005224805,71.7888025639914,5.58380127,0.0,-0.007094452,-0.311290026,2.136290026,10518.83635,0.0,0.0,0.0,0.0
715,4,0,0,62.6417,0,15.5,0.005210149,71.7951404828728,5.58380127,0.0,-0.007094452,-0.22501874,2.05001874,10532.80626,730.500916,642.930603,0.005256,0.005451
716,4,0,0,64.1387,0,15.5,0.005197329,71.8024468220992,5.58380127,0.0,-0.012463226,-0.150341749,1.975341749,10549.43826,650.965271,642.894104,0.005086,0.005415
717,4,0,0,66.7031,0,16.3,0.005183786,71.808580773229,5.58380127,0.0,-0.012463226,-0.112151384,1.937151384,10563.40998,699.228882,635.50177,0.0,0.005425
718,4,0,0,67.6782,0,16.3,0.005163468,71.8155716335352,5.58380127,0.0,-0.012463226,-0.112334013,1.937334013,10579.37842,0.0,0.0,0.0,0.0
719,4,0,0,68.5805,75,16.8,0.005143438,71.8216797386646,5.58380127,0.0,-0.010929291,-0.150892496,1.975892496,10593.35156,0.0,0.0,0.0,0.0
720,4,0,0,68.9893,86,16.8,0.005123467,71.8282892819512,5.58380127,0.0,-0.010929291,-0.232657194,2.057657194,10609.32248,0.0,0.0,0.0,0.0
721,4,0,0,69.5333,91,16.9,0.005110666,71.8341979093876,5.58380127,0.0,0.008436646,-0.340467215,2.165467215,10623.96399,716.698914,674.806091,0.0,0.005747
722,4,0,0,69.7691,93,16.9,0.005096432,71.8410135447546,5.58380127,0.0,0.021475098,-0.45808816,2.28308816,10639.27229,719.009399,677.655518,0.0,0.005753
723,4,0,0,70.0329,94,17.3,0.005081012,71.8464482537478,5.58380127,0.0,0.021475098,-0.501588583,2.326588583,10653.91608,734.500793,678.143616,0.0,0.006043
724,4,0,0,70.3522,95,17.3,0.00506417,71.8527806043128,5.58380127,0.0,0.016106323,-0.477274656,2.302274656,10669.89221,725.685181,705.851318,0.00532,0.005814
725,4,0,0,70.6744,95,17.7,0.005056485,71.8584916208906,5.58380127,0.0,0.016106323,-0.399194479,2.224194479,10683.8722,692.551086,755.311218,0.0,0.005978
726,4,0,0,70.9723,95,17.7,0.005059558,71.8647667916054,5.58380127,0.0,0.012271484,-0.246321917,2.071321917,10699.85029,722.400513,672.979309,0.00526,0.005745
727,4,0,0,71.3552,95,18.0,0.005071375,71.8701173964902,5.58380127,0.0,-0.015531097,-0.0780375,1.9030375,10714.49788,693.857483,718.301086,0.0,0.006053
728,4,0,0,71.3277,95,18.0,0.005088643,71.8766549539986,5.58380127,0.0,-0.02166684,0.124924421,1.700075579,10728.48057,722.465393,645.43927,0.0,0.005599
729,4,0,0,71.9932,95,18.3,0.005111483,71.8818987952678,5.58380127,0.0,-0.017832001,0.227691889,1.597308111,10742.46413,688.637329,676.703918,0.00806,0.005781
730,4,0,0,72.4438,95,18.3,0.005151451,71.8878927820978,5.58380127,0.0,-0.010929291,0.27942872,1.54557128,10758.44648,0.0,0.0,0.0,0.0
731,4,0,0,72.3024,0,18.3,0.005205351,71.8933189454956,5.58380127,0.0,-0.010929291,0.275464773,1.549535227,10772.432,690.441101,659.491272,0.0,0.005324
732,4,0,0,72.7855,60,18.3,0.005291871,71.8993265151552,5.58380127,0.0,-0.010929291,0.228414774,1.596585226,10788.41652,696.530884,657.249023,0.0,0.005516
733,4,0,0,73.1016,76,18.3,0.005386538,71.90471011151,5.58380127,0.0,0.0,0.146150351,1.678849649,10802.40386,687.788025,648.176697,0.0,0.005256
734,4,0,0,73.3331,87,18.3,0.005496287,71.9107505599858,5.58380127,0.0,0.0,0.036705732,1.788294268,10819.05651,744.947815,655.825989,0.004904,0.005226
735,4,0,0,73.5954,91,18.5,0.005558171,71.9159396515082,5.58380127,0.0,0.0,-0.057073355,1.882073355,10833.04558,688.490784,708.663208,0.0,0.005562
736,4,0,0,73.8891,93,18.5,0.005557365,71.9219655193636,5.58380127,0.0,0.00690271,-0.1643188,1.9893188,10849.03399,760.304871,658.69751,0.00498,0.005361
737,4,0,0,74.1851,94,18.8,0.00550357,71.9271137014632,5.58380127,0.0,0.00690271,-0.241048098,2.066048098,10863.0246,735.887817,660.027527,0.004988,0.0052
738,4,0,0,74.3041,95,18.8,0.005417142,71.9330411259908,5.58380127,0.0,0.00690271,-0.301536322,2.126536322,10879.0147,743.211609,692.168518,0.005364,0.005454
739,4,0,0,73.654,95,19.0,0.005341166,71.938017736353,5.58380127,0.0,0.00690271,-0.325698614,2.150698614,10893.67305,745.87793,691.306519,0.005515,0.005763
740,4,0,0,72.8141,95,19.0,0.005261262,71.9438902823866,5.58380127,0.0,0.00690271,-0.323194265,2.148194265,10908.99855,705.417419,714.03241,0.005875,0.00604
741,4,0,0,71.3002,95,19.2,0.005195202,71.9488389706998,5.58380127,0.0,0.00690271,-0.294853449,2.119853449,10923.65881,741.308899,702.46991,0.005627,0.005694
742,4,0,0,70.8637,95,19.2,0.005132992,71.953710652094,5.58380127,0.0,0.00690271,-0.24005723,2.06505723,10937.65344,706.034912,715.26947,0.0,0.00583
743,4,0,0,71.9652,95,19.4,0.005073836,71.9594303108276,5.58380127,0.0,0.00690271,-0.140975714,1.965975714,10953.64796,745.960876,639.393921,0.004761,0.004995
744,4,0,0,72.5858,95,19.4,0.005037305,71.964384358243,5.58380127,0.0,0.003834839,-0.026736021,1.851736021,10967.64371,0.0,0.0,0.0,0.0
745,4,0,0,72.6998,0,19.2,0.005008549,71.970115781252,5.58380127,0.0,-0.023200775,0.115562677,1.709437323,10984.30623,719.697327,655.907593,0.005292,0.005762
746,4,0,0,72.6143,0,19.2,0.004987149,71.9746752345928,5.58380127,0.0,-0.02166684,0.167997599,1.657002401,10998.30363,688.080994,661.1651,0.0,0.005314
747,4,0,0,73.1016,0,19.4,0.004962791,71.9797372848156,5.58380127,0.0,-0.013997162,0.105653048,1.719346952,11014.30156,707.720398,674.322815,0.0,0.005321
748,4,0,0,73.3622,0,19.4,0.004944219,71.9843145535502,5.58380127,0.0,0.003067871,-0.013221025,1.838221025,11028.3005,699.623474,667.654419,0.0,0.005478
749,4,0,0,73.4786,0,19.3,0.0049324,71.9898683858902,5.58380127,0.0,0.008436646,-0.153334856,1.978334856,11044.30007,723.4104,698.066528,0.005752,0.005558
750,4,0,0,73.8596,0,19.3,0.004931759,71.994344475419,5.58380127,0.0,0.008436646,-0.233187437,2.058187437,11058.96713,714.73291,703.852112,0.0,0.00569
751,4,0,0,71.5482,0,19.4,0.004938945,71.9995097165226,5.58380127,0.0,-0.004793549,-0.286295652,2.111295652,11074.30162,722.060486,694.153992,0.0,0.00559
752,4,0,0,67.4564,0,19.4,0.004948528,72.004002124759,5.58380127,0.0,0.012271484,-0.335125685,2.160125685,11088.97009,934.304626,646.945801,0.0,0.006101
753,4,0,0,67.7525,0,19.3,0.004960261,72.0088884511472,5.58380127,0.0,0.001533936,-0.351168394,2.176168394,11104.97282,691.439209,676.40979,0.0,0.005648
754,4,0,0,68.4285,0,19.3,0.004971262,72.0131630191212,5.58380127,0.0,0.001533936,-0.331650496,2.156650496,11118.97586,690.216003,688.120911,0.0,0.005834
755,4,0,0,68.9636,0,18.9,0.004987468,72.018023016707,5.58380127,0.0,0.001533936,-0.301028967,2.126028967,11134.98007,715.980591,685.941711,0.0,0.005766
756,4,0,0,69.9271,0,18.9,0.005008424,72.0221591975344,5.58380127,0.0,0.001533936,-0.267124891,2.092124891,11148.93399,685.788818,711.121277,0.0,0.006169
757,4,0,0,70.4593,0,18.2,0.005043199,71.487482037749,0.0,262.0697021,0.0,-0.220591447,2.045591447,11165.2151,,,,
758,4,0,0,70.4593,0,18.2,0.005043199,71.487482037749,0.0,262.0697021,0.0,-0.220591447,2.045591447,11165.2151,,,,
759,4,0,0,70.6474,0,17.6,0.005043199,71.487482037749,0.0,262.0697021,0.0,-0.220591447,2.045591447,11165.2151,,,,
