Time,Drive,Stimulus,Failure,Palm.EDA,Heart.Rate,Breathing.Rate,Perinasal.Perspiration,Speed,Acceleration,Brake,Steering,LaneOffset,Lane.Position,Distance,Gaze.X.Pos,Gaze.Y.Pos,Lft.Pupil.Diameter,Rt.Pupil.Diameter
1,4,0,0,126.2116,57.0,17.9,0.005931082,0.11610845108684,0.0,57.72399902,-0.025501678,-0.100008249,1.925008249,6.04e-05,745.696777,733.120911,0.004605,0.004836
2,4,0,0,125.1878,57.0,17.0,0.005895263,7.63256357620478,29.07531738,0.0,-0.030870453,-0.100828409,1.925828409,0.032790545,680.284912,664.799988,0.004467,0.004744
3,4,0,0,114.0823,60.0,17.0,0.005857229,20.7675527406872,29.73449707,0.0,-0.054646454,-0.111437082,1.936437082,1.260031811,705.356812,656.566895,0.004454,0.004812
4,4,0,0,110.3436,62.0,16.2,0.005825538,28.6521392232144,22.47528076,0.0,-0.024734711,-0.158965826,1.983965826,4.284362233,682.723083,664.320313,0.004496,0.00474
5,4,0,0,108.7879,59.0,16.2,0.005798469,34.6731666988832,19.35241699,0.0,0.009203613,-0.255819559,2.080819559,9.486206508,684.815308,614.396912,0.004817,0.00509
6,4,0,0,112.7625,58.0,15.8,0.005786241,34.7341015255448,0.0,264.8529053,0.025309937,-0.337784529,2.162784529,15.1975433,684.03009,665.803894,0.004643,0.005
7,4,0,0,117.1866,58.0,15.8,0.005782936,34.2348141225076,0.0,55.38024902,-0.000959,-0.38616538,2.21116538,22.66640576,0.0,0.0,0.0,0.0
8,4,0,0,121.2533,63.0,15.4,0.005780863,33.7999143690086,0.0,31.64978027,0.032979614,-0.398961306,2.223961306,29.4539884,0.0,0.0,0.0,0.0
9,4,0,0,124.4307,64.0,15.4,0.005769986,33.305525539437,0.0,1.913452148,0.013038452,-0.359291315,2.184291315,37.13565307,694.527283,645.271484,0.004557,0.004714
10,4,0,0,126.7299,64.0,15.1,0.005756068,33.0668380637044,4.045715332,0.0,-0.003259613,-0.304113626,2.129113626,43.78880961,676.579407,659.934021,0.004716,0.005177
11,4,0,0,128.1328,65.0,15.1,0.005741399,34.5631106311376,9.104919434,0.0,-0.010929291,-0.248696566,2.073696566,51.31480396,688.919312,654.716309,0.004751,0.005011
12,4,0,0,129.3862,62.0,15.1,0.00572572,36.1268679746588,8.662719727,0.0,-0.001725677,-0.212560415,2.037560415,57.8324611,676.950806,667.633972,0.004965,0.005126
13,4,0,0,130.6643,62.0,15.1,0.005699546,37.7536342300468,8.267211914,0.0,0.001533936,-0.172434568,1.997434568,65.51005471,682.571289,663.16333,0.004675,0.004932
14,4,0,0,131.7801,66.0,15.4,0.005669786,38.921407592477,7.432250977,0.0,0.001533936,-0.133012533,1.958012533,71.65350885,729.266113,877.710083,0.004457,0.004617
15,4,0,0,132.9151,68.0,15.4,0.005627856,40.1442440080184,7.695922852,0.0,-0.010162323,-0.085925341,1.910925341,79.56887903,689.853699,668.7052,0.004495,0.004557
16,4,0,0,134.0698,66.0,15.9,0.005584867,41.2709923165696,8.530883789,0.0,-0.013997162,-0.063024759,1.888024759,86.14433307,681.325684,664.042114,0.004346,0.00442
17,4,0,0,134.9491,64.0,15.9,0.005531078,42.6239158846884,8.574829102,0.0,-0.004793549,-0.066240549,1.891240549,94.63991039,0.0,0.0,0.0,0.0
18,4,0,0,135.7405,66.0,16.7,0.005483288,43.625212535318,6.597290039,0.0,-0.000959,-0.080625296,1.905625296,101.6424818,689.679321,653.827576,0.004181,0.004291
19,4,0,0,136.8438,65.0,16.7,0.005434552,44.462733027134,6.553344727,0.0,0.0,-0.100307703,1.925307703,110.6160208,677.880676,651.286926,0.004058,0.004206
20,4,0,0,137.5554,62.0,17.5,0.005402751,45.189749314388,7.036743164,0.0,0.0,-0.118157625,1.943157625,117.95442,645.802002,634.089111,0.004019,0.004119
21,4,0,0,138.2743,60.0,17.5,0.00538119,46.092828363246,8.399047852,0.0,0.001533936,-0.138925314,1.963925314,127.3279258,684.947693,627.757202,0.003851,0.003965
22,4,0,0,139.1053,61.0,18.1,0.005372346,47.3884950581524,11.25823975,0.0,0.001533936,-0.156018019,1.981018019,135.3866322,684.700317,618.705627,0.003836,0.004047
23,4,0,0,140.1581,61.0,18.1,0.005368274,48.968129039669,11.30218506,0.0,0.001533936,-0.171047449,1.996047449,144.807076,690.609314,634.877808,0.003832,0.004045
24,4,0,0,140.5837,59.0,18.4,0.005369286,50.2887276459488,11.39007568,0.0,-0.000959,-0.180527449,2.005527449,153.223931,712.077881,622.114685,0.003768,0.00395
25,4,0,0,141.227,59.0,18.4,0.005374528,51.754850918289,11.434021,0.0,-0.000959,-0.193109274,2.018109274,162.9855502,685.627686,635.629578,0.003982,0.00415
26,4,0,0,142.203,59.0,18.7,0.005375734,52.9800876805338,11.47796631,0.0,-0.000959,-0.207675695,2.032675695,171.6404333,0.0,0.0,0.0,0.0
27,4,0,0,142.7511,58.0,18.7,0.005370645,54.3883676039788,11.434021,0.0,0.0,-0.229365587,2.054365587,181.6620811,686.769104,628.858521,0.003972,0.00409
28,4,0,0,143.3034,58.0,18.6,0.005368478,55.5319127711374,11.34613037,0.0,0.0,-0.25051856,2.07551856,190.5502187,680.818298,623.075989,0.003914,0.004016
29,4,0,0,143.9719,60.0,18.6,0.005375485,56.8088416951162,11.34613037,0.0,0.0,-0.275330782,2.100330782,200.8816406,0.0,0.0,0.0,0.0
30,4,0,0,144.8729,59.0,18.8,0.005390109,57.8817585140846,11.30218506,0.0,0.0,-0.29749608,2.12249608,210.1355027,0.0,0.0,0.0,0.0
31,4,0,0,145.3277,59.0,18.8,0.005415977,59.0868107731154,11.30218506,0.0,0.0,-0.323331594,2.148331594,220.9572329,690.994812,631.770386,0.003914,0.004123
32,4,0,0,146.0152,59.0,18.8,0.00544193,60.0983192010338,11.25823975,0.0,-0.000959,-0.34704423,2.17204423,230.6356463,677.867493,628.36322,0.003966,0.004234
33,4,0,0,146.5932,60.0,18.8,0.005465948,61.2128879761848,11.17034912,0.0,-0.000959,-0.378805876,2.203805876,241.9294887,0.0,0.0,0.0,0.0
34,4,0,0,147.41,59.0,18.7,0.00547877,62.1488249359162,11.21429443,0.0,0.001533936,-0.409912825,2.234912825,252.0094084,668.967712,649.39032,0.004178,0.004278
35,4,0,0,147.9991,58.0,18.7,0.005486803,63.1944383683674,11.21429443,0.0,0.003067871,-0.438275099,2.263275099,263.7494088,726.361328,823.939819,0.004097,0.004392
36,4,0,0,148.9514,58.0,18.3,0.005491074,64.0722520988842,11.21429443,0.0,0.003067871,-0.450468779,2.275468779,274.713494,690.120728,616.152405,0.003779,0.003835
37,4,0,0,149.4322,59.0,18.3,0.005496519,65.0527955216372,11.21429443,0.0,0.003067871,-0.449026823,2.274026823,286.3774842,679.110596,627.786926,0.003891,0.004149
38,4,0,0,147.2928,60.0,18.0,0.005501857,65.8769972443604,11.21429443,0.0,0.003067871,-0.433915377,2.258915377,297.7208376,693.778992,630.447021,0.003982,0.004152
39,4,0,0,147.0588,59.0,18.0,0.005499921,66.7987543254452,11.21429443,0.0,0.0,-0.40388751,2.22888751,309.7702836,695.315613,636.143799,0.003905,0.004182
40,4,0,0,146.2459,59.0,17.7,0.005482954,67.5730453936276,11.25823975,0.0,0.0,-0.37591958,2.20091958,321.4738875,594.375427,651.175171,0.0,0.004257
41,4,0,0,142.3123,62.0,17.7,0.005447359,68.4401221387466,11.21429443,0.0,0.003834839,-0.341818571,2.166818571,334.4358262,681.850281,648.966309,0.004109,0.00438
42,4,0,0,141.3348,63.0,17.4,0.005412945,69.1705293053806,11.21429443,0.0,-0.000959,-0.299038172,2.124038172,345.9404266,0.0,0.0,0.0,0.0
43,4,0,0,142.8612,61.0,17.4,0.005384415,69.9856684161354,11.25823975,0.0,-0.000959,-0.248274088,2.073274088,359.270046,690.002075,635.087219,0.003897,0.004079
44,4,0,0,144.9864,62.0,17.2,0.005373421,70.7314926576344,11.25823975,0.0,-0.000959,-0.208356142,2.033356142,371.0869688,732.539185,844.64978,0.004124,0.004315
45,4,0,0,147.1757,62.0,17.2,0.005377114,71.4856463762648,11.21429443,0.0,-0.000959,-0.167958021,1.992958021,384.7625641,690.045593,635.226501,0.003982,0.004059
46,4,0,0,148.4737,62.0,17.0,0.005396335,72.1108209085342,11.21429443,0.0,-0.000959,-0.137326002,1.962326002,396.8746103,674.220886,642.17572,0.004077,0.00411
47,4,0,0,149.916,61.0,17.0,0.005435223,72.8140770287754,11.21429443,0.0,-0.004793549,-0.112358332,1.937358332,410.8796587,677.66333,632.935303,0.003983,0.004046
48,4,0,0,150.8933,63.0,17.1,0.005472007,73.4071071188736,11.25823975,0.0,-0.004793549,-0.112107515,1.937107515,423.2731237,0.0,0.0,0.0,0.0
49,4,0,0,151.8834,63.0,17.1,0.005491623,74.0739745489352,11.21429443,0.0,-0.001725677,-0.13701129,1.96201129,437.592227,673.94397,628.696716,0.003986,0.004196
50,4,0,0,152.8865,61.0,16.9,0.005479166,74.6368399103698,11.21429443,0.0,0.0,-0.171495676,1.996495676,450.2539162,680.119385,616.250916,0.003803,0.003875
51,4,0,0,153.3931,62.0,16.9,0.005445693,75.2694105347574,11.21429443,0.0,0.003067871,-0.214388132,2.039388132,464.8723471,673.15448,644.47052,0.003879,0.003992
52,4,0,0,154.2877,62.0,17.0,0.005418113,75.8061715484418,11.21429443,0.0,0.003067871,-0.237062693,2.062062693,477.7899582,732.978516,843.977478,0.00398,0.003962
53,4,0,0,155.0628,62.0,17.0,0.005404669,76.412992555802,11.21429443,0.0,0.001533936,-0.237222433,2.062222433,492.6941578,679.819214,634.295715,0.003798,0.003843
54,4,0,0,155.8458,64.0,16.8,0.005413634,76.9263185696206,11.21429443,0.0,0.001533936,-0.228425264,2.053425264,505.8561362,683.994019,631.221497,0.003998,0.004038
55,4,0,0,156.3722,65.0,16.8,0.005436711,77.5074921691368,11.21429443,0.0,0.001533936,-0.208625555,2.033625555,521.6687673,694.716492,621.600403,0.003759,0.003785
56,4,0,0,157.1685,64.0,16.9,0.005450593,78.0014237369342,11.21429443,0.0,0.001533936,-0.182676077,2.007676077,534.4289056,685.027283,617.989685,0.003694,0.003773
57,4,0,0,158.1078,63.0,16.9,0.0054515,78.5602751147276,11.21429443,0.0,-0.000959,-0.143684626,1.968684626,550.5132326,683.162781,610.187073,0.003396,0.003478
58,4,0,0,159.1951,64.0,17.0,0.005448997,79.0345381980886,11.21429443,0.0,-0.000959,-0.109703302,1.934703302,563.4856154,0.0,0.0,0.0,0.0
59,4,0,0,158.7856,63.0,17.0,0.005455693,79.5593460481372,11.21429443,0.0,0.0,-0.076491594,1.901491594,579.8390209,543.064697,570.739075,0.003736,0.003833
60,4,0,0,160.1589,61.0,17.1,0.005469859,80.003384229612,11.21429443,0.0,0.003067871,-0.045521498,1.870521498,593.0246203,0.0,0.0,0.0,0.0
61,4,0,0,160.7149,61.0,17.1,0.005482512,80.4960534633002,11.21429443,0.0,0.0,-0.001349211,1.826349211,609.6251539,685.453308,608.260925,0.003255,0.003387
62,4,0,0,161.4153,62.0,17.2,0.005479923,80.9120618182752,11.21429443,0.0,-0.003259613,0.047650099,1.777349901,622.998462,681.006592,632.387695,0.003665,0.00369
63,4,0,0,162.5488,60.0,17.2,0.005464336,81.3861710165454,11.21429443,0.0,-0.001725677,0.089925528,1.735074472,639.8289871,694.994873,620.254517,0.003558,0.003612
64,4,0,0,163.1215,59.0,17.3,0.005449117,81.7755291356422,11.21429443,0.0,-0.001725677,0.114547014,1.710452986,654.0624891,0.0,0.0,0.0,0.0
65,4,0,0,163.5537,61.0,17.3,0.005435055,82.210582130496,11.17034912,0.0,-0.003259613,0.131181955,1.693818045,670.4343958,804.282715,635.541321,0.004204,0.004376
66,4,0,0,164.2791,62.0,17.3,0.005429333,82.5857261724712,11.21429443,0.0,-0.003259613,0.131541491,1.693458509,684.8499459,811.352112,637.959473,0.004176,0.004367
67,4,0,0,165.3057,62.0,17.3,0.005438541,83.0055426925948,11.21429443,0.0,0.0,0.119107962,1.705892038,701.425782,690.694519,635.318787,0.004191,0.004367
68,4,0,0,165.898,62.0,17.1,0.005455692,83.358113166126,11.21429443,0.0,0.003067871,0.107299566,1.717700434,716.0162158,696.615173,620.401489,0.00406,0.004161
69,4,0,0,166.7945,62.0,17.1,0.005461419,83.7443730965086,11.21429443,0.0,0.005368774,0.103241205,1.721758795,732.7882901,0.0,0.0,0.0,0.0
70,4,0,0,167.2465,62.0,17.2,0.005434811,84.0757179364996,11.21429443,0.0,0.003067871,0.120517492,1.704482508,747.5477285,680.120605,644.742126,0.004426,0.004537
71,4,0,0,168.0051,61.0,17.2,0.005370477,84.4593701889066,11.25823975,0.0,0.0,0.154255152,1.670744848,764.5100082,699.259705,649.859985,0.004441,0.004566
72,4,0,0,169.0789,64.0,17.3,0.005308717,84.7714469321598,11.21429443,0.0,0.0,0.186999559,1.638000441,779.4331217,683.547729,603.988525,0.004437,0.004478
73,4,0,0,169.5433,64.0,17.3,0.005259905,85.1343460049704,11.21429443,0.0,0.0,0.225375891,1.599624109,796.5793013,703.602478,649.92981,0.004299,0.004485
74,4,0,0,170.4797,63.0,17.3,0.005242415,85.4387093908178,11.30218506,0.0,-0.001725677,0.256885767,1.568114233,811.660916,698.184082,652.707214,0.004296,0.004483
75,4,0,0,171.2681,64.0,17.3,0.005240229,85.7775567163944,11.30218506,0.0,-0.001725677,0.289305925,1.535694075,828.985623,688.058777,627.557312,0.004202,0.004178
76,4,0,0,171.7446,62.0,17.4,0.005239896,86.056628728686,11.30218506,0.0,-0.003259613,0.309098005,1.515901995,844.9483671,684.634216,643.712402,0.004334,0.004449
77,4,0,0,172.5447,60.0,17.4,0.005232123,86.3837007066034,11.30218506,0.0,-0.003259613,0.320812941,1.504187059,861.7190589,686.474915,628.624878,0.0044,0.004469
78,4,0,0,173.6774,61.0,17.5,0.005222267,86.6526778762506,11.30218506,0.0,-0.003259613,0.319104433,1.505895567,877.8382317,692.956909,635.262024,0.004257,0.004366
79,4,0,0,174.1675,61.0,17.5,0.005212505,86.9600438238294,11.30218506,0.0,-0.003259613,0.30332303,1.52167697,894.7700179,696.42511,636.185913,0.00421,0.004239
80,4,0,0,174.8252,60.0,17.5,0.005204191,87.2199175525524,11.30218506,0.0,-0.003259613,0.278259516,1.546740484,911.040871,681.345703,634.846375,0.004142,0.004273
81,4,0,0,175.3217,61.0,17.5,0.005191564,87.5095796335932,11.34613037,0.0,0.003834839,0.238468885,1.586531115,928.1287953,696.345703,646.684082,0.004077,0.00428
82,4,0,0,176.1556,62.0,17.6,0.005182012,87.765194517594,11.39007568,0.0,0.0,0.20629859,1.61870141,944.5467625,692.108704,622.770386,0.004107,0.00423
83,4,0,0,176.9974,63.0,17.6,0.005187741,88.040398658223,11.34613037,0.0,-0.001725677,0.175940275,1.649059725,962.5374372,694.595398,627.32251,0.004168,0.004234
84,4,0,0,177.6767,65.0,17.6,0.005212476,88.2638027630578,11.39007568,0.0,-0.001725677,0.146649599,1.678350401,978.346877,694.20929,618.426025,0.004287,0.004444
85,4,0,0,178.5332,68.0,17.6,0.005247947,88.5243867257096,11.39007568,0.0,-0.001725677,0.106825113,1.718174887,996.4908274,726.130798,636.333801,0.004143,0.004215
86,4,0,0,179.3979,68.0,17.6,0.005268293,88.743158168327,11.434021,0.0,0.0,0.066871405,1.758128595,1012.43234,742.863525,828.033691,0.003792,0.003872
87,4,0,0,180.0958,67.0,17.6,0.005274182,88.8647983780464,0.0,105.9173584,0.0,0.015348673,1.809651327,1030.72491,685.879822,626.672302,0.003813,0.003974
88,4,0,0,180.6228,66.0,18.0,0.005268171,88.211314589573,0.0,134.3353271,0.0,-0.029665232,1.854665232,1046.794494,703.935608,623.976624,0.003938,0.004076
89,4,0,0,181.3302,65.0,18.0,0.005253402,87.4566442406158,0.0,131.4056396,0.0,-0.0806849,1.9056849,1065.231362,722.6297,855.254272,0.004036,0.004228
90,4,0,0,182.2224,63.0,18.0,0.005237062,86.8194067877226,0.0,127.5970459,-0.000959,-0.124980211,1.949980211,1082.198046,683.958679,619.809692,0.00388,0.004011
91,4,0,0,182.9424,63.0,18.0,0.00521871,86.0995850388452,0.0,128.3294678,0.001533936,-0.176740408,2.001740408,1100.002685,746.616577,867.776489,0.004033,0.00447
92,4,0,0,183.6682,62.0,18.0,0.005203573,85.4950082400216,0.0,121.7376709,0.003067871,-0.220089674,2.045089674,1117.096169,690.756104,622.541809,0.003827,0.003979
93,4,0,0,184.9523,60.0,18.0,0.00518672,84.8964017224498,0.0,87.89978027,0.003067871,-0.254857302,2.079857302,1132.688393,683.864624,631.137695,0.003886,0.003925
94,4,0,0,185.1372,59.0,18.0,0.005164272,84.216481611571,0.0,31.94274902,0.003067871,-0.282284021,2.107284021,1152.24834,690.230713,613.526672,0.003866,0.004062
95,4,0,0,185.8805,61.0,18.0,0.00514807,83.6845668517088,5.58380127,0.0,0.0,-0.295624971,2.120624971,1167.951369,687.480408,622.694885,0.004053,0.004149
96,4,0,0,186.8181,60.0,18.0,0.005145101,83.8520933520848,12.62329102,0.0,0.0,-0.304965258,2.129965258,1187.647996,728.936096,873.335815,0.003925,0.0041
97,4,0,0,187.3852,60.0,18.0,0.005158452,84.1633755319932,11.03851318,0.0,0.008436646,-0.31125617,2.13625617,1203.459106,723.934082,856.217224,0.003813,0.004276
98,4,0,0,187.9558,61.0,18.0,0.005185408,84.1930372775332,0.0,0.0,0.008436646,-0.295778036,2.120778036,1223.290033,730.438477,873.483582,0.00417,0.004263
99,4,0,0,188.722,60.0,18.0,0.005213577,83.6562961231044,5.58380127,0.0,0.001533936,-0.252217531,2.077217531,1240.004701,687.200073,616.874512,0.004029,0.00417
100,4,0,0,189.6885,59.0,18.0,0.0052482,83.5239549611098,6.641235352,0.0,-0.004793549,-0.184634447,2.009634447,1259.16946,0.0,0.0,0.0,0.0
101,4,0,0,190.2732,61.0,18.0,0.005282856,83.5167011990212,7.080688477,0.0,-0.004793549,-0.133006811,1.958006811,1275.992217,734.809814,801.249512,0.003882,0.004033
102,4,0,0,191.0585,61.0,18.0,0.005335297,83.4878495308636,7.080688477,0.0,-0.003259613,-0.090676069,1.915676069,1295.278432,734.52771,836.045288,0.003868,0.004034
103,4,0,0,191.6517,60.0,18.0,0.005394887,83.4616489767682,6.948852539,0.0,-0.001725677,-0.065893412,1.890893412,1312.205751,686.407898,614.4953,0.003796,0.003889
104,4,0,0,192.0492,61.0,18.3,0.005466267,83.4325014314516,6.992797852,0.0,-0.001725677,-0.044689894,1.869689894,1331.609503,686.362488,610.276672,0.003967,0.004042
105,4,0,0,193.0502,60.0,18.3,0.005513394,83.407646639651,7.036743164,0.0,-0.001725677,-0.031320333,1.856320333,1348.638391,695.757629,607.68927,0.003691,0.003805
106,4,0,0,193.8586,58.0,18.2,0.005536787,83.3787920103078,7.080688477,0.0,-0.000959,-0.02194047,1.84694047,1368.157295,701.283081,620.604492,0.003741,0.003751
107,4,0,0,193.8586,60.0,18.2,0.005533353,83.3507375126258,6.992797852,0.0,-0.000959,-0.017662764,1.842662764,1385.285455,702.56427,625.562927,0.003611,0.003709
108,4,0,0,195.2896,61.0,18.2,0.005514105,83.3186856396914,6.948852539,0.0,0.005368774,-0.015573263,1.840573263,1404.915551,714.926025,638.828491,0.003686,0.003841
109,4,0,0,195.9094,61.0,18.2,0.005496438,83.289612735564,6.948852539,0.0,-0.005560516,-0.00862956,1.83362956,1422.138342,740.354675,853.685791,0.003814,0.004045
110,4,0,0,195.9094,60.0,18.2,0.005488497,83.25925157086,7.212524414,0.0,0.001533936,-0.00638175,1.83138175,1439.395358,593.588928,630.319275,0.003898,0.004054
111,4,0,0,196.3248,60.0,18.2,0.005494268,83.2517113945316,7.256469727,0.0,-0.001725677,0.003880262,1.821119738,1455.529484,677.17157,625.822815,0.004048,0.004092
112,4,0,0,196.3248,58.0,18.2,0.005517683,83.261218747609,8.091430664,0.0,0.018407227,0.005925417,1.819074583,1475.072312,671.276306,778.799927,0.004126,0.004321
113,4,0,0,194.6737,57.0,18.2,0.005551901,83.3728011616908,8.929138184,0.0,0.017640259,0.045375586,1.779624414,1492.050584,678.36499,643.515503,0.004135,0.004292
114,4,0,0,192.6485,59.0,18.5,0.005602959,83.4900310395138,8.486938477,0.0,-0.019365936,0.138412714,1.686587286,1511.302554,727.578125,839.17688,0.004073,0.004385
115,4,0,0,192.8492,59.0,18.5,0.005651129,83.5340055147174,7.564086914,0.0,-0.019365936,0.20667243,1.61832757,1528.808167,0.0,0.0,0.0,0.0
116,4,0,0,193.6558,58.0,18.4,0.005699443,83.5410674273846,7.432250977,0.0,-0.010162323,0.219691992,1.605308008,1546.965299,704.274902,637.723083,0.004175,0.004322
117,4,0,0,195.4958,62.0,18.4,0.005730292,83.5171621944642,7.168579102,0.0,-0.010162323,0.197191954,1.627808046,1564.196231,746.355286,822.08252,0.00434,0.004475
118,4,0,0,196.742,61.0,18.4,0.005749915,83.498558497652,7.124633789,0.0,-0.010162323,0.139674902,1.685325098,1582.070271,738.419128,864.2146,0.00446,0.004441
119,4,0,0,198.2161,60.0,18.4,0.005751702,83.4854116543514,7.256469727,0.0,-0.004793549,0.053724527,1.771275473,1599.120953,505.770905,598.640198,0.00408,0.004121
120,4,0,0,199.4973,62.0,18.4,0.005733836,83.4705129961806,7.036743164,0.0,-0.004793549,-0.056051493,1.881051493,1617.014072,517.994507,630.184509,0.003884,0.004054
121,4,0,0,199.928,62.0,18.4,0.00570146,83.4503870568492,7.124633789,0.0,-0.005560516,-0.17041707,1.99541707,1634.17693,679.471497,626.188782,0.004162,0.004221
122,4,0,0,201.0131,62.0,18.3,0.005649247,83.4342437834026,7.212524414,0.0,0.003834839,-0.310000658,2.135000658,1652.813784,659.926025,611.266174,0.004029,0.004271
123,4,0,0,201.8897,62.0,18.3,0.005591937,83.4240269366928,7.256469727,0.0,0.003834839,-0.434777021,2.259777021,1669.064945,670.391418,633.865479,0.004109,0.004197
124,4,0,0,202.5522,63.0,18.3,0.005520899,83.412508858126,7.256469727,0.0,0.017640259,-0.562376261,2.387376261,1687.623113,0.0,0.0,0.0,0.0
125,4,0,0,203.219,62.0,18.3,0.005467808,83.39754135239,7.080688477,0.0,0.017640259,-0.638398409,2.463398409,1703.858698,680.99231,613.326294,0.004076,0.004169
126,4,0,0,204.3402,62.0,18.3,0.005426114,83.375016305547,7.124633789,0.0,0.017640259,-0.662235498,2.487235498,1722.407642,692.710327,634.675293,0.004135,0.004198
127,4,0,0,205.0189,63.0,18.3,0.005400837,83.3570142604938,7.124633789,0.0,0.009203613,-0.628985167,2.453985167,1738.63248,682.52771,616.098999,0.004054,0.004137
128,4,0,0,205.9308,62.0,18.3,0.005374471,83.33505228953,7.124633789,0.0,0.003067871,-0.545117617,2.370117617,1757.169275,842.589478,643.921204,0.003765,0.003806
129,4,0,0,206.3898,60.0,18.3,0.00535274,83.3123419754662,6.904907227,0.0,0.003067871,-0.460866213,2.285866213,1774.155765,0.0,0.0,0.0,0.0
130,4,0,0,207.7793,58.0,18.2,0.005338599,83.2783253558862,7.124633789,0.0,0.001533936,-0.35418582,2.17918582,1791.908405,720.512085,627.778015,0.004166,0.004366
131,4,0,0,207.7793,59.0,18.2,0.005340618,83.2608625041066,7.080688477,0.0,-0.000959,-0.254542112,2.079542112,1808.883117,687.566101,648.312073,0.004113,0.004319
132,4,0,0,208.0126,59.0,18.2,0.005359625,83.2427687427668,7.124633789,0.0,-0.000959,-0.143103361,1.968103361,1826.623048,0.0,0.0,0.0,0.0
133,4,0,0,209.4241,59.0,18.2,0.005388959,83.2303587196918,7.168579102,0.0,-0.000959,-0.044096231,1.869096231,1843.585482,688.345703,625.561707,0.004323,0.004509
134,4,0,0,209.8988,61.0,18.2,0.005430303,83.2192902424408,7.168579102,0.0,-0.000959,0.064804792,1.760195208,1862.085883,572.286072,633.409729,0.0,0.004559
135,4,0,0,210.615,61.0,18.2,0.00546746,83.2099601098842,7.212524414,0.0,0.003067871,0.150161982,1.674838018,1878.273097,692.240723,615.544922,0.004448,0.004559
136,4,0,0,210.8548,60.0,18.2,0.0055063,83.1990116572104,7.212524414,0.0,-0.003259613,0.262084723,1.562915277,1896.788135,0.0,0.0,0.0,0.0
137,4,0,0,212.0621,62.0,18.2,0.005535528,83.1909108029194,7.168579102,0.0,-0.02166684,0.346971273,1.478028727,1913.012895,693.093384,677.657776,0.004267,0.004352
138,4,0,0,212.7931,62.0,18.2,0.005563518,83.171672977867,6.641235352,0.0,-0.016298065,0.389890909,1.435109091,1931.572568,694.109802,668.971497,0.00447,0.004644
139,4,0,0,213.5292,61.0,18.2,0.005584041,83.1086769407202,6.421508789,0.0,0.058289551,0.394685507,1.430314493,1947.815564,677.372681,644.394104,0.004419,0.004733
140,4,0,0,213.2833,61.0,18.2,0.005607319,83.0174835930598,5.58380127,0.0,-0.112169037,0.562422037,1.262577963,1966.376708,730.578186,865.739685,0.004744,0.00489
141,4,0,0,211.5775,62.0,18.2,0.00563258,82.7345334576098,0.0,0.0,-0.045442841,0.532275438,1.292724562,1982.613613,693.68689,645.903503,0.004423,0.00457
142,4,0,0,211.3361,61.0,18.2,0.005668822,82.053496062436,0.0,0.0,0.032979614,0.218152285,1.606847715,2001.165843,702.307312,656.976318,0.004616,0.004927
143,4,0,0,209.4241,60.0,18.2,0.005703985,81.4410742461012,0.0,0.0,0.038348389,-0.049154043,1.874154043,2017.396909,680.218872,650.710815,0.004621,0.004843
144,4,0,0,194.0617,61.0,18.1,0.005743458,80.7734248699204,0.0,0.0,0.013038452,-0.177532434,2.002532434,2035.941985,0.0,0.0,0.0,0.0
145,4,0,0,184.2163,63.0,18.1,0.005777669,80.1923600296014,0.0,0.0,0.021475098,-0.186594725,2.011594725,2052.165287,697.163391,638.689209,0.004626,0.004815
146,4,0,0,182.9424,66.0,18.1,0.005818923,79.557082624081,0.0,0.0,0.00690271,-0.124594927,1.949594927,2070.703658,0.0,0.0,0.0,0.0
147,4,0,0,186.0673,69.0,18.1,0.005853232,78.986578514243,0.0,0.0,-0.010929291,-0.044397593,1.869397593,2086.922734,646.561523,629.235901,0.004637,0.00488
148,4,0,0,190.665,72.0,18.1,0.005884147,78.3627007076786,0.0,0.0,-0.02166684,0.026991129,1.798008871,2106.22823,679.480103,634.592896,0.004551,0.004746
149,4,0,0,193.6558,69.0,18.1,0.005904058,77.8015850689722,0.0,0.0,-0.017832001,0.02572608,1.79927392,2121.668919,696.836487,639.398315,0.00444,0.004582
150,4,0,0,196.3248,66.0,18.1,0.005923009,77.1695282263796,0.0,0.0,-0.012463226,-0.051468134,1.876468134,2140.964905,695.340271,633.851318,0.00437,0.004401
151,4,0,0,198.2161,65.0,18.1,0.00593953,76.6376861764986,0.0,0.0,0.001533936,-0.152238607,1.977238607,2156.397946,680.871277,636.031799,0.004316,0.004534
152,4,0,0,200.1441,63.0,18.1,0.005954054,76.1393930237134,5.539855957,0.0,0.008436646,-0.277570486,2.102570486,2175.684094,0.0,0.0,0.0,0.0
153,4,0,0,201.4504,62.0,18.1,0.005956597,76.1554041381592,6.817016602,0.0,0.00690271,-0.375233412,2.200233412,2191.107115,697.203125,653.419312,0.004309,0.004523
154,4,0,0,202.7739,63.0,18.1,0.005948334,76.1855590820356,6.069946289,0.0,0.014572388,-0.466011286,2.291011286,2210.380653,667.309509,629.850098,0.004382,0.004678
155,4,0,0,204.3402,63.0,18.1,0.005932596,76.1365866083412,3.694152832,0.0,0.016106323,-0.522049189,2.347049189,2225.796231,677.140625,653.709473,0.004388,0.004519
156,4,0,0,205.0189,63.0,18.1,0.005903749,75.5664798928294,0.0,0.0,0.016106323,-0.531269312,2.356269312,2245.062353,0.0,0.0,0.0,0.0
157,4,0,0,205.9308,63.0,18.1,0.005876634,75.0289412138702,0.0,0.0,0.012271484,-0.487845182,2.312845182,2261.243823,683.847778,648.096375,0.004549,0.004726
158,4,0,0,207.0822,63.0,18.1,0.005859584,74.4037876191142,0.0,0.0,0.001533936,-0.382902384,2.207902384,2279.7347,687.387695,634.058105,0.004581,0.004734
159,4,0,0,208.2466,62.0,18.1,0.00586049,73.8751407206824,0.0,0.0,0.001533936,-0.288149118,2.113149118,2295.912253,667.073303,627.852722,0.004573,0.004687
160,4,0,0,209.4241,61.0,18.1,0.005869593,73.2603748845442,0.0,0.0,-0.005560516,-0.164885283,1.989885283,2314.398836,722.901306,853.867004,0.004407,0.00451
161,4,0,0,210.3757,60.0,18.1,0.005873949,72.7403687739734,0.0,0.0,-0.007094452,-0.071775675,1.896775675,2330.572743,669.460327,645.58429,0.004339,0.004374
162,4,0,0,211.3361,58.0,18.1,0.005866636,72.1354174656384,0.0,0.0,-0.025501678,0.004427195,1.820572805,2349.046443,693.861572,632.386902,0.004135,0.004312
163,4,0,0,212.7931,58.0,18.1,0.005845663,71.623732946433,0.0,0.0,-0.017832001,-0.005112886,1.830112886,2365.195265,672.578125,625.06958,0.004173,0.004286
164,4,0,0,213.0379,59.0,18.1,0.005801154,71.0288193169856,0.0,0.0,-0.015531097,-0.093003988,1.918003988,2383.610592,644.531677,621.606812,0.004157,0.004172
165,4,0,0,214.5186,57.0,18.1,0.005745529,70.5255875020754,0.0,0.0,-0.008628387,-0.211736917,2.036736917,2399.610982,750.253723,597.629028,0.004222,0.004243
166,4,0,0,214.0228,56.0,18.1,0.005675964,69.9587240733722,0.0,0.0,-0.003259613,-0.393664598,2.218664598,2417.755082,675.009399,617.561707,0.004231,0.004425
167,4,0,0,216.02,58.0,18.1,0.005622541,69.4639836030106,0.0,0.0,0.00690271,-0.571070433,2.396070433,2433.508178,0.0,0.0,0.0,0.0
168,4,0,0,216.7787,59.0,18.1,0.005570273,68.9047982710738,0.0,0.0,0.014572388,-0.753660917,2.578660917,2451.37129,676.036072,614.202515,0.004119,0.004159
169,4,0,0,217.5426,59.0,18.1,0.005524195,68.4349289916874,0.0,0.0,0.026843872,-0.871063471,2.696063471,2466.879425,685.968994,628.942383,0.004156,0.004275
170,4,0,0,218.828,60.0,18.1,0.005475715,67.9005795257128,0.0,0.0,0.023776001,-0.928426504,2.753426504,2484.464882,690.572205,622.082825,0.004171,0.004334
171,4,0,0,219.6065,62.0,18.1,0.005449537,67.4212247480862,0.0,0.0,0.018407227,-0.909888983,2.734888983,2500.456841,687.667297,605.448486,0.004119,0.004187
172,4,0,0,219.8672,62.0,18.1,0.005441002,66.895728277545,0.0,0.0,0.003067871,-0.835350752,2.660350752,2517.045809,685.130981,615.349487,0.004314,0.004498
173,4,0,0,234.3732,62.0,18.1,0.005446491,66.424121168453,0.0,0.0,0.0,-0.75475812,2.57975812,2532.790123,690.443787,621.10437,0.004467,0.004586
174,4,0,0,235.3661,61.0,18.1,0.005463626,65.89059285212,0.0,0.0,0.0,-0.656451941,2.481451941,2549.122347,0.0,0.0,0.0,0.0
175,4,0,0,236.0328,59.0,18.1,0.005489727,65.4425381603402,0.0,0.0,0.0,-0.575123549,2.400123549,2564.644412,721.080811,632.870483,0.0046,0.004657
176,4,0,0,237.2085,58.0,18.1,0.005531048,64.9175826211598,0.0,0.0,0.0,-0.48228097,2.30728097,2581.565612,712.163879,622.955017,0.004816,0.005011
177,4,0,0,237.5466,59.0,18.1,0.005568807,64.4747612294722,0.0,0.0,-0.004793549,-0.403946638,2.228946638,2596.378258,746.645325,646.092407,0.004593,0.004624
178,4,0,0,238.9087,58.0,18.1,0.005605222,64.2856689293602,3.342590332,0.0,-0.015531097,-0.327450991,2.152450991,2613.293658,677.319092,656.29187,0.004851,0.00502
179,4,0,0,239.5956,58.0,18.1,0.005628836,64.156899230787,3.254699707,0.0,-0.015531097,-0.287908316,2.112908316,2628.007907,782.091797,737.9599,0.004575,0.004862
180,4,0,0,240.1998,60.0,18.4,0.005646918,64.2125943682766,8.574829102,0.0,-0.015531097,-0.280132532,2.105132532,2644.693925,700.006897,764.589722,0.004575,0.004587
181,4,0,0,241.5051,61.0,18.4,0.005657103,64.7353471072386,12.84301758,0.0,-0.015531097,-0.302155733,2.127155733,2659.181209,678.584473,634.798706,0.004259,0.004303
182,4,0,0,241.6802,60.0,18.4,0.005663862,65.5087688421398,12.40356445,0.0,-0.000959,-0.361136198,2.186136198,2675.610277,682.237488,634.914124,0.004326,0.004345
183,4,0,0,242.8245,59.0,18.4,0.005663326,66.1115660006046,12.27172852,0.0,-0.000959,-0.425417662,2.250417662,2689.874803,674.781128,631.503418,0.003853,0.003994
184,4,0,0,243.6232,60.0,18.3,0.005654918,66.7438507740214,12.2277832,0.0,0.003834839,-0.494889498,2.319889498,2704.036767,678.870605,620.76709,0.003877,0.004006
185,4,0,0,244.7861,60.0,18.3,0.005639113,67.447375670136,12.13989258,0.0,0.003834839,-0.568391085,2.393391085,2720.097425,0.0,0.0,0.0,0.0
186,4,0,0,245.4168,59.0,18.3,0.005625343,68.020776672441,12.13989258,0.0,0.003834839,-0.621212721,2.446212721,2734.042287,687.317322,623.058594,0.003374,0.00345
187,4,0,0,246.2326,59.0,18.3,0.005616888,68.685828702609,12.05200195,0.0,0.008436646,-0.67304635,2.49804635,2749.856367,733.344482,604.509399,0.003451,0.003469
188,4,0,0,246.8709,58.0,18.3,0.005622993,69.2339026683838,12.05200195,0.0,0.008436646,-0.699304342,2.524304342,2763.586916,677.935608,609.801697,0.003611,0.003853
189,4,0,0,247.8806,57.0,18.3,0.005648116,69.8718797256608,12.09594727,0.0,0.008436646,-0.70931077,2.53431077,2779.158061,680.768005,619.297424,0.003678,0.003849
190,4,0,0,248.7129,59.0,18.5,0.005674816,70.4002321792462,12.13989258,0.0,0.008436646,-0.699302435,2.524302435,2792.67805,653.906494,610.623901,0.003573,0.003744
191,4,0,0,249.4574,58.0,18.5,0.005684352,70.9774629118558,12.09594727,0.0,0.012271484,-0.664839506,2.489839506,2808.011176,660.88623,629.13623,0.004055,0.004148
192,4,0,0,250.2064,57.0,18.5,0.005656077,71.4691515585886,12.09594727,0.0,0.012271484,-0.613095045,2.438095045,2821.956751,690.485596,615.809204,0.004191,0.004279
193,4,0,0,251.0544,59.0,18.5,0.005581161,72.0252761028728,12.09594727,0.0,0.012271484,-0.519482374,2.344482374,2836.424563,667.90802,636.661011,0.00418,0.004429
194,4,0,0,251.718,60.0,18.5,0.005494333,72.517751411091,12.09594727,0.0,0.00690271,-0.413621187,2.238621187,2850.15704,649.814392,630.120178,0.004457,0.004544
195,4,0,0,252.4806,59.0,18.5,0.005399857,73.0544849372482,12.09594727,0.0,-0.003259613,-0.273108721,2.098108721,2864.403462,635.069885,640.21283,0.004435,0.004527
196,4,0,0,253.5368,59.0,18.4,0.005342505,73.5288968523724,12.13989258,0.0,-0.004793549,-0.149817705,1.974817705,2877.926,650.917908,638.302612,0.004458,0.004535
197,4,0,0,254.1167,59.0,18.4,0.005314906,74.062075925832,12.09594727,0.0,-0.013997162,-0.020537138,1.845537138,2891.954898,729.911682,849.982605,0.004485,0.004753
198,4,0,0,254.6992,58.0,18.4,0.005313027,74.5339625933754,12.00805664,0.0,-0.013997162,0.067050695,1.757949305,2905.271064,704.597412,628.084106,0.004138,0.004238
199,4,0,0,255.8723,56.0,18.4,0.005306066,75.0780363997396,12.00805664,0.0,-0.013997162,0.130121469,1.694878531,2919.684089,696.881104,634.748108,0.004252,0.004472
200,4,0,0,256.6603,56.0,18.0,0.005278265,75.5139866177368,12.05200195,0.0,-0.013997162,0.147167921,1.677832079,2932.208281,0.0,0.0,0.0,0.0
201,4,0,0,257.3539,56.0,18.0,0.005231007,76.0058912700844,12.00805664,0.0,-0.02166684,0.129831553,1.695168447,2946.485904,692.294495,610.009583,0.00428,0.004431
202,4,0,0,258.5516,55.0,18.0,0.005192732,76.4417478244936,12.00805664,0.0,-0.000959,0.072138071,1.752861929,2958.958348,727.261414,843.889893,0.004054,0.004343
203,4,0,0,258.8528,56.0,18.0,0.005156421,76.9009033734452,11.21429443,0.0,0.010737549,-0.012963533,1.837963533,2973.277425,0.0,0.0,0.0,0.0
204,4,0,0,259.5582,57.0,18.0,0.005126654,77.0359116141548,5.58380127,0.0,0.009203613,-0.0614779,1.8864779,2985.94757,693.958984,626.938293,0.004021,0.004057
205,4,0,0,260.0645,57.0,18.0,0.005095274,76.9952725121946,6.553344727,0.0,-0.003259613,-0.09502244,1.92002244,3000.594409,696.630676,628.464722,0.00404,0.004059
206,4,0,0,260.8786,58.0,18.0,0.005074849,77.0772806483654,8.311157227,0.0,-0.003259613,-0.120622396,1.945622396,3014.169739,695.009705,626.028381,0.003921,0.004084
207,4,0,0,261.9035,61.0,18.0,0.005067019,77.2612472327642,8.486938477,0.0,-0.003259613,-0.161338568,1.986338568,3028.510185,686.162292,630.197571,0.003802,0.003832
208,4,0,0,262.5223,63.0,18.0,0.005080942,77.416810977838,8.399047852,0.0,-0.003259613,-0.202835798,2.027835798,3042.364039,675.032593,622.360413,0.003927,0.004044
209,4,0,0,263.144,62.0,18.0,0.005125419,77.594891288533,8.355102539,0.0,-0.003259613,-0.262646437,2.087646437,3056.987046,0.0,0.0,0.0,0.0
210,4,0,0,263.248,61.0,17.7,0.005184385,77.7488800852026,8.442993164,0.0,-0.003259613,-0.323209047,2.148209047,3071.104529,688.562378,623.318726,0.003962,0.003937
211,4,0,0,264.8165,61.0,17.7,0.005259882,77.9231031136922,8.442993164,0.0,-0.003259613,-0.402729273,2.227729273,3085.997179,702.822876,619.545471,0.003951,0.003973
212,4,0,0,265.1324,59.0,17.8,0.005320236,78.0734506981448,8.355102539,0.0,-0.003259613,-0.480494261,2.305494261,3100.367483,704.03302,617.300415,0.003925,0.003857
213,4,0,0,265.9787,58.0,17.8,0.005381336,78.2369207604904,8.399047852,0.0,-0.003259613,-0.575327158,2.400327158,3116.180937,758.685303,624.884521,0.003974,0.003938
214,4,0,0,267.1511,58.0,17.8,0.005438228,78.37757858927,8.355102539,0.0,0.0,-0.669170141,2.494170141,3130.132354,814.041321,640.131409,0.003834,0.003838
215,4,0,0,267.2582,58.0,17.8,0.005514535,78.5372962983782,8.442993164,0.0,0.010737549,-0.772179842,2.597179842,3146.205086,683.342529,624.1828,0.004,0.004147
216,4,0,0,268.0103,58.0,17.8,0.005591194,78.6749287932654,8.399047852,0.0,0.010737549,-0.8420403,2.6670403,3160.378837,682.7229,624.051697,0.00393,0.003844
217,4,0,0,268.875,58.0,17.8,0.005689158,78.8301947299722,8.486938477,0.0,0.036047485,-0.892578363,2.717578363,3176.701005,671.745483,619.930115,0.003792,0.003866
218,4,0,0,270.0732,60.0,17.8,0.005774825,78.963218059006,8.442993164,0.0,0.012271484,-0.883641958,2.708641958,3191.08878,668.15448,620.157104,0.003411,0.003565
219,4,0,0,270.5115,61.0,17.8,0.005843131,79.1147200230406,8.442993164,0.0,0.016106323,-0.801911592,2.626911592,3207.650348,736.996399,608.820618,0.003644,0.003739
220,4,0,0,271.0615,60.0,17.8,0.005858029,79.4252791586738,12.97485352,0.0,0.013038452,-0.697732687,2.522732687,3222.242936,726.708191,650.427917,0.00363,0.003723
221,4,0,0,271.8352,61.0,17.8,0.005844977,79.8264054799602,8.311157227,0.0,0.014572388,-0.540634871,2.365634871,3239.033203,885.011414,628.134888,0.003724,0.003765
222,4,0,0,272.9481,60.0,17.8,0.005841842,79.8600884511714,6.817016602,0.0,0.003834839,-0.37556529,2.20056529,3253.821592,734.972595,616.047913,0.003757,0.003709
223,4,0,0,273.1718,59.0,17.8,0.005861051,79.8632684426378,6.904907227,0.0,-0.004793549,-0.158167124,1.983167124,3270.830838,772.156006,618.66571,0.003469,0.003598
224,4,0,0,274.1829,59.0,17.6,0.005882815,79.8781047871638,7.036743164,0.0,-0.019365936,0.022455454,1.802544546,3285.79562,691.343994,610.450928,0.003543,0.003655
225,4,0,0,273.508,59.0,17.6,0.00589074,79.8989899004534,7.080688477,0.0,-0.033938324,0.197631598,1.627368402,3303.622168,686.678406,612.834412,0.003512,0.003643
226,4,0,0,275.5428,58.0,17.6,0.005875236,79.9165886449026,6.992797852,0.0,-0.033938324,0.276119471,1.548880529,3317.884203,700.415283,623.64679,0.003433,0.003489
227,4,0,0,276.2278,59.0,17.6,0.005833505,79.9318991492728,6.992797852,0.0,-0.02856955,0.25727582,1.56772418,3335.746033,656.716309,620.602905,0.003542,0.003684
228,4,0,0,276.6864,60.0,17.6,0.005781309,79.9442033421494,6.948852539,0.0,-0.023200775,0.161168814,1.663831186,3350.069142,0.0,0.0,0.0,0.0
229,4,0,0,277.9554,61.0,17.6,0.005717365,79.950910572374,6.773071289,0.0,-0.004793549,-0.018768549,1.843768549,3368.014137,681.357605,618.903809,0.003631,0.003632
230,4,0,0,278.3035,61.0,17.7,0.005673171,79.9508788844694,6.817016602,0.0,0.019941162,-0.20499444,2.02999444,3382.402353,696.671692,622.3526,0.003431,0.003532
231,4,0,0,278.8856,62.0,17.7,0.00565008,79.9508187112468,6.817016602,0.0,0.021475098,-0.375843287,2.200843287,3400.427324,703.872314,593.953491,0.00349,0.003532
232,4,0,0,279.5873,61.0,17.7,0.00565647,79.949803587855,6.729125977,0.0,0.016106323,-0.474317789,2.299317789,3414.878689,699.595276,615.178589,0.003524,0.003486
233,4,0,0,280.4105,59.0,17.7,0.005686755,79.9451847981484,6.773071289,0.0,0.012271484,-0.526523352,2.351523352,3432.98147,688.910278,620.27887,0.003434,0.003483
234,4,0,0,281.3573,59.0,17.7,0.005725694,79.9415839803654,6.685180664,0.0,0.005368774,-0.538066149,2.363066149,3448.220392,690.154907,605.434204,0.003371,0.003444
235,4,0,0,281.833,59.0,17.7,0.005781728,79.936527257058,6.729125977,0.0,0.008436646,-0.531817198,2.356817198,3465.672504,682.306885,615.125122,0.003547,0.00362
236,4,0,0,282.3104,58.0,17.8,0.005840705,79.9327510051216,6.685180664,0.0,0.008436646,-0.522859335,2.347859335,3480.974352,681.547424,601.312378,0.003557,0.003532
237,4,0,0,283.7523,58.0,17.8,0.005908445,79.9260574060068,6.685180664,0.0,0.00690271,-0.490131617,2.315131617,3498.497254,677.880493,635.087097,0.003531,0.003681
238,4,0,0,283.8732,59.0,17.8,0.005944688,79.9210782850742,6.685180664,0.0,0.0,-0.442209959,2.267209959,3513.8597,679.98761,613.955811,0.003606,0.003723
239,4,0,0,284.4788,58.0,17.8,0.005936758,79.9146341658462,6.685180664,0.0,-0.004793549,-0.380604982,2.205604982,3531.460071,679.096497,618.911072,0.003573,0.00367
240,4,0,0,285.698,58.0,17.8,0.005892049,79.9089553682552,6.685180664,0.0,-0.004793549,-0.335434198,2.160434198,3546.942273,0.0,0.0,0.0,0.0
241,4,0,0,285.943,60.0,17.8,0.0058288,79.9033123462924,6.729125977,0.0,-0.004793549,-0.298108816,2.123108816,3564.685069,692.860901,603.587524,0.003728,0.003803
242,4,0,0,286.6808,60.0,17.8,0.00578737,79.8981224340066,6.685180664,0.0,-0.004793549,-0.279029608,2.104029608,3580.211755,686.969727,635.71637,0.003774,0.003814
243,4,0,0,287.4224,60.0,17.8,0.005765495,79.8914471813678,6.685180664,0.0,-0.004793549,-0.270222902,2.095222902,3597.959054,683.556885,622.259705,0.003806,0.003858
244,4,0,0,288.0433,61.0,17.8,0.00576179,79.8864483299268,6.729125977,0.0,-0.004793549,-0.274090052,2.099090052,3613.492557,700.840515,622.469177,0.003992,0.004227
245,4,0,0,289.0424,61.0,17.8,0.0057608,79.882548384118,6.773071289,0.0,-0.003259613,-0.292657614,2.117657614,3631.250417,688.981018,609.869202,0.004259,0.004409
246,4,0,0,289.2933,61.0,17.8,0.005755136,79.880468312168,6.729125977,0.0,-0.000959,-0.316551924,2.141551924,3646.791777,668.079712,620.451599,0.004391,0.004475
247,4,0,0,290.1747,60.0,17.8,0.005741374,79.8769178023534,6.773071289,0.0,0.003067871,-0.348029375,2.173029375,3664.555782,0.0,0.0,0.0,0.0
248,4,0,0,291.0615,61.0,17.8,0.005723227,79.873681805855,6.729125977,0.0,0.003067871,-0.371480227,2.196480227,3680.84019,683.895813,636.974182,0.004395,0.004528
249,4,0,0,291.6983,62.0,17.8,0.005695958,79.870265659837,6.685180664,0.0,0.00690271,-0.390053511,2.215053511,3697.865055,701.467896,616.592773,0.004429,0.004446
250,4,0,0,292.2097,60.0,17.9,0.005668786,79.867676875513,6.685180664,0.0,0.014572388,-0.392227888,2.217227888,3714.150233,682.114197,635.809204,0.004355,0.004373
251,4,0,0,292.9802,60.0,17.9,0.005639898,79.8644866325508,6.729125977,0.0,0.014572388,-0.358083963,2.183083963,3731.175497,672.191772,628.953979,0.00439,0.004435
252,4,0,0,293.7548,62.0,17.9,0.005621359,79.8614318155496,6.729125977,0.0,0.013038452,-0.28861928,2.11361928,3747.459709,686.62793,624.312988,0.004564,0.004537
253,4,0,0,294.2734,62.0,17.9,0.005606592,79.8580957181032,6.729125977,0.0,0.013038452,-0.173975706,1.998975706,3765.2232,684.512329,626.233093,0.004557,0.004523
254,4,0,0,294.7939,61.0,17.6,0.005593886,79.8572921102676,6.992797852,0.0,0.010737549,-0.044039011,1.869039011,3780.765364,675.423401,637.01239,0.004641,0.00464
255,4,0,0,295.4472,63.0,17.6,0.005574368,79.881692939441,7.124633789,0.0,-0.010929291,0.136633158,1.688366842,3798.526459,0.0,0.0,0.0,0.0
256,4,0,0,296.4984,63.0,17.6,0.005552058,79.9221686612044,7.783813477,0.0,-0.033938324,0.285754442,1.539245558,3814.066165,629.527588,631.298096,0.00456,0.004591
257,4,0,0,297.0268,63.0,17.6,0.005527231,80.0108986082202,8.091430664,0.0,-0.030103485,0.391842604,1.433157396,3831.824441,586.455872,630.016785,0.004505,0.004661
258,4,0,0,297.8229,65.0,17.7,0.005513367,80.1000290716818,8.003540039,0.0,-0.012463226,0.399912596,1.425087404,3847.361681,671.012085,626.493103,0.004563,0.004681
259,4,0,0,299.0252,65.0,17.7,0.00551118,80.195453808724,7.959594727,0.0,-0.000959,0.34519124,1.47980876,3865.117326,682.14502,635.743408,0.004481,0.004456
260,4,0,0,299.1594,63.0,17.7,0.00551928,80.2792686704458,8.003540039,0.0,-0.000959,0.28186202,1.54313798,3880.652352,685.143188,622.194092,0.004217,0.004218
261,4,0,0,299.6973,64.0,17.7,0.005529853,80.3754589866194,7.959594727,0.0,-0.000959,0.205868959,1.619131041,3898.405237,684.118896,622.955078,0.004159,0.004187
262,4,0,0,300.6434,63.0,17.7,0.005534214,80.4601438736386,7.959594727,0.0,-0.000959,0.134121656,1.690878344,3913.937901,677.794617,622.018799,0.004073,0.00405
263,4,0,0,301.1867,63.0,17.7,0.005536432,80.551735130614,7.915649414,0.0,-0.000959,0.052292585,1.772707415,3931.688744,681.775391,609.690674,0.003916,0.004023
264,4,0,0,301.5954,63.0,17.7,0.005540646,80.6331657551258,7.915649414,0.0,0.009203613,-0.021915197,1.846915197,3947.220131,0.0,0.0,0.0,0.0
265,4,0,0,302.1422,63.0,17.7,0.005547548,80.7195677596448,7.915649414,0.0,0.00690271,-0.08355689,1.90855689,3964.969505,681.528809,616.970581,0.003839,0.003928
266,4,0,0,303.1038,62.0,17.8,0.005555613,80.798366405147,8.003540039,0.0,0.00690271,-0.119466543,1.944466543,3980.499526,682.963806,622.288513,0.003891,0.004077
267,4,0,0,303.656,62.0,17.8,0.005576159,80.8842878929288,7.915649414,0.0,0.010737549,-0.13643527,1.96143527,3998.986867,686.156982,616.250305,0.00399,0.004164
268,4,0,0,304.2103,63.0,17.8,0.005611982,80.9584742665514,7.915649414,0.0,0.010737549,-0.125710726,1.950710726,4013.776076,677.343384,617.793701,0.004045,0.004146
269,4,0,0,304.7665,62.0,17.8,0.005673901,81.0416390514736,8.003540039,0.0,0.010737549,-0.082889318,1.907889318,4032.261588,688.203918,626.689819,0.003932,0.004133
270,4,0,0,305.8852,61.0,17.8,0.005739456,81.1134508117394,7.959594727,0.0,0.010737549,-0.019635439,1.844635439,4047.049098,668.702698,609.889893,0.003926,0.004102
271,4,0,0,306.4477,62.0,17.8,0.005818839,81.19564719241,8.003540039,0.0,0.010737549,0.089577436,1.735422564,4065.533629,673.469177,616.811707,0.003954,0.004039
272,4,0,0,307.2952,61.0,17.8,0.005886454,81.2676014758262,7.915649414,0.0,0.0,0.205718279,1.619281721,4080.325668,683.269714,612.382874,0.003858,0.004028
273,4,0,0,307.8628,60.0,17.8,0.005947591,81.349086737431,8.003540039,0.0,-0.016298065,0.351211786,1.473788214,4098.830524,680.913818,630.72583,0.00389,0.004079
274,4,0,0,308.4325,61.0,18.1,0.005969366,81.4266307414692,8.091430664,0.0,-0.02166684,0.458616495,1.366383505,4113.652867,685.814819,629.359802,0.004005,0.004025
275,4,0,0,309.5784,61.0,18.1,0.005950731,81.5180666166676,8.311157227,0.0,-0.025501678,0.510351896,1.314648104,4129.976778,0.0,0.0,0.0,0.0
276,4,0,0,309.4347,60.0,18.1,0.005888044,81.6273195432862,8.399047852,0.0,-0.012463226,0.49920249,1.32579751,4147.807084,705.234192,623.589478,0.0037,0.00375
277,4,0,0,310.8776,62.0,18.1,0.005815838,81.7212898393034,8.355102539,0.0,-0.010162323,0.43854928,1.38645072,4163.427602,699.301575,619.488281,0.00388,0.004071
278,4,0,0,311.1678,61.0,18.1,0.005726124,81.8310434637828,8.442993164,0.0,-0.003259613,0.339466333,1.485533667,4181.301008,0.0,0.0,0.0,0.0
279,4,0,0,311.8957,60.0,18.1,0.005639441,81.9295384353034,8.442993164,0.0,0.001533936,0.238664865,1.586335135,4196.958413,0.0,0.0,0.0,0.0
280,4,0,0,312.1878,60.0,18.1,0.005540386,82.0331160726922,8.399047852,0.0,0.014572388,0.126142263,1.698857737,4214.873066,691.389099,632.389099,0.003889,0.004129
281,4,0,0,313.5091,60.0,18.1,0.005470454,82.1257860380828,8.355102539,0.0,-0.000959,0.052412271,1.772587729,4230.566104,680.828125,643.709717,0.004048,0.004238
282,4,0,0,313.952,59.0,18.1,0.005419606,82.2300466793676,8.355102539,0.0,0.009203613,-0.012060404,1.837060404,4248.520846,678.4422,629.696411,0.004268,0.004287
283,4,0,0,315.2883,59.0,18.1,0.005403596,82.3151442816298,8.355102539,0.0,-0.000959,-0.054464102,1.879464102,4264.997583,696.893921,632.645386,0.004626,0.004609
284,4,0,0,314.0999,62.0,18.4,0.005419691,82.4151202482854,8.355102539,0.0,0.00690271,-0.093384504,1.918384504,4282.241515,699.817505,801.615417,0.004501,0.004624
285,4,0,0,315.4375,61.0,18.4,0.005453182,82.4723017239188,7.036743164,0.0,0.010737549,-0.120780706,1.945780706,4298.752815,689.014099,619.921814,0.004213,0.004295
286,4,0,0,316.4857,60.0,18.4,0.00549029,82.4567321962756,7.036743164,0.0,0.010737549,-0.125432253,1.950432253,4316.032264,674.172913,651.786316,0.004455,0.004545
287,4,0,0,316.9371,61.0,18.4,0.005511162,82.4427164864024,6.948852539,0.0,0.00690271,-0.095954657,1.920954657,4332.57727,685.177979,646.941101,0.004571,0.004673
288,4,0,0,317.9954,62.0,18.3,0.005525197,82.427310419423,6.992797852,0.0,0.003834839,-0.035549402,1.860549402,4349.891961,685.952515,653.83667,0.004616,0.004785
289,4,0,0,318.6032,65.0,18.3,0.005537271,82.383241781736,6.421508789,0.0,-0.010162323,0.027127028,1.797872972,4366.471347,661.726929,636.53418,0.0048,0.0049
290,4,0,0,319.0607,64.0,18.3,0.005558014,82.2848047464554,5.850219727,0.0,-0.010162323,0.087132215,1.737867785,4384.581568,678.959717,632.797485,0.004492,0.004629
291,4,0,0,319.6727,63.0,18.3,0.005581147,82.1875096183718,5.850219727,0.0,-0.010162323,0.113348722,1.711651278,4400.449701,654.939026,637.225891,0.004571,0.004739
292,4,0,0,320.4409,63.0,18.3,0.005602293,82.1341407979456,7.212524414,0.0,-0.005560516,0.11509347,1.70990653,4418.608984,723.558899,843.598877,0.004451,0.004659
293,4,0,0,321.0582,63.0,18.3,0.005610212,82.1586204204054,7.564086914,0.0,-0.005560516,0.097859144,1.727140856,4434.519879,585.71637,603.06073,0.004544,0.004519
294,4,0,0,321.3677,63.0,18.0,0.005612333,82.1820491116584,7.036743164,0.0,-0.000959,0.065736055,1.759263945,4452.728254,683.561096,650.051086,0.00453,0.004651
295,4,0,0,322.2999,65.0,18.0,0.005614018,82.173022387972,6.992797852,0.0,0.001533936,0.034457922,1.790542078,4468.681854,713.301392,889.587891,0.00456,0.004793
296,4,0,0,322.9244,66.0,18.0,0.005616993,82.146838345705,6.509399414,0.0,0.009203613,0.000817,1.824183416,4486.938568,726.415771,855.928101,0.004342,0.004582
297,4,0,0,323.3943,64.0,18.0,0.005617257,82.0980446535912,6.377563477,0.0,0.005368774,-0.010977507,1.835977507,4502.933667,590.011597,661.174011,0.0,0.004822
298,4,0,0,324.0231,65.0,18.0,0.005609774,82.0580590080446,6.773071289,0.0,-0.010162323,-0.003100157,1.828100157,4521.236564,731.774902,857.158691,0.004694,0.004833
299,4,0,0,324.9708,63.0,18.0,0.005590601,82.0320947533414,6.817016602,0.0,-0.013997162,-0.006449461,1.831449461,4537.269364,0.0,0.0,0.0,0.0
300,4,0,0,325.6056,61.0,18.0,0.005547892,82.0035169143848,6.729125977,0.0,-0.010162323,-0.04891324,1.87391324,4555.593604,696.238525,625.363281,0.004292,0.004464
301,4,0,0,325.924,60.0,18.0,0.005495076,81.9804999244906,6.773071289,0.0,-0.004793549,-0.112051249,1.937051249,4571.624001,670.757202,598.631897,0.004474,0.004512
302,4,0,0,326.5626,58.0,18.0,0.005431524,81.9574072151494,6.817016602,0.0,0.005368774,-0.196231127,2.021231127,4589.940705,675.102112,618.017822,0.004471,0.004565
303,4,0,0,327.2037,58.0,18.0,0.00538951,81.9401930868668,7.036743164,0.0,0.00690271,-0.258299589,2.083299589,4605.958861,0.0,0.0,0.0,0.0
304,4,0,0,328.1701,61.0,17.7,0.005369808,81.9563881005944,7.564086914,0.0,0.019941162,-0.310967684,2.135967684,4625.004972,729.404785,865.946228,0.00397,0.004394
305,4,0,0,328.8176,62.0,17.7,0.005376717,81.9955456280572,7.739868164,0.0,0.010737549,-0.327317476,2.152317476,4640.222108,676.268921,628.071106,0.004182,0.004332
306,4,0,0,328.9798,62.0,17.7,0.005404533,82.0433761140876,7.695922852,0.0,0.010737549,-0.298134089,2.123134089,4659.235308,0.0,0.0,0.0,0.0
307,4,0,0,330.6113,64.0,17.7,0.005440907,82.0877389391266,7.739868164,0.0,0.010737549,-0.244917154,2.069917154,4674.450985,602.841492,636.306091,0.004199,0.004382
308,4,0,0,330.4474,64.0,17.7,0.005493081,82.1393298733746,7.783813477,0.0,0.003067871,-0.154438257,1.979438257,4693.472984,668.037292,617.997375,0.00421,0.004211
309,4,0,0,330.9395,65.0,17.7,0.005547825,82.183183841199,7.739868164,0.0,0.003067871,-0.062628031,1.887628031,4708.688195,685.098999,633.044678,0.003942,0.004086
310,4,0,0,331.763,66.0,17.7,0.0056206,82.2348111948112,7.739868164,0.0,0.001533936,0.052007437,1.772992563,4727.696549,685.132996,626.839294,0.004223,0.004283
311,4,0,0,332.259,67.0,17.7,0.005688553,82.2818402938952,8.267211914,0.0,-0.001725677,0.155244589,1.669755411,4743.653589,0.0,0.0,0.0,0.0
312,4,0,0,332.9227,65.0,17.8,0.005758732,82.3797042592952,8.311157227,0.0,-0.005560516,0.275501013,1.549498987,4761.883418,679.582092,629.362976,0.004099,0.004111
313,4,0,0,333.2556,64.0,17.8,0.005809101,82.4617416371738,8.355102539,0.0,-0.027035614,0.358879328,1.466120672,4777.828759,676.532898,623.651978,0.004025,0.004232
314,4,0,0,334.4258,63.0,18.1,0.00586284,82.5683914563424,8.841247559,0.0,-0.015531097,0.417259932,1.407740068,4796.045901,0.0,0.0,0.0,0.0
315,4,0,0,334.9298,62.0,18.1,0.005908854,82.6864227854854,8.885192871,0.0,-0.013997162,0.412410021,1.412589979,4811.981183,0.0,0.0,0.0,0.0
316,4,0,0,335.6043,61.0,18.1,0.0059497,82.8090812246228,8.662719727,0.0,-0.003259613,0.372570753,1.452429247,4830.189523,703.401306,655.704102,0.004283,0.004455
317,4,0,0,336.2814,62.0,18.1,0.005965863,82.911117613187,8.662719727,0.0,0.003834839,0.350064993,1.474935007,4846.126372,676.575684,656.031311,0.004416,0.004648
318,4,0,0,337.6439,62.0,18.1,0.005952396,83.0202406177874,8.574829102,0.0,0.016106323,0.344323874,1.480676126,4864.350503,688.696472,675.422119,0.004497,0.004833
319,4,0,0,337.9863,62.0,18.1,0.005911709,83.1091324322204,8.618774414,0.0,0.0,0.363462687,1.461537313,4880.306336,689.649597,658.483826,0.004402,0.00467
320,4,0,0,337.9863,63.0,18.4,0.005846364,83.2142873676498,8.618774414,0.0,-0.003259613,0.400500536,1.424499464,4898.553035,692.37323,673.844421,0.004416,0.004715
321,4,0,0,339.3627,63.0,18.4,0.005782682,83.3068493785132,8.574829102,0.0,-0.032404388,0.421212435,1.403787565,4914.529137,699.463806,627.421997,0.004432,0.004719
322,4,0,0,339.19,63.0,18.3,0.005702191,83.3977726628282,8.399047852,0.0,-0.012463226,0.383081198,1.441918802,4932.799174,0.0,0.0,0.0,0.0
323,4,0,0,340.2286,64.0,18.3,0.005627472,83.4776342452136,8.399047852,0.0,-0.004793549,0.310789824,1.514210176,4948.796258,735.886719,827.967712,0.004028,0.004308
324,4,0,0,340.5763,66.0,18.6,0.005547723,83.5384255992142,7.871704102,0.0,0.010737549,0.206595659,1.618404341,4967.099119,689.804871,642.861328,0.004076,0.004213
325,4,0,0,341.099,65.0,18.6,0.005488483,83.5425805610394,6.817016602,0.0,0.021475098,0.113685846,1.711314154,4983.897707,719.494629,724.441528,0.004156,0.004435
326,4,0,0,339.5355,65.0,18.5,0.005434946,83.5368326905756,8.091430664,0.0,0.021475098,0.058010817,1.766989183,5001.484072,726.039429,834.859375,0.004118,0.004262
327,4,0,0,340.2286,66.0,18.5,0.005404724,83.5859102380786,8.003540039,0.0,0.010737549,0.065956354,1.759043646,5018.333421,676.535706,623.589111,0.00403,0.004097
328,4,0,0,336.7911,67.0,18.5,0.005396908,83.6455929982202,8.311157227,0.0,-0.001725677,0.116704226,1.708295774,5035.975187,668.496277,634.317871,0.004061,0.004122
329,4,0,0,332.9227,69.0,18.5,0.005414055,83.716504896025,8.399047852,0.0,-0.010162323,0.16527009,1.65972991,5052.873629,648.419128,642.030029,0.004078,0.004236
330,4,0,0,326.4027,68.0,18.5,0.005449329,83.7873627360992,8.223266602,0.0,-0.010162323,0.190809011,1.634190989,5071.33296,0.0,0.0,0.0,0.0
331,4,0,0,318.1471,68.0,18.5,0.005478377,83.8454408072334,8.267211914,0.0,-0.019365936,0.187050581,1.637949419,5087.505692,665.024292,648.374207,0.003981,0.004102
332,4,0,0,314.9904,67.0,18.4,0.005489844,83.8994964617848,7.476196289,0.0,-0.025501678,0.136252165,1.688747835,5106.01223,0.0,0.0,0.0,0.0
333,4,0,0,314.0999,66.0,18.4,0.00547369,83.8796064034172,6.729125977,0.0,-0.030870453,0.031125307,1.793874693,5122.224442,688.523804,628.465088,0.003994,0.003902
334,4,0,0,307.8628,66.0,18.1,0.00543361,83.8083198673538,6.597290039,0.0,-0.049277679,-0.185632467,2.010632467,5140.772467,677.085693,635.741882,0.00384,0.004038
335,4,0,0,300.5079,67.0,18.1,0.005390946,83.7600986818516,7.124633789,0.0,-0.030870453,-0.492689371,2.317689371,5157.014509,668.633179,633.290588,0.003822,0.004026
336,4,0,0,296.4984,65.0,18.1,0.005342851,83.7454326376844,7.608032227,0.0,-0.000959,-0.943885565,2.768885565,5175.577401,677.308899,631.948608,0.003845,0.003993
337,4,0,0,297.5571,63.0,18.1,0.00530951,83.8095699865724,8.797302246,0.0,0.019941162,-1.362290621,3.187290621,5191.821122,0.0,0.0,0.0,0.0
338,4,0,0,300.102,62.0,17.8,0.005292592,84.062527319151,11.34613037,0.0,0.019941162,1.79376936,3.68123064,5210.397636,711.952881,621.533203,0.003764,0.003833
339,4,0,0,303.1038,61.0,17.8,0.005300902,84.3467710259996,11.434021,0.0,0.010737549,1.443506479,4.031493521,5226.665327,694.078125,631.372925,0.003715,0.003872
340,4,0,0,305.7449,60.0,17.5,0.005330738,84.6446544526172,11.34613037,0.0,0.023009033,1.103426695,4.371573305,5245.274384,687.532471,623.48053,0.003687,0.003772
341,4,0,0,307.5787,60.0,17.5,0.005362461,84.9125691681832,11.30218506,0.0,0.021475098,0.839556932,4.635443068,5261.57081,684.139709,632.272278,0.003564,0.003701
342,4,0,0,309.0044,60.0,17.6,0.005393695,85.2023741747094,11.25823975,0.0,0.001533936,0.616063356,4.858936644,5280.209611,0.0,0.0,0.0,0.0
343,4,0,0,310.0102,59.0,17.6,0.005414439,85.4484401685674,11.21429443,0.0,0.001533936,0.450550556,5.024449444,5296.520568,684.937927,625.074524,0.003346,0.003394
344,4,0,0,311.1678,59.0,17.3,0.005432141,85.7340658800476,11.17034912,0.0,0.001533936,0.253013134,5.221986866,5315.92326,688.612488,623.588806,0.003341,0.003441
345,4,0,0,312.0417,61.0,17.3,0.005442792,85.9714013975264,11.21429443,0.0,0.0,0.09352088,5.38147912,5331.431603,708.907898,619.128906,0.003396,0.003529
346,4,0,0,313.0674,61.0,17.4,0.00545024,86.2480417292648,11.17034912,0.0,-0.003259613,-0.099124193,5.574124193,5350.809787,0.0,0.0,0.0,0.0
347,4,0,0,314.5445,61.0,17.4,0.005451949,86.476973933093,10.46722412,0.0,0.003834839,-0.264582396,5.739582396,5366.324561,684.964111,634.445679,0.003351,0.003425
348,4,0,0,315.2883,60.0,17.1,0.005444743,86.6303890805196,10.027771,0.0,0.00690271,-0.451252818,5.926252818,5385.778485,684.960083,608.18042,0.003446,0.003627
349,4,0,0,316.4857,60.0,17.1,0.005432718,86.7924520164362,10.15960693,0.0,0.013038452,-0.604682803,6.079682803,5401.401656,690.195313,625.994385,0.003657,0.00361
350,4,0,0,317.541,58.0,17.2,0.005425126,86.9639393439532,10.11566162,0.0,0.032979614,-0.743026733,6.218026733,5421.003536,687.807678,626.989929,0.003514,0.003647
351,4,0,0,318.9081,56.0,17.2,0.005429824,87.1139665892788,10.11566162,0.0,0.025309937,-0.778797388,6.253797388,5436.741588,675.105591,621.037598,0.003623,0.003674
352,4,0,0,319.6727,58.0,17.3,0.005437625,87.2791931979542,10.15960693,0.0,0.025309937,-0.724045634,6.199045634,5456.482344,685.254089,633.723572,0.003509,0.0036
353,4,0,0,320.4409,57.0,17.3,0.005430984,87.4239341154346,10.07171631,0.0,0.0,-0.60735476,6.08235476,5473.121174,671.639709,642.947205,0.003445,0.003566
354,4,0,0,321.5227,56.0,17.4,0.005402788,87.5816758768908,10.027771,0.0,-0.010162323,-0.454248548,5.929248548,5492.255924,0.0,0.0,0.0,0.0
355,4,0,0,322.9244,57.0,17.4,0.005373167,87.7092843722804,9.939880371,0.0,-0.015531097,-0.337169528,5.812169528,5509.002594,688.645691,621.995728,0.003635,0.003768
356,4,0,0,323.3943,59.0,17.4,0.005352604,87.8498153528812,9.851989746,0.0,-0.010162323,-0.23998332,5.71498332,5528.20096,683.920105,638.908691,0.003652,0.0036
357,4,0,0,324.1806,58.0,17.4,0.005355088,87.9623469235082,9.720153809,0.0,-0.010162323,-0.189851522,5.664851522,5545.036397,707.345215,626.824707,0.003562,0.003579
358,4,0,0,325.7647,59.0,17.5,0.005380139,88.090721352084,9.851989746,0.0,-0.010162323,-0.162147403,5.637147403,5564.315852,0.0,0.0,0.0,0.0
359,4,0,0,326.4027,60.0,17.5,0.005411049,88.196911962177,9.676208496,0.0,-0.010162323,-0.166650772,5.641650772,5581.220015,684.437683,625.748901,0.003211,0.003316
360,4,0,0,327.2037,60.0,17.5,0.005443574,88.3133318913648,9.676208496,0.0,-0.004793549,-0.202367544,5.677367544,5600.576952,678.156189,618.503723,0.003133,0.003272
361,4,0,0,328.0087,59.0,17.5,0.005464091,88.4140848634658,9.676208496,0.0,-0.004793549,-0.249715209,5.724715209,5617.546495,711.036499,614.520325,0.003084,0.003122
362,4,0,0,329.1423,61.0,17.6,0.005479362,88.5253195313604,9.676208496,0.0,-0.004793549,-0.316674113,5.791674113,5636.975974,693.248596,622.076904,0.003205,0.003314
363,4,0,0,329.9568,61.0,17.6,0.005491082,88.6242660675916,9.632263184,0.0,0.009203613,-0.389302611,5.864302611,5654.007774,694.199524,634.205872,0.003236,0.003309
364,4,0,0,330.6113,60.0,17.6,0.005509598,88.7342028510564,9.676208496,0.0,0.009203613,-0.457222104,5.932222104,5673.505567,686.928101,612.492126,0.00316,0.003307
365,4,0,0,331.598,60.0,17.6,0.005534844,88.8240791470476,9.720153809,0.0,0.009203613,-0.487985969,5.962985969,5690.592941,686.187927,609.212891,0.003149,0.003232
366,4,0,0,332.5905,60.0,17.6,0.005568272,88.9165691721328,9.676208496,0.0,0.009203613,-0.496035933,5.971035933,5708.519275,682.469177,631.789124,0.003192,0.003269
367,4,0,0,333.4222,59.0,17.6,0.005604218,89.0192404775138,9.632263184,0.0,0.009203613,-0.47430253,5.94930253,5728.10387,683.903076,603.539917,0.003111,0.003203
368,4,0,0,334.2581,58.0,17.7,0.00562191,89.1043390292866,9.632263184,0.0,0.009203613,-0.431297898,5.906297898,5745.263887,687.154114,622.345276,0.003147,0.003259
369,4,0,0,335.4354,59.0,17.7,0.005625098,89.2047414066686,9.632263184,0.0,0.009203613,-0.348852754,5.823852754,5764.901057,685.141479,607.973694,0.003227,0.003195
370,4,0,0,336.1119,59.0,17.7,0.005616285,89.2838514433674,9.588317871,0.0,-0.008628387,-0.257924438,5.732924438,5782.105575,688.414673,613.356873,0.003286,0.003347
371,4,0,0,336.621,60.0,17.7,0.005594554,89.377851769669,9.588317871,0.0,-0.010929291,-0.152593732,5.627593732,5801.792645,682.752991,627.677002,0.003171,0.003398
372,4,0,0,337.1317,62.0,17.7,0.005571852,89.455416888248,9.588317871,0.0,-0.010929291,-0.096695542,5.571695542,5819.040186,691.412598,617.816223,0.003595,0.003649
373,4,0,0,338.1577,61.0,17.7,0.005552865,89.5420212511786,9.588317871,0.0,-0.010929291,-0.069849849,5.544849849,5838.775112,689.152893,632.396912,0.003719,0.003826
374,4,0,0,339.0175,60.0,17.8,0.005547631,89.6178442270208,9.544372559,0.0,-0.008628387,-0.076930761,5.551930761,5856.063402,0.0,0.0,0.0,0.0
375,4,0,0,339.7085,60.0,17.8,0.005554121,89.7036890941252,9.588317871,0.0,-0.003259613,-0.116250753,5.591250753,5875.843845,676.25531,654.139709,0.004465,0.004436
376,4,0,0,340.2286,61.0,17.8,0.005563849,89.7759790053984,9.544372559,0.0,0.013038452,-0.155380964,5.630380964,5893.170932,695.954102,623.493774,0.004596,0.004808
377,4,0,0,341.2736,62.0,17.8,0.005568573,89.8580284211402,9.588317871,0.0,0.00690271,-0.16975987,5.64475987,5912.994932,684.179321,637.026917,0.004817,0.004858
378,4,0,0,341.7985,62.0,17.8,0.005566191,89.9300439560368,9.544372559,0.0,0.003067871,-0.160151839,5.635151839,5930.358779,677.06543,625.259705,0.004827,0.004969
379,4,0,0,342.5009,64.0,17.8,0.005567279,90.0073916688752,9.632263184,0.0,-0.001725677,-0.140106678,5.615106678,5950.223132,693.304626,657.804626,0.004661,0.004811
380,4,0,0,343.9144,64.0,17.8,0.005576746,90.0789620764212,9.588317871,0.0,-0.001725677,-0.125381351,5.600381351,5967.621654,702.894592,642.280029,0.00462,0.004643
381,4,0,0,344.0919,62.0,17.8,0.005585979,90.1553430909084,9.500427246,0.0,-0.000959,-0.114668846,5.589668846,5988.354822,704.790222,630.65863,0.004613,0.004753
382,4,0,0,344.8038,62.0,17.5,0.005579215,90.2237287111548,9.544372559,0.0,-0.000959,-0.108581185,5.583581185,6004.957044,675.88739,626.973999,0.004473,0.004439
383,4,0,0,345.1608,61.0,17.5,0.005550556,90.2963281467902,9.632263184,0.0,0.0,-0.104820728,5.579820728,6025.729415,702.070007,662.017883,0.004252,0.004349
384,4,0,0,346.2364,60.0,17.6,0.00551374,90.3620713755972,9.632263184,0.0,0.0,-0.102042794,5.577042794,6042.362901,703.250916,654.218323,0.004235,0.004326
385,4,0,0,346.9572,61.0,17.6,0.005466042,90.4340945709522,9.544372559,0.0,0.001533936,-0.098728418,5.573728418,6063.173673,698.836975,633.757324,0.004065,0.004171
386,4,0,0,347.3187,62.0,17.6,0.005422459,90.4957098587526,9.544372559,0.0,0.001533936,-0.092943788,5.567943788,6079.837215,696.143127,626.600708,0.004064,0.004109
387,4,0,0,347.8624,62.0,17.6,0.005372886,90.534130533803,8.574829102,0.0,0.001533936,-0.081597209,5.556597209,6100.685458,692.264526,651.278503,0.003822,0.003798
388,4,0,0,348.7723,62.0,17.6,0.005333051,90.5277710336722,8.574829102,0.0,0.001533936,-0.067689896,5.542689896,6118.21346,684.111816,627.555298,0.003808,0.003962
389,4,0,0,349.5037,62.0,17.6,0.005298253,90.5232396955012,8.618774414,0.0,0.001533936,-0.046836972,5.521836972,6138.262533,684.584595,633.558472,0.003882,0.004027
390,4,0,0,350.2382,62.0,17.7,0.005278617,90.5222120675376,8.618774414,0.0,0.001533936,-0.024726152,5.499726152,6155.8203,685.640991,626.485718,0.003801,0.003889
391,4,0,0,350.791,61.0,17.7,0.005261498,90.5201430195666,8.662719727,0.0,0.001533936,0.00562501,5.46937499,6175.902765,695.874207,633.170898,0.003904,0.004034
392,4,0,0,351.5309,62.0,17.4,0.005247783,90.5182745436398,8.662719727,0.0,0.001533936,0.035938501,5.439061499,6193.489046,702.454712,637.52533,0.003702,0.00361
393,4,0,0,352.2739,63.0,17.4,0.005235397,90.5161021277606,8.709411621,0.0,0.001533936,0.075786829,5.399213171,6213.60255,700.626709,602.578613,0.003523,0.003611
394,4,0,0,352.8333,62.0,17.5,0.005225326,90.51483623701,8.618774414,0.0,0.001533936,0.116434693,5.358565307,6231.205188,689.696899,637.138,0.003454,0.003559
395,4,0,0,353.9572,61.0,17.5,0.005211746,90.5108187932878,8.442993164,0.0,0.001533936,0.166011333,5.308988667,6251.321078,729.10907,843.917603,0.003188,0.003482
396,4,0,0,353.7694,62.0,17.2,0.005204187,90.4807833911866,5.23223877,0.0,0.001533936,0.210360289,5.264639711,6266.40752,698.888184,639.318726,0.003241,0.003362
397,4,0,0,354.5219,63.0,17.2,0.005207953,89.801111891151,0.0,23.59313965,0.008436646,0.269409895,5.205590105,6286.522476,697.499207,620.021729,0.003627,0.003677
398,4,0,0,355.2776,61.0,17.3,0.005230293,89.1867523972694,0.0,23.15368652,0.008436646,0.337368488,5.137631512,6304.122644,697.006287,640.802795,0.003764,0.003838
399,4,0,0,356.7988,59.0,17.3,0.005276361,88.510450823007,0.0,23.3001709,0.017640259,0.438243389,5.036756611,6324.236578,694.156006,616.710022,0.003506,0.003725
400,4,0,0,357.3726,60.0,17.1,0.005328498,87.8849480497512,0.0,55.81970215,0.021475098,0.579971552,4.895028448,6341.83593,693.683716,636.875488,0.003525,0.003639
401,4,0,0,357.9482,60.0,17.1,0.005391986,87.2212540611422,0.0,250.6439209,0.03451355,0.816472292,4.658527708,6361.948602,686.359924,623.495728,0.003893,0.004097
402,4,0,0,358.333,60.0,17.2,0.005439825,86.649890515464,0.0,239.6575928,0.02761084,1.092963696,4.382036304,6379.52583,737.761292,846.86499,0.003928,0.004324
403,4,0,0,359.2986,59.0,17.2,0.005469865,85.9749445365638,0.0,240.6829834,0.009203613,1.541961908,3.933038092,6397.814324,574.773804,632.298889,0.0,0.004145
404,4,0,0,360.0749,60.0,17.2,0.005478106,85.3922344196826,0.0,240.2435303,0.003834839,-1.585308552,3.410308552,6414.316412,673.276489,623.059875,0.004161,0.00436
405,4,0,0,360.2695,59.0,17.2,0.00546496,84.7305992919224,0.0,237.6068115,-0.02856955,-1.051180124,2.876180124,6434.779573,684.86908,619.412415,0.004,0.004153
406,4,0,0,361.4414,58.0,17.0,0.005443023,84.157191031494,0.0,235.9954834,-0.057714325,-0.63297534,2.45797534,6451.019255,682.137085,619.835999,0.003689,0.003829
407,4,0,0,361.6375,59.0,17.0,0.00541751,83.501060377616,0.0,227.9388428,-0.069218842,-0.323276281,2.148276281,6471.155753,683.734192,624.225525,0.003686,0.003739
408,4,0,0,362.0303,60.0,17.1,0.00539933,82.9336884618464,0.0,75.00915527,-0.060015228,-0.267533541,2.092533541,6487.930581,696.750671,625.963623,0.003695,0.003809
409,4,0,0,362.8184,59.0,17.1,0.005385244,82.3125054307384,0.0,48.4954834,0.04141626,-0.423985243,2.248985243,6506.948169,692.66571,625.581604,0.003874,0.004039
410,4,0,0,363.4117,59.0,16.9,0.005379574,81.758001363087,0.0,41.75720215,0.0690271,-0.570692778,2.395692778,6523.456948,679.455811,625.91571,0.003943,0.004172
411,4,0,0,364.007,59.0,16.9,0.005375608,81.147035146502,0.0,39.1204834,0.018407227,-0.537582159,2.362582159,6542.178025,682.753113,612.477295,0.003758,0.003855
412,4,0,0,364.8037,58.0,17.0,0.005366123,80.5821437386612,0.0,39.1204834,-0.019365936,-0.394401789,2.219401789,6558.433455,682.817871,618.782715,0.003835,0.003951
413,4,0,0,365.2034,58.0,17.0,0.005342369,79.963155235764,0.0,37.06970215,-0.033938324,-0.261077642,2.086077642,6576.865495,0.0,0.0,0.0,0.0
414,4,0,0,366.8109,59.0,17.1,0.005313226,79.428252140736,0.0,26.8157959,0.0,-0.239322424,2.064322424,6592.865715,692.061707,631.068604,0.003858,0.003844
415,4,0,0,366.8109,61.0,17.1,0.005276975,78.819850326974,0.0,25.0579834,0.010737549,-0.267531157,2.092531157,6611.008985,698.116028,613.771973,0.003799,0.00379
416,4,0,0,367.0129,61.0,17.2,0.005243091,78.2938806621926,0.0,24.4720459,-0.000959,-0.273436785,2.098436785,6626.759329,677.060974,620.789307,0.003418,0.003498
417,4,0,0,366.8109,63.0,17.2,0.005201436,77.6955781650402,0.0,9.677124023,0.003067871,-0.271070719,2.096070719,6644.619085,730.776672,845.709473,0.003666,0.003841
418,4,0,0,367.62,63.0,17.3,0.005164424,77.197899136399,0.0,6.600952148,0.008436646,-0.266984224,2.091984224,6660.124906,684.751282,621.4505,0.003763,0.003836
419,4,0,0,368.4327,62.0,17.3,0.005122327,76.6851291495504,3.782043457,0.0,-0.013997162,-0.247978926,2.072978926,6677.707815,735.825684,824.888489,0.003747,0.003756
420,4,0,0,368.4327,62.0,17.3,0.005083191,76.5679127419032,5.188293457,0.0,-0.013997162,-0.251738787,2.076738787,6692.973201,686.635315,644.991089,0.003767,0.003741
421,4,0,0,369.0445,61.0,17.3,0.005031871,76.396705793601,3.913879395,0.0,-0.007094452,-0.290951014,2.115951014,6710.283815,701.40741,624.229004,0.003858,0.003818
422,4,0,0,369.4536,61.0,17.4,0.004982901,76.204289482186,3.694152832,0.0,-0.007094452,-0.345935106,2.170935106,6726.025989,691.551697,631.973816,0.003785,0.003937
423,4,0,0,369.8635,61.0,17.4,0.004933088,75.9894232157324,3.29864502,0.0,-0.004793549,-0.421770811,2.246770811,6742.370043,0.0,0.0,0.0,0.0
424,4,0,0,370.8924,61.0,17.5,0.004902103,75.7916468043266,3.65020752,0.0,0.005368774,-0.502134085,2.327134085,6757.965111,691.713684,640.480896,0.004007,0.004048
425,4,0,0,372.5505,61.0,17.5,0.004877308,75.5782414484448,2.548828125,0.0,0.005368774,-0.592430353,2.417430353,6774.232387,689.830688,638.181213,0.003897,0.00395
426,4,0,0,372.5505,60.0,17.5,0.004858707,75.2482388623874,0.52734375,0.0,0.005368774,-0.654073954,2.479073954,6789.748153,682.636902,634.163818,0.003821,0.003816
427,4,0,0,374.2235,61.0,17.5,0.004841625,74.6994815547552,0.0,0.0,0.005368774,-0.707058191,2.532058191,6806.62268,686.290588,622.3797,0.003737,0.003798
428,4,0,0,374.4337,60.0,17.6,0.004833768,74.2042926096158,0.0,0.0,0.005368774,-0.742224932,2.567224932,6821.344257,667.696472,643.479492,0.003792,0.003824
429,4,0,0,375.0656,57.0,17.6,0.004834354,73.6406470562426,0.0,0.0,0.005368774,-0.76399827,2.58899827,6838.108989,684.331787,626.63501,0.003377,0.003465
430,4,0,0,375.2768,57.0,17.6,0.004842947,73.154406556492,0.0,0.0,0.005368774,-0.768755674,2.593755674,6852.682501,691.349915,636.969299,0.00342,0.003502
431,4,0,0,375.9116,58.0,17.6,0.004859482,72.6173534958778,0.0,0.0,0.014572388,-0.758245707,2.583245707,6869.209384,682.331299,636.679688,0.00361,0.00371
432,4,0,0,376.9744,58.0,17.6,0.004876695,72.13696845097,0.0,0.0,0.014572388,-0.719088793,2.544088793,6883.55882,686.664917,634.437805,0.003586,0.003702
433,4,0,0,377.4012,58.0,17.6,0.004901089,71.5913144658466,0.0,0.0,0.009203613,-0.632333517,2.457333517,6899.831721,675.252502,612.526306,0.003542,0.003684
434,4,0,0,378.2577,60.0,17.4,0.004930872,71.1195561431682,0.0,0.0,0.005368774,-0.531046629,2.356046629,6913.960729,673.34198,629.368774,0.003505,0.003632
435,4,0,0,378.2577,61.0,17.4,0.004971605,70.5848086391314,0.17578125,0.0,0.0,-0.398716688,2.223716688,6929.983635,680.257874,627.056274,0.003814,0.004055
436,4,0,0,379.3339,61.0,17.4,0.005005354,70.1231872755252,0.0,0.0,0.0,-0.274391413,2.099391413,6943.895528,687.509216,635.356506,0.003862,0.003983
437,4,0,0,379.9825,60.0,17.4,0.005036497,69.5955375241574,0.0,0.0,-0.008628387,-0.144630194,1.969630194,6959.672659,695.866272,631.190308,0.00389,0.004215
438,4,0,0,381.0685,60.0,17.5,0.005057897,69.33827871544,2.8125,0.0,-0.008628387,-0.053475142,1.878475142,6973.372246,693.994202,627.09021,0.003803,0.003945
439,4,0,0,381.5047,59.0,17.5,0.005082993,69.0779594731248,1.186523438,0.0,-0.02166684,0.026112318,1.798887682,6988.909365,684.36731,638.426208,0.003685,0.00395
440,4,0,0,382.3799,58.0,17.5,0.005113775,68.7188138479028,1.23046875,0.0,-0.025501678,0.066316366,1.758683634,7002.414212,679.191528,639.240112,0.003824,0.004099
441,4,0,0,383.7004,58.0,17.5,0.005160624,68.2780436566056,0.922851563,0.0,-0.025501678,0.038551092,1.786448908,7018.432371,703.639709,628.96228,0.003943,0.004097
442,4,0,0,383.2592,59.0,17.6,0.0052039,67.9261864425624,2.373046875,0.0,-0.010162323,-0.043722391,1.868722391,7031.177583,680.809692,621.012695,0.003843,0.003921
443,4,0,0,384.1426,58.0,17.6,0.005248986,67.754130680064,3.738098145,0.0,-0.003259613,-0.174631834,1.999631834,7047.006978,686.38562,646.953491,0.003643,0.003856
444,4,0,0,385.03,59.0,17.3,0.005285803,67.6534390560038,3.869934082,0.0,0.0,-0.298665285,2.123665285,7059.593072,688.84021,645.862915,0.003553,0.00372
445,4,0,0,385.6983,60.0,17.3,0.005324592,67.5511793554212,3.869934082,0.0,0.010737549,-0.440800428,2.265800428,7075.277603,0.0,0.0,0.0,0.0
446,4,0,0,385.9216,60.0,17.4,0.005353466,67.4948522783938,4.968566895,0.0,0.010737549,-0.543883085,2.368883085,7087.803026,761.659729,628.017517,0.003722,0.003906
447,4,0,0,387.2667,61.0,17.4,0.005380424,67.5219702528496,5.58380127,0.0,0.010737549,-0.637951136,2.462951136,7103.436424,699.572876,625.145874,0.003769,0.003995
448,4,0,0,387.7171,61.0,17.4,0.005397975,67.7692989992452,11.21429443,0.0,0.010737549,-0.697623014,2.522623014,7115.935149,711.362427,829.320313,0.003979,0.004194
449,4,0,0,388.1686,60.0,17.4,0.00540937,68.3206890422768,11.25823975,0.0,0.013038452,-0.740416765,2.565416765,7131.576712,693.090515,657.96991,0.00369,0.003794
450,4,0,0,387.2667,60.0,17.5,0.005411802,68.8089853934104,11.25823975,0.0,0.013038452,-0.755848646,2.580848646,7144.806101,732.63739,606.153687,0.003615,0.003752
451,4,0,0,389.5294,61.0,17.5,0.005411294,69.3258000379206,11.30218506,0.0,0.012271484,-0.74412179,2.56912179,7160.052889,695.818115,616.688416,0.003428,0.003453
452,4,0,0,390.2134,60.0,17.5,0.005413977,69.7663479954572,11.30218506,0.0,0.005368774,-0.710916758,2.535916758,7173.503508,893.013611,618.018616,0.003398,0.003433
453,4,0,0,390.442,60.0,17.5,0.005422655,70.2694250884198,11.30218506,0.0,-0.001725677,-0.652757883,2.477757883,7188.999134,715.614197,626.914917,0.003153,0.003425
454,4,0,0,391.5887,61.0,17.9,0.005432405,70.6963856619242,11.30218506,0.0,-0.000959,-0.602154016,2.427154016,7202.664073,692.098389,645.866028,0.003454,0.00363
455,4,0,0,392.0492,62.0,17.9,0.005441666,71.1821643132816,11.25823975,0.0,0.003067871,-0.543616533,2.368616533,7218.400356,691.171692,666.556091,0.003424,0.003626
456,4,0,0,392.7421,61.0,17.9,0.00544708,71.6220888929692,11.21429443,0.0,-0.001725677,-0.485770941,2.310770941,7232.271338,682.597229,627.676025,0.003361,0.003457
457,4,0,0,392.9736,62.0,17.9,0.005454266,72.0394327265564,11.30218506,0.0,-0.001725677,-0.431607962,2.256607962,7246.234827,691.420105,624.881409,0.003748,0.003827
458,4,0,0,392.9736,61.0,17.9,0.005474188,72.5141332285294,11.30218506,0.0,-0.005560516,-0.36974597,2.19474597,7262.304683,687.419128,629.044189,0.003517,0.003588
459,4,0,0,394.3684,59.0,17.9,0.005506289,72.9344783846562,11.25823975,0.0,-0.004793549,-0.323137045,2.148137045,7277.138104,688.543701,629.924927,0.003253,0.003459
460,4,0,0,394.8356,60.0,17.9,0.005557547,73.3932439261522,11.30218506,0.0,-0.004793549,-0.282382727,2.107382727,7292.748803,675.826599,628.743774,0.003391,0.003568
461,4,0,0,395.0695,60.0,17.9,0.005610167,73.7856211992758,11.30218506,0.0,-0.004793549,-0.258966684,2.083966684,7307.777751,683.253418,630.346375,0.003477,0.003687
462,4,0,0,396.2436,59.0,17.9,0.005669776,74.2297315596496,11.30218506,0.0,-0.004793549,-0.242521524,2.067521524,7323.58915,785.2005,576.324402,0.005991,0.0
463,4,0,0,397.4247,60.0,17.9,0.005712119,74.6084937359062,11.25823975,0.0,-0.004793549,-0.239130735,2.064130735,7338.806388,636.311279,631.516296,0.003786,0.003874
464,4,0,0,397.1879,62.0,18.2,0.005741068,75.025252880178,11.30218506,0.0,-0.004793549,-0.246744394,2.071744394,7355.509354,579.553406,660.537598,0.003567,0.003705
465,4,0,0,398.3746,62.0,18.2,0.005754562,75.3791869957714,11.30218506,0.0,-0.004793549,-0.263283968,2.088283968,7370.210588,634.233093,612.878418,0.003467,0.003663
466,4,0,0,399.0901,62.0,18.2,0.005767725,75.7844407108888,11.34613037,0.0,-0.004793549,-0.292605639,2.117605639,7387.109016,697.038513,613.201721,0.003573,0.003624
467,4,0,0,399.3291,61.0,18.2,0.00577578,76.1435075589178,11.34613037,0.0,-0.004793549,-0.331228495,2.156228495,7401.978808,704.0495,642.253418,0.003644,0.003693
468,4,0,0,399.8081,61.0,18.2,0.005781334,76.538747188072,11.30218506,0.0,-0.004793549,-0.386236429,2.211236429,7419.066977,699.877197,616.168274,0.003589,0.003597
469,4,0,0,401.4936,60.0,18.2,0.005796518,76.9015757235104,11.34613037,0.0,0.0,-0.447205305,2.272205305,7434.100283,0.0,0.0,0.0,0.0
470,4,0,0,401.7355,60.0,18.2,0.005841382,77.3120071038362,11.34613037,0.0,0.001533936,-0.525094271,2.350094271,7451.379296,690.643494,652.115906,0.003166,0.003348
471,4,0,0,401.9777,60.0,18.2,0.0059051,77.660237654096,12.44750977,0.0,0.003834839,-0.58931613,2.41431613,7466.597987,728.830078,838.299927,0.003485,0.003661
472,4,0,0,402.2203,60.0,18.2,0.005994072,78.1725802485208,13.15063477,0.0,0.025309937,-0.654589415,2.479589415,7484.037143,689.722717,620.881287,0.003445,0.003542
473,4,0,0,403.6816,60.0,18.2,0.00606899,78.4534486383072,7.520141602,0.0,0.021475098,-0.685261011,2.510261011,7499.312637,713.181885,623.199402,0.003805,0.003839
474,4,0,0,404.6617,61.0,18.2,0.006128792,78.522102712559,7.520141602,0.0,0.012271484,-0.660278559,2.485278559,7516.795374,710.183289,624.998474,0.003721,0.003871
475,4,0,0,404.9075,62.0,18.2,0.006146546,78.6157671696026,7.871704102,0.0,0.00690271,-0.594069242,2.419069242,7532.116342,687.345886,628.572205,0.003398,0.003481
476,4,0,0,406.1408,62.0,18.1,0.006134736,78.732128905056,7.959594727,0.0,-0.000959,-0.48699832,2.31199832,7549.664142,684.31897,608.352417,0.00331,0.003399
477,4,0,0,406.6363,63.0,18.1,0.006117318,78.8399643250026,8.355102539,0.0,-0.010162323,-0.402194262,2.227194262,7565.082697,677.861389,638.486206,0.003626,0.00368
478,4,0,0,407.133,63.0,18.1,0.006109657,79.0350887854894,10.90667725,0.0,-0.007094452,-0.320070028,2.145070028,7583.526334,685.44751,619.103699,0.003821,0.003886
479,4,0,0,407.3818,62.0,18.1,0.006112346,79.3531602236822,11.21429443,0.0,-0.008628387,-0.268803835,2.093803835,7598.3493,683.974915,636.334717,0.003893,0.004004
480,4,0,0,408.38,62.0,18.1,0.006108088,79.7311098441728,11.21429443,0.0,-0.003259613,-0.232768774,2.057768774,7616.961723,688.930481,628.46698,0.003752,0.003741
481,4,0,0,409.1318,62.0,18.1,0.00608908,80.0456251881412,11.21429443,0.0,-0.003259613,-0.215769053,2.040769053,7631.917657,784.072815,572.892212,0.007032,0.0
482,4,0,0,409.6346,61.0,18.1,0.006053278,80.4130526862174,11.21429443,0.0,-0.003259613,-0.204997778,2.029997778,7650.693838,765.187927,616.129578,0.003395,0.003392
483,4,0,0,410.1386,61.0,18.1,0.006015493,80.7299663330274,11.21429443,0.0,-0.003259613,-0.204576254,2.029576254,7665.778861,702.270081,631.373474,0.003603,0.003654
484,4,0,0,411.9125,63.0,18.1,0.00597289,81.0760851556194,11.21429443,0.0,-0.003259613,-0.213784456,2.038784456,7684.713935,624.464783,615.670898,0.003619,0.003706
485,4,0,0,411.6582,62.0,18.1,0.005939347,81.3736372030376,11.21429443,0.0,-0.003259613,-0.229947805,2.054947805,7700.686375,564.637512,642.606506,0.0,0.003584
486,4,0,0,412.6775,61.0,18.1,0.005904637,81.7208277173224,11.21429443,0.0,-0.003259613,-0.259765863,2.084765863,7719.015232,703.838318,637.408325,0.00361,0.003652
487,4,0,0,412.6775,62.0,18.1,0.005879162,82.0099596656738,11.21429443,0.0,0.005368774,-0.2902596,2.1152596,7735.118914,652.934692,627.178528,0.003818,0.003981
488,4,0,0,413.189,60.0,18.1,0.005860833,82.351857237726,11.30218506,0.0,0.001533936,-0.309563875,2.134563875,7753.600752,685.719299,633.027283,0.003824,0.00388
489,4,0,0,413.4452,60.0,18.1,0.005854705,82.648888373973,11.30218506,0.0,0.001533936,-0.318907022,2.143907022,7769.834085,696.791077,641.536072,0.003952,0.003975
490,4,0,0,413.9587,61.0,18.4,0.005858838,82.9941912129048,11.70043945,0.0,-0.001725677,-0.324623823,2.149623823,7788.453595,722.260803,842.90979,0.003425,0.003671
491,4,0,0,415.2479,60.0,18.4,0.005871483,83.2939822224112,11.21429443,0.0,-0.001725677,-0.329780817,2.154780817,7804.80469,684.628113,613.968079,0.003619,0.003534
492,4,0,0,415.7658,60.0,18.4,0.005885041,83.606114713202,10.95062256,0.0,-0.001725677,-0.341533899,2.166533899,7823.5585,686.026489,613.707886,0.003575,0.003669
493,4,0,0,416.5452,60.0,18.4,0.005883871,83.8744380723808,11.21429443,0.0,-0.001725677,-0.35687995,2.18187995,7840.025818,694.42511,631.449585,0.003898,0.004037
494,4,0,0,416.8056,61.0,18.3,0.005865518,84.1729135429976,11.17034912,0.0,-0.001725677,-0.379304647,2.204304647,7858.910765,690.345581,611.221497,0.003565,0.003506
495,4,0,0,418.1126,63.0,18.3,0.005843286,84.4303036577656,11.12640381,0.0,-0.001725677,-0.404760599,2.229760599,7875.484088,694.266418,604.55072,0.003427,0.003455
496,4,0,0,418.375,65.0,18.3,0.005816902,84.731603343055,11.21429443,0.0,-0.001725677,-0.438369513,2.263369513,7894.423092,661.732422,619.128601,0.003498,0.003694
497,4,0,0,419.4279,64.0,18.3,0.005793232,84.9827504739082,11.21429443,0.0,-0.001725677,-0.474045038,2.299045038,7910.991736,704.538879,772.998474,0.003682,0.003749
498,4,0,0,419.6919,63.0,18.3,0.005770741,85.2487910003904,9.500427246,0.0,-0.001725677,-0.521131754,2.346131754,7929.988586,685.613708,636.345276,0.003471,0.003527
499,4,0,0,420.221,61.0,18.3,0.005760893,85.2561578829876,5.58380127,0.0,-0.000959,-0.564568758,2.389568758,7947.463651,699.431702,627.902893,0.003791,0.00387
500,4,0,0,420.7515,60.0,18.5,0.005762138,85.173739091529,10.24749756,0.0,0.009203613,-0.620424986,2.445424986,7965.794033,675.575928,638.218079,0.003848,0.003964
501,4,0,0,421.5496,59.0,18.5,0.005769316,85.4203144575904,11.34613037,0.0,0.009203613,-0.661180258,2.486180258,7983.383058,666.693909,625.241516,0.003817,0.003864
502,4,0,0,422.8866,59.0,18.5,0.00577444,85.7108867008682,11.39007568,0.0,0.009203613,-0.678828955,2.503828955,8001.826614,677.979309,639.139526,0.003713,0.003716
503,4,0,0,422.8866,59.0,18.5,0.005770121,85.969186366324,11.34613037,0.0,0.009203613,-0.669439077,2.494439077,8019.517868,678.364502,643.552429,0.004169,0.004262
504,4,0,0,423.6929,59.0,18.5,0.005752413,86.2519130931952,11.21429443,0.0,0.012271484,-0.628525019,2.453525019,8038.85696,696.856018,630.635315,0.004174,0.004302
505,4,0,0,423.6929,59.0,18.5,0.005722319,86.479264023913,11.0824585,0.0,0.010737549,-0.566384554,2.391384554,8055.745748,680.874573,626.217224,0.004178,0.004165
506,4,0,0,425.0436,61.0,18.4,0.005667988,86.7278654041938,10.86273193,0.0,-0.003259613,-0.457892179,2.282892179,8074.897723,688.027222,620.258911,0.004199,0.004265
507,4,0,0,425.3147,62.0,18.4,0.005606165,86.9381083747888,9.808044434,0.0,-0.003259613,-0.352028608,2.177028608,8091.527956,685.399475,634.808411,0.003976,0.003975
508,4,0,0,425.5862,62.0,18.4,0.005533708,87.0752949054686,8.223266602,0.0,-0.005560516,-0.236343622,2.061343622,8110.50866,729.879395,834.813416,0.003981,0.004115
509,4,0,0,424.5023,62.0,18.4,0.005485265,86.6830346152696,0.0,0.0,-0.008628387,-0.154696703,1.979696703,8127.141025,695.398315,643.973999,0.004429,0.004435
510,4,0,0,426.4029,63.0,18.3,0.005454226,85.9874003453618,0.0,0.0,-0.02166684,-0.091059923,1.916059923,8146.172956,686.778503,638.040283,0.004254,0.004326
511,4,0,0,427.7709,64.0,18.3,0.00544056,85.4065031017104,3.913879395,0.0,-0.012463226,-0.089606047,1.914606047,8162.8464,680.389587,631.493225,0.004003,0.004103
512,4,0,0,428.0455,64.0,18.3,0.005427513,85.4409727826872,9.632263184,0.0,-0.012463226,-0.143101931,1.968101931,8181.924602,681.230896,634.114197,0.003939,0.004088
513,4,0,0,429.1477,64.0,18.3,0.005413059,85.548780972601,9.017028809,0.0,-0.007094452,-0.22539258,2.05039258,8198.637811,676.580994,618.138489,0.003728,0.003788
514,4,0,0,429.1477,62.0,18.3,0.005397432,85.653639451509,9.017028809,0.0,0.001533936,-0.346024275,2.171024275,8217.760732,694.337708,620.875488,0.00334,0.003392
515,4,0,0,429.7009,61.0,18.3,0.005390827,85.7439486599602,9.017028809,0.0,0.003067871,-0.454474211,2.279474211,8234.512117,694.411499,634.049622,0.003466,0.003476
516,4,0,0,430.8116,60.0,18.6,0.005392266,85.8479719557818,9.060974121,0.0,0.010737549,-0.576632261,2.401632261,8253.677044,688.146484,615.601013,0.003663,0.003812
517,4,0,0,431.9281,60.0,18.6,0.005393561,85.9378582618678,9.017028809,0.0,0.013038452,-0.662049532,2.487049532,8270.463633,692.731018,621.78479,0.003694,0.00376
518,4,0,0,432.2082,60.0,18.5,0.005385702,86.0387050906776,9.017028809,0.0,0.013038452,-0.721476793,2.546476793,8290.467976,696.376892,622.513123,0.003772,0.003785
519,4,0,0,432.7693,61.0,18.5,0.005367599,86.1255815769088,8.973083496,0.0,0.013038452,-0.735946417,2.560946417,8306.487011,679.299072,617.623474,0.003525,0.00347
520,4,0,0,433.3319,63.0,18.5,0.005332667,86.2207719296734,8.973083496,0.0,0.013038452,-0.709595442,2.534595442,8326.530394,732.011719,618.657471,0.00349,0.003505
521,4,0,0,434.7448,62.0,18.5,0.005294659,86.3014310044024,8.973083496,0.0,0.013038452,-0.64921689,2.47421689,8342.578164,663.14093,623.725891,0.003402,0.003516
522,4,0,0,434.7448,62.0,18.4,0.005254874,86.385500495899,8.929138184,0.0,0.013038452,-0.548236132,2.373236132,8362.608042,663.047791,618.342224,0.003436,0.003491
523,4,0,0,434.7448,63.0,18.4,0.005232378,86.4596614902298,8.929138184,0.0,0.012271484,-0.423639536,2.248639536,8378.598167,635.5979,620.768982,0.003421,0.003441
524,4,0,0,435.3126,63.0,18.4,0.005227169,86.5434754990014,8.929138184,0.0,-0.001725677,-0.236407995,2.061407995,8398.548605,686.476501,610.176697,0.003156,0.003196
525,4,0,0,435.8818,60.0,18.4,0.005242608,86.6182288752928,8.929138184,0.0,-0.004793549,-0.072520018,1.897520018,8414.487523,728.245117,824.232117,0.003306,0.003355
526,4,0,0,436.167,61.0,18.6,0.005282476,86.6743290514736,5.671691895,0.0,-0.004793549,0.096657991,1.728342009,8434.389977,720.978577,819.918274,0.00333,0.003388
527,4,0,0,437.0247,60.0,18.6,0.00533311,86.5083204323054,5.627746582,0.0,-0.005560516,0.237103701,1.587896299,8451.085344,682.623291,619.177979,0.003255,0.003363
528,4,0,0,438.4619,59.0,18.6,0.005400026,86.3231362534494,5.671691895,0.0,-0.012463226,0.37960887,1.44539113,8470.128876,674.573425,621.666992,0.003245,0.003287
529,4,0,0,438.7504,60.0,18.6,0.005455315,86.1805367720532,6.333618164,0.0,-0.013997162,0.473503351,1.351496649,8486.767369,700.259277,624.461304,0.003419,0.003477
530,4,0,0,439.9085,60.0,18.5,0.005499964,86.0647315624652,6.773071289,0.0,-0.02166684,0.527883291,1.297116709,8505.758442,689.792419,617.9729,0.003342,0.003455
531,4,0,0,439.9085,59.0,18.5,0.005520299,85.9864818467436,6.729125977,0.0,-0.019365936,0.514187098,1.310812902,8522.355182,699.570984,622.677002,0.003534,0.003568
532,4,0,0,440.7811,60.0,18.5,0.005531845,85.8777614024508,5.894165039,0.0,-0.019365936,0.429273367,1.395726633,8541.300093,688.736877,635.905273,0.003733,0.003801
533,4,0,0,441.6571,61.0,18.5,0.005537279,85.7263479199294,5.671691895,0.0,-0.010929291,0.298401594,1.526598406,8557.857096,689.558777,624.454285,0.003777,0.003807
534,4,0,0,441.9499,61.0,18.4,0.005537757,85.594673555777,6.333618164,0.0,-0.003259613,0.105261564,1.719738436,8576.7564,703.924194,629.307495,0.003667,0.00366
535,4,0,0,443.1249,60.0,18.4,0.005533388,85.4925877926616,6.421508789,0.0,0.008436646,-0.081920385,1.906920385,8593.273625,692.320496,636.382813,0.003474,0.003522
536,4,0,0,443.7148,61.0,18.4,0.005526497,85.3799425543504,6.377563477,0.0,0.016106323,-0.269895792,2.094895792,8612.128235,689.6026,630.269409,0.003509,0.003687
537,4,0,0,444.3062,60.0,18.4,0.005521827,85.2835843357346,6.421508789,0.0,0.005368774,-0.40111804,2.22611804,8628.606754,682.049683,619.989685,0.003572,0.003708
538,4,0,0,444.6025,59.0,18.4,0.005517908,85.177182113525,6.421508789,0.0,0.014572388,-0.523139715,2.348139715,8647.418455,695.192505,635.00708,0.003744,0.003802
539,4,0,0,446.09,59.0,18.4,0.005511187,85.0834463788128,6.377563477,0.0,0.016106323,-0.592758894,2.417758894,8663.862766,698.060425,614.187012,0.003752,0.00375
540,4,0,0,446.09,60.0,18.3,0.005491514,84.976653682439,6.377563477,0.0,0.014572388,-0.620532274,2.445532274,8682.636946,677.18042,613.021118,0.003612,0.003539
541,4,0,0,446.9873,59.0,18.3,0.005459735,84.8878104378872,6.421508789,0.0,0.014572388,-0.601768255,2.426768255,8699.823479,687.158508,611.949524,0.003301,0.003393
542,4,0,0,447.5875,59.0,18.3,0.005409573,84.7878435479092,6.465454102,0.0,0.013038452,-0.531724215,2.356724215,8717.76473,592.6521,652.454407,0.0,0.003418
543,4,0,0,449.0951,60.0,18.3,0.005358114,84.70184704879,6.421508789,0.0,0.0,-0.436007261,2.261007261,8734.903433,680.472107,618.989624,0.003446,0.00356
544,4,0,0,448.4908,60.0,18.3,0.005295547,84.6095868374568,6.597290039,0.0,-0.003259613,-0.316166162,2.141166162,8752.801539,674.411072,621.71991,0.003797,0.003912
545,4,0,0,449.0951,60.0,18.3,0.005247136,84.537211244922,6.509399414,0.0,-0.003259613,-0.222592115,2.047592115,8769.906429,677.106323,635.805908,0.003853,0.004057
546,4,0,0,450.6128,61.0,18.0,0.005213186,84.4363242469858,6.201782227,0.0,-0.003259613,-0.125599623,1.950599623,8788.565974,0.0,0.0,0.0,0.0
547,4,0,0,450.6128,62.0,18.0,0.005211413,84.3242341505076,5.938110352,0.0,-0.003259613,-0.046937704,1.871937704,8804.895929,688.421204,635.171509,0.003562,0.003593
548,4,0,0,450.9176,62.0,18.0,0.005239693,84.2110448104358,6.157836914,0.0,-0.005560516,0.022225618,1.802774382,8821.226279,0.0,0.0,0.0,0.0
549,4,0,0,451.5284,59.0,18.0,0.005299554,84.1062037123998,6.333618164,0.0,-0.005560516,0.083921194,1.741078806,8839.888138,686.143372,612.165527,0.003498,0.00362
550,4,0,0,452.755,62.0,18.0,0.005356529,84.029409676895,6.465454102,0.0,-0.008628387,0.120548964,1.704451036,8856.215403,682.466675,631.129211,0.003629,0.003621
551,4,0,0,453.0627,62.0,18.0,0.005402582,83.961171729687,7.212524414,0.0,-0.02166684,0.137533426,1.687466574,8874.873141,678.881714,625.351929,0.003664,0.003654
552,4,0,0,453.9883,61.0,18.0,0.005420233,83.9717353086998,7.695922852,0.0,-0.017832001,0.1034863,1.7215137,8891.197688,683.111328,600.648499,0.003472,0.003678
553,4,0,0,454.2977,62.0,18.0,0.005427525,83.9887812931392,7.564086914,0.0,-0.015531097,0.003207922,1.821792078,8909.853065,678.488403,616.426025,0.003589,0.0035
554,4,0,0,455.8508,62.0,18.0,0.005433659,83.9926126649706,7.388305664,0.0,-0.012463226,-0.132338762,1.957338762,8926.176277,678.389282,624.425476,0.003515,0.003695
555,4,0,0,456.1628,60.0,18.0,0.005444185,83.9873527624882,7.388305664,0.0,-0.001725677,-0.327932596,2.152932596,8945.610729,686.276917,620.986694,0.003396,0.003484
556,4,0,0,456.4751,61.0,17.7,0.0054534,83.9792938154108,7.344360352,0.0,-0.000959,-0.509892225,2.334892225,8961.159085,695.686401,641.757874,0.003789,0.003875
557,4,0,0,457.4147,62.0,17.7,0.00545946,83.968765400477,7.344360352,0.0,0.016106323,-0.718531847,2.543531847,8980.588762,686.008606,634.150513,0.003862,0.004019
558,4,0,0,458.0432,62.0,17.7,0.005460811,83.9611649543656,7.300415039,0.0,0.036047485,-0.871353865,2.696353865,8996.109338,682.43988,645.76001,0.004138,0.004311
559,4,0,0,458.6735,60.0,17.7,0.005457936,83.9547657035368,7.476196289,0.0,0.065959229,-0.928314447,2.753314447,9015.476546,831.517273,535.073914,0.004276,0.004432
560,4,0,0,458.6735,62.0,17.7,0.005449297,83.9558081535218,7.520141602,0.0,0.00690271,-0.802407026,2.627407026,9030.94497,668.356628,636.048706,0.004159,0.004245
561,4,0,0,459.9393,62.0,17.7,0.005433615,83.9634191569036,7.476196289,0.0,-0.023200775,-0.578188658,2.403188658,9050.24959,689.764221,653.359009,0.004386,0.004535
562,4,0,0,460.8932,61.0,17.7,0.005424835,83.9668670391064,7.388305664,0.0,-0.039307098,-0.412077188,2.237077188,9066.439315,676.544006,635.600586,0.004476,0.004614
563,4,0,0,460.8932,60.0,17.7,0.005432148,83.9638704480264,7.432250977,0.0,-0.019365936,-0.314334154,2.139334154,9084.912853,720.28009,827.565002,0.004451,0.004501
564,4,0,0,461.5314,60.0,17.8,0.005451913,83.9192534760146,5.671691895,0.0,0.001533936,-0.314029455,2.139029455,9101.051702,701.612,723.635315,0.004069,0.004207
565,4,0,0,462.813,59.0,17.8,0.00547619,83.763425364659,5.627746582,0.0,0.008436646,-0.332628489,2.157628489,9119.466458,690.585022,622.839478,0.003812,0.003852
566,4,0,0,463.1345,58.0,17.8,0.005484608,83.6365376926554,5.75958252,0.0,0.003067871,-0.335268259,2.160268259,9135.553557,686.663696,627.526611,0.003813,0.003919
567,4,0,0,463.7789,61.0,17.8,0.005467241,83.4951538423216,5.75958252,0.0,0.003067871,-0.32081151,2.14581151,9153.909181,691.055298,639.68689,0.003326,0.003393
568,4,0,0,464.7488,60.0,17.8,0.005433184,83.3725277670116,5.75958252,0.0,0.003067871,-0.298531771,2.123531771,9169.944694,681.49353,630.003723,0.003148,0.003263
569,4,0,0,465.073,61.0,17.8,0.005395971,83.2351953657542,5.75958252,0.0,0.003067871,-0.262401342,2.087401342,9188.241849,788.229309,586.358093,0.003025,0.0
570,4,0,0,465.7228,62.0,17.8,0.005380561,83.1192742997796,5.75958252,0.0,0.0,-0.225218058,2.050218058,9204.226578,694.498474,611.906982,0.003021,0.003054
571,4,0,0,466.0484,62.0,17.8,0.005380115,82.9817058888112,5.671691895,0.0,0.0,-0.1814363,2.0064363,9222.466257,678.659729,625.328674,0.003,0.00312
572,4,0,0,467.0278,61.0,17.8,0.005384862,82.8628368981982,5.671691895,0.0,0.0,-0.143506289,1.968506289,9238.401157,684.909607,607.489502,0.002984,0.003041
573,4,0,0,467.6831,62.0,17.8,0.005392045,82.7240903698828,5.627746582,0.0,0.0,-0.098055601,1.923055601,9256.584292,690.799683,612.931885,0.002931,0.003009
574,4,0,0,468.0114,63.0,17.8,0.005401,82.6051945354786,5.627746582,0.0,-0.010162323,-0.060276747,1.885276747,9272.470166,729.174072,637.276917,0.003061,0.003268
575,4,0,0,468.3402,61.0,17.8,0.005417829,82.4667845684374,5.627746582,0.0,-0.012463226,-0.031228304,1.856228304,9290.598483,688.693726,605.733826,0.003315,0.003418
576,4,0,0,469.9911,60.0,17.9,0.005445608,82.3419499636586,5.627746582,0.0,-0.010162323,-0.041599035,1.866599035,9307.191472,682.111328,608.175476,0.003363,0.003416
577,4,0,0,469.66,60.0,17.9,0.005499901,82.2062427222134,5.627746582,0.0,-0.010162323,-0.088438749,1.913438749,9324.513343,709.74292,629.802307,0.003231,0.003355
578,4,0,0,469.3293,59.0,17.9,0.005563224,82.088497517629,5.627746582,0.0,-0.010162323,-0.161331415,1.986331415,9341.057872,0.0,0.0,0.0,0.0
579,4,0,0,470.6547,58.0,17.9,0.005637504,81.9557599751924,5.627746582,0.0,-0.010162323,-0.279808283,2.104808283,9358.33081,667.837219,630.500488,0.002997,0.003088
580,4,0,0,471.6536,57.0,17.6,0.005690006,81.8402457503698,5.627746582,0.0,-0.010162323,-0.407107592,2.232107592,9374.831467,681.068909,638.010986,0.003085,0.003301
581,4,0,0,471.6536,58.0,17.6,0.005730649,81.7136900691148,5.627746582,0.0,0.0,-0.583728552,2.408728552,9392.06005,0.0,0.0,0.0,0.0
582,4,0,0,472.3219,59.0,17.6,0.005753186,81.6045600316986,5.627746582,0.0,0.010737549,-0.742441416,2.567441416,9408.517825,674.372009,654.475708,0.003631,0.003579
583,4,0,0,473.6643,58.0,17.6,0.005766305,81.478131102062,5.627746582,0.0,0.03451355,-0.894112349,2.719112349,9426.447596,695.225891,624.04187,0.003447,0.00348
584,4,0,0,473.6643,60.0,17.4,0.005767509,81.371405869221,5.627746582,0.0,0.03451355,-0.940239668,2.765239668,9442.115529,734.106323,809.218872,0.00372,0.003823
585,4,0,0,474.3383,62.0,17.4,0.005764902,81.2519230441452,5.671691895,0.0,0.026843872,-0.871631861,2.696631861,9459.9972,730.56427,841.19043,0.003687,0.003777
586,4,0,0,475.0143,63.0,17.4,0.005768124,81.1501192213044,5.715637207,0.0,-0.000959,-0.725548506,2.550548506,9475.622181,0.0,0.0,0.0,0.0
587,4,0,0,476.372,64.0,17.4,0.005784398,81.0383158931208,5.715637207,0.0,-0.030103485,-0.530606031,2.355606031,9493.45148,707.976196,609.322693,0.003574,0.003679
588,4,0,0,476.7126,65.0,17.5,0.005813782,80.940428801505,5.715637207,0.0,-0.040074066,-0.412397146,2.237397146,9509.011867,689.199707,617.539429,0.0036,0.003681
589,4,0,0,477.7374,64.0,17.5,0.005871712,80.8286484546966,5.671691895,0.0,-0.019365936,-0.401517153,2.226517153,9526.745628,690.040771,602.860291,0.003538,0.003666
590,4,0,0,477.7374,61.0,17.2,0.005944636,80.734312017736,5.671691895,0.0,-0.001725677,-0.466282606,2.291282606,9542.218523,694.022888,620.741577,0.003459,0.003519
591,4,0,0,478.7667,61.0,17.2,0.006041046,80.623637223134,5.671691895,0.0,0.005368774,-0.557284117,2.382284117,9559.850158,0.0,0.0,0.0,0.0
592,4,0,0,478.7667,61.0,17.3,0.006122052,80.5268750762716,5.58380127,0.0,0.008436646,-0.626950979,2.451950979,9575.232627,692.737793,630.463501,0.0039,0.003978
593,4,0,0,479.4553,60.0,17.3,0.006193717,80.414019963931,5.58380127,0.0,-0.000959,-0.690789461,2.515789461,9592.761265,694.01532,629.968079,0.003831,0.003972
594,4,0,0,480.8386,61.0,17.1,0.006230502,80.3165616487714,5.58380127,0.0,0.008436646,-0.752680063,2.577680063,9608.054623,672.184082,626.592285,0.003592,0.003692
595,4,0,0,480.8386,63.0,17.1,0.00624964,80.1500278214942,4.221496582,0.0,0.008436646,-0.806887388,2.631887388,9626.207702,685.92627,612.485413,0.003431,0.00361
596,4,0,0,481.5332,63.0,17.2,0.006255705,79.9519690513854,4.221496582,0.0,0.00690271,-0.830971003,2.655971003,9640.688147,0.0,0.0,0.0,0.0
597,4,0,0,481.8813,64.0,17.2,0.00625196,79.7108901929732,4.17755127,0.0,0.00690271,-0.83450675,2.65950675,9658.747913,708.341675,623.416382,0.003103,0.003318
598,4,0,0,483.6292,66.0,17.2,0.006233971,79.498555193032,4.089660645,0.0,0.00690271,-0.817135572,2.642135572,9673.18031,679.282715,624.098083,0.003329,0.003436
599,4,0,0,483.2786,64.0,17.2,0.006193398,79.25503340478,4.00177002,0.0,0.00690271,-0.774013281,2.599013281,9691.20275,685.505371,617.333923,0.003059,0.003254
600,4,0,0,484.684,64.0,17.3,0.006143922,79.0412901357784,4.089660645,0.0,0.00690271,-0.7192204,2.5442204,9705.603821,682.51947,625.164307,0.003025,0.003143
601,4,0,0,485.3898,64.0,17.3,0.006072139,78.8012292010096,4.00177002,0.0,0.0,-0.633394003,2.458394003,9723.583898,693.057129,626.015076,0.003008,0.003104
602,4,0,0,485.7434,64.0,17.4,0.005992412,78.5933983896736,3.957824707,0.0,-0.001725677,-0.553782225,2.378782225,9737.951668,0.0,0.0,0.0,0.0
603,4,0,0,486.0976,63.0,17.4,0.005884937,78.356615004562,3.782043457,0.0,-0.000959,-0.4711411,2.2961411,9755.892766,0.0,0.0,0.0,0.0
604,4,0,0,486.8075,62.0,17.4,0.005787727,78.1403340638748,3.913879395,0.0,-0.012463226,-0.396337271,2.221337271,9770.948829,686.474915,619.775696,0.003494,0.003596
605,4,0,0,487.5195,63.0,17.4,0.005689206,77.9928066063712,5.58380127,0.0,-0.012463226,-0.342096567,2.167096567,9788.139834,700.861816,623.644897,0.003819,0.004034
606,4,0,0,487.8763,62.0,17.5,0.005620419,77.9179515519786,5.58380127,0.0,-0.000959,-0.32694602,2.15194602,9803.168165,700.505127,623.0401,0.003955,0.004151
607,4,0,0,488.5914,62.0,17.5,0.005558891,77.8363937735134,5.495910645,0.0,0.003067871,-0.327315092,2.152315092,9820.327928,687.360596,618.512085,0.003993,0.004338
608,4,0,0,489.3086,62.0,17.2,0.005518931,77.742238757451,5.364074707,0.0,-0.005560516,-0.316003084,2.141003084,9835.329377,688.240112,622.447693,0.004082,0.00443
609,4,0,0,490.3884,62.0,17.2,0.005491141,77.652578000366,5.58380127,0.0,-0.010162323,-0.300444365,2.125444365,9852.457265,682.641296,623.870789,0.003999,0.004159
610,4,0,0,490.7494,63.0,17.3,0.005480777,77.5716206988416,5.40802002,0.0,-0.010162323,-0.30890584,2.13390584,9867.41789,674.825195,634.906372,0.003908,0.004122
611,4,0,0,491.4729,65.0,17.3,0.005477012,77.4889050968068,5.58380127,0.0,-0.000959,-0.348749876,2.173749876,9884.472493,695.566772,644.410095,0.003883,0.004062
612,4,0,0,491.4729,70.0,17.1,0.00547088,77.4244320556882,5.58380127,0.0,-0.000959,-0.386839151,2.211839151,9899.346375,687.26239,611.28418,0.003819,0.004038
613,4,0,0,493.2912,69.0,17.1,0.00545448,77.3472205252006,5.58380127,0.0,-0.000959,-0.435479879,2.260479879,9916.282104,702.702698,625.10498,0.003809,0.004023
614,4,0,0,493.6565,66.0,17.2,0.00543737,77.282193146919,5.58380127,0.0,-0.000959,-0.480753183,2.305753183,9931.053107,709.099609,629.474182,0.003682,0.003789
615,4,0,0,494.0223,62.0,17.2,0.005426679,77.209598072595,5.58380127,0.0,-0.000959,-0.533234358,2.358234358,9947.884473,683.081787,606.537903,0.003709,0.003782
616,4,0,0,494.0223,60.0,17.0,0.005433265,77.1443056682022,5.58380127,0.0,-0.000959,-0.586260557,2.411260557,9962.569632,671.472412,618.908325,0.003498,0.003474
617,4,0,0,495.123,59.0,17.0,0.005462956,77.065547417134,5.100402832,0.0,-0.000959,-0.644644976,2.469644976,9979.304897,683.969299,618.000122,0.003362,0.003436
618,4,0,0,495.123,60.0,16.5,0.005506299,76.9267139361784,4.17755127,0.0,-0.000959,-0.700570345,2.525570345,9994.601328,741.204102,617.255371,0.003196,0.003292
619,4,0,0,496.2287,61.0,16.5,0.005567488,76.7249838913814,3.913879395,0.0,-0.000959,-0.764748812,2.589748812,10010.5487,687.109314,619.04187,0.003102,0.003288
620,4,0,0,497.7105,64.0,16.0,0.005621403,76.4878656830828,2.4609375,0.0,-0.000959,-0.823063612,2.648063612,10025.76081,690.266296,619.801086,0.003068,0.003228
621,4,0,0,498.0824,66.0,16.0,0.005674181,76.198719395512,3.166809082,0.0,0.017640259,-0.891863108,2.716863108,10041.62096,681.098816,620.778809,0.003393,0.003452
622,4,0,0,497.7105,68.0,15.6,0.005707092,75.9724668071574,3.65020752,0.0,0.014572388,-0.929121256,2.754121256,10056.75055,0.0,0.0,0.0,0.0
623,4,0,0,498.4548,67.0,15.6,0.005720467,75.7378916940202,3.694152832,0.0,0.014572388,-0.916517496,2.741517496,10073.21148,682.832703,633.718201,0.003487,0.003643
624,4,0,0,500.3252,65.0,15.3,0.005705963,75.5318744479302,3.65020752,0.0,0.013038452,-0.863649607,2.688649607,10087.58201,671.726501,628.044922,0.003749,0.003886
625,4,0,0,500.3252,61.0,15.3,0.005666804,75.3077327021064,3.738098145,0.0,0.005368774,-0.762368441,2.587368441,10103.97654,670.29541,635.764771,0.003689,0.003772
626,4,0,0,500.701,59.0,14.7,0.005624631,75.1057826283446,3.738098145,0.0,-0.001725677,-0.654757738,2.479757738,10118.31766,688.074097,643.258606,0.003762,0.00383
627,4,0,0,501.0773,57.0,14.7,0.005577443,74.8870537688636,3.738098145,0.0,-0.001725677,-0.531065702,2.356065702,10134.717,695.398071,651.188721,0.003783,0.003959
628,4,0,0,502.5883,58.0,14.4,0.00554471,74.684700040443,3.694152832,0.0,-0.000959,-0.422756433,2.247756433,10149.06789,686.618408,636.293823,0.003715,0.003781
629,4,0,0,502.5883,58.0,14.4,0.005527072,74.4643414989044,3.738098145,0.0,-0.005560516,-0.308387995,2.133387995,10165.46367,684.388916,639.113098,0.003743,0.003763
630,4,0,0,503.3473,58.0,13.9,0.005529363,74.272313585605,3.694152832,0.0,-0.010162323,-0.215530157,2.040530157,10179.80481,750.922119,815.308228,0.00379,0.003899
631,4,0,0,503.7276,59.0,13.9,0.005541174,74.0618744847442,3.869934082,0.0,-0.010929291,-0.132763624,1.957763624,10196.19036,704.576477,736.256287,0.00349,0.003519
632,4,0,0,503.7276,62.0,13.7,0.005550209,73.9036312851308,4.00177002,0.0,-0.015531097,-0.094187021,1.919187021,10211.19321,671.049377,611.193604,0.003387,0.003426
633,4,0,0,504.872,63.0,13.7,0.005560968,73.761777346583,5.188293457,0.0,-0.015531097,-0.096815348,1.921815348,10226.81369,0.0,0.0,0.0,0.0
634,4,0,0,506.0217,63.0,13.2,0.005580956,73.7575303626966,6.069946289,0.0,-0.015531097,-0.145568132,1.970568132,10241.65692,820.978516,612.517883,0.003372,0.003395
635,4,0,0,507.5627,64.0,13.2,0.005620836,73.8100495320698,6.113891602,0.0,-0.015531097,-0.248441935,2.073441935,10257.07447,694.873474,622.829102,0.003223,0.003409
636,4,0,0,507.5627,65.0,12.8,0.005660715,73.8099404510046,5.58380127,0.0,-0.012463226,-0.38814187,2.21314187,10271.72731,0.0,0.0,0.0,0.0
637,4,0,0,508.3367,65.0,12.8,0.005696557,73.7850469223902,5.58380127,0.0,-0.008628387,-0.594867468,2.419867468,10287.60577,693.790894,650.283508,0.003727,0.003915
638,4,0,0,508.7246,64.0,12.7,0.005717647,73.7592615619214,5.58380127,0.0,0.02761084,-0.787010431,2.612010431,10301.40247,695.406311,632.034424,0.003625,0.003842
639,4,0,0,510.6731,63.0,12.7,0.005732564,73.7381407607888,5.58380127,0.0,0.02761084,-0.931663752,2.756663752,10314.45475,700.373901,637.727722,0.003742,0.003827
640,4,0,0,510.2822,64.0,12.7,0.005739018,73.6247038720382,3.782043457,0.0,0.02761084,-1.007748365,2.832748365,10330.65366,681.571472,648.269897,0.003729,0.003897
641,4,0,0,510.6731,64.0,12.7,0.005730939,73.2964070093534,0.615234375,0.0,0.02761084,-0.987545729,2.812545729,10344.20886,623.656189,585.820007,0.0,0.003737
642,4,0,0,512.2426,63.0,12.6,0.00571272,72.7640630867934,0.834960938,0.0,0.014572388,-0.858084917,2.683084917,10359.72801,695.911926,626.843018,0.003482,0.003509
643,4,0,0,512.2426,63.0,12.6,0.005702886,72.320832246823,0.966796875,0.0,0.005368774,-0.673852205,2.498852205,10373.44252,687.227722,609.496277,0.00339,0.003497
644,4,0,0,512.2426,65.0,12.8,0.00570626,71.8069940283626,0.834960938,0.0,0.005368774,-0.43670249,2.26170249,10389.3163,684.170105,616.617371,0.003389,0.003567
645,4,0,0,512.6365,65.0,12.8,0.005715224,71.3600198474588,0.747070313,0.0,0.005368774,-0.221598864,2.046598864,10403.37654,694.794495,604.96991,0.00317,0.0032
646,4,0,0,513.8218,63.0,13.0,0.005720364,70.7926082775516,0.17578125,0.0,-0.008628387,0.048149347,1.776850653,10419.63695,680.617615,608.707397,0.002996,0.003228
647,4,0,0,514.6151,62.0,13.0,0.005711918,70.2838881626262,0.395507813,0.0,-0.008628387,0.266944647,1.558055353,10434.02966,682.880005,607.4245,0.003057,0.003137
648,4,0,0,515.0126,63.0,13.2,0.005679315,69.7835470603174,3.606262207,0.0,-0.043141937,0.469830751,1.355169249,10450.66429,0.0,0.0,0.0,0.0
649,4,0,0,515.4108,63.0,13.2,0.005630195,69.693685682908,5.715637207,0.0,-0.044675873,0.536720991,1.288279009,10465.37914,683.348816,656.354126,0.003695,0.003861
650,4,0,0,516.609,64.0,13.4,0.005562434,70.1373813002704,15.26275635,0.0,-0.005560516,0.452497244,1.372502756,10482.37469,696.788879,638.156128,0.003666,0.003743
651,4,0,0,517.0096,65.0,13.4,0.005504956,71.0022903609698,15.21881104,0.0,0.003834839,0.300131083,1.524868917,10497.39892,704.644897,620.050293,0.004107,0.004305
652,4,0,0,517.0096,64.0,13.6,0.005446585,71.9885847923996,15.21881104,0.0,0.026843872,0.1419909,1.6830091,10514.74029,697.107727,631.538818,0.004503,0.004854
653,4,0,0,518.6184,64.0,13.6,0.005405211,72.8123104723508,15.26275635,0.0,0.023009033,0.045466661,1.779533339,10530.79344,700.691101,626.843872,0.004498,0.004812
654,4,0,0,518.6184,64.0,13.7,0.005377808,73.7592879068172,15.26275635,0.0,0.0,0.001094103,1.823905897,10547.73358,681.917725,642.665894,0.004604,0.00486
655,4,0,0,518.6184,64.0,13.7,0.005374031,74.586275783322,15.4385376,0.0,-0.015531097,-0.023669004,1.848669004,10564.08447,0.0,0.0,0.0,0.0
656,4,0,0,519.4266,64.0,14.1,0.005381091,75.5038223320714,15.4385376,0.0,-0.000959,-0.096912146,1.921912146,10581.32946,695.903809,631.534607,0.004534,0.004811
657,4,0,0,521.458,66.0,14.1,0.005383736,76.2984341340988,15.39459229,0.0,0.009203613,-0.176996946,2.001996946,10597.96579,685.640625,617.552124,0.004504,0.004837
658,4,0,0,521.0504,69.0,14.2,0.005379611,77.2008316596536,15.4385376,0.0,0.012271484,-0.241245031,2.066245031,10615.50246,727.864502,855.999207,0.004116,0.004343
659,4,0,0,521.0504,70.0,14.2,0.005377901,77.9589783278514,15.39459229,0.0,0.009203613,-0.262673616,2.087673616,10632.41154,685.444397,617.061096,0.004471,0.004618
660,4,0,0,521.8662,71.0,14.6,0.005388737,78.7968286539004,15.35064697,0.0,-0.004793549,-0.253228426,2.078228426,10651.00506,0.0,0.0,0.0,0.0
661,4,0,0,522.6845,71.0,14.6,0.005410784,79.5476552069214,15.39459229,0.0,-0.003259613,-0.246259451,2.071259451,10667.39756,684.604126,640.555786,0.004305,0.004557
662,4,0,0,522.6845,70.0,14.6,0.005440996,80.372620899436,15.39459229,0.0,0.0,-0.26542449,2.09042449,10686.26911,717.194275,812.472107,0.004453,0.00479
663,4,0,0,523.0946,71.0,14.6,0.00546391,81.090408345993,15.39459229,0.0,0.0,-0.284105539,2.109105539,10702.89707,700.380676,642.695618,0.004176,0.004469
664,4,0,0,524.3289,70.0,14.7,0.005487728,81.899294253524,15.39459229,0.0,0.0,-0.305360079,2.130360079,10721.99212,689.509399,633.049927,0.0045,0.004603
665,4,0,0,524.7416,69.0,14.7,0.005513228,82.5819561164938,15.4385376,0.0,0.0,-0.324337244,2.149337244,10738.72262,693.933411,614.240906,0.004201,0.004425
666,4,0,0,525.5689,69.0,14.7,0.005548631,83.3521313941866,15.39459229,0.0,0.003834839,-0.346105814,2.171105814,10757.86624,687.204773,617.673828,0.004244,0.004484
667,4,0,0,525.5689,70.0,14.7,0.005581179,84.0437570395554,15.35064697,0.0,0.005368774,-0.355844736,2.180844736,10774.63343,682.078613,611.501099,0.004161,0.004291
668,4,0,0,527.2315,69.0,14.7,0.005618116,84.7943479530136,15.30670166,0.0,0.001533936,-0.344335318,2.169335318,10793.80857,680.164185,613.249878,0.003856,0.004047
669,4,0,0,527.2315,67.0,14.7,0.005650958,85.4311774382168,14.82330322,0.0,0.0,-0.318417788,2.143417788,10810.5938,737.461304,814.110229,0.003999,0.004096
670,4,0,0,528.0667,67.0,15.0,0.005693109,85.9681109087756,8.973083496,0.0,0.0,-0.286813021,2.111813021,10829.78442,692.20343,643.843872,0.003642,0.003843
671,4,0,0,527.6488,65.0,15.0,0.005739653,86.061120718494,9.148864746,0.0,0.0,-0.259693861,2.084693861,10846.58246,688.083923,628.135681,0.003725,0.003929
672,4,0,0,527.6488,62.0,15.0,0.005803181,86.1865268320936,8.929138184,0.0,0.0,-0.2280128,2.0530128,10865.78699,691.436096,607.763794,0.003561,0.003751
673,4,0,0,512.2426,61.0,15.0,0.005857764,86.2685832001842,8.618774414,0.0,0.0,-0.199691534,2.024691534,10882.59569,691.041687,616.907898,0.00336,0.003443
674,4,0,0,507.5627,61.0,15.3,0.005905548,86.3186090995624,8.311157227,0.0,0.0,-0.167947531,1.992947531,10902.60002,709.455383,734.214111,0.003065,0.003315
675,4,0,0,502.9675,60.0,15.3,0.005925721,86.3573712926542,8.311157227,0.0,0.0,-0.139590979,1.964590979,10918.59618,736.705994,826.274414,0.003199,0.003365
676,4,0,0,494.0223,60.0,15.3,0.00591788,86.3989479156314,8.311157227,0.0,-0.003259613,-0.105657816,1.930657816,10938.58198,697.295471,601.566528,0.003383,0.003458
677,4,0,0,476.7126,61.0,15.3,0.005892693,86.4334437322898,8.311157227,0.0,-0.003259613,-0.083788633,1.908788633,10954.56308,688.827393,592.623291,0.003472,0.003657
678,4,0,0,468.9992,63.0,15.6,0.005862435,86.4364842583518,7.388305664,0.0,-0.003259613,-0.075251818,1.900251818,10974.52649,687.74469,614.171204,0.003914,0.004048
679,4,0,0,468.9992,64.0,15.6,0.005838793,86.3888617956098,7.388305664,0.0,-0.003259613,-0.084124327,1.909124327,10990.47858,687.478516,623.609924,0.003827,0.00406
680,4,0,0,470.9872,63.0,15.5,0.005812078,86.3336457264514,7.344360352,0.0,-0.003259613,-0.113662481,1.938662481,11010.30031,690.749817,615.747681,0.003974,0.004091
681,4,0,0,474.3383,63.0,15.5,0.005796001,86.2833031089612,7.300415039,0.0,-0.008628387,-0.15891242,1.98391242,11026.81629,691.250793,611.638306,0.004154,0.004214
682,4,0,0,476.0318,62.0,15.8,0.005794587,86.1719433631618,6.641235352,0.0,-0.000959,-0.251325846,2.076325846,11045.54309,702.742004,615.873474,0.004353,0.004409
683,4,0,0,478.08,62.0,15.8,0.005805598,85.5361759136114,0.0,39.41345215,-0.000959,-0.354430914,2.179430914,11061.80019,702.763489,614.620117,0.004327,0.004402
684,4,0,0,479.1108,62.0,15.7,0.005829757,84.5946477687586,0.0,261.4837646,-0.000959,-0.470683813,2.295683813,11080.2339,692.578003,623.149475,0.004543,0.0046
685,4,0,0,480.146,62.0,15.7,0.005864847,83.7517253984854,0.0,261.7767334,0.001533936,-0.584789515,2.409789515,11096.23697,699.063782,621.338806,0.004592,0.004795
686,4,0,0,481.1856,62.0,15.9,0.00592291,82.8341251299668,0.0,261.9232178,-0.001725677,-0.701580286,2.526580286,11114.38316,697.987488,630.852478,0.004713,0.004827
687,4,0,0,482.9285,61.0,15.9,0.005981405,82.0108397493462,0.0,261.9232178,0.005368774,-0.805584669,2.630584669,11130.03737,694.000488,636.917908,0.004895,0.005069
688,4,0,0,483.9803,61.0,16.1,0.006045235,81.11732463796,0.0,261.3372803,0.013038452,-0.865545034,2.690545034,11146.49715,684.093689,628.519409,0.00473,0.004951
689,4,0,0,484.684,62.0,16.1,0.006098308,73.2127469661396,0.0,261.3372803,0.014572388,-0.852364302,2.677364302,11159.98423,684.572998,674.06897,0.004576,0.004814
690,4,0,0,486.0976,62.0,16.0,0.006164873,68.7860284801784,0.0,261.630249,0.003067871,-0.78923548,2.61423548,11173.11914,,,,
691,4,0,0,487.1632,63.0,16.0,0.006164873,68.7860284801784,0.0,261.630249,0.003067871,-0.78923548,2.61423548,11173.11914,,,,
692,4,0,0,488.2336,64.0,16.2,0.006164873,68.7860284801784,0.0,261.630249,0.003067871,-0.78923548,2.61423548,11173.11914,,,,
