Time,Drive,Stimulus,Failure,Palm.EDA,Heart.Rate,Breathing.Rate,Perinasal.Perspiration,Speed,Acceleration,Brake,Steering,LaneOffset,Lane.Position,Distance,Gaze.X.Pos,Gaze.Y.Pos,Lft.Pupil.Diameter,Rt.Pupil.Diameter
1,4,0,0,,70.0,12.4,0.006562018,-0.0178077252949,0.0,262.2161865,-0.058481293,-0.100002527,1.925002527,8.4e-06,0.0,0.0,0.004101,0.004138
2,4,0,0,,72.0,12.4,0.006592884,-0.02004624803328,0.0,261.630249,-0.058481293,-0.100002527,1.925002527,1.51e-05,693.219482,617.840881,0.00507,0.004837
3,4,0,0,,74.0,12.4,0.006652344,-0.00038302292,0.0,261.630249,-0.058481293,-0.100010633,1.925010633,2.26e-05,711.908508,804.869629,0.00485,0.004724
4,4,0,0,,75.0,12.4,0.006699332,0.62452663934418,0.0,262.3626709,-0.030103485,-0.100106955,1.925106955,0.00061507,742.365784,855.855286,0.004916,0.004663
5,4,0,0,,77.0,12.7,0.006694303,3.88084352719042,25.94970703,0.0,-0.023200775,-0.100385904,1.925385904,0.022700205,701.306519,590.299927,0.005033,0.004685
6,4,0,0,,77.0,12.7,0.006606357,16.1439112602288,22.47528076,0.0,-0.016298065,-0.104809523,1.929809523,0.153160111,778.043884,535.114319,0.005106,0.004968
7,4,0,0,,75.0,12.9,0.006434318,23.540483734232,11.21429443,0.0,-0.003259613,-0.114676714,1.939676714,0.702389288,678.831177,577.020691,0.004699,0.004582
8,4,0,0,,74.0,12.9,0.006275552,23.4004336405166,0.0,261.0443115,-0.005560516,-0.126251936,1.951251936,3.115951256,671.665771,483.828094,0.004718,0.004638
9,4,0,0,,73.0,13.4,0.006127864,22.8928138796294,0.0,260.7513428,-0.003259613,-0.143806696,1.968806696,7.231935679,692.340698,573.734314,0.004303,0.004149
10,4,0,0,,72.0,13.4,0.006033828,19.1821739464528,0.0,260.7513428,-0.019365936,-0.162735701,1.987735701,11.98616871,701.89502,594.55957,0.004541,0.004462
11,4,0,0,,71.0,13.6,0.005956693,10.635923266657,0.0,260.8978271,-0.010929291,-0.181920767,2.006920767,17.19711786,668.855408,515.59668,0.004338,0.004246
12,4,0,0,,72.0,13.6,0.005907456,10.4331040028452,0.0,260.8978271,-0.012463226,-0.197386026,2.022386026,21.68628367,744.855713,592.486816,0.004125,0.004032
13,4,0,0,,73.0,14.0,0.005864478,1.70007350450484,0.0,260.7513428,-0.012463226,-0.212787867,2.037787867,26.6661987,1223.730957,613.429321,0.004351,0.004769
14,4,0,0,,72.0,14.0,0.005834812,0.00213532542022,0.0,260.8978271,-0.012463226,-0.213031054,2.038031054,30.09782239,701.534119,439.932892,0.003994,0.003828
15,4,0,0,,72.0,14.4,0.005813096,-0.01360488399536,0.0,260.7513428,-0.012463226,-0.213028193,2.038028193,32.40731165,516.927307,508.402405,0.004061,0.003961
16,4,0,0,,72.0,14.4,0.005811836,-0.00043291246,0.0,260.8978271,-0.012463226,-0.213038206,2.038038206,34.54660962,698.509827,789.355286,0.004005,0.003835
17,4,0,0,,74.0,14.8,0.005834703,0.26051590688188,0.0,260.8978271,-0.012463226,-0.213120222,2.038120222,36.59207855,676.051819,447.025787,0.003997,0.003945
18,4,0,0,,77.0,14.8,0.005868739,-7.2903102e-05,0.0,260.0189209,-0.016298065,-0.213322878,2.038322878,36.83280558,482.039612,527.671692,0.004783,0.004597
19,4,0,0,,78.0,15.1,0.005906058,0.01619691596748,0.0,260.6048584,-0.016298065,-0.213341475,2.038341475,36.83760188,651.344727,295.006805,0.004883,0.00476
20,4,0,0,,79.0,15.1,0.005924697,0.00754404357242,0.0,260.6048584,-0.016298065,-0.213353872,2.038353872,36.84006177,684.785706,299.273987,0.004812,0.004713
21,4,0,0,,77.0,15.7,0.005925254,0.0032078813286,0.0,260.6048584,-0.016298065,-0.213370085,2.038370085,36.84118526,0.0,0.0,0.0,0.0
22,4,0,0,,74.0,15.7,0.005911501,0.00346402066432,0.0,260.6048584,-0.016298065,-0.213353872,2.038353872,36.84219771,703.719299,375.622803,0.004139,0.004125
23,4,0,0,,72.0,16.2,0.005887222,0.00241992754318,0.0,260.6048584,-0.016298065,-0.213361502,2.038361502,36.88212367,0.0,0.0,0.005078,0.00481
24,4,0,0,,71.0,16.2,0.005864023,0.00378986373412,0.0,260.6048584,-0.016298065,-0.213365793,2.038365793,36.8832291,619.99231,713.088013,0.003685,0.003747
25,4,0,0,,69.0,16.7,0.005838537,0.00398922877332,0.0,260.6048584,-0.016298065,-0.213375807,2.038375807,36.88522275,0.0,0.0,0.0,0.0
26,4,0,0,,69.0,16.7,0.005819395,0.00337818329674,0.0,260.6048584,-0.016298065,-0.21338439,2.03838439,36.88627622,671.937988,530.081726,0.003769,0.003725
27,4,0,0,,71.0,17.1,0.005804699,0.00173831894496,0.0,260.6048584,-0.016298065,-0.213389158,2.038389158,36.8872893,0.0,0.0,0.0,0.004704
28,4,0,0,,71.0,17.1,0.005795538,0.0020412546692,0.0,260.6048584,-0.016298065,-0.213394403,2.038394403,36.88809173,0.0,0.0,0.0,0.004402
29,4,0,0,,70.0,17.2,0.005782303,0.00235688808604,0.0,260.6048584,-0.016298065,-0.213401556,2.038401556,36.88876739,643.223389,494.955505,0.003801,0.003701
30,4,0,0,,70.0,17.2,0.005768466,0.00231633432738,0.0,260.6048584,-0.016298065,-0.213407755,2.038407755,36.88936593,638.650513,795.56543,0.003687,0.003776
31,4,0,0,,70.0,17.6,0.005754448,0.00169355515286,0.0,260.6048584,-0.016298065,-0.213412046,2.038412046,36.89021873,693.46582,456.634705,0.004019,0.003881
32,4,0,0,,68.0,17.6,0.005742244,0.0023093465731,0.0,260.6048584,-0.016298065,-0.21342206,2.03842206,36.89102702,0.0,0.0,0.0,0.004772
33,4,0,0,,67.0,17.6,0.005719947,0.00104124298,0.0,260.6048584,-0.016298065,-0.213428259,2.038428259,36.8917682,257.071014,406.140808,0.004151,0.004213
34,4,0,0,,67.0,17.6,0.005690966,0.0021381208438,0.0,260.458374,-0.016298065,-0.213430166,2.038430166,36.89235938,0.0,0.0,0.0,0.0
35,4,0,0,,68.0,17.9,0.005656845,0.00121987972,0.0,260.458374,-0.016298065,-0.213442564,2.038442564,36.89296759,683.068787,392.354706,0.003831,0.003855
36,4,0,0,,67.0,17.9,0.005636957,0.00202295969208,0.0,260.458374,-0.016298065,-0.213442564,2.038442564,36.89353307,0.0,0.0,0.0,0.004564
37,4,0,0,,68.0,17.9,0.005629493,0.00157554386,0.0,260.458374,-0.016298065,-0.213452578,2.038452578,36.8942376,695.213501,276.5578,0.004067,0.004117
38,4,0,0,,69.0,17.9,0.00563356,0.00085616888,0.0,260.6048584,-0.016298065,-0.213454485,2.038454485,36.89478615,0.0,0.0,0.0,0.004754
39,4,0,0,,70.0,17.9,0.005647947,0.0019854749448,0.0,260.6048584,-0.016298065,-0.213465452,2.038465452,36.89548732,668.615479,412.996399,0.004146,0.004197
40,4,0,0,,70.0,17.9,0.005668749,0.0021173120776,0.0,260.458374,-0.016298065,-0.213465929,2.038465929,36.89606494,1010.060425,574.127686,0.004465,0.0
41,4,0,0,,69.0,17.9,0.005699211,0.00414897025238,0.0,260.6048584,-0.016298065,-0.213475466,2.038475466,36.89671958,775.706604,343.803802,0.004247,0.004261
42,4,0,0,,70.0,17.9,0.005725763,0.46325389741428,0.0,261.630249,-0.016298065,-0.213677645,2.038677645,36.89725901,714.766296,327.585388,0.004203,0.004281
43,4,0,0,,70.0,18.2,0.005749219,0.81307583870506,6.685180664,0.0,0.003067871,-0.215121984,2.040121984,36.89788305,671.239319,568.010986,0.0042,0.004231
44,4,0,0,,69.0,18.2,0.005762405,11.8932215562668,22.47528076,0.0,0.005368774,-0.223677397,2.048677397,36.89840561,681.582886,577.686707,0.004177,0.004103
45,4,0,0,,69.0,18.2,0.005770164,21.4385358485846,17.1963501,0.0,0.005368774,-0.252714396,2.077714396,36.89903819,669.273499,530.821777,0.00391,0.003911
46,4,0,0,,69.0,18.2,0.005769449,26.9299068707462,17.32818604,0.0,0.005368774,-0.284746408,2.109746408,36.89962899,722.721619,791.632996,0.00377,0.003747
47,4,0,0,,69.0,18.2,0.005757526,31.8460931142402,17.32818604,0.0,0.0,-0.32423377,2.14923377,36.90022422,680.21228,553.456177,0.003761,0.003805
48,4,0,0,,69.0,18.2,0.005739246,35.5850621950632,17.37213135,0.0,0.042183228,-0.337696314,2.162696314,36.90073006,680.389709,554.89032,0.00371,0.003704
49,4,0,0,,70.0,18.2,0.005717001,39.4547840514876,16.88873291,0.0,0.012271484,-0.263864756,2.088864756,36.90131444,675.25293,552.939514,0.003757,0.003853
50,4,0,0,,71.0,18.2,0.005701988,42.105671212841,13.94165039,0.0,-0.007094452,-0.152561903,1.977561903,36.90185339,720.709106,779.328491,0.003833,0.003794
51,4,0,0,,71.0,18.2,0.005690481,44.4710684588234,13.80981445,0.0,-0.016298065,-0.03984189,1.86484189,36.90240729,670.67749,544.621277,0.003823,0.003777
52,4,0,0,,71.0,18.2,0.005682564,46.5067065636102,14.42504883,0.0,-0.012463226,0.029403448,1.795596552,36.90293153,0.0,0.0,0.0,0.0
53,4,0,0,,72.0,18.2,0.005671514,48.7187019231276,14.20532227,0.0,-0.020132904,0.058796167,1.766203833,36.90347466,738.364929,830.832092,0.00385,0.003728
54,4,0,0,,72.0,18.2,0.005653174,50.50919544558,14.20532227,0.0,-0.010162323,0.039465189,1.785534811,36.90397157,732.565796,808.161316,0.003628,0.003701
55,4,0,0,,70.0,18.2,0.005616458,52.4795946726224,14.20532227,0.0,0.00690271,-0.02155757,1.84655757,36.90459978,694.278503,554.206177,0.004195,0.004122
56,4,0,0,,69.0,18.2,0.005573269,54.1076851734294,14.16137695,0.0,-0.003259613,-0.060470343,1.885470343,36.9658589,694.99292,297.836487,0.004254,0.004328
57,4,0,0,,68.0,18.4,0.005521654,55.903010867979,14.20532227,0.0,0.017640259,-0.120773077,1.945773077,37.14542469,683.373718,538.221985,0.003932,0.003973
58,4,0,0,,67.0,18.4,0.005483629,57.398989280247,14.20532227,0.0,0.017640259,-0.15125823,1.97625823,37.77853503,641.124207,536.411194,0.003704,0.003651
59,4,0,0,,66.0,18.4,0.005452784,59.0720529965682,14.20532227,0.0,0.003834839,-0.121224642,1.946224642,40.78495456,713.223877,796.445923,0.00362,0.003557
60,4,0,0,,68.0,18.4,0.005432716,60.4787214234976,14.20532227,0.0,-0.000959,-0.071965456,1.896965456,44.68402406,657.419189,538.845093,0.003758,0.003813
61,4,0,0,,68.0,18.4,0.005410749,62.0173423568116,13.37036133,0.0,0.001533936,-0.019992113,1.844992113,50.20161952,666.913086,545.266785,0.003868,0.003898
62,4,0,0,,68.0,18.4,0.005393336,63.2193952406042,13.2824707,0.0,-0.008628387,0.0290277,1.7959723,55.78776803,630.683472,547.760071,0.00384,0.003823
63,4,0,0,,70.0,18.0,0.005381125,64.5652527922388,13.2824707,0.0,0.001533936,0.06257081,1.76242919,62.91194255,687.468079,560.838623,0.003799,0.00383
64,4,0,0,,70.0,18.0,0.005378356,65.697331315337,13.32641602,0.0,-0.003259613,0.087600946,1.737399054,69.73606947,735.212402,766.680115,0.003709,0.003689
65,4,0,0,,69.0,18.0,0.005381237,66.9669844453626,13.37036133,0.0,0.001533936,0.106379271,1.718620729,78.15493019,732.893616,777.457275,0.003633,0.003595
66,4,0,0,,67.0,18.0,0.005386618,68.006708868232,13.37036133,0.0,0.001533936,0.119814157,1.705185843,86.3901806,737.162476,772.642212,0.003637,0.003685
67,4,0,0,,69.0,18.0,0.005396122,69.2009764732142,13.32641602,0.0,-0.001725677,0.145734072,1.679265928,95.42449186,654.93811,551.290405,0.003657,0.003725
68,4,0,0,,68.0,18.0,0.005410203,70.2045744961372,13.32641602,0.0,-0.001725677,0.173784018,1.651215982,104.4043655,675.216675,539.017517,0.003579,0.003673
69,4,0,0,,67.0,18.0,0.005436149,71.3263318068266,13.37036133,0.0,-0.005560516,0.191401243,1.633598757,114.5644546,740.372925,782.366882,0.003592,0.003619
70,4,0,0,,67.0,18.0,0.005463955,72.3140493454316,13.32641602,0.0,-0.007094452,0.181094885,1.643905115,123.7646371,683.902893,545.856384,0.003739,0.003747
71,4,0,0,,68.0,18.0,0.005489643,73.3080330746342,11.96411133,0.0,-0.000959,0.140242815,1.684757185,134.6175899,739.286804,784.990906,0.003648,0.003689
72,4,0,0,,68.0,18.0,0.005500256,73.6452255480756,7.300415039,0.0,-0.001725677,0.098865747,1.726134253,144.3956309,748.931396,748.892517,0.004206,0.00407
73,4,0,0,,67.0,18.0,0.005502983,73.7455102344234,6.860961914,0.0,-0.010929291,0.041969538,1.783030462,156.3663687,594.077209,548.997009,0.004044,0.004079
74,4,0,0,,69.0,18.0,0.00550243,73.8811083626166,7.124633789,0.0,0.016106323,-0.043276548,1.868276548,166.1928309,686.82959,550.882507,0.003967,0.004039
75,4,0,0,,69.0,18.0,0.005497809,74.0528979241856,7.168579102,0.0,0.001533936,-0.151317835,1.976317835,178.7765107,678.861206,557.60498,0.003778,0.003846
76,4,0,0,,68.0,18.0,0.005488265,74.1790772290948,7.080688477,0.0,0.021475098,-0.225244761,2.050244761,189.5966619,674.490723,542.297119,0.003791,0.003781
77,4,0,0,,68.0,17.7,0.005472028,74.3330328733604,7.036743164,0.0,0.021475098,-0.236935377,2.061935377,202.2334629,758.742188,779.236816,0.003759,0.003773
78,4,0,0,,69.0,17.7,0.005455581,74.4622029435388,7.036743164,0.0,-0.008628387,-0.14261508,1.96761508,213.5219061,740.037415,781.848389,0.003674,0.003711
79,4,0,0,,68.0,17.8,0.005438671,74.5736728325678,5.58380127,0.0,-0.008628387,-0.007641077,1.832641077,226.6810761,689.054688,540.027283,0.003695,0.00376
80,4,0,0,,68.0,17.8,0.005430612,74.571643261707,6.421508789,0.0,-0.005560516,0.059462786,1.765537214,238.4163173,735.807922,781.743286,0.003706,0.003706
81,4,0,0,,69.0,17.5,0.00543279,74.6367733802542,6.465454102,0.0,-0.005560516,0.099196672,1.725803328,252.0729872,644.77771,546.669922,0.003694,0.003709
82,4,0,0,,69.0,17.5,0.005443519,74.6926261525968,6.421508789,0.0,-0.005560516,0.10720849,1.71779151,264.8020307,732.669312,775.417725,0.003657,0.003619
83,4,0,0,,68.0,17.5,0.00546264,74.7497241195776,5.58380127,0.0,-0.005560516,0.085708857,1.739291143,278.9068796,673.238098,561.734924,0.003727,0.003824
84,4,0,0,,69.0,17.5,0.005483127,74.6633988483898,5.58380127,0.0,0.003834839,0.04083848,1.78416152,291.4316549,733.352173,786.044983,0.003855,0.003928
85,4,0,0,,70.0,17.6,0.005507484,74.616944573367,5.58380127,0.0,0.009203613,-0.004091024,1.829091024,305.9500956,679.066406,294.865204,0.004033,0.004222
86,4,0,0,,70.0,17.6,0.005526247,74.5770776971124,5.58380127,0.0,-0.005560516,0.00527215,1.81972785,319.4460936,663.163208,550.114685,0.0038,0.003857
87,4,0,0,,70.0,17.3,0.005541321,74.5320541575364,5.58380127,0.0,-0.003259613,0.011199236,1.813800764,333.7431169,668.161682,544.05542,0.003736,0.003814
88,4,0,0,,70.0,17.3,0.00555048,74.4938285827742,5.58380127,0.0,0.003067871,-0.011342287,1.836342287,347.593738,804.568909,559.910889,0.003908,0.003889
89,4,0,0,,69.0,17.4,0.00556661,74.4524712967456,5.627746582,0.0,0.003067871,-0.037517786,1.862517786,362.8942257,749.676086,767.750916,0.003888,0.003739
90,4,0,0,,68.0,17.4,0.005595229,74.42041672012,5.627746582,0.0,0.003067871,-0.0459764,1.8709764,376.4418682,657.01178,543.121277,0.003739,0.003758
91,4,0,0,,68.0,17.2,0.005652383,74.3848808192064,5.627746582,0.0,0.003067871,-0.031913042,1.856913042,392.1029136,656.899414,308.203308,0.003993,0.004101
92,4,0,0,,69.0,17.2,0.005723401,74.3539827464916,5.627746582,0.0,-0.010162323,0.006317377,1.818682623,405.9586227,637.358582,546.369873,0.003615,0.003633
93,4,0,0,,69.0,17.2,0.005803426,74.3243545395972,5.627746582,0.0,-0.007094452,0.032588243,1.792411757,419.9558949,685.367188,551.233276,0.003787,0.003829
94,4,0,0,,68.0,17.2,0.005886438,74.2913736590544,5.627746582,0.0,-0.005560516,0.017614126,1.807385874,436.1228523,684.185303,548.039124,0.003642,0.003648
95,4,0,0,,70.0,17.0,0.00594366,74.2635291158688,5.627746582,0.0,0.005368774,-0.016486406,1.841486406,451.0711863,677.614929,554.924316,0.003676,0.003754
96,4,0,0,,70.0,17.0,0.005996935,74.2317361052734,5.627746582,0.0,0.005368774,-0.038410425,1.863410425,466.7511818,733.734497,775.023499,0.003737,0.003871
97,4,0,0,,69.0,17.1,0.006039994,74.2055742718984,5.627746582,0.0,0.005368774,-0.034008265,1.859008265,481.7657558,666.78302,549.81073,0.003803,0.003797
98,4,0,0,,69.0,17.1,0.006086538,74.176261737045,5.627746582,0.0,-0.000959,-0.006204367,1.831204367,498.1658229,677.199219,556.749207,0.003813,0.004007
99,4,0,0,,69.0,17.2,0.006119995,74.1516855541852,5.627746582,0.0,-0.001725677,0.020313501,1.804686499,512.5383263,745.313293,753.540588,0.003925,0.003948
100,4,0,0,,68.0,17.2,0.006142901,74.1226701678694,5.627746582,0.0,0.001533936,0.038207769,1.786792231,528.9905834,733.650879,783.118286,0.003788,0.003791
101,4,0,0,,67.0,17.3,0.006147038,74.0989095502414,5.627746582,0.0,0.003067871,0.058397055,1.766602945,543.4064527,684.666504,565.994324,0.003759,0.003893
102,4,0,0,,69.0,17.3,0.006138423,74.072848606391,5.627746582,0.0,0.001533936,0.092815161,1.732184839,560.5939168,682.464294,560.704285,0.003824,0.003943
103,4,0,0,,68.0,17.3,0.006127991,74.0498424151682,5.627746582,0.0,0.001533936,0.132182837,1.692817163,574.3635553,682.943726,541.79718,0.003949,0.004054
104,4,0,0,,68.0,17.3,0.006119489,74.0246213214902,5.627746582,0.0,0.001533936,0.182733774,1.642266226,591.5994739,650.867676,549.886719,0.003898,0.004033
105,4,0,0,,68.0,17.1,0.006114685,74.0030288710838,5.627746582,0.0,-0.010162323,0.22856307,1.59643693,606.0964671,738.760498,779.755188,0.003715,0.003842
106,4,0,0,,70.0,17.1,0.006109422,73.9787728342302,5.627746582,0.0,-0.027035614,0.25620389,1.56879611,622.664867,682.864807,536.669922,0.004019,0.004041
107,4,0,0,,70.0,17.2,0.006104766,73.958000310367,5.627746582,0.0,-0.004793549,0.228731394,1.596268606,637.1672157,658.301697,289.501587,0.003948,0.003952
108,4,0,0,,69.0,17.2,0.006100486,73.9349136521442,5.627746582,0.0,-0.001725677,0.17071557,1.65428443,653.7515503,663.299316,528.606201,0.003781,0.003805
109,4,0,0,,70.0,17.0,0.006095777,73.9152830515714,5.627746582,0.0,0.017640259,0.109153032,1.715846968,668.2716641,680.075378,538.674011,0.003829,0.00385
110,4,0,0,,70.0,17.0,0.00608135,73.8934072285778,5.627746582,0.0,0.008436646,0.051100016,1.773899984,684.8760179,973.962097,546.137085,0.003902,0.003887
111,4,0,0,,69.0,17.1,0.006053191,73.8748485932856,5.627746582,0.0,0.005368774,0.016258478,1.808741522,700.0995468,775.95282,564.293701,0.0,0.003403
112,4,0,0,,69.0,17.1,0.006002553,73.8542676774428,5.627746582,0.0,0.005368774,0.000825,1.82417531,716.690558,0.0,0.0,0.0,0.0
113,4,0,0,,71.0,16.9,0.005953577,73.8362301786294,5.627746582,0.0,-0.000959,0.003349066,1.821650934,731.2012327,726.371277,804.530884,0.003627,0.00363
114,4,0,0,,71.0,16.9,0.005909592,73.8162721417402,5.627746582,0.0,0.003067871,0.011580706,1.813419294,747.7776832,695.151794,541.890198,0.003856,0.003941
115,4,0,0,,71.0,17.0,0.005884691,73.7993556930774,5.627746582,0.0,-0.004793549,0.013718367,1.811281633,762.2758745,667.251709,542.814514,0.003859,0.003904
116,4,0,0,,70.0,17.0,0.005863837,73.780507006437,5.627746582,0.0,-0.004793549,0.004438162,1.820561838,778.8382366,646.898682,544.643494,0.003973,0.003978
117,4,0,0,,71.0,17.1,0.005846492,73.7640447939892,5.627746582,0.0,-0.003259613,-0.016918421,1.841918421,794.0139266,706.668701,541.710022,0.003772,0.003899
118,4,0,0,,70.0,17.1,0.005825657,73.7457343511118,5.627746582,0.0,-0.001725677,-0.052428961,1.877428961,810.5623599,730.006409,552.498901,0.00379,0.003863
119,4,0,0,,68.0,16.9,0.005806828,73.7297797727802,5.627746582,0.0,0.009203613,-0.091057539,1.916057539,825.0369846,648.604004,533.823914,0.004042,0.0042
120,4,0,0,,67.0,16.9,0.005788534,73.712434982183,5.627746582,0.0,-0.001725677,-0.119514227,1.944514227,841.5736889,666.171692,553.310303,0.004323,0.004271
121,4,0,0,,68.0,17.0,0.005779707,73.6983959368798,5.627746582,0.0,0.0,-0.129554987,1.954554987,856.0383513,750.202209,782.623413,0.004067,0.003995
122,4,0,0,,67.0,17.0,0.005780423,73.6825668226946,5.627746582,0.0,0.003067871,-0.139380693,1.964380693,872.5637931,634.78833,556.730713,0.004231,0.004158
123,4,0,0,,66.0,16.8,0.005789896,73.6683955701104,5.627746582,0.0,0.0,-0.137201071,1.962201071,887.0187517,670.064392,540.611084,0.004528,0.004597
124,4,0,0,,67.0,16.8,0.005806504,73.6529860108632,5.627746582,0.0,0.0,-0.132548094,1.957548094,904.2212499,716.882813,304.436005,0.004398,0.004396
125,4,0,0,,68.0,16.9,0.00582054,73.6392568761638,5.627746582,0.0,0.010737549,-0.127478361,1.952478361,917.9787505,669.152527,551.815491,0.003983,0.003923
126,4,0,0,,68.0,16.9,0.005829166,73.6236978092306,5.627746582,0.0,-0.000959,-0.103921652,1.928921652,935.1701085,690.80011,544.483521,0.004069,0.004069
127,4,0,0,,68.0,16.7,0.005828029,73.610292586393,5.627746582,0.0,-0.004793549,-0.07111001,1.89611001,949.6062187,679.073792,549.263916,0.00413,0.004175
128,4,0,0,,70.0,16.7,0.00582169,73.5952401396918,5.627746582,0.0,-0.004793549,-0.040287733,1.865287733,966.0995144,667.556519,554.657104,0.004224,0.004153
129,4,0,0,,70.0,16.9,0.005816581,73.1994922004986,0.0,52.15759277,0.00690271,-0.02270484,1.84770484,980.5267184,671.426392,546.054504,0.004567,0.004479
130,4,0,0,,69.0,16.9,0.005813929,72.6372449221844,3.738098145,0.0,0.0,0.006919146,1.818080854,997.0099485,682.090393,548.985718,0.004502,0.004502
131,4,0,0,,67.0,16.7,0.005816287,72.5019378109434,4.00177002,0.0,-0.007094452,0.032583952,1.792416048,1012.114968,634.324219,551.517273,0.004338,0.004228
132,4,0,0,,68.0,16.7,0.005826721,72.3779796205418,5.58380127,0.0,-0.000959,0.050699949,1.774300051,1027.901924,1005.742981,567.030701,0.00443,0.004269
133,4,0,0,,68.0,16.8,0.005843315,72.4650646611436,6.992797852,0.0,0.0,0.060222387,1.764777613,1042.9981,684.357727,564.319885,0.00412,0.00403
134,4,0,0,,68.0,16.8,0.005869995,72.5646738592132,6.333618164,0.0,-0.013997162,0.061159849,1.763840151,1059.461822,692.536194,556.12439,0.003871,0.003844
135,4,0,0,,68.0,16.6,0.005897716,72.585117096019,5.58380127,0.0,-0.007094452,0.043103456,1.781896544,1073.863493,604.842773,294.95639,0.00443,0.004441
136,4,0,0,,70.0,16.6,0.005929457,72.5856432536386,5.715637207,0.0,-0.007094452,-0.006579638,1.831579638,1090.317943,682.404297,538.23468,0.004093,0.004055
137,4,0,0,,70.0,16.5,0.005953773,72.6133468186402,6.641235352,0.0,-0.000959,-0.069609404,1.894609404,1104.71161,690.511108,544.083496,0.003737,0.003743
138,4,0,0,,69.0,16.5,0.005974561,72.6966993491668,6.157836914,0.0,0.010737549,-0.149092436,1.974092436,1121.84218,711.247681,546.466187,0.003799,0.003753
139,4,0,0,,71.0,16.3,0.005982215,72.738480599725,6.113891602,0.0,0.010737549,-0.203528643,2.028528643,1135.543001,674.448181,545.129028,0.003683,0.003734
140,4,0,0,,72.0,16.3,0.005971747,72.7829152978884,6.026000977,0.0,0.010737549,-0.233576059,2.058576059,1152.66443,723.598877,777.421021,0.003467,0.003381
141,4,0,0,,73.0,16.2,0.005944952,72.8138308319422,6.026000977,0.0,0.001533936,-0.229695082,2.054695082,1166.357922,1437.610229,963.59729,0.003354,0.0
142,4,0,0,,70.0,16.2,0.005904233,72.8478778519548,5.982055664,0.0,0.001533936,-0.205858469,2.030858469,1183.470304,693.111389,686.36969,0.003385,0.00342
143,4,0,0,,70.0,16.1,0.005871024,72.8704194589064,5.894165039,0.0,0.009203613,-0.178519964,2.003519964,1197.840989,689.216003,538.03009,0.003652,0.003539
144,4,0,0,,70.0,16.1,0.005843348,72.8918421078494,5.894165039,0.0,0.009203613,-0.126074553,1.951074553,1214.260546,991.41217,545.947327,0.003557,0.003451
145,4,0,0,,69.0,16.0,0.005828057,72.9116750990206,5.894165039,0.0,0.009203613,-0.055605173,1.880605173,1228.624153,683.368591,537.759277,0.003452,0.003402
146,4,0,0,,68.0,16.0,0.005816942,72.9327725325364,5.894165039,0.0,-0.017832001,0.041846037,1.783153963,1245.035732,667.362183,550.132996,0.003373,0.003373
147,4,0,0,,70.0,16.2,0.005810558,72.9519891464876,5.894165039,0.0,-0.030103485,0.104880571,1.720119429,1260.075995,662.216492,535.720581,0.003237,0.003186
148,4,0,0,,70.0,16.2,0.005807825,72.9726395858184,5.894165039,0.0,-0.008628387,0.087959051,1.737040949,1275.79616,726.625793,550.643677,0.003629,0.003516
149,4,0,0,,69.0,16.1,0.005808227,72.9907016109734,5.894165039,0.0,0.005368774,0.024318933,1.800681067,1290.829302,677.101318,542.927612,0.003943,0.003915
150,4,0,0,,69.0,16.1,0.005808003,73.0112483444346,5.894165039,0.0,0.017640259,-0.051819563,1.876819563,1307.225163,654.543579,543.853394,0.004005,0.004093
151,4,0,0,,69.0,16.3,0.005807403,73.0285724067326,5.894165039,0.0,0.010737549,-0.091364145,1.916364145,1321.568192,763.799988,556.364014,0.004003,0.004003
152,4,0,0,,69.0,16.3,0.005806238,73.0474366556908,5.894165039,0.0,0.010737549,-0.100164652,1.925164652,1337.956413,720.306396,556.614197,0.003681,0.003755
153,4,0,0,,67.0,16.1,0.005802415,73.0637934402752,5.894165039,0.0,0.010737549,-0.080852747,1.905852747,1352.97539,655.309875,564.772095,0.003763,0.003736
154,4,0,0,,68.0,16.1,0.005798098,73.0821099503644,5.894165039,0.0,0.0,-0.033266783,1.858266783,1369.356,601.839905,538.718323,0.003892,0.003886
155,4,0,0,,68.0,16.3,0.005800242,73.0975308554586,5.894165039,0.0,-0.004793549,0.00376153,1.82123847,1383.685742,680.758484,546.119629,0.003546,0.003597
156,4,0,0,,67.0,16.3,0.005811129,73.1155074246596,5.894165039,0.0,-0.015531097,0.028318167,1.796681833,1400.05861,729.412292,550.184692,0.003579,0.003476
157,4,0,0,,67.0,16.2,0.005825239,73.1307786450404,5.894165039,0.0,0.009203613,0.008739233,1.816260767,1414.380935,719.765198,541.406494,0.003632,0.003519
158,4,0,0,,68.0,16.2,0.0058441,73.1490088784122,5.894165039,0.0,0.009203613,-0.011113405,1.836113405,1430.74183,0.0,0.0,0.0,0.0
159,4,0,0,,68.0,16.4,0.005861493,73.1639553500744,5.894165039,0.0,0.005368774,-0.003756285,1.828756285,1445.012251,757.155823,556.194885,0.003749,0.003787
160,4,0,0,,68.0,16.4,0.005878102,73.1809320041466,5.894165039,0.0,-0.013997162,0.022477388,1.802522612,1461.42499,762.2005,550.544128,0.004067,0.004082
161,4,0,0,,67.0,16.2,0.005889326,73.195526722365,5.894165039,0.0,0.001533936,0.025983095,1.799016905,1475.046294,778.466919,550.309875,0.004009,0.003901
162,4,0,0,,69.0,16.2,0.005904987,73.2120287659778,5.894165039,0.0,0.001533936,0.011817694,1.813182306,1492.077245,1072.212646,566.383118,0.003903,0.003797
163,4,0,0,,69.0,16.4,0.005924769,73.2266326252474,5.938110352,0.0,-0.005560516,-0.002969027,1.827969027,1506.316514,686.91449,538.519714,0.00362,0.003613
164,4,0,0,,68.0,16.4,0.005949563,73.243929312672,5.894165039,0.0,0.005368774,-0.035326242,1.860326242,1522.474986,673.768494,538.703674,0.00345,0.003487
165,4,0,0,,69.0,16.3,0.005966191,73.2590996918084,5.938110352,0.0,0.003834839,-0.056089163,1.881089163,1536.572102,758.619629,307.551788,0.004019,0.004126
166,4,0,0,,69.0,16.3,0.005976855,73.2752118084326,5.894165039,0.0,-0.000959,-0.053223848,1.878223848,1552.658931,696.679688,427.249908,0.003661,0.003689
167,4,0,0,,69.0,16.2,0.005986443,73.2897665989256,5.894165039,0.0,-0.000959,-0.045691729,1.870691729,1566.751584,646.660278,547.251892,0.003784,0.003719
168,4,0,0,,68.0,16.2,0.006017959,73.30536618904,5.938110352,0.0,-0.000959,-0.039776087,1.864776087,1582.877183,0.0,0.0,0.0,0.0
169,4,0,0,,69.0,16.0,0.006082909,73.3198192048714,5.938110352,0.0,-0.000959,-0.037144423,1.862144423,1597.662123,695.722107,552.387024,0.003591,0.003634
170,4,0,0,,71.0,16.0,0.006216345,73.3358647270064,5.894165039,0.0,-0.000959,-0.037048101,1.862048101,1613.792258,680.876282,310.057587,0.00398,0.004097
171,4,0,0,,71.0,15.9,0.006390796,73.3489003005394,5.894165039,0.0,-0.008628387,-0.039517641,1.864517641,1627.916574,705.069275,527.56427,0.003664,0.003766
172,4,0,0,,71.0,15.9,0.006647646,73.3641244316318,5.894165039,0.0,-0.004793549,-0.054779768,1.879779768,1644.073143,0.0,0.0,0.0,0.0
173,4,0,0,,73.0,15.9,0.006886187,73.377334586368,5.938110352,0.0,-0.001725677,-0.084639788,1.909639788,1658.218831,663.854309,529.241272,0.00354,0.003612
174,4,0,0,,76.0,15.9,0.007087113,73.3919462026564,5.894165039,0.0,0.014572388,-0.12292552,1.94792552,1674.393653,693.946289,544.445984,0.003812,0.003756
175,4,0,0,,79.0,15.5,0.007130952,73.4063249313534,5.894165039,0.0,0.013038452,-0.13922143,1.96422143,1688.553065,664.241089,573.771118,0.003945,0.003945
176,4,0,0,,81.0,15.5,0.007019557,73.4177774454086,5.850219727,0.0,0.00690271,-0.117937803,1.942937803,1705.416786,674.829285,419.943909,0.004192,0.004237
177,4,0,0,,82.0,15.4,0.006827084,73.431285537259,5.894165039,0.0,0.00690271,-0.07506299,1.90006299,1718.911888,0.0,0.0,0.0,0.0
178,4,0,0,,81.0,15.4,0.006563857,73.426430882682,5.58380127,0.0,-0.015531097,-0.015289545,1.840289545,1735.785398,628.670227,820.172913,0.004481,0.004274
179,4,0,0,,79.0,15.1,0.006337154,73.4116948644116,5.58380127,0.0,-0.010162323,0.014393091,1.810606909,1749.963158,712.05719,555.127075,0.004356,0.004236
180,4,0,0,,80.0,15.1,0.006120275,73.3946536114318,5.58380127,0.0,0.0,0.013988256,1.811011744,1766.171105,683.066711,544.99823,0.004034,0.00398
181,4,0,0,,78.0,14.8,0.005980057,73.380408184367,5.58380127,0.0,-0.000959,0.005395651,1.819604349,1780.357141,687.494507,555.021118,0.004189,0.00422
182,4,0,0,,76.0,14.8,0.005870317,73.3639169716124,5.58380127,0.0,0.005368774,-0.030272722,1.855272722,1796.57388,696.150391,546.6521,0.004228,0.004193
183,4,0,0,,75.0,14.2,0.005809152,73.3506264142498,5.58380127,0.0,0.013038452,-0.063361883,1.888361883,1811.44325,700.142883,557.783203,0.00421,0.004113
184,4,0,0,,74.0,14.2,0.005773413,73.3364579619172,5.58380127,0.0,0.013038452,-0.077268839,1.902268839,1825.640332,685.780701,547.917908,0.004099,0.004033
185,4,0,0,,73.0,13.7,0.00575504,73.321024906306,5.58380127,0.0,0.013038452,-0.052963972,1.877963972,1841.869631,673.130005,538.925476,0.004099,0.004115
186,4,0,0,,73.0,13.7,0.005749891,73.3076479434788,5.58380127,0.0,0.013038452,0.003564119,1.821435881,1856.07372,681.432983,538.626892,0.003738,0.003698
187,4,0,0,,74.0,12.9,0.005748664,73.292658357598,5.58380127,0.0,-0.017832001,0.097655535,1.727344465,1872.310808,666.579712,543.293091,0.003744,0.003704
188,4,0,0,,75.0,12.9,0.005750104,73.2795484164636,5.58380127,0.0,-0.003259613,0.166638136,1.658361864,1886.521668,718.109924,543.348816,0.00378,0.003671
189,4,0,0,,75.0,12.5,0.005754821,73.2649365426808,5.58380127,0.0,-0.004793549,0.214377642,1.610622358,1903.443522,676.892883,542.123718,0.003868,0.003857
190,4,0,0,,77.0,12.5,0.005757751,73.2527949092376,5.58380127,0.0,-0.004793549,0.255678892,1.569321108,1916.984156,715.674988,524.392517,0.004021,0.003903
191,4,0,0,,77.0,12.2,0.005752389,73.2388111769502,5.58380127,0.0,-0.024734711,0.279913187,1.545086813,1933.913855,732.151001,547.312012,0.004085,0.004096
192,4,0,0,,76.0,12.2,0.005738389,73.2260695654616,5.58380127,0.0,-0.005560516,0.248589277,1.576410723,1948.13807,656.604797,544.234192,0.004075,0.004138
193,4,0,0,,73.0,11.9,0.005715443,73.2122520136226,5.58380127,0.0,0.003067871,0.182942629,1.642057371,1964.397894,672.93512,542.827026,0.003883,0.003964
194,4,0,0,,71.0,11.9,0.005693108,73.2007341603634,5.58380127,0.0,-0.015531097,0.12169385,1.70330615,1978.628399,666.15448,541.341003,0.00406,0.004153
195,4,0,0,,72.0,11.6,0.005669734,73.1876861949124,5.58380127,0.0,-0.003259613,0.045886755,1.779113245,1994.895349,657.231812,534.714722,0.004036,0.00414
196,4,0,0,,71.0,11.6,0.005654828,73.1765440420762,5.58380127,0.0,0.016106323,-0.035219908,1.860219908,2009.131979,515.750916,499.221893,0.00408,0.004087
197,4,0,0,,70.0,11.3,0.005644399,73.1632393708018,5.58380127,0.0,-0.005560516,-0.099685907,1.924685907,2025.406017,665.861877,547.605286,0.003733,0.003784
198,4,0,0,,69.0,11.3,0.005635808,73.1519278832108,5.58380127,0.0,0.001533936,-0.132252932,1.957252932,2040.327339,666.956482,544.231812,0.003741,0.003797
199,4,0,0,,70.0,11.1,0.005620505,73.1392400719584,5.58380127,0.0,0.008436646,-0.161078691,1.986078691,2056.6088,667.514526,558.049072,0.003693,0.00377
200,4,0,0,,71.0,11.1,0.005605519,73.1285940786442,5.58380127,0.0,0.009203613,-0.168471098,1.993471098,2070.858093,747.186279,779.536316,0.003611,0.003591
201,4,0,0,,71.0,11.2,0.005595531,73.1156372501174,5.58380127,0.0,-0.005560516,-0.130598783,1.955598783,2087.146326,680.374023,551.460571,0.003773,0.003794
202,4,0,0,,71.0,11.2,0.005596661,73.1049326607338,5.58380127,0.0,0.010737549,-0.096476793,1.921476793,2101.401555,664.159607,556.519592,0.003806,0.003864
203,4,0,0,,72.0,11.3,0.005605461,73.0925514287514,5.58380127,0.0,0.009203613,-0.05334878,1.87834878,2117.696579,662.900513,549.841187,0.003787,0.003839
204,4,0,0,,73.0,11.3,0.005613429,73.0820446916274,5.58380127,0.0,0.003834839,0.008738756,1.816261244,2131.957525,675.151306,295.554993,0.004121,0.004098
205,4,0,0,,73.0,11.6,0.005619801,73.0700383393046,5.58380127,0.0,-0.016298065,0.099980116,1.725019884,2148.938208,682.193604,549.811218,0.003847,0.003982
206,4,0,0,,73.0,11.6,0.005624281,73.059873844425,5.58380127,0.0,-0.010929291,0.174766779,1.650233221,2162.525368,690.467285,547.445129,0.003821,0.00391
207,4,0,0,,72.0,12.0,0.005631923,73.0484151505042,5.58380127,0.0,-0.010929291,0.226153612,1.598846388,2179.512567,675.898804,536.846985,0.00387,0.003931
208,4,0,0,,72.0,12.0,0.005646383,73.0384934567504,5.58380127,0.0,-0.010929291,0.241728544,1.583271456,2193.784791,720.445618,550.416809,0.004048,0.004097
209,4,0,0,,72.0,12.3,0.005678489,73.0273553111708,5.58380127,0.0,-0.010929291,0.22769475,1.59730525,2210.09865,688.387085,547.467529,0.003772,0.003839
210,4,0,0,,71.0,12.3,0.005723632,73.0176452295336,5.58380127,0.0,-0.004793549,0.188943148,1.636056852,2224.375618,696.45282,549.841919,0.00383,0.003921
211,4,0,0,,70.0,12.3,0.005795311,73.0068705212062,5.58380127,0.0,0.008436646,0.134613752,1.690386248,2240.692779,740.892578,778.886475,0.003633,0.003555
212,4,0,0,,71.0,12.3,0.005874211,72.9975560475278,5.58380127,0.0,0.00690271,0.087940931,1.737059069,2255.647098,642.224426,549.021118,0.003812,0.003787
213,4,0,0,,71.0,12.5,0.005982897,72.987104156711,5.58380127,0.0,-0.016298065,0.04437995,1.78062005,2271.277802,704.158508,552.87793,0.003942,0.003956
214,4,0,0,,71.0,12.5,0.006091943,72.9777338067478,5.58380127,0.0,-0.001725677,-0.024261713,1.849261713,2286.225758,695.675293,545.206177,0.003932,0.004044
215,4,0,0,,72.0,12.8,0.006218117,72.9678711113984,5.58380127,0.0,0.008436646,-0.10652566,1.93152566,2302.529098,648.448486,536.873413,0.003887,0.004021
216,4,0,0,,74.0,12.8,0.006306025,72.9594239271394,5.58380127,0.0,0.019941162,-0.158411264,1.983411264,2316.791602,0.0,0.0,0.0,0.0
217,4,0,0,,75.0,13.0,0.006348552,72.8944299265694,5.23223877,0.0,0.012271484,-0.178520918,2.003520918,2333.088318,681.070496,587.709106,0.003888,0.003734
218,4,0,0,,77.0,13.0,0.006317668,72.8346363794622,4.88067627,0.0,0.014572388,-0.166505098,1.991505098,2348.023838,674.068787,573.837097,0.004234,0.004236
219,4,0,0,,78.0,13.2,0.006209719,72.7493396052816,5.144348145,0.0,0.013038452,-0.109596014,1.934596014,2363.634988,662.112915,251.894806,0.004491,0.00457
220,4,0,0,,79.0,13.2,0.006083231,72.7278487042292,5.276184082,0.0,-0.015531097,-0.028711081,1.853711081,2378.564389,691.281921,556.615906,0.00423,0.004319
221,4,0,0,,78.0,13.1,0.005947688,72.708925633894,5.58380127,0.0,-0.030870453,0.068374395,1.756625605,2394.848004,710.513,554.287292,0.004326,0.004305
222,4,0,0,,79.0,13.1,0.00585847,72.6961335213162,5.364074707,0.0,-0.032404388,0.120425463,1.704574537,2409.093476,680.589478,806.379272,0.003976,0.003954
223,4,0,0,,78.0,13.3,0.005791793,72.6840140002046,5.451965332,0.0,-0.015531097,0.1189816,1.7060184,2425.371014,709.475281,548.357605,0.004018,0.004027
224,4,0,0,,77.0,13.3,0.005755831,72.676051404313,5.539855957,0.0,-0.017832001,0.076903105,1.748096895,2439.611281,718.733887,541.269897,0.003812,0.003829
225,4,0,0,,76.0,13.1,0.005731395,72.6657814654766,5.495910645,0.0,-0.004793549,-0.005051374,1.830051374,2456.560649,742.216675,539.182678,0.003873,0.003887
226,4,0,0,,77.0,13.1,0.005721367,72.6587733852324,5.58380127,0.0,0.003834839,-0.084924459,1.909924459,2470.117654,825.362,544.862488,0.003775,0.00385
227,4,0,0,,76.0,13.3,0.005721468,72.6516362520136,5.58380127,0.0,0.02761084,-0.170912504,1.995912504,2487.060933,676.186523,539.761414,0.003739,0.003896
228,4,0,0,,75.0,13.3,0.005727587,72.6464564141962,5.539855957,0.0,0.017640259,-0.2063272,2.0313272,2501.29064,728.086182,543.650696,0.003772,0.00387
229,4,0,0,,75.0,13.2,0.005735536,72.6393293876326,5.58380127,0.0,0.010737549,-0.195325136,2.020325136,2517.550493,648.488525,537.79187,0.003769,0.003743
230,4,0,0,,76.0,13.2,0.005740658,72.6330521569626,5.58380127,0.0,0.013038452,-0.152877569,1.977877569,2531.775508,675.024719,539.390015,0.003807,0.003816
231,4,0,0,,76.0,13.4,0.00574218,72.626450982244,5.58380127,0.0,-0.000959,-0.074196577,1.899196577,2548.029956,719.107483,546.121094,0.003728,0.003824
232,4,0,0,,76.0,13.4,0.005739601,72.6209664641778,5.58380127,0.0,-0.000959,-0.001941919,1.826941919,2562.250288,727.437012,550.193481,0.003667,0.00371
233,4,0,0,,76.0,13.2,0.005737078,72.6157807522694,5.58380127,0.0,0.005368774,0.074743986,1.750256014,2578.49934,729.30127,548.311401,0.003649,0.003671
234,4,0,0,,76.0,13.2,0.005742884,72.6106926307386,5.495910645,0.0,-0.015531097,0.14330411,1.68169589,2593.391831,689.532104,543.871216,0.003986,0.004071
235,4,0,0,,75.0,13.4,0.005766443,72.6045122823366,5.58380127,0.0,-0.02856955,0.202460527,1.622539473,2609.635556,647.495972,543.746094,0.004344,0.004453
236,4,0,0,,74.0,13.4,0.00580149,72.5989262631966,5.539855957,0.0,-0.010162323,0.197592497,1.627407503,2623.846502,675.84259,555.209412,0.004275,0.004236
237,4,0,0,,74.0,13.3,0.005849336,72.5930026688982,5.58380127,0.0,0.017640259,0.164154768,1.660845232,2640.084962,654.686096,551.236389,0.004212,0.004355
238,4,0,0,,73.0,13.3,0.005891932,72.58871904034,5.58380127,0.0,-0.001725677,0.139085054,1.685914946,2654.291483,658.931702,558.390625,0.004055,0.004024
239,4,0,0,,72.0,13.4,0.005942162,72.5843140675458,5.58380127,0.0,-0.001725677,0.100098848,1.724901152,2670.525217,670.970215,303.321686,0.004141,0.004149
240,4,0,0,,72.0,13.4,0.005989555,72.5799517744484,5.539855957,0.0,0.005368774,0.063245535,1.761754465,2684.727693,638.495117,557.160889,0.00408,0.004217
241,4,0,0,,72.0,13.9,0.00604469,72.5750382984944,5.58380127,0.0,0.017640259,0.023460627,1.801539373,2701.632878,658.193726,553.816711,0.004217,0.004357
242,4,0,0,,71.0,13.9,0.006087845,72.5709416591508,5.58380127,0.0,0.0,0.013691664,1.811308336,2715.155021,588.333496,549.223572,0.00457,0.004571
243,4,0,0,,71.0,14.0,0.006124505,72.5657463394826,5.495910645,0.0,-0.024734711,0.013837576,1.811162424,2732.055257,700.527893,571.426819,0.004411,0.00441
244,4,0,0,,72.0,14.0,0.006143701,72.5606401933438,5.58380127,0.0,0.0,-0.031630278,1.856630278,2746.249444,716.233704,549.329712,0.004287,0.004238
245,4,0,0,,73.0,14.4,0.006157381,72.5559381363856,5.58380127,0.0,0.005368774,-0.083561182,1.908561182,2762.469157,696.078491,538.796326,0.004014,0.004024
246,4,0,0,,73.0,14.4,0.006168618,72.5518531486636,5.539855957,0.0,0.001533936,-0.118911505,1.943911505,2776.65931,647.954285,425.548615,0.004321,0.004334
247,4,0,0,,73.0,14.5,0.006181582,72.5476270701038,5.58380127,0.0,0.0,-0.150855303,1.975855303,2792.874452,678.831726,539.211304,0.003947,0.003991
248,4,0,0,,74.0,14.5,0.006189756,72.5438217052068,5.58380127,0.0,0.0,-0.16945672,1.99445672,2807.060932,0.0,0.0,0.0,0.0
249,4,0,0,,74.0,14.8,0.006189778,72.5397282845432,5.58380127,0.0,0.001533936,-0.189859152,2.014859152,2823.265857,710.536194,543.296387,0.00377,0.003736
250,4,0,0,,72.0,14.8,0.006176221,72.5357059967076,5.58380127,0.0,0.001533936,-0.205127478,2.030127478,2838.105063,894.792175,536.336304,0.003654,0.003608
251,4,0,0,,73.0,14.8,0.006141687,72.5315627991578,5.539855957,0.0,0.013038452,-0.217907667,2.042907667,2854.27569,648.842102,544.32782,0.003732,0.003742
252,4,0,0,,74.0,14.8,0.006097938,72.5276134144242,5.58380127,0.0,0.003834839,-0.216426611,2.041426611,2868.416662,650.937805,545.977722,0.003701,0.003627
253,4,0,0,,74.0,15.1,0.006042919,72.5230116515348,5.58380127,0.0,-0.001725677,-0.191036463,2.016036463,2884.573741,721.41449,550.307007,0.003773,0.003782
254,4,0,0,,74.0,15.1,0.005999412,72.519330173631,5.58380127,0.0,-0.001725677,-0.172383547,1.997383547,2899.38151,737.8797,786.594788,0.003671,0.003707
255,4,0,0,,75.0,15.1,0.005958991,72.5148612939454,5.539855957,0.0,-0.001725677,-0.15312314,1.97812314,2914.859759,0.0,0.0,0.0,0.0
256,4,0,0,,76.0,15.1,0.005927961,72.5112722243444,5.58380127,0.0,0.005368774,-0.140605688,1.965605688,2929.66308,717.40033,543.668274,0.003682,0.00365
257,4,0,0,,76.0,15.4,0.005893059,72.507187864265,5.539855957,0.0,-0.010162323,-0.11894536,1.94394536,2945.809824,678.744507,532.730408,0.003847,0.00391
258,4,0,0,,75.0,15.4,0.005865759,72.5034974384308,5.495910645,0.0,0.005368774,-0.107242346,1.932242346,2959.936601,745.430725,537.392517,0.003839,0.003836
259,4,0,0,,75.0,15.4,0.005843498,72.499463273666,5.58380127,0.0,-0.000959,-0.096437693,1.921437693,2976.080223,703.272522,545.173889,0.003834,0.003848
260,4,0,0,,74.0,15.4,0.005832164,72.4962254264266,5.58380127,0.0,-0.000959,-0.087233782,1.912233782,2990.204638,711.243408,548.266418,0.003774,0.0038
261,4,0,0,,73.0,15.3,0.005827816,72.4922155626958,5.58380127,0.0,0.009203613,-0.079299212,1.904299212,3007.017532,670.572815,536.141724,0.003633,0.003739
262,4,0,0,,73.0,15.3,0.005834553,72.4893826575872,5.58380127,0.0,0.010737549,-0.063524961,1.888524961,3020.466431,840.585022,541.005676,0.003641,0.003656
263,4,0,0,,72.0,15.6,0.005855218,72.4855303643358,5.58380127,0.0,0.010737549,-0.018783331,1.843783331,3037.276174,931.475403,534.657776,0.003566,0.003583
264,4,0,0,,71.0,15.6,0.00587817,72.4821253066704,5.58380127,0.0,-0.015531097,0.041466475,1.783533525,3050.722925,949.444214,547.441406,0.003555,0.003522
265,4,0,0,,70.0,15.5,0.005901394,72.4791552697004,5.58380127,0.0,-0.02166684,0.10001111,1.72498889,3067.530052,524.664124,498.317505,0.003523,0.003444
266,4,0,0,,72.0,15.5,0.005915278,72.4760972018324,5.58380127,0.0,-0.012463226,0.116728544,1.708271456,3081.646988,713.927307,536.213074,0.003639,0.003665
267,4,0,0,,73.0,15.8,0.005920226,72.4719820389854,5.58380127,0.0,-0.000959,0.088581324,1.736418676,3097.779156,760.744873,563.229919,0.003658,0.003736
268,4,0,0,,73.0,15.8,0.00591249,72.4689334662234,5.58380127,0.0,-0.000959,0.055670977,1.769329023,3111.89366,686.258118,545.934692,0.00365,0.00371
269,4,0,0,,73.0,15.7,0.005888449,72.4655249162902,5.58380127,0.0,0.001533936,0.019287825,1.805712175,3128.023398,0.0,0.0,0.0,0.0
270,4,0,0,,73.0,15.7,0.005858104,72.462806370882,5.58380127,0.0,-0.008628387,-0.007593393,1.832593393,3142.807971,764.089294,551.733093,0.003892,0.00391
271,4,0,0,,72.0,15.9,0.005822546,72.459649409071,5.58380127,0.0,0.009203613,-0.050099611,1.875099611,3158.263465,760.280884,541.500488,0.003897,0.004034
272,4,0,0,,71.0,15.9,0.005795929,72.4568848204454,5.58380127,0.0,0.008436646,-0.080381632,1.905381632,3173.046008,851.65863,562.47052,0.003984,0.003996
273,4,0,0,,71.0,15.8,0.005774396,72.4540099920298,5.58380127,0.0,0.017640259,-0.0766747,1.9016747,3189.171153,694.421387,542.897827,0.003871,0.003812
274,4,0,0,,71.0,15.8,0.005766864,72.4509726202742,5.58380127,0.0,0.00690271,-0.032721758,1.857721758,3203.279545,684.362183,476.834412,0.003789,0.00378
275,4,0,0,,71.0,16.1,0.005770111,72.448523076047,5.58380127,0.0,-0.025501678,0.036331892,1.788668108,3217.387099,658.33551,542.708008,0.003931,0.003968
276,4,0,0,,71.0,16.1,0.005779833,72.4451752626054,5.58380127,0.0,-0.008628387,0.1003654,1.7246346,3233.509005,779.534912,538.281494,0.003677,0.003703
277,4,0,0,,71.0,16.0,0.005786411,72.4426804637374,5.58380127,0.0,0.0,0.12190032,1.70309968,3247.614859,765.572205,775.222595,0.00363,0.003562
278,4,0,0,,72.0,16.0,0.005791063,72.4399186753634,5.58380127,0.0,0.001533936,0.131531477,1.693468523,3263.734876,699.561096,750.745605,0.003557,0.003543
279,4,0,0,,72.0,16.2,0.0057971,72.4377093895048,5.58380127,0.0,-0.020132904,0.141802073,1.683197927,3278.510673,625.077515,534.055908,0.00369,0.003759
280,4,0,0,,71.0,16.2,0.005810102,72.435099007838,5.58380127,0.0,-0.008628387,0.132510424,1.692489576,3294.628726,1329.734497,604.72937,0.004112,0.0
281,4,0,0,,72.0,16.0,0.005827165,72.4325755305312,5.539855957,0.0,-0.008628387,0.094059706,1.730940294,3308.731168,0.0,0.0,0.004131,0.0
282,4,0,0,,74.0,16.0,0.005852184,72.4297717544766,5.58380127,0.0,-0.001725677,0.030274153,1.794725847,3324.847171,853.155396,543.732605,0.003583,0.0035
283,4,0,0,,74.0,15.9,0.00587461,72.4275937380942,5.58380127,0.0,0.008436646,-0.033910036,1.858910036,3339.619231,680.07489,538.451416,0.003586,0.00362
284,4,0,0,,73.0,15.9,0.005890383,72.4251076296622,5.58380127,0.0,0.012271484,-0.099393129,1.924393129,3355.061799,691.01709,545.723694,0.003635,0.003703
285,4,0,0,,74.0,15.9,0.005890323,72.4228571286062,5.58380127,0.0,0.012271484,-0.137251616,1.962251616,3369.83212,692.321289,538.41571,0.00369,0.003735
286,4,0,0,,75.0,15.9,0.005877643,72.420079118085,5.58380127,0.0,0.012271484,-0.147650003,1.972650003,3385.944263,587.101074,535.470276,0.0042,0.004031
287,4,0,0,,78.0,15.5,0.005860121,72.417723124792,5.58380127,0.0,-0.010929291,-0.133387327,1.958387327,3400.041556,661.640015,551.80481,0.003692,0.003777
288,4,0,0,,80.0,15.5,0.005837102,72.4155187635138,5.58380127,0.0,-0.010929291,-0.123386145,1.948386145,3416.151872,652.414185,552.491882,0.00394,0.00392
289,4,0,0,,81.0,15.4,0.005816688,72.413154691334,5.58380127,0.0,-0.004793549,-0.139609575,1.964609575,3430.247678,667.441406,554.222107,0.0043,0.004354
290,4,0,0,,80.0,15.4,0.005792713,72.4106952013856,5.58380127,0.0,0.014572388,-0.176127672,2.001127672,3446.356292,692.27887,561.596924,0.004302,0.004282
291,4,0,0,,79.0,15.1,0.005767721,72.408407299268,5.58380127,0.0,0.005368774,-0.199013472,2.024013472,3460.450605,702.222595,613.143616,0.004461,0.004379
292,4,0,0,,80.0,15.1,0.005731352,72.4059044054198,5.58380127,0.0,0.005368774,-0.208903551,2.033903551,3477.228503,732.1698,817.227417,0.004354,0.004187
293,4,0,0,,78.0,14.8,0.005694516,72.4040398884694,5.58380127,0.0,0.010737549,-0.205393553,2.030393553,3490.650186,693.920898,552.053284,0.004442,0.004429
294,4,0,0,,77.0,14.8,0.005652448,72.4015303802338,5.58380127,0.0,0.009203613,-0.180983782,2.005983782,3507.426642,695.080994,552.985107,0.004476,0.004386
295,4,0,0,,75.0,14.5,0.005620756,72.399465403893,5.58380127,0.0,-0.008628387,-0.139422655,1.964422655,3521.518013,664.88501,545.266602,0.0041,0.004205
296,4,0,0,,74.0,14.5,0.00559487,72.3974532139042,5.58380127,0.0,-0.010162323,-0.101383448,1.926383448,3537.621664,770.134094,819.79303,0.003785,0.003818
297,4,0,0,,72.0,14.3,0.005583023,72.3954948724318,5.58380127,0.0,0.0,-0.083531618,1.908531618,3551.711696,666.415222,541.147705,0.00383,0.003893
298,4,0,0,,73.0,14.3,0.005579426,72.3935353239544,5.58380127,0.0,0.009203613,-0.064354181,1.889354181,3567.813839,682.315674,552.338196,0.003845,0.003949
299,4,0,0,,74.0,14.1,0.005577917,72.3919073317038,5.58380127,0.0,0.003834839,-0.038689375,1.863689375,3582.573479,697.974915,552.330505,0.00379,0.003765
300,4,0,0,,74.0,14.1,0.005568017,72.389858287829,5.58380127,0.0,-0.004793549,0.003599882,1.821400118,3598.003378,678.02948,554.072815,0.003953,0.003844
301,4,0,0,,74.0,13.9,0.005548887,72.3882655401244,5.58380127,0.0,-0.004793549,0.032521486,1.792478514,3612.76171,727.533691,558.204895,0.004331,0.004401
302,4,0,0,,76.0,13.9,0.005520518,72.3862747060774,5.58380127,0.0,-0.005560516,0.053896666,1.771103334,3628.860774,667.886475,555.328186,0.003861,0.003986
303,4,0,0,,76.0,13.7,0.005498005,72.3847485367686,5.58380127,0.0,-0.007094452,0.060553312,1.764446688,3642.946951,649.12207,548.161011,0.004121,0.004156
304,4,0,0,,75.0,13.7,0.005483231,72.3828024101868,5.58380127,0.0,0.00690271,0.051009417,1.773990583,3659.044871,724.907715,555.766724,0.003993,0.003982
305,4,0,0,,74.0,13.5,0.005483113,72.3812822598096,5.58380127,0.0,0.003067871,0.038704634,1.786295366,3673.129983,753.937622,542.250671,0.003963,0.003894
306,4,0,0,,73.0,13.5,0.005494585,72.3794558520304,5.58380127,0.0,-0.000959,0.029352903,1.795647097,3689.897353,781.572876,552.57489,0.004174,0.004054
307,4,0,0,,71.0,13.7,0.005508415,72.3779038528146,5.58380127,0.0,-0.003259613,0.009194613,1.815805387,3703.310738,727.520508,549.909607,0.004194,0.004084
308,4,0,0,,70.0,13.7,0.005522378,72.3759110875596,5.58380127,0.0,0.003067871,-0.019101858,1.844101858,3720.076724,715.388,554.450317,0.004049,0.004041
309,4,0,0,,70.0,13.8,0.005532244,72.3745786506,5.58380127,0.0,0.003067871,-0.046054125,1.871054125,3734.159528,662.876709,549.979126,0.003977,0.004006
310,4,0,0,,69.0,13.8,0.005543486,72.3728821809324,5.58380127,0.0,0.00690271,-0.071665525,1.896665525,3750.253607,657.174805,537.744507,0.004042,0.004001
311,4,0,0,,68.0,13.9,0.005555531,72.371526295889,5.58380127,0.0,0.00690271,-0.082817316,1.907817316,3764.335486,770.632507,775.916809,0.003805,0.003772
312,4,0,0,,70.0,13.9,0.005572812,72.3699111783584,5.58380127,0.0,0.00690271,-0.07901597,1.90401597,3780.428521,0.0,0.0,0.0,0.0
313,4,0,0,,71.0,14.3,0.00559041,72.3681807838036,5.58380127,0.0,-0.004793549,-0.063292742,1.888292742,3794.509402,577.183594,541.529419,0.003711,0.003787
314,4,0,0,,72.0,14.3,0.005613004,72.366670514774,5.58380127,0.0,0.0,-0.049495459,1.874495459,3810.601301,661.848389,769.453308,0.003885,0.004037
315,4,0,0,,72.0,14.4,0.005638622,72.3651021968506,5.58380127,0.0,-0.000959,-0.046735048,1.871735048,3825.351684,676.933228,536.67627,0.003988,0.00403
316,4,0,0,,74.0,14.4,0.005680514,72.3634496782584,5.58380127,0.0,0.003834839,-0.046334982,1.871334982,3840.771944,662.400085,540.692078,0.003683,0.003783
317,4,0,0,,73.0,14.7,0.005728299,72.362022740854,5.58380127,0.0,0.003834839,-0.044429541,1.869429541,3855.521235,0.0,0.0,0.0,0.0
318,4,0,0,,72.0,14.7,0.005792364,72.3603258044778,5.58380127,0.0,0.003834839,-0.032843828,1.857843828,3871.61082,753.665222,716.118896,0.003925,0.003903
319,4,0,0,,72.0,14.8,0.005854369,72.3586316039796,5.58380127,0.0,0.003067871,-0.013374567,1.838374567,3885.688755,679.22522,549.417114,0.003726,0.003675
320,4,0,0,,71.0,14.8,0.005929023,72.357161327049,5.58380127,0.0,0.001533936,0.017275572,1.807724428,3901.777187,735.1521,781.12207,0.003882,0.003877
321,4,0,0,,71.0,15.1,0.005991439,72.3557784050936,5.58380127,0.0,-0.020132904,0.045244932,1.779755068,3916.524449,651.909912,556.604614,0.003877,0.003873
322,4,0,0,,72.0,15.1,0.006044125,72.3539218543762,5.58380127,0.0,0.001533936,0.040397882,1.784602118,3932.61192,0.0,0.0,0.0,0.0
323,4,0,0,,73.0,15.4,0.006060388,72.3527075268792,5.58380127,0.0,0.001533936,0.025312185,1.799687815,3946.688049,0.0,0.0,0.0,0.0
324,4,0,0,,73.0,15.4,0.006042492,72.351264061553,5.58380127,0.0,-0.015531097,0.014205217,1.810794783,3962.77459,646.677979,540.299988,0.003533,0.003567
325,4,0,0,,75.0,15.6,0.006005303,72.349999281247,5.58380127,0.0,-0.020132904,-0.001832247,1.826832247,3976.849877,644.325928,268.796204,0.003808,0.003877
326,4,0,0,,77.0,15.6,0.005952244,72.3480851805312,5.58380127,0.0,0.0,-0.069129229,1.894129229,3992.935545,671.97522,526.642273,0.003881,0.004003
327,4,0,0,,78.0,15.6,0.005906049,72.3469627463482,5.58380127,0.0,0.0,-0.151115656,1.976115656,4007.010126,648.307007,549.294617,0.004041,0.004234
328,4,0,0,,78.0,15.6,0.005859273,72.3458127763578,5.58380127,0.0,0.018407227,-0.239936113,2.064936113,4023.765152,636.163574,547.980896,0.004017,0.004157
329,4,0,0,,76.0,15.5,0.005821147,72.3444609468512,5.58380127,0.0,-0.012463226,-0.288152933,2.113152933,4037.168796,678.860291,549.613892,0.003936,0.004088
330,4,0,0,,73.0,15.5,0.005774474,72.3434666805058,5.58380127,0.0,0.03451355,-0.33239913,2.15739913,4053.922917,674.652222,565.103882,0.004027,0.004115
331,4,0,0,,72.0,15.5,0.005728533,72.341793337054,5.58380127,0.0,0.017640259,-0.307402849,2.132402849,4067.996004,0.0,0.0,0.0,0.0
332,4,0,0,,73.0,15.5,0.005674014,72.3402417884534,5.58380127,0.0,-0.010929291,-0.232445478,2.057445478,4084.079082,656.466797,549.284485,0.003659,0.003739
333,4,0,0,,73.0,15.4,0.005631001,72.3393327527544,5.58380127,0.0,-0.007094452,-0.178650618,2.003650618,4098.151417,683.23053,543.417908,0.004133,0.004071
334,4,0,0,,72.0,15.4,0.00559292,72.3382816284268,5.58380127,0.0,-0.000959,-0.135872126,1.960872126,4114.233711,717.201111,653.679688,0.003837,0.003782
335,4,0,0,,73.0,15.4,0.005570757,72.3371760279402,5.58380127,0.0,0.010737549,-0.096046686,1.921046686,4128.975476,1358.753418,452.975311,0.003986,0.004504
336,4,0,0,,73.0,15.4,0.005558425,72.3361487057512,5.58380127,0.0,0.012271484,-0.019057512,1.844057512,4144.386931,695.451721,551.467285,0.003869,0.00401
337,4,0,0,,73.0,15.4,0.005557746,72.3353445346466,5.58380127,0.0,-0.019365936,0.05761981,1.76738019,4159.127939,698.372375,554.588928,0.00386,0.003902
338,4,0,0,,73.0,15.4,0.005562271,72.3337913606126,5.58380127,0.0,-0.019365936,0.122478247,1.702521753,4175.208704,685.433594,551.361328,0.003856,0.003995
339,4,0,0,,74.0,15.3,0.005564229,72.3328122703434,5.58380127,0.0,-0.010929291,0.147207499,1.677792501,4189.279023,681.335388,769.587708,0.003683,0.003819
340,4,0,0,,74.0,15.3,0.005559867,72.3312530773778,5.58380127,0.0,-0.010929291,0.136834383,1.688165617,4205.359008,667.534485,559.233215,0.003797,0.003793
341,4,0,0,,73.0,15.3,0.00555224,72.3302862985596,5.58380127,0.0,0.001533936,0.105185747,1.719814253,4219.42866,682.31012,562.046509,0.003988,0.004031
342,4,0,0,,72.0,15.3,0.005546223,72.3290392692738,5.58380127,0.0,0.00690271,0.062241793,1.762758207,4235.507829,737.504578,702.167725,0.003846,0.003947
343,4,0,0,,73.0,15.3,0.005548717,72.3282611533838,5.58380127,0.0,0.005368774,0.035082102,1.789917898,4249.576763,681.140198,530.908691,0.00381,0.00395
344,4,0,0,,71.0,15.3,0.005560223,72.3270922736484,5.58380127,0.0,0.005368774,0.01818347,1.80681653,4266.325153,678.312378,541.719727,0.003838,0.003973
345,4,0,0,,70.0,15.3,0.005572116,72.326282679068,5.58380127,0.0,0.005368774,0.015180826,1.809819174,4279.723531,700.727295,553.856201,0.004055,0.004065
346,4,0,0,,71.0,15.3,0.005582783,72.3252614884644,5.58380127,0.0,0.005368774,0.024386644,1.800613356,4296.471153,699.607788,549.092712,0.004,0.004064
347,4,0,0,,71.0,15.5,0.005591246,72.3243220845196,5.58380127,0.0,0.003067871,0.045377493,1.779622507,4310.538864,674.893372,552.42511,0.003992,0.004099
348,4,0,0,,71.0,15.5,0.005604834,72.3234296733028,5.58380127,0.0,-0.007094452,0.06893754,1.75606246,4326.615781,679.563477,566.937805,0.004026,0.004113
349,4,0,0,,72.0,15.5,0.005623473,72.3224629588582,5.58380127,0.0,0.001533936,0.070887804,1.754112196,4340.68257,685.851379,560.499084,0.00377,0.003891
350,4,0,0,,73.0,15.5,0.005651641,72.3213847171516,5.58380127,0.0,0.008436646,0.069958448,1.755041552,4356.758659,663.821716,545.155823,0.003876,0.003952
351,4,0,0,,73.0,15.7,0.005676795,72.3205705198588,5.58380127,0.0,-0.004793549,0.080224276,1.744775724,4371.49493,638.303528,553.382874,0.003915,0.004021
352,4,0,0,,72.0,15.7,0.00570231,72.319645921842,5.58380127,0.0,0.00690271,0.088423014,1.736576986,4386.900841,0.0,0.0,0.0,0.0
353,4,0,0,,73.0,15.7,0.005723387,72.3187733537874,5.58380127,0.0,0.012271484,0.094896078,1.730103922,4401.636514,673.417297,560.872925,0.003597,0.003777
354,4,0,0,,73.0,15.7,0.005748732,72.317640442801,5.58380127,0.0,0.0,0.12211442,1.70288558,4417.711306,712.248718,548.69458,0.003882,0.003969
355,4,0,0,,72.0,15.9,0.005776951,72.3170028866666,5.58380127,0.0,0.0,0.149904966,1.675095034,4431.776633,1320.677856,531.09967,0.003974,0.004525
356,4,0,0,,71.0,15.9,0.00582407,72.3161327487154,5.58380127,0.0,0.0,0.181971312,1.643028688,4447.851088,676.804993,532.437622,0.003679,0.003719
357,4,0,0,,72.0,15.8,0.005880043,72.3153365277504,5.58380127,0.0,-0.003259613,0.209414244,1.615585756,4462.585653,0.0,0.0,0.0,0.0
358,4,0,0,,72.0,15.8,0.005954338,72.3146422584744,5.58380127,0.0,-0.003259613,0.236937761,1.588062239,4478.659328,673.083008,545.98053,0.003477,0.003548
359,4,0,0,,72.0,16.0,0.006019086,72.31378985545,5.58380127,0.0,-0.003259613,0.251795053,1.573204947,4492.723689,659.84137,663.598328,0.003655,0.003761
360,4,0,0,,72.0,16.0,0.00608387,72.3128258286032,5.58380127,0.0,-0.007094452,0.257010698,1.567989302,4508.79709,746.481323,598.024292,0.004338,0.004184
361,4,0,0,,74.0,15.9,0.006134397,72.2999145604918,5.58380127,0.0,-0.010929291,0.237703085,1.587296915,4522.861033,699.401428,332.583588,0.004024,0.003898
362,4,0,0,,76.0,15.9,0.006200117,72.2903805728374,5.276184082,0.0,0.001533936,0.185654879,1.639345121,4538.933783,751.906006,806.139099,0.004176,0.004079
363,4,0,0,,76.0,15.8,0.006273027,72.2792673076542,5.58380127,0.0,0.016106323,0.111560106,1.713439894,4552.997215,734.707275,759.907288,0.004172,0.004058
364,4,0,0,,77.0,15.8,0.006363301,72.2692649054994,5.58380127,0.0,0.010737549,0.049352884,1.775647116,4569.739189,662.328308,584.530396,0.004421,0.004422
365,4,0,0,,78.0,15.8,0.006427547,72.261060956888,5.58380127,0.0,0.00690271,0.024176359,1.800823641,4583.132568,688.322083,575.297913,0.004239,0.004034
366,4,0,0,,79.0,15.8,0.006465426,72.2542389002544,5.58380127,0.0,0.005368774,0.014559984,1.810440016,4597.865077,671.281128,550.523315,0.004328,0.004316
367,4,0,0,,82.0,15.4,0.00647916,72.2530489703518,5.58380127,0.0,0.009203613,0.019067049,1.805932951,4613.936654,636.229614,541.682312,0.004279,0.00425
368,4,0,0,,83.0,15.4,0.006472894,72.2530396361798,5.58380127,0.0,0.001533936,0.035936117,1.789063883,4627.999094,728.488892,807.109985,0.004194,0.004082
369,4,0,0,,85.0,15.4,0.006452702,72.2531683029128,5.58380127,0.0,-0.024734711,0.059883833,1.765116167,4644.070246,719.515686,775.931396,0.004502,0.004144
370,4,0,0,,87.0,15.4,0.006432978,72.2527527069512,5.58380127,0.0,-0.012463226,0.050456762,1.774543238,4658.132282,734.363586,811.882629,0.004418,0.004066
371,4,0,0,,89.0,15.0,0.006415519,72.252686112462,5.58380127,0.0,0.003067871,-0.000301,1.825301123,4674.202941,778.104187,577.474304,0.004211,0.004384
372,4,0,0,,91.0,15.0,0.006391641,72.2530451079358,5.58380127,0.0,0.026843872,-0.052702188,1.877702188,4688.264601,678.514771,564.894714,0.003999,0.003979
373,4,0,0,,86.0,14.7,0.006332206,72.2529775800294,5.58380127,0.0,0.018407227,-0.085189104,1.910189104,4705.004406,0.0,0.0,0.0,0.0
374,4,0,0,,81.0,14.7,0.006255256,72.2531922981722,5.58380127,0.0,0.03451355,-0.086759806,1.911759806,4718.396018,686.95813,545.109314,0.004041,0.00406
375,4,0,0,,77.0,14.2,0.006162371,72.2523638904072,5.58380127,0.0,0.005368774,-0.042325735,1.867325735,4735.135335,791.511719,785.477112,0.004095,0.003912
376,4,0,0,,77.0,14.2,0.006092553,72.252381062065,5.58380127,0.0,0.005368774,0.016676188,1.808323812,4749.196195,696.330322,800.039673,0.004226,0.004302
377,4,0,0,,76.0,13.6,0.006031409,72.2526864987036,5.58380127,0.0,0.021475098,0.098821878,1.726178122,4765.265567,682.204529,536.826477,0.004026,0.004018
378,4,0,0,,76.0,13.6,0.005993401,72.252557606663,5.58380127,0.0,0.0,0.186423063,1.638576937,4779.32612,638.641907,537.82019,0.004287,0.004372
379,4,0,0,,78.0,12.9,0.005965974,72.2528488650162,5.58380127,0.0,-0.027035614,0.297893763,1.527106237,4795.395135,713.489685,554.975098,0.004502,0.004528
380,4,0,0,,81.0,12.9,0.005954097,72.2522143666278,5.58380127,0.0,-0.003259613,0.362025499,1.462974501,4810.123625,632.848694,540.994202,0.004454,0.004515
381,4,0,0,,81.0,12.5,0.00594916,72.2519770855382,5.58380127,0.0,-0.030870453,0.370846033,1.454153967,4825.51855,735.875305,549.258728,0.004311,0.004358
382,4,0,0,,80.0,12.5,0.005946206,72.2510809889328,5.58380127,0.0,-0.007094452,0.304488897,1.520511103,4838.234043,694.2995,547.455872,0.004214,0.004181
383,4,0,0,,77.0,11.9,0.005937736,72.2509008072264,5.58380127,0.0,0.00690271,0.171343088,1.653656912,4854.293461,694.089294,546.591125,0.004125,0.004211
384,4,0,0,,75.0,11.9,0.005925434,72.251203990789,5.58380127,0.0,0.029144775,0.044967413,1.780032587,4868.343818,680.078125,542.920898,0.004185,0.004228
385,4,0,0,,73.0,11.3,0.005907314,72.2509500208436,5.58380127,0.0,0.036047485,-0.040238619,1.865238619,4884.39977,690.888794,559.710876,0.004048,0.004115
386,4,0,0,,74.0,11.3,0.005889664,72.2503359288864,5.58380127,0.0,0.030678711,-0.033923864,1.858923864,4898.448414,689.148987,544.51947,0.004001,0.004063
387,4,0,0,,73.0,11.1,0.005869791,72.2497371095658,5.58380127,0.0,0.003067871,0.059348822,1.765651178,4914.504004,693.722473,569.920288,0.004132,0.004142
388,4,0,0,,71.0,11.1,0.00585339,72.249883607786,5.58380127,0.0,-0.007094452,0.160874128,1.664125872,4929.221632,664.380981,541.252808,0.003903,0.003936
389,4,0,0,,70.0,10.6,0.00583605,72.2499719444586,5.58380127,0.0,-0.007094452,0.270859957,1.554140043,4945.277063,723.406311,552.929688,0.00386,0.003921
390,4,0,0,,69.0,10.6,0.00582348,72.2501422930976,5.58380127,0.0,-0.012463226,0.34838891,1.47661109,4959.325576,678.415527,282.009186,0.004345,0.004375
391,4,0,0,,71.0,10.1,0.005811641,72.2505101399414,5.58380127,0.0,-0.032404388,0.407734632,1.417265368,4975.381126,711.687683,561.016296,0.003979,0.00403
392,4,0,0,,72.0,10.1,0.005799923,72.250134745293,5.58380127,0.0,-0.044675873,0.404550791,1.420449209,4989.429752,1003.986206,675.184509,0.004232,0.004498
393,4,0,0,,72.0,10.0,0.00578483,72.2492259349016,5.58380127,0.0,-0.007094452,0.305188894,1.519811106,5005.485083,653.292114,526.070496,0.003884,0.003998
394,4,0,0,,73.0,10.0,0.005776169,72.2493163637162,5.58380127,0.0,0.001533936,0.187467337,1.637532663,5019.533423,741.17688,542.747375,0.003996,0.004104
395,4,0,0,,73.0,10.2,0.005776718,72.2494986697514,5.58380127,0.0,0.0,0.056187868,1.768812132,5036.257504,687.097717,563.02832,0.004026,0.004072
396,4,0,0,,72.0,10.2,0.005784603,72.2499368608466,5.58380127,0.0,0.029144775,-0.058984518,1.883984518,5049.636684,670.699097,540.26239,0.004135,0.004152
397,4,0,0,,71.0,10.4,0.005797562,72.2498555087096,5.58380127,0.0,0.029144775,-0.1339252,1.9589252,5066.360957,539.177185,530.543579,0.004085,0.004186
398,4,0,0,,72.0,10.4,0.00581044,72.2493014934146,5.58380127,0.0,-0.004793549,-0.141802073,1.966802073,5080.457221,682.591125,544.431396,0.003951,0.004063
399,4,0,0,,73.0,10.8,0.005826687,72.248794567408,5.58380127,0.0,-0.081490326,-0.155258894,1.980258894,5096.512156,689.775208,549.939514,0.003983,0.004109
400,4,0,0,,73.0,10.8,0.005840875,72.2464662225762,5.58380127,0.0,-0.039307098,-0.314723253,2.139723253,5110.559762,694.518921,548.80481,0.004047,0.004052
401,4,0,0,,72.0,10.9,0.005851659,72.2455339319142,5.58380127,0.0,-0.040074066,-0.626549959,2.451549959,5126.614322,752.47467,562.572815,0.003822,0.003923
402,4,0,0,,73.0,10.9,0.005853195,72.244700728316,5.58380127,0.0,-0.033938324,-1.001187086,2.826187086,5141.33146,707.11731,537.692688,0.003787,0.00389
403,4,0,0,,72.0,11.3,0.005846928,72.2443614311638,5.58380127,0.0,0.029144775,-1.516922474,3.341922474,5156.717325,708.143616,549.708313,0.00395,0.004001
404,4,0,0,,71.0,11.3,0.005836377,72.244421105491,5.58380127,0.0,0.037581421,1.660765409,3.814234591,5171.433841,699.763672,543.454712,0.00388,0.003923
405,4,0,0,,71.0,11.7,0.005819538,72.2441834220664,5.58380127,0.0,0.045251099,1.257784128,4.217215872,5187.48827,702.03009,547.704285,0.003851,0.003973
406,4,0,0,,73.0,11.7,0.005799712,72.2439047809388,5.58380127,0.0,0.032212646,0.951197863,4.523802137,5201.536059,676.248596,551.623108,0.003766,0.003857
407,4,0,0,,72.0,12.0,0.005770821,72.2434326166762,5.58380127,0.0,0.014572388,0.697243452,4.777756548,5217.590898,690.445618,545.864197,0.003787,0.003856
408,4,0,0,,72.0,12.0,0.005744101,72.2434626791474,5.58380127,0.0,0.003067871,0.516829252,4.958170748,5232.307966,758.639282,543.897705,0.003738,0.003843
409,4,0,0,,72.0,12.3,0.005718911,72.2437125291824,5.58380127,0.0,0.003067871,0.325155258,5.149844742,5248.362271,771.393677,542.944092,0.003699,0.003706
410,4,0,0,,72.0,12.3,0.00570605,72.2440781229502,5.58380127,0.0,0.019941162,0.1725775,5.3024225,5262.409644,697.126892,535.958801,0.00361,0.003697
411,4,0,0,,73.0,12.9,0.005701518,72.2442868543482,5.58380127,0.0,0.02761084,0.032579303,5.442420697,5278.463827,709.89209,544.139282,0.00365,0.003755
412,4,0,0,,74.0,12.9,0.005702589,72.2442094933744,5.58380127,0.0,0.026843872,-0.032542348,5.507542348,5292.511457,454.890991,497.064392,0.003854,0.003832
413,4,0,0,,74.0,13.1,0.005706199,72.2439581627466,5.58380127,0.0,0.017640259,-0.033010602,5.508010602,5308.566272,686.218628,297.768005,0.003708,0.003703
414,4,0,0,,75.0,13.1,0.005709024,72.2438895887692,5.58380127,0.0,-0.000959,0.008449554,5.466550446,5322.614245,721.870972,769.847107,0.003602,0.003582
415,4,0,0,,75.0,13.3,0.005709259,72.2441817483528,5.58380127,0.0,-0.008628387,0.062940836,5.412059164,5339.336744,681.253906,538.731995,0.003659,0.003772
416,4,0,0,,74.0,13.3,0.005707061,72.244358743566,5.58380127,0.0,0.0,0.100161672,5.374838328,5352.712438,680.426575,571.56012,0.003683,0.00375
417,4,0,0,,75.0,13.5,0.005704368,72.244651562979,5.58380127,0.0,-0.010929291,0.132286429,5.342713571,5369.428148,817.612915,544.68689,0.003759,0.003828
418,4,0,0,,75.0,13.5,0.00570362,72.2448032915542,5.58380127,0.0,-0.001725677,0.146388412,5.328611588,5383.466545,653.030884,534.792908,0.00405,0.004079
419,4,0,0,,74.0,13.6,0.005706196,72.245068221105,5.58380127,0.0,-0.007094452,0.148663998,5.326336002,5399.51228,679.683411,537.931885,0.003711,0.003762
420,4,0,0,,74.0,13.6,0.005713952,72.2452617925202,5.58380127,0.0,-0.007094452,0.136293292,5.338706708,5413.55459,684.64978,541.611877,0.003648,0.003774
421,4,0,0,,74.0,13.7,0.005733843,72.2454640060912,5.58380127,0.0,-0.001725677,0.105755329,5.369244671,5429.60491,680.268372,545.993225,0.003812,0.00374
422,4,0,0,,74.0,13.7,0.005763433,72.2456717396984,5.58380127,0.0,-0.001725677,0.079689264,5.395310736,5443.650156,726.70813,759.851318,0.003615,0.003663
423,4,0,0,,73.0,13.9,0.005811539,72.2459164076586,5.58380127,0.0,-0.001725677,0.0440768,5.4309232,5459.702362,688.068115,533.908081,0.003713,0.003746
424,4,0,0,,73.0,13.9,0.005863984,72.246126281688,5.58380127,0.0,0.005368774,0.01089716,5.46410284,5474.417129,915.431274,549.874817,0.003692,0.003713
425,4,0,0,,75.0,14.0,0.005925703,72.2465356334104,5.58380127,0.0,0.023009033,-0.019557834,5.494557834,5490.47009,675.77832,537.035706,0.003652,0.003659
426,4,0,0,,75.0,14.0,0.005965082,72.246520650455,5.58380127,0.0,0.023009033,-0.004625916,5.479625916,5504.516862,678.448914,552.12561,0.003548,0.0037
427,4,0,0,,75.0,14.1,0.005978448,72.2463222993,5.58380127,0.0,0.00690271,0.068075299,5.406924701,5520.570463,0.0,0.0,0.0,0.0
428,4,0,0,,74.0,14.1,0.005964048,72.2464729174306,5.58380127,0.0,-0.007094452,0.158524632,5.316475368,5534.617207,677.763,556.632324,0.003756,0.003763
429,4,0,0,,74.0,14.5,0.005928137,72.2465751909876,5.58380127,0.0,-0.004793549,0.242319345,5.232680655,5550.670637,676.139526,552.195984,0.003702,0.003739
430,4,0,0,,73.0,14.5,0.005886184,72.2466528094558,5.58380127,0.0,-0.013997162,0.271836758,5.203163242,5564.717497,681.43573,319.14621,0.003964,0.004151
431,4,0,0,,72.0,14.5,0.005832098,72.2468206958046,5.58380127,0.0,0.016106323,0.284384012,5.190615988,5581.440052,673.993286,547.876404,0.00357,0.003569
432,4,0,0,,71.0,14.5,0.00578368,72.2469439551552,5.58380127,0.0,-0.001725677,0.291926146,5.183073854,5594.818173,662.294373,549.642273,0.003535,0.003523
433,4,0,0,,72.0,14.6,0.005729773,72.2472365009804,5.58380127,0.0,-0.012463226,0.296468019,5.178531981,5611.540902,669.270508,546.761414,0.003573,0.003617
434,4,0,0,,72.0,14.6,0.005685275,72.2472810314182,5.58380127,0.0,0.0,0.276705027,5.198294973,5625.588038,681.313293,550.056702,0.003674,0.003667
435,4,0,0,,72.0,14.6,0.005639728,72.2475545548446,5.58380127,0.0,0.012271484,0.240456343,5.234543657,5641.641949,679.696106,547.723572,0.003678,0.003815
436,4,0,0,,73.0,14.6,0.005607648,72.247705366096,5.58380127,0.0,0.00690271,0.220661402,5.254338598,5655.689166,697.727783,552.439209,0.003703,0.003729
437,4,0,0,,74.0,14.9,0.005583943,72.2478450889948,5.58380127,0.0,0.003067871,0.220319271,5.254680729,5671.743174,705.818726,310.808289,0.003925,0.004209
438,4,0,0,,74.0,14.9,0.005576898,72.2480303884024,5.58380127,0.0,0.003067871,0.228796721,5.246203279,5685.790497,714.021912,556.891602,0.003748,0.00376
439,4,0,0,,74.0,14.9,0.005585604,72.2482344044342,5.58380127,0.0,0.003067871,0.245993853,5.229006147,5701.844612,629.008423,545.179077,0.003742,0.00385
440,4,0,0,,74.0,14.9,0.005609774,72.2484018401678,5.58380127,0.0,0.005368774,0.264253378,5.210746622,5716.560613,687.966919,573.265076,0.003608,0.003688
441,4,0,0,,73.0,15.2,0.005660682,72.2486205011936,5.58380127,0.0,0.005368774,0.288460255,5.186539745,5732.614269,743.644897,789.858521,0.003581,0.003544
442,4,0,0,,72.0,15.2,0.005726718,72.2488151186798,5.58380127,0.0,-0.010162323,0.318844557,5.156155443,5746.661475,681.837524,562.268494,0.003615,0.0037
443,4,0,0,,71.0,15.2,0.005820363,72.2489534575462,5.58380127,0.0,-0.005560516,0.336507559,5.138492441,5762.715586,681.881714,559.365173,0.003771,0.003845
444,4,0,0,,72.0,15.2,0.005908069,72.2491111889596,5.58380127,0.0,-0.005560516,0.336222887,5.138777113,5777.431933,672.807373,543.463013,0.003834,0.00394
445,4,0,0,,72.0,15.5,0.006005463,72.2493036660236,5.58380127,0.0,-0.007094452,0.320335627,5.154664373,5792.81724,679.012207,543.867615,0.003609,0.00377
446,4,0,0,,72.0,15.5,0.006084981,72.24945005159,5.58380127,0.0,-0.007094452,0.292533636,5.182466364,5807.533686,654.386414,546.281128,0.003615,0.003687
447,4,0,0,,74.0,15.4,0.006161456,72.2496009111216,5.58380127,0.0,-0.000959,0.243831158,5.231168842,5823.588002,655.169495,546.831421,0.003615,0.003656
448,4,0,0,,75.0,15.4,0.006205662,72.2497663995538,5.58380127,0.0,-0.003259613,0.200212002,5.274787998,5837.635584,724.378296,574.676208,0.003695,0.003846
449,4,0,0,,75.0,15.4,0.006230521,72.2500023287978,5.58380127,0.0,-0.012463226,0.141387701,5.333612299,5853.690002,692.55249,537.463501,0.003911,0.003869
450,4,0,0,,75.0,15.4,0.006241455,72.2500628399818,5.58380127,0.0,-0.001725677,0.075752854,5.399247146,5867.737642,682.502197,534.906372,0.004015,0.00397
451,4,0,0,,75.0,15.4,0.006254303,72.2502376947728,5.58380127,0.0,0.005368774,-0.021098256,5.496098256,5884.461056,0.0,0.0,0.0,0.0
452,4,0,0,,74.0,15.4,0.006270366,72.2504133542338,5.58380127,0.0,0.008436646,-0.096690059,5.571690059,5897.839818,0.0,0.0,0.0,0.0
453,4,0,0,,74.0,15.6,0.006293378,72.250618915232,5.58380127,0.0,0.017640259,-0.15992403,5.63492403,5914.563307,690.953674,549.044983,0.003985,0.0039
454,4,0,0,,74.0,15.6,0.006312376,72.2504193248852,5.58380127,0.0,0.005368774,-0.173161268,5.648161268,5928.61106,664.576416,537.268127,0.003947,0.003889
455,4,0,0,,74.0,15.9,0.006336461,72.2506267366244,5.58380127,0.0,0.012271484,-0.162805438,5.637805438,5944.665723,737.986511,783.207825,0.003721,0.003642
456,4,0,0,,74.0,15.9,0.006377855,72.2506852683202,5.58380127,0.0,0.012271484,-0.125288606,5.600288606,5958.713603,682.124207,532.088501,0.003642,0.003618
457,4,0,0,,74.0,15.8,0.006453998,72.2507053206966,5.58380127,0.0,0.003834839,-0.063516855,5.538516855,5972.761517,676.900024,552.828674,0.003686,0.003627
458,4,0,0,,74.0,15.8,0.006586362,72.2508668823392,5.58380127,0.0,-0.007094452,0.028134942,5.446865058,5988.816288,680.550293,547.637878,0.003735,0.003774
459,4,0,0,,74.0,16.0,0.006732085,72.2510404174714,5.58380127,0.0,-0.010162323,0.095960855,5.379039145,6002.864222,623.220398,751.710876,0.003642,0.003532
460,4,0,0,,75.0,16.0,0.006909413,72.25113985859,5.58380127,0.0,-0.007094452,0.151930571,5.323069429,6019.587989,0.0,0.0,0.0,0.0
461,4,0,0,,77.0,15.9,0.007034135,72.2512544275046,5.58380127,0.0,-0.007094452,0.183221221,5.291778779,6032.967004,713.195984,595.914307,0.00388,0.003923
462,4,0,0,,80.0,15.9,0.00707777,72.2514042570586,5.58380127,0.0,-0.008628387,0.19878149,5.27621851,6049.69068,774.295471,568.911316,0.003974,0.0
463,4,0,0,,83.0,15.8,0.007014077,72.2515118092508,5.58380127,0.0,-0.007094452,0.193998814,5.281001186,6063.738601,685.644775,555.083923,0.004293,0.004125
464,4,0,0,,84.0,15.8,0.006868761,72.2516376113586,5.58380127,0.0,0.005368774,0.17816031,5.29683969,6079.793538,1059.172852,536.418213,0.004438,0.004319
465,4,0,0,,87.0,15.7,0.006722987,72.251728152827,5.58380127,0.0,0.003834839,0.177788496,5.297211504,6093.84169,684.503723,575.900879,0.004267,0.004266
466,4,0,0,,88.0,15.7,0.006568188,72.2520075181576,5.58380127,0.0,-0.024734711,0.18949759,5.28550241,6109.896717,678.834106,639.22522,0.004416,0.004231
467,4,0,0,,90.0,16.0,0.006447142,72.2520791820678,5.58380127,0.0,-0.019365936,0.18397069,5.29102931,6123.944786,0.0,0.0,0.0,0.0
468,4,0,0,,90.0,16.0,0.006315254,72.2519243957466,5.58380127,0.0,-0.017832001,0.12052381,5.35447619,6139.999561,683.04248,559.344116,0.003995,0.004013
469,4,0,0,,83.0,15.9,0.006207767,72.2519355645662,5.58380127,0.0,0.023009033,0.030120134,5.444879866,6154.716412,658.5401,541.278992,0.004266,0.004227
470,4,0,0,,79.0,15.9,0.006109439,72.2520845733568,5.58380127,0.0,0.021475098,-0.061107874,5.536107874,6170.771328,698.305603,551.688904,0.004019,0.004028
471,4,0,0,,75.0,15.8,0.006054485,72.2520596446802,5.58380127,0.0,0.023009033,-0.105279207,5.580279207,6184.819513,746.40802,564.68988,0.004001,0.003953
472,4,0,0,,74.0,15.8,0.006032456,72.2519357737804,5.58380127,0.0,0.023009033,-0.096217871,5.571217871,6200.874679,732.428406,551.292419,0.004153,0.004045
473,4,0,0,,75.0,15.4,0.006050177,72.2515725135556,5.58380127,0.0,-0.001725677,-0.038314223,5.513314223,6215.59198,695.764282,545.20282,0.003821,0.00389
474,4,0,0,,74.0,15.4,0.006108574,72.2515482125216,5.58380127,0.0,0.0,0.044375896,5.430624104,6230.978278,709.43103,548.207825,0.004118,0.003973
475,4,0,0,,75.0,14.8,0.006182973,72.2515929199868,5.58380127,0.0,-0.010929291,0.070129156,5.404870844,6245.695631,692.122925,774.386719,0.003824,0.003886
476,4,0,0,,77.0,14.8,0.006274192,72.2517378732406,5.58380127,0.0,-0.012463226,0.076784492,5.398215508,6261.750945,691.392517,556.045105,0.004412,0.004348
477,4,0,0,,78.0,14.5,0.006334616,72.252001499226,5.58380127,0.0,0.032212646,0.064739943,5.410260057,6275.799408,700.578491,564.900208,0.004848,0.004686
478,4,0,0,,81.0,14.5,0.006361381,72.2498836560662,5.58380127,0.0,0.019941162,0.09290731,5.38209269,6291.854601,696.952271,546.271912,0.004741,0.004584
479,4,0,0,,82.0,14.3,0.006359109,72.2475512556976,5.58380127,0.0,0.067493164,0.184518933,5.290481067,6305.902721,696.69043,564.378418,0.004685,0.004511
480,4,0,0,,83.0,14.3,0.006356417,72.2455571868772,5.58380127,0.0,0.016106323,0.402225971,5.072774029,6322.626922,681.221191,551.996887,0.004699,0.004614
481,4,0,0,,83.0,14.0,0.006360251,72.2457187646132,5.627746582,0.0,0.016106323,0.661714792,4.813285208,6336.006399,688.75592,312.606812,0.004713,0.004556
482,4,0,0,,82.0,14.0,0.006349135,72.2506804242068,5.58380127,0.0,0.023776001,0.992342234,4.482657766,6352.730547,0.0,0.0,0.0,0.0
483,4,0,0,,82.0,14.1,0.006308711,72.2505082409202,5.627746582,0.0,0.019941162,1.344930649,4.130069351,6366.778642,680.332886,534.650085,0.004043,0.004134
484,4,0,0,,82.0,14.1,0.006240205,72.250932173263,5.58380127,0.0,-0.048510712,1.785083771,3.689916229,6382.833845,0.0,0.0,0.003644,0.003542
485,4,0,0,,81.0,14.2,0.006183149,72.2517320635232,5.627746582,0.0,-0.008628387,-1.436505556,3.261505556,6396.882222,673.647278,554.178772,0.003848,0.003845
486,4,0,0,,78.0,14.2,0.006133567,72.2556032343328,5.627746582,0.0,-0.008628387,-1.090144396,2.915144396,6412.937554,637.726074,787.703125,0.00403,0.003998
487,4,0,0,,74.0,14.0,0.006102869,72.2592077857846,5.627746582,0.0,-0.013997162,-0.790041685,2.615041685,6426.985608,687.762329,560.921326,0.003789,0.003775
488,4,0,0,,73.0,14.0,0.006078429,72.2633810779924,5.627746582,0.0,-0.034705292,-0.470809221,2.295809221,6443.039146,682.843079,547.616394,0.003828,0.003759
489,4,0,0,,72.0,14.1,0.00606454,72.266545024339,5.627746582,0.0,-0.027035614,-0.291212797,2.116212797,6457.752406,670.910522,703.168884,0.003782,0.003803
490,4,0,0,,70.0,14.1,0.006054022,72.2737700918954,5.671691895,0.0,-0.039307098,-0.146199942,1.971199942,6473.134038,688.896973,527.258728,0.004078,0.004028
491,4,0,0,,69.0,14.2,0.006046532,72.2798484242348,5.671691895,0.0,-0.034705292,-0.101766348,1.926766348,6487.845849,715.897827,559.690674,0.003833,0.003961
492,4,0,0,,68.0,14.2,0.006037944,72.2867913744892,5.671691895,0.0,-0.013997162,-0.144540548,1.969540548,6503.893006,652.130676,557.531494,0.003927,0.003916
493,4,0,0,,71.0,14.6,0.00602793,72.2938701852264,5.715637207,0.0,0.019941162,-0.223055601,2.048055601,6517.935341,698.043701,536.796997,0.003846,0.003952
494,4,0,0,,72.0,14.6,0.006012885,72.3054525408328,5.715637207,0.0,0.012271484,-0.306841135,2.131841135,6533.986098,0.0,0.0,0.0,0.0
495,4,0,0,,73.0,14.9,0.006003146,72.3153025384896,5.715637207,0.0,0.00690271,-0.348153353,2.173153353,6548.031782,673.879395,550.874512,0.00375,0.003792
496,4,0,0,,74.0,14.9,0.006002916,72.3263852101194,5.715637207,0.0,0.018407227,-0.369336367,2.194336367,6564.755324,684.185608,291.270996,0.004352,0.004217
497,4,0,0,,74.0,15.2,0.006011663,72.336219951233,5.715637207,0.0,0.049085938,-0.349764585,2.174764585,6578.136275,684.637695,534.34021,0.003915,0.003958
498,4,0,0,,74.0,15.2,0.00603319,72.345654626516,5.715637207,0.0,-0.02166684,-0.237609625,2.062609625,6594.865096,672.739929,539.133118,0.003909,0.003928
499,4,0,0,,73.0,15.2,0.006063952,72.3553283209758,5.715637207,0.0,-0.032404388,-0.13733983,1.96233983,6608.919087,671.459473,549.807983,0.003876,0.003798
500,4,0,0,,73.0,15.2,0.006100897,72.3652495963012,5.715637207,0.0,-0.02856955,-0.093375444,1.918375444,6624.982181,0.0,0.0,0.0,0.0
501,4,0,0,,75.0,15.2,0.006113189,72.3723327039762,5.671691895,0.0,-0.015531097,-0.125692129,1.950692129,6639.039155,684.346802,553.684692,0.004431,0.004456
502,4,0,0,,77.0,15.2,0.006088291,72.3786642981514,5.671691895,0.0,0.008436646,-0.212353468,2.037353468,6655.107058,682.643311,570.611877,0.004987,0.004855
503,4,0,0,,79.0,14.9,0.006041334,72.383756797087,5.671691895,0.0,-0.004793549,-0.266469717,2.091469717,6669.168787,0.0,0.0,0.0,0.0
504,4,0,0,,80.0,14.9,0.005982233,72.3901832618552,5.671691895,0.0,-0.000959,-0.298333406,2.123333406,6685.241857,691.523315,547.065002,0.004585,0.004509
505,4,0,0,,80.0,14.3,0.005937499,72.3961600770274,5.671691895,0.0,0.050619873,-0.32577014,2.15077014,6699.977158,666.817871,563.486389,0.004675,0.004572
506,4,0,0,,78.0,14.3,0.005894828,72.4009714564518,5.671691895,0.0,0.001533936,-0.278078794,2.103078794,6716.054778,655.114929,554.284912,0.004744,0.00468
507,4,0,0,,73.0,14.1,0.005863858,72.4065372783748,5.671691895,0.0,-0.019365936,-0.215562105,2.040562105,6730.125043,626.932129,551.841125,0.004722,0.004627
508,4,0,0,,69.0,14.1,0.005840722,72.412471767905,5.671691895,0.0,0.00690271,-0.180134058,2.005134058,6746.207049,721.614502,752.339172,0.004225,0.004176
509,4,0,0,,66.0,13.6,0.005836838,72.417736401847,5.671691895,0.0,-0.008628387,-0.152893305,1.977893305,6760.950216,673.023682,560.915283,0.00425,0.004204
510,4,0,0,,65.0,13.6,0.005850176,72.423709869592,5.671691895,0.0,0.017640259,-0.131206274,1.956206274,6776.365004,675.246094,551.89801,0.004184,0.004119
511,4,0,0,,64.0,13.1,0.005871626,72.4288824170992,5.671691895,0.0,-0.008628387,-0.101528883,1.926528883,6791.110938,662.2901,548.664612,0.004046,0.004058
512,4,0,0,,65.0,13.1,0.005905315,72.4344138796132,5.671691895,0.0,-0.000959,-0.076029539,1.901029539,6807.198686,0.0,0.0,0.0,0.003802
513,4,0,0,,66.0,12.4,0.005947621,72.4393717089776,5.671691895,0.0,-0.027035614,-0.07292676,1.89792676,6821.276569,686.274109,547.271484,0.003923,0.003895
514,4,0,0,,67.0,12.4,0.006020435,72.4447873472918,5.671691895,0.0,-0.02166684,-0.084841967,1.909841967,6837.367116,691.218079,541.666382,0.003978,0.003991
515,4,0,0,,68.0,11.8,0.006112802,72.449628773094,5.671691895,0.0,-0.007094452,-0.118365526,1.943365526,6851.447548,682.5979,552.563599,0.003915,0.003934
516,4,0,0,,71.0,11.8,0.006257218,72.4550995152098,5.671691895,0.0,0.016106323,-0.18385005,2.00885005,6867.540865,661.122498,602.811523,0.003941,0.003888
517,4,0,0,,71.0,11.2,0.006419943,72.4597175002464,5.671691895,0.0,0.016106323,-0.233097792,2.058097792,6881.623682,734.076294,776.688904,0.003821,0.003863
518,4,0,0,,71.0,11.2,0.006626479,72.4651360353726,5.671691895,0.0,0.016106323,-0.249673128,2.074673128,6898.390365,671.777405,553.123718,0.003819,0.003755
519,4,0,0,,71.0,10.7,0.00675951,72.4697722864182,5.671691895,0.0,0.026843872,-0.227244139,2.052244139,6911.804787,642.330627,536.400085,0.00378,0.003754
520,4,0,0,,72.0,10.7,0.006766588,72.4745624869282,5.671691895,0.0,-0.008628387,-0.156593084,1.981593084,6928.574109,0.0,0.0,0.0,0.0
521,4,0,0,,73.0,10.5,0.006665822,72.47918896928,5.671691895,0.0,-0.008628387,-0.084377527,1.909377527,6942.661356,686.815308,558.21167,0.003861,0.004005
522,4,0,0,,73.0,10.5,0.006537499,72.4843128181588,5.671691895,0.0,-0.020132904,-0.02983737,1.85483737,6958.762366,675.850525,544.818298,0.004063,0.004068
523,4,0,0,,73.0,10.4,0.006460272,72.4883980311884,5.671691895,0.0,-0.004793549,-0.00814414,1.83314414,6972.851899,0.0,0.0,0.0,0.0
524,4,0,0,,75.0,10.4,0.006394582,72.4932478577454,5.671691895,0.0,-0.010162323,-0.00053,1.825530005,6988.955356,685.722107,807.271301,0.003895,0.004086
525,4,0,0,,75.0,10.5,0.00633494,72.502454071122,5.75958252,0.0,-0.020132904,-0.015160799,1.840160799,7003.71775,745.750977,797.716919,0.004288,0.004341
526,4,0,0,,75.0,10.5,0.006262638,72.5200082368532,5.894165039,0.0,0.047552002,-0.076824427,1.901824427,7019.152397,692.162415,430.766388,0.004245,0.004308
527,4,0,0,,73.0,10.4,0.006203881,72.540597762665,5.894165039,0.0,0.023776001,-0.131883383,1.956883383,7033.917156,677.080872,555.997314,0.004337,0.004372
528,4,0,0,,73.0,10.4,0.006153373,72.5642670180612,5.894165039,0.0,0.025309937,-0.186278105,2.011278105,7050.025365,697.329773,528.064087,0.004317,0.004364
529,4,0,0,,73.0,10.5,0.006130571,72.5846836363834,5.894165039,0.0,0.023776001,-0.198694944,2.023694944,7064.12133,0.0,0.0,0.0,0.0
530,4,0,0,,72.0,10.5,0.006128178,72.613665178279,5.982055664,0.0,0.023776001,-0.153100729,1.978100729,7080.23382,708.156799,582.870911,0.00399,0.004039
531,4,0,0,,71.0,10.7,0.006137422,72.6389210497944,5.982055664,0.0,-0.003259613,-0.077256441,1.902256441,7094.336564,741.355774,551.864502,0.003916,0.003923
532,4,0,0,,71.0,10.7,0.006143812,72.6672746915956,5.982055664,0.0,0.018407227,0.027543783,1.797456217,7111.131519,664.984924,533.87439,0.004008,0.004185
533,4,0,0,,72.0,11.1,0.006135173,72.6934216224822,6.026000977,0.0,-0.060015228,0.139093161,1.685906839,7124.572165,831.512085,531.458618,0.004002,0.004042
534,4,0,0,,71.0,11.1,0.006107834,72.7240105248896,6.026000977,0.0,-0.025501678,0.204050779,1.620949221,7141.379464,676.587708,545.574219,0.003943,0.004035
535,4,0,0,,71.0,11.5,0.00607308,72.7538725366992,6.113891602,0.0,-0.023200775,0.157799006,1.667200994,7155.503485,714.017883,538.650513,0.003896,0.003877
536,4,0,0,,71.0,11.5,0.006026066,72.7892341299974,6.069946289,0.0,0.017640259,0.062400103,1.762599897,7171.651837,659.582214,540.414917,0.003811,0.003793
537,4,0,0,,71.0,11.8,0.005983409,72.8202869407532,6.069946289,0.0,0.012271484,-0.021648645,1.846648645,7185.788378,643.112671,315.337585,0.003823,0.003821
538,4,0,0,,70.0,11.8,0.005935946,72.8549782439414,6.069946289,0.0,0.029144775,-0.090703726,1.915703726,7201.952259,663.389587,530.654907,0.003843,0.004043
539,4,0,0,,69.0,12.2,0.005894349,72.8865040397232,6.069946289,0.0,-0.030103485,-0.123759031,1.948759031,7216.102797,688.71283,901.695618,0.00397,0.004096
540,4,0,0,,69.0,12.2,0.005847273,72.920737067253,6.113891602,0.0,-0.02166684,-0.187291861,2.012291861,7232.283425,678.427124,551.444275,0.004054,0.004052
541,4,0,0,,70.0,12.4,0.0058092,72.9526474309212,6.069946289,0.0,0.025309937,-0.299062014,2.124062014,7247.123633,674.085388,544.977905,0.004086,0.004152
542,4,0,0,,70.0,12.4,0.005773972,72.9877074339034,6.113891602,0.0,0.038348389,-0.377251863,2.202251863,7262.646315,671.283691,544.169189,0.004226,0.004384
543,4,0,0,,69.0,12.7,0.005756132,73.0165377943994,6.113891602,0.0,0.023009033,-0.362140417,2.187140417,7277.501205,655.188721,544.306519,0.004293,0.004422
544,4,0,0,,70.0,12.7,0.005752193,73.0497589976844,6.113891602,0.0,0.021475098,-0.265139341,2.090139341,7293.71525,674.177124,540.57312,0.004235,0.004375
545,4,0,0,,70.0,12.9,0.005757324,73.0782570777506,6.113891602,0.0,-0.010929291,-0.137684584,1.962684584,7307.909759,631.280518,543.653687,0.004314,0.004326
546,4,0,0,,68.0,12.9,0.005766972,73.1128071130736,6.113891602,0.0,-0.024734711,-0.001941919,1.826941919,7324.139475,542.05719,571.289185,0.004332,0.004388
547,4,0,0,,67.0,13.1,0.005778525,73.1422658081858,6.113891602,0.0,-0.041608002,0.084183455,1.740816545,7339.023855,544.328918,585.490173,0.00418,0.00426
548,4,0,0,,69.0,13.1,0.005794758,73.1721760358218,6.157836914,0.0,-0.004793549,0.106893778,1.718106222,7352.561764,653.877197,434.784698,0.004505,0.004294
549,4,0,0,,70.0,13.3,0.005820519,73.205296784104,6.113891602,0.0,-0.013997162,0.088766813,1.736233187,7369.493264,720.869324,766.374817,0.003921,0.003905
550,4,0,0,,70.0,13.3,0.00584809,73.235923489908,6.157836914,0.0,0.008436646,0.055999994,1.769000006,7383.723121,743.300903,799.523682,0.003741,0.003833
551,4,0,0,,71.0,13.5,0.005875684,73.2716662392918,6.157836914,0.0,0.003834839,0.005905867,1.819094133,7399.994038,679.727295,529.225403,0.003911,0.00398
552,4,0,0,,72.0,13.5,0.005884266,73.303804083169,6.113891602,0.0,0.003834839,-0.025961637,1.850961637,7414.238341,0.0,0.0,0.0,0.0
553,4,0,0,,72.0,13.6,0.005872162,73.3392301788144,6.157836914,0.0,0.019941162,-0.051931143,1.876931143,7430.525926,680.2677,540.339294,0.003533,0.003585
554,4,0,0,,70.0,13.6,0.005849408,73.3709499000662,6.157836914,0.0,-0.005560516,-0.060782194,1.885782194,7445.463949,733.701416,777.991577,0.003611,0.003632
555,4,0,0,,69.0,13.7,0.005819906,73.4094142526042,6.157836914,0.0,-0.030103485,-0.082594633,1.907594633,7461.08895,788.231995,772.623596,0.003597,0.003826
556,4,0,0,,69.0,13.7,0.005797443,73.4431088432502,6.201782227,0.0,-0.000959,-0.146558046,1.971558046,7476.04265,1241.934937,484.823486,0.003866,0.003947
557,4,0,0,,69.0,13.9,0.005779317,73.4811206011,6.201782227,0.0,-0.005560516,-0.235458612,2.060458612,7492.364613,691.749023,549.073608,0.003662,0.003704
558,4,0,0,,69.0,13.9,0.005768955,73.5160441964238,6.201782227,0.0,0.032979614,-0.31649375,2.14149375,7506.654084,697.979004,551.396973,0.003694,0.00376
559,4,0,0,,69.0,14.0,0.005758664,73.5540269861536,6.201782227,0.0,0.042183228,-0.359839678,2.184839678,7522.994168,665.853088,541.688721,0.003695,0.003809
560,4,0,0,,71.0,14.0,0.005748658,73.587195016845,6.201782227,0.0,-0.013997162,-0.323639154,2.148639154,7537.299313,725.912903,544.933411,0.003689,0.003765
561,4,0,0,,71.0,14.1,0.00573672,73.625726156993,6.201782227,0.0,-0.007094452,-0.286267519,2.111267519,7553.656792,667.266174,548.065674,0.003765,0.003902
562,4,0,0,,71.0,14.1,0.005728672,73.6599302164028,6.201782227,0.0,0.009203613,-0.264864206,2.089864206,7567.977297,0.0,0.0,0.0,0.0
563,4,0,0,,72.0,14.2,0.005725487,73.7000126315636,6.201782227,0.0,0.014572388,-0.22905612,2.05405612,7585.034854,735.41687,559.680908,0.003632,0.003668
564,4,0,0,,72.0,14.2,0.00572777,73.7332910307922,6.201782227,0.0,0.017640259,-0.174008608,1.999008608,7598.687956,670.293701,544.837524,0.003632,0.00372
565,4,0,0,,71.0,14.2,0.005730635,73.7711732206786,6.245727539,0.0,-0.008628387,-0.070097685,1.895097685,7615.763086,738.657471,549.289917,0.004044,0.004084
566,4,0,0,,69.0,14.2,0.005730235,73.8049934203116,6.201782227,0.0,-0.020132904,0.016684294,1.808315706,7630.1139,742.334778,556.182129,0.004346,0.004336
567,4,0,0,,68.0,14.3,0.005730446,73.8409402340074,6.245727539,0.0,-0.004793549,0.07144475,1.75355525,7646.523133,703.097595,545.629272,0.004149,0.004188
568,4,0,0,,69.0,14.3,0.005735726,73.8720390879806,6.201782227,0.0,-0.005560516,0.083043337,1.741956663,7660.888257,843.043396,568.618896,0.004055,0.004204
569,4,0,0,,68.0,14.4,0.005751703,73.9073631353766,6.201782227,0.0,0.014572388,0.082643747,1.742356253,7677.313456,667.583008,550.419983,0.00398,0.00408
570,4,0,0,,67.0,14.4,0.00577846,73.9387052732776,6.245727539,0.0,-0.010162323,0.094282389,1.730717611,7692.377245,615.623779,548.386902,0.003994,0.004019
571,4,0,0,,68.0,14.4,0.005824758,73.971703518599,6.201782227,0.0,-0.008628387,0.098806143,1.726193857,7708.133076,808.580505,534.956299,0.003798,0.003847
572,4,0,0,,70.0,14.4,0.005872711,74.0021520221848,6.201782227,0.0,-0.008628387,0.079990149,1.745009851,7723.210705,668.227173,639.574097,0.004623,0.004076
573,4,0,0,,71.0,14.5,0.005925254,74.0350487986192,6.201782227,0.0,-0.008628387,0.036528826,1.788471174,7739.666488,0.0,0.0,0.0,0.004672
574,4,0,0,,72.0,14.5,0.005964155,74.064756281602,6.245727539,0.0,-0.008628387,-0.023708582,1.848708582,7754.071664,720.296875,545.226074,0.003621,0.003619
575,4,0,0,,72.0,14.5,0.006000663,74.0980871292212,6.201782227,0.0,0.03451355,-0.111642599,1.936642599,7770.542181,764.311218,551.905579,0.003761,0.003829
576,4,0,0,,72.0,14.5,0.006028953,74.1270514833656,6.201782227,0.0,0.03451355,-0.159288645,1.984288645,7785.646551,772.666809,560.60437,0.003926,0.003985
577,4,0,0,,70.0,14.6,0.006058379,74.1575254467102,6.201782227,0.0,0.019941162,-0.123245955,1.948245955,7802.130808,692.360779,549.053772,0.003865,0.004005
578,4,0,0,,69.0,14.6,0.006078043,74.1842065819164,6.201782227,0.0,0.00690271,-0.040057898,1.865057898,7816.56062,659.308411,540.899475,0.003599,0.003712
579,4,0,0,,70.0,14.9,0.006089586,74.2151547694788,6.245727539,0.0,-0.015531097,0.082777739,1.742222261,7833.058908,686.718384,546.588318,0.003852,0.003894
580,4,0,0,,70.0,14.9,0.006090395,74.2415320451996,6.245727539,0.0,-0.007094452,0.172639132,1.652360868,7847.501005,757.020203,516.772278,0.003553,0.003676
581,4,0,0,,70.0,14.9,0.006083774,74.2720298750564,6.201782227,0.0,-0.010162323,0.259396791,1.565603209,7864.013198,728.422729,772.42688,0.003557,0.00356
582,4,0,0,,72.0,14.9,0.006074316,74.2987208594234,6.201782227,0.0,-0.041608002,0.314214468,1.510785532,7878.46655,686.442993,577.042419,0.003605,0.003701
583,4,0,0,,72.0,15.2,0.006062093,74.3280619439684,6.245727539,0.0,-0.032404388,0.289755583,1.535244417,7895.679036,698.157471,288.851898,0.003935,0.003971
584,4,0,0,,73.0,15.2,0.006053479,74.3526212770384,6.201782227,0.0,-0.012463226,0.182612181,1.642387819,7909.454238,660.153198,285.504089,0.004194,0.004252
585,4,0,0,,74.0,15.2,0.006051295,74.3803247132928,6.201782227,0.0,0.001533936,0.007772684,1.817227316,7926.680625,711.354614,539.631409,0.003684,0.003736
586,4,0,0,,75.0,15.2,0.006059016,74.4063280427712,6.245727539,0.0,0.061357422,-0.160414457,1.985414457,7941.155834,690.735291,540.07428,0.003777,0.003894
587,4,0,0,,75.0,15.5,0.006077697,74.4309087800632,6.201782227,0.0,0.042183228,-0.233027697,2.058027697,7957.704928,696.484009,552.40918,0.003753,0.003733
588,4,0,0,,75.0,15.5,0.006096942,74.4540284619428,6.245727539,0.0,0.003834839,-0.171849966,1.996849966,7972.190691,634.400391,546.187683,0.003921,0.003943
589,4,0,0,,77.0,15.4,0.006112521,74.4807564772232,6.245727539,0.0,0.012271484,-0.085382223,1.910382223,7988.752063,684.702393,532.781677,0.003732,0.003631
590,4,0,0,,77.0,15.4,0.00611465,74.5046154255252,6.245727539,0.0,-0.008628387,-0.014187574,1.839187574,8003.248171,674.381592,541.247375,0.004103,0.004105
591,4,0,0,,78.0,15.7,0.006103965,74.531807912423,6.201782227,0.0,-0.008628387,0.047126055,1.777873945,8019.820349,677.634277,563.954773,0.004706,0.004695
592,4,0,0,,76.0,15.7,0.006085773,74.5527654299192,6.201782227,0.0,-0.005560516,0.074677706,1.750322294,8035.015082,0.0,0.0,0.0,0.0
593,4,0,0,,75.0,15.9,0.006055606,74.576463395941,6.201782227,0.0,-0.010929291,0.056756258,1.768243742,8051.597023,689.686096,555.625183,0.00396,0.003984
594,4,0,0,,73.0,15.9,0.006023674,74.5968486804134,6.201782227,0.0,-0.030103485,-0.035627127,1.860627127,8066.109691,693.531616,549.01178,0.004167,0.004115
595,4,0,0,,72.0,16.1,0.005989713,74.6196972367832,6.201782227,0.0,0.072861938,-0.249598265,2.074598265,8082.70032,696.966492,565.199707,0.004577,0.004495
596,4,0,0,,72.0,16.1,0.005968862,74.636062566963,6.201782227,0.0,0.070561035,-0.293647051,2.118647051,8097.222138,703.285583,559.229309,0.004574,0.004518
597,4,0,0,,71.0,16.3,0.005958812,74.6563083699376,6.201782227,0.0,-0.027035614,-0.132565737,1.957565737,8111.747576,698.656372,552.272278,0.004299,0.004304
598,4,0,0,,70.0,16.3,0.005960389,74.6765936983026,6.201782227,0.0,-0.046976776,0.007840872,1.817159128,8126.969077,684.040527,545.156921,0.004089,0.004069
599,4,0,0,,70.0,16.2,0.005974875,74.6973007381212,6.201782227,0.0,-0.032404388,0.028380156,1.796619844,8143.561463,690.513916,549.242981,0.004102,0.004005
600,4,0,0,,70.0,16.2,0.005994575,74.7163395682826,6.201782227,0.0,0.016106323,-0.050000906,1.875000906,8158.034225,678.562927,550.492615,0.00401,0.00405
601,4,0,0,,70.0,16.4,0.006020184,74.7378824349236,6.201782227,0.0,0.013038452,-0.118924379,1.943924379,8174.53898,736.590393,717.82959,0.004132,0.004037
602,4,0,0,,70.0,16.4,0.006042317,74.5636698510506,3.342590332,0.0,0.001533936,-0.143584013,1.968584013,8188.949953,681.3927,556.935486,0.004037,0.00414
603,4,0,0,,70.0,16.2,0.00606496,74.3849267980502,4.133605957,0.0,0.005368774,-0.165220022,1.990220022,8205.384949,658.386108,532.940674,0.00414,0.004036
604,4,0,0,,71.0,16.2,0.006079521,74.2441891781934,4.133605957,0.0,0.013038452,-0.180207968,2.005207968,8219.73552,722.317383,761.18689,0.003936,0.003844
605,4,0,0,,70.0,16.4,0.006085947,74.08411535433,4.133605957,0.0,0.003834839,-0.161386251,1.986386251,8236.783434,695.007324,556.446777,0.003892,0.003927
606,4,0,0,,70.0,16.4,0.006082124,73.9505214177058,4.133605957,0.0,0.003834839,-0.134399652,1.959399652,8250.394268,765.934021,545.95813,0.003938,0.003971
607,4,0,0,,72.0,16.6,0.006063012,73.793668832693,4.133605957,0.0,0.0,-0.091700315,1.916700315,8267.374363,682.505005,530.58667,0.00377,0.003846
608,4,0,0,,73.0,16.6,0.006028845,73.6629461034694,4.17755127,0.0,0.0,-0.051100016,1.876100016,8281.608955,699.643494,556.458313,0.003855,0.003879
609,4,0,0,,73.0,17.0,0.005981129,73.5117133659234,4.133605957,0.0,-0.023200775,-0.007848501,1.832848501,8297.845294,676.9505,538.968018,0.004162,0.004191
610,4,0,0,,71.0,17.0,0.005949082,73.3874429957486,4.221496582,0.0,0.012271484,0.01266551,1.81233449,8312.024534,789.708923,549.090271,0.004216,0.004184
611,4,0,0,,70.0,17.1,0.005929438,73.2462189850636,4.17755127,0.0,-0.058481293,0.036063433,1.788936567,8328.200037,861.990906,547.111877,0.003851,0.00395
612,4,0,0,,70.0,17.1,0.005922197,73.1228672422542,4.17755127,0.0,-0.000959,-0.02062583,1.84562583,8342.326608,641.656128,541.275208,0.003946,0.004072
613,4,0,0,,69.0,17.2,0.00592008,72.984714689146,4.221496582,0.0,0.001533936,-0.122558832,1.947558832,8358.440822,593.461121,520.483704,0.003721,0.003718
614,4,0,0,,68.0,17.2,0.005919908,72.867948864512,4.309387207,0.0,0.017640259,-0.26492095,2.08992095,8373.18946,682.752991,539.123596,0.003643,0.003668
615,4,0,0,,67.0,17.3,0.005917685,72.7354095444832,4.221496582,0.0,0.080531616,-0.359803438,2.184803438,8389.255182,666.751892,548.502808,0.003902,0.003939
616,4,0,0,,69.0,17.3,0.005913184,72.613477770636,4.265441895,0.0,0.012271484,-0.262611151,2.087611151,8403.293419,681.11853,542.807007,0.003856,0.003919
617,4,0,0,,70.0,17.3,0.005905218,72.4861527604874,4.485168457,0.0,-0.056180389,-0.027444124,1.852444124,8419.316652,688.549927,545.052612,0.004068,0.004124
618,4,0,0,,70.0,17.3,0.005894267,72.3885815823136,4.35333252,0.0,-0.056180389,0.0879848,1.7370152,8433.320144,0.0,0.0,0.0,0.0
619,4,0,0,,70.0,17.4,0.005878722,72.2818222797448,4.52911377,0.0,-0.030103485,0.066381216,1.758618784,8449.304139,0.0,0.0,0.0,0.0
620,4,0,0,,72.0,17.4,0.00586875,72.1957440905272,4.617004395,0.0,0.010737549,-0.011977434,1.836977434,8463.274655,705.81427,538.674927,0.003923,0.003928
621,4,0,0,,72.0,17.5,0.005869387,72.1044021203178,4.660949707,0.0,0.010737549,-0.112429857,1.937429857,8479.890868,740.368591,757.725098,0.00372,0.003853
622,4,0,0,,72.0,17.5,0.005885162,72.0276287809254,4.441223145,0.0,0.030678711,-0.163634062,1.988634062,8493.172506,677.254089,537.248291,0.003836,0.003772
623,4,0,0,,72.0,17.5,0.005929535,71.9363019063252,4.52911377,0.0,-0.02166684,-0.142522097,1.967522097,8509.756392,648.945007,506.151703,0.0,0.004242
624,4,0,0,,72.0,17.5,0.005999643,71.8633352514886,4.70489502,0.0,-0.02166684,-0.071515322,1.896515322,8523.66994,678.866272,545.951904,0.003878,0.003978
625,4,0,0,,72.0,17.6,0.006109901,71.7961470284824,4.836730957,0.0,-0.010929291,-0.032710314,1.857710314,8539.562385,744.690002,762.609497,0.003803,0.00384
626,4,0,0,,72.0,17.6,0.006202891,71.7415481090272,4.836730957,0.0,0.008436646,-0.004720449,1.829720449,8553.466336,684.022583,529.40741,0.003917,0.003915
627,4,0,0,,73.0,17.3,0.006244974,71.6663004239548,4.70489502,0.0,0.0,0.022194147,1.802805853,8569.353818,698.007324,556.736023,0.003888,0.003875
628,4,0,0,,74.0,17.3,0.00619207,71.5876468282668,4.573059082,0.0,0.010737549,0.047344923,1.777655077,8583.915599,594.100403,547.62207,0.004614,0.004734
629,4,0,0,,75.0,17.4,0.00605515,71.5240076666692,5.276184082,0.0,-0.032404388,0.105555296,1.719444704,8599.139152,690.090881,549.176819,0.004564,0.004714
630,4,0,0,,75.0,17.4,0.005922229,71.5131405017588,5.539855957,0.0,0.003834839,0.138553381,1.686446619,8613.700769,705.56073,556.924683,0.004643,0.004648
631,4,0,0,,76.0,17.7,0.005796231,71.501023990113,5.23223877,0.0,-0.003259613,0.127433538,1.697566462,8629.585892,688.897278,562.087097,0.004037,0.004098
632,4,0,0,,76.0,17.7,0.005713684,71.493325953624,5.23223877,0.0,-0.024734711,0.105769396,1.719230604,8643.484682,680.294983,557.03009,0.004197,0.004196
633,4,0,0,,75.0,17.8,0.005642121,71.4902745323302,5.40802002,0.0,-0.020132904,0.005915403,1.819084597,8659.368654,692.768188,565.23761,0.003993,0.004048
634,4,0,0,,76.0,17.8,0.005591683,71.4894661447548,5.495910645,0.0,0.032979614,-0.11798358,1.94298358,8673.928824,1006.687378,545.474121,0.003961,0.00399
635,4,0,0,,76.0,18.1,0.005544128,71.4857443367906,5.58380127,0.0,0.032979614,-0.1933043,2.0183043,8689.150698,692.082092,549.995605,0.003849,0.004019
636,4,0,0,,76.0,18.1,0.00551097,71.4851149882902,5.451965332,0.0,0.026843872,-0.174114943,1.999114943,8703.710728,686.256409,558.157593,0.003971,0.004142
637,4,0,0,,75.0,18.1,0.00548194,71.4837643657886,5.320129395,0.0,-0.034705292,-0.084728003,1.909728003,8719.594759,705.270386,554.832886,0.003827,0.003835
638,4,0,0,,76.0,18.1,0.005463742,71.4802347130204,5.276184082,0.0,0.016106323,-0.039245844,1.864245844,8733.49298,678.073608,550.303406,0.004006,0.00409
639,4,0,0,,76.0,18.4,0.005452308,71.480242260825,5.23223877,0.0,-0.019365936,-0.016483545,1.841483545,8747.391046,698.279785,618.057312,0.003935,0.003929
640,4,0,0,,74.0,18.4,0.005446848,71.4792563630476,5.320129395,0.0,-0.012463226,-0.018182039,1.843182039,8763.274702,734.091797,558.38269,0.003983,0.004013
641,4,0,0,,73.0,18.3,0.005446317,71.480071670785,5.539855957,0.0,0.026843872,-0.036621332,1.861621332,8777.173573,719.181213,549.791809,0.003844,0.00401
642,4,0,0,,73.0,18.3,0.005446769,71.481271433755,5.495910645,0.0,-0.000959,-0.026239634,1.851239634,8793.058419,657.613586,547.989929,0.003873,0.004009
643,4,0,0,,73.0,18.6,0.005447027,71.479323890954,5.495910645,0.0,-0.004793549,-0.009907961,1.834907961,8807.619174,734.269287,547.675781,0.003815,0.003872
644,4,0,0,,72.0,18.6,0.005447722,71.4786557251728,5.276184082,0.0,-0.005560516,0.000678,1.824322176,8823.50332,754.354919,536.631226,0.003758,0.003747
645,4,0,0,,73.0,18.5,0.005448425,71.478998401939,5.58380127,0.0,0.017640259,-0.000166,1.825166178,8837.402408,653.95929,540.873108,0.003601,0.003673
646,4,0,0,,74.0,18.5,0.005449309,71.4817255251294,5.58380127,0.0,-0.004793549,0.007820368,1.817179632,8853.287157,918.96991,539.938416,0.003733,0.003786
647,4,0,0,,74.0,18.8,0.005450082,71.484686614169,5.276184082,0.0,-0.013997162,0.008954763,1.816045237,8867.187059,707.391785,533.771118,0.003877,0.003905
648,4,0,0,,74.0,18.8,0.005450117,71.4853058721076,5.451965332,0.0,0.009203613,-0.026070833,1.851070833,8883.073521,644.537476,542.55188,0.00372,0.003813
649,4,0,0,,75.0,18.4,0.005450281,71.4821975606448,5.539855957,0.0,0.023776001,-0.103935003,1.928935003,8896.974958,716.458008,549.641907,0.003837,0.003884
650,4,0,0,,74.0,18.4,0.005452835,71.4826977757036,5.23223877,0.0,0.032212646,-0.158528566,1.983528566,8913.524853,664.765808,550.999329,0.003713,0.003798
651,4,0,0,,73.0,18.1,0.005456749,71.4848442651154,5.320129395,0.0,0.00690271,-0.127935171,1.952935171,8926.764973,676.574524,548.69458,0.003773,0.003773
652,4,0,0,,74.0,18.1,0.005461636,71.487098210159,5.58380127,0.0,-0.010929291,-0.032175779,1.857175779,8943.315232,761.455688,758.008118,0.00383,0.00369
653,4,0,0,,74.0,18.1,0.005466485,71.4887622355322,5.320129395,0.0,-0.005560516,0.029585123,1.795414877,8957.218052,668.384216,551.429199,0.003752,0.003779
654,4,0,0,,73.0,18.1,0.005470923,71.4934977023888,5.58380127,0.0,-0.016298065,0.063908815,1.761091185,8973.108168,646.376282,543.006409,0.003845,0.003886
655,4,0,0,,72.0,17.8,0.005471672,71.4962341436578,5.539855957,0.0,0.003067871,0.057034254,1.767965746,8987.013105,914.902222,546.751221,0.003679,0.003664
656,4,0,0,,72.0,17.8,0.005471304,71.4989212103756,5.58380127,0.0,0.016106323,0.03946805,1.78553195,9002.905198,604.140503,532.944519,0.003747,0.003688
657,4,0,0,,72.0,17.8,0.005475411,71.4990173523472,5.451965332,0.0,-0.010929291,0.04483819,1.78016181,9016.81143,580.128723,524.746582,0.003739,0.003733
658,4,0,0,,72.0,17.8,0.005488955,71.5007330375344,5.276184082,0.0,-0.000959,0.02578187,1.79921813,9032.705346,884.368896,553.460205,0.003614,0.003674
659,4,0,0,,72.0,17.5,0.005507655,71.502518986506,5.320129395,0.0,0.003834839,-0.03339839,1.85839839,9047.2761,0.0,0.0,0.003672,0.003623
660,4,0,0,,73.0,17.5,0.005537017,71.5073666082672,5.539855957,0.0,0.019941162,-0.086521864,1.911521864,9063.173518,723.035278,293.622314,0.003807,0.003834
661,4,0,0,,73.0,17.6,0.005574353,71.5122683521326,5.58380127,0.0,-0.013997162,-0.093313456,1.918313456,9077.084531,713.325012,534.557007,0.003614,0.003555
662,4,0,0,,73.0,17.6,0.005634282,71.5168173125766,5.40802002,0.0,-0.027035614,-0.094045401,1.919045401,9092.983655,715.173706,536.837219,0.003563,0.003617
663,4,0,0,,74.0,17.3,0.005692451,71.5180175261618,5.40802002,0.0,-0.013997162,-0.115502596,1.940502596,9107.559724,685.074585,768.932678,0.003399,0.003651
664,4,0,0,,75.0,17.3,0.005733988,71.5255608567966,5.364074707,0.0,-0.012463226,-0.170086622,1.995086622,9122.800054,658.435913,538.685974,0.003546,0.003503
665,4,0,0,,75.0,17.4,0.005723013,71.5296046776014,5.58380127,0.0,-0.007094452,-0.253622293,2.078622293,9137.379097,669.222107,545.759583,0.003513,0.003584
666,4,0,0,,75.0,17.4,0.005663749,71.537662063619,5.58380127,0.0,0.032212646,-0.362624407,2.187624407,9153.284937,673.213684,576.080872,0.003857,0.003904
667,4,0,0,,75.0,17.4,0.005605563,71.5446000249194,5.58380127,0.0,0.050619873,-0.421555281,2.246555281,9167.203993,822.493713,557.47052,0.003905,0.003977
668,4,0,0,,74.0,17.4,0.005563916,71.548887129652,5.58380127,0.0,0.003067871,-0.336548567,2.161548567,9183.112743,659.898926,555.169678,0.004128,0.004112
669,4,0,0,,71.0,17.5,0.005550577,71.5559269782678,5.58380127,0.0,-0.027035614,-0.185681581,2.010681581,9197.03445,653.950317,546.603516,0.004198,0.004234
670,4,0,0,,70.0,17.5,0.005549111,71.560972629316,5.58380127,0.0,-0.034705292,-0.066869974,1.891869974,9213.609465,640.258911,846.92157,0.004589,0.004465
671,4,0,0,,70.0,17.5,0.005554447,71.5676764477398,5.58380127,0.0,-0.030103485,-0.027914286,1.852914286,9226.870595,674.1745,565.376282,0.00445,0.004452
672,4,0,0,,70.0,17.5,0.005568672,71.5752862763034,5.58380127,0.0,-0.023200775,-0.073904753,1.898904753,9243.448652,681.416809,564.118896,0.004664,0.004505
673,4,0,0,,71.0,17.3,0.005587405,71.581819054072,5.58380127,0.0,0.046785034,-0.182402372,2.007402372,9257.375758,663.883606,567.74762,0.004587,0.004441
674,4,0,0,,73.0,17.3,0.005612817,71.587626920731,5.58380127,0.0,0.018407227,-0.216166258,2.041166258,9273.294212,684.36731,565.985291,0.004392,0.004365
675,4,0,0,,73.0,17.4,0.005635259,71.594655069445,5.58380127,0.0,-0.02166684,-0.122846842,1.947846842,9287.224492,741.079407,807.190613,0.004073,0.004052
676,4,0,0,,72.0,17.4,0.005657188,71.6017468514626,5.58380127,0.0,-0.010929291,-0.054069757,1.879069757,9303.146138,726.4198,554.595886,0.004142,0.004103
677,4,0,0,,72.0,17.1,0.005673046,71.607712369068,5.539855957,0.0,-0.010162323,-0.014022112,1.839022112,9317.079038,672.132629,560.493896,0.004073,0.004045
678,4,0,0,,73.0,17.1,0.005688257,71.6136874622464,5.58380127,0.0,0.032212646,0.008673906,1.816326094,9333.004004,647.90033,557.744202,0.004029,0.004022
679,4,0,0,,73.0,17.5,0.005694863,71.6204976580442,5.58380127,0.0,0.009203613,0.043496847,1.781503153,9347.603562,690.035095,562.955688,0.003963,0.003929
680,4,0,0,,74.0,17.5,0.005692325,71.6292212625416,5.58380127,0.0,0.008436646,0.122818708,1.702181292,9363.53224,752.705322,548.966797,0.004229,0.004214
681,4,0,0,,75.0,17.9,0.005686645,71.636304627711,5.58380127,0.0,-0.020132904,0.209575415,1.615424585,9377.471337,684.571411,550.858826,0.004322,0.004366
682,4,0,0,,74.0,17.9,0.005684149,71.6435798744886,5.58380127,0.0,-0.030103485,0.274193048,1.550806952,9393.403328,614.220215,552.79187,0.004396,0.004463
683,4,0,0,,74.0,18.2,0.005689096,71.6498602433716,5.58380127,0.0,-0.015531097,0.245654821,1.579345179,9407.345033,701.40802,550.647522,0.004364,0.004233
684,4,0,0,,74.0,18.2,0.00570169,71.657616956397,5.58380127,0.0,0.003067871,0.153833151,1.671166849,9423.280196,673.928406,313.850006,0.004476,0.004236
685,4,0,0,,73.0,18.4,0.005716613,71.6648919939604,5.58380127,0.0,-0.010162323,0.069540739,1.755459261,9437.224867,806.655579,550.638123,0.004376,0.004326
686,4,0,0,,73.0,18.4,0.005738645,71.6725470610714,5.58380127,0.0,0.016106323,-0.038006067,1.863006067,9453.827367,691.954102,554.30542,0.003983,0.003942
687,4,0,0,,73.0,18.4,0.005760652,71.6794455774484,5.58380127,0.0,0.016106323,-0.116803408,1.941803408,9467.110708,807.363525,550.161804,0.004025,0.003989
688,4,0,0,,73.0,18.4,0.005778124,71.6872562999242,5.58380127,0.0,0.012271484,-0.157070398,1.982070398,9483.716461,769.22699,543.746826,0.003983,0.003973
689,4,0,0,,72.0,18.7,0.005778103,71.6937868085234,5.58380127,0.0,0.012271484,-0.157593012,1.982593012,9497.666624,739.683777,544.719482,0.003925,0.003986
690,4,0,0,,72.0,18.7,0.005765427,71.7014060195392,5.58380127,0.0,0.013038452,-0.109966993,1.934966993,9513.611222,681.400513,536.924316,0.00388,0.004015
691,4,0,0,,73.0,18.6,0.005758791,71.7076767323822,5.58380127,0.0,-0.015531097,-0.033050299,1.858050299,9527.564118,700.225098,540.783508,0.003792,0.003827
692,4,0,0,,72.0,18.6,0.005774309,71.7149408264336,5.58380127,0.0,-0.017832001,-0.003824472,1.828824472,9543.511768,709.57251,539.374512,0.003766,0.003835
693,4,0,0,,71.0,18.8,0.005812142,71.7212249450788,5.58380127,0.0,-0.007094452,-0.007972479,1.832972479,9557.467234,664.924683,540.061279,0.003837,0.003931
694,4,0,0,,72.0,18.8,0.005875331,71.7288219311092,5.58380127,0.0,0.005368774,-0.033271551,1.858271551,9573.417627,686.070496,300.71701,0.004259,0.004088
695,4,0,0,,73.0,18.8,0.005940911,71.7352038493462,5.58380127,0.0,0.003834839,-0.049329519,1.874329519,9588.040062,743.684082,785.914917,0.003784,0.003792
696,4,0,0,,75.0,18.8,0.006015714,71.7420939971552,5.58380127,0.0,-0.010929291,-0.064902544,1.889902544,9603.993301,663.116211,781.304688,0.003791,0.003903
697,4,0,0,,78.0,19.3,0.006063262,71.7482338384694,5.58380127,0.0,-0.001725677,-0.099034071,1.924034071,9617.953794,0.0,0.0,0.0,0.0
698,4,0,0,,79.0,19.3,0.006084308,71.7554170953726,5.58380127,0.0,0.019941162,-0.132679701,1.957679701,9633.909951,766.716003,546.796509,0.004065,0.003952
699,4,0,0,,79.0,19.2,0.00608172,71.7615843115602,5.58380127,0.0,-0.003259613,-0.14823699,1.97323699,9648.537109,678.262817,555.229919,0.004091,0.004195
700,4,0,0,,76.0,19.2,0.006072077,71.7687880392682,5.58380127,0.0,0.017640259,-0.135333776,1.960333776,9663.830155,666.150391,568.542786,0.004182,0.004146
701,4,0,0,,75.0,19.1,0.006063161,71.7749739881734,5.58380127,0.0,0.013038452,-0.111417055,1.936417055,9678.459882,868.025024,550.627686,0.004123,0.004041
702,4,0,0,,73.0,19.1,0.006048643,71.7817419870764,5.58380127,0.0,0.001533936,-0.044454336,1.869454336,9694.421269,668.798889,547.920715,0.004236,0.004154
703,4,0,0,,73.0,19.0,0.006027763,71.787740946767,5.58380127,0.0,-0.003259613,0.042484999,1.782515001,9708.388212,0.0,0.0,0.0,0.0
704,4,0,0,,73.0,19.0,0.005992323,71.7944460043826,5.58380127,0.0,-0.003259613,0.139666796,1.685333204,9724.351646,700.750671,554.753418,0.004271,0.004127
705,4,0,0,,72.0,18.9,0.005952675,71.8005846225984,5.58380127,0.0,-0.030870453,0.218581438,1.606418562,9738.320927,0.0,0.0,0.0,0.0
706,4,0,0,,72.0,18.9,0.005901361,71.8063131970756,5.58380127,0.0,-0.025501678,0.234704256,1.590295744,9754.952453,691.454895,551.224976,0.0041,0.004042
707,4,0,0,,74.0,18.8,0.005854535,71.8114003851892,5.58380127,0.0,-0.004793549,0.143663168,1.681336832,9768.258667,699.914917,552.09021,0.00402,0.003825
708,4,0,0,,74.0,18.8,0.005803019,71.8177182356008,5.58380127,0.0,0.010737549,-0.013413668,1.838413668,9784.892543,742.033081,781.386597,0.004123,0.003923
709,4,0,0,,74.0,18.7,0.005762138,71.823795554056,5.58380127,0.0,0.036047485,-0.147442579,1.972442579,9798.20065,695.822998,537.243774,0.004019,0.003855
710,4,0,0,,74.0,18.7,0.005720816,71.8294306097858,5.58380127,0.0,0.038348389,-0.220369101,2.045369101,9814.837138,697.988892,532.731689,0.003847,0.00364
711,4,0,0,,74.0,18.9,0.005688056,71.8338782944636,5.58380127,0.0,0.016106323,-0.182311773,2.007311773,9828.812542,684.2453,545.944092,0.003924,0.003863
712,4,0,0,,73.0,18.9,0.00565427,71.8398696580694,5.58380127,0.0,-0.027035614,-0.069907427,1.894907427,9844.785327,678.726929,551.212524,0.004017,0.003979
713,4,0,0,,72.0,18.8,0.005630542,71.8447681188812,5.58380127,0.0,-0.005560516,-0.004065275,1.829065275,9858.762385,708.817871,548.650208,0.003674,0.003627
714,4,0,0,,71.0,18.8,0.005613371,71.850632907896,5.58380127,0.0,-0.017832001,0.034242868,1.790757132,9874.73748,717.574524,546.138611,0.003781,0.003774
715,4,0,0,,72.0,19.1,0.005606309,71.8558669321912,5.58380127,0.0,-0.017832001,0.03191638,1.79308362,9889.382617,709.621704,407.712585,0.004,0.003983
716,4,0,0,,72.0,19.1,0.005604404,71.861317235689,5.58380127,0.0,0.021475098,-0.025444269,1.850444269,9904.694532,740.95929,552.501892,0.00394,0.003865
717,4,0,0,,71.0,18.7,0.005608691,71.8661972695578,5.58380127,0.0,-0.007094452,-0.083897352,1.908897352,9919.341713,671.191589,538.556885,0.003909,0.003842
718,4,0,0,,72.0,18.7,0.005624237,71.8721364744542,5.58380127,0.0,0.038348389,-0.142313242,1.967313242,9935.321571,770.188416,759.35907,0.003762,0.003664
719,4,0,0,,72.0,18.6,0.005652527,71.8760650987018,5.58380127,0.0,0.009203613,-0.131705523,1.956705523,9949.304827,657.379822,535.726501,0.003697,0.003629
720,4,0,0,,71.0,18.6,0.00571047,71.8814861604918,5.58380127,0.0,0.00690271,-0.039359331,1.864359331,9965.286647,745.004089,532.593689,0.003718,0.003718
721,4,0,0,,71.0,18.2,0.005789307,71.8862433856252,5.58380127,0.0,0.00690271,0.066303015,1.758696985,9979.27164,661.289612,533.387817,0.003743,0.003744
722,4,0,0,,71.0,18.2,0.005913785,71.8916858355438,5.58380127,0.0,-0.017832001,0.194615126,1.630384874,9995.921532,708.771301,542.496887,0.003631,0.003624
723,4,0,0,,72.0,18.2,0.00604931,71.8961454615244,5.58380127,0.0,-0.020132904,0.277793169,1.547206831,10009.24228,639.67511,530.489075,0.003688,0.003674
724,4,0,0,,71.0,18.2,0.006220489,71.9010363584382,5.58380127,0.0,-0.007094452,0.320426702,1.504573298,10025.89433,708.558411,547.640198,0.003689,0.003733
725,4,0,0,,73.0,17.9,0.006360054,71.9053700374704,5.58380127,0.0,-0.000959,0.329988241,1.495011759,10039.88295,701.856873,559.068909,0.003613,0.00365
726,4,0,0,,74.0,17.9,0.006468181,71.9103323568934,5.58380127,0.0,-0.003259613,0.335073709,1.489926291,10055.87089,0.0,0.0,0.0,0.0
727,4,0,0,,74.0,17.9,0.006493289,71.9150218288128,5.58380127,0.0,-0.016298065,0.331447363,1.493552637,10069.86113,0.0,0.0,0.0,0.0
728,4,0,0,,73.0,17.9,0.006435291,71.9197968854334,5.58380127,0.0,-0.005560516,0.29097867,1.53402133,10085.85068,739.316895,509.165405,0.004057,0.0
729,4,0,0,,72.0,17.9,0.006328737,71.9243883807336,5.58380127,0.0,0.009203613,0.233401537,1.591598463,10099.84224,681.257507,540.845215,0.003918,0.003947
730,4,0,0,,71.0,17.9,0.006209806,71.928625225778,5.58380127,0.0,-0.000959,0.181960821,1.643039179,10114.50114,675.5177,555.800781,0.004055,0.004066
731,4,0,0,,70.0,17.6,0.006097321,71.93354948431,5.58380127,0.0,-0.000959,0.118444681,1.706555319,10130.49333,668.535828,558.775085,0.00389,0.00397
732,4,0,0,,70.0,17.6,0.006028695,71.9379320872782,5.58380127,0.0,0.017640259,0.062637568,1.762362432,10144.4871,672.692505,552.434326,0.003639,0.003675
733,4,0,0,,70.0,17.7,0.005975386,71.9426803483878,5.58380127,0.0,0.017640259,0.021689177,1.803310823,10160.48091,0.0,0.0,0.0,0.0
734,4,0,0,,70.0,17.7,0.005942222,71.946466529952,5.58380127,0.0,-0.012463226,0.027046919,1.797953081,10174.47636,686.144592,542.333496,0.003397,0.003448
735,4,0,0,,71.0,17.4,0.005920174,71.9513011643394,5.58380127,0.0,-0.015531097,0.025517702,1.799482298,10190.47208,0.0,0.0,0.004705,0.005062
736,4,0,0,,72.0,17.4,0.005913758,71.9551228640374,5.58380127,0.0,-0.015531097,-0.013626814,1.838626814,10204.46908,672.922913,622.617126,0.004101,0.004089
737,4,0,0,,72.0,17.5,0.005907227,71.9593783130522,5.58380127,0.0,0.008436646,-0.105124235,1.930124235,10221.13304,0.0,0.0,0.0,0.0
738,4,0,0,,72.0,17.5,0.005891751,71.9636299962114,5.58380127,0.0,0.032212646,-0.201171637,2.026171637,10234.46489,666.97467,542.013306,0.003595,0.003654
739,4,0,0,,72.0,17.2,0.005864277,71.9673393961642,5.58380127,0.0,0.023776001,-0.22184062,2.04684062,10251.13055,648.987915,530.143616,0.003716,0.003757
740,4,0,0,,73.0,17.2,0.005840451,71.9706764914014,5.58380127,0.0,0.00690271,-0.161360502,1.986360502,10265.13046,748.509827,739.877991,0.003752,0.00378
741,4,0,0,,72.0,17.3,0.005822415,71.9749702909884,5.58380127,0.0,-0.010162323,-0.067832232,1.892832232,10281.13101,671.82373,295.617401,0.003997,0.004132
742,4,0,0,,71.0,17.3,0.0058147,71.978701690619,5.58380127,0.0,-0.010162323,0.004520178,1.820479822,10295.13193,678.095886,541.876221,0.003708,0.00376
743,4,0,0,,71.0,17.1,0.005808176,71.9829550635852,5.58380127,0.0,-0.010162323,0.053264856,1.771735144,10311.13391,685.064697,551.682129,0.003785,0.003771
744,4,0,0,,71.0,17.1,0.005799941,71.9865500555574,5.58380127,0.0,-0.010162323,0.066896677,1.758103323,10325.80316,679.5755,547.556519,0.003907,0.003836
745,4,0,0,,70.0,17.2,0.005788151,71.9905212307546,5.58380127,0.0,0.0,0.054558992,1.770441008,10341.13994,669.578491,548.672302,0.003799,0.003858
746,4,0,0,,70.0,17.2,0.005779644,71.9941819481724,5.58380127,0.0,0.0,0.030395746,1.794604254,10355.81056,598.345215,551.606873,0.003855,0.003963
747,4,0,0,,71.0,16.9,0.005773643,71.9981442398128,5.58380127,0.0,0.0,0.00470233,1.82029767,10371.81562,0.0,0.0,0.0,0.0
748,4,0,0,,72.0,16.9,0.00576768,72.0017291573166,5.58380127,0.0,0.025309937,-0.017752409,1.842752409,10385.8206,0.0,0.0,0.0,0.0
749,4,0,0,,72.0,16.8,0.005757624,72.005711968042,5.58380127,0.0,0.038348389,-0.012559652,1.837559652,10401.82705,673.104919,543.776672,0.003571,0.003542
750,4,0,0,,71.0,16.8,0.005749629,72.008333985237,5.58380127,0.0,-0.007094452,0.063762426,1.761237574,10415.83334,686.442688,548.26593,0.00357,0.003559
751,4,0,0,,71.0,16.9,0.005745998,72.0120602993532,5.58380127,0.0,-0.008628387,0.144582987,1.680417013,10432.50806,302.053802,490.020905,0.003799,0.003785
752,4,0,0,,70.0,16.9,0.00574894,72.0153772778404,5.58380127,0.0,-0.008628387,0.18653512,1.63846488,10445.84842,664.975403,542.504272,0.003517,0.003423
753,4,0,0,,69.0,16.7,0.005758832,72.018988379306,5.58380127,0.0,-0.008628387,0.206033945,1.618966055,10462.5246,686.240295,557.468079,0.003516,0.003499
754,4,0,0,,69.0,16.7,0.005770082,72.0222133518254,5.58380127,0.0,0.012271484,0.199598551,1.625401449,10476.53321,664.426819,540.149597,0.003562,0.003526
755,4,0,0,,70.0,16.8,0.005777712,72.0258004902184,5.58380127,0.0,-0.012463226,0.188068151,1.636931849,10492.54372,625.945313,539.256409,0.003619,0.003561
756,4,0,0,,70.0,16.8,0.005777663,72.028853070237,5.58380127,0.0,-0.001725677,0.154180765,1.670819235,10506.5534,686.891296,536.807678,0.003485,0.003494
757,4,0,0,,69.0,16.6,0.005780631,72.0323999429432,5.58380127,0.0,0.005368774,0.107105494,1.717894506,10522.5651,678.1875,544.234985,0.003413,0.003342
758,4,0,0,,70.0,16.6,0.005796554,72.0355426620952,5.58380127,0.0,0.023776001,0.093296289,1.731703711,10536.57592,674.865295,600.721802,0.003369,0.003347
759,4,0,0,,71.0,16.8,0.00583041,72.0385269095374,5.58380127,0.0,0.0,0.136545897,1.688454103,10552.58891,921.698975,513.90332,0.003388,0.003424
760,4,0,0,,71.0,16.8,0.005863454,72.0415587129766,5.58380127,0.0,-0.004793549,0.185545683,1.639454317,10567.26805,669.247681,540.125305,0.003349,0.003422
761,4,0,0,,70.0,16.6,0.005890651,72.0449099543124,5.58380127,0.0,-0.004793549,0.225444555,1.599555445,10582.61496,676.87793,541.996399,0.003305,0.003298
762,4,0,0,,71.0,16.6,0.005900736,72.0478338354112,5.58380127,0.0,-0.004793549,0.24681592,1.57818408,10597.29519,667.829895,417.087585,0.003899,0.004079
763,4,0,0,,71.0,16.7,0.0059012,72.0511394680514,5.58380127,0.0,-0.013997162,0.246949434,1.578050566,10613.31059,654.280273,536.572876,0.003568,0.003503
764,4,0,0,,71.0,16.7,0.005895907,72.0538870298598,5.58380127,0.0,0.003834839,0.208896399,1.616103601,10627.32453,920.521729,531.540588,0.003486,0.003379
765,4,0,0,,71.0,16.6,0.00588327,72.057063352031,5.58380127,0.0,0.003834839,0.162784815,1.662215185,10643.34105,0.0,0.0,0.0,0.0
766,4,0,0,,73.0,16.6,0.005871547,72.0599424773844,5.58380127,0.0,0.018407227,0.133757353,1.691242647,10658.0234,668.477478,540.618896,0.003253,0.003192
767,4,0,0,,73.0,16.7,0.005874329,72.063064661358,5.58380127,0.0,-0.008628387,0.122903585,1.702096415,10674.04107,674.182495,298.232513,0.003476,0.003428
768,4,0,0,,72.0,16.7,0.005902966,72.0657514062078,5.58380127,0.0,0.003067871,0.09705615,1.72794385,10688.05701,698.317688,773.125122,0.0038,0.003641
769,4,0,0,,71.0,16.5,0.005967362,72.0689298688012,5.58380127,0.0,0.016106323,0.057936907,1.767063093,10704.07575,779.705078,759.453308,0.00355,0.003678
770,4,0,0,,72.0,16.5,0.006045754,72.0716221015004,5.58380127,0.0,0.010737549,0.044923544,1.780076456,10718.09241,676.52063,541.853882,0.003404,0.003416
771,4,0,0,,71.0,16.4,0.006155113,72.0745647796904,5.58380127,0.0,0.0,0.068595171,1.756404829,10734.11197,674.047302,543.648376,0.003539,0.003661
772,4,0,0,,69.0,16.4,0.006268438,72.0772729287622,5.58380127,0.0,-0.004793549,0.096204996,1.728795004,10748.1297,669.227417,541.15033,0.00354,0.003579
773,4,0,0,,69.0,16.3,0.006412291,72.0803195703162,5.58380127,0.0,-0.004793549,0.11318326,1.71181674,10764.81799,646.146912,661.191528,0.003575,0.003574
774,4,0,0,,71.0,16.3,0.006522716,72.0830023240028,5.58380127,0.0,-0.004793549,0.1116364,1.7133636,10778.16898,685.697388,558.636108,0.003917,0.003786
775,4,0,0,,73.0,15.8,0.006579845,72.0858767500834,5.58380127,0.0,-0.004793549,0.092453718,1.732546282,10794.85821,0.0,0.0,0.0,0.0
776,4,0,0,,74.0,15.8,0.006559403,72.0886121452814,5.58380127,0.0,-0.016298065,0.055836439,1.769163561,10808.8776,681.228394,555.617981,0.003866,0.003909
777,4,0,0,,77.0,15.8,0.006504543,72.0911825992228,5.58380127,0.0,0.013038452,-0.044733286,1.869733286,10824.90025,678.424927,549.992615,0.003851,0.003851
778,4,0,0,,79.0,15.8,0.006473668,72.0938883664714,5.58380127,0.0,0.023776001,-0.123924017,1.948924017,10838.92057,862.660522,534.971497,0.004126,0.004153
779,4,0,0,,80.0,15.4,0.006475188,72.09639940358,5.58380127,0.0,0.013038452,-0.14243865,1.96743865,10854.94419,682.9245,320.987793,0.004216,0.004171
780,4,0,0,,82.0,15.4,0.006501495,72.0987569901196,5.58380127,0.0,0.001533936,-0.107149839,1.932149839,10869.63273,673.419312,558.77002,0.004284,0.004172
781,4,0,0,,84.0,15.4,0.006548908,72.1015308968238,5.58380127,0.0,0.001533936,-0.051644564,1.876644564,10884.98945,730.089294,809.978882,0.003985,0.003802
782,4,0,0,,86.0,15.4,0.006597477,72.104050286407,5.58380127,0.0,0.0,0.005711317,1.819288683,10899.67896,675.824707,536.766418,0.004089,0.003926
783,4,0,0,,88.0,15.0,0.006647348,72.1068977882294,5.58380127,0.0,-0.015531097,0.062334299,1.762665701,10915.70428,630.405518,518.68103,0.0,0.004052
784,4,0,0,,88.0,15.0,0.006674823,72.1093558136784,5.58380127,0.0,-0.02856955,0.061215162,1.763784838,10929.72678,696.670105,526.393311,0.003867,0.003833
785,4,0,0,,83.0,14.7,0.006674597,72.1115472197696,5.58380127,0.0,-0.000959,-0.023451567,1.848451567,10945.75285,0.0,0.0,0.0,0.0
786,4,0,0,,78.0,14.7,0.00664072,72.1141257525978,5.58380127,0.0,0.023009033,-0.108462095,1.933462095,10959.77612,691.921997,542.726929,0.003842,0.003874
787,4,0,0,,74.0,14.2,0.006570199,72.1162775850184,5.58380127,0.0,0.008436646,-0.115327597,1.940327597,10975.80318,0.0,0.0,0.0,0.0
788,4,0,0,,71.0,14.2,0.00649465,72.1186625625248,5.58380127,0.0,0.008436646,-0.079787016,1.904787016,10989.82716,684.820129,547.66687,0.003795,0.003891
789,4,0,0,,70.0,13.7,0.006412787,72.121281650721,5.58380127,0.0,-0.003259613,-0.001151323,1.826151323,11006.50851,682.354675,553.809509,0.003956,0.004008
790,4,0,0,,69.0,13.7,0.006359804,72.1237465802386,5.58380127,0.0,-0.015531097,0.057328463,1.767671537,11019.76825,681.40509,544.721924,0.00408,0.004187
791,4,0,0,,68.0,12.9,0.006328859,72.1261114249016,5.58380127,0.0,-0.001725677,0.048121691,1.776878309,11036.21554,694.259705,538.413086,0.003926,0.00405
792,4,0,0,,69.0,12.9,0.006324406,72.0871197560192,0.0,0.0,-0.001725677,0.002713442,1.822286558,11049.92269,691.550476,549.176697,0.004224,0.004322
793,4,0,0,,72.0,12.2,0.00633307,71.2898436272482,0.0,98.59313965,0.012271484,-0.045699835,1.870699835,11065.46765,692.921326,557.302673,0.004439,0.004314
794,4,0,0,,76.0,12.2,0.006347707,70.6116808512758,0.0,261.9232178,-0.007094452,-0.045912504,1.870912504,11078.96497,756.418518,792.292297,0.004476,0.004222
795,4,0,0,,78.0,11.9,0.006381885,69.8378513096186,0.0,261.9232178,-0.000959,-0.077224493,1.902224493,11094.27196,739.262085,797.859314,0.004453,0.004267
796,4,0,0,,79.0,11.9,0.006436563,69.174074375626,0.0,261.7767334,-0.013997162,-0.130437613,1.955437613,11108.19343,749.78772,803.428101,0.004139,0.004255
797,4,0,0,,78.0,11.3,0.00652087,68.4166559337782,0.0,261.9232178,0.017640259,-0.229418516,2.054418516,11122.63609,683.281128,556.425476,0.004436,0.004475
798,4,0,0,,76.0,11.3,0.006589162,67.7676277479354,0.0,261.1907959,0.010737549,-0.24334836,2.06834836,11136.00212,686.497314,566.600891,0.004704,0.004672
799,4,0,0,,74.0,11.1,0.006627007,62.8077468934638,0.0,261.3372803,0.021475098,-0.200279474,2.025279474,11149.86691,,,,
800,4,0,0,,75.0,11.1,0.006627007,62.8077468934638,0.0,261.3372803,0.021475098,-0.200279474,2.025279474,11149.86691,,,,
801,4,0,0,,72.0,10.6,0.006627007,62.8077468934638,0.0,261.3372803,0.021475098,-0.200279474,2.025279474,11149.86691,,,,
