Time,Drive,Stimulus,Failure,Palm.EDA,Heart.Rate,Breathing.Rate,Perinasal.Perspiration,Speed,Acceleration,Brake,Steering,LaneOffset,Lane.Position,Distance,Gaze.X.Pos,Gaze.Y.Pos,Lft.Pupil.Diameter,Rt.Pupil.Diameter
1,4,0,0,58.691,96.0,12.6,0.006636889,-0.01780774621632,0.0,261.7767334,-0.030870453,-0.10000205,1.92500205,8.06e-06,0.0,0.0,0.0,0.0
2,4,0,0,58.0835,97.0,11.9,0.006808047,-0.01780774621632,0.0,221.0540771,-0.030870453,-0.10000205,1.92500205,1.55e-05,712.498596,644.688171,0.003809,0.004041
3,4,0,0,59.4827,98.0,11.9,0.006933704,0.73936346077398,0.0,97.7142334,-0.030870453,-0.100101709,1.925101709,0.001169753,705.777405,627.974487,0.004961,0.005317
4,4,0,0,60.6914,98.0,11.3,0.006983974,0.79739203987516,0.0,36.48376465,-0.039307098,-0.100377321,1.925377321,0.065699125,738.450195,794.205627,0.00463,0.005059
5,4,0,0,58.5981,97.0,11.3,0.006985523,1.2337120053467,6.597290039,0.0,-0.043141937,-0.101410151,1.926410151,0.247866601,737.417725,786.959778,0.005136,0.005547
6,4,0,0,58.4133,97.0,10.8,0.006945638,8.1064744925216,11.434021,0.0,-0.019365936,-0.103923559,1.928923559,0.397516683,819.434509,527.844604,0.005136,0.005504
7,4,0,0,58.1382,97.0,10.8,0.006862024,15.8937798369578,0.0,149.5697021,0.005368774,-0.109926462,1.934926462,0.65693089,490.703796,527.570801,0.005233,0.005775
8,4,0,0,58.4317,97.0,10.6,0.006768701,15.6262480702822,0.0,262.5091553,0.001533936,-0.115092039,1.940092039,1.786956405,690.34198,535.09967,0.004637,0.005066
9,4,0,0,59.8287,97.0,10.6,0.006658896,15.2058060672929,0.0,262.5091553,0.023776001,-0.119628668,1.944628668,4.569153101,0.0,0.0,0.0,0.0
10,4,0,0,61.4976,97.0,10.5,0.006567196,14.8432603958902,0.0,262.2161865,-0.003259613,-0.119636297,1.944636297,7.649534939,682.585693,505.762512,0.004757,0.005149
11,4,0,0,62.7054,96.0,10.5,0.006465631,14.4254656992647,0.0,261.9232178,-0.005560516,-0.122380495,1.947380495,11.12088676,701.510925,568.237305,0.005012,0.005521
12,4,0,0,63.61,96.0,10.3,0.006383723,13.2282538550327,0.0,261.4837646,-0.005560516,-0.126744509,1.951744509,14.242445,700.027527,591.539612,0.005042,0.005557
13,4,0,0,64.2946,96.0,10.3,0.006302159,6.7129244557616,0.0,262.5091553,-0.005560516,-0.131424189,1.956424189,17.58121583,690.736877,663.412781,0.004959,0.005492
14,4,0,0,64.8349,97.0,10.5,0.00623557,6.42252818898478,0.0,262.5091553,-0.005560516,-0.13470149,1.95970149,20.58080424,691.998901,477.475311,0.005051,0.005662
15,4,0,0,65.4767,97.0,10.5,0.006159823,6.12949385023712,0.0,262.5091553,-0.003259613,-0.138628721,1.963628721,23.91874829,676.953491,475.870087,0.004195,0.004593
16,4,0,0,65.99,98.0,10.6,0.006099857,5.13615536337676,0.0,262.2161865,0.001533936,-0.141679049,1.966679049,26.56602503,679.031799,698.089478,0.004947,0.005249
17,4,0,0,66.4399,99.0,10.6,0.006057929,2.53106974805424,0.0,262.5091553,0.001533936,-0.143903971,1.968903971,28.60462771,200.718597,384.40509,0.004465,0.004722
18,4,0,0,66.8717,100.0,11.1,0.006054987,0.92488538215974,0.0,262.5091553,0.001533936,-0.144725561,1.969725561,29.96086812,663.575623,461.433807,0.004854,0.005225
19,4,0,0,67.2115,102.0,11.1,0.006085724,0.74104581813912,0.0,262.3626709,0.001533936,-0.145178556,1.970178556,31.38735595,696.83551,590.27887,0.004029,0.004307
20,4,0,0,67.6041,105.0,11.1,0.006138988,0.73951284936882,0.0,262.3626709,0.001533936,-0.145552874,1.970552874,32.59560558,702.930603,751.605408,0.003962,0.004203
21,4,0,0,68.0513,106.0,11.1,0.00623038,0.09932452352634,0.0,261.630249,0.001533936,-0.145947218,1.970947218,33.91777185,755.776917,624.40332,0.004291,0.004611
22,4,0,0,68.2017,107.0,11.2,0.006327251,0.0064810213942,0.0,262.3626709,0.001533936,-0.145949125,1.970949125,34.74728292,690.619629,769.950806,0.004344,0.004733
23,4,0,0,68.5805,107.0,11.2,0.006426597,0.68346394032306,0.0,262.3626709,0.001533936,-0.146059752,1.971059752,35.25789764,627.530823,795.463196,0.004756,0.005039
24,4,0,0,68.8354,107.0,11.6,0.006476245,-0.0106203243412,0.0,261.9232178,0.001533936,-0.146358252,1.971358252,35.46938144,730.731323,797.339783,0.004813,0.005172
25,4,0,0,69.2732,108.0,11.6,0.006483868,-0.00732780621266,0.0,261.9232178,0.001533936,-0.146358252,1.971358252,35.64328953,681.092896,786.191895,0.004937,0.005365
26,4,0,0,69.6117,108.0,11.9,0.006470399,0.00736044845588,0.0,261.7767334,0.001533936,-0.146361113,1.971361113,35.79275246,719.587524,774.741211,0.00497,0.005338
27,4,0,0,68.2519,108.0,11.9,0.006462631,0.00428854991992,0.0,261.9232178,0.001533936,-0.14636302,1.97136302,35.97056926,700.538025,563.943115,0.004347,0.00476
28,4,0,0,63.1114,109.0,12.2,0.006467438,0.00301549760632,0.0,262.0697021,0.001533936,-0.146365404,1.971365404,36.03610106,659.200073,673.504272,0.004201,0.004602
29,4,0,0,62.2208,110.0,12.2,0.00647186,0.00319933412386,0.0,261.9232178,0.038348389,-0.146365881,1.971365881,36.03701041,50.970299,339.709412,0.005323,0.005524
30,4,0,0,63.5445,111.0,12.2,0.006464969,0.00194674295902,0.0,261.9232178,-0.000959,-0.146364927,1.971364927,36.07337067,1439.386597,535.011597,0.004286,0.004722
31,4,0,0,65.0855,113.0,12.2,0.006449681,0.0044789622007,0.0,261.9232178,0.023776001,-0.146371603,1.971371603,36.2442781,1156.205444,629.631226,0.004306,0.004572
32,4,0,0,66.4399,113.0,12.2,0.006438314,0.00453836776812,0.0,261.7767334,0.023776001,-0.146369696,1.971369696,36.25542888,720.151672,599.639709,0.004423,0.004727
33,4,0,0,67.3337,113.0,12.2,0.006421905,0.00448744664118,0.0,261.9232178,0.023776001,-0.146362543,1.971362543,36.25728083,749.575378,746.872498,0.004627,0.005071
34,4,0,0,67.9763,113.0,12.2,0.006392205,0.01874802886076,0.0,261.9232178,0.023776001,-0.146363497,1.971363497,36.25846294,0.0,0.0,0.0,0.0
35,4,0,0,68.4791,113.0,12.2,0.00633793,0.12268503991826,0.0,261.9232178,0.025309937,-0.146369696,1.971369696,36.25952278,162.846405,768.76709,0.00428,0.004859
36,4,0,0,68.5044,113.0,12.2,0.006283773,0.64764415666148,0.0,261.9232178,0.025309937,-0.146437883,1.971437883,36.26044797,0.0,0.0,0.0,0.0
37,4,0,0,68.2771,114.0,12.2,0.006234039,0.79790412864448,0.0,262.2161865,-0.016298065,-0.14691329,1.97191329,36.26139086,712.647278,672.753296,0.004674,0.004988
38,4,0,0,68.5551,113.0,12.2,0.006210316,0.7978619204843,0.0,262.0697021,-0.000959,-0.147454977,1.972454977,36.26210276,713.376709,672.876404,0.004612,0.004907
39,4,0,0,68.6059,113.0,12.2,0.006196027,-0.00756706357178,0.0,262.0697021,0.005368774,-0.147611856,1.972611856,36.26290796,681.186523,786.620911,0.004521,0.00487
40,4,0,0,67.1141,113.0,12.2,0.006181333,0.24777530766814,0.0,262.3626709,0.153393555,-0.147601366,1.972601366,36.26345723,709.741699,792.958801,0.00489,0.005142
41,4,0,0,66.8476,114.0,12.2,0.006161035,0.80067510795922,0.0,175.2044678,0.302185303,-0.14582181,1.97082181,36.26407473,648.898682,684.943298,0.004859,0.005187
42,4,0,0,67.6041,115.0,12.4,0.006149376,0.7957038518712,0.0,85.4095459,0.269972656,-0.143782854,1.968782854,36.26455775,521.271423,695.064392,0.004435,0.004823
43,4,0,0,68.6059,115.0,12.4,0.006154105,0.79624050882496,0.0,55.23376465,0.466316406,-0.139783621,1.964783621,36.26492215,672.947876,587.639221,0.004816,0.005286
44,4,0,0,69.1955,115.0,12.4,0.006172337,0.81450017380668,0.0,19.05212402,0.176402588,-0.136346579,1.961346579,36.26605186,209.249695,518.539307,0.005146,0.005539
45,4,0,0,69.6641,116.0,12.4,0.00618942,2.09484854295048,11.21429443,0.0,0.112744263,-0.133584261,1.958584261,36.26983686,721.116882,730.869873,0.004862,0.005185
46,4,0,0,69.8744,116.0,12.7,0.00618604,10.6983380874441,7.564086914,0.0,0.112744263,-0.114054441,1.939054441,36.2847452,705.709473,630.662903,0.004824,0.005243
47,4,0,0,70.0329,116.0,12.7,0.00616756,11.0613901087096,0.0,101.9622803,0.029144775,-0.058802366,1.883802366,36.35816395,710.388977,792.562622,0.004829,0.005138
48,4,0,0,70.3522,116.0,12.6,0.006154154,10.8181537835775,3.957824707,0.0,-0.045442841,-0.015994787,1.840994787,36.50439532,730.673706,773.45459,0.005019,0.005388
49,4,0,0,70.5398,116.0,12.6,0.006147377,15.5977461100972,9.412536621,0.0,-0.07995639,0.019347429,1.805652571,36.67495807,680.87793,631.554077,0.005125,0.005548
50,4,0,0,70.6474,116.0,12.8,0.006143904,20.3115662557834,14.77935791,0.0,-0.004793549,0.03471303,1.79028697,36.8313238,742.438171,787.558899,0.004668,0.004935
51,4,0,0,70.9995,116.0,12.8,0.006140298,27.237562982327,18.12194824,0.0,-0.008628387,0.065397978,1.759602022,36.87913574,710.546082,640.728271,0.004619,0.004688
52,4,0,0,71.1906,0.0,13.0,0.006135155,32.1720385541576,23.44482422,0.0,-0.032404388,0.078041315,1.746958685,36.88086371,736.830078,677.912109,0.004859,0.005199
53,4,0,0,71.4653,67.0,13.0,0.00611878,38.072969659969,28.45733643,0.0,-0.008628387,0.049543142,1.775456858,36.96983227,685.501526,636.792419,0.005242,0.005584
54,4,0,0,71.3277,93.0,13.2,0.006099806,42.8366631975376,27.75421143,0.0,-0.008628387,0.002238989,1.822761011,37.12877345,744.236084,788.357605,0.004324,0.004631
55,4,0,0,71.7422,111.0,13.2,0.006100035,47.5554205826922,23.26904297,0.0,0.025309937,-0.026311636,1.851311636,37.29958682,682.843384,591.632202,0.004991,0.005305
56,4,0,0,72.0773,118.0,13.4,0.006135804,51.1557270461874,22.56317139,0.0,-0.000959,0.056655169,1.768344831,37.45600795,744.419312,780.459412,0.004686,0.005128
57,4,0,0,72.2178,122.0,13.4,0.00620944,55.1322817198318,22.47528076,0.0,-0.013997162,0.140434504,1.684565496,37.63253304,710.799927,698.212524,0.004766,0.005075
58,4,0,0,72.5289,125.0,13.3,0.006285965,58.4311081553972,22.47528076,0.0,-0.012463226,0.140345812,1.684654188,37.78240101,691.62323,623.023926,0.005072,0.005397
59,4,0,0,72.5005,127.0,13.3,0.006368828,61.3568102867808,22.47528076,0.0,0.00690271,0.085972548,1.739027452,38.03564028,695.639526,567.6651,0.00434,0.004798
60,4,0,0,72.7283,129.0,13.4,0.006416844,63.7384170949244,19.30847168,0.0,0.023776001,0.034096479,1.790903521,39.32037794,724.401917,680.780518,0.004753,0.005029
61,4,0,0,72.9001,132.0,13.4,0.006411552,65.6815139815206,14.7354126,0.0,-0.010929291,0.027923822,1.797076178,41.88217734,738.927917,786.97522,0.004392,0.004791
62,4,0,0,73.1304,133.0,13.3,0.006340776,66.7555634700744,12.27172852,0.0,0.072861938,-0.001,1.825999689,44.03241978,679.267212,599.61792,0.004508,0.004755
63,4,0,0,73.4204,134.0,13.3,0.006207022,67.7658138608214,11.47796631,0.0,0.016106323,0.122798681,1.702201319,46.45462348,698.861877,600.187012,0.004889,0.005258
64,4,0,0,73.654,134.0,13.8,0.006087248,68.545852735094,11.25823975,0.0,-0.052345551,0.347938776,1.477061224,49.12952064,693.771973,624.260498,0.005276,0.005492
65,4,0,0,73.8007,134.0,13.8,0.005993477,69.4168314537902,11.52191162,0.0,-0.027035614,0.451297522,1.373702478,52.89600562,696.729797,594.333801,0.00509,0.005302
66,4,0,0,74.1554,134.0,14.2,0.005960456,69.9602537349488,5.23223877,0.0,0.023009033,0.377835035,1.447164965,57.17038996,698.565674,624.616272,0.005443,0.005893
67,4,0,0,74.1851,134.0,14.2,0.005963282,69.2568842688914,0.0,0.0,-0.016298065,0.335351706,1.489648294,63.18893829,713.22467,654.415222,0.005208,0.005715
68,4,0,0,74.2743,134.0,14.6,0.005978942,68.7298103715624,9.588317871,0.0,-0.010929291,0.324026823,1.500973177,69.09109452,738.441711,778.947693,0.004634,0.004713
69,4,0,0,74.4535,134.0,14.6,0.005992502,69.64390927951,11.78833008,0.0,-0.004793549,0.246686697,1.578313303,76.7401641,749.180481,801.523682,0.004756,0.004953
70,4,0,0,74.6035,134.0,14.6,0.005995865,70.320737976996,7.608032227,0.0,0.009203613,0.150119066,1.674880934,84.60820124,690.600403,589.645874,0.004606,0.004905
71,4,0,0,74.7842,134.0,14.6,0.005989136,70.1535586273514,0.615234375,0.0,0.023009033,0.077090979,1.747909021,94.05966254,732.496277,799.442017,0.004939,0.005204
72,4,0,0,75.0266,136.0,14.9,0.005971117,69.6776489477694,3.386535645,0.0,0.010737549,0.127091169,1.697908831,102.9918112,688.023499,589.3078,0.004579,0.004844
73,4,0,0,75.3012,137.0,14.9,0.005936992,69.35700580035,2.504882813,0.0,0.005368774,0.27756238,1.54743762,114.352139,694.989685,567.09552,0.004607,0.004939
74,4,0,0,75.5162,139.0,14.9,0.005900837,69.0612235602232,2.680664063,0.0,-0.023200775,0.437394381,1.387605619,124.9590774,742.418091,798.447876,0.004546,0.004648
75,4,0,0,75.7323,156.0,14.9,0.005857657,68.7429732599828,2.63671875,0.0,-0.015531097,0.533587694,1.291412306,137.160433,686.783691,572.433594,0.004667,0.005005
76,4,0,0,75.8254,164.0,14.9,0.005823825,68.492058131584,9.500427246,0.0,-0.000959,0.532449484,1.292550516,148.9071336,718.752075,616.418213,0.005162,0.005346
77,4,0,0,76.1998,167.0,14.9,0.005796175,69.9072775130156,17.41882324,0.0,-0.027035614,0.507345438,1.317654562,162.2282067,697.153015,599.615784,0.004362,0.004359
78,4,0,0,76.3569,170.0,15.2,0.005778849,71.2873601098536,16.97662354,0.0,-0.007094452,0.412558317,1.412441683,174.2705906,706.850891,607.759216,0.004836,0.005064
79,4,0,0,76.5462,172.0,15.2,0.005756928,72.4451568034756,2.63671875,0.0,0.023009033,0.255603075,1.569396925,189.0476219,691.260986,448.154999,0.004819,0.005095
80,4,0,0,76.673,184.0,15.2,0.005734967,71.775452992131,0.0,22.1282959,0.0,0.145081282,1.679918718,202.3560612,746.843079,790.451477,0.005294,0.005476
81,4,0,0,77.0238,214.0,15.2,0.005717108,70.9879106022952,0.0,0.0,0.005368774,0.07432723,1.75067277,217.0951518,717.472595,604.66449,0.005306,0.00556
82,4,0,0,77.3132,228.0,15.5,0.005712913,71.1681949041202,8.618774414,0.0,0.023009033,0.042161226,1.782838774,230.1405642,733.440186,809.359314,0.004766,0.004972
83,4,0,0,77.4102,234.0,15.5,0.005714753,71.4989013028398,7.388305664,0.0,0.003834839,0.104869127,1.720130873,245.8354015,744.379028,781.652893,0.004823,0.005192
84,4,0,0,77.7025,237.0,15.2,0.005710199,71.7167614405888,7.036743164,0.0,-0.003259613,0.180730104,1.644269896,259.1459079,679.27832,597.997314,0.004683,0.005015
85,4,0,0,77.8659,239.0,15.2,0.005685697,71.6940199697026,2.329101563,0.0,0.005368774,0.262875319,1.562124681,275.1363379,740.764893,789.24707,0.0046,0.004797
86,4,0,0,78.0628,239.0,14.8,0.005645255,71.0551899944124,2.504882813,0.0,-0.010929291,0.355334997,1.469665003,289.3347852,739.815796,757.083313,0.004596,0.004772
87,4,0,0,78.2938,239.0,14.8,0.005585009,70.8455330006048,4.045715332,0.0,-0.024734711,0.424550772,1.400449228,304.8529035,738.75531,799.644897,0.004688,0.005028
88,4,0,0,78.5929,239.0,14.6,0.005529171,70.6889381996732,4.045715332,0.0,0.023776001,0.368837118,1.456162882,318.3342669,712.241516,617.645508,0.005058,0.0054
89,4,0,0,78.8942,238.0,14.6,0.005472435,70.8192261978826,6.553344727,0.0,-0.010929291,0.341561556,1.483438444,334.2692183,741.822876,798.631714,0.004621,0.004834
90,4,0,0,79.0626,238.0,14.6,0.005435531,70.9396175919488,6.289672852,0.0,-0.003259613,0.317230463,1.507769537,347.7119473,697.661926,588.216492,0.004528,0.004881
91,4,0,0,79.2318,237.0,14.6,0.005411102,71.0121904091006,5.58380127,0.0,-0.003259613,0.30465436,1.52034564,363.866757,732.933899,749.263672,0.004928,0.005268
92,4,0,0,79.6064,236.0,14.3,0.005409538,71.0332740827594,5.539855957,0.0,-0.003259613,0.27951026,1.54548974,377.5353473,749.351318,797.301208,0.004741,0.004981
93,4,0,0,79.7092,236.0,14.3,0.005430499,71.053402564848,5.58380127,0.0,0.013038452,0.241749525,1.583250475,391.8568461,691.440674,586.894409,0.004692,0.005177
94,4,0,0,79.8467,235.0,14.4,0.005477292,71.076305323789,5.58380127,0.0,0.003834839,0.230550528,1.594449472,407.385893,695.904724,600.495483,0.004987,0.005281
95,4,0,0,80.1925,235.0,14.4,0.005522865,71.095710906443,5.58380127,0.0,-0.003259613,0.251624823,1.573375177,421.5616203,689.953125,581.783997,0.004855,0.00526
96,4,0,0,80.3316,236.0,14.5,0.005560508,71.117607908351,5.58380127,0.0,0.005368774,0.264032125,1.560967875,436.9746417,697.013489,624.734802,0.005138,0.005503
97,4,0,0,80.5763,238.0,14.5,0.005575314,71.1367014238856,5.58380127,0.0,0.003834839,0.293211222,1.531788778,450.4147533,738.927307,788.172729,0.004616,0.004908
98,4,0,0,80.8577,239.0,14.5,0.005575371,71.1574206303146,5.58380127,0.0,-0.005560516,0.338576078,1.486423922,466.362245,696.960876,576.331909,0.004416,0.004738
99,4,0,0,81.1767,239.0,14.5,0.005565958,71.175468670305,5.58380127,0.0,-0.005560516,0.35767293,1.46732707,480.3482365,734.968323,776.899292,0.004519,0.004872
100,4,0,0,81.3908,239.0,14.6,0.005550793,71.1955330201946,5.58380127,0.0,-0.000959,0.353728533,1.471271467,495.6006091,744.128113,768.820801,0.004969,0.005263
101,4,0,0,81.5701,239.0,14.6,0.005538578,71.3023411984192,7.212524414,0.0,-0.000959,0.341295004,1.483704996,509.1240645,687.854919,591.396484,0.00442,0.004771
102,4,0,0,81.7862,239.0,14.6,0.005531808,71.466278500447,6.553344727,0.0,-0.000959,0.322386026,1.502613974,525.4908496,704.333984,590.675903,0.004703,0.00497
103,4,0,0,82.2585,239.0,14.6,0.005538974,71.5812550286822,6.421508789,0.0,-0.000959,0.301968336,1.523031664,539.4521558,721.776672,792.67157,0.004525,0.004833
104,4,0,0,82.3683,239.0,14.6,0.005567812,71.708433476237,6.509399414,0.0,-0.000959,0.271369696,1.553630304,556.1934629,0.0,0.0,0.0,0.0
105,4,0,0,82.6993,238.0,14.6,0.005605232,71.8163790394132,6.509399414,0.0,0.013038452,0.237601995,1.587398005,570.8256099,669.502075,461.995087,0.004436,0.004655
106,4,0,0,82.8473,238.0,14.7,0.005643929,71.9368820894886,6.509399414,0.0,0.005368774,0.225918055,1.599081945,586.6625067,691.444519,597.627075,0.004214,0.004411
107,4,0,0,82.9586,237.0,14.7,0.005660364,72.0394381661256,6.597290039,0.0,-0.004793549,0.234292269,1.590707731,600.4552745,719.555298,672.375305,0.004892,0.005101
108,4,0,0,83.2196,236.0,14.7,0.005649318,72.1520511371698,6.553344727,0.0,0.001533936,0.231332064,1.593667936,616.9455414,695.895325,589.712708,0.00476,0.00516
109,4,0,0,83.4446,237.0,14.7,0.005615258,72.2504592365172,6.553344727,0.0,-0.003259613,0.22995019,1.59504981,630.8436048,0.0,0.0,0.0,0.0
110,4,0,0,83.8603,237.0,14.7,0.005564352,72.3586005919978,6.509399414,0.0,-0.003259613,0.245500326,1.579499674,647.4294616,684.823914,587.457092,0.004408,0.004827
111,4,0,0,83.9743,237.0,14.7,0.005524857,72.4519330582928,6.553344727,0.0,-0.005560516,0.246345282,1.578654718,661.3773692,704.825195,604.121521,0.00485,0.00524
112,4,0,0,84.2417,237.0,14.7,0.005499851,72.553813501811,6.509399414,0.0,-0.005560516,0.22658658,1.59841342,677.9401184,696.772217,629.063599,0.00527,0.005735
113,4,0,0,84.4338,238.0,14.7,0.005504019,72.641020498198,6.553344727,0.0,-0.001725677,0.191193342,1.633806658,691.757885,666.680786,607.808289,0.005264,0.005742
114,4,0,0,84.8205,238.0,14.5,0.005538529,72.7401152224564,6.553344727,0.0,0.001533936,0.141714811,1.683285189,707.5089286,752.308105,799.571716,0.004363,0.004547
115,4,0,0,85.0152,239.0,14.5,0.005583574,72.8218494489592,6.509399414,0.0,0.0,0.098896742,1.726103258,721.9231882,900.077026,576.276489,0.004433,0.005002
116,4,0,0,85.25,239.0,14.5,0.005631579,72.9146520078724,6.465454102,0.0,0.001533936,0.056121588,1.768878412,738.2894168,708.807495,612.533386,0.005216,0.00553
117,4,0,0,85.1325,239.0,14.5,0.005653843,72.9937555428376,6.509399414,0.0,0.005368774,0.023357153,1.801642847,752.0598208,989.7547,574.733093,0.004954,0.0
118,4,0,0,85.7633,239.0,14.3,0.005648212,73.0812216107778,6.553344727,0.0,0.005368774,0.004101992,1.820898008,768.4768129,748.8974,806.055603,0.004567,0.004905
119,4,0,0,86.0023,238.0,14.3,0.005625148,73.156076407676,6.509399414,0.0,0.005368774,0.003721476,1.821278524,782.2812723,766.200195,797.126526,0.004506,0.004759
120,4,0,0,86.1223,238.0,14.3,0.005600093,73.2434880155506,6.509399414,0.0,0.005368774,0.022099257,1.802900743,798.0627223,700.688599,598.28241,0.004833,0.005232
121,4,0,0,86.4842,237.0,14.3,0.005595327,73.3231157286472,6.729125977,0.0,0.001533936,0.053224325,1.771775675,812.5325295,754.114502,804.671326,0.004663,0.00492
122,4,0,0,86.6867,237.0,14.1,0.005614944,73.4221596782286,6.729125977,0.0,0.001533936,0.093636274,1.731363726,828.9794491,694.156006,582.750305,0.004445,0.004995
123,4,0,0,86.8493,237.0,14.1,0.00564518,73.5112351183556,6.729125977,0.0,0.001533936,0.133748293,1.691251707,842.7980692,740.498718,787.873718,0.004441,0.004805
124,4,0,0,87.0944,236.0,14.2,0.005686034,73.6028373510298,6.729125977,0.0,-0.000959,0.182394743,1.642605257,858.5943209,697.660522,575.94751,0.00409,0.004368
125,4,0,0,87.5473,236.0,14.2,0.005728722,73.6821927959852,6.729125977,0.0,-0.02166684,0.209697008,1.615302992,873.077453,641.964478,582.548279,0.004953,0.005417
126,4,0,0,87.6301,235.0,14.0,0.005776231,73.7709760765286,6.729125977,0.0,-0.02166684,0.173868895,1.651131105,888.8807806,760.566772,779.918518,0.005198,0.005477
127,4,0,0,87.9631,234.0,14.0,0.005803385,73.8462752122008,6.729125977,0.0,-0.019365936,0.082624197,1.742375803,903.3703626,738.661682,571.437927,0.004538,0.004774
128,4,0,0,88.2145,233.0,14.1,0.005821228,73.9333114737072,6.773071289,0.0,-0.000959,-0.072481871,1.897481871,919.8394901,678.968872,601.549072,0.005029,0.005336
129,4,0,0,88.552,233.0,14.1,0.005837715,74.016753531818,6.948852539,0.0,0.019941162,-0.210520029,2.035520029,933.6765637,750.892029,792.446899,0.004957,0.0052
130,4,0,0,88.7217,232.0,13.9,0.005858677,74.1090813998048,6.773071289,0.0,0.02761084,-0.304272413,2.129272413,949.4936746,701.916626,603.26709,0.004782,0.005147
131,4,0,0,88.9347,232.0,13.9,0.00586915,74.1887078737096,6.773071289,0.0,0.02761084,-0.296298265,2.121298265,963.9957863,789.628906,603.763123,0.004923,0.005345
132,4,0,0,89.2777,233.0,14.0,0.005866856,74.2776126272362,6.773071289,0.0,0.008436646,-0.20097661,2.02597661,979.8338196,693.810425,637.244385,0.005051,0.005281
133,4,0,0,89.4935,235.0,14.0,0.005858993,74.3525221899746,6.773071289,0.0,-0.013997162,-0.077613592,1.902613592,993.7183763,685.045288,627.356506,0.005192,0.005558
134,4,0,0,89.7102,236.0,14.1,0.00585676,74.4363068765714,6.817016602,0.0,-0.024734711,0.047504187,1.777495813,1010.272364,776.284119,599.366272,0.004846,0.005195
135,4,0,0,89.8844,237.0,14.1,0.005866123,74.5093771568106,6.860961914,0.0,-0.024734711,0.107652426,1.717347574,1024.860664,658.336975,595.317627,0.004809,0.005147
136,4,0,0,90.3228,237.0,14.2,0.005883886,74.5876939176366,6.817016602,0.0,-0.004793549,0.107796431,1.717203569,1040.79689,651.106201,622.465576,0.005129,0.005684
137,4,0,0,90.4994,237.0,14.2,0.005898132,74.656463928742,6.773071289,0.0,-0.004793549,0.070690393,1.754309607,1055.424717,698.167297,662.749329,0.005293,0.005603
138,4,0,0,90.7655,237.0,14.3,0.005909891,74.733447753713,6.773071289,0.0,0.013038452,0.023741484,1.801258516,1071.403453,909.012024,607.034973,0.004814,0.005201
139,4,0,0,90.9885,237.0,14.3,0.005913308,74.8017433796666,6.817016602,0.0,0.013038452,0.006232023,1.818767977,1085.402783,700.42572,575.48468,0.004685,0.005154
140,4,0,0,91.3025,237.0,14.3,0.005903038,74.8809636078752,6.773071289,0.0,0.013038452,0.027457952,1.797542048,1102.090374,698.201416,580.813904,0.004768,0.005206
141,4,0,0,91.4829,237.0,14.3,0.005877711,74.9498189944676,6.817016602,0.0,0.010737549,0.08190608,1.74309392,1116.79459,684.35907,617.568115,0.00498,0.005307
142,4,0,0,91.8459,236.0,14.4,0.005830365,75.0269674066404,6.817016602,0.0,-0.008628387,0.170710325,1.654289675,1132.85556,654.836609,598.827087,0.00502,0.005361
143,4,0,0,92.0742,235.0,14.4,0.005783555,75.0924524973114,6.773071289,0.0,-0.027035614,0.225212336,1.599787664,1146.92587,748.714172,801.709717,0.0049,0.005193
144,4,0,0,92.3497,234.0,14.5,0.005739694,75.161271802501,6.729125977,0.0,-0.012463226,0.235731363,1.589268637,1163.696657,752.908997,811.317993,0.003971,0.004348
145,4,0,0,92.5343,233.0,14.5,0.005708945,75.219635966007,6.729125977,0.0,-0.012463226,0.198801279,1.626198721,1177.800909,683.554077,607.991028,0.004611,0.005123
146,4,0,0,92.8126,233.0,14.5,0.005668152,75.284548533973,6.245727539,0.0,0.001533936,0.121616125,1.703383875,1194.611391,708.296814,325.111298,0.005196,0.005639
147,4,0,0,93.1394,232.0,14.5,0.00561922,74.8948256257784,0.0,10.26306152,0.019941162,0.0507195,1.7742805,1209.422126,720.386475,639.662415,0.004994,0.005387
148,4,0,0,93.2801,232.0,14.6,0.005552337,74.2706172124978,0.0,11.5814209,0.00690271,0.01322341,1.81177659,1225.597656,743.141113,796.038574,0.004616,0.004851
149,4,0,0,93.6102,232.0,14.6,0.005495575,73.7246305446096,0.0,11.5814209,0.00690271,0.013852358,1.811147642,1239.766768,738.661621,783.290894,0.005121,0.005422
150,4,0,0,93.7998,231.0,14.6,0.005445425,73.156284093003,5.627746582,0.0,0.00690271,0.039816618,1.785183382,1256.653226,684.945007,616.7229,0.004501,0.004776
151,4,0,0,94.2294,232.0,14.6,0.005419502,73.270529369329,6.992797852,0.0,-0.003259613,0.086123705,1.738876295,1270.853263,737.637024,802.624084,0.004786,0.004982
152,4,0,0,94.4697,233.0,14.6,0.005408344,73.3817901085316,6.773071289,0.0,-0.005560516,0.146490335,1.678509665,1287.776128,689.79248,611.200928,0.004797,0.005187
153,4,0,0,94.6629,233.0,14.6,0.005407303,73.472715581549,6.817016602,0.0,0.003834839,0.187746763,1.637253237,1302.006352,746.366516,806.740112,0.00476,0.005102
154,4,0,0,94.9055,233.0,14.7,0.005404554,73.5735005312358,6.773071289,0.0,-0.000959,0.234878302,1.590121698,1318.96463,716.794678,674.145996,0.004772,0.00506
155,4,0,0,95.2962,234.0,14.7,0.0053964,73.6569465805098,6.773071289,0.0,-0.000959,0.261040449,1.563959551,1333.226502,713.170593,800.518494,0.004092,0.004336
156,4,0,0,95.4435,237.0,14.7,0.005385249,73.750133530282,6.773071289,0.0,-0.000959,0.288956881,1.536043119,1349.545438,693.887085,568.047913,0.003988,0.004268
157,4,0,0,95.6901,239.0,14.7,0.005381241,73.8315759351626,6.817016602,0.0,-0.02166684,0.310431719,1.514568281,1365.203848,692.7453,603.033997,0.004718,0.005054
158,4,0,0,95.8883,238.0,14.7,0.005387645,73.9219337295884,6.773071289,0.0,-0.007094452,0.304396868,1.520603132,1381.563172,744.930115,783.356995,0.004858,0.005122
159,4,0,0,96.0873,238.0,14.7,0.005400146,74.002973477601,6.773071289,0.0,-0.007094452,0.262156725,1.562843275,1395.893915,710.467285,601.516602,0.004844,0.005193
160,4,0,0,96.4878,238.0,14.7,0.005413453,74.0903386238298,6.773071289,0.0,0.003834839,0.204700232,1.620299768,1412.972746,708.354675,627.080017,0.004986,0.005229
161,4,0,0,96.6894,238.0,14.7,0.005417548,74.1737934761936,6.817016602,0.0,0.005368774,0.164696455,1.660303545,1427.331309,713.29718,640.263916,0.005064,0.005258
162,4,0,0,97.0949,238.0,14.8,0.005408926,74.2636348334134,6.817016602,0.0,0.001533936,0.138262033,1.686737967,1444.397265,714.988098,615.308289,0.005042,0.005409
163,4,0,0,97.4013,238.0,14.8,0.005386999,74.3416753027482,6.245727539,0.0,0.001533936,0.122831583,1.702168417,1457.91987,703.959412,613.873718,0.004602,0.005051
164,4,0,0,97.6582,238.0,14.8,0.005350434,73.8454923648512,0.0,13.19274902,0.001533936,0.111455679,1.713544321,1475.058338,737.012817,816.189209,0.004659,0.00491
165,4,0,0,97.8646,238.0,14.8,0.005319257,73.304026172089,0.0,15.0970459,0.00690271,0.106448889,1.718551111,1489.484729,845.3302,575.350403,0.004567,0.004866
166,4,0,0,98.1759,238.0,14.8,0.005295513,72.7115977981234,0.0,6.454467773,0.005368774,0.11789012,1.70710988,1505.993227,907.927979,560.949402,0.004597,0.005
167,4,0,0,98.4368,238.0,14.8,0.005286418,72.3069103614718,5.627746582,0.0,0.003834839,0.146629095,1.678370905,1521.144551,722.84668,693.173279,0.004758,0.004937
168,4,0,0,98.6991,237.0,14.8,0.005283606,72.3485907546922,6.333618164,0.0,-0.02166684,0.192601442,1.632398558,1538.382524,742.111694,815.723694,0.004396,0.004511
169,4,0,0,99.0688,236.0,14.8,0.005283247,72.4055188880228,6.377563477,0.0,-0.012463226,0.219707251,1.605292749,1552.87844,694.595276,590.462585,0.00488,0.005283
170,4,0,0,99.0158,234.0,14.8,0.005283129,72.479494019677,6.377563477,0.0,-0.001725677,0.208509207,1.616490793,1570.153753,727.680298,636.129089,0.005184,0.005655
171,4,0,0,98.91,234.0,14.8,0.005284127,72.5370644245082,6.201782227,0.0,-0.007094452,0.185570955,1.639429045,1584.680234,731.592102,796.6745,0.004885,0.005098
172,4,0,0,98.3845,233.0,14.8,0.00528924,72.5918452476636,6.201782227,0.0,-0.007094452,0.146143675,1.678856325,1601.298543,650.885986,622.364624,0.005213,0.005534
173,4,0,0,98.3323,233.0,14.8,0.005295124,72.6381440765358,6.113891602,0.0,-0.007094452,0.090039015,1.734960985,1616.547225,730.47522,655.376282,0.005006,0.005282
174,4,0,0,98.8045,233.0,14.9,0.005291746,72.6580291137626,5.40802002,0.0,0.018407227,0.010963202,1.814036798,1633.892625,729.163513,595.802795,0.004993,0.005232
175,4,0,0,99.1749,232.0,14.9,0.005272353,72.6418769245724,5.539855957,0.0,0.017640259,-0.064323187,1.889323187,1648.477012,743.644897,801.954224,0.004312,0.004373
176,4,0,0,99.4411,232.0,14.9,0.005238781,72.6345713256424,5.58380127,0.0,0.008436646,-0.107344866,1.932344866,1665.160572,805.497009,572.648804,0.004668,0.005032
177,4,0,0,99.8163,232.0,14.9,0.005217429,72.620972064681,5.495910645,0.0,0.001533936,-0.107532263,1.932532263,1680.467403,735.768494,793.444397,0.004217,0.004383
178,4,0,0,100.032,231.0,14.9,0.005221215,72.6112482392802,5.58380127,0.0,-0.007094452,-0.107035398,1.932035398,1697.18009,745.522705,801.407288,0.00456,0.004785
179,4,0,0,100.5207,231.0,14.9,0.005249879,72.6066492444556,5.58380127,0.0,0.003834839,-0.130433798,1.955433798,1712.512069,690.69873,618.810791,0.004633,0.004959
180,4,0,0,100.6299,230.0,14.9,0.00529636,72.6017323888876,5.58380127,0.0,-0.004793549,-0.16216445,1.98716445,1729.858707,715.701599,598.523193,0.004421,0.004648
181,4,0,0,101.0693,230.0,14.9,0.005336006,72.5969875556722,5.58380127,0.0,-0.004793549,-0.19248414,2.01748414,1744.314732,688.302917,568.653809,0.00439,0.004745
182,4,0,0,101.4014,230.0,14.9,0.00538104,72.5917498459884,5.58380127,0.0,0.00690271,-0.243201971,2.068201971,1760.708395,0.0,0.0,0.0,0.0
183,4,0,0,101.5125,229.0,14.9,0.005431384,72.587311189708,5.58380127,0.0,0.00690271,-0.28486228,2.10986228,1775.628808,743.147278,780.510193,0.004315,0.004473
184,4,0,0,102.0158,229.0,14.9,0.005496057,72.5831287081688,5.58380127,0.0,0.00690271,-0.310178041,2.135178041,1789.871625,707.941528,599.65271,0.003874,0.004177
185,4,0,0,102.1847,229.0,14.9,0.005576058,72.5782187888562,5.58380127,0.0,0.00690271,-0.318276644,2.143276644,1806.172958,695.070984,580.30072,0.004443,0.004766
186,4,0,0,102.5809,229.0,14.9,0.005637861,72.5741209907878,5.58380127,0.0,-0.000959,-0.307147264,2.132147264,1821.136015,697.29303,628.211487,0.004608,0.005128
187,4,0,0,102.5809,229.0,14.9,0.005688354,72.5703087701024,6.377563477,0.0,-0.001725677,-0.283057451,2.108057451,1838.16218,708.406799,597.912109,0.004101,0.004301
188,4,0,0,103.0375,229.0,14.9,0.005708703,72.6827853013014,6.992797852,0.0,-0.001725677,-0.265691996,2.090691996,1852.482285,740.628906,580.416809,0.003915,0.004068
189,4,0,0,102.8658,229.0,14.9,0.005705534,72.802943598562,6.860961914,0.0,-0.001725677,-0.251099348,2.076099348,1869.551125,757.735413,569.169006,0.00387,0.004178
190,4,0,0,103.325,230.0,14.9,0.005693309,72.8982033460674,6.773071289,0.0,-0.001725677,-0.242937803,2.067937803,1883.906551,752.813293,791.544312,0.004233,0.004446
191,4,0,0,103.4982,231.0,14.9,0.005689544,73.0034967812972,6.773071289,0.0,-0.001725677,-0.238878489,2.063878489,1900.331901,712.155212,586.368408,0.004451,0.004726
192,4,0,0,103.7883,231.0,14.9,0.005706262,73.1013315371762,6.817016602,0.0,0.012271484,-0.235893965,2.060893965,1915.406142,729.906311,606.671875,0.004841,0.005289
193,4,0,0,104.1385,231.0,14.9,0.005749343,73.2104914600362,6.817016602,0.0,0.012271484,-0.20314908,2.02814908,1932.55622,761.096313,745.517029,0.005205,0.005475
194,4,0,0,104.2557,233.0,14.9,0.005801261,73.317338230234,6.992797852,0.0,0.00690271,-0.14669776,1.97169776,1946.979647,0.0,0.0,0.0,0.0
195,4,0,0,104.491,236.0,14.9,0.005869562,73.4294634907912,6.948852539,0.0,-0.001725677,-0.073174715,1.898174715,1963.482647,735.499329,802.401123,0.005046,0.005279
196,4,0,0,103.2098,237.0,14.9,0.005932596,73.5304882804182,7.212524414,0.0,-0.001725677,0.002574682,1.822425318,1978.614847,808.570984,619.040405,0.004947,0.005324
197,4,0,0,102.4674,238.0,14.9,0.006001507,73.7561865155164,8.841247559,0.0,-0.008628387,0.081180811,1.743819189,1995.01466,730.416809,712.0896,0.004978,0.005143
198,4,0,0,102.6947,239.0,14.9,0.00605716,74.0504512284902,11.21429443,0.0,-0.012463226,0.137610197,1.687389803,2009.929323,690.877197,596.646118,0.00455,0.005121
199,4,0,0,103.325,239.0,14.9,0.006117336,74.4769054231636,7.651977539,0.0,-0.010162323,0.169624567,1.655375433,2026.741417,660.735291,604.817078,0.004975,0.005374
200,4,0,0,103.8465,239.0,14.9,0.006169736,74.5534232154574,6.904907227,0.0,-0.013997162,0.168273211,1.656726789,2040.80099,732.210815,798.039673,0.004545,0.004776
201,4,0,0,104.1971,239.0,14.9,0.006230551,74.7254454875904,10.07171631,0.0,-0.003259613,0.133779287,1.691220713,2056.88009,695.841309,599.289978,0.004435,0.004721
202,4,0,0,104.6091,239.0,14.9,0.006273324,75.0917402838944,8.885192871,0.0,-0.020132904,0.075783014,1.749216986,2071.632999,707.002502,578.265808,0.003913,0.004175
203,4,0,0,104.9648,239.0,14.9,0.006300855,75.509962833215,11.21429443,0.0,0.009203613,-0.022932768,1.847932768,2087.742413,747.100891,785.914185,0.004035,0.00423
204,4,0,0,104.0215,239.0,14.9,0.006319374,75.919938899068,11.12640381,0.0,0.013038452,-0.117385626,1.942385626,2101.849156,704.723206,585.620483,0.004837,0.00536
205,4,0,0,104.491,239.0,14.9,0.006349956,76.3624702072206,11.21429443,0.0,0.030678711,-0.172235727,1.997235727,2118.654834,696.58667,600.980103,0.005205,0.00558
206,4,0,0,99.5481,239.0,14.9,0.006381462,76.7533306452074,6.773071289,0.0,0.017640259,-0.142140627,1.967140627,2133.453181,720.375,603.101379,0.005075,0.00539
207,4,0,0,88.8068,239.0,14.9,0.00641288,76.231403320638,0.0,35.0189209,0.02761084,-0.042957544,1.867957544,2149.597232,756.05658,788.398804,0.00447,0.004799
208,4,0,0,85.0933,238.0,14.9,0.006435895,75.6885692693428,0.0,70.1751709,-0.005560516,0.092013597,1.732986403,2164.393434,699.026001,609.14093,0.004854,0.005315
209,4,0,0,83.1822,238.0,14.9,0.00646601,75.0569565080298,0.0,70.02868652,-0.020132904,0.239596605,1.585403395,2180.533058,759.242676,793.028809,0.004717,0.005168
210,4,0,0,82.1855,238.0,14.9,0.00649958,74.5225615942936,0.0,69.88220215,-0.013997162,0.305079699,1.519920301,2194.652361,751.956177,790.27417,0.004478,0.004844
211,4,0,0,82.8102,239.0,14.9,0.006543231,73.9017964122232,0.0,69.88220215,-0.004793549,0.321018457,1.503981543,2211.459517,740.016113,786.891724,0.004546,0.004906
212,4,0,0,84.8205,238.0,14.9,0.006582652,73.376540618479,0.0,69.88220215,-0.004793549,0.316510916,1.508489084,2226.248787,745.762573,781.624512,0.004039,0.004322
213,4,0,0,86.2426,238.0,14.9,0.006616511,72.7481220591046,0.0,69.88220215,-0.004793549,0.292957544,1.532042456,2242.381432,687.666199,601.690979,0.004925,0.005392
214,4,0,0,87.4646,238.0,14.9,0.006623864,72.232142082692,0.0,69.88220215,-0.004793549,0.260082483,1.564917517,2256.49655,708.146118,627.626709,0.004765,0.005296
215,4,0,0,88.2145,237.0,14.9,0.006603394,71.6321528201922,0.0,41.17126465,0.001533936,0.204536676,1.620463324,2273.299134,746.387207,777.34729,0.004238,0.004466
216,4,0,0,88.892,237.0,14.9,0.00656301,71.2793845909618,6.553344727,0.0,0.001533936,0.160746336,1.664253664,2287.412421,731.423523,783.660583,0.004538,0.004919
217,4,0,0,89.3639,237.0,14.9,0.006500546,71.5756640044948,8.885192871,0.0,0.001533936,0.115242243,1.709757757,2304.212875,738.445923,788.499878,0.004316,0.004537
218,4,0,0,89.9717,238.0,14.9,0.006444875,71.8586989682562,9.060974121,0.0,0.018407227,0.079810858,1.745189142,2318.996305,741.103027,791.265198,0.004117,0.004162
219,4,0,0,90.4994,238.0,14.9,0.006400492,72.1837816409996,8.973083496,0.0,0.010737549,0.068243742,1.756756258,2335.122685,690.769592,584.863403,0.00396,0.004269
220,4,0,0,90.8546,238.0,14.6,0.006394907,72.3904551598482,5.806274414,0.0,0.010737549,0.074147463,1.750852537,2349.243222,701.606018,585.83197,0.004953,0.005325
221,4,0,0,91.3926,239.0,14.6,0.006432198,71.9798280033114,0.791015625,0.0,-0.004793549,0.109939337,1.715060663,2366.082813,756.962097,775.057495,0.004369,0.004655
222,4,0,0,91.7549,239.0,14.7,0.006487048,71.7461850842758,3.29864502,0.0,0.0,0.143860102,1.681139898,2380.249177,712.966675,579.890381,0.00472,0.005042
223,4,0,0,92.1201,239.0,14.7,0.006537272,71.4823025217996,3.65020752,0.0,-0.000959,0.180624723,1.644375277,2397.137879,716.3927,581.440979,0.004725,0.005053
224,4,0,0,92.4419,239.0,14.4,0.006542854,71.417531430913,5.58380127,0.0,-0.000959,0.210489511,1.614510489,2411.344403,0.0,0.0,0.0,0.0
225,4,0,0,92.9524,238.0,14.4,0.006502545,71.429194317893,5.58380127,0.0,-0.012463226,0.24006629,1.58493371,2428.281626,0.0,0.0,0.0,0.0
226,4,0,0,93.2331,238.0,14.5,0.006446158,71.439710550123,5.58380127,0.0,-0.007094452,0.244660139,1.580339861,2442.530097,0.0,0.0,0.005628,0.0
227,4,0,0,93.5156,238.0,14.5,0.00638365,71.450922258634,5.58380127,0.0,-0.017832001,0.216196299,1.608803701,2458.839247,1106.907349,678.831482,0.00411,0.0
228,4,0,0,93.895,238.0,14.2,0.006339511,71.461115979128,5.58380127,0.0,-0.010162323,0.145446062,1.679553938,2473.812139,769.974915,591.235901,0.004822,0.005188
229,4,0,0,94.4697,238.0,14.2,0.006296041,71.4725601889888,5.58380127,0.0,0.008436646,0.035835505,1.789164495,2490.872157,705.784973,583.60437,0.004808,0.005182
230,4,0,0,94.6145,238.0,14.3,0.00625912,71.4822667783582,5.627746582,0.0,0.009203613,-0.065825701,1.890825701,2505.264452,704.057617,592.309875,0.00474,0.005012
231,4,0,0,94.8083,238.0,14.3,0.006222418,71.4984859482792,5.671691895,0.0,0.003067871,-0.16942668,1.99442668,2522.490691,700.490723,599.06311,0.0051,0.005534
232,4,0,0,95.1982,238.0,14.1,0.006203163,71.5275340685706,5.938110352,0.0,0.008436646,-0.253260851,2.078260851,2536.986796,676.102722,641.137878,0.005071,0.005634
233,4,0,0,95.4435,238.0,14.1,0.006205193,71.5718120492048,5.938110352,0.0,0.016106323,-0.332010031,2.157010031,2553.592391,719.306396,669.828918,0.005237,0.005482
234,4,0,0,95.7891,0.0,14.2,0.006232865,71.6114671524088,5.938110352,0.0,0.016106323,-0.364331484,2.189331484,2568.890317,695.910828,610.714905,0.005159,0.005609
235,4,0,0,95.9877,0.0,14.2,0.006288546,71.6615712978978,6.026000977,0.0,0.026843872,-0.350263357,2.175263357,2586.369398,705.390991,603.206116,0.004967,0.005542
236,4,0,0,96.3874,0.0,13.9,0.006342373,71.7146919420026,6.201782227,0.0,0.021475098,-0.262099504,2.087099504,2601.137534,700.906372,616.50177,0.005242,0.005762
237,4,0,0,96.6389,0.0,13.9,0.006385611,71.7668680644614,6.026000977,0.0,-0.003259613,-0.103394747,1.928394747,2618.109378,712.840515,638.323914,0.005439,0.005973
238,4,0,0,96.8917,0.0,14.0,0.00639786,71.8110382836892,6.026000977,0.0,-0.052345551,0.035664797,1.789335203,2633.728592,722.109924,674.84491,0.005253,0.005737
239,4,0,0,97.044,0.0,14.0,0.006393328,71.8590655759082,6.069946289,0.0,-0.02166684,0.123035669,1.701964331,2650.661742,745.798218,782.280701,0.004512,0.004961
240,4,0,0,97.299,0.0,14.1,0.006386793,71.9026998366358,6.201782227,0.0,-0.015531097,0.14400363,1.68099637,2666.060744,703.687378,624.994507,0.005542,0.006036
241,4,0,0,97.7097,0.0,14.1,0.006383751,71.9577190191386,6.113891602,0.0,-0.010929291,0.125709295,1.699290705,2683.418793,723.402527,601.571411,0.005168,0.005738
242,4,0,0,97.9681,0.0,14.2,0.006386704,72.00148213972,6.113891602,0.0,0.005368774,0.087325811,1.737674189,2697.884633,703.10553,597.700684,0.004763,0.005083
243,4,0,0,97.8129,0.0,14.2,0.006400331,72.053128193863,6.113891602,0.0,0.00690271,0.037988901,1.787011099,2714.289477,679.574524,571.012573,0.004609,0.004953
244,4,0,0,98.3845,0.0,14.3,0.006426147,72.097976154445,6.069946289,0.0,0.00690271,0.008312464,1.816687536,2729.208691,701.522278,612.609375,0.005151,0.005622
245,4,0,0,98.594,0.0,14.3,0.006474133,72.1399624188258,6.026000977,0.0,0.00690271,-0.006679773,1.831679773,2745.355978,700.9505,638.575989,0.004786,0.005009
246,4,0,0,98.8045,0.0,14.4,0.006530698,72.1765784604672,5.982055664,0.0,0.005368774,-0.004650354,1.829650354,2759.376011,700.846191,592.936096,0.004542,0.004745
247,4,0,0,99.2812,0.0,14.4,0.00660694,72.2153434055304,5.982055664,0.0,0.005368774,0.011848688,1.813151312,2775.935657,685.311707,595.301819,0.004815,0.00514
248,4,0,0,99.3878,0.0,14.4,0.006672671,72.2505061970584,5.982055664,0.0,0.005368774,0.039343119,1.785656881,2790.472065,722.842102,784.770996,0.004771,0.005135
249,4,0,0,99.6016,0.0,14.4,0.006731964,72.2891829020094,5.982055664,0.0,0.005368774,0.085697889,1.739302111,2806.397235,684.048706,618.941711,0.004309,0.004705
250,4,0,0,99.7626,0.0,14.2,0.006768764,72.3188464661036,5.938110352,0.0,-0.004793549,0.136701345,1.688298655,2821.060253,688.106201,622.313171,0.00525,0.005713
251,4,0,0,100.032,0.0,14.2,0.006800483,72.348202050802,5.938110352,0.0,-0.016298065,0.186079741,1.638920259,2837.123277,700.885681,593.506897,0.005188,0.00573
252,4,0,0,100.2486,0.0,14.3,0.006821651,72.374763161431,5.938110352,0.0,-0.016298065,0.206893682,1.618106318,2851.174649,705.315125,637.787903,0.005416,0.005869
253,4,0,0,100.4662,0.0,14.3,0.006841493,72.4040529563102,5.894165039,0.0,-0.010929291,0.185494184,1.639505816,2867.805322,743.720886,789.987427,0.004889,0.005225
254,4,0,0,100.5753,0.0,14.0,0.00686079,72.179849073869,0.0,0.0,-0.007094452,0.133874655,1.691125345,2882.385937,696.898987,631.887695,0.005496,0.005998
255,4,0,0,100.9041,0.0,14.0,0.006883738,71.810338252976,5.539855957,0.0,0.00690271,0.048077345,1.776922655,2898.257668,0.0,0.0,0.0,0.0
256,4,0,0,101.1245,0.0,14.1,0.006897902,71.8139715150534,5.451965332,0.0,0.00690271,-0.020013094,1.845013094,2912.145357,698.880188,598.265076,0.004947,0.005281
257,4,0,0,101.2904,0.0,14.1,0.006902614,71.8191406024796,5.58380127,0.0,0.014572388,-0.07941699,1.90441699,2928.681056,683.263428,617.323303,0.005513,0.00588
258,4,0,0,101.5682,0.0,13.9,0.006897179,71.6899709990098,0.87890625,0.0,0.014572388,-0.116942644,1.941942644,2943.234821,693.271484,607.03009,0.005231,0.005647
259,4,0,0,101.4569,0.0,13.9,0.006881304,71.1869536125612,0.0,0.0,0.012271484,-0.116882086,1.941882086,2959.114011,700.344421,628.560791,0.005327,0.005695
260,4,0,0,99.6016,0.0,14.0,0.006855015,70.7010860290754,0.0,0.0,0.012271484,-0.077868223,1.902868223,2973.672192,684.548279,586.135803,0.004835,0.005078
261,4,0,0,98.5416,0.0,14.0,0.006804057,70.1527513985008,1.0546875,0.0,0.003834839,0.002321005,1.822678995,2989.556775,706.583313,627.122375,0.005417,0.005848
262,4,0,0,98.7518,0.0,13.8,0.006739032,69.8527271473482,3.869934082,0.0,-0.008628387,0.083535433,1.741464567,3003.45927,774.553101,619.904907,0.005417,0.005752
263,4,0,0,99.3878,0.0,13.8,0.006650244,69.8186408433462,5.58380127,0.0,-0.016298065,0.162897348,1.662102652,3020.019125,707.557129,598.941101,0.004592,0.005048
264,4,0,0,99.9241,0.0,13.9,0.006571508,69.8469786492418,5.58380127,0.0,-0.000959,0.19577527,1.62922473,3034.601183,681.05249,591.002625,0.004924,0.005313
265,4,0,0,100.1402,0.0,13.9,0.006485586,69.879259885313,5.58380127,0.0,0.0,0.211792707,1.613207293,3050.519585,694.695679,620.157898,0.005286,0.005592
266,4,0,0,100.5207,0.0,13.7,0.006417061,69.9071377901168,5.58380127,0.0,0.0,0.22514987,1.59985013,3064.458209,709.823303,646.776184,0.005691,0.006118
267,4,0,0,100.9041,0.0,13.7,0.006353511,69.9387433769758,5.58380127,0.0,-0.023200775,0.232585669,1.592414331,3081.064846,693.851685,640.596924,0.005668,0.006093
268,4,0,0,101.1245,0.0,13.9,0.006315911,69.9654469141948,5.58380127,0.0,-0.02856955,0.201326609,1.623673391,3095.024692,696.124878,639.425293,0.005852,0.006358
269,4,0,0,101.4014,0.0,13.9,0.006296435,69.9966461427038,5.58380127,0.0,-0.010162323,0.114748716,1.710251284,3111.656038,699.571289,625.158508,0.00556,0.005927
270,4,0,0,101.6797,0.0,14.0,0.006298536,70.0240053894124,5.58380127,0.0,-0.005560516,0.005573988,1.819426012,3126.302674,714.65802,635.243103,0.005735,0.006347
271,4,0,0,101.8475,0.0,14.0,0.006315419,70.0539972910534,5.58380127,0.0,0.019941162,-0.12298274,1.94798274,3142.293319,759.626221,763.476318,0.00576,0.006369
272,4,0,0,102.0721,0.0,13.8,0.006334286,70.0805287898264,5.58380127,0.0,0.021475098,-0.201481104,2.026481104,3156.295373,760.822693,762.59137,0.005712,0.006383
273,4,0,0,102.0721,0.0,13.8,0.00635401,70.1101891352406,5.58380127,0.0,0.016106323,-0.237999678,2.062999678,3172.976961,710.568909,628.364014,0.005574,0.006105
274,4,0,0,100.5753,0.0,13.9,0.006368752,70.1358876879098,5.58380127,0.0,0.016106323,-0.230830908,2.055830908,3186.999059,0.0,0.0,0.0,0.0
275,4,0,0,99.3345,0.0,13.9,0.006379262,70.160508143713,5.58380127,0.0,0.012271484,-0.191359758,2.016359758,3201.028471,704.601685,643.38269,0.005895,0.006355
276,4,0,0,99.0688,0.0,13.7,0.006382081,70.1884954192632,5.58380127,0.0,0.010737549,-0.113896132,1.938896132,3217.739505,759.898315,767.480591,0.005168,0.005583
277,4,0,0,94.9055,0.0,13.7,0.006378446,70.2134969024048,5.58380127,0.0,0.009203613,-0.02294898,1.84794898,3232.453598,713.082092,605.791077,0.005034,0.005499
278,4,0,0,89.9281,0.0,13.8,0.006379232,70.2408489875504,5.58380127,0.0,-0.010162323,0.099870443,1.725129557,3248.514048,763.530518,770.555603,0.004974,0.005304
279,4,0,0,89.2347,0.0,13.8,0.006399184,70.2645254527898,5.58380127,0.0,-0.030103485,0.179492235,1.645507765,3263.243533,698.56958,634.833984,0.005768,0.006285
280,4,0,0,90.5879,0.0,13.7,0.006454626,70.290835071857,5.58380127,0.0,-0.027035614,0.202008009,1.622991991,3279.318925,704.198486,632.062378,0.005814,0.006424
281,4,0,0,91.7549,0.0,13.7,0.006522643,70.3151019717556,5.58380127,0.0,-0.004793549,0.154675245,1.670324755,3293.390741,698.221313,634.606384,0.006164,0.006754
282,4,0,0,91.3476,0.0,13.8,0.006599871,70.3424274866978,5.627746582,0.0,-0.003259613,0.054589987,1.770410013,3310.149491,711.339722,628.318787,0.006176,0.006834
283,4,0,0,89.6234,0.0,13.8,0.00665371,70.3995141561118,6.333618164,0.0,0.017640259,-0.043891191,1.868891191,3324.840064,766.004883,773.394775,0.005286,0.005811
284,4,0,0,89.5367,0.0,13.6,0.00669365,70.4997429983616,6.421508789,0.0,0.014572388,-0.1275208,1.9525208,3340.799297,655.520203,637.07312,0.005586,0.006203
285,4,0,0,89.6668,0.0,13.6,0.006708248,70.586221462624,6.377563477,0.0,0.02761084,-0.166121244,1.991121244,3354.762635,693.294006,613.901489,0.005238,0.005831
286,4,0,0,86.2828,0.0,13.7,0.006700708,70.6871380885096,6.421508789,0.0,0.018407227,-0.146517038,1.971517038,3371.385135,711.456482,646.793213,0.005647,0.00624
287,4,0,0,84.2034,0.0,13.7,0.006678878,70.7707613904912,6.421508789,0.0,0.013038452,-0.075968027,1.900968027,3385.288082,819.895081,790.989319,0.007714,0.0
288,4,0,0,84.5881,0.0,13.6,0.006654383,70.8696488800378,6.377563477,0.0,-0.030103485,0.045659781,1.779340219,3401.714486,697.266418,620.760315,0.005796,0.006443
289,4,0,0,85.9225,0.0,13.6,0.006650319,70.9503322718942,6.333618164,0.0,-0.012463226,0.149082422,1.675917578,3416.053879,701.279297,632.863892,0.005887,0.006578
290,4,0,0,86.8493,0.0,13.7,0.00667842,71.0416305968028,7.300415039,0.0,-0.024734711,0.231652021,1.593347979,3431.597688,763.026428,779.65271,0.005219,0.005784
291,4,0,0,87.5059,0.0,13.7,0.006730359,71.191745213197,7.300415039,0.0,-0.020132904,0.256609201,1.568390799,3445.171359,0.0,0.0,0.0,0.0
292,4,0,0,88.2145,0.0,13.8,0.00680692,71.4931719075992,9.192810059,0.0,-0.010929291,0.23266387,1.59233613,3461.337658,706.386292,596.15741,0.004715,0.004972
293,4,0,0,88.7642,0.0,13.8,0.00686867,71.7642125086208,8.618774414,0.0,-0.004793549,0.18433404,1.64066596,3474.923903,717.121094,580.124329,0.004357,0.004722
294,4,0,0,89.1917,0.0,13.9,0.006909132,72.043784848625,8.574829102,0.0,0.001533936,0.115718603,1.709281397,3491.105693,710.365601,610.684326,0.004166,0.004522
295,4,0,0,89.6234,0.0,13.9,0.006911251,72.2739484550476,8.574829102,0.0,0.001533936,0.059134722,1.765865278,3504.704744,0.0,0.0,0.005134,0.0
296,4,0,0,90.0155,0.0,14.0,0.006885747,72.5492289910464,8.709411621,0.0,0.001533936,-0.005100965,1.830100965,3520.901253,0.0,0.0,0.0,0.0
297,4,0,0,90.2788,0.0,14.0,0.006853284,72.7846954693294,8.709411621,0.0,0.026843872,-0.052966356,1.877966356,3534.512187,0.0,0.0,0.0,0.0
298,4,0,0,90.5879,0.0,14.1,0.006816594,73.0583455990676,8.841247559,0.0,0.010737549,-0.064341307,1.889341307,3550.074241,745.87561,794.741699,0.004184,0.004345
299,4,0,0,90.9885,0.0,14.1,0.006791163,73.2914823967666,8.709411621,0.0,0.005368774,-0.032494783,1.857494783,3564.346052,0.0,0.0,0.0,0.0
300,4,0,0,91.3025,0.0,14.2,0.006778049,73.5504016581224,8.709411621,0.0,0.00690271,0.021511316,1.803488684,3580.571402,729.50177,575.388672,0.004461,0.004927
301,4,0,0,91.5734,0.0,14.2,0.006783216,73.758216681833,8.442993164,0.0,-0.004793549,0.07608819,1.74891181,3594.206497,751.095581,782.044312,0.004351,0.004577
302,4,0,0,91.8004,0.0,14.3,0.006802048,73.975618640484,8.179321289,0.0,-0.007094452,0.134371996,1.690628004,3610.445409,655.023376,718.209229,0.00462,0.004978
303,4,0,0,92.2118,0.0,14.3,0.006819108,74.1103792037676,6.904907227,0.0,-0.007094452,0.17108655,1.65391345,3624.091617,745.894409,799.809875,0.004283,0.004527
304,4,0,0,92.1659,0.0,14.4,0.006826486,73.954940472225,0.703125,0.0,-0.007094452,0.195974588,1.629025412,3639.693353,751.401184,792.345703,0.004296,0.00468
305,4,0,0,92.4881,0.0,14.4,0.006813863,73.6823753112346,5.364074707,0.0,-0.007094452,0.19898057,1.62601943,3654.000773,723.661194,682.61853,0.004724,0.004955
306,4,0,0,92.6733,0.0,14.4,0.00676721,73.66308384688,5.671691895,0.0,-0.007094452,0.183051348,1.641948652,3670.266212,690.203613,605.810181,0.004906,0.005328
307,4,0,0,92.999,0.0,14.4,0.00669962,73.653870777715,5.627746582,0.0,-0.005560516,0.151676893,1.673323107,3683.934542,692.137817,585.632507,0.004982,0.005318
308,4,0,0,93.1862,0.0,14.5,0.006614868,73.6397951521136,5.627746582,0.0,-0.004793549,0.102182627,1.722817373,3699.561322,0.0,0.0,0.0,0.0
309,4,0,0,93.3742,0.0,14.5,0.006554068,73.6281600262486,5.627746582,0.0,-0.003259613,0.055965185,1.769034815,3713.892963,689.534912,590.810181,0.004079,0.004443
310,4,0,0,93.7049,0.0,14.5,0.006503174,73.6141508824826,5.627746582,0.0,0.012271484,-0.005231619,1.830231619,3729.548299,683.195679,567.287476,0.004682,0.005016
311,4,0,0,93.8474,0.0,14.5,0.006469146,73.6022238223416,5.627746582,0.0,0.010737549,-0.039072752,1.864072752,3743.920276,689.628601,581.873474,0.004833,0.005149
312,4,0,0,94.038,0.0,14.6,0.006443474,73.5890613040694,5.627746582,0.0,0.003067871,-0.048813581,1.873813581,3760.276178,754.505127,580.873474,0.004674,0.005112
313,4,0,0,94.1815,0.0,14.6,0.006436148,73.5774479364812,5.627746582,0.0,0.003067871,-0.047936678,1.872936678,3774.034383,697.195679,570.890198,0.004324,0.004588
314,4,0,0,94.518,0.0,14.6,0.006435581,73.5657857415174,5.671691895,0.0,0.003067871,-0.039003611,1.864003611,3789.779366,705.062073,608.506775,0.004414,0.004604
315,4,0,0,94.6629,0.0,14.6,0.006425116,73.5555505322382,5.671691895,0.0,0.003067871,-0.024544954,1.849544954,3804.232097,750.432678,800.163696,0.004422,0.004706
316,4,0,0,94.9055,0.0,14.6,0.006390552,73.5442829474424,5.671691895,0.0,0.003067871,1.19e-06,1.824998808,3820.023088,690.247192,599.864014,0.004665,0.004976
317,4,0,0,95.0516,0.0,14.6,0.006345413,73.5362111578318,5.671691895,0.0,-0.000959,0.02893281,1.79606719,3833.87532,685.570679,592.248108,0.004698,0.005054
318,4,0,0,95.2962,0.0,14.7,0.006293485,73.5265682339528,5.671691895,0.0,-0.007094452,0.059901953,1.765098047,3850.440781,737.135498,793.556396,0.0044,0.004648
319,4,0,0,95.3944,0.0,14.7,0.006261512,73.5190568648104,5.671691895,0.0,-0.007094452,0.074566126,1.750433874,3865.080605,689.036316,569.678406,0.004288,0.004592
320,4,0,0,95.5913,0.0,14.7,0.006245154,73.5102662634888,5.75958252,0.0,-0.001725677,0.071634054,1.753365946,3881.113185,637.093079,583.362671,0.004105,0.004446
321,4,0,0,95.8883,0.0,14.7,0.006240207,73.5101408315292,5.894165039,0.0,0.0,0.058992147,1.766007853,3895.865529,693.174927,577.015503,0.004212,0.004444
322,4,0,0,96.0375,0.0,14.7,0.006232246,73.5159940011092,5.806274414,0.0,0.003834839,0.042904615,1.782095385,3912.021483,715.575684,573.271179,0.00451,0.004813
323,4,0,0,96.1871,0.0,14.7,0.006221078,73.5198615830906,5.806274414,0.0,0.003067871,0.036965132,1.788034868,3926.21153,744.345215,758.315308,0.004573,0.004639
324,4,0,0,96.3874,0.0,14.7,0.006208088,73.5259821445116,5.850219727,0.0,0.003067871,0.038391352,1.786608648,3943.16942,749.478394,803.932495,0.004348,0.004559
325,4,0,0,96.7399,0.0,14.7,0.006200626,73.5329738899548,5.894165039,0.0,0.003067871,0.046344995,1.778655005,3958.14853,655.233276,595.526489,0.004291,0.004581
326,4,0,0,96.841,0.0,14.5,0.00620366,73.5510271442068,6.729125977,0.0,-0.007094452,0.061671019,1.763328981,3974.545723,688.691711,575.758728,0.004604,0.004959
327,4,0,0,96.9424,0.0,14.5,0.006222112,73.7095419682254,8.753356934,0.0,-0.008628387,0.066015959,1.758984041,3988.935159,696.798523,613.251526,0.004025,0.004394
328,4,0,0,97.1459,0.0,14.5,0.006257534,73.9550824321064,6.817016602,0.0,-0.008628387,0.050626993,1.774373007,4006.091349,697.022888,593.066101,0.004884,0.005264
329,4,0,0,97.4526,0.0,14.5,0.006287753,74.0203507607728,6.377563477,0.0,-0.005560516,0.020807505,1.804192495,4020.4915,699.811707,581.873291,0.004857,0.005338
330,4,0,0,97.5039,0.0,14.6,0.006303775,74.0360663038342,5.715637207,0.0,-0.005560516,-0.019196272,1.844196272,4037.544518,744.640991,795.211487,0.004221,0.00426
331,4,0,0,97.7097,0.0,14.6,0.00629282,74.040484778991,6.157836914,0.0,0.042183228,-0.059219122,1.884219122,4052.548126,820.007385,569.706787,0.005034,0.005355
332,4,0,0,98.02,0.0,14.6,0.006251822,74.0646927609522,6.333618164,0.0,0.013038452,-0.017884016,1.842884016,4068.91263,702.666992,590.488403,0.004966,0.005394
333,4,0,0,98.228,0.0,14.6,0.006197112,74.1063712873382,6.421508789,0.0,-0.049277679,0.088072538,1.736927462,4083.228696,757.278015,789.927612,0.004505,0.004945
334,4,0,0,98.2801,0.0,14.6,0.006122015,74.154793704714,6.465454102,0.0,-0.012463226,0.176584959,1.648415041,4100.268262,693.616272,620.545898,0.005402,0.005868
335,4,0,0,98.5416,0.0,14.6,0.006051317,74.209084145878,7.256469727,0.0,-0.025501678,0.215832472,1.609167528,4114.578813,704.756592,660.634583,0.005662,0.00603
336,4,0,0,98.8045,0.0,14.7,0.005969135,74.3383579541128,8.223266602,0.0,-0.008628387,0.207839251,1.617160749,4131.611956,747.883606,801.50769,0.004824,0.005143
337,4,0,0,98.8572,0.0,14.7,0.005901997,74.5423749515168,9.148864746,0.0,-0.008628387,0.162680864,1.662319136,4145.917198,728.948303,726.325195,0.005295,0.005635
338,4,0,0,98.9629,0.0,14.7,0.005844978,74.81497538924,9.192810059,0.0,0.003834839,0.090005159,1.734994841,4162.944475,0.0,0.0,0.0,0.0
339,4,0,0,99.0158,0.0,14.7,0.005826721,75.0494620530508,9.192810059,0.0,0.010737549,0.043939829,1.781060171,4177.245047,692.41449,599.004028,0.004798,0.005192
340,4,0,0,98.5416,0.0,14.7,0.00584934,75.319859304314,9.148864746,0.0,0.009203613,0.032855749,1.792144251,4193.586243,0.0,0.0,0.005335,0.005509
341,4,0,0,96.4376,0.0,14.7,0.005901483,75.552293383702,9.192810059,0.0,0.001533936,0.04506135,1.77993865,4208.563721,0.0,0.0,0.004921,0.005006
342,4,0,0,92.3958,0.0,14.8,0.005987125,75.5129808928906,0.0,8.358764648,0.008436646,0.075220823,1.749779177,4225.581454,750.129028,807.321716,0.004614,0.004731
343,4,0,0,89.4071,92.0,14.8,0.006075546,74.9921449261488,0.0,3.524780273,-0.008628387,0.112315893,1.712684107,4239.874634,700.602478,633.21521,0.0046,0.004932
344,4,0,0,84.1652,129.0,14.8,0.006177327,74.4219573573954,0.0,1.620483398,-0.000959,0.138167143,1.686832857,4256.890364,698.691589,618.659729,0.00508,0.005439
345,4,0,0,79.9846,152.0,14.8,0.006247611,73.9298154883318,0.0,1.620483398,-0.001725677,0.155071497,1.669928503,4271.184683,712.451599,695.154419,0.005121,0.005473
346,4,0,0,78.0628,162.0,14.8,0.006275683,73.3859051104446,0.0,2.645874023,-0.008628387,0.186848879,1.638151121,4287.522138,0.0,0.0,0.0,0.0
347,4,0,0,79.538,167.0,14.8,0.00624377,72.8998523562984,0.0,2.352905273,-0.017832001,0.258161306,1.566838694,4302.499555,694.895386,586.448486,0.004836,0.005258
348,4,0,0,81.1412,169.0,14.8,0.006167513,72.3478620616336,0.0,0.0,-0.000959,0.294527769,1.530472231,4319.521755,691.298279,631.159973,0.005725,0.00581
349,4,0,0,78.4597,169.0,14.8,0.006100035,71.8693835374502,0.0,0.0,-0.023200775,0.312579393,1.512420607,4333.838839,693.95929,642.853516,0.005499,0.00556
350,4,0,0,73.4495,170.0,14.5,0.006041896,71.4073501184304,3.65020752,0.0,0.010737549,0.290096998,1.534903002,4350.257133,691.726196,604.045471,0.004566,0.004882
351,4,0,0,72.6143,170.0,14.5,0.006003862,71.3864486864332,5.58380127,0.0,0.010737549,0.259406328,1.565593672,4365.332722,687.980591,591.648499,0.004537,0.004857
352,4,0,0,74.1851,170.0,14.6,0.005971592,71.3983689873462,5.75958252,0.0,0.010737549,0.253300905,1.571699095,4381.784546,744.276184,787.13031,0.004466,0.004691
353,4,0,0,76.1371,171.0,14.6,0.005956085,71.5123068475454,6.641235352,0.0,-0.001725677,0.271059275,1.553940725,4396.86649,697.116882,605.558899,0.004724,0.004989
354,4,0,0,77.0238,173.0,14.3,0.005950311,71.6191322296146,6.597290039,0.0,-0.02166684,0.289567709,1.535432291,4414.011503,743.906494,775.54303,0.00428,0.004564
355,4,0,0,76.3569,174.0,14.3,0.005949376,71.7065392991504,6.553344727,0.0,-0.010929291,0.26943326,1.55556674,4428.422962,680.438904,596.25769,0.004898,0.005218
356,4,0,0,74.5734,175.0,14.4,0.005953124,71.8037266175474,6.509399414,0.0,-0.004793549,0.213103056,1.611896944,4444.905428,671.946899,586.352173,0.005146,0.005477
357,4,0,0,76.4514,175.0,14.4,0.005965596,71.8855377705022,6.553344727,0.0,0.003067871,0.142794847,1.682205153,4460.032555,700.29248,575.38092,0.004797,0.005133
358,4,0,0,76.4199,176.0,14.2,0.005986753,71.9748448429354,6.509399414,0.0,0.016106323,0.065675497,1.759324503,4476.577792,696.010803,589.990784,0.004436,0.00472
359,4,0,0,76.5779,176.0,14.2,0.00600231,72.0541733314458,6.553344727,0.0,0.016106323,0.027159929,1.797840071,4491.800984,693.23761,566.230286,0.004512,0.004902
360,4,0,0,77.6373,176.0,13.9,0.006016086,72.1376907066686,6.509399414,0.0,0.003067871,0.020957708,1.804042292,4508.470602,700.846313,601.905823,0.004949,0.005392
361,4,0,0,78.76,176.0,13.9,0.006030679,72.214699331569,6.553344727,0.0,0.005368774,0.026877642,1.798122358,4523.808229,721.056519,634.828613,0.004854,0.005276
362,4,0,0,79.9156,176.0,13.8,0.006046433,72.2960378213658,6.509399414,0.0,0.009203613,0.046383619,1.778616381,4540.601518,694.844727,582.295593,0.004921,0.005157
363,4,0,0,80.6816,176.0,13.8,0.00605093,72.3683807282052,6.509399414,0.0,0.005368774,0.081218481,1.743781519,4555.965047,623.796997,639.029907,0.005449,0.005775
364,4,0,0,81.3908,176.0,13.6,0.006048123,72.4508119920488,6.509399414,0.0,0.001533936,0.13632226,1.68867774,4573.282541,0.0,0.0,0.0,0.0
365,4,0,0,81.9309,176.0,13.6,0.006045971,72.5217091643926,6.509399414,0.0,0.0,0.190071344,1.634928656,4587.714426,644.311707,589.685608,0.004941,0.005247
366,4,0,0,82.5518,0.0,13.7,0.006047816,72.5905233840678,6.509399414,0.0,0.0,0.247685671,1.577314329,4602.04227,634.365112,586.600281,0.004954,0.005171
367,4,0,0,83.1449,0.0,13.7,0.006059457,72.6683676426698,6.509399414,0.0,-0.012463226,0.310663462,1.514336538,4618.964519,755.957703,784.135193,0.00488,0.005175
368,4,0,0,83.7086,0.0,13.6,0.006078178,72.7325897233088,6.465454102,0.0,-0.012463226,0.350463152,1.474536848,4633.067366,747.047607,788.59137,0.004786,0.005015
369,4,0,0,83.8982,0.0,13.6,0.006098835,72.8052734239866,6.509399414,0.0,-0.003259613,0.373775721,1.451224279,4649.060818,0.0,0.0,0.0,0.0
370,4,0,0,84.5881,0.0,13.4,0.006106708,72.8676919977546,6.421508789,0.0,-0.003259613,0.385080099,1.439919901,4663.619313,669.99823,577.019714,0.004741,0.005166
371,4,0,0,85.0152,0.0,13.4,0.006105575,72.9382537836424,6.465454102,0.0,-0.013997162,0.386951685,1.438048315,4680.143354,691.078918,615.322388,0.004863,0.005152
372,4,0,0,85.3679,67.0,13.3,0.006101504,72.99903717141,6.465454102,0.0,-0.010929291,0.365051508,1.459948492,4694.028875,739.668579,781.65332,0.004582,0.004809
373,4,0,0,85.803,83.0,13.3,0.006093566,73.0680537494968,6.465454102,0.0,-0.003259613,0.314616442,1.510383558,4708.598741,721.42511,338.660187,0.005009,0.005334
374,4,0,0,86.2024,90.0,13.1,0.006080066,73.127443110863,6.465454102,0.0,-0.000959,0.258113623,1.566886377,4722.526415,693.229919,596.526611,0.00455,0.004843
375,4,0,0,86.4842,93.0,13.1,0.006065656,73.1881458706966,5.806274414,0.0,0.001533936,0.178855658,1.646144342,4738.466228,695.309875,605.275085,0.005151,0.005502
376,4,0,0,86.8493,95.0,13.0,0.006061406,73.1799459937154,5.58380127,0.0,0.001533936,0.112964392,1.712035608,4753.097966,0.0,0.0,0.0,0.0
377,4,0,0,87.2174,95.0,13.0,0.006057925,73.167577314585,5.58380127,0.0,0.003067871,0.035929441,1.789070559,4769.081024,682.622009,569.599121,0.004313,0.004667
378,4,0,0,87.5887,96.0,12.9,0.006043955,73.1570154414726,5.58380127,0.0,0.003834839,-0.028755903,1.853755903,4783.751079,641.694214,568.327515,0.004542,0.004808
379,4,0,0,87.8796,98.0,12.9,0.006014294,73.145373009204,5.58380127,0.0,0.0,-0.09044385,1.91544385,4800.44295,559.381104,566.655701,0.00427,0.00462
380,4,0,0,88.1725,100.0,13.1,0.005982509,73.134944888339,5.58380127,0.0,0.029144775,-0.152262926,1.977262926,4814.481384,709.923828,603.913208,0.005115,0.005506
381,4,0,0,88.4674,101.0,13.1,0.005949906,73.1230513668436,5.58380127,0.0,0.009203613,-0.169422865,1.994422865,4830.544324,828.023499,595.820313,0.005022,0.005297
382,4,0,0,88.8068,102.0,13.0,0.005931929,73.1124211933416,5.58380127,0.0,0.00690271,-0.137488127,1.962488127,4845.286169,735.375916,793.957703,0.004583,0.004891
383,4,0,0,89.0631,103.0,13.0,0.005922801,73.1009764523986,5.58380127,0.0,0.001533936,-0.083124876,1.908124876,4861.387181,731.320984,787.731323,0.004453,0.004728
384,4,0,0,89.4071,103.0,12.9,0.005920812,73.0911612325792,5.58380127,0.0,0.001533936,-0.026362658,1.851362658,4875.491568,584.354797,608.673096,0.004683,0.005282
385,4,0,0,89.7102,103.0,12.9,0.005925873,73.079899344847,5.58380127,0.0,-0.008628387,0.0366714,1.7883286,4892.301414,690.223389,577.098206,0.004608,0.004981
386,4,0,0,89.9281,103.0,12.8,0.00593946,73.0690391322854,5.58380127,0.0,0.003834839,0.072149992,1.752850008,4907.110844,626.268127,580.768921,0.004572,0.005019
387,4,0,0,90.1908,103.0,12.8,0.005970578,73.0581637919278,5.495910645,0.0,0.003834839,0.103988886,1.721011114,4923.283746,0.0,0.0,0.0,0.0
388,4,0,0,90.5879,104.0,12.8,0.006012548,73.047713993253,5.58380127,0.0,-0.005560516,0.139327288,1.685672712,4938.124114,524.838928,542.243896,0.004305,0.004784
389,4,0,0,90.7655,104.0,12.8,0.006063176,73.0363296347468,5.58380127,0.0,-0.005560516,0.169776678,1.655223322,4952.30327,509.205292,547.903015,0.00453,0.00497
390,4,0,0,91.078,104.0,13.0,0.006115387,73.0268924328,5.58380127,0.0,-0.019365936,0.184125185,1.640874815,4966.495281,607.42749,562.715881,0.004348,0.00479
391,4,0,0,91.2575,105.0,13.0,0.006168479,73.016411847451,5.58380127,0.0,-0.001725677,0.170204401,1.654795599,4983.407078,607.169617,556.584106,0.004397,0.004788
392,4,0,0,91.5734,105.0,12.9,0.006204446,73.0073621906696,5.58380127,0.0,-0.001725677,0.133437395,1.691562605,4997.626695,692.864624,598.080994,0.004869,0.005192
393,4,0,0,91.8459,106.0,12.9,0.006227743,72.996708215029,5.58380127,0.0,-0.005560516,0.08155036,1.74344964,5014.566227,607.626892,561.112915,0.004665,0.005064
394,4,0,0,92.0742,106.0,13.1,0.006229126,72.9871224066266,5.58380127,0.0,-0.005560516,0.02716279,1.79783721,5029.471609,674.112671,588.37793,0.004681,0.004829
395,4,0,0,92.3497,106.0,13.1,0.006212403,72.976990259481,5.58380127,0.0,-0.005560516,-0.053759813,1.878759813,5045.729216,745.84491,795.111389,0.004277,0.004609
396,4,0,0,92.5806,106.0,13.0,0.006187125,72.9687317059634,5.58380127,0.0,-0.005560516,-0.133044481,1.958044481,5059.952263,683.052917,583.391418,0.005,0.0055
397,4,0,0,92.7661,106.0,13.0,0.006161464,72.9593280104754,5.58380127,0.0,-0.005560516,-0.244071245,2.069071245,5076.881636,688.444275,603.652405,0.004971,0.005352
398,4,0,0,92.999,106.0,12.9,0.006160566,72.9515075514926,5.58380127,0.0,-0.02166684,-0.352208853,2.177208853,5091.100007,681.99231,626.072998,0.004981,0.005422
399,4,0,0,93.3742,106.0,12.9,0.006195797,72.9421700642522,5.58380127,0.0,-0.025501678,-0.526495218,2.351495218,5108.023694,752.336182,786.858276,0.004876,0.005397
400,4,0,0,93.5629,106.0,12.8,0.006254566,72.934244096939,5.58380127,0.0,-0.023200775,-0.734760046,2.559760046,5122.237215,726.270386,611.646912,0.0048,0.00529
401,4,0,0,93.7998,106.0,12.8,0.006334201,72.9246631165566,5.58380127,0.0,-0.012463226,-1.055770159,2.880770159,5139.155342,697.009827,604.277527,0.00508,0.005553
402,4,0,0,93.9903,106.0,12.7,0.006394683,72.917071312601,5.58380127,0.0,-0.010162323,-1.365522623,3.190522623,5153.364353,710.624512,620.062378,0.005141,0.005618
403,4,0,0,94.3254,0.0,12.7,0.006452687,72.9085471053296,5.627746582,0.0,-0.010162323,-1.770196915,3.595196915,5169.6006,682.787109,639.62561,0.005224,0.005672
404,4,0,0,94.5662,0.0,13.0,0.006508854,72.90492538222,5.627746582,0.0,0.003067871,1.473980188,4.001019812,5184.481383,731.274597,626.784912,0.005036,0.005566
405,4,0,0,94.8083,0.0,13.0,0.006593913,72.9004155931116,5.671691895,0.0,0.003067871,1.039758682,4.435241318,5201.388595,726.356995,785.146912,0.004867,0.005361
406,4,0,0,94.8569,0.0,12.9,0.006686684,72.8967897179048,5.627746582,0.0,0.00690271,0.688568354,4.786431646,5215.58846,726.154175,618.800293,0.0051,0.005596
407,4,0,0,95.2962,0.0,12.9,0.00678377,72.8929972277278,5.671691895,0.0,0.04141626,0.299486399,5.175513601,5232.490546,685.338318,608.328308,0.005128,0.005542
408,4,0,0,95.542,0.0,13.1,0.006835884,72.888008402475,5.627746582,0.0,0.085900391,0.015931606,5.459068394,5246.686137,697.095215,598.717896,0.005085,0.005546
409,4,0,0,95.6901,0.0,13.1,0.006867152,72.8812054487072,5.627746582,0.0,0.049085938,-0.112207055,5.587207055,5262.907286,698.588013,630.198425,0.005286,0.005761
410,4,0,0,95.9877,0.0,13.0,0.006884994,72.8762304959652,5.627746582,0.0,0.029144775,-0.083761811,5.558761811,5277.774329,772.354004,640.562317,0.00548,0.00596
411,4,0,0,96.1871,0.0,13.0,0.006891401,72.872189475412,5.627746582,0.0,-0.052345551,0.027008414,5.447991586,5294.666186,747.594116,783.416199,0.004828,0.005272
412,4,0,0,96.3874,0.0,13.2,0.0068778,72.8676504767826,5.627746582,0.0,-0.007094452,0.080820203,5.394179797,5308.853332,708.073608,591.744507,0.004655,0.005047
413,4,0,0,96.5885,0.0,13.2,0.006839798,72.8637004322196,5.627746582,0.0,-0.023200775,0.084731102,5.390268898,5325.064988,688.531311,633.054626,0.005481,0.005956
414,4,0,0,96.6894,0.0,13.1,0.006788155,72.8600481799302,5.627746582,0.0,0.009203613,0.029274464,5.445725536,5339.923301,716.744019,627.777771,0.005344,0.005817
415,4,0,0,97.044,0.0,13.1,0.006708892,72.8540559472808,5.627746582,0.0,-0.001725677,-0.061167479,5.536167479,5356.129137,692.632324,597.625793,0.004869,0.00523
416,4,0,0,97.1459,0.0,13.3,0.006633584,72.84797244896,5.58380127,0.0,0.016106323,-0.135118842,5.610118842,5370.981258,697.123718,587.329224,0.00468,0.004927
417,4,0,0,97.4526,0.0,13.3,0.006564206,72.8415920917828,5.627746582,0.0,0.005368774,-0.191601872,5.666601872,5387.855145,834.485718,565.081909,0.004819,0.005185
418,4,0,0,97.8646,0.0,13.4,0.00652287,72.835622212866,5.58380127,0.0,0.00690271,-0.225024104,5.700024104,5402.026833,676.015991,591.504517,0.005064,0.005535
419,4,0,0,98.1239,0.0,13.4,0.006490627,72.828571452925,5.627746582,0.0,0.005368774,-0.253289223,5.728289223,5418.221288,700.826416,605.451721,0.005103,0.005584
420,4,0,0,98.3845,0.0,13.6,0.006483488,72.8234206315078,5.627746582,0.0,0.005368774,-0.262856841,5.737856841,5433.065458,692.615784,612.562317,0.00531,0.005728
421,4,0,0,98.7518,0.0,13.6,0.006516951,72.8168828486918,5.58380127,0.0,0.005368774,-0.259868741,5.734868741,5449.25855,738.09967,780.748901,0.004923,0.005164
422,4,0,0,98.9629,0.0,13.7,0.0065791,72.8113055521746,5.58380127,0.0,0.001533936,-0.245442033,5.720442033,5463.427883,704.334473,590.141113,0.004678,0.004948
423,4,0,0,99.1218,0.0,13.7,0.00666426,72.8053497067026,5.627746582,0.0,-0.007094452,-0.219126105,5.694126105,5480.29786,0.0,0.0,0.005881,0.005993
424,4,0,0,99.3878,0.0,13.5,0.006738001,72.7997945707972,5.58380127,0.0,0.008436646,-0.196496367,5.671496367,5495.143016,697.969116,572.137207,0.003779,0.003998
425,4,0,0,99.8163,0.0,13.5,0.006823301,72.391019104771,0.0,0.0,-0.010929291,-0.154688597,5.629688597,5511.33603,688.094604,408.747589,0.003917,0.004176
426,4,0,0,100.032,0.0,13.7,0.006892795,71.9554301675104,4.309387207,0.0,-0.000959,-0.118804097,5.593804097,5526.179084,750.545776,795.059387,0.004242,0.004373
427,4,0,0,100.3029,0.0,13.7,0.006933938,71.9530558277414,5.627746582,0.0,-0.005560516,-0.08875227,5.56375227,5542.370735,697.129395,318.138092,0.004269,0.004731
428,4,0,0,100.4117,0.0,13.5,0.006913186,71.9575033675786,5.627746582,0.0,-0.005560516,-0.071442604,5.546442604,5557.212073,676.36322,562.568909,0.004294,0.004601
429,4,0,0,100.9041,0.0,13.5,0.006828093,72.0046224287686,7.256469727,0.0,-0.008628387,-0.065409064,5.540409064,5573.401401,0.0,0.0,0.0,0.0
430,4,0,0,101.0693,0.0,13.7,0.006734362,72.3488463822578,7.651977539,0.0,-0.012463226,-0.076761127,5.551761127,5588.240208,712.580078,590.318115,0.004724,0.00491
431,4,0,0,101.1798,0.0,13.7,0.006657923,72.4986911606142,5.671691895,0.0,0.0,-0.1172539,5.5922539,5604.426571,684.390198,582.356201,0.004661,0.00492
432,4,0,0,101.4569,0.0,13.5,0.006631904,72.5198775745386,6.421508789,0.0,-0.004793549,-0.162799001,5.637799001,5618.588354,0.0,0.0,0.0,0.0
433,4,0,0,101.5682,0.0,13.5,0.006625219,72.6167664730194,6.773071289,0.0,-0.004793549,-0.221938252,5.696938252,5635.446042,683.634827,585.768127,0.005036,0.005303
434,4,0,0,102.0158,0.0,13.7,0.006620079,72.7222716169262,7.124633789,0.0,-0.003259613,-0.281364799,5.756364799,5650.279466,0.0,0.0,0.0,0.0
435,4,0,0,102.2411,0.0,13.7,0.006613457,72.8648430475262,7.168579102,0.0,-0.001725677,-0.363726497,5.838726497,5666.459918,0.0,0.0,0.0,0.0
436,4,0,0,102.5809,0.0,13.5,0.006610131,72.9874389477112,7.168579102,0.0,0.039882324,-0.438645959,5.913645959,5681.290655,679.943481,632.157776,0.004638,0.004798
437,4,0,0,102.923,0.0,13.5,0.006604952,73.1190814791184,7.168579102,0.0,0.03451355,-0.464918494,5.939918494,5697.468213,756.393677,609.594116,0.004747,0.0
438,4,0,0,103.0375,75.0,13.6,0.006593618,73.2321143913422,7.124633789,0.0,0.023009033,-0.396840096,5.871840096,5711.5832,720.786072,608.505493,0.00486,0.005124
439,4,0,0,103.325,103.0,13.6,0.006559532,73.3673101040684,7.080688477,0.0,0.014572388,-0.234886885,5.709886885,5728.265902,0.0,0.0,0.0,0.0
440,4,0,0,103.7883,115.0,13.5,0.006502147,73.4803470235488,7.124633789,0.0,0.0,-0.048345804,5.523345804,5742.922058,0.0,0.0,0.0,0.0
441,4,0,0,104.0215,121.0,13.5,0.006425828,73.6086300898928,7.212524414,0.0,-0.020132904,0.172281027,5.302718973,5758.911954,705.348511,636.940491,0.005053,0.005384
442,4,0,0,104.4321,125.0,13.6,0.006384179,73.7193904852894,7.124633789,0.0,-0.061549164,0.323976994,5.151023006,5772.913369,729.996094,626.040894,0.004914,0.005134
443,4,0,0,104.2557,127.0,13.6,0.006380506,73.8374334177738,7.168579102,0.0,-0.048510712,0.346713305,5.128286695,5789.659711,687.566589,472.114807,0.004846,0.005239
444,4,0,0,104.2557,127.0,13.8,0.006396532,73.9435087186558,7.212524414,0.0,0.046785034,0.226605892,5.248394108,5803.755315,678.721985,343.271393,0.004944,0.005429
445,4,0,0,104.491,128.0,13.8,0.00640764,74.0626408363588,7.124633789,0.0,0.037581421,0.092926979,5.382073021,5820.547533,763.905273,786.498779,0.004291,0.004436
446,4,0,0,104.6682,129.0,13.9,0.006402134,74.1587927375866,7.124633789,0.0,0.023009033,0.08443737,5.39056263,5835.346399,695.098022,581.269714,0.004619,0.005012
447,4,0,0,105.1436,130.0,13.9,0.006388409,74.2716662607768,7.080688477,0.0,-0.005560516,0.15353179,5.32146821,5851.52092,669.722473,607.351013,0.004902,0.005413
448,4,0,0,105.383,131.0,14.0,0.006387183,74.3652913372706,7.124633789,0.0,-0.001725677,0.22608757,5.24891243,5865.700739,666.334778,622.438477,0.005293,0.005731
449,4,0,0,105.6837,133.0,14.0,0.006417451,74.4698902940102,7.124633789,0.0,-0.003259613,0.307076216,5.167923784,5882.613674,719.970886,657.178528,0.00497,0.005331
450,4,0,0,105.9861,135.0,14.1,0.006478836,74.5620614766546,7.036743164,0.0,-0.016298065,0.367293835,5.107706165,5896.846467,744.984985,787.604614,0.004648,0.004968
451,4,0,0,106.4736,137.0,14.1,0.006587596,74.6615770916032,7.124633789,0.0,-0.015531097,0.388622999,5.086377001,5913.820142,680.115479,597.004517,0.004203,0.004611
452,4,0,0,106.719,139.0,14.2,0.006709507,74.750751940662,7.036743164,0.0,-0.015531097,0.368671179,5.106328821,5928.102856,686.1745,341.122986,0.004745,0.005228
453,4,0,0,106.9656,141.0,14.2,0.006853175,74.8482201210758,7.036743164,0.0,-0.007094452,0.304873705,5.170126295,5945.136214,698.57251,613.803101,0.005339,0.005776
454,4,0,0,107.2133,144.0,14.0,0.006951344,74.930676233129,7.080688477,0.0,-0.001725677,0.222664833,5.252335167,5959.469986,616.846802,631.531311,0.00526,0.005713
455,4,0,0,107.587,146.0,14.0,0.007016466,75.0271400244488,7.036743164,0.0,-0.001725677,0.115706444,5.359293556,5975.878401,753.795715,794.240295,0.004294,0.004663
456,4,0,0,107.8376,149.0,14.1,0.007044567,75.1097107536968,7.036743164,0.0,0.003834839,0.018540859,5.456459141,5990.943888,729.67041,979.633301,0.003716,0.003845
457,4,0,0,108.0894,151.0,14.1,0.007064577,75.188099500301,7.080688477,0.0,0.003834839,-0.071921945,5.546921945,6005.346737,680.226624,572.999084,0.004569,0.00497
458,4,0,0,108.4693,153.0,13.9,0.007091354,75.279719548369,7.036743164,0.0,0.003834839,-0.171010613,5.646010613,6022.519413,693.260925,600.025879,0.004957,0.005338
459,4,0,0,108.7879,154.0,13.9,0.007118699,75.352999155462,7.036743164,0.0,0.003834839,-0.244096279,5.719096279,6037.654693,749.426086,768.239685,0.004934,0.005314
460,4,0,0,109.0441,156.0,14.0,0.007153063,75.4422538438782,6.992797852,0.0,0.003834839,-0.321926594,5.796926594,6054.190574,739.288086,785.194519,0.004299,0.004757
461,4,0,0,109.1727,158.0,14.0,0.007178341,75.5154310003868,7.036743164,0.0,0.003834839,-0.377411127,5.852411127,6068.679871,660.121826,581.488892,0.005011,0.00546
462,4,0,0,109.5602,160.0,13.8,0.007173737,75.5989086570984,7.080688477,0.0,0.055988647,-0.42591083,5.90091083,6085.953342,699.039307,641.947571,0.005403,0.005991
463,4,0,0,109.8201,161.0,13.8,0.007132737,75.666891829691,7.036743164,0.0,0.037581421,-0.382116795,5.857116795,6100.483096,579.759705,695.535278,0.0,0.006573
464,4,0,0,110.1467,162.0,13.9,0.007076224,75.7463854525788,7.080688477,0.0,0.026843872,-0.20107162,5.67607162,6117.803764,687.792419,650.164795,0.005028,0.005203
465,4,0,0,110.2779,162.0,13.9,0.007043817,75.8178527014308,7.036743164,0.0,0.009203613,0.051316619,5.423683381,6133.066403,685.930115,589.079895,0.004487,0.004965
466,4,0,0,110.6072,162.0,13.7,0.007016796,75.8944104858236,6.992797852,0.0,-0.032404388,0.349550962,5.125449038,6149.738056,645.626892,573.906616,0.004312,0.00472
467,4,0,0,110.8721,162.0,13.7,0.006971669,75.9618915443362,7.080688477,0.0,-0.068451874,0.568391562,4.906608438,6164.343815,0.0,0.0,0.0,0.0
468,4,0,0,111.3387,162.0,13.6,0.006878807,76.0362107850692,7.036743164,0.0,-0.016298065,0.664416075,4.810583925,6181.753292,708.974792,601.692688,0.004649,0.004958
469,4,0,0,111.4728,162.0,13.6,0.006782737,76.0990840617608,7.036743164,0.0,-0.007094452,0.667429447,4.807570553,6196.395143,716.155701,605.223694,0.005103,0.005472
470,4,0,0,111.8768,162.0,13.4,0.006695924,76.173366416421,7.080688477,0.0,-0.005560516,0.651424408,4.823575592,6213.84691,724.181702,473.727386,0.004991,0.005423
471,4,0,0,112.1479,161.0,13.4,0.006652358,76.238216702929,7.036743164,0.0,-0.017832001,0.623684406,4.851315594,6228.523636,745.800903,788.03009,0.004387,0.004668
472,4,0,0,112.2839,161.0,13.3,0.006620074,75.8128358575686,0.0,19.49157715,-0.008628387,0.54425025,4.93074975,6246.016118,741.157715,779.874023,0.004679,0.005005
473,4,0,0,112.6938,160.0,13.3,0.006584622,75.3099319617768,0.0,19.93103027,0.012271484,0.450065374,5.024934626,6260.725908,747.929993,780.18988,0.004344,0.00454
474,4,0,0,113.0378,160.0,13.4,0.006527347,74.7368457463758,0.0,19.1986084,0.032212646,0.347223282,5.127776718,6277.553598,715.582703,604.713806,0.004715,0.005881
475,4,0,0,113.2452,161.0,13.4,0.006467093,74.2592630130232,0.0,0.0,0.046785034,0.329099178,5.145900822,6292.994287,731.186707,787.31842,0.00472,0.004887
476,4,0,0,113.5228,162.0,13.3,0.006403453,74.111292117976,5.715637207,0.0,0.046785034,0.44017911,5.03482089,6310.560449,739.106018,781.461487,0.004774,0.004959
477,4,0,0,113.9419,163.0,13.3,0.006371573,74.0904193161374,5.58380127,0.0,0.046785034,0.639855385,4.835144615,6325.333506,724.813171,602.140503,0.005046,0.005304
478,4,0,0,114.0121,164.0,13.5,0.006371533,74.06476786885,5.58380127,0.0,0.012271484,0.995753527,4.479246473,6342.939175,708.381714,610.943909,0.004949,0.005218
479,4,0,0,114.4348,165.0,13.5,0.006400376,74.0437966236836,5.58380127,0.0,-0.004793549,1.354535341,4.120464659,6357.743045,681.466309,599.545471,0.004967,0.005348
480,4,0,0,114.6473,165.0,13.3,0.006467324,73.8837702753502,3.518371582,0.0,-0.004793549,1.742008924,3.732991076,6374.678471,749.987305,789.533325,0.004225,0.004551
481,4,0,0,115.0033,166.0,13.3,0.006556061,73.7071728266246,3.518371582,0.0,-0.004793549,-1.518378019,3.343378019,6390.157134,747.688171,785.047729,0.004084,0.004102
482,4,0,0,115.218,167.0,13.2,0.006657092,73.5285243706294,3.869934082,0.0,-0.004793549,-1.174506903,2.999506903,6407.604245,681.940491,592.01709,0.004349,0.004737
483,4,0,0,115.4335,167.0,13.2,0.006687037,73.4237261615044,5.58380127,0.0,-0.012463226,-0.859433413,2.684433413,6422.144157,695.642212,581.295776,0.004835,0.005124
484,4,0,0,116.012,167.0,13.1,0.006617839,73.4335789111326,5.58380127,0.0,-0.024734711,-0.539942026,2.364942026,6438.64165,1279.990356,768.143005,0.0,0.004869
485,4,0,0,116.1575,167.0,13.1,0.006497168,73.4200810546846,6.817016602,0.0,-0.013997162,-0.300830603,2.125830603,6453.735387,676.429321,593.473999,0.004525,0.004866
486,4,0,0,116.3765,168.0,13.0,0.006362041,73.4918510686708,6.377563477,0.0,-0.013997162,-0.092518091,1.917518091,6470.193042,683.875427,605.335205,0.005131,0.005496
487,4,0,0,116.5963,168.0,13.0,0.006288713,73.4957501293426,5.451965332,0.0,-0.019365936,0.050540209,1.774459791,6485.27265,687.223999,623.330505,0.005582,0.005718
488,4,0,0,117.1125,168.0,12.9,0.0062715,73.2992008718736,1.494140625,0.0,-0.017832001,0.152034998,1.672965002,6502.388796,691.031128,619.375305,0.005626,0.0058
489,4,0,0,117.3351,168.0,12.9,0.0063073,73.0726475300598,3.782043457,0.0,0.00690271,0.196787596,1.628212404,6516.727743,700.585999,645.779907,0.005573,0.005997
490,4,0,0,117.484,168.0,12.8,0.006376654,73.010629649765,5.58380127,0.0,-0.010162323,0.238257647,1.586742353,6533.072861,742.660522,703.279297,0.005241,0.005569
491,4,0,0,117.7829,168.0,12.8,0.006425239,73.0020496788626,5.58380127,0.0,-0.008628387,0.254074812,1.570925188,6548.027947,630.545471,735.877686,0.0,0.005592
492,4,0,0,118.1586,168.0,12.7,0.00642762,72.9921391700218,5.58380127,0.0,-0.008628387,0.251518965,1.573481035,6564.341582,0.0,0.0,0.005055,0.0
493,4,0,0,118.461,169.0,12.7,0.006376152,72.9835981612408,5.58380127,0.0,-0.008628387,0.228783846,1.596216154,6578.618228,691.374329,640.816895,0.004671,0.004879
494,4,0,0,118.5368,171.0,12.7,0.006284448,72.97365063758,5.58380127,0.0,0.0,0.18258357,1.64241643,6595.628121,712.840515,633.172607,0.004539,0.004929
495,4,0,0,118.5368,172.0,12.7,0.006207997,72.9629257061388,5.451965332,0.0,-0.003259613,0.132988214,1.692011786,6610.591398,698.77533,594.166504,0.004746,0.005048
496,4,0,0,119.2236,174.0,12.6,0.006158281,72.9481173480354,5.364074707,0.0,-0.004793549,0.07668376,1.74831624,6626.859028,746.891602,798.370911,0.004152,0.004619
497,4,0,0,119.5314,176.0,12.6,0.006164489,72.9294334256242,5.539855957,0.0,0.018407227,0.014877558,1.810122442,6641.734037,702.760681,591.928101,0.004526,0.005029
498,4,0,0,119.7633,177.0,12.2,0.006220881,72.904411439491,5.58380127,0.0,0.016106323,-0.02805686,1.85305686,6657.956812,687.534912,586.002075,0.004844,0.005112
499,4,0,0,119.3004,177.0,12.2,0.006297014,72.8792806780672,5.364074707,0.0,0.013038452,-0.026259184,1.851259184,6672.149768,693.481323,590.243713,0.004849,0.005287
500,4,0,0,118.6127,177.0,12.2,0.006403503,72.8250376963398,4.573059082,0.0,0.008436646,0.010979891,1.814020109,6689.043733,698.378784,588.469116,0.004599,0.004954
501,4,0,0,118.6127,178.0,12.2,0.006501507,72.7523846053088,5.23223877,0.0,0.0,0.066586256,1.758413744,6703.90821,703.568115,586.265991,0.004487,0.004929
502,4,0,0,116.9645,179.0,12.2,0.006598213,72.7152485376332,5.100402832,0.0,-0.005560516,0.13725543,1.68774457,6720.121219,699.546997,584.635803,0.00392,0.004187
503,4,0,0,116.2304,198.0,12.2,0.006655137,72.678195286594,5.05645752,0.0,-0.005560516,0.187692404,1.637307596,6734.304416,723.671204,691.231323,0.004737,0.004939
504,4,0,0,116.3765,221.0,11.9,0.006686551,72.6346915916206,5.05645752,0.0,-0.008628387,0.227235079,1.597764921,6751.184177,684.303284,575.51239,0.004742,0.005161
505,4,0,0,117.0385,231.0,11.9,0.006697247,72.5972504252678,4.968566895,0.0,-0.008628387,0.233340979,1.591659021,6765.358128,695.64447,587.491882,0.004994,0.005399
506,4,0,0,117.708,236.0,11.9,0.006704993,72.5535685763564,5.100402832,0.0,-0.008628387,0.217367411,1.607632589,6782.223229,712.665283,625.629028,0.00519,0.005669
507,4,0,0,118.461,238.0,11.9,0.00670579,72.5154304048496,4.88067627,0.0,0.00690271,0.182739973,1.642260027,6797.04816,720.413879,651.187683,0.005073,0.005543
508,4,0,0,118.6887,239.0,11.9,0.006681623,72.4722667312314,5.188293457,0.0,0.00690271,0.140225172,1.684774828,6813.209378,652.621277,647.547913,0.005437,0.005848
509,4,0,0,118.9174,238.0,11.9,0.006629842,72.4335302392994,5.012512207,0.0,0.00690271,0.11788249,1.70711751,6827.341897,734.316528,750.03418,0.004559,0.004831
510,4,0,0,119.5314,237.0,11.9,0.006547703,72.3902390254862,5.144348145,0.0,0.003834839,0.108330488,1.716669512,6844.155978,693.463074,597.75293,0.004337,0.004673
511,4,0,0,119.7633,237.0,11.9,0.006469499,72.3521488123114,5.05645752,0.0,0.003834839,0.109638929,1.715361071,6858.271071,692.112183,590.302673,0.004626,0.004993
512,4,0,0,119.9962,237.0,11.9,0.00636438,72.2810392070876,3.738098145,0.0,0.003834839,0.121462107,1.703537893,6875.064117,712.502991,339.895203,0.004845,0.00536
513,4,0,0,120.308,236.0,11.9,0.006241548,72.1392414345058,3.82598877,0.0,-0.000959,0.137903929,1.687096071,6889.161377,696.802795,602.783386,0.004411,0.004878
514,4,0,0,120.8576,236.0,11.6,0.006071023,71.9763807165644,3.82598877,0.0,-0.000959,0.16016221,1.66483779,6905.933551,634.388123,604.808899,0.0,0.005272
515,4,0,0,121.0156,236.0,11.6,0.005919514,71.8265161755128,4.00177002,0.0,-0.017832001,0.178285837,1.646714163,6920.013356,630.312012,581.424194,0.0,0.005054
516,4,0,0,121.4123,235.0,11.7,0.005763073,71.68524924373,3.957824707,0.0,-0.010929291,0.163323641,1.661676359,6936.094759,703.885986,582.529175,0.004174,0.004299
517,4,0,0,121.6515,234.0,11.7,0.005641105,71.5580041694992,3.957824707,0.0,-0.010929291,0.103616476,1.721383524,6950.824809,747.254211,780.343811,0.004149,0.004386
518,4,0,0,121.972,234.0,11.7,0.005515975,71.4328684089262,4.35333252,0.0,0.029144775,0.02033782,1.80466218,6967.527737,677.220886,589.539429,0.004438,0.004808
519,4,0,0,122.2135,234.0,11.7,0.00542314,71.393053128112,6.201782227,0.0,0.003834839,-0.011936426,1.836936426,6981.5256,707.494019,611.758606,0.004926,0.005316
520,4,0,0,122.456,234.0,11.7,0.005345977,71.4812234915164,6.289672852,0.0,0.003834839,-0.029127359,1.854127359,6998.149241,0.0,0.0,0.0,0.0
521,4,0,0,122.8622,233.0,11.7,0.005306025,71.5322557433834,5.806274414,0.0,0.003834839,-0.036094904,1.861094904,7012.083877,697.017883,587.793701,0.004358,0.004748
522,4,0,0,123.1072,233.0,12.0,0.005285672,71.5585924315494,5.75958252,0.0,-0.004793549,-0.034857512,1.859857512,7027.97626,649.10498,581.86792,0.0,0.005439
523,4,0,0,123.1891,233.0,12.0,0.005284081,71.5842268842064,5.75958252,0.0,0.003067871,-0.033303022,1.858303022,7042.521843,747.908508,777.647888,0.004458,0.004809
524,4,0,0,123.5178,233.0,12.3,0.005289808,71.6036755327988,5.671691895,0.0,0.003834839,-0.031685114,1.856685114,7059.058108,704.116272,589.522827,0.004771,0.005221
525,4,0,0,123.9311,233.0,12.3,0.00529603,71.6165953947858,5.627746582,0.0,0.001533936,-0.022791624,1.847791624,7072.963573,686.837219,578.006897,0.004394,0.004855
526,4,0,0,124.2637,232.0,12.3,0.005314564,71.6313135654756,5.671691895,0.0,-0.010929291,-0.002889395,1.827889395,7088.863373,665.399414,586.643494,0.004859,0.005243
527,4,0,0,124.5144,232.0,12.3,0.005346646,71.6431150166296,5.671691895,0.0,-0.010162323,0.007921457,1.817078543,7103.444047,754.030518,760.067993,0.004895,0.005218
528,4,0,0,123.6828,232.0,12.6,0.005395456,71.6582404468998,5.671691895,0.0,0.001533936,-0.00554204,1.83054204,7119.355032,688.645691,598.51062,0.004583,0.005001
529,4,0,0,121.972,232.0,12.6,0.005440399,71.6714273949532,5.671691895,0.0,0.001533936,-0.024840117,1.849840117,7133.943435,756.551697,585.647095,0.005139,0.005669
530,4,0,0,120.5429,232.0,12.5,0.005483286,71.6835538523202,5.627746582,0.0,0.001533936,-0.042569876,1.867569876,7150.524653,835.204407,579.461487,0.004627,0.004985
531,4,0,0,114.0121,232.0,12.5,0.005509209,71.6936194532568,5.671691895,0.0,0.003067871,-0.05482173,1.87982173,7164.455814,771.439575,574.206726,0.004514,0.004933
532,4,0,0,105.744,232.0,12.8,0.005538239,71.7945368355322,9.632263184,0.0,-0.003259613,-0.065294981,1.890294981,7180.380746,754.07373,787.113892,0.00462,0.004967
533,4,0,0,87.382,232.0,12.8,0.005583143,72.0526888601364,8.618774414,0.0,-0.003259613,-0.077723265,1.902723265,7194.981596,0.0,0.0,0.0,0.0
534,4,0,0,75.7633,232.0,13.0,0.005657214,72.2341525024068,7.651977539,0.0,-0.000959,-0.09981513,1.92481513,7211.576631,705.818176,587.820679,0.004422,0.004714
535,4,0,0,73.3913,232.0,13.0,0.005708615,72.2572705266662,5.58380127,0.0,0.0,-0.120803595,1.945803595,7225.539419,690.968506,585.07782,0.004252,0.004499
536,4,0,0,75.1179,232.0,13.2,0.005712535,72.2564433741864,5.58380127,0.0,0.005368774,-0.144971132,1.969971132,7241.558775,691.716492,579.956116,0.004533,0.004927
537,4,0,0,77.4425,232.0,13.2,0.00567254,72.260176865959,5.715637207,0.0,0.013038452,-0.155578375,1.980578375,7256.274555,0.0,0.0,0.0,0.0
538,4,0,0,79.1979,232.0,13.4,0.005609932,72.2827474893108,6.201782227,0.0,0.014572388,-0.14201045,1.96701045,7272.330928,0.0,0.0,0.0,0.0
539,4,0,0,80.5763,232.0,13.4,0.005559614,72.3293227062346,6.201782227,0.0,-0.000959,-0.097155809,1.922155809,7287.04951,0.0,0.0,0.0,0.0
540,4,0,0,81.8585,232.0,13.5,0.005504185,72.3825603976376,6.245727539,0.0,-0.004793549,-0.035964727,1.860964727,7303.778766,0.0,0.0,0.0,0.0
541,4,0,0,82.7363,0.0,13.5,0.005441106,72.4426518174854,7.564086914,0.0,-0.004793549,0.0084517,1.8165483,7317.84106,0.0,0.0,0.0,0.0
542,4,0,0,83.4446,0.0,13.4,0.005344721,72.6039454406018,7.564086914,0.0,-0.004793549,0.04938817,1.77561183,7333.924644,0.0,0.0,0.0,0.0
543,4,0,0,84.2417,0.0,13.4,0.005255424,72.7418005554912,7.520141602,0.0,-0.005560516,0.073978186,1.751021814,7348.687578,0.0,0.0,0.0,0.0
544,4,0,0,85.0543,0.0,13.5,0.0051769,72.8989035055278,7.564086914,0.0,-0.004793549,0.087363958,1.737636042,7364.831846,0.0,0.0,0.0,0.0
545,4,0,0,85.6839,0.0,13.5,0.005138942,73.0561750500228,7.915649414,0.0,0.010737549,0.09190011,1.73309989,7378.99157,0.0,0.0,0.0,0.0
546,4,0,0,86.2426,0.0,13.7,0.005125144,73.2428062508464,7.871704102,0.0,-0.000959,0.111916304,1.713083696,7395.890033,0.0,0.0,0.0,0.0
547,4,0,0,86.9716,0.0,13.7,0.005132128,73.4027900160434,7.959594727,0.0,-0.001725677,0.143614054,1.681385946,7410.802143,0.0,0.0,0.0,0.0
548,4,0,0,87.4233,0.0,13.8,0.005152947,73.5723163627704,7.871704102,0.0,-0.001725677,0.174297571,1.650702429,7425.072473,0.0,0.0,0.0,0.0
549,4,0,0,87.9214,0.0,13.8,0.005195713,73.7553580755646,7.871704102,0.0,0.00690271,0.206579924,1.618420076,7442.106044,0.0,0.0,0.0,0.0
550,4,0,0,88.3829,0.0,13.9,0.005256214,73.9065593827004,7.871704102,0.0,-0.005560516,0.243678331,1.581321669,7456.451099,0.0,0.0,0.0,0.0
551,4,0,0,89.0631,0.0,13.9,0.005354728,74.0851544407944,7.827758789,0.0,-0.02856955,0.293193102,1.531806898,7472.886023,0.0,0.0,0.0,0.0
552,4,0,0,89.58,0.0,13.7,0.005464432,74.238896284241,7.827758789,0.0,-0.032404388,0.305392027,1.519607973,7487.989062,0.0,0.0,0.0,0.0
553,4,0,0,89.8844,0.0,13.7,0.005615795,74.420902821267,7.959594727,0.0,-0.019365936,0.242263079,1.582736921,7505.195605,0.0,0.0,0.0,0.0
554,4,0,0,90.2788,0.0,13.8,0.005765535,74.5726511269754,7.827758789,0.0,0.009203613,0.149891615,1.675108385,7519.684718,0.0,0.0,0.0,0.0
555,4,0,0,90.7211,0.0,13.8,0.0059316,74.7431471171458,7.827758789,0.0,0.003067871,0.058306932,1.766693068,7536.282631,0.0,0.0,0.0,0.0
556,4,0,0,90.9438,0.0,13.7,0.006042724,74.888853509879,7.871704102,0.0,0.010737549,-0.011864424,1.836864424,7551.533005,0.0,0.0,0.0,0.0
557,4,0,0,91.3476,0.0,13.7,0.006099743,75.0593341469458,7.871704102,0.0,0.00690271,-0.063911676,1.888911676,7568.208203,0.0,0.0,0.0,0.0
558,4,0,0,91.3926,0.0,13.8,0.00607771,75.2405867081818,8.399047852,0.0,0.00690271,-0.085656404,1.910656404,7583.535385,0.0,0.0,0.0,0.0
559,4,0,0,92.1659,0.0,13.8,0.005978862,75.444749157735,8.442993164,0.0,0.012271484,-0.090234041,1.915234041,7601.002764,0.0,0.0,0.0,0.0
560,4,0,0,92.5806,0.0,13.6,0.00584744,75.6263977614516,8.399047852,0.0,0.001533936,-0.072661638,1.897661638,7615.71588,0.0,0.0,0.0,0.0
561,4,0,0,92.8591,0.0,13.6,0.005689541,75.8311576623864,8.399047852,0.0,-0.008628387,-0.0457232,1.8707232,7632.575554,0.0,0.0,0.0,0.0
562,4,0,0,93.3271,0.0,13.8,0.005587165,76.0023200158772,8.442993164,0.0,-0.008628387,-0.038501501,1.863501501,7648.063127,0.0,0.0,0.0,0.0
563,4,0,0,93.6575,0.0,13.8,0.005537194,75.8220371785516,0.0,10.11657715,-0.008628387,-0.055464029,1.880464029,7664.863105,0.0,0.0,0.0,0.0
564,4,0,0,93.9426,0.0,13.6,0.005548962,75.3008770263602,0.0,14.80407715,0.021475098,-0.092332125,1.917332125,7679.449407,0.0,0.0,0.0,0.0
565,4,0,0,94.2774,0.0,13.6,0.005613707,74.7278996023432,0.0,15.82946777,0.013038452,-0.113684893,1.938684893,7696.676942,0.0,0.0,0.0,0.0
566,4,0,0,94.7113,0.0,13.7,0.005708642,74.214899013166,0.0,16.56188965,0.00690271,-0.091302156,1.916302156,7711.714902,0.0,0.0,0.0,0.0
567,4,0,0,95.0516,0.0,13.7,0.005854732,73.6329758635448,0.0,15.0970459,0.00690271,-0.039509535,1.864509535,7727.990528,0.0,0.0,0.0,0.0
568,4,0,0,95.3452,0.0,13.6,0.006012942,73.128339432776,0.0,6.307983398,0.00690271,0.024914026,1.800085974,7742.84527,0.0,0.0,0.0,0.0
569,4,0,0,95.6901,0.0,13.6,0.006234825,72.9445473169266,8.399047852,0.0,-0.013997162,0.103564978,1.721435022,7759.09003,0.0,0.0,0.0,0.0
570,4,0,0,95.9877,0.0,13.7,0.00647768,73.1218500267204,7.564086914,0.0,-0.004793549,0.149327517,1.675672483,7773.336538,0.0,0.0,0.0,0.0
571,4,0,0,96.2371,0.0,13.7,0.006830446,73.2891768401892,7.432250977,0.0,-0.004793549,0.180843115,1.644156885,7790.332662,0.0,0.0,0.0,0.0
572,4,0,0,96.5381,0.0,13.8,0.007219298,73.418996214684,7.388305664,0.0,-0.005560516,0.195927382,1.629072618,7805.318676,0.0,0.0,0.0,0.0
573,4,0,0,96.9424,0.0,13.8,0.007761716,73.559993147495,7.212524414,0.0,0.012271484,0.201727629,1.623272371,7821.696607,0.0,0.0,0.0,0.0
574,4,0,0,97.1968,0.0,13.9,0.008314979,73.6718503885686,7.256469727,0.0,-0.003259613,0.216569185,1.608430815,7836.051531,0.0,0.0,0.0,0.0
575,4,0,0,97.4013,0.0,13.9,0.008988174,73.7984826744076,7.256469727,0.0,-0.003259613,0.235358,1.589642,7853.163327,0.0,0.0,0.0,0.0
576,4,0,0,97.6582,0.0,14.0,0.009490206,73.8899085234178,6.948852539,0.0,-0.003259613,0.243519545,1.581480455,7867.556067,0.0,0.0,0.0,0.0
577,4,0,0,98.1239,0.0,14.0,0.009742216,73.9829657121058,6.904907227,0.0,-0.003259613,0.243951559,1.581048441,7884.71404,748.489624,606.802612,0.004998,0.005239
578,4,0,0,98.2801,0.0,14.1,0.00959798,74.0664756843646,6.948852539,0.0,-0.003259613,0.236552,1.588448,7899.789397,0.0,0.0,0.0,0.0
579,4,0,0,98.4892,0.0,14.1,0.009179667,74.1699317843966,5.627746582,0.0,-0.004793549,0.218838453,1.606161547,7916.109745,0.0,0.0,0.0,0.0
580,4,0,0,98.7518,0.0,14.2,0.008786636,73.8602957822808,0.0,10.4095459,-0.000959,0.18734479,1.63765521,7930.283062,811.307007,802.779724,0.004643,0.0
581,4,0,0,99.0158,0.0,14.2,0.008400525,73.2814681820562,0.0,16.41540527,-0.000959,0.128660917,1.696339083,7947.125799,764.766296,576.820496,0.004822,0.005273
582,4,0,0,99.228,0.0,14.3,0.008107949,72.7855986631242,2.63671875,0.0,0.009203613,0.072752237,1.752247763,7961.30287,745.028076,791.265625,0.004703,0.005109
583,4,0,0,99.4411,0.0,14.3,0.007801747,72.7824882595194,7.564086914,0.0,0.005368774,0.020689249,1.804310751,7978.21095,741.751709,789.294189,0.004441,0.004732
584,4,0,0,99.8163,0.0,14.7,0.007553305,72.9193420752476,7.168579102,0.0,0.00690271,-0.011711836,1.836711836,7992.434643,762.249695,786.626099,0.004745,0.005135
585,4,0,0,100.032,0.0,14.7,0.007291089,73.0505828349238,6.992797852,0.0,0.005368774,-0.031512022,1.856512022,8009.389871,693.886902,580.004089,0.004646,0.004983
586,4,0,0,100.2486,0.0,14.7,0.007082551,73.140359915104,6.773071289,0.0,0.009203613,-0.03525281,1.86025281,8023.650563,0.0,0.0,0.0,0.0
587,4,0,0,100.5207,0.0,14.7,0.006877496,73.2366289762838,6.685180664,0.0,0.010737549,-0.019970655,1.844970655,8039.967906,688.988892,580.213379,0.004527,0.004915
588,4,0,0,100.9041,0.0,14.7,0.006733042,73.3162783350034,6.729125977,0.0,0.010737549,0.017877817,1.807122183,8054.939054,692.58313,609.048279,0.004935,0.00527
589,4,0,0,101.1245,0.0,14.7,0.006597293,73.4118685604778,6.729125977,0.0,-0.000959,0.086171389,1.738828611,8071.965183,0.0,0.0,0.0,0.0
590,4,0,0,101.1798,0.0,14.7,0.006481149,73.4755031515498,6.377563477,0.0,-0.010162323,0.143879175,1.681120825,8086.276706,711.921692,596.559387,0.00479,0.005103
591,4,0,0,101.5682,0.0,14.7,0.006328417,73.5343539794718,6.245727539,0.0,-0.010162323,0.185940027,1.639059973,8103.322612,700.790588,586.403809,0.004414,0.004729
592,4,0,0,101.9597,0.0,14.8,0.006176874,73.582755732922,6.245727539,0.0,-0.016298065,0.191115141,1.633884859,8117.645484,700.922119,585.771729,0.004317,0.004612
593,4,0,0,102.0158,0.0,14.8,0.00599902,73.6246744211162,6.201782227,0.0,-0.010162323,0.153298616,1.671701384,8134.017103,737.105225,827.408203,0.004251,0.004624
594,4,0,0,102.2976,0.0,14.5,0.005856143,73.652029209953,6.069946289,0.0,0.005368774,0.097959757,1.727040243,8149.024284,692.783813,584.906189,0.004584,0.005048
595,4,0,0,101.3459,0.0,14.5,0.005726457,73.6692018977306,5.938110352,0.0,0.025309937,0.028262377,1.796737623,8166.075004,702.191528,590.55719,0.004738,0.00505
596,4,0,0,98.8045,0.0,14.5,0.00565077,73.6761694387002,5.806274414,0.0,0.009203613,0.013168097,1.811831903,8180.393916,677.961975,617.79187,0.004742,0.005009
597,4,0,0,93.8474,0.0,14.5,0.005599623,73.6741568624698,5.715637207,0.0,0.0,0.038673639,1.786326361,8196.754567,714.43811,611.880615,0.004995,0.005258
598,4,0,0,81.1412,0.0,14.3,0.005569041,73.6618131281094,5.58380127,0.0,0.0,0.06747365,1.75752635,8211.748487,678.473877,592.106201,0.004526,0.004755
599,4,0,0,72.9576,0.0,14.3,0.005537336,73.642962671195,5.58380127,0.0,0.0,0.10042882,1.72457118,8228.101668,1186.20459,456.374298,0.003965,0.004271
600,4,0,0,70.2721,0.0,14.4,0.005514365,73.627511236921,5.627746582,0.0,0.0,0.12908864,1.69591136,8243.078569,1353.63623,763.955627,0.003441,0.003828
601,4,0,0,70.2988,0.0,14.4,0.005499059,73.610980257375,5.627746582,0.0,-0.008628387,0.154352427,1.670647573,8260.056375,727.284302,609.280396,0.003978,0.004352
602,4,0,0,71.4378,0.0,14.1,0.005495015,73.596504726877,5.58380127,0.0,-0.005560516,0.153623343,1.671376657,8274.29119,211.114197,783.172913,0.003659,0.00389
603,4,0,0,73.1016,0.0,14.1,0.005499943,73.5743561690336,3.562316895,0.0,0.008436646,0.143790483,1.681209517,8290.531278,693.979187,573.580688,0.004311,0.004465
604,4,0,0,74.3638,0.0,13.9,0.005508791,73.398317885491,3.82598877,0.0,0.008436646,0.154609442,1.670390558,8305.39315,701.008179,825.57312,0.004163,0.004329
605,4,0,0,75.4239,0.0,13.9,0.005516417,73.259365136348,4.265441895,0.0,-0.004793549,0.179295778,1.645704222,8321.592705,748.229919,804.710083,0.004599,0.004828
606,4,0,0,76.1684,0.0,13.7,0.005519631,73.148527235137,4.35333252,0.0,-0.007094452,0.185334921,1.639665079,8335.763941,846.002075,598.545105,0.004505,0.004908
607,4,0,0,76.7684,0.0,13.7,0.005525689,73.0221876399638,4.441223145,0.0,-0.016298065,0.176322222,1.648677778,8352.632009,717.457275,583.870972,0.004244,0.004617
608,4,0,0,77.4102,0.0,13.6,0.005540587,72.9246965586418,5.23223877,0.0,0.0,0.139406919,1.685593081,8367.473621,698.814575,583.164429,0.004303,0.00465
609,4,0,0,78.0628,0.0,13.6,0.00557489,72.8933847728932,5.58380127,0.0,0.0,0.077608347,1.747391653,8383.66205,593.745911,566.010376,0.004352,0.004829
610,4,0,0,78.4597,0.0,13.4,0.005619764,72.8819689839768,5.539855957,0.0,0.010737549,0.024606943,1.800393057,8398.49941,508.608307,545.05188,0.004657,0.005062
611,4,0,0,78.8942,0.0,13.4,0.005680639,72.8713245195356,5.58380127,0.0,0.010737549,-0.016581774,1.841581774,8414.683307,657.224426,624.509094,0.005119,0.005715
612,4,0,0,79.3336,0.0,13.3,0.005737329,72.8611828450972,5.495910645,0.0,0.010737549,-0.028509855,1.853509855,8428.842302,698.662415,605.920105,0.004327,0.004459
613,4,0,0,79.6064,0.0,13.3,0.005808477,72.8508311356954,5.58380127,0.0,0.003067871,-0.012756109,1.837756109,8445.695792,0.0,0.0,0.004498,0.0
614,4,0,0,80.0538,0.0,13.4,0.005878535,72.8423042408262,5.539855957,0.0,0.003067871,0.016658545,1.808341455,8460.524379,687.976013,565.936096,0.003998,0.004247
615,4,0,0,80.4712,0.0,13.4,0.005952737,72.8320318075128,5.58380127,0.0,0.003067871,0.058912992,1.766087008,8476.698471,684.469482,584.356201,0.004158,0.004364
616,4,0,0,80.8577,0.0,13.3,0.005988757,72.8228057831608,5.58380127,0.0,0.001533936,0.105410337,1.719589663,8490.848387,668.929382,572.065674,0.004539,0.004906
617,4,0,0,81.1412,0.0,13.3,0.005983438,72.8130728006154,5.495910645,0.0,-0.003259613,0.160475492,1.664524508,8507.690762,687.601685,598.517029,0.004625,0.004991
618,4,0,0,81.642,0.0,13.5,0.005958329,72.8015488801444,5.58380127,0.0,-0.003259613,0.20177865,1.62322135,8521.836045,738.252014,806.258484,0.004198,0.004228
619,4,0,0,81.9672,0.0,13.5,0.005951176,72.7905961627196,5.58380127,0.0,0.0,0.242631674,1.582368326,8538.672863,691.3573,593.319519,0.004644,0.005045
620,4,0,0,82.3683,0.0,13.3,0.005981638,72.778624861822,5.58380127,0.0,0.0,0.274741888,1.550258112,8553.486838,689.471375,590.988403,0.004843,0.005218
621,4,0,0,82.4416,0.0,13.3,0.006034357,72.7665492917858,5.495910645,0.0,-0.001725677,0.313234568,1.511765432,8569.645266,754.798584,816.70929,0.004609,0.004687
622,4,0,0,82.7732,0.0,13.5,0.006068565,72.756035199978,5.539855957,0.0,-0.007094452,0.340664625,1.484335375,8583.78194,700.36499,583.397522,0.004502,0.004869
623,4,0,0,83.257,0.0,13.5,0.006095122,72.7427662238648,5.58380127,0.0,-0.007094452,0.354250193,1.470749807,8600.608154,687.836304,599.696716,0.004784,0.00515
624,4,0,0,83.4822,0.0,13.3,0.006111295,72.7330987736442,5.539855957,0.0,-0.007094452,0.347312212,1.477687788,8615.413186,681.29187,600.682007,0.004848,0.005128
625,4,0,0,83.9363,0.0,13.3,0.006089969,72.7219082118608,5.58380127,0.0,-0.007094452,0.319606543,1.505393457,8631.56255,713.529419,628.97113,0.004914,0.005148
626,4,0,0,84.2034,0.0,13.2,0.006004684,72.712760610647,5.539855957,0.0,-0.003259613,0.277273417,1.547726583,8645.691884,737.094299,812.989624,0.004108,0.004245
627,4,0,0,84.5881,0.0,13.2,0.00584587,72.7012334554026,5.539855957,0.0,-0.003259613,0.219974279,1.605025721,8662.511121,691.002991,602.908386,0.004557,0.004982
628,4,0,0,84.7041,0.0,13.4,0.005699773,72.689597460494,5.495910645,0.0,-0.003259613,0.162385702,1.662614298,8676.638226,0.0,0.0,0.0,0.0
629,4,0,0,85.0933,0.0,13.4,0.005562414,72.680656933058,5.58380127,0.0,-0.008628387,0.087357283,1.737642717,8692.782462,703.291382,605.374695,0.005144,0.005461
630,4,0,0,85.3679,0.0,13.3,0.005472572,72.6749455624254,5.58380127,0.0,-0.004793549,0.023658514,1.801341486,8708.252933,746.650574,792.259705,0.004506,0.004695
631,4,0,0,85.5256,0.0,13.3,0.005394021,72.6678619880418,5.58380127,0.0,0.001533936,-0.063153028,1.888153028,8724.394861,0.0,0.0,0.0,0.0
632,4,0,0,85.803,0.0,13.4,0.005338466,72.6626451514978,5.58380127,0.0,0.001533936,-0.135576487,1.960576487,8738.518526,690.78418,613.820496,0.004581,0.004933
633,4,0,0,86.2828,0.0,13.4,0.005288535,72.6568990191212,5.58380127,0.0,0.010737549,-0.213876963,2.038876963,8755.332948,696.338928,582.523926,0.004568,0.004881
634,4,0,0,86.4035,0.0,13.6,0.005254917,72.6520728659556,5.58380127,0.0,0.023009033,-0.26529336,2.09029336,8769.46619,714.004883,680.431396,0.005107,0.005407
635,4,0,0,86.6461,0.0,13.6,0.005220248,72.6470552657036,5.58380127,0.0,0.016106323,-0.262792349,2.087792349,8786.311111,698.908997,593.649902,0.004396,0.004684
636,4,0,0,87.0125,0.0,13.7,0.005189562,72.6428393259858,5.627746582,0.0,0.013038452,-0.207582235,2.032582235,8800.479274,708.722107,602.297974,0.004885,0.005207
637,4,0,0,87.2585,0.0,13.7,0.005158973,72.6411297080104,5.627746582,0.0,0.003067871,-0.103177309,1.928177309,8817.373987,712.617615,715.254883,0.00492,0.005277
638,4,0,0,87.4233,0.0,13.5,0.005141445,72.63957820769,5.671691895,0.0,-0.008628387,-0.004184484,1.829184484,8831.589182,735.068726,606.145691,0.004966,0.005378
639,4,0,0,87.6716,0.0,13.5,0.005137121,72.6607726361276,6.333618164,0.0,-0.000959,0.08706212,1.73793788,8846.504019,735.733582,768.669312,0.004771,0.005106
640,4,0,0,88.0468,0.0,13.4,0.005153129,72.7335486324544,6.597290039,0.0,-0.016298065,0.168939829,1.656060171,8862.800965,748.63208,793.579712,0.004285,0.004673
641,4,0,0,88.1306,0.0,13.4,0.005183372,72.8096320316954,6.597290039,0.0,-0.016298065,0.209418535,1.615581465,8877.082718,659.106323,584.146179,0.00452,0.004921
642,4,0,0,88.3829,0.0,13.3,0.005232318,72.9156587305094,6.992797852,0.0,-0.012463226,0.210043192,1.614956808,8894.101914,624.996521,584.797913,0.004434,0.004873
643,4,0,0,88.4674,0.0,13.3,0.005296594,73.019481985369,6.948852539,0.0,-0.004793549,0.174557924,1.650442076,8909.08289,634.063477,595.666687,0.004277,0.004709
644,4,0,0,88.8494,0.0,13.1,0.005412103,73.1454734803002,7.036743164,0.0,-0.004793549,0.111626387,1.713373613,8925.43417,685.606506,586.001587,0.004611,0.004969
645,4,0,0,89.1059,0.0,13.1,0.005551036,73.2489223222088,6.948852539,0.0,-0.004793549,0.045249224,1.779750776,8939.754769,668.954102,450.140289,0.004992,0.005484
646,4,0,0,89.3208,0.0,13.3,0.005732933,73.370306115786,6.992797852,0.0,0.003834839,-0.050088644,1.875088644,8956.820382,627.6922,361.006012,0.005493,0.00601
647,4,0,0,89.3639,0.0,13.3,0.005891657,73.4694780239908,6.948852539,0.0,-0.001725677,-0.138352633,1.963352633,8971.168508,722.529785,597.163086,0.004358,0.004552
648,4,0,0,89.4935,0.0,13.2,0.006051935,73.5283451223402,5.850219727,0.0,0.008436646,-0.241988897,2.066988897,8988.264533,683.327271,570.9505,0.004465,0.004754
649,4,0,0,89.3208,0.0,13.2,0.006156649,73.5465066208006,6.113891602,0.0,0.001533936,-0.330776453,2.155776453,9003.322402,679.724121,755.290588,0.0,0.004644
650,4,0,0,83.9743,0.0,13.4,0.006220386,73.578830794063,6.377563477,0.0,0.029144775,-0.420853376,2.245853376,9019.761918,658.722717,587.675171,0.004961,0.005285
651,4,0,0,73.5954,0.0,13.4,0.006228759,73.6374457893014,6.641235352,0.0,0.032979614,-0.445161581,2.270161581,9034.156843,693.561707,608.649414,0.005073,0.00557
652,4,0,0,67.2115,0.0,13.2,0.006202178,73.713610926921,6.597290039,0.0,0.032212646,-0.367436647,2.192436647,9051.306565,685.606873,635.605103,0.005208,0.0055
653,4,0,0,63.2839,0.0,13.2,0.006165164,73.7763218855802,6.553344727,0.0,-0.003259613,-0.215152502,2.040152502,9065.723177,0.0,0.0,0.0,0.0
654,4,0,0,58.4317,0.0,12.8,0.006129523,73.8416207434264,6.509399414,0.0,-0.003259613,0.004946947,1.820053053,9082.89851,728.933716,633.33252,0.005535,0.005824
655,4,0,0,57.6854,0.0,12.8,0.006125435,73.8970386077274,6.465454102,0.0,-0.060015228,0.202819586,1.622180414,9097.336131,618.01709,315.993713,0.0,0.00734
656,4,0,0,59.0842,0.0,12.7,0.006169221,73.953029059107,6.465454102,0.0,-0.025501678,0.289476156,1.535523844,9114.535293,710.947693,612.360718,0.005243,0.005663
657,4,0,0,58.0107,0.0,12.7,0.006248917,74.0037643233704,6.465454102,0.0,-0.024734711,0.272539854,1.552460146,9128.992679,725.237671,617.769104,0.004259,0.004644
658,4,0,0,57.7034,0.0,12.7,0.006371384,74.0626429606876,6.465454102,0.0,0.008436646,0.160325289,1.664674711,9145.526726,676.210999,585.678101,0.00461,0.005066
659,4,0,0,59.6937,0.0,12.7,0.006493772,74.1110039495556,6.465454102,0.0,0.013038452,0.064317942,1.760682058,9160.693484,687.136414,595.17511,0.004713,0.005061
660,4,0,0,62.3045,0.0,12.9,0.006649578,74.167068462762,6.465454102,0.0,0.013038452,-0.014217615,1.839217615,9177.940258,707.239319,592.095276,0.004785,0.005226
661,4,0,0,63.4574,0.0,12.9,0.006797514,74.2169492962326,6.465454102,0.0,0.013038452,-0.058555365,1.883555365,9192.437052,660.38501,658.830383,0.004285,0.004695
662,4,0,0,64.8122,0.0,12.8,0.006955457,74.26945499543,6.421508789,0.0,0.010737549,-0.066895247,1.891895247,9209.705452,711.854492,586.45752,0.004467,0.004837
663,4,0,0,65.8493,0.0,12.8,0.007058959,74.3136261641684,6.421508789,0.0,-0.004793549,-0.048698664,1.873698664,9224.2178,693.910889,577.978821,0.004424,0.004763
664,4,0,0,66.7753,0.0,13.0,0.007125725,74.367090193149,6.465454102,0.0,-0.005560516,-0.033430815,1.858430815,9240.811236,709.065613,619.856873,0.005142,0.00551
665,4,0,0,67.6535,0.0,13.0,0.007131089,74.4137412421736,6.509399414,0.0,-0.005560516,-0.03941226,1.86441226,9256.029541,0.0,0.0,0.0,0.0
666,4,0,0,68.3275,0.0,12.9,0.007058537,74.4673546661864,6.465454102,0.0,0.063658325,-0.062808275,1.887808275,9273.331753,0.0,0.0,0.0,0.0
667,4,0,0,63.3706,0.0,12.9,0.006930646,74.512713093323,6.465454102,0.0,0.021475098,-0.03324008,1.85824008,9287.872593,0.0,0.0,0.0,0.0
668,4,0,0,60.1786,0.0,12.8,0.006757641,74.5661979632566,6.509399414,0.0,-0.013997162,0.095854998,1.729145002,9304.498457,0.0,0.0,0.0,0.0
669,4,0,0,61.2535,0.0,12.8,0.006628618,74.6037942217052,6.377563477,0.0,-0.030103485,0.197306395,1.627693605,9319.745918,689.216003,574.308411,0.004306,0.004815
670,4,0,0,62.0332,0.0,12.5,0.006532134,74.640149646827,6.377563477,0.0,-0.020132904,0.228504896,1.596495104,9336.387034,691.479675,607.769714,0.005292,0.005845
671,4,0,0,61.7025,0.0,12.5,0.006482037,74.6734940933692,6.421508789,0.0,-0.010162323,0.198886156,1.626113844,9351.648234,700.215576,639.902527,0.005375,0.00602
672,4,0,0,63.004,0.0,12.1,0.006441339,74.7121764471036,6.333618164,0.0,0.005368774,0.13561368,1.68938632,9368.997978,692.95929,635.92218,0.005238,0.005956
673,4,0,0,64.7895,0.0,12.1,0.006413701,74.7447387865926,6.377563477,0.0,0.0,0.088008165,1.736991835,9383.577769,738.854126,568.202515,0.004257,0.004769
674,4,0,0,64.9713,0.0,11.8,0.00638864,74.7805703393576,6.333618164,0.0,-0.005560516,0.053935289,1.771064711,9400.246447,750.796875,786.747498,0.004462,0.004802
675,4,0,0,65.3612,0.0,11.8,0.006366091,74.8127466786476,6.333618164,0.0,-0.003259613,0.015605688,1.809394312,9415.531613,742.856873,796.685425,0.004519,0.004831
676,4,0,0,65.8259,0.0,11.5,0.006337074,74.8487786425228,6.333618164,0.0,0.003834839,-0.037204027,1.862204027,9432.212498,690.964294,571.751099,0.004191,0.004631
677,4,0,0,66.8235,0.0,11.5,0.006320443,74.8783152779712,6.333618164,0.0,0.00690271,-0.080679655,1.905679655,9446.813954,726.81012,578.61853,0.004449,0.004729
678,4,0,0,67.7525,0.0,11.3,0.006332936,74.9127746430786,6.421508789,0.0,0.032212646,-0.111978292,1.936978292,9464.203588,749.483582,795.414978,0.004021,0.004139
679,4,0,0,68.4791,0.0,11.3,0.006381975,74.9430704685786,6.333618164,0.0,0.00690271,-0.081064939,1.906064939,9479.512304,739.860107,794.795593,0.004508,0.004784
680,4,0,0,69.0923,0.0,11.1,0.006475617,74.9756601185674,6.289672852,0.0,0.00690271,-0.001633883,1.826633883,9496.218434,695.352112,602.668274,0.004571,0.004959
681,4,0,0,69.7428,0.0,11.1,0.006566349,75.0016840636912,6.289672852,0.0,0.003067871,0.081057787,1.743942213,9511.537246,690.638489,607.224915,0.004256,0.004665
682,4,0,0,70.1922,0.0,10.9,0.006651873,75.029440221924,6.333618164,0.0,-0.000959,0.187543154,1.637456846,9528.253016,704.466492,586.974182,0.004606,0.004994
683,4,0,0,70.3522,0.0,10.9,0.006713729,75.0543551547604,6.289672852,0.0,-0.000959,0.288141489,1.536858511,9542.882575,674.884521,686.73291,0.004942,0.005376
684,4,0,0,71.1086,0.0,10.7,0.00679179,75.0829697188558,6.333618164,0.0,-0.030103485,0.4004457,1.4245543,9560.30247,0.0,0.0,0.0,0.0
685,4,0,0,70.8637,0.0,10.7,0.006871246,75.1083856875144,6.333618164,0.0,-0.02856955,0.461296797,1.363703203,9575.633209,689.173096,628.811707,0.005258,0.005618
686,4,0,0,71.0813,0.0,10.5,0.006955255,75.1386136149598,6.333618164,0.0,-0.012463226,0.449367762,1.375632238,9592.287087,719.1651,672.36792,0.005526,0.005932
687,4,0,0,67.5794,0.0,10.5,0.007007282,75.1631939660102,6.333618164,0.0,-0.010929291,0.392857313,1.432142687,9606.746284,698.166077,612.733276,0.00538,0.005808
688,4,0,0,64.2055,0.0,10.4,0.007039834,75.1896108154016,6.289672852,0.0,-0.004793549,0.28949523,1.53550477,9623.823349,654.72467,623.222107,0.005174,0.00563
689,4,0,0,63.0255,0.0,10.4,0.007041964,75.2118148311014,6.245727539,0.0,-0.004793549,0.180182219,1.644817781,9638.055049,0.0,0.0,0.0,0.0
690,4,0,0,62.0748,0.0,10.5,0.007012928,75.2301266419178,6.201782227,0.0,0.00690271,0.045635939,1.779364061,9654.878755,695.47229,595.400879,0.004916,0.005239
691,4,0,0,58.8776,0.0,10.5,0.006981323,75.2451569762874,6.157836914,0.0,0.00690271,-0.054497004,1.879497004,9669.675519,805.15918,586.303894,0.00498,0.005424
692,4,0,0,58.9338,0.0,10.7,0.006985768,75.2614772449472,6.201782227,0.0,0.016106323,-0.156981707,1.981981707,9685.857705,0.0,0.0,0.0,0.0
693,4,0,0,57.7034,0.0,10.7,0.00705372,75.263472054064,5.58380127,0.0,0.017640259,-0.206096411,2.031096411,9700.053735,701.773193,596.287903,0.00482,0.005171
694,4,0,0,57.5778,0.0,11.1,0.007193651,74.8664926479028,0.0,13.48571777,0.016106323,-0.193495512,2.018495512,9716.99582,748.444092,802.885681,0.004578,0.004952
695,4,0,0,59.1219,0.0,11.1,0.007332546,74.3341035189822,0.0,15.82946777,0.016106323,-0.127962828,1.952962828,9731.232264,656.358521,599.691895,0.004891,0.005295
696,4,0,0,61.1726,0.0,11.2,0.007467959,73.7151184278858,0.0,16.41540527,-0.003259613,0.006882429,1.818117571,9748.068334,746.354919,781.28009,0.004806,0.005157
697,4,0,0,62.8117,0.0,11.2,0.007551343,73.1728468892008,0.0,16.56188965,-0.024734711,0.150208235,1.674791765,9762.117834,716.792786,587.944519,0.004619,0.005018
698,4,0,0,63.8513,0.0,11.6,0.00762009,72.599725075199,3.869934082,0.0,-0.024734711,0.254803896,1.570196104,9778.820358,686.181519,596.140381,0.004878,0.005319
699,4,0,0,64.7668,0.0,11.6,0.00767934,72.6401501349392,7.344360352,0.0,-0.005560516,0.271089792,1.553910208,9792.836867,743.005371,804.475281,0.004515,0.004918
700,4,0,0,65.4074,0.0,11.6,0.007758311,72.8300958680532,7.915649414,0.0,-0.008628387,0.256975412,1.568024588,9808.826535,745.17981,760.482117,0.004947,0.005241
701,4,0,0,65.9196,0.0,11.6,0.007838858,73.009019666029,7.739868164,0.0,-0.007094452,0.213570833,1.611429167,9823.442946,693.400513,591.462524,0.004728,0.005086
702,4,0,0,66.4161,0.0,11.9,0.007951504,73.1969343155026,7.651977539,0.0,-0.007094452,0.141177416,1.683822584,9840.002709,700.430725,608.960083,0.005159,0.005681
703,4,0,0,66.9201,0.0,11.9,0.008069423,73.2653199518424,5.58380127,0.0,0.003834839,0.059883356,1.765116644,9853.870585,808.994507,791.589111,0.004441,0.0
704,4,0,0,67.2604,0.0,11.9,0.00820063,72.7564977082006,0.0,0.0,0.008436646,-0.032180548,1.857180548,9870.330371,694.850281,594.592712,0.004895,0.005271
705,4,0,0,67.703,0.0,11.9,0.00827438,72.2687016525928,3.430480957,0.0,0.010737549,-0.092017889,1.917017889,9884.117625,750.81073,781.161926,0.004898,0.005289
706,4,0,0,68.0013,0.0,12.2,0.008283563,72.1633372937492,5.012512207,0.0,0.016106323,-0.126604319,1.951604319,9899.831278,753.554504,783.867676,0.004762,0.005178
707,4,0,0,68.3275,0.0,12.2,0.008241562,72.1045259751242,4.617004395,0.0,0.018407227,-0.112921,1.937921,9914.205738,730.787476,609.991211,0.005277,0.005756
708,4,0,0,68.4032,0.0,12.5,0.008185359,71.978476141618,3.65020752,0.0,0.018407227,-0.036840677,1.861840677,9930.541295,689.155701,632.045288,0.005551,0.006135
709,4,0,0,68.5805,0.0,12.5,0.008155898,71.8006484651162,3.166809082,0.0,-0.000959,0.068675756,1.756324244,9944.267818,683.679077,621.52478,0.005099,0.005428
710,4,0,0,68.9123,0.0,12.8,0.008138976,71.5770708090558,3.386535645,0.0,-0.007094452,0.202105284,1.622894716,9959.960258,687.136108,596.886475,0.004504,0.004839
711,4,0,0,69.2732,0.0,12.8,0.008123608,71.374795809548,3.47442627,0.0,-0.012463226,0.279311895,1.545688105,9974.349749,689.013306,579.762695,0.004852,0.005213
712,4,0,0,69.6117,0.0,13.0,0.00809996,71.1516815307538,3.29864502,0.0,-0.004793549,0.327159166,1.497840834,9990.052458,738.868103,622.868896,0.005109,0.00564
713,4,0,0,69.8217,0.0,13.0,0.00807021,70.9702971806652,3.342590332,0.0,-0.015531097,0.349155188,1.475844812,10004.45111,675.214294,616.272522,0.005179,0.005625
714,4,0,0,70.2721,0.0,12.9,0.008010383,70.7636215535812,3.386535645,0.0,-0.015531097,0.348056555,1.476943445,10020.81838,712.895386,613.587891,0.005251,0.005621
715,4,0,0,70.4861,0.0,12.9,0.007921312,70.6019217169554,3.82598877,0.0,-0.003259613,0.309601068,1.515398932,10034.57107,695.914917,604.865295,0.005125,0.005592
716,4,0,0,70.6744,0.0,13.1,0.007771286,70.5643817210332,5.627746582,0.0,-0.000959,0.252607107,1.572392893,10050.29304,746.058594,791.793701,0.004334,0.004472
717,4,0,0,70.8908,0.0,13.1,0.007611973,70.5860590963114,5.58380127,0.0,0.001533936,0.195899248,1.629100752,10064.70908,711.621094,588.149414,0.004867,0.005318
718,4,0,0,71.1906,0.0,13.0,0.007428583,70.6108978429922,5.58380127,0.0,-0.000959,0.129791975,1.695208025,10080.43992,709.663086,604.784485,0.004924,0.005303
719,4,0,0,71.4653,0.0,13.0,0.007285707,70.632359228749,5.58380127,0.0,0.008436646,0.057605982,1.767394018,10094.20647,677.771301,582.627808,0.004879,0.005041
720,4,0,0,71.6866,0.0,13.2,0.007155464,70.6571757665378,5.58380127,0.0,0.017640259,-0.004925966,1.829925966,10110.59687,754.514526,615.692505,0.005377,0.005735
721,4,0,0,71.8814,0.0,13.2,0.007075711,70.67697681231,5.58380127,0.0,-0.004793549,-0.018096685,1.843096685,10125.01559,715.356079,809.91687,0.004572,0.004881
722,4,0,0,72.2742,0.0,13.1,0.007020471,70.7009589877758,5.58380127,0.0,-0.003259613,-0.042009592,1.867009592,10140.73162,677.666199,580.088501,0.004606,0.005043
723,4,0,0,72.3872,0.0,13.1,0.006992081,70.7212350463424,5.58380127,0.0,-0.003259613,-0.074130297,1.899130297,10155.11345,745.40332,788.960205,0.004465,0.00485
724,4,0,0,72.6712,0.0,13.3,0.006965591,70.7438054121998,5.58380127,0.0,0.003067871,-0.116381407,1.941381407,10170.78619,713.92688,592.044495,0.00468,0.005098
725,4,0,0,72.8428,0.0,13.3,0.006944171,70.7632383697272,5.58380127,0.0,0.003067871,-0.149710894,1.974710894,10185.16907,691.660522,595.03363,0.005029,0.00551
726,4,0,0,73.0727,0.0,13.2,0.00693098,70.7852393349992,5.58380127,0.0,0.003067871,-0.177775621,2.002775621,10200.92708,693.307617,592.036377,0.004749,0.005102
727,4,0,0,73.2461,0.0,13.2,0.006937698,70.7993814907162,5.58380127,0.0,0.003067871,-0.193334818,2.018334818,10215.47567,705.827209,590.642029,0.004721,0.005011
728,4,0,0,73.4495,0.0,13.3,0.006958728,70.8059464391914,5.58380127,0.0,0.003067871,-0.202308416,2.027308416,10231.43494,682.494812,609.14032,0.005056,0.005311
729,4,0,0,73.742,0.0,13.3,0.006968433,70.8131840595998,5.276184082,0.0,0.003067871,-0.201822042,2.026822042,10245.4121,667.887878,606.234924,0.004916,0.005334
730,4,0,0,73.9776,0.0,13.2,0.006955941,70.7543012701854,5.58380127,0.0,0.003067871,-0.192880392,2.017880392,10260.0626,847.47699,587.616699,0.004884,0.005362
731,4,0,0,74.2148,0.0,13.2,0.006913172,70.6561151631976,3.386535645,0.0,0.003067871,-0.17315793,1.99815793,10276.71147,0.0,0.0,0.0,0.0
732,4,0,0,74.3638,0.0,13.1,0.006854959,70.5450049133784,4.089660645,0.0,0.005368774,-0.148441076,1.973441076,10290.69637,690.931702,585.967896,0.004898,0.00518
733,4,0,0,74.6636,0.0,13.1,0.006768034,70.5547495636388,6.201782227,0.0,-0.010929291,-0.105284452,1.930284452,10307.34594,741.546997,770.822388,0.005198,0.005545
734,4,0,0,74.8145,0.0,13.3,0.006674321,70.7518731945538,8.662719727,0.0,-0.030103485,-0.076325178,1.901325178,10321.33229,747.884583,779.540405,0.004585,0.004798
735,4,0,0,74.9963,0.0,13.3,0.006543823,71.241174240556,11.30218506,0.0,0.021475098,-0.116527796,1.941527796,10337.31722,711.236511,644.15387,0.005493,0.005768
736,4,0,0,75.3625,0.0,13.2,0.006417746,71.7475279336652,9.895935059,0.0,0.021475098,-0.168867826,1.993867826,10351.96716,713.141602,633.938416,0.005246,0.005309
737,4,0,0,75.5778,0.0,13.2,0.006297016,71.8827676940272,5.671691895,0.0,0.016106323,-0.158447027,1.983447027,10368.60956,739.033875,773.844116,0.005329,0.005433
738,4,0,0,75.7633,0.0,13.3,0.006236263,71.921482170188,6.333618164,0.0,0.003834839,-0.109270334,1.934270334,10382.58472,695.649109,601.624329,0.005171,0.005578
739,4,0,0,76.0121,0.0,13.3,0.006203232,71.9270454815406,5.58380127,0.0,-0.004793549,-0.039749384,1.864749384,10398.54972,704.158691,631.405579,0.005461,0.005799
740,4,0,0,76.2939,0.0,13.5,0.006174994,71.9247843427472,5.539855957,0.0,-0.004793549,0.011197329,1.813802671,10413.17931,701.816589,642.559998,0.005406,0.005874
741,4,0,0,76.5462,0.0,13.5,0.006123106,71.9285516467532,5.58380127,0.0,-0.004793549,0.053486109,1.771513891,10429.13325,696.548523,626.479126,0.0054,0.005928
742,4,0,0,76.8002,0.0,13.6,0.006061098,71.931822903891,5.58380127,0.0,-0.003259613,0.077480078,1.747519922,10443.75227,750.338989,806.269775,0.004298,0.00456
743,4,0,0,76.9918,0.0,13.6,0.005982093,71.9350553115612,5.58380127,0.0,-0.003259613,0.093279123,1.731720877,10460.36521,693.33728,615.771729,0.004912,0.005277
744,4,0,0,77.3455,0.0,13.5,0.005920292,71.9234213283276,5.276184082,0.0,-0.003259613,0.097914934,1.727085066,10474.32098,699.49231,603.402283,0.004945,0.005443
745,4,0,0,77.5074,0.0,13.5,0.00586378,71.89903075065,5.188293457,0.0,-0.001725677,0.092627287,1.732372713,10490.26966,694.532104,592.798584,0.004917,0.005232
746,4,0,0,77.8004,0.0,13.6,0.00582232,71.8783542561046,5.144348145,0.0,0.001533936,0.081362963,1.743637037,10504.88871,677.85199,604.67981,0.005125,0.005658
747,4,0,0,78.0957,87.0,13.6,0.005792488,71.8447998389726,5.188293457,0.0,0.0,0.071645975,1.753354025,10520.83599,703.470886,610.537415,0.005156,0.005658
748,4,0,0,78.3269,109.0,13.5,0.00579512,71.8229249493962,5.188293457,0.0,0.0,0.063354731,1.761645269,10534.78839,694.463074,640.418823,0.00503,0.005603
749,4,0,0,78.5595,119.0,13.5,0.005839513,71.793532961427,5.23223877,0.0,0.0,0.053928137,1.771071863,10551.39466,737.974915,785.24408,0.004249,0.004673
750,4,0,0,78.76,124.0,13.3,0.005912232,71.765266674601,5.58380127,0.0,0.0,0.045259237,1.779740763,10566.00445,741.822998,594.316101,0.004001,0.004255
751,4,0,0,79.0964,126.0,13.3,0.006013087,71.771455874373,5.58380127,0.0,0.0,0.035837889,1.789162111,10581.93832,695.471313,581.896179,0.004354,0.004706
752,4,0,0,79.3676,126.0,13.2,0.006083267,71.7763203298306,5.58380127,0.0,0.003067871,0.02795434,1.79704566,10596.53974,704.013306,596.513489,0.004542,0.004859
753,4,0,0,79.6064,128.0,13.2,0.006105295,71.7711601903348,5.276184082,0.0,0.003067871,0.024996996,1.800003004,10612.46355,678.02948,333.654388,0.004142,0.004488
754,4,0,0,79.8123,130.0,12.8,0.006065676,71.7689261850138,5.40802002,0.0,0.003067871,0.03149724,1.79350276,10626.39223,0.0,0.0,0.0,0.004003
755,4,0,0,80.0538,131.0,12.8,0.005975981,71.7644930004894,5.539855957,0.0,0.0,0.048578024,1.776421976,10642.96788,0.0,0.0,0.0,0.0
756,4,0,0,80.2272,132.0,12.7,0.005886869,71.753059508833,5.364074707,0.0,0.0,0.065077066,1.759922934,10657.54849,696.638916,602.502686,0.004856,0.005271
757,4,0,0,80.3665,133.0,12.7,0.005795598,71.7343578997752,5.23223877,0.0,0.0,0.085272551,1.739727449,10673.44802,690.637878,619.199585,0.005242,0.005652
758,4,0,0,80.5763,133.0,12.3,0.005728948,71.7147504254182,5.23223877,0.0,0.0,0.101725817,1.723274183,10687.35454,690.723511,651.523499,0.005358,0.005793
759,4,0,0,81.714,134.0,12.3,0.005661692,71.6909122215088,5.23223877,0.0,0.0,0.121912241,1.703087759,10703.90299,692.209778,634.196472,0.005207,0.005702
760,4,0,0,81.355,136.0,12.0,0.005606725,71.6685896135444,5.23223877,0.0,0.0,0.139102697,1.685897303,10717.79751,784.664124,624.648804,0.004676,0.004792
761,4,0,0,80.3665,137.0,12.0,0.005548642,71.6411078477816,5.144348145,0.0,0.0,0.15927577,1.66572423,10734.33006,713.514282,620.278992,0.003948,0.004269
762,4,0,0,80.6816,137.0,11.7,0.005505495,71.6139225868204,5.23223877,0.0,0.0,0.176453352,1.648546648,10748.86763,742.039612,791.438904,0.004368,0.004751
763,4,0,0,81.1412,137.0,11.7,0.005471613,71.5804659692802,5.144348145,0.0,0.0,0.197356939,1.627643061,10764.71219,732.949707,785.813782,0.004435,0.004767
764,4,0,0,81.2836,137.0,11.4,0.005459446,71.5496102704876,5.144348145,0.0,0.0,0.215265989,1.609734011,10778.56076,716.751404,606.4021,0.004842,0.005297
765,4,0,0,81.5341,136.0,11.4,0.005464846,71.514417883197,5.100402832,0.0,0.0,0.236149549,1.588850451,10795.01984,715.254089,633.748901,0.005118,0.00565
766,4,0,0,81.9672,136.0,11.2,0.005481638,71.4829748718648,5.23223877,0.0,0.0,0.253296614,1.571703386,10808.82031,682.106995,686.674683,0.004914,0.005311
767,4,0,0,82.4049,135.0,11.2,0.005501179,71.4433892116818,5.188293457,0.0,0.0,0.274160624,1.550839376,10825.21511,727.173706,625.622375,0.004952,0.005217
768,4,0,0,83.033,134.0,11.3,0.0055067,71.396735217565,4.88067627,0.0,0.0,0.292033911,1.532966089,10838.95648,699.223083,597.568481,0.004605,0.00498
769,4,0,0,83.5199,133.0,11.3,0.005496098,71.3187705964244,4.836730957,0.0,-0.005560516,0.310789347,1.514210653,10855.28033,699.869873,607.743103,0.004999,0.005524
770,4,0,0,84.1652,133.0,11.4,0.005472787,71.2361231821254,4.52911377,0.0,0.0,0.310273409,1.514726591,10868.96301,691.866821,633.25293,0.005305,0.005691
771,4,0,0,84.5881,132.0,11.4,0.005430928,71.0891968452986,4.089660645,0.0,-0.010929291,0.30031991,1.52468009,10884.56703,721.981384,620.009521,0.004515,0.004843
772,4,0,0,85.0543,132.0,11.4,0.005390909,70.9468359807442,3.957824707,0.0,-0.010162323,0.272628546,1.552371454,10898.8299,693.940491,588.041077,0.004709,0.005018
773,4,0,0,85.2893,132.0,11.4,0.005377144,70.7510969937784,3.782043457,0.0,-0.003259613,0.197888136,1.627111864,10914.92892,690.198486,613.247925,0.004893,0.005283
774,4,0,0,85.9225,132.0,11.8,0.005420208,70.5809430366382,3.82598877,0.0,0.014572388,0.118200541,1.706799459,10928.34606,701.531128,609.001404,0.005212,0.005564
775,4,0,0,86.2828,132.0,11.8,0.00551165,70.3838115843308,3.82598877,0.0,-0.015531097,0.050700426,1.774299574,10944.19366,711.469421,627.48877,0.005531,0.00592
776,4,0,0,86.6867,133.0,12.1,0.005587294,70.2092030384442,3.606262207,0.0,0.008436646,-0.059488058,1.884488058,10957.4012,741.236877,626.691223,0.00556,0.00616
777,4,0,0,87.2174,134.0,12.1,0.005652169,69.8974949306114,0.0,0.0,0.003834839,-0.182679892,2.007679892,10972.37979,707.98053,626.071777,0.00565,0.006239
778,4,0,0,87.6301,135.0,12.4,0.005705481,69.2501991027182,0.0,78.9642334,0.012271484,-0.273605585,2.098605585,10986.00258,709.561707,635.176208,0.005711,0.006363
779,4,0,0,87.9214,135.0,12.4,0.005778597,68.524660302238,0.0,75.30212402,0.013038452,-0.332371473,2.157371473,11001.3592,726.325623,643.469421,0.005712,0.006259
780,4,0,0,88.3829,135.0,12.3,0.005846019,67.8747418295072,0.0,76.18103027,0.009203613,-0.319101572,2.144101572,11014.15772,695.798523,645.946289,0.005554,0.006021
781,4,0,0,88.8494,135.0,12.3,0.005906487,67.1324655550656,0.0,259.8724365,-0.000959,-0.25544858,2.08044858,11028.67253,730.352905,655.825317,0.005646,0.006249
782,4,0,0,89.2777,135.0,12.6,0.005938398,66.4965172317926,0.0,259.8724365,-0.015531097,-0.215956926,2.040956926,11041.87358,721.647522,633.231384,0.005734,0.006388
783,4,0,0,89.58,135.0,12.6,0.00596025,65.7858926839878,0.0,260.1654053,0.021475098,-0.217889071,2.042889071,11056.16194,718.640198,645.915894,0.005914,0.00645
784,4,0,0,90.0155,135.0,12.8,0.005975931,65.146704324773,0.0,259.8724365,-0.017832001,-0.180533648,2.005533648,11068.95919,694.008484,635.856812,0.005914,0.006448
785,4,0,0,90.6323,135.0,12.8,0.005993375,64.4342370504814,0.0,259.7259521,0.003834839,-0.189091444,2.014091444,11082.25132,708.002686,636.210693,0.005835,0.006504
786,4,0,0,90.8546,135.0,13.1,0.00601132,63.3212126462746,0.0,259.7259521,0.005368774,-0.239315271,2.064315271,11092.86017,699.375671,635.590088,0.005795,0.006222
787,4,0,0,91.1677,135.0,13.1,0.006041463,55.9335596978204,0.0,259.5794678,0.013038452,-0.262445688,2.087445688,11104.86758,703.304504,640.024902,0.005915,0.006325
788,4,0,0,91.6187,135.0,13.2,0.00607349,54.2280467142386,0.0,259.8724365,0.012271484,-0.230833292,2.055833292,11115.78729,690.956116,638.041199,0.005833,0.006258
789,4,0,0,91.8915,135.0,13.2,0.006101489,53.6289382435208,0.0,259.8724365,-0.020132904,-0.151713133,1.976713133,11127.60546,698.830688,647.639771,0.005429,0.006039
790,4,0,0,92.3497,135.0,13.4,0.006110093,53.115070477578,0.0,259.7259521,-0.005560516,-0.117885828,1.942885828,11137.86617,693.128906,631.722473,0.005489,0.005727
791,4,0,0,92.7197,135.0,13.4,0.006107378,52.5271926412096,0.0,259.8724365,0.017640259,-0.120839834,1.945839834,11149.98245,,,,
792,4,0,0,93.2801,137.0,13.6,0.006107378,52.5271926412096,0.0,259.8724365,0.017640259,-0.120839834,1.945839834,11149.98245,,,,
793,4,0,0,93.6102,137.0,13.6,0.006107378,52.5271926412096,0.0,259.8724365,0.017640259,-0.120839834,1.945839834,11149.98245,,,,
