Time,Drive,Stimulus,Failure,Palm.EDA,Heart.Rate,Breathing.Rate,Perinasal.Perspiration,Speed,Acceleration,Brake,Steering,LaneOffset,Lane.Position,Distance,Gaze.X.Pos,Gaze.Y.Pos,Lft.Pupil.Diameter,Rt.Pupil.Diameter
1,4,0,0,54.827,100.0,21.7,0.006140246,0.73947654909578,0.0,15.24353027,0.079764648,-0.095072508,1.920072508,0.170699768,696.797729,663.501282,0.005157,0.005138
2,4,0,0,55.0521,102.0,21.7,0.006193461,7.3746260734039,12.62329102,0.0,0.088968262,-0.090337038,1.915337038,0.340821251,686.423523,706.012512,0.005336,0.005546
3,4,0,0,54.6036,101.0,21.6,0.006264798,15.3620854681619,12.27172852,0.0,-0.000959,-0.058816671,1.883816671,1.639191975,705.429382,699.630676,0.00511,0.005173
4,4,0,0,54.827,102.0,21.6,0.00633032,20.1659190867622,11.52191162,0.0,-0.008628387,-0.025650263,1.850650263,4.012947387,0.0,0.0,0.0,0.0
5,4,0,0,52.9849,104.0,21.2,0.006397222,20.5571077979222,0.0,263.2415771,-0.030870453,0.000932,1.824067545,7.76783818,704.866394,686.717896,0.005326,0.005485
6,4,0,0,53.8361,104.0,21.2,0.006440181,20.1518391964098,0.0,262.9486084,-0.019365936,0.008967161,1.816032839,11.71889746,683.882629,730.939697,0.005259,0.005481
7,4,0,0,55.1654,102.0,20.6,0.006472219,19.6903452925316,0.0,262.9486084,-0.010162323,-0.000304,1.825303507,16.30736728,687.903992,713.242981,0.005339,0.005258
8,4,0,0,55.7389,102.0,20.6,0.00648923,17.2515118989544,0.0,262.802124,-0.010162323,-0.014158964,1.839158964,20.2595592,692.2995,720.321472,0.005077,0.00512
9,4,0,0,56.443,101.0,20.1,0.006489027,7.15972949985942,0.0,262.802124,-0.000959,-0.02889657,1.85389657,24.70404794,655.15387,823.039612,0.004795,0.004806
10,4,0,0,56.562,101.0,20.1,0.006467213,0.08436500816344,0.0,262.802124,-0.000959,-0.031874418,1.856874418,28.5303831,698.79657,640.341614,0.005154,0.005241
11,4,0,0,56.8017,104.0,19.3,0.006428789,0.724258039428,0.0,262.802124,0.0,-0.032201052,1.857201052,32.52605644,552.3797,767.98822,0.004707,0.004856
12,4,0,0,56.562,105.0,19.3,0.006391244,-0.03305203912024,0.0,262.802124,0.0,-0.032693148,1.857693148,34.82190315,692.214783,602.925476,0.004948,0.004965
13,4,0,0,56.9223,103.0,18.8,0.006343692,0.00361016322038,0.0,262.802124,0.0,-0.032702208,1.857702208,35.82543134,703.315613,819.27063,0.005186,0.005211
14,4,0,0,57.0434,104.0,18.8,0.006305001,0.47661563105706,0.0,127.0111084,0.030678711,-0.032799006,1.857799006,35.8575836,695.680298,645.445618,0.00513,0.005104
15,4,0,0,56.2063,104.0,18.2,0.006279556,10.1330248603239,8.399047852,0.0,0.04141626,-0.035428762,1.860428762,35.96743496,700.741272,685.638916,0.005273,0.005375
16,4,0,0,56.9223,102.0,18.2,0.006270809,18.9176842604616,39.190979,0.0,0.023009033,-0.037401438,1.862401438,36.06149619,692.111511,719.580017,0.005275,0.00526
17,4,0,0,57.0434,101.0,17.6,0.00625754,29.7246706857198,39.23492432,0.0,-0.000959,-0.031735659,1.856735659,36.06160635,695.075623,719.184509,0.005035,0.005114
18,4,0,0,57.0434,101.0,17.6,0.006233149,38.33514265275,43.81072998,0.0,-0.000959,-0.026557684,1.851557684,36.06200863,724.266785,838.786072,0.00486,0.004871
19,4,0,0,57.2872,99.0,17.3,0.006188738,46.8647868057522,19.7479248,0.0,-0.019365936,-0.029521704,1.854521704,36.13694426,712.5802,667.003601,0.005211,0.005237
20,4,0,0,57.5331,100.0,17.3,0.006140701,49.2851230891054,19.48425293,0.0,-0.000959,-0.078531504,1.903531504,36.98294602,721.38739,754.594971,0.00506,0.005105
21,4,0,0,57.1651,101.0,17.4,0.006084959,53.0879896627828,38.61968994,0.0,-0.010162323,-0.15916419,1.98416419,39.67927537,703.585022,654.816284,0.004895,0.004953
22,4,0,0,57.7811,101.0,17.4,0.006039397,57.6300837932992,33.73626709,0.0,0.008436646,-0.234624147,2.059624147,43.56278196,709.235291,627.9953,0.004764,0.004894
23,4,0,0,57.5331,103.0,17.1,0.005993218,62.8002610323604,36.6394043,0.0,0.005368774,-0.311309099,2.136309099,49.69785243,732.227478,843.983215,0.004793,0.004726
24,4,0,0,58.0312,103.0,17.1,0.005956924,67.2270388868742,36.37573242,0.0,0.003067871,-0.331312895,2.156312895,56.43343758,698.499207,663.662109,0.004836,0.004955
25,4,0,0,58.4105,101.0,17.2,0.005918175,70.6788683178922,0.0,0.0,0.00690271,-0.335441828,2.160441828,65.67066875,698.466187,641.532715,0.004933,0.004965
26,4,0,0,58.5381,100.0,17.2,0.005893106,70.4648433661104,6.333618164,0.0,0.005368774,-0.302072763,2.127072763,74.77946263,736.700195,822.11438,0.0049,0.004935
27,4,0,0,58.924,101.0,17.6,0.005882903,70.5562126146328,5.850219727,0.0,-0.012463226,-0.224788904,2.049788904,85.66388195,739.32428,846.789001,0.004839,0.004794
28,4,0,0,58.2835,101.0,17.6,0.005885379,71.0966828512426,13.06274414,0.0,-0.003259613,-0.216264963,2.041264963,95.63006999,712.654114,630.830994,0.004666,0.004684
29,4,0,0,58.6662,101.0,17.6,0.005887926,71.999774871381,12.62329102,0.0,-0.003259613,-0.283821821,2.108821821,107.7244328,708.155396,635.574829,0.004617,0.004753
30,4,0,0,59.0538,102.0,17.6,0.005883297,72.7794731288426,12.5793457,0.0,0.010737549,-0.308414221,2.133414221,119.0204416,706.21167,637.544678,0.004614,0.004708
31,4,0,0,59.3151,101.0,18.0,0.00586846,73.604266090895,11.47796631,0.0,0.0,-0.296855688,2.121855688,132.7360331,687.94397,646.680786,0.004312,0.004448
32,4,0,0,56.8705,100.0,18.0,0.005851033,73.7529670791266,6.948852539,0.0,-0.004793549,-0.283480406,2.108480406,145.4379287,707.116272,620.55249,0.004398,0.004575
33,4,0,0,57.0633,101.0,18.0,0.005837285,73.9234705205412,7.168579102,0.0,0.012271484,-0.320091486,2.145091486,160.7239075,0.0,0.0,0.0,0.0
34,4,0,0,56.7138,103.0,18.0,0.005834342,74.081285812742,7.212524414,0.0,0.016106323,-0.320256948,2.145256948,174.444144,703.294495,632.642212,0.004706,0.004812
35,4,0,0,56.4372,104.0,18.3,0.005832987,74.2516329067756,7.168579102,0.0,-0.010162323,-0.23225522,2.05725522,190.0972399,700.764771,630.103027,0.004583,0.004704
36,4,0,0,56.4717,103.0,18.3,0.005831501,74.3968860449912,7.124633789,0.0,-0.017832001,-0.149767637,1.974767637,203.8092167,691.460327,623.568481,0.004515,0.004567
37,4,0,0,57.0633,104.0,18.5,0.005839689,74.4607102967822,5.58380127,0.0,0.0,-0.152660131,1.977660131,219.4996326,687.048828,624.556702,0.004736,0.004742
38,4,0,0,57.3816,103.0,18.5,0.00585856,74.491893464078,6.333618164,0.0,-0.000959,-0.18768239,2.01268239,233.3352963,700.906494,626.870728,0.00481,0.004869
39,4,0,0,57.5063,100.0,18.5,0.005888155,74.5492809835116,6.377563477,0.0,0.017640259,-0.225632429,2.050632429,249.2927761,694.223328,636.408691,0.00503,0.00502
40,4,0,0,57.3816,101.0,18.5,0.005916391,74.6035634101624,6.421508789,0.0,0.001533936,-0.203963518,2.028963518,263.3766912,701.4375,661.869202,0.004494,0.004582
41,4,0,0,57.7034,102.0,18.4,0.00593728,74.663551864437,6.465454102,0.0,-0.007094452,-0.138964415,1.963964415,279.6069839,684.974426,620.523315,0.004602,0.004677
42,4,0,0,56.8356,101.0,18.4,0.005930265,74.7259029424854,6.421508789,0.0,0.005368774,-0.109398603,1.934398603,293.9165492,655.109802,623.381897,0.004513,0.004545
43,4,0,0,57.2397,101.0,18.4,0.005894259,74.782307959849,6.421508789,0.0,0.005368774,-0.056907415,1.881907415,310.3030747,598.861328,628.397095,0.004448,0.004556
44,4,0,0,57.6675,102.0,18.4,0.005854786,74.8317214892638,6.421508789,0.0,-0.008628387,0.011443853,1.813556147,324.6610422,726.231323,620.599426,0.004529,0.004571
45,4,0,0,57.8838,102.0,18.4,0.005819496,74.8772248374674,6.333618164,0.0,0.001533936,0.083536386,1.741463614,341.0980724,728.232788,848.901611,0.004575,0.004386
46,4,0,0,57.9562,101.0,18.4,0.005809781,74.6911514982614,0.0,0.0,-0.019365936,0.13848424,1.68651576,355.5045835,705.76001,618.777283,0.004553,0.004651
47,4,0,0,58.2113,101.0,18.0,0.005830681,73.8863659637428,0.0,0.0,-0.005560516,0.114931822,1.710068178,371.9961447,738.721619,846.85498,0.004575,0.004476
48,4,0,0,58.3213,101.0,18.0,0.005866244,73.3274598683894,3.562316895,0.0,0.010737549,0.052190542,1.772809458,386.4493021,666.062012,618.566528,0.004373,0.004554
49,4,0,0,58.5981,98.0,18.0,0.005903958,72.8074188995142,5.40802002,0.0,-0.000959,0.004774809,1.820225191,402.9910052,707.406128,621.934082,0.004449,0.004536
50,4,0,0,58.7282,96.0,18.0,0.00592974,72.7679044687196,4.70489502,0.0,0.010737549,-0.045957804,1.870957804,417.4691478,703.120728,619.1698,0.004459,0.004534
51,4,0,0,58.8401,98.0,17.7,0.005958757,72.6239772818234,4.52911377,0.0,0.0,-0.08225131,1.90725131,434.0201671,620.915527,619.958008,0.004357,0.004496
52,4,0,0,58.9338,99.0,17.7,0.005982888,72.4782372216974,4.133605957,0.0,0.0,-0.098256826,1.923256826,448.5101385,702.810913,623.039001,0.004253,0.004413
53,4,0,0,58.8776,99.0,17.8,0.005998029,72.3082615794292,4.35333252,0.0,0.0,-0.116654158,1.941654158,465.079416,701.692505,631.763672,0.004502,0.004582
54,4,0,0,58.8776,99.0,17.8,0.005995944,72.1604930749804,4.309387207,0.0,0.003834839,-0.128514528,1.953514528,479.5858746,729.039185,754.700989,0.004345,0.004446
55,4,0,0,59.0842,100.0,17.5,0.005979905,72.085551003574,5.58380127,0.0,-0.004793549,-0.134206533,1.959206533,496.1742155,705.482422,630.085022,0.004335,0.004413
56,4,0,0,59.2733,98.0,17.5,0.005957833,72.0906989442726,5.850219727,0.0,0.0,-0.165459871,1.990459871,510.6983781,700.217102,619.048523,0.004335,0.004427
57,4,0,0,59.4446,96.0,17.2,0.0059281,72.1147594463162,5.671691895,0.0,0.009203613,-0.214815378,2.039815378,527.3073029,685.964478,624.553894,0.004573,0.004635
58,4,0,0,59.4446,96.0,17.2,0.005902524,72.130789953309,5.715637207,0.0,0.013038452,-0.235260248,2.060260248,541.8479513,704.643677,626.718689,0.00473,0.004688
59,4,0,0,59.848,98.0,17.3,0.005875699,72.1394381602274,5.58380127,0.0,0.017640259,-0.199891806,2.024891806,558.4745516,688.846008,619.065796,0.004521,0.004567
60,4,0,0,59.7129,99.0,17.3,0.005854199,72.143111382217,5.58380127,0.0,0.001533936,-0.105675459,1.930675459,573.0294278,670.16449,618.541382,0.004661,0.004767
61,4,0,0,59.2733,101.0,17.1,0.005830551,72.1465894234514,5.58380127,0.0,-0.010162323,0.011819124,1.813180876,589.6708353,700.673828,619.400513,0.004458,0.004579
62,4,0,0,59.4827,102.0,17.1,0.005809752,72.1490915770032,5.58380127,0.0,-0.005560516,0.077947855,1.747052145,604.1824676,699.480408,618.529785,0.00469,0.004491
63,4,0,0,59.6744,101.0,17.2,0.005793345,72.1518217579396,5.627746582,0.0,0.001533936,0.123107195,1.701892805,620.6388603,690.554199,599.632324,0.004177,0.004195
64,4,0,0,59.7514,99.0,17.2,0.005794314,72.1543367540246,5.58380127,0.0,-0.005560516,0.158696413,1.666303587,634.9311425,696.253296,613.559204,0.00416,0.00427
65,4,0,0,59.5784,98.0,17.0,0.005811468,72.1569860978128,5.58380127,0.0,-0.010929291,0.186066866,1.638933134,651.1960802,707.957092,590.572205,0.004423,0.004416
66,4,0,0,59.9255,98.0,17.0,0.005830678,72.1589787182272,5.58380127,0.0,-0.007094452,0.179258585,1.645741415,665.3588135,694.628723,594.128418,0.004196,0.004213
67,4,0,0,60.1005,99.0,17.1,0.005848621,72.1609632597548,5.58380127,0.0,-0.004793549,0.137295961,1.687704039,681.5316197,701.618103,617.744812,0.004265,0.004313
68,4,0,0,60.2765,99.0,17.1,0.005858798,72.1627199992054,5.58380127,0.0,0.0,0.082620382,1.742379618,695.665272,698.396118,616.993286,0.004205,0.004321
69,4,0,0,60.3748,101.0,16.9,0.0058614,72.164823149091,5.58380127,0.0,0.001533936,0.018776655,1.806223345,711.7941107,694.206726,612.662476,0.003974,0.004009
70,4,0,0,60.5921,102.0,16.9,0.005855917,72.1666170964824,5.58380127,0.0,0.0,-0.028352499,1.853352499,725.8841565,694.178284,616.255127,0.004017,0.004093
71,4,0,0,60.5723,102.0,17.0,0.005848783,72.168521090543,5.58380127,0.0,0.0,-0.06738019,1.89238019,741.9607422,695.58252,615.219482,0.003985,0.00412
72,4,0,0,60.4931,102.0,17.0,0.005848979,72.1706898532204,5.58380127,0.0,0.019941162,-0.095457792,1.920457792,756.0046071,692.059204,680.536499,0.004171,0.004309
73,4,0,0,60.6914,103.0,17.1,0.005853423,72.1720411516448,5.58380127,0.0,-0.005560516,-0.069305658,1.894305658,772.0295028,677.34082,638.390076,0.004212,0.0
74,4,0,0,60.7113,103.0,17.1,0.00584909,72.173677335436,5.58380127,0.0,0.003067871,-0.043546438,1.868546438,786.0454758,684.711182,630.978271,0.00397,0.004119
75,4,0,0,60.791,101.0,17.2,0.00583194,72.1756491631776,5.58380127,0.0,0.003067871,-0.017997503,1.842997503,802.0643854,691.151123,619.7229,0.004078,0.004158
76,4,0,0,60.831,100.0,17.2,0.005814897,72.1775911376622,5.58380127,0.0,-0.010929291,0.007679224,1.817320776,816.0844295,659.324829,617.584717,0.004109,0.004182
77,4,0,0,60.5921,100.0,17.2,0.005794864,72.179110386809,5.58380127,0.0,-0.016298065,-0.003724337,1.828724337,832.1100718,688.397583,621.98053,0.004274,0.004443
78,4,0,0,58.561,98.0,17.2,0.005776567,72.1801704268802,5.58380127,0.0,0.005368774,-0.067663908,1.892663908,846.1350714,701.680298,632.555725,0.004265,0.004458
79,4,0,0,57.8476,98.0,17.0,0.00576703,72.1815866943604,5.58380127,0.0,0.005368774,-0.132352114,1.957352114,862.1651269,736.618896,620.069092,0.0,0.004313
80,4,0,0,56.6444,99.0,17.0,0.005776375,72.182848481294,5.58380127,0.0,-0.007094452,-0.173135519,1.998135519,876.1920058,696.907288,628.031616,0.004275,0.004283
81,4,0,0,58.1571,100.0,17.1,0.005796667,72.1840124203556,5.58380127,0.0,-0.000959,-0.22875762,2.05375762,892.2232921,738.720093,824.648499,0.004333,0.004321
82,4,0,0,59.0538,101.0,17.1,0.005806786,72.1851097810214,5.58380127,0.0,-0.000959,-0.291982412,2.116982412,906.2511787,698.319702,624.060181,0.004397,0.004501
83,4,0,0,57.5063,101.0,16.9,0.00580305,72.1874669169458,5.58380127,0.0,0.025309937,-0.356673956,2.181673956,922.2836008,700.591309,632.819092,0.00488,0.004909
84,4,0,0,58.1017,102.0,16.9,0.00578986,72.1889577129614,5.627746582,0.0,0.009203613,-0.357279062,2.182279062,936.3123879,699.39447,644.426819,0.004787,0.004878
85,4,0,0,58.5796,101.0,17.0,0.005764892,72.1906184070008,5.58380127,0.0,-0.003259613,-0.301998854,2.126998854,952.345748,685.320496,640.246521,0.004623,0.004735
86,4,0,0,58.9338,100.0,17.0,0.005738873,72.1922869224326,5.627746582,0.0,0.001533936,-0.248994589,2.073994589,966.3753435,702.184326,627.84021,0.004395,0.00445
87,4,0,0,59.2733,101.0,16.8,0.005715107,72.194077973012,5.58380127,0.0,-0.012463226,-0.194470644,2.019470644,982.4096054,750.598694,620.513672,0.004541,0.004405
88,4,0,0,59.4446,100.0,16.8,0.005703848,72.2055526798658,5.715637207,0.0,0.003834839,-0.180898905,2.005898905,996.4399017,710.424927,847.406189,0.004632,0.0045
89,4,0,0,59.8287,99.0,16.9,0.005699226,72.2318407176836,5.806274414,0.0,0.019941162,-0.158871412,1.983871412,1012.474828,691.154419,619.686218,0.004507,0.00458
90,4,0,0,59.9837,95.0,16.9,0.005695423,72.2447764316696,5.671691895,0.0,0.021475098,-0.097697496,1.922697496,1026.505636,639.765625,633.062012,0.004692,0.004791
91,4,0,0,59.7129,94.0,17.0,0.005682737,72.2538667725662,5.671691895,0.0,-0.008628387,0.037838221,1.787161779,1042.541205,706.219482,643.078003,0.00489,0.00479
92,4,0,0,59.4827,92.0,17.0,0.00566526,72.2618114565036,5.671691895,0.0,-0.017832001,0.170659304,1.654340696,1056.572624,699.278076,639.780029,0.004559,0.004624
93,4,0,0,59.6744,91.0,16.8,0.005652858,72.2694237473574,5.671691895,0.0,-0.041608002,0.265588045,1.559411955,1070.604368,678.723511,631.317688,0.004414,0.004517
94,4,0,0,59.9255,94.0,16.8,0.005659327,72.2774542091168,5.671691895,0.0,0.010737549,0.269816637,1.555183363,1086.640999,677.838196,615.592896,0.004465,0.004546
95,4,0,0,60.2177,97.0,16.9,0.005684423,72.2850293564034,5.671691895,0.0,0.0,0.246747255,1.578252745,1100.673429,703.481689,623.128906,0.004378,0.004433
96,4,0,0,60.2765,97.0,16.9,0.005728957,71.925028672746,0.0,111.7767334,-0.012463226,0.217593908,1.607406092,1116.710858,673.202576,631.892822,0.004906,0.004878
97,4,0,0,60.1005,96.0,16.7,0.00577659,71.4276361709984,5.276184082,0.0,-0.012463226,0.163316965,1.661683035,1130.74387,704.962097,639.559326,0.004739,0.004717
98,4,0,0,60.3748,98.0,16.7,0.005827188,71.5591596434324,8.223266602,0.0,-0.010162323,0.065110922,1.759889078,1146.781912,704.329529,637.764709,0.004713,0.004694
99,4,0,0,59.7514,98.0,16.9,0.005858266,71.7948465369218,8.399047852,0.0,0.016106323,-0.043469191,1.868469191,1160.815521,666.071594,625.205688,0.004773,0.004696
100,4,0,0,60.3158,96.0,16.9,0.00588771,72.0561547669472,8.311157227,0.0,0.014572388,-0.135828733,1.960828733,1176.854327,658.180603,644.150024,0.004805,0.004948
101,4,0,0,60.6318,95.0,16.7,0.005923469,72.270249322684,8.135375977,0.0,0.005368774,-0.181378126,2.006378126,1190.888426,0.0,0.0,0.0,0.0
102,4,0,0,60.7511,96.0,16.7,0.005981429,72.5003006454548,8.267211914,0.0,0.02761084,-0.19097209,2.01597209,1206.92746,737.117676,560.315491,0.0,0.00454
103,4,0,0,60.891,96.0,16.8,0.006038918,72.7127419101162,8.442993164,0.0,0.014572388,-0.140101671,1.965101671,1220.961886,721.168274,494.703796,0.004643,0.004748
104,4,0,0,59.9449,95.0,16.8,0.006095616,72.973011407732,8.486938477,0.0,0.001533936,-0.023870707,1.848870707,1237.00152,714.690674,602.82782,0.004556,0.004605
105,4,0,0,60.0226,95.0,16.6,0.006127765,73.2045685899408,8.486938477,0.0,0.00690271,0.09718585,1.72781415,1251.036332,773.140686,473.581909,0.004822,0.00484
106,4,0,0,60.4931,96.0,16.6,0.006140718,73.463857130453,8.486938477,0.0,-0.000959,0.253763437,1.571236563,1267.076208,1016.191223,680.794495,0.004434,0.004549
107,4,0,0,60.7711,96.0,16.8,0.00612982,73.6807144240744,8.399047852,0.0,-0.023200775,0.391845942,1.433154058,1281.111299,698.816101,628.929688,0.00474,0.004757
108,4,0,0,60.6914,96.0,16.8,0.006097655,73.9284631921166,8.399047852,0.0,-0.033938324,0.507684469,1.317315531,1297.152107,709.400513,628.063721,0.004651,0.004682
109,4,0,0,60.6914,98.0,16.6,0.006060675,74.1406506477666,8.399047852,0.0,-0.046976776,0.530133009,1.294866991,1311.188258,709.637207,648.25769,0.004488,0.004601
110,4,0,0,60.8509,99.0,16.6,0.006014051,74.3634122718866,8.267211914,0.0,-0.010929291,0.444762945,1.380237055,1327.229923,716.512207,615.298279,0.004482,0.004491
111,4,0,0,61.0516,98.0,16.4,0.005975628,74.5574008923882,8.355102539,0.0,0.019941162,0.328088999,1.496911001,1341.266681,732.532104,624.475525,0.004593,0.004675
112,4,0,0,61.1726,98.0,16.4,0.005942538,74.7903716544794,8.530883789,0.0,0.003067871,0.223842382,1.601157618,1357.308909,710.775391,595.610107,0.004542,0.004706
113,4,0,0,61.416,98.0,16.3,0.005916952,74.991812565252,8.486938477,0.0,-0.003259613,0.134791136,1.690208864,1371.348713,0.0,0.0,0.0,0.0
114,4,0,0,61.518,97.0,16.3,0.005871115,75.2291361897082,8.486938477,0.0,-0.003259613,0.010589361,1.814410639,1387.399265,723.673523,623.291992,0.004565,0.004678
115,4,0,0,61.518,95.0,16.2,0.005808361,75.4283881727732,8.530883789,0.0,0.0,-0.10632062,1.93132062,1401.445895,737.308105,815.996582,0.00459,0.004538
116,4,0,0,61.2535,96.0,16.2,0.005723406,75.2534149343492,0.0,8.212280273,0.019941162,-0.247711897,2.072711897,1417.500379,706.901917,615.964905,0.004649,0.004652
117,4,0,0,61.416,99.0,16.4,0.00565343,74.6992511616408,0.0,4.257202148,0.032979614,-0.339539766,2.164539766,1431.547353,695.516785,621.380371,0.004702,0.004731
118,4,0,0,61.6614,100.0,16.4,0.005587528,74.0946202889932,0.0,2.938842773,0.0,-0.344837427,2.169837427,1448.18669,694.872986,629.481812,0.004663,0.004632
119,4,0,0,61.5385,102.0,16.2,0.005547463,73.5501094824454,0.0,2.792358398,-0.007094452,-0.31095624,2.13595624,1460.900633,661.605896,618.782715,0.004514,0.004494
120,4,0,0,61.0113,103.0,16.2,0.005526349,72.9563759498332,0.0,2.352905273,-0.007094452,-0.289214849,2.114214849,1476.947883,649.296082,637.255127,0.004427,0.004418
121,4,0,0,61.0516,100.0,16.4,0.005524387,72.420249627658,0.0,2.059936523,0.009203613,-0.290646315,2.115646315,1490.905545,686.82312,620.241882,0.00414,0.004186
122,4,0,0,59.5019,96.0,16.4,0.005531516,71.8372797472074,0.0,1.913452148,0.001533936,-0.293985128,2.118985128,1506.783446,693.74762,622.45282,0.004063,0.004119
123,4,0,0,59.7514,96.0,16.3,0.005541189,71.3280522717536,0.0,1.034545898,0.021475098,-0.293721437,2.118721437,1520.710093,732.715698,829.419373,0.004424,0.004251
124,4,0,0,60.4339,96.0,16.3,0.005552543,70.850680764276,5.627746582,0.0,-0.001725677,-0.239606619,2.064606619,1536.683742,734.784485,848.940125,0.00437,0.004559
125,4,0,0,60.791,96.0,16.4,0.005560002,70.8762681115512,5.627746582,0.0,0.005368774,-0.167262316,1.992262316,1550.709864,0.0,0.0,0.0,0.0
126,4,0,0,61.0717,98.0,16.4,0.00555927,70.8980804621752,5.58380127,0.0,0.005368774,-0.065719843,1.890719843,1566.791943,731.382019,615.578308,0.004489,0.004563
127,4,0,0,61.2332,101.0,16.6,0.005544655,70.915858712408,5.58380127,0.0,0.009203613,0.039669752,1.785330248,1580.909311,713.894104,620.730408,0.004829,0.004702
128,4,0,0,61.1322,103.0,16.6,0.005509978,70.9356873422678,5.58380127,0.0,-0.010929291,0.183498621,1.641501379,1597.097738,781.751709,634.020508,0.004817,0.004719
129,4,0,0,61.4772,105.0,16.7,0.005469541,70.9525319660864,5.58380127,0.0,0.003067871,0.301123857,1.523876143,1611.310437,696.162903,633.907898,0.004768,0.004679
130,4,0,0,61.5385,106.0,16.7,0.005429952,70.9716564775094,5.58380127,0.0,-0.057714325,0.399939775,1.425060225,1627.607139,705.373291,622.604309,0.004485,0.004402
131,4,0,0,61.213,105.0,16.8,0.005413948,70.9864405667656,5.58380127,0.0,-0.019365936,0.381783247,1.443216753,1641.913142,702.790588,637.447998,0.004351,0.004357
132,4,0,0,59.1786,102.0,16.8,0.005415611,71.0045962555086,5.58380127,0.0,0.052920776,0.267472029,1.557527971,1658.314964,699.567383,609.514404,0.003945,0.00402
133,4,0,0,57.4099,99.0,17.0,0.00542397,71.0194207713856,5.58380127,0.0,-0.02166684,0.220744371,1.604255629,1673.397309,747.352783,617.22998,0.004291,0.004373
134,4,0,0,56.0887,97.0,17.0,0.005431785,71.0369989162828,5.58380127,0.0,-0.004793549,0.168836355,1.656163645,1689.211143,713.454224,644.421326,0.004568,0.004522
135,4,0,0,58.1571,93.0,17.1,0.005437938,71.0522429710044,5.58380127,0.0,-0.001725677,0.090334177,1.734665823,1704.380276,733.506897,863.424988,0.004585,0.004466
136,4,0,0,58.924,89.0,17.1,0.005450879,71.0700457797656,5.58380127,0.0,0.003834839,-0.002104044,1.827104044,1720.284574,603.765381,620.90802,0.00459,0.004604
137,4,0,0,57.3816,89.0,16.9,0.005473258,71.0974834817992,5.894165039,0.0,-0.001725677,-0.069465876,1.894465876,1735.541733,732.492493,625.353027,0.004524,0.00458
138,4,0,0,57.8476,92.0,16.9,0.005511816,71.1839892887482,6.333618164,0.0,0.018407227,-0.144066095,1.969066095,1751.539158,689.669006,646.860107,0.004503,0.004533
139,4,0,0,58.2662,95.0,17.0,0.005551362,71.2504642683598,6.069946289,0.0,0.032212646,-0.190168619,2.015168619,1766.885474,705.387878,637.138916,0.004313,0.004392
140,4,0,0,58.4871,96.0,17.0,0.005599374,71.3136211107594,6.069946289,0.0,-0.008628387,-0.174958944,1.999958944,1782.95314,696.762085,638.357605,0.004081,0.004195
141,4,0,0,58.9338,98.0,16.8,0.005643576,71.3691647127946,6.069946289,0.0,0.003067871,-0.160527468,1.985527468,1798.224311,698.002808,634.153015,0.004298,0.00436
142,4,0,0,59.4255,100.0,16.8,0.00569528,71.4300989922806,6.113891602,0.0,0.021475098,-0.137336016,1.962336016,1814.066321,703.263916,614.986816,0.004189,0.004189
143,4,0,0,59.3683,98.0,16.9,0.005742154,71.4881966973628,6.069946289,0.0,0.012271484,-0.064136267,1.889136267,1829.102485,706.334106,634.15387,0.004299,0.004355
144,4,0,0,59.7514,95.0,16.9,0.005799664,71.5508304559822,6.113891602,0.0,-0.008628387,0.042980909,1.782019091,1844.700946,700.084229,631.357971,0.004306,0.004227
145,4,0,0,60.042,96.0,16.7,0.005850649,71.6092040019404,6.201782227,0.0,-0.004793549,0.135957479,1.689042521,1859.506273,707.310303,627.979187,0.004161,0.004204
146,4,0,0,60.2962,97.0,16.7,0.005905969,71.68159926061,6.157836914,0.0,-0.023200775,0.219408274,1.605591726,1874.865385,706.857727,618.824707,0.004139,0.0042
147,4,0,0,60.2569,96.0,16.5,0.005955822,71.7435563400396,6.201782227,0.0,-0.025501678,0.251271009,1.573728991,1889.44361,727.286499,749.546814,0.004271,0.003908
148,4,0,0,60.5525,96.0,16.5,0.006023378,71.8103465571704,6.201782227,0.0,-0.010929291,0.209080458,1.615919542,1904.569462,735.580872,801.923706,0.003951,0.004016
149,4,0,0,60.6318,98.0,16.4,0.006089806,71.869911513624,6.157836914,0.0,-0.003259613,0.129528761,1.695471239,1919.004257,703.835022,630.773804,0.003781,0.003825
150,4,0,0,60.831,102.0,16.4,0.006156618,71.9279269009652,6.113891602,0.0,-0.003259613,0.016885519,1.808114481,1934.099967,700.826904,650.236389,0.003998,0.003942
151,4,0,0,60.891,103.0,16.3,0.006198914,71.9783115383228,6.113891602,0.0,0.001533936,-0.088651419,1.913651419,1948.543144,697.585083,612.082092,0.004062,0.004141
152,4,0,0,61.1928,104.0,16.3,0.006245814,72.0352085792046,6.685180664,0.0,0.009203613,-0.207351446,2.032351446,1963.64661,703.412598,629.422729,0.004608,0.00454
153,4,0,0,61.3346,106.0,16.4,0.006306274,72.1789226733914,7.564086914,0.0,0.051386841,-0.284315825,2.109315825,1978.097302,728.855713,859.883789,0.004959,0.00474
154,4,0,0,61.355,103.0,16.4,0.006404162,72.3602243194974,3.782043457,0.0,0.026843872,-0.254619837,2.079619837,1993.209023,742.046997,868.489929,0.004858,0.004771
155,4,0,0,61.213,99.0,16.3,0.00650796,72.0340253924366,5.23223877,0.0,-0.013997162,-0.151019335,1.976019335,2007.667341,707.995972,652.658081,0.004762,0.004726
156,4,0,0,60.6516,99.0,16.3,0.006637825,72.0232499438128,5.58380127,0.0,-0.013997162,-0.051735163,1.876735163,2022.786079,707.68103,681.114075,0.005018,0.004873
157,4,0,0,59.9449,100.0,16.2,0.006761879,72.0251587658934,5.539855957,0.0,-0.015531097,-0.015889883,1.840889883,2037.251236,694.683228,653.55188,0.004795,0.004785
158,4,0,0,59.5019,100.0,16.2,0.00692672,72.0258956826794,5.58380127,0.0,-0.007094452,-0.021511316,1.846511316,2052.377419,706.012085,689.500671,0.005164,0.005019
159,4,0,0,58.915,101.0,16.1,0.007090578,72.0281296397202,5.58380127,0.0,0.001533936,-0.054029703,1.879029703,2066.849196,663.888306,647.3573,0.004505,0.004518
160,4,0,0,59.1219,103.0,16.1,0.007269851,72.0310542128352,5.58380127,0.0,0.009203613,-0.094568968,1.919568968,2081.982322,659.75293,637.588196,0.004659,0.004742
161,4,0,0,59.3113,105.0,16.3,0.007391096,72.0337087386982,5.58380127,0.0,0.010737549,-0.118350267,1.943350267,2096.462153,711.244629,652.364502,0.004965,0.005175
162,4,0,0,59.7322,106.0,16.3,0.007488424,72.0365168116906,5.58380127,0.0,0.005368774,-0.117403269,1.942403269,2111.613718,693.745483,673.623108,0.005097,0.004986
163,4,0,0,60.4142,106.0,16.1,0.007548316,72.0392055682154,5.58380127,0.0,0.009203613,-0.102847338,1.927847338,2126.122859,681.598877,644.824097,0.004861,0.004845
164,4,0,0,60.5129,105.0,16.1,0.007584095,72.0423503956028,5.58380127,0.0,0.00690271,-0.060158968,1.885158968,2141.304554,690.550781,646.343079,0.004571,0.004609
165,4,0,0,60.6119,102.0,16.3,0.007597174,72.0447920379706,5.58380127,0.0,-0.001725677,-0.005370855,1.830370855,2155.838004,691.710815,636.588379,0.004587,0.004553
166,4,0,0,59.79,97.0,16.3,0.007642076,72.0481379684844,5.58380127,0.0,-0.02856955,0.051886797,1.773113203,2171.044582,702.824585,650.25293,0.004667,0.004627
167,4,0,0,59.2164,96.0,16.2,0.007737908,72.0503966932678,5.58380127,0.0,-0.010929291,0.062856436,1.762143564,2185.601848,706.802612,638.26593,0.00427,0.004337
168,4,0,0,58.1564,98.0,16.2,0.007882716,72.0533257886282,5.58380127,0.0,-0.003259613,0.041083097,1.783916903,2200.83355,703.670471,658.103699,0.004779,0.004779
169,4,0,0,58.193,100.0,16.4,0.007986472,72.0559689686442,5.58380127,0.0,0.00690271,0.011627913,1.813372087,2215.415327,693.582825,693.089294,0.004721,0.00473
170,4,0,0,58.8963,99.0,16.4,0.008053706,72.0589681024814,5.58380127,0.0,0.012271484,-0.011401892,1.836401892,2230.674042,740.690491,873.68457,0.004742,0.004613
171,4,0,0,57.5599,100.0,16.2,0.008081461,72.0616778287064,5.58380127,0.0,-0.030103485,-0.006516695,1.831516695,2245.28294,705.601807,718.727417,0.004543,0.004563
172,4,0,0,56.0105,101.0,16.2,0.008086272,72.0640684549962,5.58380127,0.0,-0.005560516,-0.047384501,1.872384501,2260.569261,696.28363,660.417419,0.004613,0.004534
173,4,0,0,59.0538,100.0,16.1,0.008073349,72.0665448430146,5.58380127,0.0,0.012271484,-0.115310907,1.940310907,2275.203473,701.381592,663.689087,0.004861,0.004733
174,4,0,0,57.5242,98.0,16.1,0.008077709,72.069397977527,5.58380127,0.0,0.012271484,-0.166551352,1.991551352,2290.51531,707.591309,657.169922,0.004867,0.004807
175,4,0,0,58.1564,98.0,16.0,0.008127394,72.07188835071,5.58380127,0.0,-0.003259613,-0.180180311,2.005180311,2305.172195,706.059326,665.941895,0.00476,0.004628
176,4,0,0,58.3029,99.0,16.0,0.008237746,72.0746659428028,5.58380127,0.0,0.00690271,-0.200823069,2.025823069,2320.506219,694.648804,576.148926,0.004267,0.004311
177,4,0,0,58.4317,99.0,16.5,0.008378581,72.0772364772112,5.58380127,0.0,0.019941162,-0.205336332,2.030336332,2335.195631,696.801819,620.962891,0.004473,0.004448
178,4,0,0,58.4871,99.0,16.5,0.0085888,72.0797846257002,5.58380127,0.0,0.001533936,-0.156787157,1.981787157,2350.590499,664.531128,644.029175,0.004838,0.004746
179,4,0,0,56.6964,100.0,16.7,0.008780831,72.0822219550368,5.58380127,0.0,-0.019365936,-0.097514868,1.922514868,2365.283292,0.0,0.0,0.0,0.0
180,4,0,0,57.542,101.0,16.7,0.008934301,72.08464478422,5.58380127,0.0,0.003067871,-0.068930387,1.893930387,2381.288258,0.0,0.0,0.004608,0.004477
181,4,0,0,58.0835,101.0,16.8,0.008982602,72.0869920387968,5.58380127,0.0,0.003067871,-0.054405928,1.879405928,2395.292499,735.74408,844.390198,0.004583,0.00432
182,4,0,0,57.9381,101.0,16.8,0.008963388,72.0899035923512,5.58380127,0.0,-0.017832001,-0.035914183,1.860914183,2411.297461,696.123718,636.953979,0.004422,0.004588
183,4,0,0,57.4099,102.0,16.9,0.008907706,72.0918171619848,5.58380127,0.0,-0.010162323,-0.048554182,1.873554182,2425.302211,698.408508,637.114807,0.003998,0.004061
184,4,0,0,57.7811,102.0,16.9,0.008845459,72.0938581591596,5.58380127,0.0,-0.005560516,-0.094053984,1.919053984,2439.307439,699.919495,631.242798,0.004284,0.004261
185,4,0,0,58.924,100.0,17.0,0.008817261,72.0964053742314,5.58380127,0.0,0.019941162,-0.160714388,1.985714388,2455.314085,704.957275,623.305481,0.00444,0.00453
186,4,0,0,59.5788,101.0,17.0,0.008844958,72.0984284433586,5.58380127,0.0,0.018407227,-0.190997362,2.015997362,2469.320444,705.878113,632.673706,0.004578,0.00462
187,4,0,0,56.6444,102.0,17.1,0.008899206,72.1003026807226,5.58380127,0.0,-0.004793549,-0.182549238,2.007549238,2485.32834,702.513123,646.42749,0.004824,0.004774
188,4,0,0,56.7485,102.0,17.1,0.008930336,72.1024806327314,5.58380127,0.0,0.014572388,-0.180537462,2.005537462,2499.335777,700.789673,664.4505,0.00458,0.004569
189,4,0,0,57.542,104.0,17.2,0.008934486,72.1046793291328,5.58380127,0.0,0.003834839,-0.163896322,1.988896322,2515.344837,706.299988,627.44342,0.0041,0.004158
190,4,0,0,57.7394,105.0,17.2,0.008912611,72.1066516879566,5.58380127,0.0,0.003834839,-0.124653578,1.949653578,2529.353425,695.808228,610.34967,0.003782,0.003835
191,4,0,0,57.2397,106.0,17.6,0.008871317,72.1090924612808,5.58380127,0.0,0.008436646,-0.065609694,1.890609694,2545.363914,713.65979,629.135071,0.004576,0.004463
192,4,0,0,57.5242,103.0,17.6,0.008846595,72.1110125970216,5.627746582,0.0,0.003834839,-0.001178026,1.826178026,2559.373603,704.700012,635.766602,0.004578,0.004455
193,4,0,0,56.8182,100.0,17.6,0.008843961,72.1142763707284,5.627746582,0.0,0.0,0.082969427,1.742030573,2575.385302,696.799072,648.464722,0.004594,0.004543
194,4,0,0,57.1866,99.0,17.6,0.008843212,72.1194680211014,5.627746582,0.0,-0.001725677,0.153324842,1.671675158,2589.396108,738.814209,621.005005,0.004168,0.004163
195,4,0,0,57.6316,99.0,17.9,0.00880716,72.1256115317108,5.627746582,0.0,0.003067871,0.22822547,1.59677453,2605.409071,727.033203,626.443909,0.004248,0.004205
196,4,0,0,57.9744,98.0,17.9,0.008740867,72.1318979356188,5.671691895,0.0,0.0,0.293896914,1.531103086,2619.420795,696.230896,622.353027,0.004249,0.004044
197,4,0,0,57.6136,98.0,17.7,0.008655664,72.1586369748782,6.113891602,0.0,0.0,0.372981787,1.452018213,2635.434737,691.104797,633.697693,0.004336,0.004392
198,4,0,0,57.7034,99.0,17.7,0.00858902,72.1945390167352,6.026000977,0.0,-0.008628387,0.439567804,1.385432196,2649.447555,696.422729,629.155579,0.004461,0.00435
199,4,0,0,58.0835,99.0,17.7,0.008524842,72.234958025357,6.026000977,0.0,-0.008628387,0.501808882,1.323191118,2665.462796,718.312927,680.01947,0.004814,0.004674
200,4,0,0,58.4686,97.0,17.7,0.008493416,72.267694414967,5.938110352,0.0,-0.037773163,0.523753881,1.301246119,2679.476652,710.155273,664.601929,0.004698,0.004569
201,4,0,0,58.5796,99.0,17.4,0.008506018,72.3027545627898,6.026000977,0.0,-0.010929291,0.458850622,1.366149378,2695.493082,0.0,0.0,0.0,0.0
202,4,0,0,58.6166,101.0,17.4,0.008554939,72.3351592513324,6.026000977,0.0,-0.010162323,0.356587172,1.468412828,2709.507809,722.924316,632.933105,0.004624,0.004628
203,4,0,0,58.8028,102.0,17.5,0.008640377,72.3789063750742,5.627746582,0.0,-0.007094452,0.203000784,1.621999216,2725.52526,719.211792,651.276794,0.004806,0.004681
204,4,0,0,59.0089,100.0,17.5,0.008729454,71.9551579476494,0.0,193.8079834,-0.015531097,0.056310892,1.768689108,2739.541077,708.886414,658.619324,0.004956,0.004828
205,4,0,0,59.1597,101.0,17.2,0.008812536,71.3930235806296,0.0,242.0013428,0.013038452,-0.151958704,1.976958704,2755.5597,743.730286,844.775208,0.004667,0.004586
206,4,0,0,59.3303,98.0,17.2,0.008848675,70.9393175465992,0.0,190.7318115,0.037581421,-0.315847158,2.140847158,2769.576532,724.8573,650.182678,0.005246,0.005067
207,4,0,0,59.3493,93.0,17.3,0.008867681,70.4170279435024,0.0,125.692749,0.085900391,-0.392498255,2.217498255,2785.596247,678.707886,666.998596,0.005306,0.004997
208,4,0,0,59.3113,91.0,17.3,0.008871946,69.9498899394036,0.0,96.39587402,0.0,-0.288523436,2.113523436,2799.613861,665.628113,641.822815,0.004914,0.004864
209,4,0,0,59.4255,91.0,17.4,0.008838739,69.4368471211448,0.0,21.24938965,-0.052345551,-0.110076189,1.935076189,2815.63456,666.948975,653.043274,0.004913,0.004861
210,4,0,0,58.1747,91.0,17.4,0.008775949,69.1354501834392,9.104919434,0.0,-0.024734711,-0.079896212,1.904896212,2829.65317,653.712524,678.25293,0.005274,0.005246
211,4,0,0,57.3816,94.0,17.1,0.008706978,69.6088863557214,9.060974121,0.0,-0.010929291,-0.145633459,1.970633459,2845.674871,620.662903,689.255188,0.005188,0.005252
212,4,0,0,57.4171,96.0,17.1,0.008675677,69.8321246341626,7.080688477,0.0,0.030678711,-0.232941389,2.057941389,2859.694316,550.563477,707.991028,0.00522,0.005162
213,4,0,0,58.3397,96.0,17.2,0.008667031,70.008505417444,7.080688477,0.0,0.012271484,-0.308237791,2.133237791,2875.716944,688.205017,651.5625,0.005021,0.004877
214,4,0,0,58.2846,98.0,17.2,0.008664612,70.0695083513744,5.58380127,0.0,0.025309937,-0.321980238,2.146980238,2889.737127,653.120605,494.100708,0.005523,0.005354
215,4,0,0,58.0471,100.0,17.0,0.008657308,70.1660148062976,6.465454102,0.0,0.001533936,-0.269889593,2.094889593,2905.760643,670.734497,496.022003,0.00513,0.005027
216,4,0,0,58.8588,101.0,17.0,0.008662867,70.2701138376596,6.904907227,0.0,0.0,-0.178180933,2.003180933,2919.781603,743.429504,839.563171,0.004669,0.004615
217,4,0,0,57.5957,102.0,17.1,0.008719502,70.570320781089,11.21429443,0.0,-0.019365936,-0.067181349,1.892181349,2935.806458,708.137329,500.065002,0.00464,0.004619
218,4,0,0,56.8008,103.0,17.1,0.008828321,71.006020376568,9.895935059,0.0,-0.039307098,-0.009334803,1.834334803,2949.829412,676.728821,636.0802,0.004683,0.004627
219,4,0,0,57.5599,101.0,17.2,0.009008985,71.409714544665,9.764099121,0.0,-0.019365936,-0.024634123,1.849634123,2965.857105,673.970276,623.297729,0.004737,0.004679
220,4,0,0,58.0653,98.0,17.2,0.009189025,71.74148682536,9.851989746,0.0,-0.012463226,-0.092573881,1.917573881,2979.884196,733.788391,848.271729,0.004733,0.00462
221,4,0,0,58.4317,96.0,17.3,0.009345418,72.1162127286164,9.983825684,0.0,0.001533936,-0.202461958,2.027461958,2995.924173,693.791992,629.205017,0.004346,0.004439
222,4,0,0,58.7282,97.0,17.3,0.009349304,72.4361055051674,9.720153809,0.0,0.02761084,-0.296369791,2.121369791,3009.967099,706.860596,634.27179,0.004748,0.004682
223,4,0,0,58.8776,98.0,17.3,0.00917594,72.8068568214258,9.720153809,0.0,0.009203613,-0.353932619,2.178932619,3026.024803,707.962585,610.749207,0.004397,0.004388
224,4,0,0,58.8588,99.0,17.3,0.008954961,73.115849345036,9.720153809,0.0,0.009203613,-0.353824854,2.178824854,3040.081819,705.762878,616.337891,0.004338,0.004395
225,4,0,0,59.0277,101.0,17.7,0.00873991,73.474788974738,9.676208496,0.0,0.009203613,-0.328889132,2.153889132,3056.155089,718.349609,614.272583,0.004023,0.004137
226,4,0,0,59.3113,101.0,17.7,0.008621586,73.784606880554,9.764099121,0.0,-0.007094452,-0.285798788,2.110798788,3070.219527,700.423706,603.7453,0.00388,0.003941
227,4,0,0,59.6168,101.0,17.7,0.008553606,74.1331612943954,9.764099121,0.0,-0.007094452,-0.242452383,2.067452383,3086.192631,693.999512,612.990601,0.004172,0.00423
228,4,0,0,59.7322,102.0,17.7,0.008519972,74.4308558005904,9.720153809,0.0,0.016106323,-0.225296736,2.050296736,3100.061369,694.077209,629.346375,0.004277,0.004281
229,4,0,0,59.8093,102.0,17.8,0.0084733,74.7559676184812,9.808044434,0.0,-0.025501678,-0.183008909,2.008008909,3115.790251,728.468628,867.631409,0.004541,0.004411
230,4,0,0,59.9061,101.0,17.8,0.008433064,74.8148967890744,0.0,0.0,-0.025501678,-0.157024145,1.982024145,3129.446451,773.680908,617.630127,0.004324,0.004324
231,4,0,0,60.0615,100.0,17.8,0.008433985,74.262566939763,0.0,0.0,0.017640259,-0.187323809,2.012323809,3144.932634,671.99707,666.561218,0.004435,0.004438
232,4,0,0,60.12,102.0,17.8,0.008497002,73.7531091516618,0.0,0.0,0.014572388,-0.192391634,2.017391634,3158.39047,702.861816,628.123291,0.004394,0.004431
233,4,0,0,60.1786,102.0,17.8,0.008619672,73.2292487200712,0.703125,0.0,0.001533936,-0.15128541,1.97628541,3173.82555,695.888306,646.898682,0.00455,0.004377
234,4,0,0,60.3945,103.0,17.8,0.008726328,72.8057981010134,0.834960938,0.0,0.026843872,-0.100535154,1.925535154,3187.396142,686.462708,660.038513,0.004543,0.004549
235,4,0,0,60.12,105.0,18.1,0.008788492,72.357736263764,2.63671875,0.0,0.0,-0.004497766,1.829497766,3202.945265,736.92157,841.518311,0.004827,0.004762
236,4,0,0,59.5019,106.0,18.1,0.008768709,72.3229877002586,5.58380127,0.0,-0.015531097,0.087131739,1.737868261,3216.570997,710.520874,638.786987,0.00459,0.004697
237,4,0,0,59.7707,105.0,18.4,0.008687744,72.2532984180518,4.52911377,0.0,-0.020132904,0.160580397,1.664419603,3232.160161,699.438171,643.388611,0.004847,0.004766
238,4,0,0,59.7514,104.0,18.4,0.008597615,72.1984900108088,5.188293457,0.0,-0.017832001,0.166412115,1.658587885,3245.825244,0.0,0.0,0.0,0.0
239,4,0,0,59.3303,104.0,18.4,0.00848527,72.1348624847394,4.660949707,0.0,0.009203613,0.131432295,1.693567705,3261.514659,735.731079,625.855286,0.004369,0.004505
240,4,0,0,59.6168,103.0,18.4,0.008377047,72.0268725520594,4.133605957,0.0,0.003834839,0.10221839,1.72278161,3275.333724,689.295288,639.016418,0.004587,0.004525
241,4,0,0,59.5593,101.0,18.6,0.008247703,71.934017399915,4.70489502,0.0,-0.005560516,0.073344946,1.751655054,3291.215056,669.764526,633.945007,0.004779,0.004607
242,4,0,0,59.3303,99.0,18.6,0.008149617,71.8724928306104,4.836730957,0.0,0.0,0.042573214,1.782426786,3305.186078,972.911926,637.670898,0.004313,0.004211
243,4,0,0,55.7911,99.0,18.6,0.008076843,71.814596083814,4.792785645,0.0,-0.007094452,0.003196478,1.821803522,3321.236917,728.335693,610.723083,0.003996,0.004039
244,4,0,0,56.443,100.0,18.6,0.008046624,71.7600467320308,4.836730957,0.0,-0.007094452,-0.040144682,1.865144682,3335.353552,752.955811,615.111511,0.004175,0.004188
245,4,0,0,57.0434,100.0,18.5,0.008035113,71.703958786834,4.88067627,0.0,0.001533936,-0.099438906,1.924438906,3351.567475,693.451721,628.736023,0.004399,0.00431
246,4,0,0,58.1571,98.0,18.5,0.008029114,71.6506720427478,4.88067627,0.0,0.016106323,-0.15217948,1.97717948,3365.824069,704.338928,655.463318,0.004657,0.00461
247,4,0,0,59.1842,99.0,18.5,0.008007529,71.599014691038,4.836730957,0.0,0.008436646,-0.178604841,2.003604841,3382.194991,708.919922,659.542297,0.004702,0.004701
248,4,0,0,57.0985,101.0,18.5,0.007976104,71.5523006685392,5.144348145,0.0,0.001533936,-0.175401926,2.000401926,3396.586688,0.0,0.0,0.0,0.0
249,4,0,0,57.3816,102.0,18.1,0.00794672,71.5217428103004,5.188293457,0.0,-0.005560516,-0.159960032,1.984960032,3413.109355,0.0,0.0,0.0,0.0
250,4,0,0,57.7934,103.0,18.1,0.007940794,71.5057666829062,5.276184082,0.0,0.003834839,-0.163234472,1.988234472,3427.631099,698.493713,650.015808,0.004468,0.004536
251,4,0,0,58.1199,103.0,17.8,0.007977873,71.4944484521806,5.539855957,0.0,0.003067871,-0.160874605,1.985874605,3444.254821,738.917603,848.652588,0.004656,0.004621
252,4,0,0,58.5425,97.0,17.8,0.008070838,71.4839772010036,5.58380127,0.0,-0.000959,-0.147244692,1.972244692,3458.700132,697.328003,630.566406,0.004473,0.004447
253,4,0,0,58.8215,95.0,17.2,0.008250946,71.477067918142,5.364074707,0.0,-0.000959,-0.13343358,1.95843358,3475.761251,688.214478,646.677795,0.004639,0.004589
254,4,0,0,59.0653,96.0,17.2,0.008449405,71.4647695349828,5.276184082,0.0,0.0,-0.123155832,1.948155832,3489.309847,692.781677,646.735107,0.00481,0.004754
255,4,0,0,59.2733,96.0,16.7,0.008672141,71.4492976138106,5.495910645,0.0,0.0,-0.110955954,1.935955954,3506.133193,694.196594,672.310974,0.004524,0.004589
256,4,0,0,58.7282,95.0,16.7,0.008827215,71.4374031428046,5.23223877,0.0,0.0,-0.100869894,1.925869894,3519.528479,701.249878,639.572083,0.004532,0.004573
257,4,0,0,58.1747,98.0,15.9,0.008949772,71.4243653966626,5.539855957,0.0,0.0,-0.089194536,1.914194536,3536.265413,710.39679,658.514709,0.004955,0.004863
258,4,0,0,58.8776,99.0,15.9,0.009020129,71.4117348940076,5.188293457,0.0,0.001533936,-0.08139205,1.90639205,3549.639357,735.258911,853.585022,0.004742,0.004751
259,4,0,0,59.0653,100.0,15.6,0.009092008,71.3959235630294,5.451965332,0.0,-0.001725677,-0.084259272,1.909259272,3566.343595,702.710693,630.872986,0.004262,0.004239
260,4,0,0,59.1786,98.0,15.6,0.009190701,71.4805169590696,11.65649414,0.0,-0.015531097,-0.091101408,1.916101408,3579.689208,741.413391,860.203796,0.004598,0.004314
261,4,0,0,57.92,97.0,14.9,0.009351516,72.2670428575746,6.773071289,0.0,-0.005560516,-0.122542143,1.947542143,3596.345542,735.51593,871.211609,0.004532,0.004591
262,4,0,0,59.2923,97.0,14.9,0.00948388,72.3842919670106,5.58380127,0.0,-0.005560516,-0.167491198,1.992491198,3609.656958,716.521606,627.876709,0.004364,0.004432
263,4,0,0,59.0653,95.0,14.6,0.009582676,72.3724434265682,5.58380127,0.0,0.003834839,-0.228999376,2.053999376,3626.282004,688.937073,638.020325,0.004324,0.004334
264,4,0,0,58.9338,94.0,14.6,0.009647482,72.3713357983132,5.58380127,0.0,0.005368774,-0.279207468,2.104207468,3639.570744,703.711304,624.799011,0.004254,0.004328
265,4,0,0,59.3113,95.0,14.1,0.00973286,72.3702115133892,5.58380127,0.0,0.021475098,-0.316868067,2.141868067,3656.167789,694.0849,641.022278,0.004654,0.004526
266,4,0,0,59.0465,97.0,14.1,0.009819186,72.3686524652642,5.58380127,0.0,0.013038452,-0.30550456,2.13050456,3669.434608,697.39209,654.136475,0.005021,0.004827
267,4,0,0,59.2923,96.0,13.9,0.009958485,72.3669931552572,5.58380127,0.0,-0.005560516,-0.245552301,2.070552301,3686.005872,696.196899,639.071899,0.004572,0.004447
268,4,0,0,59.5401,95.0,13.9,0.010134308,72.3657368883598,5.58380127,0.0,-0.005560516,-0.196443796,2.021443796,3699.253775,697.156921,649.203674,0.004839,0.004703
269,4,0,0,59.8093,96.0,13.7,0.010336811,72.3642588061302,5.58380127,0.0,-0.005560516,-0.150340796,1.975340796,3715.807502,692.047729,680.848999,0.00512,0.005023
270,4,0,0,59.9837,96.0,13.7,0.010465577,72.361190309739,5.276184082,0.0,0.0,-0.120035887,1.945035887,3729.047762,689.666077,690.367004,0.005349,0.005142
271,4,0,0,60.1395,95.0,13.8,0.010584853,72.2273114394678,3.913879395,0.0,0.003067871,-0.090325117,1.915325117,3745.595161,691.430908,649.421875,0.004604,0.004574
272,4,0,0,60.2177,97.0,13.8,0.010703254,72.1065792998434,4.089660645,0.0,0.003834839,-0.056221247,1.881221247,3758.831755,699.075684,624.270874,0.004198,0.004225
273,4,0,0,60.3748,99.0,14.2,0.010879292,71.9904255876784,4.485168457,0.0,0.003834839,-0.010949373,1.835949373,3775.374689,702.440491,552.620605,0.00413,0.004217
274,4,0,0,60.5129,99.0,14.2,0.01108058,71.917070566913,4.573059082,0.0,-0.004793549,0.036376715,1.788623285,3788.606367,742.55658,824.690186,0.004176,0.004118
275,4,0,0,60.7511,100.0,14.3,0.011290174,71.9104165736556,5.671691895,0.0,-0.024734711,0.083665609,1.741334391,3802.497043,691.877075,626.418274,0.004142,0.004263
276,4,0,0,58.9525,100.0,14.3,0.011445813,71.9182999739258,5.627746582,0.0,-0.003259613,0.101940393,1.723059607,3818.368822,732.844421,858.464722,0.004583,0.004418
277,4,0,0,57.346,99.0,14.7,0.011495955,71.9232974091476,5.58380127,0.0,-0.003259613,0.099195719,1.725804281,3832.915159,729.278198,845.534973,0.004649,0.004531
278,4,0,0,57.2397,98.0,14.7,0.01151627,71.9282791211176,5.58380127,0.0,-0.020132904,0.087654829,1.737345171,3848.119466,631.729492,627.479675,0.004206,0.004247
279,4,0,0,57.2872,99.0,14.7,0.011482788,71.9321810303212,5.58380127,0.0,-0.019365936,0.058548689,1.766451311,3862.702871,693.043701,663.762329,0.004159,0.004114
280,4,0,0,58.1571,100.0,14.7,0.011308556,71.9365429210836,5.58380127,0.0,-0.008628387,-0.023292303,1.848292303,3878.090407,699.646729,652.165894,0.004203,0.004119
281,4,0,0,59.0538,98.0,15.0,0.011058857,71.9403582477952,5.364074707,0.0,0.0,-0.120657682,1.945657682,3892.832763,666.319885,653.312012,0.004208,0.004191
282,4,0,0,59.1842,97.0,15.0,0.01076661,71.9221103277768,5.276184082,0.0,0.036047485,-0.237165213,2.062165213,3908.244667,669.604614,655.237976,0.004211,0.004194
283,4,0,0,55.6232,98.0,15.0,0.010557157,71.9109596776254,5.40802002,0.0,0.001533936,-0.282022238,2.107022238,3922.986281,693.346985,641.888306,0.004184,0.004175
284,4,0,0,56.0887,99.0,15.0,0.010382694,71.6967867309372,0.0,0.0,-0.010929291,-0.304252863,2.129252863,3938.397673,0.0,0.0,0.0,0.0
285,4,0,0,57.5331,99.0,15.3,0.010299733,71.3627644319882,5.938110352,0.0,-0.013997162,-0.335431337,2.160431337,3953.13852,697.444885,653.111511,0.004132,0.004245
286,4,0,0,58.1571,98.0,15.3,0.010297503,71.5354974530388,7.344360352,0.0,0.025309937,-0.390692949,2.215692949,3968.549095,712.042908,645.098999,0.004281,0.00429
287,4,0,0,58.7948,99.0,15.3,0.010344878,71.6643902178418,6.992797852,0.0,0.023009033,-0.405601263,2.230601263,3983.289394,690.031616,634.246704,0.003987,0.003981
288,4,0,0,59.1842,99.0,15.3,0.010388901,71.7966387784128,6.904907227,0.0,-0.015531097,-0.321649313,2.146649313,3998.697547,718.850098,711.656128,0.00455,0.004241
289,4,0,0,56.993,98.0,15.6,0.010393051,71.9013155789282,6.245727539,0.0,-0.008628387,-0.246323347,2.071323347,4013.411595,685.885376,613.79541,0.004106,0.00394
290,4,0,0,57.3105,99.0,15.6,0.010350237,71.614398533032,3.47442627,0.0,0.013038452,-0.190803766,2.015803766,4028.765301,693.878113,639.39563,0.004496,0.004378
291,4,0,0,57.6316,100.0,15.8,0.010257954,71.5621328508022,4.52911377,0.0,0.012271484,-0.146050215,1.971050215,4043.428251,675.395081,646.860474,0.004598,0.004517
292,4,0,0,57.5778,99.0,15.8,0.01010259,71.5611186447342,5.58380127,0.0,0.012271484,-0.04965663,1.87465663,4058.742026,699.015076,669.881714,0.004913,0.004881
293,4,0,0,57.5778,98.0,15.7,0.00994896,71.5753392235894,5.627746582,0.0,-0.019365936,0.065869093,1.759130907,4073.39053,705.845215,674.588623,0.004767,0.004773
294,4,0,0,57.5242,99.0,15.7,0.009749754,71.5883546159988,5.627746582,0.0,-0.043141937,0.168717146,1.656282854,4088.706475,693.21167,660.309509,0.004967,0.00487
295,4,0,0,57.8838,98.0,15.9,0.009537973,71.598664015852,5.627746582,0.0,-0.003259613,0.187255621,1.637744379,4103.357582,704.96521,650.40741,0.00475,0.004605
296,4,0,0,58.4133,97.0,15.9,0.009258826,71.6109690616788,5.627746582,0.0,0.0,0.169809103,1.655190897,4118.675616,697.837708,659.155884,0.004801,0.004699
297,4,0,0,58.3213,97.0,15.9,0.009006768,71.621829580015,5.715637207,0.0,-0.001725677,0.152630091,1.672369909,4133.328345,698.74353,640.449219,0.004714,0.004672
298,4,0,0,58.2846,99.0,15.9,0.008756526,71.6352750202592,5.627746582,0.0,0.014572388,0.132385015,1.692614985,4148.647272,699.519714,656.9646,0.004997,0.004804
299,4,0,0,58.1564,100.0,16.1,0.008613907,71.6465363125356,5.627746582,0.0,0.00690271,0.125635862,1.699364138,4163.297164,700.027771,698.355896,0.005125,0.005231
300,4,0,0,58.3948,100.0,16.1,0.008555578,71.659382643778,5.627746582,0.0,-0.024734711,0.131248236,1.693751764,4178.609766,699.802429,700.536926,0.005228,0.005105
301,4,0,0,58.1564,100.0,16.0,0.008572469,71.670161117961,5.627746582,0.0,-0.017832001,0.108063936,1.716936064,4193.194817,702.479675,657.034729,0.004928,0.004809
302,4,0,0,58.3213,101.0,16.0,0.008629666,71.6808118266414,5.627746582,0.0,-0.001725677,0.040938139,1.784061861,4208.401844,702.968018,661.243408,0.005021,0.004855
303,4,0,0,58.0289,97.0,16.2,0.008691558,71.6900050526442,5.58380127,0.0,0.003834839,-0.030814409,1.855814409,4222.98276,700.91748,642.345581,0.004719,0.004609
304,4,0,0,58.0835,95.0,16.2,0.008751988,71.6997607107902,5.627746582,0.0,0.005368774,-0.105902433,1.930902433,4238.256648,701.730286,637.560608,0.004668,0.004547
305,4,0,0,58.193,96.0,16.1,0.008752527,71.7079836174268,5.58380127,0.0,0.005368774,-0.159626245,1.984626245,4252.892583,727.610229,855.498596,0.004634,0.004419
306,4,0,0,58.3397,98.0,16.1,0.008640267,71.7155226672172,5.58380127,0.0,-0.004793549,-0.210398436,2.035398436,4268.178095,696.501221,641.651428,0.004225,0.004161
307,4,0,0,57.8115,99.0,16.2,0.008463074,71.7219200512116,5.58380127,0.0,-0.000959,-0.255037069,2.080037069,4282.754372,701.559692,646.775818,0.004127,0.004161
308,4,0,0,58.2846,98.0,16.2,0.008248115,71.7289762668152,5.58380127,0.0,0.010737549,-0.305593252,2.130593252,4297.992452,707.91803,637.031189,0.0046,0.004529
309,4,0,0,58.4317,98.0,16.1,0.00809297,71.735336893484,5.627746582,0.0,0.010737549,-0.340734243,2.165734243,4312.571085,699.260315,658.954895,0.004946,0.004803
310,4,0,0,58.2846,97.0,16.1,0.007966131,71.7424541030736,5.58380127,0.0,0.010737549,-0.35508275,2.18008275,4327.815729,704.739685,676.150208,0.005094,0.004964
311,4,0,0,58.4501,96.0,16.0,0.007893938,71.7486304281256,5.58380127,0.0,0.010737549,-0.343077421,2.168077421,4342.400247,705.725281,653.221619,0.004817,0.00463
312,4,0,0,58.1017,96.0,16.0,0.007839934,71.7554988981248,5.58380127,0.0,0.010737549,-0.302321196,2.127321196,4357.650452,697.216492,644.87207,0.004261,0.004328
313,4,0,0,58.193,98.0,16.2,0.007805726,71.7613714763452,5.58380127,0.0,-0.000959,-0.244528532,2.069528532,4372.240234,704.766113,671.817627,0.004537,0.004462
314,4,0,0,58.3213,98.0,16.2,0.007796416,71.7681456068336,5.58380127,0.0,-0.010162323,-0.173640966,1.998640966,4387.496095,705.962585,706.892883,0.004563,0.004404
315,4,0,0,58.0471,97.0,16.1,0.007840058,71.77384582474,5.58380127,0.0,-0.003259613,-0.132343531,1.957343531,4402.091305,700.569214,669.245483,0.004512,0.004433
316,4,0,0,57.3283,98.0,16.1,0.0079541,71.7803987192586,5.58380127,0.0,-0.003259613,-0.099936247,1.924936247,4417.352644,697.479126,668.159607,0.005196,0.005069
317,4,0,0,57.5778,98.0,16.3,0.008091667,71.786045104742,5.58380127,0.0,-0.003259613,-0.078028917,1.903028917,4431.952702,703.065613,679.432495,0.005443,0.005154
318,4,0,0,57.7394,96.0,16.3,0.008270462,71.7923637115434,5.58380127,0.0,-0.003259613,-0.065291166,1.890291166,4447.218588,669.654175,652.920593,0.004773,0.004709
319,4,0,0,58.2113,95.0,16.2,0.008419417,71.7978398449482,5.58380127,0.0,-0.010162323,-0.070049524,1.895049524,4461.822921,697.560913,537.798523,0.004605,0.0
320,4,0,0,58.2846,96.0,16.2,0.008506023,71.8041683491906,5.58380127,0.0,-0.008628387,-0.09018302,1.91518302,4477.09319,692.638123,614.947815,0.004164,0.004274
321,4,0,0,58.4501,97.0,16.3,0.008452727,71.8094541942338,5.58380127,0.0,0.0,-0.130226851,1.955226851,4491.701177,664.484924,612.388916,0.004205,0.004206
322,4,0,0,58.561,98.0,16.3,0.008271242,71.8156972908024,5.58380127,0.0,0.012271484,-0.170647383,1.995647383,4506.974757,700.299316,656.453613,0.004001,0.004071
323,4,0,0,58.6724,98.0,16.2,0.008077092,71.8207208777992,5.58380127,0.0,0.005368774,-0.180306673,2.005306673,4521.585795,704.705872,646.34259,0.004021,0.004043
324,4,0,0,58.4501,99.0,16.2,0.007879348,71.8789480703778,6.509399414,0.0,-0.000959,-0.172200918,1.997200918,4537.526847,694.712585,600.814209,0.003986,0.003924
325,4,0,0,58.358,99.0,16.4,0.007744793,71.9550771105012,6.465454102,0.0,0.003067871,-0.162596941,1.987596941,4551.476654,695.487183,673.9328,0.0,0.003928
326,4,0,0,57.9744,98.0,16.4,0.007621181,71.989384409072,8.399047852,0.0,0.003067871,-0.144403219,1.969403219,4567.420775,698.079407,623.804321,0.00389,0.004005
327,4,0,0,56.958,98.0,16.3,0.007516249,72.1625085480228,7.608032227,0.0,0.003067871,-0.122527838,1.947527838,4581.373166,734.75769,825.633911,0.004089,0.003999
328,4,0,0,56.0953,98.0,16.3,0.007385449,72.3299435574198,7.344360352,0.0,0.003067871,-0.089377165,1.914377165,4597.320284,736.376099,832.97113,0.004019,0.003898
329,4,0,0,55.2792,97.0,16.4,0.007285528,72.4645295555936,7.344360352,0.0,0.003067871,-0.053985834,1.878985834,4611.275418,713.72467,727.395081,0.0,0.005157
330,4,0,0,54.3821,97.0,16.4,0.007231474,72.6231555528194,7.344360352,0.0,0.003067871,-0.005151987,1.830151987,4627.225657,726.908875,799.981689,0.003936,0.003891
331,4,0,0,55.5081,98.0,16.3,0.007247664,72.7596705541974,7.388305664,0.0,-0.003259613,0.042015314,1.782984686,4641.183416,735.47821,851.329895,0.004288,0.004073
332,4,0,0,56.8017,97.0,16.3,0.007321802,72.9142429619246,7.432250977,0.0,-0.003259613,0.09112668,1.73387332,4657.136592,696.739319,655.725098,0.004101,0.004155
333,4,0,0,57.1651,95.0,16.2,0.007414917,73.0279400970466,5.850219727,0.0,-0.004793549,0.12582612,1.69917388,4671.096863,653.264771,630.678894,0.004199,0.00425
334,4,0,0,58.1571,95.0,16.2,0.007530585,73.0263257519992,5.58380127,0.0,-0.004793549,0.154372931,1.670627069,4687.052827,687.560608,609.925415,0.003743,0.003715
335,4,0,0,58.4105,98.0,16.1,0.007622952,73.0172930737548,5.58380127,0.0,-0.004793549,0.168538809,1.656461191,4701.015494,697.930115,637.825806,0.004066,0.004084
336,4,0,0,58.6662,100.0,16.1,0.00770578,73.0073150370076,5.58380127,0.0,-0.004793549,0.172816515,1.652183485,4716.974264,601.304016,644.548401,0.004279,0.004249
337,4,0,0,59.1842,99.0,16.0,0.007759197,72.9986368158982,5.58380127,0.0,-0.008628387,0.165980577,1.659019423,4730.940854,0.0,0.0,0.0,0.0
338,4,0,0,59.3151,101.0,16.0,0.007818793,72.9887458605384,5.58380127,0.0,-0.010162323,0.144492388,1.680507612,4746.921984,698.145386,619.407227,0.003873,0.003963
339,4,0,0,59.5788,102.0,16.2,0.007895759,72.9805389829282,5.58380127,0.0,-0.001725677,0.115417719,1.709582281,4760.917476,702.028198,629.348328,0.004307,0.004294
340,4,0,0,57.0457,100.0,16.2,0.008018482,72.9708949003244,5.58380127,0.0,0.005368774,0.081156015,1.743843985,4776.941784,700.2901,626.48053,0.004266,0.004212
341,4,0,0,57.2928,97.0,16.0,0.008117652,72.9626652666466,5.58380127,0.0,0.003834839,0.066211462,1.758788538,4790.997319,703.12262,623.525696,0.004291,0.004321
342,4,0,0,57.3816,97.0,16.0,0.008138566,72.9532709053306,5.58380127,0.0,0.003834839,0.060788393,1.764211607,4807.097132,705.122498,639.062317,0.004571,0.004569
343,4,0,0,57.5242,97.0,16.2,0.008052744,72.9452071785134,5.627746582,0.0,0.009203613,0.064535856,1.760464144,4821.215787,737.731689,855.304016,0.004708,0.004688
344,4,0,0,57.5957,97.0,16.2,0.007904435,72.9363052430506,5.58380127,0.0,-0.005560516,0.081242323,1.743757677,4837.386812,696.27533,643.338989,0.004175,0.004145
345,4,0,0,57.7934,98.0,16.1,0.007794028,72.9285884899374,5.58380127,0.0,-0.012463226,0.095433474,1.729566526,4851.567021,687.582214,623.662415,0.003984,0.004083
346,4,0,0,58.1564,100.0,16.1,0.007710733,72.919782970034,5.58380127,0.0,0.001533936,0.084352732,1.740647268,4867.794695,652.380005,618.590271,0.003987,0.004154
347,4,0,0,58.193,100.0,16.3,0.007667526,72.9121012200658,5.58380127,0.0,0.001533936,0.064595461,1.760404539,4881.993099,696.480408,608.050781,0.003951,0.003939
348,4,0,0,57.4528,99.0,16.3,0.007649496,72.9033893315636,5.58380127,0.0,0.001533936,0.045454264,1.779545736,4898.217525,677.943604,629.638,0.003898,0.004026
349,4,0,0,57.222,97.0,16.2,0.007667945,72.896083748727,5.58380127,0.0,0.001533936,0.032256365,1.792743635,4912.411881,661.107483,626.411621,0.003908,0.003946
350,4,0,0,57.542,97.0,16.2,0.007742445,72.887588847537,5.58380127,0.0,0.001533936,0.020841837,1.804158163,4928.631746,691.634888,604.218323,0.003711,0.003853
351,4,0,0,57.7214,98.0,16.4,0.007873038,72.88028316814,5.58380127,0.0,0.001533936,0.014321089,1.810678911,4942.822158,696.009888,634.040894,0.003807,0.003903
352,4,0,0,57.3816,98.0,16.4,0.008097407,72.8717328090936,5.58380127,0.0,0.0,0.009781599,1.815218401,4959.03762,695.241699,623.894104,0.003556,0.003643
353,4,0,0,57.5599,98.0,16.2,0.008307986,72.8646130084666,5.58380127,0.0,0.0,0.006483316,1.818516684,4973.224293,739.477478,831.350525,0.003764,0.003942
354,4,0,0,57.7214,99.0,16.2,0.008484419,72.856470005561,5.58380127,0.0,0.00690271,0.002860308,1.822139692,4989.43552,683.519287,635.429993,0.003957,0.004031
355,4,0,0,57.8115,99.0,16.4,0.008571555,72.8494069502624,5.495910645,0.0,0.005368774,0.006964445,1.818035555,5003.618519,693.826111,610.265808,0.004154,0.004128
356,4,0,0,57.8295,100.0,16.4,0.008623604,72.8085040774762,5.539855957,0.0,0.005368774,0.025955915,1.799044085,5019.825589,701.487976,638.122681,0.004639,0.004632
357,4,0,0,58.0471,101.0,16.3,0.008624373,72.796466085529,5.320129395,0.0,0.005368774,0.055820704,1.769179296,5034.00501,698.918518,666.877686,0.004691,0.004581
358,4,0,0,58.1564,101.0,16.3,0.008578112,72.7813577464496,5.58380127,0.0,0.005368774,0.102540255,1.722459745,5050.208016,698.229309,639.914185,0.004415,0.004377
359,4,0,0,58.1382,100.0,16.1,0.008535915,72.7661280309474,5.495910645,0.0,0.001533936,0.154430151,1.670569849,5064.383919,678.014526,608.653503,0.0051,0.004655
360,4,0,0,58.3397,101.0,16.1,0.008511861,72.751376160678,5.23223877,0.0,0.001533936,0.226061583,1.598938417,5080.582986,699.758789,640.085388,0.0,0.004492
361,4,0,0,58.4501,103.0,16.3,0.008486365,72.7317939046788,5.276184082,0.0,-0.003259613,0.288364649,1.536635351,5094.755485,679.776794,659.803223,0.004714,0.004612
362,4,0,0,58.4871,104.0,16.3,0.008407135,72.7120642170422,5.495910645,0.0,-0.001725677,0.359661818,1.465338182,5110.950729,684.842896,643.35968,0.004393,0.004337
363,4,0,0,58.6724,105.0,16.2,0.008311443,72.6950952717086,5.58380127,0.0,-0.017832001,0.412254095,1.412745905,5123.09585,671.218506,635.878296,0.004729,0.004624
364,4,0,0,58.691,106.0,16.2,0.008171081,72.6755760374638,5.495910645,0.0,-0.039307098,0.445333242,1.379666758,5139.287619,686.933472,640.315125,0.004601,0.004557
365,4,0,0,58.8401,105.0,16.4,0.008075419,72.6584072121022,5.58380127,0.0,-0.039307098,0.396477461,1.428522539,5153.501995,701.481628,656.932007,0.004741,0.004691
366,4,0,0,58.8028,102.0,16.4,0.008027868,72.6366751353574,5.539855957,0.0,-0.039307098,0.260216475,1.564783525,5167.665729,712.705078,637.425903,0.004359,0.004317
367,4,0,0,58.524,102.0,16.2,0.008008715,72.6074137936094,5.40802002,0.0,-0.030103485,-0.006593943,1.831593943,5183.845091,703.013123,616.3255,0.004061,0.004129
368,4,0,0,57.8476,101.0,16.2,0.007976363,72.5796854447718,5.276184082,0.0,0.017640259,-0.326601744,2.151601744,5197.999171,693.221008,641.747925,0.00405,0.004025
369,4,0,0,58.2846,100.0,16.4,0.007911748,72.5456662341544,5.188293457,0.0,-0.012463226,-0.674543619,2.499543619,5214.171661,692.118103,628.155273,0.004212,0.004201
370,4,0,0,51.4594,100.0,16.4,0.007866248,72.52455384987,5.58380127,0.0,0.005368774,-0.989399195,2.814399195,5228.319309,687.813416,633.147278,0.004038,0.004092
371,4,0,0,49.1932,101.0,16.3,0.007856448,72.4841320731834,5.012512207,0.0,0.003834839,-1.340111494,3.165111494,5244.484114,700.271484,647.427673,0.003913,0.003908
372,4,0,0,48.746,103.0,16.3,0.007879442,72.4305588022036,5.58380127,0.0,0.003834839,-1.633072615,3.458072615,5258.624213,728.766296,868.89801,0.00449,0.004398
373,4,0,0,47.7902,102.0,16.4,0.007922324,72.8294711061718,11.52191162,0.0,-0.027035614,1.635619879,3.839380121,5274.780144,719.733704,657.269287,0.004167,0.004225
374,4,0,0,48.6575,104.0,16.4,0.007960461,73.0544590912478,6.245727539,0.0,0.019941162,1.315027475,4.159972525,5288.91302,730.615784,869.9104,0.004544,0.004562
375,4,0,0,49.3744,105.0,16.6,0.007997269,73.062534968582,5.627746582,0.0,0.045251099,0.981588364,4.493411636,5305.059876,738.764099,845.374329,0.004496,0.004461
376,4,0,0,50.3008,104.0,16.6,0.008036292,73.0561933964988,5.58380127,0.0,0.021475098,0.758148193,4.716851807,5319.183061,702.938416,636.354919,0.004284,0.004275
377,4,0,0,51.6577,101.0,16.7,0.008104913,72.8405073161558,2.4609375,0.0,0.012271484,0.577442884,4.897557116,5335.31531,702.21051,629.51947,0.004306,0.004267
378,4,0,0,53.0898,100.0,16.7,0.008161088,72.7070306682308,5.58380127,0.0,0.00690271,0.469490767,5.005509233,5349.423672,777.820984,610.611206,0.004169,0.004187
379,4,0,0,53.9444,100.0,16.9,0.008173127,72.7004759712514,5.58380127,0.0,0.013038452,0.363459826,5.111540174,5365.540843,703.661316,606.712891,0.00402,0.004004
380,4,0,0,54.827,98.0,16.9,0.008140275,72.6946150446526,5.58380127,0.0,0.013038452,0.299239635,5.175760365,5379.637901,880.445496,573.407471,0.003652,0.003788
381,4,0,0,55.3934,99.0,16.7,0.008085436,72.686035105937,5.188293457,0.0,-0.008628387,0.253417253,5.221582747,5395.739037,712.610718,629.024719,0.003688,0.003729
382,4,0,0,55.7389,99.0,16.7,0.008032677,72.6595796001988,4.88067627,0.0,-0.015531097,0.214943409,5.260056591,5409.828442,673.471497,642.241272,0.004004,0.004076
383,4,0,0,56.3244,101.0,16.8,0.007961529,72.5138933564024,3.957824707,0.0,-0.004793549,0.133519292,5.341480708,5426.028078,702.942322,670.470215,0.003877,0.003916
384,4,0,0,56.562,101.0,16.8,0.007880259,72.3819360059044,4.00177002,0.0,0.003067871,0.04506588,5.42993412,5440.230787,713.167786,678.921387,0.004529,0.004477
385,4,0,0,56.6816,102.0,16.6,0.007766921,72.2371823263578,4.045715332,0.0,0.005368774,-0.056407332,5.531407332,5456.463674,704.795593,635.060486,0.004472,0.004539
386,4,0,0,57.1651,103.0,16.6,0.007681636,72.110534800069,4.045715332,0.0,0.016106323,-0.134595871,5.609595871,5470.65519,724.579285,860.630493,0.004576,0.004532
387,4,0,0,57.6568,101.0,16.8,0.007659146,72.0088545423534,4.397277832,0.0,0.003834839,-0.184051275,5.659051275,5486.818171,728.496887,635.61969,0.004444,0.004555
388,4,0,0,58.6662,98.0,16.8,0.007735983,71.8840002070662,3.957824707,0.0,0.005368774,-0.210161805,5.685161805,5500.954042,698.529297,637.921021,0.004334,0.004393
389,4,0,0,58.5381,94.0,16.6,0.007916506,71.7055238860774,3.694152832,0.0,0.005368774,-0.225697637,5.700697637,5517.107966,698.204895,658.694885,0.00467,0.004619
390,4,0,0,58.4105,95.0,16.6,0.008097247,71.5672259130068,3.782043457,0.0,0.003834839,-0.227642059,5.702642059,5531.24106,699.747925,634.8479,0.004262,0.004304
391,4,0,0,58.6662,97.0,16.7,0.008272375,71.4024509173222,3.782043457,0.0,0.005368774,-0.21870935,5.69370935,5547.385321,699.876099,622.692505,0.004369,0.004327
392,4,0,0,58.7948,98.0,16.7,0.008395204,71.2617043817218,3.738098145,0.0,-0.000959,-0.20019865,5.67519865,5561.485983,688.157471,618.135803,0.004426,0.004465
393,4,0,0,59.1842,100.0,16.6,0.008504367,71.0989674864,3.738098145,0.0,-0.000959,-0.178889513,5.653889513,5577.567926,693.567383,652.828491,0.004366,0.004418
394,4,0,0,59.1842,103.0,16.6,0.008562402,70.968559688921,4.221496582,0.0,-0.000959,-0.163047433,5.638047433,5591.611125,728.531311,839.081787,0.004497,0.00446
395,4,0,0,59.3151,102.0,16.1,0.00858215,70.9105766332204,7.608032227,0.0,0.0,-0.147077084,5.622077084,5607.630062,700.676697,639.503906,0.004553,0.004649
396,4,0,0,56.8182,100.0,16.1,0.008564855,71.0643682213664,7.036743164,0.0,0.014572388,-0.129784226,5.604784226,5621.624833,697.814392,634.356995,0.004601,0.004727
397,4,0,0,57.0281,99.0,15.7,0.008510984,71.1529146875288,5.671691895,0.0,-0.001725677,-0.082766056,5.557766056,5637.584424,734.351685,870.244507,0.004743,0.004694
398,4,0,0,56.8008,100.0,15.7,0.008447671,71.1693165819134,5.671691895,0.0,-0.030103485,-0.042031646,5.517031646,5651.514885,702.045593,637.611877,0.00457,0.004639
399,4,0,0,56.5061,100.0,15.3,0.008383216,71.18916455604,5.627746582,0.0,0.0,-0.020034194,5.495034194,5667.399972,694.416382,641.900208,0.004655,0.004672
400,4,0,0,56.8182,101.0,15.3,0.008338359,71.2056644431372,5.627746582,0.0,0.0,-0.008637667,5.483637667,5681.267571,686.877319,637.119324,0.004474,0.004502
401,4,0,0,57.0106,102.0,15.0,0.00828433,71.2247989807484,5.627746582,0.0,0.0,0.005371809,5.469628191,5697.079527,697.490112,629.130005,0.004425,0.004425
402,4,0,0,57.1866,103.0,15.0,0.00823672,71.240215476251,5.627746582,0.0,0.0,0.01693666,5.45806334,5710.884166,693.067688,628.151672,0.004115,0.0042
403,4,0,0,57.2928,103.0,14.7,0.008204394,71.257807815527,5.627746582,0.0,-0.001725677,0.029551744,5.445448256,5726.642342,698.763489,629.411194,0.003742,0.003935
404,4,0,0,57.5063,103.0,14.7,0.008187664,71.2738937803762,5.671691895,0.0,-0.001725677,0.037597895,5.437402105,5740.457209,707.475708,628.107178,0.003986,0.004004
405,4,0,0,58.4105,104.0,14.4,0.008132989,71.2948352366592,5.806274414,0.0,-0.001725677,0.042087078,5.432912922,5756.267276,687.622192,636.358887,0.00388,0.00403
406,4,0,0,57.9059,102.0,14.4,0.008042518,71.3575111277998,6.597290039,0.0,-0.001725677,0.042216539,5.432783461,5770.105384,668.138184,642.639099,0.004413,0.004392
407,4,0,0,54.272,100.0,14.2,0.00794294,71.4676809919768,6.641235352,0.0,-0.001725677,0.037962079,5.437037921,5785.924803,0.0,0.0,0.0,0.0
408,4,0,0,49.0134,99.0,14.2,0.007891596,71.5276782654346,5.627746582,0.0,0.00690271,0.030056477,5.444943523,5799.770531,697.570129,623.637512,0.004065,0.00412
409,4,0,0,46.5456,100.0,14.0,0.007839176,71.5437865840164,5.627746582,0.0,0.00690271,0.027839541,5.447160459,5815.598377,736.401917,796.29541,0.004318,0.00416
410,4,0,0,46.145,100.0,14.0,0.007746554,71.5537863468536,5.627746582,0.0,0.010737549,0.045743346,5.429256654,5829.451254,690.197021,609.516724,0.003701,0.003848
411,4,0,0,49.1932,99.0,13.8,0.007571319,71.5709221485584,5.671691895,0.0,0.003067871,0.093410492,5.381589508,5845.287095,688.655701,615.259277,0.003554,0.003668
412,4,0,0,50.1128,99.0,13.8,0.007390112,71.5855787298064,5.671691895,0.0,-0.02166684,0.14521873,5.32978127,5859.147027,689.361511,620.405518,0.003997,0.004002
413,4,0,0,49.7409,100.0,13.6,0.007201847,71.6003727165036,5.627746582,0.0,-0.010162323,0.190715551,5.284284449,5874.995547,684.194519,614.456116,0.003921,0.003992
414,4,0,0,49.1031,100.0,13.6,0.00707614,71.6124910145168,5.627746582,0.0,0.012271484,0.199306488,5.275693512,5888.88292,736.304504,812.114014,0.003943,0.003979
415,4,0,0,51.3608,99.0,13.8,0.006982035,71.6281081947174,5.671691895,0.0,0.005368774,0.209957123,5.265042877,5904.774606,683.385681,625.679077,0.004005,0.004089
416,4,0,0,52.364,97.0,13.8,0.006930914,71.6433153311794,5.671691895,0.0,-0.008628387,0.230078459,5.244921541,5918.684414,701.016296,622.625671,0.003991,0.003973
417,4,0,0,53.0898,97.0,13.9,0.006875848,71.6589005016074,5.627746582,0.0,-0.005560516,0.236058235,5.238941765,5934.58424,689.376099,640.049988,0.003932,0.004076
418,4,0,0,53.5137,96.0,13.9,0.006810382,71.6704381819354,5.627746582,0.0,-0.005560516,0.227628946,5.247371054,5948.499416,706.5802,623.608093,0.003931,0.003883
419,4,0,0,52.5693,94.0,14.0,0.006721446,71.6835839952584,5.627746582,0.0,-0.012463226,0.20400691,5.27099309,5964.406271,705.7146,639.628601,0.003836,0.003879
420,4,0,0,53.7282,94.0,14.0,0.006645052,71.6941369526272,5.671691895,0.0,-0.012463226,0.161250353,5.313749647,5978.327816,702.408325,638.88623,0.003838,0.003857
421,4,0,0,53.0898,95.0,14.4,0.006567996,71.7062292758928,5.627746582,0.0,0.003067871,0.091905117,5.383094883,5994.904487,697.575928,643.210693,0.003947,0.00391
422,4,0,0,55.5081,96.0,14.4,0.006517039,71.7175698925378,5.671691895,0.0,0.001533936,0.033281088,5.441718912,6008.16872,703.5625,631.034729,0.003914,0.004057
423,4,0,0,56.3244,95.0,14.4,0.006490442,71.7300957076258,5.627746582,0.0,0.001533936,-0.02303791,5.49803791,6024.752955,699.201111,646.873474,0.003943,0.004056
424,4,0,0,56.9223,95.0,14.4,0.006497375,71.7419702871894,5.671691895,0.0,0.003834839,-0.073216558,5.548216558,6038.023177,681.305115,635.333923,0.003978,0.003995
425,4,0,0,57.4099,96.0,14.5,0.006521624,71.7536520356342,5.58380127,0.0,0.008436646,-0.119737387,5.594737387,6054.614039,690.81488,632.105713,0.003986,0.004055
426,4,0,0,57.7811,98.0,14.5,0.006534392,71.7602427335494,5.58380127,0.0,0.008436646,-0.143839121,5.618839121,6067.889102,685.688477,682.688477,0.0049,0.00485
427,4,0,0,57.5331,99.0,14.5,0.006533333,71.767824720531,5.627746582,0.0,0.017640259,-0.145903707,5.620903707,6084.485708,689.998108,641.538391,0.004453,0.004372
428,4,0,0,57.1651,99.0,14.5,0.006531498,71.7759741607966,5.627746582,0.0,0.023776001,-0.108443379,5.583443379,6097.765339,707.062195,660.789307,0.00492,0.0048
429,4,0,0,56.6816,97.0,14.6,0.006545708,71.7862753530158,5.627746582,0.0,0.0,-0.020323992,5.495323992,6114.367902,700.13092,649.827209,0.004855,0.004783
430,4,0,0,57.4099,93.0,14.6,0.006582707,71.796328787342,5.627746582,0.0,-0.003259613,0.061985016,5.413014984,6127.652389,649.167908,657.356873,0.004845,0.004754
431,4,0,0,58.1571,92.0,14.6,0.006653653,71.8074255406968,5.627746582,0.0,-0.010162323,0.149665236,5.325334764,6144.260888,697.81958,654.182678,0.004866,0.004803
432,4,0,0,58.4105,94.0,14.6,0.006732123,71.8169946280566,5.627746582,0.0,-0.008628387,0.207300186,5.267699814,6157.549247,687.636108,650.015198,0.004622,0.004662
433,4,0,0,58.6662,95.0,15.0,0.00683028,71.8273691257128,5.627746582,0.0,-0.010929291,0.246144772,5.228855228,6174.161505,721.044189,659.692078,0.004688,0.004628
434,4,0,0,59.0538,95.0,15.0,0.006916108,71.8357356176642,5.627746582,0.0,0.0,0.258541107,5.216458893,6187.452782,714.002075,658.701111,0.004634,0.004715
435,4,0,0,59.3151,96.0,15.0,0.007000944,71.8457184985248,5.627746582,0.0,-0.013997162,0.257878065,5.217121935,6204.069179,696.104919,643.408813,0.004474,0.004549
436,4,0,0,57.0809,99.0,15.0,0.007064662,71.854146660385,5.627746582,0.0,-0.013997162,0.22785449,5.24714551,6217.364511,704.67688,642.751221,0.004247,0.004361
437,4,0,0,57.2397,100.0,15.3,0.007162324,71.863184713825,5.627746582,0.0,0.013038452,0.148170948,5.326829052,6233.986483,699.434875,642.772217,0.004483,0.004568
438,4,0,0,57.7034,99.0,15.3,0.007300848,71.8697085919434,5.627746582,0.0,0.013038452,0.07830584,5.39669416,6247.286142,703.331299,644.20343,0.004503,0.004605
439,4,0,0,57.9562,98.0,15.2,0.007506633,71.877355757195,5.627746582,0.0,-0.004793549,0.020071507,5.454928493,6263.913188,715.008728,648.852478,0.00427,0.004229
440,4,0,0,58.1747,99.0,15.2,0.007682296,71.8827000212802,5.58380127,0.0,-0.004793549,-0.032434225,5.507434225,6277.21672,691.046204,643.09137,0.004365,0.004466
441,4,0,0,58.3764,96.0,15.2,0.007827595,71.8889952121846,5.627746582,0.0,-0.004793549,-0.105346799,5.580346799,6293.848426,720.085999,639.402893,0.004423,0.004522
442,4,0,0,58.6352,93.0,15.2,0.007884555,71.8954696996584,5.58380127,0.0,-0.003259613,-0.178603888,5.653603888,6307.155391,711.804993,634.357605,0.004299,0.004477
443,4,0,0,58.6724,92.0,15.2,0.007864214,71.901359707031,5.58380127,0.0,0.054454712,-0.259471774,5.734471774,6323.791052,701.563782,646.931519,0.004568,0.004461
444,4,0,0,58.691,95.0,15.2,0.007797128,71.9052386509528,5.627746582,0.0,0.032979614,-0.245033741,5.720033741,6337.101051,705.478394,658.507202,0.004017,0.003982
445,4,0,0,58.8215,96.0,15.5,0.007736157,71.9104121479706,5.627746582,0.0,0.001533936,-0.13278091,5.60778091,6353.739968,698.284485,638.185303,0.004167,0.004173
446,4,0,0,59.0277,97.0,15.5,0.007741941,71.9153099006728,5.58380127,0.0,0.042183228,-0.016001105,5.491001105,6367.052326,704.780029,649.163696,0.004084,0.004197
447,4,0,0,59.2923,99.0,15.4,0.007798855,71.919420847049,5.58380127,0.0,0.042183228,0.188674092,5.286325908,6383.694374,681.580811,641.043213,0.004099,0.004193
448,4,0,0,59.3303,99.0,15.4,0.007838138,71.922771251528,5.58380127,0.0,0.036047485,0.465749025,5.009250975,6397.009101,705.531189,646.398926,0.004283,0.004257
449,4,0,0,59.6552,97.0,15.7,0.007814619,71.9267317246142,5.58380127,0.0,-0.001725677,0.876839161,4.598160839,6413.653131,689.282227,630.603821,0.004059,0.004053
450,4,0,0,59.8093,97.0,15.7,0.007719755,71.9308907902564,5.58380127,0.0,0.0,1.24440527,4.23059473,6426.96925,720.798584,634.832275,0.003895,0.003952
451,4,0,0,59.8287,97.0,15.9,0.007556201,71.9358275533602,5.58380127,0.0,-0.020132904,1.66029191,3.81470809,6443.614046,711.536011,620.832703,0.003773,0.003844
452,4,0,0,59.9449,96.0,15.9,0.007417026,71.9392987227128,5.58380127,0.0,-0.020132904,-1.618301868,3.443301868,6456.928291,689.857605,613.722412,0.003781,0.003816
453,4,0,0,59.7514,95.0,15.8,0.007311963,71.9435846365338,5.58380127,0.0,-0.020132904,-1.298272848,3.123272848,6473.569969,719.151123,630.327087,0.003745,0.003771
454,4,0,0,59.8673,96.0,15.8,0.0072708,71.9475414242314,5.58380127,0.0,-0.020132904,-1.055659533,2.880659533,6486.884209,680.88269,632.208008,0.003588,0.003603
455,4,0,0,60.081,97.0,16.0,0.007257928,71.9515619739798,5.58380127,0.0,-0.013997162,-0.848389864,2.673389864,6503.529174,696.851196,646.346497,0.00382,0.003817
456,4,0,0,58.4501,96.0,16.0,0.007261913,71.9549165144626,5.58380127,0.0,0.019941162,-0.678793669,2.503793669,6516.847263,685.115723,638.178711,0.003903,0.003953
457,4,0,0,59.3113,96.0,15.9,0.007281691,71.9591854497466,5.58380127,0.0,-0.052345551,-0.440396547,2.265396547,6533.497285,0.0,0.0,0.0,0.0
458,4,0,0,59.1408,98.0,15.9,0.007313093,71.960530391278,5.58380127,0.0,-0.036239227,-0.325149775,2.150149775,6546.819031,682.573914,677.448975,0.004165,0.004106
459,4,0,0,59.4827,99.0,16.1,0.007360246,71.9636140959322,5.58380127,0.0,-0.041608002,-0.321417093,2.146417093,6563.472585,692.072815,643.338501,0.003934,0.004066
460,4,0,0,59.8287,99.0,16.1,0.007403704,71.9657363486836,5.58380127,0.0,0.029144775,-0.39717412,2.22217412,6576.795756,692.625183,642.045288,0.004057,0.003952
461,4,0,0,60.0615,97.0,16.3,0.007441524,71.9682492204398,5.58380127,0.0,0.054454712,-0.455917597,2.280917597,6593.451891,700.447693,660.78717,0.004402,0.004415
462,4,0,0,60.1395,97.0,16.3,0.007451399,71.9699747869746,5.539855957,0.0,-0.048510712,-0.388427019,2.213427019,6606.777744,688.955078,662.385681,0.004516,0.004573
463,4,0,0,59.7514,95.0,16.8,0.007428412,71.9191313589698,5.58380127,0.0,-0.000959,-0.344425917,2.169425917,6623.435463,690.165283,650.734497,0.004464,0.004371
464,4,0,0,60.0031,95.0,16.8,0.007373403,71.9057517890118,5.144348145,0.0,0.038348389,-0.36078763,2.18578763,6636.762315,696.667114,657.331909,0.004548,0.004574
465,4,0,0,60.2569,96.0,16.9,0.007266455,71.8886224568538,5.58380127,0.0,0.014572388,-0.310487509,2.135487509,6653.418565,693.362,668.99231,0.00447,0.004435
466,4,0,0,60.2569,98.0,16.9,0.007145814,71.8786042992604,5.188293457,0.0,-0.041608002,-0.220650911,2.045650911,6666.736448,690.915222,648.381409,0.004273,0.004269
467,4,0,0,60.1786,99.0,17.3,0.007010944,71.874369707292,5.58380127,0.0,0.003067871,-0.158922434,1.983922434,6683.379742,698.918884,664.687195,0.004372,0.004407
468,4,0,0,60.5129,102.0,17.3,0.006918293,71.8781316682892,5.58380127,0.0,-0.010929291,-0.122142076,1.947142076,6696.691092,694.567505,652.349915,0.004285,0.00437
469,4,0,0,60.3158,103.0,17.7,0.006840346,71.8825896366496,5.58380127,0.0,-0.017832001,-0.097069502,1.922069502,6713.327862,706.333313,662.043579,0.004162,0.004133
470,4,0,0,60.2962,101.0,17.7,0.00678333,71.8864005537696,5.58380127,0.0,0.00690271,-0.083925962,1.908925962,6726.637677,701.886475,628.714783,0.003968,0.004007
471,4,0,0,60.6119,100.0,17.7,0.006723651,71.8906230917814,5.58380127,0.0,0.012271484,-0.068435907,1.893435907,6743.275997,687.187622,614.109314,0.003894,0.003915
472,4,0,0,60.5921,100.0,17.7,0.006678984,71.894260264555,5.58380127,0.0,-0.005560516,-0.034085989,1.859085989,6756.587531,687.076477,625.335205,0.004041,0.004046
473,4,0,0,60.811,100.0,18.0,0.006636871,71.8989305209548,5.58380127,0.0,-0.008628387,-0.009742022,1.834742022,6773.227937,695.745605,660.057007,0.004473,0.004595
474,4,0,0,60.1982,97.0,18.0,0.006603845,71.9031087055562,5.58380127,0.0,-0.010929291,-0.013074636,1.838074636,6786.54105,684.169922,641.224487,0.004584,0.004515
475,4,0,0,60.3748,97.0,18.0,0.006574584,71.906457693816,5.58380127,0.0,-0.007094452,-0.037694216,1.862694216,6801.186411,701.837891,637.048706,0.00461,0.004582
476,4,0,0,60.1005,98.0,18.0,0.0065549,71.9100563068032,5.539855957,0.0,-0.004793549,-0.089287996,1.914287996,6816.498462,700.91571,630.124573,0.004722,0.004765
477,4,0,0,59.9837,98.0,18.3,0.006557886,71.9131745800806,5.58380127,0.0,0.012271484,-0.14223218,1.96723218,6831.145539,697.933411,627.553894,0.004408,0.004263
478,4,0,0,60.081,98.0,18.3,0.006580207,71.9169686795976,5.58380127,0.0,0.012271484,-0.178549051,2.003549051,6846.459168,675.516785,908.234924,0.004438,0.004458
479,4,0,0,60.6318,100.0,18.3,0.006597046,71.9205117864482,5.58380127,0.0,0.012271484,-0.18152833,2.00652833,6861.107804,688.158875,632.642517,0.004078,0.003988
480,4,0,0,60.811,101.0,18.3,0.006585197,71.9244525933996,5.58380127,0.0,-0.017832001,-0.155007124,1.980007124,6876.423172,685.161194,625.649475,0.004117,0.00411
481,4,0,0,60.3748,99.0,18.3,0.006548371,71.9280874326302,5.539855957,0.0,-0.008628387,-0.127989054,1.952989054,6891.073474,733.539612,491.5,0.004179,0.004102
482,4,0,0,60.891,97.0,18.3,0.006504965,71.9319131556782,5.58380127,0.0,-0.008628387,-0.129028559,1.954028559,6906.390593,701.816406,660.598083,0.004382,0.004299
483,4,0,0,60.7711,98.0,18.0,0.006478443,71.935317263833,5.58380127,0.0,-0.001725677,-0.145898581,1.970898581,6921.042576,709.581299,628.252686,0.00414,0.004136
484,4,0,0,59.79,99.0,18.0,0.00645543,71.9397351113472,5.58380127,0.0,0.016106323,-0.16869092,1.99369092,6936.361432,682.940796,645.631104,0.003893,0.003906
485,4,0,0,59.5976,99.0,18.0,0.00644444,72.0105505935926,6.860961914,0.0,0.017640259,-0.166466951,1.991466951,6951.015382,699.342102,617.8797,0.003889,0.003938
486,4,0,0,59.9061,100.0,18.0,0.006454878,72.1515639416716,7.959594727,0.0,0.008436646,-0.130200148,1.955200148,6966.351794,693.434814,634.60553,0.004245,0.004172
487,4,0,0,60.1395,102.0,18.0,0.00648203,72.3476812522846,8.797302246,0.0,0.005368774,-0.070777178,1.895777178,6981.052942,697.0401,673.923706,0.004786,0.004655
488,4,0,0,60.2569,101.0,18.0,0.00651896,72.644128375139,8.797302246,0.0,0.003834839,0.013966799,1.811033201,6996.475767,695.401489,671.11322,0.004798,0.004722
489,4,0,0,60.5129,99.0,17.7,0.006550903,72.8825852646364,6.860961914,0.0,-0.008628387,0.096174002,1.728825998,7011.288726,730.545105,865.560425,0.00495,0.004867
490,4,0,0,60.6715,99.0,17.7,0.006586448,73.0215550405966,6.860961914,0.0,-0.023200775,0.175705671,1.649294329,7026.821984,713.879211,650.171204,0.00499,0.004862
491,4,0,0,60.5129,100.0,17.7,0.006613262,73.034384071434,5.58380127,0.0,-0.005560516,0.206043482,1.618956518,7041.698939,698.0495,667.391479,0.004775,0.004696
492,4,0,0,60.1982,100.0,17.7,0.006627108,73.0240916018376,5.58380127,0.0,-0.010929291,0.219813108,1.605186892,7057.926625,702.406921,650.001526,0.004438,0.004485
493,4,0,0,60.1982,103.0,17.4,0.006604045,73.0163133075628,5.627746582,0.0,-0.001725677,0.211690664,1.613309336,7072.123995,676.918213,627.345093,0.004381,0.004479
494,4,0,0,60.4536,105.0,17.4,0.006527927,73.0092025192398,5.627746582,0.0,-0.005560516,0.183701754,1.641298246,7088.347789,717.415283,652.088074,0.004578,0.004642
495,4,0,0,60.5921,107.0,17.5,0.006441797,73.0042898318624,5.627746582,0.0,-0.003259613,0.148597956,1.676402044,7102.542384,710.126404,669.329102,0.004442,0.004519
496,4,0,0,60.7711,108.0,17.5,0.006358379,72.9977597095048,5.58380127,0.0,-0.010162323,0.094678164,1.730321836,7118.763136,696.458496,644.906311,0.004486,0.004478
497,4,0,0,60.811,109.0,17.2,0.00630659,72.9896777166786,5.58380127,0.0,0.003067871,0.032622576,1.792377424,7132.95449,727.745728,861.968628,0.004628,0.004454
498,4,0,0,61.1524,107.0,17.2,0.006257795,72.9809644602374,5.58380127,0.0,0.003067871,-0.037564516,1.862564516,7149.171266,703.650391,663.341125,0.004334,0.004328
499,4,0,0,61.2535,102.0,17.3,0.006222185,72.9742774272298,5.58380127,0.0,0.0,-0.098135233,1.923135233,7163.359579,741.51593,634.001709,0.004174,0.004231
500,4,0,0,60.2177,100.0,17.3,0.006204351,72.9693930803298,5.58380127,0.0,0.010737549,-0.1592834,1.9842834,7179.573718,702.281128,625.699707,0.004253,0.0042
501,4,0,0,60.2373,100.0,17.4,0.006213144,72.9642536369464,5.627746582,0.0,0.032212646,-0.193836927,2.018836927,7193.759526,682.344116,630.213623,0.004291,0.00435
502,4,0,0,60.4734,98.0,17.4,0.006239987,72.956325448744,5.627746582,0.0,-0.001725677,-0.175964117,2.000964117,7209.970282,717.361694,667.29718,0.004817,0.004696
503,4,0,0,60.9711,98.0,17.4,0.006264979,72.9509754232216,5.627746582,0.0,-0.001725677,-0.153509855,1.978509855,7224.153181,685.504089,653.716125,0.004592,0.004523
504,4,0,0,61.1524,100.0,17.4,0.006281406,72.9436819587152,5.58380127,0.0,-0.001725677,-0.132609129,1.957609129,7240.360191,682.312317,654.51532,0.004525,0.004371
505,4,0,0,61.0314,102.0,17.5,0.006281426,72.9360995533052,5.58380127,0.0,-0.001725677,-0.116308451,1.941308451,7254.539589,700.536926,634.672791,0.004426,0.004446
506,4,0,0,60.9711,102.0,17.5,0.006275773,72.9275356275226,5.58380127,0.0,-0.001725677,-0.102345705,1.927345705,7270.738851,687.399109,644.364319,0.004556,0.004468
507,4,0,0,60.811,102.0,17.2,0.006274287,72.9200216673428,5.58380127,0.0,-0.001725677,-0.093002558,1.918002558,7284.836189,705.169617,639.780273,0.004509,0.004599
508,4,0,0,61.1928,103.0,17.2,0.006276627,72.7404566922176,0.0,37.50915527,-0.001725677,-0.087346315,1.912346315,7300.823383,691.419312,624.784729,0.004622,0.004572
509,4,0,0,61.1928,103.0,17.3,0.006278876,72.2771968273706,0.0,212.7044678,-0.010162323,-0.086421728,1.911421728,7314.704445,684.687683,660.528687,0.00482,0.005072
510,4,0,0,59.8287,100.0,17.3,0.006278045,71.7286917033164,0.0,114.1204834,-0.010929291,-0.102210283,1.927210283,7330.52859,674.582825,644.15509,0.004749,0.004712
511,4,0,0,59.2923,96.0,17.1,0.006273258,71.2911989490226,0.0,31.5032959,0.0,-0.139237642,1.964237642,7344.494366,672.158997,657.945374,0.00488,0.00486
512,4,0,0,57.7394,96.0,17.1,0.006265082,71.279948471511,13.9855957,0.0,0.005368774,-0.199846029,2.024846029,7357.89651,688.413025,661.069092,0.004865,0.004907
513,4,0,0,57.6568,92.0,17.2,0.006258554,71.8035960678866,12.40356445,0.0,0.005368774,-0.246198416,2.071198416,7372.720479,638.55719,644.544922,0.004435,0.004442
514,4,0,0,58.5381,91.0,17.2,0.006259848,72.3400216629282,12.27172852,0.0,0.00690271,-0.286760092,2.111760092,7388.224263,623.876404,647.427673,0.004399,0.00434
515,4,0,0,59.4467,93.0,17.0,0.0062688,72.784391770778,7.080688477,0.0,0.00690271,-0.312113047,2.137113047,7403.051765,727.246094,637.812317,0.004272,0.004273
516,4,0,0,57.4171,95.0,17.0,0.006285313,72.8060993694614,5.495910645,0.0,0.04141626,-0.321984529,2.146984529,7419.224868,739.44397,849.530579,0.004342,0.004196
517,4,0,0,58.5796,96.0,17.1,0.006303629,72.7983551610078,5.58380127,0.0,0.018407227,-0.277102232,2.102102232,7433.374206,0.0,0.0,0.0,0.0
518,4,0,0,59.5784,98.0,17.1,0.006322404,72.7905741791352,5.58380127,0.0,0.017640259,-0.156000853,1.981000853,7449.543024,685.928589,627.353027,0.003957,0.003996
519,4,0,0,59.7707,100.0,16.9,0.006319948,72.7837972644886,5.539855957,0.0,0.005368774,-0.011819124,1.836819124,7463.687875,735.1521,805.176208,0.004134,0.003857
520,4,0,0,59.9643,101.0,16.9,0.006281699,72.7739376912588,5.539855957,0.0,-0.023200775,0.18002677,1.64497323,7479.846365,0.0,0.0,0.0,0.0
521,4,0,0,60.1982,101.0,16.7,0.006229825,72.7638336270962,5.58380127,0.0,-0.032404388,0.326325178,1.498674822,7493.976615,688.641479,617.264893,0.003755,0.003732
522,4,0,0,59.8287,103.0,16.7,0.006174648,72.7454328197778,5.40802002,0.0,-0.032404388,0.419544458,1.405455542,7510.114845,696.840393,633.313477,0.003739,0.003843
523,4,0,0,60.0226,103.0,16.8,0.006139515,72.7169879927722,5.012512207,0.0,-0.030103485,0.423723936,1.401276064,7524.220689,706.491211,638.458374,0.004175,0.004226
524,4,0,0,58.524,100.0,16.8,0.006108367,72.6762654143462,5.144348145,0.0,-0.030103485,0.343981504,1.481018496,7540.32084,698.709717,634.957886,0.004001,0.00413
525,4,0,0,57.2872,96.0,16.6,0.006079479,72.645763625513,5.144348145,0.0,-0.017832001,0.204193354,1.620806646,7554.388519,693.7453,634.153809,0.003907,0.004012
526,4,0,0,57.4099,96.0,16.6,0.006039839,72.5722020781454,4.52911377,0.0,0.037581421,-0.01251483,1.83751483,7570.437393,705.136719,644.570679,0.004163,0.004229
527,4,0,0,58.924,95.0,16.8,0.005997614,72.4874226263078,4.485168457,0.0,0.032979614,-0.157917261,1.982917261,7584.45372,701.71521,640.150696,0.004212,0.00422
528,4,0,0,56.6816,93.0,16.8,0.005940347,72.390454306898,4.485168457,0.0,0.0,-0.244362116,2.069362116,7600.439261,695.034912,629.644897,0.004204,0.004148
529,4,0,0,57.4099,92.0,16.6,0.005892285,72.2889815092018,4.133605957,0.0,0.014572388,-0.294648886,2.119648886,7614.393586,700.05072,637.388184,0.004083,0.00407
530,4,0,0,58.2835,93.0,16.6,0.005859136,72.1504415879556,4.133605957,0.0,0.014572388,-0.332578897,2.157578897,7630.299373,693.492615,632.52832,0.003945,0.003926
531,4,0,0,58.924,96.0,16.4,0.00585613,72.0323726646302,3.869934082,0.0,0.014572388,-0.330531359,2.155531359,7644.181449,681.005615,626.118103,0.003994,0.004043
532,4,0,0,59.1842,98.0,16.4,0.005876606,71.8821559677998,3.913879395,0.0,0.014572388,-0.290377378,2.115377378,7660.017583,685.653198,655.037292,0.004097,0.004109
533,4,0,0,56.958,99.0,16.3,0.005906304,71.721955714186,3.430480957,0.0,0.014572388,-0.218702555,2.043702555,7673.879797,689.006592,617.899109,0.003697,0.003842
534,4,0,0,57.2928,100.0,16.3,0.005940873,71.537369244206,3.65020752,0.0,0.014572388,-0.101117849,1.926117849,7689.736742,680.746277,639.024292,0.003941,0.003918
535,4,0,0,57.5957,101.0,16.5,0.005966139,71.3791729246668,3.694152832,0.0,0.005368774,0.03737855,1.78762145,7703.619146,694.2901,630.200073,0.003885,0.003848
536,4,0,0,57.7934,98.0,16.5,0.00599456,71.2552753741964,5.539855957,0.0,-0.007094452,0.210831404,1.614168596,7719.489431,693.160583,636.744812,0.004355,0.004299
537,4,0,0,57.9925,96.0,16.3,0.006022373,71.2981609538626,6.289672852,0.0,0.001533936,0.345546484,1.479453516,7733.378899,698.986816,636.863281,0.004112,0.004145
538,4,0,0,58.1747,95.0,16.3,0.006048964,71.3615663266384,5.894165039,0.0,-0.041608002,0.49871707,1.32628293,7749.255319,690.213074,639.52832,0.004329,0.004252
539,4,0,0,58.193,93.0,16.5,0.006057069,71.3957811364394,5.806274414,0.0,-0.041608002,0.562480211,1.262519789,7763.14973,0.0,0.0,0.0,0.0
540,4,0,0,58.3029,94.0,16.5,0.006047781,71.4166510092792,5.715637207,0.0,0.008436646,0.533685923,1.291314077,7779.032635,704.72937,645.281677,0.004312,0.004306
541,4,0,0,58.3764,96.0,16.6,0.006028631,71.432221245032,5.627746582,0.0,-0.030870453,0.48997283,1.33502717,7792.933486,697.91272,660.467285,0.004421,0.004393
542,4,0,0,58.524,95.0,16.6,0.005996438,71.444217748194,5.58380127,0.0,0.008436646,0.417921782,1.407078218,7808.823645,701.010986,685.069702,0.00459,0.00458
543,4,0,0,58.691,95.0,16.5,0.005962359,71.4547665373722,5.627746582,0.0,0.008436646,0.380384684,1.444615316,7822.730492,697.872009,667.515686,0.0046,0.004873
544,4,0,0,58.7655,97.0,16.5,0.005930645,71.4701517633986,5.627746582,0.0,0.001533936,0.368536711,1.456463289,7838.62739,701.223999,683.07019,0.0047,0.004653
545,4,0,0,59.0842,98.0,16.6,0.005916426,71.4844929461934,5.627746582,0.0,-0.010929291,0.362995863,1.462004137,7852.53998,700.944824,670.311218,0.004611,0.00468
546,4,0,0,59.0089,97.0,16.6,0.005904443,71.5024986766352,5.627746582,0.0,-0.030870453,0.323063135,1.501936865,7868.443223,0.0,0.0,0.0,0.0
547,4,0,0,58.9338,98.0,16.5,0.005883907,71.5160538255872,5.671691895,0.0,-0.007094452,0.252169847,1.572830153,7882.361056,697.9021,625.572327,0.003999,0.003992
548,4,0,0,59.0465,99.0,16.5,0.005843911,71.5314426243484,5.627746582,0.0,0.014572388,0.134887934,1.690112066,7898.269339,721.619385,829.721313,0.004066,0.003823
549,4,0,0,59.2543,97.0,16.6,0.005798802,71.5431154248628,5.58380127,0.0,0.016106323,0.055360556,1.769639444,7912.190876,734.796082,830.696594,0.003988,0.003966
550,4,0,0,59.2354,94.0,16.6,0.005747921,71.5569434374118,5.627746582,0.0,0.003067871,0.00476861,1.82023139,7928.103212,698.896484,641.400818,0.003964,0.004004
551,4,0,0,59.3683,93.0,16.8,0.005715236,71.5689666556178,5.627746582,0.0,0.001533936,-0.015175581,1.840175581,7942.028244,677.1297,653.161804,0.003917,0.004004
552,4,0,0,59.3303,95.0,16.8,0.005697519,71.5815995561894,5.58380127,0.0,0.001533936,-0.034150839,1.859150839,7957.944507,680.448486,660.887329,0.004176,0.004181
553,4,0,0,59.4255,96.0,16.9,0.005701526,71.5900206047668,5.58380127,0.0,0.003067871,-0.047068834,1.872068834,7971.872924,693.375183,631.49762,0.003868,0.003907
554,4,0,0,59.4255,96.0,16.9,0.005737112,71.5992470475472,5.627746582,0.0,0.0,-0.058169127,1.883169127,7987.793018,694.350281,628.322388,0.003876,0.003865
555,4,0,0,58.8215,96.0,16.7,0.005804372,71.6070931915964,5.58380127,0.0,0.0,-0.076184034,1.901184034,8001.724736,0.0,0.0,0.0,0.0
556,4,0,0,59.1219,97.0,16.7,0.005919308,71.616181681752,5.58380127,0.0,0.0,-0.097705603,1.922705603,8017.648512,663.770508,636.047302,0.003759,0.003815
557,4,0,0,59.4636,99.0,16.5,0.006032639,71.6239274190786,5.58380127,0.0,0.0,-0.116392374,1.941392374,8031.583032,698.516724,638.979614,0.003811,0.003849
558,4,0,0,59.5019,99.0,16.5,0.006147304,71.632519701432,5.58380127,0.0,0.0,-0.13694787,1.96194787,8047.50716,682.287598,642.978882,0.004351,0.004414
559,4,0,0,59.7129,97.0,16.4,0.00622409,71.6401712440884,5.58380127,0.0,0.0,-0.155637026,1.980637026,8061.437935,694.564392,648.88031,0.004335,0.004312
560,4,0,0,59.2923,94.0,16.4,0.006291557,71.6485346622004,5.58380127,0.0,0.0,-0.176196814,2.001196814,8077.34902,695.473877,648.223877,0.004337,0.004417
561,4,0,0,59.3113,94.0,16.0,0.006344646,71.6558031336566,5.58380127,0.0,0.0,-0.194889784,2.019889784,8091.269651,685.202209,643.161011,0.004263,0.004302
562,4,0,0,59.6168,96.0,16.0,0.006397055,71.6636776664634,5.495910645,0.0,0.0,-0.216389418,2.041389418,8107.18081,688.618103,645.313904,0.004145,0.004111
563,4,0,0,59.79,97.0,16.2,0.006420128,71.6674348638142,5.58380127,0.0,0.003834839,-0.235080957,2.060080957,8121.104657,705.61969,654.484192,0.0048,0.004862
564,4,0,0,60.081,98.0,16.2,0.006419171,71.6553928163302,5.188293457,0.0,-0.001725677,-0.245542765,2.070542765,8137.019351,699.963684,663.163574,0.00456,0.004428
565,4,0,0,60.1395,100.0,16.3,0.006412933,71.6425422525236,5.188293457,0.0,-0.000959,-0.239561796,2.064561796,8150.946159,710.583801,733.19812,0.004833,0.004871
566,4,0,0,60.1591,102.0,16.3,0.006415418,71.5873407961724,5.58380127,0.0,-0.000959,-0.235407591,2.060407591,8164.874245,728.229797,870.349182,0.004749,0.004621
567,4,0,0,60.1591,102.0,16.5,0.006429179,71.5964030862728,5.58380127,0.0,0.00690271,-0.23190093,2.05690093,8180.793338,0.0,0.0,0.0,0.0
568,4,0,0,60.3158,102.0,16.5,0.006440159,71.6039435200956,5.58380127,0.0,0.00690271,-0.213370085,2.038370085,8194.723705,699.729187,654.805176,0.004442,0.004454
569,4,0,0,60.3748,103.0,16.6,0.006424031,71.6120387899768,5.58380127,0.0,-0.008628387,-0.176967382,2.001967382,8210.645449,688.468872,626.357727,0.004225,0.00424
570,4,0,0,60.1395,103.0,16.6,0.006363149,71.6186474481264,5.58380127,0.0,-0.010162323,-0.159048796,1.984048796,8224.57815,704.709473,659.77301,0.004676,0.004606
571,4,0,0,60.3551,102.0,17.1,0.006251934,71.6261137396554,5.58380127,0.0,-0.008628387,-0.158791304,1.983791304,8240.502575,747.18573,648.43042,0.004792,0.00474
572,4,0,0,60.4536,102.0,17.1,0.006150995,71.6322632370096,5.58380127,0.0,0.019941162,-0.173799753,1.998799753,8254.437226,688.286682,623.38147,0.004521,0.004511
573,4,0,0,60.4536,102.0,17.2,0.006064106,71.6382919694902,5.58380127,0.0,0.010737549,-0.167299986,1.992299986,8270.363122,731.880981,815.503784,0.004011,0.004003
574,4,0,0,60.4734,103.0,17.2,0.006027694,71.6440646076966,5.451965332,0.0,-0.000959,-0.127061129,1.952061129,8284.298915,702.740112,620.257385,0.003843,0.003973
575,4,0,0,60.6715,104.0,17.5,0.006035696,71.6500939195396,5.495910645,0.0,-0.010162323,-0.077566385,1.902566385,8300.225219,699.398071,616.18811,0.003817,0.003893
576,4,0,0,60.791,105.0,17.5,0.006076165,71.6546861390428,5.58380127,0.0,-0.010162323,-0.051348448,1.876348448,8314.159918,685.140503,612.689819,0.003824,0.003853
577,4,0,0,60.831,106.0,17.9,0.006140097,71.661467624215,5.495910645,0.0,-0.008628387,-0.047837496,1.872837496,8330.085198,688.9953,609.589722,0.003765,0.003836
578,4,0,0,60.831,106.0,17.9,0.006201867,71.6652074406938,5.58380127,0.0,0.0,-0.064424276,1.889424276,8344.019091,681.206421,614.262024,0.003874,0.003912
579,4,0,0,60.9711,104.0,18.5,0.006287346,71.6684859720484,5.58380127,0.0,0.001533936,-0.089301348,1.914301348,8359.941805,685.339111,623.882996,0.003752,0.003876
580,4,0,0,60.911,102.0,18.5,0.006384396,71.670054901521,5.58380127,0.0,0.001533936,-0.108679056,1.933679056,8373.872967,684.566895,619.231323,0.003699,0.003791
581,4,0,0,60.891,100.0,19.0,0.006510513,71.6742020741406,5.58380127,0.0,0.008436646,-0.122050047,1.947050047,8389.793777,0.0,0.0,0.0,0.0
582,4,0,0,61.0314,100.0,19.0,0.006615897,71.6700579109868,5.23223877,0.0,0.008436646,-0.117496252,1.942496252,8403.723509,599.401917,628.072876,0.00391,0.004072
583,4,0,0,61.2738,99.0,19.2,0.006721821,71.6669015124448,5.58380127,0.0,0.005368774,-0.090945482,1.915945482,8419.642188,698.965515,626.298279,0.003908,0.003957
584,4,0,0,61.294,99.0,19.2,0.006802756,71.6667548371972,5.539855957,0.0,0.00690271,-0.050321817,1.875321817,8433.570767,694.278503,622.990784,0.003602,0.003757
585,4,0,0,56.6617,100.0,19.1,0.006873231,71.6638366692554,5.495910645,0.0,0.00690271,0.010115385,1.814884615,8449.488316,672.110596,616.351685,0.00388,0.003922
586,4,0,0,51.3608,101.0,19.1,0.006901742,71.6561365728112,5.451965332,0.0,0.00690271,0.080998659,1.744001341,8463.413335,683.497192,615.307495,0.003538,0.003539
587,4,0,0,46.2246,101.0,19.3,0.006895508,71.649801599022,5.539855957,0.0,-0.004793549,0.181181669,1.643818331,8479.32394,704.226196,610.983093,0.003849,0.003891
588,4,0,0,47.9612,101.0,19.3,0.006864374,71.6485250866274,5.320129395,0.0,-0.010162323,0.273228884,1.551771116,8493.241369,694.82312,637.823914,0.003689,0.003806
589,4,0,0,50.1128,101.0,19.5,0.006806467,71.6422909379892,5.495910645,0.0,-0.007094452,0.357292891,1.467707109,8509.797797,697.047302,634.258911,0.003467,0.003659
590,4,0,0,51.8575,99.0,19.5,0.006750315,71.636952226127,5.451965332,0.0,-0.007094452,0.412572145,1.412427855,8523.035915,704.006104,642.039001,0.003449,0.003537
591,4,0,0,52.8804,96.0,19.3,0.006709862,71.6363048852054,5.451965332,0.0,-0.015531097,0.454553366,1.370446634,8539.577964,690.406189,655.30719,0.003427,0.003453
592,4,0,0,53.8361,96.0,19.3,0.006710769,71.6343340230678,5.495910645,0.0,-0.008628387,0.461765051,1.363234949,8552.808498,692.832581,650.812073,0.003501,0.003483
593,4,0,0,54.827,97.0,19.5,0.006751327,71.619342184111,5.539855957,0.0,-0.016298065,0.444231749,1.380768251,8569.343835,689.967773,620.241089,0.003561,0.003658
594,4,0,0,55.5081,96.0,19.5,0.006812199,71.607220957099,5.188293457,0.0,-0.020132904,0.400396109,1.424603891,8582.573015,699.0672,654.791016,0.004437,0.004427
595,4,0,0,56.443,97.0,19.3,0.006883162,71.5900302769002,5.451965332,0.0,-0.015531097,0.297869444,1.527130556,8599.11146,711.56488,635.952087,0.00383,0.003882
596,4,0,0,56.8017,98.0,19.3,0.006915517,71.5521411990386,5.188293457,0.0,-0.007094452,0.174191236,1.650808764,8612.343238,704.677795,643.182617,0.003863,0.003895
597,4,0,0,57.4099,97.0,19.5,0.006917023,71.505673534307,5.144348145,0.0,0.009203613,0.012306452,1.812693548,8628.883149,726.723877,838.891418,0.003907,0.003784
598,4,0,0,57.7811,96.0,19.5,0.006911376,71.4745001839852,5.05645752,0.0,0.009203613,-0.134034872,1.959034872,8642.114534,698.400024,662.618591,0.003782,0.003771
599,4,0,0,58.1571,97.0,19.1,0.006914194,71.4565295693422,5.23223877,0.0,0.009203613,-0.26052928,2.08552928,8658.654481,700.518677,650.566284,0.003692,0.003708
600,4,0,0,58.4105,99.0,19.1,0.006932254,71.4405964756996,5.451965332,0.0,0.009203613,-0.348674059,2.173674059,8671.886189,697.95813,633.108887,0.00352,0.003592
601,4,0,0,58.7948,100.0,19.0,0.006985144,71.4368390530412,5.58380127,0.0,0.009203613,-0.424915552,2.249915552,8688.390714,692.365417,627.111328,0.003495,0.00363
602,4,0,0,59.0538,101.0,19.0,0.00706655,71.4443748036846,5.58380127,0.0,0.023776001,-0.465636492,2.290636492,8701.577061,696.370911,641.378723,0.004401,0.004302
603,4,0,0,59.1842,102.0,18.6,0.007191585,71.452246182185,5.495910645,0.0,0.023776001,-0.448120356,2.273120356,8718.07226,700.180908,641.163025,0.00401,0.004166
604,4,0,0,58.4105,104.0,18.6,0.007309912,71.4576436832374,5.58380127,0.0,0.005368774,-0.377206087,2.202206087,8731.285272,698.423584,641.7901,0.003753,0.003933
605,4,0,0,59.1842,102.0,18.5,0.007437188,71.4543306959134,5.539855957,0.0,-0.007094452,-0.272458792,2.097458792,8747.827431,694.795898,674.191895,0.003743,0.003738
606,4,0,0,59.5788,99.0,18.5,0.007540638,71.4521013093982,5.58380127,0.0,-0.007094452,-0.193412066,2.018412066,8761.083332,738.328674,826.266724,0.003647,0.003637
607,4,0,0,56.9055,98.0,18.2,0.007648729,71.4579517270068,5.58380127,0.0,-0.015531097,-0.121911764,1.946911764,8777.687627,693.032104,630.533081,0.00347,0.003556
608,4,0,0,55.9428,97.0,18.2,0.007738506,71.4567441587378,2.991027832,0.0,-0.012463226,-0.083622694,1.908622694,8790.985064,693.631592,631.405701,0.003704,0.003694
609,4,0,0,58.7948,95.0,17.9,0.007859552,71.2485774137702,3.518371582,0.0,-0.012463226,-0.083787203,1.908787203,8807.547713,699.614929,652.02478,0.004547,0.004399
610,4,0,0,58.6662,95.0,17.9,0.00798703,71.2118067950218,5.671691895,0.0,0.001533936,-0.114509344,1.939509344,8820.854661,703.794617,660.987671,0.004774,0.004735
611,4,0,0,59.1842,97.0,17.6,0.008107663,71.2725119366786,6.289672852,0.0,0.001533936,-0.169655085,1.994655085,8837.633606,711.12793,666.46991,0.004743,0.004588
612,4,0,0,56.9755,100.0,17.6,0.008131617,71.3623719622424,6.509399414,0.0,0.013038452,-0.206594229,2.031594229,8851.134678,670.035522,673.674927,0.005277,0.005196
613,4,0,0,57.2574,100.0,17.3,0.008048243,71.4733311755026,6.729125977,0.0,-0.001725677,-0.211238623,2.036238623,8867.98743,782.837708,673.249207,0.005256,0.005221
614,4,0,0,57.4884,100.0,17.3,0.007911522,71.5802059482164,6.685180664,0.0,0.018407227,-0.212410212,2.037410212,8881.429067,695.45697,643.076111,0.00491,0.004918
615,4,0,0,57.6854,101.0,17.1,0.007735523,71.7169505380388,7.432250977,0.0,0.00690271,-0.196855783,2.021855783,8898.18438,738.272522,829.859314,0.004825,0.004677
616,4,0,0,57.8657,99.0,17.1,0.007600636,71.8850236346524,5.715637207,0.0,-0.010929291,-0.171288729,1.996288729,8911.56723,737.139893,831.329285,0.00478,0.004779
617,4,0,0,57.5778,95.0,16.9,0.007491915,71.5009000065594,6.289672852,0.0,-0.010929291,-0.161936522,1.986936522,8928.28126,708.106995,628.298279,0.004581,0.004612
618,4,0,0,57.7934,93.0,16.9,0.007439404,71.6822251812162,9.808044434,0.0,-0.003259613,-0.180696249,2.005696249,8941.639019,761.542725,771.065125,0.004651,0.004482
619,4,0,0,58.1017,93.0,16.7,0.007421203,72.3021593483908,12.62329102,0.0,0.003067871,-0.216318369,2.041318369,8958.315818,741.999695,835.38562,0.004422,0.004438
620,4,0,0,58.2113,93.0,16.7,0.007438459,72.8217684830638,9.588317871,0.0,0.0,-0.24277997,2.06777997,8971.638054,699.963928,647.726807,0.004368,0.004433
621,4,0,0,58.4317,93.0,16.5,0.007491846,72.8825163366042,3.562316895,0.0,0.009203613,-0.267856359,2.092856359,8988.263595,737.024109,844.83551,0.004564,0.004635
622,4,0,0,58.2479,94.0,16.5,0.007539534,72.703813645851,3.386535645,0.0,0.0,-0.275716066,2.100716066,9001.543903,0.0,0.0,0.0,0.0
623,4,0,0,57.9381,97.0,16.4,0.007544935,72.4737658314414,3.430480957,0.0,0.012271484,-0.276254416,2.101254416,9018.120813,672.556274,635.713013,0.004249,0.004233
624,4,0,0,58.1747,99.0,16.4,0.007505436,72.3079743927062,4.00177002,0.0,0.012271484,-0.263499498,2.088499498,9031.369071,667.707214,610.683472,0.004074,0.004054
625,4,0,0,57.6316,100.0,16.3,0.007448998,72.2589436930906,5.276184082,0.0,0.009203613,-0.217509508,2.042509508,9047.927051,738.658813,816.831482,0.004341,0.004039
626,4,0,0,57.6316,100.0,16.3,0.007405036,72.1780084395242,5.539855957,0.0,0.0,-0.153798819,1.978798819,9061.167115,693.885071,626.052124,0.003924,0.003987
627,4,0,0,57.9381,100.0,16.1,0.007348685,72.1164194483394,4.70489502,0.0,0.00690271,-0.070267916,1.895267916,9077.712885,706.431519,654.717224,0.004335,0.004256
628,4,0,0,57.8115,101.0,16.1,0.007282036,72.0380784669464,4.485168457,0.0,0.003834839,-0.002605677,1.827605677,9090.946549,706.450073,604.486328,0.004086,0.004243
629,4,0,0,57.8295,98.0,16.0,0.007197275,71.9315684028634,4.089660645,0.0,-0.008628387,0.092286825,1.732713175,9107.485121,688.686218,625.138428,0.004361,0.004266
630,4,0,0,58.1564,97.0,16.0,0.007139458,71.824466890237,4.397277832,0.0,-0.017832001,0.167654276,1.657345724,9120.713291,701.746887,659.194275,0.004442,0.004462
631,4,0,0,58.561,98.0,15.9,0.007092764,71.7130666373498,4.441223145,0.0,-0.017832001,0.217441797,1.607558203,9137.240819,713.556091,644.228516,0.004799,0.004723
632,4,0,0,58.6352,97.0,15.9,0.007039097,71.6172120134068,4.441223145,0.0,-0.010929291,0.217479467,1.607520533,9150.451384,681.958008,631.822083,0.004672,0.004717
633,4,0,0,58.9525,96.0,15.8,0.006939548,71.5406950579698,5.23223877,0.0,-0.003259613,0.180208445,1.644791555,9166.954675,695.83429,633.90509,0.004136,0.004228
634,4,0,0,60.1982,98.0,15.8,0.006830663,71.5370081726836,5.144348145,0.0,-0.003259613,0.133202314,1.691797686,9180.152775,698.289185,623.997803,0.00405,0.00399
635,4,0,0,59.6937,101.0,16.1,0.006701318,71.4989775694624,5.144348145,0.0,-0.005560516,0.070052862,1.754947138,9196.648079,715.736572,624.138794,0.0,0.004417
636,4,0,0,57.2872,103.0,16.1,0.006586864,71.482566308719,5.58380127,0.0,-0.005560516,0.000239,1.824761343,9209.840092,681.373718,654.24353,0.004393,0.004398
637,4,0,0,52.364,104.0,16.0,0.006455774,71.4672897775162,5.495910645,0.0,-0.003259613,-0.089978456,1.914978456,9226.314508,689.32959,634.219604,0.004447,0.004502
638,4,0,0,53.1952,105.0,16.0,0.006346311,71.4536203815176,5.23223877,0.0,0.017640259,-0.175559759,2.000559759,9239.484909,703.905212,640.285278,0.004528,0.004466
639,4,0,0,54.6036,106.0,15.9,0.006232779,71.4373520462596,5.539855957,0.0,0.026843872,-0.252544165,2.077544165,9255.942878,700.0271,621.829895,0.004523,0.004465
640,4,0,0,55.855,104.0,15.9,0.006143556,71.4155907599938,5.012512207,0.0,0.017640259,-0.256611109,2.081611109,9269.104765,700.147705,634.180725,0.004598,0.004577
641,4,0,0,56.562,100.0,15.5,0.006048549,71.3521100218258,4.836730957,0.0,0.001533936,-0.1947124,2.0197124,9285.553754,689.325073,627.763428,0.004086,0.004219
642,4,0,0,57.1651,98.0,15.5,0.005968579,71.3097414265412,5.100402832,0.0,-0.030103485,-0.114949942,1.939949942,9298.711247,701.477478,620.642822,0.003999,0.004028
643,4,0,0,57.5331,95.0,15.4,0.005884252,71.2761710769432,5.276184082,0.0,-0.012463226,-0.070889711,1.895889711,9315.157506,699.031311,615.837708,0.003898,0.003956
644,4,0,0,57.9059,92.0,15.4,0.005825953,71.2633656390302,5.276184082,0.0,-0.000959,-0.078052759,1.903052759,9328.314691,695.565125,607.837402,0.003704,0.003771
645,4,0,0,58.0312,95.0,15.1,0.005788209,71.2483255359668,4.792785645,0.0,-0.000959,-0.081867456,1.906867456,9344.760134,687.648071,618.306519,0.003677,0.003777
646,4,0,0,58.5381,99.0,15.1,0.005783187,71.1970273406648,4.52911377,0.0,0.001533936,-0.086565733,1.911565733,9357.915031,710.177307,619.685303,0.003825,0.003898
647,4,0,0,59.1842,102.0,15.1,0.005802524,71.1265526522578,5.276184082,0.0,0.001533936,-0.089044333,1.914044333,9374.351943,751.783081,631.334412,0.004189,0.004213
648,4,0,0,59.0538,103.0,15.1,0.005833587,71.1109003884452,5.05645752,0.0,0.009203613,-0.087341547,1.912341547,9387.494464,727.404602,617.439819,0.004041,0.004044
649,4,0,0,59.4467,103.0,14.8,0.005874216,71.0825489031596,5.100402832,0.0,0.016106323,-0.067887545,1.892887545,9403.917456,699.862183,617.797485,0.003942,0.003891
650,4,0,0,56.958,103.0,14.8,0.005898824,71.0679022515394,5.144348145,0.0,0.012271484,-0.010773897,1.835773897,9417.053539,766.388,612.112976,0.003755,0.003722
651,4,0,0,56.993,100.0,14.8,0.005905923,71.058664060577,5.23223877,0.0,0.012271484,0.092410803,1.732589197,9433.471787,767.261292,610.046326,0.003615,0.003763
652,4,0,0,57.0106,98.0,14.8,0.005902636,71.0538625464068,5.58380127,0.0,0.010737549,0.218123674,1.606876326,9446.604143,706.888123,616.833191,0.003548,0.003526
653,4,0,0,56.5579,97.0,14.5,0.005897088,71.0555087563862,5.276184082,0.0,-0.012463226,0.371167898,1.453832102,9463.01418,715.420593,627.431091,0.003675,0.003774
654,4,0,0,56.3244,98.0,14.5,0.005888266,71.0511376441056,5.495910645,0.0,-0.013997162,0.478839159,1.346160841,9476.138185,696.404724,657.907104,0.00387,0.003982
655,4,0,0,55.2792,99.0,14.3,0.005871091,71.0448678807732,5.495910645,0.0,-0.039307098,0.556385756,1.268614244,9492.53967,724.187317,635.238281,0.004446,0.004411
656,4,0,0,56.6816,98.0,14.3,0.005855469,71.030404854847,5.188293457,0.0,-0.039307098,0.525853395,1.299146605,9505.658878,724.330322,643.389893,0.003913,0.004027
657,4,0,0,57.7811,97.0,14.1,0.005844736,70.9938827986616,5.144348145,0.0,-0.020132904,0.37640357,1.44859643,9522.052765,730.936096,616.616272,0.003651,0.003793
658,4,0,0,57.9059,100.0,14.1,0.005843757,70.9708990738252,5.05645752,0.0,-0.017832001,0.169041395,1.655958605,9535.166434,682.771118,661.676514,0.003603,0.0
659,4,0,0,58.4105,102.0,14.2,0.005847705,70.9537845154084,5.495910645,0.0,0.017640259,-0.074166536,1.899166536,9549.59046,698.864197,635.032898,0.003831,0.00391
660,4,0,0,57.0434,102.0,14.2,0.005848679,70.9408436515344,5.539855957,0.0,0.039882324,-0.315868616,2.140868616,9565.326296,692.454529,648.904907,0.003963,0.003949
661,4,0,0,53.5137,100.0,14.2,0.00584652,70.9278813351582,5.364074707,0.0,0.032212646,-0.456784487,2.281784487,9579.095047,694.768982,653.72168,0.003976,0.004046
662,4,0,0,53.1952,99.0,14.2,0.005847737,70.911959442522,5.100402832,0.0,0.012271484,-0.527207613,2.352207613,9594.829335,696.791077,628.702515,0.004009,0.004084
663,4,0,0,54.7151,98.0,14.3,0.00584792,70.8880486895654,5.188293457,0.0,0.025309937,-0.54835391,2.37335391,9608.595347,685.759705,681.132874,0.004053,0.004072
664,4,0,0,55.855,96.0,14.3,0.005839508,70.8675183713722,5.144348145,0.0,0.008436646,-0.512669802,2.337669802,9624.326649,696.802917,642.863098,0.003917,0.004023
665,4,0,0,57.2872,95.0,14.4,0.005824763,70.8557845607784,5.276184082,0.0,0.003067871,-0.442572832,2.267572832,9638.090153,0.0,0.0,0.0,0.0
666,4,0,0,57.4099,98.0,14.4,0.005804951,70.8438888344872,5.276184082,0.0,0.003067871,-0.360402822,2.185402822,9653.818531,697.811279,643.020203,0.003733,0.003809
667,4,0,0,57.9059,100.0,14.4,0.005791621,70.8190263017612,5.451965332,0.0,-0.000959,-0.288477182,2.113477182,9667.578813,688.275879,649.535706,0.003722,0.003756
668,4,0,0,58.4105,100.0,14.4,0.005779091,70.8158901809032,5.23223877,0.0,-0.016298065,-0.20803237,2.03303237,9683.311482,690.448914,645.078308,0.003649,0.003654
669,4,0,0,58.2835,99.0,14.5,0.005763493,70.8110355906998,5.320129395,0.0,-0.004793549,-0.162482977,1.987482977,9697.103753,0.0,0.0,0.0,0.0
670,4,0,0,58.5381,101.0,14.5,0.00574912,70.813900988383,5.276184082,0.0,-0.000959,-0.125638723,1.950638723,9712.894412,724.845215,623.670715,0.003783,0.003809
671,4,0,0,58.924,102.0,14.2,0.005754553,70.8149510666396,5.23223877,0.0,-0.000959,-0.102503061,1.927503061,9726.797931,689.885315,630.900696,0.003769,0.003865
672,4,0,0,59.1842,103.0,14.2,0.005788567,70.8051230686606,5.23223877,0.0,0.001533936,-0.078497648,1.903497648,9742.788924,692.938721,640.780396,0.00394,0.003893
673,4,0,0,59.3151,98.0,14.3,0.005839442,70.8002241411402,5.276184082,0.0,-0.004793549,-0.054981947,1.879981947,9756.814448,693.891174,650.004211,0.003945,0.003956
674,4,0,0,56.888,93.0,14.3,0.005913726,70.7905535848934,5.320129395,0.0,-0.012463226,-0.041778326,1.866778326,9772.871009,700.627686,645.964111,0.004246,0.004219
675,4,0,0,57.169,93.0,14.1,0.005988276,70.7845260594178,5.495910645,0.0,-0.012463226,-0.070677042,1.895677042,9786.94011,702.97998,640.847778,0.003829,0.003855
676,4,0,0,57.2928,95.0,14.1,0.006080066,70.7791229739556,5.23223877,0.0,-0.004793549,-0.140283346,1.965283346,9803.028456,0.0,0.0,0.0,0.0
677,4,0,0,56.923,95.0,14.2,0.006159532,70.7704985208956,5.23223877,0.0,0.010737549,-0.217417002,2.042417002,9817.111888,727.704102,855.686218,0.00403,0.00391
678,4,0,0,57.0809,97.0,14.2,0.006242931,70.827469575324,7.124633789,0.0,0.010737549,-0.276386499,2.101386499,9833.213447,723.697388,879.639771,0.004185,0.004016
679,4,0,0,57.4171,99.0,14.3,0.006314563,70.959129036988,5.850219727,0.0,0.026843872,-0.300006151,2.125006151,9847.300117,687.177429,657.020691,0.004029,0.004009
680,4,0,0,56.5752,101.0,14.3,0.006411214,71.1151939627246,11.70043945,0.0,0.023776001,-0.271107435,2.096107435,9863.377051,0.0,0.0,0.0,0.0
681,4,0,0,55.3934,102.0,14.3,0.00651142,71.6023511103524,11.21429443,0.0,0.0,-0.182961226,2.007961226,9877.442309,758.624695,818.578491,0.004343,0.004212
682,4,0,0,56.2063,103.0,14.3,0.006625807,72.045789362062,7.036743164,0.0,-0.007094452,-0.070567369,1.895567369,9893.516358,699.265381,619.043396,0.003802,0.00385
683,4,0,0,57.4099,102.0,14.4,0.006705797,72.1523334958728,6.773071289,0.0,-0.010162323,0.028136492,1.796863508,9907.580431,697.671692,618.763489,0.004063,0.004102
684,4,0,0,58.0312,101.0,14.4,0.006762008,72.2878801412794,6.817016602,0.0,-0.013997162,0.112277269,1.712722731,9923.652505,686.939392,646.234619,0.004374,0.004344
685,4,0,0,58.2835,101.0,14.4,0.006788634,72.3700619252362,6.113891602,0.0,-0.003259613,0.154468298,1.670531702,9937.715027,704.89093,656.926819,0.004382,0.004259
686,4,0,0,57.9059,103.0,14.4,0.006812433,72.4058141053524,6.026000977,0.0,-0.02166684,0.178486586,1.646513414,9953.786093,682.021179,610.138,0.004572,0.00451
687,4,0,0,56.6816,103.0,14.5,0.006837277,72.4380028687472,5.982055664,0.0,-0.023200775,0.170995474,1.654004526,9967.847648,701.804016,625.904419,0.004244,0.004208
688,4,0,0,57.5331,103.0,14.5,0.006878725,72.4666146004042,5.894165039,0.0,-0.007094452,0.096938848,1.728061152,9983.917234,667.360413,526.639771,0.004244,0.0
689,4,0,0,58.0312,104.0,14.5,0.006927073,72.4416632964838,3.65020752,0.0,0.016106323,-0.016068697,1.841068697,9997.977412,731.188477,855.273804,0.004023,0.003977
690,4,0,0,58.4105,106.0,14.5,0.006979545,72.3416589893508,5.495910645,0.0,0.023009033,-0.122214079,1.947214079,10014.04528,637.004089,635.308472,0.004594,0.004599
691,4,0,0,58.7948,107.0,14.6,0.007006347,72.33780362226,5.58380127,0.0,0.016106323,-0.1673944,1.9923944,10028.1039,0.0,0.0,0.0,0.0
692,4,0,0,59.0538,105.0,14.6,0.007012942,72.3357177405926,5.58380127,0.0,0.017640259,-0.162003756,1.987003756,10044.17007,679.934509,656.618225,0.004763,0.004694
693,4,0,0,59.1842,103.0,14.6,0.007007707,72.3331808574836,5.495910645,0.0,0.017640259,-0.106790304,1.931790304,10058.22729,734.687195,871.803589,0.004532,0.004302
694,4,0,0,59.4467,101.0,14.6,0.007005901,72.329187296367,5.495910645,0.0,0.005368774,0.019456148,1.805543852,10074.29202,688.958496,623.33783,0.004505,0.004393
695,4,0,0,59.4467,98.0,14.7,0.007025351,72.3264599317756,5.58380127,0.0,-0.02856955,0.13815856,1.68684144,10088.34736,702.144104,631.910706,0.004364,0.004395
696,4,0,0,59.4467,94.0,14.7,0.007081439,72.3226629998202,5.58380127,0.0,-0.013997162,0.236782789,1.588217211,10104.40886,705.296509,611.346008,0.0,0.004278
697,4,0,0,57.7811,90.0,14.4,0.007155551,72.3192327720772,5.539855957,0.0,-0.024734711,0.28380847,1.54119153,10118.46006,729.539612,613.664917,0.00413,0.00419
698,4,0,0,58.4105,90.0,14.4,0.00727029,72.3151763501402,5.58380127,0.0,-0.015531097,0.287735701,1.537264299,10134.51588,702.365173,635.753113,0.004159,0.004209
699,4,0,0,58.7948,92.0,13.9,0.007409158,72.3127600065972,5.58380127,0.0,-0.010162323,0.23415494,1.59084506,10148.56173,728.854004,856.133423,0.004455,0.004468
700,4,0,0,58.5381,94.0,13.9,0.00762728,72.3086842243,5.58380127,0.0,-0.010162323,0.142020941,1.682979059,10164.60978,695.009705,636.674377,0.004314,0.004286
701,4,0,0,58.0312,97.0,13.4,0.007871049,72.3059280525226,5.539855957,0.0,-0.003259613,0.030486345,1.794513655,10178.64872,708.619812,638.041077,0.004361,0.004309
702,4,0,0,58.6662,99.0,13.4,0.008180964,72.302085206097,5.495910645,0.0,0.001533936,-0.111604452,1.936604452,10194.69011,695.606079,624.398315,0.004103,0.004096
703,4,0,0,58.924,101.0,12.7,0.008442032,72.298733594613,5.58380127,0.0,0.030678711,-0.230727911,2.055727911,10208.72387,712.86969,629.786011,0.004104,0.004131
704,4,0,0,59.1842,102.0,12.7,0.008702948,72.2920365032304,5.58380127,0.0,0.047552002,-0.293500662,2.118500662,10224.76126,700.910889,631.23407,0.004246,0.004271
705,4,0,0,59.5788,103.0,12.3,0.008893205,72.2863499486206,5.539855957,0.0,-0.004793549,-0.232528448,2.057528448,10238.78521,0.0,0.0,0.0,0.0
706,4,0,0,57.0633,104.0,12.3,0.009062915,72.2748703171864,5.23223877,0.0,-0.008628387,-0.13670516,1.96170516,10254.79675,684.835022,628.117676,0.00373,0.003745
707,4,0,0,57.2928,106.0,11.7,0.009158285,72.2623984149884,5.58380127,0.0,-0.008628387,-0.074099302,1.899099302,10268.79222,695.153015,617.324524,0.003863,0.00389
708,4,0,0,57.3105,104.0,11.7,0.009177731,72.2475770856046,5.58380127,0.0,-0.010929291,-0.028104067,1.853104067,10284.77965,690.864929,630.729675,0.004204,0.004162
709,4,0,0,57.8838,100.0,11.4,0.009097238,72.2306127429834,5.451965332,0.0,-0.003259613,-0.01363349,1.83863349,10298.75882,697.31488,648.34967,0.004181,0.004118
710,4,0,0,57.6854,101.0,11.4,0.008904288,72.2101241227896,5.23223877,0.0,0.005368774,0.003155947,1.821844053,10314.69077,697.734924,627.987122,0.003953,0.00404
711,4,0,0,57.8838,103.0,11.2,0.008670943,72.196907836468,5.40802002,0.0,0.005368774,0.033124685,1.791875315,10328.55238,705.753479,632.038574,0.004184,0.004343
712,4,0,0,57.5957,104.0,11.2,0.008353741,72.1801013701008,5.40802002,0.0,-0.012463226,0.073093176,1.751906824,10344.36907,699.785217,625.309875,0.003939,0.004059
713,4,0,0,57.5778,103.0,10.7,0.008066168,72.1735576166334,5.539855957,0.0,-0.012463226,0.078281164,1.746718836,10358.23421,696.634094,616.40741,0.003772,0.003843
714,4,0,0,57.5957,102.0,10.7,0.007787049,72.1445601261784,4.70489502,0.0,-0.010929291,0.044107676,1.780892324,10374.11732,701.256409,611.858093,0.003977,0.004015
715,4,0,0,57.7034,104.0,10.2,0.007618195,72.0822994447578,4.88067627,0.0,-0.005560516,-0.020611525,1.845611525,10388.04595,708.850708,629.914978,0.004455,0.004401
716,4,0,0,57.92,108.0,10.2,0.007513789,71.9957285721926,4.792785645,0.0,0.009203613,-0.115021944,1.940021944,10403.98908,697.222412,617.718506,0.00433,0.00426
717,4,0,0,57.92,111.0,9.8,0.007487098,71.9516629117846,5.276184082,0.0,0.017640259,-0.180237532,2.005237532,10417.95401,0.0,0.0,0.0,0.0
718,4,0,0,56.7138,114.0,9.8,0.007507235,71.9165489959124,4.397277832,0.0,-0.005560516,-0.199021101,2.024021101,10433.93328,0.0,0.0,0.0,0.0
719,4,0,0,54.3821,115.0,9.7,0.007536526,71.7768588149946,3.65020752,0.0,0.008436646,-0.190289259,2.015289259,10447.93182,0.0,0.0,0.0,0.0
720,4,0,0,53.7282,109.0,9.7,0.007538061,71.2868981970868,3.254699707,0.0,0.012271484,-0.15881753,1.98381753,10463.94889,700.879211,625.271729,0.004431,0.004351
721,4,0,0,53.1952,104.0,9.6,0.007499447,71.1605577972436,5.58380127,0.0,0.0,-0.095577478,1.920577478,10477.97995,729.55481,738.481812,0.004761,0.004528
722,4,0,0,53.6207,100.0,9.6,0.007440237,71.3187831170896,7.300415039,0.0,-0.034705292,-0.012014627,1.837014627,10494.03362,0.0,0.0,0.0,0.0
723,4,0,0,54.827,96.0,9.6,0.007406245,71.4783424510484,7.256469727,0.0,0.013038452,0.001116991,1.823883009,10508.09623,700.312622,641.320129,0.004171,0.004272
724,4,0,0,55.9716,96.0,9.6,0.007404434,71.6545793915206,7.168579102,0.0,0.0,-0.02551198,1.85051198,10524.18538,740.99707,838.012085,0.004646,0.004403
725,4,0,0,56.8017,100.0,9.2,0.007434708,71.7516829115838,6.289672852,0.0,-0.005560516,-0.043407679,1.868407679,10538.27858,704.617798,631.126404,0.004597,0.00456
726,4,0,0,56.9223,102.0,9.2,0.007502958,71.8435684041914,6.465454102,0.0,0.005368774,-0.078169584,1.903169584,10554.40216,699.95459,636.105896,0.004524,0.004557
727,4,0,0,57.2872,103.0,8.9,0.007592055,71.9298198066732,6.421508789,0.0,0.003834839,-0.100804567,1.925804567,10568.52518,729.635071,833.88678,0.004445,0.004491
728,4,0,0,56.562,104.0,8.9,0.007720021,72.0268492649096,6.465454102,0.0,0.003834839,-0.11203742,1.93703742,10584.68271,707.085571,630.295288,0.004385,0.004464
729,4,0,0,57.4099,105.0,8.3,0.007841501,72.109700840081,6.421508789,0.0,0.003067871,-0.110348463,1.935348463,10598.83483,670.698303,696.184692,0.004455,0.004513
730,4,0,0,57.7811,107.0,8.3,0.007962262,72.2037202853418,6.421508789,0.0,0.0,-0.099344969,1.924344969,10615.01801,0.0,0.0,0.0,0.0
731,4,0,0,58.1571,108.0,7.8,0.008019701,72.2832785554174,6.465454102,0.0,0.0,-0.089483976,1.914483976,10629.19185,699.379028,633.056702,0.004544,0.004632
732,4,0,0,57.9059,109.0,7.8,0.008007454,72.3746040137984,6.421508789,0.0,0.003067871,-0.077767134,1.902767134,10645.40109,708.760925,645.700684,0.004523,0.004563
733,4,0,0,58.1571,107.0,7.6,0.007933943,72.454574757716,6.421508789,0.0,0.003067871,-0.061377287,1.886377287,10659.58171,733.376892,857.872681,0.004544,0.004665
734,4,0,0,58.1571,102.0,7.6,0.007801173,72.5424436917384,6.421508789,0.0,-0.004793549,-0.031628847,1.856628847,10675.78225,0.0,0.0,0.0,0.0
735,4,0,0,56.0887,98.0,7.5,0.007661902,72.6228850227654,6.509399414,0.0,-0.004793549,-0.020122766,1.845122766,10689.94258,0.0,0.0,0.0,0.0
736,4,0,0,54.827,99.0,7.5,0.007492698,72.7123020131206,6.465454102,0.0,-0.004793549,-0.028143167,1.853143167,10706.10595,696.437073,626.083923,0.004582,0.004676
737,4,0,0,54.9393,99.0,7.6,0.00734655,72.7883642978208,6.421508789,0.0,0.001533936,-0.049759626,1.874759626,10720.24358,735.498474,828.478699,0.004662,0.004616
738,4,0,0,56.2063,98.0,7.6,0.007180658,72.8385446616522,6.465454102,0.0,-0.012463226,-0.077289343,1.902289343,10736.4017,699.678894,629.025513,0.00433,0.004265
739,4,0,0,56.9223,97.0,7.5,0.0070308,72.9173819474078,6.465454102,0.0,-0.001725677,-0.114406347,1.939406347,10750.53883,733.981506,839.962891,0.004378,0.004156
740,4,0,0,57.1651,97.0,7.5,0.006867159,72.9371446587012,5.58380127,0.0,-0.003259613,-0.16608882,1.99108882,10766.69413,0.0,0.0,0.0,0.0
741,4,0,0,56.3244,98.0,7.3,0.006750348,72.9272448680648,5.58380127,0.0,0.0,-0.220038652,2.045038652,10780.82871,696.400879,643.590515,0.003751,0.003826
742,4,0,0,56.443,99.0,7.3,0.006654229,72.8307489060384,5.495910645,0.0,0.0,-0.283762217,2.108762217,10796.98101,690.994019,633.592529,0.003796,0.003796
743,4,0,0,53.3009,99.0,7.5,0.006594223,72.7347055065134,5.58380127,0.0,0.0,-0.340579748,2.165579748,10811.11294,694.101379,636.837402,0.003792,0.003821
744,4,0,0,51.958,99.0,7.5,0.006549751,72.70764685233,5.894165039,0.0,0.010737549,-0.399672747,2.224672747,10827.26221,699.609314,627.991272,0.003709,0.00376
745,4,0,0,52.6726,98.0,7.6,0.006536367,72.7132000087472,5.58380127,0.0,0.010737549,-0.427791834,2.252791834,10841.39192,0.0,0.0,0.0,0.0
746,4,0,0,53.3009,99.0,7.6,0.006547573,72.7056711138922,5.58380127,0.0,0.010737549,-0.414254904,2.239254904,10857.53922,0.0,0.0,0.0,0.0
747,4,0,0,51.7574,101.0,7.8,0.006566276,72.6989436703572,5.58380127,0.0,0.010737549,-0.362067461,2.187067461,10871.66715,684.929382,616.264282,0.003577,0.003729
748,4,0,0,46.7893,102.0,7.8,0.006567738,72.6911459513486,5.58380127,0.0,0.009203613,-0.254363775,2.079363775,10887.81211,708.323303,628.598022,0.003925,0.003917
749,4,0,0,48.6575,102.0,8.2,0.006539258,72.684620737478,5.58380127,0.0,0.009203613,-0.124382734,1.949382734,10901.93755,687.507324,628.499878,0.003746,0.003844
750,4,0,0,50.9702,102.0,8.2,0.006497795,72.677956621472,5.58380127,0.0,-0.004793549,0.044492483,1.780507517,10916.062,684.729126,629.663818,0.004063,0.004115
751,4,0,0,52.364,103.0,8.6,0.00645763,72.6707011695764,5.58380127,0.0,-0.016298065,0.230527639,1.594472361,10932.20312,724.041992,835.89447,0.004583,0.004533
752,4,0,0,52.7763,103.0,8.6,0.00642984,72.6637396797252,5.58380127,0.0,-0.013997162,0.336475611,1.488524389,10946.32553,714.543274,653.386902,0.004641,0.004707
753,4,0,0,53.5137,98.0,8.9,0.006394387,72.65602968584,5.58380127,0.0,-0.030103485,0.382926226,1.442073774,10962.46419,695.985291,641.454895,0.004745,0.004837
754,4,0,0,54.1624,95.0,8.9,0.006360348,72.6488568091798,5.58380127,0.0,-0.010929291,0.321935415,1.503064585,10976.58447,706.927124,650.668884,0.004659,0.004707
755,4,0,0,53.3009,98.0,9.2,0.006329587,72.6410150908156,5.58380127,0.0,0.026843872,0.197137117,1.627862883,10992.72011,700.074829,648.248474,0.004539,0.004548
756,4,0,0,52.6726,99.0,9.2,0.006311215,72.634163905128,5.58380127,0.0,-0.015531097,0.161485434,1.663514566,11006.83736,699.456421,624.026184,0.004547,0.004464
757,4,0,0,53.9444,99.0,9.5,0.006287151,72.62678717337,5.58380127,0.0,-0.004793549,0.087973356,1.737026644,11022.9696,699.048218,618.143799,0.003982,0.004022
758,4,0,0,54.3821,99.0,9.5,0.006258376,72.620365182567,5.58380127,0.0,-0.004793549,-0.002037764,1.827037764,11037.0841,692.66217,653.327698,0.004398,0.00432
759,4,0,0,54.7151,101.0,9.7,0.006224629,72.608491472047,5.539855957,0.0,0.003834839,-0.119872332,1.944872332,11053.1715,699.244629,626.2276,0.004233,0.004281
760,4,0,0,55.1654,103.0,9.7,0.006197941,72.5981665581562,5.58380127,0.0,0.001533936,-0.208118677,2.033118677,11067.14174,725.068115,637.123291,0.004646,0.004685
761,4,0,0,55.6232,103.0,10.3,0.00616953,72.5890774886382,5.495910645,0.0,0.001533936,-0.298014879,2.123014879,11082.98495,703.698914,634.412415,0.004169,0.00425
762,4,0,0,56.2063,103.0,10.3,0.006151454,72.020342397515,0.0,257.6751709,0.008436646,-0.369045019,2.194045019,11096.74115,707.941528,646.423706,0.00455,0.004485
763,4,0,0,56.443,104.0,10.4,0.006149103,71.2303314088664,0.0,262.0697021,0.012271484,-0.419508696,2.244508696,11112.34165,709.508911,674.042908,0.004876,0.004802
764,4,0,0,56.6816,104.0,10.4,0.006162316,70.55213628516,0.0,262.2161865,0.008436646,-0.408017874,2.233017874,11125.88712,694.819092,674.023315,0.005064,0.0049
765,4,0,0,56.6816,102.0,10.6,0.006186831,69.7789989367302,0.0,246.8353271,0.008436646,-0.337133169,2.162133169,11141.248,696.989319,701.558899,0.005544,0.005422
766,4,0,0,57.0434,99.0,10.6,0.006214494,69.1168594740008,0.0,227.645874,0.0,-0.232381105,2.057381105,11153.57572,697.746521,685.058899,0.005178,0.005019
767,4,0,0,57.4099,98.0,10.7,0.006247355,55.4503706998306,0.0,152.7923584,-0.001725677,-0.098808528,1.923808528,11163.89281,,,,
768,4,0,0,57.6568,99.0,10.7,0.006247355,55.4503706998306,0.0,152.7923584,-0.001725677,-0.098808528,1.923808528,11163.89281,,,,
769,4,0,0,58.0312,99.0,10.5,0.006247355,55.4503706998306,0.0,152.7923584,-0.001725677,-0.098808528,1.923808528,11163.89281,,,,
