Time,Drive,Stimulus,Failure,Palm.EDA,Heart.Rate,Breathing.Rate,Perinasal.Perspiration,Speed,Acceleration,Brake,Steering,LaneOffset,Lane.Position,Distance,Gaze.X.Pos,Gaze.Y.Pos,Lft.Pupil.Diameter,Rt.Pupil.Diameter
1,4,0,0,309.1477,73.0,24.1,0.005571876,-0.01780774621632,0.0,262.9486084,-0.02856955,-0.100001574,1.925001574,1.21e-05,0.0,0.0,0.004976,0.0
2,4,0,0,308.0051,73.0,24.1,0.005601713,0.06287171241312,0.0,262.9486084,-0.02856955,-0.100002527,1.925004435,0.000475183,0.0,0.0,0.005197,0.005147
3,4,0,0,309.8661,72.0,24.1,0.005596068,8.83062780575844,5.495910645,0.0,0.074395874,-0.100088358,1.92267127,0.80091916,745.4245,836.124023,0.004733,0.004792
4,4,0,0,311.8957,71.0,23.8,0.005566906,21.1397223200074,33.73626709,0.0,0.061357422,-0.095167398,1.896848631,4.938729382,714.03241,713.458679,0.004964,0.004912
5,4,0,0,313.6566,68.0,23.8,0.005531881,22.1188677251958,33.73626709,0.0,-0.001725677,-0.054669619,1.891432714,5.529731895,710.928894,703.552673,0.004874,0.004829
6,4,0,0,314.693,66.0,23.5,0.005522456,26.9047651819038,33.73626709,0.0,-0.034705292,0.000759,1.86165185,8.897303,725.712402,697.714478,0.004632,0.004771
7,4,0,0,315.7363,64.0,23.5,0.005547069,42.3193935121424,33.64837646,0.0,-0.034705292,0.019831896,1.809813452,26.97235577,752.840881,842.238892,0.00466,0.00469
8,4,0,0,312.7737,64.0,23.3,0.005597362,45.5001172282424,33.69232178,0.0,-0.034705292,-0.040651083,1.848343325,34.25419323,714.052612,681.780884,0.004514,0.004631
9,4,0,0,310.8776,67.0,23.3,0.005681151,47.5633083603672,33.73626709,0.0,0.067493164,-0.191844702,1.895088625,39.39924452,717.859802,689.81012,0.0046,0.004548
10,4,0,0,308.5753,70.0,22.4,0.005767864,48.024335459085,33.91204834,0.0,0.036047485,-0.201102972,1.909634542,40.72095065,716.617493,677.36969,0.004433,0.004371
11,4,0,0,308.2899,69.0,22.4,0.005860356,49.1148478842896,30.78918457,0.0,0.00690271,-0.06851697,1.946877909,43.85879082,730.106995,793.982117,0.00484,0.004555
12,4,0,0,309.2911,68.0,22.3,0.005914497,52.0755416217054,0.0,0.0,-0.027035614,0.087666273,2.023246241,51.79407347,742.325378,852.178894,0.004669,0.004503
13,4,0,0,310.7327,66.0,22.3,0.005936957,61.197689337038,0.0,0.0,-0.024734711,0.217568636,1.89849515,81.59371336,718.616516,690.416992,0.004934,0.004897
14,4,0,0,310.8776,65.0,22.2,0.00593426,61.749336407761,5.58380127,0.0,-0.033938324,0.204834223,1.883475733,83.2958662,769.626892,892.401794,0.004481,0.004289
15,4,0,0,312.1878,65.0,22.2,0.005921925,62.6214655631562,13.2824707,142.6849365,0.02761084,0.06077981,1.666066599,105.9510038,742.672913,844.362915,0.004647,0.004619
16,4,0,0,313.6566,65.0,22.1,0.005904692,62.120168577261,17.94616699,143.1243896,0.013038452,-0.00742507,1.600686026,119.8146159,714.710815,679.434509,0.00456,0.004586
17,4,0,0,311.7499,67.0,22.1,0.005867109,63.4143176806408,17.02056885,0.0,0.013038452,0.024984598,1.825174761,163.0139475,711.864929,676.916626,0.004561,0.004415
18,4,0,0,312.3341,69.0,22.0,0.00580817,64.1289782922316,21.86004639,0.0,-0.005560516,0.103101015,1.832798433,170.0938346,761.456909,823.145996,0.004237,0.004199
19,4,0,0,313.6566,69.0,22.0,0.005714434,64.2991530098578,22.47528076,0.0,-0.016298065,0.180155993,1.831980181,171.8762593,749.241211,817.354614,0.004325,0.004418
20,4,0,0,314.248,68.0,21.9,0.005627356,69.1628388810698,22.47528076,0.0,0.009203613,0.201880217,1.65827651,219.3221067,714.451111,665.185608,0.004306,0.004272
21,4,0,0,315.4375,70.0,21.9,0.005541929,72.339639154997,23.57666016,0.0,-0.02166684,0.24226737,1.604487371,250.7287217,702.6297,724.349304,0.00425,0.0
22,4,0,0,317.0879,73.0,21.8,0.005481168,73.8485104567136,7.080688477,0.0,0.001533936,0.204545259,1.608967733,279.2883968,711.938904,681.437622,0.004406,0.004389
23,4,0,0,310.4433,75.0,21.8,0.005417623,73.82775875771,9.412536621,0.0,-0.005560516,0.129679441,1.61469264,281.3394223,713.841492,649.09668,0.00423,0.004196
24,4,0,0,306.3069,73.0,22.0,0.00536202,74.173123202177,7.168579102,0.0,0.003067871,0.021350622,1.685401392,303.2517378,712.275818,677.230896,0.004394,0.00425
25,4,0,0,307.1536,70.0,22.0,0.005302007,74.5647575234896,8.530883789,0.0,0.005368774,-0.093258142,1.799735498,323.9056676,719.143677,653.104492,0.004104,0.004094
26,4,0,0,310.8776,68.0,22.2,0.005263616,74.8165850189212,9.192810059,0.0,-0.000959,-0.172827482,1.927743864,348.7912771,692.813721,646.922119,0.004007,0.004035
27,4,0,0,313.3617,70.0,22.2,0.005251272,75.3086633512416,11.21429443,0.0,0.014572388,-0.24904418,2.042366457,377.9703325,692.939392,650.043823,0.003945,0.004082
28,4,0,0,315.5868,67.0,22.1,0.005271653,75.5796152454424,11.70043945,0.0,-0.004793549,-0.278923273,2.07404418,388.4438256,748.930115,816.956116,0.004173,0.00407
29,4,0,0,318.299,69.0,22.1,0.005319619,75.6346165481778,0.0,0.0,0.02761084,-0.293708563,2.078765821,390.5432266,705.988098,662.465698,0.004127,0.004015
30,4,0,0,318.6032,74.0,22.0,0.005369245,74.2820889742594,0.0,0.0,0.00690271,-0.174514532,1.851515722,494.7853611,747.908203,825.602295,0.004113,0.004017
31,4,0,0,318.4511,76.0,22.0,0.005427543,74.2236691275894,0.0,0.0,-0.040074066,0.009493113,1.902106714,514.0348466,751.372925,828.026978,0.004358,0.004283
32,4,0,0,319.6727,74.0,21.6,0.005480937,74.093530073797,5.23223877,0.0,0.00690271,-0.015253782,1.897574377,558.6630267,690.971313,653.760803,0.004179,0.004049
33,4,0,0,321.8332,71.0,21.6,0.005535051,73.7032828909106,5.100402832,0.155639648,0.013038452,-0.077106714,1.816178751,583.3327996,711.125793,656.564087,0.00388,0.003786
34,4,0,0,323.0809,68.0,21.2,0.005560728,73.1233412572578,5.495910645,0.0,-0.010162323,-0.068631411,1.701320601,601.6829287,0.0,0.0,0.0,0.0
35,4,0,0,324.3383,64.0,21.2,0.005561619,73.0866122721352,5.451965332,0.0,0.012271484,-0.07653451,1.693402243,603.7139509,724.807678,808.69281,0.00387,0.003885
36,4,0,0,325.4467,64.0,20.6,0.005541245,72.7882120703502,0.0,0.0,0.012271484,-0.031416655,1.717063379,621.9499367,706.630615,641.504517,0.003727,0.003736
37,4,0,0,327.3644,69.0,20.6,0.005499736,72.657603218025,1.713867188,0.0,-0.039307098,0.09300065,1.756150675,631.3779442,706.231323,635.921509,0.003715,0.003788
38,4,0,0,328.3317,73.0,20.1,0.005437841,72.3091267445198,2.94708252,0.0,-0.005560516,0.132308245,1.875870657,671.6185123,701.576416,641.185181,0.003848,0.003791
39,4,0,0,329.6305,74.0,20.1,0.005349081,72.2795918793454,3.606262207,0.0,0.001533936,0.047544241,1.852601004,688.3530591,740.135315,819.619385,0.004105,0.004002
40,4,0,0,329.4676,73.0,19.6,0.005264319,72.2694008464492,4.00177002,0.0,0.019941162,-0.022087336,1.827909899,695.7141103,708.030518,646.04541,0.003936,0.003926
41,4,0,0,331.598,71.0,19.6,0.005173249,72.263097174323,5.451965332,0.0,0.013038452,-0.048407793,1.803429079,701.7361112,714.592896,637.102905,0.003885,0.003849
42,4,0,0,332.5905,68.0,18.8,0.005108751,72.2602345929848,5.451965332,0.0,-0.003259613,-0.002909899,1.787045908,705.750495,704.157104,641.048523,0.003788,0.003788
43,4,0,0,332.9227,68.0,18.8,0.005057252,72.2378212182444,5.451965332,0.0,-0.005560516,0.079311609,1.714446974,727.8256627,714.839783,624.075012,0.003573,0.003684
44,4,0,0,334.4258,70.0,17.8,0.005033361,72.2314425347808,5.23223877,0.0,-0.005560516,0.128841162,1.672810507,751.8999855,0.0,0.0,0.0,0.0
45,4,0,0,335.2667,71.0,17.8,0.005028804,72.2738520233948,7.256469727,0.0,-0.001725677,0.157607794,1.668796015,755.91345,715.469971,632.849487,0.003662,0.003753
46,4,0,0,335.9425,68.0,17.3,0.005040987,72.9332815184982,6.729125977,0.0,-0.013997162,0.164161444,1.915529203,848.0095646,671.436096,472.572388,0.005043,0.0
47,4,0,0,336.621,64.0,17.3,0.005078229,73.1549390549112,6.817016602,0.0,-0.000959,0.107380152,2.016400766,882.4982392,748.736328,817.268005,0.003738,0.003626
48,4,0,0,338.1577,65.0,17.0,0.005136505,73.261203807298,6.729125977,0.0,-0.001725677,0.039731264,2.0020432,898.7648788,710.139099,645.342712,0.003606,0.003692
49,4,0,0,338.8452,67.0,17.0,0.005215534,73.56124561635,6.817016602,0.0,-0.001725677,-0.046567202,1.749449205,943.6204529,714.166687,630.683105,0.003509,0.003513
50,4,0,0,339.3627,70.0,16.8,0.00526643,73.8365178642478,6.729125977,0.0,0.009203613,-0.128853083,1.483018351,984.5585763,657.665894,637.396118,0.003554,0.003527
51,4,0,0,340.0551,73.0,16.8,0.005279107,74.0136058719922,6.773071289,0.0,0.013038452,-0.188330412,1.412757349,1011.25099,711.458618,639.221313,0.003567,0.003561
52,4,0,0,340.5763,75.0,16.7,0.005243795,74.1404043382796,6.773071289,0.0,0.013038452,-0.181169748,1.472007704,1029.768477,700.224182,629.289917,0.003578,0.003533
53,4,0,0,341.4484,74.0,16.7,0.005157552,74.180353001193,6.992797852,0.0,0.013038452,-0.106325388,1.498775434,1035.261175,0.0,0.0,0.0,0.0
54,4,0,0,341.7985,73.0,16.5,0.005064108,74.2235731304584,6.904907227,0.0,-0.004793549,0.01649785,1.53731389,1042.130893,685.020996,633.205078,0.003664,0.003612
55,4,0,0,343.2062,70.0,16.5,0.004971193,74.2934349982868,6.860961914,0.0,-0.004793549,0.171046019,1.60425849,1052.443509,725.910583,633.921204,0.003619,0.003614
56,4,0,0,342.677,68.0,16.4,0.004920807,74.3064543174858,6.948852539,0.0,-0.008628387,0.285736322,1.613700819,1053.819249,703.923401,636.73822,0.003695,0.003788
57,4,0,0,344.0919,70.0,16.4,0.004904041,74.4692013516496,6.992797852,0.0,-0.017832001,0.386224031,1.796437216,1078.611358,740.263306,794.451294,0.003674,0.003762
58,4,0,0,344.6256,70.0,16.5,0.004925106,74.7464900703806,6.992797852,0.0,-0.020132904,0.410505533,2.106831026,1122.127942,714.022278,634.980408,0.003698,0.003706
59,4,0,0,345.8771,72.0,16.5,0.004984096,74.7823565780104,7.036743164,0.0,-0.010162323,0.336666822,2.138065767,1128.357595,703.874695,630.402283,0.003551,0.003558
60,4,0,0,346.4163,71.0,16.7,0.005045209,74.7973771275928,7.036743164,0.0,-0.003259613,0.234732866,2.148324919,1130.434843,716.835388,630.183594,0.003493,0.003484
61,4,0,0,347.1378,72.0,16.7,0.005091203,74.8562207939518,7.036743164,0.0,-0.003259613,0.092178583,2.18628974,1140.13331,683.380493,628.423279,0.003446,0.003504
62,4,0,0,347.681,70.0,17.1,0.005097122,74.9102900957064,7.080688477,0.0,0.003834839,-0.043405294,2.192152452,1149.145828,0.0,0.0,0.0,0.0
63,4,0,0,348.59,67.0,17.1,0.005074823,75.0035153155838,7.036743164,0.0,0.016106323,-0.192749262,2.186280203,1153.308705,752.220581,807.726013,0.003659,0.003624
64,4,0,0,348.7723,67.0,17.8,0.005048022,74.4420022503644,7.036743164,0.155639648,0.001533936,-0.288856745,2.12806077,1181.751273,684.684998,645.650574,0.003506,0.003506
65,4,0,0,349.1376,66.0,17.8,0.00503046,73.6765187137604,6.992797852,0.155639648,0.02761084,-0.366408587,2.089167547,1202.333129,701.481812,634.509705,0.003641,0.003612
66,4,0,0,350.4223,66.0,18.1,0.005039002,73.3692162868314,8.047485352,0.155639648,-0.004793549,-0.347211599,2.05031867,1211.186098,756.48761,805.092529,0.003906,0.003745
67,4,0,0,350.791,66.0,18.1,0.005075864,73.0811934634212,0.0,0.155639648,-0.004793549,-0.307802439,2.011580896,1218.646193,703.449829,636.771301,0.00366,0.003749
68,4,0,0,351.3457,64.0,18.4,0.005119679,72.3797072470318,0.0,0.0,0.018407227,-0.28471446,1.912597609,1254.896995,719.704102,621.794128,0.003511,0.003584
69,4,0,0,351.7164,63.0,18.4,0.005163407,73.0166086858264,0.0,0.0,0.001533936,-0.21841073,1.908167315,1275.082353,700.17627,638.409485,0.003617,0.003755
70,4,0,0,353.0201,63.0,18.9,0.005181205,73.1967165396138,0.0,0.0,-0.010162323,-0.142376661,1.90148778,1281.172247,685.870178,631.151001,0.003644,0.003774
71,4,0,0,353.3944,62.0,18.9,0.005169484,73.8202602954744,8.267211914,0.0,-0.010162323,-0.093995333,1.864614916,1301.58527,717.720886,651.249512,0.003846,0.003833
72,4,0,0,353.9572,60.0,19.4,0.005138488,74.8396077702526,11.0824585,0.0,0.005368774,-0.087310076,1.883382273,1336.677331,682.489319,637.847412,0.003826,0.003825
73,4,0,0,354.1453,58.0,19.4,0.005095914,75.4140496936696,11.21429443,0.0,0.003834839,-0.07982707,1.968160105,1357.540904,697.983704,645.33313,0.003795,0.003804
74,4,0,0,354.1453,61.0,19.9,0.005061382,75.795640075762,11.17034912,0.0,0.003067871,-0.05643487,2.014702749,1365.935303,709.096985,642.949402,0.003793,0.003798
75,4,0,0,355.6567,61.0,19.9,0.005030578,75.9977660503858,11.17034912,0.0,-0.024734711,-0.019857168,2.035631609,1369.446638,778.291016,633.010498,0.003639,0.003677
76,4,0,0,356.4173,62.0,20.3,0.005012625,76.1833919447916,11.12640381,0.0,-0.007094452,-0.028371572,2.061415148,1373.670791,789.359009,633.280212,0.003583,0.003587
77,4,0,0,356.9899,61.0,20.3,0.005001117,77.9650294945316,11.0824585,0.0,-0.010929291,-0.081545591,2.225617361,1418.606845,811.394897,630.008789,0.003486,0.00346
78,4,0,0,357.7562,59.0,20.7,0.004992773,78.0419282336968,12.88696289,0.0,-0.007094452,-0.150488138,2.218819094,1420.771843,681.456421,633.734009,0.003679,0.003583
79,4,0,0,358.1405,56.0,20.7,0.004971121,78.2140164887698,14.02954102,0.0,0.005368774,-0.245068789,2.200397444,1425.10821,688.24707,647.524109,0.004021,0.00404
80,4,0,0,358.5257,59.0,21.0,0.00493372,76.5051521994786,13.85375977,48.64196777,0.010737549,-0.331195116,1.927907419,1489.050645,736.913696,634.418274,0.004134,0.004048
81,4,0,0,359.6864,58.0,21.0,0.004878119,76.4297833954778,13.80981445,48.4954834,0.06212439,-0.400435209,1.926591825,1490.466976,718.155884,646.653198,0.003969,0.00395
82,4,0,0,359.8805,60.0,21.3,0.004832843,75.6417066886686,13.80981445,46.44470215,0.023009033,-0.391170263,1.881664228,1511.595807,713.671509,640.79718,0.004002,0.003956
83,4,0,0,360.4643,62.0,21.3,0.004793878,74.7883269075424,0.0,26.37634277,-0.007094452,-0.298050642,1.70206542,1534.586242,713.3526,655.385925,0.004069,0.004054
84,4,0,0,360.8545,64.0,21.3,0.004771629,73.8726448113698,0.0,3.964233398,-0.007094452,-0.20985055,1.654303503,1559.371627,709.9245,655.600525,0.004006,0.003931
85,4,0,0,361.6375,65.0,21.3,0.004765055,73.8504323305416,0.0,0.0,-0.010929291,-0.143316507,1.86115737,1588.047641,723.607422,646.97229,0.003892,0.00384
86,4,0,0,362.4239,63.0,21.5,0.004783147,73.9164165419202,0.0,0.0,-0.001725677,-0.106813669,1.930912924,1596.255573,709.759277,648.554321,0.004141,0.004005
87,4,0,0,363.0159,60.0,21.5,0.004834003,73.9327609184932,0.0,0.0,0.023776001,-0.090010405,1.948976469,1598.308698,693.533081,653.589294,0.003985,0.00396
88,4,0,0,363.0159,58.0,21.8,0.004896898,74.6820641990174,0.0,0.0,0.012271484,-0.027219057,2.327457857,1687.056548,678.900024,646.333923,0.004056,0.003979
89,4,0,0,364.4049,59.0,21.8,0.004967679,74.730153676134,0.0,0.0,-0.024734711,0.105254889,2.329323244,1692.589615,657.595886,654.059326,0.004171,0.00403
90,4,0,0,364.2058,60.0,22.0,0.005014902,74.7776067075608,0.0,0.0,-0.050811615,0.192725897,2.330486727,1699.510515,871.584106,636.683105,0.003903,0.003888
91,4,0,0,364.4049,62.0,22.0,0.005053979,74.819945353028,0.0,0.0,-0.015531097,0.155798197,2.327608061,1705.050536,763.242676,823.85968,0.003782,0.003645
92,4,0,0,366.0054,64.0,22.2,0.005077346,74.3846436829574,5.894165039,3.524780273,-0.004793549,0.061054945,2.326161814,1730.657773,761.462891,824.317688,0.003854,0.003785
93,4,0,0,366.2065,66.0,22.2,0.005088001,74.3117444111866,7.124633789,0.302124023,-0.004793549,-0.047504187,2.326904249,1732.035055,701.605286,650.539307,0.003919,0.003853
94,4,0,0,366.6092,68.0,22.4,0.005089776,73.6708371802914,7.300415039,0.0,-0.000959,-0.185866594,2.2960114,1754.634352,701.34729,581.569702,0.003864,0.0
95,4,0,0,367.0129,67.0,22.4,0.005093107,73.6451994767676,7.300415039,0.0,0.021475098,-0.325999975,2.289146852,1756.680618,708.466919,631.869019,0.003805,0.003837
96,4,0,0,368.2292,66.0,22.8,0.005107735,73.5996988322552,7.344360352,0.0,0.016106323,-0.44143939,2.273798895,1760.77098,711.389771,632.653809,0.003683,0.00361
97,4,0,0,368.2292,63.0,22.8,0.005131905,73.161008793375,7.388305664,0.0,0.014572388,-0.485272646,2.070875597,1801.540033,713.712708,632.999329,0.003572,0.00356
98,4,0,0,368.6364,62.0,23.0,0.005177282,73.0723573499644,7.344360352,0.0,0.0,-0.496289492,2.030751181,1809.664437,663.219788,639.478516,0.003545,0.0
99,4,0,0,369.4536,64.0,23.0,0.005237011,72.98454345537,7.388305664,0.0,0.0,-0.500820875,1.992021513,1817.779146,702.51532,630.721924,0.003509,0.003475
100,4,0,0,370.2744,67.0,23.1,0.005315935,72.964918439207,7.212524414,0.0,0.014572388,-0.505486727,1.982640219,1819.806329,749.956909,818.646912,0.0037,0.003577
101,4,0,0,370.4801,69.0,23.1,0.005369402,72.8918987727108,6.509399414,0.0,-0.017832001,-0.493882418,1.931869459,1831.958777,727.104675,638.25,0.003808,0.0038
102,4,0,0,371.3055,71.0,23.1,0.005386058,72.8728708538746,0.0,0.0,0.010737549,-0.501161814,1.834166479,1864.34961,706.682495,662.021484,0.004059,0.003877
103,4,0,0,370.8924,73.0,23.1,0.00535513,72.864608518408,1.450195313,0.0,0.010737549,-0.495330095,1.798862886,1877.843285,726.144287,637.424011,0.003633,0.003714
104,4,0,0,369.0445,71.0,23.5,0.005278383,72.8564773924316,3.957824707,0.0,0.00690271,-0.446052313,1.76937623,1892.010086,1061.393799,621.460815,0.003535,0.003553
105,4,0,0,368.4327,71.0,23.5,0.00519304,72.6436841812056,4.045715332,0.0,-0.000959,-0.378978014,1.751516294,1908.172451,684.040283,632.467407,0.003531,0.003569
106,4,0,0,368.6364,69.0,23.9,0.005099292,72.6316914438992,3.913879395,0.0,-0.000959,-0.293976545,1.892528009,1942.47225,683.013,634.939514,0.003674,0.003609
107,4,0,0,369.6584,66.0,23.9,0.005032565,72.6284326269596,3.913879395,0.0,-0.001725677,-0.222318888,1.984942389,1952.559058,678.430298,629.130127,0.003688,0.003742
108,4,0,0,370.6861,64.0,24.2,0.004970947,72.6277872011526,3.957824707,0.0,-0.007094452,-0.142488718,2.004180861,1954.576361,656.142273,630.514404,0.003611,0.003712
109,4,0,0,371.3055,62.0,24.2,0.004922246,72.6215903570156,5.58380127,0.0,-0.004793549,-0.08767724,2.19378562,1972.731113,635.525879,631.292603,0.003549,0.003524
110,4,0,0,371.7196,61.0,24.2,0.004871213,72.616994661338,5.58380127,0.0,0.0,-0.039176226,2.359697294,1990.884628,840.424011,619.501526,0.003597,0.003504
111,4,0,0,372.9673,62.0,24.2,0.004835392,72.7071771503576,5.539855957,0.0,-0.003259613,0.000126,2.349893999,2007.027128,714.816895,631.312805,0.003624,0.003677
112,4,0,0,373.5944,65.0,24.2,0.004811434,72.861168393224,5.58380127,0.0,-0.003259613,0.038392782,2.209127378,2022.52492,708.337219,638.562622,0.003705,0.003725
113,4,0,0,374.2235,68.0,24.2,0.004807302,72.8783707572312,0.0,0.0,-0.007094452,0.06385684,2.183435392,2024.54856,0.0,0.0,0.0,0.0
114,4,0,0,374.4337,68.0,24.1,0.004819005,72.9914037660154,5.58380127,0.0,-0.024734711,0.07377553,2.013195944,2037.376636,735.697083,642.19043,0.003821,0.003843
115,4,0,0,375.0656,66.0,24.1,0.004840362,73.0983971470872,5.58380127,0.0,-0.024734711,0.037525892,1.875600767,2049.548532,739.74408,645.865601,0.003974,0.003935
116,4,0,0,376.336,63.0,24.1,0.004870186,73.1155633331312,5.58380127,0.0,-0.000959,-0.079514742,1.855580759,2051.578962,720.758118,640.993225,0.004032,0.003924
117,4,0,0,376.1237,61.0,24.1,0.004892465,73.1879562582578,5.58380127,0.0,-0.005560516,-0.212287188,1.788481665,2059.705794,700.044922,640.919128,0.003907,0.00386
118,4,0,0,377.615,63.0,24.4,0.004905795,73.8919210996482,5.58380127,0.0,0.005368774,-0.383213282,2.205657911,2144.817506,752.254089,639.585327,0.00367,0.003768
119,4,0,0,378.0432,61.0,24.4,0.00490453,73.9563962168154,5.58380127,0.0,0.055988647,-0.518858671,2.208679628,2153.030454,834.293579,644.955017,0.003788,0.003766
120,4,0,0,378.0432,63.0,24.7,0.004897312,74.2982978604978,7.520141602,0.0,0.039882324,-0.537818193,2.080772352,2198.326534,758.103271,812.771301,0.003773,0.003678
121,4,0,0,378.6875,65.0,24.7,0.004897809,74.3742507422648,7.168579102,0.0,0.030678711,-0.437946558,2.07152648,2208.650103,696.007507,682.562073,0.003703,0.003713
122,4,0,0,380.1992,68.0,24.6,0.004914122,74.6134837520706,7.168579102,0.0,-0.015531097,-0.222852945,2.0508389,2241.065259,741.101318,633.288208,0.003783,0.003575
123,4,0,0,379.7661,71.0,24.6,0.004942655,74.855171552552,7.168579102,0.0,-0.019365936,-0.064431906,1.92761035,2278.430185,699.456116,640.630676,0.00367,0.003627
124,4,0,0,380.4162,71.0,24.5,0.004985679,74.8668614281638,7.212524414,0.0,-0.056180389,0.060970068,1.92017312,2280.50944,707.609619,640.0271,0.003685,0.003611
125,4,0,0,379.9825,69.0,24.5,0.005027144,74.9046630383964,7.168579102,0.0,-0.024734711,0.042773962,1.897366953,2286.749254,680.044006,639.006104,0.003601,0.003539
126,4,0,0,381.2865,66.0,24.5,0.005076692,74.9768304306154,7.124633789,0.0,0.012271484,-0.088409662,1.849554014,2299.237976,758.274414,634.279907,0.003699,0.003676
127,4,0,0,382.8191,63.0,24.5,0.005122845,75.0483202906944,7.168579102,0.0,0.012271484,-0.192003012,1.800494146,2311.738785,690.880371,650.148315,0.003793,0.0
128,4,0,0,382.5994,62.0,24.5,0.005182504,75.0846100386508,7.168579102,0.0,-0.003259613,-0.285481215,1.778475237,2317.993668,693.79657,654.455017,0.003764,0.003717
129,4,0,0,383.7004,60.0,24.5,0.005242028,75.270202233477,7.168579102,0.0,0.032212646,-0.36627984,1.736175966,2351.402583,0.0,0.0,0.0,0.0
130,4,0,0,384.1426,61.0,24.7,0.005313709,75.2808696149198,7.168579102,0.0,0.00690271,-0.378026247,1.742008162,2353.493374,703.961609,644.23053,0.003311,0.003407
131,4,0,0,384.3641,64.0,24.7,0.00537072,75.302292875412,7.124633789,0.0,0.005368774,-0.344167948,1.757607889,2357.675884,697.687317,633.438416,0.00341,0.003365
132,4,0,0,385.03,65.0,24.6,0.005411768,75.5043483126636,7.168579102,0.0,-0.012463226,-0.282925367,2.174886179,2411.436228,0.0,0.0,0.0,0.0
133,4,0,0,386.1451,65.0,24.6,0.005419967,75.5791420672956,7.168579102,0.0,-0.013997162,-0.249881029,2.288241816,2434.516781,711.285278,639.224792,0.003506,0.003546
134,4,0,0,386.3689,67.0,24.6,0.005413392,75.6425203226924,7.168579102,0.0,0.010737549,-0.250029802,2.281318617,2457.617516,705.806702,655.865723,0.00367,0.0037
135,4,0,0,387.0418,67.0,24.6,0.005409556,75.6765723638458,7.168579102,0.0,0.010737549,-0.241429567,2.19540019,2468.124514,724.02771,554.130676,0.003592,0.003646
136,4,0,0,387.4918,65.0,24.5,0.005408308,75.8824811565132,7.168579102,0.0,-0.000959,-0.196648359,2.050932837,2497.589733,711.664673,651.873108,0.003712,0.003694
137,4,0,0,388.1686,63.0,24.5,0.005399978,75.9390285360932,6.992797852,0.0,0.001533936,-0.147810221,2.022853804,2506.023487,703.185791,628.128906,0.003533,0.003485
138,4,0,0,388.3948,61.0,24.5,0.005369298,75.9951362278918,6.992797852,0.0,0.001533936,-0.090168715,1.993447256,2514.463427,706.354675,638.229675,0.003532,0.003516
139,4,0,0,388.8478,59.0,24.5,0.00531817,76.050554623275,6.992797852,0.0,0.001533936,-0.035433054,1.96162219,2522.909484,787.81012,624.81781,0.003538,0.00352
140,4,0,0,389.5294,60.0,24.4,0.005234061,76.1577060415348,6.992797852,0.0,-0.007094452,0.029639006,1.89499135,2539.819816,0.0,0.0,0.0,0.0
141,4,0,0,389.9852,61.0,24.4,0.005147323,76.1706250827584,7.036743164,0.0,-0.007094452,0.074367762,1.889234495,2541.230102,710.496094,646.629028,0.003464,0.003476
142,4,0,0,390.2134,62.0,24.7,0.005049319,76.2916738922146,6.992797852,0.0,-0.025501678,0.098207712,1.799980116,2560.991473,707.436584,635.018005,0.003259,0.003213
143,4,0,0,391.3588,62.0,24.7,0.004977933,76.3818027258386,6.948852539,0.0,-0.017832001,0.061084509,1.737374258,2575.126399,685.639587,632.106873,0.003263,0.003222
144,4,0,0,391.5887,65.0,24.6,0.004928568,75.9940957091148,6.729125977,68.4173584,-0.012463226,-0.042629957,1.673845243,2604.821528,752.092102,635.005676,0.003266,0.003238
145,4,0,0,392.2799,67.0,24.6,0.004917844,75.7709629872842,6.641235352,65.19470215,0.012271484,-0.173731565,1.675417852,2611.147709,721.405579,626.706116,0.003526,0.003516
146,4,0,0,392.9736,64.0,24.6,0.004926828,75.0643403208838,6.597290039,66.22009277,0.023009033,-0.320459127,1.714627218,2630.008799,679.338684,629.685913,0.003682,0.003582
147,4,0,0,393.6698,63.0,24.6,0.004937033,74.0721371654572,6.729125977,24.4720459,-0.004793549,-0.393831015,1.807530355,2656.944308,679.418274,629.973206,0.00362,0.003714
148,4,0,0,394.1353,62.0,24.5,0.004947894,73.7639264109388,6.465454102,19.34509277,0.054454712,-0.480002642,1.800030661,2665.159628,758.938599,646.432983,0.003866,0.003886
149,4,0,0,394.8356,60.0,24.5,0.004959512,72.932647712126,6.685180664,1.766967773,0.030678711,-0.486532927,1.833016825,2687.577329,784.168884,640.194702,0.003815,0.003781
150,4,0,0,395.5383,58.0,24.5,0.004973429,72.7290123375162,6.729125977,0.0,-0.033938324,-0.37040019,1.886399221,2693.647013,675.354919,654.914001,0.003916,0.003886
151,4,0,0,396.2436,57.0,24.5,0.004981554,72.7576615024216,7.564086914,0.0,0.0,-0.278276682,2.183254194,2725.974929,670.746094,639.732483,0.003852,0.003803
152,4,0,0,395.5383,58.0,24.7,0.0049799,72.744835239649,7.300415039,0.0,0.0,-0.223614931,2.193187189,2733.384664,707.271606,644.063171,0.003589,0.003605
153,4,0,0,396.4793,60.0,24.7,0.004961708,72.694351772722,7.344360352,0.0,0.003067871,-0.176003218,2.272233915,2767.721656,574.09491,613.647522,0.00342,0.003492
154,4,0,0,396.7152,64.0,24.6,0.004916664,72.6906669312976,7.344360352,0.0,-0.000959,-0.111800909,2.260282946,2773.779143,709.760498,624.64032,0.003373,0.003346
155,4,0,0,397.6617,67.0,24.6,0.004863935,72.6180188614074,7.344360352,0.0,0.003834839,-0.055452108,2.209175539,2785.890411,688.963806,452.69809,0.003476,0.003391
156,4,0,0,398.6128,70.0,24.6,0.004809135,72.5541140621494,7.344360352,0.0,-0.003259613,0.025019884,2.100476694,2806.05145,687.512085,636.717529,0.003439,0.003439
157,4,0,0,399.0901,70.0,24.6,0.004778728,72.5500180504484,7.344360352,0.0,-0.010162323,0.087625742,2.092874956,2808.066735,698.272217,629.744629,0.003537,0.003447
158,4,0,0,399.3291,66.0,24.5,0.00476564,72.3817923079358,0.0,0.0,-0.010162323,0.138700724,2.060074282,2854.374246,699.158081,640.208496,0.003613,0.003574
159,4,0,0,400.5287,68.0,24.5,0.004764932,72.3477955797982,0.0,0.0,-0.010162323,0.15127635,2.088605356,2868.444918,765.695618,822.729126,0.003776,0.003667
160,4,0,0,399.5685,70.0,24.5,0.004764095,72.308054891893,0.0,0.0,-0.010162323,0.127338648,2.150022459,2885.856894,700.754822,663.664429,0.004054,0.004002
161,4,0,0,400.2882,70.0,24.5,0.004759118,72.013147118842,0.0,0.0,0.014572388,0.076586008,2.242218447,2914.570229,707.195007,655.096375,0.003987,0.003755
162,4,0,0,400.7695,70.0,24.4,0.00475264,72.1533194419304,0.0,0.0,0.021475098,0.018395185,2.218643618,2927.917395,699.713928,670.743713,0.003785,0.00376
163,4,0,0,402.4631,68.0,24.4,0.004753409,72.2269458778868,0.0,0.0,-0.036239227,0.033278704,2.180743647,2935.937178,645.190125,637.227295,0.003741,0.003671
164,4,0,0,402.9496,69.0,24.7,0.00476794,72.2435520457976,0.0,0.0,-0.034705292,0.001238585,2.170762014,2937.943367,748.085876,823.19989,0.003725,0.003749
165,4,0,0,403.1933,67.0,24.7,0.004791087,72.297477343809,5.982055664,0.0,-0.003259613,-0.130482435,2.138181162,2944.634173,712.673523,644.263184,0.003663,0.003565
166,4,0,0,404.171,69.0,24.6,0.004825344,72.3296853388168,5.894165039,0.0,0.0690271,-0.318733454,2.122398329,2947.981587,750.422119,811.918884,0.003603,0.003678
167,4,0,0,404.6617,70.0,24.6,0.004866387,72.852473451072,5.23223877,0.0,-0.007094452,-0.363569021,1.71892066,3014.516994,700.226196,653.694275,0.003581,0.003621
168,4,0,0,405.1536,70.0,24.6,0.004933123,72.9567914653278,5.144348145,0.0,-0.005560516,-0.394423723,1.652684164,3028.691453,755.146118,813.811584,0.003768,0.003713
169,4,0,0,405.3999,67.0,24.6,0.00500702,73.0930018508306,5.58380127,0.0,0.043717163,-0.439762354,1.668407869,3050.326667,708.038696,649.350525,0.003644,0.003699
170,4,0,0,406.6363,65.0,24.5,0.005101088,72.4233680135892,5.58380127,0.0,0.013038452,-0.428652525,1.890820932,3096.81642,671.154907,687.440674,0.003802,0.0
171,4,0,0,406.8845,65.0,24.5,0.005181112,73.0011498164016,4.924621582,0.0,0.001533936,-0.365794897,2.205281687,3153.327174,705.430481,622.461609,0.003474,0.003446
172,4,0,0,407.3818,67.0,24.5,0.005249007,73.0326907721662,5.276184082,0.0,-0.017832001,-0.278216124,2.157014322,3159.411192,711.27771,623.303101,0.003318,0.003351
173,4,0,0,407.3818,69.0,24.5,0.005269436,73.0623336723348,5.276184082,0.0,-0.007094452,-0.240715265,2.096999121,3165.497624,703.472412,638.621094,0.003305,0.003285
174,4,0,0,408.6303,69.0,24.7,0.005244878,73.5713837985206,5.05645752,0.0,-0.007094452,-0.224665403,1.843685102,3187.874232,0.0,0.0,0.0,0.0
175,4,0,0,408.6303,67.0,24.7,0.00519931,73.6303781795706,4.573059082,0.0,-0.007094452,-0.227630854,1.827515078,3189.917957,719.910889,630.07782,0.003483,0.003521
176,4,0,0,409.1318,66.0,24.9,0.005144114,73.87934937009,5.188293457,0.0,-0.007094452,-0.252158403,1.781621408,3198.110154,692.370911,636.118408,0.003371,0.003326
177,4,0,0,410.1386,64.0,24.9,0.005102301,74.1115518332652,5.188293457,0.0,-0.010162323,-0.29018569,1.755448771,3205.643675,687.909485,636.545105,0.003601,0.003548
178,4,0,0,410.3911,63.0,24.9,0.005063816,74.7592584291,4.748840332,0.0,0.012271484,-0.355008364,1.708734941,3228.379133,753.145813,807.882813,0.003369,0.003356
179,4,0,0,410.6439,61.0,24.9,0.005036162,75.3768036115116,6.641235352,0.0,0.009203613,-0.401220083,1.802778673,3251.308279,713.837891,650.513123,0.003578,0.003541
180,4,0,0,411.4041,62.0,24.8,0.005006514,75.736682146263,7.168579102,0.0,0.017640259,-0.414188147,1.960920763,3266.697435,893.843079,628.518005,0.003426,0.003412
181,4,0,0,412.4222,64.0,24.8,0.004978597,75.9329349311172,6.992797852,0.0,-0.004793549,-0.362390757,2.131097269,3282.843681,721.80188,628.526123,0.003408,0.003421
182,4,0,0,412.1672,65.0,24.7,0.004942948,76.2524531337832,6.948852539,0.0,-0.000959,-0.291154623,2.269079161,3306.090862,691.787476,631.305176,0.003389,0.003366
183,4,0,0,413.189,67.0,24.7,0.004910813,76.4856519071656,6.904907227,37.50915527,0.009203613,-0.229298353,1.970545721,3350.715489,851.102478,632.477905,0.003247,0.003249
184,4,0,0,413.189,66.0,24.6,0.004881061,75.007909022998,6.948852539,56.1126709,-0.000959,-0.151812792,1.788115931,3390.003662,670.455322,631.761414,0.003621,0.003693
185,4,0,0,414.2159,63.0,24.6,0.004855544,74.9157361183598,6.904907227,55.81970215,-0.003259613,-0.050587416,1.791295004,3392.781045,706.302185,640.732788,0.003764,0.003642
186,4,0,0,414.7313,61.0,24.9,0.004842785,74.2353778163858,6.904907227,0.155639648,0.0,0.030995131,1.877767992,3410.740728,700.043091,654.360474,0.003937,0.003876
187,4,0,0,415.7658,58.0,24.9,0.004835869,74.0469508013364,6.860961914,0.0,-0.020132904,0.126137495,1.998364878,3425.832159,723.34491,637.858398,0.003797,0.003744
188,4,0,0,415.7658,57.0,25.1,0.004834206,73.9769936283932,6.729125977,0.0,-0.015531097,0.177244902,2.180130434,3486.829713,705.409424,632.043579,0.003686,0.003756
189,4,0,0,416.2851,57.0,25.1,0.00483688,73.95843394703,6.685180664,0.0,-0.015531097,0.167222738,2.13922019,3499.157276,732.2948,638.051575,0.003911,0.003923
190,4,0,0,416.2851,57.0,25.0,0.004845109,73.674736755952,5.671691895,4.403686523,0.0,0.120609999,2.086942625,3513.52386,744.807312,835.28772,0.004033,0.0039
191,4,0,0,416.5452,61.0,25.0,0.004866298,73.5840891032988,0.0,2.352905273,0.0,0.053621054,2.077690554,3515.569705,706.32251,662.268311,0.0038,0.003826
192,4,0,0,418.1126,60.0,24.9,0.00489829,73.2057739695074,5.850219727,2.499389648,-0.036239227,-0.008320093,2.02046628,3525.767158,648.8349,643.489807,0.003837,0.003827
193,4,0,0,418.375,65.0,24.9,0.00495037,73.0619202167954,6.465454102,2.792358398,-0.000959,-0.121558905,1.99303813,3529.83142,687.728394,636.988098,0.003756,0.003682
194,4,0,0,418.6378,62.0,24.8,0.005006764,72.989416375956,7.300415039,2.792358398,0.018407227,-0.254383326,1.978614759,3531.860405,864.706421,641.577576,0.003821,0.003904
195,4,0,0,418.6378,62.0,24.8,0.005076857,72.614119575428,7.783813477,7.919311523,0.038348389,-0.375114202,1.903332186,3541.973934,680.214111,642.418884,0.003754,0.003707
196,4,0,0,418.9008,65.0,24.7,0.005137665,71.3599273747824,7.871704102,0.155639648,0.049085938,-0.421724081,1.691788626,3575.312006,659.135071,646.214783,0.003852,0.00379
197,4,0,0,420.4861,65.0,24.7,0.005198965,71.0641445713866,6.509399414,0.155639648,0.023776001,-0.355103254,1.662366343,3583.88669,739.647522,813.337708,0.003755,0.003609
198,4,0,0,421.2832,62.0,24.9,0.005237301,70.9935581465034,7.344360352,0.155639648,0.009203613,-0.218637705,1.659656954,3585.202484,648.303223,652.374817,0.003904,0.003889
199,4,0,0,420.4861,60.0,24.9,0.005262205,70.9247970350482,11.0824585,0.155639648,-0.041608002,-0.043546915,1.656692934,3587.174488,679.888489,660.870483,0.004228,0.004059
200,4,0,0,421.8163,60.0,24.9,0.005274766,70.4910428902282,11.17034912,0.155639648,-0.004793549,0.046137571,1.665974569,3598.963963,687.882324,476.027313,0.004049,0.004062
201,4,0,0,422.0834,59.0,24.9,0.005288054,70.129799442036,11.12640381,0.155639648,-0.010929291,0.093805075,1.697603655,3608.73305,746.379883,834.771729,0.004219,0.004082
202,4,0,0,422.6185,61.0,24.8,0.005304615,70.8282541768542,10.86273193,0.0,-0.032404388,0.116265059,1.924801779,3667.045126,0.0,0.0,0.0,0.0
203,4,0,0,423.6929,64.0,24.8,0.005336525,70.9568669004038,10.99456787,0.0,-0.039307098,0.083307028,1.953941774,3670.981923,745.173889,811.510193,0.003576,0.003613
204,4,0,0,423.9624,66.0,24.7,0.005379926,71.3025571557538,10.99456787,0.0,-0.004793549,-0.040084124,2.034951639,3680.857255,689.931274,651.636719,0.003887,0.003839
205,4,0,0,423.6929,69.0,24.7,0.005441042,72.390360482376,8.003540039,0.0,0.00690271,-0.211683989,2.117639971,3712.783111,698.486816,653.683777,0.003743,0.003683
206,4,0,0,424.5023,68.0,24.6,0.0054888,72.5156082369196,8.841247559,0.0,0.019941162,-0.349128485,2.105475855,3716.136058,712.333618,651.7771,0.003884,0.003824
207,4,0,0,425.0436,70.0,24.6,0.005517501,72.8103530964824,8.530883789,0.0,0.045251099,-0.434984446,2.056245279,3724.878814,681.612305,643.816223,0.00375,0.003648
208,4,0,0,425.3147,72.0,24.6,0.005509585,72.877734214981,8.530883789,0.0,0.032212646,-0.433084249,2.046682787,3726.227208,750.365112,796.16449,0.003878,0.003794
209,4,0,0,426.6758,71.0,24.6,0.005457786,73.5412746403672,8.574829102,0.0,0.00690271,-0.328412294,1.893319082,3746.552969,0.0,0.0,0.0,0.0
210,4,0,0,426.949,69.0,24.8,0.005383445,74.442095415057,0.0,0.0,-0.007094452,-0.186523199,1.781396341,3776.002887,708.933472,657.859619,0.003825,0.003821
211,4,0,0,427.2226,66.0,24.8,0.0052912,74.6181658853996,0.0,0.0,-0.025501678,-0.042594194,2.020725203,3823.0396,715.165283,648.460693,0.003814,0.003699
212,4,0,0,427.4966,66.0,25.0,0.005222904,74.5894257284106,0.0,0.0,-0.015531097,0.026059389,2.068919611,3843.762106,751.766113,824.561096,0.003854,0.003791
213,4,0,0,427.2226,64.0,25.0,0.005166857,74.5814880611956,0.0,0.0,-0.027035614,0.034710646,2.071950388,3854.120856,729.661377,638.817017,0.00378,0.003746
214,4,0,0,427.4966,64.0,24.9,0.005132869,74.6189698794768,0.0,0.0,-0.024734711,-0.017499208,2.1674685,3901.773593,720.758484,598.308716,0.003793,0.003779
215,4,0,0,427.7709,66.0,24.9,0.005098514,74.6306222574666,6.157836914,0.0,0.014572388,-0.145787001,2.175951433,3910.064785,739.342407,630.604126,0.00363,0.003586
216,4,0,0,427.7709,63.0,24.8,0.005067078,74.6455288335902,5.806274414,0.0,-0.008628387,-0.220769644,2.175503206,3919.739571,713.421387,632.633301,0.003662,0.003593
217,4,0,0,428.3206,65.0,24.8,0.005036633,74.654864083848,5.58380127,0.0,0.021475098,-0.310877562,2.173913431,3925.960054,758.428528,812.724121,0.003527,0.003456
218,4,0,0,429.4241,63.0,24.8,0.005023377,74.6723422887312,5.58380127,0.0,0.021475098,-0.366567373,2.167410326,3938.403236,697.311829,647.481018,0.003624,0.003593
219,4,0,0,429.7009,62.0,24.8,0.005026292,74.6751063462746,5.58380127,0.0,0.014572388,-0.372706175,2.16582675,3940.477387,626.873291,625.786926,0.003538,0.003497
220,4,0,0,430.2556,62.0,25.0,0.005038189,74.691394894843,5.58380127,0.0,0.003834839,-0.340142012,2.147096109,3957.073534,726.784912,699.672729,0.003492,0.003446
221,4,0,0,429.9781,62.0,25.0,0.005052632,74.4868010777962,0.0,2.352905273,0.012271484,-0.288498163,2.139039946,3963.292165,694.653076,647.417908,0.003565,0.003551
222,4,0,0,431.3692,66.0,25.2,0.005062519,72.9638771318534,0.0,0.155639648,0.012271484,-0.228245497,2.106006575,4004.263167,727.702515,539.514709,0.003699,0.003686
223,4,0,0,431.6485,67.0,25.2,0.005067001,72.5050928737332,0.0,0.0,-0.001725677,-0.128866434,2.092421961,4018.404697,694.538513,539.46698,0.003516,0.0
224,4,0,0,431.9281,67.0,25.4,0.005058472,72.6763696995782,0.0,0.0,-0.001725677,-0.028271437,2.065348101,4038.569153,695.593872,624.816223,0.003431,0.003406
225,4,0,0,432.7693,65.0,25.4,0.005030672,72.7171327368118,0.0,0.0,-0.012463226,0.076642752,2.055687857,4044.626625,726.796509,632.843018,0.003573,0.003575
226,4,0,0,432.2082,66.0,25.2,0.004995037,72.741899079286,0.0,0.0,-0.023200775,0.141480207,2.048852873,4048.666758,767.882507,638.337402,0.003653,0.003604
227,4,0,0,433.3319,66.0,25.2,0.004949291,72.869577436125,0.0,0.0,-0.020132904,0.16996026,2.017877054,4068.888866,822.090881,646.738708,0.003663,0.003646
228,4,0,0,433.6137,63.0,25.1,0.004909674,72.90575016897,0.0,0.0,-0.007094452,0.14380765,2.014388037,4074.287403,707.756104,635.982788,0.003908,0.003841
229,4,0,0,434.7448,63.0,25.1,0.00486916,73.0058430219898,0.0,0.0,0.003834839,0.085842371,1.999107313,4091.173677,774.930481,827.401672,0.003749,0.003515
230,4,0,0,435.3126,62.0,25.0,0.004841628,73.055507544071,11.21429443,0.0,0.00690271,0.03088212,1.986915541,4099.287525,725.898193,562.312195,0.003932,0.003869
231,4,0,0,435.3126,62.0,25.0,0.004827614,73.1175416626064,11.8762207,0.0,-0.013997162,-0.009804964,1.967318487,4109.437547,729.95459,465.581512,0.003954,0.003898
232,4,0,0,435.8818,64.0,24.9,0.004842462,73.2710170315358,11.30218506,0.0,-0.024734711,-0.048089743,1.867749166,4139.257806,754.146606,820.985291,0.00387,0.003646
233,4,0,0,437.0247,68.0,24.9,0.004896377,73.356975147896,11.21429443,0.0,-0.007094452,-0.144448519,1.728586149,4159.620516,696.399292,635.664307,0.003656,0.003587
234,4,0,0,436.7384,71.0,25.1,0.004966874,73.5131379858782,11.8762207,0.0,0.030678711,-0.24481082,1.648258638,4194.294913,632.351013,628.93512,0.003576,0.003509
235,4,0,0,437.3114,72.0,25.1,0.005053307,73.9227304816356,11.21429443,0.0,0.02761084,-0.303636312,2.152464342,4281.65014,694.844482,685.559204,0.003816,0.0
236,4,0,0,438.1737,72.0,25.3,0.005115525,73.954510456577,11.21429443,0.0,0.026843872,-0.290515661,2.151884508,4288.495713,699.925293,647.801697,0.003444,0.003455
237,4,0,0,438.4619,71.0,25.3,0.00515509,74.1938997493902,11.434021,0.0,0.0,-0.20668292,1.930760336,4337.187778,704.133179,633.719421,0.003503,0.003496
238,4,0,0,438.7504,75.0,25.5,0.005155348,74.6454101447652,11.47796631,0.0,-0.008628387,-0.101918459,1.666139555,4401.259842,882.022278,633.72821,0.003598,0.00355
239,4,0,0,439.3287,70.0,25.5,0.005115003,74.6737826963114,11.434021,0.0,-0.02166684,-0.006043673,1.688640547,4405.407152,666.545776,650.211792,0.003799,0.003699
240,4,0,0,439.9085,69.0,25.3,0.005053206,74.1692772175384,11.434021,8.212280273,-0.030103485,0.039413214,1.899937582,4436.48685,695.715088,652.385071,0.003813,0.00375
241,4,0,0,440.4898,68.0,25.3,0.004974632,73.9504103893392,11.434021,6.307983398,-0.02856955,0.023397684,1.928109598,4441.974305,753.120178,822.779602,0.003812,0.003689
242,4,0,0,440.4898,64.0,25.2,0.004915305,73.8597176590726,0.0,4.989624023,0.009203613,-0.063165426,1.939548922,4444.712391,630.348999,652.45929,0.003808,0.003723
243,4,0,0,440.7811,62.0,25.2,0.004867778,74.1059828731292,5.58380127,0.0,-0.001725677,-0.158663988,1.996689272,4478.887808,720.577271,665.236511,0.003797,0.003601
244,4,0,0,442.2431,61.0,25.1,0.004846644,74.174041893916,5.671691895,0.0,0.014572388,-0.213220358,1.994845819,4483.005614,723.681274,628.487427,0.003556,0.003536
245,4,0,0,442.2431,60.0,25.1,0.004844612,74.3508786032194,5.75958252,0.0,0.001533936,-0.243454218,1.981938314,4493.317431,732.430725,634.699402,0.003499,0.003529
246,4,0,0,442.8306,57.0,25.3,0.004854417,74.7795792112252,5.894165039,0.0,-0.008628387,-0.247415781,1.892532778,4520.239206,746.485718,811.1745,0.003528,0.003412
247,4,0,0,442.5366,55.0,25.3,0.004866304,75.1730759573462,6.113891602,0.0,-0.008628387,-0.261065245,1.743108225,4545.226135,696.598022,818.653809,0.003307,0.0
248,4,0,0,443.7148,53.0,25.2,0.004872805,75.55156467455,6.157836914,0.0,-0.008628387,-0.291933775,1.605325651,4574.531159,650.404907,793.537903,0.003468,0.003415
249,4,0,0,443.7148,59.0,25.2,0.004876677,75.6321901784466,6.157836914,0.0,0.025309937,-0.340992212,1.601223898,4580.829638,644.698303,818.21637,0.003455,0.003313
250,4,0,0,444.0103,58.0,25.0,0.004878256,75.810240169176,6.201782227,0.0,0.001533936,-0.351326227,1.641350698,4595.551247,0.0,0.0,0.0,0.0
251,4,0,0,444.8992,58.0,25.0,0.004880591,75.8345525973032,6.157836914,0.0,0.003067871,-0.347581625,1.648646307,4596.955119,707.244812,638.172913,0.00343,0.003393
252,4,0,0,445.4938,60.0,24.9,0.004885906,75.8831244579914,6.201782227,0.0,0.003834839,-0.339076757,1.673587751,4601.168606,754.378418,811.875305,0.003444,0.003402
253,4,0,0,445.4938,59.0,24.9,0.004897593,75.9379672729236,0.0,0.0,-0.001725677,-0.321176767,1.706330729,4606.087903,688.779297,635.59491,0.003517,0.003498
254,4,0,0,446.3887,61.0,24.9,0.004911661,76.2144920057698,0.0,0.0,-0.001725677,-0.305387259,1.854088736,4628.625041,717.718506,637.065979,0.003406,0.003341
255,4,0,0,446.6878,60.0,24.9,0.004924296,76.1802468116296,0.0,40.73181152,0.0,-0.292335749,2.004038763,4658.309496,690.371582,630.310791,0.003368,0.003381
256,4,0,0,447.2872,58.0,24.5,0.004923477,76.01063695625,0.0,31.94274902,0.001533936,-0.284900904,2.021648359,4662.538553,756.686829,802.263916,0.003296,0.003358
257,4,0,0,447.5875,58.0,24.5,0.004906994,75.5437768851692,0.0,29.7454834,0.001533936,-0.271797895,2.059925032,4675.173261,749.334412,813.906006,0.003527,0.003194
258,4,0,0,447.8882,58.0,24.1,0.00488617,74.6181699570298,7.168579102,34.57946777,0.001533936,-0.256664038,2.044322443,4700.208538,686.193298,631.718689,0.003349,0.003405
259,4,0,0,448.7927,59.0,24.1,0.004869232,74.307759299105,6.729125977,29.01306152,0.001533936,-0.235069513,2.013447237,4708.484767,773.105286,626.453491,0.00347,0.003386
260,4,0,0,449.0951,63.0,24.1,0.004873643,73.851672182171,6.685180664,27.69470215,-0.004793549,-0.21301198,1.957039309,4720.835117,602.019714,636.93927,0.003571,0.00351
261,4,0,0,449.7009,60.0,24.1,0.004912705,73.5441007218742,6.729125977,12.1673584,0.003834839,-0.192877054,1.918402147,4729.026261,673.780518,638.420227,0.003488,0.003485
262,4,0,0,450.9176,61.0,23.8,0.004980117,73.400061444447,6.685180664,12.46032715,0.003834839,-0.184333563,1.899229002,4733.109165,666.026794,635.753906,0.003538,0.003502
263,4,0,0,450.6128,67.0,23.8,0.005085574,72.3848818223074,6.685180664,0.0,0.003834839,-0.166321993,1.838816118,4765.476695,0.0,0.0,0.0,0.0
264,4,0,0,451.2228,68.0,23.5,0.005187331,72.3372999149334,6.685180664,0.0,0.003834839,-0.143776655,1.833746862,4783.558703,583.312683,637.603882,0.003453,0.003472
265,4,0,0,451.5284,67.0,23.5,0.005300282,72.3643785249328,6.685180664,0.0,0.003834839,-0.106708288,1.82647891,4793.607058,723.180115,816.587524,0.003416,0.0
266,4,0,0,451.8344,66.0,23.3,0.005386378,72.3847278889364,6.421508789,0.0,0.023776001,-0.058338881,1.831551504,4802.988412,676.905823,635.300293,0.003618,0.003507
267,4,0,0,452.755,68.0,23.3,0.00545045,72.4177639859346,6.465454102,0.0,-0.003259613,0.045856714,1.867127848,4819.076534,678.080078,649.496094,0.003879,0.003723
268,4,0,0,453.0627,69.0,23.4,0.005461707,72.5556967031988,6.465454102,0.0,-0.030870453,0.127007246,1.952773046,4891.560597,674.444519,643.123901,0.003803,0.003735
269,4,0,0,453.3708,68.0,23.4,0.005430985,72.5682842525692,6.509399414,0.0,-0.019365936,0.186351061,1.952136469,4899.622608,712.769287,664.473694,0.003741,0.003607
270,4,0,0,453.9883,71.0,23.4,0.005390658,72.5815299898128,6.553344727,0.0,-0.019365936,0.179771185,1.943405104,4907.686073,719.250488,785.716492,0.003604,0.0035
271,4,0,0,454.6074,71.0,23.4,0.005355603,72.6070572926126,6.509399414,0.0,-0.015531097,0.121921301,1.896887732,4923.145005,749.56958,813.162903,0.003739,0.003528
272,4,0,0,454.2977,70.0,23.2,0.005342148,72.620671922771,6.553344727,0.0,-0.013997162,0.027450323,1.872703505,4933.229742,708.213806,640.438904,0.003497,0.003373
273,4,0,0,455.5394,68.0,23.2,0.005341488,72.6314730403678,6.597290039,0.0,0.017640259,-0.109505892,1.863596392,4943.316159,780.612915,626.309387,0.003241,0.003205
274,4,0,0,455.8508,65.0,23.0,0.005346099,72.6523761460786,6.597290039,0.0,0.017640259,-0.216422796,1.850346994,4963.493429,708.705505,630.054626,0.003395,0.00335
275,4,0,0,455.8508,64.0,23.0,0.005350566,72.667920938166,6.597290039,0.0,0.017640259,-0.286861181,1.847635221,4980.312186,611.903503,595.965027,0.003327,0.003319
276,4,0,0,456.1628,65.0,23.1,0.005351427,72.7027641630502,6.685180664,0.0,0.013038452,-0.324962378,1.854573679,5017.998387,0.0,0.0,0.0,0.0
277,4,0,0,457.1011,65.0,23.1,0.005347329,72.9212177610176,6.685180664,0.0,0.013038452,-0.324566603,1.855135393,5036.198261,691.388916,641.377197,0.003544,0.003431
278,4,0,0,457.4147,68.0,23.2,0.005337177,73.0318297591728,6.641235352,0.0,0.013038452,-0.290374517,1.860675287,5046.332225,676.029297,634.793823,0.003439,0.003438
279,4,0,0,458.0432,67.0,23.2,0.005316855,73.0737174836654,6.685180664,0.0,0.013038452,-0.231602907,1.863453817,5050.390103,761.174927,815.471313,0.00362,0.003541
280,4,0,0,458.0432,62.0,22.9,0.005273135,73.16305305751,6.729125977,0.0,0.030678711,-0.129290342,1.871519041,5058.513156,693.43042,641.269897,0.003558,0.003505
281,4,0,0,458.9893,62.0,22.9,0.005220981,73.2272156086624,7.124633789,0.0,-0.030103485,-0.000411,1.88036294,5064.611955,705.616882,631.504272,0.003431,0.003486
282,4,0,0,459.6222,61.0,23.0,0.00515765,73.448461620744,7.124633789,0.0,-0.019365936,0.136814356,1.925789785,5084.981431,706.07373,634.632507,0.003411,0.003299
283,4,0,0,459.6222,59.0,23.0,0.005108576,73.7538776758854,7.168579102,0.0,-0.030870453,0.198981524,2.024698687,5113.60104,685.316406,661.890991,0.003175,0.0
284,4,0,0,458.0432,58.0,23.1,0.005064885,73.7740953797836,7.212524414,0.0,-0.019365936,0.196666479,2.030442667,5115.649805,756.393372,813.460571,0.003538,0.00345
285,4,0,0,460.8932,57.0,23.1,0.005044144,74.0258979304452,7.212524414,0.0,-0.013997162,0.144241571,2.083650541,5139.595678,657.734314,637.446289,0.003507,0.0
286,4,0,0,460.8932,59.0,23.2,0.005053157,74.1307606901976,5.23223877,0.0,0.005368774,0.043316603,2.106256437,5149.882522,700.130127,642.995483,0.003614,0.003579
287,4,0,0,461.5314,61.0,23.2,0.005093226,74.15077984982,0.0,0.0,0.010737549,-0.053567648,2.110778284,5151.941646,698.047424,636.476685,0.00369,0.003721
288,4,0,0,462.4919,65.0,23.3,0.005167994,74.5767289853212,0.0,0.0,0.008436646,-0.1244452,2.112071466,5195.36465,758.335693,826.490906,0.003933,0.003826
289,4,0,0,462.1713,67.0,23.3,0.00524319,74.6455174716498,9.148864746,0.0,0.008436646,-0.158037901,2.031453085,5216.094124,710.239075,663.275696,0.003864,0.003772
290,4,0,0,462.1713,70.0,23.1,0.005317016,74.6480821480606,8.929138184,0.0,0.009203613,-0.171775579,2.02080102,5218.167512,1480.226685,611.133484,0.003399,0.0
291,4,0,0,463.1345,67.0,23.1,0.005358894,74.6969554703176,8.973083496,0.0,0.009203613,-0.163526773,1.87270875,5243.05572,0.0,0.0,0.0,0.0
292,4,0,0,464.1017,64.0,23.2,0.005384575,74.7341079693546,8.841247559,0.0,0.009203613,-0.130046606,1.772910547,5257.582592,698.901184,639.395813,0.003377,0.003409
293,4,0,0,464.1017,65.0,23.2,0.005399523,74.7942786652908,8.797302246,0.0,0.009203613,-0.080432653,1.581489992,5282.501604,708.696716,466.376709,0.003461,0.003407
294,4,0,0,464.7488,64.0,23.2,0.005412213,74.8088354513654,8.753356934,0.0,0.005368774,0.001105547,1.5423388,5288.041975,698.230896,638.871277,0.003617,0.003538
295,4,0,0,465.073,63.0,23.2,0.005411732,74.8538440723596,8.797302246,0.0,-0.007094452,0.09070611,1.469953489,5305.362475,715.677124,644.757324,0.003497,0.003411
296,4,0,0,465.3977,63.0,23.3,0.005391943,75.6858430634762,8.311157227,0.0,-0.020132904,0.17328763,2.492055845,5350.622355,694.695679,632.657898,0.003256,0.003215
297,4,0,0,466.0484,64.0,23.3,0.005357758,76.1392580966478,8.311157227,0.0,-0.027035614,0.219674349,3.501025629,5378.011411,676.731384,633.747986,0.003516,0.003483
298,4,0,0,466.3744,66.0,23.4,0.005301218,76.8255612844884,8.355102539,0.0,-0.024734711,0.206874609,4.497810936,5420.484361,704.919678,639.508972,0.003442,0.003446
299,4,0,0,467.0278,66.0,23.4,0.005243474,77.2938009622842,8.311157227,0.0,0.0,0.137725592,4.747898197,5449.731675,698.304871,633.784302,0.003412,0.003389
300,4,0,0,467.3552,68.0,23.4,0.005174372,77.3664592997636,8.311157227,0.0,0.005368774,0.032173395,4.799512959,5454.742639,671.978882,633.384277,0.003373,0.003379
301,4,0,0,467.3552,67.0,23.4,0.005112513,77.46250384192,8.355102539,0.0,0.005368774,-0.049468756,4.867474413,5460.475622,698.207214,624.767212,0.003277,0.003269
302,4,0,0,467.6831,66.0,23.5,0.005047947,76.7269402855524,8.223266602,25.0579834,0.003834839,-0.133920431,5.583349562,5505.613775,702.318176,641.818298,0.003429,0.003414
303,4,0,0,468.9992,70.0,23.5,0.005005476,75.7822959434708,0.0,74.42321777,0.013038452,-0.19383502,5.798472738,5531.038728,712.789612,639.001709,0.003384,0.003375
304,4,0,0,468.9992,71.0,23.5,0.004975819,74.6879940697418,0.0,49.37438965,0.014572388,-0.238534212,5.695985055,5560.304526,706.726624,639.758423,0.003668,0.003728
305,4,0,0,468.9992,72.0,23.5,0.004960438,73.6987933472994,0.0,0.155639648,0.014572388,-0.240879297,5.838179088,5587.102468,0.0,0.0,0.0,0.0
306,4,0,0,469.66,71.0,23.6,0.004943761,73.2021809570234,0.0,0.0,0.005368774,-0.199617624,5.787660217,5601.383562,720.758728,692.298096,0.003818,0.003733
307,4,0,0,469.3293,69.0,23.6,0.004923633,72.9828899068002,0.0,0.0,-0.001725677,-0.141792536,5.620165682,5621.011587,0.0,0.0,0.0,0.0
308,4,0,0,470.6547,69.0,23.6,0.004895962,72.9357822075506,0.0,0.0,0.005368774,-0.070979357,5.578651643,5625.740518,745.701111,806.828918,0.003705,0.003625
309,4,0,0,470.6547,69.0,23.6,0.004873833,72.7838930524054,0.0,0.0,-0.015531097,-0.019214392,5.472585535,5639.233505,712.132874,695.975586,0.003892,0.003806
310,4,0,0,471.9875,69.0,23.9,0.004854912,72.7189126024782,5.58380127,0.0,0.005368774,-0.012869596,5.429810143,5645.969981,747.711182,829.986511,0.003853,0.003769
311,4,0,0,471.9875,68.0,23.9,0.004845171,72.7052686984252,5.982055664,0.0,0.003067871,-0.013039351,5.418083286,5647.989715,0.0,0.0,0.0,0.0
312,4,0,0,471.9875,68.0,23.9,0.00484288,72.6529837523956,5.938110352,0.0,-0.017832001,-0.004085302,5.342674112,5673.562648,678.890076,664.541809,0.003863,0.003727
313,4,0,0,472.6568,67.0,23.9,0.00484805,72.6244309708628,5.938110352,0.0,-0.005560516,-0.005544424,5.400219893,5683.65112,760.799927,824.452515,0.003875,0.003843
314,4,0,0,473.6643,67.0,23.9,0.004860899,72.6175651240878,5.894165039,0.0,0.008436646,-0.037927866,5.420421934,5685.668286,707.566223,656.593323,0.004,0.003862
315,4,0,0,473.6643,69.0,23.9,0.004875283,72.6039651389234,5.894165039,0.0,0.0,-0.057595968,5.466977096,5689.701989,713.213928,655.52832,0.00399,0.003903
316,4,0,0,474.3383,68.0,23.9,0.004887734,72.5861092219422,5.938110352,0.0,-0.008628387,-0.071146727,5.544575191,5695.751118,759.386108,829.446716,0.00399,0.003812
317,4,0,0,473.6643,69.0,23.9,0.004893651,72.514493141327,5.938110352,0.0,0.0,-0.091319323,5.876764035,5721.947195,696.844116,673.359985,0.003858,0.003787
318,4,0,0,475.0143,68.0,23.9,0.004899841,72.4475343297378,5.894165039,0.0,0.003834839,-0.117595911,5.940885997,5738.054344,742.879272,815.541687,0.003642,0.003653
319,4,0,0,475.6921,70.0,23.9,0.004902902,72.4097801628484,5.894165039,0.0,0.003067871,-0.126203299,5.73918829,5752.135361,694.041382,643.089478,0.003721,0.003594
320,4,0,0,476.0318,70.0,24.2,0.004899453,72.3961566169464,5.894165039,0.0,0.019941162,-0.127136469,5.634758687,5758.16777,698.366516,629.357178,0.003523,0.003505
321,4,0,0,475.6921,69.0,24.2,0.004894597,72.3917091736696,5.894165039,0.0,-0.003259613,-0.106725454,5.601245618,5760.178353,701.434082,646.990112,0.003488,0.003523
322,4,0,0,477.0537,67.0,24.5,0.004895608,72.3381086243768,5.894165039,0.0,-0.012463226,-0.060505152,5.273088551,5792.336409,0.0,0.0,0.0,0.0
323,4,0,0,478.4231,64.0,24.5,0.004905602,72.3234715000494,5.806274414,0.0,-0.007094452,-0.040052176,5.24991641,5807.739605,767.424927,833.85791,0.003519,0.003507
324,4,0,0,477.0537,64.0,24.8,0.004927457,72.3167772411052,5.806274414,0.0,0.019941162,-0.035798311,5.254665709,5820.462167,704.838379,656.795227,0.00372,0.003726
325,4,0,0,478.4231,61.0,24.8,0.004956572,72.312005419258,5.850219727,0.0,-0.015531097,-0.020416498,5.275108552,5832.514044,701.394592,646.389282,0.003813,0.003803
326,4,0,0,478.7667,63.0,25.0,0.005003615,72.3092861496468,5.806274414,0.0,0.009203613,-0.02471137,5.295284486,5839.87873,720.536926,466.981812,0.003605,0.003615
327,4,0,0,479.1108,65.0,25.0,0.00505335,72.3072060616034,5.75958252,0.0,0.0,-0.03140521,5.308744526,5843.895705,655.760986,677.516907,0.003625,0.0
328,4,0,0,479.1108,67.0,25.2,0.005105912,72.3062494055338,5.75958252,0.0,0.0,-0.030219316,5.323937631,5847.912586,745.843689,830.561279,0.004033,0.003886
329,4,0,0,479.1108,70.0,25.2,0.005135853,72.3033474597392,8.355102539,0.0,0.0,-0.029192686,5.369502282,5857.954461,699.459412,685.896484,0.003927,0.003953
330,4,0,0,480.492,75.0,25.1,0.00514236,72.2989262808912,7.520141602,0.0,0.001533936,-0.030736208,5.464931703,5874.020466,743.431274,659.455811,0.00393,0.00391
331,4,0,0,480.8386,73.0,25.1,0.00512616,72.2967426961924,7.476196289,0.0,-0.004793549,-0.038453817,5.52304194,5882.053098,696.779114,658.933105,0.003935,0.003848
332,4,0,0,481.1856,72.0,25.3,0.005100955,72.295555389514,7.564086914,0.0,-0.004793549,-0.05536294,5.570866203,5888.077402,731.687317,827.510193,0.003828,0.003773
333,4,0,0,481.5332,70.0,25.3,0.005087859,72.2934369026182,7.564086914,0.0,-0.004793549,-0.082930326,5.709082699,5914.182563,0.0,0.0,0.0,0.0
334,4,0,0,481.8813,68.0,25.4,0.005088365,72.2914374746956,7.608032227,0.0,-0.004793549,-0.125826597,5.481819129,5952.334312,705.451477,644.811218,0.003678,0.003786
335,4,0,0,481.8813,66.0,25.4,0.005099385,72.291447227296,7.564086914,0.0,0.023776001,-0.173458815,5.469377851,5954.342278,702.162109,648.3797,0.003651,0.003613
336,4,0,0,483.2786,63.0,25.3,0.005119094,72.2914063822468,7.564086914,0.0,0.0,-0.21850276,5.456650352,5956.350243,697.240112,659.281677,0.00361,0.003635
337,4,0,0,483.2786,63.0,25.3,0.005138222,72.2909750630334,7.564086914,0.0,0.0,-0.246603727,5.337590313,5971.74443,708.639099,643.562805,0.003568,0.003545
338,4,0,0,483.2786,62.0,25.2,0.005155328,72.2908223688542,7.608032227,0.0,0.0,-0.281256437,5.291839099,5976.429509,698.380127,638.678528,0.003605,0.00355
339,4,0,0,483.6292,64.0,25.2,0.005160314,72.2901483933556,7.608032227,0.0,0.012271484,-0.309438944,4.987906075,6003.870072,0.0,0.0,0.0,0.0
340,4,0,0,485.0366,65.0,25.1,0.005152854,72.289692563894,7.564086914,0.0,0.012271484,-0.316393137,4.961094713,6007.88591,699.710083,638.541016,0.003656,0.003558
341,4,0,0,485.0366,64.0,25.1,0.005141302,72.2894678839366,7.564086914,0.0,0.009203613,-0.295888186,4.951519108,6009.893846,755.063293,819.392212,0.003603,0.003493
342,4,0,0,485.3898,64.0,25.0,0.00512823,72.2881425763532,5.806274414,0.0,0.009203613,-0.247246027,4.94359622,6019.933558,699.835571,651.39209,0.003368,0.003382
343,4,0,0,485.3898,62.0,25.0,0.005113162,72.287038118498,6.201782227,0.0,0.003834839,-0.181034803,4.995241499,6029.973028,696.355713,631.858887,0.003285,0.003315
344,4,0,0,486.8075,63.0,24.9,0.005087217,72.4488313129372,6.333618164,0.0,0.003834839,-0.091801405,5.297134137,6064.123702,693.422485,632.611084,0.003277,0.003223
345,4,0,0,486.4523,61.0,24.9,0.00505851,72.4660378290416,6.421508789,0.0,0.003834839,-0.001402617,5.310818529,6066.136132,697.420898,640.494995,0.003714,0.003595
346,4,0,0,486.4523,62.0,24.8,0.005021263,72.588274299231,6.377563477,0.0,0.003834839,0.108257055,5.377709723,6080.237133,695.771301,644.8573,0.003719,0.003692
347,4,0,0,487.1632,65.0,24.8,0.004986519,72.6754692577548,6.421508789,0.0,-0.017832001,0.216739893,5.415584064,6090.323981,758.194092,822.300293,0.003939,0.003847
348,4,0,0,487.5195,64.0,24.4,0.004945891,72.7421710094658,6.377563477,0.0,-0.017832001,0.315447092,5.451512074,6098.401975,692.038513,678.086914,0.003925,0.0038
349,4,0,0,487.8763,63.0,24.4,0.00490857,72.7751241771738,7.432250977,0.0,-0.081490326,0.353933096,5.46783731,6101.769965,693.186096,645.963806,0.003583,0.003619
350,4,0,0,488.2336,61.0,24.4,0.004865422,73.1510116054818,10.20355225,0.0,-0.078422455,0.208444834,5.690296745,6144.326133,686.860718,646.524902,0.003638,0.003549
351,4,0,0,489.3086,61.0,24.4,0.004834301,73.3993745137614,9.588317871,0.0,-0.049277679,-0.152213335,5.788017011,6172.817203,706.910889,688.114075,0.003633,0.003753
352,4,0,0,488.9497,60.0,24.3,0.004814645,73.4710515400824,9.280700684,0.0,0.001533936,-0.721533537,5.803351378,6181.655561,712.223694,640.807007,0.003683,0.003597
353,4,0,0,489.668,62.0,24.3,0.004811783,73.4882880703778,9.192810059,0.0,0.036047485,-1.209136248,5.804329729,6183.016125,722.780273,643.658203,0.003576,0.003518
354,4,0,0,489.668,65.0,24.3,0.004820694,73.5791906907672,9.236755371,0.0,0.043717163,-1.74400115,5.803472257,6193.227539,693.240112,641.194519,0.003686,0.003561
355,4,0,0,491.4729,60.0,24.3,0.004836845,73.7552746634724,9.192810059,0.0,0.051386841,1.444656372,5.755168891,6213.687884,700.480103,653.057922,0.003773,0.00368
356,4,0,0,491.1109,63.0,24.6,0.004867726,73.7767487308284,9.236755371,0.0,0.054454712,1.113754272,5.746720052,6215.73666,720.073608,649.217896,0.003724,0.003665
357,4,0,0,491.1109,60.0,24.6,0.004912265,74.2695640121216,9.236755371,0.0,0.010737549,0.949741364,5.363825774,6278.799528,704.921509,650.228516,0.00362,0.003635
358,4,0,0,492.1987,57.0,24.5,0.004984854,74.3378349347062,9.280700684,0.0,-0.010162323,0.820715189,5.327382302,6293.933996,714.12323,636.325378,0.003412,0.003422
359,4,0,0,490.3884,57.0,24.5,0.005058021,74.4947936235052,9.280700684,0.0,-0.030103485,0.690899134,5.652564144,6329.071408,711.958008,642.917419,0.003489,0.003477
360,4,0,0,491.4729,55.0,24.5,0.005141312,73.4987393657388,9.324645996,42.78259277,-0.039307098,0.482581854,5.717149353,6402.756434,759.24292,839.269775,0.003525,0.003459
361,4,0,0,491.4729,57.0,24.5,0.005211937,71.428644969684,0.0,0.0,0.042183228,0.220205545,4.027616596,6486.442213,717.109314,654.237793,0.003764,0.003694
362,4,0,0,491.1109,60.0,24.4,0.005294993,71.321084811251,0.0,0.0,-0.007094452,-0.019609213,3.527707291,6506.259444,717.140381,654.591614,0.003801,0.003801
363,4,0,0,491.4729,63.0,24.4,0.005373786,71.3195318947114,0.0,0.0,0.070561035,-0.206091166,3.436903429,6510.220472,752.716492,825.593628,0.004034,0.003957
364,4,0,0,492.9265,65.0,24.4,0.005458258,71.4099706872194,0.0,0.0,0.023009033,-0.323309898,3.024369669,6528.052101,707.257385,676.424316,0.004095,0.004046
365,4,0,0,492.9265,68.0,24.4,0.005497547,71.4460922430524,0.0,0.0,0.013038452,-0.291575432,2.884728861,6534.002148,695.533325,659.964172,0.003934,0.003831
366,4,0,0,494.0223,70.0,24.4,0.005482556,71.4848349470368,0.0,0.0,-0.046976776,-0.228309274,2.739070368,6539.955199,737.657715,845.246521,0.0,0.004133
367,4,0,0,494.3887,69.0,24.4,0.005408289,71.587780612701,0.0,0.0,0.0,-0.258852363,2.274048758,6557.831447,713.596924,661.928101,0.004148,0.004064
368,4,0,0,494.3887,67.0,24.6,0.005322054,71.6305592195374,0.0,0.0,0.071328003,-0.35659492,2.072737169,6565.78465,708.794495,666.835815,0.004217,0.004092
369,4,0,0,492.5623,64.0,24.6,0.005227792,71.6440103568452,3.694152832,0.0,0.013038452,-0.322692394,2.026553106,6567.773838,749.59613,828.244873,0.004032,0.00393
370,4,0,0,495.123,64.0,24.9,0.005163599,71.6548525608922,3.82598877,0.0,0.003067871,-0.216235638,1.983060789,6569.763401,697.562622,646.961304,0.003752,0.003652
371,4,0,0,495.8596,65.0,24.9,0.005119509,71.768726353266,3.913879395,0.0,-0.015531097,-0.080397606,1.740192366,6585.694972,840.062622,637.637817,0.003575,0.00351
372,4,0,0,495.8596,68.0,24.8,0.005099506,71.9219412505164,4.00177002,0.0,-0.007094452,0.01587224,1.696558905,6603.654602,747.131287,819.008484,0.003459,0.003255
373,4,0,0,496.5983,69.0,24.8,0.005081145,72.0548086988778,5.276184082,0.0,-0.010929291,0.101840615,1.79372735,6618.98194,702.478088,644.482483,0.003551,0.003553
374,4,0,0,497.3392,70.0,24.7,0.005061378,72.1611081164482,5.188293457,0.0,-0.041608002,0.136953235,1.874290895,6627.659853,712.910278,547.337708,0.003556,0.003545
375,4,0,0,497.3392,71.0,24.7,0.005037244,72.3433536082774,5.188293457,0.0,-0.016298065,0.061590075,2.029167128,6643.044239,710.999695,643.180908,0.003362,0.003356
376,4,0,0,493.2912,69.0,24.6,0.005019914,72.4117836302144,5.188293457,0.0,0.001533936,-0.095891833,2.08868165,6649.074372,677.389526,645.670776,0.003279,0.00336
377,4,0,0,493.6565,68.0,24.6,0.005004039,72.8848881175226,5.276184082,0.0,0.001533936,-0.292996168,2.350769949,6681.341948,718.973572,630.269287,0.00329,0.003203
378,4,0,0,495.491,71.0,24.9,0.00498587,72.9887440902644,4.968566895,0.0,0.098171875,-0.445264101,2.354375315,6688.094111,749.258118,821.984802,0.003546,0.003424
379,4,0,0,496.2287,70.0,24.9,0.004957318,73.1845981450402,5.23223877,0.0,0.051386841,-0.440941215,2.272416067,6699.595946,689.931213,646.497803,0.00351,0.003574
380,4,0,0,494.7556,68.0,25.1,0.004931836,73.247209228059,5.144348145,0.0,-0.015531097,-0.240712881,2.226777506,6703.662275,1072.755737,631.789673,0.003506,0.003596
381,4,0,0,492.9265,65.0,25.1,0.004902492,73.3100232488518,5.40802002,0.0,-0.052345551,0.007706761,2.178696585,6707.73223,693.220703,644.617188,0.003517,0.003485
382,4,0,0,492.9265,65.0,25.0,0.004876515,73.3804607615048,5.451965332,0.0,-0.030103485,0.150831342,2.130041552,6711.805833,667.675903,634.008118,0.003485,0.003421
383,4,0,0,492.9265,67.0,25.0,0.00486119,73.5453110421146,5.320129395,0.0,-0.013997162,0.214037895,2.008699846,6722.005871,712.58313,644.947815,0.003367,0.003344
384,4,0,0,494.3887,66.0,24.9,0.004874835,73.7701321386326,5.58380127,0.0,-0.008628387,0.225503445,1.841015291,6736.324209,695.191711,628.737122,0.003413,0.003472
385,4,0,0,494.7556,69.0,24.9,0.004922639,73.862321587286,5.58380127,0.0,-0.008628387,0.214240789,1.776485395,6742.474247,735.313293,635.038208,0.003439,0.003371
386,4,0,0,495.123,69.0,24.8,0.004982087,73.930819362437,5.539855957,0.0,-0.008628387,0.185795665,1.738893938,6746.578793,701.526672,651.829895,0.003395,0.003413
387,4,0,0,495.491,72.0,24.8,0.005056325,74.2730709571024,5.539855957,0.0,-0.008628387,0.128108978,1.670968008,6769.217096,0.0,0.0,0.0,0.0
388,4,0,0,496.9685,72.0,24.7,0.005115105,74.302408967808,5.58380127,0.0,-0.008628387,0.061248541,1.67803092,6771.280319,0.0,0.0,0.0,0.0
389,4,0,0,496.9685,71.0,24.7,0.005163941,74.665833264821,5.58380127,0.0,-0.008628387,-0.042934775,1.905939054,6804.397261,764.131287,812.870483,0.003624,0.003559
390,4,0,0,497.3392,69.0,24.7,0.005190767,74.7791517383344,5.58380127,0.0,0.003834839,-0.144937515,1.901800585,6823.075047,691.271729,632.173889,0.003535,0.003515
391,4,0,0,497.7105,67.0,24.7,0.005213099,74.807659410067,5.58380127,0.0,0.061357422,-0.237022519,1.897307348,6826.537311,698.09552,636.211914,0.003566,0.00351
392,4,0,0,498.4548,64.0,24.6,0.005236843,73.8245174021094,5.58380127,6.307983398,0.008436646,-0.194022655,1.930122328,6863.778589,695.617676,643.236877,0.003667,0.00375
393,4,0,0,498.4548,64.0,24.6,0.00528022,73.6619910084596,5.58380127,0.155639648,-0.001725677,-0.094942689,1.94135375,6867.87703,696.08667,638.628296,0.003756,0.003695
394,4,0,0,499.5754,62.0,24.5,0.005327375,73.603949855585,5.58380127,0.0,0.00690271,-0.010936022,1.949018908,6869.923072,744.378113,813.60321,0.00385,0.003778
395,4,0,0,499.95,64.0,24.5,0.005372751,73.5799698366348,5.58380127,0.0,0.016106323,0.090694189,2.057828856,6902.630436,686.945313,647.772705,0.003801,0.003723
396,4,0,0,499.95,62.0,24.5,0.005397787,73.3697628991624,5.58380127,0.0,0.016106323,0.21858716,1.946346235,6927.124771,686.391113,641.634521,0.003778,0.003725
397,4,0,0,499.95,65.0,24.5,0.005412635,73.292706557331,5.58380127,0.0,-0.025501678,0.392622471,1.836811018,6945.45565,674.898499,640.954712,0.003582,0.003742
398,4,0,0,500.3252,68.0,24.5,0.005418762,73.2236570521478,5.58380127,0.0,-0.046976776,0.513905287,1.77547307,6967.839841,699.258118,643.907104,0.003558,0.003699
399,4,0,0,501.4542,68.0,24.5,0.005428102,73.172242710778,5.58380127,0.0,-0.033938324,0.522739887,1.793415022,6985.461336,650.428406,644.488892,0.003574,0.003635
400,4,0,0,501.8317,69.0,24.4,0.005444201,73.1299413376252,5.58380127,0.0,-0.004793549,0.436300516,1.921781969,7005.780026,715.361328,704.774902,0.003693,0.003524
401,4,0,0,502.2097,70.0,24.4,0.005470598,73.114485187985,7.432250977,0.0,0.009203613,0.292950869,1.983787489,7013.904375,754.035828,818.010071,0.003539,0.003376
402,4,0,0,502.2097,72.0,24.7,0.005492931,73.0981850843554,7.080688477,0.0,0.023776001,0.182690263,2.047239256,7022.703761,685.121704,638.233521,0.003519,0.003439
403,4,0,0,503.3473,71.0,24.7,0.00549893,73.0518735095104,7.080688477,0.0,-0.008628387,0.104648829,2.224064779,7048.414429,713.148499,631.403015,0.003629,0.003537
404,4,0,0,502.9675,70.0,24.6,0.005475067,73.0273054860044,6.948852539,0.0,-0.005560516,0.053797603,2.370495749,7076.817009,713.45459,646.089783,0.003585,0.003523
405,4,0,0,503.7276,67.0,24.6,0.005415235,73.010218141527,7.124633789,0.0,-0.003259613,-0.020201087,2.270309877,7097.099085,716.913818,654.831177,0.003676,0.003626
406,4,0,0,502.9675,65.0,24.5,0.005346117,73.2582521650842,7.124633789,0.0,0.005368774,-0.090165496,1.948912573,7143.784211,747.572571,825.194397,0.003731,0.003696
407,4,0,0,504.872,64.0,24.5,0.005268247,73.2918374976376,7.124633789,0.0,0.005368774,-0.174311876,1.93750329,7147.854625,705.238586,652.47229,0.003838,0.00385
408,4,0,0,504.872,63.0,24.5,0.00521345,73.398693264046,7.124633789,0.0,0.005368774,-0.229710102,1.922386122,7159.398286,711.954895,674.996277,0.003887,0.003748
409,4,0,0,504.872,63.0,24.5,0.005167308,73.4977623354248,7.212524414,0.0,0.005368774,-0.28636682,1.930340719,7171.638028,692.783203,655.961609,0.003923,0.003847
410,4,0,0,506.0217,64.0,24.5,0.005134008,73.6039573712028,7.212524414,0.0,0.025309937,-0.320634842,1.965980482,7185.937903,693.715881,664.744812,0.00413,0.00398
411,4,0,0,504.872,66.0,24.5,0.005095127,73.6644473762884,7.256469727,0.0,0.016106323,-0.329280019,2.000148249,7194.118478,695.026184,668.809326,0.004243,0.004135
412,4,0,0,506.0217,69.0,24.7,0.005058462,73.8393977620844,7.300415039,0.0,0.016106323,-0.310366035,2.127766562,7218.69957,697.183594,665.978577,0.00407,0.003966
413,4,0,0,506.791,69.0,24.7,0.005021581,74.0127863155972,7.300415039,0.0,0.00690271,-0.253643155,2.237711382,7243.338757,751.897217,828.939514,0.00373,0.003792
414,4,0,0,507.9494,67.0,24.9,0.005006376,74.0666686925108,7.300415039,0.0,0.00690271,-0.187243104,2.268953276,7251.564476,703.737305,648.966003,0.003707,0.003607
415,4,0,0,507.9494,65.0,24.9,0.005017712,74.1781690785328,7.256469727,0.0,0.005368774,-0.092588663,2.293058348,7268.034798,704.077271,645.65387,0.00362,0.003585
416,4,0,0,507.5627,65.0,24.8,0.005046776,74.0540921349326,7.256469727,0.0,-0.005560516,0.004423141,2.269827318,7284.512617,699.234497,645.815674,0.003565,0.003522
417,4,0,0,508.3367,63.0,24.8,0.005082429,73.9673399702164,6.641235352,0.0,-0.025501678,0.096253157,2.231402826,7294.790255,705.004089,650.6651,0.003607,0.003622
418,4,0,0,508.3367,60.0,24.8,0.005104609,73.9618128690138,6.685180664,0.0,-0.037773163,0.14681232,2.223815393,7296.159933,694.854309,656.516602,0.003833,0.003701
419,4,0,0,508.7246,59.0,24.8,0.005118402,73.9111471282384,6.685180664,0.0,-0.039307098,0.105683565,2.029904318,7315.326944,708.728088,660.172913,0.003799,0.003801
420,4,0,0,508.7246,57.0,24.7,0.005123227,73.9004899178244,6.685180664,0.0,-0.008628387,-0.025113344,1.979555559,7318.748083,747.119995,688.537903,0.003846,0.003725
421,4,0,0,509.5022,57.0,24.7,0.005125456,73.8710052801514,6.685180664,0.0,0.030678711,-0.220710754,1.774980021,7331.060584,725.514893,658.144104,0.003995,0.003893
422,4,0,0,509.8919,56.0,24.6,0.005129144,73.86526844976,6.729125977,0.0,0.013038452,-0.350782275,1.727572393,7333.795968,724.835815,672.8396,0.004171,0.004066
423,4,0,0,510.2822,57.0,24.6,0.005139383,73.854687441595,6.685180664,0.0,0.018407227,-0.442567229,1.636988115,7339.266221,747.013611,756.84021,0.004172,0.004094
424,4,0,0,510.2822,59.0,24.9,0.005151444,73.8500994385626,0.0,0.0,0.052920776,-0.474940062,1.60542531,7341.317404,0.0,0.0,0.0,0.0
425,4,0,0,511.4566,63.0,24.9,0.005166112,73.8432234851324,0.0,0.0,0.008436646,-0.389111996,1.565843534,7344.052138,753.249512,820.26947,0.003809,0.003581
426,4,0,0,511.8493,65.0,25.1,0.005185939,73.7867132813064,0.0,0.0,0.010737549,-0.242149353,1.420350981,7367.972665,0.0,0.0,0.0,0.0
427,4,0,0,511.0645,64.0,25.1,0.00522582,73.7111701375034,0.0,0.0,0.010737549,-0.058987021,1.9021873,7404.843365,723.496582,646.063782,0.003599,0.003581
428,4,0,0,511.8493,65.0,25.3,0.005274966,73.6853921639052,5.58380127,0.0,0.047552002,0.144001245,2.012935114,7417.125626,711.072998,655.130005,0.003674,0.003751
429,4,0,0,512.6365,64.0,25.3,0.005340376,73.654246075803,1.538085938,0.0,-0.019365936,0.512213945,2.125475836,7433.495934,706.556091,657.203125,0.003581,0.003672
430,4,0,0,513.031,63.0,25.1,0.005401192,73.6171055985358,0.0,0.0,-0.037773163,0.830644846,2.133271646,7453.268182,711.891296,642.765808,0.003543,0.003563
431,4,0,0,513.031,65.0,25.1,0.00547199,73.601864472813,3.342590332,0.0,0.023776001,1.14085412,2.089026403,7462.128306,702.468506,642.076294,0.003551,0.003604
432,4,0,0,514.6151,65.0,25.0,0.005537624,73.5771626004992,4.17755127,0.0,0.001533936,1.417813063,2.011262846,7475.755379,706.352783,639.378906,0.003585,0.003563
433,4,0,0,514.2181,66.0,25.0,0.005615413,73.569520118427,4.792785645,0.0,0.001533936,1.746647358,1.992358637,7480.523886,730.161316,641.508789,0.003572,0.003515
434,4,0,0,514.6151,66.0,24.9,0.005674058,73.5486401067452,5.451965332,0.0,0.001533936,-1.566387892,1.967234564,7492.783339,699.223572,654.414612,0.003644,0.003596
435,4,0,0,514.6151,67.0,24.9,0.005713478,73.5287555684138,6.509399414,0.0,0.001533936,-1.230161905,1.969292593,7504.358616,695.533325,624.463623,0.003496,0.00352
436,4,0,0,516.209,69.0,25.1,0.00571249,73.4964743967162,6.509399414,0.0,0.001533936,-0.930658579,2.010553789,7523.41695,702.431702,623.963989,0.002949,0.003128
437,4,0,0,516.209,66.0,25.1,0.005673337,73.4671572108702,6.333618164,0.0,0.001533936,-0.536076307,2.080136251,7541.106256,708.901978,659.986511,0.003238,0.003213
438,4,0,0,516.609,67.0,25.3,0.005624711,73.4644667645384,6.421508789,0.0,-0.069218842,-0.216655493,2.087354136,7543.146906,740.614014,817.284119,0.003519,0.003398
439,4,0,0,516.609,68.0,25.3,0.00557381,73.4456816146412,6.773071289,0.0,-0.061549164,0.040902853,2.097134066,7553.348776,683.65741,640.893921,0.003663,0.003584
440,4,0,0,518.2153,67.0,25.2,0.005542341,73.4351634351098,6.992797852,0.0,-0.061549164,0.137578726,2.079035234,7559.46864,728.237915,651.702271,0.003572,0.003578
441,4,0,0,517.8128,67.0,25.2,0.005526891,73.4192456462906,6.729125977,0.0,-0.025501678,0.103176355,2.023071718,7569.666456,751.623718,818.738586,0.003684,0.003603
442,4,0,0,518.2153,66.0,25.1,0.005529157,73.416610046266,7.827758789,0.0,-0.010929291,0.001738787,2.010117483,7571.70575,697.773621,648.680603,0.003604,0.003647
443,4,0,0,518.6184,66.0,25.1,0.005536449,73.4091849377476,7.476196289,0.0,0.003067871,-0.13671279,1.984081697,7575.784064,714.372986,647.058594,0.003737,0.003635
444,4,0,0,517.8128,65.0,25.0,0.005537453,73.3896658161566,7.388305664,0.0,0.003067871,-0.270210981,1.909976912,7588.016796,745.493103,809.236389,0.003571,0.003467
445,4,0,0,519.8316,66.0,25.0,0.005528612,73.3798967039282,8.399047852,0.0,0.010737549,-0.408851862,1.874479723,7594.131909,695.167297,656.972229,0.003618,0.003534
446,4,0,0,519.0222,66.0,24.9,0.005512096,73.3553331865742,8.530883789,0.0,0.054454712,-0.511533499,1.799571943,7608.397246,703.135315,645.386719,0.003447,0.003488
447,4,0,0,520.2372,66.0,24.9,0.005487404,73.3488738751766,8.530883789,0.0,0.03451355,-0.507570982,1.784761858,7612.472217,682.637878,636.023193,0.003479,0.003467
448,4,0,0,520.2372,68.0,24.8,0.00546738,73.2956528243492,8.530883789,0.0,-0.000959,-0.385888815,1.802746248,7647.094747,713.803528,459.194489,0.003349,0.003304
449,4,0,0,521.0504,68.0,24.8,0.005455879,73.2915192023724,8.574829102,0.0,0.0,-0.207937002,1.815432024,7650.487855,758.949829,628.556885,0.00316,0.003129
450,4,0,0,520.6435,68.0,24.7,0.005458476,73.2791688536246,8.574829102,0.0,-0.020132904,-0.047022581,1.875076723,7662.701632,699.417297,627.941528,0.003147,0.00315
451,4,0,0,521.8662,66.0,24.7,0.005468194,73.277180127813,8.530883789,0.0,-0.045442841,0.102844477,1.886949492,7664.737048,705.90448,631.835327,0.003203,0.003165
452,4,0,0,522.275,63.0,24.7,0.005474098,73.2527049310382,8.530883789,0.0,-0.036239227,0.161645651,2.06427474,7689.835671,706.741821,630.697083,0.003339,0.003341
453,4,0,0,522.6845,64.0,24.7,0.005470423,73.2238446529116,8.530883789,0.0,-0.030103485,0.117649794,2.257734728,7717.637578,695.406006,628.782227,0.003386,0.003314
454,4,0,0,520.6435,62.0,24.6,0.005454257,73.2141971424136,8.091430664,0.0,0.021475098,0.002147913,2.303206396,7727.806474,0.0,0.0,0.0,0.0
455,4,0,0,523.0946,64.0,24.6,0.005425152,73.2038930694758,6.729125977,0.0,0.032212646,-0.084756613,2.337035131,7737.974051,637.59552,647.716125,0.003611,0.003603
456,4,0,0,523.5054,67.0,24.5,0.005398287,73.2022203053864,7.168579102,0.0,-0.010162323,-0.083485365,2.342647982,7740.007399,761.803284,828.068909,0.00357,0.00338
457,4,0,0,523.0946,67.0,24.5,0.005376824,73.165247473067,7.212524414,0.0,-0.015531097,-0.069241762,2.390850019,7782.696149,0.0,0.0,0.0,0.0
458,4,0,0,524.3289,66.0,24.5,0.005363998,73.1450418553122,0.0,0.0,0.018407227,-0.087496042,2.294572306,7806.402864,686.763123,640.359375,0.003619,0.003567
459,4,0,0,524.3289,65.0,24.5,0.005358383,73.1414175411652,0.0,0.0,-0.02166684,-0.099576235,2.261114073,7811.143363,751.108704,825.390198,0.003819,0.003693
460,4,0,0,523.9168,66.0,24.7,0.005343443,73.1383783186686,5.850219727,0.0,0.001533936,-0.149024725,2.231372786,7815.206442,708.639587,641.998291,0.00354,0.003461
461,4,0,0,524.7416,67.0,24.7,0.005318514,73.1288906478194,5.715637207,0.0,0.02761084,-0.210086584,2.153560114,7826.717579,738.218079,812.179871,0.003533,0.003457
462,4,0,0,525.5689,65.0,24.7,0.005286326,73.108232258349,5.23223877,0.0,0.025309937,-0.232214212,2.020186853,7853.797316,700.71167,649.495483,0.003762,0.003568
463,4,0,0,525.9836,63.0,24.7,0.005263749,73.084190006221,4.045715332,0.0,0.023009033,-0.191345453,1.940601301,7885.606502,750.227783,828.743286,0.003955,0.00395
464,4,0,0,526.8149,62.0,24.6,0.005247646,73.0781242106402,4.748840332,0.0,-0.008628387,-0.093514204,1.927946043,7893.726355,712.962219,663.747375,0.003922,0.003834
465,4,0,0,527.2315,63.0,24.6,0.005237126,73.1045070063972,5.276184082,0.0,-0.013997162,-0.015016794,1.90454812,7907.938173,709.427185,634.592529,0.003781,0.003728
466,4,0,0,528.4854,65.0,24.6,0.00521595,73.1106253630224,5.144348145,0.0,-0.013997162,0.037370443,1.893686247,7916.060876,0.0,0.0,0.0,0.0
467,4,0,0,527.2315,64.0,24.6,0.005181341,73.1173272985184,5.23223877,0.0,-0.013997162,0.051254511,1.889901114,7924.184264,730.601624,711.643799,0.003568,0.003371
468,4,0,0,527.2315,65.0,24.5,0.005123404,73.1187258471652,5.23223877,0.0,-0.027035614,0.026546717,1.890279245,7926.215228,0.0,0.0,0.0,0.0
469,4,0,0,528.9046,64.0,24.5,0.005065534,73.1383809579862,5.364074707,0.0,0.003834839,-0.055152178,1.935203028,7950.590264,0.0,0.0,0.0,0.0
470,4,0,0,528.9046,63.0,24.8,0.005010105,73.153608323852,5.276184082,0.0,0.003834839,-0.163810015,2.003803682,7966.84402,0.0,0.0,0.0,0.0
471,4,0,0,529.3246,62.0,24.8,0.004986765,73.1637598313578,5.539855957,0.0,0.001533936,-0.254873514,2.060938311,7977.004307,713.606201,635.161316,0.003418,0.003355
472,4,0,0,529.3246,60.0,24.7,0.004997471,73.1657524356788,5.364074707,0.0,-0.003259613,-0.36053586,2.073681784,7979.036527,708.626282,638.291077,0.00359,0.003573
473,4,0,0,529.7452,60.0,24.7,0.005035737,73.175898648456,5.58380127,0.0,0.017640259,-0.448887587,2.157154989,7991.230866,692.748901,654.409973,0.003695,0.003573
474,4,0,0,530.5884,59.0,24.6,0.00509633,73.1928465919026,5.58380127,0.0,0.038348389,-0.536313295,2.304174376,8012.91365,716.524719,651.855103,0.003733,0.003604
475,4,0,0,531.011,60.0,24.6,0.00514627,73.197647188749,5.495910645,0.0,0.026843872,-0.533435106,2.350886297,8019.690498,742.04303,803.714783,0.003617,0.003508
476,4,0,0,531.4343,60.0,24.6,0.005185602,73.2427107043306,5.58380127,0.0,-0.003259613,-0.439677954,2.393531752,8063.755109,702.203003,666.611328,0.003774,0.003678
477,4,0,0,531.8583,62.0,24.6,0.005203248,73.2777792690016,5.58380127,0.0,-0.004793549,-0.328356504,2.072909784,8088.171784,731.365112,629.054016,0.003274,0.003308
478,4,0,0,531.8583,62.0,24.5,0.00521112,73.2841934545056,7.256469727,0.0,-0.013997162,-0.213807821,2.023262453,8092.242406,679.462402,646.542603,0.003697,0.003548
479,4,0,0,533.9884,62.0,24.5,0.005215262,73.4207759676966,7.212524414,0.0,-0.015531097,-0.14406848,1.998368216,8148.60711,705.085327,641.594604,0.003462,0.003462
480,4,0,0,533.1343,61.0,24.5,0.005225394,73.447863509533,7.212524414,0.0,-0.015531097,-0.10224843,2.077415419,8158.805262,719.283325,639.226196,0.003371,0.003478
481,4,0,0,533.561,60.0,24.5,0.005241703,73.4861285774988,7.080688477,0.0,-0.010929291,-0.09871316,2.154636812,8173.089179,694.174927,641.453491,0.003635,0.00361
482,4,0,0,533.561,59.0,24.4,0.005271129,73.504358907431,7.036743164,0.0,-0.012463226,-0.122061968,2.183696699,8179.213262,756.065674,809.612305,0.003767,0.003515
483,4,0,0,533.561,59.0,24.4,0.005308996,73.5100209196058,7.036743164,0.0,-0.012463226,-0.165645838,2.193376493,8181.25495,671.631714,651.738892,0.003591,0.003551
484,4,0,0,534.4164,59.0,24.4,0.005363382,73.6243102757544,6.992797852,0.0,0.003067871,-0.23563838,2.2082829,8215.990438,702.349304,642.656677,0.003528,0.003484
485,4,0,0,534.8452,62.0,24.4,0.005414041,73.6533077662094,6.992797852,0.0,0.003067871,-0.302766562,2.133871984,8224.171607,702.362671,637.9823,0.003312,0.003285
486,4,0,0,535.7047,62.0,24.4,0.005467057,73.6750910038728,7.036743164,0.0,0.003067871,-0.369617701,2.067333174,8230.309431,751.405701,822.892273,0.00367,0.00363
487,4,0,0,535.2746,62.0,24.4,0.005501249,73.7627901525252,6.992797852,0.0,0.003067871,-0.423545599,1.812686396,8256.927162,714.646729,656.02771,0.00368,0.003645
488,4,0,0,536.567,63.0,24.3,0.005522262,73.7695848825656,7.036743164,0.0,0.025309937,-0.466062784,1.802748632,8258.976054,720.073608,629.572693,0.003509,0.003504
489,4,0,0,538.7351,64.0,24.3,0.005530137,73.7766338722326,3.342590332,0.0,0.001533936,-0.46196866,1.795329523,8261.025156,702.862183,642.607178,0.003563,0.003594
490,4,0,0,536.9992,62.0,24.0,0.00553416,73.8125261775826,4.17755127,0.0,0.021475098,-0.432895422,1.79547019,8271.27374,679.329712,643.134888,0.003678,0.003555
491,4,0,0,537.8657,62.0,24.0,0.005532284,73.8717926014662,5.40802002,0.0,0.038348389,-0.360819101,1.903759909,8287.681627,657.574524,643.81189,0.00361,0.003553
492,4,0,0,537.8657,64.0,24.0,0.005515669,74.025038575072,5.23223877,0.0,0.021475098,-0.185194254,2.27679677,8332.868584,669.795715,638.469727,0.00368,0.003686
493,4,0,0,538.3,65.0,24.0,0.00548353,74.0377182269706,5.276184082,0.0,0.0,0.014200926,2.266901445,8336.295702,704.089417,660.698303,0.003943,0.003942
494,4,0,0,538.3,66.0,24.0,0.005430444,74.0497414773634,5.276184082,0.0,-0.030103485,0.239737749,2.248683405,8340.408892,831.248596,658.014404,0.003988,0.003886
495,4,0,0,539.1708,65.0,24.0,0.005372595,74.0882342669392,5.276184082,0.0,-0.07995639,0.385644197,2.17816062,8353.438605,724.525879,672.010193,0.003895,0.003764
496,4,0,0,538.3,67.0,24.0,0.005300378,74.0924800116338,5.539855957,0.0,-0.066917938,0.395342112,2.16224761,8356.868545,778.304504,845.72699,0.004034,0.003875
497,4,0,0,539.1708,68.0,24.0,0.005248019,73.5335305606608,5.539855957,0.155639648,0.017640259,0.241494417,2.117524099,8379.455602,752.115784,831.287598,0.003989,0.003892
498,4,0,0,540.0443,67.0,23.7,0.005213442,71.8915446803324,5.40802002,0.155639648,0.025309937,0.02786088,2.146223974,8423.905305,706.196411,639.756409,0.003909,0.003872
499,4,0,0,540.9206,65.0,23.7,0.005200211,71.8211130739572,5.364074707,0.155639648,0.008436646,-0.117619276,2.144074392,8425.901894,0.0,0.0,0.0,0.0
500,4,0,0,541.3599,64.0,23.4,0.005197546,71.5926714291478,5.58380127,0.155639648,0.023776001,-0.246399641,2.136286688,8431.879331,707.831787,648.491394,0.003732,0.003731
501,4,0,0,541.7999,64.0,23.4,0.005207997,70.9464195479258,5.58380127,0.155639648,0.03451355,-0.31387639,2.112519693,8449.701255,718.27179,659.742004,0.003723,0.003629
502,4,0,0,541.3599,65.0,23.5,0.005234694,70.7891870621126,5.539855957,0.155639648,0.025309937,-0.312840223,2.104742002,8453.639307,676.536316,638.546326,0.003545,0.003536
503,4,0,0,543.5669,64.0,23.5,0.005268811,70.6733273280854,5.539855957,0.0,-0.016298065,-0.24299264,2.068547201,8463.454361,744.416504,641.308899,0.003731,0.003594
504,4,0,0,543.124,65.0,23.5,0.00532237,70.7212773397976,5.58380127,0.0,-0.017832001,-0.167358637,2.058146429,8465.417624,757.405212,825.375305,0.004038,0.00385
505,4,0,0,542.6819,64.0,23.5,0.005381192,71.6517353175924,5.58380127,0.0,-0.012463226,-0.142234564,1.821426821,8499.031911,595.48291,641.944885,0.003782,0.003716
506,4,0,0,544.4547,64.0,23.3,0.005454094,72.038916836526,5.40802002,0.0,-0.010162323,-0.149964094,1.747355413,8514.328546,684.888,653.419128,0.003703,0.003668
507,4,0,0,544.4547,65.0,23.3,0.005512526,72.7592270361868,5.58380127,0.0,-0.010162323,-0.179568529,1.688494158,8544.486474,707.682678,645.566223,0.003627,0.003579
508,4,0,0,544.4547,65.0,23.1,0.005557421,73.2707537435118,5.539855957,0.0,0.023009033,-0.23489356,1.750753355,8566.790673,0.0,0.0,0.0,0.0
509,4,0,0,544.0104,67.0,23.1,0.005562113,73.413602994476,5.451965332,0.0,0.036047485,-0.274222612,1.784407568,8572.900686,700.236023,655.825317,0.003439,0.003423
510,4,0,0,545.7919,70.0,23.2,0.005518697,73.7283400572162,5.451965332,0.0,0.013038452,-0.226902723,1.890023661,8587.201784,739.222778,628.015076,0.00335,0.003358
511,4,0,0,545.3455,69.0,23.2,0.005449745,73.9535521428872,5.58380127,0.0,-0.004793549,-0.146253347,1.96473546,8597.454692,696.549683,631.410522,0.003435,0.003447
512,4,0,0,545.7919,68.0,23.2,0.005363798,73.6792600152362,5.40802002,4.989624023,-0.000959,-0.053403139,1.996734095,8611.826356,704.440674,631.833374,0.003526,0.003491
513,4,0,0,545.7919,65.0,23.2,0.005304172,72.9236267498768,5.58380127,2.352905273,-0.019365936,0.019623518,1.991330099,8632.192227,729.513123,644.123108,0.003707,0.003616
514,4,0,0,547.5851,64.0,23.0,0.005265615,71.939124881806,5.320129395,0.0,-0.017832001,0.059037924,1.951453161,8660.35413,711.569092,633.938171,0.003486,0.003502
515,4,0,0,546.6871,65.0,23.0,0.005250326,71.9940444783496,5.539855957,0.0,-0.012463226,0.052137613,1.886603308,8670.348449,746.392822,634.229614,0.00338,0.003363
516,4,0,0,546.6871,65.0,22.8,0.005236945,72.0793845115894,5.58380127,0.0,-0.010929291,0.009567976,1.800322008,8704.363676,715.734985,626.541626,0.003319,0.003247
517,4,0,0,548.0353,65.0,22.8,0.005222685,72.0983253490382,5.58380127,0.0,-0.008628387,-0.05793643,1.873068762,8725.723845,748.598511,810.940918,0.003568,0.003464
518,4,0,0,548.0353,67.0,22.9,0.005204872,72.1003016829318,5.58380127,0.0,0.001533936,-0.163065195,1.900478792,8739.742554,672.585571,632.257324,0.003476,0.003469
519,4,0,0,548.0353,65.0,22.9,0.00518409,72.10734613426,5.539855957,0.0,-0.010929291,-0.259320021,1.937206697,8759.770362,715.592285,631.354309,0.003365,0.003345
520,4,0,0,547.5851,66.0,23.0,0.005144524,72.1082033170242,5.58380127,0.0,0.014572388,-0.376233816,1.941507769,8761.773263,737.76062,633.630371,0.003532,0.003537
521,4,0,0,549.3902,66.0,23.0,0.005096901,72.2603080593558,5.495910645,0.0,0.009203613,-0.45246768,2.022701216,8791.834352,707.422302,634.519287,0.003558,0.003622
522,4,0,0,548.9378,65.0,22.8,0.005043679,72.2973491920648,5.58380127,0.0,0.005368774,-0.510115862,2.032345247,8795.849355,762.672913,632.745605,0.003489,0.003478
523,4,0,0,549.3902,66.0,22.8,0.0050127,72.3747294940382,5.58380127,0.0,0.012271484,-0.547504663,2.04082675,8803.885805,723.091614,642.26239,0.003562,0.003514
524,4,0,0,549.3902,65.0,22.6,0.004999517,72.4287559873488,5.58380127,0.0,0.005368774,-0.572699785,2.037344408,8809.248141,760.849304,639.798706,0.003523,0.003507
525,4,0,0,551.2071,63.0,22.6,0.004999522,72.4869924819126,5.58380127,0.0,0.005368774,-0.568895102,2.022715998,8815.956282,694.017883,635.86853,0.003344,0.003312
526,4,0,0,550.2972,66.0,22.8,0.004995444,72.522526403338,5.58380127,0.0,0.014572388,-0.534054995,2.01095767,8819.312515,699.038879,628.022705,0.003271,0.003242
527,4,0,0,550.7518,64.0,22.8,0.004973673,72.6560783361882,5.58380127,0.0,0.013038452,-0.464989424,1.930846167,8834.096926,719.296814,632.777588,0.003224,0.003171
528,4,0,0,551.6633,63.0,22.6,0.004925861,72.7835885813708,5.58380127,0.0,-0.007094452,-0.354364157,1.845917177,8848.235204,698.268494,641.717896,0.00343,0.003382
529,4,0,0,551.6633,66.0,22.6,0.004883641,72.8741108342512,5.58380127,0.0,-0.007094452,-0.278223276,1.781956148,8858.349237,707.466675,638.032898,0.003365,0.003301
530,4,0,0,551.2071,63.0,22.4,0.004865519,73.0896708710854,5.58380127,0.0,-0.007094452,-0.205650091,1.590585661,8890.11287,675.243896,630.033813,0.003326,0.003245
531,4,0,0,552.1201,64.0,22.4,0.004884389,73.1000779256898,5.58380127,0.0,-0.005560516,-0.159687757,1.584254217,8892.143051,696.925598,618.33551,0.003197,0.0
532,4,0,0,553.0362,66.0,22.3,0.004930825,73.591655302655,5.58380127,0.0,-0.005560516,-0.12552762,2.302698088,8987.210739,750.035706,798.868896,0.003306,0.003221
533,4,0,0,553.4953,65.0,22.3,0.004975592,73.7233260779792,5.58380127,0.0,0.0,-0.10402751,2.242578936,9014.488948,705.97113,658.791321,0.003477,0.003334
534,4,0,0,553.4953,65.0,22.5,0.00502201,73.8010712012372,5.850219727,0.0,-0.010162323,-0.07954812,2.15939517,9030.196123,726.576782,646.242798,0.003533,0.003568
535,4,0,0,553.0362,63.0,22.5,0.005060799,73.9076209999248,5.850219727,0.0,-0.010162323,-0.06522584,1.991438818,9052.760187,720.805176,651.089722,0.003562,0.003511
536,4,0,0,553.4953,64.0,22.3,0.005110183,73.6082705150566,5.850219727,0.0,-0.010162323,-0.076080084,1.666896772,9089.630669,715.961609,645.743286,0.00349,0.003625
537,4,0,0,554.8774,61.0,22.3,0.00516043,73.6794695352108,5.850219727,0.0,-0.008628387,-0.110203028,1.747265291,9110.081977,708.51123,638.6026,0.003422,0.003501
538,4,0,0,555.3396,59.0,22.2,0.005213683,73.7301520774958,5.850219727,0.0,-0.008628387,-0.172014475,1.778715086,9114.176047,0.0,0.0,0.0,0.0
539,4,0,0,554.4159,61.0,22.2,0.005236102,73.8834104269262,5.894165039,0.0,-0.008628387,-0.248681784,1.893968534,9128.52531,765.486816,820.638,0.003818,0.003642
540,4,0,0,555.8026,64.0,22.4,0.005215689,73.9245083678138,5.850219727,0.0,0.003067871,-0.355830908,1.924368334,9131.946155,714.561584,645.509399,0.00368,0.003713
541,4,0,0,556.7309,69.0,22.4,0.005156282,73.9707904434566,5.850219727,0.0,-0.004793549,-0.446970224,1.967984629,9136.738127,714.460693,650.431824,0.003706,0.003647
542,4,0,0,556.2663,73.0,22.8,0.005060047,74.0322866883772,5.938110352,0.0,0.009203613,-0.548415422,2.014382315,9142.21869,704.102905,663.215515,0.003758,0.003705
543,4,0,0,557.1962,73.0,22.8,0.004978667,73.5727093635984,5.850219727,0.155639648,0.042183228,-0.625897169,2.023687315,9202.618473,694.710205,666.671814,0.003634,0.003545
544,4,0,0,557.6623,74.0,23.3,0.004910374,72.9148076632372,5.894165039,0.0,0.054454712,-0.648073912,2.131668997,9240.513926,749.326416,813.976196,0.003615,0.003584
545,4,0,0,557.1962,72.0,23.3,0.004871575,72.8911272390214,5.982055664,0.0,0.025309937,-0.546624422,2.31202693,9272.913643,702.331177,650.463196,0.0038,0.003781
546,4,0,0,557.6623,69.0,23.3,0.004843605,72.8848215391268,5.938110352,0.0,-0.027035614,-0.338876009,2.345770311,9283.036576,713.189514,648.245483,0.003738,0.003688
547,4,0,0,559.0652,70.0,23.3,0.004824767,72.8779527150728,6.026000977,0.0,-0.02856955,-0.167755365,2.365141344,9295.183053,718.956726,668.216919,0.003777,0.003751
548,4,0,0,559.5345,68.0,23.7,0.004805896,72.8754278376402,6.069946289,0.0,-0.030103485,-0.053111315,2.360582781,9299.231619,715.944702,664.036926,0.003922,0.003851
549,4,0,0,559.5345,68.0,23.7,0.004796175,72.8719988973692,6.201782227,0.0,-0.040074066,-0.014149904,2.340590429,9305.30419,829.632996,676.196472,0.004103,0.003974
550,4,0,0,560.0045,67.0,24.0,0.004815865,72.8548984206774,6.201782227,0.0,-0.012463226,-0.075691938,2.047045183,9335.661235,715.035828,681.466492,0.004189,0.004121
551,4,0,0,560.4753,65.0,24.0,0.004875929,72.8288875433944,6.201782227,0.0,0.019941162,-0.201701403,2.251152468,9371.403998,711.421692,677.778076,0.0043,0.004203
552,4,0,0,560.4753,64.0,24.0,0.004946241,72.7985734036052,6.245727539,0.0,0.001533936,-0.292597055,2.164785337,9411.851568,758.484192,833.513977,0.003956,0.003957
553,4,0,0,560.9469,65.0,24.0,0.005022581,72.7774800256262,6.245727539,0.0,0.0,-0.368376493,1.78749032,9450.262143,724.551208,840.217224,0.00398,0.0
554,4,0,0,561.8925,66.0,23.7,0.005071263,72.7838151764428,6.289672852,0.0,0.054454712,-0.43043828,1.894929361,9470.477843,744.907776,645.14032,0.00381,0.003721
555,4,0,0,561.8925,69.0,23.7,0.005098844,72.791083647899,6.421508789,0.0,0.032212646,-0.417742968,1.993511152,9490.695473,730.328125,651.093201,0.003928,0.00388
556,4,0,0,561.8925,68.0,23.7,0.005096647,72.8422791351222,6.377563477,0.0,-0.007094452,-0.315932035,2.075076056,9526.419403,747.894714,681.12561,0.004203,0.00402
557,4,0,0,562.3664,67.0,23.7,0.005063269,72.9612370256768,6.333618164,0.0,-0.005560516,-0.14549613,1.990794611,9543.29366,721.295227,671.100586,0.004206,0.004032
558,4,0,0,564.2704,65.0,23.5,0.005014728,73.0291368344574,6.333618164,0.0,-0.046976776,-0.014482737,1.936694098,9553.430945,795.571594,652.547607,0.00402,0.003881
559,4,0,0,563.7932,62.0,23.5,0.004954289,73.125679274223,6.421508789,0.0,-0.037773163,0.036170721,1.872302008,9566.962291,688.282715,655.304626,0.003965,0.003828
560,4,0,0,563.7932,61.0,22.6,0.004906418,73.1621207990348,6.465454102,0.0,-0.020132904,-0.025529146,1.856718016,9573.056976,674.718506,655.027527,0.003911,0.003831
561,4,0,0,564.7484,58.0,22.6,0.004864549,73.5131090177582,6.421508789,0.0,0.003067871,-0.181488276,1.869146299,9621.942739,750.564575,820.88147,0.003903,0.003797
562,4,0,0,565.2272,57.0,21.6,0.004848621,73.5864227267658,6.421508789,0.0,0.017640259,-0.323328257,1.901807737,9632.156842,697.728088,635.847778,0.003545,0.003456
563,4,0,0,565.7069,61.0,21.6,0.004863658,73.8461032542218,6.421508789,0.0,0.043717163,-0.447966814,2.129570436,9666.962577,711.568909,465.127289,0.003599,0.003546
564,4,0,0,567.1506,63.0,20.6,0.0049024,73.8611150329012,6.377563477,0.0,0.00690271,-0.430351973,2.143926573,9669.013839,743.585083,844.950806,0.003508,0.003438
565,4,0,0,566.6686,63.0,20.6,0.004964536,73.9237008975622,6.069946289,0.0,-0.016298065,-0.349802732,2.194118452,9677.223247,0.0,0.0,0.0,0.0
566,4,0,0,566.6686,60.0,19.8,0.005029078,74.0125081894584,0.0,0.0,-0.016298065,-0.302344561,2.260844183,9689.550156,684.656128,647.287292,0.003519,0.003473
567,4,0,0,566.6686,64.0,19.8,0.005100659,74.2599930257406,0.0,0.0,-0.005560516,-0.294277906,2.271002245,9723.868039,708.800598,642.979614,0.003568,0.003582
568,4,0,0,566.6686,67.0,19.0,0.005138281,74.2895494399776,0.0,0.0,0.003067871,-0.308182955,2.241690111,9727.99381,0.0,0.0,0.0,0.0
569,4,0,0,568.1173,67.0,19.0,0.005133093,74.3376442761964,0.0,0.0,0.012271484,-0.323587179,2.189395857,9734.185641,675.931213,652.186523,0.003298,0.0
570,4,0,0,567.6335,69.0,18.3,0.005094423,74.54610376011,0.0,0.0,-0.001725677,-0.318280458,2.050543261,9763.131895,714.095215,466.119995,0.003518,0.003522
571,4,0,0,568.1173,68.0,18.3,0.005031191,74.6350151602108,0.0,0.0,0.003834839,-0.299355268,2.082285833,9779.708775,738.71759,842.470276,0.003385,0.0
572,4,0,0,568.1173,65.0,17.7,0.004962603,74.6344762083382,0.0,0.0,0.023009033,-0.278139353,2.09674449,9783.855025,755.203674,824.708496,0.003455,0.003282
573,4,0,0,569.5734,67.0,17.7,0.004866406,74.634217860988,9.851989746,0.0,0.017640259,-0.209503412,2.10481019,9785.928106,695.563599,654.59967,0.003742,0.003735
574,4,0,0,569.5734,67.0,17.4,0.004775408,74.630736456233,9.808044434,0.0,-0.008628387,-0.105530024,2.113439512,9788.001171,691.010376,639.602417,0.003527,0.003458
575,4,0,0,570.0604,69.0,17.4,0.004682506,74.6078106676366,9.676208496,0.0,-0.010929291,-0.000356,2.16512723,9798.364677,742.059326,806.873474,0.003714,0.003592
576,4,0,0,570.0604,71.0,17.2,0.004624211,74.5879909535204,9.676208496,0.0,-0.010162323,0.069769144,2.218247366,9808.725144,668.686096,711.58667,0.003624,0.0
577,4,0,0,569.0872,71.0,17.2,0.004593995,74.5555870535544,9.720153809,0.0,-0.015531097,0.120309114,2.243662786,9827.367536,703.396729,630.747803,0.003655,0.00363
578,4,0,0,567.6335,71.0,17.0,0.004603765,74.5482915451862,9.808044434,0.0,-0.015531097,0.137568235,2.247362566,9831.509198,715.591797,630.946899,0.003521,0.003446
579,4,0,0,567.1506,73.0,17.0,0.004659357,74.5451491479022,9.676208496,0.0,-0.015531097,0.112351656,2.250284147,9833.579887,649.974915,636.18219,0.003526,0.003514
580,4,0,0,568.6018,69.0,17.1,0.004742163,74.528986658936,9.676208496,0.0,-0.015531097,0.048692465,2.276568842,9843.931947,0.0,0.0,0.0,0.0
581,4,0,0,568.1173,69.0,17.1,0.004855096,74.5200484811364,9.720153809,0.0,0.019941162,-0.065023661,2.298201513,9849.452116,738.634583,750.114807,0.003488,0.003359
582,4,0,0,568.1173,71.0,17.5,0.004945169,74.4552513350352,5.671691895,0.0,0.032979614,-0.155861139,2.175670099,9892.901269,687.41571,632.763123,0.003366,0.003437
583,4,0,0,568.6018,71.0,17.5,0.005018905,74.4720845486332,0.0,0.0,-0.013997162,-0.168237448,2.116629553,9938.400341,696.352112,639.528625,0.003512,0.003391
584,4,0,0,569.5734,74.0,17.8,0.005063521,74.4785904343304,0.0,0.0,0.0,-0.165809393,2.118141127,9942.537638,704.589172,631.47168,0.003597,0.003602
585,4,0,0,570.0604,71.0,17.8,0.005108692,74.5462742053094,0.0,0.0,0.021475098,-0.168881655,2.240148497,9977.7218,752.5495,819.697693,0.003604,0.003517
586,4,0,0,570.5483,71.0,18.4,0.005149164,74.5771300489426,5.627746582,0.0,0.019941162,-0.129835844,2.279519033,9992.218958,720.774902,667.436096,0.003848,0.00378
587,4,0,0,570.5483,71.0,18.4,0.00519772,74.590198227704,5.938110352,0.0,-0.023200775,-0.021420717,2.298158121,9997.743292,730.018799,642.967712,0.003594,0.003542
588,4,0,0,571.5265,70.0,18.7,0.00524311,74.6877491121004,5.982055664,0.0,-0.039307098,0.048763514,2.120458555,10039.20422,488.417999,626.100891,0.003587,0.003548
589,4,0,0,572.0169,71.0,18.7,0.005293291,74.6931237927116,5.938110352,0.0,0.018407227,0.024677992,2.105845881,10041.27874,747.867615,636.894592,0.00344,0.00347
590,4,0,0,571.5265,70.0,18.9,0.005323104,74.7535434696392,5.58380127,0.155639648,0.00690271,-0.028519869,2.027049971,10074.49339,703.242004,636.552185,0.003241,0.003233
591,4,0,0,573.0002,70.0,18.9,0.005334993,73.9062128435182,5.58380127,0.155639648,0.001533936,-0.062942743,2.07249732,10097.21191,751.490784,639.276917,0.003358,0.00332
592,4,0,0,571.5265,73.0,19.4,0.005336566,73.5972603602872,5.627746582,0.155639648,-0.003259613,-0.08724761,2.064138842,10105.40933,703.899475,626.787476,0.003269,0.003242
593,4,0,0,572.5082,71.0,19.4,0.005332808,73.5253734921236,5.671691895,0.155639648,-0.003259613,-0.115055323,2.060272646,10107.45339,759.960327,812.446472,0.003373,0.003293
594,4,0,0,573.0002,72.0,19.6,0.005310908,73.3808456512592,5.806274414,0.155639648,-0.003259613,-0.147577047,2.052526426,10111.5352,0.0,0.0,0.0,0.0
595,4,0,0,574.4815,71.0,19.6,0.005252468,73.1468515420488,7.168579102,0.155639648,0.003067871,-0.190063715,2.044439745,10117.64214,682.155701,638.364624,0.00336,0.003321
596,4,0,0,574.4815,69.0,19.7,0.005183001,72.9138565111104,7.168579102,0.155639648,0.018407227,-0.215241671,2.042715502,10123.7302,671.229614,641.941406,0.003509,0.003532
597,4,0,0,573.9869,72.0,19.7,0.005110345,72.7707037064354,7.124633789,0.155639648,0.021475098,-0.19337678,2.042906713,10127.77846,706.466797,661.411499,0.003758,0.003612
598,4,0,0,573.9869,68.0,20.1,0.005070949,72.396452236611,7.168579102,0.155639648,-0.001725677,-0.122100592,2.040588331,10137.86266,707.400085,636.664001,0.003576,0.003528
599,4,0,0,576.4686,71.0,20.1,0.005053107,71.6540113749676,7.168579102,0.155639648,0.003067871,-0.033222914,2.079120111,10157.8757,686.734314,632.519592,0.003386,0.00338
600,4,0,0,575.4733,70.0,20.5,0.005044072,72.0738286997612,7.124633789,0.0,0.003067871,0.051881552,2.412421179,10191.72994,732.221313,630.945007,0.003544,0.003518
601,4,0,0,574.977,70.0,20.5,0.005025012,72.548154499102,6.992797852,0.0,-0.016298065,0.157071352,2.389282656,10211.81201,677.809021,638.119873,0.003568,0.003561
602,4,0,0,576.4686,68.0,20.9,0.005003866,73.4206171097452,6.641235352,0.0,-0.041608002,0.231966257,2.353183699,10251.68172,710.643616,649.158325,0.003625,0.003608
603,4,0,0,575.9705,66.0,20.9,0.004985818,73.513050469969,6.597290039,0.0,-0.040074066,0.236121893,2.349447203,10255.76206,655.705627,633.914612,0.003656,0.003578
604,4,0,0,575.9705,70.0,20.9,0.004979255,73.7276164013918,6.597290039,0.0,-0.013997162,0.142505407,2.335113955,10265.98381,782.031616,637.372009,0.003506,0.00348
605,4,0,0,576.4686,68.0,20.9,0.0049853,73.9291002332622,6.597290039,0.0,0.009203613,-0.042390108,2.314807367,10276.2352,710.598511,639.026917,0.003587,0.00355
606,4,0,0,578.4694,65.0,20.9,0.005007714,74.0849963553262,6.641235352,0.0,0.023009033,-0.189752817,2.292847586,10284.45722,755.4422,814.166626,0.003656,0.003525
607,4,0,0,577.4672,70.0,20.9,0.005060218,74.0349108942746,6.641235352,0.155639648,0.0,-0.335596323,2.280770731,10288.57268,701.176514,635.092896,0.003511,0.003476
608,4,0,0,577.4672,70.0,21.2,0.005133767,73.8823323139668,6.597290039,2.206420898,0.016106323,-0.423582315,2.268607092,10292.68294,709.621399,638.788086,0.003514,0.003507
609,4,0,0,577.9679,70.0,21.2,0.005244751,73.663979685991,6.597290039,0.155639648,0.023776001,-0.480537176,2.250516367,10298.83217,690.420471,629.258179,0.0034,0.00329
610,4,0,0,578.9717,69.0,21.5,0.00534946,72.6329690828318,6.641235352,0.009155273,0.009203613,-0.457082987,2.058475447,10329.32586,678.439514,639.77002,0.00318,0.003168
611,4,0,0,579.475,69.0,21.5,0.005453895,71.9648636679752,6.597290039,0.0,0.009203613,-0.391790628,1.999721003,10347.40383,669.147522,649.929688,0.003104,0.003102
612,4,0,0,579.475,72.0,21.7,0.005523857,71.9983989178678,6.641235352,0.0,0.009203613,-0.308120489,2.00711627,10374.65328,738.146729,590.399719,0.003435,0.003476
613,4,0,0,580.4841,72.0,21.7,0.005579659,72.1667528764982,6.641235352,0.0,0.009203613,-0.189851999,2.024861765,10380.65788,750.980896,808.927612,0.003788,0.003555
614,4,0,0,580.4841,76.0,21.9,0.005605657,72.2890410065016,0.0,0.0,0.009203613,-0.057520151,2.041233969,10384.66879,691.344727,646.58728,0.003811,0.00372
615,4,0,0,580.99,79.0,21.9,0.005610463,72.4208445362824,6.465454102,0.0,-0.052345551,0.102984667,2.064108801,10389.35706,737.66687,811.585205,0.004005,0.003828
616,4,0,0,580.4841,77.0,22.1,0.005601124,72.8942374173186,5.938110352,0.0,-0.045442841,0.161526442,2.150185061,10404.8259,700.269104,606.278687,0.004157,0.0
617,4,0,0,582.513,76.0,22.1,0.00558163,73.3736648727396,7.783813477,0.0,0.005368774,0.077734709,2.232949209,10421.07149,699.004089,651.534912,0.004032,0.0039
618,4,0,0,582.0044,73.0,22.3,0.005556862,73.7725125617068,7.608032227,0.0,-0.008628387,-0.028628588,2.178741884,10435.37187,706.304504,651.940491,0.004058,0.00389
619,4,0,0,582.0044,70.0,22.3,0.005525525,73.827058131541,7.608032227,0.0,0.030678711,-0.167009592,2.164127779,10437.42114,726.75769,638.022095,0.003912,0.003839
620,4,0,0,582.0044,69.0,22.2,0.005505899,74.0036928364876,7.564086914,0.0,0.025309937,-0.250718355,2.118034792,10443.57848,0.0,0.0,0.0,0.0
621,4,0,0,583.5327,67.0,22.2,0.005499661,73.7014494181288,7.300415039,0.0,-0.004793549,-0.254884005,1.989119482,10464.12062,716.34259,675.517273,0.003925,0.003825
622,4,0,0,583.5327,70.0,22.1,0.005506181,73.3393363630676,0.0,0.0,0.003067871,-0.23409915,1.992114973,10504.96333,0.0,0.0,0.0,0.0
623,4,0,0,584.0439,71.0,22.1,0.005519871,73.234336439267,0.0,0.0,-0.013997162,-0.202103853,2.05028863,10516.4996,758.132629,804.639526,0.00386,0.003725
624,4,0,0,583.0224,70.0,22.3,0.005523452,72.9749203907466,0.0,0.0,-0.024734711,-0.194513083,2.212465239,10545.60749,725.479614,649.032715,0.003982,0.003889
625,4,0,0,584.556,71.0,22.3,0.005489072,72.9574776235302,5.539855957,0.0,-0.000959,-0.250427961,2.218046618,10546.95877,776.398682,644.741272,0.00385,0.003733
626,4,0,0,585.069,70.0,22.4,0.005409672,72.792682446722,5.539855957,0.0,-0.004793549,-0.331380129,2.303040457,10565.85298,714.539001,651.085815,0.003581,0.003569
627,4,0,0,585.069,69.0,22.4,0.005281826,72.6052670306098,5.58380127,0.0,0.013038452,-0.427440882,2.373597097,10589.41299,700.799683,654.494324,0.003803,0.003645
628,4,0,0,587.1301,70.0,22.6,0.005177073,72.4582565413944,5.58380127,0.0,0.00690271,-0.489550352,2.306398821,10607.54785,679.388672,661.004211,0.00379,0.003769
629,4,0,0,586.6135,67.0,22.6,0.005103139,72.427496324744,5.58380127,0.0,0.030678711,-0.535339594,2.237617922,10629.66613,631.648804,660.914612,0.004001,0.003902
630,4,0,0,586.0978,68.0,22.4,0.005085503,72.545051530648,5.58380127,0.0,0.032212646,-0.524032354,2.199432325,10639.73245,751.166016,822.663879,0.003784,0.003588
631,4,0,0,587.1301,71.0,22.4,0.005105153,72.599377135891,5.58380127,0.0,0.019941162,-0.416633844,2.16164155,10655.8603,712.885681,671.754883,0.003606,0.003566
632,4,0,0,588.1661,70.0,22.3,0.005142692,72.6262359422332,5.58380127,0.0,-0.060015228,-0.252836466,2.166444731,10665.94479,734.736084,649.331726,0.003775,0.003639
633,4,0,0,588.6855,68.0,22.3,0.005199053,72.6795948652184,5.58380127,0.0,-0.090693939,-0.148259878,2.217740488,10686.12482,744.97467,665.672974,0.003613,0.003688
634,4,0,0,588.6855,66.0,22.5,0.005254833,72.6946192128432,5.58380127,0.0,-0.030870453,-0.274183989,2.240489435,10691.50864,711.516113,657.098694,0.003799,0.003624
635,4,0,0,588.1661,63.0,22.5,0.005321536,72.7181588841826,5.58380127,0.0,0.091269165,-0.534385443,2.306369257,10706.31891,703.122314,663.023315,0.003629,0.00371
636,4,0,0,588.1661,64.0,22.6,0.005380919,72.715757362661,5.58380127,0.0,0.071328003,-0.601388216,2.336296034,10713.72495,0.0,0.0,0.0,0.0
637,4,0,0,588.6855,63.0,22.6,0.005439725,72.7410087602112,5.58380127,0.0,0.021475098,-0.407528162,2.377475691,10728.53766,890.143372,645.951721,0.003619,0.003615
638,4,0,0,588.6855,64.0,22.5,0.00546188,72.804258107474,5.58380127,0.0,-0.105266327,-0.125403166,2.369767141,10744.03438,752.57251,819.883301,0.003558,0.003495
639,4,0,0,589.727,66.0,22.5,0.005442083,72.850608467413,5.58380127,0.0,-0.043141937,0.038597345,2.298683596,10756.171,705.982178,645.83783,0.003345,0.003435
640,4,0,0,589.727,65.0,22.6,0.005386523,72.8658021497926,5.715637207,0.0,-0.027035614,0.035379648,2.271992636,10760.21827,675.161072,635.070313,0.003483,0.003395
641,4,0,0,589.727,65.0,22.6,0.005340779,72.9997063510754,5.715637207,0.0,0.005368774,-0.037392378,2.183135462,10796.68218,708.292114,638.975708,0.003534,0.003333
642,4,0,0,589.2058,66.0,22.7,0.005306542,73.020354167182,5.715637207,0.0,0.008436646,-0.124091864,2.192496729,10802.76591,0.0,0.0,0.0,0.0
643,4,0,0,590.7721,64.0,22.7,0.005285876,73.0718721500478,5.715637207,0.0,-0.016298065,-0.186142206,2.215381575,10816.96829,707.979187,644.926392,0.003404,0.003275
644,4,0,0,590.7721,64.0,22.9,0.005268142,73.0991658644316,5.715637207,0.0,0.02761084,-0.258635283,2.217437696,10825.08835,758.640503,827.208984,0.003377,0.003265
645,4,0,0,590.7721,61.0,22.9,0.005263227,73.113981464565,7.168579102,0.0,0.026843872,-0.256187677,2.212004137,10829.14955,690.86969,627.902405,0.003484,0.003284
646,4,0,0,589.2058,59.0,23.0,0.005277642,73.1340971363072,6.773071289,0.0,0.003067871,-0.180380583,2.195265722,10835.2428,703.685303,627.402283,0.003229,0.003205
647,4,0,0,589.727,61.0,23.0,0.005308599,73.3565293285292,6.817016602,0.0,-0.004793549,-0.104396582,2.002503824,10899.66593,704.642212,628.588928,0.003215,0.003188
648,4,0,0,589.2058,56.0,22.8,0.005356831,73.363293336269,6.773071289,0.0,-0.015531097,-0.037411928,1.997166109,10901.70353,673.298096,628.373596,0.00322,0.003227
649,4,0,0,591.2961,55.0,22.8,0.005395816,73.4345575185998,6.948852539,0.0,-0.008628387,-0.021981478,1.94592948,10922.09049,735.504395,817.492493,0.003473,0.003445
650,4,0,0,590.7721,58.0,22.9,0.005415858,73.4694599350092,6.948852539,0.0,0.021475098,-0.033175707,1.928132963,10932.29135,711.110474,636.915222,0.003375,0.003337
651,4,0,0,590.2491,61.0,22.9,0.005403324,73.4191227570882,6.948852539,17.73376465,-0.024734711,-0.039630175,1.90250392,10956.79014,772.543701,818.780029,0.00339,0.00326
652,4,0,0,590.7721,67.0,22.7,0.005362037,73.1849962152892,7.036743164,104.4525146,-0.019365936,-0.073607206,1.89841218,10962.9006,712.954407,651.372986,0.003684,0.00361
653,4,0,0,587.1301,73.0,22.7,0.005319026,72.6656670735894,7.080688477,157.0404053,-0.001725677,-0.162177801,1.884308767,10977.08485,706.40979,644.997986,0.003616,0.003527
654,4,0,0,584.0439,76.0,22.5,0.005279624,71.3386373032686,7.080688477,253.5736084,0.014572388,-0.269232512,2.13050456,11012.42977,713.572083,642.620789,0.003652,0.00351
655,4,0,0,582.0044,77.0,22.5,0.005263162,71.0421141390992,7.124633789,214.755249,-0.000959,-0.369118452,2.206217241,11021.00136,707.993103,637.288513,0.003718,0.003578
656,4,0,0,580.99,73.0,22.1,0.005272538,70.6754254729236,7.036743164,171.5423584,0.032979614,-0.455659151,2.239428949,11030.84444,760.087708,825.354004,0.003802,0.003629
657,4,0,0,581.4968,76.0,22.1,0.005299552,70.5366653456852,7.080688477,163.7786865,0.030678711,-0.502534628,2.230455828,11034.11419,700.903198,466.375702,0.003582,0.003421
658,4,0,0,583.0224,75.0,22.0,0.005332997,69.3888993464152,7.168579102,228.3782959,0.02761084,-0.446002245,2.014084291,11065.21926,712.44873,632.514587,0.003584,0.003472
659,4,0,0,583.5327,73.0,22.0,0.005355271,69.100374891727,7.168579102,263.8275146,-0.030103485,-0.328411341,2.001126719,11072.91606,708.103699,695.112488,0.003536,0.003448
660,4,0,0,583.0224,70.0,21.9,0.005378149,68.8134605817088,7.168579102,263.5345459,-0.027035614,-0.234563589,2.001909208,11080.58131,750.998108,817.164917,0.003729,0.003559
661,4,0,0,584.0439,69.0,21.9,0.005404713,68.3943493387468,7.168579102,263.3880615,-0.010929291,-0.230468512,2.007018995,11092.02029,710.002197,641.464294,0.003613,0.003601
662,4,0,0,584.556,71.0,21.8,0.005443977,57.3676311776932,5.715637207,262.802124,-0.010929291,-0.27981019,1.983846617,11134.38385,708.758423,665.188904,0.004039,0.004009
663,4,0,0,584.556,70.0,21.8,0.005485213,56.0058776920766,5.58380127,262.802124,0.02761084,-0.347999811,1.983107042,11135.96973,770.040894,814.730225,0.004055,0.003879
664,4,0,0,585.069,73.0,21.4,0.005540776,,5.627746582,,0.014572388,-0.413420439,,,692.8797,672.090088,0.004352,0.004217
665,4,0,0,586.6135,73.0,21.4,0.005590066,,5.671691895,,-0.013997162,-0.421558142,,,675.434998,659.22583,0.004112,0.003938
666,4,0,0,586.0978,73.0,21.1,0.005635466,,5.671691895,,-0.013997162,-0.467304945,,,731.954102,652.656677,0.003984,0.003754
667,4,0,0,585.5829,74.0,21.1,0.005663063,,5.671691895,,0.070561035,-0.528667212,,,666.570801,644.158325,0.003836,0.003683
668,4,0,0,586.0978,72.0,21.1,0.005683223,,5.671691895,,0.013038452,-0.479891062,,,659.981201,642.778809,0.003652,0.003575
669,4,0,0,587.6476,74.0,21.1,0.005688979,,5.75958252,,-0.053879486,-0.350670099,,,762.911682,813.880127,0.003576,0.003462
670,4,0,0,587.1301,71.0,21.1,0.005676639,,5.982055664,,0.003834839,-0.324927092,,,0.0,0.0,0.0,0.0
671,4,0,0,587.6476,70.0,21.1,0.00565812,,6.026000977,,-0.000959,-0.326324224,,,693.646179,650.092102,0.003584,0.003491
672,4,0,0,588.1661,72.0,21.4,0.005656185,,6.201782227,,-0.02856955,-0.291414022,,,696.486511,651.921326,0.003458,0.003348
673,4,0,0,588.6855,69.0,21.4,0.005684645,,6.245727539,,0.005368774,-0.326493502,,,668.905884,650.136475,0.003523,0.003511
674,4,0,0,588.6855,70.0,21.4,0.005739212,,6.245727539,,0.005368774,-0.393731833,,,744.262878,813.288818,0.003631,0.003615
675,4,0,0,588.6855,71.0,21.4,0.005787897,,6.289672852,,-0.005560516,-0.437672853,,,695.852478,698.905579,0.003782,0.003696
676,4,0,0,589.727,69.0,21.6,0.005836787,,6.333618164,,0.038348389,-0.489959955,,,710.818909,636.735413,0.003493,0.003385
677,4,0,0,590.2491,69.0,21.6,0.005879655,,6.377563477,,0.046785034,-0.482229948,,,703.669922,637.176392,0.003519,0.003467
678,4,0,0,590.2491,70.0,21.8,0.005942795,,6.421508789,,-0.02166684,-0.334394217,,,713.044189,627.590393,0.003592,0.003594
679,4,0,0,590.2491,68.0,21.8,0.0060246,,6.421508789,,-0.02166684,-0.237547159,,,703.318176,649.325012,0.003812,0.003599
680,4,0,0,591.821,65.0,22.1,0.006147136,,6.377563477,,-0.015531097,-0.196916342,,,708.326904,674.708923,0.003906,0.003828
681,4,0,0,591.2961,64.0,22.1,0.006247545,,0.0,,0.0,-0.214961767,,,716.733276,661.49939,0.003938,0.003822
682,4,0,0,590.7721,66.0,22.2,0.006307744,,0.0,,0.014572388,-0.247446299,,,712.855774,649.743408,0.003827,0.003737
683,4,0,0,590.7721,70.0,22.2,0.00631429,,0.0,,-0.013997162,-0.226346731,,,720.702087,652.637329,0.003888,0.003828
684,4,0,0,592.8737,73.0,22.7,0.006316885,,0.0,,0.005368774,-0.217880487,,,690.400208,655.398621,0.00394,0.003865
685,4,0,0,593.4014,72.0,22.7,0.006341183,,0.0,,-0.024734711,-0.215692282,,,708.401489,640.708618,0.003821,0.00367
686,4,0,0,592.8737,70.0,22.8,0.006380997,,0.0,,-0.027035614,-0.270062208,,,748.678284,827.544189,0.003874,0.003823
687,4,0,0,594.9902,71.0,22.8,0.006399997,,10.81878662,,-0.012463226,-0.407230139,,,697.601318,653.344604,0.00357,0.003557
688,4,0,0,593.4014,70.0,22.9,0.006383898,,9.456481934,,0.07592981,-0.583001852,,,714.729797,639.460327,0.003763,0.003591
689,4,0,0,593.93,73.0,22.9,0.006337082,,9.676208496,,-0.010929291,-0.593666315,,,707.499084,663.640015,0.00395,0.003792
690,4,0,0,594.4596,72.0,22.8,0.00626178,,9.764099121,,-0.017832001,-0.5300138,,,693.182983,654.916016,0.003939,0.003813
691,4,0,0,596.5875,67.0,22.8,0.006192087,,9.280700684,,-0.004793549,-0.519003153,,,715.008484,686.919922,0.004223,0.004063
692,4,0,0,595.5217,64.0,22.6,0.006123481,,9.456481934,,0.001533936,-0.527194738,,,710.238525,673.20282,0.004076,0.003926
693,4,0,0,595.5217,62.0,22.6,0.006084794,,9.456481934,,0.00690271,-0.506687403,,,756.729309,833.250488,0.004003,0.00404
694,4,0,0,596.0541,65.0,22.4,0.006072474,,5.627746582,,0.0,-0.465862036,,,700.648926,661.854614,0.003902,0.003752
695,4,0,0,597.1219,68.0,22.4,0.006082892,,0.0,,0.023009033,-0.421162844,,,696.185913,661.082886,0.003918,0.003824
696,4,0,0,597.1219,72.0,22.0,0.00610202,,0.0,,0.016106323,-0.335534811,,,713.281799,659.30127,0.00399,0.00391
697,4,0,0,597.6572,80.0,22.0,0.006114111,,0.0,,-0.034705292,-0.220503092,,,714.86499,718.434204,0.004028,0.003872
698,4,0,0,598.1935,84.0,21.6,0.006108012,,0.0,,-0.005560516,-0.174721003,,,696.478394,704.84729,0.004033,0.004147
699,4,0,0,598.1935,84.0,21.6,0.006075541,,6.685180664,,-0.010162323,-0.168427229,,,715.529175,675.566101,0.004234,0.004123
700,4,0,0,599.2689,83.0,20.9,0.00601786,,10.24749756,,-0.017832001,-0.195213079,,,707.873474,641.942505,0.004069,0.004112
701,4,0,0,598.7307,81.0,20.9,0.0059694,,10.730896,,-0.003259613,-0.263795614,,,694.818115,637.09491,0.004014,0.003862
702,4,0,0,600.3482,80.0,20.4,0.0059289,,10.86273193,,0.032979614,-0.364888906,,,709.187073,656.602417,0.003819,0.003743
703,4,0,0,599.8081,78.0,20.4,0.005900502,,10.81878662,,0.029144775,-0.404836416,,,731.500488,716.109924,0.003686,0.003634
704,4,0,0,600.3482,70.0,19.5,0.005859284,,10.77484131,,-0.007094452,-0.298194647,,,0.0,0.0,0.0,0.0
705,4,0,0,599.8081,63.0,19.5,0.005810424,,0.483398438,,-0.007094452,-0.192545176,,,699.512512,648.714294,0.003726,0.003638
706,4,0,0,600.8893,62.0,19.1,0.005745842,,4.35333252,,-0.020132904,-0.122747183,,,706.47998,468.831085,0.003412,0.003381
707,4,0,0,600.8893,63.0,19.1,0.005687906,,4.221496582,,-0.020132904,-0.119846106,,,737.895386,814.704407,0.003713,0.003594
708,4,0,0,600.8893,66.0,18.4,0.005627101,,4.397277832,,-0.008628387,-0.182804346,,,722.614014,838.629517,0.004459,0.0
709,4,0,0,595.5217,71.0,18.4,0.005580633,,4.089660645,,-0.007094452,-0.266025782,,,713.508484,671.374084,0.003832,0.003672
710,4,0,0,597.1219,69.0,18.0,0.005530575,,4.089660645,,-0.001725677,-0.364408255,,,706.05249,630.754089,0.003491,0.003309
711,4,0,0,594.4596,67.0,18.0,0.005484241,,4.221496582,,-0.003259613,-0.430583715,,,583.338623,641.584229,0.003237,0.003204
712,4,0,0,593.4014,72.0,17.4,0.005421579,,4.485168457,,0.023009033,-0.517026186,,,714.048889,632.421997,0.00332,0.003262
713,4,0,0,594.4596,73.0,17.4,0.005356977,,4.52911377,,0.032212646,-0.548597097,,,711.331604,626.480713,0.003292,0.003238
714,4,0,0,594.4596,71.0,17.2,0.005285197,,3.738098145,,-0.010929291,-0.481398821,,,0.0,0.0,0.0,0.0
715,4,0,0,594.4596,69.0,17.2,0.005239135,,5.938110352,,0.017640259,-0.430946589,,,710.774109,646.748718,0.003646,0.003596
716,4,0,0,594.9902,69.0,17.3,0.005212612,,6.641235352,,-0.013997162,-0.369228125,,,711.521179,626.932617,0.003473,0.003465
717,4,0,0,594.9902,66.0,17.3,0.005207089,,6.069946289,,-0.010929291,-0.336434603,,,376.653412,605.543274,0.003372,0.00328
718,4,0,0,595.5217,68.0,17.4,0.005207771,,6.069946289,,-0.010929291,-0.356904745,,,713.301819,631.021484,0.00327,0.003274
719,4,0,0,594.9902,67.0,17.4,0.005205825,,6.113891602,,0.003067871,-0.415489435,,,711.820496,629.924683,0.003195,0.003178
720,4,0,0,594.9902,67.0,17.4,0.005197848,,5.58380127,,0.003834839,-0.498014212,,,0.0,0.0,0.0,0.0
721,4,0,0,596.5875,69.0,17.4,0.005186996,,6.333618164,,0.014572388,-0.547762632,,,708.096985,637.833191,0.003365,0.003353
722,4,0,0,594.4596,69.0,17.5,0.005175729,,6.289672852,,0.036047485,-0.539438009,,,703.298584,640.386414,0.003451,0.003318
723,4,0,0,580.99,69.0,17.5,0.005178013,,6.289672852,,-0.015531097,-0.438526869,,,705.391785,625.283203,0.003261,0.003204
724,4,0,0,558.1292,71.0,17.8,0.00520316,,6.289672852,,-0.019365936,-0.358441591,,,704.429382,622.430786,0.003159,0.00313
725,4,0,0,544.4547,67.0,17.8,0.005235966,,6.289672852,,-0.000959,-0.360031843,,,713.362915,630.702271,0.002952,0.002932
726,4,0,0,539.6072,67.0,18.1,0.005268207,,6.289672852,,0.021475098,-0.391107321,,,752.138489,824.97113,0.003715,0.003452
727,4,0,0,536.9992,65.0,18.1,0.00528676,,6.289672852,,0.016106323,-0.372619867,,,753.784912,826.538086,0.00357,0.003522
728,4,0,0,537.4321,66.0,18.4,0.005302244,,6.289672852,,-0.015531097,-0.276595831,,,701.175476,630.993225,0.003382,0.003252
729,4,0,0,539.6072,69.0,18.4,0.005322571,,6.289672852,,-0.013997162,-0.213038206,,,746.946106,531.749023,0.0,0.003659
730,4,0,0,540.9206,69.0,18.7,0.005361381,,6.333618164,,0.009203613,-0.1959517,,,647.702087,372.844788,0.003213,0.0
731,4,0,0,542.2405,67.0,18.7,0.005432112,,6.333618164,,-0.005560516,-0.146095037,,,716.543091,656.532776,0.003652,0.003582
732,4,0,0,542.6819,65.0,19.2,0.005511783,,6.333618164,,-0.000959,-0.107589483,,,720.248901,664.67688,0.003731,0.003606
733,4,0,0,544.0104,65.0,19.2,0.005619121,,5.58380127,,0.0,-0.081182718,,,707.498291,645.327087,0.003616,0.003544
734,4,0,0,544.0104,67.0,19.7,0.00573292,,0.0,,0.0,-0.067153215,,,712.302917,648.617004,0.003711,0.003803
735,4,0,0,545.7919,71.0,19.7,0.005885738,,0.0,,-0.041608002,-0.090525389,,,709.606873,654.88092,0.003985,0.003856
736,4,0,0,546.2391,76.0,20.1,0.006022139,,0.0,,0.018407227,-0.277641535,,,721.282898,645.384827,0.004111,0.004032
737,4,0,0,546.6871,80.0,20.1,0.006151034,,0.0,,0.047552002,-0.414428949,,,721.044922,645.937012,0.00408,0.004063
738,4,0,0,547.5851,79.0,20.5,0.006219483,,0.0,,-0.016298065,-0.291802645,,,0.0,0.0,0.0,0.0
739,4,0,0,548.4862,76.0,20.5,0.006231119,,0.0,,-0.010162323,-0.17912364,,,735.861389,872.25769,0.00431,0.004478
740,4,0,0,549.3902,73.0,21.1,0.00618545,,0.0,,0.003067871,-0.180319548,,,713.09198,661.80481,0.004457,0.004341
741,4,0,0,549.8433,71.0,21.1,0.006109323,,0.0,,0.001533936,-0.180665731,,,719.651306,665.798889,0.004888,0.004701
742,4,0,0,549.8433,69.0,21.7,0.006069869,,0.0,,-0.000959,-0.167493582,,,,,,
743,4,0,0,550.7518,71.0,21.7,0.006069869,,0.0,,-0.000959,-0.167493582,,,,,,
744,4,0,0,551.2071,74.0,21.9,0.006069869,,0.0,,-0.000959,-0.167493582,,,,,,
