Time,Drive,Stimulus,Failure,Palm.EDA,Heart.Rate,Breathing.Rate,Perinasal.Perspiration,Speed,Acceleration,Brake,Steering,LaneOffset,Lane.Position,Distance,Gaze.X.Pos,Gaze.Y.Pos,Lft.Pupil.Diameter,Rt.Pupil.Diameter
1,4,0,0,113.9419,88.0,27.7,0.005637811,-0.01780773816962,0.0,263.973999,0.042183228,-0.099997282,1.924997282,8.4e-06,0.0,0.0,0.005781,0.005706
2,4,0,0,112.8999,88.0,27.9,0.005613165,-0.01780773816962,0.0,263.973999,0.042183228,-0.099997282,1.924997282,1.58e-05,0.0,0.0,0.005291,0.005342
3,4,0,0,113.2452,89.0,27.9,0.005545819,-0.017807749435,0.0,237.8997803,-0.024734711,-0.099996805,1.924996805,2.42e-05,0.0,0.0,0.0,0.0
4,4,0,0,112.4885,91.0,28.1,0.005479624,0.4081904307027,0.0,154.989624,-0.024734711,-0.10002923,1.92502923,3.16e-05,854.565491,647.480286,0.005811,0.005648
5,4,0,0,111.7418,91.0,28.1,0.005419827,0.73672440871508,0.0,98.8861084,0.023009033,-0.09979701,1.92479701,0.017282289,706.322205,836.380615,0.005477,0.0
6,4,0,0,109.755,94.0,28.6,0.005385945,0.73860156220316,0.0,25.0579834,0.017640259,-0.099628687,1.924628687,0.142535689,703.881897,794.805786,0.005233,0.005219
7,4,0,0,107.2133,95.0,28.6,0.005360345,3.35373566635006,13.54614258,0.0,0.017640259,-0.099280596,1.924280596,0.321427341,709.323181,694.609985,0.005456,0.005349
8,4,0,0,104.6091,94.0,29.0,0.005339917,10.0438859816235,3.738098145,0.0,0.017640259,-0.09670949,1.92170949,0.477946503,718.925781,707.52002,0.005814,0.006502
9,4,0,0,102.1847,94.0,29.0,0.005314725,9.84033816798438,0.0,28.5736084,0.001533936,-0.089795828,1.914795828,0.729940211,691.246582,660.424072,0.005772,0.005671
10,4,0,0,102.0721,96.0,29.1,0.005293841,9.45207497784064,0.0,17.14782715,0.014572388,-0.083586454,1.908586454,1.966272361,698.439697,724.194885,0.005282,0.005256
11,4,0,0,102.2976,97.0,29.1,0.005279446,9.00453431086618,0.0,12.46032715,0.023776001,-0.072023153,1.897023153,4.177030284,714.797607,706.89563,0.005291,0.005325
12,4,0,0,102.8087,94.0,29.2,0.005285386,8.61786975378342,0.0,4.696655273,0.012271484,-0.060269117,1.885269117,6.195625617,799.1521,619.654297,0.005248,0.0052
13,4,0,0,103.325,94.0,29.2,0.005316211,8.17200292593748,0.0,3.964233398,0.012271484,-0.046040773,1.871040773,8.41395701,702.627319,691.624695,0.005068,0.005155
14,4,0,0,103.7301,94.0,29.3,0.005351125,7.78594016384498,0.0,0.0,0.012271484,-0.032845736,1.857845736,10.29967156,712.166992,700.8125,0.005328,0.005383
15,4,0,0,104.55,94.0,29.3,0.005380942,7.34133277651492,0.0,0.0,0.012271484,-0.017172098,1.842172098,12.36947593,684.848022,614.429016,0.005188,0.005197
16,4,0,0,105.2632,95.0,29.4,0.00538775,8.53847372288256,2.592773438,0.0,0.00690271,-0.002309084,1.827309084,14.12537963,705.434875,682.920105,0.005223,0.005213
17,4,0,0,106.2903,94.0,29.4,0.005367678,8.8086180518807,0.0,9.823608398,0.003834839,0.017887831,1.807112169,15.97070388,680.442017,721.914978,0.005354,0.0
18,4,0,0,107.0893,93.0,29.4,0.005335121,8.42298647542638,0.0,263.6810303,-0.052345551,0.0338099,1.7911901,17.59784806,721.021729,735.012085,0.005565,0.005679
19,4,0,0,107.3998,92.0,29.4,0.005300525,7.9776646972423,0.0,263.2415771,-0.030870453,0.04219985,1.78280015,19.37208082,676.883789,650.603882,0.00555,0.005531
20,4,0,0,107.8376,91.0,29.5,0.005276377,7.59164069127568,0.0,262.802124,-0.030870453,0.046859026,1.778140974,20.88053259,1229.244141,618.487427,0.005615,0.00566
21,4,0,0,108.279,88.0,29.5,0.005246755,7.14636196937396,0.0,263.6810303,-0.030870453,0.048485041,1.776514959,22.8216355,0.0,0.0,0.005108,0.005248
22,4,0,0,108.6602,87.0,29.2,0.005214348,6.77346033025588,0.0,152.0599365,-0.030870453,0.047249079,1.777750921,24.56746822,714.808899,727.669678,0.005585,0.0
23,4,0,0,108.5965,88.0,29.2,0.005171927,6.41244862058632,0.0,37.65563965,-0.010929291,0.043469667,1.781530333,26.57378415,727.35498,826.906677,0.005548,0.006814
24,4,0,0,108.5965,88.0,29.0,0.005134708,6.57818045580528,8.091430664,0.0,-0.010162323,0.040239573,1.784760427,28.27364392,723.121216,681.898987,0.005384,0.0
25,4,0,0,108.6602,87.0,29.0,0.005097902,15.2848448134483,14.46899414,0.0,-0.010162323,0.032099485,1.792900515,30.13054302,723.602722,479.157593,0.005915,0.005902
26,4,0,0,108.724,90.0,28.2,0.005069243,21.3917408119102,15.26275635,0.0,-0.010162323,0.015187502,1.809812498,31.69879825,753.134705,871.570007,0.00546,0.00594
27,4,0,0,109.0441,91.0,28.2,0.005035935,26.4837440707902,14.29321289,0.0,-0.010162323,-0.017306566,1.842306566,33.40611597,701.75531,719.733276,0.005152,0.005182
28,4,0,0,109.1727,92.0,27.5,0.00500762,30.1171845918094,14.82330322,0.0,0.005368774,-0.064514875,1.889514875,34.77876881,702.261719,690.23407,0.005447,0.005323
29,4,0,0,109.4954,90.0,27.5,0.004982456,33.8614671500434,15.26275635,0.0,0.008436646,-0.118821383,1.943821383,36.34449388,745.330627,871.207092,0.005288,0.0052
30,4,0,0,109.69,89.0,27.1,0.004967219,36.858116713459,14.95513916,0.0,0.008436646,-0.158712149,1.983712149,37.6685807,698.557983,689.641602,0.005334,0.005373
31,4,0,0,110.1467,88.0,27.1,0.004945226,39.832869371527,11.34613037,0.0,0.013038452,-0.186240911,2.011240911,39.1468914,747.731812,706.891296,0.005645,0.006772
32,4,0,0,110.6072,89.0,26.8,0.004912076,41.5643549461932,11.21429443,0.0,0.017640259,-0.181270361,2.006270361,41.29127949,704.158508,694.292603,0.005577,0.005426
33,4,0,0,110.0158,90.0,26.8,0.004864999,43.4042702217878,11.21429443,0.0,0.014572388,-0.129229784,1.954229784,45.1164255,697.612671,688.299622,0.005966,0.0
34,4,0,0,110.0812,91.0,26.6,0.004830144,44.7401283968268,9.192810059,0.0,0.009203613,-0.044220209,1.869220209,49.26884629,703.662598,695.106018,0.005347,0.005412
35,4,0,0,109.8201,90.0,26.6,0.004809615,46.0976962787846,10.90667725,0.0,-0.003259613,0.088144541,1.736855459,55.11554632,704.41449,693.731079,0.004733,0.004847
36,4,0,0,109.9505,89.0,26.3,0.004812981,47.5464850442102,12.18383789,0.0,-0.039307098,0.202082396,1.622917604,60.90164159,701.911682,682.873596,0.004976,0.004961
37,4,0,0,110.0812,89.0,26.3,0.004840996,49.2703271712002,11.92016602,0.0,0.001533936,0.258903742,1.566096258,67.84484807,699.691711,682.656372,0.005332,0.0
38,4,0,0,110.4753,87.0,26.1,0.004880601,50.6680227873332,11.92016602,0.0,-0.001725677,0.295286894,1.529713106,75.08684783,692.681885,686.202087,0.005395,0.005407
39,4,0,0,110.6733,89.0,26.1,0.004926834,52.2193423627578,12.05200195,0.0,-0.015531097,0.331174135,1.493825865,83.5581346,688.337585,699.538879,0.0,0.005289
40,4,0,0,111.3387,86.0,25.9,0.004952305,53.5159978039734,12.05200195,0.0,-0.007094452,0.342124224,1.482875776,91.11048245,697.645386,672.082886,0.004581,0.004667
41,4,0,0,111.8093,88.0,25.9,0.004957812,54.961624135832,11.96411133,0.0,0.003067871,0.322849989,1.502150011,100.4983172,702.260803,677.363403,0.004802,0.004852
42,4,0,0,112.1479,86.0,26.0,0.004949304,56.1712817787672,11.96411133,0.0,0.003067871,0.297005415,1.527994585,109.0489672,740.044983,837.916016,0.004979,0.0
43,4,0,0,112.4885,87.0,26.0,0.004939598,57.5257426528276,11.96411133,0.0,0.003067871,0.279554605,1.545445395,118.6672454,687.670105,679.270508,0.004971,0.005017
44,4,0,0,112.7625,86.0,26.1,0.004940084,58.666898626009,12.00805664,0.0,0.001533936,0.275432348,1.549567652,128.1352828,643.416809,819.122192,0.005298,0.006224
45,4,0,0,112.8312,88.0,26.1,0.004949241,59.9370296334542,11.83227539,0.0,-0.004793549,0.27635932,1.54864068,138.6610994,714.388977,682.794983,0.0054,0.005652
46,4,0,0,113.0378,90.0,26.5,0.004960087,61.0036269443908,11.8762207,0.0,-0.004793549,0.263390779,1.561609221,147.7068683,718.526123,680.867676,0.005161,0.0
47,4,0,0,113.5228,92.0,26.5,0.004979826,62.19530359244,11.8762207,0.0,-0.004793549,0.225666761,1.599333239,158.7580598,716.18811,658.989014,0.005176,0.0
48,4,0,0,113.3838,89.0,26.8,0.005012119,63.1124044827566,11.21429443,0.0,0.003834839,0.176349401,1.648650599,168.7403747,710.491821,693.289795,0.005333,0.0
49,4,0,0,113.5228,88.0,26.8,0.005069286,64.0450542367908,8.618774414,0.0,0.003067871,0.129114389,1.695885611,179.889443,710.157898,697.775513,0.004911,0.004919
50,4,0,0,113.732,84.0,27.1,0.005131467,64.472437294232,8.885192871,0.0,0.003067871,0.101049185,1.723950815,190.819726,690.640503,682.072815,0.004978,0.004999
51,4,0,0,114.2231,83.0,27.1,0.005205264,65.1150180777932,9.236755371,0.0,0.003067871,0.083781481,1.741218519,202.9657307,722.078979,688.819092,0.005382,0.006708
52,4,0,0,114.4348,83.0,27.4,0.005262112,65.6842113962946,9.236755371,0.0,-0.000959,0.081849813,1.743150187,213.3758781,692.377014,683.173401,0.005433,0.0
53,4,0,0,114.5056,86.0,27.4,0.005305926,66.2952963017046,9.236755371,0.0,-0.000959,0.083615541,1.741384459,226.0091964,685.181091,704.964294,0.005377,0.005365
54,4,0,0,114.4348,89.0,27.7,0.005319288,66.8355923755396,9.236755371,0.0,0.001533936,0.081930399,1.743069601,236.8179733,693.616699,697.499023,0.005535,0.005471
55,4,0,0,114.7895,91.0,27.7,0.005310446,67.412756191792,9.280700684,0.0,0.001533936,0.085730791,1.739269209,249.9138409,696.033203,695.830017,0.004714,0.0047
56,4,0,0,114.8607,91.0,27.9,0.005295649,67.9258560611538,9.324645996,0.0,0.005368774,0.0971663,1.7278337,262.1763626,660.026978,661.986206,0.004577,0.004679
57,4,0,0,114.932,90.0,27.9,0.005288375,68.4958095674976,9.632263184,0.0,0.0,0.128308535,1.696691465,275.7328444,705.336487,684.885803,0.005147,0.005078
58,4,0,0,115.0748,90.0,28.1,0.005293863,69.0622489994844,10.77484131,0.0,-0.004793549,0.171576262,1.653423738,287.2984715,710.570007,688.444702,0.0,0.005353
59,4,0,0,115.218,90.0,28.1,0.005305068,69.8287708500696,11.21429443,0.0,-0.005560516,0.203641653,1.621358347,301.2738937,0.0,0.0,0.0,0.0
60,4,0,0,115.218,89.0,28.3,0.005310456,70.5777792190388,11.21429443,0.0,-0.001725677,0.210761309,1.614238691,313.1828736,737.729675,854.640503,0.005045,0.0
61,4,0,0,115.5775,90.0,28.3,0.005305726,71.3383406053462,11.21429443,0.0,0.003067871,0.204913378,1.620086622,327.5564727,596.094421,809.484802,0.006079,0.0
62,4,0,0,115.7943,90.0,28.5,0.005290518,71.981253218722,11.21429443,0.0,-0.003259613,0.198816538,1.626183462,340.9521774,920.843018,680.679871,0.0,0.00535
63,4,0,0,115.7943,91.0,28.5,0.00526188,72.6697680903378,11.21429443,0.0,-0.000959,0.185520887,1.639479113,355.6875876,713.955627,688.605286,0.005489,0.007208
64,4,0,0,116.3034,91.0,28.6,0.005232553,73.2800640168128,11.21429443,0.0,0.0,0.169138193,1.655861807,368.1643818,691.401306,676.179077,0.005521,0.0
65,4,0,0,116.4497,91.0,28.6,0.005200051,73.9373055337192,11.30218506,0.0,-0.008628387,0.153208971,1.671791029,383.1047035,0.0,0.0,0.0,0.0
66,4,0,0,116.4497,91.0,28.7,0.005172785,74.5250431965736,11.30218506,0.0,0.003067871,0.109810114,1.715189886,395.7435021,758.205872,856.74292,0.005298,0.005502
67,4,0,0,116.5963,92.0,28.7,0.00514417,74.9381868458816,0.0,10.55603027,0.003067871,0.068058252,1.756941748,410.8962938,764.44342,725.753906,0.0,0.005476
68,4,0,0,116.5963,93.0,28.9,0.005123507,74.2028587037692,0.0,18.31970215,-0.008628387,0.049456358,1.775543642,424.9375494,692.669312,845.124573,0.0,0.005386
69,4,0,0,116.8907,93.0,28.9,0.00510369,73.404645005701,0.0,16.2689209,-0.003259613,-0.007328749,1.832328749,440.3068455,826.161011,503.068695,0.005549,0.0
70,4,0,0,116.9645,95.0,28.7,0.005089163,72.6870154032112,0.0,15.53649902,0.009203613,-0.081627607,1.906627607,453.3013859,0.0,0.0,0.0,0.0
71,4,0,0,116.9645,94.0,28.7,0.005079237,71.906012791773,0.0,9.384155273,0.014572388,-0.142614603,1.967614603,468.8692872,0.0,0.0,0.0,0.0
72,4,0,0,117.2608,90.0,28.5,0.005077572,71.2045394501036,0.0,0.0,-0.000959,-0.130323648,1.955323648,482.0272623,451.026306,350.079895,0.006303,0.0
73,4,0,0,117.4095,87.0,28.5,0.005083438,70.440336964233,0.087890625,0.0,-0.004793549,-0.100319147,1.925319147,497.7867963,671.132996,672.583313,0.005551,0.0
74,4,0,0,117.7829,87.0,28.4,0.005096895,70.3399408310902,5.58380127,0.0,0.003834839,-0.095922232,1.920922232,512.378901,727.246582,880.588623,0.0,0.005466
75,4,0,0,117.9329,89.0,28.4,0.005121096,70.3748673071326,5.58380127,0.0,0.003834839,-0.087599516,1.912599516,527.7087933,843.162598,838.960083,0.005288,0.0
76,4,0,0,118.008,90.0,28.2,0.005145064,70.4123757438974,6.509399414,0.0,0.00690271,-0.061762094,1.886762094,541.8710135,741.220886,682.236511,0.0,0.005353
77,4,0,0,118.1586,92.0,28.2,0.005169582,70.712544594249,7.915649414,0.0,0.00690271,-0.009137869,1.834137869,558.0997912,742.394104,842.767822,0.005325,0.0
78,4,0,0,118.2341,92.0,28.1,0.005189841,71.0023177358432,8.223266602,0.0,-0.007094452,0.064215899,1.760784101,571.8517427,712.360291,710.518005,0.0,0.005555
79,4,0,0,118.461,91.0,28.1,0.005221463,71.510441204057,9.500427246,0.0,-0.007094452,0.12089467,1.70410533,588.3506226,747.904114,791.583984,0.005298,0.0
80,4,0,0,118.461,90.0,28.0,0.00526191,71.817732124205,8.223266602,0.0,-0.005560516,0.141880274,1.683119726,603.6451972,719.873291,718.07251,0.004634,0.005326
81,4,0,0,118.461,88.0,28.0,0.005318028,72.153034331256,8.442993164,0.0,-0.004793549,0.143485308,1.681514692,619.7202681,698.821411,682.384888,0.005334,0.0
82,4,0,0,118.6127,86.0,27.9,0.005368369,72.4538662779678,8.709411621,0.0,0.0,0.135293722,1.689706278,634.557355,765.112915,847.557922,0.005479,0.0
83,4,0,0,118.6887,86.0,27.9,0.005420414,72.8121953079804,8.574829102,0.0,0.001533936,0.113028765,1.711971235,651.5333475,0.0,0.0,0.0,0.0
84,4,0,0,118.6887,85.0,27.8,0.005455568,73.128692280571,9.017028809,0.0,0.003834839,0.097051859,1.727948141,665.8867868,705.656006,688.588623,0.00546,0.0
85,4,0,0,118.461,86.0,27.8,0.005480716,73.5126150952188,9.192810059,0.0,0.00690271,0.08360219,1.74139781,683.0841608,0.0,0.0,0.0,0.0
86,4,0,0,118.5368,86.0,27.7,0.005495995,73.85772869186,9.412536621,0.0,-0.001725677,0.094126463,1.730873537,699.0097462,696.369873,743.723694,0.005146,0.005097
87,4,0,0,118.8411,86.0,27.7,0.005515545,74.188825371623,5.58380127,0.0,-0.004793549,0.10191226,1.72308774,715.6322767,701.663086,728.832214,0.005221,0.005189
88,4,0,0,119.0703,87.0,27.7,0.005533841,74.1810927986976,6.113891602,0.0,-0.003259613,0.095932245,1.729067755,730.7506022,708.17511,709.10907,0.005264,0.0
89,4,0,0,119.2236,87.0,27.7,0.005554118,74.2359696833576,6.465454102,0.0,0.003067871,0.08942914,1.73557086,747.7920313,672.426208,681.094116,0.005267,0.0
90,4,0,0,119.2236,89.0,27.9,0.005573397,74.2988356053654,6.860961914,0.0,-0.003259613,0.082021475,1.742978525,761.9939628,0.0,0.0,0.0,0.0
91,4,0,0,119.3004,88.0,27.9,0.005591827,74.4901429366798,8.442993164,0.0,-0.003259613,0.069061518,1.755938482,778.7679003,714.413025,494.516602,0.005645,0.005578
92,4,0,0,119.2236,89.0,28.1,0.005590501,74.7254825828774,8.841247559,0.0,-0.000959,0.047432661,1.777567339,793.4103545,735.619629,850.509094,0.005221,0.005207
93,4,0,0,119.5314,88.0,28.1,0.005560941,74.875098400432,0.0,0.0,-0.000959,0.017868757,1.807131243,807.9426611,714.376099,707.672119,0.005119,0.005854
94,4,0,0,119.4543,88.0,28.0,0.005496533,74.4971179610804,5.100402832,0.0,-0.000959,-0.018109083,1.843109083,824.3240729,747.690796,882.887207,0.005366,0.0
95,4,0,0,119.6086,88.0,28.0,0.005431911,74.4518782066754,5.627746582,0.0,-0.000959,-0.053167582,1.878167582,838.0007984,0.0,0.0,0.0,0.0
96,4,0,0,119.6859,89.0,27.9,0.005370941,74.4509102691324,6.641235352,0.0,0.018407227,-0.094270468,1.919270468,854.2834734,673.334473,665.1745,0.005456,0.0
97,4,0,0,119.7633,88.0,27.9,0.005337789,74.5569675775932,7.476196289,0.0,0.014572388,-0.093227148,1.918227148,869.2692793,897.572021,516.587524,0.0,0.006552
98,4,0,0,119.8409,88.0,27.8,0.005327063,74.7187504883498,7.256469727,0.0,0.012271484,-0.036695242,1.861695242,884.9129945,723.708923,678.434875,0.005452,0.006916
99,4,0,0,119.9962,88.0,27.8,0.005340612,74.8496085630674,7.651977539,0.0,-0.003259613,0.050350904,1.774649096,899.2813102,706.893311,669.711609,0.005595,0.0
100,4,0,0,120.1519,88.0,27.7,0.005367669,75.0437171920528,8.003540039,0.0,0.003067871,0.151273012,1.673726988,915.6662774,839.478699,532.980591,0.005575,0.0
101,4,0,0,120.2299,88.0,27.7,0.005383329,75.2238755147426,5.58380127,0.0,-0.023200775,0.225411654,1.599588346,929.4775217,705.744629,667.687927,0.005185,0.0
102,4,0,0,120.4645,89.0,27.7,0.005376951,74.8627214171072,2.724609375,0.0,-0.007094452,0.250736952,1.574263048,946.0096334,709.488098,695.734375,0.005381,0.005387
103,4,0,0,120.5429,90.0,27.7,0.005344433,74.6636364513474,5.100402832,0.0,0.0,0.22132802,1.60367198,961.2884224,702.926514,681.218506,0.004942,0.005039
104,4,0,0,120.6214,90.0,27.6,0.005277265,74.59955235552,5.495910645,0.0,-0.013997162,0.181631804,1.643368196,977.2865576,712.833618,680.880493,0.005273,0.005285
105,4,0,0,120.8576,91.0,27.6,0.005206367,74.5525244151608,5.276184082,0.0,0.003067871,0.127980471,1.697019529,992.0037936,692.950623,676.815918,0.005199,0.007597
106,4,0,0,120.9365,89.0,27.5,0.005140021,74.5438822432674,5.938110352,0.0,0.003067871,0.060669184,1.764330816,1008.793021,725.160889,854.335876,0.004857,0.004833
107,4,0,0,121.0947,87.0,27.5,0.005108551,74.5246714712204,5.627746582,0.0,0.005368774,0.009751081,1.815248919,1022.949058,712.731995,682.191711,0.004642,0.004781
108,4,0,0,121.0947,85.0,27.5,0.005100854,74.4917643789166,5.58380127,0.0,0.005368774,-0.041265726,1.866265726,1039.865067,728.490112,841.119019,0.004584,0.0046
109,4,0,0,121.2533,85.0,27.5,0.00511035,74.4637406840022,5.539855957,0.0,0.005368774,-0.068436384,1.893436384,1054.814036,711.211182,676.5625,0.004706,0.004829
110,4,0,0,121.3327,83.0,27.5,0.005127409,74.4291366231354,5.188293457,0.0,0.005368774,-0.085078478,1.910078478,1071.875829,695.282898,683.783081,0.005393,0.0
111,4,0,0,121.4123,84.0,27.5,0.005143004,74.3850826304424,5.58380127,0.0,0.008436646,-0.084537268,1.909537268,1086.954623,671.098877,683.085571,0.005343,0.0
112,4,0,0,121.7315,86.0,27.4,0.005162279,74.3530544791796,5.58380127,0.0,0.008436646,-0.06251359,1.88751359,1104.125126,696.199219,697.18927,0.005472,0.0
113,4,0,0,121.4919,88.0,27.4,0.005178241,74.3274840460678,5.58380127,0.0,0.008436646,-0.023296595,1.848296595,1118.550311,741.948181,857.137085,0.004635,0.004903
114,4,0,0,121.7315,89.0,27.7,0.005192351,74.2979052780982,5.58380127,0.0,-0.004793549,0.041933298,1.783066702,1135.734388,680.009827,680.406128,0.00501,0.005162
115,4,0,0,121.8116,89.0,27.7,0.005202305,74.2750260638014,5.715637207,0.0,-0.004793549,0.096853971,1.728146029,1150.869868,836.705383,694.130188,0.0,0.005201
116,4,0,0,121.972,88.0,27.9,0.005217427,74.266542009563,5.982055664,0.0,-0.005560516,0.136925459,1.688074541,1168.104382,714.101318,663.960876,0.00464,0.00489
117,4,0,0,122.2135,86.0,27.9,0.005244135,74.3427232244892,7.608032227,0.0,-0.010162323,0.162517309,1.662482691,1183.31694,727.159302,863.985229,0.004638,0.004769
118,4,0,0,122.1329,86.0,28.1,0.005294899,74.2968924560626,3.82598877,0.0,-0.008628387,0.165507078,1.659492922,1200.640912,693.879395,703.566406,0.004656,0.00479
119,4,0,0,122.2135,85.0,28.1,0.005350221,74.2369301374696,5.58380127,0.0,-0.008628387,0.144750834,1.680249166,1215.135973,0.0,0.0,0.0,0.0
120,4,0,0,122.2942,84.0,28.3,0.005413031,74.2068433652356,5.58380127,0.0,-0.004793549,0.090959787,1.734040213,1232.371864,705.626099,670.588318,0.004978,0.0
121,4,0,0,122.456,82.0,28.3,0.005453545,74.21066902391,6.553344727,0.0,-0.003259613,0.029477835,1.795522165,1247.53474,778.919312,859.77771,0.005293,0.005101
122,4,0,0,122.456,81.0,28.5,0.005470376,74.258093940167,5.58380127,0.0,0.003834839,-0.060552835,1.885552835,1264.780413,702.559204,665.732605,0.004802,0.0
123,4,0,0,122.537,83.0,28.5,0.00546187,73.9105218352748,4.00177002,0.0,0.010737549,-0.135409594,1.960409594,1279.984981,721.664429,663.582214,0.004916,0.005024
124,4,0,0,122.6181,83.0,28.6,0.00543913,73.8339030408026,5.364074707,0.0,0.012271484,-0.198479414,2.023479414,1296.602055,880.248596,486.553894,0.005117,0.004967
125,4,0,0,122.8622,85.0,28.6,0.005419033,73.7895048585638,5.05645752,0.0,0.013038452,-0.222092867,2.047092867,1311.86585,735.084106,910.964722,0.005064,0.004873
126,4,0,0,122.8622,86.0,28.7,0.00540277,73.738877886789,5.100402832,0.0,0.014572388,-0.209100962,2.034100962,1329.254565,0.0,0.0,0.0,0.0
127,4,0,0,122.9438,88.0,28.7,0.005391504,73.6982799195592,5.58380127,0.0,0.010737549,-0.166000605,1.991000605,1344.540796,712.545288,687.892883,0.0,0.005617
128,4,0,0,122.9438,87.0,28.9,0.005369396,73.6768334523842,5.58380127,0.0,-0.013997162,-0.108515978,1.933515978,1361.845124,714.163208,850.140503,0.005372,0.0
129,4,0,0,123.0254,87.0,28.9,0.005335547,73.5490450971562,0.0,0.0,-0.013997162,-0.063723803,1.888723803,1377.046736,745.465088,853.386597,0.005193,0.005571
130,4,0,0,123.1072,88.0,29.0,0.005286489,72.9377540835724,0.3515625,0.0,0.012271484,-0.052294016,1.877294016,1393.617319,770.347595,929.279297,0.005296,0.0
131,4,0,0,123.3532,92.0,29.0,0.005244108,72.624001647231,5.58380127,0.0,-0.000959,-0.03783536,1.86283536,1408.799614,714.597473,686.20929,0.005257,0.0
132,4,0,0,123.3532,91.0,29.1,0.005203033,72.6084182792638,5.23223877,0.0,0.001533936,-0.018765688,1.843765688,1426.047597,727.200623,720.361572,0.005421,0.0
133,4,0,0,123.4355,90.0,29.1,0.005177703,72.5901444005912,5.58380127,0.0,0.0,6.37e-05,1.824936342,1441.204263,705.069275,708.005676,0.005134,0.005157
134,4,0,0,123.5178,90.0,29.2,0.005164472,72.5689871800944,5.40802002,0.0,-0.025501678,0.023734331,1.801265669,1457.235617,736.174194,713.322815,0.006652,0.005164
135,4,0,0,123.7654,90.0,29.2,0.005162647,72.560750400947,5.58380127,0.0,0.003834839,-0.002050638,1.827050638,1472.382842,741.59491,716.408508,0.005896,0.005163
136,4,0,0,123.8482,89.0,29.2,0.005164939,72.5561102070184,5.58380127,0.0,0.00690271,-0.037311316,1.862311316,1488.909783,698.939392,674.062988,0.004889,0.0
137,4,0,0,124.0141,90.0,29.2,0.005167532,72.5522948320266,5.627746582,0.0,-0.000959,-0.052847624,1.877847624,1504.054668,690.672974,726.16217,0.005229,0.005132
138,4,0,0,124.1804,89.0,29.3,0.005162029,72.526656372113,0.087890625,0.0,-0.001725677,-0.064667463,1.889667463,1521.258448,735.744324,850.884094,0.005077,0.005184
139,4,0,0,124.2637,90.0,29.3,0.005143237,72.1212240685358,3.869934082,0.0,0.001533936,-0.080589533,1.905589533,1536.392085,691.442627,686.294189,0.0,0.005053
140,4,0,0,123.9311,89.0,29.4,0.005113,72.0859115118274,5.58380127,0.0,0.003834839,-0.104748964,1.929748964,1553.583974,719.023376,681.349121,0.006023,0.0053
141,4,0,0,123.9311,89.0,29.4,0.005089732,72.088354795722,5.58380127,0.0,0.014572388,-0.112685442,1.937685442,1568.025054,750.939697,688.4505,0.005339,0.005218
142,4,0,0,124.5144,88.0,29.4,0.005073596,72.0907528571626,5.58380127,0.0,0.003067871,-0.085564375,1.910564375,1583.17078,694.324707,689.381714,0.006231,0.0
143,4,0,0,124.6821,88.0,29.4,0.005067387,72.0930188722562,5.58380127,0.0,-0.010162323,-0.044733763,1.869733763,1598.303186,0.0,0.0,0.0,0.0
144,4,0,0,124.5982,88.0,29.5,0.005080993,71.8350705579092,4.045715332,0.0,0.010737549,-0.014111757,1.839111757,1615.485235,718.131287,702.581787,0.005045,0.005096
145,4,0,0,124.6821,89.0,29.5,0.005111975,71.8186577682928,5.58380127,0.0,0.014572388,0.011386156,1.813613844,1630.599851,725.308411,862.298218,0.00443,0.004574
146,4,0,0,124.8502,90.0,29.5,0.005157741,71.8248074104876,5.58380127,0.0,0.012271484,0.080706835,1.744293165,1647.781778,729.589478,861.10498,0.004148,0.004221
147,4,0,0,124.8502,91.0,29.5,0.005196446,71.7811430068218,0.0,0.0,-0.001725677,0.170964956,1.654035044,1662.202503,695.440002,658.749878,0.004089,0.004221
148,4,0,0,125.0188,91.0,29.6,0.005227109,71.2040068229372,1.186523438,0.0,0.010737549,0.265864134,1.559135866,1679.303926,697.111511,687.755676,0.004726,0.004924
149,4,0,0,125.1878,91.0,29.6,0.005236574,70.7760720676506,0.966796875,0.0,-0.045442841,0.344962835,1.480037165,1694.340626,663.887085,710.830627,0.005737,0.0
150,4,0,0,125.2725,89.0,29.6,0.005236987,70.4975931454292,4.00177002,0.0,-0.008628387,0.365316153,1.459683847,1711.416351,712.132507,881.000977,0.004649,0.0
151,4,0,0,125.3573,88.0,29.6,0.005241206,70.4433677376946,4.573059082,0.0,-0.016298065,0.305640936,1.519359064,1726.432541,759.992676,849.271973,0.005134,0.005145
152,4,0,0,125.5272,86.0,29.6,0.005253796,70.3651979739842,5.100402832,0.0,-0.004793549,0.207373857,1.617626143,1743.488998,672.437988,670.751404,0.005069,0.0
153,4,0,0,125.6124,85.0,29.6,0.005263952,70.3792927346382,5.58380127,0.0,0.005368774,0.104247808,1.720752192,1757.810416,713.689209,587.05658,0.005722,0.00568
154,4,0,0,125.6124,84.0,29.7,0.005262683,70.4069718537652,5.58380127,0.0,0.013038452,-0.002318144,1.827318144,1774.762449,701.579773,734.786499,0.004956,0.005096
155,4,0,0,125.6976,85.0,29.7,0.00524618,70.4310499298016,5.58380127,0.0,0.021475098,-0.057445288,1.882445288,1789.576128,0.0,0.0,0.0,0.0
156,4,0,0,125.783,87.0,29.7,0.005217969,70.4568345660674,5.58380127,0.0,0.018407227,-0.062676668,1.887676668,1806.385096,748.486511,848.453003,0.006932,0.0
157,4,0,0,125.6976,87.0,29.7,0.00519702,70.4597182619464,3.913879395,0.0,-0.005560516,-0.023528814,1.848528814,1821.172599,613.558289,690.381714,0.005359,0.0
158,4,0,0,126.0398,88.0,29.7,0.005184725,70.4573096593288,5.58380127,0.0,-0.010929291,0.020299673,1.804700327,1837.300497,615.029419,689.385315,0.005344,0.0
159,4,0,0,126.1257,89.0,29.7,0.00518119,70.4797730684498,5.58380127,0.0,0.001533936,0.038660288,1.786339712,1852.081177,691.30719,699.456116,0.005464,0.005572
160,4,0,0,126.2116,92.0,29.5,0.005177785,70.508972016086,5.627746582,0.0,-0.010929291,0.046232939,1.778767061,1868.876221,680.980225,691.50647,0.005238,0.005392
161,4,0,0,126.5566,92.0,29.5,0.005174631,70.5374562236414,5.58380127,0.0,-0.010929291,0.028843164,1.796156836,1883.654988,776.53772,850.114197,0.004804,0.004899
162,4,0,0,126.4702,88.0,29.2,0.005176102,70.5718671476148,6.597290039,0.0,0.003067871,-0.020296335,1.845296335,1900.441353,0.0,0.0,0.0,0.0
163,4,0,0,126.8166,86.0,29.2,0.005183347,70.6596348702446,6.113891602,0.0,0.003067871,-0.057816267,1.882816267,1915.142332,741.079529,869.492126,0.004607,0.0052
164,4,0,0,126.8166,83.0,29.0,0.005193636,70.7338635051356,6.069946289,0.0,0.014572388,-0.087526083,1.912526083,1931.160924,666.622314,681.329773,0.00576,0.0
165,4,0,0,126.7299,83.0,29.0,0.005198755,70.816900717676,6.553344727,0.0,0.009203613,-0.082952738,1.907952738,1944.510025,740.056091,707.570007,0.005254,0.005538
166,4,0,0,126.7299,83.0,28.8,0.005200893,70.9352582922238,6.553344727,0.0,0.008436646,-0.040851831,1.865851831,1960.529362,752.588684,855.603821,0.005007,0.0
167,4,0,0,126.7299,83.0,28.8,0.005204752,71.0218661152354,6.333618164,0.0,-0.001725677,0.01398015,1.81101985,1975.214217,700.866699,682.81488,0.005067,0.005054
168,4,0,0,126.7299,84.0,28.6,0.0052201,71.1196245240248,6.509399414,0.0,-0.001725677,0.074631453,1.750368547,1991.858553,0.0,0.0,0.0,0.0
169,4,0,0,126.8166,86.0,28.6,0.005242366,71.2242068240954,6.685180664,0.0,-0.008628387,0.122605562,1.702394438,2005.822566,829.885376,474.053894,0.005781,0.0
170,4,0,0,126.7299,87.0,28.5,0.005270019,71.3538477066908,6.685180664,0.0,-0.010929291,0.157167196,1.667832804,2022.447501,884.956177,464.322906,0.0,0.006052
171,4,0,0,127.0777,87.0,28.5,0.005290495,71.4565333351978,6.509399414,0.0,-0.010929291,0.153214693,1.671785307,2037.057713,717.615723,689.731323,0.005787,0.005098
172,4,0,0,127.165,86.0,28.3,0.005306717,71.5578326138552,6.421508789,0.0,-0.016298065,0.115504503,1.709495497,2053.543405,678.313293,704.557983,0.004999,0.0
173,4,0,0,127.4275,85.0,28.3,0.005313049,71.6539276410074,6.685180664,0.0,-0.010929291,0.046461821,1.778538179,2067.954136,0.0,0.0,0.0,0.0
174,4,0,0,127.5152,85.0,28.2,0.005312074,71.7711442900556,6.685180664,0.0,0.003834839,-0.071122408,1.896122408,2084.273685,685.69928,685.0,0.0,0.005328
175,4,0,0,127.5152,85.0,28.2,0.005305632,71.8779821606032,6.729125977,0.0,0.019941162,-0.171946764,1.996946764,2097.968011,0.0,0.0,0.0,0.0
176,4,0,0,127.6031,86.0,28.1,0.005293324,71.9960719570684,6.817016602,0.0,0.029144775,-0.233666658,2.058666658,2114.256723,748.085876,913.827209,0.0,0.006071
177,4,0,0,127.6031,86.0,28.1,0.005279743,72.1241609691952,7.168579102,0.0,0.003834839,-0.220953703,2.045953703,2128.593398,0.0,0.0,0.0,0.0
178,4,0,0,127.5152,86.0,28.0,0.00526176,72.2868645189922,7.256469727,0.0,-0.003259613,-0.164530039,1.989530039,2144.891467,718.192505,829.9646,0.004921,0.0
179,4,0,0,127.6031,84.0,28.0,0.005244925,72.4253845970762,7.300415039,0.0,-0.010162323,-0.136438131,1.961438131,2159.239249,791.226624,458.283905,0.005317,0.00541
180,4,0,0,127.6911,84.0,27.9,0.005228875,72.5892109190176,7.344360352,0.0,-0.012463226,-0.125264406,1.950264406,2175.549396,598.221924,773.256104,0.005237,0.00537
181,4,0,0,127.6911,83.0,27.9,0.005223201,72.7369262347794,7.520141602,0.0,0.003834839,-0.144810915,1.969810915,2189.247016,716.920105,684.515381,0.005442,0.005821
182,4,0,0,127.7792,85.0,27.8,0.005232733,72.9164259833544,5.627746582,0.0,0.008436646,-0.172606707,1.997606707,2205.557201,738.906189,851.965027,0.004671,0.004695
183,4,0,0,127.8674,86.0,27.8,0.005253826,72.9113797529438,5.715637207,0.0,0.001533936,-0.177489519,2.002489519,2217.957221,697.291382,689.359009,0.0,0.005034
184,4,0,0,127.9558,87.0,27.7,0.00529551,72.92171562644,6.333618164,0.0,0.003067871,-0.173049688,1.998049688,2231.667365,701.612,675.384277,0.004956,0.005011
185,4,0,0,128.0443,88.0,27.7,0.005356621,73.0211601729342,6.904907227,0.0,0.005368774,-0.159256697,1.984256697,2246.68925,688.76178,660.467407,0.004707,0.004697
186,4,0,0,128.1328,88.0,27.7,0.005432746,73.1382242726438,7.344360352,0.0,0.016106323,-0.134106398,1.959106398,2260.412595,0.0,0.0,0.0,0.0
187,4,0,0,128.1328,90.0,27.7,0.005520957,73.1956443168388,5.715637207,0.0,0.00690271,-0.072239637,1.897239637,2276.769333,683.744873,662.593811,0.004723,0.004884
188,4,0,0,128.3104,91.0,27.6,0.005582162,73.1918743574218,3.782043457,0.0,-0.000959,0.013278723,1.811721277,2291.178091,738.188904,846.594604,0.004777,0.004898
189,4,0,0,128.3104,92.0,27.6,0.005624464,73.1170022118384,5.495910645,0.0,-0.000959,0.105890036,1.719109964,2307.574015,725.126404,470.843903,0.00523,0.005255
190,4,0,0,128.3994,91.0,27.5,0.005637233,73.0720144157038,5.40802002,0.0,-0.036239227,0.184568644,1.640431356,2322.025343,0.0,0.0,0.0,0.0
191,4,0,0,128.667,90.0,27.5,0.005627508,73.1109791281412,6.553344727,0.0,0.014572388,0.223146677,1.601853323,2338.469549,718.530823,687.629028,0.005137,0.0
192,4,0,0,128.7565,89.0,27.5,0.005604065,73.1876284678866,6.729125977,0.0,0.009203613,0.210104704,1.614895296,2352.301683,701.507385,674.76947,0.005324,0.0
193,4,0,0,128.7565,88.0,27.5,0.005570698,73.3112492762506,7.344360352,0.0,0.009203613,0.225620985,1.599379015,2368.795978,698.484985,676.933594,0.005463,0.0
194,4,0,0,129.0256,88.0,27.5,0.005540804,73.4529907702126,7.432250977,0.0,-0.004793549,0.239583254,1.585416746,2383.33642,0.0,0.0,0.00641,0.0
195,4,0,0,129.2056,89.0,27.5,0.005500162,73.6294678403062,7.651977539,0.0,-0.013997162,0.257405996,1.567594004,2399.884773,0.0,0.0,0.0,0.0
196,4,0,0,129.2959,88.0,27.4,0.005451723,73.7420470956774,7.036743164,0.0,-0.017832001,0.250633955,1.574366045,2414.467526,671.706299,710.174988,0.005418,0.0
197,4,0,0,129.5672,88.0,27.4,0.005387623,73.8588120351744,6.992797852,0.0,-0.017832001,0.193448782,1.631551218,2431.06505,707.195313,564.871399,0.00562,0.0
198,4,0,0,129.4767,89.0,27.4,0.005338072,73.960127053177,7.168579102,0.0,0.003834839,0.094215155,1.730784845,2445.029128,869.124573,516.029175,0.005713,0.0
199,4,0,0,129.658,90.0,27.4,0.005302706,74.0897726350452,7.300415039,0.0,0.010737549,-0.027982473,1.852982473,2461.679975,0.0,0.0,0.0,0.0
200,4,0,0,129.658,90.0,27.6,0.005293507,74.1785968571982,5.23223877,0.0,0.010737549,-0.125448465,1.950448465,2476.359494,726.64447,676.780396,0.005998,0.005328
201,4,0,0,129.8398,91.0,27.6,0.005300312,74.1198473050424,5.58380127,0.0,0.021475098,-0.190165281,2.015165281,2492.408228,644.3172,764.456909,0.005279,0.005461
202,4,0,0,129.9309,92.0,27.9,0.005309446,74.0961409704526,5.58380127,0.0,-0.004793549,-0.193431616,2.018431616,2507.823014,758.32489,848.440918,0.005082,0.004926
203,4,0,0,130.1135,90.0,27.9,0.005312791,74.0730983276788,5.715637207,0.0,0.001533936,-0.185136557,2.010136557,2524.616833,711.932129,666.173096,0.005176,0.0
204,4,0,0,130.1135,89.0,28.1,0.005307401,74.0861703366694,6.509399414,0.0,0.012271484,-0.179016829,2.004016829,2538.755315,825.744507,754.123779,0.006161,0.0
205,4,0,0,130.2966,88.0,28.1,0.005292475,74.1167036363798,5.58380127,0.0,-0.003259613,-0.145986795,1.970986795,2555.624728,688.832092,705.159302,0.005262,0.0
206,4,0,0,130.2049,87.0,28.3,0.005271525,74.095843258646,5.627746582,0.0,-0.003259613,-0.111321688,1.936321688,2570.476701,676.282104,674.129211,0.005284,0.0
207,4,0,0,130.5722,87.0,28.3,0.005238793,74.0771091087334,5.715637207,0.0,-0.000959,-0.082135439,1.907135439,2586.682669,726.742493,668.847229,0.00522,0.005352
208,4,0,0,130.7566,87.0,28.4,0.005208535,74.0733585740502,6.245727539,0.0,-0.000959,-0.061163187,1.886163187,2602.232237,723.490112,662.250122,0.005094,0.005945
209,4,0,0,130.7566,86.0,28.4,0.005187657,74.1202837580504,6.377563477,0.0,-0.000959,-0.03929925,1.86429925,2619.164717,723.82312,705.427185,0.004939,0.0
210,4,0,0,130.8489,87.0,28.6,0.005195066,74.1334704164226,5.671691895,0.0,0.0,-0.022394419,1.847394419,2633.396639,717.109314,653.944397,0.004968,0.0
211,4,0,0,130.9415,87.0,28.6,0.005236651,74.1185356124754,5.715637207,0.0,0.0,-0.003462076,1.828462076,2650.332817,727.796997,853.801025,0.004982,0.005131
212,4,0,0,130.7566,90.0,28.4,0.005291396,74.0999048787512,5.58380127,0.0,-0.000959,0.013761759,1.811238241,2665.225719,696.353271,671.303223,0.004815,0.0
213,4,0,0,130.8489,91.0,28.4,0.005357442,73.6391324259016,0.0,0.0,-0.012463226,0.029618979,1.795381021,2681.463701,743.625671,846.597473,0.005167,0.0
214,4,0,0,131.3129,89.0,28.3,0.005406048,73.134980454753,0.0,0.0,-0.019365936,0.019017458,1.805982542,2697.035756,700.786316,934.468201,0.005022,0.005056
215,4,0,0,131.5928,88.0,28.3,0.005438214,72.5633304304614,0.0,0.0,0.025309937,-0.042843103,1.867843103,2713.983596,718.138123,890.110229,0.005048,0.004872
216,4,0,0,131.6864,87.0,28.2,0.005443751,72.1874450138284,3.82598877,0.0,0.017640259,-0.082594633,1.907594633,2728.245362,717.850586,663.425293,0.005125,0.0
217,4,0,0,131.7801,86.0,28.2,0.005438193,72.0568627478,4.00177002,0.0,0.0,-0.075827837,1.900827837,2745.26046,717.985596,668.103271,0.005196,0.005394
218,4,0,0,131.8739,86.0,28.1,0.005432581,71.9238935891506,4.660949707,0.0,-0.015531097,-0.05630517,1.88130517,2759.584364,717.524475,677.99292,0.005171,0.0
219,4,0,0,132.062,87.0,28.1,0.005422154,71.915591583453,5.58380127,0.0,-0.010929291,-0.054884195,1.879884195,2776.663688,675.2948,665.626709,0.005234,0.0
220,4,0,0,132.062,87.0,28.0,0.005407357,71.920838192787,5.58380127,0.0,-0.005560516,-0.082829714,1.907829714,2792.401515,710.307617,673.127319,0.005201,0.0
221,4,0,0,132.1563,87.0,28.0,0.005389841,71.9282439087584,5.58380127,0.0,0.019941162,-0.127389193,1.952389193,2809.537621,0.0,0.0,0.0,0.0
222,4,0,0,132.2506,86.0,27.9,0.005375366,71.944049220805,6.157836914,0.0,0.009203613,-0.135590315,1.960590315,2823.956069,709.712891,657.696899,0.00464,0.0
223,4,0,0,132.3452,86.0,27.9,0.005352782,72.013203204341,5.58380127,0.0,0.001533936,-0.115792513,1.940792513,2841.115412,760.361084,842.785583,0.004905,0.0
224,4,0,0,132.3452,87.0,27.8,0.005324354,71.9957706403402,5.58380127,0.0,0.001533936,-0.088917017,1.913917017,2855.523656,734.924988,679.271729,0.004975,0.005056
225,4,0,0,132.3452,89.0,27.8,0.005287572,71.9996751083944,5.58380127,0.0,0.001533936,-0.052371264,1.877371264,2872.670758,686.342102,697.717529,0.005653,0.0
226,4,0,0,132.3452,89.0,27.7,0.00526404,72.0031540508592,5.58380127,0.0,0.001533936,-0.016950369,1.841950369,2888.447279,696.278503,691.051392,0.005655,0.0
227,4,0,0,132.7246,90.0,27.7,0.005260232,72.0074111414008,5.58380127,0.0,0.0,0.027965784,1.797034216,2905.60287,636.019714,496.180206,0.005707,0.005878
228,4,0,0,132.8198,90.0,27.7,0.005276618,71.8782075969504,0.0,0.0,-0.008628387,0.068123102,1.756876898,2920.009578,215.044205,930.20697,0.0,0.006852
229,4,0,0,132.9151,92.0,27.7,0.005309999,71.3321338798616,0.0,0.0,-0.013997162,0.086643457,1.738356543,2937.15621,712.567017,822.302917,0.005076,0.0
230,4,0,0,133.0106,92.0,27.3,0.005348808,71.180685506849,5.012512207,0.0,-0.010929291,0.068231344,1.756768656,2951.560968,681.574219,591.729126,0.005444,0.005498
231,4,0,0,133.2978,87.0,27.3,0.005401481,71.1528446329586,5.144348145,0.0,-0.001725677,0.018831015,1.806168985,2968.719721,611.4328,761.325684,0.005435,0.006917
232,4,0,0,133.2978,85.0,27.6,0.005446831,71.1464046014542,5.58380127,0.0,-0.000959,-0.029955149,1.854955149,2984.505046,918.62439,475.016296,0.00575,0.005806
233,4,0,0,133.2978,84.0,27.6,0.005483313,71.150619656035,5.58380127,0.0,-0.004793549,-0.084344625,1.909344625,3001.658495,0.0,0.0,0.0,0.0
234,4,0,0,133.5863,85.0,27.8,0.00549535,71.1544509473994,5.495910645,0.0,0.013038452,-0.133787394,1.958787394,3016.005975,706.686279,656.220093,0.004777,0.004961
235,4,0,0,133.7793,86.0,27.8,0.005494242,71.1709029405382,5.671691895,0.0,0.001533936,-0.168250799,1.993250799,3032.951541,722.113281,452.128693,0.005363,0.005374
236,4,0,0,133.6827,86.0,28.0,0.005494526,71.2060176932672,6.069946289,0.0,-0.000959,-0.184465647,2.009465647,3047.07385,899.390625,650.701904,0.004926,0.0
237,4,0,0,133.6827,88.0,28.0,0.005501538,71.2602334771486,5.671691895,0.0,-0.004793549,-0.200657606,2.025657606,3063.786344,725.77002,674.73999,0.004749,0.004952
238,4,0,0,133.9728,90.0,28.2,0.005503391,71.283527563204,5.938110352,0.0,-0.003259613,-0.216157198,2.041157198,3079.128191,710.996521,660.842529,0.005368,0.0
239,4,0,0,134.0698,91.0,28.2,0.005491338,71.3552454345742,6.377563477,0.0,0.003834839,-0.239722967,2.064722967,3095.110075,733.942871,700.618103,0.005187,0.0
240,4,0,0,134.167,91.0,28.4,0.005474005,71.4309600374608,6.421508789,0.0,0.003834839,-0.253088236,2.078088236,3109.75935,704.494324,492.846191,0.005157,0.00519
241,4,0,0,134.167,89.0,28.4,0.005455693,71.5227543126772,6.377563477,0.0,0.003834839,-0.258038759,2.083038759,3126.407749,735.969727,832.065613,0.004982,0.0
242,4,0,0,134.2642,87.0,28.3,0.005442743,71.581795477241,6.201782227,0.0,0.003834839,-0.253303289,2.078303289,3140.394881,710.342529,652.402893,0.004998,0.0
243,4,0,0,134.3616,86.0,28.3,0.005432712,71.6732935695238,6.641235352,0.0,0.010737549,-0.234683275,2.059683275,3157.059079,679.437927,673.327393,0.005337,0.0
244,4,0,0,134.5569,84.0,28.1,0.005425919,71.8038226951454,7.651977539,0.0,0.010737549,-0.198287249,2.023287249,3172.390946,0.0,0.0,0.0,0.0
245,4,0,0,134.7527,84.0,28.1,0.005411258,71.8162744966868,5.276184082,0.0,0.010737549,-0.12534833,1.95034833,3188.390187,719.1073,668.789917,0.00467,0.0
246,4,0,0,134.7527,85.0,28.0,0.00538746,71.8168631127918,5.627746582,0.0,0.00690271,-0.041159868,1.866159868,3203.056943,737.9646,867.00061,0.004884,0.0
247,4,0,0,134.4592,86.0,28.0,0.005354404,71.8583085906524,6.421508789,0.0,0.00690271,0.08498168,1.74001832,3219.724428,698.735229,668.406921,0.004894,0.0
248,4,0,0,134.8509,86.0,27.9,0.005332907,71.9425092916392,6.641235352,0.0,-0.017832001,0.202320814,1.622679186,3233.672113,730.474426,883.492371,0.004954,0.0
249,4,0,0,134.7527,87.0,27.9,0.00533055,72.0419242745576,6.597290039,0.0,-0.039307098,0.309797049,1.515202951,3250.167048,654.018921,468.135315,0.005255,0.005308
250,4,0,0,134.8509,87.0,28.1,0.005350546,72.1316034263988,6.641235352,0.0,-0.034705292,0.32898736,1.49601264,3265.322224,712.786682,681.430115,0.0,0.004953
251,4,0,0,135.1461,88.0,28.1,0.005387956,72.23349103148,6.641235352,0.0,-0.030870453,0.249451876,1.575548124,3281.132265,722.410889,657.542114,0.005013,0.005075
252,4,0,0,135.2448,88.0,28.0,0.005423204,72.3216540723874,6.641235352,0.0,-0.004793549,0.105526686,1.719473314,3295.625004,0.0,0.0,0.0,0.0
253,4,0,0,135.3436,89.0,28.0,0.005458401,72.3868426904436,5.58380127,0.0,0.018407227,-0.084024668,1.909024668,3312.094833,718.809082,678.298584,0.00511,0.006022
254,4,0,0,135.7405,91.0,27.9,0.005479961,72.397051393893,5.938110352,0.0,0.023009033,-0.222801447,2.047801447,3325.932308,745.635681,698.675415,0.0,0.006354
255,4,0,0,135.84,91.0,27.9,0.005499786,72.4579096964376,6.465454102,0.0,0.021475098,-0.309597254,2.134597254,3342.414448,700.7005,699.467896,0.005411,0.0
256,4,0,0,135.9398,90.0,27.8,0.005519277,72.5244860483758,6.289672852,0.0,0.032212646,-0.33560586,2.16060586,3356.929828,0.0,0.0,0.0,0.0
257,4,0,0,135.9398,90.0,27.8,0.005534647,72.584980623987,6.201782227,0.0,0.029144775,-0.298986197,2.123986197,3373.432678,735.490479,699.715271,0.005602,0.005619
258,4,0,0,135.9398,89.0,27.7,0.005528806,72.5876476383284,4.52911377,0.0,0.021475098,-0.189555407,2.014555407,3387.970744,732.288574,665.230408,0.0,0.006621
259,4,0,0,136.1396,91.0,27.7,0.005506048,72.5106842680688,5.58380127,0.0,-0.007094452,-0.003669977,1.828669977,3401.86396,0.0,0.0,0.0,0.0
260,4,0,0,136.2398,93.0,27.4,0.005480669,72.5070427339838,5.58380127,0.0,-0.023200775,0.177711725,1.647288275,3417.097846,0.0,0.0,0.0,0.006502
261,4,0,0,136.1396,95.0,27.4,0.005466083,72.5035169275382,5.671691895,0.0,-0.057714325,0.353364706,1.471635294,3433.674317,0.0,0.0,0.0,0.0
262,4,0,0,136.6419,93.0,27.0,0.005466013,72.5218058696332,5.938110352,0.0,-0.060015228,0.422856569,1.402143431,3447.619969,0.0,0.0,0.0,0.005118
263,4,0,0,136.8438,93.0,27.0,0.005466285,72.5519910208214,5.982055664,0.0,0.003834839,0.365275621,1.459724379,3464.251667,698.621704,660.62323,0.005167,0.0
264,4,0,0,136.8438,94.0,26.7,0.005462239,72.5778113683418,6.113891602,0.0,-0.004793549,0.307575941,1.517424059,3478.214701,715.556885,465.901703,0.005446,0.005634
265,4,0,0,136.945,97.0,26.7,0.005457894,72.6394738741778,6.729125977,0.0,-0.000959,0.244522333,1.580477667,3494.843719,825.255188,670.388611,0.0,0.005608
266,4,0,0,136.945,99.0,26.2,0.005453286,72.7396347861862,6.773071289,0.0,-0.001725677,0.187157393,1.637842607,3510.162181,745.474487,855.230408,0.005107,0.0
267,4,0,0,137.0464,102.0,26.2,0.005438876,72.8425432439096,5.58380127,0.0,0.003834839,0.121094465,1.703905535,3526.838113,701.440674,661.783325,0.004953,0.0
268,4,0,0,137.3513,103.0,25.4,0.00541715,72.7922483433504,5.58380127,0.0,0.017640259,0.078807592,1.746192408,3540.866018,716.53009,748.650879,0.005303,0.0
269,4,0,0,137.4533,104.0,25.4,0.005391592,72.669033313974,3.82598877,0.0,0.0,0.072345972,1.752654028,3557.588957,0.0,0.0,0.0,0.0
270,4,0,0,137.3513,103.0,24.6,0.005378471,72.3531236056428,3.29864502,0.0,-0.004793549,0.093452692,1.731547308,3571.655198,0.0,0.0,0.0,0.0
271,4,0,0,137.2495,99.0,24.6,0.005379432,72.185044828059,3.869934082,0.0,-0.007094452,0.111552954,1.713447046,3588.410307,0.0,0.0,0.0,0.0
272,4,0,0,137.8626,92.0,24.0,0.005392427,72.0608296260594,4.221496582,0.0,0.001533936,0.115050077,1.709949923,3603.833177,832.266113,503.381287,0.005368,0.0
273,4,0,0,137.9653,88.0,24.0,0.005412968,71.9430683602618,4.617004395,0.0,-0.010162323,0.117209673,1.707790327,3619.943974,0.0,0.0,0.0,0.0
274,4,0,0,138.1712,84.0,23.4,0.005432494,71.8917617481116,5.495910645,0.0,0.0,0.10828805,1.71671195,3634.725532,711.22937,668.489502,0.005073,0.0
275,4,0,0,138.1712,79.0,23.4,0.005455214,71.8722834715698,5.364074707,0.0,-0.003259613,0.086966753,1.738033247,3648.838599,679.557495,812.616089,0.005655,0.0
276,4,0,0,138.0682,78.0,22.9,0.005485288,71.8559771719812,5.58380127,0.0,-0.003259613,0.056794882,1.768205118,3665.622693,0.0,0.0,0.0,0.0
277,4,0,0,138.1712,76.0,22.9,0.005514961,71.8612198545256,5.627746582,0.0,-0.003259613,0.021782637,1.803217363,3681.062041,0.0,0.0,0.0,0.0
278,4,0,0,138.2743,76.0,22.1,0.005557661,71.8769106298444,5.715637207,0.0,-0.001725677,-0.027355433,1.852355433,3697.844693,0.0,0.0,0.0,0.0
279,4,0,0,138.0682,78.0,22.1,0.005604046,71.8918843315394,5.75958252,0.0,0.005368774,-0.069194555,1.894194555,3711.947251,788.688904,739.668091,0.005571,0.0
280,4,0,0,137.8626,78.0,21.7,0.005653615,71.9192405044086,5.806274414,0.0,0.005368774,-0.109663248,1.934663248,3728.743068,719.028503,673.465393,0.0,0.003401
281,4,0,0,138.0682,77.0,21.7,0.005679844,71.9388637985778,5.806274414,0.0,0.003834839,-0.133978128,1.958978128,3742.859431,682.103394,673.08429,0.005492,0.0
282,4,0,0,138.2743,75.0,21.6,0.005692544,71.9636489220498,5.894165039,0.0,0.010737549,-0.146710634,1.971710634,3759.686227,0.0,0.0,0.0,0.0
283,4,0,0,138.1712,76.0,21.6,0.005702573,72.0145298154898,6.465454102,0.0,0.019941162,-0.134301901,1.959301901,3775.191085,0.0,0.0,0.0,0.0
284,4,0,0,138.3777,75.0,21.6,0.005724355,72.0988659424376,6.377563477,0.0,0.012271484,-0.071543932,1.896543932,3792.041103,0.0,0.0,0.0,0.0
285,4,0,0,138.3777,76.0,21.6,0.005753063,72.156250033977,6.069946289,0.0,0.001533936,0.009931326,1.815068674,3806.173474,749.620117,849.177917,0.005101,0.0
286,4,0,0,138.5848,80.0,21.5,0.005793333,72.1561909872924,5.58380127,0.0,-0.003259613,0.116542578,1.708457422,3822.924452,0.0,0.0,0.0,0.0
287,4,0,0,138.6886,81.0,21.5,0.005834381,72.1706056042714,6.026000977,0.0,-0.008628387,0.208155394,1.616844606,3836.956914,682.06073,683.61969,0.005132,0.0
288,4,0,0,138.8966,79.0,21.8,0.005886721,72.2446439025206,6.465454102,0.0,-0.030103485,0.280750513,1.544249487,3853.630354,796.150391,669.823608,0.0,0.005168
289,4,0,0,138.7925,80.0,21.8,0.005930408,72.3134695002296,6.421508789,0.0,-0.02856955,0.307374239,1.517625761,3868.946995,0.0,0.0,0.0,0.0
290,4,0,0,138.8966,81.0,22.0,0.005961654,72.3855646169892,6.069946289,0.0,-0.003259613,0.258132696,1.566867304,3884.920125,662.062195,674.363708,0.004865,0.0
291,4,0,0,139.0009,84.0,22.0,0.005960803,72.404503845098,5.58380127,0.0,0.0,0.193139315,1.631860685,3899.558176,770.125793,449.282593,0.005269,0.005345
292,4,0,0,139.1053,83.0,22.2,0.005928883,72.4034160600052,5.627746582,0.0,-0.004793549,0.11805892,1.70694108,3916.191767,868.227295,491.420105,0.005372,0.005454
293,4,0,0,139.3146,82.0,22.2,0.005885776,72.4028036095748,5.58380127,0.0,-0.001725677,0.041768312,1.783231688,3930.166577,821.457214,740.205688,0.00606,0.0
294,4,0,0,139.6297,83.0,22.4,0.005830392,72.2491540456838,0.747070313,0.0,-0.052345551,-0.063566923,1.888566923,3946.807741,0.0,0.0,0.0,0.0
295,4,0,0,139.6297,85.0,22.4,0.005779212,72.1603306603876,5.627746582,0.0,0.074395874,-0.223082781,2.048082781,3962.123589,0.0,0.0,0.0,0.0
296,4,0,0,139.7351,86.0,22.2,0.005723717,72.16277099919,5.671691895,0.0,-0.000959,-0.316935301,2.141935301,3978.110836,677.584717,738.848083,0.005146,0.0
297,4,0,0,139.5245,90.0,22.2,0.005686934,72.1660148975478,5.627746582,0.0,0.036047485,-0.286613703,2.111613703,3992.772633,0.0,0.0,0.0,0.0
298,4,0,0,139.6297,93.0,22.4,0.005662566,72.169310149945,5.58380127,0.0,-0.001725677,-0.17897296,2.00397296,4009.451576,0.0,0.0,0.0,0.0
299,4,0,0,140.1581,95.0,22.4,0.005652037,72.1734686523182,5.58380127,0.0,-0.054646454,-0.05878377,1.88378377,4023.476843,775.245972,935.238098,0.005636,0.0
300,4,0,0,140.3706,97.0,22.3,0.005644552,72.1745114241712,5.627746582,0.0,-0.023200775,-0.013358831,1.838358831,4040.17876,0.0,0.0,0.0,0.0
301,4,0,0,140.4771,96.0,22.3,0.005641927,72.1755018924742,5.58380127,0.0,0.003834839,-0.042092085,1.867092085,4054.878903,773.171326,724.703674,0.006065,0.0
302,4,0,0,140.3706,95.0,22.1,0.005647091,72.1775683655012,5.627746582,0.0,0.014572388,-0.089264154,1.914264154,4071.600787,0.0,0.0,0.006852,0.0
303,4,0,0,140.5837,95.0,22.1,0.005654715,72.1794928142732,5.58380127,0.0,0.014572388,-0.100898504,1.925898504,4086.333254,700.924316,700.055603,0.0,0.00537
304,4,0,0,140.9046,94.0,22.0,0.005653148,72.181356784048,5.58380127,0.0,0.0,-0.076135397,1.901135397,4103.090104,0.0,0.0,0.0,0.0
305,4,0,0,140.9046,93.0,22.0,0.005632654,72.1828245665016,5.58380127,0.0,-0.007094452,-0.034547091,1.859547091,4117.167886,540.223206,712.024902,0.005635,0.0
306,4,0,0,141.0119,92.0,22.2,0.00558869,72.1847830850014,5.627746582,0.0,-0.007094452,-0.00353837,1.82853837,4133.926945,694.231384,708.848511,0.005721,0.0
307,4,0,0,141.0119,91.0,22.2,0.005543171,72.186865635335,5.58380127,0.0,0.005368774,0.008134127,1.816865873,4148.659372,0.0,0.0,0.0,0.0
308,4,0,0,141.1194,89.0,22.4,0.005493304,72.1903858412774,5.715637207,0.0,0.003834839,0.01996398,1.80503602,4165.361794,913.729797,471.928192,0.0,0.005906
309,4,0,0,141.227,87.0,22.4,0.005448877,72.2036819347696,5.938110352,0.0,-0.003259613,0.038896799,1.786103201,4180.06109,0.0,0.0,0.0,0.0
310,4,0,0,141.3348,85.0,22.6,0.005389505,72.2430714807802,5.982055664,0.0,0.001533936,0.053823709,1.771176291,4196.765403,703.062317,688.451477,0.004878,0.0
311,4,0,0,141.3348,84.0,22.6,0.005333298,72.2777577628276,6.113891602,0.0,-0.007094452,0.06765914,1.75734086,4210.797236,796.37323,669.189026,0.0,0.005037
312,4,0,0,141.4427,84.0,22.4,0.00527801,72.3765050627668,7.080688477,0.0,-0.008628387,0.075083971,1.749916029,4227.503221,0.0,0.0,0.0,0.0
313,4,0,0,141.4427,85.0,22.4,0.005246276,72.4522158997978,6.289672852,0.0,-0.037773163,0.059507608,1.765492392,4242.204922,714.108887,684.922302,0.00474,0.0
314,4,0,0,141.6591,87.0,22.3,0.005231662,72.510343216736,6.289672852,0.0,0.032212646,-0.015315294,1.840315294,4258.911761,702.464111,666.647705,0.005014,0.0
315,4,0,0,141.7676,89.0,22.3,0.005237989,72.5658372993794,6.289672852,0.0,0.029144775,-0.06008172,1.88508172,4273.614299,712.071716,699.069702,0.004948,0.0
316,4,0,0,141.8762,91.0,22.4,0.005268622,72.6219935610592,6.245727539,0.0,0.008436646,-0.038099051,1.863099051,4290.322138,714.328003,638.244812,0.004576,0.0
317,4,0,0,141.9849,90.0,22.4,0.00531604,72.6690219359402,6.289672852,0.0,-0.001725677,0.005417585,1.819582415,4304.357066,727.649719,646.575317,0.00459,0.004644
318,4,0,0,142.0939,86.0,22.3,0.005389368,72.7268695013062,6.333618164,0.0,-0.019365936,0.057139635,1.767860365,4321.065847,708.890015,645.39093,0.004745,0.0
319,4,0,0,142.3123,83.0,22.3,0.005461849,72.7857383699296,6.465454102,0.0,-0.010162323,0.07971549,1.74528451,4335.770062,695.418884,666.381897,0.004836,0.0
320,4,0,0,142.3123,79.0,22.5,0.005539317,72.856211304156,6.421508789,0.0,-0.005560516,0.072797537,1.752202463,4352.480862,706.89563,666.072998,0.004964,0.0
321,4,0,0,142.4217,77.0,22.5,0.005587553,72.9160385830296,6.421508789,0.0,0.001533936,0.050675631,1.774324369,4367.191768,702.491882,704.226196,0.004389,0.0
322,4,0,0,142.4217,77.0,22.3,0.005610716,72.926196270401,5.58380127,0.0,0.001533936,0.024181604,1.800818396,4383.249136,718.497925,681.560486,0.004937,0.0
323,4,0,0,142.5314,77.0,22.3,0.005611384,72.918983530389,5.58380127,0.0,0.005368774,0.005342245,1.819657755,4397.982516,737.815125,671.628479,0.005007,0.005687
324,4,0,0,142.7511,77.0,22.5,0.005612906,72.912113257929,5.627746582,0.0,0.003834839,-0.002757788,1.827757788,4414.750446,740.589111,852.467102,0.00503,0.0
325,4,0,0,142.4217,76.0,22.5,0.005627322,72.9081477154218,5.627746582,0.0,0.003834839,0.000962,1.824037504,4429.518801,723.707825,854.010498,0.005098,0.00505
326,4,0,0,143.082,78.0,22.3,0.005649367,72.9039830653698,5.671691895,0.0,0.00690271,0.015184164,1.809815836,4446.316269,696.424927,684.821716,0.005291,0.005329
327,4,0,0,143.3034,80.0,22.3,0.00565065,72.9027917675282,5.627746582,0.0,0.00690271,0.040249109,1.784750891,4461.110423,635.36731,682.86853,0.005543,0.0
328,4,0,0,143.1926,82.0,22.2,0.005619491,72.9015382204154,5.671691895,0.0,0.00690271,0.085586786,1.739413214,4477.262165,719.186523,850.579895,0.004922,0.0
329,4,0,0,143.6369,83.0,22.2,0.005577694,72.9006743427968,5.627746582,0.0,0.00690271,0.143072844,1.681927156,4492.080923,726.775696,660.066711,0.00517,0.00605
330,4,0,0,143.6369,81.0,22.1,0.005532469,72.8996602493826,5.627746582,0.0,-0.010162323,0.221047163,1.603952837,4508.937448,0.0,0.0,0.0,0.0
331,4,0,0,143.7484,78.0,22.1,0.005499505,72.9003027300974,5.715637207,0.0,-0.001725677,0.277550936,1.547449064,4523.786176,630.259216,714.761108,0.005656,0.0
332,4,0,0,143.7484,78.0,22.3,0.00547311,72.9053196061464,5.806274414,0.0,-0.015531097,0.326763868,1.498236132,4540.667161,0.0,0.0,0.0,0.0
333,4,0,0,143.9719,77.0,22.3,0.005463667,72.9171911440574,5.75958252,0.0,-0.02166684,0.348291159,1.476708841,4555.520484,0.0,0.0,0.0,0.0
334,4,0,0,143.9719,77.0,22.5,0.005469203,72.926514517386,5.806274414,0.0,0.0,0.319577932,1.505422068,4571.722538,734.563416,796.204102,0.0,0.006043
335,4,0,0,144.0839,81.0,22.5,0.005486118,72.9372622048948,5.806274414,0.0,-0.016298065,0.269420385,1.555579615,4586.573458,774.062622,734.575623,0.006163,0.0
336,4,0,0,144.1961,82.0,22.6,0.005512879,72.9680481387984,6.421508789,0.0,-0.013997162,0.204623461,1.620376539,4603.448634,580.415527,775.995728,0.0,0.006999
337,4,0,0,144.3085,83.0,22.6,0.005533759,72.9765778500126,5.671691895,0.0,0.016106323,0.119411707,1.705588293,4618.298447,697.834412,687.824585,0.00553,0.0
338,4,0,0,144.3085,84.0,23.0,0.005539936,72.9981032392212,6.113891602,0.0,0.016106323,0.030510187,1.794489813,4635.172867,0.0,0.0,0.0,0.0
339,4,0,0,144.421,87.0,23.0,0.005526158,73.0312864298954,6.113891602,0.0,0.014572388,-0.011178732,1.836178732,4649.347106,696.713684,708.715881,0.005404,0.0
340,4,0,0,144.6466,88.0,23.4,0.005510633,73.034547419444,5.715637207,0.0,0.014572388,-0.020924807,1.845924807,4666.22132,693.44989,690.518127,0.005549,0.0
341,4,0,0,144.8729,89.0,23.4,0.005524511,73.0531949063976,6.245727539,0.0,0.005368774,0.003595591,1.821404409,4681.071646,697.702271,680.138184,0.005465,0.0
342,4,0,0,144.9864,90.0,24.1,0.005583744,73.085032173843,5.23223877,0.0,0.005368774,0.055015802,1.769984198,4697.949896,0.0,0.0,0.005198,0.007222
343,4,0,0,144.9864,89.0,24.1,0.005663076,73.0066258049658,4.836730957,0.0,0.005368774,0.111166239,1.713833761,4712.804901,724.745728,668.081726,0.00533,0.005376
344,4,0,0,145.1,88.0,24.4,0.005761867,72.9660383628196,5.539855957,0.0,-0.02856955,0.185886621,1.639113379,4729.688698,0.0,0.0,0.0,0.006552
345,4,0,0,145.1,89.0,24.4,0.005834903,72.9564335642052,5.58380127,0.0,-0.012463226,0.219800234,1.605199766,4743.877468,749.424377,857.105713,0.005067,0.0
346,4,0,0,145.3277,89.0,24.9,0.005882276,72.9467186062678,5.58380127,0.0,0.023776001,0.226011992,1.598988008,4760.770717,707.150024,693.278809,0.005148,0.0
347,4,0,0,145.4419,89.0,24.9,0.005883802,72.9385697292712,5.58380127,0.0,-0.039307098,0.24307704,1.58192296,4775.644066,689.514099,699.050476,0.005676,0.005619
348,4,0,0,145.6707,90.0,25.4,0.005843195,72.9292616285792,5.58380127,0.0,-0.023200775,0.224038363,1.600961637,4792.549735,709.547302,706.238403,0.005755,0.0
349,4,0,0,145.7853,90.0,25.4,0.005782627,72.9854940442278,7.695922852,0.0,0.055988647,0.182561159,1.642438841,4807.429983,0.0,0.0,0.0,0.0
350,4,0,0,146.1305,90.0,25.9,0.005704162,73.2570689783162,7.564086914,0.0,-0.019365936,0.246006727,1.578993273,4824.345314,0.0,0.0,0.0,0.0
351,4,0,0,146.1305,89.0,25.9,0.005647674,73.3049694223564,6.377563477,0.0,-0.010929291,0.330888033,1.494111967,4836.512352,0.0,0.0,0.0,0.0
352,4,0,0,146.2459,90.0,26.0,0.005588396,73.363660989992,6.245727539,0.0,-0.032404388,0.353629351,1.471370649,4851.375505,777.61438,952.107422,0.0,0.00607
353,4,0,0,146.3615,88.0,26.0,0.005543461,73.3556604136764,5.495910645,0.0,-0.008628387,0.305054426,1.519945574,4864.209818,0.0,0.0,0.0,0.0
354,4,0,0,146.3615,90.0,25.8,0.005489015,73.3119643703862,5.100402832,0.0,0.009203613,0.215346575,1.609653425,4880.419477,0.0,0.0,0.0,0.0
355,4,0,0,146.5932,95.0,25.8,0.005444258,73.2702483141914,5.23223877,0.0,0.009203613,0.157730341,1.667269659,4895.951663,0.0,0.0,0.0,0.0
356,4,0,0,146.7093,95.0,25.3,0.00540202,73.2170315120216,4.88067627,0.0,0.014572388,0.11645484,1.70854516,4912.834733,593.684204,886.034485,0.0,0.00597
357,4,0,0,146.8256,91.0,25.3,0.00538471,73.157339578642,5.23223877,0.0,0.025309937,0.111602545,1.713397455,4927.047789,709.66803,741.924927,0.005179,0.005055
358,4,0,0,147.1757,87.0,24.9,0.005394909,73.1263907312502,5.23223877,0.0,0.037581421,0.158078432,1.666921568,4944.012642,0.0,0.0,0.0,0.0
359,4,0,0,147.1757,87.0,24.9,0.005422873,73.1089149081902,5.58380127,0.0,-0.000959,0.248479128,1.576520872,4958.953371,0.0,0.0,0.0,0.0
360,4,0,0,147.2928,88.0,24.5,0.005457202,73.0949199105228,5.58380127,0.0,-0.033938324,0.37203145,1.45296855,4975.253852,0.0,0.0,0.006704,0.0
361,4,0,0,147.1757,91.0,24.5,0.005470691,73.0871713729446,5.715637207,0.0,-0.033938324,0.418191671,1.406808329,4990.866076,0.0,0.0,0.0,0.0
362,4,0,0,147.2928,92.0,24.2,0.005454438,73.0987538733916,5.850219727,0.0,-0.016298065,0.381799459,1.443200541,5007.823662,685.433105,677.125916,0.0,0.005088
363,4,0,0,147.5274,92.0,24.2,0.005420157,73.1264760101768,6.333618164,0.0,0.008436646,0.303340197,1.521659803,5022.104748,677.739075,689.208923,0.0,0.005689
364,4,0,0,147.41,91.0,23.9,0.005382546,73.1899593876624,6.553344727,0.0,0.003834839,0.190773726,1.634226274,5039.035776,727.631287,642.576904,0.0,0.005806
365,4,0,0,147.7629,89.0,23.9,0.00536589,73.2616559996512,6.685180664,0.0,0.014572388,0.09711051,1.72788949,5053.251787,688.813782,683.585388,0.0,0.005016
366,4,0,0,147.8809,86.0,23.6,0.005365966,73.3338013117254,6.597290039,0.0,0.014572388,0.027743578,1.797256422,5068.81836,736.625793,857.497009,0.004871,0.004927
367,4,0,0,147.8809,82.0,23.6,0.005378026,73.3379704035558,5.58380127,0.0,0.017640259,-0.015334845,1.840334845,5085.736422,688.482788,709.364197,0.005179,0.00521
368,4,0,0,147.9991,81.0,23.3,0.005389126,73.3397495128324,5.850219727,0.0,0.017640259,-0.011874437,1.836874437,5099.949016,686.021301,680.173523,0.005192,0.005283
369,4,0,0,148.1174,78.0,23.3,0.005392182,73.3502778633926,5.850219727,0.0,0.017640259,0.038293123,1.786706877,5116.875771,693.816528,688.695984,0.00538,0.005358
370,4,0,0,148.236,78.0,22.8,0.005381958,73.3544268545664,5.58380127,0.0,0.010737549,0.12681222,1.69818778,5131.784969,754.299316,869.571777,0.005193,0.005168
371,4,0,0,148.3547,76.0,22.8,0.005362236,73.3398067731496,5.58380127,0.0,-0.017832001,0.253684282,1.571315718,5148.068125,697.368591,703.984009,0.004763,0.00476
372,4,0,0,148.236,76.0,22.6,0.005352432,73.3292105406282,5.627746582,0.0,-0.027035614,0.338917971,1.486082029,5163.686543,706.520874,701.54187,0.005269,0.004725
373,4,0,0,148.4737,77.0,22.6,0.005359088,73.3252781666184,5.894165039,0.0,-0.017832001,0.376835108,1.448164892,5180.662225,732.251282,859.24823,0.004991,0.004961
374,4,0,0,148.5928,77.0,22.8,0.005371447,73.3350319257432,5.894165039,0.0,-0.010929291,0.36584115,1.45915885,5192.885858,687.397705,684.282593,0.005036,0.005138
375,4,0,0,148.5928,80.0,22.8,0.00538853,73.348354637719,6.069946289,0.0,-0.030103485,0.301856756,1.523143244,5209.864866,728.920105,860.664673,0.00531,0.00537
376,4,0,0,148.7122,81.0,23.2,0.00540443,73.3921184342232,6.333618164,0.0,-0.017832001,0.177271605,1.647728395,5224.804296,814.253113,758.114502,0.006011,0.0
377,4,0,0,148.7122,83.0,23.2,0.005423659,73.4411425999184,6.333618164,0.0,0.005368774,-0.01270318,1.83770318,5241.778121,691.702515,706.499329,0.005683,0.0
378,4,0,0,148.9514,83.0,23.6,0.005433717,73.499167981261,6.773071289,0.0,0.052920776,-0.165876627,1.990876627,5256.714087,793.997498,852.817017,0.005817,0.0
379,4,0,0,148.9514,85.0,23.6,0.005432216,73.6068529279176,7.256469727,0.0,-0.069218842,-0.268521547,2.093521547,5273.010245,693.067383,678.596619,0.005432,0.0
380,4,0,0,148.8317,85.0,23.9,0.005423964,73.731558286601,7.915649414,0.0,-0.054646454,-0.40269351,2.22769351,5287.951706,773.921326,561.443481,0.006167,0.005393
381,4,0,0,149.1914,88.0,23.9,0.005414702,73.9482264023054,8.267211914,0.0,0.001533936,-0.752876997,2.577876997,5304.941461,0.0,0.0,0.0,0.0
382,4,0,0,149.1914,91.0,23.9,0.005412158,74.0330362223888,3.65020752,0.0,0.014572388,-1.092382669,2.917382669,5319.90377,0.0,0.0,0.0,0.0
383,4,0,0,149.7948,91.0,23.9,0.005417926,73.665020124301,4.089660645,0.0,0.021475098,-1.469666004,3.294666004,5336.928295,0.0,0.0,0.0,0.0
384,4,0,0,148.9514,90.0,23.6,0.005424406,73.5320483746142,3.869934082,0.0,0.018407227,-1.764450788,3.589450788,5351.253792,706.793091,699.69873,0.005232,0.0
385,4,0,0,149.7948,90.0,23.6,0.005417883,73.346071386594,3.782043457,0.0,0.010737549,1.533541679,3.941458321,5368.349785,703.363403,715.693604,0.006094,0.0
386,4,0,0,149.6737,89.0,23.4,0.005394883,73.1918275417212,3.913879395,0.0,0.008436646,1.299897194,4.175102806,5383.421642,883.726807,438.216492,0.0,0.005177
387,4,0,0,150.0375,89.0,23.4,0.005358718,73.0301666189366,3.82598877,0.0,-0.030870453,1.06571126,4.40928874,5400.475692,905.362,834.30011,0.0,0.007291
388,4,0,0,150.0375,90.0,22.8,0.005329304,72.8794142371938,3.869934082,0.0,-0.008628387,0.817950249,4.657049751,5415.446321,715.586182,686.187317,0.005258,0.005656
389,4,0,0,149.916,90.0,22.8,0.005306625,72.7257017481088,4.00177002,0.0,0.030678711,0.480146408,4.994853592,5432.41556,693.645203,743.638123,0.0,0.005098
390,4,0,0,150.281,91.0,22.6,0.005297415,72.5854707967642,4.00177002,0.0,0.001533936,0.210670948,5.264329052,5446.63577,725.99939,688.604004,0.004986,0.005153
391,4,0,0,150.4031,91.0,22.6,0.005297121,72.4314227441958,3.957824707,0.0,0.038348389,-0.049703121,5.524703121,5463.523976,737.946594,690.005676,0.0,0.005752
392,4,0,0,150.1592,89.0,22.5,0.005304904,72.3014042782496,4.00177002,0.0,0.02761084,-0.173078418,5.648078418,5478.349163,686.681091,688.627686,0.0,0.005111
393,4,0,0,150.5253,88.0,22.5,0.0053202,72.1501147631884,4.00177002,0.0,0.012271484,-0.225779891,5.700779891,5495.159442,800.084229,672.160522,0.005075,0.005081
394,4,0,0,150.6478,87.0,22.3,0.005335029,72.0225556745368,4.089660645,0.0,0.012271484,-0.234772563,5.709772563,5509.920131,701.963928,683.540527,0.004504,0.004622
395,4,0,0,150.8933,87.0,22.3,0.005350138,71.8852798415804,4.00177002,0.0,0.008436646,-0.213780522,5.688780522,5526.658236,720.942078,663.639771,0.004606,0.004687
396,4,0,0,150.8933,89.0,22.2,0.005360722,71.7747256670114,4.309387207,0.0,-0.017832001,-0.17689836,5.65189836,5540.688899,0.0,0.0,0.0,0.0
397,4,0,0,151.1396,90.0,22.2,0.005375345,71.6709153512454,4.617004395,0.0,-0.017832001,-0.162825584,5.637825584,5557.358057,695.007996,675.099182,0.005019,0.005023
398,4,0,0,151.1396,90.0,22.1,0.005397014,71.5931734949476,4.617004395,0.0,0.001533936,-0.191519976,5.666519976,5571.997352,724.969727,665.409302,0.004912,0.00505
399,4,0,0,151.1396,90.0,22.1,0.005426482,71.5208969733832,4.924621582,0.0,0.001533936,-0.238290191,5.713290191,5587.940431,732.481384,863.858521,0.004521,0.00464
400,4,0,0,151.263,91.0,22.0,0.005443937,71.4643443634482,4.748840332,0.0,0.010737549,-0.274746537,5.749746537,5603.196842,643.433899,867.140808,0.004533,0.00463
401,4,0,0,151.3867,90.0,22.0,0.00545168,71.4310013331252,5.495910645,0.0,0.010737549,-0.293704271,5.768704271,5619.760146,713.685913,674.258911,0.004834,0.004834
402,4,0,0,151.5106,91.0,22.2,0.005458649,71.4070125754588,3.957824707,0.0,0.005368774,-0.284622431,5.759622431,5633.659788,736.113403,856.39502,0.004764,0.00476
403,4,0,0,151.6346,91.0,22.2,0.005478238,71.2834399185476,5.100402832,0.0,-0.000959,-0.254292369,5.729292369,5650.195488,704.068604,666.546692,0.00484,0.004957
404,4,0,0,151.8834,91.0,22.7,0.005505894,71.2609371610636,5.100402832,0.0,0.014572388,-0.221054912,5.696054912,5664.741333,695.17749,677.466492,0.004854,0.004852
405,4,0,0,152.1329,89.0,22.7,0.005540855,71.238518427221,5.144348145,0.0,-0.010162323,-0.166284323,5.641284323,5680.585051,706.72522,728.911926,0.004685,0.004757
406,4,0,0,152.008,89.0,23.1,0.005565255,71.2349174645974,5.58380127,0.0,-0.000959,-0.114130855,5.589130855,5695.760101,722.357788,829.630676,0.004842,0.004894
407,4,0,0,152.1329,86.0,23.1,0.005582918,71.2474829499164,5.58380127,0.0,0.008436646,-0.062979341,5.537979341,5712.249429,731.761414,852.672607,0.004696,0.004766
408,4,0,0,152.1329,88.0,23.5,0.005598039,71.2592055595038,5.58380127,0.0,-0.003259613,-0.006211877,5.481211877,5726.100596,734.044128,844.423401,0.004811,0.004901
409,4,0,0,152.5088,87.0,23.5,0.005631402,71.2671374491882,4.265441895,0.0,-0.030870453,0.056791782,5.418208218,5742.593102,696.458923,703.995789,0.004806,0.00491
410,4,0,0,152.5088,89.0,23.8,0.005676002,71.2333002710182,5.58380127,0.0,-0.013997162,0.046372294,5.428627706,5757.109415,718.21228,660.451111,0.00481,0.004919
411,4,0,0,152.6345,88.0,23.8,0.005724491,71.2425350501798,5.40802002,0.0,-0.004793549,-0.013884544,5.488884544,5772.940124,731.53772,854.061829,0.00467,0.004725
412,4,0,0,152.8865,88.0,24.5,0.005751528,71.2514504075382,5.495910645,0.0,-0.004793549,-0.084212303,5.559212303,5788.110708,688.029785,663.736206,0.004473,0.004627
413,4,0,0,153.1394,87.0,24.5,0.005769478,71.2616179923506,5.58380127,0.0,0.032979614,-0.168759465,5.643759465,5804.602785,690.193176,802.592102,0.004839,0.00498
414,4,0,0,152.8865,88.0,25.0,0.005783972,71.2724309868766,5.58380127,0.0,0.016106323,-0.185183644,5.660183644,5818.458211,694.804688,864.09552,0.004722,0.004913
415,4,0,0,152.8865,89.0,25.0,0.005802424,71.2853353831062,5.58380127,0.0,0.003834839,-0.136463284,5.611463284,5834.955768,697.123474,662.837708,0.004691,0.00474
416,4,0,0,153.0128,90.0,25.5,0.005810723,71.299535829118,5.715637207,0.0,-0.004793549,-0.082434416,5.557434416,5848.816194,701.802124,667.711121,0.004571,0.004743
417,4,0,0,153.1394,91.0,25.5,0.005797083,71.3241055746178,5.715637207,0.0,0.005368774,-0.033740401,5.508740401,5865.320823,711.557983,669.977905,0.004641,0.00471
418,4,0,0,152.7604,90.0,26.0,0.005766416,71.3491542436082,5.715637207,0.0,0.005368774,0.00945127,5.46554873,5880.51081,712.810913,866.697083,0.0,0.004831
419,4,0,0,152.8865,89.0,26.0,0.005730984,71.367990071622,5.715637207,0.0,0.003834839,0.073177934,5.401822066,5897.027845,698.413818,664.716309,0.004943,0.004961
420,4,0,0,153.5202,88.0,26.4,0.005713386,71.4197424548588,6.509399414,0.0,0.003834839,0.138932943,5.336067057,5910.907717,729.182922,850.817078,0.004864,0.0
421,4,0,0,153.7752,88.0,26.4,0.005703251,71.5088465251444,6.289672852,0.0,-0.000959,0.219172716,5.255827284,5927.451324,698.232422,711.805176,0.004698,0.004748
422,4,0,0,153.6476,89.0,26.7,0.005685417,71.577347261481,6.289672852,0.0,-0.017832001,0.294514656,5.180485344,5941.363685,691.536926,672.582825,0.004801,0.004872
423,4,0,0,153.7752,90.0,26.7,0.005636789,71.6552211158456,6.289672852,0.0,-0.034705292,0.345492601,5.129507399,5957.944429,735.195313,708.77002,0.0,0.005202
424,4,0,0,153.7752,90.0,27.0,0.005575053,71.7216626211852,6.333618164,0.0,-0.010929291,0.319709063,5.155290937,5973.215855,777.391418,728.438904,0.0,0.005211
425,4,0,0,153.6476,89.0,27.0,0.005505572,71.7970064965094,6.289672852,0.0,-0.005560516,0.242091656,5.232908344,5989.833346,672.596924,664.501282,0.004823,0.004826
426,4,0,0,153.903,89.0,27.3,0.005455696,71.8616259714746,6.157836914,0.0,0.003834839,0.146428227,5.328571773,6003.805299,0.0,0.0,0.0,0.0
427,4,0,0,154.031,88.0,27.3,0.005417087,71.9332939372114,7.036743164,0.0,0.023009033,0.060617805,5.414382195,6018.460184,749.231506,818.360901,0.0,0.00561
428,4,0,0,154.1592,89.0,27.9,0.005389648,72.0874929619652,11.21429443,0.0,-0.010929291,-0.010399222,5.485399222,6033.151139,678.051697,698.149292,0.0,0.005534
429,4,0,0,154.4163,89.0,27.9,0.005369168,72.2057056476328,1.40625,0.0,0.023009033,-0.101498842,5.576498842,6049.834542,743.570618,724.870911,0.005384,0.00525
430,4,0,0,154.4163,92.0,28.1,0.005357505,71.8222029833788,4.17755127,0.0,0.014572388,-0.153829932,5.628829932,6063.794368,688.926025,674.71637,0.00528,0.0
431,4,0,0,154.4163,94.0,28.1,0.005351116,71.7698806362876,5.58380127,0.0,-0.005560516,-0.171289206,5.646289206,6080.407432,702.812195,674.452515,0.005237,0.0
432,4,0,0,154.5452,96.0,28.0,0.005357374,71.7751527375672,5.806274414,0.0,0.017640259,-0.180732369,5.655732369,6095.034264,0.0,0.0,0.0,0.0
433,4,0,0,154.5452,96.0,28.0,0.005390042,71.8554329092866,6.948852539,0.0,0.02761084,-0.162409902,5.637409902,6111.016197,861.861877,539.909973,0.0,0.003512
434,4,0,0,154.8036,94.0,27.9,0.00544457,71.956522651876,6.333618164,0.0,0.016106323,-0.09288013,5.56788013,6126.351179,766.682983,844.625793,0.005611,0.0
435,4,0,0,154.9331,94.0,27.9,0.005524293,72.0342618688562,6.421508789,0.0,-0.015531097,0.036948442,5.438051558,6143.045839,831.13092,491.260498,0.006027,0.0
436,4,0,0,155.0628,95.0,27.8,0.005593476,72.133762565223,7.168579102,0.0,-0.024734711,0.153387427,5.321612573,6157.099031,721.407776,688.498474,0.00489,0.007174
437,4,0,0,155.0628,96.0,27.8,0.005658379,72.2827587546908,7.212524414,0.0,-0.023200775,0.229520082,5.245479918,6173.865291,720.395203,680.119324,0.005262,0.005317
438,4,0,0,155.1927,96.0,27.7,0.005697052,72.4135426066476,7.256469727,0.0,-0.016298065,0.243230581,5.231769419,6188.651193,814.460876,820.670593,0.005314,0.007537
439,4,0,0,155.3229,95.0,27.7,0.005720008,72.5652452231934,7.212524414,0.0,-0.012463226,0.213802814,5.261197186,6204.814664,701.118408,665.69281,0.005097,0.0
440,4,0,0,155.4533,94.0,27.7,0.005722727,72.6922267519058,7.212524414,0.0,0.005368774,0.155948043,5.319051957,6220.334023,680.099304,671.857117,0.005405,0.0
441,4,0,0,155.4533,93.0,27.7,0.005707278,72.8301047355166,6.992797852,0.0,-0.000959,0.089568138,5.385431862,6237.229745,723.497925,688.07019,0.00548,0.0
442,4,0,0,155.7147,91.0,27.6,0.005686143,72.9318583952296,6.817016602,0.0,-0.012463226,0.031321526,5.443678474,6251.441943,716.496887,693.51947,0.004993,0.0
443,4,0,0,155.977,89.0,27.6,0.005672226,73.0333712815852,6.817016602,0.0,0.014572388,-0.051899672,5.526899672,6268.381169,752.009583,702.809875,0.005574,0.005256
444,4,0,0,155.7147,86.0,27.5,0.005679354,73.1169844769116,6.377563477,0.0,0.014572388,-0.124514699,5.599514699,6283.300792,774.662903,848.533386,0.004924,0.0
445,4,0,0,155.977,83.0,27.5,0.005707557,73.1966264970408,6.641235352,0.0,0.018407227,-0.164289594,5.639289594,6299.580024,733.31543,864.478882,0.004797,0.00495
446,4,0,0,156.2402,81.0,27.5,0.005741425,73.2433241364584,6.113891602,0.0,0.012271484,-0.158805251,5.633805251,6315.178353,0.0,0.0,0.0,0.0
447,4,0,0,156.2402,78.0,27.5,0.005776345,73.2613366261282,5.58380127,0.0,0.012271484,-0.112282395,5.587282395,6332.120544,727.886108,704.472412,0.0,0.005855
448,4,0,0,156.3722,77.0,27.5,0.005786535,73.251301296877,5.627746582,0.0,-0.000959,-0.046818495,5.521818495,6346.317654,673.77771,676.169312,0.005285,0.0
449,4,0,0,156.1085,79.0,27.5,0.005752061,73.2400736398066,5.58380127,0.0,-0.013997162,0.034206152,5.440793848,6363.200511,692.896484,922.220276,0.005002,0.00644
450,4,0,0,156.1085,78.0,27.7,0.005675082,73.10203090806,3.65020752,0.0,-0.015531097,0.083878279,5.391121721,6377.380161,0.0,0.0,0.0,0.0
451,4,0,0,156.1085,80.0,27.7,0.005555942,72.9468853660786,5.451965332,0.0,-0.015531097,0.104102015,5.370897985,6394.260904,711.691284,679.21051,0.005114,0.0
452,4,0,0,156.2402,80.0,27.9,0.005457898,72.9327678010768,5.58380127,0.0,-0.003259613,0.086261749,5.388738251,6409.789763,762.391296,708.751221,0.005982,0.005255
453,4,0,0,156.9021,81.0,27.9,0.005377746,72.925353619977,5.715637207,0.0,0.0,0.04800117,5.42699883,6426.665158,711.499084,686.288513,0.005235,0.005166
454,4,0,0,156.3722,82.0,28.1,0.00532897,72.929216116444,5.715637207,0.0,0.026843872,0.014552116,5.460447884,6440.836233,721.888794,826.641724,0.005112,0.005028
455,4,0,0,156.7693,83.0,28.1,0.005275875,72.9216416289868,5.58380127,0.0,0.043717163,0.015492201,5.459507799,6457.700854,684.595276,748.42041,0.005048,0.005039
456,4,0,0,156.7693,85.0,28.3,0.005221498,72.9130764640124,5.58380127,0.0,0.026843872,0.111366391,5.363633609,6471.867114,698.344482,689.856995,0.005108,0.005177
457,4,0,0,156.7693,86.0,28.3,0.005161188,72.9048433702536,5.58380127,0.0,0.06212439,0.301804066,5.173195934,6487.388448,701.886902,700.258728,0.005275,0.0
458,4,0,0,157.0352,88.0,28.5,0.005095982,72.8940964069478,5.58380127,0.0,-0.004793549,0.626299858,4.848700142,6504.275746,903.390991,757.387573,0.006398,0.0
459,4,0,0,157.1685,89.0,28.5,0.00505243,72.8864893142622,5.58380127,0.0,-0.013997162,1.002599239,4.472400761,6518.477304,697.712708,681.486084,0.00596,0.0
460,4,0,0,157.302,90.0,28.6,0.0050249,72.8887826720424,5.75958252,0.0,-0.030103485,1.434616327,4.040383673,6535.405176,752.999817,862.821472,0.005238,0.0
461,4,0,0,157.4357,89.0,28.6,0.005018251,72.9183798830484,6.245727539,0.0,-0.063083099,1.735986233,3.739013767,6550.316581,618.808472,886.117126,0.0,0.005051
462,4,0,0,157.5696,90.0,28.5,0.005019823,72.9723406509134,6.377563477,0.0,-0.030870453,-1.63916707,3.46416707,6566.603796,714.383606,697.696411,0.0,0.005172
463,4,0,0,157.5696,87.0,28.5,0.005023181,73.0408692771122,6.729125977,0.0,0.005368774,-1.535285234,3.360285234,6582.243388,0.0,0.0,0.0,0.0
464,4,0,0,157.8382,85.0,28.3,0.00503374,73.1357409805568,6.729125977,0.0,0.067493164,-1.419981241,3.244981241,6599.265152,709.130981,693.384705,0.005512,0.0
465,4,0,0,157.7038,84.0,28.3,0.005053217,73.2171463223372,6.817016602,0.0,0.07592981,-1.164931059,2.989931059,6613.579359,707.120483,720.867981,0.005079,0.0
466,4,0,0,158.2429,83.0,28.2,0.005078237,73.315631283763,6.948852539,0.0,-0.089160004,-0.690047503,2.515047503,6630.635235,683.340088,693.888306,0.005395,0.005396
467,4,0,0,158.2429,84.0,28.2,0.005089162,73.4058770037512,6.992797852,0.0,-0.12137265,-0.237729311,2.062729311,6644.97267,0.0,0.0,0.0,0.0
468,4,0,0,158.3782,84.0,28.1,0.005090721,73.497947940607,6.641235352,0.0,-0.069218842,-0.028238535,1.853238535,6662.047141,823.610901,572.13092,0.004864,0.004847
469,4,0,0,158.5138,85.0,28.1,0.005095966,73.561225016798,6.685180664,0.0,0.037581421,-0.092840433,1.917840433,6677.754003,0.0,0.0,0.0,0.0
470,4,0,0,158.6496,86.0,28.0,0.005114273,73.6427026501312,6.641235352,0.0,0.055988647,-0.200503111,2.025503111,6694.824917,713.934387,686.025818,0.005176,0.0
471,4,0,0,158.9219,87.0,28.0,0.005139954,73.6899666806684,6.333618164,0.0,0.005368774,-0.158117056,1.983117056,6709.167585,0.0,0.0,0.0,0.0
472,4,0,0,158.9219,87.0,27.9,0.005180742,73.7457040472396,6.421508789,0.0,-0.025501678,-0.027831316,1.852831316,6726.250011,698.079712,713.300903,0.005487,0.005899
473,4,0,0,159.0584,88.0,27.9,0.005223997,73.7662629634046,5.715637207,0.0,-0.019365936,0.056356192,1.768643808,6740.607147,781.058594,853.497192,0.005212,0.005524
474,4,0,0,159.1951,89.0,27.8,0.005273981,73.758272043129,5.806274414,0.0,0.018407227,0.09576726,1.72923274,6757.709803,764.702271,875.898193,0.004681,0.0
475,4,0,0,159.1951,90.0,27.8,0.005314464,73.7501078774024,5.715637207,0.0,0.0,0.143362761,1.681637239,6773.455159,0.0,0.0,0.0,0.0
476,4,0,0,159.4693,89.0,27.7,0.005359876,73.7572878029718,5.982055664,0.0,-0.012463226,0.227161646,1.597838354,6790.584599,0.0,0.0,0.0,0.0
477,4,0,0,159.3321,88.0,27.7,0.00539989,73.7783681292034,6.201782227,0.0,-0.016298065,0.284311056,1.540688944,6804.985855,0.0,0.0,0.0,0.0
478,4,0,0,159.4693,89.0,27.7,0.005434696,73.814342977602,6.245727539,0.0,-0.016298065,0.295194387,1.529805613,6822.139,682.577393,688.216919,0.005414,0.0
479,4,0,0,159.6067,87.0,27.7,0.005443085,73.850551759663,6.333618164,0.0,-0.010162323,0.267538786,1.557461214,6836.543138,766.652405,926.68988,0.005572,0.0
480,4,0,0,159.3321,89.0,27.3,0.005419064,73.8971924928182,6.377563477,0.0,-0.008628387,0.199555159,1.625444841,6853.682454,0.0,0.0,0.0,0.0
481,4,0,0,160.0205,90.0,27.3,0.005367528,73.9372258070156,6.377563477,0.0,0.010737549,0.127440691,1.697559309,6869.443812,671.761292,463.211304,0.005895,0.0
482,4,0,0,160.0205,91.0,27.0,0.005287654,73.9969003434298,6.553344727,0.0,-0.008628387,0.062566996,1.762433004,6885.885033,700.566101,695.144897,0.005389,0.0
483,4,0,0,160.0205,93.0,27.0,0.005223837,74.0529491655712,6.553344727,0.0,-0.004793549,0.007478952,1.817521048,6900.952136,0.0,0.0,0.0,0.0
484,4,0,0,160.0205,90.0,26.7,0.005177673,74.10793680501,6.465454102,0.0,0.003834839,-0.063425779,1.888425779,6918.070735,725.185791,815.288086,0.005222,0.0
485,4,0,0,160.2975,91.0,26.7,0.005158782,74.0965327642756,5.58380127,0.0,0.001533936,-0.111884832,1.936884832,6932.44856,731.815613,825.626282,0.005141,0.0
486,4,0,0,160.2975,88.0,26.4,0.005146301,74.064620131438,5.495910645,0.0,0.005368774,-0.162454367,1.987454367,6949.560363,710.023682,667.365479,0.005113,0.0
487,4,0,0,160.2975,86.0,26.4,0.005132741,74.0320645833638,5.58380127,0.0,0.038348389,-0.184463739,2.009463739,6965.29857,695.571289,683.206482,0.005645,0.0
488,4,0,0,160.4364,85.0,26.2,0.00511431,74.0073329060732,5.58380127,0.0,0.003834839,-0.129557848,1.954557848,6981.715676,691.434814,679.419922,0.005699,0.0
489,4,0,0,160.5755,84.0,26.2,0.005100092,73.9871631766004,5.58380127,0.0,-0.057714325,-0.073654413,1.898654413,6996.760088,0.0,0.0,0.0,0.0
490,4,0,0,160.7149,84.0,25.7,0.00508684,73.9693191687352,5.715637207,0.0,0.063658325,-0.116962671,1.941962671,7013.8506,0.0,0.0,0.0,0.0
491,4,0,0,160.8545,86.0,25.7,0.005075472,73.9578942226742,5.715637207,0.0,0.005368774,-0.120757818,1.945757818,7028.202605,0.0,0.0,0.0,0.0
492,4,0,0,160.9943,87.0,24.9,0.00506083,73.949369500414,5.75958252,0.0,-0.004793549,-0.055012941,1.880012941,7045.283661,719.492126,723.393677,0.005092,0.0055
493,4,0,0,161.1344,89.0,24.9,0.005049446,73.9340270023646,5.58380127,0.0,-0.007094452,-0.027773142,1.852773142,7060.993767,0.0,0.0,0.006777,0.0
494,4,0,0,160.8545,88.0,24.2,0.005042563,73.9150938092808,5.58380127,0.0,0.0,-0.035455465,1.860455465,7077.382225,752.633972,861.521301,0.00508,0.0
495,4,0,0,161.1344,90.0,24.2,0.005042851,73.8950957481058,5.539855957,0.0,0.0,-0.036839247,1.861839247,7092.40073,815.742188,427.924286,0.005147,0.0
496,4,0,0,161.1344,90.0,23.6,0.005048994,73.8735431610512,5.58380127,0.0,0.016106323,-0.035877943,1.860877943,7106.732805,0.0,0.0,0.0,0.0
497,4,0,0,161.2747,90.0,23.6,0.005059896,73.8548549899824,5.58380127,0.0,0.013038452,-0.013213873,1.838213873,7122.425502,686.159607,706.958008,0.005491,0.0
498,4,0,0,161.2747,89.0,23.0,0.005077899,73.8334424798814,5.58380127,0.0,-0.000959,0.049586535,1.775413465,7139.478667,707.08667,831.578003,0.005516,0.0
499,4,0,0,160.9943,89.0,23.0,0.005101951,73.8158743933592,5.58380127,0.0,-0.027035614,0.118663549,1.706336451,7153.804691,670.896729,675.893494,0.006688,0.005075
500,4,0,0,161.4153,89.0,22.8,0.005131003,73.7964738962196,5.58380127,0.0,-0.005560516,0.156955957,1.668044043,7166.77699,724.50769,690.671021,0.005207,0.0
501,4,0,0,161.6972,89.0,22.8,0.005166118,73.779502295475,5.58380127,0.0,-0.001725677,0.154482126,1.670517874,7179.085231,782.760498,853.221619,0.004884,0.005084
502,4,0,0,162.1219,88.0,23.0,0.005213221,73.7601717402518,5.58380127,0.0,0.001533936,0.145164251,1.679835749,7196.218009,713.133118,660.359619,0.004638,0.004732
503,4,0,0,162.2639,89.0,23.0,0.005246842,73.7430175437908,5.58380127,0.0,-0.004793549,0.139049768,1.685950232,7211.305571,700.942078,670.440491,0.004564,0.004714
504,4,0,0,162.1219,89.0,22.8,0.00527379,73.7232301452218,5.58380127,0.0,-0.013997162,0.126958132,1.698041868,7226.403145,0.0,0.0,0.0,0.0
505,4,0,0,162.5488,89.0,22.8,0.005297843,73.7056222114412,5.58380127,0.0,-0.020132904,0.088561773,1.736438227,7241.520585,734.432678,843.24231,0.00457,0.004618
506,4,0,0,162.5488,89.0,22.6,0.005318447,73.6842998887538,5.627746582,0.0,0.001533936,-0.005770922,1.830770922,7255.969828,691.586914,659.295227,0.004714,0.004792
507,4,0,0,162.5488,88.0,22.6,0.005328174,73.6730337040838,5.671691895,0.0,0.003067871,-0.075030088,1.900030088,7264.923134,698.748596,653.195313,0.00479,0.0
508,4,0,0,162.4062,87.0,22.4,0.005344997,73.678428260044,6.157836914,0.0,0.014572388,-0.159462214,1.984462214,7281.456779,669.657288,675.011475,0.00466,0.004725
509,4,0,0,162.6916,88.0,22.4,0.005357666,73.7284302285364,7.432250977,0.0,0.032212646,-0.204947233,2.029947233,7297.294321,720.395813,659.226318,0.004654,0.004661
510,4,0,0,162.8346,89.0,22.6,0.005360711,73.8564201857862,7.695922852,0.0,0.023776001,-0.197840929,2.022840929,7314.502407,726.18103,864.999023,0.00449,0.004502
511,4,0,0,162.5488,90.0,22.6,0.005339547,74.0038783612028,8.267211914,0.0,0.008436646,-0.133588552,1.958588552,7328.952717,725.38739,853.537292,0.004426,0.004433
512,4,0,0,162.6916,90.0,23.0,0.005285275,74.0698087562518,5.627746582,0.0,-0.017832001,-0.033725023,1.858725023,7346.151683,726.670288,645.916077,0.004504,0.004597
513,4,0,0,163.5537,88.0,23.0,0.005228181,74.088842871047,6.553344727,0.0,-0.023200775,0.034117937,1.790882063,7360.592307,709.407471,675.310974,0.005046,0.0
514,4,0,0,163.6983,86.0,23.4,0.005175631,74.1716025207176,7.036743164,0.0,-0.007094452,0.051716566,1.773283434,7377.776939,635.42981,485.205292,0.005765,0.005782
515,4,0,0,163.4094,84.0,23.4,0.005145879,74.2707763762238,7.080688477,0.0,-0.010929291,0.04276824,1.78223176,7393.581794,658.507874,476.786194,0.005245,0.005289
516,4,0,0,163.8431,83.0,23.8,0.005126368,74.3550115814602,6.904907227,0.0,-0.007094452,0.010706663,1.814293337,7405.948128,703.409729,677.782593,0.00517,0.005334
517,4,0,0,163.9882,83.0,23.8,0.005105129,74.4151954739844,5.850219727,0.0,0.0,-0.038325548,1.863325548,7421.059047,760.545471,847.276978,0.004967,0.0
518,4,0,0,163.9882,84.0,24.1,0.005084322,74.3820926698432,5.58380127,0.0,0.0,-0.102065325,1.927065325,7436.164663,0.0,0.0,0.0,0.0
519,4,0,0,163.9882,83.0,24.1,0.005066068,74.355071239694,5.58380127,0.0,0.017640259,-0.160752058,1.985752058,7448.519769,828.396729,423.247589,0.005086,0.0
520,4,0,0,164.2791,84.0,24.4,0.005042678,74.3334354658548,5.627746582,0.0,0.014572388,-0.187960863,2.012960863,7463.615112,738.810608,751.503784,0.004952,0.00558
521,4,0,0,164.2791,85.0,24.4,0.005018057,74.3161539705998,5.715637207,0.0,0.014572388,-0.176074266,2.001074266,7478.705785,666.591125,667.09082,0.004804,0.0
522,4,0,0,164.5711,87.0,24.6,0.004995814,74.303250974496,5.75958252,0.0,0.008436646,-0.126961946,1.951961946,7495.848744,687.988403,669.869019,0.004831,0.004931
523,4,0,0,164.7175,86.0,24.6,0.004985245,74.274087963422,5.58380127,0.0,0.008436646,-0.062363386,1.887363386,7508.188047,0.0,0.0,0.0,0.0
524,4,0,0,164.7175,88.0,25.2,0.004973922,74.2486086350476,5.58380127,0.0,0.001533936,0.026483774,1.798516226,7523.248052,709.291077,479.769409,0.005145,0.005185
525,4,0,0,165.0111,87.0,25.2,0.004958326,74.2293109908274,5.627746582,0.0,-0.007094452,0.118438005,1.706561995,7538.205078,701.500305,670.166199,0.004855,0.005002
526,4,0,0,164.8642,88.0,25.7,0.004941193,74.2106573079148,5.671691895,0.0,-0.02166684,0.213905573,1.611094427,7552.377291,715.991211,691.131714,0.005317,0.0
527,4,0,0,165.1582,87.0,25.7,0.004931715,74.1950068948432,5.671691895,0.0,-0.032404388,0.268600702,1.556399298,7563.109795,731.550598,720.485718,0.005359,0.0
528,4,0,0,165.3057,87.0,26.1,0.004920652,74.1727749570944,5.58380127,0.0,-0.019365936,0.25518012,1.56981988,7579.812578,682.93811,687.072388,0.005652,0.0
529,4,0,0,165.4533,87.0,26.1,0.00490515,74.1503825681476,5.58380127,0.0,-0.019365936,0.189068079,1.635931921,7594.46382,0.0,0.0,0.0,0.0
530,4,0,0,165.7495,88.0,26.2,0.004870464,74.1253445047078,5.276184082,0.0,-0.012463226,0.055302382,1.769697618,7611.070669,704.871399,666.901489,0.0,0.005085
531,4,0,0,165.6013,89.0,26.2,0.004832128,74.1019874612716,5.58380127,0.0,0.018407227,-0.075560808,1.900560808,7625.667237,685.478882,677.191895,0.0,0.005159
532,4,0,0,165.7495,90.0,26.3,0.004807421,74.0780507013806,5.58380127,0.0,0.017640259,-0.213110209,2.038110209,7637.608066,657.141296,684.964478,0.005172,0.006808
533,4,0,0,165.6013,89.0,26.3,0.004799009,74.0573424223702,5.58380127,0.0,0.016106323,-0.298293352,2.123293352,7650.213019,775.915771,745.457825,0.005512,0.005167
534,4,0,0,165.6013,87.0,26.3,0.004812151,74.0340394044778,5.58380127,0.0,0.029144775,-0.352284193,2.177284193,7666.800203,0.0,0.0,0.0,0.0
535,4,0,0,166.0468,86.0,26.3,0.004838345,73.8669528493776,0.0,0.0,-0.001725677,-0.336477041,2.161477041,7680.738727,756.77948,847.442993,0.005436,0.0
536,4,0,0,166.1958,83.0,26.4,0.004878644,73.3234014830576,0.0,0.0,-0.008628387,-0.292883158,2.117883158,7697.346848,875.631592,468.788696,0.0,0.006547
537,4,0,0,166.1958,84.0,26.4,0.004916899,72.8219706161678,0.0,0.0,-0.008628387,-0.271351099,2.096351099,7709.959846,0.0,0.0,0.0,0.0
538,4,0,0,166.1958,83.0,26.4,0.00496246,72.332397285931,2.373046875,0.0,0.02761084,-0.265760183,2.090760183,7721.90718,724.671387,857.72699,0.0,0.004881
539,4,0,0,166.4946,84.0,26.4,0.00501098,72.099164491101,3.386535645,0.0,0.008436646,-0.225386858,2.050386858,7735.18339,709.562317,668.702026,0.004857,0.004965
540,4,0,0,166.6444,83.0,26.5,0.005062086,71.8684118984252,3.65020752,0.0,-0.015531097,-0.141659498,1.966659498,7749.12517,709.804993,860.279114,0.004703,0.004624
541,4,0,0,167.0955,85.0,26.5,0.005096898,71.7318022517618,3.738098145,0.0,0.009203613,-0.10930419,1.93430419,7761.743889,725.8573,674.934021,0.004765,0.004662
542,4,0,0,166.4946,85.0,26.5,0.005128792,71.6581812070944,5.23223877,0.0,0.009203613,-0.071487188,1.896487188,7776.365652,739.308411,673.091309,0.00462,0.004729
543,4,0,0,166.9449,86.0,26.5,0.005152375,71.648675221956,5.58380127,0.0,-0.001725677,-0.011299849,1.836299849,7788.336118,715.992004,685.739929,0.005305,0.004957
544,4,0,0,167.0955,86.0,26.6,0.005174071,71.6537479742898,5.58380127,0.0,-0.001725677,0.051786661,1.773213339,7800.979574,770.494324,846.424683,0.004942,0.004944
545,4,0,0,166.7945,86.0,26.6,0.005195286,71.6605446838184,5.58380127,0.0,0.003834839,0.111528158,1.713471842,7814.96381,595.76709,662.31189,0.005092,0.006048
546,4,0,0,166.9449,86.0,26.6,0.005210756,71.6874078836588,6.201782227,0.0,-0.001725677,0.181870699,1.643129301,7831.627886,0.0,0.0,0.0,0.0
547,4,0,0,167.5491,88.0,26.6,0.005213256,71.7520709395512,5.938110352,0.0,-0.003259613,0.236949682,1.588050318,7846.974821,717.399902,860.41217,0.0,0.004921
548,4,0,0,167.7008,91.0,26.4,0.005204914,71.71133986381,3.869934082,0.0,-0.013997162,0.287895441,1.537104559,7860.99962,730.903015,684.776489,0.004841,0.00496
549,4,0,0,167.7008,90.0,26.4,0.00519589,71.6869277531632,5.58380127,0.0,-0.013997162,0.327557325,1.497442675,7873.690964,713.223389,666.706726,0.004694,0.004872
550,4,0,0,167.8528,86.0,26.1,0.005192654,71.6943950585764,5.627746582,0.0,-0.02856955,0.34133029,1.48366971,7888.383826,820.625,442.092102,0.004616,0.0
551,4,0,0,167.8528,87.0,26.1,0.00519737,71.7058659673878,5.627746582,0.0,-0.008628387,0.290368795,1.534631205,7905.079999,755.68219,654.190002,0.004878,0.004853
552,4,0,0,168.0051,88.0,25.9,0.005198831,71.7421104928902,6.333618164,0.0,-0.008628387,0.195438147,1.629561853,7919.105191,649.963013,751.685425,0.005284,0.005424
553,4,0,0,168.1577,91.0,25.9,0.005191428,71.7956656266082,5.982055664,0.0,0.008436646,0.071757078,1.753242922,7935.803284,729.421692,685.116089,0.005225,0.005313
554,4,0,0,168.0051,92.0,25.7,0.005178406,71.8406090049588,6.113891602,0.0,0.010737549,-0.034717321,1.859717321,7950.498986,749.236816,856.6521,0.00486,0.0
555,4,0,0,168.3105,94.0,25.7,0.005158429,71.8935748627424,6.113891602,0.0,0.023009033,-0.125444651,1.950444651,7967.19997,746.3349,661.372009,0.004866,0.004986
556,4,0,0,168.1577,92.0,25.6,0.005137954,71.947857965316,6.289672852,0.0,0.017640259,-0.151575327,1.976575327,7981.898012,0.0,0.0,0.0,0.0
557,4,0,0,168.617,88.0,25.6,0.005112223,72.017827160029,6.333618164,0.0,0.00690271,-0.132996798,1.957996798,7998.601604,687.82782,675.450806,0.00488,0.004865
558,4,0,0,168.9246,85.0,25.4,0.005091408,72.080226180316,6.333618164,0.0,0.005368774,-0.097557306,1.922557306,8010.629332,733.188904,863.91571,0.004773,0.004911
559,4,0,0,169.0789,85.0,25.4,0.005065999,72.1433710170392,5.982055664,0.0,0.005368774,-0.042446375,1.867446375,8025.332102,731.519104,454.221191,0.005127,0.005221
560,4,0,0,168.9246,84.0,25.3,0.005043109,72.1404859210344,5.40802002,0.0,0.005368774,0.020273447,1.804726553,8040.03847,0.0,0.0,0.0,0.0
561,4,0,0,168.9246,83.0,25.3,0.005028546,72.1312858553366,5.495910645,0.0,-0.004793549,0.102618933,1.722381067,8054.080149,716.914612,669.903076,0.004615,0.0
562,4,0,0,169.2334,84.0,24.9,0.005024497,72.1311351889258,5.58380127,0.0,-0.000959,0.167550325,1.657449675,8064.781293,670.273499,659.095398,0.004581,0.0
563,4,0,0,169.2334,83.0,24.9,0.005026899,72.1337176163568,5.627746582,0.0,-0.012463226,0.242641211,1.582358789,8081.513669,736.966125,464.047211,0.005355,0.005533
564,4,0,0,169.2334,83.0,24.5,0.00503337,72.1394532397432,5.671691895,0.0,-0.012463226,0.288757086,1.536242914,8091.557203,715.14447,686.076416,0.004931,0.005192
565,4,0,0,169.3882,84.0,24.5,0.005052159,72.1450365390986,5.627746582,0.0,-0.013997162,0.306887388,1.518112612,8106.28961,682.323608,663.921326,0.005037,0.0
566,4,0,0,169.5433,89.0,24.1,0.005087204,72.149948985075,5.627746582,0.0,-0.007094452,0.29633069,1.52866931,8121.029831,777.094604,760.754883,0.004986,0.00563
567,4,0,0,169.3882,90.0,24.1,0.005143779,72.1556464671034,5.627746582,0.0,-0.007094452,0.262633562,1.562366438,8137.802108,0.0,0.0,0.0,0.0
568,4,0,0,169.8543,90.0,24.1,0.005194956,72.1607507785946,5.627746582,0.0,-0.007094452,0.215543509,1.609456491,8152.585143,662.280396,665.473694,0.004973,0.0
569,4,0,0,169.5433,90.0,24.1,0.005237524,72.1663734906866,5.671691895,0.0,-0.000959,0.14432025,1.68067975,8166.722212,716.392883,675.08728,0.00529,0.0
570,4,0,0,169.8543,89.0,24.4,0.005261268,72.1761574732166,5.715637207,0.0,-0.013997162,0.076706171,1.748293829,8177.512295,697.779785,679.552795,0.005251,0.005436
571,4,0,0,169.8543,86.0,24.4,0.005288157,72.193036569098,5.806274414,0.0,-0.001725677,-0.02249217,1.84749217,8194.405048,715.514771,684.433472,0.0,0.004939
572,4,0,0,170.0102,85.0,24.7,0.005298483,72.2106128632542,5.806274414,0.0,0.005368774,-0.119633913,1.944633913,8208.626134,867.213074,419.303406,0.00497,0.00491
573,4,0,0,170.3229,83.0,24.7,0.005290572,72.2316950241334,5.806274414,0.0,0.023009033,-0.216080427,2.041080427,8225.503742,703.635193,691.820496,0.005195,0.0
574,4,0,0,170.0102,82.0,24.9,0.00526303,72.2692718256614,6.553344727,0.0,0.032979614,-0.263923407,2.088923407,8240.246589,741.97467,838.289795,0.005101,0.005074
575,4,0,0,170.3229,84.0,24.9,0.005205504,72.3168307355668,5.671691895,0.0,0.023776001,-0.224324465,2.049324465,8256.974675,700.750793,656.426208,0.004397,0.004465
576,4,0,0,169.8543,82.0,25.1,0.005148476,72.3275065499512,5.806274414,0.0,0.0,-0.12577796,1.95077796,8269.686174,727.97229,665.486572,0.004669,0.004866
577,4,0,0,169.8543,82.0,25.1,0.005079574,72.3634917303126,6.377563477,0.0,-0.015531097,0.00943923,1.81556077,8283.724701,693.11322,673.147217,0.004643,0.004708
578,4,0,0,170.3229,83.0,25.3,0.005027064,72.4443220710044,6.773071289,0.0,-0.010162323,0.101181269,1.723818731,8296.426242,699.298523,673.70752,0.004912,0.004862
579,4,0,0,170.4797,85.0,25.3,0.004974267,72.5495978195876,6.860961914,0.0,-0.020132904,0.173934221,1.651065779,8311.14464,697.107727,699.669617,0.004853,0.005006
580,4,0,0,170.6368,86.0,25.5,0.004923052,72.6652556458184,7.300415039,0.0,-0.010929291,0.20869565,1.61630435,8325.884608,0.0,0.0,0.0,0.0
581,4,0,0,170.7942,89.0,25.5,0.004859253,72.8229481936574,7.344360352,0.0,-0.007094452,0.207738638,1.617261362,8342.66217,687.483704,685.335999,0.005259,0.005366
582,4,0,0,170.7942,90.0,25.9,0.004801419,72.9634960562348,7.388305664,0.0,-0.007094452,0.189727068,1.635272932,8356.778612,0.0,0.0,0.0,0.0
583,4,0,0,170.7942,91.0,25.9,0.004741765,73.1283737278114,7.520141602,0.0,-0.010162323,0.147920847,1.677079153,8373.611363,735.35968,853.249207,0.005883,0.005469
584,4,0,0,170.9519,92.0,26.3,0.004704765,73.0357991962828,0.0,1.181030273,-0.030870453,0.088871241,1.736128759,8388.434858,695.477295,680.553772,0.005021,0.005063
585,4,0,0,170.9519,92.0,26.3,0.004688088,72.4808152395368,0.087890625,0.0,0.052920776,-0.04003787,1.86503787,8401.230073,708.935181,669.90332,0.00509,0.005119
586,4,0,0,171.1098,95.0,26.4,0.004680554,72.2688589494844,5.58380127,0.0,0.023009033,-0.093863249,1.918863249,8415.373179,745.948486,676.549805,0.005044,0.005029
587,4,0,0,171.2681,99.0,26.4,0.004674345,72.2681793412958,5.58380127,0.0,-0.013997162,-0.043326139,1.868326139,8430.202971,0.0,0.0,0.0,0.0
588,4,0,0,171.1098,99.0,26.1,0.004664427,72.2196379776006,4.70489502,0.0,-0.010162323,-0.008586645,1.833586645,8443.027618,748.918518,710.22229,0.0,0.005115
589,4,0,0,171.5854,95.0,26.1,0.004653238,72.1935160236708,5.58380127,0.0,-0.013997162,0.00087,1.824130487,8455.192537,654.918518,706.820007,0.005217,0.0
590,4,0,0,171.7446,91.0,25.9,0.004650384,72.2255757179976,6.333618164,0.0,0.012271484,-0.016389608,1.841389608,8468.045591,752.738525,859.876099,0.005135,0.004954
591,4,0,0,171.7446,88.0,25.9,0.004671012,72.3234148995616,6.860961914,0.0,-0.030870453,-0.02903533,1.85403533,8482.9349,711.235413,846.987,0.004837,0.0
592,4,0,0,171.904,90.0,25.4,0.004724015,72.4250541673874,6.860961914,0.0,-0.019365936,-0.048779726,1.873779726,8497.823198,729.033997,677.77533,0.004707,0.004833
593,4,0,0,172.0637,95.0,25.4,0.004791732,72.544236480405,6.860961914,0.0,-0.003259613,-0.138179541,1.963179541,8510.00369,711.921692,669.484314,0.00488,0.004977
594,4,0,0,172.0637,98.0,25.0,0.004885293,72.6476813472438,6.860961914,0.0,0.03451355,-0.222497702,2.047497702,8524.889328,711.618713,671.748718,0.0,0.005365
595,4,0,0,172.3841,101.0,25.0,0.004953942,72.7637629770702,6.860961914,0.0,0.019941162,-0.237561941,2.062561941,8535.713854,737.213074,873.700378,0.00471,0.005014
596,4,0,0,172.3841,101.0,24.6,0.005043752,72.7492806229706,4.573059082,0.0,-0.003259613,-0.188723803,2.013723803,8549.919272,791.389404,564.366516,0.004317,0.004315
597,4,0,0,172.5447,100.0,24.6,0.005109433,72.732294296765,5.58380127,0.0,0.0,-0.122523546,1.947523546,8562.770093,721.329285,667.796387,0.004633,0.004702
598,4,0,0,172.5447,96.0,24.2,0.005165027,72.7594666186326,6.509399414,0.0,-0.000959,-0.067990541,1.892990541,8577.647981,821.850403,643.472595,0.005095,0.0
599,4,0,0,172.7056,93.0,24.2,0.005187043,72.842475909124,6.860961914,0.0,-0.008628387,-0.025123358,1.850123358,8590.495365,702.731201,667.560486,0.005099,0.0
600,4,0,0,172.8668,90.0,23.9,0.00517882,72.9455769404718,6.860961914,0.0,-0.008628387,0.000648,1.824352217,8604.693247,709.350098,751.118896,0.004704,0.004616
601,4,0,0,172.8668,88.0,23.9,0.005148811,73.0474786916516,6.421508789,0.0,-0.003259613,0.008085489,1.816914511,8617.536944,747.451294,854.368713,0.004713,0.0
602,4,0,0,173.0283,87.0,23.3,0.005109315,73.0957548361148,6.026000977,0.0,-0.003259613,0.003674746,1.821325254,8630.376388,710.646912,661.585876,0.004754,0.0
603,4,0,0,173.3523,86.0,23.3,0.005060237,73.092029825564,5.627746582,0.0,0.001533936,-0.009416819,1.834416819,8646.586307,703.262207,666.895813,0.004834,0.0
604,4,0,0,173.5147,85.0,22.8,0.00503661,73.086834634643,5.671691895,0.0,0.001533936,-0.02301383,1.84801383,8657.387476,715.89209,867.899414,0.004686,0.004968
605,4,0,0,173.3523,85.0,22.8,0.005007108,73.0777266070998,5.58380127,0.0,0.001533936,-0.033765554,1.858765554,8674.255838,717.778015,677.297424,0.004529,0.00453
606,4,0,0,173.8405,85.0,22.6,0.004989102,73.0674953728904,5.58380127,0.0,0.001533936,-0.039611578,1.864611578,8685.047966,862.53418,451.819885,0.0,0.005693
607,4,0,0,174.0038,86.0,22.6,0.004959414,73.05591527036,5.58380127,0.0,0.001533936,-0.041667223,1.866667223,8699.211837,696.790283,677.240906,0.004963,0.005095
608,4,0,0,173.6774,86.0,22.8,0.004924681,73.0459541477762,5.58380127,0.0,0.001533936,-0.039576292,1.864576292,8714.054767,694.395081,679.185913,0.004982,0.005051
609,4,0,0,173.6774,88.0,22.8,0.004882735,73.034681557933,5.58380127,0.0,0.0,-0.032889605,1.857889605,8730.951782,698.285095,657.339905,0.00461,0.00455
610,4,0,0,174.3314,90.0,22.6,0.004851638,73.0252939075648,5.58380127,0.0,-0.003259613,-0.026694536,1.851694536,8743.816829,713.205688,683.994629,0.004107,0.004213
611,4,0,0,174.1675,88.0,22.6,0.004818023,73.0143175972156,5.58380127,0.0,-0.003259613,-0.02603507,1.85103507,8758.055718,687.471497,656.30481,0.004556,0.004535
612,4,0,0,173.8405,86.0,22.7,0.004794507,72.9936897691118,5.40802002,0.0,-0.003259613,-0.033347368,1.858347368,8770.95558,732.047302,854.878174,0.004553,0.004558
613,4,0,0,174.6603,85.0,22.7,0.004778382,72.9547951917116,5.144348145,0.0,-0.008628387,-0.051818132,1.876818132,8785.912129,707.004517,660.227783,0.004482,0.004627
614,4,0,0,174.8252,87.0,22.8,0.004776967,72.9114864521858,5.144348145,0.0,0.001533936,-0.091034651,1.916034651,8798.846152,0.0,0.0,0.0,0.0
615,4,0,0,174.9904,87.0,22.8,0.004787687,72.8756034649144,5.320129395,0.0,0.001533936,-0.126590014,1.951590014,8813.159765,703.074829,657.107178,0.004281,0.004334
616,4,0,0,174.6603,87.0,22.7,0.004802931,72.8490781621004,5.58380127,0.0,0.003834839,-0.163024664,1.988024664,8826.125839,711.571899,653.840515,0.004183,0.004217
617,4,0,0,175.1559,87.0,22.7,0.004825403,72.845055761611,5.671691895,0.0,0.003834839,-0.190140963,2.015140963,8841.156723,693.607788,669.963379,0.004558,0.004657
618,4,0,0,174.9904,88.0,22.2,0.00484992,72.8768096974312,6.729125977,0.0,0.003834839,-0.207967997,2.032967997,8853.468045,680.978821,657.536499,0.004651,0.00462
619,4,0,0,175.3217,89.0,22.2,0.00488455,73.0192347585582,7.212524414,0.0,0.003067871,-0.216656446,2.041656446,8868.526386,677.813599,661.872925,0.004616,0.004736
620,4,0,0,175.1559,90.0,21.8,0.004922089,73.1523808319538,6.948852539,0.0,0.003067871,-0.21511054,2.04011054,8883.592073,720.032227,670.907227,0.004927,0.0
621,4,0,0,175.3217,91.0,21.8,0.004958926,73.2474810616784,6.904907227,0.0,0.003067871,-0.20638299,2.03138299,8898.667895,711.759094,688.070313,0.005224,0.0
622,4,0,0,175.1559,90.0,21.7,0.004990098,73.3440937169482,6.904907227,0.0,0.003067871,-0.190716505,2.015716505,8911.697202,736.344727,840.994629,0.004955,0.0
623,4,0,0,175.3217,89.0,21.7,0.00502227,73.4628176255602,6.948852539,0.0,0.003067871,-0.161350012,1.986350012,8924.048992,665.468689,673.582581,0.004942,0.0
624,4,0,0,175.6543,84.0,21.6,0.005054496,73.5400923065494,6.948852539,0.0,0.003067871,-0.136836767,1.961836767,8937.071857,710.953979,669.591003,0.00524,0.0
625,4,0,0,175.4879,81.0,21.6,0.005087573,73.6463653631306,6.904907227,0.0,0.003067871,-0.093758821,1.918758821,8951.434147,0.0,0.0,0.0,0.0
626,4,0,0,175.4879,79.0,21.6,0.005108742,73.7357997504512,6.860961914,0.0,-0.007094452,-0.047358751,1.872358751,8964.408101,723.248596,644.687805,0.003906,0.004088
627,4,0,0,175.8211,81.0,21.6,0.005124843,73.831128796137,6.817016602,0.0,-0.001725677,-0.00390172,1.82890172,8979.412826,725.230408,629.396179,0.004049,0.004118
628,4,0,0,175.8211,83.0,21.5,0.005133208,73.905498972481,6.597290039,0.0,-0.005560516,0.024101496,1.800898504,8991.681975,729.589478,626.09552,0.004691,0.0
629,4,0,0,175.9882,86.0,21.5,0.005138706,73.9455509711158,6.201782227,0.0,-0.008628387,0.042392969,1.782607031,9007.350792,692.838074,673.427612,0.004736,0.0
630,4,0,0,176.3233,88.0,21.8,0.005142217,73.9856096485116,6.377563477,0.0,0.001533936,0.042788744,1.782211256,9021.647396,708.877197,669.727112,0.004428,0.0046
631,4,0,0,176.3233,89.0,21.8,0.005146252,74.0432784644838,6.465454102,0.0,0.003834839,0.036525011,1.788474989,9036.603627,719.151428,664.593872,0.004164,0.004235
632,4,0,0,176.3233,89.0,22.0,0.005148761,74.1028179450852,6.641235352,0.0,-0.001725677,0.037567377,1.787432623,9049.507163,757.904602,853.730896,0.0045,0.0
633,4,0,0,176.3233,87.0,22.0,0.005147081,74.0251424096888,3.562316895,0.0,-0.003259613,0.037061453,1.787938547,9061.721507,0.0,0.0,0.0,0.0
634,4,0,0,176.4914,86.0,22.2,0.005139033,73.8903292853608,4.17755127,0.0,-0.003259613,0.031446218,1.793553782,9074.608542,685.004517,650.314514,0.004606,0.0
635,4,0,0,176.8284,85.0,22.2,0.005116199,73.7606373866874,4.133605957,0.0,-0.003259613,0.015133619,1.809866381,9091.558433,741.725525,851.466125,0.004853,0.0
636,4,0,0,176.8284,84.0,22.7,0.005085234,73.6660568772224,5.188293457,0.0,-0.003259613,-0.007038355,1.832038355,9105.791298,692.313477,435.871887,0.004934,0.00501
637,4,0,0,176.9974,82.0,22.7,0.005044453,73.6156653036094,5.188293457,0.0,0.005368774,-0.041648626,1.866648626,9122.73171,700.779724,663.819275,0.005129,0.005246
638,4,0,0,176.9974,84.0,23.4,0.00501467,73.5768305936572,5.23223877,0.0,0.005368774,-0.072724581,1.897724581,9135.604225,744.723389,448.864502,0.005048,0.005068
639,4,0,0,177.1667,84.0,23.4,0.004984011,73.5315356871704,5.144348145,0.0,0.005368774,-0.093721628,1.918721628,9150.506759,725.895386,668.260193,0.004774,0.004928
640,4,0,0,177.1667,85.0,24.1,0.004962549,73.4116162320592,4.573059082,0.0,-0.000959,-0.099972486,1.924972486,9167.438138,711.348206,866.707886,0.004489,0.004546
641,4,0,0,177.5064,85.0,24.1,0.004965157,73.34380125159,5.188293457,0.0,-0.001725677,-0.098078966,1.923078966,9181.658189,0.0,0.0,0.0,0.0
642,4,0,0,176.3233,86.0,24.7,0.004993319,73.2706970947438,5.364074707,0.0,0.010737549,-0.096511602,1.921511602,9198.585185,715.991699,693.525208,0.005221,0.005201
643,4,0,0,178.1896,86.0,24.7,0.005028381,73.2448411486226,5.451965332,0.0,-0.025501678,-0.079858065,1.904858065,9213.479719,633.577271,683.077209,0.004844,0.0
644,4,0,0,177.8473,89.0,24.9,0.005064644,73.210470409869,5.495910645,0.0,-0.010162323,-0.10320878,1.92820878,9230.403461,688.841125,677.886292,0.0,0.005606
645,4,0,0,178.0183,91.0,24.9,0.005083057,73.1952903746926,5.539855957,0.0,0.017640259,-0.16087842,1.98587842,9241.233476,693.728088,668.647095,0.004877,0.00489
646,4,0,0,178.1896,93.0,25.1,0.005112702,73.1809188397454,5.58380127,0.0,0.017640259,-0.199812174,2.024812174,9258.153856,944.585388,665.929688,0.0,0.004955
647,4,0,0,178.3612,92.0,25.1,0.005146311,73.1696333108086,5.58380127,0.0,0.017640259,-0.186917067,2.011917067,9272.365688,740.299927,847.763428,0.005003,0.004973
648,4,0,0,178.3612,89.0,25.3,0.005196712,73.1561111372332,5.58380127,0.0,0.017640259,-0.117501974,1.942501974,9289.28487,0.0,0.0,0.0,0.0
649,4,0,0,178.3612,88.0,25.3,0.005250785,73.1446092808136,5.58380127,0.0,-0.010162323,-0.01265645,1.83765645,9304.174258,690.3573,663.116089,0.00455,0.004692
650,4,0,0,178.7055,83.0,25.5,0.005322858,73.1322973148248,5.627746582,0.0,-0.010162323,0.09737134,1.72762866,9320.415536,704.677917,681.735413,0.0,0.004984
651,4,0,0,178.7055,81.0,25.5,0.0053875,73.1269188522646,5.627746582,0.0,-0.010162323,0.173759699,1.651240301,9335.981219,733.582092,766.397827,0.004999,0.005067
652,4,0,0,178.7055,81.0,25.6,0.005435449,73.1195408008478,5.627746582,0.0,-0.013997162,0.223842382,1.601157618,9350.198076,695.901672,676.579102,0.005043,0.00514
653,4,0,0,179.051,81.0,25.6,0.005451791,73.1124002236414,5.627746582,0.0,-0.016298065,0.225033522,1.599966478,9363.069083,802.351685,713.688904,0.005876,0.0
654,4,0,0,179.2243,82.0,25.7,0.005443241,73.1038606793598,5.627746582,0.0,0.010737549,0.165180445,1.659819555,9380.020463,0.0,0.0,0.0,0.0
655,4,0,0,179.2243,81.0,25.7,0.005425475,73.0970245088144,5.627746582,0.0,0.025309937,0.114511728,1.710488272,9392.234051,708.289978,677.313293,0.005363,0.0
656,4,0,0,179.051,80.0,25.9,0.005396985,73.0913466929208,5.715637207,0.0,-0.001725677,0.113611937,1.711388063,9409.208332,789.174988,845.036987,0.0051,0.0
657,4,0,0,179.3979,79.0,25.9,0.005374586,73.095183407761,5.806274414,0.0,0.012271484,0.14481473,1.68018527,9424.151662,790.497314,848.6073,0.004957,0.005072
658,4,0,0,179.5719,80.0,26.0,0.005362615,73.0971902064608,5.715637207,0.0,0.016106323,0.220300436,1.604699564,9441.128667,723.193604,666.925903,0.005196,0.0
659,4,0,0,179.7462,80.0,26.0,0.005366482,73.0953822739048,5.671691895,0.0,-0.044675873,0.386621237,1.438378763,9454.022785,707.003784,702.17627,0.005655,0.005786
660,4,0,0,179.3979,83.0,25.8,0.005385144,73.0930083203774,5.850219727,0.0,-0.096062714,0.515915155,1.309084845,9470.956463,784.882324,712.25531,0.005656,0.006407
661,4,0,0,179.3979,84.0,25.8,0.005404836,73.1327485898542,6.421508789,0.0,-0.092994843,0.352512598,1.472487402,9485.169808,0.0,0.0,0.0,0.0
662,4,0,0,179.5719,86.0,25.6,0.005412701,73.194591132556,6.333618164,0.0,0.092803101,-0.043934584,1.868934584,9502.077289,730.916077,672.532898,0.006044,0.005563
663,4,0,0,180.2711,86.0,25.6,0.005395662,73.2388195294248,6.377563477,0.0,0.082065552,-0.265949011,2.090949011,9514.919758,799.457214,685.50708,0.005687,0.0
664,4,0,0,179.5719,86.0,25.5,0.005347016,73.2952191554994,6.333618164,0.0,-0.032404388,-0.216579199,2.041579199,9529.11223,682.432373,686.951416,0.00533,0.005324
665,4,0,0,180.4468,84.0,25.5,0.005278229,73.3358901706718,6.157836914,0.0,-0.010929291,-0.154806852,1.979806852,9543.978768,713.963074,666.207703,0.006732,0.0
666,4,0,0,180.6228,82.0,25.3,0.005194473,73.3612767849688,5.58380127,0.0,-0.008628387,-0.157199144,1.982199144,9560.871428,731.70343,850.475708,0.004606,0.004669
667,4,0,0,180.6228,82.0,25.3,0.005134952,73.345035534903,5.276184082,0.0,0.001533936,-0.177311182,2.002311182,9573.709813,734.125916,668.769714,0.0,0.005003
668,4,0,0,180.4468,83.0,25.2,0.005079806,73.3011057671646,4.265441895,0.0,0.016106323,-0.197137594,2.022137594,9586.5481,706.531372,683.780518,0.005199,0.005116
669,4,0,0,180.7991,86.0,25.2,0.005023276,73.1436042962638,5.100402832,0.0,0.016106323,-0.176390409,2.001390409,9601.413195,693.568726,672.52832,0.005177,0.0
670,4,0,0,180.7991,87.0,25.1,0.004974186,73.1073298531308,4.485168457,0.0,0.016106323,-0.105581999,1.930581999,9617.62919,698.995728,686.813904,0.005554,0.0
671,4,0,0,180.9758,89.0,25.1,0.004948999,73.0519253785386,4.17755127,0.0,-0.000959,-0.001987219,1.826987219,9630.466587,751.303528,835.050598,0.005066,0.0
672,4,0,0,181.1529,90.0,25.0,0.004922274,73.0038153662436,5.539855957,0.0,-0.013997162,0.120521784,1.704478216,9647.357488,668.703796,792.109802,0.005517,0.005964
673,4,0,0,181.3302,92.0,25.0,0.004894369,72.9935492576364,5.58380127,0.0,-0.032404388,0.207905054,1.617094946,9662.221126,696.825928,698.463806,0.005539,0.0
674,4,0,0,181.508,94.0,24.6,0.00485393,72.9830373867178,5.627746582,0.0,-0.020132904,0.227837324,1.597162676,9679.111054,0.0,0.0,0.0,0.0
675,4,0,0,181.3302,94.0,24.6,0.004819455,72.9792771959946,5.671691895,0.0,-0.005560516,0.185585737,1.639414263,9693.298183,0.0,0.0,0.0,0.0
676,4,0,0,181.3302,96.0,24.2,0.004792004,72.979979528064,5.671691895,0.0,-0.010929291,0.116615057,1.708384943,9710.187998,0.0,0.0,0.005178,0.005293
677,4,0,0,181.3302,97.0,24.2,0.004780859,72.9793797914196,5.671691895,0.0,0.003834839,0.038471937,1.786528063,9725.053261,706.043396,673.711487,0.005333,0.0
678,4,0,0,181.508,96.0,23.9,0.004780772,72.9772791038242,5.627746582,0.0,0.003834839,-0.053439379,1.878439379,9741.957757,703.821228,686.339294,0.004905,0.0
679,4,0,0,181.686,97.0,23.9,0.004790936,72.9750671464612,5.671691895,0.0,0.003834839,-0.117079496,1.942079496,9756.845194,709.33313,681.233215,0.005172,0.0
680,4,0,0,181.8645,97.0,23.9,0.004812752,72.9731951782666,5.671691895,0.0,0.003834839,-0.184554338,2.009554338,9773.76884,698.28009,674.693909,0.004995,0.0
681,4,0,0,182.0433,96.0,23.9,0.004829002,72.97128007976,5.671691895,0.0,0.012271484,-0.229290724,2.054290724,9785.956831,701.190674,664.402588,0.00456,0.0
682,4,0,0,182.2224,95.0,23.9,0.004833006,72.9691973363056,5.671691895,0.0,0.012271484,-0.250547647,2.075547647,9802.88885,711.373291,662.470886,0.004524,0.004673
683,4,0,0,182.2224,94.0,23.9,0.004814157,72.9669298245258,5.671691895,0.0,0.005368774,-0.238534689,2.063534689,9817.791113,703.866394,656.638489,0.004746,0.0
684,4,0,0,182.4019,94.0,23.9,0.004778434,72.9650333943632,5.671691895,0.0,-0.000959,-0.206387281,2.031387281,9834.723673,701.081299,663.80127,0.005107,0.0
685,4,0,0,182.4019,92.0,23.9,0.004744843,72.9675201626246,5.75958252,0.0,0.001533936,-0.17764163,2.00264163,9848.945538,704.63623,655.036499,0.004768,0.0
686,4,0,0,182.5817,90.0,23.9,0.004711284,72.98062551714,6.245727539,0.0,0.003834839,-0.143512011,1.968512011,9863.843143,699.464478,652.311401,0.00447,0.0
687,4,0,0,182.5817,89.0,23.9,0.004679023,73.0349229428396,6.333618164,0.0,0.003834839,-0.104457617,1.929457617,9878.738897,732.824097,835.653015,0.004079,0.004119
688,4,0,0,182.7619,88.0,23.9,0.004648238,73.0957289579276,5.982055664,0.0,0.003834839,-0.040257692,1.865257692,9895.663501,695.760986,654.917297,0.004036,0.004119
689,4,0,0,182.9424,88.0,23.9,0.004632729,73.1135701816346,5.938110352,0.0,0.003834839,0.011273146,1.813726854,9907.847764,698.905823,660.739929,0.004001,0.004062
690,4,0,0,182.7619,88.0,23.9,0.004622291,73.1330380779334,5.894165039,0.0,-0.000959,0.087272406,1.737727594,9924.768423,670.714722,663.029907,0.004288,0.004418
691,4,0,0,183.4862,90.0,23.9,0.004618552,73.1515489480144,5.894165039,0.0,0.0,0.152055979,1.672944021,9939.656727,738.160522,851.506897,0.004115,0.004076
692,4,0,0,183.4862,89.0,23.9,0.004619643,73.1592124802538,5.627746582,0.0,-0.001725677,0.224924803,1.600075197,9954.543228,0.0,0.0,0.0,0.0
693,4,0,0,183.4862,90.0,23.9,0.004628125,73.1520419210432,5.671691895,0.0,-0.010162323,0.281881094,1.543118906,9969.427698,890.919617,461.618286,0.004922,0.004743
694,4,0,0,183.4862,88.0,24.2,0.004646348,73.1436459781698,5.627746582,0.0,-0.013997162,0.321633577,1.503366423,9985.66325,695.045715,659.928711,0.004525,0.004589
695,4,0,0,183.4862,89.0,24.2,0.004669234,73.1365943974654,5.627746582,0.0,-0.010929291,0.325990438,1.499009562,10000.5437,673.535278,661.463623,0.004441,0.004467
696,4,0,0,183.4862,89.0,24.5,0.004702922,73.1269169210566,5.627746582,0.0,-0.003259613,0.296845675,1.528154325,10017.45064,747.954712,705.957703,0.004329,0.0043
697,4,0,0,183.8506,85.0,24.5,0.004740041,73.1179234946148,5.58380127,0.0,0.0,0.260781527,1.564218473,10032.3265,680.779297,645.957092,0.00438,0.0
698,4,0,0,184.0333,85.0,24.7,0.004788382,73.1079800425842,5.627746582,0.0,0.0,0.210780859,1.614219141,10047.2003,748.272583,844.398193,0.004853,0.0
699,4,0,0,184.3998,83.0,24.7,0.004841279,73.1003228833312,5.627746582,0.0,-0.003259613,0.170680761,1.654319239,10060.04419,751.89679,853.189392,0.004573,0.004987
700,4,0,0,184.5836,84.0,25.0,0.004927245,73.0909096283636,5.627746582,0.0,0.0,0.117729425,1.707270575,10076.94176,731.651672,654.49231,0.004579,0.005328
701,4,0,0,184.5836,84.0,25.0,0.005011777,73.0827470236968,5.58380127,0.0,0.0,0.067069769,1.757930231,10091.13376,877.744324,453.116089,0.004629,0.0
702,4,0,0,184.5836,84.0,25.2,0.005106795,73.0712306832172,5.58380127,0.0,0.005368774,0.007050276,1.817949724,10108.0267,713.794678,663.81189,0.004775,0.0
703,4,0,0,184.7677,84.0,25.2,0.005172573,73.0625804002502,5.58380127,0.0,0.014572388,-0.03690505,1.86190505,10122.21483,808.864807,649.13269,0.004181,0.004263
704,4,0,0,185.1372,87.0,25.6,0.005214332,73.0506187875794,5.58380127,0.0,0.00690271,-0.058062792,1.883062792,10139.10313,712.859314,650.974487,0.004477,0.004513
705,4,0,0,183.8506,89.0,25.6,0.005222306,73.0406305958968,5.58380127,0.0,-0.000959,-0.046914339,1.871914339,10154.63821,894.59613,427.883911,0.004809,0.004527
706,4,0,0,185.1372,90.0,26.1,0.005204618,73.0289468518704,5.58380127,0.0,0.0,-0.033385992,1.858385992,10171.52241,721.696899,876.261597,0.004976,0.005085
707,4,0,0,185.3225,90.0,26.1,0.005168912,73.0191006039758,5.58380127,0.0,0.005368774,-0.022464991,1.847464991,10185.71255,775.023621,650.637024,0.0,0.004804
708,4,0,0,185.5081,90.0,26.2,0.005110761,73.0080367777174,5.58380127,0.0,0.0,0.005073786,1.819926214,10202.61634,701.406677,656.432617,0.004235,0.004448
709,4,0,0,185.5081,89.0,26.2,0.005049152,72.9981306140946,5.58380127,0.0,-0.000959,0.03481555,1.79018445,10216.81883,701.889099,670.747803,0.004457,0.004633
710,4,0,0,185.6941,88.0,26.2,0.004973554,72.9872141068198,5.58380127,0.0,-0.008628387,0.063678503,1.761321497,10233.69213,0.0,0.0,0.0,0.0
711,4,0,0,185.8805,88.0,26.2,0.004914717,72.9779525804274,5.58380127,0.0,-0.007094452,0.070901155,1.754098845,10249.15597,0.0,0.0,0.0,0.0
712,4,0,0,185.6941,88.0,26.3,0.004866501,72.9670995294288,5.58380127,0.0,-0.005560516,0.056073427,1.768926573,10265.23619,708.967896,978.261475,0.005311,0.006932
713,4,0,0,186.0673,91.0,26.3,0.004840562,72.9579074621508,5.58380127,0.0,0.0,0.025295019,1.799704981,10279.92704,713.145203,811.654114,0.005384,0.007436
714,4,0,0,186.2544,95.0,26.1,0.00482185,72.9473869168896,5.58380127,0.0,0.0,-0.014149904,1.839149904,10296.55906,846.101929,974.14209,0.006608,0.0
715,4,0,0,186.4419,96.0,26.1,0.004807786,72.9388788512984,5.671691895,0.0,0.030678711,-0.038478613,1.863478613,10310.46359,0.0,0.0,0.0,0.0
716,4,0,0,186.4419,92.0,25.6,0.004791646,72.999496396579,6.377563477,0.0,-0.012463226,0.004489183,1.820510817,10325.68037,693.827026,503.921295,0.0,0.005511
717,4,0,0,186.4419,90.0,25.6,0.004776238,73.0324173613936,5.894165039,0.0,-0.001725677,0.051421881,1.773578119,10337.59099,0.0,0.0,0.0,0.0
718,4,0,0,186.6298,90.0,25.1,0.004755624,73.046827085979,4.52911377,0.0,-0.003259613,0.080904722,1.744095278,10354.13029,0.0,0.0,0.0,0.0
719,4,0,0,186.6298,93.0,25.1,0.004738853,72.824387249392,2.63671875,0.0,-0.010162323,0.095813036,1.729186964,10366.6961,0.0,0.0,0.0,0.0
720,4,0,0,186.6298,96.0,24.4,0.004711003,72.5400823232498,3.034973145,0.0,0.003067871,0.079078436,1.745921564,10383.22761,0.0,0.0,0.0,0.0
721,4,0,0,187.0068,96.0,24.4,0.004681911,72.2736618315936,2.724609375,0.0,0.008436646,0.05227685,1.77272315,10397.11237,0.0,0.0,0.0,0.0
722,4,0,0,187.1958,97.0,23.5,0.004653047,72.0477222437756,3.210754395,0.0,0.008436646,0.050989866,1.774010134,10411.65735,621.379395,798.759277,0.00498,0.006106
723,4,0,0,187.3852,96.0,23.5,0.004634405,71.7794501742626,1.40625,0.0,0.008436646,0.072476625,1.752523375,10426.20052,0.0,0.0,0.0,0.0
724,4,0,0,187.3852,96.0,22.3,0.004637464,71.4454314158616,5.58380127,0.0,-0.007094452,0.123304605,1.701695395,10442.72593,0.0,0.0,0.0,0.0
725,4,0,0,187.575,97.0,22.3,0.004658916,71.4600828472216,5.58380127,0.0,-0.004793549,0.163115263,1.661884737,10456.60744,0.0,0.0,0.0,0.0
726,4,0,0,187.575,95.0,21.3,0.0046881,71.4711955813226,4.792785645,0.0,-0.008628387,0.190035105,1.634964895,10471.15096,0.0,0.0,0.0,0.0
727,4,0,0,187.575,95.0,21.3,0.004719773,71.437054334453,5.320129395,0.0,-0.016298065,0.19440341,1.63059659,10485.69593,439.928101,864.640198,0.0,0.007275
728,4,0,0,187.7652,92.0,20.7,0.004756998,71.4225247140376,5.276184082,0.0,-0.007094452,0.159856558,1.665143442,10502.22611,0.0,0.0,0.0,0.0
729,4,0,0,187.7652,90.0,20.7,0.004784989,71.4124689461684,5.451965332,0.0,-0.007094452,0.104214907,1.720785093,10516.77429,706.066895,727.005798,0.0,0.005283
730,4,0,0,187.7652,88.0,19.8,0.004803519,71.4082820550376,5.495910645,0.0,-0.007094452,0.031733751,1.793266249,10530.66253,0.0,0.0,0.0,0.0
731,4,0,0,187.9558,88.0,19.8,0.004815086,71.3992113963692,5.539855957,0.0,0.005368774,-0.073174238,1.898174238,10543.22918,0.0,0.0,0.0,0.0
732,4,0,0,187.9558,86.0,19.0,0.004831275,71.394116821385,5.276184082,0.0,0.005368774,-0.173534155,1.998534155,10555.13553,0.0,0.0,0.0,0.0
733,4,0,0,188.3381,88.0,19.0,0.004858444,71.3943055165,5.539855957,0.0,0.009203613,-0.26290679,2.08790679,10568.36627,0.0,0.0,0.0,0.006984
734,4,0,0,188.3381,87.0,18.6,0.004901407,71.398295553162,5.451965332,0.0,0.014572388,-0.316653967,2.141653967,10582.26045,0.0,0.0,0.0,0.0
735,4,0,0,188.5298,87.0,18.6,0.004950632,71.4066514717496,5.58380127,0.0,0.012271484,-0.339234591,2.164234591,10598.80363,0.0,0.0,0.0,0.0
736,4,0,0,188.5298,86.0,18.6,0.004984501,71.4139635724132,5.539855957,0.0,0.012271484,-0.316371679,2.141371679,10613.36326,664.254089,758.636597,0.0,0.005246
737,4,0,0,188.5298,85.0,18.6,0.005011393,71.4242383714564,5.539855957,0.0,0.012271484,-0.242705107,2.067705107,10629.90782,668.662476,850.463013,0.006634,0.0
738,4,0,0,188.3381,84.0,18.5,0.005026937,71.4322065678512,5.58380127,0.0,0.008436646,-0.143378973,1.968378973,10644.46818,684.527405,801.06427,0.005242,0.008195
739,4,0,0,188.5298,83.0,18.5,0.005040949,71.4415344795186,5.58380127,0.0,-0.000959,0.003638029,1.821361971,10660.35094,674.786987,788.252197,0.004964,0.0
740,4,0,0,188.722,83.0,18.8,0.005052779,71.4502585346312,5.58380127,0.0,-0.005560516,0.143295527,1.681704473,10672.87067,0.0,0.0,0.0,0.006224
741,4,0,0,188.9145,83.0,18.8,0.005065861,71.4616022251156,5.539855957,0.0,-0.032404388,0.284787416,1.540212584,10687.26571,0.0,0.0,0.0,0.0
742,4,0,0,188.722,85.0,19.3,0.005069675,71.470808390212,5.58380127,0.0,-0.015531097,0.326324224,1.498675776,10701.55267,838.172974,857.950806,0.0,0.007991
743,4,0,0,189.1074,86.0,19.3,0.005060559,71.4791355338004,5.40802002,0.0,0.010737549,0.287881613,1.537118387,10715.09014,0.0,0.0,0.0,0.0
744,4,0,0,189.1074,89.0,20.1,0.005044017,71.4784658391462,5.58380127,0.0,-0.037773163,0.263093233,1.561906767,10729.20737,699.634888,510.636108,0.005003,0.0
745,4,0,0,189.3007,90.0,20.1,0.005026974,71.4859674717816,5.539855957,0.0,0.00690271,0.178562403,1.646437597,10743.30262,0.0,0.0,0.0,0.0
746,4,0,0,189.4944,90.0,20.7,0.005015493,71.4069741766064,0.483398438,0.0,0.005368774,0.065875292,1.759124708,10757.37446,0.0,0.0,0.0,0.0
747,4,0,0,189.4944,90.0,20.7,0.005017388,70.7485507121238,0.0,0.0,0.014572388,-0.038816214,1.863816214,10772.65991,0.0,0.0,0.0,0.0
748,4,0,0,189.4944,89.0,21.4,0.005036063,70.1441975954668,0.0,0.0,0.021475098,-0.088217497,1.913217497,10786.56217,0.0,0.0,0.004771,0.0
749,4,0,0,189.6885,88.0,21.4,0.005073851,69.4782787264946,0.087890625,0.0,0.008436646,-0.05601716,1.88101716,10802.23368,0.0,0.0,0.0,0.0
750,4,0,0,189.3007,88.0,22.2,0.0051122,69.2658924690744,4.045715332,0.0,-0.005560516,0.009293795,1.815706205,10815.91433,931.22583,472.136292,0.0,0.005232
751,4,0,0,190.2732,88.0,22.2,0.005146213,69.1140415196608,3.913879395,0.0,-0.017832001,0.06646657,1.75853343,10829.50673,730.181824,646.589111,0.004758,0.007993
752,4,0,0,189.4944,89.0,22.7,0.005169455,68.881344844265,0.0,0.0,0.003834839,0.054602861,1.770397139,10841.20418,700.838928,658.962708,0.004717,0.0
753,4,0,0,189.883,88.0,22.7,0.005190728,68.2086825992918,0.0,0.0,0.005368774,0.042117357,1.782882643,10856.55098,0.0,0.0,0.0,0.0
754,4,0,0,189.883,89.0,23.4,0.005197835,67.627963573952,0.087890625,0.0,-0.010929291,0.091149569,1.733850431,10869.40983,933.706909,918.351318,0.006445,0.0
755,4,0,0,190.0779,89.0,23.4,0.005193526,66.9391750018824,0.0,0.0,-0.001725677,0.130999327,1.694000673,10881.01417,727.764893,666.99353,0.004845,0.007335
756,4,0,0,190.2732,90.0,24.1,0.005174467,66.5667072279536,2.153320313,0.0,-0.008628387,0.181874514,1.643125486,10894.41421,701.507874,646.848083,0.004376,0.0
757,4,0,0,190.4689,89.0,24.1,0.00514298,66.2884174836492,3.47442627,0.0,0.0,0.222696543,1.602303457,10907.16906,738.731201,656.936707,0.00444,0.005619
758,4,0,0,190.665,91.0,24.7,0.005111138,66.0996554201052,3.342590332,0.0,0.0,0.25683856,1.56816144,10920.49265,701.820129,633.07251,0.004337,0.0
759,4,0,0,190.665,91.0,24.7,0.005089168,65.8303089552082,3.342590332,0.0,-0.008628387,0.295763731,1.529236269,10935.5872,707.641479,659.085815,0.004297,0.0
760,4,0,0,190.665,92.0,25.2,0.005079125,65.5955334309608,3.254699707,0.0,-0.000959,0.318109751,1.506890249,10948.82618,716.997314,645.939392,0.004652,0.0
761,4,0,0,190.665,91.0,25.2,0.005064664,65.3261557448678,3.29864502,0.0,-0.010162323,0.326619387,1.498380613,10961.40063,714.800476,625.791077,0.004285,0.0
762,4,0,0,190.8615,90.0,25.7,0.005043865,65.0835776253116,2.8125,0.0,-0.010162323,0.296193838,1.528806162,10972.70033,711.027283,628.218323,0.004458,0.0
763,4,0,0,190.8615,89.0,25.7,0.005003955,64.6361819582618,0.0,0.0,-0.008628387,0.21178937,1.61321063,10987.45813,713.70929,644.821472,0.004593,0.0
764,4,0,0,191.0585,88.0,26.1,0.00495468,64.0261796558698,0.0,0.0,-0.003259613,0.095555067,1.729444933,11000.35935,0.0,0.0,0.0,0.0
765,4,0,0,191.2558,87.0,26.1,0.004869584,63.36401193313,2.197265625,0.0,0.00690271,-0.059681177,1.884681177,11014.97731,0.0,0.0,0.0,0.006802
766,4,0,0,191.4535,87.0,26.5,0.004762248,63.150131129932,3.12286377,0.0,0.003067871,-0.170227766,1.995227766,11027.22787,688.229614,639.548584,0.004658,0.0
767,4,0,0,191.4535,87.0,26.5,0.004631901,62.937075435352,3.430480957,0.0,0.010737549,-0.275197268,2.100197268,11040.03195,,,,
768,4,0,0,191.4535,86.0,26.8,0.004631901,62.937075435352,3.430480957,0.0,0.010737549,-0.275197268,2.100197268,11040.03195,,,,
769,4,0,0,191.6517,84.0,26.8,0.004631901,62.937075435352,3.430480957,0.0,0.010737549,-0.275197268,2.100197268,11040.03195,,,,
