Time,Drive,Stimulus,Failure,Palm.EDA,Heart.Rate,Breathing.Rate,Perinasal.Perspiration,Speed,Acceleration,Brake,Steering,LaneOffset,Lane.Position,Distance,Gaze.X.Pos,Gaze.Y.Pos,Lft.Pupil.Diameter,Rt.Pupil.Diameter
1,4,0,0,235.9492,73.0,10.6,0.006936984,-0.0178077333416,0.0,260.8978271,-0.049277679,-0.100002527,1.925002527,8.06116e-06,718.7276,680.223511,0.004778,0.004976
2,4,0,0,236.2837,72.0,10.6,0.00686574,-0.0178077333416,0.0,260.8978271,-0.049277679,-0.100002527,1.925002527,1.51147e-05,1101.988403,865.073425,0.003839,0.004112
3,4,0,0,236.7873,73.0,10.4,0.006771415,-0.02373065332654,0.0,260.3118896,-0.049277679,-0.100002527,1.925002527,2.20577e-05,0.0,0.0,0.004067,0.004278
4,4,0,0,237.0398,72.0,10.4,0.006688541,0.08017190658958,0.0,261.1907959,-0.049277679,-0.100010633,1.925010633,3.40329e-05,696.584106,653.157898,0.004714,0.004956
5,4,0,0,237.3775,70.0,10.3,0.006597587,0.81521257068844,0.0,57.2845459,0.049085938,-0.099856615,1.924856615,0.000306951,707.707275,646.328491,0.004504,0.004809
6,4,0,0,237.716,73.0,10.3,0.006527371,0.79824517353992,0.0,8.358764648,0.054454712,-0.099417925,1.924417925,0.034903503,715.328491,690.63092,0.004655,0.004848
7,4,0,0,238.3109,77.0,10.1,0.006468051,4.54538840604422,6.948852539,0.0,0.003834839,-0.099034071,1.924034071,0.204130697,709.335083,705.022583,0.00455,0.00472
8,4,0,0,238.7376,80.0,10.1,0.006437427,9.48010327546744,6.245727539,0.0,0.003067871,-0.097851515,1.922851515,0.353631665,701.118896,629.328918,0.004224,0.004465
9,4,0,0,239.08,79.0,10.3,0.006421453,13.2314583535286,5.23223877,0.0,0.012271484,-0.094294786,1.919294786,0.575463018,692.470581,625.989075,0.004107,0.004337
10,4,0,0,239.4235,78.0,10.3,0.006414412,13.3246251559733,0.0,0.0,-0.019365936,-0.086709738,1.911709738,1.490780349,769.361511,681.912781,0.004417,0.004498
11,4,0,0,239.6817,76.0,10.5,0.00639935,12.9136782605933,0.0,260.1654053,0.036047485,-0.080844641,1.905844641,3.448603811,702.432007,694.669006,0.004517,0.004569
12,4,0,0,240.1133,72.0,10.5,0.006372607,12.5542992488845,0.0,260.7513428,0.014572388,-0.066269159,1.891269159,5.87600513,698.473022,704.201477,0.004428,0.004568
13,4,0,0,240.6333,71.0,10.6,0.006334504,12.1401253451701,0.0,260.6048584,-0.001725677,-0.04797101,1.87297101,8.862838011,691.771484,698.176514,0.004353,0.004598
14,4,0,0,241.0684,73.0,10.6,0.006308593,11.7818369123683,0.0,260.6048584,0.005368774,-0.031855822,1.856855822,11.44106982,708.28363,698.62323,0.004282,0.00447
15,4,0,0,241.0684,73.0,11.1,0.006291463,11.3687497251449,0.0,240.0970459,-0.008628387,-0.014708757,1.839708757,14.32360244,732.354675,706.439392,0.004268,0.004561
16,4,0,0,241.7678,74.0,11.1,0.006276768,11.1062375349907,0.0,204.5013428,-0.008628387,-0.002321959,1.827321959,16.78938091,707.455688,746.390076,0.004107,0.004205
17,4,0,0,241.8555,76.0,11.8,0.006246105,-0.10199055134232,0.0,181.6497803,-0.013997162,0.006596327,1.818403673,19.65620019,804.09491,746.918823,0.004365,0.004505
18,4,0,0,241.8555,76.0,11.8,0.006202717,0.48749144616996,0.0,262.0697021,-0.013997162,0.006681681,1.818318319,21.89601622,810.843872,751.488586,0.004418,0.004629
19,4,0,0,242.6478,75.0,12.1,0.006139256,0.78535068923538,0.0,170.9564209,-0.013997162,0.007317781,1.817682219,24.62878382,701.770386,762.200989,0.004246,0.004566
20,4,0,0,243.0016,73.0,12.1,0.006082107,0.79709403677802,0.0,119.9798584,-0.013997162,0.007921934,1.817078066,26.86685072,699.541321,721.422119,0.004111,0.004261
21,4,0,0,243.3564,73.0,12.7,0.006026734,0.79884621857774,0.0,97.7142334,-0.013997162,0.008586168,1.816413832,29.36751705,674.807678,591.946472,0.00426,0.004499
22,4,0,0,243.6232,71.0,12.7,0.005989856,0.79737241397386,0.0,75.59509277,-0.013997162,0.009153128,1.815846872,31.49657624,682.388123,573.083618,0.004294,0.004423
23,4,0,0,244.1585,71.0,12.9,0.005955445,0.79675622182796,0.0,81.45446777,-0.030103485,0.009750128,1.815249872,32.20589448,735.234802,874.94043,0.004662,0.004809
24,4,0,0,244.248,73.0,12.9,0.005924487,0.79684251946678,0.0,90.39001465,-0.045442841,0.010049582,1.814950418,32.26213441,668.107727,755.541077,0.004059,0.004233
25,4,0,0,244.4271,70.0,13.4,0.005887011,0.79691152313796,0.0,261.3372803,-0.045442841,0.010325193,1.814674807,32.42526803,681.066223,571.052917,0.004212,0.004346
26,4,0,0,244.6962,67.0,13.4,0.005861235,0.79691361849864,0.0,258.8470459,-0.044675873,0.01051116,1.81448884,32.58156308,679.545288,584.148499,0.004616,0.00494
27,4,0,0,245.1461,68.0,13.6,0.005851153,0.79691009404404,0.0,260.8978271,-0.043141937,0.010704756,1.814295244,32.75202371,675.686218,579.535522,0.004809,0.00501
28,4,0,0,245.5072,70.0,13.6,0.005861539,0.796909038317,0.0,259.1400146,-0.043141937,0.010825396,1.814174604,32.90126337,675.827209,591.487671,0.004976,0.00518
29,4,0,0,245.8694,69.0,13.7,0.005890308,0.79690898038076,0.0,258.114624,-0.043141937,0.010915518,1.814084482,33.07195489,677.14679,586.136597,0.005099,0.005299
30,4,0,0,246.3236,69.0,13.7,0.005923188,0.7969091268307,0.0,256.942749,-0.043141937,0.010952711,1.814047289,33.22842766,670.142273,591.022217,0.005131,0.005256
31,4,0,0,246.597,69.0,13.8,0.005961543,0.79690918637628,0.0,262.3626709,-0.043141937,0.010946989,1.814053011,33.39913602,785.508972,735.423218,0.004518,0.004666
32,4,0,0,247.0539,69.0,13.8,0.005990513,0.7969091751109,0.0,50.69274902,-0.043141937,0.010900259,1.814099741,33.54850417,704.562988,678.34613,0.004303,0.004377
33,4,0,0,247.3288,67.0,14.2,0.006014699,2.7261816299396,13.2824707,0.0,-0.043141937,0.010729551,1.814270449,33.71920836,705.59082,680.333801,0.004427,0.00449
34,4,0,0,247.7885,66.0,14.2,0.006028347,12.6012923743915,19.83581543,0.0,-0.043141937,0.007876635,1.817123365,33.86857417,703.645325,656.604126,0.003894,0.004034
35,4,0,0,247.8806,67.0,14.3,0.006036883,22.3066211992684,18.91296387,0.0,-0.024734711,-0.016929865,1.841929865,34.04638981,703.775879,672.986694,0.004232,0.004372
36,4,0,0,248.3423,68.0,14.3,0.006037278,27.511159150895,14.77935791,0.0,-0.000959,-0.069736242,1.894736242,34.18864244,711.329712,677.372009,0.004291,0.004322
37,4,0,0,248.6202,68.0,14.4,0.006027498,31.6889581222442,16.71295166,0.0,0.019941162,-0.140790701,1.965790701,34.36645822,697.941284,675.388977,0.004069,0.004132
38,4,0,0,248.8986,67.0,14.4,0.006011305,35.59976032947,18.12194824,0.0,0.013038452,-0.185139418,2.010139418,34.5158235,748.05481,660.518616,0.004011,0.004076
39,4,0,0,248.8986,70.0,14.7,0.005988689,39.3149842906092,16.88873291,0.0,-0.016298065,-0.217159033,2.042159033,34.6865267,710.768005,674.376404,0.004666,0.004821
40,4,0,0,249.1777,69.0,14.7,0.005967021,42.366966391119,17.24029541,0.0,0.026843872,-0.260676146,2.085676146,34.835892,695.068481,679.249817,0.004499,0.004584
41,4,0,0,249.2709,68.0,14.8,0.005940914,45.4206959773744,15.0869751,0.0,-0.005560516,-0.285513639,2.110513639,35.0065952,702.016907,679.743774,0.004431,0.004701
42,4,0,0,249.5508,70.0,14.8,0.005921283,47.5766861600512,15.39459229,0.0,0.021475098,-0.297481298,2.122481298,35.16307312,723.653381,854.171814,0.004354,0.004583
43,4,0,0,249.925,71.0,15.1,0.005906447,49.7915103369536,14.42504883,0.0,0.003834839,-0.272257566,2.097257566,35.32666366,687.366821,688.047119,0.003894,0.004073
44,4,0,0,250.6768,71.0,15.1,0.005898623,51.6519983529438,16.58111572,0.0,-0.005560516,-0.235353708,2.060353708,35.61019356,691.263428,655.046509,0.003859,0.003935
45,4,0,0,250.6768,73.0,15.1,0.005892402,54.1313918298872,17.02056885,0.0,-0.004793549,-0.204618216,2.029618216,37.33367749,698.67688,660.178101,0.004275,0.004401
46,4,0,0,250.6768,73.0,15.1,0.005887462,56.1800934946296,16.97662354,0.0,-0.004793549,-0.191245794,2.016245794,40.41567988,704.884094,676.286499,0.004308,0.004536
47,4,0,0,250.9599,71.0,15.4,0.005883263,58.2978641858494,15.61431885,0.0,0.003067871,-0.184874296,2.009874296,45.34317778,693.345398,661.820923,0.004124,0.004337
48,4,0,0,251.623,70.0,15.4,0.005881825,59.7232745679904,12.79907227,0.0,-0.000959,-0.179118395,2.004118395,50.52441427,690.015625,662.401184,0.004165,0.004366
49,4,0,0,252.1941,74.0,15.3,0.005881557,61.0312275116324,12.27172852,0.0,0.001533936,-0.164585352,1.989585352,57.41565584,700.261719,684.626221,0.004338,0.004558
50,4,0,0,252.385,75.0,15.3,0.005882625,62.0937532245558,11.78833008,0.0,-0.005560516,-0.137238264,1.962238264,63.48035994,706.242126,688.270874,0.004464,0.004653
51,4,0,0,252.7678,75.0,15.6,0.005886631,63.1343831425762,7.651977539,0.0,-0.000959,-0.151437998,1.976437998,71.78094488,0.0,0.0,0.0,0.0
52,4,0,0,253.0556,78.0,15.6,0.005892829,63.5812576892406,8.973083496,0.0,-0.000959,-0.22076726,2.04576726,79.27890788,695.70282,673.675476,0.003718,0.003887
53,4,0,0,252.385,78.0,15.8,0.005904819,64.255580419039,9.192810059,0.0,0.016106323,-0.295325994,2.120325994,88.39953212,694.377991,653.542908,0.003692,0.003761
54,4,0,0,253.6333,76.0,15.8,0.005924957,64.8299483771896,9.192810059,0.0,-0.001725677,-0.319027185,2.144027185,96.84819446,693.251282,656.705688,0.003692,0.003801
55,4,0,0,254.4076,74.0,16.0,0.005963699,65.4684366091308,9.148864746,0.0,0.009203613,-0.333898783,2.158898783,106.9525711,698.536987,653.852783,0.004013,0.004171
56,4,0,0,254.6019,75.0,16.0,0.006008894,66.0027528100476,9.148864746,0.0,-0.000959,-0.334749937,2.159749937,116.579697,695.411072,659.880005,0.004133,0.004308
57,4,0,0,254.7965,74.0,16.2,0.006065513,66.6034275065468,9.148864746,0.0,-0.000959,-0.315141916,2.140141916,127.4501799,700.470398,668.468018,0.004377,0.00455
58,4,0,0,255.3822,73.0,16.2,0.006110458,67.113265098888,9.192810059,0.0,-0.005560516,-0.301970243,2.126970243,137.2495245,707.749573,662.758728,0.004186,0.004438
59,4,0,0,255.3822,74.0,16.1,0.006149826,67.6961799077238,9.324645996,0.0,-0.004793549,-0.311129332,2.136129332,148.7978625,699.492493,660.468079,0.00406,0.004217
60,4,0,0,256.1672,75.0,16.1,0.0061736,68.2136451762092,9.544372559,0.0,0.021475098,-0.331379652,2.156379652,159.7439869,699.151001,658.58429,0.00392,0.00408
61,4,0,0,255.8723,76.0,16.3,0.00618642,68.8162474114132,9.808044434,0.0,-0.004793549,-0.296634436,2.121634436,172.0647069,701.408325,662.069519,0.004129,0.004255
62,4,0,0,256.0688,78.0,16.3,0.006181341,69.4285635423902,10.81878662,0.0,0.001533936,-0.264374018,2.089374018,183.1549295,701.852295,658.103271,0.004089,0.004282
63,4,0,0,256.3642,79.0,16.2,0.006153247,70.2204107879788,10.86273193,0.0,0.001533936,-0.216759443,2.041759443,196.1427346,744.132507,837.726929,0.00427,0.004387
64,4,0,0,256.9571,81.0,16.2,0.006111059,70.8528620315252,10.68695068,0.0,-0.005560516,-0.174053431,1.999053431,207.7308977,692.377014,651.721619,0.003816,0.003924
65,4,0,0,257.3539,81.0,16.4,0.006056498,71.5494595075164,10.90667725,0.0,-0.008628387,-0.154472113,1.979472113,221.7489133,707.477722,656.387817,0.004017,0.00418
66,4,0,0,257.5527,79.0,16.4,0.006017558,72.1379634093316,10.86273193,0.0,0.003834839,-0.164426088,1.989426088,233.1286091,692.922424,652.163818,0.003914,0.004117
67,4,0,0,257.8516,79.0,16.5,0.0059915,72.8005716888964,10.90667725,0.0,-0.005560516,-0.164801836,1.989801836,247.5463313,713.07019,665.794006,0.004133,0.004428
68,4,0,0,258.2511,78.0,16.5,0.005980446,73.358609191265,10.90667725,0.0,-0.007094452,-0.179211855,2.004211855,259.8021863,699.337891,663.315918,0.004161,0.004357
69,4,0,0,258.5516,76.0,16.7,0.005970309,73.9880360182428,10.99456787,0.0,0.003834839,-0.225978136,2.050978136,273.8938135,702.990173,663.515015,0.004137,0.004383
70,4,0,0,258.8528,75.0,16.7,0.005958637,74.5233182576814,10.99456787,0.0,0.003834839,-0.25586772,2.08086772,286.3105449,698.334778,658.526978,0.004053,0.00423
71,4,0,0,259.1546,76.0,16.8,0.005942963,75.1331296118824,9.236755371,0.0,-0.001725677,-0.270108938,2.095108938,300.6062345,684.598572,664.525085,0.004129,0.00443
72,4,0,0,259.5582,76.0,16.8,0.005935598,75.1639853750486,6.553344727,0.0,-0.003259613,-0.28233695,2.10733695,313.8071227,699.746826,662.273193,0.004096,0.004279
73,4,0,0,259.8618,74.0,16.6,0.005945005,75.221002939403,6.245727539,0.0,0.003834839,-0.310361624,2.135361624,327.7042179,700.143494,657.46698,0.00403,0.004199
74,4,0,0,260.0645,75.0,16.6,0.005967622,75.24820730323,6.333618164,0.0,-0.003259613,-0.325575113,2.150575113,341.0860723,0.0,0.0,0.0,0.0
75,4,0,0,260.4709,74.0,16.7,0.006000115,75.286746811946,6.509399414,0.0,0.021475098,-0.345592737,2.170592737,355.7816065,699.636475,670.303101,0.003946,0.004188
76,4,0,0,260.7766,72.0,16.7,0.006025096,75.3410073032926,6.553344727,0.0,-0.007094452,-0.31281352,2.13781352,368.7218192,696.143799,658.749878,0.003969,0.004182
77,4,0,0,261.083,71.0,16.6,0.006039922,75.4049807891818,6.641235352,0.0,-0.008628387,-0.282355547,2.107355547,383.602479,686.008179,663.56311,0.004046,0.004314
78,4,0,0,261.4926,75.0,16.6,0.006038246,75.4646850822926,6.377563477,0.0,0.014572388,-0.293259382,2.118259382,396.7024074,739.338501,858.305603,0.004037,0.004203
79,4,0,0,261.9035,75.0,16.7,0.006026566,75.1121121142844,4.265441895,0.0,0.001533936,-0.250036001,2.075036001,412.39447,697.400208,657.990173,0.004261,0.004422
80,4,0,0,262.0064,75.0,16.7,0.00601553,74.8516995946228,3.782043457,0.0,-0.015531097,-0.172632933,1.997632933,425.0257255,725.521301,835.570496,0.004128,0.004294
81,4,0,0,262.419,76.0,16.5,0.006001475,74.6395804071756,3.65020752,0.0,-0.010929291,-0.166322947,1.991322947,440.9119683,685.731323,656.517273,0.003815,0.0
82,4,0,0,262.7292,75.0,16.5,0.00598291,74.3571192535912,3.562316895,0.0,0.010737549,-0.202460527,2.027460527,454.3462177,693.445618,652.20343,0.00393,0.004142
83,4,0,0,263.144,71.0,16.7,0.005958747,74.126373806385,4.441223145,0.0,-0.001725677,-0.194828272,2.019828272,469.8142638,700.15387,653.455872,0.004202,0.004391
84,4,0,0,262.9365,68.0,16.7,0.005945457,73.9667355825794,4.309387207,0.0,-0.010162323,-0.172510862,1.997510862,483.4568096,701.530396,655.507202,0.004181,0.004342
85,4,0,0,263.7687,68.0,16.8,0.005947848,73.7863725840284,4.485168457,0.0,-0.005560516,-0.184964895,2.009964895,499.1665383,706.134888,651.13031,0.004289,0.00454
86,4,0,0,264.2916,67.0,16.8,0.005968151,73.6404536457614,4.441223145,0.0,0.010737549,-0.218390703,2.043390703,513.6694982,703.400574,657.449829,0.00447,0.004713
87,4,0,0,264.8165,68.0,16.6,0.006011811,73.4717957793654,4.441223145,0.0,-0.010162323,-0.218383074,2.043383074,529.6006309,699.390198,668.191528,0.004434,0.004815
88,4,0,0,265.027,70.0,16.6,0.006059154,73.3228069445814,4.35333252,0.0,0.001533936,-0.225134134,2.050134134,543.6324599,712.12561,664.664917,0.004574,0.004848
89,4,0,0,265.1324,70.0,16.8,0.006099766,73.1587072601476,4.441223145,0.0,0.003067871,-0.2421,2.0671,559.7721566,692.874573,662.159485,0.003914,0.004189
90,4,0,0,265.5549,70.0,16.8,0.006106019,73.0152086887736,4.35333252,0.0,0.00690271,-0.245262861,2.070262861,574.6617347,684.049194,655.664673,0.003961,0.004212
91,4,0,0,265.9787,70.0,16.6,0.006084712,72.8985520578586,4.748840332,0.0,0.008436646,-0.203383684,2.028383684,590.3232102,691.762329,655.623901,0.004238,0.004495
92,4,0,0,266.4038,70.0,16.6,0.006060624,72.7839044304392,4.660949707,0.0,-0.001725677,-0.089652777,1.914652777,605.3932441,0.0,0.0,0.0,0.0
93,4,0,0,266.7236,69.0,16.7,0.00604316,72.691663370252,4.924621582,0.0,-0.007094452,0.031036615,1.793963385,619.8586218,692.186096,659.634094,0.004124,0.004253
94,4,0,0,266.9372,68.0,16.7,0.00602994,72.6295364732656,5.144348145,0.0,-0.02856955,0.135016203,1.689983797,636.4860492,724.208984,697.841125,0.00439,0.004519
95,4,0,0,267.58,71.0,16.9,0.006018964,72.5873322076884,5.276184082,0.0,-0.015531097,0.149921656,1.675078344,651.0971302,699.646912,648.379578,0.004084,0.004187
96,4,0,0,267.58,71.0,16.9,0.00600577,72.5458717468724,5.320129395,0.0,-0.012463226,0.088274717,1.736725283,667.8002526,697.091003,644.583313,0.004084,0.004175
97,4,0,0,267.9026,71.0,17.0,0.005997403,72.5233361910392,5.539855957,0.0,0.001533936,-0.010969877,1.835969877,683.1198311,698.100525,648.375122,0.003485,0.003586
98,4,0,0,268.0103,73.0,17.0,0.005995864,72.517713591601,5.58380127,0.0,0.003067871,-0.122672319,1.947672319,699.1413722,746.233398,822.785522,0.003793,0.003953
99,4,0,0,268.5501,73.0,17.1,0.006000909,72.5118677123312,5.58380127,0.0,-0.007094452,-0.197383165,2.022383165,714.4711452,695.68219,673.404785,0.003997,0.004153
100,4,0,0,268.7666,72.0,17.1,0.00600891,72.5034138332178,5.539855957,0.0,0.037581421,-0.294341326,2.119341326,731.2010611,702.324585,650.291016,0.004037,0.004169
101,4,0,0,269.0921,71.0,17.2,0.006013344,72.4952617858214,5.58380127,0.0,0.003067871,-0.299881697,2.124881697,745.8479362,617.101074,638.348511,0.0,0.004229
102,4,0,0,269.0921,73.0,17.2,0.006016847,72.5345651677684,6.465454102,0.0,0.003834839,-0.264333487,2.089333487,762.5971483,693.630493,644.577271,0.003881,0.004058
103,4,0,0,269.5272,72.0,17.2,0.006026257,72.6043137219674,6.289672852,0.0,-0.001725677,-0.229510546,2.054510546,777.2618838,696.382385,647.25592,0.003834,0.003935
104,4,0,0,269.7454,71.0,17.2,0.006046842,72.6692394382412,6.245727539,0.0,-0.001725677,-0.196674585,2.021674585,794.7217058,742.826599,833.13208,0.003979,0.004056
105,4,0,0,270.0732,71.0,17.0,0.006064177,72.7244404117904,6.201782227,0.0,0.0,-0.173164129,1.998164129,808.6424528,708.421204,653.460083,0.003712,0.003951
106,4,0,0,270.8412,73.0,17.0,0.006077365,72.7786114721132,6.157836914,0.0,0.0,-0.15118289,1.97618289,825.9998684,706.776917,651.583679,0.003922,0.004114
107,4,0,0,270.7312,72.0,17.1,0.006091211,72.8248422259034,6.157836914,0.0,-0.001725677,-0.131973028,1.956973028,840.540333,703.48999,651.77179,0.003859,0.003944
108,4,0,0,270.5115,71.0,17.1,0.006113504,72.859705664098,5.850219727,0.0,-0.007094452,-0.115680933,1.940680933,857.1238573,703.387085,651.014587,0.00379,0.003927
109,4,0,0,269.8545,72.0,16.9,0.006131773,72.8788200205856,5.850219727,0.0,-0.005560516,-0.116661787,1.941661787,871.5908073,711.046692,656.079102,0.003754,0.003904
110,4,0,0,269.8545,72.0,16.9,0.00614673,72.894320958158,5.75958252,0.0,0.008436646,-0.128308535,1.953308535,888.0826543,729.30011,652.3479,0.003948,0.004216
111,4,0,0,269.9638,71.0,17.0,0.006156513,72.895857716924,5.627746582,0.0,0.012271484,-0.145182848,1.970182848,903.1705477,679.892822,676.621521,0.004668,0.004869
112,4,0,0,270.4018,72.0,17.0,0.006165269,72.8881103702574,5.58380127,0.0,-0.003259613,-0.13828826,1.96328826,919.5994575,716.807922,657.344727,0.004413,0.004628
113,4,0,0,270.1826,73.0,16.8,0.006168322,72.8811627207302,5.627746582,0.0,-0.003259613,-0.123423815,1.948423815,933.9485461,612.837891,655.093689,0.004358,0.004635
114,4,0,0,270.7312,74.0,16.8,0.006164044,72.8729711801302,5.58380127,0.0,0.005368774,-0.114639997,1.939639997,950.3199374,737.656311,646.875427,0.004166,0.004282
115,4,0,0,271.1717,71.0,16.6,0.006157037,72.8652267141822,5.58380127,0.0,0.003834839,-0.104068518,1.929068518,965.3008359,695.319275,652.253174,0.003932,0.004019
116,4,0,0,271.3925,70.0,16.6,0.006150722,72.8566992238572,5.58380127,0.0,0.0,-0.079079866,1.904079866,981.6150767,724.491028,651.578613,0.004237,0.004339
117,4,0,0,271.6137,71.0,16.8,0.006146712,72.8495091594458,5.58380127,0.0,-0.013997162,-0.054020643,1.879020643,995.865089,699.07843,658.37793,0.004612,0.004822
118,4,0,0,271.8352,70.0,16.8,0.00614087,72.8408371664822,5.58380127,0.0,-0.013997162,-0.06269908,1.88769908,1012.122919,697.985596,655.0849,0.004464,0.004634
119,4,0,0,271.946,69.0,16.6,0.006130087,72.8335349310728,5.58380127,0.0,0.009203613,-0.123514891,1.948514891,1026.324673,701.339294,657.107483,0.004367,0.004579
120,4,0,0,272.1681,70.0,16.6,0.006106879,72.8256292414436,5.58380127,0.0,0.012271484,-0.19538331,2.02038331,1043.207186,667.161072,652.08252,0.004228,0.004345
121,4,0,0,272.1681,73.0,16.7,0.006079665,72.818488294089,5.58380127,0.0,-0.004793549,-0.231465578,2.056465578,1056.695652,673.090271,652.630615,0.004306,0.00455
122,4,0,0,272.5018,73.0,16.7,0.006052154,72.8108793023822,5.58380127,0.0,-0.004793549,-0.268608809,2.093608809,1073.533944,716.469482,645.727905,0.004133,0.004344
123,4,0,0,272.8364,73.0,16.6,0.006040848,72.8043756536676,5.58380127,0.0,0.003834839,-0.320823431,2.145823431,1087.664135,695.211304,663.965271,0.004095,0.004163
124,4,0,0,273.2838,75.0,16.6,0.006045362,72.7974441941008,5.58380127,0.0,0.018407227,-0.374737501,2.199737501,1103.802583,0.0,0.0,0.0,0.0
125,4,0,0,273.508,73.0,16.7,0.006057058,72.7917612122258,5.58380127,0.0,0.023009033,-0.389550447,2.214550447,1117.916197,753.039612,873.887024,0.00409,0.00408
126,4,0,0,273.8451,71.0,16.7,0.006065881,72.7850482044706,5.627746582,0.0,-0.003259613,-0.349187136,2.174187136,1134.03843,691.604919,672.919617,0.003831,0.003848
127,4,0,0,273.7326,71.0,16.5,0.006065364,72.7847526008994,5.715637207,0.0,-0.008628387,-0.304309607,2.129309607,1148.811314,700.851318,662.889587,0.00407,0.004203
128,4,0,0,274.5216,72.0,16.5,0.006059541,72.7937638749218,5.75958252,0.0,0.003067871,-0.270315886,2.095315886,1164.254381,701.36499,656.533081,0.004156,0.004378
129,4,0,0,274.8612,71.0,16.7,0.006055085,72.8019270428576,5.75958252,0.0,0.003834839,-0.236952066,2.061952066,1179.025011,698.212891,638.893921,0.003868,0.003945
130,4,0,0,274.7479,69.0,16.7,0.006054196,72.811143749131,5.75958252,0.0,0.001533936,-0.187790632,2.012790632,1195.136781,649.420898,650.133301,0.003652,0.003837
131,4,0,0,276.2278,74.0,16.5,0.006057092,72.8185799620954,5.75958252,0.0,-0.008628387,-0.140887022,1.965887022,1209.233391,689.319519,646.186401,0.003847,0.004056
132,4,0,0,275.7708,74.0,16.5,0.006062821,72.827213250432,5.715637207,0.0,-0.013997162,-0.108963251,1.933963251,1225.342927,675.546326,626.604126,0.003696,0.004012
133,4,0,0,276.1134,74.0,16.7,0.006067698,72.8346858344804,5.715637207,0.0,-0.013997162,-0.112915754,1.937915754,1239.447794,693.431702,641.918213,0.003686,0.0038
134,4,0,0,276.4569,74.0,16.7,0.006073064,72.8423614528632,5.75958252,0.0,0.00690271,-0.15349555,1.97849555,1256.254964,685.136414,642.124207,0.003612,0.003773
135,4,0,0,276.9163,76.0,16.8,0.006077609,72.8498365796688,5.75958252,0.0,-0.000959,-0.182586432,2.007586432,1269.711244,695.877319,647.403503,0.003894,0.004034
136,4,0,0,277.1465,75.0,16.8,0.006075584,72.8579980577976,5.75958252,0.0,0.009203613,-0.201755762,2.026755762,1286.544156,708.294006,649.968079,0.003877,0.003967
137,4,0,0,277.6081,72.0,16.6,0.006059791,72.865314133531,5.75958252,0.0,-0.001725677,-0.208942652,2.033942652,1300.693572,0.0,0.0,0.0,0.0
138,4,0,0,277.8395,72.0,16.6,0.006026841,72.8732597830724,5.75958252,0.0,-0.001725677,-0.214476824,2.039476824,1316.874794,702.976074,648.484314,0.004108,0.004285
139,4,0,0,278.536,74.0,16.7,0.005997796,72.8806649196814,5.806274414,0.0,0.005368774,-0.223534822,2.048534822,1331.040156,738.760498,820.051514,0.004256,0.00436
140,4,0,0,278.4197,73.0,16.7,0.005978061,72.9024383564642,6.157836914,0.0,0.016106323,-0.220686197,2.045686197,1347.233338,694.546692,643.51001,0.003733,0.00386
141,4,0,0,278.6524,72.0,16.6,0.005970213,73.0061751253922,8.662719727,0.0,0.016106323,-0.177486658,2.002486658,1362.080358,735.7146,847.92627,0.003968,0.004034
142,4,0,0,279.0023,73.0,16.6,0.005961169,73.2745557931684,8.267211914,0.0,-0.003259613,-0.081307173,1.906307173,1378.278107,687.633301,640.640808,0.003959,0.004007
143,4,0,0,279.353,75.0,16.7,0.00595107,73.4890327924628,8.399047852,0.0,-0.004793549,0.019744635,1.805255365,1392.449812,816.906494,639.723572,0.003922,0.00389
144,4,0,0,279.4701,75.0,16.7,0.005943771,73.7274743288566,8.311157227,0.0,-0.000959,0.122487783,1.702512217,1408.643585,702.855286,646.530884,0.003814,0.003853
145,4,0,0,279.9395,73.0,16.5,0.00594419,73.9303574979504,8.267211914,0.0,-0.016298065,0.199890852,1.625109148,1423.484259,583.717407,644.049683,0.003946,0.004123
146,4,0,0,280.1748,72.0,16.5,0.005949562,74.1498387238814,7.915649414,0.0,-0.013997162,0.269929171,1.555070829,1438.987309,714.207214,653.718018,0.004166,0.004271
147,4,0,0,280.1748,71.0,16.7,0.005956484,74.3145554292712,7.739868164,0.0,-0.013997162,0.288226366,1.536773634,1452.943541,741.497681,835.79187,0.00405,0.004028
148,4,0,0,280.4105,70.0,16.7,0.005965324,74.4651933225664,6.729125977,0.0,-0.013997162,0.265829802,1.559170198,1469.093962,749.196472,848.437805,0.003837,0.004051
149,4,0,0,280.8831,69.0,16.5,0.005971557,74.522328899823,6.421508789,0.0,-0.003259613,0.215131521,1.609868479,1483.253176,708.288879,644.340515,0.004078,0.004188
150,4,0,0,281.0015,70.0,16.5,0.005971507,74.5814885279042,6.597290039,0.0,-0.000959,0.134083509,1.690916491,1499.436275,699.143799,648.716614,0.004185,0.004342
151,4,0,0,281.3573,70.0,16.7,0.005960773,74.6431258153824,6.729125977,0.0,0.008436646,0.067126513,1.757873487,1513.595564,706.376892,648.744202,0.004167,0.00421
152,4,0,0,281.4761,69.0,16.7,0.005936766,74.7145097969828,6.729125977,0.0,0.00690271,0.00897336,1.81602664,1530.45029,724.892517,651.496887,0.004065,0.004126
153,4,0,0,281.833,70.0,16.5,0.005909414,74.7759594032302,6.685180664,0.0,0.0,-0.021861315,1.846861315,1543.932926,0.0,0.0,0.0,0.0
154,4,0,0,282.1909,72.0,16.5,0.005875368,74.8445281341818,6.729125977,0.0,-0.001725677,-0.043371439,1.868371439,1560.784651,695.571228,642.69281,0.003857,0.003995
155,4,0,0,282.43,72.0,16.4,0.005845581,74.9040124787948,6.685180664,0.0,-0.007094452,-0.065902472,1.890902472,1574.938705,721.809387,640.113098,0.003743,0.003786
156,4,0,0,282.5497,71.0,16.4,0.005816552,74.973773875527,6.729125977,0.0,0.001533936,-0.112930059,1.937930059,1591.113051,720.322205,755.889771,0.004142,0.004223
157,4,0,0,282.7894,73.0,16.2,0.005800008,75.0331251920956,6.685180664,0.0,0.001533936,-0.155606985,1.980606985,1605.264502,752.461304,848.263428,0.004187,0.004303
158,4,0,0,283.1498,72.0,16.2,0.005790247,75.0208664952608,5.58380127,0.0,-0.001725677,-0.196050406,2.021050406,1621.438397,699.203186,658.324402,0.004186,0.004248
159,4,0,0,283.1498,71.0,16.1,0.005784363,74.986284240951,5.58380127,0.0,0.005368774,-0.226925135,2.051925135,1636.266294,738.329712,879.193909,0.004073,0.004204
160,4,0,0,284.2363,72.0,16.1,0.005778428,74.946455489961,5.58380127,0.0,0.017640259,-0.250283003,2.075283003,1652.444108,693.50293,654.168091,0.003873,0.003996
161,4,0,0,283.7523,74.0,16.3,0.005777805,74.9116797607964,5.58380127,0.0,0.021475098,-0.237819433,2.062819433,1666.60133,722.281494,657.396484,0.003921,0.003896
162,4,0,0,284.1151,71.0,16.3,0.005785166,74.8722480822646,5.58380127,0.0,0.003834839,-0.159919977,1.984919977,1682.782932,0.0,0.0,0.0,0.0
163,4,0,0,284.4788,70.0,16.2,0.005795424,74.839590807809,5.58380127,0.0,0.005368774,-0.066927195,1.891927195,1696.943515,696.436096,655.401611,0.003916,0.004111
164,4,0,0,284.8435,72.0,16.2,0.005809966,74.7923615551092,4.133605957,0.0,-0.016298065,0.05223918,1.77276082,1713.803272,692.905701,649.985474,0.004219,0.004367
165,4,0,0,285.2091,72.0,16.4,0.005829547,74.6492606355558,5.58380127,0.0,-0.020132904,0.133147478,1.691852522,1727.292463,743.591797,832.032288,0.004079,0.004237
166,4,0,0,285.3311,72.0,16.4,0.005860798,74.6126691363494,5.58380127,0.0,-0.017832001,0.16000247,1.66499753,1744.155773,704.160583,668.756592,0.003676,0.003861
167,4,0,0,285.8204,74.0,16.2,0.005889772,74.5814164455656,5.58380127,0.0,-0.001725677,0.133772612,1.691227388,1758.322493,699.738281,651.75061,0.003823,0.003946
168,4,0,0,286.1885,76.0,16.2,0.005918355,74.548216743063,5.58380127,0.0,0.003834839,0.091304541,1.733695459,1774.514723,701.744202,648.5802,0.003601,0.003668
169,4,0,0,286.5576,75.0,16.4,0.005937921,74.5184880006988,5.58380127,0.0,0.005368774,0.05882287,1.76617713,1788.684397,674.27771,439.850586,0.003568,0.003711
170,4,0,0,286.6808,73.0,16.4,0.005955704,74.4849775829224,5.58380127,0.0,0.001533936,0.037537813,1.787462187,1804.880537,717.4021,643.702515,0.003785,0.003887
171,4,0,0,287.0511,74.0,16.3,0.005968891,74.4569316147424,5.58380127,0.0,-0.001725677,0.028036833,1.796963167,1819.734,747.456726,849.148621,0.003976,0.004066
172,4,0,0,287.2985,74.0,16.3,0.00598065,74.4254662013974,5.58380127,0.0,-0.001725677,0.013787985,1.811212015,1835.301454,703.042908,648.20282,0.003902,0.003908
173,4,0,0,287.6704,72.0,16.4,0.005987879,74.3970815958946,5.58380127,0.0,-0.001725677,-0.004745722,1.829745722,1850.240606,697.525391,645.033203,0.003795,0.003879
174,4,0,0,287.9189,72.0,16.4,0.005996545,74.3665654356552,5.58380127,0.0,-0.000959,-0.029216528,1.854216528,1866.590597,713.078125,643.766296,0.004251,0.004467
175,4,0,0,288.542,75.0,16.6,0.006010532,74.3406508773712,5.58380127,0.0,0.0,-0.055302382,1.880302382,1881.624963,703.880188,650.641724,0.004381,0.0046
176,4,0,0,288.6669,75.0,16.6,0.006036637,74.310747923952,5.58380127,0.0,0.001533936,-0.085889101,1.910889101,1897.388549,699.378723,651.39679,0.003692,0.003886
177,4,0,0,289.0424,74.0,16.7,0.006062133,74.2864997889578,5.58380127,0.0,0.001533936,-0.108890772,1.933890772,1912.506121,706.562805,648.678223,0.003476,0.003524
178,4,0,0,289.4188,74.0,16.7,0.006081466,74.2581444573496,5.58380127,0.0,0.016106323,-0.131778479,1.956778479,1929.036209,701.362122,676.201721,0.004386,0.004488
179,4,0,0,289.9223,77.0,16.8,0.006081237,74.2337130507162,5.58380127,0.0,0.018407227,-0.129339933,1.954339933,1943.520208,689.658875,671.43811,0.004271,0.004346
180,4,0,0,290.1747,76.0,16.8,0.006058,74.2055877098874,5.58380127,0.0,-0.005560516,-0.062522173,1.887522173,1960.085428,736.092407,879.950684,0.004311,0.004397
181,4,0,0,290.5541,74.0,16.7,0.006023725,74.1818209284872,5.58380127,0.0,0.00690271,0.022809744,1.802190256,1974.591679,681.361694,663.290527,0.004169,0.004362
182,4,0,0,290.6808,76.0,16.7,0.005988516,74.155488859127,5.58380127,0.0,-0.025501678,0.120268583,1.704731417,1991.877247,761.318726,653.171204,0.004228,0.004205
183,4,0,0,291.1886,76.0,17.1,0.005976021,74.1328223191112,5.58380127,0.0,-0.017832001,0.154616594,1.670383406,2005.718243,784.050598,640.902283,0.003934,0.004068
184,4,0,0,289.7963,76.0,17.1,0.005976959,74.1094848935296,5.58380127,0.0,-0.016298065,0.118556261,1.706443739,2020.955891,665.978271,650.285828,0.004069,0.004129
185,4,0,0,290.1747,77.0,17.2,0.005973663,74.0848067589808,5.58380127,0.0,0.039882324,0.043477774,1.781522226,2037.593588,617.043823,649.636414,0.003825,0.004046
186,4,0,0,291.0615,77.0,17.2,0.00595686,74.062075121162,5.539855957,0.0,0.016106323,0.019824743,1.805175257,2052.164043,727.687378,835.482422,0.003872,0.003938
187,4,0,0,291.1886,75.0,17.6,0.00592461,74.0332794097562,5.364074707,0.0,-0.010162323,0.0361588,1.7888412,2068.830422,0.0,0.0,0.0,0.0
188,4,0,0,291.4432,72.0,17.6,0.005888409,73.9098831526024,3.913879395,0.0,-0.02166684,0.049315691,1.775684309,2083.42063,694.91687,659.686523,0.003909,0.003964
189,4,0,0,291.826,72.0,17.6,0.005842274,73.862950597825,5.58380127,0.0,-0.001725677,0.011955023,1.813044977,2100.781611,696.470886,642.421814,0.003595,0.003598
190,4,0,0,292.0817,71.0,17.6,0.005807862,73.8428631860932,5.58380127,0.0,0.001533936,-0.053327322,1.878327322,2114.663514,685.84259,650.146423,0.003665,0.003808
191,4,0,0,291.826,70.0,17.9,0.005789565,73.8220785278064,5.627746582,0.0,0.017640259,-0.124163389,1.949163389,2132.007386,694.237305,650.404602,0.003542,0.003692
192,4,0,0,292.3378,70.0,17.9,0.005794338,73.8024956924448,5.627746582,0.0,0.032212646,-0.158963442,1.983963442,2146.568766,698.171082,469.963409,0.00389,0.004122
193,4,0,0,292.7229,73.0,18.2,0.005816309,73.779631203609,5.58380127,0.0,0.008436646,-0.095796347,1.920796347,2163.202192,694.161316,647.166321,0.003566,0.003693
194,4,0,0,292.9802,72.0,18.2,0.005843608,73.7613133899544,5.58380127,0.0,-0.046976776,-0.003624678,1.828624678,2177.749403,750.078491,819.894897,0.003685,0.003789
195,4,0,0,293.2379,71.0,18.2,0.005879656,73.737907857104,5.58380127,0.0,0.001533936,0.00420022,1.82079978,2194.351663,708.111389,652.147583,0.004058,0.004193
196,4,0,0,293.7548,72.0,18.2,0.005915857,73.718575740821,5.58380127,0.0,0.017640259,-0.066983938,1.891983938,2209.553296,701.424988,658.675476,0.003819,0.004026
197,4,0,0,294.0139,75.0,18.5,0.005965715,73.6974322640878,5.58380127,0.0,-0.005560516,-0.10858655,1.93358655,2226.129381,697.832397,646.361389,0.004008,0.004164
198,4,0,0,294.0139,73.0,18.5,0.006012029,73.6793553525378,5.58380127,0.0,0.009203613,-0.129625082,1.954625082,2240.627184,702.029785,659.424622,0.003857,0.004064
199,4,0,0,294.4034,71.0,18.5,0.006054113,73.6584489637734,5.58380127,0.0,0.001533936,-0.139230967,1.964230967,2257.189147,694.658875,656.200012,0.004147,0.004351
200,4,0,0,294.9244,72.0,18.5,0.00607864,73.641493343775,5.58380127,0.0,0.001533936,-0.134567022,1.959567022,2272.364481,702.461304,660.158875,0.003827,0.004006
201,4,0,0,295.1855,73.0,18.7,0.006097866,73.6213214095064,5.58380127,0.0,0.00690271,-0.123223066,1.948223066,2288.223061,739.547424,845.648804,0.003912,0.004051
202,4,0,0,294.9244,73.0,18.7,0.006106777,73.6042289634212,5.58380127,0.0,0.00690271,-0.10029006,1.92529006,2303.385987,696.963623,655.402893,0.004212,0.004462
203,4,0,0,296.3665,74.0,18.3,0.006107342,73.5850089376692,5.58380127,0.0,-0.000959,-0.053762674,1.878762674,2319.920543,706.354919,660.190186,0.004378,0.004559
204,4,0,0,296.3665,76.0,18.3,0.006103694,73.5689691769714,5.58380127,0.0,-0.003259613,-0.009092569,1.834092569,2334.382577,702.745605,648.153687,0.004239,0.004461
205,4,0,0,296.4984,76.0,18.3,0.006101769,73.5502124480186,5.58380127,0.0,-0.003259613,0.034022093,1.790977907,2350.904249,699.025696,655.108093,0.004163,0.004303
206,4,0,0,296.6303,75.0,18.3,0.006100596,73.5344048989894,5.58380127,0.0,-0.001725677,0.063629866,1.761370134,2365.355309,701.422913,650.510071,0.004148,0.004375
207,4,0,0,296.8945,76.0,18.0,0.006088164,73.5167571340438,5.58380127,0.0,-0.000959,0.091038942,1.733961058,2382.552468,699.56958,661.25238,0.003848,0.00413
208,4,0,0,297.4243,76.0,18.0,0.006062197,73.5015653828722,5.58380127,0.0,-0.000959,0.111905336,1.713094664,2396.30516,710.1474,668.462097,0.004045,0.004179
209,4,0,0,297.2917,74.0,18.0,0.006020503,73.4838931237718,5.58380127,0.0,-0.007094452,0.132700205,1.692299795,2413.489843,740.604187,853.74762,0.004126,0.004212
210,4,0,0,297.1592,72.0,18.0,0.005978895,73.4690624280292,5.58380127,0.0,-0.007094452,0.136812449,1.688187551,2427.919476,716.161377,729.460876,0.004003,0.004084
211,4,0,0,297.8229,73.0,17.7,0.005927852,73.451803737122,5.58380127,0.0,-0.007094452,0.121567011,1.703432989,2444.404549,697.674316,655.616577,0.003836,0.003932
212,4,0,0,297.5571,73.0,17.7,0.005882928,73.437324746543,5.58380127,0.0,-0.000959,0.091280699,1.733719301,2458.824133,747.243103,841.883606,0.003718,0.003855
213,4,0,0,298.0892,72.0,17.4,0.005837141,73.4210470127394,5.58380127,0.0,0.001533936,0.046750784,1.778249216,2475.298302,694.764893,643.941528,0.003875,0.003962
214,4,0,0,298.6233,72.0,17.4,0.005808149,73.4070700718668,5.58380127,0.0,0.013038452,0.01258111,1.81241889,2490.394208,772.730774,641.271484,0.004053,0.003975
215,4,0,0,299.0252,74.0,17.5,0.005795714,73.3916386577824,5.58380127,0.0,0.012271484,0.001854181,1.823145819,2506.856886,776.643311,645.443176,0.003814,0.003898
216,4,0,0,299.1594,74.0,17.5,0.005804878,73.3788481223578,5.58380127,0.0,0.012271484,0.020581484,1.804418516,2521.256916,678.464478,650.680725,0.003762,0.003862
217,4,0,0,299.4281,73.0,17.2,0.005831866,73.3641777973462,5.58380127,0.0,-0.004793549,0.069547892,1.755452108,2537.706452,655.693909,637.78949,0.003718,0.003781
218,4,0,0,299.8321,74.0,17.2,0.005862855,73.3508402311622,5.58380127,0.0,-0.015531097,0.126200914,1.698799086,2552.076638,681.514404,648.762329,0.003522,0.003492
219,4,0,0,300.102,75.0,17.3,0.005901227,73.3365486965064,5.58380127,0.0,-0.015531097,0.161973238,1.663026762,2569.173387,716.719116,743.388,0.003561,0.003706
220,4,0,0,300.2372,73.0,17.3,0.005934356,73.3233451561576,5.58380127,0.0,-0.010162323,0.158145666,1.666854334,2582.846866,688.365479,652.609985,0.003769,0.003887
221,4,0,0,300.5079,73.0,17.1,0.005970301,73.3088950371382,5.58380127,0.0,-0.001725677,0.124300718,1.700699282,2599.934087,711.460327,653.231812,0.003805,0.003832
222,4,0,0,300.779,74.0,17.1,0.005997523,73.2961132243364,5.58380127,0.0,-0.000959,0.082834959,1.742165041,2614.283268,692.181396,648.331604,0.003564,0.003811
223,4,0,0,300.9148,73.0,17.2,0.00601447,73.281449224031,5.58380127,0.0,0.008436646,0.032934904,1.792065096,2630.67729,717.056274,636.279419,0.00365,0.003819
224,4,0,0,301.1867,72.0,17.2,0.00600895,73.2695309991666,5.58380127,0.0,0.009203613,0.001078367,1.823921633,2645.018326,698.519592,647.647278,0.003721,0.003779
225,4,0,0,301.0507,72.0,17.0,0.005982234,73.2558964936592,5.58380127,0.0,0.014572388,-0.012765169,1.837765169,2661.403201,704.924011,639.77533,0.003748,0.003967
226,4,0,0,301.8686,73.0,17.0,0.005953095,73.244020320849,5.58380127,0.0,0.014572388,0.000518,1.824482393,2676.418468,683.213806,650.74292,0.003788,0.004012
227,4,0,0,301.8686,72.0,17.1,0.005923875,73.2310567491876,5.58380127,0.0,0.014572388,0.053235769,1.771764231,2692.112035,667.253784,665.212524,0.004399,0.004594
228,4,0,0,302.5536,71.0,17.1,0.005902064,73.2197699971524,5.58380127,0.0,-0.000959,0.126441717,1.698558283,2707.119288,777.33728,658.525879,0.004322,0.004487
229,4,0,0,302.5536,71.0,16.9,0.00587284,73.2068553333336,5.539855957,0.0,-0.015531097,0.229364157,1.595635843,2723.486452,665.244812,670.557922,0.004656,0.004749
230,4,0,0,302.8284,72.0,16.9,0.005836586,73.1955060906262,5.58380127,0.0,-0.017832001,0.284692049,1.540307951,2738.485724,693.076599,670.626709,0.004468,0.004604
231,4,0,0,302.8284,72.0,17.0,0.00578479,73.1824736713996,5.58380127,0.0,-0.030103485,0.283511877,1.541488123,2754.162796,711.204102,663.029602,0.004342,0.004469
232,4,0,0,303.5178,71.0,17.0,0.005738135,73.1702067669308,5.58380127,0.0,0.003067871,0.21715045,1.60784955,2769.154447,651.19458,672.754883,0.004554,0.004796
233,4,0,0,303.656,73.0,16.8,0.00568729,73.1581440233344,5.58380127,0.0,0.017640259,0.129272699,1.695727301,2785.504796,661.166382,670.501892,0.004139,0.004249
234,4,0,0,303.9329,74.0,16.8,0.005644355,73.1470482033968,5.58380127,0.0,0.018407227,0.078270197,1.746729803,2799.807879,665.935486,662.313904,0.004156,0.004327
235,4,0,0,304.2103,71.0,16.6,0.005600667,73.1343571090908,5.58380127,0.0,-0.005560516,0.069107771,1.755892229,2816.150307,684.848083,656.652527,0.004332,0.004404
236,4,0,0,304.6273,71.0,16.6,0.005570953,73.1240969228548,5.58380127,0.0,-0.008628387,0.075438738,1.749561262,2830.446531,691.689209,651.546326,0.003892,0.003986
237,4,0,0,304.4882,72.0,16.7,0.005548741,73.1123976165106,5.58380127,0.0,0.003067871,0.068393946,1.756606054,2847.461777,695.406494,646.018677,0.004088,0.004275
238,4,0,0,305.0455,71.0,16.7,0.005538586,73.1020631914204,5.58380127,0.0,0.003834839,0.066338301,1.758661699,2861.070836,685.403992,467.02121,0.00402,0.004174
239,4,0,0,305.1851,69.0,16.6,0.005537766,73.0908321869228,5.58380127,0.0,0.003834839,0.072321177,1.752678823,2878.078295,0.0,0.0,0.0,0.0
240,4,0,0,305.8852,71.0,16.6,0.005551885,73.080508238636,5.58380127,0.0,-0.000959,0.086039305,1.738960695,2892.361263,742.116089,843.973206,0.004022,0.003904
241,4,0,0,305.7449,70.0,16.7,0.005588835,73.0694303145592,5.58380127,0.0,-0.000959,0.102387667,1.722612333,2908.680991,725.306519,653.2901,0.003774,0.003783
242,4,0,0,305.8852,69.0,16.7,0.00563182,73.0595490152394,5.58380127,0.0,-0.010929291,0.109259367,1.715740633,2922.957607,704.18927,648.064392,0.003846,0.003967
243,4,0,0,306.3069,69.0,16.5,0.005677878,73.0488734583494,5.58380127,0.0,-0.005560516,0.085129023,1.739870977,2939.270256,693.490112,661.144775,0.00389,0.00402
244,4,0,0,306.5886,71.0,16.5,0.005707327,73.0392945379222,5.58380127,0.0,-0.000959,0.043634176,1.781365824,2954.220275,696.77771,645.883484,0.003952,0.004134
245,4,0,0,306.7296,71.0,16.7,0.005722688,73.0285152429758,5.58380127,0.0,0.001533936,-0.010157824,1.835157824,2970.5258,706.028076,644.347229,0.003962,0.004112
246,4,0,0,307.0122,72.0,16.7,0.005718105,73.0193113631422,5.58380127,0.0,0.001533936,-0.057361841,1.882361841,2984.790068,705.931213,645.72229,0.003807,0.003889
247,4,0,0,307.1536,75.0,16.5,0.005699047,73.0085551944116,5.58380127,0.0,0.003067871,-0.10628581,1.93128581,3001.088822,713.784119,645.08783,0.003791,0.00385
248,4,0,0,307.2952,76.0,16.5,0.005682666,72.999418906858,5.58380127,0.0,0.003067871,-0.141727686,1.966727686,3015.347393,682.368591,643.413391,0.003851,0.003958
249,4,0,0,306.5886,74.0,16.7,0.005674855,72.9895265513724,5.58380127,0.0,0.014572388,-0.172669649,1.997669649,3032.318359,702.184021,663.960327,0.003881,0.00393
250,4,0,0,306.1662,74.0,16.7,0.005677859,72.9807587061184,5.58380127,0.0,0.014572388,-0.183689833,2.008689833,3045.892406,797.515381,638.393921,0.003708,0.003702
251,4,0,0,305.8852,75.0,16.8,0.005690272,72.9709152101952,5.58380127,0.0,0.014572388,-0.160003424,1.985003424,3062.856621,669.996277,645.880127,0.003958,0.004164
252,4,0,0,306.3069,74.0,16.8,0.005709319,72.9620581914118,5.58380127,0.0,0.014572388,-0.103437185,1.928437185,3077.103781,695.133118,663.292908,0.00424,0.004346
253,4,0,0,306.4477,73.0,16.9,0.005739035,72.952670074335,5.58380127,0.0,-0.004793549,-0.004967451,1.829967451,3093.383191,620.17572,645.320679,0.003833,0.004129
254,4,0,0,306.7296,73.0,16.9,0.005769833,72.9444275015636,5.58380127,0.0,-0.003259613,0.085931063,1.739068937,3107.624951,698.246277,644.839722,0.003891,0.004058
255,4,0,0,307.1536,74.0,17.0,0.005812879,72.9352204996104,5.58380127,0.0,-0.010162323,0.175670385,1.649329615,3123.898065,696.800415,650.094421,0.003847,0.004028
256,4,0,0,307.5787,73.0,17.0,0.005861547,72.9270118678196,5.58380127,0.0,-0.010162323,0.227891207,1.597108793,3138.134212,707.634705,646.707886,0.003768,0.003842
257,4,0,0,308.0051,73.0,16.8,0.005932551,72.917763006933,5.58380127,0.0,-0.017832001,0.26199317,1.56300683,3154.401252,697.923096,649.093018,0.003919,0.004056
258,4,0,0,308.0051,75.0,16.8,0.006005794,72.9097615132936,5.58380127,0.0,-0.013997162,0.256185293,1.568814707,3169.31015,691.905823,648.954712,0.003933,0.004068
259,4,0,0,308.5753,76.0,16.9,0.006085918,72.900915550676,5.58380127,0.0,-0.010929291,0.205811262,1.619188738,3185.571158,705.820923,656.969604,0.004084,0.004162
260,4,0,0,308.7182,75.0,16.9,0.006128486,72.8930064975262,5.58380127,0.0,-0.007094452,0.136017561,1.688982439,3199.796913,701.621582,658.42627,0.004023,0.004076
261,4,0,0,308.5753,74.0,16.7,0.006128956,72.8846630352302,5.58380127,0.0,0.010737549,0.046715021,1.778284979,3216.052338,693.861572,693.109985,0.003493,0.003603
262,4,0,0,308.7182,76.0,16.7,0.006101492,72.8778143118328,5.627746582,0.0,-0.013997162,-0.026780367,1.851780367,3230.950652,700.363708,663.610901,0.003973,0.004091
263,4,0,0,309.0044,75.0,16.9,0.006074102,72.8693581152698,5.58380127,0.0,-0.010929291,-0.112641096,1.937641096,3247.200591,691.807312,658.27533,0.004179,0.004255
264,4,0,0,309.5784,73.0,16.9,0.006071576,72.8578940783402,5.451965332,0.0,0.013038452,-0.219081163,2.044081163,3261.416965,694.129272,661.223999,0.00416,0.004263
265,4,0,0,309.5784,73.0,16.7,0.006088092,72.8425488444128,5.40802002,0.0,0.032979614,-0.326953173,2.151953173,3277.661646,693.868713,657.760803,0.004277,0.004401
266,4,0,0,310.0102,77.0,16.7,0.006101648,72.8280485461722,5.495910645,0.0,0.032212646,-0.371053934,2.196053934,3291.873443,699.492493,658.608398,0.004312,0.004518
267,4,0,0,309.8661,77.0,16.8,0.006099912,72.8119046289896,5.495910645,0.0,0.032212646,-0.328863382,2.153863382,3308.789517,691.038086,664.438782,0.004267,0.004414
268,4,0,0,309.5784,77.0,16.8,0.006086318,72.7969425950096,5.40802002,0.0,-0.003259613,-0.216006994,2.041006994,3322.320294,691.464417,657.606506,0.004185,0.004223
269,4,0,0,309.5784,79.0,16.6,0.006067724,72.7824551875824,5.58380127,0.0,-0.030103485,-0.087205172,1.912205172,3339.231168,716.896912,885.304016,0.004246,0.004281
270,4,0,0,309.2911,77.0,16.6,0.006049456,72.7675983400648,5.364074707,0.0,-0.005560516,-0.008365393,1.833365393,3353.434058,691.1203,653.687927,0.003906,0.003861
271,4,0,0,309.2911,72.0,16.5,0.006016884,72.750011038023,5.539855957,0.0,-0.025501678,0.045188189,1.779811811,3369.663514,698.844727,651.817627,0.004091,0.004096
272,4,0,0,308.7182,71.0,16.5,0.005975274,72.737021733015,5.58380127,0.0,-0.008628387,0.059998751,1.765001249,3383.862212,695.594727,651.120911,0.004158,0.004208
273,4,0,0,308.1474,72.0,16.6,0.005920682,72.6432339200604,4.00177002,0.0,-0.007094452,0.037911177,1.787088823,3400.086956,702.941223,669.449585,0.004216,0.004446
274,4,0,0,304.9059,71.0,16.6,0.005873082,72.5344223066566,4.265441895,0.0,0.013038452,0.003163576,1.821836424,3414.957492,693.53241,666.538513,0.004372,0.004608
275,4,0,0,287.2985,71.0,16.5,0.00582979,72.432653454774,4.397277832,0.0,0.04141626,-0.01300025,1.83800025,3428.474404,699.189087,669.15979,0.004173,0.004346
276,4,0,0,255.2844,74.0,16.5,0.00579629,72.3769717713668,5.320129395,0.0,-0.008628387,0.068799734,1.756200266,3445.368229,692.075684,667.811707,0.00425,0.004471
277,4,0,0,230.0861,76.0,16.3,0.005791819,72.3438439419886,5.188293457,0.0,-0.02856955,0.166830301,1.658169699,3459.557003,693.179199,677.77948,0.004291,0.004583
278,4,0,0,202.7739,76.0,16.3,0.005814128,72.3024780620844,4.968566895,0.0,-0.019365936,0.219717264,1.605282736,3475.77034,696.002991,666.204773,0.004083,0.00431
279,4,0,0,194.2653,76.0,15.9,0.005844425,72.268937791051,5.188293457,0.0,-0.008628387,0.214384317,1.610615683,3489.95491,670.815491,678.44281,0.004159,0.00446
280,4,0,0,190.665,75.0,15.9,0.005874077,72.2311085806374,5.23223877,0.0,0.001533936,0.174151182,1.650848818,3506.163777,706.959595,673.240295,0.004446,0.004634
281,4,0,0,191.6517,73.0,15.8,0.005889404,72.199107160512,5.23223877,0.0,-0.000959,0.13189292,1.69310708,3521.020098,701.428711,682.455872,0.004137,0.004194
282,4,0,0,195.7024,70.0,15.8,0.005895549,72.1743778972314,5.364074707,0.0,0.0,0.084646463,1.740353537,3536.549824,694.424805,660.699219,0.004046,0.004122
283,4,0,0,199.4973,70.0,15.4,0.005891338,72.162468282336,5.495910645,0.0,0.009203613,0.044643641,1.780356359,3551.40254,738.286072,872.571289,0.004284,0.004329
284,4,0,0,201.2315,70.0,15.4,0.005876184,72.1558980552256,5.806274414,0.0,0.003834839,0.016291857,1.808708143,3567.603339,736.97522,861.491394,0.004084,0.004121
285,4,0,0,203.666,69.0,15.4,0.005855647,72.2046153358762,5.982055664,0.0,0.003067871,0.006973505,1.818026495,3582.452084,0.0,0.0,0.0,0.0
286,4,0,0,206.8509,71.0,15.4,0.005827379,72.2405508359118,5.982055664,0.0,0.005368774,0.005264521,1.819735479,3597.973792,691.306091,660.302917,0.004159,0.004291
287,4,0,0,208.716,72.0,15.4,0.005803872,72.2686322417586,5.938110352,0.0,0.003834839,0.013152361,1.811847639,3612.818734,695.308899,681.276001,0.003976,0.004078
288,4,0,0,210.3757,72.0,15.4,0.005782596,72.2963188925968,5.671691895,0.0,0.003067871,0.034016371,1.790983629,3629.01157,691.629272,659.195313,0.004046,0.004194
289,4,0,0,211.5775,71.0,15.3,0.005766198,72.297808706915,5.58380127,0.0,0.003834839,0.059086084,1.765913916,3643.177646,707.335205,673.938477,0.00385,0.003937
290,4,0,0,212.7931,74.0,15.3,0.005748657,72.2973398900796,5.58380127,0.0,-0.001725677,0.096852541,1.728147459,3659.364328,705.832886,663.966309,0.003888,0.003978
291,4,0,0,213.7757,75.0,15.3,0.00573797,72.2969469214384,5.58380127,0.0,-0.001725677,0.133123636,1.691876364,3673.524737,738.292725,824.672119,0.003925,0.004027
292,4,0,0,214.7674,75.0,15.3,0.005731647,72.2965406757422,5.58380127,0.0,-0.010929291,0.172682047,1.652317953,3690.377874,658.817322,655.593079,0.004015,0.004109
293,4,0,0,215.5172,73.0,15.0,0.005728479,72.2961330782004,5.58380127,0.0,-0.007094452,0.193435431,1.631564569,3703.857073,716.830017,655.830017,0.004004,0.004091
294,4,0,0,216.2723,75.0,15.0,0.005724621,72.2955368499172,5.58380127,0.0,-0.000959,0.198746443,1.626253557,3720.702943,697.394104,651.594299,0.004041,0.004132
295,4,0,0,217.5426,74.0,15.0,0.005719502,72.2951834227598,5.58380127,0.0,0.003834839,0.198368788,1.626631212,3734.850252,870.351807,660.132874,0.004073,0.004054
296,4,0,0,218.5697,72.0,15.0,0.005711493,72.2946559937616,5.58380127,0.0,0.005368774,0.203832388,1.621167612,3751.015029,677.400574,641.595398,0.004101,0.004268
297,4,0,0,219.3463,70.0,15.0,0.005703083,72.293860352159,5.58380127,0.0,0.003834839,0.218606234,1.606393766,3765.150489,708.134888,664.139893,0.004163,0.004266
298,4,0,0,220.3905,71.0,15.0,0.005689865,72.2934679146,5.58380127,0.0,0.005368774,0.244369745,1.580630255,3781.275902,689.873901,673.490784,0.003891,0.003934
299,4,0,0,220.9164,71.0,15.3,0.005672623,72.2931015644424,5.58380127,0.0,-0.000959,0.27850461,1.54649539,3796.032988,723.304077,668.789429,0.004047,0.004182
300,4,0,0,234.9514,70.0,15.3,0.005650272,72.2920955177282,5.58380127,0.0,-0.005560516,0.321676016,1.503323984,3812.116374,701.947876,666.268921,0.004051,0.004109
301,4,0,0,235.699,71.0,15.3,0.005638921,72.2916015790954,5.58380127,0.0,-0.000959,0.34777379,1.47722621,3826.181775,684.491516,663.453003,0.00392,0.00402
302,4,0,0,236.6192,74.0,15.3,0.005642768,72.2910461958614,5.58380127,0.0,-0.013997162,0.373272181,1.451727819,3842.247597,717.203674,673.361877,0.004045,0.004192
303,4,0,0,237.2085,75.0,15.5,0.005655583,72.2907885888076,5.58380127,0.0,-0.02856955,0.37982583,1.44517417,3856.297551,730.796509,677.79071,0.004176,0.0043
304,4,0,0,237.8008,75.0,15.5,0.005671109,72.2896643682572,5.58380127,0.0,-0.02856955,0.330994368,1.494005632,3873.014676,708.027893,664.000183,0.003944,0.004014
305,4,0,0,237.3775,77.0,15.5,0.005682342,72.2885290432608,5.58380127,0.0,0.003067871,0.229182959,1.595817041,3886.381794,698.781799,656.906494,0.003435,0.003402
306,4,0,0,238.0556,76.0,15.5,0.00569437,72.2882050992122,5.58380127,0.0,0.00690271,0.093743086,1.731256914,3903.086659,689.34259,647.127502,0.003325,0.003419
307,4,0,0,238.8231,74.0,15.4,0.005708052,72.287772862675,5.58380127,0.0,0.005368774,-0.010576963,1.835576963,3917.116614,712.415283,672.304016,0.003786,0.003849
308,4,0,0,238.8231,73.0,15.4,0.00572962,72.2874408719264,5.58380127,0.0,0.016106323,-0.106570005,1.931570005,3933.15795,691.324097,655.903198,0.003891,0.003972
309,4,0,0,240.5465,74.0,15.7,0.005750995,72.2864835077472,5.58380127,0.0,0.014572388,-0.157746553,1.982746553,3947.202681,690.803589,683.076599,0.004016,0.004138
310,4,0,0,241.3302,74.0,15.7,0.005771033,72.2856932091534,5.539855957,0.0,0.014572388,-0.178526163,2.003526163,3963.261302,690.414612,658.154907,0.004087,0.004199
311,4,0,0,241.4176,73.0,15.6,0.005778692,72.2849817682196,5.539855957,0.0,0.014572388,-0.16441226,1.98941226,3977.317838,694.777283,655.580017,0.003994,0.004101
312,4,0,0,242.6478,74.0,15.6,0.005773579,72.284290170448,5.58380127,0.0,0.012271484,-0.108564138,1.933564138,3993.383328,672.336182,671.334412,0.003918,0.003957
313,4,0,0,243.6232,75.0,15.9,0.005759494,72.28382957734,5.58380127,0.0,0.003834839,-0.038640261,1.863640261,4008.109907,713.328491,672.601685,0.004063,0.004091
314,4,0,0,243.8014,74.0,15.9,0.005741685,72.283253353153,5.58380127,0.0,0.003834839,0.067116022,1.757883978,4024.175173,689.512695,668.620972,0.003884,0.00405
315,4,0,0,244.4271,73.0,15.8,0.005731645,72.2828777653838,5.58380127,0.0,-0.004793549,0.172199011,1.652800989,4038.232226,739.387329,664.299316,0.003794,0.003946
316,4,0,0,245.1461,76.0,15.8,0.005726583,72.282425830525,5.58380127,0.0,-0.010929291,0.286685705,1.538314295,4054.297334,694.112488,656.748596,0.003998,0.004124
317,4,0,0,245.6882,76.0,16.0,0.005722896,72.2819852737,5.58380127,0.0,-0.023200775,0.369920015,1.455079985,4069.023576,697.383728,655.967102,0.004024,0.004161
318,4,0,0,246.0509,75.0,16.0,0.005712529,72.2810789416922,5.58380127,0.0,-0.020132904,0.415407419,1.409592581,4085.088443,714.090088,671.827698,0.003988,0.004006
319,4,0,0,246.5058,75.0,15.9,0.005697404,72.2804169235898,5.58380127,0.0,-0.016298065,0.405752897,1.419247103,4099.145019,689.370728,651.914001,0.003659,0.003762
320,4,0,0,247.1455,76.0,15.9,0.005685204,72.2796842071812,5.58380127,0.0,-0.013997162,0.351449728,1.473550272,4115.209556,717.556396,656.932617,0.003515,0.003549
321,4,0,0,247.8806,75.0,16.1,0.005693122,72.279302262519,5.58380127,0.0,-0.008628387,0.272155523,1.552844477,4129.265888,706.321594,657.71228,0.003468,0.00357
322,4,0,0,247.8806,73.0,16.1,0.005732867,72.2786811860262,5.58380127,0.0,-0.003259613,0.15349412,1.67150588,4145.999447,692.022278,651.553284,0.003186,0.003236
323,4,0,0,248.3423,74.0,16.0,0.005794389,72.2782224114724,5.58380127,0.0,-0.003259613,0.03500104,1.78999896,4159.386171,702.656677,646.660522,0.003532,0.003642
324,4,0,0,248.3423,74.0,16.0,0.005885113,72.2777981089814,5.495910645,0.0,0.010737549,-0.093450785,1.918450785,4176.11951,695.958374,658.994812,0.003681,0.003783
325,4,0,0,247.5125,72.0,16.2,0.005962977,72.2774120283154,5.58380127,0.0,0.017640259,-0.196115255,2.021115255,4190.175292,679.455872,667.612976,0.003529,0.003638
326,4,0,0,246.8709,71.0,16.2,0.006017637,72.2767204305438,5.58380127,0.0,0.025309937,-0.275763273,2.100763273,4206.238267,691.964905,664.469299,0.00377,0.003763
327,4,0,0,246.597,72.0,16.1,0.006017949,72.2758640524496,5.58380127,0.0,0.00690271,-0.293921709,2.118921709,4220.293236,701.039185,664.790527,0.003585,0.00373
328,4,0,0,247.0539,74.0,16.1,0.005972191,72.2754789373876,5.58380127,0.0,0.016106323,-0.279701948,2.104701948,4236.356146,707.678101,672.341797,0.003814,0.004042
329,4,0,0,247.9728,74.0,16.0,0.005913964,72.275191203489,5.58380127,0.0,0.003834839,-0.245256662,2.070256662,4251.080558,718.735107,774.455322,0.003852,0.004091
330,4,0,0,248.5275,72.0,16.0,0.005853751,72.275011520678,5.58380127,0.0,0.0,-0.190480947,2.015480947,4266.474238,700.779724,664.532898,0.004206,0.004395
331,4,0,0,249.4574,72.0,15.9,0.005821325,72.2748726668228,5.58380127,0.0,-0.000959,-0.137269735,1.962269735,4281.198494,694.380493,655.805908,0.004221,0.004511
332,4,0,0,250.2064,74.0,15.9,0.005808922,72.2746355305738,5.58380127,0.0,-0.005560516,-0.072599173,1.897599173,4297.261054,701.60437,667.233887,0.003821,0.003947
333,4,0,0,250.4885,75.0,15.8,0.005809463,72.2744969020262,5.58380127,0.0,-0.008628387,-0.03229022,1.85729022,4311.315529,700.059692,662.038696,0.00375,0.003822
334,4,0,0,250.2064,74.0,15.8,0.005812622,72.2742155572074,5.58380127,0.0,-0.007094452,-0.005744696,1.830744696,4327.37749,660.514771,660.07373,0.00415,0.004312
335,4,0,0,249.4574,76.0,15.7,0.005817916,72.2740208592542,5.58380127,0.0,-0.007094452,-0.000584,1.825583887,4341.431536,650.731812,659.645691,0.004125,0.004295
336,4,0,0,249.0846,76.0,15.7,0.005829191,72.2736163194584,5.58380127,0.0,-0.005560516,-0.013278723,1.838278723,4358.162471,705.630493,666.300476,0.00412,0.004274
337,4,0,0,248.9916,75.0,15.7,0.005841511,72.2734583627374,5.58380127,0.0,0.003067871,-0.038456678,1.863456678,4371.547299,702.054016,664.785889,0.004214,0.004376
338,4,0,0,248.6202,74.0,15.7,0.005858484,72.273254201865,5.58380127,0.0,0.00690271,-0.068725348,1.893725348,4388.278376,705.669128,670.046326,0.004012,0.004156
339,4,0,0,249.4574,75.0,15.6,0.005877973,72.2729051682058,5.58380127,0.0,-0.005560516,-0.081823111,1.906823111,4402.332322,702.577698,661.904419,0.004247,0.004337
340,4,0,0,250.1126,75.0,15.6,0.005905813,72.272678621414,5.58380127,0.0,-0.000959,-0.097709894,1.922709894,4418.393636,697.439575,677.079529,0.004403,0.004566
341,4,0,0,250.7711,73.0,15.5,0.005933723,72.2725624914396,5.58380127,0.0,0.003834839,-0.121995211,1.946995211,4432.446975,701.915588,664.337585,0.004293,0.004504
342,4,0,0,251.3384,72.0,15.5,0.005967987,72.2723430257438,5.58380127,0.0,0.003834839,-0.142649412,1.967649412,4448.507654,700.651184,666.190308,0.004249,0.004316
343,4,0,0,252.0987,75.0,15.8,0.0059987,72.2722314984818,5.58380127,0.0,0.003834839,-0.152436495,1.977436495,4463.22977,699.106506,668.637817,0.004216,0.004468
344,4,0,0,252.672,76.0,15.8,0.006029298,72.2721115382782,5.58380127,0.0,0.003834839,-0.153386831,1.978386831,4479.29032,695.278687,666.942505,0.003926,0.004109
345,4,0,0,253.2479,75.0,15.7,0.006045011,72.2720004777248,5.58380127,0.0,0.003834839,-0.145327806,1.970327806,4493.343473,721.029114,681.546875,0.003891,0.003977
346,4,0,0,253.6333,76.0,15.7,0.006045164,72.2718290186412,5.58380127,0.0,0.0,-0.127564192,1.952564192,4509.404208,701.596191,666.522583,0.003793,0.003946
347,4,0,0,254.2136,76.0,15.9,0.006032523,72.2716839849204,5.58380127,0.0,0.0,-0.110147238,1.935147238,4524.126397,702.175293,656.260376,0.003516,0.003556
348,4,0,0,254.6992,75.0,15.9,0.00601579,72.271393322023,5.58380127,0.0,0.0,-0.090046167,1.915046167,4540.186837,705.284973,657.42981,0.003281,0.003415
349,4,0,0,255.1867,72.0,15.8,0.006008428,72.27130006077,5.58380127,0.0,-0.001725677,-0.072683096,1.897683096,4554.239643,692.56842,655.400208,0.003262,0.003205
350,4,0,0,255.3822,73.0,15.8,0.006007004,72.2712046590948,5.58380127,0.0,-0.004793549,-0.055432081,1.880432081,4570.299926,703.06897,647.451477,0.003516,0.003585
351,4,0,0,255.578,71.0,16.1,0.006005707,72.2711040592514,5.58380127,0.0,-0.004793549,-0.051069021,1.876069021,4584.352677,696.57489,663.806091,0.003331,0.003429
352,4,0,0,255.8723,70.0,16.1,0.005996862,72.2708062508844,5.58380127,0.0,-0.004793549,-0.058018446,1.883018446,4601.082172,733.784607,792.078918,0.003441,0.003421
353,4,0,0,256.0688,69.0,16.0,0.005980277,72.2704324172958,5.58380127,0.0,-0.004793549,-0.074373484,1.899373484,4614.465749,632.760071,642.223694,0.003333,0.003497
354,4,0,0,256.5616,70.0,16.0,0.00596024,72.2702402460064,5.58380127,0.0,0.0,-0.103929281,1.928929281,4631.195137,699.6474,643.488403,0.003347,0.003362
355,4,0,0,257.1553,73.0,16.2,0.005954382,72.2701673429044,5.58380127,0.0,-0.003259613,-0.132039309,1.957039309,4645.247747,741.831177,656.983276,0.003479,0.00358
356,4,0,0,257.6523,73.0,16.2,0.005968256,72.2700742747722,5.58380127,0.0,0.005368774,-0.170891047,1.995891047,4661.307836,684.124878,650.8349,0.003498,0.00361
357,4,0,0,258.2511,72.0,16.0,0.00599202,72.2700178352184,5.58380127,0.0,0.008436646,-0.20304656,2.02804656,4675.360367,691.026978,652.879883,0.003469,0.003662
358,4,0,0,258.2511,73.0,16.0,0.006022247,72.2699456080392,5.58380127,0.0,0.014572388,-0.214622259,2.039622259,4691.420342,692.739319,648.118103,0.003355,0.003514
359,4,0,0,258.6519,73.0,16.2,0.006050608,72.26942678901,5.58380127,0.0,0.003834839,-0.195562601,2.020562601,4706.141936,681.981689,664.015503,0.003808,0.004069
360,4,0,0,259.0539,72.0,16.2,0.006086388,72.2693113832386,5.58380127,0.0,-0.007094452,-0.155370474,1.980370474,4721.53266,727.445313,661.965393,0.003855,0.00404
361,4,0,0,259.7605,71.0,16.1,0.00611744,72.2691378641998,5.58380127,0.0,-0.000959,-0.121121168,1.946121168,4736.254202,700.884827,653.769104,0.003918,0.004105
362,4,0,0,257.0562,71.0,16.1,0.006146238,72.2689585193502,5.58380127,0.0,-0.001725677,-0.093315363,1.918315363,4752.314035,714.691711,666.194214,0.004048,0.004242
363,4,0,0,257.3539,72.0,16.0,0.006159996,72.2688071287364,5.58380127,0.0,-0.001725677,-0.072271109,1.897271109,4766.366356,715.471619,661.797119,0.004155,0.004397
364,4,0,0,257.5527,72.0,16.0,0.006156347,72.2687342739146,5.539855957,0.0,0.001533936,-0.049699068,1.874699068,4782.426102,697.951477,664.220398,0.003627,0.003777
365,4,0,0,257.9514,71.0,15.9,0.006138318,72.2685880975624,5.58380127,0.0,-0.004793549,-0.026626348,1.851626348,4796.478351,701.042297,664.088379,0.003581,0.0037
366,4,0,0,258.6519,74.0,15.9,0.006119241,72.2683462942274,5.58380127,0.0,-0.004793549,-0.007002592,1.832002592,4810.530549,742.835693,841.062988,0.003457,0.003649
367,4,0,0,259.0539,74.0,15.8,0.006110972,72.2681795666034,5.58380127,0.0,-0.004793549,0.002386808,1.822613192,4826.590186,699.559998,659.7677,0.003684,0.003765
368,4,0,0,259.1546,74.0,15.8,0.006114321,72.2680554060224,5.58380127,0.0,-0.004793549,0.000145,1.824854803,4841.311505,728.728271,665.065002,0.003915,0.003976
369,4,0,0,258.5516,74.0,15.7,0.006115688,72.2677642925098,5.58380127,0.0,-0.003259613,-0.014290094,1.839290094,4857.37106,704.216492,664.760925,0.003663,0.003817
370,4,0,0,259.0539,76.0,15.7,0.006107106,72.2677022685462,5.58380127,0.0,0.001533936,-0.036319017,1.861319017,4871.423092,713.63562,660.206116,0.003757,0.003887
371,4,0,0,259.7605,77.0,15.7,0.006090181,72.2674989445306,5.58380127,0.0,0.008436646,-0.063103914,1.888103914,4887.482494,0.0,0.0,0.0,0.0
372,4,0,0,260.2676,76.0,15.7,0.006074889,72.2671620131082,5.58380127,0.0,0.008436646,-0.074207544,1.899207544,4902.203577,694.164673,658.119324,0.003319,0.003513
373,4,0,0,260.8786,76.0,15.6,0.006058421,72.2669832315276,5.58380127,0.0,0.008436646,-0.064642191,1.889642191,4918.262915,686.536804,478.612396,0.0034,0.003467
374,4,0,0,261.2876,77.0,15.6,0.006045966,72.2668149428438,5.58380127,0.0,0.008436646,-0.036203623,1.861203623,4930.307437,0.0,0.0,0.0,0.0
375,4,0,0,260.5727,77.0,15.5,0.006026558,72.2662491310866,5.58380127,0.0,0.001533936,0.019643545,1.805356455,4946.366757,702.729309,655.259216,0.003294,0.003349
376,4,0,0,258.8528,75.0,15.5,0.006001533,72.2660528720736,5.58380127,0.0,-0.008628387,0.076477766,1.748522234,4960.418534,692.961487,644.187073,0.003476,0.003617
377,4,0,0,257.8516,76.0,15.5,0.005958273,72.2658164922144,5.58380127,0.0,-0.010162323,0.129538774,1.695461226,4976.477677,0.0,0.0,0.003633,0.003594
378,4,0,0,257.8516,77.0,15.5,0.005912963,72.265581190613,5.539855957,0.0,-0.005560516,0.159738302,1.665261698,4990.529411,681.225525,656.127014,0.003404,0.003456
379,4,0,0,258.5516,76.0,15.5,0.005868564,72.2650699354818,5.58380127,0.0,0.00690271,0.175422907,1.649577093,5007.257629,695.525024,660.60791,0.003692,0.003885
380,4,0,0,259.4572,75.0,15.5,0.005845675,72.2647474398392,5.58380127,0.0,-0.010929291,0.192273855,1.632726145,5020.640188,693.614502,663.961121,0.003749,0.003942
381,4,0,0,259.5582,76.0,15.4,0.005837458,72.2646083928632,5.58380127,0.0,-0.015531097,0.204376936,1.620623064,5037.368345,677.730713,667.783691,0.004123,0.00425
382,4,0,0,259.6593,76.0,15.4,0.005839556,72.2641140840822,5.58380127,0.0,-0.007094452,0.183874369,1.641125631,5051.419968,0.0,0.0,0.0,0.0
383,4,0,0,257.8516,75.0,15.4,0.005849699,72.2640167672924,5.539855957,0.0,-0.024734711,0.138932943,1.686067057,5067.478933,689.849976,674.528809,0.004012,0.004178
384,4,0,0,256.9571,74.0,15.4,0.005869884,72.2633827195192,5.58380127,0.0,-0.001725677,0.063774824,1.761225176,5081.530493,696.502625,669.207703,0.004183,0.004405
385,4,0,0,256.6603,75.0,15.6,0.005905783,72.2636476007898,5.58380127,0.0,-0.057714325,-0.049845457,1.874845457,5097.589349,718.846191,673.413574,0.004229,0.004466
386,4,0,0,258.6519,74.0,15.6,0.005934927,72.2617565297294,5.58380127,0.0,-0.044675873,-0.240352392,2.065352392,5112.357727,731.947571,666.356873,0.004243,0.004355
387,4,0,0,259.6593,73.0,15.6,0.005946237,72.2600930837186,5.58380127,0.0,-0.001725677,-0.593111753,2.418111753,5128.416504,718.048523,679.025391,0.00406,0.004251
388,4,0,0,260.3692,74.0,15.6,0.005931407,72.2599824415936,5.58380127,0.0,0.0,-0.928672552,2.753672552,5142.467877,734.480103,679.118408,0.004277,0.004618
389,4,0,0,260.9808,74.0,15.8,0.005890288,72.2599686495498,5.58380127,0.0,0.017640259,-1.31229043,3.13729043,5158.526519,703.656372,684.724121,0.004429,0.004689
390,4,0,0,261.2876,73.0,15.8,0.005841864,72.259640231536,5.58380127,0.0,0.009203613,-1.614340782,3.439340782,5173.246777,726.19812,671.176514,0.00443,0.004597
391,4,0,0,261.9035,74.0,15.7,0.005785677,72.259441397579,5.58380127,0.0,0.012271484,1.643697739,3.831302261,5189.305119,740.811279,672.690979,0.004292,0.004492
392,4,0,0,262.1095,75.0,15.7,0.005742873,72.259244655764,5.58380127,0.0,0.012271484,1.38627696,4.08872304,5203.356181,676.902527,671.013306,0.0041,0.004254
393,4,0,0,262.419,74.0,16.0,0.005701627,72.2591898738304,5.58380127,0.0,0.009203613,1.108132124,4.366867876,5219.414542,718.934509,667.93573,0.004092,0.004186
394,4,0,0,262.9365,73.0,16.0,0.005669263,72.2591169707284,5.58380127,0.0,-0.015531097,0.890488863,4.584511137,5233.465543,718.633179,676.613098,0.004132,0.004239
395,4,0,0,263.3519,74.0,15.9,0.00563694,72.2588824255168,5.58380127,0.0,-0.007094452,0.633807898,4.841192102,5250.192819,714.584229,672.402771,0.004247,0.004353
396,4,0,0,263.248,73.0,15.9,0.005616478,72.2586415877858,5.58380127,0.0,0.008436646,0.383426189,5.091573811,5263.574616,0.0,0.0,0.0,0.0
397,4,0,0,263.3519,71.0,16.1,0.005603895,72.2585474574892,5.58380127,0.0,0.010737549,0.100778103,5.374221897,5280.30168,731.372498,668.751404,0.003762,0.003837
398,4,0,0,263.6644,71.0,16.1,0.005598825,72.2585827503154,5.58380127,0.0,0.032979614,-0.123018622,5.598018622,5294.352229,790.360229,652.621277,0.003848,0.003873
399,4,0,0,264.1868,71.0,16.3,0.005592452,72.258032018074,5.58380127,0.0,0.023776001,-0.309514999,5.784514999,5310.409683,691.669006,668.929504,0.003842,0.004047
400,4,0,0,264.7113,70.0,16.3,0.005582987,72.2577911642496,5.58380127,0.0,0.049085938,-0.400476694,5.875476694,5324.458783,696.10968,680.199524,0.003879,0.004067
401,4,0,0,264.5013,70.0,16.4,0.005569099,72.2561105143942,5.58380127,0.0,0.017640259,-0.393707156,5.868707156,5340.511387,692.060486,673.52179,0.003814,0.004102
402,4,0,0,265.4491,71.0,16.4,0.005558934,72.2557555583638,5.58380127,0.0,0.003067871,-0.324738383,5.799738383,5355.225423,702.356018,673.234985,0.003903,0.003984
403,4,0,0,265.7666,72.0,16.6,0.005557839,72.255630480459,5.58380127,0.0,-0.007094452,-0.216084123,5.691084123,5370.608654,708.931396,666.0849,0.003546,0.003568
404,4,0,0,266.2974,72.0,16.6,0.005570184,72.255698877409,5.58380127,0.0,-0.010929291,-0.143379569,5.618379569,5385.323887,0.0,0.0,0.0,0.0
405,4,0,0,266.0848,73.0,16.4,0.005596186,72.2554058326884,5.58380127,0.0,-0.017832001,-0.085614324,5.560614324,5401.377441,713.11853,673.527405,0.003587,0.003568
406,4,0,0,266.4038,73.0,16.4,0.005625631,72.2550845279574,5.58380127,0.0,-0.016298065,-0.07510376,5.55010376,5415.424917,710.351624,656.908813,0.003464,0.003519
407,4,0,0,266.5103,73.0,16.6,0.005665042,72.2548295602212,5.58380127,0.0,0.008436646,-0.110206246,5.585206246,5431.479797,682.822083,651.511475,0.003455,0.003562
408,4,0,0,266.7236,71.0,16.6,0.005701991,72.2549237548914,5.58380127,0.0,0.001533936,-0.146136403,5.621136403,5445.527873,686.795105,647.089111,0.003389,0.003525
409,4,0,0,266.7236,73.0,16.4,0.005742926,72.2546950033038,5.58380127,0.0,0.008436646,-0.175731182,5.650731182,5462.250932,746.585876,671.716675,0.003897,0.004099
410,4,0,0,266.6169,72.0,16.4,0.005775956,72.2546998152304,5.58380127,0.0,0.008436646,-0.189199328,5.664199328,5475.629332,702.679382,661.830811,0.003868,0.003979
411,4,0,0,266.5103,71.0,16.6,0.005813273,72.2545725969034,5.58380127,0.0,0.003834839,-0.184308171,5.659308171,5492.353076,720.562073,669.370605,0.003639,0.003801
412,4,0,0,266.8303,71.0,16.6,0.005846157,72.25449130914,5.58380127,0.0,0.003834839,-0.170377612,5.645377612,5506.401855,690.624512,652.742004,0.003558,0.003712
413,4,0,0,267.2582,73.0,16.7,0.005875857,72.254624723426,5.58380127,0.0,0.00690271,-0.142711878,5.617711878,5522.458306,712.350891,666.239624,0.003276,0.003338
414,4,0,0,267.2582,73.0,16.7,0.005887992,72.2545330876064,5.58380127,0.0,0.00690271,-0.10430038,5.57930038,5536.50761,720.359009,661.482605,0.003466,0.003556
415,4,0,0,267.3654,72.0,16.8,0.005887374,72.2543418175474,5.58380127,0.0,0.003834839,-0.044409156,5.519409156,5552.563431,717.524292,655.818481,0.003723,0.003898
416,4,0,0,267.4727,73.0,16.8,0.005879502,72.2542346355034,5.58380127,0.0,-0.001725677,0.021939397,5.453060603,5567.281155,764.022522,664.518799,0.00345,0.003568
417,4,0,0,267.3654,74.0,17.0,0.005866939,72.2542115414744,5.58380127,0.0,-0.007094452,0.095146537,5.379853463,5583.337054,702.622803,661.415283,0.003612,0.003649
418,4,0,0,267.795,74.0,17.0,0.005859259,72.2542213745418,5.58380127,0.0,-0.007094452,0.149727583,5.325272417,5597.386101,732.343689,664.23822,0.003557,0.003641
419,4,0,0,268.0103,73.0,16.8,0.005865939,72.2537415659142,5.58380127,0.0,-0.001725677,0.192346811,5.282653189,5613.442151,719.12207,664.874207,0.003645,0.003829
420,4,0,0,268.6583,75.0,16.8,0.005890917,72.2535968862482,5.58380127,0.0,-0.001725677,0.223206043,5.251793957,5628.160128,689.414795,652.870117,0.003648,0.003801
421,4,0,0,268.6583,75.0,16.9,0.005937031,72.2537336962416,5.58380127,0.0,-0.003259613,0.253656626,5.221343374,5643.547111,694.668518,659.063721,0.003275,0.003438
422,4,0,0,267.9026,74.0,16.9,0.00598723,72.2537574501,5.539855957,0.0,-0.003259613,0.273241043,5.201758957,5658.265086,684.229614,657.91272,0.003278,0.003306
423,4,0,0,268.7666,74.0,16.7,0.006053508,72.2534897042042,5.58380127,0.0,-0.012463226,0.284450769,5.190549231,5674.32103,693.010498,653.323914,0.003281,0.00345
424,4,0,0,269.6363,74.0,16.7,0.006109234,72.253427133065,5.58380127,0.0,-0.017832001,0.269873142,5.205126858,5688.369938,701.529724,655.799316,0.003525,0.003639
425,4,0,0,269.9638,73.0,16.8,0.006140259,72.2529316011856,5.58380127,0.0,-0.005560516,0.209926128,5.265073872,5704.425813,744.049683,658.089478,0.003386,0.003416
426,4,0,0,270.1826,72.0,16.8,0.006120186,72.2525159408504,5.58380127,0.0,0.003067871,0.135254145,5.339745855,5718.47465,696.690613,662.817993,0.003188,0.00332
427,4,0,0,270.7312,73.0,16.7,0.006053644,72.252329885053,5.58380127,0.0,0.005368774,0.039254665,5.435745335,5735.199315,688.830078,659.14093,0.003343,0.003482
428,4,0,0,271.0615,74.0,16.7,0.005983932,72.252483898891,5.58380127,0.0,0.03451355,-0.034250259,5.509250259,5748.578984,724.548889,682.054504,0.00424,0.004444
429,4,0,0,270.8412,73.0,16.8,0.005918362,72.2513845748304,5.58380127,0.0,0.003834839,-0.037424564,5.512424564,5765.303583,688.488281,672.047729,0.004319,0.004504
430,4,0,0,271.2821,73.0,16.8,0.005882583,72.25110284377,5.58380127,0.0,-0.010929291,0.014793158,5.460206842,5779.352316,710.096497,664.047302,0.004146,0.004346
431,4,0,0,271.3925,76.0,16.6,0.005860331,72.251001374883,5.58380127,0.0,-0.012463226,0.051586628,5.423413372,5795.407997,702.64209,662.757385,0.003822,0.004012
432,4,0,0,271.6137,77.0,16.6,0.005843362,72.2506355075274,5.58380127,0.0,-0.020132904,0.050284863,5.424715137,5809.4567,701.822815,659.487305,0.004049,0.004391
433,4,0,0,271.946,78.0,16.5,0.005820766,72.2505337650526,5.58380127,0.0,-0.010929291,0.002236843,5.472763157,5825.512398,711.319214,674.913025,0.003895,0.004043
434,4,0,0,272.1681,76.0,16.5,0.005806264,72.250484293941,5.58380127,0.0,0.009203613,-0.072338939,5.547338939,5840.230149,735.788391,830.772522,0.004084,0.004291
435,4,0,0,272.3905,77.0,16.3,0.005803789,72.2505491020628,5.58380127,0.0,0.017640259,-0.142127156,5.617127156,5856.285871,747.97522,853.647217,0.003869,0.004025
436,4,0,0,272.9481,77.0,16.3,0.005817147,72.2501984590636,5.58380127,0.0,0.016106323,-0.163052917,5.638052917,5870.334502,707.73291,662.110291,0.003832,0.003985
437,4,0,0,273.2838,76.0,16.2,0.005849923,72.249557957837,5.58380127,0.0,-0.000959,-0.131794333,5.606794333,5886.38983,697.002014,668.234314,0.003916,0.004136
438,4,0,0,273.508,74.0,16.2,0.005888813,72.2492364438918,5.58380127,0.0,-0.001725677,-0.096129179,5.571129179,5900.438158,698.963318,655.00238,0.003931,0.004173
439,4,0,0,273.7326,75.0,16.1,0.005943356,72.2492906303696,5.58380127,0.0,-0.001725677,-0.062734246,5.537734246,5917.162461,690.782593,661.118896,0.004059,0.004242
440,4,0,0,274.1829,74.0,16.1,0.006002586,72.2492828733508,5.58380127,0.0,0.00690271,-0.031262398,5.506262398,5930.541862,685.814819,671.008972,0.004115,0.004379
441,4,0,0,274.6347,74.0,16.0,0.006078966,72.2493402785086,5.58380127,0.0,0.003067871,0.022146821,5.452853179,5947.265838,762.742493,681.121704,0.004002,0.004196
442,4,0,0,274.1829,73.0,16.0,0.006139101,72.249232951624,5.58380127,0.0,-0.007094452,0.074599147,5.400400853,5961.314074,754.637878,671.755188,0.00419,0.004272
443,4,0,0,274.2957,76.0,15.9,0.006184504,72.2493644829822,5.58380127,0.0,-0.012463226,0.113223553,5.361776447,5977.369156,704.896912,501.577209,0.00387,0.004037
444,4,0,0,274.5216,76.0,15.9,0.006204057,72.2490818828782,5.58380127,0.0,-0.010929291,0.121738076,5.353261924,5991.417216,705.814819,668.429504,0.00388,0.004046
445,4,0,0,274.9746,75.0,15.8,0.006211617,72.2485345624376,5.58380127,0.0,-0.004793549,0.101956606,5.373043394,6007.472091,0.0,0.0,0.0,0.0
446,4,0,0,275.3152,75.0,15.8,0.006210021,72.2485994671198,5.58380127,0.0,0.003067871,0.06997025,5.40502975,6022.189192,676.311218,653.288513,0.004074,0.004213
447,4,0,0,275.3152,75.0,16.0,0.006199536,72.2483079190854,5.58380127,0.0,-0.000959,0.038621545,5.436378455,6037.575132,696.708496,668.92041,0.003934,0.004111
448,4,0,0,275.7708,73.0,16.0,0.006183363,72.2477604538042,5.58380127,0.0,-0.001725677,0.010396123,5.464603877,6052.291955,684.23761,645.601685,0.003641,0.003845
449,4,0,0,276.2278,72.0,15.9,0.006162746,72.247633669999,5.58380127,0.0,-0.000959,-0.026423573,5.501423573,6068.346636,698.389893,652.635315,0.003612,0.003781
450,4,0,0,276.5716,72.0,15.9,0.006147759,72.2475464759578,5.58380127,0.0,0.003834839,-0.058214307,5.533214307,6083.063437,692.088196,655.88147,0.003821,0.003919
451,4,0,0,277.0313,73.0,16.1,0.006134729,72.2475610404848,5.58380127,0.0,0.003834839,-0.0917238,5.5667238,6098.449105,707.995728,650.607727,0.003801,0.003969
452,4,0,0,277.0313,73.0,16.1,0.006127937,72.2473006653662,5.58380127,0.0,0.003067871,-0.113663554,5.588663554,6113.165834,704.281799,660.520325,0.003696,0.003766
453,4,0,0,277.1465,73.0,16.0,0.006130431,72.247037570463,5.58380127,0.0,0.003067871,-0.129251242,5.604251242,6129.220548,714.903015,654.293091,0.003471,0.003511
454,4,0,0,277.1465,74.0,16.0,0.006146432,72.2469682240024,5.58380127,0.0,0.003067871,-0.136905909,5.611905909,6143.268428,707.369324,662.502502,0.003628,0.003771
455,4,0,0,277.7238,75.0,16.2,0.006180888,72.2467284806226,5.58380127,0.0,0.003067871,-0.137970448,5.612970448,6159.323043,699.949707,660.438599,0.004009,0.004147
456,4,0,0,278.1873,73.0,16.2,0.006213836,72.24646231188,5.539855957,0.0,0.003067871,-0.132537723,5.607537723,6173.370807,704.337708,663.085083,0.003906,0.004115
457,4,0,0,278.536,73.0,16.1,0.006234095,72.2462985937218,5.58380127,0.0,0.003834839,-0.120758057,5.595758057,6188.087482,712.890015,661.012573,0.003743,0.003848
458,4,0,0,278.4197,74.0,16.1,0.006233613,72.2454354081194,5.58380127,0.0,0.003834839,-0.096885085,5.571885085,6203.472958,700.719604,655.72821,0.003239,0.003358
459,4,0,0,278.769,74.0,16.3,0.006215881,72.2450708443292,5.58380127,0.0,0.0,-0.070362806,5.545362806,6218.189454,706.311279,658.604126,0.003608,0.003747
460,4,0,0,278.769,74.0,16.3,0.006182849,72.2453272121912,5.58380127,0.0,0.0,-0.032061458,5.507061458,6234.243827,723.153198,863.603271,0.004023,0.004208
461,4,0,0,279.0023,74.0,16.2,0.006144502,72.2453737382106,5.58380127,0.0,0.00690271,0.003281832,5.471718168,6248.291388,704.044678,656.966675,0.003895,0.003956
462,4,0,0,279.1191,75.0,16.2,0.006090345,72.245559713541,5.58380127,0.0,0.001533936,0.051798701,5.423201299,6264.345699,729.730591,660.383118,0.003736,0.003846
463,4,0,0,279.236,74.0,16.3,0.006036092,72.2454868748126,5.58380127,0.0,0.001533936,0.112724781,5.362275219,6278.393164,692.148621,664.512817,0.003641,0.003948
464,4,0,0,279.1191,74.0,16.3,0.005969693,72.2452698392202,5.58380127,0.0,0.023009033,0.191231251,5.283768749,6295.116287,718.887207,666.93811,0.003475,0.003659
465,4,0,0,279.236,74.0,16.2,0.005912701,72.245033861696,5.539855957,0.0,0.026843872,0.292752266,5.182247734,6308.494716,694.99762,671.718018,0.003412,0.003534
466,4,0,0,279.9395,74.0,16.2,0.005853361,72.244343132968,5.58380127,0.0,0.00690271,0.469261885,5.005738115,6325.217652,696.788818,653.42981,0.003541,0.003634
467,4,0,0,280.4105,72.0,16.1,0.005806201,72.2442174113272,5.58380127,0.0,0.017640259,0.640832663,4.834167337,6339.264751,685.8797,666.011292,0.003544,0.003612
468,4,0,0,280.5285,70.0,16.1,0.005758942,72.2438607011162,5.58380127,0.0,0.023776001,0.867503643,4.607496357,6355.318513,671.038879,658.204895,0.003454,0.003608
469,4,0,0,280.8831,72.0,16.0,0.00572864,72.2435006917582,5.58380127,0.0,0.021475098,1.12518239,4.34981761,6369.365586,617.559082,670.169312,0.003601,0.003653
470,4,0,0,281.0015,72.0,16.0,0.005707381,72.2429890664788,5.58380127,0.0,0.0,1.493769407,3.981230593,6385.419371,700.04248,646.950195,0.003437,0.003496
471,4,0,0,281.4761,72.0,15.9,0.005692348,72.2428369677554,5.58380127,0.0,-0.000959,1.794339657,3.680660343,6400.135238,718.108521,661.159729,0.003171,0.003316
472,4,0,0,281.833,72.0,15.9,0.005672436,72.2430232810472,5.58380127,0.0,0.001533936,-1.439584494,3.264584494,6416.188785,678.265686,653.054993,0.003089,0.00324
473,4,0,0,282.0715,75.0,16.1,0.005658646,72.242977849379,5.58380127,0.0,0.001533936,-1.104408979,2.929408979,6430.235147,671.996582,657.123596,0.003243,0.003372
474,4,0,0,282.5497,75.0,16.1,0.005658591,72.2424588211356,5.58380127,0.0,0.00690271,-0.725900888,2.550900888,6446.287358,670.356812,668.297729,0.003452,0.003638
475,4,0,0,282.9094,74.0,16.0,0.005673385,72.2426723644602,5.58380127,0.0,-0.045442841,-0.405461073,2.230461073,6461.001475,730.228027,682.489502,0.003988,0.004173
476,4,0,0,283.0295,74.0,16.0,0.00569788,72.2391316233394,5.58380127,0.0,-0.069218842,-0.092554331,1.917554331,6477.05192,694.050598,672.093689,0.00404,0.00431
477,4,0,0,283.3905,75.0,16.2,0.005718578,72.2346212065884,5.58380127,0.0,-0.057714325,0.022690535,1.802309465,6491.094659,0.0,0.0,0.0,0.0
478,4,0,0,283.6316,74.0,16.2,0.005740436,72.2300318517104,5.58380127,0.0,-0.001725677,-0.023765326,1.848765326,6507.142824,681.335876,672.841797,0.003733,0.003918
479,4,0,0,284.4788,73.0,16.1,0.005761744,72.2292248642608,5.495910645,0.0,0.030678711,-0.125696898,1.950696898,6521.185027,702.804016,683.734192,0.00381,0.003977
480,4,0,0,284.3575,74.0,16.1,0.00579137,72.227959408032,5.58380127,0.0,0.0,-0.195662737,2.020662737,6537.233218,689.798401,653.18512,0.003687,0.003857
481,4,0,0,284.7218,75.0,16.3,0.005819658,72.2270759125588,5.58380127,0.0,0.003834839,-0.228803396,2.053803396,6551.275048,675.89093,660.16333,0.003275,0.003427
482,4,0,0,284.8435,75.0,16.3,0.005855368,72.2266856476088,5.58380127,0.0,0.008436646,-0.265925169,2.090925169,6567.991582,685.530029,648.316772,0.002911,0.003006
483,4,0,0,285.0871,74.0,16.2,0.005897615,72.2259068075158,5.58380127,0.0,0.008436646,-0.285921812,2.110921812,6581.36682,700.540588,661.510803,0.003169,0.003409
484,4,0,0,285.698,75.0,16.2,0.005959125,72.2250854808468,5.58380127,0.0,0.03451355,-0.278650522,2.103650522,6598.086951,681.213684,478.263885,0.003402,0.003484
485,4,0,0,285.2091,75.0,16.3,0.006008339,72.2233774078378,5.58380127,0.0,0.023009033,-0.213050604,2.038050604,6612.130784,695.398193,653.068481,0.003264,0.003439
486,4,0,0,286.1885,75.0,16.3,0.006036672,72.2221339030066,5.58380127,0.0,-0.02166684,-0.090384722,1.915384722,6628.180751,691.109314,657.73468,0.003412,0.003558
487,4,0,0,286.6808,76.0,16.2,0.006030678,72.22122544667,5.58380127,0.0,-0.023200775,-0.001710176,1.826710176,6642.224407,687.342102,661.415894,0.00349,0.003657
488,4,0,0,286.9276,77.0,16.2,0.005997969,72.2200390251286,5.58380127,0.0,-0.030870453,0.02792716,1.79707284,6658.274161,701.430176,680.285583,0.003781,0.003987
489,4,0,0,287.0511,76.0,16.4,0.00595782,72.2191700619956,5.58380127,0.0,-0.020132904,-0.009203196,1.834203196,6672.986354,703.495728,658.332703,0.003577,0.003705
490,4,0,0,287.0511,75.0,16.4,0.005906839,72.2181706618556,5.58380127,0.0,0.012271484,-0.102689981,1.927689981,6689.035795,705.788818,660.513306,0.003603,0.003554
491,4,0,0,287.5464,75.0,16.3,0.005863562,72.217629617841,5.58380127,0.0,0.016106323,-0.17809844,2.00309844,6703.078429,694.443604,658.916809,0.0034,0.003491
492,4,0,0,287.7946,76.0,16.3,0.005824076,72.2165635749316,5.58380127,0.0,0.019941162,-0.227670908,2.052670908,6719.126625,699.81897,649.064026,0.003517,0.003717
493,4,0,0,287.9189,75.0,16.1,0.005803281,72.2162788826856,5.58380127,0.0,0.043717163,-0.231118441,2.056118441,6733.168892,699.264771,632.398071,0.003793,0.003936
494,4,0,0,288.1678,76.0,16.1,0.005794929,72.2152887362506,5.58380127,0.0,0.009203613,-0.154591799,1.979591799,6749.885807,702.187317,662.581421,0.00383,0.003876
495,4,0,0,288.542,77.0,16.0,0.005797902,72.2146892249138,5.58380127,0.0,-0.032404388,-0.042933226,1.867933226,6763.258979,705.23761,671.934021,0.003936,0.004028
496,4,0,0,288.9171,78.0,16.0,0.005811557,72.2122117103574,5.539855957,0.0,-0.033938324,0.041169405,1.783830595,6779.975164,699.747009,657.192993,0.003833,0.003878
497,4,0,0,288.9171,78.0,15.9,0.005831355,72.2113666781102,5.58380127,0.0,-0.030103485,0.038871527,1.786128473,6794.016787,698.231689,664.442627,0.003715,0.003812
498,4,0,0,289.1678,78.0,15.9,0.005858507,72.2088317262092,5.58380127,0.0,0.0,-0.039059877,1.864059877,6810.064241,689.251221,659.566284,0.003858,0.004003
499,4,0,0,289.5445,79.0,15.8,0.005879952,72.2084670980454,5.58380127,0.0,0.017640259,-0.126868486,1.951868486,6824.105365,703.4729,663.442871,0.004124,0.004147
500,4,0,0,289.4188,78.0,15.8,0.005893556,72.2074925300216,5.495910645,0.0,0.025309937,-0.188343287,2.013343287,6840.151889,709.854675,672.935608,0.003732,0.003899
501,4,0,0,290.0484,76.0,15.8,0.00589116,72.2058010814948,5.451965332,0.0,0.009203613,-0.192456484,2.017456484,6854.861206,0.0,0.0,0.0,0.0
502,4,0,0,290.301,75.0,15.8,0.005869945,72.2047461108446,5.58380127,0.0,0.008436646,-0.152306795,1.977306795,6870.238834,684.160889,667.58252,0.003551,0.003732
503,4,0,0,290.8076,76.0,16.0,0.005836496,72.203674145564,5.58380127,0.0,0.009203613,-0.098256826,1.923256826,6884.947235,700.64502,658.616699,0.003904,0.004106
504,4,0,0,290.8076,75.0,16.0,0.005785278,72.2034972308178,5.58380127,0.0,-0.010929291,-0.016938925,1.841938925,6900.992638,693.066223,664.400513,0.004026,0.004128
505,4,0,0,291.1886,75.0,15.9,0.00573468,72.2029870056642,5.58380127,0.0,-0.010162323,0.044724703,1.780275297,6915.700897,722.839722,674.458496,0.004113,0.004233
506,4,0,0,291.3159,78.0,15.9,0.005681043,72.202329300593,5.58380127,0.0,-0.015531097,0.081959963,1.743040037,6931.077284,699.326904,665.502075,0.004353,0.004512
507,4,0,0,291.6983,82.0,15.8,0.005643853,72.2018610470266,5.58380127,0.0,0.001533936,0.085545301,1.739454699,6945.784848,708.455994,687.857727,0.004468,0.004618
508,4,0,0,292.2097,84.0,15.8,0.005608456,72.2011935249814,5.495910645,0.0,0.005368774,0.077689886,1.747310114,6961.82921,700.889282,667.507019,0.004255,0.004458
509,4,0,0,292.5944,84.0,15.7,0.00557822,72.201296104313,5.58380127,0.0,0.001533936,0.080857038,1.744142962,6975.868051,696.738098,657.089722,0.004378,0.004582
510,4,0,0,291.4432,78.0,15.7,0.005547614,72.2014383860624,5.495910645,0.0,0.001533936,0.091272593,1.733727407,6991.912444,713.883118,678.258728,0.004629,0.004871
511,4,0,0,292.0817,74.0,15.7,0.005529126,72.2016268719632,5.58380127,0.0,-0.005560516,0.105122328,1.719877672,7005.951163,717.055176,660.218628,0.00442,0.004634
512,4,0,0,292.4661,70.0,15.7,0.005516812,72.2011845609576,5.451965332,0.0,-0.005560516,0.115720987,1.709279013,7022.663771,0.0,0.0,0.0,0.0
513,4,0,0,292.5944,68.0,15.3,0.00551395,72.2002207755118,5.539855957,0.0,-0.005560516,0.113743067,1.711256933,7036.033866,723.559387,667.918274,0.004091,0.004182
514,4,0,0,292.4661,67.0,15.3,0.005525132,72.199287165191,5.58380127,0.0,-0.005560516,0.097556353,1.727443647,7052.746479,696.200989,673.403809,0.004239,0.004482
515,4,0,0,292.7229,67.0,15.0,0.005552097,72.198595068524,5.58380127,0.0,-0.005560516,0.071569204,1.753430796,7066.785161,696.7677,666.414795,0.004132,0.004381
516,4,0,0,293.7548,67.0,15.0,0.0055985,72.1986182108332,5.58380127,0.0,-0.005560516,0.027575731,1.797424269,7082.829103,702.849304,664.663208,0.004182,0.004351
517,4,0,0,293.4961,69.0,14.4,0.005636834,72.1980498402254,5.58380127,0.0,-0.001725677,-0.019413233,1.844413233,7096.867391,702.217529,665.187988,0.00408,0.004149
518,4,0,0,294.5335,71.0,14.4,0.005656363,72.1967761763626,5.495910645,0.0,-0.000959,-0.085144758,1.910144758,7112.910888,721.294495,663.268005,0.004149,0.004151
519,4,0,0,294.1436,72.0,14.2,0.00564668,72.1961669928924,5.58380127,0.0,0.010737549,-0.14230752,1.96730752,7127.617348,743.116516,662.651123,0.004223,0.004249
520,4,0,0,294.4034,71.0,14.2,0.005616559,72.1953094721668,5.58380127,0.0,0.014572388,-0.18801856,2.01301856,7143.660592,808.390076,684.873291,0.004027,0.004199
521,4,0,0,294.7939,71.0,13.6,0.005588736,72.1949381974288,5.58380127,0.0,0.014572388,-0.201505899,2.026505899,7157.698136,691.90509,653.044312,0.003898,0.004133
522,4,0,0,293.2379,72.0,13.6,0.005565566,72.1940772327156,5.495910645,0.0,0.013038452,-0.185330153,2.010330153,7173.740919,700.93219,664.181274,0.003753,0.003786
523,4,0,0,294.1436,71.0,13.2,0.005551943,72.1935198056198,5.58380127,0.0,0.003834839,-0.143608332,1.968608332,7187.778308,706.434021,672.568909,0.003705,0.003764
524,4,0,0,294.1436,70.0,13.2,0.005542055,72.1934296986732,5.58380127,0.0,0.003067871,-0.08403945,1.90903945,7204.489308,735.614929,860.528015,0.00365,0.003766
525,4,0,0,294.4034,69.0,12.8,0.005540605,72.1930893393566,5.58380127,0.0,0.003067871,-0.018129587,1.843129587,7217.857888,696.166504,662.710876,0.003763,0.003891
526,4,0,0,294.9244,70.0,12.8,0.005552561,72.1920027451754,5.58380127,0.0,-0.019365936,0.059387922,1.765612078,7234.568488,749.43457,673.911072,0.003917,0.004123
527,4,0,0,295.1855,70.0,12.7,0.005578209,72.1923839978214,5.58380127,0.0,-0.024734711,0.106845617,1.718154383,7248.605244,721.041504,683.273315,0.004314,0.004503
528,4,0,0,295.5782,71.0,12.7,0.005622956,72.1918456735914,5.58380127,0.0,-0.024734711,0.101237059,1.723762941,7264.647156,704.727722,678.030029,0.004436,0.004649
529,4,0,0,295.5782,71.0,12.3,0.005670628,72.191683677427,5.539855957,0.0,-0.000959,0.045412302,1.779587698,7278.683974,682.819519,653.036804,0.004165,0.004278
530,4,0,0,296.4984,74.0,12.3,0.005728334,72.1914410050484,5.58380127,0.0,0.013038452,-0.026605844,1.851605844,7294.725839,704.400208,674.938904,0.004224,0.004331
531,4,0,0,296.7623,74.0,12.3,0.005778904,72.190072003884,5.58380127,0.0,0.003834839,-0.059279203,1.884279203,7309.430758,684.960022,670.965271,0.003884,0.003946
532,4,0,0,296.7623,73.0,12.3,0.005833771,72.1893328823022,5.58380127,0.0,-0.010929291,-0.067593813,1.892593813,7324.804095,703.670471,660.168091,0.003549,0.003559
533,4,0,0,297.1592,70.0,12.3,0.005870208,72.189172302357,5.58380127,0.0,0.010737549,-0.087137461,1.912137461,7339.508811,727.9021,661.327026,0.003571,0.00364
534,4,0,0,297.1592,70.0,12.3,0.005888934,72.1892786153574,5.58380127,0.0,-0.000959,-0.098537207,1.923537207,7355.550195,706.416077,669.765076,0.003057,0.003183
535,4,0,0,297.1592,70.0,12.5,0.005887109,72.1884634202738,5.451965332,0.0,0.0,-0.103004694,1.928004694,7369.586377,710.442993,645.745117,0.003355,0.003388
536,4,0,0,297.5571,69.0,12.5,0.005873728,72.18827662418,5.58380127,0.0,0.001533936,-0.110280752,1.935280752,7385.627579,694.99408,642.104004,0.003509,0.003606
537,4,0,0,297.956,69.0,12.8,0.005860437,72.188395876274,5.58380127,0.0,-0.004793549,-0.114555597,1.939555597,7400.332017,693.880005,685.041504,0.003952,0.004219
538,4,0,0,298.3561,71.0,12.8,0.005855691,72.1877625527038,5.495910645,0.0,-0.001725677,-0.127752542,1.952752542,7416.373209,679.37207,671.019714,0.003625,0.003762
539,4,0,0,298.6233,72.0,13.0,0.005872738,72.1876116770788,5.58380127,0.0,0.001533936,-0.144865274,1.969865274,7430.409128,695.225281,659.550293,0.003297,0.003495
540,4,0,0,298.7572,71.0,13.0,0.005924295,72.1871918968332,5.58380127,0.0,0.001533936,-0.160696268,1.985696268,7446.450164,692.936096,645.975708,0.003313,0.003405
541,4,0,0,299.4281,70.0,13.2,0.005998379,72.1868226337702,5.58380127,0.0,0.001533936,-0.171041727,1.996041727,7460.485951,694.810486,650.97229,0.003315,0.003424
542,4,0,0,299.2937,72.0,13.2,0.006116477,72.186168791115,5.495910645,0.0,0.001533936,-0.178916693,2.003916693,7477.195103,686.649292,654.584473,0.003472,0.003538
543,4,0,0,299.1594,72.0,13.4,0.006240433,72.186292629828,5.58380127,0.0,0.005368774,-0.182729959,2.007729959,7490.562392,691.952271,655.374695,0.00327,0.003392
544,4,0,0,299.5626,71.0,13.4,0.006371898,72.1861488835792,5.58380127,0.0,-0.001725677,-0.180279016,2.005279016,7507.271452,881.042419,639.783386,0.00366,0.003733
545,4,0,0,299.8321,70.0,13.5,0.006449005,72.1858924835304,5.40802002,0.0,0.001533936,-0.178430319,2.003430319,7521.306983,890.294006,662.745972,0.00364,0.003622
546,4,0,0,300.102,72.0,13.5,0.006489979,72.1853854609634,5.58380127,0.0,0.0,-0.175788164,2.000788164,7537.347392,693.4729,673.710083,0.003486,0.003692
547,4,0,0,300.102,73.0,13.7,0.006496571,72.1807356753684,4.441223145,0.0,0.0,-0.171175718,1.996175718,7551.370944,692.116516,676.659302,0.003521,0.003729
548,4,0,0,300.6434,73.0,13.7,0.006483354,72.0840742088164,5.276184082,0.0,0.0,-0.166950941,1.991950941,7565.37827,0.0,0.0,0.0,0.0
549,4,0,0,301.0507,74.0,13.8,0.006448255,71.9864754787418,4.265441895,0.0,-0.012463226,-0.170675516,1.995675516,7582.028637,685.388977,672.880005,0.004273,0.004465
550,4,0,0,301.1867,76.0,13.8,0.006399547,71.9111683285564,5.144348145,0.0,0.009203613,-0.205432653,2.030432653,7595.342102,698.763672,660.286011,0.004508,0.004697
551,4,0,0,301.1867,77.0,13.6,0.006318235,71.8882725380576,5.23223877,0.0,0.023776001,-0.24309659,2.06809659,7611.979181,698.257507,643.78479,0.004187,0.004258
552,4,0,0,301.3228,76.0,13.6,0.006229213,71.872572074512,5.364074707,0.0,0.021475098,-0.228756666,2.053756666,7625.947627,704.161316,641.857117,0.004402,0.004413
553,4,0,0,301.8686,76.0,13.8,0.00612652,71.8368342818954,4.089660645,0.0,0.008436646,-0.139374018,1.964374018,7641.882271,692.598694,645.397705,0.004418,0.00466
554,4,0,0,301.7319,78.0,13.8,0.006051794,71.708277128856,3.606262207,0.0,-0.023200775,-0.024307489,1.849307489,7655.796262,667.46991,673.792114,0.004375,0.004714
555,4,0,0,302.2792,80.0,13.6,0.005992484,71.560092964072,4.00177002,0.0,-0.025501678,0.085007429,1.739992571,7671.667483,671.730713,684.918884,0.00428,0.004445
556,4,0,0,302.5536,82.0,13.6,0.005962979,71.4368399220848,4.00177002,0.0,-0.02166684,0.134026289,1.690973711,7686.188595,669.359192,674.472473,0.004305,0.004477
557,4,0,0,301.0507,84.0,13.4,0.005943879,71.3062793499596,4.17755127,0.0,-0.004793549,0.129457712,1.695542288,7701.34222,699.230896,668.586609,0.004368,0.004638
558,4,0,0,303.1038,85.0,13.4,0.005926589,71.1952776018432,4.089660645,0.0,0.00690271,0.106049776,1.718950224,7715.810773,687.334412,676.403992,0.004103,0.004334
559,4,0,0,303.656,87.0,13.3,0.005901542,71.0642591242078,4.045715332,0.0,-0.008628387,0.092137098,1.732862902,7731.565624,719.374573,663.885681,0.004072,0.004324
560,4,0,0,303.3796,87.0,13.3,0.005880652,70.9502066468138,4.133605957,0.0,-0.007094452,0.083019972,1.741980028,7745.981271,713.9422,671.296021,0.004428,0.004505
561,4,0,0,304.4882,86.0,13.2,0.005863908,70.8255292262728,4.045715332,0.0,-0.000959,0.054367781,1.770632219,7761.025362,717.486389,664.710693,0.004324,0.004432
562,4,0,0,303.9329,84.0,13.2,0.005856495,70.7135964266862,4.00177002,0.0,-0.000959,0.023509264,1.801490736,7775.390149,691.394409,656.140991,0.003527,0.003622
563,4,0,0,304.0715,81.0,12.8,0.005853686,70.5827636507934,4.045715332,0.0,-0.001725677,-0.01628232,1.84128232,7791.033399,700.562195,651.198914,0.003598,0.003672
564,4,0,0,304.3491,82.0,12.8,0.00585314,70.4734639084742,4.133605957,0.0,-0.000959,-0.052418947,1.877418947,7804.698188,697.429321,655.706299,0.004091,0.004231
565,4,0,0,304.3491,82.0,12.4,0.00585273,70.3591770468026,4.089660645,0.0,0.02761084,-0.082241774,1.907241774,7820.28881,734.446472,664.698975,0.00425,0.004493
566,4,0,0,304.6273,80.0,12.4,0.005857213,70.2542828405466,4.089660645,0.0,0.003834839,-0.058350801,1.883350801,7833.907158,717.830627,669.467896,0.004214,0.004321
567,4,0,0,305.0455,78.0,11.8,0.005878326,70.1422152265482,4.089660645,0.0,-0.005560516,-0.001131296,1.826131296,7850.091749,750.119812,678.098206,0.004169,0.004272
568,4,0,0,305.0455,77.0,11.8,0.00591003,70.0338335161386,4.00177002,0.0,-0.012463226,0.042562723,1.782437277,7863.018366,699.059692,661.595093,0.004267,0.004475
569,4,0,0,305.1851,76.0,11.5,0.005948484,69.9189414460666,4.089660645,0.0,-0.008628387,0.062787771,1.762212229,7879.150091,703.341797,680.892029,0.004309,0.00453
570,4,0,0,305.4648,75.0,11.5,0.005977187,69.8173269137966,4.045715332,0.0,-0.008628387,0.059477568,1.765522432,7892.678902,741.942383,662.555603,0.004057,0.004152
571,4,0,0,305.6048,73.0,11.3,0.006007782,69.705123664623,4.045715332,0.0,-0.015531097,0.032670736,1.792329264,7908.116787,677.84491,667.663696,0.004518,0.004838
572,4,0,0,306.0256,73.0,11.3,0.006037905,69.6070026554382,4.089660645,0.0,0.009203613,-0.019661665,1.844661665,7921.604987,742.352417,661.416077,0.004714,0.004874
573,4,0,0,306.3069,74.0,11.0,0.006074906,69.498154735324,4.089660645,0.0,0.009203613,-0.075200319,1.900200319,7936.997904,689.376526,666.552124,0.004527,0.004795
574,4,0,0,306.4477,74.0,11.0,0.00610203,69.4079301137832,4.17755127,0.0,0.009203613,-0.101149321,1.926149321,7951.087701,681.410095,671.985901,0.004604,0.004828
575,4,0,0,306.5886,73.0,10.8,0.006115521,69.3060972584488,4.17755127,0.0,-0.005560516,-0.110114813,1.935114813,7966.436952,799.145325,663.864502,0.004749,0.00487
576,4,0,0,306.7296,73.0,10.8,0.006106433,69.2216550920884,4.133605957,0.0,-0.003259613,-0.115316629,1.940316629,7979.847639,708.344482,675.160706,0.004499,0.004648
577,4,0,0,307.0122,74.0,10.7,0.006077129,69.125299786378,4.133605957,0.0,0.00690271,-0.128890276,1.953890276,7995.151507,701.72052,661.116516,0.00443,0.004578
578,4,0,0,307.1536,75.0,10.7,0.006043392,69.0435682635664,4.045715332,0.0,-0.010929291,-0.130783319,1.955783319,8008.523638,710.262207,664.881287,0.004362,0.004528
579,4,0,0,307.5787,73.0,10.5,0.00600249,68.936206520662,4.089660645,0.0,0.003067871,-0.146896124,1.971896124,8024.42137,696.797791,663.284607,0.004458,0.004604
580,4,0,0,308.0051,71.0,10.5,0.005971632,68.8470086419478,4.17755127,0.0,0.009203613,-0.175965071,2.000965071,8037.122394,626.496216,682.392883,0.0,0.004855
581,4,0,0,308.2899,71.0,10.4,0.005952192,68.753803683661,4.221496582,0.0,0.009203613,-0.188717127,2.013717127,8052.977339,726.845215,669.641907,0.004104,0.00427
582,4,0,0,308.4325,71.0,10.4,0.005951693,68.674013813466,4.045715332,0.0,0.009203613,-0.179701567,2.004701567,8066.277497,697.600708,659.820007,0.004105,0.004272
583,4,0,0,308.4325,69.0,10.5,0.005965799,68.5790644915532,4.133605957,0.0,-0.004793549,-0.147272348,1.972272348,8081.457554,703.589478,679.359009,0.004231,0.004392
584,4,0,0,309.0044,69.0,10.5,0.005990244,68.4973612770322,4.133605957,0.0,-0.003259613,-0.118665457,1.943665457,8094.7229,684.33197,660.632996,0.004439,0.004593
585,4,0,0,308.4325,71.0,11.0,0.00603532,68.4055823710128,4.089660645,0.0,-0.003259613,-0.097742319,1.922742319,8109.863635,696.877625,669.360291,0.004574,0.004795
586,4,0,0,309.4347,71.0,11.0,0.006086214,68.324893249906,4.133605957,0.0,-0.000959,-0.089350939,1.914350939,8123.724252,716.844116,664.292725,0.004549,0.004808
587,4,0,0,309.4347,70.0,11.4,0.006145087,68.2349741454708,4.089660645,0.0,-0.000959,-0.085131407,1.910131407,8138.196907,697.9552,666.923279,0.004454,0.004615
588,4,0,0,309.8661,71.0,11.4,0.006189783,68.158821995225,4.133605957,0.0,-0.000959,-0.083754301,1.908754301,8152.02423,0.0,0.0,0.0,0.0
589,4,0,0,310.0102,73.0,11.7,0.006229892,68.0687186052664,4.133605957,0.0,-0.007094452,-0.085760832,1.910760832,8167.09177,715.376709,673.552979,0.004164,0.004395
590,4,0,0,310.0102,73.0,11.7,0.006251647,67.9941862879174,4.133605957,0.0,-0.004793549,-0.098073244,1.923073244,8180.260894,692.996704,670.492188,0.004311,0.004522
591,4,0,0,310.1545,74.0,12.0,0.006259175,67.912075089613,4.441223145,0.0,-0.000959,-0.125803709,1.950803709,8195.294461,698.56958,681.674194,0.004317,0.00454
592,4,0,0,310.1545,74.0,12.0,0.006255691,67.8453160936782,4.17755127,0.0,0.009203613,-0.151759386,1.976759386,8209.059743,701.313477,662.511108,0.003755,0.003934
593,4,0,0,310.4433,73.0,12.3,0.006248028,67.772020103504,4.17755127,0.0,0.009203613,-0.166125536,1.991125536,8224.059516,700.306519,664.821411,0.003834,0.003996
594,4,0,0,310.7327,71.0,12.3,0.006241612,67.701943968148,4.17755127,0.0,0.003834839,-0.159969568,1.984969568,8237.184554,0.0,0.0,0.0,0.0
595,4,0,0,311.0226,73.0,12.6,0.006235369,67.6275106734892,4.045715332,0.0,0.003067871,-0.1396873,1.9646873,8252.243508,693.424988,665.001282,0.003822,0.0039
596,4,0,0,310.4433,73.0,12.6,0.006231373,67.5605214292806,4.17755127,0.0,0.00690271,-0.114508867,1.939508867,8265.474368,688.169495,660.643799,0.003976,0.004148
597,4,0,0,310.2988,73.0,13.1,0.006227058,67.4879156045654,4.17755127,0.0,0.009203613,-0.073779821,1.898779821,8281.303669,735.269287,847.44281,0.003622,0.003777
598,4,0,0,309.4347,73.0,13.1,0.006220118,67.5029162948922,7.476196289,0.0,0.008436646,-0.017731428,1.842731428,8294.036529,724.611206,745.833313,0.003857,0.004014
599,4,0,0,309.4347,75.0,13.3,0.006211498,67.8018196246414,8.442993164,0.0,-0.020132904,0.06389451,1.76110549,8310.04516,650.898804,661.85022,0.004276,0.004468
600,4,0,0,305.7449,76.0,13.3,0.006211103,68.0397190226694,7.695922852,0.0,-0.02166684,0.113777399,1.711222601,8323.598686,691.630981,662.645996,0.004305,0.004457
601,4,0,0,283.6316,75.0,13.8,0.006224813,68.3513927067196,9.280700684,0.0,-0.000959,0.123736143,1.701263857,8339.202765,684.300171,664.911499,0.004212,0.004422
602,4,0,0,250.7711,72.0,13.8,0.006246952,68.6925379123218,8.885192871,0.0,-0.000959,0.122226477,1.702773523,8352.954891,743.356995,858.88739,0.003758,0.0039
603,4,0,0,228.901,72.0,13.9,0.006273875,69.0405680675648,10.46722412,0.0,-0.001725677,0.118131876,1.706868124,8368.786409,700.006592,651.790283,0.003986,0.004193
604,4,0,0,203.8902,71.0,13.9,0.006288309,69.5032858423262,11.21429443,0.0,-0.004793549,0.109855413,1.715144587,8383.404291,696.680481,644.106079,0.003949,0.004091
605,4,0,0,195.7024,69.0,14.0,0.00628599,70.0238766743992,10.90667725,0.0,-0.004793549,0.088791609,1.736208391,8398.791711,698.825317,648.764099,0.003988,0.004232
606,4,0,0,193.6558,69.0,14.0,0.006267969,70.4698941992334,10.99456787,0.0,-0.003259613,0.058303118,1.766696882,8413.604709,739.542725,861.564575,0.003783,0.003873
607,4,0,0,196.5332,70.0,14.4,0.006233476,71.0433766019556,11.21429443,0.0,0.003067871,0.006983995,1.818016005,8429.866587,699.133301,656.074524,0.003932,0.004143
608,4,0,0,200.7951,70.0,14.4,0.006202288,71.434555190367,11.12640381,0.0,0.003834839,-0.031137705,1.856137705,8442.12565,703.044617,654.843018,0.003731,0.003948
609,4,0,0,203.666,70.0,14.5,0.006164873,71.9455872509496,11.21429443,0.0,0.008436646,-0.071373224,1.896373224,8458.531277,747.790405,897.973328,0.003724,0.003725
610,4,0,0,205.0189,71.0,14.5,0.00614443,72.3789931667804,10.86273193,0.0,0.003834839,-0.087862253,1.912862253,8473.613097,691.551697,650.108887,0.003607,0.003848
611,4,0,0,207.7793,72.0,14.8,0.006135887,72.8428533315408,10.86273193,0.0,0.005368774,-0.092632532,1.917632532,8490.070875,701.879517,666.386108,0.003646,0.003765
612,4,0,0,210.137,72.0,14.8,0.006135676,73.2421628367144,10.90667725,0.0,0.003834839,-0.086565256,1.911565256,8504.472618,694.537292,653.655212,0.003504,0.00355
613,4,0,0,211.8195,72.0,14.8,0.006133844,73.6251420309466,9.060974121,0.0,-0.010162323,-0.072121382,1.897121382,8520.926613,693.164124,652.527893,0.003487,0.003549
614,4,0,0,212.5489,72.0,14.8,0.006126555,73.8771458134818,9.104919434,0.0,-0.000959,-0.073316813,1.898316813,8535.319261,732.205627,830.910583,0.003451,0.003567
615,4,0,0,214.2704,73.0,15.1,0.006116876,74.0565153503574,6.201782227,0.0,-0.000959,-0.079460382,1.904460382,8552.447857,693.140076,656.758301,0.003633,0.003826
616,4,0,0,214.5186,73.0,15.1,0.00611239,74.0548340406726,6.289672852,0.0,-0.000959,-0.086977243,1.911977243,8566.14659,738.99292,860.484497,0.004047,0.004194
617,4,0,0,217.0327,72.0,15.1,0.006112929,74.0684106582202,5.58380127,0.0,-0.004793549,-0.098521471,1.923521471,8583.264844,747.185486,846.092896,0.003817,0.00394
618,4,0,0,218.828,73.0,15.1,0.00611724,74.0467224681772,5.58380127,0.0,-0.004793549,-0.116192579,1.941192579,8597.639665,738.947327,873.799988,0.003949,0.004074
619,4,0,0,220.3905,74.0,15.4,0.006117919,74.0221203105698,5.627746582,0.0,-0.004793549,-0.156217337,1.981217337,8614.062995,692.226501,651.157104,0.003705,0.003933
620,4,0,0,235.1171,73.0,15.4,0.006105034,74.0007718361074,5.627746582,0.0,0.009203613,-0.204277277,2.029277277,8628.429226,711.281677,657.30188,0.003891,0.004026
621,4,0,0,236.4513,73.0,15.4,0.006079568,73.9769589632096,5.58380127,0.0,0.010737549,-0.251734018,2.076734018,8642.791619,677.136475,669.603394,0.003938,0.00415
622,4,0,0,237.5466,76.0,15.4,0.00604829,73.957077836679,5.58380127,0.0,0.010737549,-0.266912699,2.091912699,8657.150191,684.349304,659.548523,0.003773,0.003941
623,4,0,0,237.716,76.0,15.6,0.00601178,73.9343551146038,5.58380127,0.0,0.012271484,-0.252554178,2.077554178,8673.55532,747.124695,845.172119,0.003577,0.003682
624,4,0,0,236.2,75.0,15.6,0.00598313,73.9141734599216,5.58380127,0.0,-0.001725677,-0.212067842,2.037067842,8688.589053,701.8479,650.214478,0.003569,0.003729
625,4,0,0,235.283,76.0,15.6,0.005958907,73.89212833436,5.58380127,0.0,-0.004793549,-0.158433676,1.983433676,8704.984935,704.393188,642.019226,0.003543,0.003725
626,4,0,0,235.5324,77.0,15.6,0.005941872,73.8728482158524,5.58380127,0.0,-0.004793549,-0.119084597,1.944084597,8719.327433,733.725525,830.612671,0.003624,0.003607
627,4,0,0,237.293,75.0,15.5,0.005913931,73.8515051970526,5.58380127,0.0,-0.008628387,-0.08955884,1.91455884,8735.714419,0.0,0.0,0.0,0.0
628,4,0,0,238.8231,75.0,15.5,0.005876038,73.8320197911346,5.58380127,0.0,-0.004793549,-0.083945513,1.908945513,8750.731717,712.967712,644.085815,0.003593,0.003757
629,4,0,0,240.4598,75.0,15.5,0.005824839,73.8109172077308,5.58380127,0.0,-0.000959,-0.094306231,1.919306231,8767.109796,701.706726,649.098328,0.00355,0.003612
630,4,0,0,241.9433,74.0,15.5,0.005781955,73.7921792919626,5.627746582,0.0,0.0,-0.107781172,1.932781172,8781.436835,689.860901,640.64917,0.003164,0.003231
631,4,0,0,242.913,73.0,15.4,0.005740881,73.772052097346,5.58380127,0.0,0.0,-0.122928858,1.947928858,8797.806318,694.906128,643.612976,0.00315,0.003224
632,4,0,0,243.8905,74.0,15.4,0.005714762,73.7541995760722,5.58380127,0.0,0.001533936,-0.136046171,1.961046171,8812.126,749.081726,824.120117,0.00336,0.003417
633,4,0,0,244.6962,75.0,15.4,0.00569337,73.7340488046246,5.58380127,0.0,0.001533936,-0.148934603,1.973934603,8828.487248,750.002502,651.666687,0.00378,0.003914
634,4,0,0,245.8694,75.0,15.4,0.005675246,73.716646866364,5.58380127,0.0,0.003834839,-0.156428576,1.981428576,8842.799808,749.183472,636.449097,0.003807,0.003954
635,4,0,0,246.6882,74.0,15.4,0.005654041,73.6980779473892,5.58380127,0.0,0.013038452,-0.155436754,1.980436754,8857.790499,692.78418,640.590698,0.003848,0.004083
636,4,0,0,247.6044,74.0,15.4,0.005632056,73.682368165765,5.58380127,0.0,0.012271484,-0.129693747,1.954693747,8871.415411,702.215698,650.95343,0.00346,0.003638
637,4,0,0,248.3423,75.0,15.3,0.005609301,73.663025669239,5.58380127,0.0,-0.010162323,-0.073144197,1.898144197,8888.445119,690.701599,646.18103,0.003507,0.003717
638,4,0,0,249.2709,74.0,15.3,0.005590364,73.6466846079064,5.58380127,0.0,-0.007094452,-0.042456388,1.867456388,8902.750753,725.93689,791.708313,0.003499,0.003659
639,4,0,0,249.925,72.0,15.3,0.005571992,73.6302833089776,5.58380127,0.0,0.008436646,-0.028165579,1.853165579,8917.057003,706.822815,644.18219,0.003165,0.003313
640,4,0,0,250.5826,72.0,15.3,0.005553414,73.6118284439286,5.58380127,0.0,-0.003259613,-0.003980398,1.828980398,8933.407422,695.582886,636.740601,0.003232,0.003294
641,4,0,0,251.149,74.0,15.3,0.005540708,73.5961783688184,5.58380127,0.0,-0.005560516,0.024077654,1.800922346,8948.395004,703.661926,639.923706,0.003797,0.003825
642,4,0,0,251.3384,74.0,15.3,0.005534708,73.578537733249,5.58380127,0.0,-0.010162323,0.042215586,1.782784414,8964.744692,742.504517,845.640991,0.003698,0.00379
643,4,0,0,252.0034,73.0,15.3,0.005538899,73.5705397479708,5.850219727,0.0,-0.008628387,0.036812544,1.788187456,8979.050355,732.647278,636.313477,0.003528,0.003523
644,4,0,0,252.9596,74.0,15.3,0.005549906,73.5741872366138,5.850219727,0.0,0.0,0.008753061,1.816246939,8995.399253,743.121704,636.335205,0.003646,0.003709
645,4,0,0,253.6333,76.0,15.2,0.005561576,73.577257825147,5.806274414,0.0,0.00690271,-0.020202398,1.845202398,9009.704229,0.0,0.0,0.0,0.0
646,4,0,0,254.4076,75.0,15.2,0.005579703,73.5798389168258,5.806274414,0.0,0.010737549,-0.0387218,1.8637218,9026.733592,721.975525,658.030884,0.003426,0.003463
647,4,0,0,255.089,72.0,15.2,0.005604248,73.5792069129144,5.75958252,0.0,0.008436646,-0.032304525,1.857304525,9040.356407,772.760803,633.989807,0.003112,0.003187
648,4,0,0,255.676,70.0,15.2,0.005646908,73.5773586342046,5.75958252,0.0,-0.003259613,-0.002459764,1.827459764,9057.382142,719.409912,656.41449,0.003547,0.003708
649,4,0,0,256.5616,72.0,15.2,0.005701998,73.5761327838332,5.75958252,0.0,-0.012463226,0.027775049,1.797224951,9071.680578,696.781128,665.431702,0.003427,0.0036
650,4,0,0,257.2546,71.0,15.2,0.00578791,73.5740764174614,5.75958252,0.0,-0.008628387,0.033620119,1.791379881,9088.018581,698.113403,643.152405,0.003196,0.003345
651,4,0,0,257.9514,71.0,15.2,0.005873659,73.5724068881454,5.75958252,0.0,-0.001725677,0.016990423,1.808009577,9102.312447,687.623474,636.804504,0.003186,0.003308
652,4,0,0,258.4514,71.0,15.2,0.005958837,73.5710336705102,5.75958252,0.0,-0.005560516,-0.012295485,1.837295485,9118.646612,695.671021,647.456909,0.003657,0.003739
653,4,0,0,258.7523,74.0,15.5,0.006006144,73.5698146759272,5.806274414,0.0,-0.000959,-0.051344156,1.876344156,9133.61851,692.557373,658.492004,0.003384,0.003535
654,4,0,0,259.1546,75.0,15.5,0.006028357,73.5637220848354,5.627746582,0.0,0.010737549,-0.101257563,1.926257563,9149.270068,667.683228,663.142883,0.003852,0.004089
655,4,0,0,259.1546,74.0,15.4,0.006025866,73.552701388889,5.58380127,0.0,0.014572388,-0.122805834,1.947805834,9164.240297,683.807312,665.759216,0.004009,0.004354
656,4,0,0,256.6603,75.0,15.4,0.006006049,73.5353073363944,5.627746582,0.0,0.003067871,-0.09961009,1.92461009,9180.570666,650.928101,683.875305,0.004411,0.004707
657,4,0,0,255.9705,77.0,15.7,0.005978132,73.523781307688,5.627746582,0.0,-0.010929291,-0.04044652,1.86544652,9194.858741,711.864929,683.750488,0.004328,0.004595
658,4,0,0,258.5516,76.0,15.7,0.005935516,73.5132113878756,5.715637207,0.0,-0.010929291,0.007193327,1.817806673,9211.186612,701.40332,665.839905,0.004241,0.00447
659,4,0,0,259.0539,76.0,15.6,0.00589443,73.5064784243044,5.671691895,0.0,0.010737549,0.001443148,1.823556852,9225.472667,694.838074,665.956726,0.00414,0.004376
660,4,0,0,259.7605,78.0,15.6,0.005855774,73.5013362772298,5.715637207,0.0,0.009203613,0.003291845,1.821708155,9242.479231,729.063477,846.921387,0.004263,0.004587
661,4,0,0,260.9808,77.0,15.8,0.005837322,73.4979089462988,5.715637207,0.0,0.009203613,0.028845072,1.796154928,9256.083495,692.703918,655.574524,0.003937,0.004131
662,4,0,0,260.8786,75.0,15.8,0.005838223,73.493796165275,5.715637207,0.0,-0.016298065,0.086200953,1.738799047,9273.086832,697.703308,662.186401,0.003847,0.004022
663,4,0,0,261.2876,75.0,15.8,0.00585795,73.4902606384158,5.715637207,0.0,-0.023200775,0.125318289,1.699681711,9287.367548,711.532898,673.423706,0.004027,0.004219
664,4,0,0,261.4926,76.0,15.8,0.005891347,73.4857037761124,5.715637207,0.0,-0.023200775,0.102022409,1.722977591,9303.686404,700.479492,673.783875,0.003963,0.004163
665,4,0,0,261.1853,76.0,16.0,0.005915975,73.4814009642214,5.715637207,0.0,-0.005560516,0.018561602,1.806438398,9317.963959,0.0,0.0,0.0,0.0
666,4,0,0,261.8007,74.0,16.0,0.005928724,73.4767908005772,5.75958252,0.0,0.018407227,-0.109706163,1.934706163,9334.279042,698.976013,656.584473,0.003634,0.003833
667,4,0,0,262.6257,75.0,15.9,0.005926572,73.4730613965282,5.715637207,0.0,0.04141626,-0.209877253,2.034877253,9349.232561,703.670898,658.717896,0.003709,0.00392
668,4,0,0,263.144,75.0,15.9,0.00591641,73.4674499176294,5.715637207,0.0,0.017640259,-0.235840559,2.060840559,9365.54311,852.485291,661.313171,0.003795,0.003758
669,4,0,0,263.9776,74.0,16.1,0.005905103,73.4609790350772,5.671691895,0.0,0.017640259,-0.200479746,2.025479746,9379.812641,657.242676,662.646301,0.003918,0.004082
670,4,0,0,264.3964,74.0,16.1,0.005885165,73.451524114297,5.715637207,0.0,0.012271484,-0.112777948,1.937777948,9396.118356,669.47467,669.206177,0.003974,0.004142
671,4,0,0,264.8165,75.0,16.0,0.005856869,73.4433463174606,5.627746582,0.0,-0.005560516,-0.006677866,1.831677866,9411.063127,686.09491,660.533813,0.003634,0.003679
672,4,0,0,265.2379,75.0,16.0,0.005815244,73.434560302758,5.671691895,0.0,-0.025501678,0.1030972,1.7219028,9427.363589,695.267883,671.139282,0.003528,0.00361
673,4,0,0,265.5549,73.0,15.9,0.005779316,73.4260041500876,5.671691895,0.0,-0.025501678,0.151492834,1.673507166,9441.62379,697.93689,667.719421,0.003755,0.003835
674,4,0,0,265.8726,73.0,15.9,0.00575067,73.4156550317232,5.627746582,0.0,-0.010162323,0.13744235,1.68755765,9457.918125,685.478577,672.968018,0.003601,0.003746
675,4,0,0,266.0848,74.0,16.1,0.005741748,73.4073781800098,5.627746582,0.0,-0.012463226,0.093134642,1.731865358,9472.173063,729.623291,656.877991,0.003328,0.003446
676,4,0,0,266.5103,74.0,16.1,0.005744595,73.3970372853728,5.627746582,0.0,-0.005560516,0.010131598,1.814868402,9488.461548,703.165283,660.133728,0.003486,0.003669
677,4,0,0,266.9372,72.0,16.0,0.005746161,73.3872056502854,5.627746582,0.0,0.003834839,-0.084844828,1.909844828,9502.711515,712.926086,660.190125,0.003816,0.004131
678,4,0,0,267.4727,73.0,16.0,0.005736815,73.3745661353264,5.58380127,0.0,0.005368774,-0.211010695,2.036010695,9519.672914,706.042908,661.755493,0.003727,0.003925
679,4,0,0,268.442,73.0,16.2,0.005724005,73.3662552943522,5.58380127,0.0,0.036047485,-0.276988745,2.101988745,9531.204908,703.801819,657.691406,0.003721,0.003805
680,4,0,0,269.0921,71.0,16.2,0.005708655,73.3513178189006,5.627746582,0.0,0.003067871,-0.303869486,2.128869486,9548.161263,691.296814,664.533813,0.003285,0.003456
681,4,0,0,269.5272,69.0,16.1,0.0057029,73.3390532479748,5.627746582,0.0,0.016106323,-0.296955824,2.121955824,9562.402303,685.956177,657.852173,0.003396,0.00354
682,4,0,0,270.5115,69.0,16.1,0.005705168,73.3257650241552,5.58380127,0.0,0.001533936,-0.257260561,2.082260561,9578.675064,700.917603,661.213318,0.003711,0.003823
683,4,0,0,270.8412,70.0,16.3,0.005713945,73.313695891479,5.627746582,0.0,0.0,-0.195604086,2.020604086,9592.911275,695.1474,667.342712,0.003325,0.003498
684,4,0,0,271.1717,69.0,16.3,0.005733211,73.300254683799,5.58380127,0.0,0.001533936,-0.119036436,1.944036436,9609.178728,697.025696,656.531006,0.0033,0.003379
685,4,0,0,270.8412,68.0,16.2,0.00575752,73.2883605185676,5.58380127,0.0,-0.010162323,-0.053034544,1.878034544,9624.088357,687.206909,668.578491,0.003616,0.003595
686,4,0,0,272.1681,69.0,16.2,0.005786337,73.2753993609162,5.58380127,0.0,-0.008628387,-0.004825354,1.829825354,9640.350895,702.65448,660.851807,0.003878,0.004094
687,4,0,0,272.8364,70.0,16.3,0.005806486,73.264487021832,5.58380127,0.0,-0.005560516,0.016205072,1.808794928,9654.578416,777.988403,659.879883,0.004132,0.004419
688,4,0,0,273.508,70.0,16.3,0.005828384,73.2526338143036,5.627746582,0.0,-0.005560516,0.023400068,1.801599932,9670.835768,725.141602,681.008118,0.004223,0.00446
689,4,0,0,273.9576,69.0,16.2,0.005854202,73.2422198073504,5.58380127,0.0,-0.013997162,0.01265502,1.81234498,9685.735894,695.737183,675.802185,0.004407,0.004571
690,4,0,0,274.7479,71.0,16.2,0.005887374,73.2300046270692,5.58380127,0.0,-0.013997162,-0.03854394,1.86354394,9701.311057,695.952026,679.319397,0.004096,0.004258
691,4,0,0,274.2957,71.0,16.4,0.005905502,73.2191822018108,5.58380127,0.0,-0.008628387,-0.121010542,1.946010542,9716.207065,697.358276,670.041687,0.00394,0.004065
692,4,0,0,275.429,70.0,16.4,0.005905396,73.207298239795,5.627746582,0.0,0.030678711,-0.235076666,2.060076666,9732.454923,708.280396,660.303406,0.003844,0.003951
693,4,0,0,275.6568,71.0,16.3,0.005897162,73.1962191569934,5.58380127,0.0,0.003067871,-0.294330359,2.119330359,9746.669708,660.533508,699.32489,0.003816,0.004009
694,4,0,0,275.9991,72.0,16.3,0.005901372,73.1845225865272,5.58380127,0.0,0.017640259,-0.327655554,2.152655554,9762.912778,694.169128,670.718811,0.004066,0.004172
695,4,0,0,276.4569,71.0,16.1,0.005933851,73.1739257263632,5.627746582,0.0,0.013038452,-0.329910517,2.154910517,9777.123314,684.489014,676.614929,0.004216,0.004369
696,4,0,0,276.9163,70.0,16.1,0.006016726,73.1619420335476,5.627746582,0.0,0.012271484,-0.272549868,2.097549868,9794.037538,0.0,0.0,0.0,0.0
697,4,0,0,277.3771,71.0,16.0,0.006130314,73.1517472187024,5.627746582,0.0,0.009203613,-0.188079596,2.013079596,9807.567043,688.448975,663.852905,0.003548,0.003774
698,4,0,0,277.7238,71.0,16.0,0.006286028,73.140538149509,5.58380127,0.0,-0.012463226,-0.068531275,1.893531275,9824.47635,701.862915,665.683105,0.003173,0.003268
699,4,0,0,277.8395,70.0,15.9,0.006408855,73.1311703101162,5.627746582,0.0,-0.013997162,0.012195826,1.812804174,9838.677928,725.533691,651.851624,0.003221,0.00328
700,4,0,0,278.1873,71.0,15.9,0.006482509,73.11984710653,5.58380127,0.0,-0.013997162,0.066354036,1.758645964,9854.905665,685.855286,655.893494,0.00319,0.003362
701,4,0,0,278.4197,72.0,16.1,0.006458328,73.1092569412204,5.627746582,0.0,-0.012463226,0.07849431,1.74650569,9869.103057,688.672119,665.097595,0.003042,0.003146
702,4,0,0,278.536,71.0,16.1,0.006342809,73.0983176295978,5.58380127,0.0,-0.010929291,0.051769018,1.773230982,9885.326468,683.808594,664.703613,0.002975,0.003139
703,4,0,0,278.8856,70.0,16.0,0.0062178,73.0892788680482,5.58380127,0.0,-0.010929291,0.000392,1.824608278,9900.195798,698.211792,679.299377,0.003797,0.003964
704,4,0,0,279.353,72.0,16.0,0.006106225,73.0761382850802,5.58380127,0.0,-0.005560516,-0.092680693,1.917680693,9916.414498,696.911194,655.616821,0.003499,0.003672
705,4,0,0,279.822,72.0,16.2,0.006051109,73.0659923780776,5.58380127,0.0,0.039882324,-0.190601587,2.015601587,9930.603879,718.550171,671.548828,0.004162,0.004383
706,4,0,0,279.9395,71.0,16.2,0.006026251,73.053469556362,5.58380127,0.0,0.00690271,-0.240662813,2.065662813,9946.818087,691.116089,665.630127,0.004099,0.004236
707,4,0,0,279.9395,71.0,16.1,0.006023325,73.0436653122414,5.58380127,0.0,0.032212646,-0.218743563,2.043743563,9961.003688,691.892883,669.380676,0.003764,0.003923
708,4,0,0,281.3573,73.0,16.1,0.006025168,73.0319095824368,5.58380127,0.0,-0.004793549,-0.141979933,1.966979933,9977.889208,704.818481,663.802307,0.003565,0.0038
709,4,0,0,281.3573,72.0,16.3,0.006020566,73.022336069392,5.58380127,0.0,-0.013997162,-0.053875685,1.878875685,9991.395805,746.439392,861.00592,0.003864,0.003845
710,4,0,0,281.7139,71.0,16.3,0.005999188,73.0116927314888,5.58380127,0.0,-0.010929291,0.006427526,1.818572474,10008.27647,823.216125,665.884277,0.003812,0.003802
711,4,0,0,281.9522,71.0,16.2,0.00596439,73.002306143285,5.58380127,0.0,-0.019365936,0.028060675,1.796939325,10022.4545,674.004089,660.161926,0.003969,0.004117
712,4,0,0,281.9522,73.0,16.2,0.00592088,72.9917625039948,5.58380127,0.0,-0.004793549,0.00786376,1.81713624,10038.65619,699.675415,655.562805,0.003851,0.003954
713,4,0,0,282.7894,72.0,16.3,0.005898793,72.9824813114676,5.58380127,0.0,-0.004793549,-0.036784887,1.861784887,10052.83092,698.187317,656.361328,0.003855,0.003955
714,4,0,0,282.7894,71.0,16.3,0.005898396,72.9721961804616,5.58380127,0.0,-0.004793549,-0.099369287,1.924369287,10069.02856,665.371582,651.246094,0.003492,0.003558
715,4,0,0,283.3905,72.0,16.2,0.005909196,72.9629598885204,5.58380127,0.0,0.0,-0.171959639,1.996959639,10083.87451,683.029297,657.696716,0.00376,0.003872
716,4,0,0,283.8732,74.0,16.2,0.005917432,72.953115056845,5.58380127,0.0,0.019941162,-0.24324584,2.06824584,10099.39339,694.590881,665.39093,0.003901,0.004034
717,4,0,0,283.7523,73.0,16.4,0.00591285,72.9439509438028,5.58380127,0.0,0.021475098,-0.262541056,2.087541056,10114.23595,714.57373,670.7146,0.003868,0.003949
718,4,0,0,284.6003,72.0,16.4,0.005892708,72.9335098516574,5.58380127,0.0,0.009203613,-0.213383436,2.038383436,10130.42604,682.826721,646.875,0.003475,0.003528
719,4,0,0,284.2363,73.0,16.3,0.005864812,72.9248301660486,5.58380127,0.0,-0.010929291,-0.113962889,1.938962889,10144.59082,682.008911,670.0849,0.003658,0.003736
720,4,0,0,284.2363,74.0,16.3,0.005826733,72.91507146625,5.58380127,0.0,-0.020132904,-0.015762568,1.840762568,10160.77723,701.901917,674.99762,0.003509,0.00364
721,4,0,0,285.0871,73.0,16.1,0.005789181,72.9063610422472,5.58380127,0.0,-0.017832001,0.018676996,1.806323004,10175.61293,694.350708,663.851379,0.003459,0.003623
722,4,0,0,285.3311,72.0,16.1,0.005742847,72.8966519423074,5.58380127,0.0,-0.012463226,-0.00101018,1.82601018,10191.79554,693.38562,663.134888,0.00347,0.00362
723,4,0,0,286.1885,72.0,16.0,0.005708541,72.888558957689,5.58380127,0.0,-0.005560516,-0.05228591,1.87728591,10205.95386,695.467102,647.091614,0.003447,0.003512
724,4,0,0,285.8204,73.0,16.0,0.005685367,72.8790717535484,5.58380127,0.0,-0.005560516,-0.134484053,1.959484053,10222.1332,705.059692,672.583313,0.003876,0.004055
725,4,0,0,286.1885,72.0,15.9,0.005674785,72.8711393649686,5.58380127,0.0,0.021475098,-0.218341589,2.043341589,10236.28878,706.07489,668.226624,0.003927,0.004142
726,4,0,0,286.6808,72.0,15.9,0.005668225,72.862334118653,5.58380127,0.0,0.012271484,-0.294864416,2.119864416,10253.13888,689.605286,669.381714,0.003787,0.003905
727,4,0,0,286.8041,72.0,15.8,0.005671037,72.8541303953492,5.58380127,0.0,0.018407227,-0.320402384,2.145402384,10266.61749,678.122498,683.9422,0.003824,0.004134
728,4,0,0,286.8041,73.0,15.8,0.005685186,72.8454521581464,5.58380127,0.0,0.019941162,-0.322324514,2.147324514,10283.46402,674.690491,682.132324,0.003868,0.004081
729,4,0,0,286.9276,73.0,15.8,0.005700862,72.8375382769766,5.58380127,0.0,0.00690271,-0.273757696,2.098757696,10297.61363,696.866211,661.669617,0.00379,0.003982
730,4,0,0,286.4345,71.0,15.8,0.005717779,72.8289276642406,5.58380127,0.0,-0.000959,-0.183133841,2.008133841,10313.78305,707.013794,665.161316,0.003471,0.00354
731,4,0,0,286.3114,71.0,15.7,0.005729148,72.8215817513436,5.58380127,0.0,-0.001725677,-0.104696989,1.929696989,10327.93,0.0,0.0,0.0,0.0
732,4,0,0,286.9276,73.0,15.7,0.005732975,72.8143272489586,5.58380127,0.0,-0.000959,-0.026139498,1.851139498,10342.07582,731.265381,668.93811,0.003773,0.003916
733,4,0,0,287.1748,73.0,15.6,0.005729775,72.8060755673228,5.58380127,0.0,-0.016298065,0.045033693,1.779966307,10358.91461,692.37207,670.35022,0.003991,0.004168
734,4,0,0,287.1748,72.0,15.6,0.00572713,72.7988802725564,5.58380127,0.0,-0.016298065,0.062811136,1.762188864,10372.38385,698.769287,685.88092,0.003893,0.004053
735,4,0,0,287.6704,74.0,15.6,0.005727092,72.7910169246626,5.58380127,0.0,-0.010162323,0.033283949,1.791716051,10389.21841,697.871887,702.785706,0.003497,0.003579
736,4,0,0,288.0433,76.0,15.6,0.005726209,72.7838248163894,5.58380127,0.0,-0.005560516,-0.027055979,1.852055979,10403.35821,697.231384,659.411499,0.003139,0.003215
737,4,0,0,288.0433,75.0,15.5,0.005717453,72.7761469932108,5.58380127,0.0,-0.003259613,-0.108361959,1.933361959,10419.51654,690.58313,649.175598,0.002939,0.002968
738,4,0,0,288.542,74.0,15.5,0.005696403,72.7692543509248,5.58380127,0.0,-0.001725677,-0.195245028,2.020245028,10433.65413,676.13147,655.127991,0.002968,0.002967
739,4,0,0,288.542,75.0,15.5,0.005657312,72.761800901929,5.58380127,0.0,0.001533936,-0.293565989,2.118565989,10449.81034,692.737,649.912781,0.003162,0.003248
740,4,0,0,288.792,76.0,15.5,0.005623055,72.7552984602194,5.58380127,0.0,0.013038452,-0.372620344,2.197620344,10464.61904,697.148499,661.170227,0.003475,0.003641
741,4,0,0,289.2933,75.0,15.4,0.005600317,72.748070737252,5.58380127,0.0,0.036047485,-0.4282372,2.2532372,10480.77234,679.738892,675.098511,0.003927,0.003997
742,4,0,0,289.6704,74.0,15.4,0.005597011,72.741125550015,5.58380127,0.0,0.04141626,-0.401746511,2.226746511,10494.90521,691.213379,670.786682,0.004225,0.004405
743,4,0,0,290.0484,76.0,15.4,0.005607316,72.7327837292458,5.58380127,0.0,-0.004793549,-0.251137972,2.076137972,10511.0559,736.344177,853.645874,0.003933,0.004044
744,4,0,0,290.5541,78.0,15.4,0.005627024,72.726475567061,5.58380127,0.0,0.003834839,-0.104895353,1.929895353,10525.85954,684.309875,661.51593,0.003876,0.004046
745,4,0,0,289.5445,78.0,15.4,0.005660765,72.7194582652986,5.58380127,0.0,-0.000959,0.062014818,1.762985182,10541.33492,687.294495,655.020203,0.003587,0.003644
746,4,0,0,290.0484,75.0,15.4,0.005693535,72.7135582156444,5.58380127,0.0,-0.024734711,0.214000463,1.610999537,10556.13633,706.833679,667.043884,0.003875,0.003941
747,4,0,0,290.4275,73.0,15.3,0.005721634,72.7061994441208,5.58380127,0.0,-0.010929291,0.320044279,1.504955721,10572.28208,701.350891,667.411682,0.004139,0.004217
748,4,0,0,290.6808,73.0,15.3,0.005732315,72.700305445585,5.58380127,0.0,-0.027035614,0.357631445,1.467368555,10586.40857,709.32782,679.810913,0.003851,0.003985
749,4,0,0,290.8076,73.0,15.3,0.005732418,72.6930967932966,5.58380127,0.0,-0.016298065,0.314954042,1.510045958,10602.55194,704.837708,662.163818,0.003846,0.004007
750,4,0,0,291.5707,72.0,15.3,0.005729571,72.6872670074268,5.58380127,0.0,0.012271484,0.22709775,1.59790225,10616.67636,697.821594,664.82428,0.003512,0.003567
751,4,0,0,291.826,72.0,15.3,0.005734597,72.6805131546224,5.58380127,0.0,0.0,0.145470381,1.679529619,10633.48992,701.496399,660.387878,0.00358,0.003699
752,4,0,0,292.0817,74.0,15.3,0.005756113,72.6750037400664,5.58380127,0.0,0.016106323,0.089603186,1.735396814,10646.93982,703.325317,667.70929,0.0035,0.003611
753,4,0,0,292.3378,73.0,15.3,0.005802769,72.6683743214308,5.58380127,0.0,-0.003259613,0.045538664,1.779461336,10663.75103,695.839478,663.405396,0.003337,0.003314
754,4,0,0,292.5944,72.0,15.3,0.005852355,72.6630219301786,5.58380127,0.0,0.003067871,0.015520811,1.809479189,10677.87146,702.263672,654.357788,0.003411,0.003493
755,4,0,0,292.5944,73.0,15.2,0.005899388,72.6567032268168,5.58380127,0.0,0.003834839,-0.013278723,1.838278723,10694.008,709.466187,668.383911,0.003455,0.003517
756,4,0,0,293.109,74.0,15.2,0.005919258,72.6510736589364,5.58380127,0.0,0.0,-0.030326605,1.855326605,10708.12641,695.690002,663.382019,0.003362,0.003437
757,4,0,0,293.4961,73.0,15.2,0.005912446,72.644870280879,5.58380127,0.0,0.0,-0.049609423,1.874609423,10724.26049,685.751709,648.563721,0.003429,0.003449
758,4,0,0,293.7548,73.0,15.2,0.005885923,72.6395043550774,5.58380127,0.0,0.003834839,-0.064277411,1.889277411,10739.04924,706.75177,664.042297,0.003713,0.003733
759,4,0,0,294.0139,73.0,15.2,0.005844115,72.6333187280402,5.58380127,0.0,0.003834839,-0.070874453,1.895874453,10755.18132,0.0,0.0,0.0,0.0
760,4,0,0,293.7548,74.0,15.2,0.00580516,72.6280254317528,5.58380127,0.0,0.003067871,-0.063729048,1.888729048,10769.29557,710.589417,669.875305,0.003802,0.003969
761,4,0,0,294.6636,72.0,15.2,0.005761127,72.6222330469446,5.58380127,0.0,-0.010929291,-0.04605937,1.87105937,10785.42535,611.023682,640.293701,0.0,0.003908
762,4,0,0,294.6636,72.0,15.2,0.005722831,72.6170870052672,5.58380127,0.0,-0.012463226,-0.052619219,1.877619219,10799.5381,715.800476,658.748413,0.003128,0.003172
763,4,0,0,294.7939,72.0,15.2,0.00568393,72.6110484558126,5.58380127,0.0,-0.015531097,-0.113351583,1.938351583,10816.33793,692.45929,653.285828,0.003422,0.003588
764,4,0,0,294.7939,71.0,15.2,0.005659444,72.6058384267768,5.58380127,0.0,0.010737549,-0.207149267,2.032149267,10829.77699,0.0,0.0,0.0,0.0
765,4,0,0,295.0549,71.0,15.2,0.005641848,72.5999513966832,5.58380127,0.0,0.039882324,-0.278151274,2.103151274,10846.57477,696.169189,642.610718,0.003534,0.003584
766,4,0,0,295.0549,70.0,15.2,0.005630993,72.5936498649792,5.58380127,0.0,-0.004793549,-0.2337358,2.0587358,10860.684,693.214417,650.609619,0.003571,0.003681
767,4,0,0,295.4472,72.0,15.2,0.005618418,72.5880502469162,5.58380127,0.0,-0.015531097,-0.117011786,1.942011786,10876.80798,729.308716,849.390625,0.004049,0.004218
768,4,0,0,295.8405,74.0,15.2,0.005604825,72.5829157442066,5.58380127,0.0,-0.010162323,-0.068245173,1.893245173,10890.91563,695.994507,663.624512,0.004032,0.004205
769,4,0,0,296.1033,74.0,15.1,0.005587063,72.5771183382576,5.58380127,0.0,0.0,-0.047422647,1.872422647,10907.03776,690.702087,663.608826,0.004189,0.004299
770,4,0,0,296.4984,74.0,15.1,0.005569585,72.5721600260912,5.58380127,0.0,-0.016298065,-0.035294294,1.860294294,10921.81558,690.069275,664.331482,0.003629,0.003714
771,4,0,0,297.0268,75.0,15.4,0.005539338,72.5662895239194,5.58380127,0.0,0.003834839,-0.080680609,1.905680609,10937.26426,714.049011,661.410583,0.003573,0.003678
772,4,0,0,297.4243,73.0,15.4,0.005495214,72.5616700904768,5.58380127,0.0,0.016106323,-0.129935026,1.954935026,10952.04047,689.226501,651.894897,0.003306,0.003406
773,4,0,0,297.4243,70.0,15.4,0.005424635,72.5559694219552,5.58380127,0.0,-0.000959,-0.11857295,1.94357295,10968.15909,701.226074,657.1745,0.003369,0.003431
774,4,0,0,297.6899,71.0,15.4,0.0053524,72.5511627418036,5.58380127,0.0,-0.000959,-0.089147329,1.914147329,10982.26213,726.733704,667.47998,0.003661,0.003751
775,4,0,0,297.956,71.0,15.6,0.005267835,72.5458481700414,5.58380127,0.0,-0.004793549,-0.071771383,1.896771383,10998.37904,698.952515,657.803406,0.003394,0.003539
776,4,0,0,297.956,70.0,15.6,0.005201693,72.5410410392746,5.58380127,0.0,0.0,-0.083866358,1.908866358,11013.15207,705.524902,655.705383,0.003581,0.003736
777,4,0,0,298.4896,70.0,15.6,0.005138778,72.5356898228406,5.58380127,0.0,-0.004793549,-0.105815172,1.930815172,11029.26734,689.091797,663.66571,0.003293,0.003447
778,4,0,0,298.7572,72.0,15.6,0.005086967,72.5310859517158,5.58380127,0.0,-0.004793549,-0.145957708,1.970957708,11043.36739,694.594116,661.789917,0.003263,0.003415
779,4,0,0,299.4281,73.0,15.8,0.005017996,72.5258546311118,5.58380127,0.0,0.003834839,-0.217396975,2.042396975,11059.48092,677.351929,663.427979,0.00345,0.003555
780,4,0,0,299.6973,73.0,15.8,0.004939049,72.5211181825578,5.58380127,0.0,0.021475098,-0.274320841,2.099320841,11073.57958,701.644592,653.35553,0.003324,0.003425
781,4,0,0,299.5626,73.0,15.7,0.004836326,72.5154230823526,5.58380127,0.0,-0.001725677,-0.240607977,2.065607977,11087.67761,671.717529,649.127686,0.003153,0.0033
782,4,0,0,300.102,75.0,15.7,0.004706448,72.511174521313,5.58380127,0.0,0.001533936,-0.189066648,2.014066648,11101.72761,722.00647,665.80542,0.003403,0.003494
783,4,0,0,300.5079,74.0,16.0,0.004518452,72.5062692690864,5.58380127,0.0,0.0,-0.120253325,1.945253325,11118.32206,684.640808,644.761902,0.003267,0.003369
784,4,0,0,301.0507,73.0,16.0,0.004343125,71.90991713108,0.0,261.0443115,-0.010929291,-0.068477392,1.893477392,11130.18221,696.978088,652.229126,0.00383,0.004095
785,4,0,0,300.3725,74.0,15.9,0.00405737,71.1212041717018,0.0,260.8978271,-0.007094452,-0.060949087,1.885949087,11145.87901,673.482422,665.839294,0.004526,0.004837
786,4,0,0,301.7319,76.0,15.9,0.003769679,70.4384958470862,0.0,260.6048584,0.003834839,-0.079356909,1.904356909,11158.69384,,,,
787,4,0,0,302.1422,76.0,16.1,0.003769679,70.4384958470862,0.0,260.6048584,0.003834839,-0.079356909,1.904356909,11158.69384,,,,
788,4,0,0,302.1422,77.0,16.1,0.003769679,70.4384958470862,0.0,260.6048584,0.003834839,-0.079356909,1.904356909,11158.69384,,,,
