Time,Drive,Stimulus,Failure,Palm.EDA,Heart.Rate,Breathing.Rate,Perinasal.Perspiration,Speed,Acceleration,Brake,Steering,LaneOffset,Lane.Position,Distance,Gaze.X.Pos,Gaze.Y.Pos,Lft.Pupil.Diameter,Rt.Pupil.Diameter
1,4,0,0,41.6955,103.0,17.0,0.006659988,-0.01780775265368,0.0,264.9993896,-0.000192,-0.099999666,1.924999666,8.06e-06,0.0,0.0,0.0,0.0
2,4,0,0,42.0223,103.0,16.5,0.006476841,-0.01780775265368,0.0,264.8529053,-0.000192,-0.099999666,1.924999666,1.55e-05,0.0,0.0,0.0,0.0
3,4,0,0,42.1544,102.0,16.5,0.006250308,-0.01780776070038,0.0,264.2669678,-0.004793549,-0.100000143,1.925000143,2.35e-05,655.41571,587.26178,0.007529,0.007776
4,4,0,0,42.2874,100.0,16.4,0.006165045,0.6439675518392,0.0,221.786499,0.051386841,-0.099862337,1.924862337,2.65e-05,658.197571,591.279175,0.007794,0.007973
5,4,0,0,42.2874,100.0,16.4,0.006055146,0.821952782727,0.0,142.5384521,0.079764648,-0.099504232,1.924504232,3.06e-05,668.327271,655.763184,0.007783,0.007911
6,4,0,0,42.2208,97.0,16.2,0.005883764,0.79786698346794,0.0,69.29626465,0.070561035,-0.098831892,1.923831892,0.000416138,649.839722,630.895325,0.007627,0.007814
7,4,0,0,42.0883,94.0,16.2,0.005735907,0.79627953049194,0.0,18.6126709,0.074395874,-0.098004103,1.923004103,0.056794311,828.680115,705.968628,0.007646,0.007754
8,4,0,0,41.9565,94.0,16.1,0.005653039,1.33680339513856,6.157836914,0.0,0.07592981,-0.097116709,1.922116709,0.215301988,867.578796,583.618408,0.007624,0.007816
9,4,0,0,41.9565,94.0,16.1,0.005606932,5.30471699928746,5.671691895,0.0,0.082065552,-0.091612101,1.916612101,0.386369644,702.232422,631.721313,0.00746,0.00772
10,4,0,0,42.2208,92.0,16.0,0.00559982,8.87923640124148,0.791015625,0.0,0.083599487,-0.075826883,1.900826883,0.535687764,738.371216,597.417786,0.00764,0.007773
11,4,0,0,42.2874,90.0,16.0,0.00561368,9.30909917642554,0.0,0.0,0.010737549,-0.048098326,1.873098326,0.7063788,0.0,0.0,0.007063,0.007291
12,4,0,0,41.9565,91.0,15.9,0.00562932,8.93505997371912,0.0,263.6810303,0.012271484,-0.024305105,1.849305105,0.938193333,680.875671,702.212891,0.007685,0.007889
13,4,0,0,41.4377,90.0,15.9,0.005628071,8.49982742158284,0.0,263.6810303,-0.063083099,0.001519442,1.823480558,1.842176037,665.193115,684.299316,0.007628,0.007772
14,4,0,0,40.9942,87.0,15.8,0.005598909,8.12055695298998,0.0,148.8372803,-0.012463226,0.016601801,1.808398199,3.197220828,548.323486,603.073914,0.007506,0.007615
15,4,0,0,41.057,87.0,15.8,0.005543169,7.68201954552472,0.0,157.4798584,-0.008628387,0.032815695,1.792184305,5.213456125,741.842773,540.886414,0.007721,0.007872
16,4,0,0,41.2465,87.0,16.0,0.005491463,7.30185126637936,0.0,111.1907959,0.001533936,0.046076536,1.778923464,7.119333883,765.253723,551.684509,0.007729,0.007894
17,4,0,0,41.6308,87.0,16.0,0.005442582,6.87062816115482,0.0,103.2806396,0.005368774,0.061001062,1.763998938,9.12874621,642.180786,647.350708,0.007295,0.007534
18,4,0,0,42.0223,87.0,16.2,0.005412984,6.55506258604252,0.0,81.8939209,0.005368774,0.073874712,1.751125288,10.82710011,645.864075,645.122498,0.007034,0.007397
19,4,0,0,42.2208,89.0,16.2,0.005391276,6.25763314780156,0.0,69.5892334,0.005368774,0.088323832,1.736676168,12.77589046,646.649109,651.192322,0.007425,0.007586
20,4,0,0,42.4212,89.0,16.4,0.005376158,5.63323813476664,0.0,60.06774902,0.00690271,0.100590944,1.724409056,14.35142043,668.835205,640.697998,0.007528,0.007659
21,4,0,0,42.4212,87.0,16.4,0.005356507,3.0671866539811,0.0,53.32946777,0.00690271,0.111069441,1.713930559,16.08329677,654.168213,650.0979,0.007743,0.007728
22,4,0,0,42.4885,87.0,16.5,0.005336074,1.19558358804964,0.0,19.05212402,0.00690271,0.115466833,1.709533167,17.60642849,634.811218,695.329285,0.007608,0.007705
23,4,0,0,42.5559,84.0,16.5,0.005312777,0.93698628642622,5.539855957,0.0,0.00690271,0.117623568,1.707376432,19.19774626,627.685486,699.888489,0.007853,0.007903
24,4,0,0,42.3542,81.0,16.7,0.00529478,2.85461344114244,0.834960938,0.0,0.00690271,0.122588873,1.702411127,20.593762,688.171021,639.634827,0.007907,0.007974
25,4,0,0,41.1199,78.0,16.7,0.005278742,3.92140209938636,5.451965332,0.0,0.012271484,0.12927413,1.69572587,22.05719917,660.941223,641.412109,0.007586,0.007755
26,4,0,0,39.9556,78.0,16.5,0.00527114,5.1326654548692,0.0,0.0,0.012271484,0.140951872,1.684048128,23.29308563,720.263,752.099426,0.007657,0.007795
27,4,0,0,39.3688,77.0,16.5,0.005270209,3.88248866856806,6.553344727,0.0,0.014572388,0.15225625,1.67274375,24.71068383,639.547424,559.456421,0.007596,0.007797
28,4,0,0,39.3688,74.0,16.7,0.005274513,7.64449505720276,0.0,1.766967773,0.016106323,0.166710138,1.658289862,25.75081271,652.152527,565.401672,0.007767,0.007851
29,4,0,0,39.7188,74.0,16.7,0.005284955,7.23100294394192,0.0,264.1204834,0.021475098,0.191258192,1.633741808,26.54519415,641.449524,610.614807,0.007928,0.007996
30,4,0,0,40.3161,76.0,16.8,0.005296282,6.85907162901806,0.0,264.1204834,0.021475098,0.212065458,1.612934542,26.91389278,732.648071,609.462097,0.00763,0.007748
31,4,0,0,40.1952,77.0,16.8,0.005302012,8.31980807344874,14.64752197,0.0,-0.010162323,0.237426043,1.587573957,27.11932039,681.333801,644.440308,0.007781,0.007949
32,4,0,0,40.0152,77.0,16.6,0.005301471,18.0634256348548,19.61608887,0.0,-0.010162323,0.274661303,1.550338697,27.36513473,666.681091,685.240112,0.007773,0.007819
33,4,0,0,39.9556,82.0,16.6,0.005309713,24.6494559651594,8.662719727,0.0,-0.050811615,0.334686041,1.490313959,27.97698808,673.484192,683.476318,0.007801,0.007827
34,4,0,0,40.135,83.0,16.8,0.005331393,27.26572393785,11.21429443,0.0,-0.070752777,0.347830057,1.477169943,28.46076795,674.597107,684.778015,0.007572,0.007546
35,4,0,0,40.3768,87.0,16.8,0.005363673,30.330086900194,11.47796631,0.0,-0.020132904,0.287256479,1.537743521,29.5630884,724.416016,906.364197,0.007559,0.007737
36,4,0,0,40.745,89.0,16.9,0.005386181,32.203183483535,6.597290039,0.0,0.003834839,0.204554319,1.620445681,30.48544887,654.654602,665.859009,0.007919,0.007962
37,4,0,0,40.807,89.0,16.9,0.005400395,34.1139964947424,16.27349854,0.0,0.014572388,0.102560282,1.722439718,31.29816875,646.270386,499.106995,0.006223,0.006693
38,4,0,0,40.9316,88.0,17.0,0.005409216,36.673812280314,11.25823975,0.0,0.012271484,0.030539274,1.794460726,32.59233471,653.035095,711.104492,0.007885,0.007996
39,4,0,0,41.057,88.0,17.0,0.005425337,38.2398163590356,0.0,0.0,-0.000959,-0.032182932,1.857182932,34.25231518,726.497314,880.16449,0.007887,0.007963
40,4,0,0,41.31,87.0,17.1,0.005444191,39.3437472841328,18.73718262,0.0,0.009203613,-0.07482934,1.89982934,35.70971821,693.590393,784.57019,0.007949,0.007984
41,4,0,0,41.5019,86.0,17.1,0.005458442,43.0037738927378,19.3963623,0.0,0.010737549,-0.111259222,1.936259222,37.23145497,726.298889,875.305786,0.007582,0.007697
42,4,0,0,41.6955,88.0,17.5,0.005457649,46.108354149028,19.87976074,0.0,-0.001725677,-0.121530771,1.946530771,38.55494236,711.411194,901.987305,0.007374,0.007588
43,4,0,0,41.5662,89.0,17.5,0.00545097,49.523136170911,19.08874512,0.0,0.017640259,-0.12720418,1.95220418,41.48528525,682.296814,695.963318,0.007749,0.007828
44,4,0,0,40.075,89.0,17.5,0.005454138,51.8993821870476,16.93267822,0.0,-0.003259613,-0.102728128,1.927728128,45.36075781,667.453674,675.588989,0.007818,0.007943
45,4,0,0,38.6314,90.0,17.5,0.005473727,54.2327048201214,15.92193604,0.0,0.003067871,-0.069411993,1.894411993,50.75330008,642.56897,661.826294,0.007644,0.007764
46,4,0,0,37.9747,91.0,17.9,0.005499943,56.0078267315638,15.4385376,0.0,-0.003259613,-0.036389112,1.861389112,56.1551205,648.657898,666.06189,0.007792,0.00782
47,4,0,0,37.9747,92.0,17.9,0.005532416,57.9732968076806,15.30670166,0.0,-0.000959,-0.003272295,1.828272295,62.54650171,653.398071,685.481689,0.00779,0.007939
48,4,0,0,38.41,92.0,18.2,0.005557432,59.5768491060518,15.21881104,0.0,0.0,0.019110918,1.805889082,68.53703131,717.126892,888.803284,0.007703,0.007852
49,4,0,0,39.025,91.0,18.2,0.005575242,61.143729373843,13.45825195,0.0,0.008436646,0.05638814,1.76861186,75.99670736,645.204895,655.541321,0.007695,0.007897
50,4,0,0,39.543,91.0,18.2,0.005574881,62.3489476362948,13.19458008,0.0,-0.013997162,0.099733114,1.725266886,82.18611348,670.330078,664.415283,0.007623,0.007802
51,4,0,0,39.9556,94.0,18.2,0.00555569,63.6972431127218,13.19458008,0.0,-0.005560516,0.12208724,1.70291276,90.39988877,717.602112,893.548279,0.007657,0.007713
52,4,0,0,40.2555,95.0,18.2,0.005532919,64.8889774877968,13.80981445,0.0,-0.010162323,0.111155748,1.713844252,97.63734484,660.000183,662.115784,0.007806,0.007987
53,4,0,0,40.5601,89.0,18.2,0.005510086,66.1738395567452,12.97485352,0.0,0.003067871,0.057145834,1.767854166,106.1179505,664.643616,656.13269,0.007789,0.007943
54,4,0,0,40.8692,86.0,18.1,0.005489763,67.2074643718004,12.84301758,0.0,0.00690271,0.015864611,1.809135389,114.035402,704.160095,804.510498,0.007664,0.007851
55,4,0,0,41.1199,88.0,18.1,0.005458453,68.0328754813468,6.992797852,0.0,-0.000959,-0.005104303,1.830104303,123.2249093,766.67627,677.184814,0.007285,0.007553
56,4,0,0,41.31,93.0,17.8,0.005423576,68.3081206440524,7.212524414,0.0,-0.010162323,-0.011033297,1.836033297,132.1740832,716.453308,878.387817,0.007315,0.007577
57,4,0,0,41.5019,96.0,17.8,0.005382404,68.7119794637248,8.530883789,0.0,0.025309937,-0.042023897,1.867023897,142.5016288,719.277588,879.256409,0.007376,0.007594
58,4,0,0,41.6308,97.0,17.6,0.005351852,69.0375751135932,7.651977539,0.0,-0.016298065,0.015877962,1.809122038,152.0059328,654.830505,664.089905,0.00731,0.007573
59,4,0,0,41.6308,96.0,17.6,0.005325739,69.3961382542956,8.003540039,0.0,-0.007094452,0.095047235,1.729952765,163.8076969,661.134399,670.485901,0.007333,0.007667
60,4,0,0,41.6955,93.0,17.3,0.00530866,69.7398079671822,8.399047852,0.0,-0.003259613,0.114972353,1.710027647,174.0743892,662.998108,654.983093,0.007163,0.007476
61,4,0,0,42.0883,88.0,17.3,0.005292988,70.1744742698208,8.797302246,0.0,0.008436646,0.126707315,1.698292685,186.1587863,727.909302,891.242493,0.006935,0.007307
62,4,0,0,42.2208,83.0,16.8,0.00528421,70.5809718921044,9.017028809,0.0,0.00690271,0.153406382,1.671593618,197.5353726,657.553711,659.94397,0.007137,0.007428
63,4,0,0,42.1544,82.0,16.8,0.005285911,71.0428594405466,9.104919434,0.0,-0.023200775,0.197268724,1.627731276,210.2611253,688.036072,670.846008,0.007289,0.0075
64,4,0,0,41.9565,81.0,16.6,0.005303847,71.4568863600202,9.060974121,0.0,-0.010929291,0.152333498,1.672666502,221.65544,667.945923,660.015076,0.007303,0.007607
65,4,0,0,41.8256,79.0,16.6,0.005348096,71.9097987802164,9.148864746,0.0,0.016106323,0.025643587,1.799356413,235.517814,722.307617,891.545471,0.007412,0.007764
66,4,0,0,41.891,83.0,16.1,0.005404666,72.3151135054132,9.148864746,0.0,0.017640259,-0.032713175,1.857713175,247.3776971,721.701782,889.257324,0.00763,0.007843
67,4,0,0,42.0883,85.0,16.1,0.005476465,72.1434191845854,0.0,0.0,-0.000959,-0.031494856,1.856494856,261.1522446,718.529785,891.594299,0.007682,0.007856
68,4,0,0,42.2874,86.0,15.7,0.005535103,71.9340782168736,8.618774414,0.0,-0.010929291,-0.03152442,1.85652442,273.3896998,673.454529,654.635681,0.007499,0.007688
69,4,0,0,42.4885,88.0,15.7,0.005590281,72.272745972293,8.797302246,0.0,0.026843872,-0.039449453,1.864449453,288.1808735,667.576721,645.691101,0.007626,0.00781
70,4,0,0,42.8278,90.0,15.7,0.005622256,72.6634229616132,9.236755371,0.0,-0.000959,0.030176878,1.794823122,300.7969263,657.145691,647.69281,0.007722,0.007836
71,4,0,0,42.8964,90.0,15.7,0.005635197,73.1024381676404,9.368591309,0.0,-0.000959,0.142385721,1.682614279,315.4185838,661.174011,650.943298,0.007701,0.00784
72,4,0,0,43.0341,91.0,15.6,0.005629343,73.4842537285856,9.412536621,0.0,-0.034705292,0.23305583,1.59194417,328.9991186,618.383728,153.020294,0.006984,0.006882
73,4,0,0,43.2423,89.0,15.6,0.005617182,73.9195154226506,9.368591309,0.0,-0.019365936,0.242623568,1.582376432,343.994345,671.241699,673.414429,0.007814,0.007929
74,4,0,0,43.1727,87.0,15.5,0.005612784,74.3214388983192,9.588317871,0.0,-0.004793549,0.141773462,1.683226538,357.2163852,727.542114,901.820007,0.007594,0.007858
75,4,0,0,42.8964,87.0,15.5,0.005617087,74.7208677360538,5.671691895,0.0,0.017640259,-0.036848307,1.861848307,373.0134988,726.991394,857.629211,0.00673,0.00756
76,4,0,0,42.7595,87.0,15.8,0.005624106,74.6808499680808,5.58380127,0.0,-0.001725677,-0.153917074,1.978917074,386.3319169,677.093201,667.501282,0.007779,0.007866
77,4,0,0,42.8278,86.0,15.8,0.005632163,74.5566618995536,4.52911377,0.0,-0.003259613,-0.221926451,2.046926451,401.6206479,662.932312,661.714417,0.007617,0.007829
78,4,0,0,42.8964,88.0,16.0,0.00564009,74.506361189277,5.627746582,0.0,0.003834839,-0.278212309,2.103212309,415.6870444,669.309998,666.02301,0.007612,0.007756
79,4,0,0,43.1033,89.0,16.0,0.005649953,74.4732835230266,5.671691895,0.0,0.003067871,-0.319034815,2.144034815,431.0901878,666.812073,661.377502,0.007614,0.007755
80,4,0,0,43.3823,90.0,16.2,0.005654531,74.4455001669478,5.671691895,0.0,0.001533936,-0.324048281,2.149048281,444.619149,673.497986,663.054688,0.00745,0.007669
81,4,0,0,43.4526,91.0,16.2,0.0056464,74.4104278042344,5.58380127,0.0,0.003834839,-0.316863298,2.141863298,460.794091,667.481506,663.561523,0.007292,0.007501
82,4,0,0,43.5939,92.0,16.7,0.005626604,74.374787022633,5.58380127,0.0,-0.000959,-0.295689821,2.120689821,474.4435997,732.192993,898.044006,0.007236,0.007573
83,4,0,0,43.9512,90.0,16.7,0.00560075,74.2773753461466,3.65020752,0.0,0.003067871,-0.284112692,2.109112692,490.1140161,717.648315,891.687012,0.007472,0.007769
84,4,0,0,43.8793,89.0,16.8,0.005586269,74.0566842023102,3.738098145,0.0,-0.001725677,-0.271674395,2.096674395,504.547186,666.226501,657.347107,0.00755,0.007738
85,4,0,0,44.2413,89.0,16.8,0.005579543,73.8395357951762,4.265441895,0.0,-0.000959,-0.254864931,2.079864931,520.3672429,641.24353,440.539703,0.007581,0.007804
86,4,0,0,44.3145,88.0,17.2,0.005571567,73.6968811456048,4.441223145,0.0,-0.001725677,-0.246013403,2.071013403,534.9363138,677.665222,665.221313,0.007406,0.007661
87,4,0,0,44.3145,89.0,17.2,0.005548969,73.5516413649112,4.17755127,0.0,-0.010929291,-0.242165804,2.067165804,550.9035746,679.305603,670.349487,0.007365,0.007646
88,4,0,0,44.3878,90.0,17.6,0.005519547,73.4340272249764,5.58380127,0.0,-0.007094452,-0.264739275,2.089739275,564.9374671,536.275085,653.189392,0.007236,0.007477
89,4,0,0,44.6094,90.0,17.6,0.005487422,73.3964645212668,5.58380127,0.0,0.00690271,-0.324023962,2.149023962,581.6986778,669.481812,666.0672,0.007219,0.007472
90,4,0,0,44.4614,89.0,17.6,0.005471391,73.3781981421186,5.58380127,0.0,0.014572388,-0.355460882,2.180460882,595.0386652,660.851807,667.295471,0.007272,0.007456
91,4,0,0,44.6094,90.0,17.6,0.005468452,73.35764801295,5.58380127,0.0,0.005368774,-0.330239534,2.155239534,611.6847676,260.634094,717.7229,0.0,0.00855
92,4,0,0,44.7583,89.0,18.0,0.00546852,73.3408954594728,5.58380127,0.0,0.016106323,-0.284214735,2.109214735,625.7147695,0.0,0.0,0.0,0.008844
93,4,0,0,44.7583,88.0,18.0,0.00545936,73.3246443441528,5.58380127,0.0,0.0,-0.189747572,2.014747572,639.7955094,678.098816,674.166016,0.007506,0.007702
94,4,0,0,43.8793,88.0,18.3,0.005432158,73.306521856094,5.58380127,0.0,0.001533936,-0.048750639,1.873750639,656.6319204,723.934814,845.344482,0.007375,0.00766
95,4,0,0,41.5662,88.0,18.3,0.005394903,73.2990017643288,6.729125977,0.0,0.019941162,0.073807478,1.751192522,670.8370329,0.0,0.0,0.0,0.0
96,4,0,0,39.7777,90.0,18.2,0.005341556,73.7088276143862,12.71118164,0.0,-0.044675873,0.250329256,1.574670744,687.1386199,0.0,0.0,0.0,0.0
97,4,0,0,38.8553,92.0,18.2,0.005291915,74.3092276931078,12.53540039,0.0,-0.019365936,0.31357646,1.51142354,702.1464857,735.759216,899.523804,0.007558,0.007756
98,4,0,0,38.743,92.0,18.5,0.00523938,74.9829498172182,7.212524414,0.0,-0.033938324,0.300937891,1.524062109,718.5889451,645.216309,661.55542,0.007686,0.007827
99,4,0,0,39.1389,91.0,18.5,0.005199893,74.942144309502,5.627746582,0.0,-0.004793549,0.224745989,1.600254011,733.7269393,577.565125,651.299683,0.007589,0.007767
100,4,0,0,39.66,91.0,18.8,0.005161981,75.3409598760428,13.67797852,0.0,-0.000959,0.094234228,1.730765772,750.3105769,672.345703,665.470276,0.007423,0.007668
101,4,0,0,40.135,91.0,18.8,0.005133007,75.9744658166516,13.23852539,0.0,0.008436646,-0.02379632,1.84879632,764.8352355,745.752014,920.011597,0.007313,0.007668
102,4,0,0,40.5601,92.0,18.7,0.00510274,76.6402991813896,11.21429443,0.0,0.008436646,-0.135393381,1.960393381,782.1178045,693.336304,802.10553,0.007574,0.007734
103,4,0,0,40.9316,93.0,18.7,0.005077368,76.2909441369916,0.0,32.52868652,0.014572388,-0.215394735,2.040394735,796.6155837,665.420593,644.540894,0.00761,0.007834
104,4,0,0,41.31,93.0,18.9,0.005044549,75.7812511921296,7.256469727,0.0,0.019941162,-0.288604975,2.113604975,813.1735585,681.967712,652.123291,0.007542,0.007669
105,4,0,0,41.6955,93.0,18.9,0.0050066,76.001547242996,9.895935059,0.0,0.019941162,-0.292170286,2.117170286,828.3463912,648.178772,673.306091,0.007495,0.007677
106,4,0,0,42.0223,94.0,19.1,0.004952,76.3068092199258,7.476196289,0.0,0.016106323,-0.224280119,2.049280119,844.893532,662.252014,654.728271,0.007548,0.007703
107,4,0,0,42.2874,94.0,19.1,0.004900245,76.4212321191076,9.368591309,0.0,0.00690271,-0.123398542,1.948398542,859.3680614,641.324707,665.149902,0.007572,0.007662
108,4,0,0,42.5559,94.0,19.0,0.004844462,76.742888024189,9.544372559,0.0,-0.004793549,0.013660669,1.811339331,875.904976,721.940674,655.130676,0.007521,0.00769
109,4,0,0,42.6914,94.0,19.0,0.004803305,77.0328306936588,13.32641602,0.0,-0.005560516,0.123373747,1.701626253,890.3690957,664.624329,660.86261,0.007482,0.007638
110,4,0,0,42.7595,93.0,19.2,0.004769653,77.7757844197734,14.51568604,0.0,-0.013997162,0.238229036,1.586770964,907.5814841,621.617676,652.93988,0.007604,0.007652
111,4,0,0,42.9651,91.0,19.2,0.004756448,78.387263114588,14.29321289,0.0,-0.016298065,0.304686785,1.520313215,922.0184293,560.518127,663.649719,0.007648,0.007719
112,4,0,0,43.3122,91.0,19.4,0.004762497,79.0384960318572,13.45825195,0.0,-0.015531097,0.326276064,1.498723936,938.4772476,698.023071,860.28241,0.007654,0.007777
113,4,0,0,43.4526,90.0,19.4,0.004781965,79.5196053119518,13.19458008,0.0,-0.004793549,0.264085054,1.560914946,953.5297427,720.061707,892.375,0.007625,0.007715
114,4,0,0,43.1033,91.0,19.3,0.004812337,79.7045782488394,0.0,154.6966553,0.001533936,0.157044172,1.667955828,969.9201238,685.128113,655.531494,0.007813,0.007883
115,4,0,0,42.6914,91.0,19.3,0.004843559,79.13182555306,0.0,262.802124,0.0,0.066365957,1.758634043,984.9211448,646.10199,657.002319,0.007806,0.007793
116,4,0,0,42.2874,90.0,19.4,0.004886444,78.4682302330864,0.0,259.5794678,0.016106323,-0.036883116,1.861883116,1001.260979,648.466125,884.251099,0.006517,0.006816
117,4,0,0,42.2874,92.0,19.4,0.004930425,77.906516161301,0.0,212.9974365,0.016106323,-0.120448351,1.945448351,1015.53981,721.340881,881.442993,0.007731,0.007854
118,4,0,0,42.4212,94.0,19.6,0.004981416,77.2534125311224,0.0,163.4857178,0.019941162,-0.147990465,1.972990465,1032.530497,615.898376,646.443604,0.007644,0.007794
119,4,0,0,42.6914,96.0,19.6,0.005019151,76.7210604170218,0.0,66.0736084,-0.007094452,-0.11841321,1.94341321,1046.799038,604.210876,660.84491,0.007802,0.007784
120,4,0,0,42.9651,94.0,19.4,0.005049416,76.1361293143802,0.0,15.24353027,-0.032404388,-0.082865953,1.907865953,1063.102468,536.020813,665.565308,0.007744,0.007859
121,4,0,0,43.2423,94.0,19.4,0.005062626,75.6110505158492,0.0,15.97595215,-0.010162323,-0.095784426,1.920784426,1078.044069,640.495911,655.634521,0.00778,0.007852
122,4,0,0,43.5231,92.0,19.6,0.005066385,74.9972212029372,0.0,19.93103027,0.054454712,-0.187389612,2.012389612,1094.340503,791.200684,392.735291,0.007958,0.008456
123,4,0,0,43.7361,88.0,19.6,0.005065975,74.481097206688,0.0,18.46618652,0.023009033,-0.163263559,1.988263559,1108.596787,697.060608,869.039978,0.007819,0.007921
124,4,0,0,43.9512,88.0,19.4,0.005060593,73.8424460451652,0.0,14.95056152,0.012271484,-0.012260675,1.837260675,1125.565112,0.0,0.0,0.0,0.0
125,4,0,0,43.9512,88.0,19.4,0.005048163,73.3175897057024,0.0,0.0,-0.019365936,0.150479555,1.674520445,1139.138614,704.783691,869.970886,0.007958,0.008031
126,4,0,0,44.0958,88.0,19.3,0.005031596,73.4111826597698,8.486938477,0.0,-0.045442841,0.359812021,1.465187979,1156.154004,708.99353,600.338806,0.007295,0.007199
127,4,0,0,44.3145,89.0,19.3,0.005022961,73.6356261568436,8.267211914,0.0,-0.066917938,0.434725046,1.390274954,1170.554832,715.535278,883.060608,0.007831,0.00793
128,4,0,0,44.5353,88.0,19.5,0.005018372,73.8427033786312,7.783813477,0.0,-0.024734711,0.315500021,1.509499979,1187.140664,666.554504,657.822388,0.007765,0.007888
129,4,0,0,44.6094,88.0,19.5,0.005012786,74.003281666211,7.695922852,0.0,0.00690271,0.116171122,1.708828878,1202.411309,666.056274,673.374817,0.00777,0.007903
130,4,0,0,44.6094,90.0,19.6,0.005002653,74.184579369434,7.695922852,0.0,0.04141626,-0.117247343,1.942247343,1219.071276,0.0,0.0,0.0,0.0
131,4,0,0,44.7583,90.0,19.6,0.004999234,74.3608981448452,8.311157227,0.0,0.017640259,-0.254679918,2.079679918,1234.445206,698.851074,663.55481,0.007703,0.007803
132,4,0,0,44.4614,92.0,19.4,0.005015559,74.6216758076594,8.797302246,0.0,0.005368774,-0.340170622,2.165170622,1251.355489,720.494385,898.993774,0.007669,0.007786
133,4,0,0,44.8332,95.0,19.4,0.005047821,74.854496434422,8.753356934,0.0,0.0,-0.389083147,2.214083147,1266.249568,692.228027,737.835205,0.007772,0.007961
134,4,0,0,44.8332,90.0,19.6,0.005090516,75.1284323829442,8.929138184,0.0,0.008436646,-0.44766593,2.27266593,1283.897404,712.307922,658.316406,0.007502,0.0
135,4,0,0,44.9083,87.0,19.6,0.005118777,75.3583444012446,8.574829102,0.0,0.012271484,-0.480656385,2.305656385,1298.63808,766.555725,893.335022,0.007292,0.0
136,4,0,0,44.8332,90.0,19.4,0.005133309,75.4594517178268,2.724609375,0.0,0.012271484,-0.482623339,2.307623339,1315.525047,789.819214,646.637207,0.007557,0.0
137,4,0,0,44.6094,92.0,19.4,0.005132097,75.608274275602,9.017028809,0.0,0.00690271,-0.446167231,2.271167231,1331.06078,688.085327,659.80603,0.007556,0.007758
138,4,0,0,44.3145,90.0,19.0,0.005117537,75.8825232890344,8.973083496,0.0,-0.010929291,-0.369731665,2.194731665,1348.039691,615.82251,650.377625,0.007553,0.007662
139,4,0,0,44.1684,90.0,19.0,0.005095051,76.1087329723846,8.885192871,0.0,0.001533936,-0.310254335,2.135254335,1362.947417,814.237793,645.40033,0.007501,0.008356
140,4,0,0,44.2413,89.0,18.9,0.005067384,76.3445403732532,8.486938477,0.0,0.018407227,-0.244053125,2.069053125,1380.77308,693.901917,644.677307,0.007504,0.008162
141,4,0,0,44.4614,88.0,18.9,0.005053024,76.5290665090766,8.530883789,0.0,0.026843872,-0.145069361,1.970069361,1395.875101,678.322998,637.33252,0.007612,0.008129
142,4,0,0,44.6094,87.0,18.5,0.00505629,76.7362018924118,8.486938477,0.0,0.010737549,0.04757905,1.77742095,1413.282871,716.037415,640.632385,0.007409,0.0
143,4,0,0,44.9083,89.0,18.5,0.005076683,76.9190411663274,8.442993164,0.0,-0.005560516,0.268539667,1.556460333,1429.367239,763.011414,644.503723,0.007433,0.007602
144,4,0,0,45.0593,89.0,18.5,0.005114735,77.1184523935854,8.486938477,0.0,-0.037773163,0.497386694,1.327613306,1446.97535,694.224609,856.761414,0.00753,0.00761
145,4,0,0,45.2112,89.0,18.5,0.005153765,77.1646674563106,0.0,21.5423584,0.0,0.613788843,1.211211157,1461.992141,730.071289,697.88562,0.007707,0.007775
146,4,0,0,45.3642,90.0,18.1,0.005193207,76.5163985570798,0.0,29.45251465,-0.039307098,0.697969198,1.127030802,1480.297297,674.696899,649.304016,0.007651,0.007769
147,4,0,0,45.3642,89.0,18.1,0.005214049,75.9700570940952,1.93359375,0.0,-0.060015228,0.70653224,1.11846776,1495.555299,714.975708,676.009094,0.007803,0.008012
148,4,0,0,45.4411,87.0,17.8,0.005219711,75.7241104167048,1.801757813,0.0,-0.020132904,0.55459857,1.27040143,1512.858202,780.589722,659.483215,0.007775,0.007866
149,4,0,0,45.5183,87.0,17.8,0.005212252,75.2365342613146,0.0,0.0,0.0,0.326370478,1.498629522,1527.880717,659.186401,663.891174,0.007809,0.007876
150,4,0,0,45.6734,87.0,17.5,0.005191788,74.6274017589124,0.219726563,0.0,0.023776001,0.045624495,1.779375505,1545.623081,679.710083,650.838623,0.00772,0.007884
151,4,0,0,45.8295,87.0,17.5,0.005168143,74.558317121837,6.157836914,0.0,0.039882324,-0.141713858,1.966713858,1560.408962,661.419312,650.892395,0.007786,0.007864
152,4,0,0,45.908,88.0,17.3,0.005144342,74.5449863309744,5.850219727,0.0,0.02761084,-0.234752417,2.059752417,1577.176456,672.354492,652.580688,0.007129,0.007221
153,4,0,0,46.145,89.0,17.3,0.00513096,74.536296844485,5.938110352,0.0,0.00690271,-0.229909182,2.054909182,1592.424872,653.268311,653.967529,0.007488,0.007618
154,4,0,0,45.9867,89.0,17.1,0.005128767,74.5420221359086,6.333618164,0.0,-0.003259613,-0.173462629,1.998462629,1608.927104,645.408081,655.801086,0.007407,0.007569
155,4,0,0,45.7513,92.0,17.1,0.00514319,74.5897517646012,6.641235352,0.0,-0.008628387,-0.111869574,1.936869574,1623.254737,659.942505,654.083801,0.007589,0.007705
156,4,0,0,45.6734,94.0,17.2,0.005177997,74.6467998259486,6.157836914,0.0,-0.001725677,-0.072226763,1.897226763,1640.218168,720.611816,879.209412,0.007401,0.00758
157,4,0,0,45.7513,95.0,17.2,0.005215844,74.600279213931,5.495910645,0.0,-0.010162323,-0.044042349,1.869042349,1654.506274,822.241211,648.060974,0.007656,0.007768
158,4,0,0,45.9867,97.0,17.5,0.005250451,74.5656762796022,5.58380127,0.0,0.0,-0.020950079,1.845950079,1670.8843,675.200012,658.566895,0.007449,0.007612
159,4,0,0,46.0658,97.0,17.5,0.005259724,74.5379489446488,5.671691895,0.0,-0.02166684,-0.009656668,1.834656668,1685.934972,721.056396,889.121826,0.007423,0.00757
160,4,0,0,46.145,96.0,17.6,0.005242638,74.5090949268548,5.58380127,0.0,-0.023200775,-0.03258872,1.85758872,1702.392939,688.567688,662.266724,0.007441,0.00767
161,4,0,0,46.5456,96.0,17.6,0.005213243,74.4793592643286,5.58380127,0.0,0.005368774,-0.115882158,1.940882158,1717.516051,722.005127,886.272888,0.00733,0.007572
162,4,0,0,46.6266,94.0,17.9,0.005177338,74.4457583694574,5.58380127,0.0,-0.007094452,-0.217274904,2.042274904,1734.062716,681.237305,648.18219,0.007462,0.007575
163,4,0,0,46.7893,92.0,17.9,0.005150516,74.4170995324186,5.58380127,0.0,0.010737549,-0.30203414,2.12703414,1748.589752,691.298096,737.328918,0.007082,0.007352
164,4,0,0,46.9532,92.0,17.9,0.005126281,74.3856000332524,5.58380127,0.0,0.032212646,-0.401068449,2.226068449,1765.942615,671.19873,657.981323,0.007584,0.007707
165,4,0,0,47.0356,93.0,17.9,0.005106997,74.3579884581252,5.58380127,0.0,0.018407227,-0.441999674,2.266999674,1779.870785,724.125305,903.723877,0.007422,0.007685
166,4,0,0,47.2012,93.0,18.2,0.005083448,74.3255745480644,5.58380127,0.0,-0.012463226,-0.377847433,2.202847433,1797.334217,715.27002,796.857605,0.007421,0.007618
167,4,0,0,47.368,94.0,18.2,0.005063541,74.299488257109,5.58380127,0.0,0.0,-0.334595442,2.159595442,1812.005903,689.263306,662.072083,0.007198,0.007468
168,4,0,0,47.368,93.0,18.5,0.005045481,74.2722730624238,5.671691895,0.0,0.0,-0.284427881,2.109427881,1828.828613,721.373474,904.50647,0.007426,0.007561
169,4,0,0,47.2845,91.0,18.5,0.005033523,74.2481396250914,5.58380127,0.0,-0.005560516,-0.247666597,2.072666597,1844.302057,699.184021,667.452515,0.007338,0.007597
170,4,0,0,47.2845,92.0,18.4,0.005020573,74.2243787177822,5.715637207,0.0,-0.020132904,-0.2178514,2.0428514,1861.236214,663.913025,686.032288,0.007495,0.007605
171,4,0,0,47.2845,91.0,18.4,0.005007308,74.321359348643,10.51116943,0.0,0.001533936,-0.221139669,2.046139669,1876.093731,726.167603,678.004883,0.00748,0.007724
172,4,0,0,47.368,89.0,18.7,0.004987055,74.5729776298746,8.179321289,0.0,-0.001725677,-0.235987425,2.060987425,1893.827691,655.736206,661.296814,0.007557,0.007706
173,4,0,0,47.4518,90.0,18.7,0.004961642,74.7674151918626,8.841247559,0.0,-0.004793549,-0.24770093,2.07270093,1908.762451,657.979004,662.54657,0.007339,0.007581
174,4,0,0,47.536,92.0,18.9,0.00492195,75.1077879464516,10.11566162,0.0,0.003067871,-0.271229982,2.096229982,1925.873553,667.661682,654.649719,0.007326,0.007541
175,4,0,0,47.536,92.0,18.9,0.004883904,75.4566313655702,10.59906006,0.0,0.008436646,-0.289407015,2.114407015,1941.596758,713.142883,871.434875,0.007303,0.007422
176,4,0,0,47.7902,91.0,18.8,0.004852584,75.8185555645824,9.544372559,0.0,0.008436646,-0.28544879,2.11044879,1958.673655,703.127014,643.170288,0.007416,0.007624
177,4,0,0,47.9612,92.0,18.8,0.004845357,76.0310684609672,8.797302246,0.0,0.008436646,-0.258571863,2.083571863,1974.203448,661.683472,639.216125,0.007418,0.007599
178,4,0,0,48.0471,91.0,18.8,0.004856215,76.2711574626256,8.841247559,0.0,0.021475098,-0.199801207,2.024801207,1991.057277,0.0,0.0,0.0,0.0
179,4,0,0,47.8755,90.0,18.8,0.004873273,76.476260539222,8.973083496,0.0,-0.004793549,-0.101034403,1.926034403,2005.732228,631.745911,639.749023,0.007483,0.007601
180,4,0,0,47.7051,90.0,18.7,0.00489519,76.7289897156688,9.060974121,0.0,-0.008628387,0.052973509,1.772026491,2023.065712,643.818909,656.304199,0.007482,0.007586
181,4,0,0,47.4518,90.0,18.7,0.004914827,76.9522233431174,9.060974121,0.0,-0.016298065,0.16886878,1.65613122,2037.559915,648.126282,781.466919,0.006909,0.007066
182,4,0,0,47.1182,89.0,18.6,0.004938305,76.7702352813146,0.0,35.0189209,-0.019365936,0.244632006,1.580367994,2054.126245,669.679626,679.356873,0.007568,0.007717
183,4,0,0,47.0356,88.0,18.6,0.004960114,76.2215249825038,0.0,30.18493652,-0.027035614,0.255162001,1.569837999,2069.309567,638.704407,661.389404,0.007368,0.007548
184,4,0,0,47.2012,89.0,18.9,0.004980045,75.6778435010448,0.0,0.0,-0.013997162,0.185806513,1.639193487,2083.112111,724.835327,898.387878,0.007211,0.007435
185,4,0,0,47.1182,88.0,18.9,0.004995769,75.2606595553866,3.518371582,0.0,-0.007094452,0.038098574,1.786901426,2100.371949,639.875916,651.714417,0.007176,0.007387
186,4,0,0,47.1182,87.0,18.8,0.005003647,75.0075640126888,3.430480957,0.0,0.012271484,-0.105308771,1.930308771,2114.881747,636.190125,665.406311,0.007377,0.007575
187,4,0,0,47.2845,89.0,18.8,0.005012635,74.715486392775,3.782043457,0.0,0.016106323,-0.227079153,2.052079153,2131.463939,0.0,0.0,0.0,0.0
188,4,0,0,47.368,89.0,18.7,0.005027656,74.5348370604512,3.913879395,0.0,0.010737549,-0.292357206,2.117357206,2146.655869,726.276672,902.637817,0.007104,0.007483
189,4,0,0,47.536,88.0,18.7,0.005056081,74.2297476047694,1.801757813,0.0,0.008436646,-0.311101675,2.136101675,2163.221855,672.816589,664.02887,0.007259,0.007477
190,4,0,0,47.7051,88.0,18.6,0.00508721,73.9283528557662,3.386535645,0.0,0.001533936,-0.29099679,2.11599679,2178.401794,652.242371,437.462494,0.007032,0.007279
191,4,0,0,47.7902,88.0,18.6,0.005125269,73.7253103620124,4.309387207,0.0,-0.012463226,-0.249171972,2.074171972,2194.954549,608.27832,657.261719,0.007163,0.007321
192,4,0,0,48.0471,87.0,18.6,0.005157295,73.6770774766084,5.539855957,0.0,0.001533936,-0.23720479,2.06220479,2209.432267,687.681702,442.334808,0.006975,0.007263
193,4,0,0,48.1334,87.0,18.6,0.005187732,73.6350439298184,5.23223877,0.0,-0.000959,-0.230877638,2.055877638,2226.660512,657.809875,648.097473,0.007065,0.007245
194,4,0,0,48.22,88.0,18.2,0.005206751,73.6059718947346,5.58380127,0.0,0.003834839,-0.216454744,2.041454744,2241.126339,638.54187,657.378601,0.007393,0.007463
195,4,0,0,47.9612,88.0,18.2,0.005218415,73.4300972327898,0.0,0.0,-0.001725677,-0.191145658,2.016145658,2257.652394,727.658997,907.04541,0.007337,0.007518
196,4,0,0,47.0356,86.0,18.2,0.005219224,73.3261012313746,7.783813477,0.0,0.009203613,-0.172087908,1.997087908,2272.794882,0.0,0.0,0.0,0.0
197,4,0,0,46.4649,88.0,18.2,0.005213498,73.487047237051,7.168579102,0.0,-0.008628387,-0.142795324,1.967795324,2289.307624,675.223572,664.9245,0.007221,0.007468
198,4,0,0,46.3044,88.0,18.2,0.005211734,73.6056079424936,7.212524414,0.0,-0.003259613,-0.12879777,1.95379777,2303.7511,660.4552,684.998718,0.007136,0.007333
199,4,0,0,46.4649,88.0,18.2,0.005224722,73.7464511672412,7.300415039,0.0,0.0,-0.124038458,1.949038458,2320.939836,635.846985,661.475891,0.007159,0.007388
200,4,0,0,46.4649,90.0,18.2,0.005244738,73.8599160585078,6.992797852,0.0,-0.004793549,-0.120696306,1.945696306,2333.311679,676.440918,661.450806,0.007001,0.007283
201,4,0,0,46.7893,92.0,18.2,0.005271571,73.9658442174336,6.860961914,0.0,-0.013997162,-0.122854948,1.947854948,2349.808959,0.0,0.0,0.0,0.0
202,4,0,0,47.0356,93.0,18.2,0.005283099,74.055903382729,7.036743164,0.0,-0.004793549,-0.141551256,1.966551256,2362.215518,656.938416,662.624329,0.00701,0.007245
203,4,0,0,47.2845,93.0,18.2,0.005289062,74.161021770047,6.904907227,0.0,0.014572388,-0.177663088,2.002663088,2379.492242,673.579712,681.421204,0.006873,0.007211
204,4,0,0,47.536,94.0,18.2,0.005293907,74.2425149817914,6.553344727,0.0,0.012271484,-0.179919481,2.004919481,2394.052804,721.144104,906.903076,0.006705,0.007135
205,4,0,0,47.536,94.0,18.2,0.005302527,74.281570589752,6.333618164,0.0,0.012271484,-0.144256353,1.969256353,2410.771117,674.261719,647.256287,0.006922,0.00723
206,4,0,0,47.8755,94.0,18.1,0.005309322,74.3202978440724,6.333618164,0.0,-0.003259613,-0.085511446,1.910511446,2426.172259,636.074707,666.019897,0.007081,0.007307
207,4,0,0,48.1334,96.0,18.1,0.005308003,74.3886336391524,7.695922852,0.0,-0.010162323,-0.009614706,1.834614706,2443.040875,664.508911,664.226685,0.00711,0.007309
208,4,0,0,47.8755,96.0,18.1,0.005293831,74.5211676483592,7.388305664,0.0,-0.000959,0.036556482,1.788443518,2458.551189,825.850525,656.687927,0.006957,0.007139
209,4,0,0,47.2012,95.0,18.1,0.005267709,74.6449537520346,7.212524414,0.0,-0.000959,0.082195997,1.742804003,2475.523192,584.202271,651.354492,0.006979,0.007164
210,4,0,0,46.4649,94.0,18.1,0.005245475,74.7434074922644,7.212524414,0.0,-0.000959,0.121419191,1.703580809,2490.419442,618.743713,667.43988,0.007339,0.007454
211,4,0,0,45.8295,94.0,18.1,0.005224281,74.8479325642046,7.212524414,0.0,-0.030103485,0.160070181,1.664929819,2508.210848,615.972778,665.498718,0.00732,0.007426
212,4,0,0,45.6734,91.0,18.1,0.00520473,74.9465268320032,7.212524414,0.0,-0.032404388,0.1670506,1.6579494,2522.459314,647.210693,656.419189,0.00744,0.007559
213,4,0,0,45.7513,89.0,18.1,0.005177082,75.0485309050202,7.124633789,0.0,-0.005560516,0.087935686,1.737064314,2540.143842,679.550476,696.927307,0.007102,0.007323
214,4,0,0,45.9867,90.0,18.4,0.00514902,75.1393985866382,7.168579102,0.0,0.009203613,-0.020122766,1.845122766,2554.880914,666.781677,665.29187,0.007303,0.007425
215,4,0,0,46.145,91.0,18.4,0.005113686,75.2525767257036,7.476196289,0.0,0.026843872,-0.134312391,1.959312391,2571.62413,689.992004,654.075195,0.007497,0.007601
216,4,0,0,46.0658,91.0,18.4,0.005080755,75.3914179958648,7.959594727,0.0,0.023776001,-0.186663389,2.011663389,2586.913309,734.090271,894.612122,0.007394,0.007582
217,4,0,0,45.908,92.0,18.4,0.005045744,75.2879179125706,0.0,17.29431152,0.018407227,-0.178951979,2.003951979,2603.529399,705.578491,641.723694,0.007564,0.007796
218,4,0,0,45.9867,92.0,18.3,0.005020711,74.8249706137384,0.0,2.499389648,-0.032404388,-0.129355192,1.954355192,2618.02856,684.677307,656.060486,0.007572,0.007729
219,4,0,0,46.145,92.0,18.3,0.004999039,74.2537150225874,0.0,0.0,-0.005560516,-0.118169546,1.943169546,2635.230071,669.729126,667.650879,0.007506,0.007568
220,4,0,0,46.3846,94.0,18.3,0.004987625,74.1284085271338,5.58380127,0.0,0.009203613,-0.177220583,2.002220583,2649.614388,630.716675,647.753784,0.00762,0.007728
221,4,0,0,46.6266,94.0,18.3,0.004985732,73.784095995571,0.0,0.0,0.023009033,-0.23678422,2.06178422,2666.007536,637.776306,658.827271,0.007633,0.007734
222,4,0,0,46.9532,91.0,18.3,0.004995904,73.3132103053208,0.0,0.0,0.023776001,-0.241551161,2.066551161,2681.016526,642.755615,665.518616,0.007645,0.007705
223,4,0,0,47.2012,89.0,18.3,0.005019452,72.7751740023402,0.0,0.0,-0.001725677,-0.179582357,2.004582357,2697.380834,627.072693,661.601318,0.007694,0.007684
224,4,0,0,47.2012,88.0,18.3,0.005044171,72.7978199588974,8.885192871,0.0,0.001533936,-0.087699652,1.912699652,2712.374499,603.081726,663.65271,0.007864,0.007898
225,4,0,0,47.2012,85.0,18.3,0.005069555,73.0020178943976,8.973083496,0.0,-0.004793549,0.021313906,1.803686094,2728.703005,586.197876,664.286072,0.007892,0.007855
226,4,0,0,47.1182,83.0,18.2,0.005089776,73.4281776120378,11.83227539,0.0,-0.004793549,0.09686923,1.72813077,2742.958527,623.132324,672.897827,0.007729,0.007811
227,4,0,0,47.2012,83.0,18.2,0.005120111,73.9313525045922,11.30218506,0.0,0.0,0.166725874,1.658274126,2759.964188,0.0,0.0,0.0,0.0
228,4,0,0,47.2845,83.0,18.2,0.005156302,74.3079887427088,9.280700684,0.0,-0.02166684,0.19901824,1.62598176,2774.274647,664.045715,495.040497,0.006527,0.006823
229,4,0,0,47.4518,85.0,18.2,0.00520043,74.500514215656,7.476196289,0.0,-0.005560516,0.183656454,1.641343546,2790.659536,728.81073,591.438721,0.008036,0.007902
230,4,0,0,47.7051,88.0,18.5,0.005232038,74.6339148544528,7.651977539,0.0,0.010737549,0.143569708,1.681430292,2805.704689,614.841003,429.273712,0.008062,0.008022
231,4,0,0,48.0471,89.0,18.5,0.005256969,74.796644121503,8.223266602,0.0,0.023776001,0.114134073,1.710865927,2822.140691,769.879822,891.429871,0.007766,0.008406
232,4,0,0,48.1334,90.0,18.4,0.005275965,74.935064661908,7.695922852,0.0,-0.02856955,0.139767408,1.685232592,2836.541811,635.109314,454.242706,0.007724,0.00787
233,4,0,0,48.22,93.0,18.4,0.005302735,75.0960563245602,7.695922852,0.0,-0.046976776,0.151775599,1.673224401,2853.709588,664.284729,678.527222,0.007755,0.007749
234,4,0,0,48.394,93.0,18.4,0.005330212,75.222321793533,7.651977539,0.0,0.003834839,0.033206701,1.791793299,2867.458675,616.968018,669.319092,0.007572,0.0076
235,4,0,0,48.4816,92.0,18.4,0.005361072,75.3568617163026,7.564086914,0.0,-0.005560516,-0.1349895,1.9599895,2884.65401,682.446594,828.838806,0.007003,0.006639
236,4,0,0,48.6575,92.0,18.7,0.005386282,75.4721844940388,7.695922852,0.0,0.016106323,-0.278243303,2.103243303,2899.106366,649.882324,655.080872,0.007489,0.007677
237,4,0,0,48.8348,88.0,18.7,0.005415975,75.6227074643646,7.915649414,0.0,0.036047485,-0.427247763,2.252247763,2915.643774,671.661072,665.543518,0.007458,0.007609
238,4,0,0,48.8348,87.0,18.6,0.005438107,75.7584866433078,8.223266602,0.0,0.04141626,-0.485567331,2.310567331,2930.831678,660.737793,671.815979,0.007414,0.007626
239,4,0,0,48.9239,90.0,18.6,0.005443886,75.926794848402,7.827758789,0.0,0.009203613,-0.455458879,2.280458879,2947.427239,651.089294,661.196106,0.007474,0.007684
240,4,0,0,49.1031,92.0,19.1,0.005429942,76.053331619912,7.783813477,0.0,0.0,-0.362561941,2.187561941,2962.663222,649.601807,651.548889,0.007639,0.00778
241,4,0,0,49.1932,93.0,19.1,0.005405442,76.1959684862764,7.608032227,0.0,0.009203613,-0.231403589,2.056403589,2979.309379,708.266174,667.61792,0.00769,0.007731
242,4,0,0,49.3744,94.0,19.3,0.005383361,76.295650426514,7.256469727,0.0,0.001533936,-0.088208914,1.913208914,2993.895689,646.97229,731.442078,0.007412,0.007577
243,4,0,0,49.4655,96.0,19.3,0.00535502,76.4861290281954,11.17034912,0.0,-0.030103485,0.098664045,1.726335955,3011.284593,731.178101,657.299072,0.007393,0.007569
244,4,0,0,49.557,95.0,19.5,0.005326489,76.7651051560098,9.412536621,0.0,-0.030103485,0.22557044,1.59942956,3025.913847,641.222717,654.532715,0.007241,0.007454
245,4,0,0,49.557,94.0,19.5,0.00529228,77.0304119200124,9.280700684,0.0,-0.017832001,0.279937506,1.545062494,3042.666494,632.298401,676.994507,0.006731,0.006719
246,4,0,0,49.6487,94.0,19.6,0.005259919,77.250363137597,9.324645996,0.0,-0.016298065,0.263595343,1.561404657,3057.995715,593.840698,656.83429,0.007251,0.007448
247,4,0,0,49.7409,92.0,19.6,0.005215796,77.4988346602332,9.324645996,0.0,-0.008628387,0.204396009,1.620603991,3074.598664,614.56427,661.887207,0.007132,0.007457
248,4,0,0,49.8333,91.0,19.8,0.005172137,77.7120351632264,9.280700684,0.0,0.003834839,0.129804373,1.695195627,3089.029049,650.701477,671.184021,0.006997,0.007255
249,4,0,0,49.9261,92.0,19.8,0.005125999,77.9525087327712,9.104919434,0.0,0.005368774,0.04004693,1.78495307,3106.171497,683.821289,666.833801,0.007066,0.007309
250,4,0,0,50.0193,92.0,19.9,0.00509816,78.1299268483364,8.709411621,0.0,0.010737549,-0.017082453,1.842082453,3120.477071,912.437317,664.180603,0.007104,0.007419
251,4,0,0,50.0193,90.0,19.9,0.005085011,78.3288408378146,8.618774414,0.0,0.008436646,-0.059053183,1.884053183,3136.69996,1020.415771,664.707214,0.007306,0.007536
252,4,0,0,50.0193,90.0,20.0,0.005087697,78.4755128667346,8.311157227,0.0,0.008436646,-0.078796148,1.903796148,3150.840328,0.0,0.0,0.0,0.0
253,4,0,0,50.1128,90.0,20.0,0.005104701,78.6123096957334,7.783813477,0.0,-0.007094452,-0.076522112,1.901522112,3167.730556,682.046021,670.683777,0.007458,0.007648
254,4,0,0,50.3008,90.0,20.1,0.005132923,78.6946940795028,7.300415039,0.0,-0.003259613,-0.072069407,1.897069407,3181.999692,735.518921,684.131775,0.007592,0.007741
255,4,0,0,50.3008,91.0,20.1,0.005178655,78.3356437433022,0.0,184.5794678,0.001533936,-0.085477591,1.910477591,3198.418852,668.441284,669.489502,0.007482,0.007642
256,4,0,0,50.5855,93.0,20.2,0.005222167,77.8134878119858,0.0,233.3587646,0.0,-0.081553221,1.906553221,3213.556233,644.109924,665.06842,0.007452,0.00758
257,4,0,0,50.5855,95.0,20.2,0.005268162,77.2190814947866,0.0,55.23376465,0.00690271,-0.073763609,1.898763609,3230.11367,724.266479,888.514404,0.007423,0.007698
258,4,0,0,50.8735,97.0,20.3,0.005310099,76.6867352869638,0.0,0.0,-0.010162323,-0.061640978,1.886640978,3244.630351,718.396484,887.460205,0.007268,0.007472
259,4,0,0,50.3954,97.0,20.3,0.005368875,76.7510737067914,5.58380127,0.0,0.001533936,-0.058938742,1.883938742,3261.950728,723.758728,890.463806,0.00733,0.007573
260,4,0,0,50.6812,94.0,20.0,0.005428603,76.2965352094592,0.0,28.28063965,0.003834839,-0.061608076,1.886608076,3276.531494,641.423218,669.851013,0.007093,0.007274
261,4,0,0,50.3954,94.0,20.0,0.005494485,75.7157471917136,0.0,3.378295898,-0.007094452,-0.056437731,1.881437731,3293.228635,724.219971,891.982605,0.00756,0.007638
262,4,0,0,48.746,93.0,20.1,0.005538246,75.2128694316034,0.0,0.0,-0.003259613,-0.054229498,1.879229498,3308.563347,709.520691,636.590088,0.007316,0.007476
263,4,0,0,46.7893,90.0,20.1,0.005567464,74.6410059444542,0.0,0.0,0.0,-0.06148982,1.88648982,3325.322588,673.687988,409.449585,0.007404,0.007587
264,4,0,0,45.6734,90.0,19.9,0.005575603,74.1474882989048,0.0,0.0,0.009203613,-0.057088614,1.882088614,3340.014874,715.291687,904.786011,0.007412,0.00768
265,4,0,0,45.2876,91.0,19.9,0.005563733,73.6051378864664,6.992797852,0.0,0.00690271,-0.034972906,1.859972906,3357.542378,648.807922,791.267883,0.007177,0.007626
266,4,0,0,45.4411,89.0,20.0,0.005534226,73.7074805968062,6.421508789,0.0,-0.001725677,-0.011307001,1.836307001,3372.298652,686.323608,672.198181,0.007317,0.007596
267,4,0,0,45.908,88.0,20.0,0.005482674,73.757939553485,6.377563477,0.0,-0.004793549,0.023237467,1.801762533,3389.195328,741.77179,900.59137,0.007388,0.007508
268,4,0,0,46.5456,90.0,20.1,0.005432435,73.7975621158342,6.333618164,0.0,-0.013997162,0.040556192,1.784443808,3404.712282,695.792908,883.276489,0.007467,0.007603
269,4,0,0,46.7893,88.0,20.1,0.005383594,73.8356980181716,6.201782227,0.0,-0.000959,0.023578405,1.801421595,3421.665397,654.791321,668.406616,0.007498,0.007648
270,4,0,0,46.3044,88.0,19.9,0.005348803,73.9108129166006,9.017028809,0.0,-0.001725677,-0.007333517,1.832333517,3437.246503,718.882507,888.235474,0.007336,0.00758
271,4,0,0,45.4411,89.0,19.9,0.005308209,74.1499749223256,7.739868164,0.0,-0.001725677,-0.047020674,1.872020674,3454.315174,657.307129,434.10611,0.007581,0.007721
272,4,0,0,45.0593,88.0,20.0,0.005269698,74.2966069913334,7.651977539,0.0,-0.001725677,-0.086057901,1.911057901,3469.301194,0.0,0.0,0.008052,0.008233
273,4,0,0,45.1351,86.0,20.0,0.005228613,74.4490761526146,7.695922852,0.0,-0.000959,-0.131454229,1.956454229,3487.201995,690.495728,659.093323,0.007365,0.007527
274,4,0,0,45.3642,86.0,19.8,0.00520137,74.5997154943158,9.148864746,0.0,0.016106323,-0.176168203,2.001168203,3501.56906,687.048889,689.127686,0.007575,0.007761
275,4,0,0,45.908,87.0,19.8,0.005184149,74.8376508932796,6.597290039,0.0,0.016106323,-0.197614908,2.022614908,3517.419572,683.283691,677.727295,0.007588,0.007704
276,4,0,0,46.3044,85.0,19.6,0.005176109,74.9269313955094,7.300415039,0.0,0.008436646,-0.178365469,2.003365469,3534.762111,716.164307,837.990112,0.007633,0.007741
277,4,0,0,46.7078,85.0,19.6,0.005181387,75.0211757299418,7.168579102,0.0,-0.000959,-0.136915445,1.961915445,3549.975507,719.499878,894.549927,0.00756,0.007658
278,4,0,0,47.0356,87.0,19.8,0.005207133,74.8929526115128,0.0,0.0,-0.000959,-0.086398363,1.911398363,3568.129813,691.624084,663.069275,0.007425,0.007594
279,4,0,0,47.2012,87.0,19.8,0.005247745,74.7967068374828,7.608032227,0.0,-0.005560516,-0.050920725,1.875920725,3583.407911,611.210083,207.272507,0.00637,0.0
280,4,0,0,47.4518,89.0,19.6,0.005305519,74.9477105498534,7.695922852,0.0,-0.001725677,-0.021722555,1.846722555,3600.891283,650.079224,660.188293,0.007466,0.007603
281,4,0,0,47.6204,90.0,19.6,0.005353117,75.1022903283578,7.915649414,0.0,0.012271484,-0.009452105,1.834452105,3616.863005,709.738708,893.22467,0.007639,0.007824
282,4,0,0,47.0356,87.0,19.4,0.005390861,75.0645412630762,0.0,0.0,0.010737549,0.017286539,1.807713461,3634.148173,633.750183,678.8396,0.007649,0.007832
283,4,0,0,45.5183,85.0,19.4,0.005406307,74.9359677591424,6.026000977,0.0,-0.005560516,0.064138651,1.760861349,3649.867233,647.165894,658.93042,0.007535,0.007663
284,4,0,0,43.5939,86.0,19.6,0.005409979,74.9444290251264,6.289672852,0.0,-0.005560516,0.117455244,1.707544756,3666.91169,639.249207,640.889282,0.00741,0.007489
285,4,0,0,41.6955,85.0,19.6,0.005407008,74.9578879033596,6.069946289,0.0,-0.005560516,0.152510405,1.672489595,3681.814274,591.811218,658.840271,0.007286,0.007492
286,4,0,0,40.3161,85.0,19.4,0.005396799,74.9635958300046,5.982055664,0.0,0.001533936,0.176593065,1.648406935,3699.424682,863.1474,664.436096,0.00725,0.007438
287,4,0,0,39.4267,87.0,19.4,0.005375043,74.9605438293484,5.938110352,0.0,0.001533936,0.191430807,1.633569193,3714.100412,627.359314,659.291016,0.007141,0.007316
288,4,0,0,39.1389,88.0,19.3,0.005331258,74.9564814689468,5.938110352,0.0,-0.003259613,0.21195817,1.61304183,3730.743054,714.983826,667.913574,0.007226,0.007457
289,4,0,0,39.3688,89.0,19.3,0.005283779,74.9518129506342,5.894165039,0.0,0.0,0.231183767,1.593816233,3745.192878,635.196594,665.942078,0.007027,0.007258
290,4,0,0,40.0152,91.0,19.2,0.005232153,74.964202728212,8.486938477,0.0,-0.016298065,0.26432538,1.56067462,3762.26719,639.450012,741.985718,0.007151,0.007319
291,4,0,0,40.745,89.0,19.2,0.005196069,75.1732317897384,8.399047852,0.0,0.00690271,0.276198626,1.548801374,3776.596355,669.568787,665.859924,0.007066,0.007274
292,4,0,0,40.745,87.0,19.1,0.005168159,75.363480465014,8.223266602,0.0,0.013038452,0.276402235,1.548597765,3792.985048,625.058228,668.399109,0.007263,0.00741
293,4,0,0,39.6015,87.0,19.1,0.005155956,75.5290897908348,8.091430664,0.0,0.003067871,0.318621397,1.506378603,3807.33425,670.07959,665.614197,0.007476,0.007557
294,4,0,0,38.8553,86.0,19.3,0.005154958,75.7022955555104,8.047485352,0.0,-0.010162323,0.381423235,1.443576765,3824.425372,0.0,0.0,0.0,0.0
295,4,0,0,38.0826,83.0,19.3,0.005164092,75.54072576965,0.0,14.36462402,-0.003259613,0.413655996,1.411344004,3838.807908,602.47699,420.299988,0.007482,0.007661
296,4,0,0,37.814,83.0,19.1,0.005182825,75.0508659929866,5.188293457,0.0,-0.025501678,0.42648387,1.39851613,3855.292123,695.961182,239.886795,0.0,0.006582
297,4,0,0,38.41,84.0,19.1,0.005199739,75.0022064393618,5.364074707,0.0,-0.024734711,0.382584333,1.442415667,3870.436603,723.35022,664.406494,0.007381,0.007557
298,4,0,0,39.0819,83.0,19.0,0.005208938,74.8668689437816,3.869934082,0.0,0.0,0.265241861,1.559758139,3886.994248,664.208618,668.41333,0.007306,0.007487
299,4,0,0,39.7777,84.0,19.0,0.005203201,74.6387748359452,2.28515625,0.0,0.016106323,0.135975122,1.689024878,3902.220517,721.769714,891.800171,0.00714,0.00739
300,4,0,0,40.3768,86.0,19.2,0.005184946,74.2879288345976,2.373046875,0.0,0.023009033,0.023971796,1.801028204,3918.860534,685.486511,751.045715,0.007466,0.007649
301,4,0,0,40.9942,85.0,19.2,0.005166809,74.0026657396062,3.210754395,0.0,0.017640259,-0.025767565,1.850767565,3933.443594,643.857117,653.782104,0.007224,0.0075
302,4,0,0,41.5019,87.0,19.1,0.005148865,73.9277110187874,5.58380127,0.0,0.017640259,-0.03154397,1.85654397,3950.790541,720.36438,906.4151,0.0074,0.007587
303,4,0,0,41.891,87.0,19.1,0.005136617,73.9069859543608,5.58380127,0.0,0.013038452,0.007042646,1.817957354,3965.336571,678.720825,722.661194,0.0073,0.00749
304,4,0,0,42.2874,86.0,19.0,0.00513062,73.8847912245528,5.58380127,0.0,0.003834839,0.086293459,1.738706541,3981.994514,799.06781,645.800293,0.007111,0.007384
305,4,0,0,42.6236,86.0,19.0,0.005136047,73.8658242514224,5.58380127,0.0,0.003834839,0.165426493,1.659573507,3997.299513,639.410706,661.260986,0.007216,0.007388
306,4,0,0,42.8964,88.0,18.9,0.005153192,73.8443832077232,5.58380127,0.0,0.001533936,0.267321348,1.557678652,4013.965514,660.099915,664.005981,0.007367,0.007488
307,4,0,0,43.2423,89.0,18.9,0.005173443,73.8264230216034,5.58380127,0.0,-0.030870453,0.359144926,1.465855074,4028.535531,659.450073,667.499817,0.007435,0.007623
308,4,0,0,43.4526,89.0,18.8,0.00519917,73.8047835945624,5.58380127,0.0,-0.012463226,0.412022829,1.412977171,4045.884802,711.651306,881.731201,0.007402,0.007616
309,4,0,0,43.6649,92.0,18.8,0.005222945,73.786231992086,5.58380127,0.0,-0.012463226,0.401418447,1.423581553,4059.765923,773.985718,663.971619,0.007442,0.007676
310,4,0,0,43.9512,93.0,18.7,0.005249264,73.7657248322954,5.58380127,0.0,-0.012463226,0.358030558,1.466969442,4077.117405,619.977905,650.8479,0.007393,0.007635
311,4,0,0,44.1684,92.0,18.7,0.005271079,73.7479637859072,5.58380127,0.0,-0.012463226,0.291769266,1.533230734,4091.691826,776.023682,688.25531,0.007244,0.007493
312,4,0,0,44.3878,93.0,18.4,0.005301458,73.7276760274388,5.58380127,0.0,0.003067871,0.184595823,1.640404177,4108.347097,1050.509155,653.468689,0.007281,0.00739
313,4,0,0,44.5353,92.0,18.4,0.005337629,73.7104505211224,5.58380127,0.0,-0.003259613,0.07622695,1.74877305,4123.624049,697.199402,879.066223,0.006921,0.007203
314,4,0,0,44.7583,90.0,18.0,0.005380901,73.690647656796,5.58380127,0.0,0.005368774,-0.047841787,1.872841787,4140.339175,706.580078,706.29303,0.007148,0.007362
315,4,0,0,44.9836,90.0,18.0,0.00540872,73.6739801086576,5.58380127,0.0,0.010737549,-0.149995565,1.974995565,4155.702112,555.993103,678.215088,0.0,0.006748
316,4,0,0,45.0593,90.0,18.0,0.005429811,73.6554969514114,5.58380127,0.0,-0.004793549,-0.243408918,2.068408918,4172.502855,655.010193,481.974304,0.00754,0.007626
317,4,0,0,45.2112,88.0,18.0,0.005450864,73.6385644737222,5.58380127,0.0,0.008436646,-0.316759348,2.141759348,4187.221245,665.017395,671.722473,0.007518,0.007626
318,4,0,0,45.4411,87.0,17.7,0.005490891,73.6202104177308,5.58380127,0.0,0.016106323,-0.397495031,2.222495031,4204.634526,759.897888,205.112793,0.0,0.006621
319,4,0,0,45.5183,88.0,17.7,0.005539848,73.6071903582354,5.850219727,0.0,0.025309937,-0.433433771,2.258433771,4219.219998,0.0,0.0,0.0,0.0
320,4,0,0,45.7513,89.0,17.5,0.005594167,73.6044899018088,5.671691895,0.0,0.023009033,-0.419821024,2.244821024,4235.91337,666.343811,647.420288,0.00732,0.007519
321,4,0,0,45.8295,90.0,17.5,0.005617093,73.591132186688,5.58380127,0.0,0.023776001,-0.356266737,2.181266737,4251.11991,675.677612,654.790894,0.007339,0.007563
322,4,0,0,45.9867,92.0,17.5,0.005597878,73.5727527674982,5.58380127,0.0,-0.016298065,-0.221968889,2.046968889,4267.632276,729.250183,896.843811,0.007268,0.007559
323,4,0,0,46.145,94.0,17.5,0.005548532,73.4790194789828,0.834960938,0.0,-0.007094452,-0.111881018,1.936881018,4282.019628,682.086487,705.909607,0.007587,0.007713
324,4,0,0,46.3846,95.0,17.3,0.00548332,73.2958668665692,4.88067627,0.0,-0.024734711,-0.028900385,1.853900385,4299.130842,640.731689,428.64389,0.007501,0.007731
325,4,0,0,46.3846,95.0,17.3,0.005442148,73.1719372741394,4.045715332,0.0,-0.024734711,-0.005999327,1.830999327,4313.499551,586.371399,657.853516,0.007681,0.007731
326,4,0,0,46.6266,95.0,17.0,0.00542771,73.0329804211794,4.17755127,0.0,-0.017832001,-0.050503016,1.875503016,4329.91586,665.168701,659.356384,0.00752,0.007705
327,4,0,0,46.7893,94.0,17.0,0.00544349,72.9205862238148,4.441223145,0.0,0.0,-0.140935183,1.965935183,4344.959495,611.853882,139.522797,0.006615,0.006671
328,4,0,0,46.7078,91.0,16.8,0.005482443,72.8091834603572,4.35333252,0.0,0.0,-0.250327349,2.075327349,4361.36588,680.99353,725.94043,0.00746,0.007635
329,4,0,0,46.8711,90.0,16.8,0.005517473,72.7315292648092,5.58380127,0.0,0.009203613,-0.351821184,2.176821184,4375.717567,657.487793,662.731506,0.007297,0.007454
330,4,0,0,47.0356,90.0,17.0,0.005538166,72.7294682796316,6.113891602,0.0,0.021475098,-0.438604593,2.263604593,4392.79777,602.40509,665.868286,0.007329,0.007489
331,4,0,0,46.8711,89.0,17.0,0.005532768,72.786104269472,6.465454102,0.0,0.025309937,-0.468734026,2.293734026,4407.140891,658.064819,665.078613,0.007155,0.007345
332,4,0,0,47.368,89.0,17.1,0.005506117,72.8508800113512,6.509399414,0.0,0.001533936,-0.44163394,2.26663394,4423.52822,656.204895,670.573303,0.007188,0.007347
333,4,0,0,47.4518,91.0,17.1,0.005476403,72.9250051013066,6.553344727,0.0,0.001533936,-0.398844481,2.223844481,4437.862992,724.218872,903.955078,0.007468,0.007622
334,4,0,0,47.4518,91.0,17.1,0.005444366,72.9638793366492,5.982055664,0.0,0.003834839,-0.345781088,2.170781088,4454.923387,662.517883,662.504211,0.007449,0.007637
335,4,0,0,47.7051,91.0,17.1,0.005416855,72.982642261561,5.938110352,0.0,-0.008628387,-0.296162844,2.121162844,4469.250172,644.385498,444.524811,0.007148,0.007384
336,4,0,0,47.7051,91.0,16.9,0.005381326,73.0078329708998,6.026000977,0.0,-0.007094452,-0.248248816,2.073248816,4485.619525,634.74823,665.155212,0.007248,0.007464
337,4,0,0,47.8755,91.0,16.9,0.005347155,73.0365283238632,6.026000977,0.0,0.0,-0.223587751,2.048587751,4500.620842,656.82251,687.00531,0.006932,0.007172
338,4,0,0,47.8755,87.0,17.0,0.005311034,73.0773225661994,6.113891602,0.0,0.0,-0.198753119,2.023753119,4516.981658,723.649719,913.650696,0.006565,0.007025
339,4,0,0,47.9612,86.0,17.0,0.005285614,73.0983382452432,5.894165039,0.0,0.0,-0.177184343,2.002184343,4531.294227,665.383728,667.039001,0.006969,0.007396
340,4,0,0,48.0471,86.0,17.1,0.005260935,73.1170954891848,5.938110352,0.0,0.001533936,-0.152206182,1.977206182,4548.332031,646.378418,668.367798,0.00698,0.007208
341,4,0,0,48.1334,85.0,17.1,0.005240317,73.145989466891,6.333618164,0.0,0.003067871,-0.129130602,1.954130602,4562.640479,627.182373,662.840271,0.00687,0.007102
342,4,0,0,48.3068,84.0,16.9,0.005217875,73.2044074306332,6.333618164,0.0,0.003067871,-0.095494032,1.920494032,4578.988593,635.750916,667.455872,0.006869,0.007085
343,4,0,0,48.3068,86.0,16.9,0.005202492,73.255329474897,6.377563477,0.0,0.003067871,-0.059684515,1.884684515,4593.945023,601.882874,663.472229,0.007157,0.007277
344,4,0,0,48.4816,86.0,17.0,0.005194681,73.2701731580134,5.671691895,0.0,0.001533936,-0.007655382,1.832655382,4610.225635,649.789001,423.229706,0.00685,0.007003
345,4,0,0,48.5694,85.0,17.0,0.005198685,73.2654302077258,5.671691895,0.0,0.009203613,0.05415225,1.77084775,4625.119758,658.21167,677.466125,0.006889,0.007108
346,4,0,0,48.5694,87.0,17.1,0.005213923,73.2640583097494,5.850219727,0.0,0.001533936,0.14844203,1.67655797,4641.336506,652.147705,679.290527,0.006809,0.007118
347,4,0,0,48.746,90.0,17.1,0.005232965,73.285942179443,6.069946289,0.0,0.003067871,0.253161669,1.571838331,4655.502627,662.601318,713.717896,0.007046,0.007203
348,4,0,0,48.8348,90.0,17.2,0.005255457,73.3092030648142,5.938110352,0.0,0.0,0.375478506,1.449521494,4672.343037,0.0,0.0,0.0,0.0
349,4,0,0,48.9239,88.0,17.2,0.005274619,73.3262005115592,5.982055664,0.0,-0.007094452,0.477091551,1.347908449,4685.810719,671.713196,664.080872,0.007441,0.007486
350,4,0,0,49.0134,88.0,17.0,0.005303286,73.3526952047264,6.069946289,0.0,-0.053879486,0.577326059,1.247673941,4702.656246,684.991272,674.235718,0.007567,0.007625
351,4,0,0,49.1031,86.0,17.0,0.005337869,73.3708718631696,5.982055664,0.0,-0.039307098,0.560574293,1.264425707,4716.819929,685.128601,678.166992,0.007641,0.007761
352,4,0,0,49.1932,83.0,17.1,0.005384824,73.391784608827,6.026000977,0.0,-0.010929291,0.412623167,1.412376833,4733.02493,0.0,0.0,0.00757,0.007618
353,4,0,0,49.2837,83.0,17.1,0.005429325,73.3425567167812,0.0,9.530639648,-0.003259613,0.231942892,1.593057108,4747.887647,727.723572,899.126404,0.007548,0.007728
354,4,0,0,49.2837,85.0,17.2,0.00548176,72.780871500462,0.0,13.04626465,0.001533936,0.000539,1.824460936,4764.106551,764.470215,743.538513,0.007514,0.007707
355,4,0,0,49.3744,87.0,17.2,0.00552597,72.9536938076958,12.88696289,0.0,0.019941162,-0.163926363,1.988926363,4778.303678,676.806885,661.237793,0.007494,0.007643
356,4,0,0,49.557,90.0,17.3,0.0055676,73.5253956849222,12.53540039,0.0,0.02761084,-0.321424246,2.146424246,4795.213331,720.78241,636.736877,0.007549,0.0
357,4,0,0,49.557,93.0,17.3,0.005590007,74.0174621725002,12.2277832,0.0,0.03451355,-0.404825926,2.229825926,4809.424775,732.076477,645.445801,0.007509,0.00839
358,4,0,0,49.4655,96.0,17.3,0.005598581,74.5319830568952,11.78833008,0.0,0.014572388,-0.410906553,2.235906553,4825.670848,663.026917,675.777893,0.00757,0.00762
359,4,0,0,49.4655,98.0,17.3,0.00559978,74.9538017408194,11.25823975,0.0,0.00690271,-0.366675615,2.191675615,4840.568861,608.429321,660.199829,0.007613,0.007705
360,4,0,0,49.8333,97.0,17.1,0.00560543,75.3000756555072,9.280700684,0.0,0.009203613,-0.29385829,2.11885829,4856.834007,782.99353,895.059509,0.007682,0.0
361,4,0,0,50.0193,97.0,17.1,0.005617893,75.2794285153234,0.0,15.97595215,0.012271484,-0.2168715,2.0418715,4871.755785,707.40863,650.167114,0.007722,0.0
362,4,0,0,50.0193,96.0,17.2,0.005641392,74.704734875037,0.0,0.0,-0.001725677,-0.091828108,1.916828108,4888.037203,646.083374,440.713287,0.007447,0.007637
363,4,0,0,50.2066,94.0,17.2,0.005664879,74.3059616180448,0.483398438,0.0,-0.001725677,0.023180246,1.801819754,4902.282262,651.91571,656.020081,0.007536,0.00766
364,4,0,0,50.2066,93.0,17.0,0.005683117,73.757108007507,2.680664063,0.0,-0.001725677,0.150254965,1.674745035,4919.241839,0.0,0.0,0.006945,0.007474
365,4,0,0,50.3008,94.0,17.0,0.005683403,73.702554680654,5.58380127,0.0,-0.007094452,0.254698515,1.570301485,4933.493145,728.663208,899.490417,0.007607,0.007739
366,4,0,0,50.3954,92.0,17.1,0.005666972,73.6843076779594,5.58380127,0.0,0.001533936,0.355506182,1.469493818,4947.748127,659.306824,665.060608,0.007536,0.007622
367,4,0,0,50.4903,92.0,17.1,0.005632538,73.66478813794,5.58380127,0.0,-0.020132904,0.449001551,1.375998449,4964.724447,646.842407,657.990112,0.007311,0.007507
368,4,0,0,50.5855,94.0,17.2,0.005597977,73.6479439486432,5.58380127,0.0,-0.010162323,0.496633768,1.328366232,4978.309956,670.03479,668.390381,0.007169,0.007414
369,4,0,0,50.5855,95.0,17.2,0.005563594,73.6320029692346,5.627746582,0.0,-0.000959,0.518337488,1.306662512,4995.295839,706.309387,899.703125,0.007245,0.007434
370,4,0,0,50.6812,94.0,17.2,0.005537307,73.6173950222414,5.58380127,0.0,-0.000959,0.526001692,1.298998308,5009.549257,665.079529,652.288086,0.007397,0.007518
371,4,0,0,50.7771,95.0,17.2,0.005507827,73.59875369906,5.58380127,0.0,-0.008628387,0.531878233,1.293121767,5025.728964,633.081726,664.223816,0.007056,0.007277
372,4,0,0,50.7771,94.0,17.3,0.005486969,73.583985027281,5.627746582,0.0,-0.008628387,0.524437666,1.300562334,5040.607083,668.303589,686.002075,0.006842,0.007111
373,4,0,0,50.8735,93.0,17.3,0.00547521,73.5692723927208,5.627746582,0.0,-0.008628387,0.491642714,1.333357286,5056.972062,659.029419,671.319885,0.006852,0.007111
374,4,0,0,50.9702,94.0,17.1,0.005472211,73.5607873085048,6.069946289,0.0,-0.008628387,0.444986105,1.380013895,5072.089488,643.305603,672.794373,0.006832,0.007047
375,4,0,0,50.9702,94.0,17.1,0.005467707,73.5757685097242,5.938110352,0.0,-0.010162323,0.364803553,1.460196447,5088.696616,726.822998,898.736206,0.00714,0.007399
376,4,0,0,51.0673,92.0,17.2,0.005460105,73.5831381442928,5.850219727,0.0,-0.017832001,0.277670622,1.547329378,5103.311986,675.926819,668.388428,0.007133,0.007351
377,4,0,0,51.0673,93.0,17.2,0.005447103,73.6095521773392,6.421508789,0.0,-0.14208078,0.12980628,1.69519372,5120.747306,685.004822,679.668091,0.007338,0.007479
378,4,0,0,50.5855,93.0,17.3,0.005431726,73.6519591392894,6.509399414,0.0,-0.048510712,-0.236568689,2.061568689,5133.225579,677.69458,668.785278,0.00713,0.007331
379,4,0,0,50.4903,92.0,17.3,0.005405298,73.7249364801436,6.904907227,0.0,0.045251099,-0.884157896,2.709157896,5147.695636,738.055786,658.901489,0.007295,0.0
380,4,0,0,50.3954,93.0,17.3,0.005372043,73.811261252436,6.948852539,0.0,0.046785034,-1.449483395,3.274483395,5162.072856,667.912292,672.090027,0.007202,0.007333
381,4,0,0,50.2066,94.0,17.3,0.005331151,73.895682883618,6.729125977,0.0,0.029144775,1.678818464,3.796181536,5179.133112,676.912903,672.798523,0.007225,0.007387
382,4,0,0,50.4903,95.0,17.4,0.005298966,74.2872889610136,13.89770508,0.0,0.04141626,1.306404591,4.168595409,5193.459778,724.882324,896.868103,0.007061,0.007319
383,4,0,0,50.5855,97.0,17.4,0.005275895,74.8207046557334,10.77484131,0.0,0.036047485,1.002558231,4.472441769,5209.828975,670.925903,673.133179,0.007052,0.007242
384,4,0,0,50.7771,98.0,17.7,0.005270978,75.1356985530442,10.027771,0.0,0.009203613,0.810636282,4.664363718,5224.830178,697.272522,725.065308,0.007421,0.00752
385,4,0,0,50.8735,97.0,17.7,0.005281099,75.5222672513992,10.90667725,0.0,0.017640259,0.644766569,4.830233431,5241.191515,689.732422,676.873718,0.007232,0.00738
386,4,0,0,50.9702,93.0,17.8,0.005302858,75.894974414653,11.17034912,0.0,0.014572388,0.533638239,4.941361761,5255.504274,748.913574,654.360901,0.00692,0.007108
387,4,0,0,51.0673,92.0,17.8,0.005341387,76.2596271691682,10.11566162,0.0,0.009203613,0.450209141,5.024790859,5272.538971,761.349792,659.953918,0.006833,0.007095
388,4,0,0,51.1648,91.0,17.8,0.00538084,76.5158790943146,9.588317871,0.0,-0.010162323,0.395784616,5.079215384,5286.845032,727.22168,871.651978,0.006649,0.006978
389,4,0,0,51.1648,90.0,17.8,0.005417449,76.7837771532116,8.442993164,0.0,-0.010162323,0.312474251,5.162525749,5303.191665,728.474182,898.107788,0.006869,0.007045
390,4,0,0,51.3608,90.0,17.8,0.005434662,76.4605525439652,0.0,71.78649902,-0.010162323,0.210803747,5.264196253,5318.177872,699.650818,692.653992,0.007344,0.007494
391,4,0,0,51.4594,92.0,17.8,0.005441014,75.8589693589426,0.0,75.00915527,0.013038452,0.050888658,5.424111342,5334.528441,0.0,0.0,0.007043,0.007236
392,4,0,0,51.3608,93.0,17.8,0.00544089,75.3565610754972,0.0,81.60095215,0.0,-0.098445296,5.573445296,5349.519646,729.045288,895.31897,0.007277,0.007385
393,4,0,0,51.5584,95.0,17.8,0.005438306,74.783163726394,0.0,10.9954834,0.025309937,-0.257058024,5.732058024,5365.875454,0.0,0.0,0.0,0.0
394,4,0,0,51.6577,97.0,18.1,0.00543294,74.370608612724,5.58380127,0.0,0.032979614,-0.351048231,5.826048231,5380.198298,651.05249,660.587891,0.007521,0.007555
395,4,0,0,51.7574,95.0,18.1,0.005418701,74.3317028825976,5.495910645,0.0,0.043717163,-0.35948503,5.83448503,5397.277882,746.717407,673.566711,0.007429,0.007456
396,4,0,0,51.7574,94.0,18.1,0.00540118,74.2943126518558,5.58380127,0.0,0.021475098,-0.275874496,5.750874496,5410.968945,678.960205,668.395325,0.007489,0.007558
397,4,0,0,51.8575,93.0,18.1,0.005387431,74.2581871692332,5.364074707,0.0,-0.02166684,-0.11140275,5.58640275,5428.213641,666.012329,676.0625,0.007296,0.007472
398,4,0,0,52.0589,92.0,18.1,0.005386331,74.202505888161,5.23223877,0.0,-0.040074066,0.026950955,5.448049045,5442.790561,634.817322,671.947571,0.007226,0.007395
399,4,0,0,52.1602,90.0,18.1,0.005391849,74.2878506528604,8.179321289,0.0,-0.020132904,0.097231627,5.377768373,5459.532282,694.173096,792.118103,0.007316,0.007541
400,4,0,0,52.1602,90.0,18.1,0.005393028,74.427084859476,7.388305664,0.0,-0.020132904,0.096644521,5.378355479,5474.965941,663.812073,662.638184,0.007479,0.007527
401,4,0,0,52.2619,91.0,18.1,0.005382397,74.5500988822864,7.256469727,0.0,0.0,0.045260549,5.429739451,5491.890739,680.270325,678.485413,0.007171,0.007358
402,4,0,0,52.364,90.0,18.1,0.005364296,74.6360434319104,7.036743164,0.0,0.005368774,-0.016941786,5.491941786,5506.761499,689.757996,691.786499,0.007046,0.007298
403,4,0,0,52.4664,91.0,18.1,0.005341476,74.729113559692,6.992797852,0.0,0.010737549,-0.072327852,5.547327852,5524.525409,656.310486,663.551575,0.007236,0.007416
404,4,0,0,52.5693,91.0,18.1,0.005326866,74.8084075600462,6.992797852,0.0,0.003067871,-0.102630258,5.577630258,5539.385792,665.45282,661.177307,0.007166,0.00739
405,4,0,0,52.6726,90.0,18.1,0.005324918,74.8894579618896,6.113891602,0.0,0.001533936,-0.122331023,5.597331023,5556.237155,709.770874,892.411682,0.00684,0.0072
406,4,0,0,52.6726,91.0,18.1,0.00533887,74.8735986082058,5.938110352,0.0,-0.007094452,-0.134721518,5.609721518,5571.562248,646.021606,669.961182,0.00667,0.00696
407,4,0,0,52.6726,93.0,18.1,0.005364895,74.8824807970668,6.157836914,0.0,0.005368774,-0.151738644,5.626738644,5588.149146,642.013123,686.408203,0.006911,0.007113
408,4,0,0,52.7763,94.0,18.1,0.005387595,74.8860261248066,5.806274414,0.0,0.0,-0.159810543,5.634810543,5603.295427,655.298218,696.060486,0.006707,0.007051
409,4,0,0,52.9849,93.0,18.1,0.005414047,74.8842618536448,6.157836914,0.0,0.005368774,-0.159572244,5.634572244,5619.808209,0.0,0.0,0.0,0.0
410,4,0,0,52.9849,92.0,18.1,0.005450419,74.9015820052466,6.289672852,0.0,0.005368774,-0.152898788,5.627898788,5634.24896,669.724792,677.005615,0.006577,0.006916
411,4,0,0,53.0898,92.0,18.1,0.005527559,74.929405659199,5.715637207,0.0,-0.001725677,-0.131433249,5.606433249,5651.428254,679.207886,706.673706,0.00642,0.006847
412,4,0,0,53.3009,90.0,18.1,0.005628722,74.7568492632134,0.0,0.0,0.003067871,-0.105147004,5.580147004,5665.862832,685.826782,712.159424,0.006635,0.006992
413,4,0,0,53.3009,90.0,18.1,0.00575572,74.4585277259676,7.432250977,0.0,-0.017832001,-0.07106936,5.54606936,5682.397707,641.784607,666.032104,0.006377,0.006376
414,4,0,0,53.3009,93.0,17.8,0.005845509,74.565222397442,6.948852539,0.0,-0.007094452,-0.050483823,5.525483823,5697.581177,623.299316,651.963928,0.006732,0.007073
415,4,0,0,53.4071,96.0,17.8,0.005905545,74.6490222118348,6.773071289,0.0,-0.008628387,-0.0560323,5.5310323,5714.167418,658.309692,674.181274,0.006938,0.007145
416,4,0,0,53.5137,96.0,17.8,0.005922634,74.7182771814558,6.817016602,0.0,0.009203613,-0.082147479,5.557147479,5728.698771,681.071899,834.779907,0.006446,0.006914
417,4,0,0,53.5137,95.0,17.8,0.005902623,74.7934636472346,6.729125977,0.0,0.009203613,-0.110449672,5.585449672,5745.326403,676.528503,709.491394,0.006998,0.007247
418,4,0,0,53.6207,96.0,17.5,0.005850416,74.8551166418712,6.773071289,0.0,0.019941162,-0.110281825,5.585281825,5759.886645,655.780212,673.445618,0.007158,0.00741
419,4,0,0,53.7282,97.0,17.5,0.005771305,74.9228100688902,6.597290039,0.0,-0.008628387,-0.070632339,5.545632339,5777.218384,666.747803,651.541077,0.00722,0.007385
420,4,0,0,53.9444,97.0,17.6,0.005716653,74.9701462461396,6.597290039,0.0,-0.003259613,-0.024802804,5.499802804,5791.779066,659.386475,664.344788,0.007151,0.007399
421,4,0,0,53.8361,93.0,17.6,0.005700605,75.0116283203918,6.421508789,0.0,-0.003259613,0.014379025,5.460620975,5808.419113,644.224426,662.703308,0.007129,0.007437
422,4,0,0,53.9444,92.0,17.3,0.005734287,75.040640343187,6.289672852,0.0,-0.000959,0.036948681,5.438051319,5823.67472,649.813782,654.142212,0.006995,0.007264
423,4,0,0,53.9444,93.0,17.3,0.00581914,75.0712368416792,6.333618164,0.0,0.0,0.061102986,5.413897014,5840.322842,648.485413,663.00708,0.006861,0.007087
424,4,0,0,54.1624,91.0,17.1,0.005922762,75.091540387773,6.069946289,0.0,0.0,0.082028866,5.392971134,5855.563338,670.243408,719.09082,0.00669,0.00697
425,4,0,0,54.1624,90.0,17.1,0.006050861,75.1001727105056,6.289672852,0.0,-0.003259613,0.104274392,5.370725608,5872.11281,721.272888,894.622009,0.006889,0.007202
426,4,0,0,54.3821,92.0,16.9,0.006129185,75.1200880033244,6.289672852,0.0,-0.003259613,0.118124008,5.356875992,5886.609916,660.450928,556.991272,0.00668,0.007152
427,4,0,0,54.3821,93.0,16.9,0.006119449,75.1409681759402,6.157836914,0.0,-0.013997162,0.124535203,5.350464797,5903.888897,672.082886,718.410889,0.006781,0.006941
428,4,0,0,54.4926,92.0,16.7,0.006015877,75.1491580267332,5.938110352,0.0,-0.013997162,0.107161641,5.367838359,5918.418726,664.595093,654.669312,0.006881,0.007229
429,4,0,0,54.6036,93.0,16.7,0.005852616,75.1624729012232,6.333618164,0.0,-0.001725677,0.051118255,5.423881745,5935.040403,741.352905,298.8526,0.0,0.006574
430,4,0,0,54.6036,95.0,16.5,0.005733301,75.1877941119426,6.377563477,0.0,-0.007094452,-0.008001924,5.483001924,5950.291342,726.109924,907.268677,0.007166,0.007375
431,4,0,0,54.827,95.0,16.5,0.005656253,75.2161791680606,6.377563477,0.0,0.00690271,-0.085032344,5.560032344,5966.943037,674.45697,693.032104,0.007135,0.007405
432,4,0,0,54.827,93.0,16.4,0.005634573,75.2397696784506,6.333618164,0.0,0.016106323,-0.1359514,5.6109514,5981.52347,657.828613,659.745483,0.007088,0.00732
433,4,0,0,54.9393,95.0,16.4,0.005637413,75.2475161560736,6.113891602,0.0,0.016106323,-0.157463551,5.632463551,5998.889653,682.125305,694.450806,0.007235,0.007426
434,4,0,0,55.0521,96.0,16.6,0.005643816,75.2484501848228,6.157836914,0.0,0.017640259,-0.137257099,5.612257099,6013.483459,742.288086,651.120911,0.007149,0.0
435,4,0,0,54.9393,95.0,16.6,0.005644649,75.2534047633204,6.113891602,0.0,0.014572388,-0.067048073,5.542048073,6030.168487,743.484192,670.648926,0.006945,0.0
436,4,0,0,55.0521,95.0,16.4,0.005642351,75.259749248309,6.157836914,0.0,-0.017832001,0.029980898,5.445019102,6044.77017,654.785583,674.708923,0.006893,0.007159
437,4,0,0,55.0521,94.0,16.4,0.005642498,75.2719637687608,6.157836914,0.0,-0.003259613,0.125949979,5.349050021,6061.461876,729.853271,656.272278,0.007018,0.0
438,4,0,0,55.0521,92.0,16.6,0.005646146,75.2827072397988,6.201782227,0.0,-0.003259613,0.177557111,5.297442889,6076.767113,652.073486,675.875427,0.006818,0.007095
439,4,0,0,55.2792,92.0,16.6,0.005652411,75.295550625949,6.157836914,0.0,-0.008628387,0.218757868,5.256242132,6093.466085,598.788818,405.793304,0.006712,0.007053
440,4,0,0,55.3934,92.0,16.7,0.00566093,75.305702020801,6.201782227,0.0,-0.008628387,0.233212471,5.241787529,6108.776306,605.705872,429.185699,0.007098,0.007308
441,4,0,0,55.3934,90.0,16.7,0.005678396,75.3248072362374,6.289672852,0.0,-0.008628387,0.228786707,5.246213293,6125.484913,645.897278,681.24939,0.007209,0.007346
442,4,0,0,55.3934,89.0,16.8,0.005705766,75.3442890533272,6.245727539,0.0,-0.008628387,0.203666449,5.271333551,6140.110577,636.894897,679.454102,0.007011,0.007242
443,4,0,0,55.5081,89.0,16.8,0.005759053,75.3634462182588,6.289672852,0.0,-0.010162323,0.15560925,5.31939075,6157.526967,643.61499,678.508179,0.007001,0.007246
444,4,0,0,55.5081,89.0,16.9,0.005824571,75.3818261202506,6.289672852,0.0,0.0,0.087546945,5.387453055,6172.15778,0.0,0.0,0.0,0.008574
445,4,0,0,55.6232,88.0,16.9,0.005914087,75.4016747863934,6.289672852,0.0,0.00690271,-0.001068711,5.476068711,6188.879536,718.88562,661.615295,0.007373,0.0
446,4,0,0,55.7389,89.0,17.0,0.006007136,75.4190651695928,6.289672852,0.0,0.014572388,-0.066831708,5.541831708,6204.208399,748.892212,827.59729,0.007251,0.008024
447,4,0,0,55.855,91.0,17.0,0.006125771,75.4366414476556,6.201782227,0.0,0.023009033,-0.109300256,5.584300256,6220.93364,770.110901,903.622498,0.00711,0.008019
448,4,0,0,55.855,92.0,17.1,0.006210293,75.4464605137976,6.201782227,0.0,0.016106323,-0.096196651,5.571196651,6235.570795,735.823303,657.477905,0.007059,0.007315
449,4,0,0,55.9716,96.0,17.1,0.006246801,75.4473291228758,5.671691895,0.0,0.001533936,-0.030951619,5.505951619,6252.999097,0.0,0.0,0.0,0.0
450,4,0,0,56.0887,98.0,17.5,0.006228582,75.4302376102078,5.938110352,0.0,0.0,0.028696656,5.446303344,6267.641457,0.0,0.0,0.0,0.0
451,4,0,0,56.2063,97.0,17.5,0.006183891,75.4682757129534,8.003540039,0.0,0.00690271,0.105788112,5.369211888,6284.379998,693.126282,672.330994,0.007353,0.007554
452,4,0,0,56.3244,98.0,17.6,0.006149312,75.6310951835106,8.841247559,0.0,0.03451355,0.18956387,5.28543613,6299.728166,0.0,0.0,0.0,0.0
453,4,0,0,56.443,99.0,17.6,0.006125705,75.8785671450728,9.148864746,0.0,0.03451355,0.366923332,5.108076668,6316.476209,0.0,0.0,0.007621,0.007689
454,4,0,0,56.443,97.0,17.6,0.006115774,76.0810740826614,8.267211914,0.0,0.04141626,0.605863094,4.869136906,6331.134701,736.083496,900.869385,0.007601,0.007805
455,4,0,0,56.562,97.0,17.6,0.00611025,75.804871893738,0.131835938,0.0,0.025309937,0.998703241,4.476296759,6348.590256,684.192505,666.273682,0.007575,0.007686
456,4,0,0,56.6816,97.0,17.6,0.006107333,75.5601295337498,4.00177002,0.0,0.018407227,1.45448041,4.02051959,6363.256897,675.089417,671.28009,0.007495,0.007672
457,4,0,0,56.9223,96.0,17.6,0.006097467,75.355453318495,2.856445313,0.0,-0.000959,-1.691347837,3.516347837,6377.925874,669.892212,668.781494,0.007462,0.007642
458,4,0,0,56.8017,97.0,17.7,0.006059943,75.0615043580292,3.82598877,0.0,-0.016298065,-1.090912104,2.915912104,6394.691412,666.416687,673.304199,0.007473,0.007678
459,4,0,0,56.6816,95.0,17.7,0.006004594,74.938584851757,5.23223877,0.0,-0.016298065,-0.631533861,2.456533861,6410.05629,715.722107,682.65741,0.007538,0.007675
460,4,0,0,57.1651,94.0,17.4,0.005937749,74.8804513227664,6.333618164,0.0,-0.017832001,-0.162004232,1.987004232,6426.828252,670.95752,673.548279,0.007459,0.007612
461,4,0,0,57.2872,94.0,17.4,0.005890908,75.0294634929804,8.399047852,0.0,-0.074587616,0.234336138,1.590663862,6441.541136,731.663574,904.06311,0.007594,0.007819
462,4,0,0,57.4099,92.0,17.5,0.005852493,75.0827550328998,6.201782227,0.0,-0.092994843,0.504253149,1.320746851,6459.113802,680.118103,684.327393,0.007607,0.007778
463,4,0,0,57.5331,91.0,17.5,0.00582889,75.0869087555332,6.113891602,0.0,-0.063083099,0.551767588,1.273232412,6473.898471,680.239685,688.08551,0.007485,0.007693
464,4,0,0,57.6568,93.0,17.5,0.005810593,75.092560065597,6.026000977,0.0,-0.020132904,0.386701822,1.438298178,6490.703556,671.207214,664.86731,0.00726,0.007515
465,4,0,0,57.7811,94.0,17.5,0.005798314,75.1101866999084,6.201782227,0.0,0.051386841,0.153389215,1.671610785,6506.058662,672.306519,684.626709,0.007182,0.007428
466,4,0,0,57.7811,94.0,17.6,0.005791053,75.1318724437546,6.333618164,0.0,0.009203613,-0.061395407,1.886395407,6522.74276,675.125977,686.638672,0.007149,0.00738
467,4,0,0,57.9059,95.0,17.6,0.005797722,75.1565225757874,6.333618164,0.0,0.012271484,-0.183221102,2.008221102,6538.00181,682.296875,697.51532,0.007136,0.007448
468,4,0,0,58.0312,95.0,17.3,0.005814023,75.1872747296444,6.377563477,0.0,0.019941162,-0.298004389,2.123004389,6554.637582,652.794006,669.782715,0.007321,0.007479
469,4,0,0,58.0312,94.0,17.3,0.005813114,75.2121570572524,6.377563477,0.0,0.009203613,-0.357131243,2.182131243,6569.223734,0.0,0.0,0.0,0.0
470,4,0,0,58.1571,92.0,17.1,0.005771738,75.2425946977932,6.377563477,0.0,0.046785034,-0.386420012,2.211420012,6586.603365,676.594971,675.9198,0.007359,0.00751
471,4,0,0,58.0312,89.0,17.1,0.00570687,75.2661856266116,6.333618164,0.0,0.001533936,-0.343209028,2.168209028,6601.202473,647.538818,668.77301,0.007147,0.007374
472,4,0,0,58.2835,90.0,16.9,0.005629261,75.2961772546648,6.421508789,0.0,0.005368774,-0.241000891,2.066000891,6617.888021,724.86731,895.759583,0.007143,0.007437
473,4,0,0,58.5381,90.0,16.9,0.005573558,75.3143042810624,6.201782227,0.0,0.0,-0.14481473,1.96981473,6632.492533,0.0,0.0,0.0,0.0
474,4,0,0,58.5381,91.0,16.7,0.005520201,75.3293853579222,6.289672852,0.0,-0.000959,-0.032235384,1.857235384,6649.190254,675.607788,653.336487,0.007216,0.007476
475,4,0,0,58.6662,93.0,16.7,0.00547233,75.3527117595248,6.377563477,0.0,-0.000959,0.063664198,1.761335802,6664.502964,660.589417,661.632019,0.007128,0.007341
476,4,0,0,58.6662,95.0,16.5,0.005414765,75.374058817768,6.289672852,0.0,-0.010162323,0.159096956,1.665903044,6681.214887,645.982483,192.9814,0.006572,0.006559
477,4,0,0,58.7948,97.0,16.5,0.005374639,75.3917400247988,6.333618164,0.0,-0.003259613,0.234142542,1.590857458,6695.843737,753.251526,730.704407,0.007313,0.007495
478,4,0,0,59.0538,97.0,16.4,0.005353455,75.4155302381894,6.201782227,0.0,-0.000959,0.299217463,1.525782537,6713.26563,670.365417,755.98468,0.007317,0.007525
479,4,0,0,59.1842,94.0,16.4,0.005353217,75.430204908419,6.245727539,0.0,-0.010929291,0.349726915,1.475273085,6727.905682,663.803894,159.067993,0.006646,0.006764
480,4,0,0,59.0538,94.0,16.3,0.005360611,75.427116263091,6.201782227,0.0,-0.010162323,0.383702517,1.441297483,6744.641472,655.495911,654.843628,0.007312,0.00747
481,4,0,0,58.924,94.0,16.3,0.005361939,75.432818476579,6.069946289,0.0,-0.001725677,0.397069693,1.427930307,6759.986547,664.486694,665.795288,0.007139,0.007417
482,4,0,0,59.1842,92.0,16.1,0.00534787,75.4409605943476,6.289672852,0.0,-0.001725677,0.400140524,1.424859476,6776.732756,715.744995,895.452576,0.006813,0.007189
483,4,0,0,59.5788,92.0,16.1,0.005322149,75.4583421100836,6.333618164,0.0,-0.001725677,0.398705721,1.426294279,6792.087474,676.091125,810.086487,0.007206,0.007444
484,4,0,0,59.5788,93.0,16.0,0.005289415,75.472847912267,6.201782227,0.0,-0.005560516,0.39112258,1.43387742,6808.843562,725.976624,423.889008,0.006067,0.0
485,4,0,0,59.5788,92.0,16.0,0.005271262,75.4866507547384,6.289672852,0.0,0.0,0.373256922,1.451743078,6823.509123,728.151123,907.219116,0.006953,0.007216
486,4,0,0,56.888,92.0,15.9,0.005269156,75.505165471142,6.333618164,0.0,-0.000959,0.347478628,1.477521372,6840.968896,641.577209,698.5495,0.00719,0.007398
487,4,0,0,56.9405,93.0,15.9,0.005278579,75.5192358181082,6.245727539,0.0,-0.000959,0.323296309,1.501703691,6855.635873,717.12561,863.395874,0.007161,0.007401
488,4,0,0,56.958,96.0,15.8,0.005290605,75.524816558613,6.157836914,0.0,0.008436646,0.292139292,1.532860708,6872.400056,669.473877,658.260498,0.00743,0.007626
489,4,0,0,57.0985,96.0,15.8,0.005293539,75.5279132828278,5.894165039,0.0,0.008436646,0.27677846,1.54822154,6887.771143,638.772278,441.265015,0.00741,0.007628
490,4,0,0,57.2397,90.0,15.8,0.005285482,75.4950460860626,5.58380127,0.0,0.00690271,0.279761076,1.545238924,6904.542731,641.287903,683.470703,0.007433,0.007581
491,4,0,0,57.346,89.0,15.8,0.005272423,75.4600225024446,5.627746582,0.0,0.001533936,0.300294161,1.524705839,6919.221082,732.124084,900.90863,0.007346,0.007545
492,4,0,0,57.4884,89.0,15.7,0.005260221,75.4195051631488,5.58380127,0.0,-0.000959,0.326483011,1.498516989,6936.700038,662.771912,677.55188,0.00735,0.007524
493,4,0,0,57.5778,89.0,15.7,0.005261281,75.3810830075056,5.58380127,0.0,-0.007094452,0.348860979,1.476139021,6950.685387,783.014526,810.097595,0.006942,0.007115
494,4,0,0,57.5957,87.0,15.3,0.005278334,75.3372533246218,5.58380127,0.0,-0.001725677,0.360103369,1.464896631,6968.168051,716.431885,693.696716,0.007266,0.007371
495,4,0,0,57.5957,87.0,15.3,0.005298434,75.3007968973216,5.276184082,0.0,-0.001725677,0.359111071,1.465888929,6982.849168,661.41217,665.096375,0.007344,0.007603
496,4,0,0,57.5957,87.0,15.3,0.005316579,75.1930133303098,3.430480957,0.0,-0.001725677,0.35330987,1.47169013,6999.618486,668.515686,666.02533,0.007201,0.007363
497,4,0,0,57.6316,87.0,15.3,0.005327727,75.1793648557312,11.25823975,0.0,-0.001725677,0.343774557,1.481225443,7014.981562,688.600891,665.982605,0.007371,0.007563
498,4,0,0,57.7394,89.0,15.0,0.005341989,75.5732311545964,9.236755371,0.0,-0.015531097,0.327881575,1.497118425,7031.73147,658.518311,668.316711,0.007246,0.007437
499,4,0,0,57.8115,91.0,15.0,0.005359587,75.8114160978206,9.368591309,0.0,-0.019365936,0.29472518,1.53027482,7047.076121,644.810791,656.230408,0.00724,0.007411
500,4,0,0,57.92,92.0,14.7,0.005382001,76.0861737109732,9.324645996,0.0,-0.007094452,0.210172415,1.614827585,7063.803492,773.965271,664.484375,0.007163,0.007368
501,4,0,0,58.0107,94.0,14.7,0.005399003,76.3104599594356,9.324645996,0.0,0.008436646,0.11207509,1.71292491,7078.412779,649.647827,676.928284,0.007069,0.007236
502,4,0,0,58.0835,96.0,14.4,0.00541374,76.5646032951272,9.324645996,0.0,0.008436646,0.016659021,1.808340979,7095.866328,625.596802,661.294922,0.007137,0.007396
503,4,0,0,58.1017,95.0,14.4,0.005420818,76.791564121829,9.324645996,0.0,0.021475098,-0.046364546,1.871364546,7110.591026,610.780212,668.770203,0.007056,0.007244
504,4,0,0,58.2479,93.0,13.9,0.005422033,77.0316975090846,9.324645996,0.0,0.019941162,-0.067366362,1.892366362,7127.481082,644.708801,670.751709,0.007161,0.007394
505,4,0,0,58.358,92.0,13.9,0.005420575,77.2242826080788,9.060974121,0.0,-0.005560516,-0.04595542,1.87095542,7143.020516,761.604187,681.177307,0.007391,0.007489
506,4,0,0,58.4317,91.0,13.7,0.005417391,77.440300502143,9.060974121,0.0,-0.005560516,-0.018480539,1.843480539,7160.033477,699.156982,668.655273,0.007361,0.00761
507,4,0,0,58.5425,88.0,13.7,0.005412162,77.6043544813208,8.530883789,0.0,-0.005560516,-0.007004499,1.832004499,7174.971442,669.64447,668.852417,0.007329,0.007513
508,4,0,0,58.6166,87.0,13.5,0.005408796,77.774892105117,8.442993164,0.0,-0.005560516,-0.007560492,1.832560492,7192.815515,650.751221,724.183105,0.007501,0.007589
509,4,0,0,58.691,88.0,13.5,0.005414708,77.8438251101776,0.966796875,0.0,-0.020132904,-0.021627665,1.846627665,7207.852144,727.127625,900.45697,0.007303,0.007528
510,4,0,0,58.6538,89.0,13.4,0.005431571,77.3961931920158,0.0,90.97595215,-0.02856955,-0.075223207,1.900223207,7225.085342,682.079285,663.798096,0.007467,0.00758
511,4,0,0,58.7468,90.0,13.4,0.005451141,76.8821913197708,0.0,130.5267334,0.019941162,-0.192677736,2.017677736,7240.199684,733.124084,257.330994,0.0,0.006446
512,4,0,0,58.8028,94.0,13.3,0.005473398,76.3138384147108,0.0,5.282592773,0.032979614,-0.301326036,2.126326036,7258.208438,701.913391,641.565125,0.007337,0.0
513,4,0,0,58.691,96.0,13.3,0.00548533,76.1263894277662,6.069946289,0.0,0.036047485,-0.339750528,2.164750528,7273.256864,688.904907,645.871094,0.00726,0.0
514,4,0,0,58.6724,96.0,13.4,0.005483466,76.0800903735864,5.539855957,0.0,0.036047485,-0.282166719,2.107166719,7290.321313,993.747803,651.256592,0.007142,0.0
515,4,0,0,57.92,96.0,13.4,0.005469512,76.0258550523174,5.58380127,0.0,0.009203613,-0.156530619,1.981530619,7305.848917,650.751526,682.619507,0.006906,0.00715
516,4,0,0,56.7833,94.0,13.6,0.005448205,75.9586460849186,5.012512207,0.0,-0.015531097,0.027613401,1.797386599,7322.76112,620.548584,669.258911,0.007019,0.007211
517,4,0,0,55.9428,91.0,13.6,0.005433132,75.8951480463456,5.364074707,0.0,-0.023200775,0.181637049,1.643362951,7337.547182,713.626892,868.754395,0.006922,0.007182
518,4,0,0,58.2835,89.0,13.7,0.005423,75.8154214875862,3.957824707,0.0,-0.023200775,0.304606199,1.520393801,7355.132074,687.29718,230.341507,0.0,0.006834
519,4,0,0,58.4105,88.0,13.7,0.005419515,75.531044865347,0.0,38.68103027,-0.030870453,0.368110895,1.456889105,7369.888109,662.916016,642.011108,0.007289,0.007469
520,4,0,0,58.5381,87.0,14.1,0.005423255,74.9748151667872,0.0,70.1751709,-0.030870453,0.363299131,1.461700869,7386.730093,639.708496,663.542908,0.007294,0.007523
521,4,0,0,58.7948,87.0,14.1,0.005435024,74.4765652730612,0.0,52.89001465,-0.004793549,0.277092695,1.547907305,7402.083072,730.109314,897.185425,0.007412,0.007552
522,4,0,0,59.0538,88.0,14.5,0.005456578,73.9109958663718,0.0,37.80212402,0.003834839,0.15104413,1.67395587,7418.699022,685.907715,660.292175,0.007399,0.0
523,4,0,0,59.1842,89.0,14.5,0.005478824,73.422024187894,0.0,22.27478027,0.017640259,0.043855906,1.781144094,7433.125456,772.059082,879.669617,0.007372,0.008016
524,4,0,0,59.3151,90.0,14.9,0.005501679,72.8646565411136,0.0,16.8548584,0.032979614,-0.042492151,1.867492151,7450.164385,680.25769,642.190613,0.007333,0.007472
525,4,0,0,59.5788,92.0,14.9,0.005515931,72.475839691339,6.817016602,0.0,0.012271484,-0.055078745,1.880078745,7464.364507,776.710815,831.39801,0.007184,0.007873
526,4,0,0,56.993,92.0,15.2,0.005527288,72.4904858762506,4.309387207,0.0,-0.000959,-0.018321276,1.843321276,7480.487661,788.934692,892.285522,0.007401,0.0
527,4,0,0,57.1513,91.0,15.2,0.005532397,72.393367614633,4.617004395,0.0,0.0,0.023918867,1.801081133,7495.255154,727.714294,646.446106,0.007299,0.0
528,4,0,0,57.2928,92.0,15.4,0.005527882,72.3047863867266,4.968566895,0.0,0.0,0.076980829,1.748019171,7511.33969,728.797424,645.923889,0.007273,0.007923
529,4,0,0,57.4171,91.0,15.4,0.005517132,72.2555709026922,5.100402832,0.0,0.005368774,0.123168707,1.701831293,7526.066794,692.107788,647.705688,0.007216,0.007808
530,4,0,0,57.5957,90.0,15.7,0.005506969,72.1699948758348,4.35333252,0.0,-0.004793549,0.188751936,1.636248064,7542.119285,781.760498,908.812988,0.007187,0.0
531,4,0,0,57.5242,91.0,15.7,0.005502944,72.0254122047566,3.913879395,0.0,0.001533936,0.252228498,1.572771502,7556.14323,753.559509,645.082092,0.007111,0.007332
532,4,0,0,57.8115,91.0,16.2,0.005499749,72.2114642684878,8.267211914,0.0,-0.012463226,0.315583944,1.509416056,7572.823746,674.456421,428.898804,0.007407,0.007538
533,4,0,0,57.9019,90.0,16.2,0.005494529,72.4166824933612,8.047485352,0.0,-0.017832001,0.345677614,1.479322386,7586.213208,685.343689,660.769897,0.007403,0.007564
534,4,0,0,58.0471,92.0,16.4,0.005490349,72.6151200377324,7.871704102,0.0,-0.041608002,0.338351965,1.486648035,7603.000522,730.01947,633.116272,0.007431,0.0
535,4,0,0,58.1017,94.0,16.4,0.005499057,72.7899885242158,7.871704102,0.0,-0.032404388,0.254612207,1.570387793,7617.140929,696.767578,768.791504,0.007584,0.007712
536,4,0,0,58.2479,94.0,16.6,0.005527871,72.9891326171272,7.959594727,0.0,-0.025501678,0.071195364,1.753804636,7633.344461,637.829285,671.097717,0.007433,0.007438
537,4,0,0,58.358,95.0,16.6,0.005562583,73.1688603769934,7.915649414,0.0,0.010737549,-0.152055979,1.977055979,7648.23945,651.76709,649.399597,0.007375,0.007516
538,4,0,0,58.4501,95.0,17.0,0.005600327,73.361148407917,7.783813477,0.0,0.039882324,-0.404113054,2.229113054,7664.532544,686.496094,694.442505,0.007602,0.00769
539,4,0,0,58.4501,92.0,17.0,0.005623428,73.517944231508,7.783813477,0.0,0.099705811,-0.55309701,2.37809701,7678.825882,740.255127,665.805115,0.007728,0.007819
540,4,0,0,58.5796,91.0,17.1,0.005632358,73.6903902106762,7.783813477,0.0,0.06212439,-0.506864786,2.331864786,7695.881918,653.73468,662.055908,0.007759,0.007751
541,4,0,0,58.691,90.0,17.1,0.005624503,73.8417977869198,7.608032227,0.0,-0.016298065,-0.244628668,2.069628668,7710.240607,638.218689,653.307007,0.007685,0.007723
542,4,0,0,58.7841,91.0,17.2,0.005604799,73.9904092475672,7.300415039,0.0,-0.049277679,0.061670065,1.763329935,7726.684977,656.07312,649.483215,0.007441,0.007509
543,4,0,0,58.8963,91.0,17.2,0.005584186,74.1102623495902,7.432250977,0.0,-0.040074066,0.238093615,1.586906385,7741.789012,777.303528,880.653015,0.006964,0.0
544,4,0,0,59.0089,91.0,17.6,0.005560347,74.2473890450088,7.212524414,0.0,-0.030103485,0.318386316,1.506613684,7758.296265,689.86908,665.363281,0.007675,0.007766
545,4,0,0,59.1219,92.0,17.6,0.005542868,74.3623511213708,7.344360352,0.0,-0.008628387,0.312990427,1.512009573,7773.453267,762.478821,678.108276,0.007682,0.007741
546,4,0,0,59.2164,93.0,17.9,0.005531919,74.4805910048844,7.168579102,0.0,-0.007094452,0.254971743,1.570028257,7790.013873,776.495178,672.092407,0.007627,0.007751
547,4,0,0,59.3493,93.0,17.9,0.005531353,74.5794018737536,7.124633789,0.0,-0.007094452,0.184700251,1.640299749,7804.525206,682.741516,658.045898,0.00745,0.007534
548,4,0,0,59.4255,94.0,18.2,0.005540222,74.6669085614354,7.212524414,0.0,-0.000959,0.107393026,1.717606974,7819.054973,661.27887,662.106628,0.007588,0.007582
549,4,0,0,59.4827,93.0,18.2,0.005568902,74.7604037480978,6.685180664,0.0,0.00690271,-0.003693342,1.828693342,7836.369613,677.596497,665.047119,0.007257,0.007367
550,4,0,0,59.6168,93.0,18.5,0.005612847,74.8180646622106,6.773071289,0.0,0.016106323,-0.091984034,1.916984034,7850.928143,677.322815,646.488281,0.007412,0.008115
551,4,0,0,59.6168,95.0,18.5,0.005667888,74.8885667737712,6.773071289,0.0,0.03451355,-0.158588171,1.983588171,7867.580663,769.181885,659.261414,0.00753,0.008262
552,4,0,0,59.7707,96.0,18.7,0.005699443,74.944692618925,6.729125977,0.0,0.017640259,-0.140383005,1.965383005,7882.161288,820.9823,667.14502,0.007575,0.007671
553,4,0,0,59.8287,95.0,18.7,0.005707835,74.9950326775646,6.597290039,0.0,0.010737549,-0.06453681,1.88953681,7899.527068,671.139526,677.729309,0.007597,0.007587
554,4,0,0,59.9449,94.0,19.0,0.005698544,75.0244426257682,6.245727539,0.0,-0.001725677,0.01600194,1.80899806,7914.118621,667.478516,642.170105,0.007636,0.008139
555,4,0,0,60.0615,93.0,19.0,0.005680327,75.0447353731906,6.201782227,0.0,-0.004793549,0.115135908,1.709864092,7930.79907,660.440002,656.015625,0.007637,0.007683
556,4,0,0,60.12,90.0,19.2,0.005664103,75.0640499476676,6.289672852,0.0,-0.017832001,0.192204237,1.632795763,7946.090625,0.0,0.0,0.0,0.0
557,4,0,0,60.2569,87.0,19.2,0.00565011,75.070394867178,5.938110352,0.0,-0.02166684,0.241590738,1.583409262,7962.771592,0.0,0.0,0.0,0.0
558,4,0,0,60.2177,87.0,19.0,0.005640998,75.0681239596908,6.069946289,0.0,0.014572388,0.228880167,1.596119833,7978.059439,708.4245,661.593018,0.007484,0.008004
559,4,0,0,60.3945,89.0,19.0,0.005627965,75.058926147069,5.715637207,0.0,0.00690271,0.220456839,1.604543161,7994.732853,702.158813,654.774414,0.007317,0.007838
560,4,0,0,60.5525,90.0,19.2,0.005611403,75.0451814661452,5.806274414,0.0,0.005368774,0.241446733,1.583553267,8009.312026,0.0,0.0,0.0,0.008195
561,4,0,0,60.5723,91.0,19.2,0.005587169,75.0207336764306,5.671691895,0.0,0.003067871,0.280105352,1.544894648,8026.560201,789.491211,889.241699,0.006985,0.007844
562,4,0,0,60.7511,93.0,19.1,0.005560057,74.8956579281462,0.0,0.0,0.003067871,0.323156595,1.501843405,8040.985181,0.0,0.0,0.0,0.010565
563,4,0,0,60.6914,93.0,19.1,0.005521526,74.3076294414604,0.0,0.0,-0.003259613,0.381598234,1.443401766,8057.4725,153.811203,613.932678,0.006834,0.006773
564,4,0,0,60.811,92.0,19.0,0.005484941,74.1963452380806,5.850219727,0.0,-0.004793549,0.433510542,1.391489458,8072.585176,814.905579,644.001282,0.006719,0.007935
565,4,0,0,60.891,92.0,19.0,0.00544579,74.1959709055966,5.850219727,0.0,-0.012463226,0.480408907,1.344591093,8089.070116,0.0,0.0,0.007471,0.009106
566,4,0,0,60.9912,92.0,18.9,0.005415002,74.1918152356618,5.806274414,0.0,-0.010929291,0.503328085,1.321671915,8103.491898,710.661621,654.081604,0.006819,0.007128
567,4,0,0,61.0717,88.0,18.9,0.005383824,74.1841229123298,5.75958252,0.0,-0.032404388,0.498706102,1.326293898,8120.65737,687.735718,667.570496,0.006863,0.007236
568,4,0,0,61.1928,84.0,18.8,0.005362811,74.1730937673484,5.715637207,0.0,-0.010162323,0.447876215,1.377123785,8134.386651,676.808899,671.088379,0.006927,0.007162
569,4,0,0,61.294,86.0,18.8,0.00534795,74.1600305131674,5.75958252,0.0,-0.007094452,0.337753057,1.487246943,8151.542537,1476.773926,612.073914,0.006897,0.0
570,4,0,0,61.3143,86.0,18.7,0.005344054,74.147010131804,5.627746582,0.0,-0.007094452,0.233023882,1.591976118,8165.948646,620.03479,653.590515,0.007061,0.007364
571,4,0,0,61.4364,85.0,18.7,0.005354744,74.1227011959446,5.627746582,0.0,-0.007094452,0.093296289,1.731703711,8182.407303,784.748596,874.512329,0.006938,0.0
572,4,0,0,61.5794,86.0,18.4,0.005379049,74.101723465138,5.627746582,0.0,0.005368774,-0.036611319,1.861611319,8197.497716,784.031677,885.881775,0.00702,0.007794
573,4,0,0,61.5794,88.0,18.4,0.005417972,74.0764749483064,5.58380127,0.0,-0.000959,-0.187873602,2.012873602,8213.985318,699.169128,666.134705,0.007035,0.007311
574,4,0,0,61.6409,89.0,18.3,0.005453056,74.0488168310664,5.58380127,0.0,0.017640259,-0.30608964,2.13108964,8229.11646,707.780273,690.10907,0.006957,0.0
575,4,0,0,61.6614,90.0,18.3,0.005483241,74.1599834077856,7.036743164,0.0,0.019941162,-0.409141302,2.234141302,8245.639785,705.829407,656.691895,0.007048,0.00775
576,4,0,0,61.7848,91.0,18.3,0.005499532,74.2414116182874,6.729125977,0.0,0.019941162,-0.449485064,2.274485064,8260.110809,737.586487,651.076477,0.006803,0.007597
577,4,0,0,61.8881,90.0,18.3,0.005516224,74.3202688920458,6.685180664,0.0,0.019941162,-0.438663721,2.263663721,8277.353055,799.749878,666.384583,0.00694,0.008372
578,4,0,0,61.9917,91.0,18.3,0.005533998,74.3836843231966,6.729125977,0.0,0.021475098,-0.378961325,2.203961325,8291.84794,825.027771,657.943604,0.006953,0.008042
579,4,0,0,62.1164,93.0,18.3,0.005552328,74.4529039356178,6.685180664,0.0,0.010737549,-0.249216795,2.074216795,8308.421959,775.962402,24.5261,0.006636,0.00782
580,4,0,0,62.1164,93.0,18.3,0.005560717,74.5068174049802,6.597290039,0.0,0.010737549,-0.105106115,1.930106115,8323.621835,694.099609,648.115295,0.006896,0.0
581,4,0,0,62.1581,94.0,18.3,0.005561904,74.5624669498676,6.377563477,0.0,0.003834839,0.084044218,1.740955782,8340.21124,608.411499,667.145691,0.006825,0.007027
582,4,0,0,62.2417,96.0,18.2,0.005557881,74.5947405737606,6.333618164,0.0,0.003067871,0.265267611,1.559732389,8354.731184,653.084412,673.705688,0.006463,0.006755
583,4,0,0,62.4095,96.0,18.2,0.005549753,74.6263041568456,6.333618164,0.0,-0.040074066,0.472160101,1.352839899,8372.018055,680.086182,782.201477,0.006541,0.006818
584,4,0,0,62.4095,94.0,18.2,0.005543553,74.652398896836,6.157836914,0.0,-0.039307098,0.62143445,1.20356555,8386.541788,720.589783,887.930603,0.006407,0.006737
585,4,0,0,62.5994,93.0,18.2,0.005547069,74.6791056688284,5.982055664,0.0,-0.013997162,0.681516409,1.143483591,8403.136029,670.164307,703.961304,0.006492,0.006862
586,4,0,0,62.5571,96.0,17.9,0.005568931,74.677564951086,6.026000977,0.0,-0.024734711,0.673690557,1.151309443,8418.340764,656.931213,671.293701,0.006678,0.006969
587,4,0,0,62.6205,97.0,17.9,0.005616525,74.6961203033246,6.113891602,0.0,-0.023200775,0.596474886,1.228525114,8434.920771,650.42511,672.430908,0.007134,0.007391
588,4,0,0,62.7054,94.0,17.6,0.005666948,74.694658636363,5.627746582,0.0,-0.010162323,0.468942404,1.356057596,8449.422072,663.027527,676.822388,0.007106,0.007286
589,4,0,0,62.833,93.0,17.6,0.005719326,74.6613567085836,5.58380127,0.0,0.009203613,0.28995204,1.53504796,8466.677187,654.484619,673.027283,0.007227,0.007376
590,4,0,0,62.8757,95.0,17.4,0.005754611,74.6322640256676,5.58380127,0.0,0.014572388,0.144771814,1.680228186,8481.163169,736.146301,656.54718,0.007278,0.0
591,4,0,0,62.9184,94.0,17.4,0.005781297,74.5990898472974,5.58380127,0.0,0.023009033,0.018238306,1.806761694,8497.711003,718.570923,659.359802,0.007383,0.0
592,4,0,0,62.9826,93.0,17.1,0.005795916,74.5674834718618,5.58380127,0.0,0.008436646,-0.03801322,1.86301322,8512.184471,664.268188,677.590881,0.006856,0.007124
593,4,0,0,63.0255,94.0,17.1,0.005813215,74.5298695267666,5.539855957,0.0,0.012271484,-0.052246332,1.877246332,8529.407657,656.560303,674.610474,0.006614,0.006921
594,4,0,0,63.1329,94.0,16.9,0.005834643,74.4902890808452,5.58380127,0.0,-0.004793549,-0.04176259,1.86676259,8543.869238,732.052612,913.285706,0.006594,0.006939
595,4,0,0,63.2407,94.0,16.9,0.005860148,74.4585006407754,5.58380127,0.0,-0.001725677,-0.033282518,1.858282518,8560.390322,798.008301,909.200195,0.006686,0.0
596,4,0,0,63.3489,92.0,16.4,0.005872211,74.4307340862062,5.58380127,0.0,-0.012463226,-0.033656359,1.858656359,8575.527904,672.031799,676.003784,0.006105,0.006459
597,4,0,0,63.4357,93.0,16.4,0.005866862,74.399311433025,5.58380127,0.0,-0.001725677,-0.057076216,1.882076216,8592.032733,589.236694,652.06073,0.0,0.006234
598,4,0,0,63.5227,94.0,16.3,0.005852333,74.3721809218106,5.58380127,0.0,-0.001725677,-0.088065386,1.913065386,8606.465627,664.476013,673.940491,0.00636,0.006647
599,4,0,0,63.61,92.0,16.3,0.005842583,74.3419536541946,5.58380127,0.0,0.008436646,-0.12869668,1.95369668,8623.632393,625.178528,672.061523,0.006946,0.007129
600,4,0,0,63.7414,90.0,15.9,0.005844596,74.3122659178136,5.320129395,0.0,-0.005560516,-0.157305479,1.982305479,8638.037292,629.929871,665.86261,0.006923,0.00709
601,4,0,0,63.8513,89.0,15.9,0.005845299,74.2713414315912,5.58380127,0.0,0.012271484,-0.189009905,2.014009905,8654.479089,799.41687,892.264587,0.006842,0.0
602,4,0,0,63.9174,89.0,15.8,0.005835638,74.2304502908936,5.100402832,0.0,0.012271484,-0.206051588,2.031051588,8669.526856,849.252808,650.105896,0.00666,0.007584
603,4,0,0,63.9836,88.0,15.8,0.005815722,74.1617010402742,5.188293457,0.0,0.012271484,-0.19054389,2.01554389,8685.912751,719.165283,662.698914,0.006429,0.007307
604,4,0,0,64.05,86.0,15.4,0.005795285,74.0994123563376,5.23223877,0.0,-0.001725677,-0.147182226,1.972182226,8700.870156,0.0,0.0,0.0,0.007038
605,4,0,0,64.0279,86.0,15.4,0.005774839,74.009755719163,4.485168457,0.0,0.003067871,-0.094729662,1.919729662,8717.170809,728.395325,654.116028,0.006685,0.007571
606,4,0,0,64.161,88.0,15.1,0.005768143,73.878904226646,5.23223877,0.0,-0.007094452,-0.047170401,1.872170401,8731.448751,732.692688,658.761597,0.006078,0.007092
607,4,0,0,64.2723,88.0,15.1,0.005780719,73.7607858965826,4.485168457,0.0,-0.004793549,-0.011455297,1.836455297,8748.464024,740.705383,685.971191,0.00585,0.00685
608,4,0,0,64.4064,88.0,15.1,0.005807742,73.5262923769834,0.834960938,0.0,-0.004793549,0.004610777,1.820389223,8762.089728,733.53241,646.620605,0.006611,0.007337
609,4,0,0,64.4737,88.0,15.1,0.005844538,73.335154026369,6.773071289,0.0,-0.000959,0.008644342,1.816355658,8779.199529,734.942505,645.553711,0.006791,0.007477
610,4,0,0,64.5636,91.0,15.1,0.005868985,73.396294059974,6.597290039,0.0,0.008436646,0.004264116,1.820735884,8793.597709,0.0,0.0,0.0,0.0
611,4,0,0,64.6538,92.0,15.1,0.005885804,73.4995495879618,6.377563477,0.0,0.016106323,0.01137948,1.81362052,8810.064592,736.771484,672.447571,0.007084,0.007248
612,4,0,0,64.7442,92.0,15.1,0.005896978,73.5100801755046,5.627746582,0.0,-0.003259613,0.047382116,1.777617884,8825.179547,713.242126,668.730286,0.007282,0.007415
613,4,0,0,64.9486,90.0,15.1,0.005906894,73.7270973892418,9.895935059,0.0,-0.010162323,0.103918314,1.721081686,8841.691768,606.101013,659.484619,0.007238,0.00735
614,4,0,0,64.8803,86.0,15.1,0.005907898,74.0220336797976,7.036743164,0.0,-0.010162323,0.133819342,1.691180658,8856.159694,736.253174,913.884583,0.007051,0.007255
615,4,0,0,64.9713,86.0,15.1,0.005888466,74.0545401590952,6.289672852,0.0,-0.000959,0.142936468,1.682063532,8873.407216,664.501709,680.905212,0.00733,0.00743
616,4,0,0,65.0398,86.0,15.4,0.005843777,74.1228442340838,6.904907227,0.0,-0.000959,0.142907858,1.682092142,8887.915373,605.037415,180.896896,0.006562,0.006968
617,4,0,0,65.1542,85.0,15.4,0.005765217,74.2244167464864,6.992797852,0.0,0.001533936,0.140166044,1.684833956,8904.522647,649.663879,670.641602,0.006873,0.007125
618,4,0,0,65.269,86.0,15.3,0.005690837,74.3151326995292,7.036743164,0.0,-0.007094452,0.137085676,1.687914324,8919.771281,652.785522,676.95697,0.007048,0.007243
619,4,0,0,65.3612,87.0,15.3,0.005618677,74.4214851931328,6.992797852,0.0,0.003067871,0.127127886,1.697872114,8936.432572,670.570679,671.674011,0.007095,0.007287
620,4,0,0,65.3843,86.0,15.6,0.005573182,74.511136905727,6.992797852,0.0,0.005368774,0.121795416,1.703204584,8951.729182,647.500916,671.001709,0.006492,0.006926
621,4,0,0,65.4536,86.0,15.6,0.00554537,74.6169433985488,7.080688477,0.0,0.012271484,0.13520503,1.68979497,8968.441632,678.081116,673.228516,0.006432,0.006782
622,4,0,0,65.5927,88.0,15.5,0.005544528,74.7242696233194,7.344360352,0.0,0.008436646,0.173399687,1.651600313,8983.086074,604.539612,668.699097,0.006445,0.006731
623,4,0,0,65.5695,88.0,15.5,0.005565423,74.840764338537,7.344360352,0.0,-0.004793549,0.237943888,1.587056112,9000.543694,756.49353,665.737305,0.006181,0.006605
624,4,0,0,65.6392,87.0,15.8,0.005592615,74.9442175578504,7.300415039,0.0,-0.015531097,0.291056395,1.533943605,9015.223149,535.8927,662.191406,0.006489,0.006897
625,4,0,0,65.8259,88.0,15.8,0.005621392,75.0534376056528,7.256469727,0.0,-0.020132904,0.32509923,1.49990077,9032.016586,691.84491,658.016479,0.006714,0.006954
626,4,0,0,65.9196,89.0,16.0,0.005637747,75.1498249372292,7.300415039,0.0,-0.015531097,0.315069914,1.509930086,9047.428679,667.276978,633.739319,0.007349,0.007357
627,4,0,0,66.0371,93.0,16.0,0.005648331,75.2623743071566,7.256469727,0.0,-0.016298065,0.252321482,1.572678518,9064.259743,674.494507,666.319092,0.007531,0.007609
628,4,0,0,66.1078,93.0,16.2,0.005659679,75.3582965233796,7.212524414,0.0,0.009203613,0.154176474,1.670823526,9078.997751,736.467224,909.108215,0.007159,0.007434
629,4,0,0,66.2024,92.0,16.2,0.005686579,75.451867509956,6.948852539,0.0,0.019941162,0.040863276,1.784136724,9096.555138,634.465698,664.139099,0.007022,0.007299
630,4,0,0,66.4161,94.0,16.1,0.005725564,75.5167752820888,6.948852539,0.0,-0.008628387,-0.019740343,1.844740343,9110.611714,629.723694,661.038208,0.007011,0.007257
631,4,0,0,66.3685,95.0,16.1,0.005780626,75.602444200051,7.124633789,0.0,0.014572388,-0.082851171,1.907851171,9128.178217,696.8349,673.679626,0.006728,0.007
632,4,0,0,66.5115,98.0,16.3,0.005828437,75.6803014299334,7.080688477,0.0,0.036047485,-0.118687391,1.943687391,9142.916229,645.451904,676.912781,0.006852,0.007097
633,4,0,0,66.6311,99.0,16.3,0.005875533,75.759655394296,6.817016602,0.0,0.003834839,-0.08048749,1.90548749,9159.748365,656.539307,661.474915,0.007244,0.007393
634,4,0,0,66.5354,99.0,16.2,0.005907269,75.8069549912472,6.729125977,0.0,0.00690271,0.016231775,1.808768225,9175.167431,665.233521,701.930298,0.007327,0.007536
635,4,0,0,66.6791,100.0,16.2,0.005927642,75.8605921852118,6.860961914,0.0,-0.010162323,0.151972532,1.673027468,9191.945137,662.438293,679.945679,0.007384,0.00748
636,4,0,0,66.7994,98.0,16.0,0.005924906,75.9136036838778,6.948852539,0.0,-0.008628387,0.258260489,1.566739511,9207.273142,732.67688,912.203796,0.007225,0.007358
637,4,0,0,66.8959,96.0,16.0,0.005898478,75.8922885549402,5.58380127,0.0,0.0,0.343261003,1.481738997,9223.952261,653.720093,665.068481,0.006983,0.007179
638,4,0,0,66.9927,96.0,15.9,0.005866495,75.7998216721642,5.451965332,0.0,-0.010929291,0.403661966,1.421338034,9238.538791,665.552917,668.266907,0.00705,0.007347
639,4,0,0,66.8959,98.0,15.9,0.005839072,75.7522104748022,5.627746582,0.0,-0.019365936,0.435111761,1.389888239,9253.813656,1060.170654,662.468018,0.006877,0.007319
640,4,0,0,66.5832,99.0,15.9,0.005820563,75.7042216136224,5.58380127,0.0,0.005368774,0.402288198,1.422711802,9270.469815,700.202515,829.091187,0.006552,0.006875
641,4,0,0,66.2972,99.0,15.9,0.005815508,75.539739727032,3.606262207,0.0,0.005368774,0.354842901,1.470157099,9285.037124,709.96167,883.659424,0.006473,0.006846
642,4,0,0,66.1314,100.0,16.1,0.005823573,75.3081727117558,3.430480957,0.0,0.001533936,0.318068743,1.506931257,9302.370937,710.200623,663.75592,0.006956,0.007229
643,4,0,0,66.1078,98.0,16.1,0.005845655,75.0686206342016,5.58380127,0.0,-0.025501678,0.295440912,1.529559088,9316.924326,672.588013,668.969116,0.006381,0.006777
644,4,0,0,66.1078,97.0,16.0,0.0058832,75.0286937134716,5.58380127,0.0,-0.008628387,0.223218203,1.601781797,9333.548987,635.624878,634.776978,0.006219,0.006655
645,4,0,0,66.2497,97.0,16.0,0.005917704,74.9956293242762,5.75958252,0.0,-0.008628387,0.117904425,1.707095575,9348.088736,708.59613,673.909973,0.006519,0.006875
646,4,0,0,66.3922,96.0,16.2,0.00595406,74.9659826260652,5.58380127,0.0,-0.000959,-0.0107162,1.8357162,9365.388584,656.074402,693.724915,0.006973,0.007196
647,4,0,0,66.5115,94.0,16.2,0.005981391,74.9342334699848,5.58380127,0.0,0.009203613,-0.126850367,1.951850367,9379.895056,599.747925,669.718506,0.007099,0.007286
648,4,0,0,66.6311,94.0,16.3,0.006003988,74.8982912268146,5.58380127,0.0,0.008436646,-0.24889493,2.07389493,9396.434579,600.917725,660.069275,0.007067,0.007297
649,4,0,0,66.7512,93.0,16.3,0.006015906,74.866190703532,5.58380127,0.0,0.009203613,-0.32821393,2.15321393,9411.592614,661.133301,669.375916,0.007295,0.007416
650,4,0,0,66.8717,94.0,16.8,0.006021342,74.8289545349084,5.58380127,0.0,0.010737549,-0.401177168,2.226177168,9428.132508,700.852722,883.816711,0.007243,0.007403
651,4,0,0,67.0169,95.0,16.8,0.006016725,74.7973748906102,5.58380127,0.0,0.005368774,-0.427874327,2.252874327,9442.60964,723.864807,911.489929,0.00735,0.007471
652,4,0,0,67.1628,96.0,16.9,0.006002239,74.760664107123,5.58380127,0.0,0.009203613,-0.434390783,2.259390783,9459.847275,673.041687,664.468018,0.007322,0.00747
653,4,0,0,67.2604,98.0,16.9,0.005991196,74.7183403480508,4.17755127,0.0,0.009203613,-0.416355848,2.241355848,9474.321875,0.0,0.0,0.0,0.0
654,4,0,0,67.3582,99.0,17.0,0.005990449,74.5087703873504,3.957824707,0.0,0.003834839,-0.365661383,2.190661383,9490.858047,662.950928,661.062195,0.00734,0.007528
655,4,0,0,67.4564,100.0,17.0,0.005993328,74.3964446674028,5.75958252,0.0,0.00690271,-0.309124708,2.134124708,9506.010564,747.036011,906.773621,0.007156,0.007379
656,4,0,0,67.5794,102.0,16.8,0.005982012,74.4257052688544,5.982055664,0.0,0.008436646,-0.229331732,2.054331732,9522.549934,662.366699,675.306274,0.00736,0.007525
657,4,0,0,67.6041,104.0,16.8,0.00595605,74.435624661252,6.245727539,0.0,0.005368774,-0.156012297,1.981012297,9537.050378,662.49939,675.399292,0.007443,0.007642
658,4,0,0,67.7773,105.0,16.9,0.005923143,74.46804755143,6.201782227,0.0,0.0,-0.048543215,1.873543215,9554.343343,674.90271,467.801086,0.007326,0.007589
659,4,0,0,67.9265,100.0,16.9,0.005905875,74.4701336262182,5.58380127,0.0,-0.012463226,0.056424856,1.768575144,9568.889862,642.400391,679.378296,0.007288,0.007514
660,4,0,0,68.0013,95.0,16.7,0.005907945,74.4399437757572,5.627746582,0.0,-0.012463226,0.146096468,1.678903532,9585.534227,677.345398,664.434509,0.007403,0.007601
661,4,0,0,68.1013,92.0,16.7,0.005925904,74.414120499238,5.627746582,0.0,-0.010929291,0.192741156,1.632258844,9600.811602,689.868408,464.382813,0.007433,0.007694
662,4,0,0,68.2017,90.0,16.3,0.005950691,74.384883056189,5.58380127,0.0,-0.016298065,0.21830821,1.60669179,9617.498185,626.326782,671.601501,0.007489,0.007585
663,4,0,0,68.2771,89.0,16.3,0.005964116,74.4271562658918,7.783813477,0.0,-0.013997162,0.209382772,1.615617228,9632.812216,728.631409,902.805481,0.007212,0.007445
664,4,0,0,68.3527,90.0,15.9,0.005966287,74.5847286604064,7.476196289,0.0,-0.008628387,0.158302069,1.666697931,9649.537914,662.739624,679.788818,0.007431,0.007566
665,4,0,0,68.4285,93.0,15.9,0.005962701,74.7060762760204,7.300415039,0.0,-0.008628387,0.098680735,1.726319265,9664.189174,690.765198,665.346985,0.007222,0.007501
666,4,0,0,68.5551,94.0,15.5,0.005960986,74.8133712474082,6.992797852,0.0,-0.003259613,0.001407862,1.823592138,9681.650175,727.356628,914.057373,0.007155,0.007364
667,4,0,0,68.6314,95.0,15.5,0.005961751,74.89539813239,6.817016602,0.0,0.003834839,-0.10023427,1.92523427,9695.633361,735.084229,897.307617,0.007202,0.007403
668,4,0,0,68.7588,95.0,15.1,0.005959974,74.9989647457998,7.036743164,0.0,0.013038452,-0.214336157,2.039336157,9713.12926,669.710815,659.201904,0.007386,0.007522
669,4,0,0,68.8099,96.0,15.1,0.005953371,75.080294319853,6.992797852,0.0,0.029144775,-0.286274195,2.111274195,9727.840301,633.546204,679.462524,0.007289,0.007437
670,4,0,0,68.8099,98.0,14.5,0.005940425,75.1709456739882,6.992797852,0.0,0.023776001,-0.300362349,2.125362349,9744.668888,663.713684,663.403625,0.007271,0.007473
671,4,0,0,68.9123,99.0,14.5,0.005926179,75.2535691895882,6.992797852,0.0,0.009203613,-0.232419729,2.057419729,9760.108842,0.0,0.0,0.0,0.0
672,4,0,0,68.9636,99.0,14.3,0.005907198,75.3450577384848,6.948852539,0.0,-0.013997162,-0.129454851,1.954454851,9776.965965,670.532288,651.194519,0.006771,0.007199
673,4,0,0,69.0407,97.0,14.3,0.005890097,75.4183760019246,6.948852539,0.0,-0.02166684,-0.047464609,1.872464609,9791.726876,834.1745,425.946808,0.007384,0.007644
674,4,0,0,69.015,93.0,14.1,0.005876491,75.502609839222,6.948852539,0.0,-0.000959,-0.015846491,1.840846491,9809.312852,639.491882,667.34613,0.007099,0.007268
675,4,0,0,69.2991,93.0,14.1,0.005874496,75.569483951247,6.904907227,0.0,-0.015531097,-0.008308649,1.833308649,9824.095455,692.042297,669.909912,0.006943,0.007204
676,4,0,0,69.2991,94.0,13.9,0.005886765,75.6463841549116,6.948852539,0.0,-0.015531097,-0.021826029,1.846826029,9841.001177,702.310303,706.673584,0.006794,0.00709
677,4,0,0,69.403,94.0,13.9,0.005908866,75.7133485348172,6.904907227,0.0,-0.003259613,-0.068495989,1.893495989,9856.508848,689.465698,671.713318,0.00685,0.007146
678,4,0,0,69.5333,93.0,13.7,0.005940679,75.7847278815184,6.773071289,0.0,-0.004793549,-0.145442247,1.970442247,9873.435205,0.0,0.0,0.0,0.006484
679,4,0,0,69.6117,93.0,13.7,0.005969319,75.8433006959554,6.817016602,0.0,-0.003259613,-0.220517397,2.045517397,9888.927273,656.872314,658.431091,0.007012,0.007185
680,4,0,0,69.4551,94.0,13.5,0.006001505,75.9017817780124,6.773071289,0.0,0.02761084,-0.324440241,2.149440241,9905.701029,689.269775,668.256287,0.006975,0.007276
681,4,0,0,69.6641,95.0,13.5,0.006031692,75.9544428268,6.817016602,0.0,0.02761084,-0.371801138,2.196801138,9920.264901,717.413513,98.596901,0.006317,0.006405
682,4,0,0,69.7954,96.0,13.7,0.006067515,76.012900734361,6.729125977,0.0,0.017640259,-0.330333471,2.155333471,9937.530387,649.238403,671.821289,0.006699,0.006978
683,4,0,0,69.9007,95.0,13.7,0.006095531,76.061594776142,6.729125977,0.0,0.00690271,-0.237617254,2.062617254,9952.042107,0.0,0.0,0.009264,0.008484
684,4,0,0,69.8744,96.0,13.8,0.006132973,76.1184140859018,6.817016602,0.0,0.017640259,-0.087798357,1.912798357,9968.63246,604.403992,662.374207,0.007206,0.007476
685,4,0,0,70.0594,95.0,13.8,0.00618908,76.1628942318268,6.597290039,0.0,-0.000959,0.061843157,1.763156843,9983.146668,726.67218,881.597473,0.007319,0.007557
686,4,0,0,70.139,93.0,13.9,0.006284192,76.1894279032088,6.377563477,0.0,-0.000959,0.248624563,1.576375437,10000.43472,639.08783,660.562988,0.007517,0.007661
687,4,0,0,70.0064,91.0,13.9,0.006369454,75.8034351715464,0.0,83.50524902,-0.02856955,0.414704084,1.410295916,10014.96504,767.43811,897.178894,0.007604,0.007763
688,4,0,0,70.0594,93.0,13.7,0.006417771,75.2079193592578,0.0,38.09509277,-0.000959,0.547295332,1.277704668,10031.57864,0.0,0.0,0.0,0.0
689,4,0,0,70.139,94.0,13.7,0.006388177,74.672540833007,0.0,0.0,0.005368774,0.613476992,1.211523008,10046.10306,0.0,0.0,0.0,0.0
690,4,0,0,70.2988,95.0,13.8,0.006284288,74.6175977561928,5.850219727,0.0,0.010737549,0.724280596,1.100719404,10063.27273,664.740295,659.907715,0.007789,0.007829
691,4,0,0,70.3522,95.0,13.8,0.006168562,74.6940175879608,7.036743164,0.0,-0.057714325,0.834738493,0.990261507,10077.6806,641.937012,655.158081,0.007821,0.007886
692,4,0,0,70.4057,95.0,13.9,0.006051083,74.6927301964278,6.641235352,0.0,-0.063083099,0.805724859,1.019275141,10094.19107,674.222107,660.005127,0.00779,0.007855
693,4,0,0,70.5398,94.0,13.9,0.005982925,74.6687503223182,6.465454102,0.0,-0.004793549,0.599202394,1.225797606,10109.35354,0.0,0.0,0.0,0.0
694,4,0,0,70.6205,95.0,14.0,0.005948405,74.713823783621,6.333618164,0.0,0.032979614,0.337333441,1.487666559,10125.91617,727.81427,285.993408,0.0,0.006405
695,4,0,0,70.7554,95.0,14.0,0.005942289,74.7461938391668,6.333618164,0.0,0.010737549,0.176272154,1.648727846,10141.11083,669.568726,662.772278,0.007507,0.00766
696,4,0,0,70.8908,96.0,14.4,0.005942952,74.7796154696554,6.289672852,0.0,0.037581421,0.057702303,1.767297697,10157.66959,725.46283,888.535583,0.007544,0.007672
697,4,0,0,70.918,98.0,14.4,0.005946093,74.5148983034552,0.0,43.51501465,0.050619873,0.035692453,1.789307547,10172.0914,674.684021,683.620483,0.007765,0.007788
698,4,0,0,71.0268,100.0,14.5,0.00595785,73.9915234902096,7.124633789,0.0,-0.027035614,0.155943155,1.669056845,10189.25378,0.0,0.0,0.0,0.0
699,4,0,0,71.1359,101.0,14.5,0.005974878,74.192219469683,8.355102539,0.0,-0.023200775,0.225213289,1.599786711,10203.67904,604.984314,663.390625,0.007548,0.007679
700,4,0,0,71.218,103.0,14.5,0.005993241,74.36926384822,7.300415039,0.0,-0.003259613,0.231879473,1.593120527,10220.18835,784.285706,659.316589,0.007391,0.0075
701,4,0,0,71.2728,103.0,14.5,0.006003703,74.4870884415466,6.904907227,0.0,0.0,0.215895414,1.609104586,10235.339,661.402405,657.754395,0.007291,0.007513
702,4,0,0,71.4653,102.0,14.6,0.006011279,74.5692772583192,6.553344727,0.0,0.023776001,0.197049856,1.627950144,10251.88419,655.19812,662.844299,0.007318,0.007506
703,4,0,0,71.4929,99.0,14.6,0.006013726,74.6128736834634,6.333618164,0.0,-0.007094452,0.203688383,1.621311617,10266.37475,720.576294,905.773499,0.007457,0.007634
704,4,0,0,71.6035,97.0,14.6,0.00600902,74.2975135486488,0.0,0.0,0.001533936,0.212111712,1.612888288,10283.64003,647.411377,639.030273,0.007471,0.007637
705,4,0,0,71.6866,97.0,14.6,0.005999252,74.1560697182132,5.806274414,0.0,-0.020132904,0.204325438,1.620674562,10297.46296,666.846802,644.974915,0.007386,0.00759
706,4,0,0,71.7978,98.0,14.4,0.005980645,74.1408335492576,6.685180664,0.0,-0.000959,0.136856794,1.688143206,10314.7545,849.134888,664.747925,0.007294,0.007503
707,4,0,0,71.8535,99.0,14.4,0.005955139,74.2399357247602,7.168579102,0.0,0.003067871,0.033701658,1.791298342,10329.29024,663.626709,673.482788,0.007369,0.007575
708,4,0,0,71.9652,99.0,14.4,0.005919194,74.3410257731242,6.729125977,0.0,0.001533936,-0.07528615,1.90028615,10345.91416,651.178772,669.702576,0.006993,0.007284
709,4,0,0,71.8535,99.0,14.4,0.005892403,74.414205391923,6.817016602,0.0,-0.000959,-0.16698575,1.99198575,10361.16058,520.87561,658.554321,0.007209,0.00743
710,4,0,0,71.9652,99.0,14.5,0.0058788,74.4938386411492,6.685180664,0.0,0.003067871,-0.265347719,2.090347719,10377.79073,736.22699,892.387085,0.007406,0.007609
711,4,0,0,72.1615,97.0,14.5,0.005883202,74.5596370703182,6.553344727,0.0,0.003067871,-0.353441954,2.178441954,10393.03208,665.108521,705.034302,0.007376,0.007542
712,4,0,0,72.1897,96.0,14.2,0.005897908,74.6216414160636,6.641235352,0.0,0.021475098,-0.432610273,2.257610273,10409.65236,664.724487,663.950989,0.007215,0.007432
713,4,0,0,72.3872,96.0,14.2,0.005908573,74.6754765588482,6.597290039,0.0,0.017640259,-0.452598333,2.277598333,10424.19895,616.56488,649.022522,0.007306,0.007525
714,4,0,0,72.3589,95.0,14.3,0.005913544,74.7366933579712,6.597290039,0.0,0.003067871,-0.415998697,2.240998697,10441.52429,726.813721,883.899475,0.006138,0.00675
715,4,0,0,72.3589,93.0,14.3,0.005913881,74.788085651383,6.553344727,0.0,0.003067871,-0.360332251,2.185332251,10456.08356,663.863403,669.552917,0.00718,0.007341
716,4,0,0,72.3306,93.0,14.1,0.005910398,74.8447712249888,6.509399414,0.0,0.003067871,-0.286789179,2.111789179,10472.7246,724.04248,910.65741,0.006943,0.007231
717,4,0,0,72.3872,93.0,14.1,0.005904485,74.8443312314328,5.75958252,0.0,0.005368774,-0.216028929,2.041028929,10487.97833,645.821899,664.810913,0.006886,0.007182
718,4,0,0,72.5574,93.0,14.2,0.005896481,74.8360640679462,5.806274414,0.0,0.001533936,-0.116356611,1.941356611,10504.61557,661.861511,672.069214,0.006725,0.006985
719,4,0,0,72.5289,92.0,14.2,0.005887119,74.804888126587,5.58380127,0.0,0.001533936,-0.019581556,1.844581556,10519.1651,659.030579,670.534119,0.006607,0.006888
720,4,0,0,72.6998,95.0,14.2,0.005869363,74.8059799511232,6.333618164,0.0,-0.013997162,0.093334436,1.731665564,10536.42174,682.262085,737.393311,0.00695,0.007185
721,4,0,0,72.7569,98.0,14.2,0.005846604,74.8386622347224,6.333618164,0.0,-0.012463226,0.159989119,1.665010881,10550.84016,727.680115,906.871826,0.007038,0.007297
722,4,0,0,72.8428,100.0,14.3,0.005817797,74.8730967194334,6.289672852,0.0,0.003067871,0.163985491,1.661014509,10567.29765,663.603394,206.768097,0.006478,0.0
723,4,0,0,72.9863,100.0,14.3,0.005797725,74.8875056393488,5.938110352,0.0,-0.003259613,0.167258501,1.657741499,10582.31102,647.540527,664.733276,0.007272,0.007485
724,4,0,0,73.0727,97.0,14.4,0.005788129,74.8859817070226,5.894165039,0.0,-0.003259613,0.167980433,1.657019567,10598.62996,647.651672,662.789673,0.007175,0.007313
725,4,0,0,73.1304,96.0,14.4,0.00579412,74.8744489029948,5.715637207,0.0,0.0,0.160417318,1.664582682,10612.89389,653.93689,654.684082,0.007176,0.007433
726,4,0,0,73.2172,92.0,14.7,0.00581578,74.8423806308858,5.451965332,0.0,0.003067871,0.151292086,1.673707914,10629.85094,719.208801,899.708679,0.007326,0.007536
727,4,0,0,73.2751,88.0,14.7,0.005841183,74.5941758241678,0.0,0.0,0.008436646,0.148211241,1.676788759,10644.08839,662.469116,655.946289,0.007071,0.007285
728,4,0,0,73.3913,85.0,14.8,0.005865485,74.1454808242822,5.188293457,0.0,0.0,0.173113585,1.651886415,10660.35685,642.088989,766.958679,0.006766,0.007029
729,4,0,0,73.4495,87.0,14.8,0.005874651,74.0536460097912,4.045715332,0.0,-0.000959,0.212008715,1.612991285,10674.58921,615.164917,652.098816,0.007253,0.007366
730,4,0,0,73.3913,87.0,14.8,0.00587235,73.6558717345106,0.087890625,0.0,-0.000959,0.24341464,1.58158536,10689.49271,655.39093,684.682312,0.006717,0.006956
731,4,0,0,73.6247,87.0,14.8,0.005867817,73.4296183897662,5.012512207,0.0,-0.000959,0.274567842,1.550432158,10705.73829,724.617676,914.396912,0.006663,0.006996
732,4,0,0,73.8302,88.0,14.8,0.005877077,73.329402003808,4.309387207,0.0,-0.000959,0.298855066,1.526144934,10719.9365,676.269104,670.982483,0.006802,0.007087
733,4,0,0,73.8302,90.0,14.8,0.005913598,73.2310141499578,5.627746582,0.0,-0.004793549,0.326546907,1.498453093,10736.81268,650.050903,676.544922,0.00641,0.006793
734,4,0,0,73.8007,91.0,14.8,0.005965907,73.2176254067618,5.58380127,0.0,-0.008628387,0.347024202,1.477975798,10750.96095,664.647522,652.921875,0.006382,0.006709
735,4,0,0,73.8891,93.0,14.8,0.006034469,73.2018427220356,5.58380127,0.0,-0.010162323,0.342971563,1.482028437,10767.08972,0.0,0.0,0.0,0.011179
736,4,0,0,73.9776,94.0,15.1,0.006088303,73.182399416452,5.320129395,0.0,-0.020132904,0.308727503,1.516272497,10781.79537,803.650513,681.244202,0.007316,0.007533
737,4,0,0,74.0664,92.0,15.1,0.006134885,73.1121870665584,5.100402832,0.0,0.00690271,0.209377527,1.615622473,10797.82892,679.3349,657.633728,0.007308,0.00751
738,4,0,0,74.096,93.0,15.1,0.006163627,73.014995869652,4.70489502,0.0,0.016106323,0.095325708,1.729674292,10812.53741,0.0,0.0,0.0,0.008463
739,4,0,0,74.1554,92.0,15.1,0.006187824,72.8675638460104,4.045715332,0.0,0.012271484,0.016866922,1.808133078,10828.58964,649.333923,660.346497,0.0074,0.007543
740,4,0,0,74.2148,91.0,15.4,0.006202039,72.7083549941168,3.913879395,0.0,0.016106323,0.022857904,1.802142096,10842.62747,672.314087,670.531372,0.007284,0.00741
741,4,0,0,74.2743,91.0,15.4,0.006202401,72.353624319597,0.0,0.0,-0.000959,0.088183165,1.736816835,10859.30004,663.978882,649.858276,0.007494,0.007535
742,4,0,0,74.2743,92.0,15.7,0.006185356,72.132922650677,6.509399414,0.0,-0.012463226,0.16419673,1.66080327,10872.57463,667.518921,656.970215,0.00716,0.00733
743,4,0,0,74.4236,93.0,15.7,0.006153453,72.208289732684,5.938110352,0.0,-0.010162323,0.20712781,1.61787219,10889.04263,672.845398,655.236328,0.007084,0.007286
744,4,0,0,74.4835,94.0,15.9,0.006126435,72.2412299612984,5.850219727,0.0,0.0,0.205253839,1.619746161,10902.86519,665.235779,653.829529,0.00673,0.007009
745,4,0,0,74.5734,95.0,15.9,0.006108987,72.1333910651774,3.694152832,0.0,0.001533936,0.188070536,1.636929464,10918.7427,658.120911,649.006714,0.006489,0.00681
746,4,0,0,74.6035,95.0,16.1,0.006107942,71.9330036122754,0.703125,0.0,0.013038452,0.186695814,1.638304186,10933.346,678.753418,570.520874,0.006097,0.006657
747,4,0,0,74.6335,94.0,16.1,0.006115354,71.2189307638394,0.0,0.0,-0.000959,0.219376326,1.605623674,10949.31055,721.697388,895.393494,0.006625,0.007006
748,4,0,0,74.6636,94.0,16.3,0.006121173,71.0872937685618,11.21429443,0.0,0.0,0.261398554,1.563601446,10963.30101,672.773499,649.245605,0.006846,0.007147
749,4,0,0,74.7239,94.0,16.3,0.006125886,71.5614048819466,8.486938477,0.0,-0.000959,0.292598009,1.532401991,10979.9661,668.790222,661.067017,0.006989,0.007171
750,4,0,0,74.7239,95.0,16.5,0.006132896,71.7854157562416,7.124633789,0.0,0.0,0.294452906,1.530547094,10993.96648,693.895996,759.497681,0.006432,0.006751
751,4,0,0,74.8447,97.0,16.5,0.006151033,71.9551092007408,6.509399414,0.0,-0.005560516,0.294434309,1.530565691,11009.96803,664.817871,652.911499,0.00672,0.006895
752,4,0,0,75.0875,98.0,16.9,0.006183126,72.0002024569256,5.627746582,0.0,-0.003259613,0.278415918,1.546584082,11024.63731,665.523926,652.725708,0.006155,0.006527
753,4,0,0,75.1484,99.0,16.9,0.006250641,72.0082364270462,5.58380127,0.0,-0.003259613,0.245736837,1.579263163,11040.64098,667.974304,658.206604,0.006177,0.00659
754,4,0,0,75.2706,98.0,17.0,0.006349463,72.0155590045132,5.58380127,0.0,0.0,0.202316999,1.622683001,11055.29876,671.395813,652.573303,0.006211,0.006583
755,4,0,0,75.2706,98.0,17.0,0.00651921,72.0204489680098,5.58380127,0.0,-0.008628387,0.14420867,1.68079133,11071.18007,672.053284,655.736877,0.00668,0.006864
756,4,0,0,75.2706,97.0,17.1,0.006719003,71.7852952166756,0.0,0.0,-0.000959,0.074940443,1.750059557,11084.96941,670.547729,656.213501,0.006881,0.007086
757,4,0,0,75.1789,95.0,17.1,0.007004663,70.9970705310534,0.0,136.9720459,0.008436646,-0.009301424,1.834301424,11101.25641,722.981628,903.039795,0.006756,0.007013
758,4,0,0,75.547,95.0,17.2,0.007305244,70.3215191184452,0.0,138.4368896,0.00690271,-0.050540209,1.875540209,11114.83007,663.801819,641.500488,0.007141,0.007237
759,4,0,0,75.7633,95.0,17.2,0.007692743,69.5510635098178,0.0,261.3372803,0.010737549,-0.052892447,1.877892447,11130.2237,,,,
760,4,0,0,75.7943,94.0,17.3,0.007692743,69.5510635098178,0.0,261.3372803,0.010737549,-0.052892447,1.877892447,11130.2237,,,,
761,4,0,0,75.8254,94.0,17.3,0.007692743,69.5510635098178,0.0,261.3372803,0.010737549,-0.052892447,1.877892447,11130.2237,,,,
