Time,Drive,Stimulus,Failure,Palm.EDA,Heart.Rate,Breathing.Rate,Perinasal.Perspiration,Speed,Acceleration,Brake,Steering,LaneOffset,Lane.Position,Distance,Gaze.X.Pos,Gaze.Y.Pos,Lft.Pupil.Diameter,Rt.Pupil.Diameter
1,4,0,0,82.3683,65.0,7.3,0.007204357,0.01788025342068,0.0,265.2923584,-0.083791229,-0.100189447,1.925189447,8.0612e-06,0.0,0.0,0.0,0.0
2,4,0,0,81.4983,66.0,6.8,0.007005328,0.01788025342068,0.0,265.2923584,-0.083791229,-0.100189447,1.925189447,1.51149e-05,0.0,0.0,0.0,0.0
3,4,0,0,81.678,68.0,6.8,0.006792776,0.71642145646774,0.0,227.645874,-0.008628387,-0.100396872,1.925396872,0.000612213,726.454285,633.581299,0.003325,0.003337
4,4,0,0,80.8224,68.0,6.8,0.006624162,0.73937713855464,0.0,132.2845459,-0.039307098,-0.100563288,1.925563288,0.065248641,698.794312,647.431702,0.003318,0.00333
5,4,0,0,78.4265,69.0,6.8,0.00645053,0.74041057301696,0.0,41.02478027,-0.023200775,-0.100956202,1.925956202,0.237057434,713.766418,603.918518,0.003419,0.003356
6,4,0,0,76.7048,68.0,7.0,0.006314016,0.7397189446679,0.0,0.0,-0.016298065,-0.101210833,1.926210833,0.386552559,735.252686,621.907776,0.003427,0.003452
7,4,0,0,77.9642,68.0,7.0,0.006179965,4.16422807017728,0.0,44.68688965,-0.000959,-0.101974249,1.926974249,0.564340659,708.568787,615.029724,0.003384,0.003275
8,4,0,0,77.7678,68.0,7.5,0.006088589,2.01663138256774,0.0,19.63806152,0.005368774,-0.102535963,1.927535963,0.720850287,753.484192,642.520813,0.003332,0.003311
9,4,0,0,78.6931,67.0,7.5,0.006017725,6.13204164789,5.806274414,0.0,0.003834839,-0.102873564,1.927873564,1.297030427,701.622314,623.304871,0.003355,0.003258
10,4,0,0,79.538,66.0,7.6,0.00598277,6.72562932118998,0.0,9.237670898,0.001533936,-0.103576422,1.928576422,2.0605587,728.822021,606.673218,0.003352,0.003285
11,4,0,0,80.7872,66.0,7.6,0.005970445,6.37195244893954,0.0,14.36462402,0.014572388,-0.104861021,1.929861021,2.512102007,688.061829,640.051086,0.003217,0.00323
12,4,0,0,81.4624,66.0,8.1,0.005982029,6.1165336614084,0.0,5.136108398,0.003067871,-0.104756117,1.929756117,3.268985747,731.497192,658.123718,0.003332,0.003256
13,4,0,0,82.1126,66.0,8.1,0.006011892,4.67389488579504,0.0,8.944702148,0.02761084,-0.103523016,1.928523016,4.858388349,698.501709,660.395874,0.003224,0.003204
14,4,0,0,82.1855,66.0,8.4,0.006040691,3.92260911565174,8.662719727,0.0,0.016106323,-0.101787806,1.926787806,6.212400436,708.660278,588.398682,0.003238,0.003226
15,4,0,0,83.033,66.0,8.4,0.006069786,10.3531992418676,4.045715332,0.0,0.016106323,-0.09721303,1.92221303,7.635517806,712.537292,610.932373,0.00335,0.003361
16,4,0,0,83.1449,66.0,8.8,0.00609481,10.4295261278133,0.0,263.973999,0.016106323,-0.089117289,1.914117289,8.840377777,710.678589,639.522217,0.003393,0.003351
17,4,0,0,83.257,67.0,8.8,0.006127479,10.2290157808809,0.0,263.973999,0.023776001,-0.076709986,1.901709986,10.14413089,731.776794,646.67981,0.003402,0.003408
18,4,0,0,83.7465,66.0,9.1,0.006159715,10.0884679488809,0.0,263.6810303,0.003834839,-0.064166784,1.889166784,10.91653318,705.898621,631.156677,0.003408,0.003479
19,4,0,0,83.7086,66.0,9.1,0.006200605,9.94126102201578,0.0,263.3880615,-0.010929291,-0.051153898,1.876153898,12.1074071,835.892029,564.434814,0.003392,0.003335
20,4,0,0,84.0124,67.0,9.4,0.006238922,2.83795188940488,0.0,262.9486084,-0.010929291,-0.043418646,1.868418646,14.08229379,710.369507,674.552917,0.00355,0.003552
21,4,0,0,84.7429,68.0,9.4,0.00627446,0.5513113463056,0.0,127.7435303,-0.005560516,-0.043037176,1.868037176,16.41851575,723.581604,635.672119,0.003592,0.003551
22,4,0,0,79.7779,69.0,10.0,0.006284507,1.1596554249951,5.58380127,0.0,0.003834839,-0.042331457,1.867331457,18.42925319,728.399475,655.345581,0.003492,0.003525
23,4,0,0,78.4265,70.0,10.0,0.006265658,4.00288737225654,0.0,117.489624,0.003067871,-0.038254023,1.863254023,20.7922295,691.646912,695.221191,0.003503,0.003507
24,4,0,0,80.0884,70.0,10.5,0.006228388,1.87451100973624,0.0,7.479858398,-0.003259613,-0.035188913,1.860188913,22.84761695,710.533875,597.332886,0.003448,0.003487
25,4,0,0,81.3908,70.0,10.5,0.006174417,4.68902603405026,5.627746582,0.0,-0.005560516,-0.032234907,1.857234907,25.06610615,716.374329,651.965515,0.003513,0.003491
26,4,0,0,82.4416,69.0,10.6,0.006129121,5.34603951552536,0.0,264.5599365,-0.048510712,-0.027500391,1.852500391,26.74001893,757.566895,726.282288,0.003429,0.003434
27,4,0,0,82.6624,70.0,10.6,0.006090951,2.73542366078724,0.0,264.5599365,-0.040074066,-0.026592016,1.851592016,26.96243114,766.777283,746.702576,0.003389,0.003395
28,4,0,0,82.8473,70.0,10.7,0.006070127,0.99966661612654,0.0,37.50915527,-0.037773163,-0.026454687,1.851454687,27.065021,719.017883,658.119019,0.003539,0.003546
29,4,0,0,83.633,70.0,10.7,0.006056734,9.052726436516,7.432250977,0.0,-0.036239227,-0.026855707,1.851855707,27.31050468,728.799683,652.034485,0.003544,0.003491
30,4,0,0,84.3569,69.0,11.2,0.006050506,11.7458439685507,16.8447876,0.0,-0.036239227,-0.02623105,1.85123105,28.14477899,716.122681,649.526917,0.003429,0.003367
31,4,0,0,81.5341,69.0,11.2,0.006042116,20.286018530459,13.41430664,0.0,-0.012463226,-0.039276838,1.864276838,28.89570204,713.197876,586.160095,0.003456,0.003442
32,4,0,0,80.7168,70.0,11.2,0.006029313,22.725625968296,6.377563477,0.0,0.023009033,-0.061621904,1.886621904,29.27586644,711.114807,647.561707,0.003607,0.003581
33,4,0,0,81.3193,70.0,11.2,0.006010513,24.0660794688644,4.17755127,0.0,0.0,-0.066234827,1.891234827,30.18509915,713.291077,645.694885,0.003511,0.003442
34,4,0,0,82.5518,71.0,11.6,0.005993788,24.3347644628346,0.0,0.0,0.010737549,-0.056487799,1.881487799,31.31758429,715.643188,647.349915,0.003501,0.00346
35,4,0,0,83.257,70.0,11.6,0.005972039,23.7992520555892,0.0,0.0,-0.007094452,-0.036183596,1.861183596,32.34437911,712.802612,642.359619,0.00341,0.003374
36,4,0,0,83.4446,70.0,12.2,0.005945872,24.6598333435342,7.388305664,0.0,-0.012463226,-0.024167776,1.849167776,32.85324486,718.848877,652.743713,0.003356,0.003282
37,4,0,0,84.0124,70.0,12.2,0.00590468,26.3420362281276,6.201782227,0.0,-0.008628387,-0.01732564,1.84232564,33.13223676,755.073181,745.561218,0.003328,0.003378
38,4,0,0,83.8603,70.0,12.8,0.005862034,27.6020050098626,4.485168457,0.0,0.0,-0.015178442,1.840178442,34.0311373,708.232178,635.081482,0.003448,0.003423
39,4,0,0,84.3185,69.0,12.8,0.005817906,28.9119767900676,5.58380127,0.0,-0.000959,-0.013089895,1.838089895,36.24710812,688.330322,781.636719,0.003303,0.003374
40,4,0,0,84.3569,68.0,13.3,0.005790323,29.0987418557924,0.0,0.0,-0.005560516,-0.013450384,1.838450384,39.06513538,714.235291,629.142029,0.003356,0.003344
41,4,0,0,83.4822,68.0,13.3,0.005770351,28.9461761823914,2.373046875,0.0,0.003067871,-0.020218611,1.845218611,43.43383164,682.992188,768.781311,0.003446,0.00341
42,4,0,0,81.8947,68.0,13.5,0.005761621,29.3038331842068,3.034973145,0.0,0.003067871,-0.023128748,1.848128748,47.77253747,707.854004,626.166321,0.003426,0.003411
43,4,0,0,83.0703,68.0,13.5,0.005762763,30.0197817184128,5.627746582,0.0,-0.001725677,-0.022936583,1.847936583,53.24071376,700.533386,691.55542,0.003289,0.003278
44,4,0,0,83.1822,68.0,13.3,0.005771656,31.2073560139614,6.509399414,0.0,0.00690271,-0.025124311,1.850124311,57.95624433,710.952515,618.422791,0.003285,0.003191
45,4,0,0,82.3683,69.0,13.3,0.005785195,32.3983599578906,5.806274414,0.0,-0.003259613,-0.02235961,1.84735961,63.58406433,712.077271,615.013672,0.003321,0.003258
46,4,0,0,82.9586,68.0,13.5,0.005794553,33.300323428354,5.627746582,0.0,-0.000959,-0.022363424,1.847363424,68.23651537,730.126587,833.208618,0.003476,0.0
47,4,0,0,84.2801,69.0,13.5,0.005796955,33.9732125741738,5.188293457,0.0,0.012271484,-0.024612665,1.849612665,73.81152581,0.0,0.0,0.0,0.0
48,4,0,0,84.8983,69.0,13.7,0.005790001,34.3397482243022,3.65020752,0.0,-0.003259613,-0.01987052,1.84487052,78.72548172,712.901306,633.418701,0.003432,0.003427
49,4,0,0,85.2108,68.0,13.7,0.005772255,35.0279367539528,5.451965332,0.0,0.001533936,-0.018662214,1.843662214,84.58654618,721.870972,636.607483,0.003325,0.003314
50,4,0,0,85.7236,68.0,13.5,0.005747885,35.807014755685,5.627746582,0.0,-0.010162323,-0.023447275,1.848447275,90.43485692,722.718872,630.123108,0.003294,0.003281
51,4,0,0,86.4035,69.0,13.5,0.005706321,36.8469748020238,6.553344727,0.0,-0.003259613,-0.045144796,1.870144796,96.74427572,713.362671,633.372681,0.003267,0.003196
52,4,0,0,87.0534,69.0,13.6,0.005657051,37.8247633404714,7.036743164,0.0,-0.003259613,-0.072319746,1.897319746,102.4190439,705.330505,629.077881,0.003266,0.003242
53,4,0,0,87.4233,69.0,13.6,0.005597068,39.0009374416082,7.124633789,0.0,0.014572388,-0.110992193,1.935992193,109.1553653,721.792114,627.561401,0.003273,0.003272
54,4,0,0,87.6301,70.0,13.8,0.005557639,39.9890100810842,7.168579102,0.0,0.012271484,-0.133905172,1.958905172,114.7899694,711.89917,627.62793,0.003257,0.003201
55,4,0,0,87.0534,70.0,13.8,0.005537959,41.0669154839044,7.080688477,0.0,0.009203613,-0.136459112,1.961459112,121.5410611,713.930115,629.032593,0.003168,0.003137
56,4,0,0,86.4842,69.0,13.6,0.005538024,41.7822346213298,5.671691895,0.0,-0.003259613,-0.1178267,1.9428267,127.2846274,714.437317,625.14563,0.003123,0.003176
57,4,0,0,86.9716,70.0,13.6,0.005546158,42.5325891871156,6.069946289,0.0,0.0,-0.092185736,1.917185736,134.2832183,715.450073,631.226807,0.003234,0.00323
58,4,0,0,86.2828,69.0,13.7,0.005553925,43.1844268299832,6.026000977,0.0,0.003067871,-0.070257902,1.895257902,140.353393,723.813904,651.445923,0.003275,0.003195
59,4,0,0,86.89,69.0,13.7,0.005558251,43.9183045061404,6.026000977,0.0,0.003834839,-0.034971952,1.859971952,147.4809918,711.987915,624.603699,0.003242,0.003197
60,4,0,0,87.3408,70.0,13.9,0.005552634,44.5405093072144,6.069946289,0.0,-0.005560516,0.007148504,1.817851496,154.1726533,721.924011,641.506775,0.003279,0.003206
61,4,0,0,86.4035,70.0,13.9,0.005528716,45.2437056404746,6.113891602,0.0,-0.019365936,0.044023275,1.780976725,161.9419378,723.56073,636.867126,0.003231,0.003182
62,4,0,0,86.4035,70.0,14.3,0.005491546,45.8383050945672,6.069946289,0.0,-0.019365936,0.049069166,1.775930834,168.555337,719.486084,632.955688,0.003262,0.003244
63,4,0,0,87.5059,71.0,14.3,0.005442478,46.5070660579794,6.069946289,0.0,-0.008628387,0.015086889,1.809913111,176.5156866,715.976929,622.393921,0.003273,0.003286
64,4,0,0,87.4646,71.0,14.9,0.005410705,47.0742473796128,6.069946289,0.0,-0.007094452,-0.038930178,1.863930178,183.2674448,718.435791,630.176086,0.00323,0.003234
65,4,0,0,86.3632,71.0,14.9,0.005400449,47.713243358324,6.069946289,0.0,0.00690271,-0.125744581,1.950744581,191.4348603,718.736572,620.455872,0.003197,0.003168
66,4,0,0,87.0125,71.0,15.5,0.005414003,48.2510918996068,6.113891602,0.0,0.017640259,-0.200895548,2.025895548,198.4220145,724.985779,635.970215,0.003342,0.003331
67,4,0,0,87.4646,70.0,15.5,0.005444427,48.8626404558708,6.157836914,0.0,0.032979614,-0.230307341,2.055307341,206.9139111,718.056519,632.914001,0.003334,0.003289
68,4,0,0,84.6654,70.0,15.8,0.005472431,49.3821767518154,6.157836914,0.0,0.010737549,-0.183185339,2.008185339,214.2027141,713.739014,630.893677,0.003317,0.003295
69,4,0,0,81.7501,70.0,15.8,0.005495911,49.1809474048792,0.0,31.5032959,-0.02856955,-0.097891569,1.922891569,222.7135425,738.880981,834.206299,0.003438,0.003454
70,4,0,0,82.6624,70.0,16.3,0.00550559,48.823279990634,5.495910645,0.0,-0.010162323,-0.086142302,1.911142302,230.6849208,715.150696,647.248779,0.003402,0.00337
71,4,0,0,84.1269,70.0,16.3,0.005503908,48.4892589147834,0.0,0.0,0.003834839,-0.101456404,1.926456404,239.935779,719.000793,630.43042,0.003321,0.003293
72,4,0,0,85.1325,70.0,16.8,0.005492533,47.915483402967,0.0,0.0,-0.001725677,-0.099130392,1.924130392,247.8582951,711.238403,634.129883,0.003274,0.003315
73,4,0,0,85.803,70.0,16.8,0.005471037,47.2610322080328,0.0,0.0,-0.000959,-0.092822313,1.917822313,257.4503611,716.299316,629.84082,0.003218,0.00322
74,4,0,0,86.2828,70.0,16.9,0.005448794,46.922425350039,3.078918457,0.0,0.016106323,-0.085301638,1.910301638,265.6112245,718.540405,630.567383,0.003199,0.003184
75,4,0,0,86.9716,71.0,16.9,0.005426364,47.373687263318,4.968566895,0.0,0.0,-0.038778067,1.863778067,275.0558084,716.268677,637.518494,0.003213,0.00316
76,4,0,0,87.6301,70.0,17.3,0.00541602,47.7524813206,5.451965332,0.0,0.001533936,0.00843215,1.81656785,283.8232971,701.781006,636.430115,0.003231,0.003241
77,4,0,0,88.1725,70.0,17.3,0.005420458,48.20629186517,5.012512207,0.0,-0.027035614,0.059129477,1.765870523,293.9117171,728.154114,633.961304,0.003281,0.003259
78,4,0,0,88.8494,71.0,17.4,0.005438971,48.5795943393832,5.188293457,0.0,-0.012463226,0.050063372,1.774936628,302.487057,717.390991,631.292908,0.003235,0.003213
79,4,0,0,88.9775,71.0,17.4,0.005473449,48.969964894274,4.045715332,0.0,-0.012463226,-0.014037371,1.839037371,312.3986912,711.634888,645.97937,0.003264,0.003218
80,4,0,0,86.6867,72.0,17.7,0.005510991,48.9480458765948,0.571289063,0.0,-0.000959,-0.104727507,1.929727507,321.5869553,717.967407,631.76239,0.00325,0.003283
81,4,0,0,83.633,72.0,17.7,0.005558424,48.6425752004538,2.991027832,0.0,0.014572388,-0.210511923,2.035511923,332.1451205,716.080322,628.365723,0.003234,0.003206
82,4,0,0,85.1325,73.0,17.8,0.005603438,48.6699573963508,3.342590332,0.0,0.023009033,-0.266940355,2.091940355,341.1081422,713.9953,629.664795,0.003258,0.003243
83,4,0,0,86.0822,74.0,17.8,0.005659299,48.7089849535152,2.991027832,0.0,0.012271484,-0.272419214,2.097419214,351.8885085,719.28717,628.58197,0.003233,0.003211
84,4,0,0,86.3632,72.0,17.8,0.005709264,48.7411019081592,3.47442627,0.0,0.012271484,-0.232475042,2.057475042,361.0350012,712.024414,627.079895,0.003261,0.003233
85,4,0,0,86.8493,70.0,17.8,0.005761706,48.7888489016304,3.29864502,0.0,-0.010162323,-0.14832902,1.97332902,371.587985,717.184509,634.309204,0.003283,0.00323
86,4,0,0,86.0023,70.0,17.8,0.005798765,48.8852019381714,3.82598877,0.0,-0.010929291,-0.079502344,1.904502344,381.3532506,713.242188,640.601685,0.003297,0.003255
87,4,0,0,81.5701,69.0,17.8,0.005823778,49.0338182912124,4.00177002,0.0,-0.012463226,-0.038527727,1.863527727,392.5544714,718.128418,641.788208,0.003293,0.003284
88,4,0,0,81.7501,69.0,17.8,0.00582424,49.1790398541772,3.957824707,0.0,-0.007094452,-0.035651922,1.860651922,402.0487,0.0,0.0,0.0,0.0
89,4,0,0,83.5575,70.0,17.8,0.005799539,49.3514994000816,4.045715332,0.0,0.0,-0.057662725,1.882662725,412.9926661,724.842896,642.348877,0.003305,0.00325
90,4,0,0,84.7429,70.0,17.5,0.005764239,49.5129208691676,4.221496582,0.0,0.003834839,-0.08185935,1.90685935,423.0695766,715.697876,631.991272,0.003288,0.00326
91,4,0,0,85.4467,70.0,17.5,0.00572109,49.7190437684286,4.35333252,0.0,0.005368774,-0.097387075,1.922387075,434.4185395,712.809204,731.197205,0.003253,0.003267
92,4,0,0,86.0422,71.0,17.0,0.005687742,49.9200047418264,4.397277832,0.0,0.005368774,-0.095874071,1.920874071,443.9161489,714.307007,656.654297,0.003315,0.003263
93,4,0,0,86.7273,71.0,17.0,0.005659431,50.1359055885924,4.573059082,0.0,0.0,-0.081254721,1.906254721,453.8280938,0.0,0.0,0.0,0.0
94,4,0,0,87.382,70.0,16.8,0.005630829,50.4595868319704,5.40802002,0.0,-0.007094452,-0.06186986,1.88686986,464.5354025,717.77002,635.137573,0.003328,0.003278
95,4,0,0,87.4646,70.0,16.8,0.005608274,50.8008390586826,5.539855957,0.0,-0.003259613,-0.053595781,1.878595781,473.8145914,745.923828,840.340576,0.003304,0.003358
96,4,0,0,88.0887,70.0,16.6,0.005584805,51.1945629470512,5.23223877,0.0,-0.003259613,-0.057687521,1.882687521,484.7532643,731.986572,833.4505,0.003351,0.003338
97,4,0,0,88.8068,69.0,16.6,0.005565283,51.4844048557436,2.329101563,0.0,-0.000959,-0.070445299,1.895445299,493.8801995,722.691528,630.575073,0.003244,0.003237
98,4,0,0,88.8068,69.0,16.5,0.005539969,50.9320500616622,2.548828125,0.0,-0.000959,-0.088793516,1.913793516,504.7890147,712.825378,628.765625,0.003182,0.003175
99,4,0,0,88.892,70.0,16.5,0.005510887,50.9483535770926,3.518371582,0.0,-0.000959,-0.107900381,1.932900381,514.4618473,719.635681,675.44928,0.003169,0.003209
100,4,0,0,89.4071,70.0,16.3,0.005472518,50.9960228716286,3.65020752,0.0,-0.000959,-0.133094072,1.958094072,525.0861766,0.0,0.0,0.0,0.0
101,4,0,0,89.7537,70.0,16.3,0.005442583,51.0382708951604,3.65020752,0.0,-0.000959,-0.158077955,1.983077955,534.4445525,724.994873,631.113525,0.003209,0.00317
102,4,0,0,90.1908,71.0,16.5,0.005417692,51.0993921477676,3.694152832,0.0,0.009203613,-0.180813551,2.005813551,545.6576672,710.844971,631.927002,0.003182,0.003169
103,4,0,0,90.7211,70.0,16.5,0.005401153,51.162221119329,3.782043457,0.0,0.003834839,-0.180133104,2.005133104,555.588676,707.588196,635.366516,0.003247,0.003239
104,4,0,0,90.6323,70.0,16.3,0.00538323,51.2487556851838,3.913879395,0.0,0.003834839,-0.165906668,1.990906668,566.4740094,719.33667,633.019409,0.003208,0.003242
105,4,0,0,90.2788,70.0,16.3,0.005367424,51.3436620699054,3.869934082,0.0,0.005368774,-0.138757467,1.963757467,575.9902862,709.470581,631.189697,0.003184,0.003097
106,4,0,0,89.7972,70.0,16.2,0.005353429,51.440190186545,3.65020752,0.0,0.0,-0.08800292,1.91300292,587.253429,756.164673,820.754883,0.003242,0.003201
107,4,0,0,90.3669,70.0,16.2,0.00534987,51.3687585523872,2.94708252,0.0,0.0,-0.039736986,1.864736986,596.7137086,700.245911,646.424377,0.003302,0.003296
108,4,0,0,91.2575,70.0,16.1,0.005357194,51.3930909363304,3.913879395,0.0,-0.008628387,0.01467061,1.81032939,607.9813169,719.689026,631.88623,0.003248,0.003235
109,4,0,0,91.6187,71.0,16.1,0.005371572,51.4935619842502,4.00177002,0.0,-0.007094452,0.048309088,1.776690912,617.9025971,726.555298,632.324219,0.003132,0.003157
110,4,0,0,92.1201,71.0,16.3,0.005392832,51.6163483659176,4.045715332,0.0,-0.004793549,0.068978071,1.756021929,628.7321198,0.0,0.0,0.0,0.0
111,4,0,0,92.4881,71.0,16.3,0.005411156,51.7230697363426,4.00177002,0.0,-0.004793549,0.079818487,1.745181513,638.2133449,726.587708,643.553772,0.003278,0.003231
112,4,0,0,92.7197,74.0,16.8,0.005429184,51.8068131111816,3.65020752,0.0,-0.004793549,0.088478327,1.736521673,649.5107309,723.687683,630.344788,0.003288,0.003225
113,4,0,0,93.5156,74.0,16.8,0.00544188,51.518482404936,0.0,6.454467773,0.009203613,0.087972879,1.737027121,659.0181203,721.383301,625.893616,0.003263,0.003209
114,4,0,0,93.6102,73.0,16.9,0.005452368,50.8805072466802,0.0,0.0,-0.001725677,0.101739168,1.723260832,670.3611175,685.614014,632.282898,0.003921,0.003191
115,4,0,0,93.7523,73.0,16.9,0.005458354,50.3265218854042,0.0,0.0,-0.020132904,0.122333288,1.702666712,679.9117118,682.683716,633.579407,0.003982,0.00318
116,4,0,0,94.038,73.0,17.0,0.005461089,49.715603820272,0.0,0.0,-0.005560516,0.10346055,1.72153945,691.3096992,695.737183,633.725586,0.003714,0.003192
117,4,0,0,92.0742,72.0,17.0,0.005461582,49.5627411753608,4.397277832,0.0,0.012271484,0.05200696,1.77299304,700.9081721,691.345276,636.695129,0.003983,0.003229
118,4,0,0,83.8603,72.0,17.1,0.005463005,49.3039832020598,0.439453125,0.0,0.005368774,0.022002935,1.802997065,712.3660275,693.780518,650.523926,0.003884,0.003231
119,4,0,0,83.2945,72.0,17.1,0.005461773,49.0336531085548,2.4609375,0.0,-0.010162323,0.001929998,1.823070002,722.4792614,0.0,0.0,0.003996,0.0
120,4,0,0,85.1716,71.0,17.2,0.005453988,48.9394691565592,2.109375,0.0,0.005368774,-0.0396173,1.8646173,733.5461471,693.702515,638.147827,0.004059,0.003282
121,4,0,0,86.1623,70.0,17.2,0.005445785,48.8505964128052,2.373046875,0.0,0.005368774,-0.072161913,1.897161913,743.2625316,687.976196,633.672607,0.003699,0.003239
122,4,0,0,86.6867,71.0,17.0,0.005442087,48.7394864687606,2.109375,0.0,0.005368774,-0.094429731,1.919429731,754.871323,683.531372,634.411072,0.003932,0.003121
123,4,0,0,87.8796,70.0,17.0,0.0054453,48.739752186888,5.539855957,0.0,0.005368774,-0.103171587,1.928171587,764.6657646,690.752502,639.130005,0.003885,0.003195
124,4,0,0,88.552,68.0,17.1,0.005448797,49.1836521260568,5.627746582,0.0,0.005368774,-0.09976697,1.92476697,776.3902273,688.731079,631.075684,0.00405,0.003243
125,4,0,0,89.0631,68.0,17.1,0.00544142,49.5289920924624,3.82598877,0.0,-0.004793549,-0.090474367,1.915474367,786.2935633,689.554321,642.645508,0.003965,0.003173
126,4,0,0,89.7102,68.0,17.2,0.005416635,49.8415338062284,5.451965332,0.0,-0.000959,-0.090159655,1.915159655,798.148118,688.276489,653.439819,0.003828,0.00305
127,4,0,0,90.2348,68.0,17.2,0.005387141,50.1593985890718,5.58380127,0.0,0.008436646,-0.094132662,1.919132662,808.1500641,676.431396,644.131409,0.003812,0.003119
128,4,0,0,90.6766,68.0,17.2,0.00535752,50.636219122907,6.245727539,0.0,0.003067871,-0.086993933,1.911993933,819.5104169,680.043396,827.442871,0.004069,0.003238
129,4,0,0,91.1677,69.0,17.2,0.005340517,51.048261259452,6.113891602,0.0,0.003067871,-0.07219243,1.89719243,829.8838528,683.694092,638.582214,0.006549,0.003154
130,4,0,0,91.8459,69.0,17.3,0.005326466,51.4470898455534,5.671691895,0.0,0.003067871,-0.046815157,1.871815157,841.6789616,699.190186,641.308899,0.003888,0.003236
131,4,0,0,92.1659,69.0,17.3,0.00531373,51.7489186335546,5.671691895,0.0,-0.007094452,-0.023799658,1.848799658,851.5934453,689.396118,634.555115,0.003877,0.003176
132,4,0,0,91.3476,70.0,17.1,0.005297539,52.0969432043878,5.806274414,0.0,-0.007094452,-0.012944937,1.837944937,863.4042181,677.945129,640.210388,0.003535,0.003166
133,4,0,0,91.5734,69.0,17.1,0.00528145,52.4547829467602,6.289672852,0.0,-0.004793549,-0.017781973,1.842781973,873.3332752,682.578674,646.726074,0.00402,0.003241
134,4,0,0,92.3958,68.0,17.2,0.005259665,52.8525748282204,6.069946289,0.0,0.0,-0.034981012,1.859981012,885.1645749,677.021606,643.341309,0.003922,0.003155
135,4,0,0,92.8126,68.0,17.2,0.005238615,53.1666521420276,5.982055664,0.0,0.0,-0.053335428,1.878335428,895.113298,678.972473,640.465271,0.0039,0.003165
136,4,0,0,93.2801,68.0,17.2,0.005216364,53.5156221357372,5.982055664,0.0,0.0,-0.074348211,1.899348211,906.9715798,684.985779,647.129517,0.00383,0.003185
137,4,0,0,93.8474,67.0,17.2,0.005201466,53.8163801171826,5.671691895,0.0,0.0,-0.093800306,1.918800306,916.9479332,740.597778,633.435608,0.003341,0.003082
138,4,0,0,94.3254,67.0,17.3,0.005189052,54.1088775495288,5.715637207,0.0,0.003834839,-0.114122152,1.939122152,928.365674,695.944397,635.415588,0.003391,0.003108
139,4,0,0,94.6629,69.0,17.3,0.005181179,54.2898240303902,0.0,4.257202148,0.003067871,-0.125938654,1.950938654,938.8445761,689.420105,642.819397,0.004292,0.003096
140,4,0,0,94.9541,68.0,17.4,0.005177874,53.7103958244776,0.0,219.5892334,-0.003259613,-0.13480258,1.95980258,950.7365545,704.007385,642.217224,0.003832,0.003154
141,4,0,0,95.5913,68.0,17.4,0.005179224,53.2238518192964,0.0,263.973999,-0.003259613,-0.1474545,1.9724545,960.7261343,687.718018,647.839294,0.004275,0.003187
142,4,0,0,95.8883,69.0,17.7,0.005179316,52.677691133474,0.0,263.6810303,0.00690271,-0.168574572,1.993574572,972.6377292,737.709717,642.349976,0.004125,0.003262
143,4,0,0,96.1372,69.0,17.7,0.005175107,52.231382285913,0.0,262.6556396,-0.000959,-0.184322596,2.009322596,982.6614736,681.202393,641.267395,0.004597,0.003305
144,4,0,0,95.938,68.0,17.8,0.005164785,51.7265653515698,0.0,260.6048584,-0.005560516,-0.193426371,2.018426371,994.137861,691.643677,643.141296,0.0,0.00332
145,4,0,0,96.1871,68.0,17.8,0.005151312,51.2734758396,0.0,264.4134521,0.005368774,-0.19691205,2.02191205,1004.676428,727.791016,636.309814,0.0,0.003278
146,4,0,0,96.3373,68.0,17.8,0.005137385,50.7603322122836,0.0,264.4134521,0.005368774,-0.194662809,2.019662809,1016.667507,733.750671,635.228088,0.0,0.003209
147,4,0,0,96.3874,68.0,17.8,0.0051353,50.3305327791126,0.0,264.2669678,0.005368774,-0.182690859,2.007690859,1026.70304,687.48407,649.601196,0.0,0.003269
148,4,0,0,96.7399,68.0,17.8,0.005149573,49.8265638221088,0.0,70.32165527,-0.005560516,-0.158167124,1.983167124,1038.064258,682.075012,656.90332,0.0,0.003275
149,4,0,0,97.1459,69.0,17.8,0.005172571,49.3884068288234,0.0,6.600952148,0.00690271,-0.138619661,1.963619661,1048.377237,679.027283,639.98877,0.004225,0.003216
150,4,0,0,97.6582,69.0,17.8,0.005199721,49.2268805595166,5.58380127,0.0,0.001533936,-0.112587214,1.937587214,1059.979737,694.001587,842.666382,0.004234,0.003278
151,4,0,0,97.9163,69.0,17.8,0.005217385,49.2303644265618,5.894165039,0.0,-0.010162323,-0.087985277,1.912985277,1069.63269,696.416382,642.004517,0.004278,0.003293
152,4,0,0,98.5416,69.0,18.1,0.005233164,48.8617705593206,0.0,62.26501465,-0.010162323,-0.066915751,1.891915751,1081.10795,706.249023,640.932678,0.004266,0.003313
153,4,0,0,98.9629,68.0,18.1,0.005250725,48.4320210800632,0.0,60.94665527,-0.010162323,-0.065094233,1.890094233,1090.709176,648.894226,649.797913,0.00404,0.003292
154,4,0,0,99.3345,68.0,18.1,0.005278112,47.9320708542536,0.0,29.45251465,-0.005560516,-0.079538107,1.904538107,1101.611818,642.327087,651.452881,0.004145,0.00329
155,4,0,0,99.6016,68.0,18.1,0.005304361,47.5243978987812,0.0,50.69274902,-0.010929291,-0.104278803,1.929278803,1111.590858,679.068481,644.244873,0.0,0.003246
156,4,0,0,100.032,67.0,18.1,0.005330322,47.0310278940834,0.0,55.81970215,-0.007094452,-0.14895606,1.97395606,1122.90746,709.036804,631.977478,0.003215,0.003177
157,4,0,0,100.3573,67.0,18.1,0.005347793,46.61620198558,0.0,43.51501465,-0.001725677,-0.198974848,2.023974848,1132.396538,747.481689,633.284119,0.003226,0.003215
158,4,0,0,100.4662,67.0,18.4,0.005366979,46.1600428828678,0.0,67.53845215,0.001533936,-0.255985022,2.080985022,1143.222328,715.102478,653.115417,0.00333,0.003306
159,4,0,0,100.4117,68.0,18.4,0.005387385,45.7639664451938,0.0,65.4876709,0.023776001,-0.298710108,2.123710108,1153.168111,647.80011,642.171204,0.003294,0.003258
160,4,0,0,101.0142,68.0,18.4,0.005416563,45.330037815731,0.0,185.458374,0.013038452,-0.312745333,2.137745333,1164.557954,734.690002,833.02948,0.003374,0.003347
161,4,0,0,101.0693,69.0,18.4,0.005450194,44.9408434308858,0.0,167.5872803,0.009203613,-0.309767008,2.134767008,1174.186156,732.690491,638.6474,0.003494,0.003454
162,4,0,0,101.3459,69.0,18.3,0.005501876,44.5146939164612,0.0,40.73181152,0.003067871,-0.287824392,2.112824392,1185.712644,726.194885,648.028503,0.003412,0.003361
163,4,0,0,101.7915,69.0,18.3,0.005561909,44.2319730475876,7.959594727,0.0,0.003067871,-0.253414869,2.078414869,1195.455802,722.857483,641.603516,0.003354,0.003368
164,4,0,0,102.1284,69.0,18.3,0.005652328,44.8982355750234,0.0,2.206420898,0.003067871,-0.208753824,2.033753824,1206.674636,706.349426,650.079529,0.003457,0.003406
165,4,0,0,102.3541,71.0,18.3,0.005750343,44.4967961727334,0.0,4.989624023,0.003067871,-0.165884733,1.990884733,1217.043206,0.0,0.0,0.005207,0.0
166,4,0,0,102.4107,72.0,18.0,0.005871153,45.086200114037,9.588317871,0.0,-0.000959,-0.110292196,1.935292196,1228.91466,680.606995,657.514771,0.003786,0.003549
167,4,0,0,103.0375,71.0,18.0,0.005966337,46.1530192724926,11.34613037,0.0,-0.008628387,-0.063012838,1.888012838,1238.949174,720.770508,635.268677,0.003585,0.003505
168,4,0,0,103.1523,70.0,17.7,0.006051202,47.8523203967952,15.7901001,0.0,-0.019365936,-0.022976637,1.847976637,1250.485045,701.548218,633.026001,0.003539,0.003445
169,4,0,0,103.5561,69.0,17.7,0.006109724,49.476817112635,16.31744385,0.0,-0.019365936,-0.02038312,1.84538312,1261.12749,666.111877,627.457275,0.003518,0.003399
170,4,0,0,103.8465,68.0,17.4,0.006172497,51.4134296143164,17.37213135,0.0,0.0,-0.055819273,1.880819273,1272.818575,701.872375,630.106689,0.003484,0.003343
171,4,0,0,102.3541,68.0,17.4,0.006234159,53.1291166039772,17.9901123,0.0,-0.010162323,-0.101616144,1.926616144,1283.60444,726.158813,626.834595,0.003504,0.003424
172,4,0,0,100.7943,69.0,17.5,0.006312604,55.053917129421,16.93267822,0.0,0.0,-0.16214776,1.98714776,1295.937702,718.984924,641.694885,0.003459,0.003324
173,4,0,0,99.8163,69.0,17.5,0.006372146,56.6170605741058,17.28424072,0.0,0.04141626,-0.224176168,2.049176168,1306.35944,710.49292,634.100891,0.003494,0.003326
174,4,0,0,98.4368,70.0,17.5,0.006408001,58.2689433321652,16.71295166,0.0,0.02761084,-0.251968145,2.076968145,1318.333164,712.134888,628.759521,0.003396,0.003323
175,4,0,0,98.594,71.0,17.5,0.006407054,59.6834293373588,17.06451416,0.0,0.003067871,-0.215441465,2.040441465,1329.363915,712.571777,631.137207,0.00342,0.00331
176,4,0,0,99.0158,71.0,17.6,0.006372642,61.244208677677,17.68249512,0.0,0.003067871,-0.152464151,1.977464151,1341.897056,0.0,0.0,0.0,0.0
177,4,0,0,98.1239,70.0,17.6,0.00632047,62.5511305493678,15.48248291,0.0,-0.023200775,-0.093929529,1.918929529,1352.325616,714.259277,625.891296,0.003383,0.00325
178,4,0,0,98.7518,71.0,17.3,0.006247911,63.8086020216644,14.77935791,0.0,-0.010929291,-0.037317514,1.862317514,1364.130498,711.349609,631.51947,0.003382,0.003311
179,4,0,0,99.3878,71.0,17.3,0.006171912,64.8672747976004,15.30670166,0.0,-0.016298065,-0.015775442,1.840775442,1374.846271,711.677612,630.565674,0.003346,0.003308
180,4,0,0,99.1218,70.0,17.4,0.006067865,66.0901665100642,15.21881104,0.0,0.008436646,-0.039312124,1.864312124,1386.422375,706.392883,637.590088,0.003277,0.003268
181,4,0,0,98.5416,70.0,17.4,0.005978027,67.048877658564,14.7354126,0.0,0.003067871,-0.071668386,1.896668386,1396.930286,718.795715,630.770325,0.003402,0.003301
182,4,0,0,99.1749,72.0,17.4,0.005899444,68.054495644588,13.01879883,0.0,0.009203613,-0.114966631,1.939966631,1408.751798,724.193481,633.825684,0.003496,0.003358
183,4,0,0,99.5481,75.0,17.4,0.005854215,68.7632408051408,11.25823975,0.0,0.014572388,-0.138935328,1.963935328,1418.584337,0.0,0.0,0.003492,0.003195
184,4,0,0,100.1944,74.0,17.5,0.005821832,69.3481859251338,11.65649414,0.0,0.003834839,-0.134337187,1.959337187,1428.327495,779.210022,837.063904,0.003412,0.0
185,4,0,0,100.8491,74.0,17.5,0.005785334,70.0706042314474,12.31567383,0.0,-0.001725677,-0.114905596,1.939905596,1439.802679,746.301697,628.679626,0.00341,0.0
186,4,0,0,101.1798,73.0,17.8,0.005745776,70.6883268275006,12.71118164,0.0,0.001533936,-0.098129034,1.923129034,1448.991189,688.56012,634.67572,0.003347,0.003346
187,4,0,0,99.5481,71.0,17.8,0.005694889,71.3563064724362,9.851989746,0.0,0.001533936,-0.086167574,1.911167574,1459.992987,705.966919,631.995483,0.003407,0.003307
188,4,0,0,98.0719,69.0,18.1,0.005653048,71.7979574072352,11.434021,0.0,-0.010929291,-0.074405432,1.899405432,1469.986049,716.192627,622.317322,0.003394,0.00337
189,4,0,0,99.0688,68.0,18.1,0.005612119,72.4116915920598,12.2277832,0.0,0.0,-0.068061113,1.893061113,1480.788329,693.689392,626.719299,0.003362,0.003313
190,4,0,0,98.594,69.0,18.4,0.005581762,72.9471171754122,12.31567383,0.0,-0.013997162,-0.065567732,1.890567732,1490.151432,755.295593,820.43811,0.003364,0.003296
191,4,0,0,96.4878,69.0,18.4,0.005555907,73.5747260436458,13.06274414,0.0,-0.010162323,-0.085212946,1.910212946,1501.189595,716.161316,629.812683,0.003334,0.00327
192,4,0,0,96.6389,70.0,18.1,0.005542044,74.1364045168304,12.5793457,0.0,0.00690271,-0.124201059,1.949201059,1510.371037,725.428894,623.696777,0.003307,0.003271
193,4,0,0,97.7613,70.0,18.1,0.005528615,74.7552101826102,12.31567383,0.0,0.003834839,-0.15383935,1.97883935,1521.194239,796.082092,610.078796,0.003303,0.003255
194,4,0,0,98.4368,69.0,18.1,0.005511119,75.2542306283282,12.35961914,0.0,-0.001725677,-0.167715788,1.992715788,1530.196465,722.276672,715.685425,0.003231,0.003241
195,4,0,0,98.7518,69.0,18.1,0.005483638,75.8297866173602,12.5793457,0.0,-0.001725677,-0.185588121,2.010588121,1540.807928,710.789124,643.853699,0.003305,0.003278
196,4,0,0,98.6991,70.0,18.1,0.005457503,76.273683015981,11.434021,0.0,0.001533936,-0.206687689,2.031687689,1549.633667,722.33728,632.165283,0.003334,0.003266
197,4,0,0,99.6552,68.0,18.1,0.005428844,76.754117515907,11.8762207,0.0,0.009203613,-0.231079817,2.056079817,1559.622858,714.856873,623.541626,0.003243,0.003228
198,4,0,0,100.1944,68.0,18.1,0.005405484,77.1753060305674,8.442993164,0.0,0.001533936,-0.243159533,2.068159533,1568.689044,701.6073,636.937073,0.003323,0.003236
199,4,0,0,100.5207,68.0,18.1,0.005379674,77.311195626328,8.841247559,0.0,0.003067871,-0.246673346,2.071673346,1578.979981,711.918823,632.821106,0.00316,0.003144
200,4,0,0,101.0693,68.0,18.1,0.005356285,77.532668088641,9.456481934,0.0,0.014572388,-0.239294291,2.064294291,1587.694417,709.107788,632.087524,0.003152,0.003184
201,4,0,0,101.5682,69.0,18.1,0.00533049,77.8342251234898,9.939880371,0.0,-0.000959,-0.193510294,2.018510294,1597.993163,714.727905,628.323303,0.003201,0.003181
202,4,0,0,101.624,71.0,18.1,0.005312111,78.1093608027952,9.808044434,0.0,-0.004793549,-0.144223928,1.969223928,1606.812094,737.840515,634.428528,0.003294,0.00324
203,4,0,0,102.0158,71.0,18.1,0.005297054,78.4015225429108,9.676208496,0.0,-0.010929291,-0.103297472,1.928297472,1617.603046,720.036011,634.598877,0.003289,0.003281
204,4,0,0,102.1847,71.0,18.1,0.005287931,78.6611055765496,9.720153809,0.0,-0.010162323,-0.091315508,1.916315508,1626.995893,718.83667,626.935974,0.003303,0.003288
205,4,0,0,101.7915,71.0,18.1,0.005283321,78.9522477193082,9.676208496,0.0,-0.004793549,-0.111156225,1.936156225,1638.594889,722.695984,627.825928,0.003332,0.0033
206,4,0,0,102.0721,70.0,18.1,0.005286962,79.196573726945,9.764099121,0.0,0.001533936,-0.145987272,1.970987272,1648.698111,725.638306,631.428406,0.003222,0.003255
207,4,0,0,102.5809,69.0,18.1,0.005298092,79.4797986250132,9.939880371,0.0,-0.000959,-0.186454535,2.011454535,1660.651962,724.369995,630.690674,0.003267,0.003239
208,4,0,0,102.8087,70.0,18.1,0.005307798,79.746778104825,9.983825684,0.0,0.0,-0.226713896,2.051713896,1671.975165,717.095703,636.456909,0.0032,0.003133
209,4,0,0,102.6378,70.0,18.1,0.005314465,80.0485729196588,10.15960693,0.0,0.003067871,-0.268246412,2.093246412,1685.235259,722.984619,631.582214,0.003228,0.003141
210,4,0,0,102.6947,69.0,18.1,0.005319056,80.348897859897,10.95062256,0.0,0.003067871,-0.289211988,2.114211988,1696.678095,699.294006,640.32312,0.003306,0.003303
211,4,0,0,103.0375,70.0,18.1,0.005327094,80.667744806849,10.15960693,0.0,0.003834839,-0.30309844,2.12809844,1710.651658,714.423584,627.134888,0.003246,0.003139
212,4,0,0,102.5241,71.0,18.4,0.005337664,80.8446950550894,9.148864746,0.0,0.001533936,-0.304675341,2.129675341,1722.683826,0.0,0.0,0.0,0.0
213,4,0,0,102.0721,71.0,18.4,0.005353361,81.0485603400116,9.192810059,0.0,0.001533936,-0.299637556,2.124637556,1737.311305,717.892273,623.14917,0.003286,0.00326
214,4,0,0,101.9036,71.0,18.3,0.005369093,81.23076781923,9.324645996,0.0,0.001533936,-0.290553331,2.115553331,1749.82488,709.648987,624.835083,0.003304,0.003171
215,4,0,0,102.5241,71.0,18.3,0.005385121,81.449110919913,9.368591309,0.0,0.001533936,-0.274733782,2.099733782,1764.993102,709.929199,630.82843,0.003298,0.003258
216,4,0,0,103.1523,70.0,18.3,0.00539413,81.6312342628362,9.104919434,0.0,0.001533936,-0.256105661,2.081105661,1777.95268,714.851074,633.488892,0.003287,0.00325
217,4,0,0,103.325,71.0,18.3,0.005400698,81.8171696816042,9.324645996,0.0,0.003834839,-0.229770899,2.054770899,1792.983583,719.246582,761.83728,0.00324,0.003219
218,4,0,0,103.2674,70.0,18.6,0.005409055,81.9916910334496,9.324645996,0.0,0.003067871,-0.194964647,2.019964647,1806.934747,713.018005,649.433289,0.003264,0.00319
219,4,0,0,103.9631,70.0,18.6,0.005425195,82.158840642491,9.104919434,0.0,0.001533936,-0.146339178,1.971339178,1822.941855,713.85498,627.923096,0.003232,0.003184
220,4,0,0,104.2557,70.0,18.5,0.005443797,82.316045238442,9.148864746,0.0,-0.001725677,-0.094824553,1.919824553,1836.518442,780.286499,841.776672,0.003202,0.0
221,4,0,0,104.491,70.0,18.5,0.00547013,82.463774201407,8.311157227,0.0,-0.000959,-0.036460161,1.861460161,1852.842884,740.5625,813.696472,0.003261,0.00325
222,4,0,0,104.846,69.0,18.5,0.005497794,82.5630573954728,8.709411621,0.0,-0.008628387,0.011352777,1.813647223,1866.689423,709.835388,629.023926,0.003334,0.003317
223,4,0,0,105.2034,69.0,18.5,0.005530531,82.6977280288372,8.709411621,0.0,-0.023200775,0.04908061,1.77591939,1882.623839,718.031189,631.894104,0.003302,0.003273
224,4,0,0,105.503,68.0,18.7,0.005554392,82.8211287599562,8.885192871,0.0,-0.024734711,0.041742563,1.783257437,1897.348476,719.446411,632.055725,0.003247,0.003224
225,4,0,0,105.503,68.0,18.7,0.005570061,82.9629025050918,8.973083496,0.0,-0.010929291,-0.028679609,1.853679609,1914.222348,713.838196,635.067627,0.00319,0.003142
226,4,0,0,105.443,69.0,18.9,0.005575193,83.0865650114552,8.929138184,0.0,-0.010162323,-0.133237123,1.958237123,1928.514844,639.866699,615.218689,0.003176,0.003183
227,4,0,0,105.6837,69.0,18.9,0.005581924,83.2306955062736,8.929138184,0.0,0.003067871,-0.299037218,2.124037218,1944.984608,716.690125,628.770386,0.003154,0.003075
228,4,0,0,106.0468,69.0,19.1,0.005594146,83.356533518449,8.973083496,0.0,0.039882324,-0.46852088,2.29352088,1960.201658,718.456909,633.262878,0.003308,0.003246
229,4,0,0,105.9255,70.0,19.1,0.005615364,83.4921455835266,8.973083496,0.0,0.051386841,-0.550947905,2.375947905,1977.625326,718.375488,634.967773,0.003368,0.003294
230,4,0,0,106.4124,70.0,19.3,0.005642152,83.6159104600074,9.017028809,0.0,0.042183228,-0.46551919,2.29051919,1992.367536,707.084229,640.97467,0.003415,0.003337
231,4,0,0,106.7806,69.0,19.3,0.005682739,83.7508274350456,8.973083496,0.0,-0.004793549,-0.199053049,2.024053049,2010.03152,720.461914,640.118713,0.003464,0.003386
232,4,0,0,106.5962,70.0,19.2,0.005722347,83.8740482419526,9.017028809,0.0,-0.030870453,0.085256338,1.739743662,2024.960406,718.251404,639.96521,0.003426,0.003311
233,4,0,0,106.4124,70.0,19.2,0.005768438,84.0063535156652,8.973083496,0.0,-0.046976776,0.304249048,1.520750952,2042.10593,710.225281,645.881592,0.003432,0.003354
234,4,0,0,105.084,70.0,19.4,0.005808283,84.120193431432,8.973083496,0.0,-0.024734711,0.303011656,1.521988344,2057.859066,727.663208,633.030701,0.003556,0.00349
235,4,0,0,102.6947,70.0,19.4,0.005850539,84.2481545654024,9.017028809,0.0,0.001533936,0.069261312,1.755738688,2075.82047,724.325928,616.279602,0.003449,0.003347
236,4,0,0,101.624,70.0,19.5,0.005881259,84.360999780302,8.841247559,0.0,0.023776001,-0.153960466,1.978960466,2090.966056,722.527283,638.511902,0.003401,0.003337
237,4,0,0,95.6407,69.0,19.5,0.005904203,84.432500905761,0.0,2.059936523,0.052920776,-0.349535227,2.174535227,2108.338844,716.02002,643.594177,0.003507,0.00341
238,4,0,0,87.4233,70.0,19.4,0.005907315,83.8480301548264,2.548828125,0.0,0.003834839,-0.361967325,2.186967325,2124.321646,769.57251,771.061584,0.003456,0.0
239,4,0,0,86.89,70.0,19.4,0.005885914,83.6710163215626,5.75958252,0.0,-0.000959,-0.273050547,2.098050547,2141.819294,714.25293,634.000916,0.003417,0.003382
240,4,0,0,88.6368,70.0,19.5,0.005852503,83.1599206276764,0.0,0.0,-0.027035614,-0.194011927,2.019011927,2157.914636,716.191223,631.084473,0.003393,0.003323
241,4,0,0,89.4071,71.0,19.5,0.005815483,82.6385154212832,5.495910645,0.0,-0.007094452,-0.174572706,1.999572706,2176.269096,713.646912,636.532227,0.003226,0.003237
242,4,0,0,86.2024,71.0,19.7,0.005791257,82.5635292861476,6.729125977,0.0,-0.003259613,-0.202874899,2.027874899,2191.741452,709.171021,641.25647,0.003181,0.003221
243,4,0,0,80.5412,70.0,19.7,0.005768815,82.5161831792704,6.641235352,0.0,0.038348389,-0.252908468,2.077908468,2209.486458,731.61969,642.391418,0.003194,0.003196
244,4,0,0,75.547,70.0,19.5,0.005748169,82.4776467604872,6.729125977,0.0,0.023009033,-0.264069796,2.089069796,2225.812998,717.512573,643.054504,0.003171,0.003142
245,4,0,0,77.1522,70.0,19.5,0.005718675,82.4596903563164,7.256469727,0.0,0.003067871,-0.198296309,2.023296309,2244.442841,714.653687,712.515015,0.003243,0.003164
246,4,0,0,78.0299,69.0,19.4,0.005685545,82.4690243673824,7.520141602,0.0,-0.000959,-0.114901304,1.939901304,2260.142205,718.129578,641.809326,0.003234,0.003198
247,4,0,0,78.0957,70.0,19.4,0.005643231,82.5039518251222,7.651977539,0.0,-0.024734711,-0.019704103,1.844704103,2278.125786,718.654114,639.779297,0.002995,0.003035
248,4,0,0,79.7779,70.0,19.5,0.005609338,82.5391335263952,7.564086914,0.0,-0.020132904,0.028619051,1.796380949,2294.650588,716.288025,624.347595,0.002996,0.002995
249,4,0,0,81.1412,70.0,19.5,0.005577965,82.6234288404806,9.588317871,0.0,-0.024734711,0.003186464,1.821813536,2312.723124,731.877014,796.347717,0.003195,0.003138
250,4,0,0,82.1126,70.0,19.4,0.005555256,82.5597429758362,5.58380127,0.0,0.001533936,-0.093511343,1.918511343,2329.331673,715.5401,636.638489,0.003283,0.003235
251,4,0,0,82.9586,71.0,19.4,0.005532541,82.420271729532,5.715637207,0.0,0.003067871,-0.230520487,2.055520487,2348.24958,713.776489,636.87439,0.003067,0.003116
252,4,0,0,83.6708,71.0,19.5,0.005516789,82.3642286849212,6.641235352,0.0,0.023776001,-0.33752799,2.16252799,2364.177384,661.109802,643.14447,0.0,0.003186
253,4,0,0,83.1822,71.0,19.5,0.005504439,82.356128667487,7.695922852,0.0,0.038348389,-0.429006815,2.254006815,2382.420335,655.984375,679.737,0.0,0.003326
254,4,0,0,82.7732,71.0,19.7,0.005496252,82.418390572006,8.753356934,0.0,0.038348389,-0.450452089,2.275452089,2396.889348,671.627014,661.055481,0.0,0.003282
255,4,0,0,83.8223,70.0,19.7,0.005480821,82.5183597633402,6.026000977,0.0,0.001533936,-0.357159853,2.182159853,2415.200142,704.377991,647.089905,0.003397,0.00331
256,4,0,0,84.9372,71.0,19.5,0.005461827,82.5170392194032,8.399047852,0.0,0.003834839,-0.226021051,2.051021051,2432.00851,716.304871,642.404175,0.0034,0.003303
257,4,0,0,85.7633,71.0,19.5,0.005440346,82.6046823147434,8.223266602,0.0,-0.02166684,-0.077571154,1.902571154,2451.138977,709.756409,637.901306,0.003398,0.003326
258,4,0,0,86.4035,71.0,19.7,0.005427755,82.6689552666198,7.959594727,0.0,-0.034705292,0.025348425,1.799651575,2467.234649,712.016479,632.418518,0.003353,0.003292
259,4,0,0,86.89,71.0,19.7,0.005420324,82.742636371856,8.223266602,0.0,-0.024734711,0.050462961,1.774537039,2485.660302,716.887329,628.018677,0.003285,0.003232
260,4,0,0,87.3408,71.0,19.8,0.005416323,82.8060574517902,8.003540039,0.0,-0.025501678,-0.007363081,1.832363081,2502.57928,725.914185,640.03363,0.003264,0.003185
261,4,0,0,87.5887,71.0,19.8,0.005414899,82.3360752611094,0.0,265.4388428,-0.005560516,-0.14696908,1.97196908,2518.754524,726.430115,647.5755,0.003415,0.003408
262,4,0,0,84.9372,71.0,19.6,0.005421296,81.8040670468734,0.0,179.7454834,0.055988647,-0.273398161,2.098398161,2535.726737,717.406982,628.883606,0.003203,0.003273
263,4,0,0,82.5151,71.0,19.6,0.005444758,81.1913108579668,0.0,118.9544678,0.055988647,-0.334687471,2.159687471,2554.273057,668.640625,630.674805,0.003304,0.003269
264,4,0,0,83.6708,71.0,19.8,0.005480101,80.6475016270986,0.0,266.4642334,0.010737549,-0.240573645,2.065573645,2571.300311,676.40802,637.809998,0.003554,0.0035
265,4,0,0,84.7429,71.0,19.8,0.005530914,80.0482332845452,0.0,181.2103271,-0.030103485,-0.078366995,1.903366995,2589.902944,644.716125,649.114807,0.003506,0.003458
266,4,0,0,85.7236,71.0,19.9,0.00557597,79.5306327349394,0.0,63.1439209,-0.050811615,0.029544592,1.795455408,2606.982498,715.766724,636.919678,0.00352,0.003407
267,4,0,0,86.4842,71.0,19.9,0.005617399,78.9201045163288,0.0,18.46618652,-0.025501678,0.018536806,1.806463194,2625.645381,523.670288,669.604492,0.003687,0.003599
268,4,0,0,87.1353,72.0,20.0,0.005637686,79.1889549665444,31.93450928,0.0,0.023776001,-0.086710691,1.911710691,2641.998992,706.263672,640.380127,0.003739,0.003591
269,4,0,0,87.3408,72.0,20.0,0.005642806,79.319046995422,0.0,46.29821777,0.016106323,-0.161296129,1.986296129,2661.495094,737.515808,817.072083,0.003709,0.003519
270,4,0,0,87.838,73.0,20.4,0.005640375,78.7754592258312,0.0,31.94274902,0.0,-0.106322527,1.931322527,2678.677296,722.389893,638.343201,0.003575,0.00338
271,4,0,0,85.2108,72.0,20.4,0.005642953,78.1731972694768,0.0,23.44665527,-0.007094452,-0.016836405,1.841836405,2697.421917,737.949219,530.937805,0.00352,0.00341
272,4,0,0,81.9672,71.0,20.4,0.00565692,77.6509774956426,0.0,19.1986084,-0.02166684,0.022996664,1.802003336,2714.500743,713.750488,649.548828,0.003535,0.003399
273,4,0,0,83.1449,71.0,20.4,0.005684392,77.039575888214,0.0,13.04626465,-0.015531097,-0.000684,1.8256845,2733.082126,717.039673,637.909729,0.003396,0.003289
274,4,0,0,84.6267,71.0,20.5,0.005709144,76.5262495525274,0.0,13.63220215,0.013038452,-0.086114168,1.911114168,2749.238076,715.674316,642.554077,0.003388,0.003282
275,4,0,0,83.9743,70.0,20.5,0.00572613,76.0186606909682,0.0,13.04626465,0.02761084,-0.156669855,1.981669855,2766.075159,722.423401,632.017883,0.003318,0.003264
276,4,0,0,84.5881,71.0,20.5,0.005730452,75.4389931440108,0.0,2.352905273,0.029144775,-0.169291735,1.994291735,2785.184829,705.359314,630.566772,0.003552,0.003176
277,4,0,0,85.6047,74.0,20.5,0.005717883,74.9186401884832,0.0,2.206420898,0.025309937,-0.093689203,1.918689203,2801.227968,0.0,0.0,0.00372,0.0
278,4,0,0,85.6839,74.0,20.6,0.005682522,74.348842691559,0.0,2.938842773,0.003834839,0.09734273,1.72765727,2819.554428,706.39093,657.210815,0.003766,0.0032
279,4,0,0,79.1302,73.0,20.6,0.005635153,73.8567545905448,0.0,1.034545898,-0.066917938,0.289032221,1.535967779,2836.351099,691.242981,650.968018,0.003801,0.003272
280,4,0,0,78.1946,71.0,20.3,0.00557166,73.2726159269192,0.0,0.0,-0.068451874,0.329752684,1.495247316,2855.442708,690.129395,643.816711,0.003903,0.003244
281,4,0,0,80.0884,69.0,20.3,0.005517448,72.7887191572908,0.0,0.0,0.019941162,0.16468215,1.66031785,2871.48738,696.794373,647.525513,0.004096,0.003176
282,4,0,0,81.678,69.0,20.1,0.005465411,72.5280879122298,6.553344727,0.0,0.055988647,-0.026022673,1.851022673,2890.598373,700.809692,828.460083,0.004179,0.003369
283,4,0,0,82.5887,68.0,20.1,0.005433634,72.6564247466232,11.21429443,0.0,0.042183228,-0.064711809,1.889711809,2906.663553,692.792175,647.912476,0.004086,0.003295
284,4,0,0,83.2945,68.0,19.6,0.005411369,73.0045160728796,11.65649414,0.0,-0.012463226,0.008067846,1.816932154,2924.991061,691.036377,655.783813,0.003948,0.003312
285,4,0,0,83.9743,68.0,19.6,0.005396155,73.419418907835,10.86273193,0.0,-0.02856955,0.08749032,1.73750968,2941.770525,688.733704,785.85083,0.003904,0.003254
286,4,0,0,84.4338,69.0,18.8,0.005379234,73.8605427998774,11.17034912,0.0,-0.033938324,0.129840136,1.695159864,2960.833057,711.976929,849.803406,0.004036,0.003241
287,4,0,0,83.257,69.0,18.8,0.005370481,74.2556802681284,11.8762207,0.0,0.0,0.092525721,1.732474279,2976.858195,690.441895,649.22052,0.003932,0.003266
288,4,0,0,78.8271,69.0,17.9,0.005376751,74.7283960032662,11.65649414,0.0,0.019941162,-0.001261473,1.826261473,2995.19135,695.944397,656.931213,0.004154,0.003252
289,4,0,0,76.6413,69.0,17.9,0.005394498,75.1514556975446,12.75512695,0.0,0.009203613,-0.054653883,1.879653883,3012.002859,689.081482,651.117126,0.00383,0.003209
290,4,0,0,70.8095,70.0,17.0,0.005415957,75.7166643062994,13.32641602,0.0,-0.005560516,-0.062800646,1.887800646,3030.362316,682.969299,647.844299,0.0,0.003189
291,4,0,0,70.8366,71.0,17.0,0.00542666,76.2424451472186,13.37036133,0.0,0.008436646,-0.072967291,1.897967291,3047.206522,655.963074,649.967285,0.003262,0.003231
292,4,0,0,72.9863,72.0,16.5,0.005426884,76.8305819907666,13.45825195,0.0,0.0,-0.083406687,1.908406687,3066.366093,739.730103,837.370911,0.003245,0.003178
293,4,0,0,74.7239,71.0,16.5,0.005419802,77.3244284083846,12.97485352,0.0,-0.003259613,-0.104855299,1.929855299,3082.430074,723.302124,641.07959,0.003319,0.003246
294,4,0,0,76.1371,71.0,15.8,0.005409352,77.8194172481884,12.35961914,0.0,-0.005560516,-0.140135527,1.965135527,3100.647191,0.0,0.0,0.0,0.0
295,4,0,0,77.2809,71.0,15.8,0.005401695,78.2354465728636,12.66723633,0.0,0.017640259,-0.181163073,2.006163073,3117.212781,729.046387,635.660278,0.00322,0.003177
296,4,0,0,78.3269,71.0,15.4,0.00539333,78.7387262817322,12.88696289,0.0,0.023009033,-0.197179079,2.022179079,3135.882624,753.432373,834.391296,0.003296,0.003223
297,4,0,0,79.1302,71.0,15.4,0.005381483,79.114615592968,11.30218506,0.0,-0.003259613,-0.153696775,1.978696775,3151.440108,722.310791,641.85022,0.003283,0.003211
298,4,0,0,79.7779,71.0,14.8,0.005363343,79.5047845941172,12.09594727,0.0,-0.019365936,-0.095105886,1.920105886,3169.082003,717.444824,625.584412,0.003264,0.003193
299,4,0,0,80.5062,70.0,14.8,0.005350811,79.88985527052,12.27172852,0.0,-0.010162323,-0.068847895,1.893847895,3185.136434,721.732727,636.744202,0.003222,0.003179
300,4,0,0,81.1412,70.0,14.5,0.005345081,80.3156062801738,12.31567383,0.0,0.00690271,-0.070162058,1.895162058,3202.790144,726.844482,627.504517,0.003205,0.003194
301,4,0,0,80.752,72.0,14.5,0.005343605,80.7082723171736,12.31567383,0.0,0.001533936,-0.077902555,1.902902555,3218.893087,723.292908,630.713013,0.003236,0.003211
302,4,0,0,81.4624,72.0,14.5,0.005339047,81.1225853933926,12.35961914,0.0,0.008436646,-0.080533266,1.905533266,3237.043507,716.49231,649.044495,0.003297,0.003246
303,4,0,0,82.0035,72.0,14.5,0.005331799,81.503763543044,12.27172852,0.0,-0.005560516,-0.067339659,1.892339659,3252.168936,755.082886,806.566284,0.00335,0.003218
304,4,0,0,82.6255,73.0,14.6,0.005321743,81.795254445874,11.30218506,0.0,-0.007094452,-0.047539949,1.872539949,3269.320881,727.021301,634.411377,0.003287,0.003212
305,4,0,0,83.257,73.0,14.6,0.00531193,82.1282881433544,12.13989258,0.0,-0.005560516,-0.065424204,1.890424204,3284.918664,726.264587,629.135376,0.003272,0.003193
306,4,0,0,83.8982,72.0,14.9,0.005302784,82.4952335636336,11.30218506,0.0,0.008436646,-0.098776102,1.923776102,3302.500245,725.423706,632.226318,0.00321,0.003167
307,4,0,0,83.2196,71.0,14.9,0.005300848,82.7706282501186,11.30218506,0.0,0.003067871,-0.109977484,1.934977484,3317.151794,749.263794,813.388672,0.00329,0.003236
308,4,0,0,83.407,71.0,15.5,0.005306634,83.0985456304314,11.25823975,0.0,0.003067871,-0.110913992,1.935913992,3333.7658,716.134277,629.072205,0.003156,0.003106
309,4,0,0,84.2034,70.0,15.5,0.005315355,83.3624904421788,11.21429443,0.0,0.001533936,-0.104328394,1.929328394,3348.874479,720.324097,617.055481,0.003263,0.003158
310,4,0,0,84.8594,69.0,15.8,0.005324071,83.67985579854,11.21429443,0.0,0.001533936,-0.089015245,1.914015245,3365.227414,717.29248,624.808899,0.00323,0.003149
311,4,0,0,85.4862,70.0,15.8,0.005325117,83.9450584382446,11.21429443,0.0,0.003834839,-0.071748495,1.896748495,3380.097726,726.121704,627.936584,0.003182,0.00311
312,4,0,0,86.0422,70.0,16.0,0.005314589,84.2447338810456,11.21429443,0.0,0.003067871,-0.042262793,1.867262793,3396.890853,721.632202,623.484619,0.003157,0.00314
313,4,0,0,86.5651,69.0,16.0,0.005298626,84.5023047729758,11.21429443,0.0,0.001533936,-0.00603652,1.83103652,3411.012043,726.335693,626.075928,0.003265,0.003236
314,4,0,0,87.0534,69.0,16.2,0.005278841,84.8032018496774,11.21429443,0.0,-0.012463226,0.035880327,1.789119673,3427.268639,719.793518,635.749512,0.003336,0.003277
315,4,0,0,86.6461,69.0,16.2,0.005261452,85.0535301000584,11.21429443,0.0,-0.016298065,0.042700529,1.782299471,3442.216684,725.097412,632.698303,0.003214,0.00319
316,4,0,0,86.7679,69.0,16.4,0.005244993,85.3363877145518,11.21429443,0.0,-0.013997162,0.003700495,1.821299505,3458.625519,725.580994,620.671814,0.003259,0.003185
317,4,0,0,87.2174,69.0,16.4,0.005239349,85.5703581664642,11.21429443,0.0,0.009203613,-0.065804243,1.890804243,3473.073944,722.302917,627.948608,0.003159,0.003168
318,4,0,0,87.0125,69.0,16.5,0.00524526,85.8448600393974,11.21429443,0.0,0.005368774,-0.137107611,1.962107611,3490.390578,727.097595,622.407471,0.003211,0.003166
319,4,0,0,87.3408,70.0,16.5,0.005256258,86.070511297861,11.21429443,0.0,-0.003259613,-0.167764425,1.992764425,3505.740402,700.322571,599.308411,0.003213,0.0
320,4,0,0,88.0049,71.0,16.7,0.005266024,85.7762993873326,0.0,0.0,0.003834839,-0.210029364,2.035029364,3522.62012,727.08252,639.794617,0.003254,0.003212
321,4,0,0,88.5944,70.0,16.7,0.005267218,85.1958683372924,0.0,0.0,0.005368774,-0.242770433,2.067770433,3538.218786,720.200806,611.655701,0.003199,0.003145
322,4,0,0,89.3208,71.0,16.5,0.00526429,84.6273627058664,4.397277832,0.0,0.003067871,-0.247097731,2.072097731,3556.086602,736.259277,711.578918,0.003189,0.003206
323,4,0,0,89.7537,70.0,16.5,0.005266327,84.3059587107752,0.0,0.0,0.003067871,-0.231240511,2.056240511,3571.196248,750.555298,822.227905,0.003243,0.003176
324,4,0,0,89.8844,70.0,16.6,0.00527772,83.8051448326546,3.738098145,0.0,-0.001725677,-0.200238943,2.025238943,3588.572508,801.951294,622.15387,0.003159,0.003064
325,4,0,0,88.2566,70.0,16.6,0.005292685,83.5543515312938,3.738098145,0.0,-0.001725677,-0.171211958,1.996211958,3604.606097,641.678284,656.702209,0.003121,0.003193
326,4,0,0,86.6867,70.0,16.8,0.005313948,83.3071676254982,6.685180664,0.0,-0.003259613,-0.143594027,1.968594027,3622.196133,729.260498,657.522888,0.003254,0.003156
327,4,0,0,85.8428,69.0,16.8,0.005337306,83.2469894139442,3.518371582,0.0,-0.003259613,-0.138535261,1.963535261,3637.666544,721.409607,632.748901,0.003255,0.003205
328,4,0,0,86.9716,70.0,16.6,0.005366172,82.9542972675514,5.539855957,0.0,-0.003259613,-0.143708467,1.968708467,3656.18996,721.146484,629.602722,0.003138,0.003169
329,4,0,0,87.7963,71.0,16.6,0.005386409,82.8356150891256,5.58380127,0.0,-0.003259613,-0.155623674,1.980623674,3672.585275,719.709473,631.971802,0.003232,0.003137
330,4,0,0,88.2145,70.0,16.7,0.005395961,82.698344196843,5.58380127,0.0,-0.003259613,-0.179355383,2.004355383,3690.570648,719.892883,638.590515,0.00311,0.003111
331,4,0,0,88.9347,70.0,16.7,0.00539087,82.5799676964568,5.58380127,0.0,0.009203613,-0.20813632,2.03313632,3707.147048,724.540527,635.989502,0.003103,0.003133
332,4,0,0,89.4071,71.0,16.9,0.005373024,82.4455231109888,5.58380127,0.0,0.001533936,-0.225572348,2.050572348,3725.309714,707.241028,642.592712,0.003067,0.003089
333,4,0,0,89.8408,70.0,16.9,0.005349116,82.3254936413952,5.627746582,0.0,0.001533936,-0.230012655,2.055012655,3742.033635,722.241211,640.882019,0.003091,0.003036
334,4,0,0,90.3228,71.0,17.0,0.005317473,82.2044390061282,5.806274414,0.0,0.001533936,-0.234083414,2.059083414,3760.361286,715.610107,672.090881,0.003137,0.003051
335,4,0,0,90.9438,72.0,17.0,0.005293797,82.1080057600816,5.806274414,0.0,0.0,-0.233927965,2.058927965,3777.230739,0.0,0.0,0.0,0.0
336,4,0,0,91.3926,71.0,17.1,0.005275482,82.0010059416498,5.894165039,0.0,0.0,-0.232536554,2.057536554,3795.707084,724.670715,639.7547,0.003187,0.003129
337,4,0,0,91.9371,71.0,17.1,0.005266054,81.9165574344898,6.026000977,0.0,0.0,-0.231316328,2.056316328,3811.935639,722.394897,634.374817,0.003176,0.003109
338,4,0,0,92.0742,72.0,17.2,0.005263795,81.825657292484,5.982055664,0.0,0.00690271,-0.228031397,2.053031397,3831.328995,724.031494,632.331299,0.003151,0.003127
339,4,0,0,92.4419,72.0,17.2,0.005268327,81.7469667302562,6.069946289,0.0,-0.008628387,-0.21438098,2.03938098,3848.460472,662.093018,632.668274,0.0,0.003174
340,4,0,0,92.9524,71.0,17.2,0.005272801,81.65955956416,5.982055664,0.0,-0.005560516,-0.202718973,2.027718973,3867.217974,736.377502,783.869995,0.00325,0.003196
341,4,0,0,93.5629,70.0,17.2,0.005269561,81.5850357280328,6.069946289,0.0,-0.004793549,-0.211291552,2.036291552,3884.474345,718.374573,635.735779,0.003134,0.00311
342,4,0,0,94.0858,70.0,17.6,0.00525758,81.502411858378,6.026000977,0.0,-0.005560516,-0.236236334,2.061236334,3903.366033,716.551208,639.568115,0.003121,0.003109
343,4,0,0,94.518,69.0,17.6,0.005244222,81.4343826586614,6.026000977,0.0,-0.001725677,-0.268161535,2.093161535,3919.952212,736.775085,676.485596,0.003128,0.003133
344,4,0,0,95.1004,69.0,17.6,0.005229036,81.3534861740956,6.069946289,0.0,0.003834839,-0.317228556,2.142228556,3939.764607,723.393372,627.468872,0.003121,0.003129
345,4,0,0,95.542,70.0,17.6,0.005216381,81.2950507007342,6.201782227,0.0,0.008436646,-0.34932971,2.17432971,3957.258882,706.036987,632.971313,0.003212,0.003236
346,4,0,0,95.8387,70.0,17.7,0.005201761,81.234222991743,6.289672852,0.0,0.00690271,-0.368371725,2.193371725,3976.382604,699.769287,621.145508,0.003106,0.003066
347,4,0,0,96.2872,70.0,17.7,0.005186319,81.1888547637258,6.597290039,0.0,0.017640259,-0.36639905,2.19139905,3993.013516,709.530884,633.368591,0.00314,0.003179
348,4,0,0,96.7399,70.0,17.7,0.005163812,81.1535321969226,6.509399414,0.0,0.010737549,-0.32674861,2.15174861,4012.656838,713.968018,625.065186,0.003153,0.003191
349,4,0,0,97.1459,70.0,17.7,0.005143062,81.1164151516458,6.509399414,0.0,-0.005560516,-0.262249708,2.087249708,4029.854061,713.690186,633.528687,0.003198,0.003206
350,4,0,0,97.5553,69.0,17.7,0.005125461,81.0773849551638,6.377563477,0.0,-0.003259613,-0.189344645,2.014344645,4048.494516,701.11731,623.64679,0.003114,0.003169
351,4,0,0,97.5039,70.0,17.7,0.005119182,81.0428603795996,6.509399414,0.0,-0.003259613,-0.136485815,1.961485815,4065.514659,712.171204,630.446899,0.003071,0.003066
352,4,0,0,95.6901,70.0,17.8,0.005120844,81.0135451249616,6.597290039,0.0,-0.015531097,-0.085592508,1.910592508,4084.028543,712.838623,643.157288,0.003101,0.003138
353,4,0,0,91.4378,69.0,17.8,0.005126247,80.9887361671642,6.597290039,0.0,0.003834839,-0.06850934,1.89350934,4100.193007,705.173218,636.019409,0.00307,0.003076
354,4,0,0,89.9281,69.0,17.8,0.005135563,80.9603001754352,6.597290039,0.0,-0.005560516,-0.082528353,1.907528353,4119.384447,705.538025,628.210083,0.003046,0.003011
355,4,0,0,90.7211,69.0,17.8,0.005147884,80.9338384576446,6.553344727,0.0,-0.003259613,-0.094535589,1.919535589,4136.242756,711.604919,626.452881,0.00299,0.002996
356,4,0,0,92.2577,70.0,17.8,0.005166613,80.898841927032,6.509399414,0.0,-0.003259613,-0.120083094,1.945083094,4154.602105,712.784912,626.613586,0.003076,0.003067
357,4,0,0,92.999,70.0,17.8,0.005186028,80.866140299166,6.465454102,0.0,-0.003259613,-0.150100946,1.975100946,4170.639899,712.57373,642.888123,0.003114,0.003022
358,4,0,0,93.3742,71.0,18.1,0.005210057,80.8274579937118,6.465454102,0.0,-0.000959,-0.19362998,2.01862998,4189.700586,707.272827,624.126404,0.002963,0.002964
359,4,0,0,93.3742,70.0,18.1,0.005228837,80.793937742868,6.421508789,0.0,0.005368774,-0.228668928,2.053668928,4205.686617,727.619324,661.604675,0.00306,0.003016
360,4,0,0,93.9426,70.0,18.1,0.005241698,80.754318125611,6.421508789,0.0,0.008436646,-0.245280027,2.070280027,4224.690881,725.42218,633.979492,0.003036,0.003119
361,4,0,0,93.9426,70.0,18.1,0.005242763,80.7195263513266,6.509399414,0.0,0.005368774,-0.244251966,2.069251966,4241.391776,715.936279,621.99707,0.003033,0.002965
362,4,0,0,94.3735,70.0,18.1,0.00523144,80.680550003361,6.377563477,0.0,-0.000959,-0.227896452,2.052896452,4259.588908,705.695618,630.507324,0.003017,0.003002
363,4,0,0,95.1982,69.0,18.1,0.005212256,80.609820395498,5.806274414,0.0,-0.000959,-0.208368063,2.033368063,4275.493484,723.274902,633.623413,0.003231,0.003193
364,4,0,0,95.7396,70.0,18.1,0.005189124,80.5216523334498,5.938110352,0.0,-0.007094452,-0.18991065,2.01491065,4294.40607,719.881104,627.621094,0.003163,0.003104
365,4,0,0,96.3373,70.0,18.1,0.0051778,80.4524120410096,5.894165039,0.0,-0.004793549,-0.182811975,2.007811975,4311.030385,714.829773,623.646484,0.003197,0.003063
366,4,0,0,96.6894,70.0,18.1,0.005179728,80.3809957760488,5.894165039,0.0,-0.004793549,-0.187484026,2.012484026,4326.88331,736.024292,619.921326,0.003181,0.003164
367,4,0,0,96.5885,70.0,18.1,0.005198498,80.2981632715564,5.894165039,0.0,-0.001725677,-0.202948809,2.027948809,4344.982477,721.187073,624.645691,0.003181,0.003228
368,4,0,0,96.8917,72.0,18.1,0.005226375,80.2260519326496,5.894165039,0.0,-0.001725677,-0.21570611,2.04070611,4361.556676,707.211792,628.00293,0.003205,0.003198
369,4,0,0,97.5553,74.0,18.1,0.005263044,80.1437311660904,5.894165039,0.0,-0.001725677,-0.2351439,2.0601439,4379.621335,702.867126,634.994873,0.003323,0.003265
370,4,0,0,98.02,72.0,18.1,0.005292233,80.07476602251,5.850219727,0.0,-0.001725677,-0.256094694,2.081094694,4396.167734,709.394897,633.281921,0.00336,0.003259
371,4,0,0,98.4368,70.0,18.1,0.005317789,79.9902246081518,5.75958252,0.0,-0.000959,-0.284954309,2.109954309,4414.958788,702.136414,632.766602,0.003242,0.003204
372,4,0,0,98.6991,70.0,17.8,0.005334128,79.9098763613504,5.715637207,0.0,0.003067871,-0.312358618,2.137358618,4430.735374,815.639771,820.954285,0.003158,0.003189
373,4,0,0,98.6991,70.0,17.8,0.005349608,79.8321232718594,5.894165039,0.0,-0.000959,-0.341136217,2.166136217,4448.756503,714.843079,623.720581,0.003178,0.00312
374,4,0,0,98.6466,70.0,17.8,0.005360523,79.7653948533846,5.850219727,0.0,-0.000959,-0.365706682,2.190706682,4465.267276,715.379517,626.802917,0.003122,0.003116
375,4,0,0,99.228,71.0,17.8,0.005367086,79.689741003083,5.850219727,0.0,0.009203613,-0.390479326,2.215479326,4484.021495,704.906921,624.946289,0.003133,0.003183
376,4,0,0,99.7089,71.0,17.5,0.005369955,79.6263732244896,5.850219727,0.0,0.003067871,-0.389780283,2.214780283,4499.769291,712.022583,638.973022,0.003183,0.003179
377,4,0,0,100.1402,72.0,17.5,0.005376887,79.552315919935,5.850219727,0.0,0.00690271,-0.372313738,2.197313738,4517.760326,700.684021,627.932129,0.003021,0.003105
378,4,0,0,100.5207,72.0,17.0,0.005386421,79.4910867610808,5.850219727,0.0,0.005368774,-0.350954294,2.175954294,4534.245427,711.624512,629.416077,0.003027,0.003094
379,4,0,0,100.7943,72.0,17.0,0.005395677,79.418260392412,5.850219727,0.0,0.001533936,-0.300857306,2.125857306,4552.220979,707.896606,626.486328,0.003002,0.003049
380,4,0,0,101.0693,71.0,16.8,0.005397243,79.3551525544154,5.894165039,0.0,-0.003259613,-0.246340036,2.071340036,4568.690636,702.835327,637.068298,0.003025,0.003009
381,4,0,0,100.4117,71.0,16.8,0.005388453,79.2865052232982,5.850219727,0.0,-0.003259613,-0.192779303,2.017779303,4587.396435,707.236389,624.007324,0.003137,0.003145
382,4,0,0,98.7518,71.0,16.3,0.005374185,79.2254801448494,5.850219727,0.0,-0.000959,-0.154389143,1.979389143,4603.101298,710.024475,626.974304,0.003091,0.003096
383,4,0,0,99.1218,71.0,16.3,0.005356764,79.151366078873,5.850219727,0.0,-0.003259613,-0.111894846,1.936894846,4621.040727,749.713684,821.143311,0.003179,0.003178
384,4,0,0,98.4892,71.0,16.2,0.005345181,79.0929786443106,5.850219727,0.0,-0.003259613,-0.082944632,1.907944632,4637.476694,714.93158,633.200378,0.003136,0.003148
385,4,0,0,96.7399,70.0,16.2,0.005341025,78.6370792086074,0.0,101.9622803,-0.016298065,-0.066380739,1.891380739,4655.390854,663.897888,634.103577,0.0,0.003183
386,4,0,0,94.038,70.0,16.1,0.005346376,78.1140733687436,0.0,29.59899902,0.003067871,-0.096479654,1.921479654,4671.793397,668.070313,638.01709,0.0,0.003183
387,4,0,0,94.7113,69.0,16.1,0.005356294,77.5168093625998,0.0,7.772827148,0.008436646,-0.160776377,1.985776377,4689.667967,668.265503,649.731873,0.0,0.003282
388,4,0,0,95.7396,69.0,16.0,0.005363253,77.0197027279164,0.0,34.4329834,0.00690271,-0.192629099,2.017629099,4706.035587,672.666504,636.976929,0.0,0.003199
389,4,0,0,96.5885,70.0,16.0,0.005373694,76.432941210239,0.0,0.0,0.003834839,-0.205184221,2.030184221,4723.872086,600.713074,161.792404,0.0,0.003474
390,4,0,0,97.2479,70.0,15.9,0.005390189,75.991180196584,0.483398438,0.0,0.003834839,-0.204208136,2.029208136,4740.20472,717.82373,619.055603,0.003287,0.003262
391,4,0,0,97.5039,70.0,15.9,0.005415166,75.4487286371266,0.0,38.38806152,-0.010929291,-0.194082975,2.019082975,4758.744344,672.872009,633.223816,0.0,0.003173
392,4,0,0,98.02,71.0,15.8,0.005437549,74.947773056619,0.0,93.31970215,-0.005560516,-0.198776007,2.023776007,4774.300623,0.0,0.0,0.0,0.0
393,4,0,0,98.4368,71.0,15.8,0.005461503,74.3970822396306,0.0,17.14782715,-0.000959,-0.222788572,2.047788572,4792.058897,0.0,0.0,0.0,0.0
394,4,0,0,98.6466,71.0,15.7,0.005481257,73.8859721582448,0.0,2.059936523,-0.001725677,-0.251039267,2.076039267,4808.320062,718.434875,628.809387,0.003141,0.003162
395,4,0,0,99.0688,71.0,15.7,0.005501094,73.3679908870752,0.0,9.677124023,0.008436646,-0.277993917,2.102993917,4826.041863,0.0,0.0,0.0,0.0
396,4,0,0,97.3501,71.0,16.0,0.005516033,72.8781117500516,0.0,265.2923584,-0.000959,-0.271849394,2.096849394,4841.533519,0.0,0.0,0.0,0.0
397,4,0,0,96.6894,70.0,16.0,0.005535557,72.3080218360494,0.0,265.145874,-0.004793549,-0.26410985,2.08910985,4859.957886,0.0,0.0,0.0,0.0
398,4,0,0,97.7613,69.0,16.2,0.005558544,71.8313833990352,0.0,265.2923584,-0.005560516,-0.273895502,2.098895502,4876.155439,0.0,0.0,0.0,0.0
399,4,0,0,98.4368,70.0,16.2,0.005589887,71.2866854745256,0.0,265.145874,0.001533936,-0.298245192,2.123245192,4893.808578,0.0,0.0,0.0,0.0
400,4,0,0,98.3323,70.0,16.0,0.005617117,70.8170977491722,0.0,218.270874,0.008436646,-0.315756559,2.140756559,4909.975262,644.770325,335.409912,0.0,0.00357
401,4,0,0,97.5553,70.0,16.0,0.005638821,70.2810908078382,0.0,264.9993896,0.008436646,-0.314555407,2.139555407,4928.329059,0.0,0.0,0.0,0.0
402,4,0,0,98.4368,70.0,16.2,0.005641261,68.3326963602036,0.0,264.2669678,0.018407227,-0.292640924,2.117640924,4943.731978,0.0,0.0,0.0,0.0
403,4,0,0,98.9629,71.0,16.2,0.005624414,64.0641822243882,0.0,266.0247803,-0.001725677,-0.222469568,2.047469568,4961.318774,720.90863,659.112305,0.003571,0.003517
404,4,0,0,99.3345,71.0,16.4,0.005599723,63.6214451138364,0.0,258.5540771,-0.001725677,-0.150983572,1.975983572,4977.408273,716.381287,645.08252,0.003602,0.003482
405,4,0,0,99.9241,71.0,16.4,0.005571267,63.1595866783548,0.0,50.39978027,-0.020132904,-0.094040155,1.919040155,4994.83187,718.669128,650.972595,0.003466,0.003422
406,4,0,0,100.4117,71.0,16.3,0.005551839,62.7322736272036,0.0,67.53845215,-0.010929291,-0.080805063,1.905805063,5009.958983,688.879822,652.499207,0.003361,0.003359
407,4,0,0,100.6847,71.0,16.3,0.005532886,62.2598521116046,0.0,14.36462402,-0.007094452,-0.093645811,1.918645811,5027.824724,719.467712,655.184814,0.003405,0.003286
408,4,0,0,101.1798,71.0,16.4,0.005513916,61.8578275532906,3.738098145,0.0,-0.007094452,-0.123882532,1.948882532,5043.419352,718.8974,646.710205,0.003367,0.003336
409,4,0,0,101.5125,70.0,16.4,0.005488995,62.1923583875862,7.124633789,0.0,-0.010162323,-0.174157858,1.999157858,5060.310198,713.493713,643.814819,0.003449,0.0034
410,4,0,0,101.7356,71.0,16.6,0.005466409,61.9655174728078,0.0,0.0,-0.019365936,-0.23781085,2.06281085,5075.675898,729.293701,664.994019,0.003482,0.00344
411,4,0,0,99.3878,71.0,16.6,0.005439839,61.990707634971,7.432250977,0.0,-0.083791229,-0.346012831,2.171012831,5092.306047,722.605774,642.37561,0.003407,0.003393
412,4,0,0,99.1218,71.0,16.7,0.005415375,62.5160632721688,11.96411133,0.0,-0.068451874,-0.55071187,2.37571187,5106.745034,718.93573,644.907471,0.003554,0.00345
413,4,0,0,100.0861,72.0,16.7,0.00538815,63.2106841245852,11.30218506,0.0,-0.030103485,-0.925560713,2.750560713,5123.799146,740.405212,658.862122,0.003565,0.003508
414,4,0,0,100.3573,72.0,16.8,0.005366941,63.6792860004414,8.885192871,0.0,0.032979614,-1.350413561,3.175413561,5138.689793,725.12207,636.401794,0.003554,0.003468
415,4,0,0,100.5753,71.0,16.8,0.005343011,64.138900050359,8.662719727,0.0,0.070561035,-1.774300098,3.599300098,5154.806139,728.481323,651.303528,0.003577,0.003511
416,4,0,0,100.0861,71.0,17.0,0.00531814,64.540969348325,9.500427246,0.0,0.032212646,1.593817472,3.881182528,5168.799353,717.746277,648.28009,0.003561,0.003511
417,4,0,0,100.4117,70.0,17.0,0.005286977,65.0845948569388,11.21429443,0.0,0.012271484,1.462458611,4.012541389,5185.326919,706.315125,652.604126,0.00349,0.003419
418,4,0,0,98.8045,69.0,17.1,0.00526365,65.6161890684598,11.21429443,0.0,-0.036239227,1.368501902,4.106498098,5199.7544,755.831299,668.938782,0.003574,0.003448
419,4,0,0,91.078,70.0,17.1,0.005245319,66.2264741157964,11.21429443,0.0,-0.066917938,1.158951998,4.316048002,5215.369832,720.34613,651.787415,0.003428,0.003389
420,4,0,0,90.0155,70.0,17.4,0.005236277,66.7650082198258,11.21429443,0.0,-0.010929291,0.809432507,4.665567493,5228.94563,734.740173,641.514221,0.003452,0.003369
421,4,0,0,91.6641,70.0,17.4,0.005234091,67.4305502779304,15.92193604,0.0,0.087434326,0.331384659,5.143615341,5243.160487,738.709412,639.187927,0.00346,0.003401
422,4,0,0,92.9057,71.0,17.8,0.005238797,68.2171780154706,13.94165039,0.0,0.145723877,-0.000755,5.475754714,5255.503204,729.411011,637.073914,0.003433,0.003341
423,4,0,0,93.7998,71.0,17.8,0.005248765,69.02024094464,13.89770508,0.0,-0.008628387,-0.08885777,5.56385777,5270.081994,715.633728,639.81012,0.003459,0.003407
424,4,0,0,94.518,72.0,17.8,0.005257406,69.7412859045712,13.89770508,0.0,-0.070752777,-0.001268268,5.476268268,5282.808763,0.0,0.0,0.0,0.0
425,4,0,0,95.1982,72.0,17.8,0.005261012,70.522309904138,14.07348633,0.0,-0.063083099,-0.0171175,5.4921175,5296.586508,755.445374,686.363525,0.003255,0.0
426,4,0,0,95.8883,72.0,18.1,0.005255169,71.1676353848824,11.70043945,0.0,0.005368774,-0.190094352,5.665094352,5308.654948,786.138306,836.892273,0.003376,0.0
427,4,0,0,96.3874,72.0,18.1,0.005239801,71.8144700563986,13.10668945,0.0,0.131151489,-0.394834399,5.869834399,5323.014404,722.945923,642.643311,0.003535,0.00335
428,4,0,0,94.7598,72.0,18.4,0.005228972,72.4147114381028,13.37036133,0.0,-0.030870453,-0.379070997,5.854070997,5335.637333,714.284729,637.028381,0.003409,0.003341
429,4,0,0,92.9057,72.0,18.4,0.00523382,73.0652668071386,14.02954102,0.0,-0.024734711,-0.236227989,5.711227989,5349.53704,713.953674,634.890076,0.003357,0.003278
430,4,0,0,93.9426,71.0,18.4,0.005254603,73.7986155093312,16.97662354,0.0,-0.015531097,-0.164735675,5.639735675,5362.422512,724.622803,641.577698,0.003316,0.003301
431,4,0,0,92.8591,72.0,18.4,0.005289685,74.7909862614254,17.1963501,0.0,0.001533936,-0.149222016,5.624222016,5376.595261,720.805786,646.598572,0.003328,0.003243
432,4,0,0,91.3025,71.0,18.6,0.005323672,75.6669613853658,17.06451416,0.0,0.02761084,-0.147512078,5.622512078,5389.089725,720.612915,655.167114,0.003383,0.003344
433,4,0,0,91.6641,71.0,18.6,0.00535907,76.628870791341,17.24029541,0.0,-0.027035614,-0.120273829,5.595273829,5404.085682,713.027222,646.571411,0.003426,0.003317
434,4,0,0,92.4881,71.0,18.9,0.005382163,77.4306474877022,10.730896,0.0,-0.010162323,-0.112660289,5.587660289,5417.408976,721.837708,641.516418,0.00336,0.00327
435,4,0,0,93.6102,71.0,18.9,0.005401066,77.7492198490634,12.97485352,0.0,-0.02856955,-0.137183905,5.612183905,5432.082936,718.718384,636.948486,0.003309,0.003244
436,4,0,0,94.3254,71.0,18.8,0.005418346,78.2467115183418,13.85375977,0.0,0.003834839,-0.196436167,5.671436167,5445.036877,719.97467,624.38501,0.003235,0.003139
437,4,0,0,95.0029,71.0,18.8,0.005444163,78.815228785296,13.6340332,0.0,0.012271484,-0.243588805,5.718588805,5460.614471,725.056519,631.073486,0.003279,0.003205
438,4,0,0,95.3944,70.0,19.0,0.005467127,79.3355712479268,13.72192383,0.0,-0.005560516,-0.252129078,5.727129078,5473.878787,722.275696,640.044922,0.003259,0.003222
439,4,0,0,95.542,70.0,19.0,0.005481417,79.9078206709014,14.02954102,0.0,-0.030870453,-0.253315806,5.728315806,5489.865957,713.739685,639.522705,0.003248,0.003175
440,4,0,0,94.1336,70.0,19.2,0.005477418,80.4067268856662,13.89770508,0.0,-0.004793549,-0.289885879,5.764885879,5504.106475,732.719299,643.291504,0.003237,0.00322
441,4,0,0,94.7113,70.0,19.2,0.00545641,80.9783357108538,14.20532227,0.0,0.029144775,-0.362162352,5.837162352,5519.820255,721.097412,643.756226,0.00329,0.003221
442,4,0,0,95.2962,70.0,19.1,0.005429699,81.4994935455956,14.29321289,0.0,0.03451355,-0.390651584,5.865651584,5533.704041,705.860718,631.58252,0.003397,0.00328
443,4,0,0,95.6901,71.0,19.1,0.00539654,82.07856652189,14.46899414,0.0,0.0,-0.307576418,5.782576418,5550.394317,720.843689,641.317505,0.003411,0.003317
444,4,0,0,95.7396,71.0,19.3,0.005370138,82.5792634814596,14.42504883,0.0,-0.001725677,-0.197044134,5.672044134,5565.225964,723.531616,643.432129,0.003336,0.003277
445,4,0,0,91.7095,71.0,19.3,0.00534783,83.1376047950334,13.80981445,0.0,-0.010929291,-0.089185953,5.564185953,5581.582197,748.890198,834.241028,0.003451,0.003322
446,4,0,0,91.1228,71.0,19.4,0.005338571,83.2623954487368,5.58380127,0.0,-0.023200775,-0.033437371,5.508437371,5596.088155,715.646912,640.646484,0.003384,0.00334
447,4,0,0,91.7549,71.0,19.4,0.005344017,83.242256538125,8.311157227,0.0,-0.017832001,-0.029649019,5.504649019,5613.591764,715.994019,643.770874,0.003296,0.003251
448,4,0,0,92.8591,71.0,19.3,0.005364783,83.2882897454302,8.091430664,0.0,0.009203613,-0.07157433,5.54657433,5628.489086,733.072083,633.549805,0.003272,0.003191
449,4,0,0,93.5629,72.0,19.3,0.005403472,83.3832483532348,8.662719727,0.0,0.021475098,-0.10868597,5.58368597,5646.407587,720.863098,639.904785,0.003324,0.003242
450,4,0,0,94.1336,73.0,19.2,0.005442305,83.4943716226146,9.017028809,0.0,0.0,-0.106109738,5.581109738,5662.268707,717.586975,642.625122,0.003311,0.003162
451,4,0,0,94.7113,72.0,19.2,0.005484364,83.6336416048584,9.060974121,0.0,0.003834839,-0.095742702,5.570742702,5679.703161,729.30249,626.912598,0.003295,0.003245
452,4,0,0,95.2962,71.0,19.1,0.005519781,83.7594489430134,9.280700684,0.0,-0.005560516,-0.081022382,5.556022382,5695.072713,725.887695,677.24469,0.003276,0.003238
453,4,0,0,95.4927,72.0,19.1,0.00555791,83.9413374027636,10.33538818,0.0,0.005368774,-0.05578649,5.53078649,5713.507701,733.236877,715.277771,0.003195,0.003185
454,4,0,0,96.0873,72.0,19.0,0.005578614,84.1802965029014,10.68695068,0.0,0.003067871,-0.044864178,5.519864178,5729.108886,714.52887,631.191528,0.003274,0.003217
455,4,0,0,96.5885,72.0,19.0,0.005573691,84.3175820723648,8.709411621,0.0,-0.020132904,-0.028068185,5.503068185,5747.81906,715.268616,638.035095,0.003259,0.003203
456,4,0,0,97.1459,73.0,18.9,0.005543747,84.406167758143,8.797302246,0.0,-0.010162323,-0.047888398,5.522888398,5763.652036,719.899902,631.430786,0.003224,0.003194
457,4,0,0,97.4526,72.0,18.9,0.005500327,84.4998854843406,8.841247559,0.0,-0.024734711,-0.109695792,5.584695792,5780.352905,724.481384,639.932007,0.003223,0.003214
458,4,0,0,97.7613,71.0,18.8,0.005450822,84.6031088255284,8.841247559,0.0,0.021475098,-0.22150743,5.69650743,5798.704711,713.946289,637.864502,0.003327,0.003311
459,4,0,0,97.9681,70.0,18.8,0.005417937,84.7097787775404,9.500427246,0.0,0.019941162,-0.290537357,5.765537357,5815.640911,717.525818,650.440002,0.003253,0.003204
460,4,0,0,95.6901,70.0,18.7,0.00539482,84.8685406030622,9.500427246,0.0,0.013038452,-0.324151039,5.799151039,5834.909121,707.650574,647.328125,0.003244,0.003231
461,4,0,0,95.8387,70.0,18.7,0.005384877,84.9994101684674,9.588317871,0.0,0.005368774,-0.300816298,5.775816298,5851.0975,708.992126,631.715088,0.003224,0.00318
462,4,0,0,96.7399,70.0,18.7,0.005386894,85.1570314386378,9.412536621,0.0,0.005368774,-0.251396537,5.726396537,5869.612668,707.640808,629.013123,0.003195,0.003122
463,4,0,0,97.4013,71.0,18.7,0.0054024,85.2841435491978,9.500427246,0.0,0.003067871,-0.192350268,5.667350268,5886.607476,708.010498,688.832886,0.003229,0.003175
464,4,0,0,97.5039,71.0,18.6,0.005430232,85.4480646451718,9.456481934,0.0,-0.004793549,-0.109431505,5.584431505,5905.178172,715.371216,634.96283,0.003216,0.003125
465,4,0,0,97.9163,70.0,18.6,0.005447847,85.5553053335214,9.500427246,0.0,-0.017832001,-0.068785071,5.543785071,5917.576955,714.255127,628.500122,0.003136,0.003097
466,4,0,0,98.1759,71.0,18.2,0.005470242,85.698647702355,9.456481934,0.0,0.023776001,-0.052587867,5.527587867,5936.206656,726.93219,636.507507,0.003149,0.003155
467,4,0,0,98.7518,70.0,18.2,0.005483587,85.7782925066424,5.58380127,0.0,-0.001725677,-0.041940928,5.516940928,5950.992502,0.0,0.0,0.0,0.0
468,4,0,0,99.3878,69.0,18.2,0.005501684,85.1481024984498,0.0,42.92907715,-0.007094452,-0.006786108,5.481786108,5967.374847,720.546204,643.025391,0.003361,0.00329
469,4,0,0,98.91,69.0,18.2,0.005523082,84.5731174549696,0.0,26.2298584,-0.001725677,0.004986644,5.470013356,5982.213527,723.401978,634.218872,0.00331,0.003257
470,4,0,0,96.6894,69.0,18.5,0.005557076,83.918134276605,0.0,19.1986084,-0.013997162,-0.002519846,5.477519846,6000.979259,728.260071,653.841309,0.003187,0.003228
471,4,0,0,97.044,70.0,18.5,0.00558407,83.3730593802938,0.0,17.4407959,-0.000959,-0.044272542,5.519272542,6017.419412,721.840515,642.13562,0.003262,0.00321
472,4,0,0,97.8646,71.0,18.5,0.005606192,82.7292073468798,0.0,4.696655273,-0.001725677,-0.100496411,5.575496411,6037.018128,719.687012,646.66272,0.003271,0.003241
473,4,0,0,98.4368,71.0,18.5,0.005616579,82.1726992807802,0.0,0.0,0.00690271,-0.165403485,5.640403485,6054.29698,0.0,0.0,0.0,0.0
474,4,0,0,98.4368,71.0,18.4,0.00561791,81.5602032899648,0.0,0.0,0.010737549,-0.238778472,5.713778472,6073.182367,711.189026,757.597778,0.003248,0.003181
475,4,0,0,95.3944,71.0,18.4,0.005613968,81.0922301671532,2.416992188,0.0,0.018407227,-0.281995177,5.756995177,6089.737277,722.548584,641.273804,0.003224,0.003142
476,4,0,0,95.0516,71.0,18.7,0.005608563,80.783739677156,5.495910645,0.0,0.017640259,-0.280757785,5.755757785,6109.480612,729.948608,652.361206,0.0032,0.003111
477,4,0,0,95.3944,70.0,18.7,0.005600555,80.691051912465,6.553344727,0.0,-0.003259613,-0.227974057,5.702974057,6126.09438,713.9646,661.229004,0.003493,0.003294
478,4,0,0,96.2872,69.0,18.6,0.005583846,80.7039727883362,8.399047852,0.0,-0.000959,-0.14230597,5.61730597,6145.907569,727.255981,631.717712,0.003292,0.003227
479,4,0,0,96.8917,69.0,18.6,0.005563648,80.6281532403882,5.58380127,0.0,-0.013997162,-0.067306161,5.542306161,6163.373165,722.37561,628.612915,0.003342,0.003159
480,4,0,0,97.1968,68.0,18.5,0.005538334,80.5215372012662,5.58380127,0.0,-0.015531097,0.00171423,5.47328577,6182.365612,723.192383,631.056702,0.003269,0.00322
481,4,0,0,97.6067,68.0,18.5,0.005519656,80.4260656968036,5.58380127,0.0,-0.000959,0.035579443,5.439420557,6198.853344,726.973206,637.457092,0.003195,0.003146
482,4,0,0,97.0949,69.0,18.8,0.005508617,80.3214507432244,5.58380127,0.0,0.00690271,0.051491022,5.423508978,6218.323651,758.772522,817.077881,0.003221,0.003166
483,4,0,0,95.6901,69.0,18.8,0.005510491,80.2319089968324,5.58380127,0.0,0.013038452,0.071398735,5.403601265,6234.547256,691.610901,632.303528,0.0,0.003268
484,4,0,0,96.4878,69.0,18.7,0.005524621,80.126316320923,5.58380127,0.0,0.059823486,0.136005759,5.338994241,6253.706123,715.963501,620.994385,0.0,0.003253
485,4,0,0,97.5039,70.0,18.7,0.005544465,80.0335615433144,5.58380127,0.0,0.042183228,0.302248716,5.172751284,6269.670638,693.056091,635.121887,0.0,0.003275
486,4,0,0,97.9681,71.0,18.9,0.005572495,79.9322219345966,5.58380127,0.0,0.038348389,0.630874872,4.844125128,6288.524993,724.710876,542.499878,0.003494,0.003348
487,4,0,0,98.4368,71.0,18.9,0.00559937,79.8417248517938,5.58380127,0.0,-0.008628387,1.022213221,4.452786779,6304.269238,762.738586,663.893921,0.003334,0.003347
488,4,0,0,98.8572,71.0,19.1,0.00562877,79.7442899203444,5.58380127,0.0,-0.060015228,1.479934454,3.995065546,6322.958703,727.379578,656.291687,0.003308,0.003322
489,4,0,0,99.4946,71.0,19.1,0.005648524,79.6547651042092,5.58380127,0.0,-0.043141937,1.79429245,3.68070755,6339.393831,759.314026,663.910217,0.003336,0.00336
490,4,0,0,99.8702,71.0,19.0,0.005660428,79.5543379429912,5.58380127,0.0,0.023009033,-1.619323254,3.444323254,6357.318939,758.514282,661.166077,0.003333,0.0033
491,4,0,0,100.1944,71.0,19.0,0.00566456,79.4729819274818,5.58380127,0.0,0.052920776,-1.472896814,3.297896814,6372.978937,766.116882,652.907593,0.003384,0.003312
492,4,0,0,100.4117,71.0,19.2,0.005669341,79.3338179846506,3.82598877,0.0,0.079764648,-1.154138803,2.979138803,6391.595602,718.370728,661.858093,0.003497,0.003468
493,4,0,0,100.1944,72.0,19.2,0.005674349,79.065185600005,1.010742188,0.0,-0.0868591,-0.616932154,2.441932154,6407.211786,724.559875,661.823181,0.003685,0.003614
494,4,0,0,100.4662,73.0,19.4,0.005678955,78.8010017690808,4.00177002,0.0,-0.130576263,-0.132141829,1.957141829,6425.776795,707.899719,650.529175,0.003592,0.003499
495,4,0,0,100.8491,74.0,19.4,0.005684738,78.6401906421898,0.834960938,0.0,-0.078422455,-0.075689554,1.900689554,6441.349029,725.732117,648.263672,0.003511,0.00346
496,4,0,0,101.4569,74.0,19.3,0.005696751,78.2668910165084,3.869934082,0.0,0.085900391,-0.311046839,2.136046839,6459.859182,730.068909,647.822815,0.003493,0.003444
497,4,0,0,101.7356,74.0,19.3,0.005709602,78.0710979396252,3.913879395,0.0,0.029144775,-0.427888632,2.252888632,6475.383513,758.485413,851.543701,0.003495,0.003429
498,4,0,0,102.2411,74.0,19.4,0.005719578,77.8638052272116,3.957824707,0.0,0.017640259,-0.362711191,2.187711191,6493.102803,711.956482,642.602417,0.003459,0.003402
499,4,0,0,102.5241,73.0,19.4,0.005718609,77.674384879234,4.089660645,0.0,-0.02166684,-0.232625246,2.057625246,6509.328024,713.898987,639.43103,0.0036,0.0035
500,4,0,0,103.0375,74.0,19.3,0.005705649,77.4795198926354,4.00177002,0.0,-0.019365936,-0.135233164,1.960233164,6527.742977,718.079529,640.683228,0.003412,0.003327
501,4,0,0,103.325,74.0,19.3,0.005690147,77.3056196011894,4.089660645,0.0,-0.007094452,-0.126397848,1.951397848,6543.19069,714.530518,632.972595,0.0034,0.003292
502,4,0,0,103.7301,73.0,19.2,0.005675538,76.947409227815,2.903137207,0.0,0.003067871,-0.150229692,1.975229692,6561.532174,711.751282,643.796509,0.003419,0.003354
503,4,0,0,104.0215,74.0,19.2,0.005667237,76.740296584454,5.23223877,0.0,0.010737549,-0.176419497,2.001419497,6576.876001,717.075378,634.148682,0.003329,0.003294
504,4,0,0,104.0799,74.0,19.3,0.005658099,76.6681009000378,5.539855957,0.0,0.017640259,-0.20072484,2.02572484,6595.094821,0.0,0.0,0.0,0.0
505,4,0,0,104.2557,74.0,19.3,0.005644525,76.6128879851858,5.495910645,0.0,0.009203613,-0.185010195,2.010010195,6610.330789,770.526123,820.444092,0.003321,0.0
506,4,0,0,104.4321,75.0,19.2,0.005622942,76.5408292877904,5.40802002,0.0,-0.004793549,-0.13341403,1.95841403,6628.412662,718.066589,626.114807,0.003273,0.003226
507,4,0,0,104.7867,75.0,19.2,0.005603296,76.4799978129436,5.364074707,0.0,-0.007094452,-0.084485292,1.909485292,6643.557794,723.107605,637.580017,0.003267,0.003222
508,4,0,0,104.6682,74.0,19.1,0.005584058,76.3980793009174,5.23223877,0.0,-0.000959,-0.045340776,1.870340776,6660.818815,712.683411,643.001709,0.003143,0.003092
509,4,0,0,104.0215,74.0,19.1,0.005569878,76.3199384409534,5.144348145,0.0,-0.001725677,-0.016676188,1.841676188,6676.599234,718.488586,636.978088,0.003219,0.003091
510,4,0,0,104.1385,75.0,19.0,0.005552723,76.2126426327088,4.441223145,0.0,-0.005560516,0.009070158,1.815929842,6694.4764,720.044983,630.737427,0.003284,0.003223
511,4,0,0,104.6682,75.0,19.0,0.005536896,76.075449020933,4.045715332,0.0,0.003067871,0.019409418,1.805590582,6709.423283,720.205017,631.398926,0.003264,0.00323
512,4,0,0,98.7518,74.0,19.2,0.00552308,75.8368666833826,3.606262207,0.0,0.025309937,0.030771971,1.794228029,6727.178314,722.991516,639.806274,0.003435,0.003309
513,4,0,0,92.7661,74.0,19.2,0.005517268,75.6446673431864,3.738098145,0.0,0.021475098,0.091166258,1.733833742,6742.079043,713.047913,635.223877,0.003446,0.003387
514,4,0,0,83.0703,74.0,19.4,0.005518202,75.4080541296864,3.562316895,0.0,-0.012463226,0.214718103,1.610281897,6759.092894,718.52063,641.977478,0.003485,0.003379
515,4,0,0,82.295,73.0,19.4,0.005527214,75.222078944127,3.738098145,0.0,-0.050811615,0.310300112,1.514699888,6774.673412,720.521606,629.2547,0.003349,0.003279
516,4,0,0,83.8223,72.0,19.5,0.005542493,75.0011452405658,3.430480957,0.0,-0.017832001,0.313029051,1.511970949,6792.358844,718.061707,624.469116,0.003385,0.003288
517,4,0,0,84.2801,73.0,19.5,0.005549023,74.817309415042,3.47442627,0.0,-0.02166684,0.255761385,1.569238615,6807.196724,735.195923,663.012207,0.003345,0.003386
518,4,0,0,85.7633,73.0,19.7,0.005541017,74.6136917914524,4.221496582,0.0,0.0,0.1327703,1.6922297,6824.128461,730.384888,641.743408,0.003292,0.003233
519,4,0,0,86.8086,74.0,19.7,0.005524364,74.5496202967572,6.948852539,0.0,0.005368774,0.009438276,1.815561724,6839.61124,777.031494,817.414917,0.003308,0.0
520,4,0,0,87.8796,74.0,20.1,0.005504778,74.6207295318328,7.564086914,0.0,0.00690271,-0.110772371,1.935772371,6857.146532,780.733215,822.615295,0.00332,0.0
521,4,0,0,88.0049,73.0,20.1,0.005495739,74.7572131510808,8.047485352,0.0,0.014572388,-0.19894433,2.02394433,6871.829765,717.018494,644.106689,0.003378,0.003271
522,4,0,0,88.7642,72.0,20.2,0.005498943,74.9357089289902,7.871704102,0.0,0.029144775,-0.253846884,2.078846884,6889.253194,739.818787,755.395691,0.0035,0.003293
523,4,0,0,89.7972,73.0,20.2,0.005511212,75.073609684762,7.739868164,0.0,0.016106323,-0.227142572,2.052142572,6903.844683,803.146118,824.279175,0.003424,0.00336
524,4,0,0,90.5436,71.0,20.3,0.005528857,75.255501475846,8.885192871,0.0,0.016106323,-0.153424025,1.978424025,6920.471821,759.975403,839.885376,0.003381,0.003318
525,4,0,0,91.2575,71.0,20.3,0.005538954,75.3787070583966,5.627746582,0.0,-0.024734711,-0.05437541,1.87937541,6935.670552,749.936523,834.769592,0.003428,0.00334
526,4,0,0,92.0742,71.0,20.6,0.005534278,75.4880034050084,9.983825684,0.0,-0.027035614,0.01675725,1.80824275,6952.932025,725.807678,635.819824,0.003399,0.00342
527,4,0,0,92.6733,71.0,20.6,0.005513715,75.6903864395104,8.311157227,0.0,-0.010929291,0.020746946,1.804253054,6967.44815,746.30127,825.417603,0.003468,0.00339
528,4,0,0,93.1394,70.0,20.7,0.005480031,75.9307176468388,7.783813477,0.0,0.003067871,-0.031131029,1.856131029,6984.076694,728.76123,627.426392,0.003438,0.003322
529,4,0,0,91.8004,70.0,20.7,0.005453872,76.0202679388262,7.783813477,0.0,0.013038452,-0.080147505,1.905147505,6999.355836,805.350586,816.91687,0.003402,0.003324
530,4,0,0,91.6187,69.0,21.0,0.005439246,76.3059410936496,10.86273193,0.0,0.013038452,-0.09358573,1.91858573,7016.75983,723.413818,617.341003,0.003442,0.003338
531,4,0,0,91.3476,69.0,21.0,0.005441444,76.4892949218434,5.938110352,0.0,-0.000959,-0.079922915,1.904922915,7031.413103,719.466675,642.323486,0.003369,0.003294
532,4,0,0,83.633,70.0,21.0,0.005451286,76.6311676252956,9.456481934,0.0,-0.004793549,-0.062822104,1.887822104,7048.88508,754.536011,648.826294,0.003369,0.0
533,4,0,0,77.997,69.0,21.0,0.005453914,76.8663249493646,9.500427246,0.0,-0.004793549,-0.055073977,1.880073977,7063.606447,753.295288,825.445129,0.003368,0.003348
534,4,0,0,72.0212,70.0,20.7,0.00544207,77.1207482458426,9.236755371,0.0,-0.004793549,-0.059835672,1.884835672,7080.479351,717.593872,747.055908,0.003292,0.00326
535,4,0,0,71.1906,72.0,20.7,0.005421051,77.3272539588094,9.368591309,0.0,-0.004793549,-0.074067831,1.899067831,7095.977666,721.78772,635.056519,0.003318,0.003263
536,4,0,0,72.6427,72.0,20.7,0.00539103,77.5564846630208,9.500427246,0.0,-0.004793549,-0.100864649,1.925864649,7113.666414,718.555481,636.161316,0.003267,0.00322
537,4,0,0,74.7239,72.0,20.7,0.005361462,77.774941511855,9.368591309,0.0,0.017640259,-0.134133577,1.959133577,7128.548529,721.511719,638.733215,0.003341,0.003274
538,4,0,0,76.4514,72.0,20.5,0.005324183,78.0021464915282,9.500427246,0.0,0.003067871,-0.161954165,1.986954165,7145.613897,703.286499,645.502075,0.00318,0.003196
539,4,0,0,77.9314,72.0,20.5,0.005290336,78.2144918878058,9.500427246,0.0,-0.005560516,-0.178982496,2.003982496,7161.312156,715.001282,640.644592,0.003209,0.003246
540,4,0,0,79.0289,71.0,20.2,0.005254194,78.4537767988266,9.412536621,0.0,0.001533936,-0.202415705,2.027415705,7178.496124,764.085815,823.118286,0.003217,0.003102
541,4,0,0,80.3316,70.0,20.2,0.0052278,78.67075768976,9.544372559,0.0,0.0,-0.222740412,2.047740412,7194.302391,719.179688,622.99707,0.003246,0.003198
542,4,0,0,81.1056,69.0,20.3,0.005203986,78.9023600139558,9.324645996,0.0,0.014572388,-0.24523139,2.07023139,7212.326975,726.904297,638.819885,0.003384,0.003295
543,4,0,0,81.714,68.0,20.3,0.005188207,79.0280921798394,8.311157227,0.0,0.00690271,-0.252720594,2.077720594,7227.51866,717.575073,633.590271,0.003383,0.003305
544,4,0,0,82.5518,68.0,20.1,0.005178767,79.1647126090808,8.399047852,0.0,0.009203613,-0.237912893,2.062912893,7244.936925,733.557129,637.501282,0.003427,0.003357
545,4,0,0,83.3695,68.0,20.1,0.005181286,79.3021090620702,8.885192871,0.0,-0.001725677,-0.205344439,2.030344439,7260.956069,713.026978,631.122375,0.003434,0.003321
546,4,0,0,84.1269,68.0,19.9,0.005196912,79.5084317287054,9.456481934,0.0,-0.005560516,-0.166555643,1.991555643,7279.217767,707.649475,634.698608,0.00339,0.003364
547,4,0,0,84.8205,68.0,19.9,0.005218036,79.704935828094,9.764099121,0.0,0.0,-0.142897367,1.967897367,7294.588365,713.409973,619.333618,0.003374,0.003274
548,4,0,0,85.6047,68.0,19.7,0.005241173,79.8913478207162,8.355102539,0.0,0.0,-0.125968695,1.950968695,7310.71976,721.596191,635.246887,0.003418,0.003336
549,4,0,0,86.323,68.0,19.7,0.005265794,80.0510551495814,9.104919434,0.0,0.0,-0.107177496,1.932177496,7328.359754,711.676514,629.518494,0.003347,0.003201
550,4,0,0,87.0125,68.0,19.5,0.005283667,80.2358173755828,9.632263184,0.0,-0.000959,-0.09026742,1.91526742,7343.840272,719.221191,628.825073,0.003222,0.003247
551,4,0,0,87.5887,68.0,19.5,0.005299689,80.459404317535,9.588317871,0.0,-0.001725677,-0.071236849,1.896236849,7362.325365,725.922729,631.502319,0.003271,0.003211
552,4,0,0,88.2987,69.0,19.4,0.005312619,80.4684748152694,0.0,2.352905273,-0.003259613,-0.058621168,1.883621168,7377.890401,738.380127,821.933289,0.003298,0.003257
553,4,0,0,87.9631,68.0,19.4,0.005329236,79.86739371214,0.0,0.0,-0.007094452,-0.053660631,1.878660631,7396.473291,717.411072,618.533813,0.003346,0.003279
554,4,0,0,88.4674,69.0,19.3,0.005342498,79.554606895892,5.58380127,0.0,-0.007094452,-0.065015554,1.890015554,7412.1274,715.717285,617.085083,0.003347,0.003293
555,4,0,0,89.1917,70.0,19.3,0.005350266,79.434581353088,5.276184082,0.0,0.003834839,-0.097551107,1.922551107,7430.690715,723.459473,627.668701,0.00328,0.003156
556,4,0,0,89.3208,70.0,19.1,0.005350072,79.34947108532,5.495910645,0.0,0.001533936,-0.127783537,1.952783537,7446.174599,724.576111,647.268494,0.00332,0.003245
557,4,0,0,89.9281,70.0,19.1,0.005348528,79.2517614717194,5.58380127,0.0,0.001533936,-0.158707857,1.983707857,7464.570432,718.811523,639.499207,0.003316,0.003236
558,4,0,0,89.8408,70.0,19.0,0.005351623,79.1699870921836,5.58380127,0.0,0.00690271,-0.182637453,2.007637453,7480.735657,703.14093,636.437012,0.003133,0.003135
559,4,0,0,90.1469,70.0,19.0,0.005361475,79.080209513108,5.58380127,0.0,-0.005560516,-0.198442698,2.023442698,7498.34793,720.934082,631.995728,0.003248,0.003142
560,4,0,0,90.81,69.0,18.9,0.005375638,79.0013666429426,5.627746582,0.0,-0.003259613,-0.212181807,2.037181807,7513.740051,749.635071,820.760071,0.00327,0.003151
561,4,0,0,90.9885,68.0,18.9,0.005397405,78.912339418642,5.58380127,0.0,-0.005560516,-0.242213488,2.067213488,7532.041787,726.376099,626.295593,0.003173,0.003169
562,4,0,0,89.1059,69.0,18.8,0.005415291,78.8351935814132,5.58380127,0.0,-0.005560516,-0.277190924,2.102190924,7547.397039,717.304199,627.41571,0.003151,0.003171
563,4,0,0,89.3208,69.0,18.8,0.005426671,78.7441801579648,5.58380127,0.0,0.012271484,-0.332838774,2.157838774,7565.6557,717.730591,624.95813,0.003127,0.003047
564,4,0,0,89.8408,69.0,18.8,0.005430452,78.6682939994342,5.58380127,0.0,0.005368774,-0.36582303,2.19082303,7580.975068,712.904419,628.095703,0.003101,0.003071
565,4,0,0,89.5367,69.0,18.8,0.00543379,78.5830777244404,5.58380127,0.0,0.032212646,-0.384818792,2.209818792,7599.191427,727.775879,727.708496,0.003271,0.00322
566,4,0,0,90.4552,69.0,18.7,0.005435854,78.5082696466824,5.806274414,0.0,0.023009033,-0.361893892,2.186893892,7614.475818,706.316711,636.570618,0.003287,0.003255
567,4,0,0,91.4829,69.0,18.7,0.005439098,78.4484270951722,5.938110352,0.0,0.008436646,-0.267331839,2.092331839,7631.924884,717.63092,626.662903,0.003324,0.003248
568,4,0,0,92.2118,70.0,18.9,0.005449348,78.4081412272486,6.069946289,0.0,-0.001725677,-0.156302214,1.981302214,7647.905809,736.36853,648.148315,0.003262,0.003195
569,4,0,0,92.9057,70.0,18.9,0.005471723,78.3820150407546,6.289672852,0.0,-0.001725677,-0.035611868,1.860611868,7666.054522,709.728699,631.528381,0.00334,0.003271
570,4,0,0,93.5629,69.0,18.8,0.005496954,78.36826131534,6.465454102,0.0,-0.02856955,0.057146311,1.767853689,7681.294273,721.834595,627.71228,0.003302,0.003246
571,4,0,0,94.2294,70.0,18.8,0.005530946,78.3623733679226,6.509399414,0.0,-0.023200775,0.074425459,1.750574541,7699.433976,716.26532,632.854919,0.003252,0.003211
572,4,0,0,94.8569,70.0,18.7,0.005564887,78.3719080154064,6.685180664,0.0,-0.008628387,0.014721632,1.810278368,7714.670698,804.522278,938.713074,0.003273,0.0
573,4,0,0,95.3944,70.0,18.7,0.005599457,78.3705300341248,6.597290039,0.0,0.0,-0.093869448,1.918869448,7732.811174,732.328613,628.862488,0.003417,0.003341
574,4,0,0,95.938,72.0,18.7,0.00561448,78.379271454016,6.729125977,0.0,0.017640259,-0.193174124,2.018174124,7748.049495,730.971008,630.838928,0.003374,0.003309
575,4,0,0,96.5381,72.0,18.7,0.00560587,78.3976602073778,6.729125977,0.0,0.021475098,-0.250476122,2.075476122,7766.194232,0.0,0.0,0.0,0.0
576,4,0,0,97.1968,72.0,18.6,0.005579028,78.4124983543646,6.773071289,0.0,0.003067871,-0.2249825,2.0499825,7781.439274,708.264099,630.144104,0.003364,0.003277
577,4,0,0,97.7613,71.0,18.6,0.005539522,78.431155288144,6.773071289,0.0,-0.001725677,-0.175843954,2.000843954,7798.866176,712.006775,635.671997,0.003258,0.003246
578,4,0,0,98.02,71.0,18.8,0.005505843,78.4467347293216,6.817016602,0.0,-0.015531097,-0.134955645,1.959955645,7814.844726,723.882202,626.925293,0.003041,0.002997
579,4,0,0,98.594,71.0,18.8,0.005470414,78.464170254508,6.773071289,0.0,-0.003259613,-0.117040396,1.942040396,7833.006524,711.312073,625.380493,0.00304,0.003014
580,4,0,0,98.9629,70.0,18.8,0.005442565,78.4787863769484,6.773071289,0.0,0.008436646,-0.121525049,1.946525049,7848.265784,755.980896,817.099976,0.003086,0.003061
581,4,0,0,99.6016,70.0,18.8,0.005418213,78.4975894387998,6.773071289,0.0,0.00690271,-0.11060977,1.93560977,7866.43599,712.741272,623.181274,0.003123,0.003045
582,4,0,0,99.8163,70.0,18.7,0.005403889,78.5134663181962,6.729125977,0.0,0.00690271,-0.082481623,1.907481623,7881.70257,699.36731,622.095886,0.003091,0.003099
583,4,0,0,100.032,70.0,18.7,0.005389184,78.5322926993842,6.817016602,0.0,-0.004793549,-0.036126852,1.861126852,7899.882223,721.316284,626.531128,0.003063,0.003041
584,4,0,0,99.6552,72.0,18.6,0.005372939,78.5622472643372,7.036743164,0.0,-0.003259613,0.00335288,1.82164712,7915.160506,705.362305,636.930786,0.003172,0.003185
585,4,0,0,99.978,73.0,18.6,0.005349949,78.6021827628494,7.036743164,0.0,-0.007094452,0.028767824,1.796232176,7933.358273,720.765686,637.839417,0.003248,0.00323
586,4,0,0,100.6299,72.0,18.6,0.005324954,78.63621240199,7.080688477,0.0,-0.010929291,0.024873018,1.800126982,7948.651924,729.650696,644.126282,0.003345,0.003275
587,4,0,0,101.1245,70.0,18.6,0.005290196,78.6735600174086,6.992797852,0.0,-0.010929291,-0.004905462,1.829905462,7966.138844,718.055298,630.742126,0.003243,0.00318
588,4,0,0,99.7626,68.0,18.2,0.005260382,78.7081478239414,7.080688477,0.0,0.005368774,-0.059057474,1.884057474,7982.176671,724.592896,638.165527,0.003167,0.003166
589,4,0,0,96.6894,68.0,18.2,0.005235653,78.7469438614534,7.036743164,0.0,0.00690271,-0.123805761,1.948805761,8000.411744,712.982483,624.651184,0.003117,0.003025
590,4,0,0,97.1968,68.0,18.2,0.005222653,78.7852089776994,7.168579102,0.0,0.00690271,-0.166435957,1.991435957,8015.738055,717.041382,629.683777,0.002989,0.00297
591,4,0,0,98.228,67.0,18.2,0.005214319,78.8303115841496,7.124633789,0.0,0.00690271,-0.194753885,2.019753885,8033.993926,725.311584,629.008728,0.002975,0.002963
592,4,0,0,99.1749,68.0,17.9,0.005210594,78.8674353081874,7.124633789,0.0,0.00690271,-0.201427698,2.026427698,8049.337774,739.118408,746.770996,0.003097,0.003056
593,4,0,0,99.7089,69.0,17.9,0.005205115,78.9129746090466,7.168579102,0.0,0.00690271,-0.189244509,2.014244509,8066.883502,754.399719,821.162903,0.002998,0.003005
594,4,0,0,100.2486,69.0,17.9,0.005193643,78.953110357735,7.168579102,0.0,0.00690271,-0.160594225,1.985594225,8082.976354,720.934509,643.422119,0.003013,0.003024
595,4,0,0,100.8491,70.0,17.9,0.005170743,78.998166808314,7.124633789,0.0,-0.000959,-0.111543417,1.936543417,8101.274304,0.0,0.0,0.0,0.0
596,4,0,0,101.624,70.0,17.6,0.005145964,79.038645652197,7.124633789,0.0,-0.003259613,-0.074252844,1.899252844,8116.648023,659.151123,604.672729,0.0,0.002967
597,4,0,0,102.0721,70.0,17.6,0.00512202,79.0765529477874,6.817016602,0.0,-0.003259613,-0.041843176,1.866843176,8134.214266,703.755676,566.050598,0.003286,0.003172
598,4,0,0,102.0158,70.0,17.4,0.005113829,79.0572231972342,6.465454102,0.0,-0.003259613,-0.021584272,1.846584272,8150.311842,716.359192,627.325317,0.003158,0.003176
599,4,0,0,102.1284,70.0,17.4,0.005123843,79.0417645853038,6.333618164,0.0,-0.003259613,-0.006628275,1.831628275,8168.593076,731.145874,644.85199,0.003115,0.003121
600,4,0,0,102.3541,70.0,17.4,0.005147824,79.0130476832778,6.026000977,0.0,-0.003259613,-0.002173662,1.827173662,8183.939902,752.682129,644.897522,0.003023,0.003089
601,4,0,0,102.9802,69.0,17.4,0.005187934,78.961188520332,6.157836914,0.0,-0.003259613,-0.006348372,1.831348372,8202.198296,710.775818,824.834106,0.003041,0.003023
602,4,0,0,103.5561,68.0,17.2,0.005229333,78.9176342920826,5.938110352,0.0,-0.003259613,-0.01849246,1.84349246,8217.527826,718.570496,634.545715,0.003127,0.003089
603,4,0,0,103.9047,68.0,17.2,0.00527793,78.8729043444028,6.201782227,0.0,-0.007094452,-0.041411638,1.866411638,8235.03929,717.1745,638.565186,0.003046,0.003097
604,4,0,0,104.491,68.0,17.3,0.005316036,78.8395807227202,6.201782227,0.0,-0.007094452,-0.076538801,1.901538801,8251.0841,712.928101,632.110718,0.003106,0.003121
605,4,0,0,104.9648,68.0,17.3,0.005344209,78.8031588318564,6.245727539,0.0,-0.000959,-0.13488555,1.95988555,8266.393211,0.0,0.0,0.0,0.0
606,4,0,0,105.2034,68.0,17.3,0.005360612,78.7717576472708,6.157836914,0.0,-0.000959,-0.190149546,2.015149546,8282.425018,655.121826,623.967529,0.003035,0.002997
607,4,0,0,101.4014,68.0,17.3,0.005371101,78.7379722093818,6.245727539,0.0,0.003067871,-0.253487349,2.078487349,8300.63517,615.891418,631.137329,0.003088,0.003137
608,4,0,0,97.8646,68.0,17.4,0.005382195,78.7099079108192,6.201782227,0.0,0.038348389,-0.309574366,2.134574366,8315.925472,709.776917,636.947205,0.003212,0.003162
609,4,0,0,93.4213,68.0,17.4,0.005405049,78.6776627722442,6.245727539,0.0,0.021475098,-0.329699755,2.154699755,8333.393267,707.102905,654.007507,0.003231,0.003101
610,4,0,0,87.1764,68.0,17.4,0.005433223,78.6506234301408,6.245727539,0.0,0.023009033,-0.287415743,2.112415743,8349.399495,709.937073,615.649902,0.003078,0.003106
611,4,0,0,87.5887,68.0,17.4,0.005466438,78.6225197671218,6.289672852,0.0,0.014572388,-0.1910851,2.0160851,8367.582187,710.070923,631.806702,0.003149,0.003083
612,4,0,0,89.6668,69.0,17.5,0.005488385,78.5968346202548,6.245727539,0.0,-0.001725677,-0.062815905,1.887815905,8382.851319,710.234985,627.510193,0.003178,0.003046
613,4,0,0,91.2575,69.0,17.5,0.005497634,78.5689447902416,6.289672852,0.0,-0.001725677,0.087282896,1.737717104,8398.844495,719.248108,680.195618,0.003062,0.003033
614,4,0,0,92.3497,69.0,17.5,0.00549311,78.5472412953752,6.333618164,0.0,-0.036239227,0.202572584,1.622427416,8411.201186,714.028503,639.552612,0.003161,0.00309
615,4,0,0,93.4213,69.0,17.5,0.005471497,78.524092339601,6.421508789,0.0,-0.044675873,0.28050828,1.54449172,8429.370962,719.392029,641.603577,0.003216,0.003155
616,4,0,0,94.1336,69.0,17.9,0.005445727,78.5129140409884,6.465454102,0.0,-0.017832001,0.247865915,1.577134085,8445.35947,720.72821,645.215393,0.003116,0.003057
617,4,0,0,95.0516,68.0,17.9,0.005422112,78.5052361212494,6.465454102,0.0,-0.024734711,0.114373446,1.710626554,8460.62062,725.479614,640.570984,0.003234,0.003159
618,4,0,0,95.938,68.0,17.9,0.005403928,78.5002016551142,6.465454102,0.0,0.026843872,-0.055861235,1.880861235,8476.605936,716.059021,790.991699,0.003198,0.003188
619,4,0,0,96.5381,69.0,17.9,0.005386251,78.4948753673568,6.465454102,0.0,0.065959229,-0.240154028,2.065154028,8494.043096,718.508118,635.705505,0.003218,0.003208
620,4,0,0,97.0949,68.0,17.9,0.005367916,78.487294217232,6.509399414,0.0,0.070561035,-0.29480052,2.11980052,8509.300984,713.178589,637.643005,0.003349,0.003281
621,4,0,0,97.7097,68.0,17.9,0.005340736,78.4790555390634,6.465454102,0.0,-0.007094452,-0.147587538,1.972587538,8527.464753,703.888123,639.09021,0.003325,0.003291
622,4,0,0,98.3845,68.0,18.2,0.00531402,78.4752731877284,6.509399414,0.0,-0.058481293,0.042717695,1.782282305,8543.449995,722.440491,625.109924,0.003205,0.003185
623,4,0,0,98.8572,69.0,18.2,0.005286023,78.4726685835922,6.641235352,0.0,-0.063850067,0.130513906,1.694486094,8560.88983,720.773682,668.953308,0.003329,0.003332
624,4,0,0,99.4411,69.0,18.2,0.005269194,78.4739945992852,6.597290039,0.0,0.003834839,0.037534475,1.787465525,8576.876214,729.378418,641.050598,0.003347,0.003305
625,4,0,0,99.9241,70.0,18.2,0.00526379,78.4796277881806,6.641235352,0.0,0.032979614,-0.140430689,1.965430689,8594.315859,726.12207,634.791626,0.003293,0.003169
626,4,0,0,100.1402,69.0,18.2,0.005274117,78.4828308253958,6.553344727,0.0,0.036047485,-0.232755423,2.057755423,8609.575797,713.585083,634.547607,0.003375,0.003205
627,4,0,0,100.5753,69.0,18.2,0.005303103,78.482070138658,6.553344727,0.0,0.012271484,-0.230184793,2.055184793,8627.742836,708.208801,634.378418,0.003238,0.003243
628,4,0,0,101.0142,69.0,18.2,0.005335726,78.482403915774,6.553344727,0.0,-0.010929291,-0.158520937,1.983520937,8643.728109,732.233704,655.259277,0.003259,0.003222
629,4,0,0,101.6797,69.0,18.2,0.005364792,78.4825922246474,6.553344727,0.0,-0.010929291,-0.094974279,1.919974279,8661.13942,718.618225,649.203308,0.003213,0.003207
630,4,0,0,102.2411,69.0,18.2,0.005374669,78.4845925859872,6.597290039,0.0,-0.013997162,-0.075392485,1.900392485,8676.358808,748.088196,831.395691,0.003225,0.003224
631,4,0,0,102.8087,69.0,18.2,0.00537055,78.4847869298856,6.597290039,0.0,0.001533936,-0.092359781,1.917359781,8694.463184,740.136719,643.676086,0.003324,0.003302
632,4,0,0,103.2098,70.0,18.4,0.00536033,78.3958430211168,5.23223877,0.0,-0.007094452,-0.124601603,1.949601603,8710.397815,0.0,0.0,0.0,0.0
633,4,0,0,101.6797,70.0,18.4,0.005347066,78.303697732753,5.671691895,0.0,-0.005560516,-0.182499647,2.007499647,8727.776656,693.3125,588.824707,0.003116,0.003195
634,4,0,0,99.0158,70.0,18.4,0.005334649,78.2385525025032,5.715637207,0.0,0.038348389,-0.238966703,2.063966703,8743.692212,733.300903,632.384705,0.00349,0.003265
635,4,0,0,99.6016,70.0,18.4,0.005317394,78.2133434788752,6.860961914,0.0,0.008436646,-0.240317106,2.065317106,8761.041756,685.414795,642.628601,0.0,0.003177
636,4,0,0,100.6847,69.0,18.4,0.005297293,78.2348106904428,6.597290039,0.0,-0.008628387,-0.210741282,2.035741282,8776.227934,720.082397,630.720215,0.0,0.003167
637,4,0,0,101.3459,69.0,18.4,0.005270489,78.1812471237832,5.671691895,0.0,-0.012463226,-0.172381163,1.997381163,8794.318836,665.153503,641.900574,0.0,0.003118
638,4,0,0,101.8475,69.0,18.6,0.005251213,78.1179893757656,5.715637207,0.0,-0.005560516,-0.155981302,1.980981302,8810.248263,718.986694,640.168579,0.003174,0.003094
639,4,0,0,100.4662,68.0,18.6,0.005241918,78.067245211852,6.113891602,0.0,-0.004793549,-0.153857946,1.978857946,8825.461645,708.553406,628.451904,0.00321,0.003149
640,4,0,0,99.2812,68.0,18.6,0.005245407,78.1044380087626,7.168579102,0.0,0.001533936,-0.159584761,1.984584761,8842.858032,737.531616,752.136902,0.003261,0.003213
641,4,0,0,100.3029,69.0,18.6,0.00526156,78.1498348347516,6.992797852,0.0,0.001533936,-0.157485247,1.982485247,8858.813951,711.207397,640.381714,0.003252,0.003216
642,4,0,0,101.2351,69.0,18.5,0.005289664,78.192907870341,7.080688477,0.0,0.0,-0.151450872,1.976450872,8876.22991,0.0,0.0,0.0,0.0
643,4,0,0,102.0721,70.0,18.5,0.005309577,78.2304989467148,7.036743164,0.0,0.0,-0.145554304,1.970554304,8892.202826,705.312805,642.898376,0.003098,0.003203
644,4,0,0,102.4674,71.0,18.5,0.005316815,78.2753366075208,6.992797852,0.0,-0.024734711,-0.13975215,1.96475215,8910.363359,703.823181,655.176086,0.003184,0.003228
645,4,0,0,101.6797,70.0,18.5,0.005311509,78.314990230132,6.992797852,0.0,0.010737549,-0.158273458,1.983273458,8925.625928,701.111206,641.015808,0.003165,0.003126
646,4,0,0,102.0721,71.0,18.4,0.00529857,78.3589266283512,6.992797852,0.0,0.00690271,-0.183660269,2.008660269,8943.077662,712.71521,623.057007,0.00316,0.003092
647,4,0,0,102.6947,71.0,18.4,0.00528616,78.3946698444436,7.036743164,0.0,0.013038452,-0.193138361,2.018138361,8959.083649,727.04657,628.927124,0.003174,0.003054
648,4,0,0,102.8087,71.0,18.7,0.005276099,78.4345935786804,6.992797852,0.0,-0.000959,-0.172137022,1.997137022,8977.282274,708.370178,634.59967,0.003203,0.003172
649,4,0,0,100.6299,71.0,18.7,0.005272656,78.4684946959286,7.036743164,0.0,0.008436646,-0.148458719,1.973458719,8992.577171,742.775696,825.828491,0.003206,0.003205
650,4,0,0,100.6847,71.0,18.6,0.00527154,78.5055253196474,6.992797852,0.0,0.003834839,-0.107689142,1.932689142,9010.066017,711.534485,637.235901,0.003253,0.003211
651,4,0,0,101.4014,72.0,18.6,0.005268939,78.5398439801586,7.080688477,0.0,-0.008628387,-0.063700438,1.888700438,9026.10535,720.090271,654.381409,0.003175,0.003179
652,4,0,0,102.2411,72.0,18.6,0.005261593,78.579798999965,7.036743164,0.0,-0.004793549,-0.028793097,1.853793097,9043.610964,723.726013,645.457703,0.003159,0.003195
653,4,0,0,102.923,71.0,18.6,0.005254501,78.6153293003754,7.080688477,0.0,-0.010929291,-0.011355162,1.836355162,9059.665163,714.644287,630.781921,0.003087,0.003069
654,4,0,0,103.6141,71.0,18.8,0.005253566,78.6564725602774,7.080688477,0.0,0.0,-0.009311438,1.834311438,9077.917122,723.829712,633.791809,0.003174,0.003153
655,4,0,0,104.1971,71.0,18.8,0.00526523,78.694014181633,7.036743164,0.0,-0.000959,-0.017159224,1.842159224,9093.255507,722.062622,651.623779,0.003165,0.00312
656,4,0,0,104.846,70.0,18.7,0.005296776,78.7342088321654,7.080688477,0.0,-0.001725677,-0.027448416,1.852448416,9110.79222,715.19281,634.346497,0.003165,0.003217
657,4,0,0,102.4107,70.0,18.7,0.0053347,78.766556791473,6.992797852,0.0,-0.004793549,-0.040671587,1.865671587,9126.8741,716.02771,621.943726,0.003134,0.003134
658,4,0,0,100.7943,72.0,18.4,0.005369616,78.8039581266608,6.992797852,0.0,-0.004793549,-0.071440935,1.896440935,9145.156003,722.606812,625.67749,0.003095,0.003021
659,4,0,0,101.3459,75.0,18.4,0.005377175,78.8364524876282,7.080688477,0.0,0.039882324,-0.114453554,1.939453554,9160.512601,735.379822,634.193481,0.003209,0.00316
660,4,0,0,98.9629,74.0,18.3,0.005365856,78.8715958544224,6.992797852,0.0,0.001533936,-0.122291803,1.947291803,9173.669193,698.697693,640.764282,0.003601,0.003165
661,4,0,0,99.228,71.0,18.3,0.005340339,78.9012734680548,6.948852539,0.0,0.001533936,-0.085547209,1.910547209,9189.013957,707.663696,642.403503,0.003573,0.003234
662,4,0,0,100.3573,68.0,18.0,0.005307906,78.933541588005,7.036743164,0.0,0.013038452,-0.040736914,1.865736914,9207.277381,695.039612,643.88623,0.003631,0.003198
663,4,0,0,101.4014,67.0,18.0,0.00528423,78.9622410125986,6.948852539,0.0,0.005368774,0.018395662,1.806604338,9223.345987,693.780823,634.782898,0.003618,0.003237
664,4,0,0,102.2411,67.0,17.7,0.005261144,78.9910946602444,6.729125977,0.0,-0.008628387,0.102888346,1.722111654,9240.872206,706.770203,649.114197,0.003748,0.003249
665,4,0,0,103.0375,67.0,17.7,0.005235964,78.9703682600656,6.069946289,0.0,-0.010162323,0.160931349,1.664068651,9256.93531,703.99408,644.587219,0.003494,0.003205
666,4,0,0,103.6141,68.0,17.1,0.005197094,78.9281752598684,6.421508789,0.0,-0.001725677,0.200732946,1.624267054,9274.455974,705.694092,655.294128,0.003577,0.003146
667,4,0,0,104.1971,68.0,17.1,0.005161118,78.9102439453082,6.421508789,0.0,-0.010929291,0.223867178,1.601132822,9289.784107,704.487793,648.435913,0.003633,0.003188
668,4,0,0,104.7867,69.0,16.3,0.005131358,78.8933914035368,6.421508789,0.0,-0.001725677,0.229452848,1.595547152,9308.029067,702.560913,650.349915,0.003623,0.003184
669,4,0,0,104.6682,68.0,16.3,0.005121146,78.8802043428296,6.465454102,0.0,-0.001725677,0.218423605,1.606576395,9324.082156,685.510193,636.405212,0.003693,0.003165
670,4,0,0,102.1847,68.0,15.6,0.005120755,78.866284694461,6.465454102,0.0,-0.001725677,0.200724363,1.624275637,9341.591944,702.000916,751.951599,0.003635,0.00317
671,4,0,0,99.1218,68.0,15.6,0.005119097,78.8555343676346,6.465454102,0.0,-0.001725677,0.179723978,1.645276022,9356.91068,704.580505,702.402405,0.00383,0.003152
672,4,0,0,99.6552,68.0,14.6,0.005107804,78.8429477516814,6.509399414,0.0,-0.001725677,0.151442766,1.673557234,9375.144583,683.252075,638.26001,0.003551,0.003155
673,4,0,0,100.4117,68.0,14.6,0.005091493,78.8316154231374,6.509399414,0.0,0.003834839,0.124651194,1.700348806,9391.188056,688.419189,627.687317,0.003567,0.003059
674,4,0,0,101.5125,68.0,13.5,0.005074028,78.81968038067,6.465454102,0.0,-0.000959,0.103359938,1.721640062,9408.687645,703.718506,721.452515,0.003468,0.002995
675,4,0,0,102.2411,69.0,13.5,0.005065489,78.8088169011482,6.509399414,0.0,-0.000959,0.091681242,1.733318758,9424.726644,690.066223,626.970276,0.003425,0.003043
676,4,0,0,102.8658,69.0,12.7,0.00506572,78.7970679627584,6.553344727,0.0,-0.001725677,0.075163126,1.749836874,9442.221244,758.939514,641.587219,0.003551,0.003062
677,4,0,0,103.325,69.0,12.7,0.005074684,78.7860032191762,6.465454102,0.0,0.016106323,0.056143045,1.768856955,9457.526993,687.715698,647.373413,0.003559,0.003047
678,4,0,0,103.8465,68.0,12.1,0.005092244,78.7739660801792,6.509399414,0.0,0.0,0.050384283,1.774615717,9475.745694,728.945679,637.964905,0.003357,0.003
679,4,0,0,104.3732,69.0,12.1,0.005108327,78.763705845663,6.465454102,0.0,0.0,0.050966024,1.774033976,9491.775949,709.850525,634.830017,0.003449,0.002934
680,4,0,0,104.6682,69.0,11.5,0.005124178,78.7529257460466,6.465454102,0.0,0.0,0.051333189,1.773666811,9509.261006,645.413086,662.895508,0.003594,0.00295
681,4,0,0,105.2632,68.0,11.5,0.005139761,78.742945842465,6.465454102,0.0,-0.001725677,0.051641703,1.773358297,9524.55853,694.92041,660.185913,0.003477,0.002948
682,4,0,0,105.503,69.0,10.9,0.005164627,78.7316389575864,6.509399414,0.0,-0.000959,0.050123453,1.774876547,9542.76774,694.178589,655.908508,0.003687,0.003139
683,4,0,0,105.744,69.0,10.9,0.005191942,78.7223522933032,6.465454102,0.0,0.0,0.043152571,1.781847429,9558.789927,679.311279,655.931885,0.003814,0.003283
684,4,0,0,106.2293,70.0,10.7,0.005223962,78.7116293252568,6.509399414,0.0,0.013038452,0.024429083,1.800570917,9576.266267,680.734009,664.34967,0.003907,0.003274
685,4,0,0,106.1076,71.0,10.7,0.005249019,78.7028267182588,6.465454102,0.0,-0.013997162,0.009745836,1.815254164,9592.283442,699.441895,653.957886,0.004025,0.003329
686,4,0,0,95.4435,71.0,10.9,0.005273978,78.69210478019,6.465454102,0.0,-0.013997162,-0.03898263,1.86398263,9609.752067,697.319275,651.808777,0.003991,0.003296
687,4,0,0,81.9672,70.0,10.9,0.005292468,78.6833122959406,6.509399414,0.0,0.001533936,-0.117113352,1.942113352,9625.026368,709.468018,641.55072,0.004007,0.003357
688,4,0,0,78.76,70.0,11.0,0.005305989,78.673078840842,6.509399414,0.0,0.016106323,-0.216377497,2.041377497,9643.192751,728.322083,652.433472,0.003424,0.003299
689,4,0,0,80.2272,70.0,11.0,0.005307705,78.6645575142892,6.509399414,0.0,0.032212646,-0.278532743,2.103532743,9659.166102,719.823181,634.859009,0.003275,0.003213
690,4,0,0,82.1855,69.0,11.4,0.005299301,78.6537437633734,6.509399414,0.0,0.005368774,-0.294910192,2.119910192,9676.578037,725.287292,623.632874,0.003218,0.003177
691,4,0,0,84.0124,70.0,11.4,0.005287722,78.6443433348456,6.509399414,0.0,0.003067871,-0.263938189,2.088938189,9691.801968,774.807617,752.049683,0.003305,0.003213
692,4,0,0,85.4862,70.0,12.0,0.00527518,78.6294741919704,6.377563477,0.0,-0.000959,-0.212329149,2.037329149,9709.911166,723.730103,631.191101,0.003332,0.003137
693,4,0,0,86.5247,69.0,12.0,0.005266086,78.6078754973248,6.026000977,0.0,-0.003259613,-0.162540674,1.987540674,9725.111062,755.59259,773.379395,0.00326,0.003136
694,4,0,0,87.3408,69.0,12.6,0.005255274,78.5419305699356,5.58380127,0.0,-0.004793549,-0.116072416,1.941072416,9743.192531,743.610901,818.051208,0.003299,0.003307
695,4,0,0,88.0887,70.0,12.6,0.005245224,78.4724351488252,5.850219727,0.0,-0.005560516,-0.085675478,1.910675478,9759.092456,721.722107,614.360107,0.003203,0.003137
696,4,0,0,89.1059,70.0,13.2,0.00523402,78.4090155494838,5.850219727,0.0,-0.008628387,-0.077065706,1.902065706,9776.425933,677.737,646.806885,0.0,0.003072
697,4,0,0,89.8844,70.0,13.2,0.005224274,78.3548214916924,5.850219727,0.0,-0.008628387,-0.101997137,1.926997137,9791.581088,721.30011,633.647888,0.003239,0.003071
698,4,0,0,90.7211,70.0,13.6,0.005215974,78.2913958090458,5.850219727,0.0,-0.003259613,-0.158042669,1.983042669,9809.608878,731.390808,636.578308,0.003092,0.003068
699,4,0,0,91.3926,70.0,13.6,0.005213432,78.236084772734,5.806274414,0.0,0.009203613,-0.217009783,2.042009783,9825.464323,709.049316,652.166016,0.003199,0.003193
700,4,0,0,92.2118,70.0,14.1,0.005215819,78.1717165318362,5.850219727,0.0,-0.003259613,-0.277278185,2.102278185,9842.74804,734.702271,634.303711,0.00325,0.00321
701,4,0,0,92.8126,70.0,14.1,0.00522269,78.1190608260574,5.894165039,0.0,-0.010929291,-0.338221788,2.163221788,9857.861374,712.801208,630.951416,0.003114,0.003129
702,4,0,0,93.3742,69.0,14.8,0.005235784,78.0614294433336,5.894165039,0.0,0.008436646,-0.444975138,2.269975138,9875.840105,710.127991,625.468811,0.003081,0.003078
703,4,0,0,93.0925,68.0,14.8,0.00524938,78.0128031869534,5.850219727,0.0,0.058289551,-0.522671461,2.347671461,9890.926551,729.585693,652.180115,0.003234,0.003196
704,4,0,0,92.3497,68.0,15.1,0.00526316,77.9528157304696,5.938110352,0.0,0.056755615,-0.47363162,2.29863162,9908.872308,712.514587,662.056824,0.003299,0.003142
705,4,0,0,92.8126,68.0,15.1,0.005271438,77.9062263513538,5.894165039,0.0,0.010737549,-0.2551229,2.0801229,9924.598711,704.860474,634.276917,0.003293,0.003253
706,4,0,0,93.6575,68.0,15.4,0.005279018,77.850900991916,5.894165039,0.0,-0.07305368,0.028910398,1.796089602,9941.618235,717.604187,650.151611,0.003424,0.003318
707,4,0,0,94.518,69.0,15.4,0.005287842,77.799970048002,5.938110352,0.0,-0.056180389,0.031642199,1.793357801,9956.394276,725.36969,749.929688,0.003465,0.003292
708,4,0,0,95.1004,69.0,15.9,0.005301822,77.7459728446794,5.894165039,0.0,0.026843872,-0.214720011,2.039720011,9973.846043,728.468384,644.10083,0.003529,0.0034
709,4,0,0,95.4927,69.0,15.9,0.005317019,77.697662051126,5.75958252,0.0,0.109676392,-0.389348269,2.214348269,9989.111176,709.672302,638.924316,0.003623,0.003523
710,4,0,0,94.9055,69.0,16.1,0.005336391,77.6193043004102,5.627746582,0.0,-0.027035614,-0.247573137,2.072573137,10005.68923,712.728271,634.815796,0.003677,0.003498
711,4,0,0,88.892,69.0,16.1,0.005352841,77.5595852496516,5.671691895,0.0,-0.103732391,-0.048324347,1.873324347,10020.09194,714.490723,634.742004,0.003591,0.003462
712,4,0,0,81.4266,69.0,16.3,0.005368469,77.4784192971962,0.0,3.817749023,-0.003259613,-0.067479849,1.892479849,10037.14615,722.135681,636.553711,0.00352,0.003346
713,4,0,0,78.6931,69.0,16.3,0.005378197,76.91518662,0.0,17.73376465,0.079764648,-0.202787161,2.027787161,10051.42091,713.020874,649.64563,0.003499,0.003398
714,4,0,0,80.5062,70.0,16.8,0.00538523,76.1933362014922,0.0,6.893920898,-0.037773163,-0.118687868,1.943687868,10068.3593,711.356506,639.040283,0.003427,0.003382
715,4,0,0,82.0762,70.0,16.8,0.005388283,75.7246054335954,0.0,4.550170898,-0.068451874,-0.003719091,1.828719091,10080.51779,717.618103,640.86499,0.003472,0.00342
716,4,0,0,82.7363,70.0,16.9,0.005390846,75.0915036787276,0.0,0.0,-0.010162323,0.004238844,1.820761156,10097.35809,749.11731,821.153381,0.003414,0.003382
717,4,0,0,83.7086,70.0,16.9,0.005394512,74.8999177545658,1.58203125,0.0,-0.010162323,-0.060250521,1.885250521,10111.46446,719.602112,640.664917,0.003381,0.003306
718,4,0,0,84.8983,70.0,17.3,0.00540305,74.3180963796062,0.131835938,0.0,0.023776001,-0.160394907,1.985394907,10128.21017,727.375793,688.564514,0.00336,0.003281
719,4,0,0,85.7633,71.0,17.3,0.005411157,73.8467990845576,0.834960938,0.0,0.043717163,-0.169733763,1.994733763,10140.23867,719.678101,664.455383,0.003321,0.003283
720,4,0,0,86.7679,72.0,17.4,0.005421813,73.5489469113228,2.8125,0.0,0.012271484,-0.049281359,1.874281359,10156.90866,709.276184,658.056396,0.003351,0.003304
721,4,0,0,86.4439,71.0,17.4,0.005432082,73.3057323460768,3.166809082,0.0,-0.044675873,0.101121187,1.723878813,10170.87963,756.763794,666.895325,0.003353,0.003337
722,4,0,0,87.1764,71.0,17.1,0.005444771,73.0512827529832,3.29864502,0.0,-0.048510712,0.170212984,1.654787016,10187.47643,726.256409,634.812622,0.003329,0.003243
723,4,0,0,88.2145,70.0,17.1,0.005452002,72.8504076861546,3.29864502,0.0,-0.005560516,0.057360411,1.767639589,10201.402,737.979797,632.878906,0.003207,0.003112
724,4,0,0,89.0631,69.0,17.2,0.005452185,72.6245808808838,3.386535645,0.0,0.078230713,-0.170603037,1.995603037,10217.96996,737.494507,647.530884,0.003253,0.003231
725,4,0,0,89.7537,70.0,17.2,0.005448484,72.4276533319544,3.518371582,0.0,0.025309937,-0.21246314,2.03746314,10231.88095,727.766113,651.13269,0.003226,0.00316
726,4,0,0,89.9281,70.0,17.3,0.005444057,72.2250230223614,3.82598877,0.0,-0.063850067,-0.116376638,1.941376638,10247.79035,723.665222,635.54187,0.003197,0.003198
727,4,0,0,90.6323,69.0,17.3,0.005439025,72.0671527390128,3.869934082,0.0,-0.001725677,-0.09902215,1.92402215,10262.44995,716.675598,641.834717,0.003326,0.003242
728,4,0,0,91.3025,69.0,17.1,0.005427669,71.8877388326334,3.82598877,0.0,0.021475098,-0.176984072,2.001984072,10279.21991,721.718079,637.913391,0.003317,0.003257
729,4,0,0,92.0285,69.0,17.1,0.005411123,71.7344452708438,3.913879395,0.0,-0.005560516,-0.15763402,1.98263402,10293.38963,716.761414,638.82251,0.00331,0.003207
730,4,0,0,92.5806,69.0,17.2,0.005387634,71.6272167812914,5.144348145,0.0,-0.010929291,-0.087316751,1.912316751,10310.35011,710.116577,642.729187,0.00324,0.003148
731,4,0,0,92.7197,70.0,17.2,0.005368384,71.586134257881,4.968566895,0.0,0.005368774,-0.068456411,1.893456411,10324.67786,716.50769,628.109192,0.00327,0.003201
732,4,0,0,91.9828,71.0,17.2,0.005355916,71.550917472996,5.188293457,0.0,-0.005560516,-0.047940016,1.872940016,10339.08487,0.0,0.0,0.0,0.0
733,4,0,0,92.8126,71.0,17.2,0.005354892,71.5310052862034,5.58380127,0.0,-0.010162323,-0.048634291,1.873634291,10356.32416,796.154175,649.794678,0.003364,0.003349
734,4,0,0,91.8004,71.0,17.0,0.005364266,71.874015491558,9.632263184,0.0,-0.010162323,-0.07704854,1.90204854,10371.56352,721.349304,632.534424,0.003403,0.003286
735,4,0,0,88.7217,71.0,17.0,0.005375181,72.3753314837586,10.86273193,0.0,0.012271484,-0.129460096,1.954460096,10388.28359,717.457397,628.010498,0.003333,0.003272
736,4,0,0,89.3208,70.0,17.1,0.005374223,72.7863956243856,10.07171631,0.0,0.0,-0.148507357,1.973507357,10403.70039,816.532104,842.18158,0.003297,0.003225
737,4,0,0,88.9775,70.0,17.1,0.005359749,73.2153967766364,10.11566162,0.0,-0.004793549,-0.151264429,1.976264429,10420.61111,701.577026,582.255188,0.003377,0.003229
738,4,0,0,82.1126,70.0,17.2,0.005340137,73.5945561701918,10.77484131,0.0,0.005368774,-0.163313627,1.988313627,10435.462,755.65387,822.945618,0.003403,0.00334
739,4,0,0,81.7501,69.0,17.2,0.005314748,74.0779878888404,11.21429443,0.0,0.0,-0.168513536,1.993513536,10453.20486,717.109192,646.838196,0.003335,0.003305
740,4,0,0,84.2034,70.0,17.3,0.005294218,74.4527409416626,9.456481934,0.0,-0.012463226,-0.166430712,1.991430712,10468.86964,809.005798,819.383728,0.003365,0.003297
741,4,0,0,86.1223,71.0,17.3,0.005278614,74.8016369861992,10.90667725,0.0,0.003834839,-0.179815531,2.004815531,10486.01053,727.092529,811.867676,0.003436,0.003361
742,4,0,0,87.2174,70.0,17.6,0.005275853,75.2207303815806,11.21429443,0.0,0.0,-0.190539122,2.015539122,10501.0546,814.781189,819.941406,0.003211,0.003236
743,4,0,0,88.3408,70.0,17.6,0.005284452,75.7027282748496,11.21429443,0.0,0.0,-0.20020318,2.02520318,10519.01871,718.261597,633.648804,0.003262,0.003167
744,4,0,0,89.7537,71.0,18.0,0.005296255,76.1222968761462,9.808044434,0.0,-0.003259613,-0.21055007,2.03555007,10534.15595,716.48761,624.639709,0.00325,0.003188
745,4,0,0,90.6323,71.0,18.0,0.005307948,76.418576241399,9.280700684,0.0,-0.003259613,-0.233878374,2.058878374,10552.2331,718.303772,627.769592,0.003236,0.003224
746,4,0,0,91.6187,71.0,18.0,0.005317166,76.672369722668,9.500427246,0.0,-0.000959,-0.262234449,2.087234449,10568.19177,719.635193,638.882507,0.003172,0.003227
747,4,0,0,91.7549,72.0,18.0,0.005332076,76.9386968082306,8.797302246,0.0,0.012271484,-0.297227144,2.122227144,10585.63876,706.178589,631.911804,0.003207,0.003163
748,4,0,0,91.8459,72.0,18.3,0.00535079,77.1689503123856,9.104919434,0.0,0.008436646,-0.297835112,2.122835112,10600.84751,747.221802,831.754883,0.003342,0.003148
749,4,0,0,93.1394,71.0,18.3,0.005373327,77.4324148809836,9.060974121,0.0,-0.003259613,-0.265096426,2.090096426,10618.9317,714.2677,639.04071,0.003169,0.003154
750,4,0,0,94.1336,71.0,18.3,0.005386119,77.6650688605892,9.236755371,0.0,-0.003259613,-0.22688365,2.05188365,10634.84596,708.445801,625.495117,0.003072,0.003084
751,4,0,0,94.7113,71.0,18.3,0.005385794,77.9379274847286,9.236755371,0.0,-0.003259613,-0.193571806,2.018571806,10652.2149,623.783508,665.347473,0.003031,0.00304
752,4,0,0,95.542,71.0,18.2,0.005372947,78.1811161235072,9.236755371,0.0,-0.004793549,-0.175779104,2.000779104,10667.4241,715.489685,626.480225,0.003129,0.003109
753,4,0,0,96.1871,71.0,18.2,0.005355815,78.4531744067712,9.280700684,0.0,-0.003259613,-0.172865152,1.997865152,10685.54473,730.656921,632.883606,0.003273,0.003202
754,4,0,0,96.8917,71.0,18.5,0.005350852,78.3952487723218,0.0,0.0,-0.003259613,-0.187426805,2.012426805,10700.77865,711.007507,626.834229,0.003236,0.003148
755,4,0,0,97.7613,71.0,18.5,0.005361512,78.144134246697,5.671691895,0.0,0.003067871,-0.216563463,2.041563463,10718.92812,719.603271,630.632507,0.00311,0.003089
756,4,0,0,97.9681,72.0,18.5,0.005380625,78.1204748404616,6.729125977,0.0,-0.000959,-0.244165659,2.069165659,10734.91198,713.0625,636.491272,0.003132,0.003069
757,4,0,0,98.228,72.0,18.5,0.005403513,78.1530280710862,7.124633789,0.0,0.001533936,-0.260549307,2.085549307,10752.3624,726.784119,640.738403,0.003234,0.00321
758,4,0,0,98.6991,71.0,18.4,0.005419687,78.2135624778624,7.212524414,0.0,0.005368774,-0.270950556,2.095950556,10767.64282,715.258484,637.166504,0.003235,0.003221
759,4,0,0,99.5481,70.0,18.4,0.005434079,78.2867506261632,7.212524414,0.0,-0.003259613,-0.264746904,2.089746904,10785.84731,725.071228,633.097412,0.003229,0.00319
760,4,0,0,100.1944,71.0,18.7,0.005444612,78.355782332046,7.212524414,0.0,0.005368774,-0.253885508,2.078885508,10801.803,724.118103,642.62561,0.003034,0.003027
761,4,0,0,100.4117,70.0,18.7,0.005457261,78.4271570599414,7.212524414,0.0,0.00690271,-0.237710714,2.062710714,10819.07091,712.546509,643.5224,0.003137,0.003154
762,4,0,0,100.4117,70.0,18.6,0.005470728,78.4924446202208,7.212524414,0.0,-0.001725677,-0.201955557,2.026955557,10834.06309,737.430176,823.63739,0.003033,0.003035
763,4,0,0,101.1245,70.0,18.6,0.005487119,78.5656862629832,7.212524414,0.0,-0.001725677,-0.164191484,1.989191484,10851.76955,737.381409,748.825684,0.003065,0.003007
764,4,0,0,101.6797,70.0,18.5,0.005499569,78.6300504644376,7.256469727,0.0,-0.008628387,-0.137519598,1.962519598,10866.52524,715.970398,630.627319,0.003131,0.003072
765,4,0,0,102.1847,71.0,18.5,0.005506345,78.380130841576,0.0,198.4954834,-0.004793549,-0.126765013,1.951765013,10883.95266,674.077576,632.723022,0.0,0.003228
766,4,0,0,102.923,71.0,18.8,0.005501896,77.70310660928,0.0,264.9993896,-0.004793549,-0.139312506,1.964312506,10899.16504,687.449524,642.673706,0.0,0.003134
767,4,0,0,103.5561,70.0,18.8,0.005491223,76.9393078585352,0.0,264.9993896,0.0,-0.16549468,1.99049468,10915.62941,677.359924,629.930115,0.0,0.003271
768,4,0,0,104.0799,70.0,18.7,0.005486264,76.2396353683258,0.0,264.9993896,-0.003259613,-0.181411505,2.006411505,10929.92458,732.343323,752.081299,0.003338,0.003394
769,4,0,0,104.6091,70.0,18.7,0.005487998,75.4537583718022,0.0,265.145874,0.001533936,-0.214320898,2.039320898,10946.80846,682.496277,634.669312,0.0,0.003304
770,4,0,0,105.2034,69.0,18.6,0.005493212,74.7685760731782,0.0,265.145874,0.001533936,-0.248817682,2.073817682,10960.87919,680.380676,639.395874,0.0,0.003315
771,4,0,0,105.5632,69.0,18.6,0.005501462,73.9826639125756,0.0,264.9993896,0.0,-0.27799201,2.10299201,10977.49829,682.822998,644.138672,0.0,0.003386
772,4,0,0,106.1076,70.0,18.3,0.005508379,73.293726154688,0.0,265.145874,0.014572388,-0.28835845,2.11335845,10991.34855,679.30072,633.072876,0.0,0.003421
773,4,0,0,106.4124,70.0,18.3,0.005514161,72.5065987492646,0.0,265.2923584,-0.000959,-0.227205515,2.052205515,11007.70748,741.419495,700.402405,0.003367,0.003321
774,4,0,0,106.9656,70.0,18.0,0.005519713,71.8163956317086,0.0,265.2923584,0.0,-0.156146765,1.981146765,11021.34108,714.615723,645.310303,0.003384,0.003306
775,4,0,0,107.3376,71.0,18.0,0.005529989,71.0452521106982,0.0,265.145874,-0.008628387,-0.080009222,1.905009222,11037.44416,719.903015,646.44519,0.003348,0.003318
776,4,0,0,107.9005,70.0,18.0,0.005544132,70.3527357921998,0.0,264.5599365,-0.005560516,-0.03811574,1.86311574,11051.20068,722.831116,642.283386,0.003366,0.003309
777,4,0,0,108.1525,70.0,18.0,0.00556583,69.5820570003012,0.0,264.5599365,-0.003259613,-0.040241957,1.865241957,11063.37419,724.817017,840.062012,0.003528,0.003426
778,4,0,0,108.6602,71.0,17.7,0.005583114,67.2775191994948,0.0,263.8275146,-0.003259613,-0.067125559,1.892125559,11073.2972,697.915894,600.873291,0.0,0.0035
779,4,0,0,109.2371,71.0,17.7,0.005592065,51.1875208131726,0.0,264.7064209,-0.005560516,-0.104770422,1.929770422,11085.01527,702.939392,606.96991,0.0,0.00361
780,4,0,0,109.3661,72.0,17.1,0.005592819,50.709062276992,0.0,265.7318115,-0.010929291,-0.150584936,1.975584936,11094.7798,703.082886,634.232117,0.0,0.003517
781,4,0,0,110.1467,72.0,17.1,0.005594693,50.1447844943998,0.0,265.5853271,0.016106323,-0.24347949,2.06847949,11106.31144,700.685791,651.468811,0.0,0.003401
782,4,0,0,110.6072,73.0,16.6,0.005599589,49.6585139965516,0.0,265.5853271,0.037581421,-0.300752878,2.125752878,11115.9204,,,,
783,4,0,0,110.9385,72.0,16.6,0.005599589,49.6585139965516,0.0,265.5853271,0.037581421,-0.300752878,2.125752878,11115.9204,,,,
784,4,0,0,111.4057,72.0,16.1,0.005599589,49.6585139965516,0.0,265.5853271,0.037581421,-0.300752878,2.125752878,11115.9204,,,,
