Time,Drive,Stimulus,Failure,Palm.EDA,Heart.Rate,Breathing.Rate,Perinasal.Perspiration,Speed,Acceleration,Brake,Steering,LaneOffset,Lane.Position,Distance,Gaze.X.Pos,Gaze.Y.Pos,Lft.Pupil.Diameter,Rt.Pupil.Diameter
1,4,0,0,688.3734,68.0,14.2,0.008087933,-0.01780775265368,0.0,259.5794678,0.005368774,-0.099998713,1.924998713,0.0,,,,
2,4,0,0,689.7979,69.0,14.6,0.008032117,-0.0178077413883,0.0,259.7259521,0.032212646,-0.099998713,1.924998713,7.39e-06,,,,
3,4,0,0,693.3851,69.0,14.6,0.007910026,0.00889417361598,0.0,136.9720459,0.030678711,-0.099998713,1.924998713,1.44e-05,,,,
4,4,0,0,695.5554,69.0,14.9,0.007689443,0.85967025344572,0.0,113.2415771,0.032212646,-0.099901438,1.924901438,0.007969919,,,,
5,4,0,0,698.4703,68.0,14.9,0.007460571,0.80038982669478,0.0,133.3099365,0.045251099,-0.099542379,1.924542379,0.108337736,,,,
6,4,0,0,689.5413,68.0,14.9,0.007218448,2.41213120337578,11.21429443,0.0,0.063658325,-0.098614454,1.923614454,0.290526365,,,,
7,4,0,0,691.9335,68.0,14.9,0.007056802,5.65794279284798,9.544372559,0.0,0.02761084,-0.093346834,1.918346834,0.440124685,,,,
8,4,0,0,692.8075,68.0,14.9,0.006939151,16.2519510663554,7.783813477,0.0,0.042183228,-0.076237917,1.901237917,0.910437563,,,,
9,4,0,0,692.3702,69.0,14.9,0.006887184,18.4932813788324,0.0,24.32556152,0.017640259,-0.035803556,1.860803556,2.141100976,,,,
10,4,0,0,691.0617,69.0,14.9,0.006864097,18.0832688614284,0.0,260.1654053,-0.027035614,0.022623777,1.802376223,4.682006658,,,,
11,4,0,0,689.5413,69.0,14.9,0.006847598,11.2350436754589,0.0,258.7005615,-0.036239227,0.057831049,1.767168951,7.989542482,,,,
12,4,0,0,689.3247,68.0,15.2,0.006810725,1.3445888606324,0.0,260.6048584,0.043717163,0.063395262,1.761604738,11.74847963,,,,
13,4,0,0,687.1656,68.0,15.2,0.006738788,0.80470563561562,3.782043457,0.0,0.049085938,0.065824747,1.759175253,15.79257758,,,,
14,4,0,0,686.7355,68.0,15.2,0.006663445,7.48125240586454,0.0,2.206420898,0.032979614,0.075061083,1.749938917,19.326078,,,,
15,4,0,0,689.3247,68.0,15.2,0.006581759,9.50624380600886,0.0,0.0,-0.010929291,0.096226931,1.728773069,20.48038432,,,,
16,4,0,0,690.4093,67.0,15.5,0.006523357,9.10946324989806,0.0,1.620483398,-0.010929291,0.115127325,1.709872675,20.71620507,,,,
17,4,0,0,686.9505,67.0,15.5,0.006473388,8.67934484392972,0.0,100.2044678,-0.016298065,0.133609533,1.691390467,20.90655431,,,,
18,4,0,0,689.5413,67.0,15.7,0.006436145,8.29012454871052,0.0,260.3118896,-0.020132904,0.146537066,1.678462934,21.9484243,,,,
19,4,0,0,692.1518,68.0,15.7,0.00638982,4.58112317953898,0.0,259.7259521,-0.013997162,0.156883001,1.668116999,23.72746946,,,,
20,4,0,0,694.7821,68.0,16.0,0.006347907,0.2199790672133,0.0,260.1654053,0.023009033,0.157516241,1.667483759,25.5570517,,,,
21,4,0,0,696.3257,68.0,16.0,0.006310862,0.77523264795488,0.0,144.1497803,0.039882324,0.158433199,1.666566801,27.33213242,,,,
22,4,0,0,698.0982,67.0,15.6,0.006276116,0.7301960695062,0.0,81.60095215,0.039882324,0.159914732,1.665085268,29.37267688,,,,
23,4,0,0,699.2106,68.0,15.6,0.00625271,0.73637439979584,0.0,25.79040527,0.043717163,0.161294699,1.663705301,31.02541968,,,,
24,4,0,0,705.7332,68.0,15.8,0.006233938,0.73989075458762,0.0,6.161499023,0.050619873,0.162962675,1.662037325,32.91984338,,,,
25,4,0,0,706.1876,68.0,15.8,0.006217092,0.73976822587738,0.0,9.677124023,0.052920776,0.16450572,1.66049428,33.88551054,,,,
26,4,0,0,706.4149,68.0,16.3,0.006183494,0.73951613242242,0.0,8.651733398,0.008436646,0.166171789,1.658828211,33.88988884,,,,
27,4,0,0,706.8701,68.0,16.3,0.00613676,0.7394297865034,0.0,17.00134277,0.12731665,0.167675257,1.657324743,34.01243523,,,,
28,4,0,0,697.8762,69.0,16.8,0.00606999,0.73946417970854,0.0,261.1907959,0.009203613,0.1699121,1.6550879,34.1914597,,,,
29,4,0,0,690.8441,69.0,16.8,0.006012399,0.73946947926516,0.0,260.6048584,0.06212439,0.171513319,1.653486681,34.34773272,,,,
30,4,0,0,684.5926,69.0,17.2,0.005965346,0.7394781874039,0.0,260.3118896,0.03451355,0.172815084,1.652184916,34.49712459,,,,
31,4,0,0,680.3467,69.0,17.2,0.005926044,0.02088068116724,0.0,260.1654053,0.019941162,0.173230886,1.651769114,34.66789118,,,,
32,4,0,0,680.5578,68.0,17.3,0.005905286,0.00601444476008,0.0,260.1654053,0.023009033,0.173233271,1.651766729,34.82439622,,,,
33,4,0,0,679.925,68.0,17.3,0.005906194,0.85057993668922,0.0,260.3118896,0.026843872,0.174138784,1.650861216,35.0022114,,,,
34,4,0,0,689.5413,68.0,17.4,0.005939167,-0.00837655676376,0.0,259.5794678,0.026843872,0.175043344,1.649956656,35.15157817,,,,
35,4,0,0,690.4093,68.0,17.4,0.006017406,0.02252428884386,0.0,259.8724365,0.02761084,0.175076723,1.649923277,35.3293842,,,,
36,4,0,0,689.3247,69.0,17.1,0.006108598,0.01860886601228,0.0,259.8724365,0.030678711,0.175101995,1.649898005,35.47874079,,,,
37,4,0,0,675.3207,70.0,17.1,0.006212214,0.01974237889184,0.0,259.8724365,0.091269165,0.175146341,1.649853659,35.65655039,,,,
38,4,0,0,666.3557,70.0,16.9,0.006284513,0.019580517912,0.0,259.8724365,0.094337036,0.175194502,1.649805498,35.80590886,,,,
39,4,0,0,645.0781,71.0,16.9,0.006331888,0.01502472742904,0.0,259.8724365,0.095104004,0.175225496,1.649774504,35.96020173,,,,
40,4,0,0,622.7813,70.0,17.0,0.006353606,0.01724437260922,0.0,259.8724365,-0.027035614,0.175248384,1.649751616,35.97701816,,,,
41,4,0,0,621.0409,69.0,17.0,0.006348407,0.01720347767048,0.0,260.0189209,-0.020132904,0.175254583,1.649745417,35.97847825,,,,
42,4,0,0,622.2001,68.0,17.4,0.00632806,0.00357360867162,0.0,259.8724365,0.005368774,0.175276518,1.649723482,35.99695039,,,,
43,4,0,0,629.2474,67.0,17.4,0.006310604,0.00828307664052,0.0,259.8724365,0.009203613,0.17528367,1.64971633,36.12565024,,,,
44,4,0,0,631.6321,66.0,17.2,0.006298058,0.82853782542144,0.0,17.00134277,0.04141626,0.176194906,1.648805094,36.20702181,,,,
45,4,0,0,629.8419,66.0,17.2,0.006288414,8.15648090118306,12.75512695,0.0,0.046785034,0.183787107,1.641212893,36.20931976,,,,
46,4,0,0,623.9471,67.0,17.0,0.006274777,17.1564627014012,22.56317139,0.0,0.046785034,0.225665331,1.599334669,36.21124353,,,,
47,4,0,0,625.1172,67.0,17.0,0.006265892,24.4437583018066,16.66900635,0.0,-0.030870453,0.316315889,1.508684111,36.21301838,,,,
48,4,0,0,626.8806,67.0,16.8,0.006260969,27.886296787697,10.68695068,0.0,-0.066917938,0.410118341,1.414881659,36.21498841,,,,
49,4,0,0,631.0343,68.0,16.8,0.006252284,31.0696678520036,9.632263184,0.0,-0.052345551,0.424192667,1.400807333,36.21744178,,,,
50,4,0,0,628.0618,68.0,16.6,0.006236474,33.5118861704028,17.1963501,0.0,-0.005560516,0.380379438,1.444620562,36.21961723,,,,
51,4,0,0,631.0343,68.0,16.6,0.006212224,37.0373315766672,12.05200195,0.0,0.00690271,0.320512056,1.504487944,36.22170211,,,,
52,4,0,0,629.8419,68.0,16.4,0.006189971,39.0494621647278,10.95062256,0.0,0.012271484,0.284664392,1.540335608,36.22332036,,,,
53,4,0,0,638.896,68.0,16.4,0.006161725,40.8242661510532,8.399047852,0.0,-0.005560516,0.272164106,1.552835894,36.22497019,,,,
54,4,0,0,639.5089,68.0,16.6,0.006130088,41.894423933619,7.915649414,0.0,-0.010162323,0.244926214,1.580073786,36.22631047,,,,
55,4,0,0,636.4562,68.0,16.6,0.006079999,43.2714288125476,9.192810059,0.0,0.008436646,0.196847677,1.628152323,36.22750911,,,,
56,4,0,0,635.2433,67.0,16.7,0.006021142,44.3963917032094,10.3793335,0.0,0.009203613,0.180063009,1.644936991,36.22852673,,,,
57,4,0,0,634.035,67.0,16.7,0.005950982,45.7742037305216,11.21429443,0.0,-0.010162323,0.2034266,1.6215734,36.29779513,,,,
58,4,0,0,628.0618,67.0,16.9,0.005863416,48.4831893050668,17.46276855,0.0,-0.036239227,0.203085184,1.621914816,36.68256577,,,,
59,4,0,0,620.4629,67.0,16.9,0.005783754,50.7908864495074,14.60357666,0.0,0.037581421,0.131558657,1.693441343,38.30623095,,,,
60,4,0,0,619.8859,67.0,16.7,0.005693872,52.487833994527,13.41430664,0.0,-0.007094452,0.130839586,1.694160414,41.52752852,,,,
61,4,0,0,621.6199,67.0,16.7,0.005622832,54.0772029058904,14.20532227,0.0,0.001533936,0.179780245,1.645219755,45.91863268,,,,
62,4,0,0,623.9471,68.0,16.5,0.005555542,56.0708770678422,18.03405762,0.0,-0.003259613,0.218262434,1.606737566,51.97150865,,,,
63,4,0,0,625.1172,68.0,16.5,0.005508157,57.4677381285314,9.500427246,0.0,0.003834839,0.236552954,1.588447046,57.52400225,,,,
64,4,0,0,621.0409,68.0,16.4,0.005461638,58.6323913669432,10.99456787,0.0,-0.010162323,0.288353682,1.536646318,64.35376308,,,,
65,4,0,0,605.8036,68.0,16.4,0.005422926,59.4646348007124,9.720153809,0.0,-0.037773163,0.312232733,1.512767267,70.99184299,,,,
66,4,0,0,584.556,68.0,15.9,0.005385916,60.1975719463868,8.709411621,0.0,-0.010929291,0.23379159,1.59120841,77.84093726,,,,
67,4,0,0,564.2704,68.0,15.9,0.005345339,60.8619981846958,8.355102539,0.0,0.003834839,0.100168943,1.724831057,86.48615972,,,,
68,4,0,0,546.6871,68.0,15.8,0.00530887,61.3768221399996,7.959594727,0.0,0.059823486,0.057142019,1.767857981,94.43489361,,,,
69,4,0,0,525.5689,67.0,15.8,0.005269563,61.8817721989476,7.212524414,0.0,-0.013997162,0.193847895,1.631152105,103.404778,,,,
70,4,0,0,513.8218,68.0,15.5,0.005245864,62.251044531746,7.212524414,0.0,-0.045442841,0.323169947,1.501830053,111.4433225,,,,
71,4,0,0,500.3252,68.0,15.5,0.00523751,62.7026875689238,8.047485352,0.0,0.009203613,0.298968077,1.526031923,121.2187956,,,,
72,4,0,0,495.123,68.0,15.4,0.005243159,63.1455842777234,7.827758789,0.0,0.005368774,0.242795706,1.582204294,130.0282366,,,,
73,4,0,0,493.2912,69.0,15.4,0.005255522,64.1310828261496,14.95513916,0.0,0.012271484,0.228294134,1.596705866,139.8478489,,,,
74,4,0,0,495.491,69.0,15.4,0.005267491,65.0381451846284,11.21429443,0.0,-0.032404388,0.257115602,1.567884398,149.0663847,,,,
75,4,0,0,499.5754,69.0,15.4,0.005282402,65.8585744051774,11.21429443,0.0,-0.003259613,0.237355947,1.587644053,158.1091264,,,,
76,4,0,0,502.2097,69.0,15.4,0.005308705,66.7804168295624,11.21429443,0.0,0.014572388,0.175376654,1.649623346,169.3663732,,,,
77,4,0,0,504.49,69.0,15.4,0.005339567,67.5543549051092,11.21429443,0.0,-0.010162323,0.175272703,1.649727297,179.1971363,,,,
78,4,0,0,518.6184,69.0,15.0,0.005374556,68.2218993684154,9.104919434,0.0,0.008436646,0.181157351,1.643842649,191.2008699,,,,
79,4,0,0,521.8662,69.0,15.0,0.00539674,68.6996060370414,8.797302246,0.0,-0.008628387,0.203965902,1.621034098,201.5197686,,,,
80,4,0,0,519.8316,69.0,15.0,0.005413332,69.262474536689,12.75512695,0.0,0.005368774,0.227828264,1.597171736,214.1089162,,,,
81,4,0,0,518.6184,69.0,15.0,0.005426873,70.2137262494482,12.79907227,0.0,-0.003259613,0.255402803,1.569597197,225.4852105,,,,
82,4,0,0,515.0126,69.0,14.7,0.005444211,71.1104284977704,10.90667725,0.0,-0.023200775,0.28499198,1.54000802,238.1916452,,,,
83,4,0,0,491.1109,69.0,14.7,0.005456379,71.6058278480214,9.236755371,0.0,-0.004793549,0.246045351,1.578954649,249.4645501,,,,
84,4,0,0,479.8004,69.0,14.7,0.005456923,72.0048811140802,8.574829102,0.0,-0.012463226,0.148928881,1.676071119,261.4317701,,,,
85,4,0,0,477.0537,69.0,14.7,0.005434486,71.6232370926856,0.0,44.68688965,0.023009033,0.014652014,1.810347986,275.192413,,,,
86,4,0,0,486.0976,69.0,14.8,0.005399197,70.9245824939328,0.0,22.56774902,0.00690271,-0.012472391,1.837472391,286.870939,,,,
87,4,0,0,491.1109,69.0,14.8,0.005355763,70.5791062808028,7.168579102,0.0,0.003834839,-0.000851,1.825851393,300.3271098,,,,
88,4,0,0,479.4553,69.0,14.8,0.005322716,70.9146705849662,8.841247559,0.0,0.014572388,0.021196127,1.803803873,312.7554508,,,,
89,4,0,0,472.6568,69.0,14.8,0.005293407,70.959469251464,0.0,0.0,-0.008628387,0.103619337,1.721380663,326.9769054,,,,
90,4,0,0,468.0114,69.0,15.1,0.005275094,70.62662217305,8.399047852,0.0,-0.012463226,0.157865286,1.667134714,338.9932735,,,,
91,4,0,0,465.073,69.0,15.1,0.005259557,70.8634394347686,6.904907227,0.0,0.009203613,0.149813414,1.675186586,353.3708733,,,,
92,4,0,0,462.4919,69.0,15.1,0.005246721,70.9726198767136,2.548828125,0.0,0.0,0.1502316,1.6747684,365.5067268,,,,
93,4,0,0,461.2121,69.0,15.1,0.005233265,70.5101089021422,0.395507813,0.0,0.009203613,0.15638566,1.66861434,377.7032228,,,,
94,4,0,0,455.5394,69.0,15.1,0.005221397,70.4874517445786,9.676208496,0.0,-0.008628387,0.19634366,1.62865634,392.3076627,,,,
95,4,0,0,448.7927,69.0,15.1,0.005217506,71.0960841284824,11.21429443,0.0,-0.008628387,0.221639872,1.603360128,405.2607275,,,,
96,4,0,0,444.8992,69.0,15.1,0.005218083,71.6553207661784,9.280700684,0.0,0.003834839,0.192165136,1.632834864,419.6042747,,,,
97,4,0,0,446.6878,69.0,15.1,0.005218272,71.8150348059914,5.75958252,0.0,0.00690271,0.138421774,1.686578226,432.889534,,,,
98,4,0,0,432.2082,68.0,15.4,0.005216366,71.4842414546316,0.0,0.0,0.005368774,0.121309996,1.703690004,447.5325261,,,,
99,4,0,0,418.6378,68.0,15.4,0.005213704,70.9464115334126,5.715637207,0.0,-0.000959,0.14719367,1.67780633,461.0901417,,,,
100,4,0,0,419.1642,68.0,15.6,0.005209397,71.1528360068962,7.168579102,0.0,0.014572388,0.166720629,1.658279371,476.0238288,,,,
101,4,0,0,429.4241,68.0,15.6,0.005204444,71.2655506882284,5.58380127,0.0,0.018407227,0.187660456,1.637339544,489.8363707,,,,
102,4,0,0,434.7448,68.0,15.9,0.005198286,71.3151617319414,6.245727539,0.0,-0.019365936,0.263624907,1.561375093,503.0997863,,,,
103,4,0,0,431.9281,68.0,15.9,0.005190063,71.4076120063286,7.783813477,0.0,-0.019365936,0.290675879,1.534324121,518.3411819,,,,
104,4,0,0,426.949,68.0,15.8,0.005184203,71.6628579008542,5.364074707,0.0,0.00690271,0.246226549,1.578773451,533.0343969,,,,
105,4,0,0,413.4452,68.0,15.8,0.005188084,71.6546169213294,5.58380127,0.0,0.00690271,0.194821596,1.630178404,548.4972443,,,,
106,4,0,0,399.3291,67.0,16.0,0.005209443,71.6641761595284,5.58380127,0.0,0.017640259,0.171447515,1.653552485,562.1711108,,,,
107,4,0,0,385.4753,67.0,16.0,0.005252397,71.5452449196442,0.0,5.575561523,-0.000959,0.201171637,1.623828363,578.5991454,,,,
108,4,0,0,381.5047,67.0,15.9,0.005295752,70.9148972605052,0.0,0.0,-0.015531097,0.230567217,1.594432783,592.4907335,,,,
109,4,0,0,381.7231,67.0,15.9,0.005342131,70.9690327705074,11.96411133,0.0,-0.004793549,0.215997934,1.609002066,609.1085064,,,,
110,4,0,0,383.039,68.0,15.8,0.005376881,71.3138223748198,3.386535645,0.0,-0.004793549,0.167222738,1.657777262,623.1158766,,,,
111,4,0,0,382.3799,68.0,15.8,0.005405145,71.0490931063828,6.641235352,0.0,0.018407227,0.105609655,1.719390345,637.7185339,,,,
112,4,0,0,387.4918,68.0,16.0,0.005427955,71.5858308007306,9.368591309,0.0,0.001533936,0.080328703,1.744671297,653.5236247,,,,
113,4,0,0,394.8356,69.0,16.0,0.005439526,71.810948836572,5.539855957,0.0,0.003834839,0.09499526,1.73000474,667.9043421,,,,
114,4,0,0,403.1933,69.0,15.9,0.005445201,71.8185132012806,5.58380127,0.0,0.008436646,0.138415575,1.686584425,684.2523397,,,,
115,4,0,0,407.3818,69.0,15.9,0.005446105,71.8226250167004,5.40802002,0.0,0.0,0.187772036,1.637227964,698.0430819,,,,
116,4,0,0,409.8865,69.0,16.1,0.005447654,71.7526494972812,4.221496582,0.0,0.001533936,0.233413935,1.591586065,713.8400437,,,,
117,4,0,0,409.1318,69.0,16.1,0.005453994,71.6181191983648,5.58380127,0.0,-0.003259613,0.264049292,1.560950708,728.2320628,,,,
118,4,0,0,408.38,69.0,16.0,0.005469777,71.6272400362544,5.58380127,0.0,0.001533936,0.292411089,1.532588911,744.6059545,,,,
119,4,0,0,410.6439,69.0,16.0,0.005491428,71.625872081161,4.617004395,0.0,-0.004793549,0.317008257,1.507991743,758.3857311,,,,
120,4,0,0,413.7018,69.0,15.9,0.005517943,71.5175508819354,4.265441895,0.0,0.001533936,0.337082148,1.487917852,772.8411863,,,,
121,4,0,0,416.2851,69.0,15.9,0.005546401,71.364162256432,3.913879395,0.0,0.0,0.346559763,1.478440237,788.5550343,,,,
122,4,0,0,418.375,68.0,15.8,0.00556349,71.2125641665192,5.188293457,0.0,0.003067871,0.359023333,1.465976667,802.2361221,,,,
123,4,0,0,420.4861,68.0,15.8,0.005575417,70.8782995170596,0.0,0.0,-0.02166684,0.381748915,1.443251085,818.5688632,,,,
124,4,0,0,416.2851,68.0,15.8,0.005586138,70.4630868680608,6.377563477,0.0,0.003067871,0.370456934,1.454543066,833.0456056,,,,
125,4,0,0,409.3831,68.0,15.8,0.005603643,70.4932298062608,0.0,24.4720459,0.003834839,0.344785929,1.480214071,848.9350122,,,,
126,4,0,0,403.6816,67.0,15.7,0.005622359,69.975329678014,0.0,17.73376465,-0.005560516,0.33270812,1.49229188,862.891378,,,,
127,4,0,0,400.7695,67.0,15.7,0.005647311,69.4129118901268,0.0,13.3392334,0.010737549,0.307563066,1.517436934,879.5127914,,,,
128,4,0,0,399.3291,67.0,15.6,0.005672554,68.9220263201474,0.0,24.4720459,-0.017832001,0.28553319,1.53946681,894.0764165,,,,
129,4,0,0,402.4631,68.0,15.6,0.005697823,68.4526443328196,6.245727539,0.0,0.010737549,0.228937387,1.596062613,907.8868817,,,,
130,4,0,0,405.1536,68.0,15.6,0.005719766,69.2049619393506,18.78112793,0.0,0.017640259,0.145239115,1.679760885,924.3320935,,,,
131,4,0,0,409.3831,68.0,15.6,0.005723765,70.504161779293,12.79907227,0.0,-0.008628387,0.08293891,1.74206109,938.1766714,,,,
132,4,0,0,414.7313,68.0,15.2,0.005704981,71.5716465285858,19.08874512,0.0,-0.004793549,-0.022725821,1.847725821,954.6736371,,,,
133,4,0,0,418.375,68.0,15.2,0.005677862,72.7563867281142,19.00085449,0.0,-0.004793549,-0.122178316,1.947178316,968.5401964,,,,
134,4,0,0,421.5496,68.0,15.2,0.005651617,72.8533968742706,0.0,19.1986084,0.02761084,-0.203870535,2.028870535,985.0631116,,,,
135,4,0,0,423.9624,68.0,15.2,0.005637134,72.5693145359438,10.77484131,0.0,0.023776001,-0.21129775,2.03629775,998.9827926,,,,
136,4,0,0,426.949,68.0,15.2,0.005629832,72.8922613891996,10.86273193,0.0,-0.010162323,-0.150883913,1.975883913,1015.567944,,,,
137,4,0,0,427.4966,68.0,15.2,0.005636731,73.0264021151822,5.58380127,0.0,0.036047485,-0.085096121,1.910096121,1030.164197,,,,
138,4,0,0,429.9781,68.0,15.5,0.00566237,73.1020805240122,5.188293457,0.0,0.003067871,0.008243322,1.816756678,1044.098574,,,,
139,4,0,0,431.9281,68.0,15.5,0.005710468,73.4066346649298,15.52642822,0.0,-0.050811615,0.135228395,1.689771605,1060.004174,,,,
140,4,0,0,434.7448,68.0,15.7,0.005756918,74.039656612627,10.81878662,0.0,0.003067871,0.169414282,1.655585718,1074.479589,,,,
141,4,0,0,436.4525,69.0,15.7,0.005803379,74.5956875737902,16.53717041,0.0,0.001533936,0.187237978,1.637762022,1090.872218,,,,
142,4,0,0,437.3114,69.0,15.9,0.005833652,75.2324079779282,9.236755371,0.0,0.023776001,0.214524031,1.610475969,1104.723426,,,,
143,4,0,0,435.0285,69.0,15.9,0.005852111,74.9868465765338,0.0,4.110717773,-0.024734711,0.267533541,1.557466459,1120.545719,,,,
144,4,0,0,438.4619,69.0,16.1,0.005852669,74.8620925675022,13.89770508,0.0,-0.012463226,0.275003195,1.549996805,1135.039923,,,,
145,4,0,0,441.9499,69.0,16.1,0.005836601,75.5661821166492,11.92016602,0.0,-0.004793549,0.218823195,1.606176805,1150.951108,,,,
146,4,0,0,444.6025,68.0,16.0,0.005809614,76.0052324062884,7.388305664,0.0,0.003067871,0.162504911,1.662495089,1165.578094,,,,
147,4,0,0,442.5366,68.0,16.0,0.005773189,76.270301309839,7.124633789,0.0,-0.036239227,0.126893759,1.698106241,1180.206887,,,,
148,4,0,0,441.6571,67.0,15.9,0.005726709,76.5275552100694,9.939880371,0.0,0.003067871,0.065474272,1.759525728,1196.166518,,,,
149,4,0,0,439.3287,67.0,15.9,0.005689595,76.9439348558758,12.5793457,0.0,0.00690271,-0.001507521,1.826507521,1210.125429,,,,
150,4,0,0,442.8306,66.0,15.5,0.005658312,77.4946462885096,11.21429443,0.0,0.018407227,-0.043164968,1.868164968,1226.71614,,,,
151,4,0,0,443.4197,66.0,15.5,0.005644431,77.7320571552872,7.827758789,0.0,-0.005560516,-0.02867341,1.85367341,1240.642133,,,,
152,4,0,0,446.3887,66.0,15.2,0.005647169,77.8188632650802,6.509399414,0.0,-0.019365936,0.00277257,1.82222743,1257.222455,,,,
153,4,0,0,447.8882,66.0,15.2,0.005664865,77.8677514576388,10.81878662,0.0,-0.017832001,0.016042471,1.808957529,1271.802434,,,,
154,4,0,0,449.0951,66.0,14.6,0.005692945,78.3841337207712,15.13092041,0.0,0.008436646,-0.02976346,1.85476346,1287.680477,,,,
155,4,0,0,451.2228,66.0,14.6,0.005716591,78.8220524512696,0.0,0.0,-0.001725677,-0.092288256,1.917288256,1301.546239,,,,
156,4,0,0,452.1409,66.0,14.0,0.005738699,78.2294145251426,0.0,11.43493652,-0.010162323,-0.140822172,1.965822172,1316.047917,,,,
157,4,0,0,454.2977,66.0,14.0,0.005758946,77.5742716036896,0.0,51.27868652,0.003067871,-0.201252222,2.026252222,1332.428873,,,,
158,4,0,0,455.8508,66.0,13.2,0.005763613,77.0198670093436,0.0,74.8626709,0.032979614,-0.256137133,2.081137133,1346.138506,,,,
159,4,0,0,458.6735,66.0,13.2,0.005751079,76.3921759521162,0.0,79.84313965,0.076696777,-0.264750242,2.089750242,1361.788518,,,,
160,4,0,0,459.6222,66.0,12.8,0.005735737,75.8226987460388,0.0,72.81188965,0.003834839,-0.045067072,1.870067072,1376.023664,,,,
161,4,0,0,460.2568,66.0,12.8,0.005728472,75.224943327926,0.0,72.07946777,-0.092994843,0.364943743,1.460056257,1392.070042,,,,
162,4,0,0,461.5314,67.0,12.4,0.005729479,74.6648044298524,0.0,81.01501465,-0.0868591,0.551964045,1.273035955,1405.44275,,,,
163,4,0,0,460.2568,68.0,12.4,0.005724235,74.056848869979,0.0,79.69665527,0.009203613,0.435717344,1.389282656,1421.330256,,,,
164,4,0,0,459.9393,68.0,12.1,0.005708,73.4942485668424,0.0,87.1673584,0.010737549,0.223140001,1.601859999,1434.877,,,,
165,4,0,0,460.5748,69.0,12.1,0.005686215,72.9715921468794,0.0,51.27868652,0.03451355,0.052655935,1.772344065,1449.133698,,,,
166,4,0,0,461.5314,69.0,12.1,0.005664047,72.3624431648356,0.0,44.54040527,0.049085938,-0.019644499,1.844644499,1464.501271,,,,
167,4,0,0,462.813,69.0,12.1,0.005651921,71.8670800569214,0.0,46.44470215,0.059823486,0.072119474,1.752880526,1479.363267,,,,
168,4,0,0,464.425,69.0,12.1,0.005648879,71.2697609147892,0.0,47.47009277,-0.053879486,0.287148237,1.537851763,1495.514957,,,,
169,4,0,0,465.073,69.0,12.1,0.005657147,70.7609323464412,0.0,31.79626465,-0.102198456,0.444508314,1.380491686,1510.315033,,,,
170,4,0,0,466.3744,69.0,12.4,0.005677295,70.185628331773,0.0,3.671264648,0.018407227,0.316747427,1.508252573,1527.20653,,,,
171,4,0,0,466.7009,69.0,12.4,0.005697732,69.8979757692166,11.39007568,0.0,0.051386841,0.101597548,1.723402452,1541.412598,,,,
172,4,0,0,468.0114,68.0,12.9,0.005715928,70.3436290199418,4.792785645,0.0,0.059823486,0.005469561,1.819530439,1557.679034,,,,
173,4,0,0,470.6547,68.0,12.9,0.005725151,69.9074149184648,0.0,0.0,-0.025501678,0.02632308,1.79867692,1572.726927,,,,
174,4,0,0,473.328,68.0,13.7,0.005732375,69.3283604656738,0.0,0.0,-0.02856955,0.01040864,1.81459136,1589.952519,,,,
175,4,0,0,475.3529,68.0,13.7,0.005741118,68.8207530645178,0.0,0.0,0.019941162,-0.088311434,1.913311434,1604.562303,,,,
176,4,0,0,476.0318,68.0,14.2,0.005754433,68.3334734783028,0.0,0.0,0.037581421,-0.181417704,2.006417704,1619.867011,,,,
177,4,0,0,476.0318,68.0,14.2,0.005775475,68.7333556188352,11.30218506,0.0,0.018407227,-0.186802149,2.011802149,1636.494372,,,,
178,4,0,0,475.6921,67.0,14.8,0.005796766,69.058834849048,5.894165039,0.0,0.018407227,-0.140548468,1.965548468,1651.145511,,,,
179,4,0,0,475.3529,67.0,14.8,0.005816806,69.0529574267142,5.627746582,0.0,-0.036239227,-0.053292036,1.878292036,1668.702408,,,,
180,4,0,0,478.08,68.0,14.8,0.00582587,69.1903145957142,5.982055664,0.0,-0.003259613,-0.03581214,1.86081214,1684.222202,,,,
181,4,0,0,475.6921,68.0,14.8,0.005825534,69.3179537329374,5.58380127,0.0,0.016106323,-0.059207678,1.884207678,1701.202086,,,,
182,4,0,0,479.1108,68.0,14.9,0.005814719,69.3611196274448,5.58380127,0.0,-0.02166684,-0.081172705,1.906172705,1716.142264,,,,
183,4,0,0,482.5789,67.0,14.9,0.005789933,69.242601279831,3.606262207,0.0,-0.012463226,-0.118284464,1.943284464,1734.051314,,,,
184,4,0,0,483.9803,67.0,14.9,0.005759913,69.3216898318408,6.641235352,0.0,0.018407227,-0.169717073,1.994717073,1749.879509,,,,
185,4,0,0,485.0366,67.0,14.9,0.005726132,69.4418331139592,5.495910645,0.0,0.023009033,-0.186531305,2.011531305,1765.007375,,,,
186,4,0,0,486.0976,67.0,15.2,0.005693375,69.4617468296248,3.694152832,0.0,-0.007094452,-0.135900259,1.960900259,1783.029745,,,,
187,4,0,0,486.8075,67.0,15.2,0.005682696,69.1296725723722,3.562316895,0.0,-0.012463226,-0.089878798,1.914878798,1798.2409,,,,
188,4,0,0,488.5914,67.0,15.8,0.005698194,69.4757119901286,9.324645996,0.0,-0.017832001,-0.068409204,1.893409204,1815.738891,,,,
189,4,0,0,489.3086,67.0,15.8,0.005731251,69.6813320511066,6.597290039,0.0,0.010737549,-0.098037958,1.923037958,1831.691856,,,,
190,4,0,0,489.668,67.0,16.0,0.00578421,69.7916530001228,5.894165039,0.0,-0.015531097,-0.144299269,1.969299269,1849.673229,,,,
191,4,0,0,491.1109,67.0,16.0,0.005840317,69.7465690942034,1.669921875,0.0,0.010737549,-0.189484835,2.014484835,1864.657791,,,,
192,4,0,0,491.8355,67.0,15.9,0.00590455,69.1943987948596,0.0,0.0,0.014572388,-0.238701105,2.063701105,1881.649389,,,,
193,4,0,0,494.0223,67.0,15.9,0.005943067,68.68896957102,0.0,0.0,0.017640259,-0.250822783,2.075822783,1897.096791,,,,
194,4,0,0,495.491,67.0,15.5,0.005950415,68.2571548740208,0.0,0.0,-0.001725677,-0.212052584,2.037052584,1912.427148,,,,
195,4,0,0,496.9685,67.0,15.5,0.005922109,67.6914222802554,0.0,57.2845459,-0.036239227,-0.137848139,1.962848139,1929.021456,,,,
196,4,0,0,497.7105,67.0,15.5,0.005882902,67.2135779808726,0.0,105.1849365,-0.027035614,-0.129326105,1.954326105,1944.11102,,,,
197,4,0,0,497.3392,67.0,15.5,0.005840881,66.6580472347682,0.0,69.44274902,0.013038452,-0.16595149,1.99095149,1960.442487,,,,
198,4,0,0,498.0824,67.0,15.4,0.005807271,66.2034780312288,0.0,91.41540527,0.017640259,-0.183447599,2.008447599,1974.623009,,,,
199,4,0,0,498.8278,68.0,15.4,0.005765934,65.6562536199466,0.0,37.50915527,0.003067871,-0.153902292,1.978902292,1991.371534,,,,
200,4,0,0,499.95,67.0,15.4,0.005730058,65.1915607826702,0.0,36.92321777,0.072861938,-0.078706503,1.903706503,2005.99056,,,,
201,4,0,0,501.0773,67.0,15.4,0.005698899,64.6837180960062,0.0,7.772827148,-0.010162323,0.112365484,1.712634516,2021.812543,,,,
202,4,0,0,502.9675,68.0,15.6,0.005686738,64.3510603725366,5.58380127,0.0,-0.036239227,0.31242013,1.51257987,2036.202153,,,,
203,4,0,0,502.2097,68.0,15.6,0.005690427,64.0429967599744,0.0,9.091186523,-0.074587616,0.434358358,1.390641642,2049.834565,,,,
204,4,0,0,503.3473,68.0,15.9,0.005708179,63.6866241885064,11.21429443,0.0,-0.032404388,0.384488344,1.440511656,2066.046535,,,,
205,4,0,0,506.0217,69.0,15.9,0.005726758,64.6286075029914,19.08874512,0.0,0.019941162,0.210391283,1.614608717,2079.710219,,,,
206,4,0,0,506.791,68.0,15.8,0.005744125,66.0542009797442,16.71295166,0.0,0.056755615,0.013350725,1.811649275,2095.862833,,,,
207,4,0,0,509.1131,68.0,15.8,0.005756192,67.1250122026302,15.96588135,0.0,0.039882324,-0.061369181,1.886369181,2109.324285,,,,
208,4,0,0,509.8919,68.0,15.4,0.00576888,67.968057349452,12.35961914,0.0,0.036047485,-0.010361433,1.835361433,2125.223881,,,,
209,4,0,0,511.0645,68.0,15.4,0.005777942,68.5438600663994,10.99456787,0.0,-0.013997162,0.11941123,1.70558877,2139.153477,,,,
210,4,0,0,511.8493,68.0,15.1,0.005781012,69.0147369535598,8.841247559,0.0,-0.072286713,0.246532679,1.578467321,2154.459112,,,,
211,4,0,0,512.2426,68.0,15.1,0.005774091,69.2963150300994,8.355102539,0.0,-0.033938324,0.224122286,1.600877714,2167.88708,,,,
212,4,0,0,514.2181,68.0,14.8,0.005759493,69.5691514292534,8.223266602,0.0,0.005368774,0.057823896,1.767176104,2181.959502,,,,
213,4,0,0,515.4108,68.0,14.8,0.005740268,69.8679329641514,8.003540039,0.0,0.085133423,-0.117248774,1.942248774,2197.983963,,,,
214,4,0,0,516.609,68.0,14.8,0.005729072,70.0631896319192,6.773071289,0.0,0.051386841,-0.085217237,1.910217237,2211.464248,,,,
215,4,0,0,517.0096,68.0,14.8,0.005724533,70.183836894952,6.157836914,0.0,-0.043141937,0.141405344,1.683594656,2226.87228,,,,
216,4,0,0,518.6184,68.0,14.5,0.005720745,70.2387061513404,5.850219727,0.0,-0.074587616,0.307699919,1.517300081,2240.977314,,,,
217,4,0,0,519.8316,68.0,14.5,0.005710899,70.2867698146434,5.75958252,0.0,-0.037773163,0.263466597,1.561533403,2257.035028,,,,
218,4,0,0,521.0504,68.0,14.0,0.005698984,70.3256161923106,5.75958252,0.0,0.0,0.080740213,1.744259787,2270.540014,,,,
219,4,0,0,522.6845,68.0,14.0,0.005685017,70.3717453323732,5.850219727,0.0,0.092803101,-0.148904085,1.973904085,2286.595643,,,,
220,4,0,0,523.0946,68.0,13.8,0.0056753,70.7268651131182,14.29321289,0.0,0.0690271,-0.174904585,1.999904585,2300.051913,,,,
221,4,0,0,525.1549,68.0,13.8,0.005670091,71.418605343495,10.90667725,0.0,-0.020132904,-0.000652,1.825651598,2313.575987,,,,
222,4,0,0,525.9836,68.0,13.6,0.005667679,71.7075157340086,6.597290039,0.0,-0.036239227,0.252374887,1.572625113,2329.715204,,,,
223,4,0,0,526.8149,69.0,13.6,0.005664665,71.7898270698354,6.465454102,0.0,-0.034705292,0.353985071,1.471014929,2343.932629,,,,
224,4,0,0,527.2315,69.0,13.7,0.005660748,71.8778337794552,6.157836914,0.0,-0.013997162,0.366378069,1.458621931,2359.378381,,,,
225,4,0,0,527.6488,68.0,13.7,0.005660477,71.9293086159156,6.026000977,0.0,-0.005560516,0.307032347,1.517967653,2373.426139,,,,
226,4,0,0,527.2315,68.0,13.6,0.005662819,71.9706335542102,5.894165039,0.0,-0.008628387,0.212445974,1.612554026,2389.268851,,,,
227,4,0,0,527.2315,68.0,13.6,0.005663325,72.0033260893052,5.850219727,0.0,0.00690271,0.109797716,1.715202284,2402.476426,,,,
228,4,0,0,528.4854,68.0,13.4,0.005663074,72.0115970669276,5.40802002,0.0,0.012271484,0.006301641,1.818698359,2417.455192,,,,
229,4,0,0,528.4854,68.0,13.4,0.005668403,71.7830400807204,0.0,0.0,0.025309937,-0.066398859,1.891398859,2431.078108,,,,
230,4,0,0,529.3246,67.0,13.3,0.005681976,71.3573059369498,0.0,45.41931152,0.010737549,-0.093478441,1.918478441,2443.986567,,,,
231,4,0,0,531.011,67.0,13.3,0.005702522,70.7807461864664,0.0,54.9407959,0.023009033,-0.059245348,1.884245348,2459.233335,,,,
232,4,0,0,532.7083,67.0,13.5,0.005719785,70.2974322071322,0.0,121.2982178,0.023009033,0.037904501,1.787095499,2472.542699,,,,
233,4,0,0,533.561,68.0,13.5,0.005738267,69.7487306148508,0.0,120.4193115,-0.019365936,0.204327345,1.620672655,2486.946713,,,,
234,4,0,0,536.567,68.0,13.3,0.005753858,69.2893628583268,0.0,117.6361084,-0.003259613,0.317267656,1.507732344,2499.466968,,,,
235,4,0,0,537.4321,68.0,13.3,0.005768146,68.7663023652766,0.0,117.1966553,-0.012463226,0.443771601,1.381228399,2514.299922,,,,
236,4,0,0,538.7351,68.0,13.5,0.005773523,68.312960878943,0.0,104.598999,-0.054646454,0.525640726,1.299359274,2527.284711,,,,
237,4,0,0,541.3599,68.0,13.5,0.005770484,67.6795131320686,0.0,91.56188965,-0.041608002,0.48700881,1.33799119,2541.648524,,,,
238,4,0,0,542.2405,68.0,13.6,0.0057641,67.2165732683872,0.0,38.97399902,-0.010162323,0.321567774,1.503432226,2554.48289,,,,
239,4,0,0,544.0104,68.0,13.6,0.00575935,66.7743701046606,0.0,38.38806152,0.07592981,0.118139982,1.706860018,2568.147672,,,,
240,4,0,0,545.3455,69.0,13.5,0.005762258,66.26783180416,5.627746582,0.0,0.085900391,0.001407862,1.823592138,2583.238118,,,,
241,4,0,0,547.5851,69.0,13.5,0.005776633,66.3545682134376,8.486938477,0.0,0.001533936,0.081919909,1.743080091,2597.196325,,,,
242,4,0,0,548.4862,69.0,13.6,0.005808132,67.3049484846802,14.91119385,0.0,-0.054646454,0.213741064,1.611258936,2613.164751,,,,
243,4,0,0,549.8433,69.0,13.6,0.005845211,67.4415783929342,0.0,261.3372803,-0.046976776,0.282179594,1.542820406,2626.641082,,,,
244,4,0,0,551.6633,69.0,13.5,0.005888096,66.9147550054696,0.0,263.5345459,0.017640259,0.22009635,1.60490365,2642.105454,,,,
245,4,0,0,552.5778,69.0,13.5,0.005919041,66.4746064378408,0.0,261.0443115,-0.000959,0.103997946,1.721002054,2656.338906,,,,
246,4,0,0,554.4159,69.0,13.6,0.005941764,65.9878727558472,0.0,261.0443115,-0.040074066,-0.062190294,1.887190294,2672.55973,,,,
247,4,0,0,555.3396,69.0,13.6,0.00594469,65.5538293965358,0.0,261.3372803,0.072861938,-0.27714467,2.10214467,2686.205743,,,,
248,4,0,0,556.2663,69.0,13.7,0.005929094,65.1340400742582,0.0,261.4837646,0.147257813,-0.389763594,2.214763594,2700.514271,,,,
249,4,0,0,558.1292,69.0,13.7,0.005896872,64.6511160540994,0.0,82.62634277,-0.003259613,-0.2167871,2.0417871,2716.132883,,,,
250,4,0,0,558.5968,68.0,14.2,0.005870978,64.6069268285662,18.3416748,0.0,-0.050811615,0.072477102,1.752522898,2729.806538,,,,
251,4,0,0,560.0045,69.0,14.2,0.005857628,64.9154685277622,5.23223877,0.0,-0.134411102,0.333126307,1.491873693,2746.100792,,,,
252,4,0,0,561.4193,69.0,14.2,0.005865179,65.8918237075388,22.47528076,0.0,-0.032404388,0.403161287,1.421838713,2760.546912,,,,
253,4,0,0,561.8925,69.0,14.2,0.005893935,67.6151119801678,25.99365234,0.0,-0.000959,0.299762011,1.525237989,2776.441546,,,,
254,4,0,0,559.0652,69.0,14.9,0.005929734,69.4917407590342,19.3963623,0.0,0.072861938,0.147987127,1.677012873,2790.38826,,,,
255,4,0,0,563.7932,69.0,14.9,0.005977333,70.6266106984558,13.94165039,0.0,0.096637939,0.140753508,1.684246492,2807.013483,,,,
256,4,0,0,565.7069,69.0,15.5,0.006023876,71.4763138136048,15.70220947,0.0,0.009203613,0.30428195,1.52071805,2821.659231,,,,
257,4,0,0,565.7069,70.0,15.5,0.006069603,72.4096529123346,11.34613037,0.0,-0.02166684,0.521881819,1.303118181,2835.648156,,,,
258,4,0,0,567.6335,70.0,16.4,0.006098608,72.7838467516936,11.21429443,0.0,-0.0868591,0.704149008,1.120850992,2852.310224,,,,
259,4,0,0,567.6335,70.0,16.4,0.00608578,73.1927692953024,8.486938477,0.0,-0.019365936,0.68094039,1.14405961,2866.311382,,,,
260,4,0,0,572.0169,70.0,17.1,0.006029786,73.4269868774652,8.442993164,0.0,0.026843872,0.532642603,1.292357397,2882.960371,,,,
261,4,0,0,563.7932,69.0,17.1,0.005955562,73.7233005538468,13.2824707,0.0,0.078230713,0.42373395,1.40126605,2896.861457,,,,
262,4,0,0,562.3664,69.0,17.5,0.005855815,74.2260632622404,9.060974121,0.0,-0.02856955,0.468268156,1.356731844,2913.284093,,,,
263,4,0,0,572.5082,69.0,17.5,0.005769474,74.6249609855882,11.434021,0.0,-0.02166684,0.50346303,1.32153697,2926.970132,,,,
264,4,0,0,570.5483,68.0,17.8,0.005684606,75.003802872455,9.720153809,0.0,-0.019365936,0.461527109,1.363472891,2943.134869,,,,
265,4,0,0,557.6623,68.0,17.8,0.00562796,75.2586722618876,8.486938477,0.0,0.017640259,0.382806063,1.442193937,2957.246044,,,,
266,4,0,0,544.0104,68.0,18.2,0.005589313,75.391298389716,5.982055664,0.0,-0.015531097,0.318164587,1.506835413,2970.61708,,,,
267,4,0,0,543.124,68.0,18.2,0.005563164,75.0734344115426,0.0,18.46618652,0.054454712,0.251518965,1.573481035,2985.781259,,,,
268,4,0,0,536.9992,68.0,18.4,0.005550035,74.5562834471592,0.0,33.11462402,-0.010929291,0.260674238,1.564325762,2999.571949,,,,
269,4,0,0,494.3887,68.0,18.4,0.005542009,73.971508547058,0.0,32.52868652,-0.024734711,0.335705996,1.489294004,3015.116049,,,,
270,4,0,0,447.8882,68.0,18.7,0.005542446,73.4825626341136,0.0,81.3079834,-0.010929291,0.355327845,1.469672155,3028.071419,,,,
271,4,0,0,402.9496,68.0,18.7,0.005553594,72.9238685371184,0.0,80.7220459,-0.027035614,0.368760347,1.456239653,3042.806878,,,,
272,4,0,0,370.8924,68.0,19.2,0.005569217,72.4423643249878,0.0,75.00915527,-0.02856955,0.342800856,1.482199144,3056.384842,,,,
273,4,0,0,357.3726,68.0,19.2,0.005582893,71.8757857011844,0.0,24.4720459,0.019941162,0.230771303,1.594228697,3071.382046,,,,
274,4,0,0,345.1608,69.0,19.1,0.005582036,71.4169949896108,0.0,2.792358398,0.051386841,0.177045107,1.647954893,3085.063312,,,,
275,4,0,0,328.3317,69.0,19.1,0.005567661,71.5942621329906,14.07348633,0.0,-0.036239227,0.233048677,1.591951323,3098.641521,,,,
276,4,0,0,317.2388,70.0,19.0,0.005542475,72.4298895903514,16.66900635,0.0,-0.019365936,0.275788069,1.549211931,3113.337231,,,,
277,4,0,0,309.5784,70.0,19.0,0.005519839,73.0641313855818,8.267211914,0.0,0.030678711,0.262265444,1.562734556,3126.096627,,,,
278,4,0,0,306.4477,70.0,18.6,0.00549589,73.3062527100724,8.618774414,0.0,0.023776001,0.276939154,1.548060846,3141.167571,,,,
279,4,0,0,311.7499,70.0,18.6,0.005474539,73.3771827773258,5.58380127,0.0,-0.036239227,0.323454618,1.501545382,3154.32091,,,,
280,4,0,0,318.4511,70.0,18.5,0.005446198,73.3554401754974,2.592773438,0.0,-0.012463226,0.316045046,1.508954954,3168.736608,,,,
281,4,0,0,325.1292,70.0,18.5,0.005421782,72.8667700551488,0.0,0.0,0.038348389,0.276776552,1.548223448,3182.011434,,,,
282,4,0,0,331.1039,70.0,18.2,0.005406837,72.5224067328156,7.168579102,0.0,-0.017832001,0.280745268,1.544254732,3196.824798,,,,
283,4,0,0,337.815,70.0,18.2,0.005411079,72.6772786709036,6.157836914,0.0,-0.005560516,0.277557135,1.547442865,3210.140033,,,,
284,4,0,0,343.2062,70.0,18.2,0.005428848,72.6885221477862,5.58380127,0.0,-0.000959,0.257637262,1.567362738,3224.400215,,,,
285,4,0,0,347.681,70.0,18.2,0.005456847,72.6732083603624,4.089660645,0.0,-0.010929291,0.216367483,1.608632517,3240.846151,,,,
286,4,0,0,351.3457,70.0,17.9,0.005479796,72.5254878947126,3.430480957,0.0,-0.013997162,0.181797266,1.643202734,3254.862298,,,,
287,4,0,0,355.2776,70.0,17.9,0.005498871,72.1981576338186,1.494140625,0.0,-0.036239227,0.113057852,1.711942148,3271.015895,,,,
288,4,0,0,358.1405,70.0,17.9,0.005510583,72.0387110985004,4.221496582,0.0,0.010737549,-0.016180277,1.841180277,3285.90904,,,,
289,4,0,0,361.8338,70.0,17.9,0.005522767,71.9074420949072,3.782043457,0.0,0.059823486,-0.122955561,1.947955561,3302.898226,,,,
290,4,0,0,364.4049,70.0,17.6,0.005534167,71.6969778561556,1.7578125,0.0,0.036047485,-0.071069956,1.896069956,3317.239321,,,,
291,4,0,0,368.4327,69.0,17.6,0.005544328,71.2065326820672,4.35333252,0.0,-0.034705292,0.088237047,1.736762953,3334.428618,,,,
292,4,0,0,369.2489,69.0,17.3,0.00554568,71.2931886887184,6.377563477,0.0,-0.039307098,0.222378492,1.602621508,3348.955919,,,,
293,4,0,0,371.3055,69.0,17.3,0.005539403,71.3096867572614,5.539855957,0.0,-0.024734711,0.309143305,1.515856695,3363.547238,,,,
294,4,0,0,373.8038,70.0,17.4,0.005525993,71.1305811038656,3.518371582,0.0,-0.003259613,0.336015463,1.488984537,3380.98082,,,,
295,4,0,0,375.9116,70.0,17.4,0.005507741,71.074156774422,7.695922852,0.0,-0.015531097,0.312751055,1.512248945,3396.324072,,,,
296,4,0,0,377.829,70.0,17.2,0.005477401,71.2613918318004,7.168579102,0.0,0.017640259,0.256175756,1.568824244,3412.947001,,,,
297,4,0,0,380.1992,70.0,17.2,0.005449979,71.39044712385,6.333618164,0.0,0.005368774,0.217950583,1.607049417,3428.064158,,,,
298,4,0,0,382.1607,70.0,17.2,0.005430969,71.4860827327124,7.651977539,0.0,-0.003259613,0.198118448,1.626881552,3445.104485,,,,
299,4,0,0,385.03,70.0,17.2,0.005427647,71.8049414439398,10.730896,0.0,0.00690271,0.17445159,1.65054841,3459.305515,,,,
300,4,0,0,388.1686,69.0,17.0,0.005432514,72.2102654711218,7.959594727,0.0,-0.027035614,0.140697241,1.684302759,3475.409934,,,,
301,4,0,0,391.5887,70.0,17.0,0.005437359,72.3838337074456,7.915649414,0.0,0.014572388,0.06878686,1.75621314,3490.055854,,,,
302,4,0,0,392.7421,69.0,17.1,0.005437637,72.5120929877444,6.289672852,0.0,0.016106323,-0.018766165,1.843766165,3503.936953,,,,
303,4,0,0,394.1353,69.0,17.1,0.005431951,72.5521073117298,5.850219727,0.0,0.051386841,-0.054668188,1.879668188,3520.547042,,,,
304,4,0,0,395.7731,69.0,16.9,0.005425395,72.5648072091256,5.75958252,0.0,0.017640259,0.032049894,1.792950106,3535.352685,,,,
305,4,0,0,398.3746,69.0,16.9,0.005418305,72.5682999114474,5.627746582,0.0,-0.024734711,0.204024076,1.620975924,3551.610255,,,,
306,4,0,0,400.2882,69.0,17.0,0.005410726,72.5656975442938,5.627746582,0.0,-0.063083099,0.310967684,1.514032316,3565.873911,,,,
307,4,0,0,403.9262,69.0,17.0,0.005404069,72.4342476830714,0.0,0.0,-0.02166684,0.269266844,1.555733156,3582.855958,,,,
308,4,0,0,405.6466,69.0,16.8,0.005406539,71.954382229676,0.0,0.0,-0.015531097,0.142936468,1.682063532,3597.730161,,,,
309,4,0,0,408.6303,69.0,16.8,0.00541892,71.4086734465256,0.0,17.14782715,0.0,-0.029324293,1.854324293,3613.856406,,,,
310,4,0,0,410.897,69.0,16.6,0.005434143,70.9382562834296,0.0,45.71228027,0.032979614,-0.20001483,2.02501483,3627.983002,,,,
311,4,0,0,413.4452,69.0,16.6,0.00545025,70.4510076287294,0.0,62.5579834,0.061357422,-0.315311193,2.140311193,3642.789127,,,,
312,4,0,0,415.5067,69.0,16.2,0.005468052,69.932368909983,0.0,58.74938965,0.012271484,-0.255153894,2.080153894,3659.606289,,,,
313,4,0,0,418.1126,69.0,16.2,0.005482203,69.4557570109854,0.0,97.86071777,-0.004793549,-0.098940134,1.923940134,3673.69935,,,,
314,4,0,0,419.4279,69.0,15.8,0.00549325,68.9467766979688,0.0,110.8978271,-0.037773163,0.051216841,1.773783159,3690.401527,,,,
315,4,0,0,422.6185,69.0,15.8,0.005496616,68.491520129222,0.0,102.6947021,-0.010162323,0.088974237,1.736025763,3704.398573,,,,
316,4,0,0,424.2321,69.0,15.7,0.005494217,67.9914484948028,0.0,91.56188965,-0.001725677,0.058284044,1.766715956,3721.02182,,,,
317,4,0,0,426.949,69.0,15.7,0.005486999,67.5439833203584,0.0,74.13024902,0.012271484,0.037118673,1.787881327,3734.905199,,,,
318,4,0,0,429.1477,68.0,15.3,0.005476451,67.0502822744226,0.0,73.39782715,0.02761084,0.060417414,1.764582586,3751.397199,,,,
319,4,0,0,430.8116,68.0,15.3,0.005473703,66.6265619621676,0.0,56.99157715,0.009203613,0.11948657,1.70551343,3765.261846,,,,
320,4,0,0,434.4615,69.0,15.3,0.005482469,66.1887760504994,0.0,33.40759277,0.00690271,0.197465658,1.627534342,3779.759079,,,,
321,4,0,0,437.3114,69.0,15.3,0.005500192,65.6887286849274,0.0,22.1282959,-0.02166684,0.286089182,1.538910818,3796.215562,,,,
322,4,0,0,439.6184,69.0,15.0,0.005511973,65.82451415639,16.62506104,0.0,-0.019365936,0.336396933,1.488603067,3810.072963,,,,
323,4,0,0,441.3647,69.0,15.0,0.005514181,67.2052763292298,18.38562012,0.0,-0.010929291,0.364294291,1.460705709,3825.939714,,,,
324,4,0,0,444.6025,69.0,15.0,0.005508236,68.201065882753,17.77038574,0.0,0.017640259,0.37185359,1.45314641,3840.514803,,,,
325,4,0,0,446.9873,69.0,15.0,0.005505522,69.3765902933318,16.05377197,0.0,-0.007094452,0.39865613,1.42634387,3856.507776,,,,
326,4,0,0,449.3978,69.0,14.7,0.005521111,70.282082112998,17.15240479,0.0,0.009203613,0.404888868,1.420111132,3871.232426,,,,
327,4,0,0,451.5284,69.0,14.7,0.005570427,71.3587126771372,16.97662354,0.0,-0.016298065,0.43276,1.39224,3887.336795,,,,
328,4,0,0,453.9883,69.0,14.7,0.005636785,72.3159909336746,16.22955322,0.0,-0.005560516,0.43581748,1.38918252,3902.113601,,,,
329,4,0,0,455.5394,69.0,14.7,0.005707523,72.9326575934736,11.21429443,0.0,-0.008628387,0.398850203,1.426149797,3916.221745,,,,
330,4,0,0,457.7287,70.0,14.7,0.005767757,73.3677506448,9.324645996,0.0,0.005368774,0.315426588,1.509573412,3933.018183,,,,
331,4,0,0,459.6222,70.0,14.7,0.005788041,73.5879038345546,7.959594727,0.0,-0.030870453,0.245141268,1.579858732,3947.799351,,,,
332,4,0,0,461.2121,70.0,14.8,0.005774374,73.7624458503256,7.256469727,0.0,-0.012463226,0.121255636,1.703744364,3963.88126,,,,
333,4,0,0,462.813,70.0,14.8,0.005744424,73.845263146555,5.58380127,0.0,0.04141626,-0.038676977,1.863676977,3977.84643,,,,
334,4,0,0,464.7488,70.0,14.8,0.005714692,73.8434198728926,6.509399414,0.0,0.049085938,-0.171342134,1.996342134,3994.387574,,,,
335,4,0,0,467.3552,70.0,14.8,0.005710866,73.8633092553374,5.627746582,0.0,0.039882324,-0.207453489,2.032453489,4008.133846,,,,
336,4,0,0,469.66,69.0,14.5,0.005739282,73.8408753132318,5.58380127,0.0,-0.025501678,-0.109681368,1.934681368,4024.369455,,,,
337,4,0,0,471.6536,69.0,14.5,0.005778347,73.821606975093,5.58380127,0.0,-0.02856955,0.006739855,1.818260145,4038.541261,,,,
338,4,0,0,474.3383,69.0,14.6,0.005804562,73.802305919072,5.539855957,0.0,-0.010162323,0.056355238,1.768644762,4051.970045,,,,
339,4,0,0,475.0143,69.0,14.6,0.005801432,73.6620417348564,2.021484375,0.0,0.005368774,0.056598425,1.768401575,4067.199825,,,,
340,4,0,0,477.0537,68.0,14.6,0.005783286,73.191229060362,0.0,0.0,0.009203613,0.015067816,1.809932184,4081.050935,,,,
341,4,0,0,479.8004,68.0,14.6,0.005772486,72.8620560890746,6.289672852,0.0,0.003067871,-0.010172129,1.835172129,4096.664774,,,,
342,4,0,0,481.5332,68.0,14.9,0.005773233,72.8850079972592,5.58380127,0.0,0.009203613,-0.014862299,1.839862299,4109.677452,,,,
343,4,0,0,482.9285,68.0,14.9,0.00576358,72.8604603479976,5.188293457,0.0,-0.010162323,0.001913786,1.823086214,4124.434952,,,,
344,4,0,0,485.7434,69.0,14.9,0.005734396,72.7973421941316,4.221496582,0.0,0.0,0.006387472,1.818612528,4137.856714,,,,
345,4,0,0,488.2336,69.0,14.9,0.005683918,72.6818489068224,5.58380127,0.0,0.016106323,0.016895533,1.808104467,4153.079282,,,,
346,4,0,0,490.3884,69.0,15.2,0.005638292,72.6671569361878,5.58380127,0.0,0.032212646,0.062112093,1.762887907,4166.097921,,,,
347,4,0,0,491.8355,69.0,15.2,0.005595858,72.6611318730024,5.58380127,0.0,-0.02166684,0.193448305,1.631551695,4181.883749,,,,
348,4,0,0,493.6565,69.0,15.2,0.005569458,72.642252769836,4.221496582,0.0,-0.024734711,0.288384676,1.536615324,4195.372619,,,,
349,4,0,0,495.491,70.0,15.2,0.005550192,72.600166436694,7.915649414,0.0,-0.016298065,0.340906858,1.484093142,4209.054123,,,,
350,4,0,0,498.0824,69.0,15.2,0.005529845,72.896365785562,6.729125977,0.0,0.005368774,0.345155954,1.479844046,4225.598888,,,,
351,4,0,0,498.8278,69.0,15.2,0.005508446,72.9482918970518,5.58380127,0.0,-0.007094452,0.330952406,1.494047594,4240.374065,,,,
352,4,0,0,500.701,69.0,15.5,0.005480644,72.9391811175372,5.58380127,0.0,0.016106323,0.314977884,1.510022116,4256.623117,,,,
353,4,0,0,503.7276,69.0,15.5,0.005458713,72.9312390729174,5.58380127,0.0,0.017640259,0.324072599,1.500927401,4271.593353,,,,
354,4,0,0,505.2546,69.0,15.4,0.005442527,73.0123997145508,6.157836914,0.0,-0.02166684,0.384278059,1.440721941,4288.653722,,,,
355,4,0,0,506.791,69.0,15.4,0.005436613,73.0106708810558,5.539855957,0.0,-0.025501678,0.417940378,1.407059622,4303.008222,,,,
356,4,0,0,509.1131,69.0,15.7,0.005433833,72.9926623020822,5.58380127,0.0,0.00690271,0.395366907,1.429633093,4319.416536,,,,
357,4,0,0,510.2822,69.0,15.7,0.005431969,72.9395362023148,0.0,0.0,0.016106323,0.35659194,1.46840806,4334.461754,,,,
358,4,0,0,513.031,69.0,15.6,0.00543239,72.4620657043338,0.0,0.0,0.038348389,0.344130278,1.480869722,4348.818581,,,,
359,4,0,0,513.4261,69.0,15.6,0.005439498,72.2513223416526,6.685180664,0.0,0.00690271,0.381460905,1.443539095,4365.905167,,,,
360,4,0,0,515.4108,69.0,15.6,0.005452516,72.3230478091076,6.509399414,0.0,-0.013997162,0.423145056,1.401854944,4380.931772,,,,
361,4,0,0,517.0096,69.0,15.6,0.0054758,72.4411269839288,7.959594727,0.0,-0.005560516,0.450856924,1.374143076,4397.254555,,,,
362,4,0,0,517.4109,69.0,15.5,0.00550436,72.5831083339244,7.827758789,0.0,-0.001725677,0.45615077,1.36884923,4411.43959,,,,
363,4,0,0,519.4266,69.0,15.5,0.005545197,72.6831896479764,6.641235352,0.0,0.023776001,0.452976942,1.372023058,4428.309947,,,,
364,4,0,0,521.0504,69.0,15.8,0.005585862,72.7583038222024,6.157836914,0.0,-0.030103485,0.482120275,1.342879725,4443.152627,,,,
365,4,0,0,523.0946,69.0,15.8,0.005638425,72.8068406475588,6.333618164,0.0,-0.023200775,0.502617121,1.322382879,4459.329084,,,,
366,4,0,0,523.9168,69.0,16.0,0.005695805,72.8438511867144,5.894165039,0.0,0.0,0.464138269,1.360861731,4473.462658,,,,
367,4,0,0,525.9836,69.0,16.0,0.005772669,72.8555888597242,5.715637207,0.0,0.016106323,0.406397581,1.418602419,4488.264628,,,,
368,4,0,0,526.8149,69.0,16.2,0.005885615,72.854041431034,5.539855957,0.0,0.003834839,0.372864962,1.452135038,4504.410136,,,,
369,4,0,0,528.4854,70.0,16.2,0.005992136,72.8462273128508,5.627746582,0.0,-0.010929291,0.361695528,1.463304472,4519.200553,,,,
370,4,0,0,529.7452,70.0,17.0,0.006101716,73.151882950438,7.827758789,0.0,-0.008628387,0.33402133,1.49097867,4536.037187,,,,
371,4,0,0,530.5884,70.0,17.0,0.006174169,73.1801937837952,5.671691895,0.0,0.009203613,0.298424006,1.526575994,4550.217943,,,,
372,4,0,0,532.283,70.0,17.7,0.006214695,73.1072449765392,3.65020752,0.0,0.003834839,0.262354612,1.562645388,4566.426724,,,,
373,4,0,0,533.9884,70.0,17.7,0.006208987,73.064861350019,5.58380127,0.0,0.026843872,0.219675303,1.605324697,4581.282822,,,,
374,4,0,0,534.8452,70.0,18.3,0.006173846,72.6386824007658,0.0,0.0,0.029144775,0.213143587,1.611856413,4598.177648,,,,
375,4,0,0,536.9992,70.0,18.3,0.006145146,72.159307940911,0.0,0.0,-0.023200775,0.303865671,1.521134329,4612.373311,,,,
376,4,0,0,538.7351,71.0,18.9,0.006139582,71.8920070598078,8.355102539,0.0,-0.017832001,0.413775682,1.411224318,4627.241355,,,,
377,4,0,0,540.9206,71.0,18.9,0.006166269,72.4374271434556,14.91119385,0.0,-0.000959,0.51111865,1.31388135,4643.42183,,,,
378,4,0,0,542.6819,71.0,19.4,0.006202552,72.9838625114292,7.476196289,0.0,-0.010162323,0.569074869,1.255925131,4657.484143,,,,
379,4,0,0,544.0104,71.0,19.4,0.00623208,73.1047208072162,6.773071289,0.0,-0.003259613,0.619258642,1.205741358,4674.215755,,,,
380,4,0,0,545.7919,70.0,19.8,0.00623282,73.1562719263926,5.715637207,0.0,-0.036239227,0.63140893,1.19359107,4688.959232,,,,
381,4,0,0,547.5851,70.0,19.8,0.006202605,73.144252828097,5.58380127,0.0,0.012271484,0.589470625,1.235529375,4705.078943,,,,
382,4,0,0,547.1357,69.0,19.9,0.006157023,73.1109441410896,5.012512207,0.0,-0.032404388,0.491710901,1.333289099,4719.207774,,,,
383,4,0,0,551.2071,68.0,19.9,0.006099645,73.0839173679316,5.23223877,0.0,0.049085938,0.324234247,1.500765753,4736.0467,,,,
384,4,0,0,552.5778,68.0,19.7,0.006060049,73.2098785268038,11.21429443,0.0,0.001533936,0.2050488,1.6199512,4750.876701,,,,
385,4,0,0,553.9552,68.0,19.7,0.006037782,73.7002701742438,11.92016602,0.0,-0.000959,0.082159281,1.742840719,4765.040241,,,,
386,4,0,0,555.3396,68.0,19.3,0.006037739,74.1616695454904,8.442993164,0.0,0.074395874,-0.026431322,1.851431322,4781.904288,,,,
387,4,0,0,557.6623,69.0,19.3,0.00606408,74.2740033443248,6.860961914,0.0,0.054454712,-0.012040854,1.837040854,4796.069298,,,,
388,4,0,0,558.5968,69.0,18.9,0.006113879,74.2748829291018,5.58380127,0.0,-0.016298065,0.176583529,1.648416471,4812.953952,,,,
389,4,0,0,560.4753,69.0,18.9,0.00615203,74.2516393924158,5.58380127,0.0,-0.02856955,0.365004301,1.459995699,4827.182899,,,,
390,4,0,0,563.3168,68.0,18.2,0.006170006,73.8551591230556,0.0,0.0,-0.030103485,0.493479013,1.331520987,4844.118562,,,,
391,4,0,0,563.3168,68.0,18.2,0.006159454,73.3485079112606,0.0,30.3314209,-0.017832001,0.52636981,1.29863019,4858.326757,,,,
392,4,0,0,565.2272,68.0,17.3,0.006121418,72.8091967213188,0.0,43.95446777,-0.025501678,0.492112398,1.332887602,4875.198506,,,,
393,4,0,0,566.1873,68.0,17.3,0.006078709,72.3106720488812,0.0,73.1048584,-0.030870453,0.403825998,1.421174002,4889.929993,,,,
394,4,0,0,568.1173,68.0,16.4,0.006043618,71.832979735568,0.0,108.5540771,0.056755615,0.286051989,1.538948011,4903.913485,,,,
395,4,0,0,570.0604,68.0,16.4,0.006023642,71.2871709641234,0.0,156.7474365,0.018407227,0.20016408,1.62483592,4919.986264,,,,
396,4,0,0,572.0169,67.0,16.0,0.006023466,70.7995031407268,0.0,153.5247803,0.003834839,0.219454527,1.605545473,4934.846169,,,,
397,4,0,0,572.0169,68.0,16.0,0.006030932,70.2644347182006,0.0,85.4095459,-0.001725677,0.255742788,1.569257212,4951.768237,,,,
398,4,0,0,574.4815,69.0,15.6,0.00602799,69.7833804614406,0.0,158.505249,-0.010162323,0.291832209,1.533167791,4965.992072,,,,
399,4,0,0,576.4686,70.0,15.6,0.006003386,69.2568113818828,0.0,185.7513428,-0.001725677,0.290095091,1.534904909,4982.244333,,,,
400,4,0,0,578.4694,70.0,14.9,0.005966466,68.8004748011554,0.0,181.942749,-0.017832001,0.292383432,1.532616568,4997.133754,,,,
401,4,0,0,578.9717,70.0,14.9,0.005918362,68.2636714135488,0.0,261.3372803,0.003834839,0.239811659,1.585188341,5014.057441,,,,
402,4,0,0,580.99,70.0,14.7,0.005882358,67.8139647825392,0.0,260.8978271,0.065192261,0.185363054,1.639636946,5028.347682,,,,
403,4,0,0,582.0044,69.0,14.7,0.005860757,67.3497572256464,0.0,260.7513428,-0.044675873,0.262096643,1.562903357,5043.417569,,,,
404,4,0,0,584.0439,69.0,14.4,0.005858876,66.8367769785268,0.0,260.7513428,-0.12137265,0.334247828,1.490752172,5059.91562,,,,
405,4,0,0,585.5829,70.0,14.4,0.005869783,66.3918121229866,0.0,260.7513428,0.003834839,0.1530478,1.6719522,5074.357132,,,,
406,4,0,0,586.0978,70.0,14.5,0.005875522,63.4874978948954,0.0,260.3118896,0.12041394,-0.14309001,1.96809001,5091.541356,,,,
407,4,0,0,587.6476,70.0,14.5,0.005862633,59.1705442827002,0.0,260.7513428,-0.061549164,-0.207804441,2.032804441,5106.583873,,,,
408,4,0,0,587.6476,70.0,14.5,0.005829496,58.7241190798572,0.0,260.6048584,-0.167390717,-0.274454355,2.099454355,5122.864611,,,,
409,4,0,0,589.2058,70.0,14.5,0.005792277,58.3362057135586,0.0,260.6048584,0.005368774,-0.585416079,2.410416079,5137.670737,,,,
410,4,0,0,589.2058,70.0,14.9,0.005749701,57.8948663469836,0.0,260.7513428,0.085133423,-1.018124819,2.843124819,5153.695317,,,,
411,4,0,0,588.1661,70.0,14.9,0.005722466,57.4961398574118,0.0,261.1907959,0.026843872,-1.248417616,3.073417616,5168.269114,,,,
412,4,0,0,584.0439,70.0,15.5,0.005712791,57.1158938696752,0.0,261.3372803,-0.069218842,-1.397372961,3.222372961,5182.078266,,,,
413,4,0,0,582.513,70.0,15.5,0.005720271,56.6830835705784,0.0,257.6751709,-0.010929291,-1.667452812,3.492452812,5198.388513,,,,
414,4,0,0,583.0224,70.0,16.0,0.005732521,56.3087902901008,0.0,250.2044678,-0.003259613,1.649652481,3.825347519,5211.981515,,,,
415,4,0,0,574.4815,70.0,16.0,0.005742311,55.8814268666076,0.0,128.9154053,0.047552002,1.302178383,4.172821617,5227.397119,,,,
416,4,0,0,583.0224,70.0,16.2,0.005740596,55.497290782223,0.0,14.95056152,0.02761084,1.062149525,4.412850475,5242.051952,,,,
417,4,0,0,581.4968,70.0,16.2,0.005721675,55.2608851253028,11.21429443,0.0,0.023009033,0.850458622,4.624541378,5257.221115,,,,
418,4,0,0,579.475,70.0,16.4,0.005690501,55.4701722123114,9.412536621,0.0,0.025309937,0.69218111,4.78281889,5270.392036,,,,
419,4,0,0,573.0002,70.0,16.4,0.005645804,56.5600377311162,10.86273193,0.0,0.038348389,0.55953908,4.91546092,5285.948086,,,,
420,4,0,0,563.3168,70.0,16.8,0.005607908,56.8059924230198,5.58380127,0.0,-0.007094452,0.473596334,5.001403666,5298.910677,,,,
421,4,0,0,559.0652,70.0,16.8,0.005577247,57.2128834806532,10.95062256,0.0,0.014572388,0.387543201,5.087456799,5312.359716,,,,
422,4,0,0,548.9378,71.0,17.0,0.005556451,57.888373963649,9.280700684,0.0,0.026843872,0.304412603,5.170587397,5325.78554,,,,
423,4,0,0,548.9378,71.0,17.0,0.005551104,58.3373850700974,6.948852539,0.0,-0.030103485,0.256901264,5.218098736,5337.7829,,,,
424,4,0,0,548.4862,71.0,17.4,0.005549558,59.3781535361984,17.85827637,0.0,-0.004793549,0.179293275,5.295706725,5350.759758,,,,
425,4,0,0,546.2391,71.0,17.4,0.005544014,60.3590533472944,12.00805664,0.0,-0.008628387,0.109243751,5.365756249,5362.5618,,,,
426,4,0,0,544.8997,71.0,17.7,0.005532156,61.287858243228,5.539855957,0.0,0.016106323,0.028218389,5.446781611,5375.870047,,,,
427,4,0,0,540.9206,71.0,17.7,0.005516894,61.3415339647922,8.355102539,0.0,0.017640259,0.018445015,5.456554985,5386.960181,,,,
428,4,0,0,542.2405,71.0,18.0,0.00549101,62.056772168509,11.21429443,0.0,-0.027035614,0.028610587,5.446389413,5399.534725,,,,
429,4,0,0,532.283,71.0,18.0,0.005464818,62.9212047358212,15.57037354,0.0,-0.005560516,0.006238818,5.468761182,5410.970185,,,,
430,4,0,0,503.7276,72.0,18.0,0.005444499,63.7560233710848,12.53540039,0.0,0.010737549,-0.038861513,5.513861513,5421.806728,,,,
431,4,0,0,451.2228,71.0,18.0,0.005432433,64.790987478888,17.81433105,0.0,0.014572388,-0.099955201,5.574955201,5434.612088,,,,
432,4,0,0,410.897,71.0,17.7,0.005423283,65.6529946098862,7.212524414,0.0,0.005368774,-0.126686692,5.601686692,5445.906636,,,,
433,4,0,0,385.9216,71.0,17.7,0.005405827,65.412025991264,0.0,2.792358398,0.010737549,-0.127245903,5.602245903,5458.373389,,,,
434,4,0,0,363.6099,71.0,17.8,0.005389232,65.351124059512,11.21429443,0.0,-0.001725677,-0.094908595,5.569908595,5469.408885,,,,
435,4,0,0,338.8452,71.0,17.8,0.005381982,65.812061807673,6.026000977,0.0,-0.007094452,-0.065198421,5.540198421,5482.642776,,,,
436,4,0,0,318.4511,71.0,17.5,0.005390632,65.9360545184176,6.817016602,0.0,-0.008628387,-0.026814938,5.501814938,5494.425956,,,,
437,4,0,0,316.1855,71.0,17.5,0.005409902,66.2242473685988,7.344360352,0.0,0.029144775,-0.013068199,5.488068199,5507.392665,,,,
438,4,0,0,317.2388,71.0,17.5,0.005425078,66.4827959989526,7.212524414,0.0,0.001533936,-0.012781382,5.487781382,5518.927089,,,,
439,4,0,0,317.0879,70.0,17.5,0.005433971,66.6586212058792,7.124633789,0.0,-0.008628387,0.00696981,5.46803019,5531.23609,,,,
440,4,0,0,315.7363,70.0,17.3,0.005441078,66.4801613806254,0.0,0.0,-0.001725677,0.013577938,5.461422062,5545.408461,,,,
441,4,0,0,316.6361,71.0,17.3,0.005453289,66.0273508960248,0.0,0.0,0.010737549,-0.010907769,5.485907769,5557.354704,,,,
442,4,0,0,316.0356,70.0,17.4,0.0054806,66.0165532867892,6.729125977,0.0,0.009203613,-0.042773843,5.517773843,5571.748392,,,,
443,4,0,0,319.3664,70.0,17.4,0.005515173,66.0888396253276,5.58380127,0.0,0.014572388,-0.059812665,5.534812665,5584.04145,,,,
444,4,0,0,325.6056,70.0,17.4,0.005559656,66.3262070238318,8.223266602,0.0,0.032212646,-0.05155611,5.52655611,5598.898612,,,,
445,4,0,0,331.1039,71.0,17.4,0.005593482,66.5827869968438,7.827758789,0.0,0.018407227,-0.004141092,5.479141092,5611.605687,,,,
446,4,0,0,335.9425,71.0,17.5,0.005621015,66.7904229171058,6.685180664,0.0,0.001533936,0.099982858,5.375017142,5626.78125,,,,
447,4,0,0,340.7503,71.0,17.5,0.00564116,66.979739768428,7.432250977,0.0,-0.007094452,0.186789751,5.288210249,5639.477269,,,,
448,4,0,0,344.0919,70.0,17.5,0.005663646,67.1883806732398,5.58380127,0.0,-0.004793549,0.238935947,5.236064053,5652.864409,,,,
449,4,0,0,346.9572,71.0,17.5,0.00569045,67.2385384741244,5.58380127,0.0,-0.019365936,0.254928827,5.220071173,5668.123838,,,,
450,4,0,0,349.1376,71.0,17.3,0.005708143,67.471275012872,9.412536621,0.0,-0.025501678,0.238714933,5.236285067,5680.992258,,,,
451,4,0,0,351.5309,71.0,17.3,0.005718458,67.7620988603654,5.58380127,0.0,-0.015531097,0.181590438,5.293409562,5695.764495,,,,
452,4,0,0,353.7694,71.0,17.3,0.005719963,67.8190856219522,5.58380127,0.0,0.021475098,0.117178202,5.357821798,5709.347822,,,,
453,4,0,0,353.5818,70.0,17.3,0.005709514,67.477563669856,0.0,0.0,0.023776001,0.058432698,5.416567302,5724.708166,,,,
454,4,0,0,347.8624,70.0,17.1,0.005688812,67.5522420026232,11.25823975,0.0,0.025309937,0.052673697,5.422326303,5737.534487,,,,
455,4,0,0,343.0296,71.0,17.1,0.005661022,68.165509124793,11.21429443,0.0,0.029144775,0.116247535,5.358752465,5752.212719,,,,
456,4,0,0,341.4484,70.0,17.2,0.005640446,68.4126745070852,5.58380127,0.0,-0.024734711,0.251132965,5.223867035,5765.694055,,,,
457,4,0,0,341.9739,70.0,17.2,0.005627105,68.454097019664,5.58380127,0.0,0.005368774,0.369389296,5.105610704,5778.619126,,,,
458,4,0,0,338.6731,70.0,17.0,0.005625233,68.4988993393636,5.100402832,0.0,-0.030103485,0.454253435,5.020746565,5794.065722,,,,
459,4,0,0,333.2556,70.0,17.0,0.005635681,68.2524813667542,0.0,19.34509277,-0.032404388,0.49278307,4.98221693,5807.700634,,,,
460,4,0,0,331.9282,70.0,17.1,0.005654949,67.7202391544822,0.0,21.10290527,0.005368774,0.464904547,5.010095453,5822.624955,,,,
461,4,0,0,334.2581,70.0,17.1,0.005671021,67.2749052129064,0.0,20.9564209,-0.008628387,0.432126045,5.042873955,5835.699,,,,
462,4,0,0,339.19,70.0,16.9,0.005678428,66.7508840082498,0.0,0.0,0.013038452,0.38192749,5.09307251,5851.32676,,,,
463,4,0,0,344.0919,70.0,16.9,0.005669109,66.6183566295238,6.465454102,0.0,0.005368774,0.346403122,5.128596878,5865.130608,,,,
464,4,0,0,348.044,70.0,16.7,0.005645183,66.421645762132,0.0,0.0,-0.003259613,0.324013948,5.150986052,5880.187092,,,,
465,4,0,0,353.3944,70.0,16.7,0.005624075,65.9845852926556,0.0,0.0,0.0,0.285575628,5.189424372,5893.920878,,,,
466,4,0,0,356.6079,71.0,16.2,0.005608528,65.880175835701,8.618774414,0.0,-0.005560516,0.226536512,5.248463488,5907.104166,,,,
467,4,0,0,356.2268,71.0,16.2,0.005591363,66.2986323669642,11.39007568,0.0,0.010737549,0.15356946,5.32143054,5922.280459,,,,
468,4,0,0,355.2776,71.0,15.8,0.005567596,66.9060005016442,12.09594727,0.0,0.005368774,0.118508101,5.356491899,5936.220236,,,,
469,4,0,0,351.3457,71.0,15.8,0.005525933,67.3699975407716,0.0,0.0,0.012271484,0.106798887,5.368201113,5952.072583,,,,
470,4,0,0,348.9549,71.0,15.7,0.005485559,66.9269930383788,0.0,0.0,0.012271484,0.107546806,5.367453194,5965.359318,,,,
471,4,0,0,349.3206,71.0,15.7,0.005457676,66.4066605858428,0.0,0.0,0.005368774,0.120904565,5.354095435,5980.429285,,,,
472,4,0,0,350.0543,71.0,15.4,0.005461682,65.9705235717518,0.0,0.0,0.0,0.141207337,5.333792663,5994.135146,,,,
473,4,0,0,351.7164,71.0,15.4,0.00549658,65.9672284802886,5.58380127,0.0,0.008436646,0.169138789,5.305861211,6009.592119,,,,
474,4,0,0,353.3944,71.0,15.3,0.005543866,65.9929385558322,2.592773438,0.0,-0.005560516,0.202182531,5.272817469,6022.549974,,,,
475,4,0,0,355.8466,71.0,15.3,0.005593738,66.0616999408752,8.267211914,0.0,-0.016298065,0.235695601,5.239304399,6036.068005,,,,
476,4,0,0,357.9482,71.0,15.0,0.00563668,66.2670915238534,5.627746582,0.0,-0.010162323,0.247967958,5.227032042,6050.710609,,,,
477,4,0,0,359.8805,71.0,15.0,0.005660375,66.0734862803266,0.0,0.0,-0.008628387,0.240215302,5.234784698,6063.54883,,,,
478,4,0,0,362.0303,70.0,14.7,0.005682853,65.5743712054166,0.0,0.0,-0.008628387,0.203317165,5.271682835,6078.964164,,,,
479,4,0,0,364.4049,70.0,14.7,0.005702013,65.1433209127306,0.0,0.0,0.016106323,0.147522211,5.327477789,6092.662299,,,,
480,4,0,0,367.215,70.0,14.4,0.005718331,65.018869942421,5.75958252,0.0,-0.000959,0.102931499,5.372068501,6107.561738,,,,
481,4,0,0,368.8404,69.0,14.4,0.005720634,65.1827285316294,6.773071289,0.0,0.003834839,0.068921447,5.406078553,6121.11248,,,,
482,4,0,0,371.0988,69.0,14.2,0.005701477,65.0032226997492,0.0,0.0,0.003067871,0.034850478,5.440149522,6136.39425,,,,
483,4,0,0,371.7196,68.0,14.2,0.00566659,64.9092358597168,5.58380127,0.0,0.005368774,0.01319015,5.46180985,6149.21947,,,,
484,4,0,0,373.3851,68.0,13.7,0.005627966,65.1212157426936,8.399047852,0.0,0.008436646,-0.009173155,5.484173155,6162.050224,,,,
485,4,0,0,375.0656,68.0,13.7,0.005599475,65.4521435222236,6.421508789,0.0,-0.017832001,-0.026764631,5.501764631,6177.35566,,,,
486,4,0,0,376.5486,68.0,13.2,0.005598573,65.4794092019046,3.386535645,0.0,0.010737549,-0.056757927,5.531757927,6190.239242,,,,
487,4,0,0,376.9744,68.0,13.2,0.00562927,65.6412021710362,9.808044434,0.0,0.012271484,-0.072551012,5.547551012,6205.489103,,,,
488,4,0,0,377.615,68.0,12.8,0.005681226,65.9210592193798,5.58380127,0.0,0.023776001,-0.049359441,5.524359441,6218.801524,,,,
489,4,0,0,378.2577,68.0,12.8,0.005756508,66.018927819679,5.715637207,0.0,0.016106323,0.029817343,5.445182657,6233.252674,,,,
490,4,0,0,379.3339,69.0,12.4,0.00582544,66.0890803021246,3.913879395,0.0,0.0,0.129495382,5.345504618,6245.916401,,,,
491,4,0,0,380.4162,69.0,12.4,0.005904107,66.2588230568014,7.564086914,0.0,-0.025501678,0.252016068,5.222983932,6260.982607,,,,
492,4,0,0,382.1607,69.0,12.1,0.005970049,66.3983623620942,5.58380127,0.0,-0.044675873,0.332062006,5.142937994,6274.204531,,,,
493,4,0,0,383.039,69.0,12.1,0.006023152,66.5970647716426,7.476196289,0.0,0.013038452,0.33772707,5.13727293,6286.872543,,,,
494,4,0,0,384.1426,69.0,11.8,0.006058204,67.0101810299838,13.32641602,0.0,0.051386841,0.334385157,5.140614843,6301.416978,,,,
495,4,0,0,385.4753,69.0,11.8,0.006070412,67.6498709400096,7.256469727,0.0,0.009203613,0.398627758,5.076372242,6314.754592,,,,
496,4,0,0,386.593,69.0,11.5,0.006071419,67.474437768307,0.615234375,0.0,0.009203613,0.55148077,4.92351923,6329.98047,,,,
497,4,0,0,387.2667,69.0,11.5,0.006060213,67.0876669207546,1.098632813,0.0,-0.010162323,0.731322527,4.743677473,6342.806252,,,,
498,4,0,0,389.0748,69.0,11.6,0.006033916,66.7649006193534,1.40625,0.0,0.032212646,0.910366535,4.564633465,6358.097093,,,,
499,4,0,0,389.7572,70.0,11.6,0.006007915,66.334869103261,0.0,0.0,-0.030103485,1.104108572,4.370891428,6370.964658,,,,
500,4,0,0,390.8999,70.0,11.3,0.005984126,65.8338174451554,0.0,55.5267334,0.032212646,1.325891972,4.149108028,6385.716723,,,,
501,4,0,0,389.5294,70.0,11.3,0.005967619,65.4175872587548,0.0,121.1517334,0.029144775,1.540173292,3.934826708,6399.283716,,,,
502,4,0,0,387.7171,69.0,11.4,0.005951312,64.9876405870672,0.0,79.84313965,-0.050811615,-1.781824589,3.606824589,6412.944051,,,,
503,4,0,0,384.5858,70.0,11.4,0.005932726,64.4969246737106,0.0,55.38024902,0.0690271,-1.475721598,3.300721598,6427.973492,,,,
504,4,0,0,383.9214,70.0,11.4,0.005920209,64.072852012556,0.0,61.09313965,0.018407227,-1.193233728,3.018233728,6441.690963,,,,
505,4,0,0,385.6983,70.0,11.4,0.005912586,63.5904084447608,0.0,216.8060303,0.008436646,-0.82857728,2.65357728,6456.563186,,,,
506,4,0,0,386.1451,70.0,11.8,0.005910198,63.1718508791324,0.0,197.9095459,-0.118304779,-0.528321505,2.353321505,6470.112501,,,,
507,4,0,0,389.5294,70.0,11.8,0.00590558,62.6902727339222,0.0,0.0,0.036047485,-0.354213476,2.179213476,6484.777917,,,,
508,4,0,0,391.8188,70.0,12.1,0.005892355,63.0546031537288,19.7479248,0.0,0.045251099,-0.288830042,2.113830042,6498.114448,,,,
509,4,0,0,395.0695,70.0,12.1,0.005862539,64.0550782041016,12.31567383,0.0,-0.010162323,-0.136805773,1.961805773,6512.548695,,,,
510,4,0,0,396.9514,70.0,12.1,0.005828714,64.5954226064168,11.21429443,0.0,-0.074587616,0.042102575,1.782897425,6525.08217,,,,
511,4,0,0,391.3588,70.0,12.1,0.005802998,65.1189427913446,6.773071289,0.0,-0.023200775,0.086102247,1.738897753,6538.704769,,,,
512,4,0,0,375.4881,70.0,12.4,0.005804011,65.2548828560076,5.100402832,0.0,0.019941162,-0.009198427,1.834198427,6552.806057,,,,
513,4,0,0,358.5257,70.0,12.4,0.005835204,65.0718438147178,3.694152832,0.0,0.025309937,-0.069398642,1.894398642,6565.052557,,,,
514,4,0,0,344.0919,70.0,12.6,0.005890306,65.5048093668444,7.915649414,0.0,-0.019365936,-0.069136381,1.894136381,6579.576103,,,,
515,4,0,0,341.2736,70.0,12.6,0.005937996,65.8081410048178,7.608032227,0.0,-0.054646454,-0.04212451,1.86712451,6591.962479,,,,
516,4,0,0,341.2736,70.0,13.2,0.005977689,65.9820422135876,5.451965332,0.0,0.008436646,-0.070707083,1.895707083,6606.881337,,,,
517,4,0,0,341.4484,71.0,13.2,0.005991443,66.0274674927078,5.58380127,0.0,0.03451355,-0.128824472,1.953824472,6619.527739,,,,
518,4,0,0,336.1119,70.0,13.4,0.005977354,66.0981386976222,5.364074707,0.0,0.026843872,-0.149837732,1.974837732,6634.627282,,,,
519,4,0,0,326.8828,70.0,13.4,0.005944911,66.147981920817,5.451965332,0.0,0.039882324,-0.120521784,1.945521784,6647.289784,,,,
520,4,0,0,320.4409,70.0,13.5,0.005905983,66.2235292810908,5.495910645,0.0,-0.034705292,0.003359556,1.821640444,6662.457722,,,,
521,4,0,0,315.1393,70.0,13.5,0.005886591,66.2664486408036,4.441223145,0.0,-0.068451874,0.139360666,1.685639334,6675.874866,,,,
522,4,0,0,315.7363,69.0,13.4,0.005883642,66.2453246370844,4.924621582,0.0,-0.027035614,0.163353682,1.661646318,6688.70727,,,,
523,4,0,0,317.8437,69.0,13.4,0.005892449,66.4656681956676,8.047485352,0.0,-0.005560516,0.111450911,1.713549089,6703.387473,,,,
524,4,0,0,321.8332,69.0,13.2,0.005904039,66.5222589308672,4.441223145,0.0,0.012271484,0.049539804,1.775460196,6716.856756,,,,
525,4,0,0,324.0231,69.0,13.2,0.005920877,66.4588613633904,4.133605957,0.0,0.032212646,-0.003649473,1.828649473,6732.179727,,,,
526,4,0,0,325.4467,69.0,12.8,0.00594208,66.4232975565212,5.58380127,0.0,-0.016298065,-0.010000467,1.835000467,6745.063163,,,,
527,4,0,0,326.8828,69.0,12.8,0.005969223,66.4986378912974,5.58380127,0.0,-0.034705292,-0.033476114,1.858476114,6759.78652,,,,
528,4,0,0,325.6056,69.0,12.7,0.005985443,66.5329412147984,4.17755127,0.0,0.005368774,-0.111835718,1.936835718,6773.324061,,,,
529,4,0,0,327.0432,69.0,12.7,0.005987143,66.5123526384972,5.539855957,0.0,0.070561035,-0.217436075,2.042436075,6788.718025,,,,
530,4,0,0,326.5626,69.0,12.7,0.005975162,66.6030765899598,5.58380127,0.0,0.032979614,-0.217699289,2.042699289,6801.635913,,,,
531,4,0,0,327.6862,68.0,12.7,0.005960902,66.645127726836,5.58380127,0.0,0.00690271,-0.10671258,1.93171258,6815.171945,,,,
532,4,0,0,326.8828,68.0,12.3,0.005957365,66.7328827678666,5.188293457,0.0,-0.043141937,0.046663523,1.778336477,6829.954153,,,,
533,4,0,0,324.8124,68.0,12.3,0.00597114,66.7635035673928,5.012512207,0.0,-0.019365936,0.12268281,1.70231719,6842.886005,,,,
534,4,0,0,324.8124,68.0,12.0,0.006002764,66.7598965375574,3.82598877,0.0,-0.027035614,0.1639359,1.6610641,6858.29662,,,,
535,4,0,0,327.0432,69.0,12.0,0.006036233,66.6719067099142,3.518371582,0.0,-0.052345551,0.154806376,1.670193624,6871.872048,,,,
536,4,0,0,329.9568,69.0,11.7,0.006064463,66.5531127789188,3.606262207,0.0,0.00690271,0.033395052,1.791604948,6886.699922,,,,
537,4,0,0,332.7566,69.0,11.7,0.006068166,66.455940073329,3.606262207,0.0,0.018407227,-0.138851404,1.963851404,6900.30033,,,,
538,4,0,0,334.4258,69.0,11.7,0.006050226,66.3455013045314,3.82598877,0.0,0.112744263,-0.310470819,2.135470819,6915.747408,,,,
539,4,0,0,336.1119,70.0,11.7,0.006025245,66.2474671031462,2.680664063,0.0,0.090502197,-0.302058935,2.127058935,6928.699936,,,,
540,4,0,0,337.3023,70.0,11.7,0.006002005,66.2024849075148,5.100402832,0.0,-0.025501678,-0.072116613,1.897116613,6941.630442,,,,
541,4,0,0,338.6731,70.0,11.7,0.005988496,66.275299463628,6.641235352,0.0,-0.101431488,0.211199999,1.613800001,6956.997003,,,,
542,4,0,0,340.0551,70.0,12.1,0.00598949,66.4106291700026,5.58380127,0.0,-0.106800262,0.321515322,1.503484678,6969.883755,,,,
543,4,0,0,340.9246,69.0,12.1,0.005996337,66.332059276088,3.386535645,0.0,-0.085325165,0.176605463,1.648394537,6985.204725,,,,
544,4,0,0,341.4484,69.0,12.3,0.005995361,66.2068849879154,3.210754395,0.0,0.12041394,-0.076344728,1.901344728,6998.703286,,,,
545,4,0,0,343.2062,69.0,12.3,0.005974688,66.041028724965,3.518371582,0.0,0.160296265,-0.227672815,2.052672815,7013.457129,,,,
546,4,0,0,344.6256,69.0,12.9,0.005940645,65.8227535706168,0.0,0.0,0.003067871,-0.02874589,1.85374589,7026.346437,,,,
547,4,0,0,344.6256,69.0,12.9,0.005895129,65.3257466345464,0.0,15.6829834,-0.101431488,0.317098379,1.507901621,7041.655054,,,,
548,4,0,0,343.9144,69.0,13.1,0.005855778,64.90651523826,0.0,37.3626709,-0.092994843,0.466746569,1.358253431,7055.088631,,,,
549,4,0,0,343.383,68.0,13.1,0.005817763,64.478288291203,0.0,79.98962402,-0.025501678,0.425112486,1.399887514,7067.830733,,,,
550,4,0,0,344.2696,68.0,13.3,0.005777971,63.9913143830276,0.0,119.9798584,0.046785034,0.287926912,1.537073088,7082.284417,,,,
551,4,0,0,345.5186,68.0,13.3,0.005751349,63.5868867099454,0.0,116.317749,0.038348389,0.178456545,1.646543455,7095.429706,,,,
552,4,0,0,346.4163,68.0,13.5,0.005735566,63.106468689661,0.0,101.3763428,0.013038452,0.121311426,1.703688574,7109.65718,,,,
553,4,0,0,347.3187,68.0,13.5,0.005734601,62.6916031753002,0.0,101.3763428,0.042183228,0.118576288,1.706423712,7122.597364,,,,
554,4,0,0,348.59,68.0,13.6,0.005743408,62.2342138287184,0.0,137.9974365,-0.040074066,0.182072401,1.642927599,7137.184769,,,,
555,4,0,0,349.8705,68.0,13.6,0.005753045,61.8397322630778,0.0,157.7728271,-0.039307098,0.213150263,1.611849737,7149.342032,,,,
556,4,0,0,349.687,68.0,13.5,0.005757392,61.38745675528,0.0,175.2044678,0.023776001,0.144839525,1.680160475,7163.129586,,,,
557,4,0,0,348.59,68.0,13.5,0.005754907,61.0136832433422,0.0,168.0267334,0.039882324,0.058651686,1.766348314,7175.668784,,,,
558,4,0,0,347.4997,68.0,13.6,0.005751302,60.6268057126412,0.0,178.2806396,0.0690271,0.023704767,1.801295233,7188.113918,,,,
559,4,0,0,348.2258,69.0,13.6,0.005747836,60.1985568946536,0.0,176.6693115,0.003067871,0.076845884,1.748154116,7201.584186,,,,
560,4,0,0,353.9572,68.0,13.7,0.005747285,59.8166466401428,0.0,176.083374,-0.039307098,0.157834768,1.667165232,7213.834759,,,,
561,4,0,0,356.4173,69.0,13.7,0.005756271,59.3793672521462,0.0,92.58728027,0.018407227,0.190831423,1.634168577,7227.094431,,,,
562,4,0,0,348.2258,69.0,13.9,0.005774068,58.9884963856362,0.0,0.0,0.019941162,0.196032286,1.628967714,7238.60768,,,,
563,4,0,0,331.2684,69.0,13.9,0.005798777,59.441476221085,3.782043457,0.0,-0.033938324,0.23439765,1.59060235,7252.302231,,,,
564,4,0,0,319.6727,70.0,14.0,0.005816926,59.102439057762,0.0,12.1673584,-0.013997162,0.25409627,1.57090373,7264.360753,,,,
565,4,0,0,314.3962,70.0,14.0,0.005831057,58.6574619229576,0.0,60.65368652,-0.015531097,0.244145632,1.580854368,7277.41201,,,,
566,4,0,0,314.3962,70.0,14.1,0.005844899,58.2845908806116,0.0,87.31384277,-0.013997162,0.200781584,1.624218416,7288.743728,,,,
567,4,0,0,317.2388,70.0,14.1,0.005872021,57.9002533229524,0.0,196.2982178,0.017640259,0.093648195,1.731351805,7300.527513,,,,
568,4,0,0,322.7681,69.0,14.2,0.005922578,57.475923859414,0.0,182.3822021,0.054454712,-0.008797884,1.833797884,7313.811124,,,,
569,4,0,0,328.8176,69.0,14.2,0.005972199,57.11004990552,0.0,183.4075928,0.021475098,-0.018554449,1.843554449,7324.881457,,,,
570,4,0,0,339.5355,69.0,14.5,0.006016413,56.6911107492842,0.0,136.0931396,0.001533936,0.038324118,1.786675882,7337.956684,,,,
571,4,0,0,341.099,69.0,14.5,0.006038323,56.3309572748872,0.0,127.7435303,-0.019365936,0.09502244,1.72997756,7348.853476,,,,
572,4,0,0,330.9395,69.0,14.9,0.006054263,55.944808485525,0.0,62.5579834,0.036047485,0.125598192,1.699401808,7361.723046,,,,
573,4,0,0,316.1855,69.0,14.9,0.006071681,55.5880125288898,0.0,64.16931152,0.038348389,0.182678938,1.642321062,7372.456205,,,,
574,4,0,0,310.7327,70.0,14.9,0.006097671,55.1926022775088,0.0,18.46618652,-0.043141937,0.301340342,1.523659658,7385.482505,,,,
575,4,0,0,324.3383,70.0,14.9,0.006114132,55.7902940140378,18.47351074,0.0,-0.030103485,0.364639044,1.460360956,7396.7495,,,,
576,4,0,0,324.4962,70.0,15.2,0.006113254,57.205982984788,16.66900635,0.0,0.003067871,0.368849516,1.456150484,7408.908212,,,,
577,4,0,0,330.1202,70.0,15.2,0.006098361,58.7798318396198,19.00085449,0.0,-0.053879486,0.327781916,1.497218084,7423.168008,,,,
578,4,0,0,320.287,69.0,14.9,0.006090099,60.4785132231818,19.57214355,0.0,0.039882324,0.217606306,1.607393694,7435.451908,,,,
579,4,0,0,330.4474,69.0,14.9,0.006093622,62.1123234149092,19.48425293,0.0,0.045251099,0.11106801,1.71393199,7449.756659,,,,
580,4,0,0,327.6862,69.0,14.9,0.006106657,63.33207860418,14.7354126,0.0,-0.020132904,0.109686613,1.715313387,7463.032429,,,,
581,4,0,0,335.0982,69.0,14.9,0.006134551,64.579542572714,13.85375977,0.0,-0.039307098,0.120705366,1.704294634,7478.266738,,,,
582,4,0,0,335.9425,69.0,14.9,0.006165641,65.1277974122114,13.01879883,0.0,0.021475098,0.068026304,1.756973696,7491.146452,,,,
583,4,0,0,323.3943,69.0,14.9,0.006190715,65.7421985236254,8.442993164,0.0,0.026843872,-0.002033472,1.827033472,7505.897942,,,,
584,4,0,0,319.3664,69.0,14.9,0.006191841,66.1948922988892,6.948852539,0.0,0.032212646,-0.003676176,1.828676176,7519.456702,,,,
585,4,0,0,318.4511,69.0,14.9,0.006177063,66.3319129709886,5.539855957,0.0,-0.012463226,0.040729284,1.784270716,7532.420036,,,,
586,4,0,0,326.8828,69.0,14.9,0.00615814,66.4536903608496,6.597290039,0.0,0.00690271,0.080289125,1.744710875,7547.776552,,,,
587,4,0,0,333.4222,69.0,14.9,0.006154226,66.6404689611238,5.58380127,0.0,-0.017832001,0.104961634,1.720038366,7561.182079,,,,
588,4,0,0,335.4354,69.0,14.9,0.006168423,66.6508129778804,0.0,0.0,-0.004793549,0.101122618,1.723877382,7575.691544,,,,
589,4,0,0,342.1494,69.0,14.9,0.006188578,66.1905064450542,0.0,0.0,-0.010162323,0.090259314,1.734740686,7588.302981,,,,
590,4,0,0,347.681,69.0,14.6,0.006205389,65.6920311632612,0.0,13.9251709,-0.027035614,0.064298391,1.760701609,7603.349515,,,,
591,4,0,0,347.3187,69.0,14.6,0.006205398,65.260426404665,0.0,7.333374023,-0.003259613,0.011033297,1.813966703,7616.527944,,,,
592,4,0,0,345.3396,69.0,14.4,0.006187682,64.7895366266912,5.58380127,0.0,0.03451355,-0.0825212,1.9075212,7630.791999,,,,
593,4,0,0,344.4475,69.0,14.4,0.006165174,65.043894455218,6.860961914,0.0,0.03451355,-0.11250186,1.93750186,7643.764601,,,,
594,4,0,0,352.6466,69.0,14.4,0.006147066,64.7974367319106,0.0,56.40563965,0.0,-0.069054365,1.894054365,7656.056622,,,,
595,4,0,0,349.8705,70.0,14.4,0.006137487,64.3097918737958,0.0,156.0150146,-0.032404388,0.008704424,1.816295576,7669.997163,,,,
596,4,0,0,345.1608,69.0,14.2,0.006134059,63.870922731467,0.0,188.973999,-0.044675873,0.01906991,1.80593009,7682.674959,,,,
597,4,0,0,341.2736,69.0,14.2,0.006129348,63.388566760048,0.0,195.5657959,0.032212646,-0.074855089,1.899855089,7696.966306,,,,
598,4,0,0,339.8817,69.0,14.0,0.006124721,62.9563436447436,0.0,194.3939209,0.054454712,-0.166650534,1.991650534,7708.877499,,,,
599,4,0,0,342.677,69.0,14.0,0.006121376,62.4650087148494,0.0,191.4642334,0.045251099,-0.137377024,1.962377024,7722.385593,,,,
600,4,0,0,347.1378,69.0,13.8,0.006120929,62.0543298019382,0.0,190.2923584,-0.013997162,-0.012849569,1.837849569,7734.671001,,,,
601,4,0,0,350.4223,70.0,13.8,0.006123842,61.5709860820008,0.0,189.9993896,-0.045442841,0.144206285,1.680793715,7748.520071,,,,
602,4,0,0,354.1453,70.0,13.9,0.006129631,61.1502458007172,0.0,180.3314209,-0.045442841,0.198966742,1.626033258,7760.062045,,,,
603,4,0,0,356.6079,70.0,13.9,0.006134727,60.7322819528016,0.0,182.2357178,0.016106323,0.15004468,1.67495532,7772.064859,,,,
604,4,0,0,358.5257,70.0,14.0,0.006130461,60.2592737523056,0.0,154.8431396,0.032979614,0.06025815,1.76474185,7785.056032,,,,
605,4,0,0,359.4924,70.0,14.0,0.006117794,59.8486145538094,0.0,123.2025146,0.009203613,0.027093649,1.797906351,7796.335963,,,,
606,4,0,0,359.4924,70.0,13.8,0.006104497,59.3817825657116,0.0,121.005249,0.02761084,0.021415949,1.803584051,7809.787935,,,,
607,4,0,0,356.0366,70.0,13.8,0.006099706,58.977026490709,0.0,124.2279053,0.009203613,0.049414873,1.775585127,7821.774052,,,,
608,4,0,0,360.2695,70.0,13.6,0.006103429,58.5306451906612,0.0,120.8587646,0.013038452,0.102074385,1.722925615,7834.983401,,,,
609,4,0,0,362.0303,70.0,13.6,0.006114889,58.1314989852174,0.0,26.96228027,-0.003259613,0.15765214,1.66734786,7847.351435,,,,
610,4,0,0,363.2137,70.0,13.8,0.006133532,57.8508418695862,9.060974121,0.0,-0.030103485,0.20472455,1.62027545,7861.652796,,,,
611,4,0,0,365.0035,69.0,13.8,0.006150594,58.573241475369,7.564086914,0.0,-0.056180389,0.190411806,1.634588194,7873.666855,,,,
612,4,0,0,366.8109,69.0,14.2,0.006166894,59.145256192198,6.948852539,0.0,-0.024734711,0.105087519,1.719912481,7885.574444,,,,
613,4,0,0,368.4327,70.0,14.2,0.006182379,59.7230956254758,16.71295166,0.0,0.023009033,-0.032771826,1.857771826,7899.691692,,,,
614,4,0,0,370.0688,69.0,14.3,0.006191751,61.1013815390444,12.2277832,0.0,0.008436646,-0.138236284,1.963236284,7911.479158,,,,
615,4,0,0,372.1346,69.0,14.3,0.006194904,61.9700205509684,8.399047852,0.0,0.018407227,-0.221726656,2.046726656,7925.491779,,,,
616,4,0,0,372.3424,69.0,14.3,0.006184339,61.767388776876,0.0,0.0,-0.013997162,-0.253633261,2.078633261,7937.749142,,,,
617,4,0,0,372.1346,69.0,14.3,0.006148078,61.1705668564302,0.0,0.0,0.052920776,-0.273531199,2.098531199,7951.327379,,,,
618,4,0,0,371.7196,69.0,14.7,0.006092036,61.0531815807368,2.28515625,0.0,0.063658325,-0.213788271,2.038788271,7963.440225,,,,
619,4,0,0,372.9673,69.0,14.7,0.00600773,60.6045276351146,0.3515625,0.0,0.026843872,-0.007631063,1.832631063,7978.261357,,,,
620,4,0,0,375.0656,69.0,15.0,0.005931999,60.6779766252426,4.836730957,0.0,-0.07305368,0.238013029,1.586986971,7991.511606,,,,
621,4,0,0,376.5486,69.0,15.0,0.005872453,60.2040280069176,0.0,0.0,-0.057714325,0.422469854,1.402530146,8004.255741,,,,
622,4,0,0,377.615,69.0,14.7,0.00583978,60.6379249806626,16.88873291,0.0,-0.034705292,0.466744661,1.358255339,8019.018144,,,,
623,4,0,0,382.1607,70.0,14.7,0.00584467,61.6712819049814,12.66723633,0.0,-0.020132904,0.412978411,1.412021589,8032.696893,,,,
624,4,0,0,383.4797,70.0,14.7,0.005875181,63.1655174503096,20.05554199,0.0,0.018407227,0.327108622,1.497891378,8048.283208,,,,
625,4,0,0,385.03,70.0,14.7,0.005902559,64.6688259717558,11.03851318,0.0,0.016106323,0.276588678,1.548411322,8061.385653,,,,
626,4,0,0,385.4753,70.0,15.1,0.00591621,65.2207638019366,6.245727539,0.0,-0.003259613,0.251089811,1.573910189,8076.94146,,,,
627,4,0,0,386.8173,70.0,15.1,0.00591064,65.807286493558,13.23852539,0.0,-0.010162323,0.227225065,1.597774935,8089.920596,,,,
628,4,0,0,387.9427,70.0,15.7,0.005887203,66.7732330254836,15.4385376,0.0,-0.033938324,0.182231665,1.642768335,8105.280425,,,,
629,4,0,0,388.6212,70.0,15.7,0.005854832,67.2299977067444,6.948852539,0.0,-0.032404388,0.077958822,1.747041178,8118.102934,,,,
630,4,0,0,390.6708,70.0,15.9,0.005821117,67.3431202270194,5.627746582,0.0,0.061357422,-0.089359999,1.914359999,8131.51928,,,,
631,4,0,0,392.5109,70.0,15.9,0.005800391,67.399742746684,5.144348145,0.0,0.091269165,-0.171952486,1.996952486,8146.15993,,,,
632,4,0,0,394.3684,69.0,16.1,0.005807241,67.2520817300538,2.856445313,0.0,-0.044675873,-0.041663885,1.866663885,8159.478808,,,,
633,4,0,0,396.4793,69.0,16.1,0.005835436,66.8163815069322,0.0,0.0,-0.094528778,0.119747877,1.705252123,8174.493544,,,,
634,4,0,0,398.6128,70.0,16.3,0.005864332,66.4326000888968,2.548828125,0.0,-0.024734711,0.057379961,1.767620039,8187.006119,,,,
635,4,0,0,400.048,70.0,16.3,0.005888145,66.0739957490904,0.87890625,0.0,0.083599487,-0.159230947,1.984230947,8201.196405,,,,
636,4,0,0,401.2519,69.0,16.8,0.005891128,65.7150697987784,7.564086914,0.0,0.092803101,-0.249123812,2.074123812,8214.102956,,,,
637,4,0,0,402.7062,69.0,16.8,0.005874176,66.0511308096394,3.694152832,0.0,0.013038452,-0.136533022,1.961533022,8228.072601,,,,
638,4,0,0,404.171,69.0,16.9,0.005849619,65.6437633229924,0.0,7.479858398,-0.033938324,0.049265146,1.775734854,8240.77785,,,,
639,4,0,0,405.1536,69.0,16.9,0.005820922,65.1952049560728,0.0,18.75915527,-0.036239227,0.210182905,1.614817095,8253.387826,,,,
640,4,0,0,407.133,69.0,17.0,0.005786809,64.6863518774766,0.0,26.2298584,-0.0868591,0.279978037,1.545021963,8267.036381,,,,
641,4,0,0,408.1299,69.0,17.0,0.005759955,64.244026484377,0.0,35.0189209,0.003834839,0.181113958,1.643886042,8278.887329,,,,
642,4,0,0,409.3831,69.0,17.4,0.005735162,63.74355224137,0.0,42.0501709,0.07592981,0.008604288,1.816395712,8292.885158,,,,
643,4,0,0,410.1386,69.0,17.4,0.005717362,63.3090441529468,0.0,201.7181396,0.032979614,-0.069302797,1.894302797,8305.104565,,,,
644,4,0,0,410.1386,69.0,17.7,0.005699236,62.816122912708,0.0,244.9310303,-0.000959,-0.055337191,1.880337191,8318.330217,,,,
645,4,0,0,410.897,69.0,17.7,0.00568337,62.3722748586608,0.0,262.3626709,0.032979614,-0.035298586,1.860298586,8329.896419,,,,
646,4,0,0,411.1504,68.0,17.8,0.00566265,61.9027772241606,0.0,260.458374,0.012271484,-0.008574247,1.833574247,8344.071529,,,,
647,4,0,0,411.9125,68.0,17.8,0.005643683,61.480546854971,0.0,214.755249,-0.000959,0.041309595,1.783690405,8356.344075,,,,
648,4,0,0,412.1672,68.0,17.8,0.005632847,61.0617992745688,0.0,199.6673584,0.0,0.0982759,1.7267241,8369.510547,,,,
649,4,0,0,414.2159,68.0,17.8,0.005642856,60.6010558542128,0.0,202.4505615,-0.045442841,0.155812979,1.669187021,8384.898006,,,,
650,4,0,0,415.7658,69.0,18.1,0.005673719,60.2023491917098,0.0,202.3040771,-0.010929291,0.155573606,1.669426394,8398.070098,,,,
651,4,0,0,417.5888,69.0,18.1,0.005726429,59.6168534199424,0.0,37.3626709,-0.010929291,0.10947156,1.71552844,8413.322725,,,,
652,4,0,0,419.6919,69.0,18.4,0.005776206,59.1807509261944,10.42327881,0.0,-0.003259613,0.046967268,1.778032732,8427.41103,,,,
653,4,0,0,421.2832,70.0,18.4,0.005821925,61.0872400431568,19.35241699,0.0,0.012271484,-0.020721197,1.845721197,8443.546661,,,,
654,4,0,0,422.6185,70.0,18.7,0.005843731,62.803618582309,22.69500732,0.0,-0.019365936,-0.059751272,1.884751272,8457.207191,,,,
655,4,0,0,425.5862,70.0,18.7,0.005845582,64.365226362579,19.35241699,0.0,0.02761084,-0.118694544,1.943694544,8472.894689,,,,
656,4,0,0,426.6758,71.0,18.9,0.005830968,66.010550319842,23.22509766,0.0,0.025309937,-0.149379015,1.974379015,8487.364061,,,,
657,4,0,0,428.3206,70.0,18.9,0.005809611,67.2404723053486,15.70220947,0.0,0.008436646,-0.113443613,1.938443613,8501.17285,,,,
658,4,0,0,429.7009,70.0,19.4,0.005786639,68.3844624550172,12.18383789,0.0,-0.016298065,-0.030106306,1.855106306,8517.599828,,,,
659,4,0,0,431.0902,70.0,19.4,0.005768441,68.9295452853746,9.104919434,0.0,-0.007094452,0.021258116,1.803741884,8532.15172,,,,
660,4,0,0,432.4885,70.0,19.9,0.005743966,69.4184977644262,11.39007568,0.0,0.013038452,0.056637049,1.768362951,8548.122454,,,,
661,4,0,0,434.1785,70.0,19.9,0.005716685,69.9104854748112,11.25823975,0.0,0.008436646,0.081459761,1.743540239,8562.150198,,,,
662,4,0,0,435.597,71.0,20.3,0.005678155,70.4276104483536,8.929138184,0.0,-0.027035614,0.116840124,1.708159876,8578.855123,,,,
663,4,0,0,437.5985,70.0,20.3,0.005639753,70.6488497655808,8.399047852,0.0,-0.024734711,0.112733603,1.712266397,8593.483411,,,,
664,4,0,0,438.1737,70.0,20.3,0.005596104,71.2015842029682,7.124633789,0.0,0.016106323,0.053690672,1.771309328,8609.323036,,,,
665,4,0,0,439.9085,70.0,20.3,0.005560898,70.8202391647588,0.0,0.0,0.003834839,-0.003813028,1.828813028,8623.849938,,,,
666,4,0,0,441.6571,70.0,20.7,0.005530785,71.1167867748028,9.939880371,0.0,0.00690271,-0.056547403,1.881547403,8637.797307,,,,
667,4,0,0,442.8306,70.0,20.7,0.005512244,71.5598610259912,10.15960693,0.0,-0.007094452,-0.103243589,1.928243589,8654.4169,,,,
668,4,0,0,444.3062,70.0,20.7,0.005517955,71.9731478904658,9.104919434,0.0,0.014572388,-0.137430429,1.962430429,8668.277481,,,,
669,4,0,0,446.09,71.0,20.7,0.005546565,72.1824132996646,5.982055664,0.0,0.001533936,-0.168738127,1.993738127,8684.653351,,,,
670,4,0,0,446.9873,70.0,20.7,0.005579958,72.165775958838,3.562316895,0.0,0.016106323,-0.179534197,2.004534197,8698.301031,,,,
671,4,0,0,448.4908,69.0,20.7,0.005614073,71.6842213260852,0.0,0.0,0.018407227,-0.166117907,1.991117907,8714.420688,,,,
672,4,0,0,448.4908,69.0,20.5,0.005632104,71.181146099957,1.0546875,0.0,-0.017832001,-0.122830153,1.947830153,8728.492234,,,,
673,4,0,0,448.1893,68.0,20.5,0.005635914,71.3680098021304,10.07171631,0.0,-0.005560516,-0.08236146,1.90736146,8743.722645,,,,
674,4,0,0,448.7927,68.0,20.2,0.005630764,71.7863610342774,10.3793335,0.0,0.003067871,-0.064392805,1.889392805,8756.946938,,,,
675,4,0,0,450.6128,68.0,20.2,0.005626404,71.8514779884234,0.0,0.0,0.001533936,-0.049278498,1.874278498,8770.699287,,,,
676,4,0,0,452.1409,68.0,20.0,0.005626482,71.282331823584,1.669921875,0.0,0.00690271,-0.031508684,1.856508684,8786.201624,,,,
677,4,0,0,453.3708,69.0,20.0,0.005632724,70.78926690147,0.0,31.94274902,0.001533936,-0.004325628,1.829325628,8799.121612,,,,
678,4,0,0,455.2283,69.0,19.5,0.005646612,70.2367338247034,0.0,153.817749,0.001533936,0.021216154,1.803783846,8813.774353,,,,
679,4,0,0,457.1011,69.0,19.5,0.005657053,69.7399867487628,0.0,176.3763428,0.008436646,0.049152613,1.775847387,8827.100883,,,,
680,4,0,0,458.6735,69.0,19.1,0.005657878,69.1786112016464,0.0,227.4993896,-0.005560516,0.102370501,1.722629499,8842.123472,,,,
681,4,0,0,458.9893,69.0,19.1,0.005652349,68.6897899803652,0.0,261.9232178,-0.024734711,0.145809412,1.679190588,8854.643602,,,,
682,4,0,0,461.5314,69.0,18.4,0.005651269,68.1710914585444,0.0,261.7767334,0.010737549,0.135938406,1.689061594,8869.431461,,,,
683,4,0,0,463.4565,70.0,18.4,0.005662349,67.6560755089786,0.0,261.9232178,0.02761084,0.110973597,1.714026403,8881.755967,,,,
684,4,0,0,461.8511,70.0,18.3,0.005687775,67.2109892609222,0.0,261.9232178,0.014572388,0.155380964,1.669619036,8893.992324,,,,
685,4,0,0,460.2568,70.0,18.3,0.005730111,66.6875300377936,0.0,261.9232178,-0.010929291,0.244591951,1.580408049,8908.444459,,,,
686,4,0,0,459.6222,70.0,18.0,0.005763208,66.1679900564604,0.0,222.8118896,-0.013997162,0.319868326,1.505131674,8921.060822,,,,
687,4,0,0,459.3055,70.0,18.0,0.005776314,65.652663761769,0.0,166.8548584,-0.003259613,0.348988295,1.476011705,8934.716632,,,,
688,4,0,0,458.9893,70.0,17.7,0.005765773,65.1899722836232,0.0,175.9368896,-0.012463226,0.357243299,1.467756701,8947.136217,,,,
689,4,0,0,458.9893,71.0,17.7,0.005743023,64.6662565960722,0.0,165.2435303,0.03451355,0.328598261,1.496401739,8960.578333,,,,
690,4,0,0,459.6222,70.0,17.1,0.005723958,64.2262939233068,0.0,165.9759521,0.030678711,0.307369947,1.517630053,8972.25012,,,,
691,4,0,0,460.2568,70.0,17.1,0.005710244,63.7106051569672,0.0,166.2689209,-0.010929291,0.378693819,1.446306181,8986.073063,,,,
692,4,0,0,451.8344,70.0,16.9,0.005710822,63.2757577231116,0.0,189.5599365,-0.030870453,0.462230444,1.362769556,8998.292073,,,,
693,4,0,0,428.5959,70.0,16.9,0.005731675,62.7821780375052,0.0,258.4075928,-0.043141937,0.474725008,1.350274992,9011.762932,,,,
694,4,0,0,412.6775,70.0,16.7,0.00577113,62.3542296350154,0.0,262.2161865,0.0,0.370397329,1.454602671,9023.667039,,,,
695,4,0,0,403.6816,70.0,16.7,0.005828334,61.944249046917,0.0,261.3372803,0.04141626,0.250813246,1.574186754,9036.278699,,,,
696,4,0,0,397.1879,70.0,16.6,0.005903723,61.4164636925608,0.0,227.2064209,0.018407227,0.204080343,1.620919657,9050.704293,,,,
697,4,0,0,396.0082,70.0,16.6,0.005965202,60.9533834944314,0.0,239.9505615,0.025309937,0.230276823,1.594723177,9062.806969,,,,
698,4,0,0,395.0695,69.0,16.4,0.006014081,60.4788028561016,0.0,101.9622803,-0.005560516,0.323765039,1.501234961,9077.139861,,,,
699,4,0,0,396.0082,70.0,16.4,0.006028076,60.0657337192356,0.0,35.45837402,-0.025501678,0.420355558,1.404644442,9089.085677,,,,
700,4,0,0,397.4247,70.0,16.3,0.006014999,59.614377836594,5.627746582,0.0,-0.024734711,0.47496295,1.35003705,9103.195393,,,,
701,4,0,0,401.0105,70.0,16.3,0.005992706,59.9466103241554,5.627746582,0.0,-0.036239227,0.451799631,1.373200369,9114.954722,,,,
702,4,0,0,403.9262,70.0,16.4,0.005970277,60.5765496132694,14.24926758,0.0,-0.024734711,0.334142923,1.490857077,9128.844223,,,,
703,4,0,0,405.6466,70.0,16.4,0.005960388,61.1594969790534,8.618774414,0.0,0.017640259,0.203058004,1.621941996,9140.41992,,,,
704,4,0,0,408.8809,70.0,16.0,0.00595951,61.7904834978922,12.71118164,0.0,-0.001725677,0.061855555,1.763144445,9152.457879,,,,
705,4,0,0,411.6582,70.0,16.0,0.00595725,62.3397848107246,4.089660645,0.0,0.085900391,-0.074443579,1.899443579,9166.065435,,,,
706,4,0,0,413.9587,69.0,15.9,0.005941419,62.2654909010032,3.869934082,0.0,0.032979614,-0.066124201,1.891124201,9177.537325,,,,
707,4,0,0,416.2851,69.0,15.9,0.005905611,62.0244165809298,0.0,0.0,-0.019365936,0.058360338,1.766639662,9190.572645,,,,
708,4,0,0,416.5452,69.0,15.8,0.005869105,61.6018709098474,0.0,0.0,-0.063850067,0.134771585,1.690228415,9202.427928,,,,
709,4,0,0,419.6919,69.0,15.8,0.005834408,61.106530043012,0.0,0.0,0.02761084,0.104173899,1.720826101,9215.791781,,,,
710,4,0,0,420.221,69.0,15.7,0.005812812,60.6752696027088,0.0,0.0,-0.000959,0.07371974,1.75128026,9226.929174,,,,
711,4,0,0,421.0172,69.0,15.7,0.005794193,60.1878456104156,0.0,0.0,0.016106323,0.058403254,1.766596746,9239.559667,,,,
712,4,0,0,422.3508,69.0,15.7,0.005778319,59.7628115134516,0.0,2.645874023,-0.000959,0.058935881,1.766064119,9251.046211,,,,
713,4,0,0,423.4238,68.0,15.7,0.005757191,59.3400596698218,0.0,5.575561523,-0.02166684,0.061324835,1.763675165,9261.929682,,,,
714,4,0,0,424.5023,68.0,15.6,0.005722559,58.863509279799,0.0,10.9954834,-0.010929291,0.037132025,1.787867975,9274.784135,,,,
715,4,0,0,424.7727,68.0,15.6,0.005685688,58.8857388196312,5.938110352,0.0,0.008436646,-0.007325888,1.832325888,9286.005174,,,,
716,4,0,0,424.2321,68.0,15.5,0.005643202,58.911867371855,0.0,0.0,0.005368774,-0.058659792,1.883659792,9298.149427,,,,
717,4,0,0,423.6929,68.0,15.5,0.00560663,58.4806448958824,0.0,0.0,0.003067871,-0.102852106,1.927852106,9308.693163,,,,
718,4,0,0,423.9624,68.0,15.5,0.005564604,57.9954294974316,0.0,51.57165527,0.009203613,-0.140142679,1.965142679,9321.146318,,,,
719,4,0,0,426.1303,68.0,15.5,0.005536365,57.5709670702224,0.0,148.9837646,0.013038452,-0.151793242,1.976793242,9332.016348,,,,
720,4,0,0,428.0455,69.0,15.2,0.005522778,57.1073031001014,0.0,175.3509521,-0.010929291,-0.138482809,1.963482809,9343.780551,,,,
721,4,0,0,429.4241,68.0,15.2,0.005520713,56.7023365395202,0.0,180.1849365,0.023776001,-0.119834185,1.944834185,9354.478969,,,,
722,4,0,0,430.2556,69.0,14.5,0.005518018,56.2994418754418,0.0,174.6185303,0.021475098,-0.062688112,1.887688112,9364.615079,,,,
723,4,0,0,432.7693,69.0,14.5,0.005513516,55.8456839401964,0.0,177.1087646,-0.003259613,0.045555353,1.779444647,9376.617203,,,,
724,4,0,0,434.7448,69.0,14.0,0.005516479,55.4627125673566,0.0,176.3763428,-0.02856955,0.141427755,1.683572245,9386.830685,,,,
725,4,0,0,436.7384,69.0,14.0,0.005533981,55.0138857464316,0.0,176.8157959,-0.043141937,0.222109556,1.602890444,9399.262671,,,,
726,4,0,0,438.4619,69.0,13.5,0.005557551,54.6219057871672,0.0,177.6947021,-0.046976776,0.209830046,1.615169954,9410.031597,,,,
727,4,0,0,439.6184,69.0,13.5,0.0055837,54.178796098312,0.0,176.8157959,0.039882324,0.10265851,1.72234149,9422.762044,,,,
728,4,0,0,440.4898,70.0,13.4,0.005596817,53.8059762651648,0.0,125.8392334,0.050619873,0.047600031,1.777399969,9435.330532,,,,
729,4,0,0,442.2431,70.0,13.4,0.005593146,53.368734406977,0.0,140.3411865,0.012271484,0.075254679,1.749745321,9448.750657,,,,
730,4,0,0,443.4197,70.0,13.2,0.00557662,52.975274595209,0.0,123.2025146,-0.004793549,0.130883932,1.694116068,9460.669734,,,,
731,4,0,0,446.9873,69.0,13.2,0.005558898,52.5962077708904,0.0,74.42321777,-0.037773163,0.182714701,1.642285299,9473.290733,,,,
732,4,0,0,441.3647,69.0,13.1,0.005553172,52.1683942954662,0.0,69.73571777,-0.036239227,0.178973436,1.646026564,9487.14009,,,,
733,4,0,0,442.5366,69.0,13.1,0.005567512,51.794493629575,0.0,0.0,-0.015531097,0.103476286,1.721523714,9500.107086,,,,
734,4,0,0,444.0103,69.0,13.0,0.00559528,52.4814233817578,7.651977539,0.0,0.07592981,-0.016694784,1.841694784,9514.440762,,,,
735,4,0,0,444.0103,70.0,13.0,0.005615698,53.2669699324992,17.06451416,0.0,0.095104004,-0.037773848,1.862773848,9527.645768,,,,
736,4,0,0,444.3062,70.0,12.9,0.005634806,54.9738446913088,17.1963501,0.0,-0.030870453,0.088441133,1.736558867,9542.076909,,,,
737,4,0,0,445.4938,70.0,12.9,0.005654453,56.6902503961202,19.13269043,0.0,-0.013997162,0.191833735,1.633166265,9555.538055,,,,
738,4,0,0,447.8882,70.0,13.1,0.005677378,58.6155959084616,18.12194824,0.0,-0.001725677,0.261677504,1.563322496,9571.005364,,,,
739,4,0,0,449.3978,70.0,13.1,0.005689073,59.7789136843546,17.46276855,0.0,-0.000959,0.310496092,1.514503908,9584.054747,,,,
740,4,0,0,451.2228,70.0,13.3,0.005687554,60.8910519537706,11.21429443,0.0,-0.016298065,0.350291967,1.474708033,9597.148157,,,,
741,4,0,0,453.6793,70.0,13.3,0.005672546,61.7166227581252,13.2824707,0.0,-0.066917938,0.357424974,1.467575026,9612.782167,,,,
742,4,0,0,453.9883,70.0,13.8,0.005653793,62.0775454165752,6.157836914,0.0,-0.054646454,0.272692442,1.552307558,9625.930582,,,,
743,4,0,0,455.5394,71.0,13.8,0.005625716,62.8256166829558,19.96765137,0.0,0.00690271,0.060183287,1.764816713,9641.65182,,,,
744,4,0,0,457.1011,71.0,14.2,0.005589185,64.0786463768524,11.25823975,0.0,0.07592981,-0.136343241,1.961343241,9655.62775,,,,
745,4,0,0,458.9893,71.0,14.2,0.005531729,64.7549204314008,8.091430664,0.0,0.078230713,-0.228542566,2.053542566,9670.944243,,,,
746,4,0,0,460.5748,70.0,14.3,0.005473734,64.7642758788756,0.0,0.0,0.032212646,-0.114260435,1.939260435,9684.36311,,,,
747,4,0,0,462.1713,70.0,14.3,0.005411749,65.3279371394072,17.24029541,0.0,0.017640259,0.104031801,1.720968199,9700.348355,,,,
748,4,0,0,463.4565,69.0,14.3,0.005372215,66.4748012645412,12.40356445,0.0,-0.045442841,0.329810858,1.495189142,9714.424636,,,,
749,4,0,0,465.073,69.0,14.3,0.005349843,66.8867217510756,8.311157227,0.0,-0.068451874,0.515858889,1.309141111,9727.868848,,,,
750,4,0,0,466.0484,69.0,14.7,0.005343095,67.1708063424784,7.520141602,0.0,-0.041608002,0.537087679,1.287912321,9743.229825,,,,
751,4,0,0,466.7009,69.0,14.7,0.005352661,67.3960671428712,7.432250977,0.0,0.016106323,0.430007696,1.394992304,9757.220643,,,,
752,4,0,0,467.6831,69.0,14.7,0.005380675,67.5765271202506,5.627746582,0.0,0.017640259,0.267412424,1.557587576,9773.002824,,,,
753,4,0,0,469.3293,70.0,14.7,0.005415398,67.637440574877,5.58380127,0.0,0.016106323,0.160433054,1.664566946,9786.252316,,,,
754,4,0,0,471.3202,70.0,15.0,0.00545187,68.2416830333156,13.45825195,0.0,0.014572388,0.080129862,1.744870138,9802.017683,,,,
755,4,0,0,472.3219,70.0,15.0,0.005466446,68.7387397945524,8.399047852,0.0,-0.000959,0.05591464,1.76908536,9815.164274,,,,
756,4,0,0,473.328,69.0,15.0,0.005459521,68.984520999604,5.671691895,0.0,0.014572388,0.047609568,1.777390432,9830.692429,,,,
757,4,0,0,475.3529,69.0,15.0,0.005444078,69.0262510731502,5.58380127,0.0,0.010737549,0.069563627,1.755436373,9843.633904,,,,
758,4,0,0,476.7126,69.0,15.0,0.005432094,69.0680640598932,5.58380127,0.0,0.001533936,0.105131388,1.719868612,9857.092412,,,,
759,4,0,0,478.4231,69.0,15.0,0.005429926,69.1148231117252,5.58380127,0.0,-0.012463226,0.150872946,1.674127054,9871.659545,,,,
760,4,0,0,480.146,69.0,15.3,0.005437288,69.1520000083566,5.58380127,0.0,-0.010929291,0.164927721,1.660072279,9884.908115,,,,
761,4,0,0,481.1856,69.0,15.3,0.005448393,69.097186386852,0.0,0.0,-0.000959,0.158617258,1.666382742,9899.84257,,,,
762,4,0,0,480.8386,69.0,15.3,0.005457127,68.589976170808,0.0,1.620483398,0.017640259,0.158365011,1.666634989,9912.289335,,,,
763,4,0,0,480.8386,69.0,15.3,0.00546952,68.0809627536676,3.913879395,0.0,-0.024734711,0.186952353,1.638047647,9926.405302,,,,
764,4,0,0,480.8386,70.0,15.3,0.005481973,68.1647520429768,6.509399414,0.0,-0.003259613,0.191730738,1.633269262,9939.243461,,,,
765,4,0,0,479.8004,69.0,15.3,0.005490204,68.044361469674,0.0,62.70446777,-0.019365936,0.158247709,1.666752291,9953.71564,,,,
766,4,0,0,479.4553,69.0,15.3,0.005487017,67.5630187869992,0.0,109.4329834,0.00690271,0.08837676,1.73662324,9965.777313,,,,
767,4,0,0,478.4231,69.0,15.3,0.005474775,67.0689512943454,0.0,136.5325928,0.00690271,0.011146307,1.813853693,9978.320766,,,,
768,4,0,0,478.08,69.0,15.2,0.005451733,66.498220814743,0.0,203.036499,-0.000959,-0.064769983,1.889769983,9991.896652,,,,
769,4,0,0,478.7667,70.0,15.2,0.005423091,66.0295068805426,0.0,201.4251709,0.00690271,-0.126283407,1.951283407,10003.68869,,,,
770,4,0,0,479.8004,70.0,15.2,0.005382712,65.4833048024954,0.0,214.9017334,0.009203613,-0.160334349,1.985334349,10017.82505,,,,
771,4,0,0,481.1856,70.0,15.2,0.005347303,65.0374359806772,0.0,256.5032959,0.036047485,-0.153324366,1.978324366,10030.44169,,,,
772,4,0,0,482.9285,69.0,15.2,0.005317821,64.4992938957784,0.0,259.8724365,0.003067871,-0.080756426,1.905756426,10044.44156,,,,
773,4,0,0,485.0366,69.0,15.2,0.005308266,64.044204634018,0.0,257.5286865,-0.000959,0.006578207,1.818421793,10056.89149,,,,
774,4,0,0,487.5195,69.0,15.2,0.005316681,63.5305834833368,0.0,255.9173584,0.009203613,0.094109297,1.730890703,10071.84524,,,,
775,4,0,0,489.3086,69.0,15.2,0.005338768,63.0674721605718,0.0,255.6243896,0.001533936,0.180163622,1.644836378,10084.9872,,,,
776,4,0,0,490.3884,69.0,15.2,0.005369734,62.607551644038,0.0,255.9173584,-0.012463226,0.290120363,1.534879637,10097.44528,,,,
777,4,0,0,491.1109,70.0,15.2,0.005404342,62.089201335113,0.0,261.7767334,-0.023200775,0.384690046,1.440309954,10112.23837,,,,
778,4,0,0,491.8355,70.0,14.9,0.005423394,61.6213603873956,0.0,261.9232178,-0.034705292,0.408263922,1.416736078,10124.64941,,,,
779,4,0,0,493.2912,70.0,14.9,0.00543004,61.1103148244504,0.0,63.1439209,-0.001725677,0.325762033,1.499237967,10138.87108,,,,
780,4,0,0,495.491,70.0,14.6,0.005426712,60.6641931914116,0.0,14.5111084,0.03451355,0.202951193,1.622048807,10151.93615,,,,
781,4,0,0,496.2287,70.0,14.6,0.005416792,61.1022661127754,12.00805664,0.0,0.0,0.138600588,1.686399412,10166.8629,,,,
782,4,0,0,496.5983,70.0,14.6,0.005406823,61.868744929609,12.13989258,0.0,-0.016298065,0.115966558,1.709033442,10179.49507,,,,
783,4,0,0,498.4548,71.0,14.6,0.005398481,63.0101370734354,17.32818604,0.0,-0.001725677,0.08919692,1.73580308,10193.96176,,,,
784,4,0,0,499.2013,70.0,14.7,0.00539325,64.0072018518812,11.70043945,0.0,-0.033938324,0.056843042,1.768156958,10207.20376,,,,
785,4,0,0,501.4542,70.0,14.7,0.005388006,64.5852009638738,8.399047852,0.0,0.04141626,-0.009425879,1.834425879,10219.75788,,,,
786,4,0,0,501.4542,70.0,15.0,0.005383714,64.540369869175,0.0,0.0,0.018407227,0.010349512,1.814650488,10234.63394,,,,
787,4,0,0,504.1085,70.0,15.0,0.005383917,64.0703041537482,0.087890625,0.0,-0.008628387,0.097991228,1.727008772,10247.76596,,,,
788,4,0,0,505.2546,70.0,15.3,0.005391237,63.90205372396,3.65020752,0.0,-0.005560516,0.177520037,1.647479963,10262.10464,,,,
789,4,0,0,506.406,70.0,15.3,0.00540653,63.8077330585314,5.58380127,0.0,-0.012463226,0.210317373,1.614682627,10274.66271,,,,
790,4,0,0,507.9494,70.0,15.3,0.005433456,64.088398880692,5.58380127,0.0,-0.019365936,0.221320391,1.603679609,10289.6906,,,,
791,4,0,0,509.1131,70.0,15.3,0.005458381,64.1877850725178,5.58380127,0.0,-0.017832001,0.173829317,1.651170683,10302.97725,,,,
792,4,0,0,510.6731,71.0,15.5,0.005483463,64.8295206468044,8.311157227,0.0,0.001533936,0.065231085,1.759768915,10317.53131,,,,
793,4,0,0,511.8493,71.0,15.5,0.005507735,65.0566508565412,5.627746582,0.0,0.0,-0.029704809,1.854704809,10330.89496,,,,
794,4,0,0,512.6365,71.0,15.8,0.005540609,65.1311147930336,3.913879395,0.0,-0.004793549,-0.134783983,1.959783983,10343.66661,,,,
795,4,0,0,513.4261,70.0,15.8,0.005585266,64.763677140022,0.0,0.0,0.032212646,-0.231204271,2.056204271,10358.89209,,,,
796,4,0,0,514.6151,69.0,16.0,0.005619921,64.2742121344606,0.0,0.0,0.032212646,-0.21363759,2.03863759,10371.69622,,,,
797,4,0,0,515.4108,68.0,16.0,0.005645768,64.4200006840008,6.904907227,0.0,-0.008628387,-0.04422307,1.86922307,10386.94702,,,,
798,4,0,0,516.609,68.0,16.5,0.005657232,64.5591543109626,3.65020752,0.0,-0.02166684,0.100269079,1.724730921,10399.76869,,,,
799,4,0,0,517.8128,68.0,16.5,0.005666619,64.534373629269,7.388305664,0.0,-0.024734711,0.235749483,1.589250517,10415.05183,,,,
800,4,0,0,519.0222,68.0,16.9,0.005676821,64.8638517636072,8.003540039,0.0,-0.02166684,0.300441027,1.524558973,10428.51883,,,,
801,4,0,0,519.4266,69.0,16.9,0.005685607,65.198329296562,7.520141602,0.0,-0.015531097,0.309569597,1.515430403,10443.22892,,,,
802,4,0,0,520.6435,69.0,17.0,0.005684256,65.4736942424438,7.520141602,0.0,0.037581421,0.288792849,1.536207151,10456.11815,,,,
803,4,0,0,521.8662,69.0,17.0,0.00567597,65.598843006484,4.309387207,0.0,-0.003259613,0.322492361,1.502507639,10469.67137,,,,
804,4,0,0,523.0946,69.0,17.1,0.005671321,65.6845051008446,5.627746582,0.0,0.003834839,0.417352915,1.407647085,10485.06377,,,,
805,4,0,0,524.3289,69.0,17.1,0.005685684,65.7724169720582,5.58380127,0.0,-0.019365936,0.510188818,1.314811182,10497.94748,,,,
806,4,0,0,525.1549,69.0,16.9,0.00572494,65.8561473917102,5.23223877,0.0,-0.046976776,0.580296278,1.244703722,10512.70883,,,,
807,4,0,0,527.6488,68.0,16.9,0.005761342,65.8864279284802,5.320129395,0.0,-0.004793549,0.527825117,1.297174883,10526.27936,,,,
808,4,0,0,528.0667,69.0,16.4,0.005787781,65.9513913676836,5.58380127,0.0,-0.020132904,0.405401468,1.419598532,10541.71129,,,,
809,4,0,0,528.0667,69.0,16.4,0.005805303,66.032137040998,5.495910645,0.0,0.016106323,0.326174021,1.498825979,10554.66286,,,,
810,4,0,0,530.1665,70.0,16.0,0.005834049,66.127398784085,5.58380127,0.0,-0.010929291,0.276932955,1.548067045,10570.06177,,,,
811,4,0,0,531.8583,70.0,16.0,0.005866108,66.2090458970136,5.58380127,0.0,0.009203613,0.235245466,1.589754534,10582.9672,,,,
812,4,0,0,531.8583,71.0,15.9,0.005897511,66.3004564572938,6.729125977,0.0,-0.004793549,0.184604406,1.640395594,10595.81855,,,,
813,4,0,0,532.7083,71.0,15.9,0.005928488,66.640436017934,5.58380127,0.0,0.025309937,0.135645628,1.689354372,10611.10635,,,,
814,4,0,0,534.4164,71.0,15.5,0.005951872,66.3887070462972,0.0,0.0,0.014572388,0.1146276,1.7103724,10624.67831,,,,
815,4,0,0,536.1355,71.0,15.5,0.005976069,66.3247596799962,6.904907227,0.0,-0.017832001,0.144814253,1.680185747,10639.61722,,,,
816,4,0,0,536.9992,70.0,15.5,0.005995068,66.4966013680878,7.344360352,0.0,-0.032404388,0.159431219,1.665568781,10653.39959,,,,
817,4,0,0,537.8657,70.0,15.5,0.006006172,66.693566044491,5.451965332,0.0,-0.017832001,0.091724634,1.733275366,10668.47303,,,,
818,4,0,0,538.7351,69.0,15.4,0.005998033,66.6362434297396,4.309387207,0.0,0.018407227,-0.007807016,1.832807016,10682.30421,,,,
819,4,0,0,540.0443,69.0,15.4,0.005967997,66.5680315216528,3.738098145,0.0,-0.004793549,-0.06987071,1.89487071,10697.40564,,,,
820,4,0,0,540.9206,68.0,15.1,0.005931077,66.4483329162698,3.29864502,0.0,0.008436646,-0.104242086,1.929242086,10711.25552,,,,
821,4,0,0,542.2405,68.0,15.1,0.005893601,66.2052672310672,2.109375,0.0,-0.030103485,-0.140514612,1.965514612,10724.43077,,,,
822,4,0,0,543.5669,69.0,15.1,0.005856319,65.967050020576,9.104919434,0.0,0.023776001,-0.231266737,2.056266737,10739.44455,,,,
823,4,0,0,544.8997,69.0,15.1,0.00582936,66.5846096709542,11.21429443,0.0,0.023009033,-0.258456945,2.083456945,10753.80895,,,,
824,4,0,0,545.7919,69.0,15.1,0.005804281,67.315390799924,9.192810059,0.0,0.026843872,-0.211965322,2.036965322,10768.69373,,,,
825,4,0,0,546.6871,69.0,15.1,0.005790017,67.7178668746684,6.641235352,0.0,0.0,-0.124123335,1.949123335,10781.61919,,,,
826,4,0,0,547.5851,69.0,15.4,0.005788351,67.8635148805464,5.58380127,0.0,-0.02856955,-0.006381273,1.831381273,10796.88827,,,,
827,4,0,0,548.4862,69.0,15.4,0.005797815,67.9272350885064,5.58380127,0.0,-0.015531097,0.040173769,1.784826231,10809.61521,,,,
828,4,0,0,549.8433,68.0,15.6,0.00580625,67.9926694205938,5.364074707,0.0,0.003067871,0.026243448,1.798756552,10824.64902,,,,
829,4,0,0,551.2071,68.0,15.6,0.005803154,67.8552154658862,0.483398438,0.0,0.001533936,-0.002247095,1.827247095,10837.24377,,,,
830,4,0,0,552.1201,69.0,16.2,0.005799439,67.5721184942546,4.397277832,0.0,0.012271484,-0.00995326,1.83495326,10850.47827,,,,
831,4,0,0,552.5778,68.0,16.2,0.005813894,67.4776105499302,0.0,0.0,-0.000959,0.020316362,1.804683638,10864.89917,,,,
832,4,0,0,553.9552,68.0,16.3,0.00584993,66.9012558454562,0.0,0.0,-0.010929291,0.06147933,1.76352067,10878.02068,,,,
833,4,0,0,554.4159,68.0,16.3,0.005909141,66.24337225017,0.0,0.0,-0.001725677,0.063892603,1.761107397,10892.81214,,,,
834,4,0,0,555.3396,68.0,16.8,0.005964941,65.6753386220726,0.0,0.0,0.016106323,0.047872305,1.777127695,10905.13972,,,,
835,4,0,0,555.8026,68.0,16.8,0.006027923,65.0270234543168,0.0,0.0,-0.004793549,0.061790228,1.763209772,10919.12047,,,,
836,4,0,0,556.7309,68.0,17.2,0.006083339,64.75082607732,8.179321289,0.0,0.0,0.068532705,1.756467295,10931.83573,,,,
837,4,0,0,557.1962,68.0,17.2,0.006142381,65.012384382688,5.58380127,0.0,-0.012463226,0.078387022,1.746612978,10946.16925,,,,
838,4,0,0,558.5968,68.0,17.3,0.006183195,64.6645949525222,0.0,13.9251709,0.003067871,0.069319487,1.755680513,10958.11516,,,,
839,4,0,0,560.4753,69.0,17.3,0.006210031,64.0838188117058,0.0,18.46618652,0.003067871,0.074497938,1.750502062,10970.53821,,,,
840,4,0,0,560.4753,68.0,17.7,0.006219857,63.3984845752924,0.0,104.1595459,-0.010162323,0.119473696,1.705526304,10983.98396,,,,
841,4,0,0,561.8925,69.0,17.7,0.006211803,62.8132013007786,0.0,136.6790771,0.032212646,0.095652342,1.729347658,10995.65814,,,,
842,4,0,0,564.7484,69.0,17.7,0.006197517,62.1426879753206,0.0,225.5950928,-0.000959,0.135431051,1.689568949,11009.44689,,,,
843,4,0,0,564.2704,68.0,17.7,0.006194418,61.4783771910632,0.0,261.0443115,0.025309937,0.184788942,1.640211058,11020.6676,,,,
844,4,0,0,565.2272,68.0,18.0,0.006207601,60.791272487529,0.0,261.0443115,-0.068451874,0.21594882,1.60905118,11030.42574,,,,
845,4,0,0,566.6686,68.0,18.0,0.006227565,60.2127081109548,0.0,260.7513428,0.023009033,0.130700827,1.694299173,11038.47419,,,,
846,4,0,0,567.6335,68.0,18.0,0.006247114,59.551047893584,0.0,260.7513428,0.085900391,0.00906682,1.81593318,11047.95886,,,,
847,4,0,0,568.6018,68.0,18.0,0.006254475,50.0042509549484,0.0,260.3118896,-0.116770844,0.193092585,1.631907415,11056.21977,,,,
848,4,0,0,570.5483,68.0,18.0,0.006253554,41.5342103020928,0.0,261.3372803,0.023776001,0.165154696,1.659845304,11064.03136,,,,
849,4,0,0,571.037,68.0,18.0,0.006245721,40.9595265753408,0.0,261.3372803,0.058289551,0.149378538,1.675621462,11073.23703,,,,
850,4,0,0,572.0169,68.0,18.0,0.006233957,40.460899420132,0.0,261.3372803,-0.050811615,0.251343012,1.573656988,11080.89185,,,,
851,4,0,0,574.4815,69.0,18.0,0.006216336,39.8915477264812,0.0,261.3372803,-0.057714325,0.264639616,1.560360384,11089.89911,,,,
852,4,0,0,575.4733,69.0,18.0,0.006199482,39.4048039056456,0.0,261.0443115,0.039882324,0.181823492,1.643176508,11097.37358,,,,
853,4,0,0,575.9705,69.0,18.0,0.006184862,38.7126471941702,0.0,261.0443115,0.009203613,0.13138032,1.69361968,11106.18144,,,,
854,4,0,0,577.9679,69.0,18.0,0.006182683,38.2381126634314,0.0,261.0443115,0.0,0.112881422,1.712118578,11113.50473,,,,
855,4,0,0,579.475,70.0,18.0,0.006194587,37.6953582744662,0.0,261.3372803,0.010737549,0.099152803,1.725847197,11122.13405,,,,
856,4,0,0,579.9791,70.0,17.7,0.006213436,37.2186148762972,0.0,261.4837646,0.023009033,0.087517977,1.737482023,11129.53582,,,,
