Time,Drive,Stimulus,Failure,Palm.EDA,Heart.Rate,Breathing.Rate,Perinasal.Perspiration,Speed,Acceleration,Brake,Steering,LaneOffset,Lane.Position,Distance,Gaze.X.Pos,Gaze.Y.Pos,Lft.Pupil.Diameter,Rt.Pupil.Diameter
1,4,0,0,90.6766,77.0,11.2,0.007712426,-0.01780769954546,0.0,263.5345459,-0.07995639,-0.100005388,1.925005388,0.0,0.0,0.0,0.003888,0.00361
2,4,0,0,89.4935,76.0,11.6,0.007424207,-0.0178077011548,0.0,263.6810303,-0.07995639,-0.100005388,1.925005388,7.05339e-06,0.0,0.0,0.00403,0.00391
3,4,0,0,87.2585,76.0,11.6,0.00713919,-0.0230119365666,0.0,262.2161865,-0.07995639,-0.100005865,1.925005865,1.44427e-05,677.289307,638.606506,0.004442,0.004288
4,4,0,0,85.3286,75.0,11.9,0.006832052,0.27575021544044,0.0,263.6810303,-0.063850067,-0.10005784,1.92505784,7.56991e-05,681.406189,662.771912,0.003502,0.003476
5,4,0,0,84.0506,75.0,11.9,0.006590603,0.80625370482314,0.0,138.1439209,-0.012463226,-0.100312471,1.925312471,0.009739012,700.385498,795.312317,0.003485,0.003499
6,4,0,0,83.9743,76.0,12.8,0.006352162,0.79555231963548,0.0,16.41540527,-0.008628387,-0.100390673,1.925390673,0.148555698,665.572388,892.56012,0.003878,0.003873
7,4,0,0,84.6654,77.0,12.8,0.006179503,3.8649097930305,7.520141602,0.0,0.003834839,-0.10048604,1.92548604,0.298827712,691.098694,687.141174,0.00405,0.0
8,4,0,0,85.3679,77.0,13.6,0.006032279,6.82909196962644,0.0,33.70056152,-0.02166684,-0.100373507,1.925373507,0.469651116,686.51947,673.616516,0.003521,0.003496
9,4,0,0,84.6654,78.0,13.6,0.005948477,6.63676700756852,5.58380127,0.0,-0.02856955,-0.103343248,1.928343248,0.827446169,747.503418,898.464111,0.003452,0.003577
10,4,0,0,84.0124,78.0,14.7,0.005890357,8.1429252388516,0.0,24.03259277,-0.02856955,-0.110268354,1.935268354,2.18882436,691.236877,677.878784,0.003554,0.003648
11,4,0,0,84.2034,79.0,14.7,0.00585664,7.75906863406074,0.0,101.2298584,-0.024734711,-0.119318724,1.944318724,3.499225963,588.632019,577.916016,0.003448,0.003543
12,4,0,0,84.9372,80.0,15.3,0.005825913,7.33181077844352,0.0,64.60876465,0.003067871,-0.128837824,1.953837824,5.040267709,0.0,0.0,0.003887,0.00389
13,4,0,0,85.7633,80.0,15.3,0.005802892,6.94172085865258,0.0,263.5345459,-0.054646454,-0.140234709,1.965234709,6.722200589,690.997681,687.745422,0.003672,0.003812
14,4,0,0,86.89,81.0,15.9,0.005779719,6.57838628395392,0.0,263.3880615,0.001533936,-0.155362368,1.980362368,8.48784928,683.665405,680.796814,0.003377,0.003487
15,4,0,0,87.6301,82.0,15.9,0.005764379,6.30528524975834,0.0,56.1126709,0.010737549,-0.166581869,1.991581869,9.972620448,686.23938,683.189819,0.003372,0.003484
16,4,0,0,88.2987,82.0,16.4,0.005754157,5.73696703724072,0.0,33.11462402,0.04141626,-0.179033518,2.004033518,11.66696995,684.982727,676.222717,0.003406,0.003501
17,4,0,0,88.6368,80.0,16.4,0.005746764,3.51246908541152,0.0,4.696655273,0.119646973,-0.182830095,2.007830095,13.02876364,693.51532,695.398376,0.003456,0.003541
18,4,0,0,87.6301,80.0,16.8,0.005738947,7.65930450322,12.53540039,0.0,0.131151489,-0.180392504,2.005392504,14.522493,714.5849,692.344116,0.003515,0.003688
19,4,0,0,87.0944,80.0,16.8,0.005739116,11.2336540473837,0.0,263.973999,0.0,-0.16296649,1.98796649,15.78127082,766.201172,702.796021,0.00363,0.003673
20,4,0,0,86.9308,79.0,17.5,0.005749637,10.9212786395946,0.0,263.0950928,-0.036239227,-0.14752841,1.97252841,17.22994463,704.936096,719.177612,0.003646,0.003749
21,4,0,0,87.382,80.0,17.5,0.005758982,-0.30977635909456,0.0,249.7650146,-0.010929291,-0.142882586,1.967882586,18.37874512,686.929688,707.291077,0.003322,0.003354
22,4,0,0,87.9214,80.0,18.2,0.005756284,0.66774087842518,0.0,264.2669678,0.038348389,-0.142700911,1.967700911,19.39184485,705.836182,721.159729,0.003331,0.003383
23,4,0,0,88.6368,82.0,18.2,0.005742073,0.80016019157952,0.0,23.00720215,0.058289551,-0.141532183,1.966532183,20.02870753,702.053406,714.133789,0.003426,0.003521
24,4,0,0,89.2777,83.0,18.8,0.005724375,1.99406948344808,5.58380127,0.0,0.058289551,-0.139741659,1.964741659,21.78319726,675.477295,722.595215,0.00355,0.003538
25,4,0,0,89.6668,83.0,18.8,0.005716316,3.88905150558918,4.265441895,0.0,0.063658325,-0.13450408,1.95950408,23.97025682,694.854919,724.27002,0.003312,0.003457
26,4,0,0,89.5367,83.0,19.0,0.005722146,2.48843074824416,0.0,36.7767334,0.063658325,-0.127105951,1.952105951,26.22163056,701.514893,735.951904,0.003479,0.003479
27,4,0,0,88.7642,81.0,19.0,0.0057555,4.9916005757234,13.45825195,0.0,0.063658325,-0.120912313,1.945912313,28.23985387,752.918091,762.004883,0.003263,0.003274
28,4,0,0,88.3829,79.0,18.9,0.005814385,8.88757283876838,0.0,264.5599365,0.051386841,-0.097738028,1.922738028,28.27481153,0.0,0.0,0.0,0.0
29,4,0,0,88.6368,78.0,18.9,0.005910533,3.5865028324472,0.0,262.802124,0.055988647,-0.06553483,1.89053483,28.38497107,0.0,0.0,0.0,0.0
30,4,0,0,89.0631,78.0,18.8,0.005998801,0.11620753010394,0.0,262.9486084,0.0690271,-0.063912153,1.888912153,28.53617423,0.0,0.0,0.0,0.0
31,4,0,0,89.4935,79.0,18.8,0.006073288,0.40820824770584,0.0,263.5345459,0.055988647,-0.063584089,1.888584089,28.71242881,0.0,0.0,0.0,0.0
32,4,0,0,89.9281,80.0,18.7,0.006099196,0.73196958471696,0.0,263.5345459,0.157995361,-0.060017347,1.885017347,29.11721812,0.0,0.0,0.0,0.0
33,4,0,0,90.2348,82.0,18.7,0.006080622,-0.0286982175886,0.0,263.3880615,0.157995361,-0.05668664,1.88168664,29.93439194,0.0,0.0,0.0,0.0
34,4,0,0,90.4552,81.0,18.7,0.006029792,0.22207523739132,0.0,264.2669678,0.157995361,-0.056531191,1.881531191,30.53704471,0.0,0.0,0.0,0.0
35,4,0,0,90.6766,79.0,18.7,0.005953609,0.74884513039432,0.0,0.0,0.157995361,-0.052510023,1.877510023,30.93447227,0.0,0.0,0.0,0.0
36,4,0,0,90.2348,77.0,18.3,0.005891695,9.9780532348883,19.52819824,0.0,0.149558716,-0.029429197,1.854429197,32.23458261,674.70752,686.881714,0.00354,0.003492
37,4,0,0,88.1306,75.0,18.3,0.005833949,18.5375824374022,11.21429443,0.0,-0.103732391,0.084089994,1.740910006,34.20678099,684.80249,683.832092,0.003514,0.003434
38,4,0,0,85.2893,74.0,18.3,0.005789685,22.0322650520722,0.0,12.02087402,-0.151284393,0.160334349,1.664665651,35.58715011,682.484985,682.895203,0.003491,0.003461
39,4,0,0,83.8982,73.0,18.3,0.005740207,21.5429192503246,0.0,0.0,-0.033938324,0.149501085,1.675498915,35.63600779,681.21228,680.230774,0.003368,0.003368
40,4,0,0,83.8223,74.0,18.0,0.005695472,22.9528220000388,11.21429443,0.0,0.071328003,0.115805864,1.709194136,35.63618652,734.980713,863.398071,0.00344,0.00343
41,4,0,0,84.3569,74.0,18.0,0.00565016,27.0556819899144,11.21429443,0.0,-0.039307098,0.118939161,1.706060839,35.72288504,682.811096,681.700928,0.003485,0.003464
42,4,0,0,85.1716,74.0,17.7,0.005630844,30.1019252644512,15.0869751,0.0,-0.010929291,0.100502729,1.724497271,35.88346676,686.535522,682.612915,0.003473,0.003528
43,4,0,0,86.2828,75.0,17.7,0.005645699,34.0268296192016,13.23852539,0.0,0.003067871,0.06248641,1.76251359,36.00494417,686.721619,692.768494,0.003403,0.003489
44,4,0,0,87.1764,76.0,17.7,0.005687851,36.2522596524786,11.25823975,0.0,-0.004793549,0.034236193,1.790763807,36.00432304,690.284912,678.3573,0.00353,0.00345
45,4,0,0,87.9631,76.0,17.7,0.005746232,38.4246784767708,8.929138184,0.0,-0.008628387,0.005198717,1.819801283,36.07876776,680.940186,682.518616,0.00351,0.003538
46,4,0,0,88.552,77.0,17.4,0.005782148,39.53619389942,5.58380127,0.0,0.019941162,-0.026658773,1.851658773,36.22668264,680.438904,696.889282,0.00353,0.003572
47,4,0,0,89.0202,78.0,17.4,0.005794383,39.168573570225,0.0,13.3392334,0.014572388,-0.031868696,1.856868696,37.24328078,681.427673,695.086914,0.003529,0.00355
48,4,0,0,89.3208,76.0,17.5,0.005786921,38.6893076764466,0.0,19.1986084,-0.010929291,-0.010882616,1.835882616,39.90391883,687.493591,687.906677,0.003416,0.003478
49,4,0,0,89.6234,76.0,17.5,0.005766933,38.1753738470968,6.333618164,0.0,-0.000959,-0.014128923,1.839128923,44.04286543,729.519714,873.109802,0.003323,0.003427
50,4,0,0,89.7537,76.0,17.2,0.005743237,39.7795246751074,11.21429443,0.0,-0.037773163,-0.038972616,1.863972616,48.44641433,684.412903,686.507813,0.003411,0.003389
51,4,0,0,90.1031,76.0,17.2,0.005716626,41.7776242001912,13.80981445,0.0,-0.041608002,-0.097954512,1.922954512,52.67835388,0.0,0.0,0.0,0.0
52,4,0,0,90.3669,77.0,17.0,0.005681986,43.879787109756,12.35961914,0.0,0.059823486,-0.235371828,2.060371828,57.69744832,679.284485,681.265625,0.003358,0.00337
53,4,0,0,90.411,79.0,17.0,0.005643588,45.8390618062352,15.0869751,0.0,0.036047485,-0.253712416,2.078712416,62.25756739,680.855713,679.370483,0.00333,0.003345
54,4,0,0,90.6323,80.0,16.8,0.005589587,47.969564227596,11.21429443,0.0,-0.010929291,-0.166468382,1.991468382,68.11860762,687.638489,679.96637,0.003309,0.003316
55,4,0,0,90.9885,81.0,16.8,0.005540513,49.6275604981672,14.60357666,0.0,-0.02856955,-0.10309577,1.92809577,73.98670096,685.359192,679.808777,0.003324,0.003345
56,4,0,0,90.9885,81.0,16.6,0.005495636,51.718859718996,14.77935791,0.0,-0.004793549,-0.097421885,1.922421885,81.01633306,681.302673,678.449219,0.003312,0.003327
57,4,0,0,90.9438,82.0,16.6,0.005471955,53.565017077275,14.77935791,0.0,0.0,-0.124301195,1.949301195,87.66572775,686.772095,687.770508,0.003328,0.003331
58,4,0,0,92.3037,83.0,16.2,0.005452438,55.261645747667,12.97485352,0.0,0.030678711,-0.149947882,1.974947882,96.0120239,679.61969,678.988098,0.003386,0.003374
59,4,0,0,92.1201,82.0,16.2,0.005430196,56.4153269887608,11.74438477,0.0,0.021475098,-0.0908463,1.9158463,102.9896476,686.696106,678.938599,0.003351,0.003347
60,4,0,0,91.8004,81.0,15.8,0.005401604,57.28085559708,7.300415039,0.0,-0.012463226,0.041174173,1.783825827,111.994471,691.812195,688.830994,0.00332,0.003296
61,4,0,0,91.4829,80.0,15.8,0.005383622,57.7238287334362,6.773071289,0.0,-0.033938324,0.123621702,1.701378298,119.6822483,681.914001,679.756226,0.003221,0.003238
62,4,0,0,91.3025,78.0,15.4,0.005374111,58.0680337289002,5.58380127,0.0,-0.001725677,0.115501642,1.709498358,128.4024766,725.907288,855.422485,0.003292,0.003328
63,4,0,0,90.9438,77.0,15.4,0.005373483,58.285717434705,5.58380127,0.0,0.010737549,0.055091143,1.769908857,136.3152243,685.112671,678.429504,0.003325,0.003336
64,4,0,0,91.1677,76.0,14.8,0.005379615,58.5558356746924,6.641235352,0.0,0.010737549,0.018413782,1.806586218,144.8598742,681.329712,676.235291,0.003287,0.003284
65,4,0,0,91.078,76.0,14.8,0.00538246,59.0087628847232,9.456481934,0.0,0.012271484,0.025678873,1.799321127,152.6870968,682.284729,676.141296,0.003271,0.003254
66,4,0,0,90.9438,76.0,14.5,0.005367668,59.8115784905214,8.841247559,0.0,-0.001725677,0.081215143,1.743784857,161.5240643,684.932129,676.036011,0.003296,0.003325
67,4,0,0,89.9281,75.0,14.5,0.005333728,60.469056628688,9.368591309,0.0,-0.024734711,0.138762236,1.686237764,169.5554257,735.169312,850.190979,0.003383,0.003473
68,4,0,0,86.2828,75.0,14.0,0.005276549,61.3653851721688,10.11566162,0.0,-0.004793549,0.147211313,1.677788687,179.4954712,729.901489,849.121887,0.003335,0.003353
69,4,0,0,83.8223,74.0,14.0,0.005221639,62.2474010020794,11.21429443,0.0,-0.007094452,0.127804041,1.697195959,188.1304115,687.102905,676.069702,0.00332,0.003292
70,4,0,0,83.0703,74.0,13.5,0.00516845,63.2938797605552,11.21429443,0.0,-0.001725677,0.080385447,1.744614553,198.3519811,684.225708,671.818787,0.00329,0.003266
71,4,0,0,82.7363,73.0,13.5,0.005138958,63.8663964949038,7.388305664,0.0,0.018407227,0.027323961,1.797676039,208.0472742,0.0,0.0,0.0,0.0
72,4,0,0,82.6624,73.0,13.3,0.005124659,64.1902392194574,5.938110352,0.0,-0.005560516,0.0324471,1.7925529,218.910106,689.0578,675.973083,0.003383,0.003338
73,4,0,0,83.407,73.0,13.3,0.005124753,64.3265164086636,6.773071289,0.0,-0.017832001,0.038556814,1.786443186,228.7003805,684.463318,675.481079,0.003379,0.003349
74,4,0,0,84.6267,74.0,12.9,0.00513145,64.7078642471246,7.827758789,0.0,0.016106323,-0.029452085,1.854452085,240.7062384,740.278015,865.948975,0.003274,0.003296
75,4,0,0,85.7633,75.0,12.9,0.005132053,65.1611182497358,9.368591309,0.0,0.001533936,-0.081678152,1.906678152,250.5802085,684.2995,673.810486,0.003284,0.003246
76,4,0,0,86.9716,74.0,12.8,0.005120097,65.722300547305,8.885192871,0.0,-0.010162323,-0.106211424,1.931211424,261.6866846,706.240417,723.476379,0.003292,0.003348
77,4,0,0,87.7131,73.0,12.8,0.005088884,66.149141450287,6.729125977,0.0,0.014572388,-0.159089327,1.984089327,274.0458757,678.126282,672.15271,0.003269,0.003266
78,4,0,0,88.4251,72.0,12.7,0.005049475,66.4705103778596,8.530883789,0.0,0.003834839,-0.165301561,1.990301561,285.5645249,0.0,0.0,0.0,0.0
79,4,0,0,88.6792,71.0,12.7,0.005002347,66.9907897865492,8.841247559,0.0,0.003067871,-0.129918337,1.954918337,298.2718367,681.514771,672.636597,0.003388,0.003338
80,4,0,0,88.552,71.0,13.0,0.004971602,67.4364972881258,8.618774414,0.0,-0.012463226,-0.087673426,1.912673426,309.4628295,690.522583,680.996826,0.003338,0.003246
81,4,0,0,86.89,72.0,13.0,0.00496268,67.906496312503,8.618774414,0.0,0.005368774,-0.078834772,1.903834772,322.8598908,687.106995,677.145386,0.003341,0.003298
82,4,0,0,84.5494,74.0,12.9,0.004983527,68.3330584456102,8.929138184,0.0,0.005368774,-0.085683107,1.910683107,334.1544645,686.009827,676.34668,0.003324,0.003267
83,4,0,0,83.6708,74.0,12.9,0.005030655,69.114608940758,11.21429443,0.0,0.003834839,-0.066426992,1.891426992,347.1016036,687.428406,675.650024,0.003293,0.003242
84,4,0,0,83.8603,75.0,13.1,0.005075681,69.8195754353644,11.21429443,0.0,-0.001725677,-0.031318903,1.856318903,359.0062204,734.811523,856.77533,0.003407,0.003396
85,4,0,0,84.1652,73.0,13.1,0.005117979,70.6332255042842,10.46722412,0.0,-0.000959,-0.007071257,1.832071257,372.0508888,731.538818,843.878601,0.003369,0.003346
86,4,0,0,84.0506,72.0,13.3,0.005143262,71.191944771357,10.027771,0.0,-0.000959,-0.001055479,1.826055479,383.5548864,733.637207,869.869507,0.00376,0.003573
87,4,0,0,84.0506,71.0,13.3,0.005159459,71.1388934093392,0.0,13.3392334,-0.004793549,-0.004290342,1.829290342,396.8256876,692.677124,676.718994,0.003368,0.003321
88,4,0,0,84.5494,70.0,13.4,0.005169153,70.4910033004642,3.738098145,0.0,-0.003259613,-0.029274702,1.854274702,408.5401447,0.0,0.0,0.0,0.0
89,4,0,0,85.3679,70.0,13.4,0.005188642,70.2367773734438,3.47442627,0.0,0.010737549,-0.077530146,1.902530146,422.6226963,684.04718,688.60968,0.003368,0.003359
90,4,0,0,86.2426,71.0,13.9,0.005220513,69.9820396280232,3.562316895,0.0,0.003067871,-0.097291708,1.922291708,434.5814612,683.901672,677.905823,0.003244,0.003228
91,4,0,0,87.0125,72.0,13.9,0.005266385,69.674141938415,0.571289063,0.0,0.001533936,-0.083986998,1.908986998,448.4085919,732.842102,858.425171,0.003112,0.003224
92,4,0,0,87.6716,73.0,14.0,0.005298143,69.025532695961,0.0,0.0,-0.000959,-0.066339731,1.891339731,461.236902,715.33429,860.5224,0.0,0.004296
93,4,0,0,88.1306,74.0,14.0,0.005314018,68.291242594242,0.131835938,0.0,0.0,-0.057278395,1.882278395,475.3769272,690.87677,672.123291,0.003302,0.003229
94,4,0,0,88.5097,72.0,14.4,0.005316704,68.2068320192258,7.871704102,0.0,-0.000959,-0.050846338,1.875846338,488.4059932,0.0,0.0,0.0,0.0
95,4,0,0,88.8494,71.0,14.4,0.005321456,68.5240354598896,7.036743164,0.0,-0.005560516,-0.047502756,1.872502756,502.6671681,678.254883,676.466797,0.003326,0.003261
96,4,0,0,89.2347,70.0,14.5,0.005333704,68.7281769397426,6.817016602,0.0,-0.004793549,-0.058544397,1.883544397,515.1680383,668.581421,673.24939,0.003256,0.003219
97,4,0,0,89.4502,70.0,14.5,0.005360289,68.9444858346656,6.773071289,0.0,-0.000959,-0.095127821,1.920127821,530.0991581,650.562927,678.321228,0.003286,0.003205
98,4,0,0,89.4935,70.0,14.5,0.005397425,69.1194221709234,6.729125977,0.0,-0.000959,-0.131908178,1.956908178,542.7020601,682.758728,682.923279,0.003338,0.003304
99,4,0,0,89.1917,71.0,14.5,0.005453395,69.3197791429258,6.729125977,0.0,-0.000959,-0.178988695,2.003988695,557.1932637,682.381897,683.264404,0.00332,0.003243
100,4,0,0,88.892,71.0,14.6,0.005502245,69.48929596236,6.641235352,0.0,0.003834839,-0.223833799,2.048833799,569.9586011,681.621521,683.025391,0.003257,0.003211
101,4,0,0,88.892,72.0,14.6,0.005535633,69.6479311328238,6.377563477,0.0,0.016106323,-0.245329142,2.070329142,582.7926656,737.000977,859.229004,0.00321,0.003265
102,4,0,0,89.0631,73.0,14.6,0.005551375,69.7795877298626,6.157836914,0.0,0.005368774,-0.18174386,2.00674386,598.1238662,738.102478,848.345398,0.003274,0.003232
103,4,0,0,88.552,73.0,14.6,0.005558131,69.8806404415386,6.201782227,0.0,-0.003259613,-0.089380026,1.914380026,611.058995,685.479919,675.90802,0.003326,0.003276
104,4,0,0,86.7679,73.0,14.6,0.005573642,70.0172513917674,6.509399414,0.0,-0.010929291,0.004623175,1.820376825,625.9244474,691.348877,676.806519,0.003313,0.003277
105,4,0,0,85.0933,73.0,14.6,0.00559871,70.1478768042012,7.036743164,0.0,-0.010162323,0.052926302,1.772073698,639.6258001,678.921692,669.648804,0.003228,0.003218
106,4,0,0,84.8205,73.0,14.4,0.005640208,70.3277685880002,6.641235352,0.0,0.003834839,0.072232962,1.752767038,654.6503764,676.607117,675.116577,0.003278,0.003233
107,4,0,0,85.25,72.0,14.4,0.005686784,70.4742287955894,7.080688477,0.0,0.003067871,0.092993498,1.732006502,668.4925217,687.61499,678.046021,0.003304,0.003255
108,4,0,0,86.0822,71.0,14.4,0.005744573,70.7216939657368,7.432250977,0.0,-0.000959,0.126451254,1.698548746,683.6707219,678.388794,672.94342,0.003333,0.003331
109,4,0,0,87.0534,71.0,14.4,0.005790279,70.8838365961702,6.641235352,0.0,-0.001725677,0.153193235,1.671806765,697.0491614,678.778687,677.827698,0.003358,0.003346
110,4,0,0,88.0468,72.0,14.5,0.005829477,70.9310132878256,5.23223877,0.0,-0.003259613,0.164680719,1.660319281,713.1127981,687.52002,679.075684,0.003313,0.003266
111,4,0,0,88.2145,72.0,14.5,0.005847546,70.7683740955352,3.166809082,0.0,-0.003259613,0.177133322,1.647866678,726.7184713,696.934814,673.153076,0.003247,0.003154
112,4,0,0,88.892,72.0,14.5,0.005847791,70.3035520604436,4.089660645,0.0,0.003067871,0.18630147,1.63869853,742.3958166,696.725708,673.164917,0.003305,0.00321
113,4,0,0,89.58,73.0,14.5,0.005838951,70.2995601247604,4.397277832,0.0,0.003067871,0.209104776,1.615895224,756.2043706,0.0,0.0,0.0,0.0
114,4,0,0,89.7537,73.0,14.6,0.00583471,69.7967271847692,0.0,0.0,-0.004793549,0.239511251,1.585488749,772.0531068,697.598999,679.022583,0.00334,0.003365
115,4,0,0,90.1908,72.0,14.6,0.005839941,69.2521769815782,0.0,223.5443115,-0.017832001,0.242012262,1.582987738,786.5208874,693.801208,676.477478,0.003374,0.00335
116,4,0,0,90.2788,72.0,14.6,0.005846142,68.6456632455042,0.0,262.3626709,-0.013997162,0.17188859,1.65311141,802.1950293,703.816895,670.074707,0.003237,0.003301
117,4,0,0,90.2348,72.0,14.6,0.005838326,68.1100309424288,0.0,262.3626709,-0.025501678,0.062269449,1.762730551,815.8715047,736.414978,854.437317,0.003232,0.003279
118,4,0,0,89.4502,71.0,14.9,0.005800709,67.5307645717466,0.0,262.2161865,-0.000959,-0.086263418,1.911263418,832.0986073,698.408386,689.390808,0.003215,0.003178
119,4,0,0,88.552,71.0,14.9,0.005743106,67.0046853913782,0.0,262.5091553,0.026843872,-0.195871592,2.020871592,845.6938393,678.255188,679.488892,0.003527,0.003581
120,4,0,0,88.2145,70.0,14.9,0.00566631,66.416934660683,0.0,253.7200928,0.030678711,-0.239660501,2.064660501,861.1777784,688.954102,680.378906,0.003503,0.003563
121,4,0,0,88.2145,72.0,14.9,0.005604025,65.9316807185392,0.0,242.880249,0.02761084,-0.195036173,2.020036173,875.2680627,697.039307,666.541809,0.003476,0.003492
122,4,0,0,88.7642,72.0,15.2,0.005543331,65.387296309555,0.0,262.6556396,0.009203613,-0.064095259,1.889095259,890.5194223,699.999207,666.509705,0.003637,0.003645
123,4,0,0,89.2347,72.0,15.2,0.005500205,64.9260940985518,0.0,262.9486084,-0.027035614,0.079130888,1.745869112,904.4007606,703.913574,914.845276,0.003884,0.004054
124,4,0,0,89.7537,72.0,15.2,0.005464329,64.2839030488584,0.0,189.1204834,-0.052345551,0.173150778,1.651849222,919.5651037,729.443298,870.646179,0.003494,0.003617
125,4,0,0,90.0155,72.0,15.2,0.005445903,62.9436231317024,0.0,201.5716553,0.010737549,0.132432222,1.692567778,932.8796212,682.352905,674.303528,0.003446,0.003538
126,4,0,0,90.2788,73.0,15.5,0.005435666,62.4853116976742,0.0,226.9134521,0.010737549,0.027958632,1.797041368,946.2275035,678.440186,673.527283,0.003477,0.003525
127,4,0,0,90.5879,74.0,15.5,0.005421734,61.984437243996,0.0,263.3880615,0.014572388,-0.037257433,1.862257433,961.5181179,699.046509,668.143921,0.003485,0.003588
128,4,0,0,90.81,75.0,15.5,0.005400965,61.5326917723272,0.0,263.3880615,-0.015531097,-0.01586318,1.84086318,975.5671701,680.782898,674.539612,0.003527,0.003596
129,4,0,0,91.1228,74.0,15.5,0.00537314,61.0230957580134,0.0,263.3880615,-0.019365936,-0.016959429,1.841959429,990.9280882,675.191772,673.514709,0.003356,0.003397
130,4,0,0,91.2575,74.0,15.1,0.005355631,60.592508375885,0.0,262.802124,-0.010162323,-0.060782194,1.885782194,1004.398153,680.000916,669.072388,0.00335,0.003392
131,4,0,0,91.4378,73.0,15.1,0.005353492,60.0914113826716,0.0,262.9486084,0.005368774,-0.123782873,1.948782873,1020.468577,662.903625,673.109924,0.003487,0.003506
132,4,0,0,91.6187,72.0,15.1,0.005369652,59.6665076744344,0.0,262.9486084,0.008436646,-0.142832041,1.967832041,1033.995868,706.169495,672.093323,0.003476,0.003556
133,4,0,0,91.7095,72.0,15.1,0.005397541,59.1874395363552,0.0,263.5345459,0.005368774,-0.14854455,1.97354455,1049.48347,727.624207,675.406982,0.003338,0.003386
134,4,0,0,91.7095,72.0,14.8,0.005416642,58.7546974089008,0.0,243.6126709,-0.000959,-0.158989191,1.983989191,1063.700142,688.188477,680.916992,0.003345,0.003395
135,4,0,0,91.8459,72.0,14.8,0.005424635,58.2962738521548,0.0,235.9954834,-0.019365936,-0.173461676,1.998461676,1079.229549,685.02417,677.169922,0.003366,0.003466
136,4,0,0,91.9371,71.0,14.8,0.005418076,57.8976759327556,0.0,74.56970215,0.025309937,-0.198271513,2.023271513,1093.486983,678.872986,680.071228,0.003338,0.003365
137,4,0,0,91.7549,72.0,14.8,0.005395264,57.4454756937896,0.0,11.87438965,0.025309937,-0.176810026,2.001810026,1109.067074,678.134705,673.831604,0.003366,0.003368
138,4,0,0,91.2575,73.0,14.8,0.005365118,57.0475493519724,5.58380127,0.0,-0.005560516,-0.11069417,1.93569417,1122.727635,676.737,674.388916,0.003333,0.003351
139,4,0,0,91.078,73.0,14.8,0.005324664,57.4518946268466,11.25823975,0.0,-0.008628387,-0.049108267,1.874108267,1139.021389,740.287476,855.838501,0.003323,0.003339
140,4,0,0,91.2126,73.0,14.8,0.00528723,58.0549518224686,9.280700684,0.0,-0.016298065,-0.023479223,1.848479223,1152.085968,687.283813,675.817688,0.003381,0.003316
141,4,0,0,91.3476,74.0,14.8,0.00524032,58.8744755800534,11.92016602,0.0,-0.010929291,-0.025583506,1.850583506,1168.46293,713.600525,727.846497,0.003325,0.003357
142,4,0,0,91.4378,74.0,14.8,0.00519238,59.6586309690186,12.31567383,0.0,0.013038452,-0.05415225,1.87915225,1182.247333,737.831787,885.349426,0.003685,0.003757
143,4,0,0,91.4378,74.0,14.8,0.005134002,60.1967304385942,28.10577393,0.0,0.013038452,-0.072419405,1.897419405,1198.006715,679.515991,680.276917,0.003546,0.003545
144,4,0,0,91.1228,75.0,15.2,0.005091987,61.8594216367474,14.64752197,0.0,0.013038452,-0.05815959,1.88315959,1212.425081,735.772522,866.656006,0.00356,0.003432
145,4,0,0,90.5879,74.0,15.2,0.005068536,61.7969738212716,0.0,0.0,0.013038452,-0.008015871,1.833015871,1228.070464,677.051392,675.112671,0.00349,0.003493
146,4,0,0,90.3669,73.0,15.1,0.005069693,61.6701145863058,5.58380127,0.0,-0.003259613,0.065584898,1.759415102,1241.737895,0.0,0.0,0.0,0.0
147,4,0,0,90.3669,73.0,15.1,0.005083379,62.0669674822496,7.871704102,0.0,-0.012463226,0.145929098,1.679070902,1257.946976,684.14447,697.318787,0.00343,0.003403
148,4,0,0,90.6766,72.0,15.4,0.00509619,62.3591439156394,7.520141602,0.0,-0.010162323,0.194004774,1.630995226,1271.456662,686.788086,682.928406,0.003332,0.003348
149,4,0,0,91.0332,72.0,15.4,0.005105884,62.9080126217864,11.34613037,0.0,0.008436646,0.221730947,1.603269053,1286.777532,683.621094,675.690186,0.003371,0.003414
150,4,0,0,90.8992,73.0,15.7,0.005112011,63.6539608146522,11.25823975,0.0,-0.019365936,0.252343893,1.572656107,1300.711108,691.142029,673.607727,0.003314,0.003272
151,4,0,0,90.7211,74.0,15.7,0.005124495,64.3018580689968,11.21429443,0.0,-0.012463226,0.263941526,1.561058474,1313.913405,0.0,0.0,0.0,0.0
152,4,0,0,90.4552,73.0,15.9,0.005155074,64.9402277086734,7.388305664,0.0,0.0,0.24437499,1.58062501,1329.507156,685.864197,677.031311,0.003384,0.003342
153,4,0,0,90.4994,74.0,15.9,0.005194911,65.16119007458,6.860961914,0.0,-0.000959,0.21490407,1.61009593,1341.886833,737.764587,826.356323,0.003363,0.00339
154,4,0,0,90.7211,75.0,16.1,0.005248556,65.4490719037128,8.442993164,0.0,-0.000959,0.179413557,1.645586443,1357.243201,739.999817,862.610474,0.003392,0.003445
155,4,0,0,91.078,75.0,16.1,0.005298973,65.7855100473094,8.135375977,0.0,-0.005560516,0.147364855,1.677635145,1370.041494,684.025696,681.11438,0.003438,0.003392
156,4,0,0,91.3926,75.0,16.3,0.005355774,66.061155211472,6.729125977,0.0,-0.005560516,0.11094451,1.71405549,1384.555757,663.578186,679.538086,0.003503,0.003497
157,4,0,0,91.7095,75.0,16.3,0.005398064,66.1271224121268,0.0,0.0,0.0,0.067746401,1.757253599,1397.756103,637.89679,678.738892,0.003359,0.003396
158,4,0,0,92.1201,76.0,16.2,0.005432312,65.6090122971968,0.0,33.2611084,0.014572388,0.01808238,1.80691762,1411.921789,681.102722,686.331482,0.003489,0.003464
159,4,0,0,92.2577,76.0,16.2,0.005452297,65.1310303831506,0.0,261.7767334,0.0,-0.01070714,1.83570714,1424.12706,685.377075,675.858093,0.00338,0.003441
160,4,0,0,92.3958,75.0,16.4,0.005470802,64.6084267495396,0.0,261.9232178,0.003067871,-0.054335356,1.879335356,1438.534353,0.0,0.0,0.0,0.0
161,4,0,0,92.5343,74.0,16.4,0.005479736,64.1530157163396,0.0,261.9232178,-0.007094452,-0.086117983,1.911117983,1450.007711,696.844971,675.678894,0.003438,0.003488
162,4,0,0,92.6269,72.0,16.2,0.00546723,63.638349041834,0.0,262.2161865,0.001533936,-0.12614131,1.95114131,1463.512655,727.264404,864.37561,0.00343,0.003547
163,4,0,0,92.7197,72.0,16.2,0.005437694,63.189698443639,0.0,262.2161865,-0.003259613,-0.167515516,1.992515516,1475.903092,678.636902,683.286377,0.00353,0.003583
164,4,0,0,92.3958,71.0,16.1,0.005404156,62.6667497514386,0.0,262.3626709,0.001533936,-0.220762014,2.045762014,1489.318031,682.56073,677.164917,0.003474,0.003519
165,4,0,0,92.3037,73.0,16.1,0.005386827,62.2252666225214,0.0,260.8978271,0.001533936,-0.264309645,2.089309645,1501.519332,729.139587,850.611389,0.00334,0.003378
166,4,0,0,91.6641,74.0,16.0,0.005379212,61.7105561739678,0.0,261.7767334,0.036047485,-0.284122229,2.109122229,1514.725883,681.240112,683.170105,0.003324,0.003406
167,4,0,0,89.4935,77.0,16.0,0.005375875,61.2597951033902,0.0,262.802124,0.023009033,-0.216403246,2.041403246,1526.193222,687.745972,679.327698,0.003499,0.003476
168,4,0,0,88.4674,80.0,15.9,0.005366782,60.75221565647,0.0,262.9486084,-0.037773163,-0.06146884,1.88646884,1539.198324,723.962524,845.457397,0.003413,0.003516
169,4,0,0,88.3829,80.0,15.9,0.005349997,60.3232023697956,0.0,262.802124,-0.013997162,0.033114672,1.791885328,1550.490473,681.100403,685.983887,0.003471,0.003496
170,4,0,0,88.8068,80.0,15.8,0.00531606,59.8243256381396,0.0,263.2415771,0.008436646,0.08274436,1.74225564,1563.827587,678.851074,678.449707,0.003502,0.003455
171,4,0,0,89.3208,85.0,15.8,0.005270271,59.4010575987048,0.0,263.0950928,-0.027035614,0.110683203,1.714316797,1574.944543,693.361694,666.903381,0.003383,0.00339
172,4,0,0,89.9281,85.0,15.7,0.005201484,58.923766349013,0.0,254.1595459,-0.02166684,0.087136507,1.737863493,1587.674137,696.842102,681.992981,0.003573,0.003647
173,4,0,0,90.3228,82.0,15.7,0.005132609,58.5064847486036,0.0,116.7572021,0.014572388,0.021899462,1.803100538,1599.474844,695.066589,671.562988,0.003579,0.003603
174,4,0,0,90.81,79.0,15.7,0.00505156,58.0214482604806,0.0,149.8626709,0.047552002,-0.013394117,1.838394117,1612.511441,719.875183,669.179993,0.003372,0.003323
175,4,0,0,91.1228,76.0,15.7,0.004987293,57.6105868162266,0.0,52.89001465,-0.016298065,0.043326139,1.781673861,1624.080545,679.452881,680.052429,0.003423,0.003445
176,4,0,0,91.4378,75.0,15.6,0.0049389,58.1656087855834,23.04656982,0.0,-0.007094452,0.105355978,1.719644022,1636.326905,734.227173,855.328674,0.003413,0.003465
177,4,0,0,91.7095,75.0,15.6,0.004909106,58.4588291334576,2.416992188,0.0,-0.030103485,0.141511679,1.683488321,1649.978742,714.5401,670.034302,0.003309,0.003302
178,4,0,0,92.1201,75.0,15.8,0.004901452,58.7472946380216,13.01879883,0.0,-0.019365936,0.124953985,1.700046015,1662.031874,683.799072,679.040588,0.003341,0.003284
179,4,0,0,92.2118,74.0,15.8,0.004902032,60.3393284393976,19.00085449,0.0,0.003834839,0.057277918,1.767722082,1676.3028,686.956726,674.876587,0.003311,0.003292
180,4,0,0,92.3037,74.0,15.8,0.004903881,61.9971201789482,22.47528076,0.0,0.013038452,-0.01768136,1.84268136,1688.341134,687.680298,676.310486,0.003226,0.003155
181,4,0,0,92.3958,74.0,15.8,0.004907943,64.120144882466,22.56317139,0.0,0.012271484,-0.086892366,1.911892366,1702.181494,732.450928,855.734985,0.003326,0.003343
182,4,0,0,92.6269,74.0,16.0,0.004915922,65.8854180032566,22.91473389,0.0,0.029144775,-0.117840528,1.942840528,1714.373138,675.421692,678.184875,0.003333,0.003285
183,4,0,0,91.9828,74.0,16.0,0.004928191,67.795539239665,18.95690918,0.0,0.009203613,-0.112946272,1.937946272,1729.059207,0.0,0.0,0.0,0.0
184,4,0,0,86.7273,75.0,15.9,0.004933037,69.0808169528552,16.8447876,0.0,0.003067871,-0.078422308,1.903422308,1741.539161,686.95929,677.935791,0.003303,0.003297
185,4,0,0,78.9952,75.0,15.9,0.004921305,70.3969984519172,16.80084229,0.0,-0.020132904,-0.029108763,1.854108763,1755.942099,0.0,0.0,0.0,0.0
186,4,0,0,74.8145,74.0,16.1,0.004897025,71.489573857881,15.4385376,0.0,-0.008628387,-0.020610571,1.845610571,1769.207392,743.203003,863.156799,0.003345,0.003388
187,4,0,0,73.5662,74.0,16.1,0.00486681,72.4082071456522,11.21429443,0.0,0.003067871,-0.04442811,1.86942811,1783.735006,690.526184,740.455994,0.003475,0.003453
188,4,0,0,74.0368,74.0,16.3,0.004851044,72.998744030129,15.39459229,0.0,0.012271484,-0.059063673,1.884063673,1796.513672,678.196899,672.77771,0.003379,0.003411
189,4,0,0,75.6086,73.0,16.3,0.004854426,73.3760229098944,0.0,0.0,0.001533936,-0.041590452,1.866590452,1811.792236,734.071289,836.961609,0.003375,0.003445
190,4,0,0,77.3132,72.0,16.5,0.004878514,72.8371454048958,0.0,52.89001465,-0.043141937,-0.013691187,1.838691187,1824.645356,698.441711,711.992493,0.003455,0.003443
191,4,0,0,78.0628,72.0,16.5,0.004927426,72.2309855948746,0.0,60.8001709,-0.001725677,-0.047852755,1.872852755,1839.2525,682.569702,683.277283,0.003246,0.003244
192,4,0,0,75.2095,72.0,16.6,0.00498135,71.7187041070896,0.0,55.96618652,0.009203613,-0.115327597,1.940327597,1852.537989,680.40271,673.050171,0.003288,0.003319
193,4,0,0,71.7978,72.0,16.6,0.005040267,71.122682237838,0.0,51.71813965,0.026843872,-0.15811944,1.98311944,1866.917801,679.284485,672.161987,0.003301,0.003205
194,4,0,0,67.9016,73.0,16.7,0.005076212,70.6023272867288,0.0,46.59118652,0.008436646,-0.117554903,1.942554903,1879.403793,670.639893,676.433228,0.003211,0.003254
195,4,0,0,66.1551,74.0,16.7,0.005092959,70.0339692156874,0.0,34.57946777,-0.015531097,-0.014337301,1.839337301,1893.564222,675.095276,671.53009,0.00321,0.003183
196,4,0,0,65.5463,74.0,16.9,0.005095197,69.5386890853436,0.0,12.46032715,-0.017832001,0.050699472,1.774300528,1906.442993,717.058289,671.060913,0.003293,0.003242
197,4,0,0,64.8122,73.0,16.9,0.005108606,68.962683140941,0.0,16.12243652,0.003834839,0.065903902,1.759096098,1920.382597,688.695496,672.681213,0.003311,0.003305
198,4,0,0,64.1387,71.0,16.7,0.005145387,68.4752905146844,0.0,16.41540527,0.009203613,0.059943914,1.765056086,1932.486324,662.199219,667.411011,0.00329,0.003325
199,4,0,0,63.4792,70.0,16.7,0.005215609,67.9246008886076,0.0,16.70837402,0.00690271,0.086699724,1.738300276,1946.782545,684.796997,677.249695,0.003277,0.003272
200,4,0,0,63.61,69.0,16.8,0.005292595,67.4288336271392,0.0,106.6497803,-0.000959,0.15712285,1.66787715,1958.696733,661.143616,676.194275,0.003318,0.003303
201,4,0,0,63.8733,69.0,16.8,0.005371745,66.9528401814102,0.0,220.3216553,0.017640259,0.234527826,1.590472174,1970.525294,656.830994,680.532593,0.003467,0.003499
202,4,0,0,64.05,70.0,16.6,0.005447205,66.4152303857164,0.0,262.6556396,-0.032404388,0.341550112,1.483449888,1984.497233,686.57782,688.492371,0.003464,0.003496
203,4,0,0,65.0855,71.0,16.6,0.005491066,65.9464313335234,0.0,262.2161865,-0.004793549,0.392636538,1.432363462,1996.14185,668.137573,684.691528,0.003554,0.003548
204,4,0,0,67.1628,71.0,16.8,0.005517142,65.4168488130958,0.0,262.0697021,-0.061549164,0.407162905,1.417837095,2009.347926,688.897217,684.306274,0.003591,0.003618
205,4,0,0,69.6641,71.0,16.8,0.00552525,64.3976535496948,0.0,262.0697021,-0.060015228,0.327876806,1.497123194,2020.814443,692.1297,683.877991,0.003562,0.003589
206,4,0,0,72.2178,71.0,16.9,0.005522266,58.280517737632,0.0,262.0697021,0.0,0.082738638,1.742261362,2034.357884,683.653809,685.914612,0.003447,0.003567
207,4,0,0,74.4236,71.0,16.9,0.005506252,54.0855333647192,0.0,261.9232178,0.095104004,-0.154263258,1.979263258,2045.645017,672.164124,677.309509,0.003487,0.00357
208,4,0,0,76.1058,70.0,16.7,0.005469807,51.3693399747424,0.0,262.6556396,0.055988647,-0.273956537,2.098956537,2058.447894,0.0,0.0,0.0,0.0
209,4,0,0,77.2809,71.0,16.7,0.005425151,50.9962076560474,0.0,263.3880615,-0.010162323,-0.252019644,2.077019644,2070.313707,0.0,0.0,0.0,0.0
210,4,0,0,78.3601,72.0,16.5,0.005362706,50.5807451248268,0.0,182.0892334,-0.032404388,-0.24072814,2.06572814,2083.3135,687.142029,678.412476,0.003437,0.003414
211,4,0,0,79.6064,71.0,16.5,0.005293516,50.2173459978914,0.0,196.2982178,-0.032404388,-0.286589861,2.111589861,2094.763042,677.529114,671.591919,0.003231,0.003233
212,4,0,0,80.2968,72.0,16.1,0.005189791,49.8058691420214,0.0,56.25915527,0.049085938,-0.408196688,2.233196688,2108.749435,681.267212,686.573303,0.003196,0.003284
213,4,0,0,81.1412,72.0,16.1,0.005091961,49.4335574740726,0.0,1.913452148,0.04141626,-0.503736258,2.328736258,2120.861261,681.894409,673.973389,0.003222,0.003174
214,4,0,0,81.9309,72.0,16.0,0.005012598,49.6508400518824,15.17486572,0.0,0.019941162,-0.53279233,2.35779233,2135.125617,681.144897,684.08313,0.003109,0.003068
215,4,0,0,82.1126,71.0,16.0,0.00499108,51.0107266709122,11.21429443,0.0,0.016106323,-0.518286467,2.343286467,2148.587312,680.500916,681.480103,0.003198,0.003099
216,4,0,0,80.8931,71.0,15.6,0.00501158,52.454834477827,17.68249512,0.0,0.010737549,-0.465629816,2.290629816,2163.673215,681.953125,681.490723,0.003439,0.003396
217,4,0,0,79.1979,72.0,15.6,0.005048777,54.0513715987646,16.97662354,0.0,0.0,-0.403077841,2.228077841,2177.13644,678.237915,682.874878,0.003458,0.003357
218,4,0,0,78.7265,72.0,15.5,0.005090221,55.8659769773,17.24029541,0.0,-0.02856955,-0.31614089,2.14114089,2193.451058,747.606506,840.915283,0.003512,0.003448
219,4,0,0,76.1998,73.0,15.5,0.005108697,57.3812870713292,16.58111572,0.0,0.003834839,-0.276356459,2.101356459,2207.377277,734.165283,869.434204,0.00337,0.003503
220,4,0,0,73.9776,74.0,15.2,0.005098966,58.8707476726906,15.13092041,0.0,-0.005560516,-0.252263784,2.077263784,2223.471686,683.506287,684.469299,0.003431,0.003384
221,4,0,0,71.5758,74.0,15.2,0.005064319,60.1195033457888,16.88873291,0.0,0.005368774,-0.237277269,2.062277269,2237.684203,681.940674,686.92041,0.003346,0.003341
222,4,0,0,68.9893,73.0,14.9,0.005001865,61.5894092591452,16.31744385,0.0,0.018407227,-0.211365938,2.036365938,2253.97926,685.135681,689.762878,0.003439,0.003353
223,4,0,0,68.3527,72.0,14.9,0.004937469,62.847252456795,16.58111572,0.0,0.019941162,-0.171464205,1.996464205,2268.803962,732.273315,853.749207,0.003335,0.0034
224,4,0,0,67.7277,71.0,14.3,0.004867263,64.1501852574278,11.70043945,0.0,-0.008628387,-0.088989496,1.913989496,2284.848884,685.318909,683.030518,0.003414,0.003354
225,4,0,0,67.5055,72.0,14.3,0.004818121,64.787434297569,12.00805664,0.0,-0.013997162,-0.031622171,1.856622171,2299.441027,687.491882,681.401306,0.003389,0.003335
226,4,0,0,68.2017,71.0,13.8,0.004784775,65.789756355273,14.46899414,0.0,-0.013997162,0.000393,1.824607325,2313.26748,696.182007,675.379211,0.003461,0.003475
227,4,0,0,69.5855,70.0,13.8,0.004766845,66.8471363805738,14.20532227,0.0,0.003067871,-0.002801657,1.827801657,2328.947316,697.554504,673.463806,0.003387,0.003318
228,4,0,0,71.6866,70.0,13.3,0.004768023,67.5751830477628,11.25823975,0.0,0.001533936,-0.019047022,1.844047022,2343.207575,691.772217,679.647217,0.003275,0.00322
229,4,0,0,74.1851,71.0,13.3,0.004784052,68.114985102498,8.929138184,0.0,0.0,-0.031788111,1.856788111,2358.642345,727.133911,836.158508,0.00348,0.003434
230,4,0,0,76.1684,70.0,13.2,0.004803449,68.4771334986656,8.047485352,0.0,0.008436646,-0.040699244,1.865699244,2372.044147,685.634277,678.737427,0.003527,0.003396
231,4,0,0,77.5398,70.0,13.2,0.004826574,68.9971776379406,14.55963135,0.0,0.0,-0.035577059,1.860577059,2387.873526,684.833618,678.383606,0.003524,0.003446
232,4,0,0,78.8942,69.0,13.1,0.004849867,69.7705764236534,13.89770508,0.0,0.0,-0.025851488,1.850851488,2400.439734,676.318176,666.349304,0.00338,0.003402
233,4,0,0,79.9501,69.0,13.1,0.004882676,70.5859992449568,12.79907227,0.0,-0.016298065,-0.015426397,1.840426397,2416.026948,701.81488,674.20697,0.003427,0.003391
234,4,0,0,80.1578,70.0,13.0,0.004910414,71.083591288771,8.841247559,0.0,-0.001725677,-0.019677877,1.844677877,2429.017514,688.04541,674.844482,0.003459,0.003446
235,4,0,0,81.0347,69.0,13.0,0.004923176,70.7951385945534,0.0,131.6986084,-0.005560516,-0.037718058,1.862718058,2443.750244,671.000488,671.060608,0.003349,0.003357
236,4,0,0,81.248,71.0,12.9,0.004907608,70.2947842795632,0.0,262.6556396,-0.005560516,-0.065909624,1.890909624,2457.149627,674.419312,670.78363,0.003419,0.00338
237,4,0,0,80.0884,72.0,12.9,0.004870728,69.7286211873478,0.0,262.0697021,0.008436646,-0.1123631,1.9373631,2471.636407,678.177429,669.263916,0.003573,0.003511
238,4,0,0,79.1979,71.0,12.8,0.004847099,69.147482204735,0.0,261.9232178,0.00690271,-0.151224852,1.976224852,2484.367209,713.596191,884.339478,0.003761,0.003759
239,4,0,0,79.0964,70.0,12.8,0.004849199,61.0332432099824,0.0,261.9232178,0.008436646,-0.191297293,2.016297293,2496.841655,723.574097,879.058228,0.003481,0.003567
240,4,0,0,79.5722,70.0,12.7,0.004868753,53.2976943413346,0.0,262.3626709,0.012271484,-0.20305419,2.02805419,2506.941112,681.746094,681.246277,0.003548,0.003501
241,4,0,0,80.2968,70.0,12.7,0.004890812,52.876410585933,0.0,262.802124,0.001533936,-0.189264536,2.014264536,2518.785696,673.103821,678.903687,0.003526,0.003565
242,4,0,0,79.2657,70.0,12.9,0.00489999,52.5142726826622,0.0,263.3880615,-0.003259613,-0.170868635,1.995868635,2528.655719,715.933716,683.050598,0.003511,0.003525
243,4,0,0,77.6048,71.0,12.9,0.004896036,52.0981783728378,0.0,257.9681396,-0.013997162,-0.157182455,1.982182455,2539.847368,643.760681,682.131592,0.003454,0.003497
244,4,0,0,77.2487,72.0,13.1,0.004880839,51.750480835986,0.0,262.9486084,-0.010162323,-0.156718016,1.981718016,2550.023834,658.780701,672.450317,0.003463,0.003464
245,4,0,0,77.4425,72.0,13.1,0.004853068,51.353785526615,0.0,262.2161865,0.008436646,-0.175830603,2.000830603,2561.037076,669.708984,671.758484,0.003431,0.003411
246,4,0,0,78.4597,73.0,13.0,0.00482246,51.0105426267898,0.0,263.0950928,-0.004793549,-0.19572711,2.02072711,2570.661926,660.561829,673.21051,0.003352,0.003419
247,4,0,0,79.538,74.0,13.0,0.004784618,50.6312502534702,0.0,262.6556396,0.04141626,-0.224606752,2.049606752,2582.364575,614.651917,677.883484,0.003476,0.003525
248,4,0,0,80.4014,74.0,12.9,0.004751812,50.291521669403,0.0,206.552124,0.032979614,-0.2145679,2.0395679,2591.963588,683.423706,681.26239,0.003497,0.003479
249,4,0,0,80.9992,73.0,12.9,0.004714251,49.9046057398496,0.0,92.88024902,0.009203613,-0.142659426,1.967659426,2604.354681,685.908875,680.921204,0.003397,0.003397
250,4,0,0,81.7501,71.0,12.8,0.004680139,49.5569865134822,0.0,4.843139648,-0.007094452,-0.05974555,1.88474555,2615.09783,687.538818,679.697876,0.0033,0.003341
251,4,0,0,82.0035,71.0,12.8,0.004646983,50.1765275832684,18.86901855,0.0,-0.010162323,0.01699996,1.80800004,2626.670726,703.058105,674.890503,0.003315,0.003382
252,4,0,0,82.1126,70.0,13.1,0.004617482,52.2107958178472,19.30847168,0.0,-0.019365936,0.083653688,1.741346312,2639.630275,708.005981,676.012085,0.003394,0.003392
253,4,0,0,81.8223,69.0,13.1,0.004605048,53.8954117790234,18.95690918,0.0,-0.010162323,0.116658926,1.708341074,2651.22641,697.647705,671.282898,0.00345,0.003494
254,4,0,0,81.606,70.0,13.0,0.004608467,55.266033774111,0.0,15.0970459,-0.010162323,0.128053427,1.696946573,2665.360344,682.389282,674.99292,0.003246,0.003276
255,4,0,0,82.0035,71.0,13.0,0.004626684,54.789281685506,0.0,254.1595459,-0.010162323,0.119464159,1.705535841,2677.5022,684.633606,669.848328,0.003299,0.003294
256,4,0,0,82.4416,70.0,13.2,0.004664986,54.258962151732,0.0,253.5736084,-0.010162323,0.088258505,1.736741495,2691.665837,669.455811,671.508789,0.00331,0.003266
257,4,0,0,82.1855,70.0,13.2,0.004708214,53.818297340018,0.0,257.9681396,0.013038452,0.049172163,1.775827837,2704.824575,720.252502,677.775208,0.003478,0.003458
258,4,0,0,81.714,69.0,13.0,0.004753941,53.2970119328944,0.0,262.802124,0.02761084,0.025233507,1.799766493,2719.387427,687.028503,669.583374,0.003273,0.003218
259,4,0,0,81.248,70.0,13.0,0.004783914,52.8783913937918,0.0,239.5111084,0.008436646,0.046100855,1.778899145,2732.330385,697.159973,673.880798,0.003269,0.003203
260,4,0,0,81.5341,69.0,13.2,0.004815832,52.3844811980296,0.0,141.0736084,-0.020132904,0.093347311,1.731652689,2747.939798,687.932922,677.734314,0.003205,0.003217
261,4,0,0,82.2585,67.0,13.2,0.00484932,51.9566031558846,0.0,129.208374,-0.020132904,0.12258935,1.70241065,2760.533278,650.773926,675.501099,0.003299,0.00327
262,4,0,0,82.9215,67.0,13.1,0.004888187,51.4844996458696,0.0,101.2298584,-0.005560516,0.122286558,1.702713442,2776.363543,668.595825,674.718323,0.00321,0.003281
263,4,0,0,83.5199,67.0,13.1,0.004915457,51.0793397552742,0.0,51.13220215,-0.005560516,0.10723424,1.71776576,2789.751414,635.720093,678.055298,0.003265,0.003322
264,4,0,0,84.0887,66.0,13.3,0.004940858,51.077262773257,22.47528076,0.0,0.008436646,0.08246541,1.74253459,2805.232812,648.417297,686.119324,0.003394,0.003329
265,4,0,0,83.1076,66.0,13.3,0.004963336,53.0998179899148,28.06182861,0.0,-0.001725677,0.067206621,1.757793379,2819.58604,619.343323,677.6521,0.003413,0.00341
266,4,0,0,80.6816,66.0,13.5,0.004990414,55.4855685749706,21.42059326,0.0,0.005368774,0.058018923,1.766981077,2835.37059,671.831299,699.768005,0.003393,0.003408
267,4,0,0,79.4698,67.0,13.5,0.005010311,57.0028831019698,15.21881104,0.0,0.010737549,0.058493376,1.766506624,2849.796118,733.749329,861.431396,0.003273,0.003355
268,4,0,0,79.5722,68.0,13.9,0.005018362,58.3524494098212,15.96588135,0.0,0.005368774,0.078339815,1.746660185,2865.409398,684.642822,684.808105,0.003308,0.003307
269,4,0,0,78.4929,68.0,13.9,0.005013202,59.9969183891158,24.36767578,0.0,-0.001725677,0.111474752,1.713525248,2878.966054,691.34021,679.078796,0.003274,0.003258
270,4,0,0,75.057,69.0,14.0,0.00501153,62.1725600937854,28.80889893,0.0,-0.003259613,0.150611162,1.674388838,2894.699341,679.775818,675.92627,0.003256,0.003265
271,4,0,0,73.7713,69.0,14.0,0.005027072,64.2410342707018,28.76495361,0.0,-0.000959,0.179635763,1.645364237,2906.280355,0.0,0.0,0.0,0.0
272,4,0,0,74.1851,70.0,14.1,0.0050626,66.6967384237792,31.5802002,0.0,0.005368774,0.208624601,1.616375399,2918.133965,733.738403,863.016296,0.003411,0.003392
273,4,0,0,75.4854,70.0,14.1,0.005100472,68.6871047000148,31.53625488,0.0,0.005368774,0.243145227,1.581854773,2928.398015,670.569275,672.151123,0.003388,0.003392
274,4,0,0,77.6048,72.0,14.2,0.005138591,70.8795375662282,8.442993164,0.0,-0.004793549,0.30145812,1.52354188,2940.520333,673.578796,674.228516,0.003401,0.003366
275,4,0,0,79.7435,72.0,14.2,0.005157139,70.5930626221234,0.0,0.0,-0.017832001,0.355869532,1.469130468,2950.622174,685.665894,680.259705,0.003285,0.003232
276,4,0,0,81.4624,71.0,14.3,0.005161014,70.1136090471142,0.0,0.0,-0.046976776,0.362294436,1.462705564,2960.650604,693.290405,675.452881,0.003312,0.003304
277,4,0,0,82.2585,70.0,14.3,0.005156978,69.5838311528106,0.0,0.0,0.010737549,0.251648664,1.573351336,2972.02237,686.540588,676.233215,0.003292,0.003303
278,4,0,0,83.033,69.0,14.3,0.005153906,69.109155048432,0.0,2.499389648,0.021475098,0.138082266,1.686917734,2982.363382,737.580688,863.380981,0.003391,0.003358
279,4,0,0,81.7862,71.0,14.3,0.005158436,68.570307863399,0.0,0.0,0.003067871,0.069551706,1.755448294,2993.554291,701.075623,682.745728,0.003381,0.003382
280,4,0,0,78.0957,74.0,14.1,0.005176409,68.3442924595736,7.168579102,0.0,0.005368774,0.030462027,1.794537973,3003.730319,710.667603,674.058716,0.003448,0.003416
281,4,0,0,76.5146,77.0,14.1,0.005210975,68.3459408099752,7.344360352,0.0,0.013038452,0.002749205,1.822250795,3014.748738,708.980286,675.190918,0.003444,0.003504
282,4,0,0,76.7365,80.0,13.9,0.005238187,68.5245998876144,6.685180664,0.0,-0.005560516,0.002346754,1.822653246,3024.550254,745.291077,675.401672,0.003402,0.003399
283,4,0,0,77.8331,81.0,13.9,0.005247851,68.1051329483256,0.0,263.6810303,-0.003259613,-0.004953146,1.829953146,3036.702159,740.142822,674.351929,0.003437,0.003408
284,4,0,0,79.7779,80.0,13.4,0.005232855,67.6413674610374,0.0,263.3880615,-0.003259613,-0.038544893,1.863544893,3047.291493,676.156677,680.939209,0.003563,0.003485
285,4,0,0,81.248,79.0,13.4,0.005197614,67.09824561147,0.0,263.0950928,0.003834839,-0.087712526,1.912712526,3059.536718,677.999878,680.228821,0.003396,0.003329
286,4,0,0,82.8102,77.0,13.3,0.005168277,63.4872007463578,0.0,261.9232178,0.010737549,-0.131082296,1.956082296,3070.151839,795.389221,673.031128,0.003341,0.003462
287,4,0,0,83.5575,76.0,13.3,0.005150477,55.2463222398296,0.0,259.8724365,-0.003259613,-0.162695646,1.987695646,3082.666092,740.461792,869.706421,0.003458,0.003473
288,4,0,0,84.2417,75.0,13.2,0.005143421,51.7506027917712,0.0,263.5345459,0.001533936,-0.187437773,2.012437773,3093.075973,684.040527,676.696228,0.003437,0.003458
289,4,0,0,83.9743,74.0,13.2,0.005129849,51.3568907320516,0.0,263.3880615,0.013038452,-0.211375952,2.036375952,3104.859787,645.153992,682.304504,0.003406,0.00344
290,4,0,0,79.8123,74.0,13.3,0.005105315,51.0157232853706,0.0,263.973999,0.010737549,-0.21401763,2.03901763,3115.072463,678.672302,683.434692,0.003295,0.003285
291,4,0,0,76.6413,73.0,13.3,0.00505845,50.6123059720338,0.0,249.1790771,-0.008628387,-0.199480772,2.024480772,3127.112235,684.842285,675.489319,0.00318,0.003227
292,4,0,0,75.9186,73.0,13.2,0.005000175,50.272457105895,0.0,260.0189209,-0.054646454,-0.2029531,2.0279531,3137.12722,677.968018,678.090088,0.003212,0.003124
293,4,0,0,76.5462,74.0,13.2,0.004924302,49.8848905201796,0.0,217.3919678,0.023009033,-0.25920701,2.08420701,3148.463876,714.434814,673.071289,0.00321,0.003188
294,4,0,0,78.1287,72.0,13.4,0.00486559,49.5376870668012,0.0,86.72790527,-0.013997162,-0.284126043,2.109126043,3158.960058,680.482483,675.183716,0.003231,0.003237
295,4,0,0,80.0884,72.0,13.4,0.004817532,49.1431170518342,0.0,43.2220459,0.003834839,-0.321810961,2.146810961,3170.959386,746.641479,670.687195,0.003199,0.00321
296,4,0,0,81.8585,73.0,13.5,0.004789473,48.811717365536,0.0,0.0,0.008436646,-0.348374605,2.173374605,3182.40364,679.118896,674.703613,0.003219,0.003209
297,4,0,0,83.2196,73.0,13.5,0.004770161,49.2179324520892,11.21429443,0.0,0.018407227,-0.364319563,2.189319563,3195.218929,676.160889,707.617798,0.003267,0.00329
298,4,0,0,84.2034,72.0,13.7,0.004769421,50.2716069237598,11.21429443,0.0,0.001533936,-0.355502367,2.180502367,3206.728461,685.254272,677.434509,0.003301,0.003271
299,4,0,0,84.8983,72.0,13.7,0.004791726,51.2674035905658,10.90667725,0.0,0.003834839,-0.334444284,2.159444284,3220.931131,677.343384,682.813477,0.003339,0.003249
300,4,0,0,85.4073,73.0,14.1,0.004821506,52.119133476324,12.75512695,0.0,0.008436646,-0.31090951,2.13590951,3232.719079,676.249573,684.12207,0.003271,0.003275
301,4,0,0,85.8428,73.0,14.1,0.004840819,53.3935254206334,15.52642822,0.0,0.005368774,-0.274619818,2.099619818,3246.128511,678.282288,683.748901,0.003363,0.003294
302,4,0,0,86.323,74.0,14.5,0.004831788,55.2018168272666,19.92370605,0.0,-0.005560516,-0.223883867,2.048883867,3261.288044,692.452271,682.025391,0.003293,0.0033
303,4,0,0,87.7547,74.0,14.5,0.004799038,57.0149393921128,22.6071167,0.0,-0.004793549,-0.190095663,2.015095663,3274.975735,727.880798,859.033691,0.003269,0.003348
304,4,0,0,89.0631,73.0,15.1,0.004755439,59.1686280254688,22.47528076,0.0,0.003067871,-0.158308268,1.983308268,3291.322294,671.898315,681.202087,0.003338,0.00328
305,4,0,0,92.0742,72.0,15.1,0.004730786,60.7562722554344,21.72821045,0.0,0.003067871,-0.130767107,1.955767107,3304.946428,0.0,0.0,0.0,0.0
306,4,0,0,94.4216,71.0,15.7,0.004724328,62.672188692996,22.47528076,0.0,0.003067871,-0.090934992,1.915934992,3320.396781,681.859985,677.831726,0.003364,0.0033
307,4,0,0,94.6629,70.0,15.7,0.004731488,64.256308162587,16.93267822,0.0,-0.008628387,-0.049862623,1.874862623,3334.448801,729.591003,672.078186,0.003315,0.003244
308,4,0,0,94.4216,69.0,15.9,0.004743807,65.6209938334968,15.52642822,0.0,-0.005560516,-0.007766008,1.832766008,3349.662327,672.555176,676.08551,0.003329,0.003306
309,4,0,0,94.6629,70.0,15.9,0.004749174,66.6299148289368,15.35064697,0.0,0.001533936,0.016770124,1.808229876,3363.589092,668.152527,478.739807,0.003304,0.003255
310,4,0,0,94.6629,73.0,16.1,0.004742542,67.6995066709982,14.77935791,0.0,0.001533936,0.045267344,1.779732656,3378.796525,685.275024,684.322876,0.003385,0.00329
311,4,0,0,92.8126,75.0,16.1,0.004730548,68.5650439697534,13.37036133,0.0,0.014572388,0.076761007,1.748238993,3392.088758,732.448486,870.214172,0.003306,0.003314
312,4,0,0,89.9717,74.0,16.3,0.00472373,69.3263071087678,11.34613037,0.0,-0.013997162,0.13416791,1.69083209,3407.789649,734.883728,867.207397,0.003367,0.003364
313,4,0,0,88.1725,74.0,16.3,0.004729086,69.6203939574848,5.276184082,0.0,-0.015531097,0.199305773,1.625694227,3420.254025,684.221191,683.128418,0.003457,0.003373
314,4,0,0,86.89,72.0,16.5,0.00474177,69.794910996299,11.03851318,0.0,-0.02166684,0.236014128,1.588985872,3435.310784,685.774292,678.572815,0.003435,0.003317
315,4,0,0,86.323,72.0,16.5,0.004749831,70.2367309278914,9.764099121,0.0,-0.010929291,0.22829175,1.59670825,3446.48381,688.954407,680.223328,0.003289,0.003265
316,4,0,0,82.5887,71.0,16.6,0.004746416,70.504260431835,6.201782227,0.0,-0.000959,0.184726,1.640274,3458.029142,686.131104,680.25769,0.003286,0.003226
317,4,0,0,79.0964,71.0,16.6,0.004729614,70.5734185030946,6.157836914,0.0,0.00690271,0.144333601,1.680666399,3468.497472,684.529785,680.64209,0.003363,0.003269
318,4,0,0,77.12,71.0,16.8,0.00470127,70.667832944765,7.212524414,0.0,0.009203613,0.112107992,1.712892008,3479.826547,679.209717,675.86908,0.003309,0.003302
319,4,0,0,75.1484,72.0,16.8,0.004673069,70.8915428081064,8.841247559,0.0,0.005368774,0.09974885,1.72525115,3489.662101,686.32019,683.406372,0.003352,0.003304
320,4,0,0,73.6247,72.0,16.9,0.004636117,71.295748327895,11.21429443,0.0,0.005368774,0.100569487,1.724430513,3501.277348,683.881775,680.325073,0.003341,0.003337
321,4,0,0,73.6247,72.0,16.9,0.004603112,71.7590625723406,12.27172852,0.0,0.005368774,0.113883734,1.711116266,3510.956145,677.944092,680.896301,0.003327,0.003311
322,4,0,0,73.8007,72.0,17.0,0.004572747,72.4654389775342,15.30670166,0.0,-0.004793549,0.144425154,1.680574846,3521.930945,679.987976,680.954529,0.003345,0.003338
323,4,0,0,75.0266,72.0,17.0,0.004553378,73.2722829544732,15.74615479,0.0,0.0,0.176692724,1.648307276,3531.910504,681.986511,680.39679,0.003348,0.003287
324,4,0,0,77.5398,71.0,17.1,0.004536304,74.1028808541858,14.11743164,0.0,0.0,0.209058523,1.615941477,3542.813326,683.941284,680.384888,0.003285,0.00324
325,4,0,0,79.0289,70.0,17.1,0.004526185,74.6036026941518,10.51116943,0.0,-0.003259613,0.23871398,1.58628602,3552.978164,679.345703,676.887695,0.003318,0.003243
326,4,0,0,77.0559,72.0,16.9,0.004521456,74.9532826803892,11.21429443,0.0,-0.012463226,0.262866735,1.562133265,3562.399471,681.606018,676.331604,0.003341,0.00331
327,4,0,0,75.8254,72.0,16.9,0.004523142,75.399883253012,11.30218506,0.0,-0.016298065,0.270620584,1.554379416,3574.403374,685.685181,680.11499,0.003325,0.003284
328,4,0,0,76.5462,72.0,17.0,0.004531245,75.8197885121432,13.59008789,0.0,-0.000959,0.23935914,1.58564086,3584.746325,701.984619,682.562012,0.003251,0.003163
329,4,0,0,77.8986,73.0,17.0,0.004550196,76.5367194679522,14.16137695,0.0,0.00690271,0.180717707,1.644282293,3596.959278,681.283875,680.430298,0.003162,0.003191
330,4,0,0,80.0538,73.0,17.1,0.004579632,77.1102367289788,14.11743164,0.0,-0.012463226,0.139274836,1.685725164,3608.594499,736.686584,865.939697,0.003695,0.003544
331,4,0,0,81.8223,72.0,17.1,0.004631038,77.752355149158,14.07348633,0.0,0.003834839,0.085561037,1.739438963,3621.762325,673.163879,671.786316,0.003299,0.00323
332,4,0,0,83.4822,72.0,17.2,0.004685022,77.786043302444,0.0,58.4564209,0.00690271,0.04056716,1.78443284,3633.651643,669.542297,673.399292,0.003258,0.003234
333,4,0,0,82.8473,71.0,17.2,0.004739116,77.1734128512716,0.0,82.77282715,-0.007094452,0.009646177,1.815353823,3648.262261,671.087402,677.34082,0.003515,0.003447
334,4,0,0,80.0538,71.0,17.3,0.004769348,76.658932779739,0.0,134.7747803,-0.008628387,-0.014200449,1.839200449,3660.866175,742.677795,854.30603,0.003508,0.003424
335,4,0,0,80.1231,70.0,17.3,0.004792952,76.0747646330046,0.0,262.3626709,-0.003259613,-0.063712358,1.888712358,3675.554675,678.025208,680.56012,0.00352,0.003512
336,4,0,0,80.8224,70.0,17.3,0.004820604,75.5697927353128,0.0,262.3626709,-0.004793549,-0.123722315,1.948722315,3689.250679,0.0,0.0,0.0,0.0
337,4,0,0,82.0035,71.0,17.3,0.004870207,75.013671425802,0.0,262.3626709,-0.001725677,-0.205111742,2.030111742,3704.42388,617.249207,670.97113,0.003372,0.00326
338,4,0,0,81.8223,72.0,17.4,0.00492726,74.5348763766274,0.0,261.630249,0.014572388,-0.275422335,2.100422335,3718.505769,676.96759,673.580078,0.003297,0.003281
339,4,0,0,81.8947,74.0,17.4,0.004994677,73.968595641658,0.0,262.6556396,0.013038452,-0.322099924,2.147099924,3733.972651,679.798279,676.986206,0.003318,0.003291
340,4,0,0,82.6993,73.0,17.5,0.005041101,73.479431679237,0.0,262.5091553,-0.007094452,-0.32235837,2.14735837,3747.53857,635.193726,672.80481,0.003391,0.003382
341,4,0,0,83.3319,72.0,17.5,0.005071275,72.9386156759282,0.0,262.6556396,0.016106323,-0.307314157,2.132314157,3763.144584,675.678528,681.418091,0.003395,0.00331
342,4,0,0,83.9743,71.0,17.5,0.00507703,72.4570025597598,0.0,262.6556396,0.012271484,-0.253899336,2.078899336,3776.852724,711.830811,860.387024,0.0,0.004839
343,4,0,0,83.4822,71.0,17.5,0.005063727,71.9075207272596,0.0,262.6556396,-0.024734711,-0.15860486,1.98360486,3793.191204,681.721924,676.596924,0.003562,0.003443
344,4,0,0,82.8473,70.0,17.6,0.005038161,71.4161433268828,0.0,262.6556396,-0.013997162,-0.09236598,1.91736598,3806.940551,674.76593,682.25647,0.003383,0.003371
345,4,0,0,83.3319,70.0,17.6,0.004994631,70.8750787931978,0.0,262.802124,0.001533936,-0.068484068,1.893484068,3822.718346,733.186707,858.932007,0.003373,0.003403
346,4,0,0,83.6708,71.0,17.9,0.004945613,70.3909993634794,0.0,262.6556396,0.001533936,-0.052297831,1.877297831,3837.276567,670.98407,678.576111,0.003463,0.003355
347,4,0,0,84.0506,71.0,17.9,0.00487901,69.8592730734246,0.0,262.6556396,0.003067871,-0.029145479,1.854145479,3853.294966,727.975403,875.489502,0.003472,0.003415
348,4,0,0,84.5109,71.0,17.9,0.004817386,69.381412004719,0.0,200.5462646,-0.001725677,-0.000642,1.825642061,3867.469873,680.174988,674.570801,0.003314,0.003288
349,4,0,0,85.6443,72.0,17.9,0.004757205,68.8405193968262,0.0,9.823608398,-0.001725677,0.035447836,1.789552164,3884.553366,685.202209,675.81488,0.003329,0.00331
350,4,0,0,86.4842,72.0,17.9,0.004719818,68.4091388514788,3.782043457,0.0,-0.001725677,0.061074495,1.763925505,3899.037427,0.0,0.0,0.0,0.0
351,4,0,0,87.0125,72.0,17.9,0.004692305,68.3242940443438,6.465454102,0.0,-0.001725677,0.082672834,1.742327166,3914.295725,673.132324,676.172485,0.003315,0.003307
352,4,0,0,87.2174,73.0,17.9,0.004664691,68.4808664110758,6.773071289,0.0,-0.000959,0.103773832,1.721226168,3931.041523,691.169006,677.626221,0.003319,0.003368
353,4,0,0,86.7273,73.0,17.9,0.004643737,68.6030445105034,6.377563477,0.0,0.00690271,0.121678114,1.703321886,3945.796283,664.983215,682.127991,0.003486,0.003415
354,4,0,0,83.8982,72.0,17.9,0.004634558,68.7550908659798,6.729125977,0.0,-0.000959,0.150143862,1.674856138,3962.816917,668.99469,674.805176,0.003342,0.00329
355,4,0,0,81.1767,72.0,17.9,0.004648287,68.8847948347032,6.597290039,0.0,-0.000959,0.176929712,1.648070288,3977.840034,675.597412,679.336487,0.003305,0.003286
356,4,0,0,80.4712,74.0,17.6,0.004686845,69.02448236021,6.509399414,0.0,-0.000959,0.203898191,1.621101809,3995.85803,677.205078,682.19989,0.003273,0.003259
357,4,0,0,80.752,72.0,17.6,0.004732589,69.1340083435464,6.553344727,0.0,-0.001725677,0.225141287,1.599858713,4010.93066,727.386902,859.35022,0.003302,0.003339
358,4,0,0,81.5341,71.0,17.7,0.004791604,69.2819013465376,6.773071289,0.0,0.001533936,0.248300791,1.576699209,4028.022981,678.415771,679.83197,0.003306,0.00326
359,4,0,0,83.2196,69.0,17.7,0.004846727,69.411141503473,6.773071289,0.0,0.001533936,0.26905179,1.55594821,4043.566755,0.0,0.0,0.0,0.0
360,4,0,0,84.6654,69.0,17.4,0.004907872,69.5911474216648,7.124633789,0.0,-0.001725677,0.296456575,1.528543425,4060.389368,681.0625,678.480774,0.003315,0.003337
361,4,0,0,85.7236,68.0,17.4,0.0049524,69.7526221599048,7.344360352,0.0,-0.001725677,0.319875479,1.505124521,4074.995255,736.80542,871.413513,0.00372,0.003545
362,4,0,0,86.4842,68.0,17.5,0.004994729,70.0007780426868,13.85375977,0.0,-0.001725677,0.341241598,1.483758402,4092.245972,0.0,0.0,0.0,0.0
363,4,0,0,86.7679,68.0,17.5,0.005038307,70.135045568568,0.0,9.970092773,-0.001725677,0.355973005,1.469026995,4106.622335,680.780273,675.36499,0.003282,0.003254
364,4,0,0,86.89,69.0,17.5,0.005107484,69.6860843516596,5.627746582,0.0,-0.001725677,0.368759871,1.456240129,4122.925732,743.590576,815.77002,0.00335,0.003295
365,4,0,0,87.1764,70.0,17.5,0.005180114,69.759538024967,5.894165039,0.0,-0.016298065,0.374346972,1.450653028,4137.752611,738.087524,857.52417,0.003324,0.003315
366,4,0,0,87.5473,71.0,17.6,0.005264486,69.8058006919694,5.58380127,0.0,0.005368774,0.357970953,1.467029047,4153.799826,675.458679,476.055389,0.003396,0.00332
367,4,0,0,87.6716,70.0,17.6,0.005329658,69.834747311187,5.58380127,0.0,0.005368774,0.338367224,1.486632776,4167.733135,680.431213,684.202515,0.003256,0.003216
368,4,0,0,86.9308,70.0,17.6,0.005387642,69.8672946194404,5.58380127,0.0,0.005368774,0.330218077,1.494781923,4183.534605,678.313171,680.642578,0.003206,0.003218
369,4,0,0,86.0422,72.0,17.6,0.00542522,69.8952791912994,5.58380127,0.0,-0.004793549,0.333970785,1.491029215,4197.905483,691.606873,693.907227,0.003259,0.003249
370,4,0,0,85.803,71.0,17.6,0.005453703,69.9253205962388,4.309387207,0.0,-0.004793549,0.338071585,1.486928415,4213.459704,656.479919,683.184998,0.003524,0.003322
371,4,0,0,85.7236,70.0,17.6,0.005466429,69.8618339678864,4.485168457,0.0,-0.003259613,0.331249952,1.493750048,4226.965107,668.857422,680.206116,0.003407,0.003347
372,4,0,0,85.4073,70.0,17.7,0.00547309,69.7937297729258,4.441223145,0.0,-0.000959,0.313465834,1.511534166,4242.916856,685.703979,677.891785,0.003281,0.003243
373,4,0,0,85.4467,71.0,17.7,0.005472246,69.729659501329,4.17755127,0.0,-0.003259613,0.291526079,1.533473921,4256.223475,683.543701,681.341614,0.003326,0.003277
374,4,0,0,85.9225,71.0,17.7,0.005458653,69.628769896262,4.089660645,0.0,-0.003259613,0.261651278,1.563348722,4271.413371,681.945129,683.049683,0.00335,0.003197
375,4,0,0,86.6461,72.0,17.7,0.005440115,69.533593367728,4.17755127,0.0,-0.003259613,0.229121923,1.595878077,4285.36879,685.796509,680.625305,0.003159,0.003137
376,4,0,0,87.2585,73.0,17.7,0.005422296,69.489474760034,5.276184082,0.0,-0.003259613,0.190333128,1.634666872,4298.716106,684.703003,676.518372,0.003324,0.003287
377,4,0,0,87.7131,74.0,17.7,0.00540065,69.5904930640208,7.300415039,0.0,0.001533936,0.13559556,1.68940444,4314.004338,679.698486,680.893372,0.003421,0.003341
378,4,0,0,86.89,74.0,17.7,0.005377844,69.7061670641186,5.495910645,0.0,-0.004793549,0.087291956,1.737708044,4328.049111,680.7901,672.939392,0.003325,0.003286
379,4,0,0,84.1652,75.0,17.7,0.005350866,69.525921080679,0.0,0.0,-0.004793549,0.018240213,1.806759787,4343.401261,676.77887,670.743408,0.003258,0.003207
380,4,0,0,82.6993,75.0,18.1,0.005326662,69.0676141367094,0.0,0.0,0.005368774,-0.044929743,1.869929743,4356.861039,673.218506,672.465088,0.003272,0.003176
381,4,0,0,82.5151,75.0,18.1,0.005292984,68.546154244943,0.0,0.0,0.013038452,-0.105377913,1.930377913,4372.277272,673.482178,682.073975,0.003225,0.003122
382,4,0,0,82.9958,75.0,18.1,0.005255559,68.0954692156804,0.0,0.0,0.013038452,-0.129408121,1.954408121,4386.444772,678.356323,680.202881,0.003243,0.003164
383,4,0,0,84.1652,76.0,18.1,0.005207226,67.5809580034188,0.0,0.0,-0.000959,-0.108025312,1.933025312,4401.943478,679.251709,678.61853,0.003282,0.003151
384,4,0,0,85.5256,75.0,18.1,0.005162957,67.1210013089218,0.0,0.0,0.001533936,-0.085993052,1.910993052,4415.560613,675.513672,676.413879,0.003283,0.003204
385,4,0,0,86.6461,75.0,18.1,0.005108095,66.7754338623072,1.625976563,0.0,0.008436646,-0.063349962,1.888349962,4431.776104,732.227417,798.024475,0.003315,0.003282
386,4,0,0,87.5059,75.0,17.8,0.005052802,66.4548080152928,1.23046875,0.0,0.001533936,-0.028313398,1.853313398,4445.330604,728.193176,853.945374,0.003303,0.00331
387,4,0,0,88.2987,74.0,17.8,0.004980751,66.0776950906682,1.010742188,0.0,0.012271484,0.013643503,1.811356497,4460.835864,668.69812,680.021179,0.00349,0.003459
388,4,0,0,88.3829,73.0,17.8,0.004911685,65.782044156592,2.329101563,0.0,0.010737549,0.049591303,1.775408697,4475.057314,665.411011,678.562683,0.003401,0.003383
389,4,0,0,88.3829,73.0,17.8,0.004829972,65.698554413737,6.245727539,0.0,0.010737549,0.11545682,1.70954318,4490.579223,677.568481,676.949402,0.003253,0.003221
390,4,0,0,89.0202,73.0,17.5,0.004766495,65.9349956370712,8.355102539,0.0,-0.008628387,0.19562602,1.62937398,4504.167277,679.183716,679.217896,0.003244,0.003243
391,4,0,0,89.4935,73.0,17.5,0.004715749,66.3722534438184,9.017028809,0.0,-0.008628387,0.27752614,1.54747386,4520.350383,691.048401,674.991699,0.003279,0.003217
392,4,0,0,88.2566,73.0,17.6,0.004691167,66.6912375387252,7.256469727,0.0,-0.008628387,0.331585169,1.493414831,4533.936096,737.045227,870.20929,0.003386,0.003296
393,4,0,0,86.1223,73.0,17.6,0.004676824,66.7246043711868,5.58380127,0.0,-0.012463226,0.37438035,1.45061965,4549.447288,688.366577,672.383728,0.003244,0.00322
394,4,0,0,85.3286,74.0,17.6,0.004668382,66.518742313753,0.0,0.0,-0.010162323,0.389265299,1.435734701,4563.004937,682.006104,677.635681,0.003301,0.003218
395,4,0,0,85.5652,73.0,17.6,0.00465799,66.0622580760806,5.144348145,0.0,0.0,0.37598443,1.44901557,4578.477042,679.606323,680.927429,0.003293,0.003194
396,4,0,0,86.0023,72.0,17.6,0.004647154,65.858161191039,0.0,0.0,0.00690271,0.359023809,1.465976191,4592.638813,684.325317,676.275391,0.003356,0.003266
397,4,0,0,86.7679,72.0,17.6,0.004639923,65.3774967003336,3.29864502,0.0,0.014572388,0.355506182,1.469493818,4608.08469,661.791504,672.283386,0.003278,0.003221
398,4,0,0,87.7131,71.0,17.7,0.004645489,65.414478786358,7.344360352,0.0,0.012271484,0.377441645,1.447558355,4622.272521,657.905396,675.432373,0.003356,0.003283
399,4,0,0,88.4251,70.0,17.7,0.00466215,65.740624331611,8.003540039,0.0,0.009203613,0.431604624,1.393395376,4637.749943,688.218079,682.58551,0.003249,0.00317
400,4,0,0,89.2347,70.0,17.4,0.004676947,66.0978135304752,11.21429443,0.0,0.00690271,0.503868818,1.321131182,4651.2139,677.867615,681.547729,0.003339,0.003281
401,4,0,0,89.7537,70.0,17.4,0.004688701,66.6230871235198,11.17034912,0.0,-0.005560516,0.582649469,1.242350531,4665.215603,683.221619,682.565796,0.003288,0.003236
402,4,0,0,89.9281,69.0,17.5,0.004700554,67.2010709789692,9.456481934,0.0,-0.012463226,0.665542841,1.159457159,4680.37047,685.733215,675.217407,0.00332,0.003257
403,4,0,0,90.1908,70.0,17.5,0.00471252,67.3806585009478,6.245727539,0.0,-0.020132904,0.719196558,1.105803442,4693.529248,687.711792,668.309204,0.003235,0.003234
404,4,0,0,90.4552,70.0,17.5,0.004731858,67.5215546247012,1.845703125,0.0,-0.020132904,0.737200975,1.087799025,4709.07269,679.218811,675.376282,0.003326,0.003238
405,4,0,0,90.7655,70.0,17.5,0.004753463,67.094438476299,0.0,0.0,-0.010162323,0.710333109,1.114666891,4722.055194,675.994629,686.088013,0.003391,0.003359
406,4,0,0,91.0332,71.0,17.6,0.004779628,66.879813997087,5.671691895,0.0,0.003067871,0.651776075,1.173223925,4736.81127,682.30011,681.462891,0.003308,0.003227
407,4,0,0,91.8915,73.0,17.6,0.004798973,67.0575281990254,7.739868164,0.0,-0.019365936,0.600156069,1.224843931,4749.648457,683.613892,675.668274,0.003324,0.003261
408,4,0,0,92.2577,73.0,17.6,0.004810838,67.2682486125182,6.685180664,0.0,-0.010162323,0.504643202,1.320356798,4764.254837,678.825928,674.077698,0.003261,0.003203
409,4,0,0,92.5343,73.0,17.6,0.004811539,67.3805655615628,5.495910645,0.0,0.030678711,0.381126165,1.443873835,4777.65292,680.934082,675.766418,0.003151,0.003134
410,4,0,0,92.6269,73.0,17.6,0.004805942,67.2205050469412,5.276184082,0.0,0.023776001,0.279892206,1.545107794,4792.34743,678.209778,676.656311,0.003288,0.003232
411,4,0,0,92.7661,73.0,17.6,0.004800035,67.3608365659424,8.486938477,0.0,0.014572388,0.241776228,1.583223772,4805.905996,677.0401,680.781921,0.003329,0.003207
412,4,0,0,92.8126,73.0,17.7,0.004795341,67.7357567326302,9.632263184,0.0,0.005368774,0.245508909,1.579491091,4820.731641,678.144592,682.883301,0.003396,0.003243
413,4,0,0,92.9057,73.0,17.7,0.004794523,68.1125072499802,9.588317871,0.0,-0.012463226,0.267055273,1.557944727,4833.680709,680.542419,682.645386,0.003292,0.003187
414,4,0,0,93.0458,74.0,17.4,0.004797652,68.5309541412968,9.456481934,0.0,0.001533936,0.284793139,1.540206861,4848.992269,672.157715,676.795776,0.003279,0.003222
415,4,0,0,93.0925,75.0,17.4,0.004803061,68.8448884169648,7.695922852,0.0,-0.015531097,0.294019938,1.530980062,4861.794916,682.231323,682.842712,0.003237,0.00317
416,4,0,0,93.3742,74.0,17.5,0.004815314,69.0685973790758,7.036743164,0.0,0.012271484,0.284250498,1.540749502,4876.331102,679.888489,689.583313,0.003494,0.00334
417,4,0,0,93.5156,73.0,17.5,0.004841179,69.2041371043204,6.333618164,0.0,0.012271484,0.289767027,1.535232973,4889.670689,678.664307,677.733704,0.003325,0.003218
418,4,0,0,93.3271,73.0,17.2,0.004898497,69.3509088640402,6.773071289,0.0,-0.013997162,0.321460485,1.503539515,4904.299609,691.810303,673.626099,0.003259,0.003199
419,4,0,0,93.3271,73.0,17.2,0.004966868,69.479487517862,6.860961914,0.0,-0.010162323,0.334800005,1.490199995,4917.19775,682.996704,680.242371,0.003457,0.003432
420,4,0,0,93.6102,71.0,17.3,0.005042242,69.6121007870638,4.52911377,0.0,0.003834839,0.316293001,1.508706999,4932.695095,727.206421,861.97998,0.003355,0.003327
421,4,0,0,93.5156,71.0,17.3,0.005085536,69.1863078380096,0.0,32.23571777,0.016106323,0.293174028,1.531825972,4945.166324,675.845398,680.020874,0.003354,0.003345
422,4,0,0,92.8126,72.0,17.1,0.005098222,68.6644262347896,0.0,171.1029053,0.00690271,0.287302732,1.537697268,4960.784445,680.089905,673.462219,0.003481,0.003381
423,4,0,0,91.1677,73.0,17.1,0.005083769,68.2126560114716,0.0,262.802124,-0.001725677,0.297209024,1.527790976,4973.840886,672.938721,677.92627,0.003422,0.003364
424,4,0,0,90.1031,74.0,16.9,0.005057678,67.6815562213854,0.0,262.802124,0.042183228,0.30971837,1.51528163,4988.704389,677.202087,681.296021,0.003439,0.003362
425,4,0,0,90.1031,75.0,16.9,0.00503986,67.2358682893832,0.0,262.3626709,0.013038452,0.365721941,1.459278059,5002.368575,720.211304,864.788818,0.003617,0.003498
426,4,0,0,90.5436,75.0,17.0,0.005029178,66.7937214847434,0.0,262.3626709,-0.032404388,0.474874735,1.350125265,5015.449515,654.097473,690.873291,0.003476,0.00335
427,4,0,0,91.2126,73.0,17.0,0.005019308,65.6711374078158,0.0,262.0697021,-0.054646454,0.532912493,1.292087507,5031.034734,688.784485,774.279907,0.003586,0.003583
428,4,0,0,92.0285,72.0,16.8,0.005012508,63.2900945285016,0.0,262.0697021,-0.034705292,0.4833529,1.3416471,5044.110811,673.052124,679.34967,0.003467,0.003537
429,4,0,0,92.4881,72.0,16.8,0.005020234,62.0881557308216,0.0,262.2161865,0.013038452,0.322301626,1.502698374,5059.113044,675.825012,676.282776,0.003483,0.003427
430,4,0,0,92.999,72.0,16.9,0.005050201,61.3059170336096,0.0,262.2161865,0.023776001,0.161397219,1.663602781,5072.952098,737.09613,889.572998,0.003895,0.00364
431,4,0,0,92.8591,72.0,16.9,0.005106238,59.7517349734072,0.0,262.3626709,-0.027035614,0.009770155,1.815229845,5088.146741,662.62207,686.446106,0.003568,0.003517
432,4,0,0,92.9524,74.0,16.7,0.005155472,58.1367902859232,0.0,262.2161865,-0.032404388,-0.1506989,1.9756989,5101.518201,0.0,0.0,0.0,0.0
433,4,0,0,92.3958,75.0,16.7,0.005185585,57.6619032775376,0.0,263.3880615,-0.027035614,-0.41861558,2.24361558,5117.496458,686.57489,676.604126,0.003349,0.003407
434,4,0,0,91.5734,75.0,16.8,0.005182758,57.2814467398488,0.0,263.3880615,0.016106323,-0.693760157,2.518760157,5130.309481,685.493408,676.903809,0.003413,0.003378
435,4,0,0,91.3025,75.0,16.8,0.005158674,56.846380628874,0.0,263.3880615,0.025309937,-1.028641462,2.853641462,5146.360311,688.414124,675.435608,0.00333,0.003271
436,4,0,0,91.5734,75.0,17.0,0.005131279,56.4706310727238,0.0,263.3880615,0.018407227,-1.266237497,3.091237497,5159.873128,678.197205,678.576111,0.003314,0.003254
437,4,0,0,91.8459,74.0,17.0,0.005102713,56.028740635946,0.0,263.3880615,0.00690271,-1.503162622,3.328162622,5175.323893,0.0,0.0,0.0,0.0
438,4,0,0,92.1201,74.0,17.1,0.005085119,55.6586168335404,0.0,263.3880615,-0.008628387,-1.680960894,3.505960894,5189.391692,691.899292,684.787415,0.0034,0.003311
439,4,0,0,92.5806,75.0,17.1,0.00507084,55.236523789333,0.0,258.114624,-0.008628387,1.713902235,3.761097765,5204.618039,724.07373,848.032776,0.00328,0.003279
440,4,0,0,92.5343,75.0,17.1,0.005056667,54.8571482936024,0.0,263.8275146,-0.004793549,1.512889624,3.962110376,5218.466087,689.891113,676.166809,0.003326,0.003283
441,4,0,0,92.1659,74.0,17.1,0.005034436,54.4401262636416,0.0,263.6810303,0.012271484,1.283233643,4.191766357,5233.454318,689.88147,677.42688,0.003294,0.003291
442,4,0,0,92.0285,74.0,17.2,0.005015011,54.065279692072,0.0,263.5345459,0.021475098,1.092819214,4.382180786,5246.468122,707.510498,672.924988,0.003324,0.00327
443,4,0,0,92.8126,75.0,17.2,0.005003633,53.6401707125178,0.0,263.6810303,0.003067871,0.905652761,4.569347239,5261.75609,702.276123,683.557983,0.003302,0.003338
444,4,0,0,92.4419,75.0,17.0,0.005002399,53.2841955192826,0.0,263.8275146,-0.001725677,0.759085655,4.715914345,5274.084984,705.437988,683.825684,0.003524,0.00344
445,4,0,0,91.6187,75.0,17.0,0.004995373,52.8773501347184,0.0,181.942749,0.005368774,0.583000898,4.891999102,5287.916405,689.739685,681.34729,0.003451,0.003386
446,4,0,0,91.1228,74.0,16.8,0.004978073,52.5126974445768,0.0,263.8275146,0.009203613,0.439717531,5.035282469,5300.377126,740.654114,874.852295,0.003483,0.003446
447,4,0,0,91.1677,74.0,16.8,0.004955004,52.1111124131102,0.0,0.0,0.017640259,0.300196886,5.174803114,5313.611973,730.957703,829.485474,0.00329,0.00329
448,4,0,0,91.6187,74.0,16.9,0.004940372,52.5692985922062,13.19458008,0.0,0.012271484,0.196475625,5.278524375,5324.899073,0.0,0.0,0.0,0.0
449,4,0,0,92.1659,74.0,16.9,0.004932133,53.798526598118,19.17663574,0.0,0.012271484,0.101947665,5.373052335,5337.686612,686.51947,683.872192,0.003318,0.003236
450,4,0,0,92.7197,74.0,16.7,0.004927378,55.1413086688258,14.46899414,0.0,0.005368774,0.041617393,5.433382607,5348.789195,683.489929,688.458984,0.003416,0.003329
451,4,0,0,93.2331,75.0,16.7,0.004916561,56.422572688056,17.59460449,0.0,0.003834839,-0.008599162,5.483599162,5360.335952,688.800415,678.645691,0.003335,0.003264
452,4,0,0,93.7523,74.0,16.9,0.004892038,58.0294190479128,15.4385376,0.0,0.00690271,-0.063630581,5.538630581,5372.83446,684.562927,679.476929,0.003298,0.003333
453,4,0,0,94.038,74.0,16.9,0.004864232,58.860975052101,11.34613037,0.0,0.00690271,-0.108462811,5.583462811,5384.201574,762.135193,850.013794,0.003391,0.00328
454,4,0,0,94.3735,73.0,16.7,0.004832446,60.0302819224304,16.93267822,0.0,0.013038452,-0.147032619,5.622032619,5396.504228,679.615295,683.950806,0.003399,0.003333
455,4,0,0,94.6629,74.0,16.7,0.00480716,61.421363215537,18.16589355,0.0,0.009203613,-0.16429615,5.63929615,5407.185643,677.604004,682.585693,0.003434,0.003339
456,4,0,0,94.9541,74.0,16.5,0.004786149,63.0515038223832,18.16589355,0.0,-0.004793549,-0.163548946,5.638548946,5419.801215,683.984619,679.733093,0.003244,0.003116
457,4,0,0,95.2472,75.0,16.5,0.004782234,64.2253505925724,15.17486572,0.0,0.012271484,-0.168899417,5.643899417,5430.315053,678.047729,677.812622,0.003289,0.0032
458,4,0,0,95.3944,75.0,16.7,0.004802239,65.118677346805,11.39007568,0.0,0.017640259,-0.165101409,5.640101409,5442.238252,682.686523,678.731873,0.003421,0.003287
459,4,0,0,95.542,75.0,16.7,0.004842401,65.7013246189592,11.34613037,0.0,0.014572388,-0.118634462,5.593634462,5452.590254,682.388611,679.555298,0.003366,0.003276
460,4,0,0,95.8883,76.0,16.5,0.004906552,66.357489262098,11.34613037,0.0,-0.004793549,-0.024090767,5.499090767,5464.816525,677.946228,679.09613,0.003385,0.003297
461,4,0,0,95.9877,76.0,16.5,0.00496771,66.9456905918998,11.434021,0.0,-0.019365936,0.063153863,5.411846137,5475.005323,668.47699,686.10321,0.003331,0.003305
462,4,0,0,95.938,75.0,16.6,0.005025157,67.5816330410818,11.39007568,0.0,-0.013997162,0.129511476,5.345488524,5486.6104,669.531677,688.837708,0.003336,0.003348
463,4,0,0,96.0375,75.0,16.6,0.005048736,68.1438313632732,11.434021,0.0,-0.003259613,0.158937335,5.316062665,5496.913191,681.175598,683.198181,0.003388,0.00332
464,4,0,0,96.2371,75.0,17.1,0.005041174,68.7488065864006,11.34613037,0.0,-0.012463226,0.168130994,5.306869006,5509.519428,687.105286,692.35791,0.003355,0.003328
465,4,0,0,96.3373,75.0,17.1,0.005017294,69.2736481682156,11.30218506,0.0,-0.010929291,0.147358894,5.327641106,5520.393024,677.573608,691.520508,0.003382,0.003341
466,4,0,0,96.4376,75.0,17.2,0.004991428,69.8377007558616,11.12640381,0.0,0.076696777,0.088516951,5.386483049,5533.171739,667.845215,678.503113,0.003367,0.003414
467,4,0,0,96.6389,76.0,17.2,0.004979935,70.3161076966018,9.104919434,0.0,0.056755615,0.12088871,5.35411129,5545.131009,681.214111,679.71991,0.003313,0.003414
468,4,0,0,96.8917,76.0,17.2,0.00497804,70.603565802606,8.179321289,0.0,-0.027035614,0.288155556,5.186844444,5558.426393,687.155579,688.555603,0.003504,0.003532
469,4,0,0,96.7904,76.0,17.2,0.004979909,70.816326022362,7.827758789,0.0,-0.072286713,0.419446945,5.055553055,5570.934909,0.0,0.0,0.0,0.0
470,4,0,0,96.7399,78.0,17.3,0.0049851,71.0217879174048,7.300415039,0.0,-0.040074066,0.415810823,5.059189177,5584.942448,689.181274,684.351318,0.003466,0.003446
471,4,0,0,96.5885,79.0,17.3,0.00499776,71.1581532018826,7.036743164,0.0,-0.013997162,0.306764603,5.168235397,5597.456129,686.996582,680.585693,0.003382,0.003349
472,4,0,0,96.5885,79.0,17.4,0.005028651,71.298389415769,6.773071289,0.0,0.030678711,0.166678667,5.308321333,5612.551523,733.641907,893.233521,0.003337,0.003362
473,4,0,0,96.841,78.0,17.4,0.005074081,71.4311087243834,7.959594727,0.0,0.030678711,0.091071367,5.383928633,5625.366671,743.218506,859.286316,0.003477,0.003415
474,4,0,0,96.8917,77.0,17.4,0.005134277,71.6329796025238,8.179321289,0.0,0.012271484,0.091109157,5.383890843,5638.302316,679.720581,678.364807,0.003312,0.003272
475,4,0,0,96.9932,76.0,17.4,0.005205181,72.1537725998876,12.31567383,0.0,0.0,0.151723862,5.323276138,5653.232091,689.977478,683.261475,0.003294,0.003202
476,4,0,0,97.0949,75.0,17.5,0.005250004,71.9926137750896,0.0,15.6829834,0.0,0.20785284,5.26714716,5666.420373,691.006592,685.312195,0.003276,0.003212
477,4,0,0,97.2479,73.0,17.5,0.005274144,71.4479522377574,0.0,8.358764648,-0.019365936,0.249029875,5.225970125,5682.268472,686.382324,685.621521,0.003229,0.003095
478,4,0,0,96.5885,72.0,17.2,0.005281699,70.958245670262,0.0,0.0,0.0,0.223938704,5.251061296,5695.700383,684.866699,682.974792,0.003332,0.003213
479,4,0,0,95.2472,74.0,17.2,0.005287748,70.4407217091468,3.562316895,0.0,0.0,0.177054763,5.297945237,5711.179646,684.922485,681.591187,0.003414,0.003267
480,4,0,0,94.4216,74.0,17.3,0.005296969,70.393949669941,5.58380127,0.0,0.009203613,0.13787508,5.33712492,5725.482258,684.476318,691.61908,0.003525,0.003391
481,4,0,0,93.4213,74.0,17.3,0.005318436,70.4200507024508,5.671691895,0.0,0.021475098,0.115962982,5.359037018,5741.161538,685.136902,686.495911,0.00335,0.00333
482,4,0,0,93.1862,73.0,17.1,0.005350596,70.4859617371396,7.036743164,0.0,0.010737549,0.135507941,5.339492059,5755.585649,683.531677,689.545715,0.003251,0.003208
483,4,0,0,93.1862,72.0,17.1,0.005398476,70.6541615531848,7.124633789,0.0,0.012271484,0.202043295,5.272956705,5771.367872,679.838013,688.041504,0.00326,0.003188
484,4,0,0,93.4684,71.0,16.9,0.005436434,70.7787781406738,6.509399414,0.0,-0.005560516,0.296340227,5.178659773,5785.207898,671.814819,688.376099,0.003322,0.003238
485,4,0,0,93.9426,70.0,16.9,0.005456449,70.8761556347786,6.333618164,0.0,-0.02166684,0.394517899,5.080482101,5801.716149,685.649292,683.811829,0.003364,0.003273
486,4,0,0,94.6145,70.0,16.7,0.005448793,70.9591090167984,6.421508789,0.0,-0.02166684,0.435681105,5.039318895,5814.956156,688.189697,683.796692,0.003334,0.00331
487,4,0,0,95.0516,72.0,16.7,0.005426951,71.0537946483522,6.377563477,0.0,-0.053879486,0.399255514,5.075744486,5831.577861,690.638977,683.384583,0.00328,0.00322
488,4,0,0,95.4435,73.0,16.5,0.00541645,71.125248250001,6.289672852,0.0,0.018407227,0.249988079,5.225011921,5845.611588,678.635681,687.97229,0.003365,0.003267
489,4,0,0,95.7396,74.0,16.5,0.005418747,71.1975683203058,6.157836914,0.0,0.021475098,0.043473601,5.431526399,5861.541347,672.022583,686.704102,0.003311,0.003164
490,4,0,0,95.8883,74.0,16.4,0.005415791,71.2559445055816,6.069946289,0.0,0.055988647,-0.081550121,5.556550121,5876.028832,686.078796,691.408203,0.003299,0.003241
491,4,0,0,95.3452,74.0,16.4,0.005383892,71.3117754069936,6.113891602,0.0,0.012271484,-0.101543427,5.576543427,5891.712918,670.822815,679.768494,0.003235,0.003182
492,4,0,0,93.4213,75.0,16.3,0.005330099,71.3584320243346,5.938110352,0.0,-0.025501678,-0.048838854,5.523838854,5905.399585,686.752502,690.377014,0.003464,0.00341
493,4,0,0,91.7095,74.0,16.3,0.005255907,71.405061781791,5.982055664,0.0,-0.020132904,-0.038309813,5.513309813,5921.699205,679.150024,691.989685,0.003413,0.003405
494,4,0,0,91.078,74.0,16.1,0.00519636,71.467673154491,6.685180664,0.0,0.0,-0.073955894,5.548955894,5935.404805,727.908875,851.37262,0.003391,0.003332
495,4,0,0,91.1228,75.0,16.1,0.005151527,71.762670165445,11.21429443,0.0,0.025309937,-0.121554732,5.596554732,5951.10363,675.688416,681.732605,0.003357,0.003292
496,4,0,0,91.5282,76.0,15.7,0.005135295,72.1568579299752,9.676208496,0.0,-0.000959,-0.132547617,5.607547617,5965.522494,681.352112,673.371216,0.00326,0.003139
497,4,0,0,91.7095,76.0,15.7,0.005130967,72.352728158618,7.432250977,0.0,-0.007094452,-0.117401004,5.592401004,5981.274352,682.862488,681.889526,0.003316,0.003263
498,4,0,0,92.1659,76.0,15.7,0.005130231,72.4899594289498,7.344360352,0.0,0.0,-0.129643083,5.604643083,5995.733857,677.590088,690.099426,0.003344,0.003247
499,4,0,0,92.7197,75.0,15.7,0.005128102,72.624735747672,7.388305664,0.0,-0.012463226,-0.145042062,5.620042062,6008.893922,674.994507,682.089294,0.003356,0.003307
500,4,0,0,92.8591,75.0,15.3,0.005114366,72.7961839521336,7.564086914,0.0,0.023009033,-0.16287291,5.63787291,6025.361819,675.994812,681.05542,0.003464,0.003384
501,4,0,0,91.7549,73.0,15.3,0.005079764,72.9573730968972,8.003540039,0.0,0.008436646,-0.138584614,5.613584614,6039.209131,676.850891,677.379089,0.003501,0.003372
502,4,0,0,87.5887,72.0,15.3,0.005011204,73.157746822129,8.003540039,0.0,0.013038452,-0.067689061,5.542689061,6055.049103,677.396423,680.028992,0.003384,0.003333
503,4,0,0,85.1325,71.0,15.3,0.004943165,73.3297492832866,8.003540039,0.0,-0.005560516,0.029171109,5.445828891,6069.580626,676.229614,681.81012,0.003344,0.003267
504,4,0,0,85.1325,71.0,15.0,0.0048867,73.5278828394252,8.003540039,0.0,-0.017832001,0.128555417,5.346444583,6085.444366,687.693726,683.115784,0.003355,0.003278
505,4,0,0,86.0023,71.0,15.0,0.004869913,73.6974855976154,7.959594727,0.0,-0.034705292,0.17076385,5.30423615,6099.337254,687.429199,681.854126,0.003325,0.003313
506,4,0,0,86.8493,71.0,15.0,0.004885721,73.8828381295288,8.047485352,0.0,-0.010929291,0.152058363,5.322941637,6115.933139,684.847229,677.024109,0.003322,0.003291
507,4,0,0,86.8086,71.0,15.0,0.00492053,74.0620289491974,8.929138184,0.0,0.003834839,0.099940896,5.375059104,6129.960198,673.825989,680.223328,0.003323,0.003258
508,4,0,0,84.6654,71.0,14.7,0.004972828,74.317519865738,8.618774414,0.0,0.017640259,0.030560851,5.444439149,6146.037558,684.320007,679.918579,0.0033,0.003292
509,4,0,0,84.0887,72.0,14.7,0.005021926,74.509798417649,8.530883789,0.0,0.017640259,-0.004038572,5.479038572,6160.807876,689.98291,677.850891,0.003333,0.003256
510,4,0,0,84.2801,75.0,14.4,0.005075266,74.7321201930536,8.530883789,0.0,0.010737549,0.001925945,5.473074055,6176.957328,688.432922,679.908875,0.003293,0.003214
511,4,0,0,83.4446,75.0,14.4,0.005121147,74.9305880734838,8.530883789,0.0,0.00690271,0.04288125,5.43211875,6191.796859,702.042175,704.351196,0.003229,0.003248
512,4,0,0,82.0762,74.0,14.2,0.005176229,75.140563780985,8.530883789,0.0,-0.010162323,0.104057431,5.370942569,6208.030236,696.119629,680.203186,0.003375,0.003301
513,4,0,0,82.3683,72.0,14.2,0.005215834,75.239417651419,5.539855957,0.0,-0.010929291,0.15937674,5.31562326,6222.273464,692.344482,683.913879,0.003447,0.003396
514,4,0,0,82.9586,70.0,14.0,0.005229377,74.7822192208414,0.0,53.1829834,-0.017832001,0.189054251,5.285945749,6239.277546,680.967529,675.310791,0.003401,0.003334
515,4,0,0,83.5199,69.0,14.0,0.00520945,74.3055598624072,0.0,67.8314209,0.021475098,0.180266857,5.294733143,6252.917825,680.254883,676.902405,0.003459,0.00341
516,4,0,0,84.2034,68.0,14.1,0.005164169,73.7404913466994,0.0,262.3626709,0.063658325,0.2095716,5.2654284,6270.013432,678.366699,684.284302,0.003512,0.003467
517,4,0,0,80.4712,69.0,14.1,0.005121541,73.2495668950656,0.0,262.5091553,0.036047485,0.375286579,5.099713421,6284.415656,680.88562,684.47229,0.0035,0.003433
518,4,0,0,76.864,71.0,13.9,0.005086088,72.6941919008864,0.0,262.5091553,-0.004793549,0.701318502,4.773681498,6300.931947,692.389099,690.972717,0.003466,0.00336
519,4,0,0,74.7239,73.0,13.9,0.005068247,72.2132323215986,0.0,262.6556396,-0.012463226,1.012056351,4.462943649,6316.120324,686.445129,685.138184,0.003417,0.003426
520,4,0,0,74.1257,74.0,14.0,0.005051841,71.6661381381092,0.0,262.5091553,-0.036239227,1.326250792,4.148749208,6332.740512,691.581421,673.451294,0.003348,0.00337
521,4,0,0,74.8145,74.0,14.0,0.005037528,71.2102439649478,0.0,262.5091553,-0.019365936,1.507761717,3.967238283,6347.326326,703.737427,677.751221,0.003423,0.003395
522,4,0,0,76.1998,72.0,14.1,0.005032517,70.6705650086292,0.0,262.5091553,0.009203613,1.644171715,3.830828285,6364.735296,676.754272,686.681396,0.003543,0.003447
523,4,0,0,78.3933,71.0,14.1,0.005047432,70.2052011892266,0.0,262.6556396,0.025309937,1.745848894,3.729151106,6379.316309,675.538025,686.107178,0.003576,0.003528
524,4,0,0,79.9846,71.0,14.2,0.005079419,69.742129150451,0.0,262.802124,0.049085938,-1.699506998,3.524506998,6394.479144,667.819092,696.429688,0.003422,0.003394
525,4,0,0,83.3319,72.0,14.2,0.005122899,69.213344444235,0.0,262.6556396,-0.008628387,-1.3907969,3.2157969,6410.889384,677.136108,694.621826,0.003361,0.00331
526,4,0,0,83.5953,72.0,14.2,0.005155139,68.7578543602542,0.0,262.802124,-0.033938324,-1.109126329,2.934126329,6425.135068,718.973572,787.520874,0.003508,0.003452
527,4,0,0,83.5199,72.0,14.2,0.005188739,68.2377749925266,0.0,262.6556396,0.038348389,-0.849848986,2.674848986,6441.287966,664.479614,681.867126,0.003338,0.003322
528,4,0,0,84.3569,73.0,14.3,0.005223053,67.8050925876796,0.0,262.6556396,-0.036239227,-0.578872919,2.403872919,6455.313131,684.143188,678.818298,0.003327,0.003242
529,4,0,0,83.257,73.0,14.3,0.005265258,67.2918107985242,0.0,262.6556396,-0.056180389,-0.317312956,2.142312956,6471.880499,677.504089,678.544922,0.003329,0.003242
530,4,0,0,82.1126,74.0,14.7,0.005299755,66.8322192793666,0.0,263.0950928,-0.030103485,-0.220607042,2.045607042,6485.688816,683.00531,678.738586,0.003215,0.003263
531,4,0,0,81.0347,74.0,14.7,0.005335562,66.343856301557,0.0,91.12243652,0.012271484,-0.231205225,2.056205225,6501.348704,685.011414,675.596985,0.003278,0.003285
532,4,0,0,78.2277,74.0,15.0,0.00535979,65.9118372022844,5.276184082,0.0,0.019941162,-0.271200418,2.096200418,6515.589863,662.391296,680.045105,0.003292,0.003213
533,4,0,0,77.1522,74.0,15.0,0.005368031,66.7089342597936,14.3371582,0.0,0.026843872,-0.27226615,2.09726615,6531.001016,733.297913,865.482605,0.003379,0.003295
534,4,0,0,77.3455,74.0,15.3,0.005356294,67.3396858471792,14.42504883,0.0,0.019941162,-0.21893239,2.04393239,6544.382487,670.822815,686.663879,0.003391,0.003354
535,4,0,0,78.0628,76.0,15.3,0.00533469,68.4010094474962,19.7479248,0.0,-0.000959,-0.087281466,1.912281466,6560.188295,0.0,0.0,0.0,0.0
536,4,0,0,79.0626,77.0,15.6,0.005317881,69.3752409743956,14.02954102,0.0,-0.030103485,0.027107,1.797893,6573.360313,677.683289,681.754028,0.003348,0.003283
537,4,0,0,78.1946,77.0,15.6,0.005300681,70.4015235780358,17.6385498,0.0,-0.016298065,0.103334188,1.721665812,6588.300853,679.413696,680.240417,0.003417,0.003317
538,4,0,0,76.6413,79.0,15.8,0.005289786,71.3483283464136,16.8447876,0.0,-0.010162323,0.107033491,1.717966509,6601.88976,737.593689,857.62738,0.003433,0.003327
539,4,0,0,76.0433,80.0,15.8,0.005292006,72.349532331246,16.58111572,0.0,0.003834839,0.080540419,1.744459581,6616.597804,732.863281,856.790771,0.003908,0.003614
540,4,0,0,76.2625,78.0,16.0,0.005310796,73.2036809906506,16.58111572,0.0,0.001533936,0.073545218,1.751454782,6629.46036,682.738403,678.854004,0.003525,0.003367
541,4,0,0,77.7025,77.0,16.0,0.005347869,74.0482096753646,8.662719727,0.0,-0.004793549,0.083803892,1.741196108,6644.984368,663.88147,484.086395,0.003339,0.003305
542,4,0,0,79.6064,76.0,16.2,0.005385559,73.675300266353,0.0,35.89782715,-0.019365936,0.081791639,1.743208361,6658.204726,0.0,0.0,0.0,0.0
543,4,0,0,81.9309,74.0,16.2,0.005417116,73.1176655817864,0.0,35.0189209,-0.008628387,0.039940119,1.785059881,6673.571578,680.220581,681.124023,0.003425,0.003257
544,4,0,0,83.633,73.0,16.4,0.005419475,72.615931692268,0.0,33.8470459,0.001533936,-0.014710188,1.839710188,6687.215234,685.140076,683.72113,0.003419,0.003317
545,4,0,0,85.0543,74.0,16.4,0.005389273,72.0840464155146,0.0,32.82165527,0.03451355,-0.069611311,1.894611311,6703.719056,754.011108,868.77948,0.00333,0.003318
546,4,0,0,86.0822,75.0,16.5,0.005341138,71.6074979084196,0.0,30.47790527,0.025309937,-0.078822374,1.903822374,6717.785561,693.301392,681.645081,0.003469,0.003356
547,4,0,0,86.0023,75.0,16.5,0.005273251,71.0650488917194,0.0,26.37634277,-0.030870453,-0.004547358,1.829547358,6734.082913,687.934875,681.755493,0.003366,0.003319
548,4,0,0,85.0152,74.0,16.7,0.005211487,70.6128269427568,0.0,26.8157959,-0.032404388,0.037130117,1.787869883,6749.148798,653.229614,680.900879,0.003288,0.003169
549,4,0,0,84.5109,75.0,16.7,0.005152088,70.1477274735426,0.0,26.66931152,0.003067871,0.012323141,1.812676859,6763.440265,673.068909,676.047424,0.003162,0.003061
550,4,0,0,83.6708,74.0,16.8,0.005088877,69.6343739882902,0.0,19.63806152,0.026843872,-0.04013133,1.86513133,6779.647416,679.972107,679.051392,0.003118,0.003155
551,4,0,0,83.633,73.0,16.8,0.005040834,69.1754207172832,0.0,14.95056152,0.014572388,-0.02764535,1.85264535,6794.386992,681.453613,684.483582,0.003219,0.00318
552,4,0,0,84.3185,73.0,16.6,0.005002164,68.6531312107468,0.0,3.085327148,-0.005560516,0.041588545,1.783411455,6810.339991,686.351685,682.379395,0.003228,0.003137
553,4,0,0,85.5256,73.0,16.6,0.00498428,68.2013845964466,0.0,0.0,-0.020132904,0.102396727,1.722603273,6824.191203,699.223083,678.064087,0.003302,0.003243
554,4,0,0,86.7679,72.0,16.8,0.00497438,67.6861885939216,0.0,0.0,-0.016298065,0.125087023,1.699912977,6839.899557,701.151794,682.05011,0.003367,0.003326
555,4,0,0,88.0468,72.0,16.8,0.004970425,67.2573985870788,0.0,0.0,-0.016298065,0.10521245,1.71978755,6854.185619,641.981628,678.641296,0.003335,0.003277
556,4,0,0,88.9775,73.0,16.6,0.004974208,66.911561286333,6.377563477,0.0,-0.003259613,0.03799367,1.78700633,6869.648096,621.175903,680.553528,0.003328,0.003235
557,4,0,0,89.7537,74.0,16.6,0.004991394,67.0618795325174,5.58380127,0.0,0.046785034,-0.04492259,1.86992259,6883.07372,734.43573,858.968628,0.003341,0.003319
558,4,0,0,90.6323,74.0,16.7,0.005034012,67.1324035632888,5.850219727,0.0,0.00690271,-0.092518568,1.917518568,6898.931223,680.926086,682.506287,0.003206,0.003142
559,4,0,0,90.8992,74.0,16.7,0.005087339,67.2333866066362,6.641235352,0.0,0.025309937,-0.09390378,1.91890378,6912.147176,687.436096,680.099304,0.003289,0.003146
560,4,0,0,91.4829,74.0,16.9,0.005153255,67.380885627102,5.982055664,0.0,0.013038452,-0.063144445,1.888144445,6927.135277,677.185608,677.635681,0.003281,0.003211
561,4,0,0,91.9828,74.0,16.9,0.005207687,67.5813339774296,8.091430664,0.0,-0.000959,-0.009042978,1.834042978,6940.778325,683.69458,681.359192,0.003337,0.003215
562,4,0,0,92.3037,74.0,16.7,0.005255389,67.8638240669472,7.695922852,0.0,-0.012463226,0.061402559,1.763597441,6955.673429,689.162598,676.134216,0.003374,0.003251
563,4,0,0,91.3926,74.0,16.7,0.005272516,68.0328985592824,6.773071289,0.0,-0.016298065,0.107019663,1.717980337,6968.72474,684.574585,680.778687,0.003634,0.003491
564,4,0,0,89.5367,74.0,16.8,0.005260943,67.9515050300576,0.0,0.0,-0.017832001,0.1092484,1.7157516,6984.289915,681.145081,684.430908,0.003616,0.003531
565,4,0,0,88.2987,75.0,16.8,0.005227295,67.504036749587,0.0,3.964233398,-0.005560516,0.074095964,1.750904036,6997.394005,681.492371,679.401489,0.003681,0.003553
566,4,0,0,88.0468,77.0,16.6,0.005169573,66.9937686748892,0.0,263.6810303,-0.005560516,0.010320425,1.814679575,7012.426415,737.812805,885.354126,0.003794,0.0036
567,4,0,0,89.4502,79.0,16.6,0.005120572,66.5700113639076,0.0,256.2103271,0.023009033,-0.050826788,1.875826788,7025.63302,680.147705,691.679321,0.003705,0.003672
568,4,0,0,90.3228,79.0,16.8,0.005090513,65.9672540366078,0.0,249.7650146,-0.003259613,-0.088773489,1.913773489,7040.758665,706.247314,682.166992,0.00364,0.003605
569,4,0,0,89.8408,79.0,16.8,0.00509382,62.3610500984024,0.0,248.3001709,-0.012463226,-0.107482672,1.932482672,7054.551367,676.437012,674.301208,0.003478,0.003432
570,4,0,0,88.9347,79.0,16.9,0.005125777,59.361589146754,0.0,263.6810303,-0.008628387,-0.145151377,1.970151377,7069.479963,673.669617,674.883423,0.003453,0.00347
571,4,0,0,87.7547,79.0,16.9,0.005163677,58.8558560312422,0.0,260.3118896,0.0,-0.193590879,2.018590879,7083.057287,684.094727,671.636902,0.003456,0.003457
572,4,0,0,86.4439,78.0,17.0,0.005199065,58.4123131241524,0.0,264.4134521,-0.017832001,-0.248163462,2.073163462,7097.704072,756.403198,672.733826,0.003497,0.003486
573,4,0,0,85.8428,78.0,17.0,0.005216468,58.0417043471378,0.0,264.5599365,0.02761084,-0.308035135,2.133035135,7109.830312,645.480408,673.512817,0.003551,0.00345
574,4,0,0,86.1623,76.0,17.1,0.005222876,57.6584183805148,0.0,264.4134521,0.051386841,-0.338163137,2.163163137,7121.923774,692.240784,666.127014,0.003352,0.0033
575,4,0,0,86.9716,76.0,17.1,0.005219112,57.2482379284818,0.0,264.5599365,0.065192261,-0.28006959,2.10506959,7134.985535,676.351685,671.929688,0.003256,0.003276
576,4,0,0,87.9214,77.0,17.2,0.005201411,56.8847083806328,0.0,264.5599365,-0.033938324,-0.142496347,1.967496347,7146.325472,692.781616,678.68219,0.003382,0.003396
577,4,0,0,88.8068,76.0,17.2,0.005156144,56.49393983596,0.0,264.4134521,-0.061549164,-0.000579,1.825578642,7159.71946,716.167297,686.745728,0.003568,0.003545
578,4,0,0,89.8408,75.0,17.3,0.005092843,56.1342073810004,0.0,247.2747803,-0.050811615,0.04399991,1.78100009,7170.88157,674.236206,680.250427,0.003408,0.003432
579,4,0,0,90.2788,74.0,17.3,0.005001984,55.7348906337968,0.0,178.427124,0.012271484,0.004255056,1.820744944,7183.538802,677.779785,680.387817,0.003366,0.003303
580,4,0,0,90.9438,74.0,17.3,0.004921897,55.3797952667396,0.0,198.4954834,0.049085938,-0.049427271,1.874427271,7194.529196,0.0,0.0,0.0,0.0
581,4,0,0,91.3025,74.0,17.3,0.004847956,54.9718685183492,0.0,51.4251709,-0.02166684,-0.034600973,1.859600973,7206.993254,685.361816,684.396179,0.003442,0.003522
582,4,0,0,89.7537,75.0,17.4,0.004804043,55.6218662671684,22.47528076,0.0,-0.017832001,0.001142263,1.823857737,7218.328403,727.679871,860.088806,0.003296,0.003238
583,4,0,0,91.0332,76.0,17.4,0.004773172,57.167665243124,15.7901001,0.0,-0.016298065,0.008029699,1.816970301,7230.596556,679.900818,681.356018,0.003458,0.003415
584,4,0,0,91.8459,77.0,17.4,0.004757986,58.2585452737714,15.96588135,0.0,-0.003259613,-0.013966799,1.838966799,7241.831037,668.952881,679.282104,0.003441,0.00341
585,4,0,0,92.1201,77.0,17.4,0.004748975,59.5394465477656,3.738098145,0.0,0.012271484,-0.049753428,1.874753428,7254.440221,712.546997,674.05542,0.003396,0.003297
586,4,0,0,90.8992,77.0,17.8,0.00474204,59.077257071046,0.0,103.1341553,0.016106323,-0.068893194,1.893893194,7265.733626,681.710571,676.3255,0.003457,0.003331
587,4,0,0,89.2777,76.0,17.8,0.00472527,58.5446800999606,0.0,228.9642334,0.00690271,-0.070099115,1.895099115,7279.456222,688.743103,675.11261,0.003542,0.003464
588,4,0,0,87.7131,75.0,17.8,0.004701019,58.0680003029084,0.0,203.036499,0.003067871,-0.056335211,1.881335211,7290.933295,634.352722,676.395691,0.003503,0.003478
589,4,0,0,84.5109,74.0,17.8,0.004674274,57.5436026897192,0.0,185.0189209,0.001533936,-0.038771391,1.863771391,7303.925588,619.142883,682.984985,0.003583,0.003458
590,4,0,0,80.5763,73.0,17.8,0.004663105,57.0910927171768,0.0,175.6439209,-0.010929291,-0.029592752,1.854592752,7315.719678,778.551819,673.081787,0.003641,0.003557
591,4,0,0,78.4929,73.0,17.8,0.00466958,56.6105530307884,0.0,127.5970459,0.00690271,-0.028692484,1.853692484,7328.461182,678.101929,686.260315,0.003457,0.003411
592,4,0,0,78.1287,73.0,17.8,0.004691171,56.166879783252,0.0,125.5462646,-0.015531097,-0.022994757,1.847994757,7339.504219,676.212524,683.226013,0.003291,0.003371
593,4,0,0,79.0964,72.0,17.8,0.004729297,55.6922439123734,0.0,50.54626465,-0.000959,-0.033536673,1.858536673,7352.523192,731.365784,862.170471,0.003382,0.003405
594,4,0,0,80.5412,70.0,17.8,0.004766305,55.4157471820432,11.21429443,0.0,0.005368774,-0.053562403,1.878562403,7362.839459,682.987793,681.478271,0.003403,0.003334
595,4,0,0,81.4266,70.0,17.8,0.00480023,57.2701104201416,22.9586792,0.0,-0.000959,-0.069048166,1.894048166,7375.747564,683.041077,689.449585,0.003368,0.003315
596,4,0,0,82.295,70.0,17.9,0.004816093,59.1356125119292,29.16320801,0.0,-0.000959,-0.080931425,1.905931425,7386.975849,678.396118,684.411011,0.00337,0.003321
597,4,0,0,82.9586,71.0,17.9,0.004820022,61.3435081099834,23.04656982,0.0,0.003834839,-0.095983744,1.920983744,7400.33181,681.429688,678.466797,0.003476,0.003362
598,4,0,0,83.1449,71.0,17.9,0.004817923,62.8369871045776,18.64929199,0.0,-0.005560516,-0.103963137,1.928963137,7413.000493,729.200317,862.489014,0.003535,0.003409
599,4,0,0,83.6708,72.0,17.9,0.004819333,64.164802940928,18.03405762,0.0,-0.005560516,-0.116900206,1.941900206,7425.395078,678.494324,677.925293,0.003387,0.003335
600,4,0,0,84.0506,71.0,17.9,0.004832869,65.5994727251326,17.72644043,0.0,-0.005560516,-0.145025969,1.970025969,7440.501095,641.044983,677.632019,0.003326,0.003224
601,4,0,0,84.3185,70.0,17.9,0.004852577,66.700207146935,17.15240479,0.0,0.010737549,-0.177071333,2.002071333,7453.45235,675.684387,680.656006,0.00337,0.003302
602,4,0,0,83.5953,70.0,17.9,0.004872061,67.5147725601666,9.808044434,0.0,0.013038452,-0.195819616,2.020819616,7468.446228,581.865112,678.301086,0.003385,0.003286
603,4,0,0,81.4624,69.0,17.9,0.0048805,67.8930532218952,9.544372559,0.0,0.005368774,-0.188154459,2.013154459,7482.285119,730.875305,849.716492,0.003302,0.003298
604,4,0,0,79.2996,70.0,17.9,0.004885066,68.276623349682,9.192810059,0.0,0.013038452,-0.153120279,1.978120279,7497.472506,729.602478,839.296997,0.003309,0.003204
605,4,0,0,78.7935,70.0,17.9,0.004892167,68.6040612271418,9.236755371,0.0,0.012271484,-0.09438014,1.91938014,7510.842161,672.74408,673.274902,0.003498,0.003331
606,4,0,0,78.9278,69.0,17.6,0.004909307,69.1289067840266,11.21429443,0.0,-0.001725677,0.002302885,1.822697115,7526.893923,671.835205,494.762085,0.0034,0.003326
607,4,0,0,79.6064,71.0,17.6,0.004936649,69.651153401652,11.30218506,0.0,-0.010162323,0.092747927,1.732252073,7539.843102,678.570374,672.734497,0.003324,0.003259
608,4,0,0,80.5412,71.0,17.6,0.004985032,70.1522244040244,8.885192871,0.0,-0.016298065,0.16896224,1.65603776,7556.118787,672.30188,674.988586,0.003303,0.003239
609,4,0,0,81.606,70.0,17.6,0.005037841,70.4329574322234,8.841247559,0.0,-0.015531097,0.202436209,1.622563791,7569.848194,678.51593,679.308228,0.003315,0.003164
610,4,0,0,82.3316,69.0,17.4,0.005104185,70.662574989584,3.869934082,0.0,-0.010929291,0.200451612,1.624548388,7585.484179,694.054871,703.347717,0.003476,0.003331
611,4,0,0,82.149,71.0,17.4,0.005163973,70.2462375567658,0.0,0.0,-0.004793549,0.174222231,1.650777769,7599.705267,679.579529,685.819702,0.003417,0.00328
612,4,0,0,81.3908,74.0,17.2,0.0052215,69.6988185440908,0.0,0.0,0.003067871,0.13070178,1.69429822,7615.174697,685.6474,692.53302,0.003548,0.00349
613,4,0,0,81.1056,74.0,17.2,0.005247709,69.6186258560938,5.58380127,0.0,-0.003259613,0.102028608,1.722971392,7629.34573,663.812927,683.15918,0.003567,0.003499
614,4,0,0,81.3193,74.0,16.9,0.005251902,69.612898343781,0.0,63.87634277,-0.001725677,0.068497419,1.756502581,7644.696138,683.908508,692.422119,0.003589,0.003495
615,4,0,0,81.7501,74.0,16.9,0.00525516,69.1288229052258,0.0,263.2415771,-0.001725677,0.027896643,1.797103357,7657.760727,680.984985,687.133606,0.003611,0.00363
616,4,0,0,81.7862,74.0,16.8,0.005283825,68.141154499771,0.0,262.5091553,0.010737549,-0.023600817,1.848600817,7671.401386,680.432312,677.887878,0.003704,0.003666
617,4,0,0,82.222,74.0,16.8,0.005336462,60.7899108410484,0.0,262.5091553,0.00690271,-0.055771589,1.880771589,7681.1991,678.510193,683.323181,0.003746,0.003719
618,4,0,0,82.6993,74.0,16.6,0.005413668,52.1331944569314,0.0,262.5091553,0.00690271,-0.067788839,1.892788839,7691.8837,686.919128,686.177979,0.003579,0.003554
619,4,0,0,83.407,75.0,16.6,0.005476071,48.2250110321272,0.0,263.2415771,0.013038452,-0.063867807,1.888867807,7701.598961,686.993103,683.762024,0.003442,0.003416
620,4,0,0,83.9363,77.0,16.1,0.005525034,47.831537251288,0.0,263.6810303,-0.012463226,-0.037410975,1.862410975,7712.111846,708.799316,687.950989,0.003513,0.003459
621,4,0,0,82.5887,77.0,16.1,0.005544862,47.5221809685576,0.0,263.6810303,0.009203613,-0.021019697,1.846019697,7721.237747,730.533997,682.860596,0.003612,0.003615
622,4,0,0,80.9638,77.0,16.0,0.005547638,47.1404042409866,0.0,263.6810303,0.026843872,-0.00323844,1.82823844,7731.576716,727.000488,683.61438,0.00366,0.003639
623,4,0,0,80.5412,78.0,16.0,0.005538686,46.808149737654,0.0,263.5345459,-0.030870453,0.036926031,1.788073969,7740.532231,765.696472,902.706299,0.003484,0.003598
624,4,0,0,80.9638,79.0,15.6,0.005516315,46.4127301842878,0.0,263.6810303,-0.003259613,0.060456991,1.764543009,7749.827612,709.098083,684.543274,0.003387,0.003402
625,4,0,0,81.0701,78.0,15.6,0.005469631,45.9346346830244,0.0,263.0950928,-0.001725677,0.073882818,1.751117182,7759.868049,762.28363,675.349792,0.003239,0.003323
626,4,0,0,78.0299,78.0,15.6,0.005418073,45.5395677038654,0.0,202.3040771,0.009203613,0.084663153,1.740336847,7768.980917,799.86731,672.861206,0.003322,0.00333
627,4,0,0,75.4239,77.0,15.6,0.005363761,45.0944948294244,0.0,171.5423584,-0.02166684,0.102791548,1.722208452,7778.823991,694.931213,680.071777,0.003321,0.003298
628,4,0,0,75.0875,77.0,15.5,0.005327016,44.7070009215034,0.0,176.9622803,-0.016298065,0.091084719,1.733915281,7787.353293,695.533081,678.226929,0.003344,0.003327
629,4,0,0,75.8875,76.0,15.5,0.00529234,44.281012067491,0.0,262.802124,0.021475098,0.062317133,1.762682867,7797.406615,717.824219,675.434509,0.003366,0.003332
630,4,0,0,77.5398,76.0,15.5,0.005259454,43.899648457498,0.0,236.7279053,-0.005560516,0.056359529,1.768640471,7805.82705,716.029907,683.751282,0.003314,0.003344
631,4,0,0,79.4357,75.0,15.5,0.005206575,43.4813113392628,0.0,110.3118896,0.001533936,0.056838274,1.768161726,7815.724577,0.0,0.0,0.0,0.0
632,4,0,0,80.8224,75.0,15.7,0.005142586,43.1192487209172,0.0,0.0,-0.008628387,0.049352407,1.775647593,7825.212893,719.806091,873.382324,0.003511,0.003413
633,4,0,0,81.9309,74.0,15.7,0.005061039,44.10679996642,11.56585693,0.0,-0.003259613,0.029965162,1.795034838,7836.119405,0.0,0.0,0.0,0.0
634,4,0,0,82.5518,74.0,15.6,0.005001985,45.7105220340678,16.31744385,0.0,-0.003259613,0.004945993,1.820054007,7846.132089,693.705322,681.394287,0.003298,0.003262
635,4,0,0,82.222,74.0,15.6,0.004967188,48.0092237725784,21.94793701,0.0,-0.003259613,-0.02881217,1.85381217,7858.085297,686.108704,681.669373,0.003325,0.003346
636,4,0,0,82.4049,75.0,15.6,0.004971848,50.1842205503364,22.6071167,0.0,-0.003259613,-0.065900087,1.890900087,7868.936656,669.852905,678.097717,0.003344,0.003269
637,4,0,0,82.3683,75.0,15.6,0.005018218,52.5285775265598,22.47528076,0.0,0.005368774,-0.113772631,1.938772631,7882.020874,722.034119,815.23291,0.003442,0.00337
638,4,0,0,80.2968,75.0,15.5,0.005086686,54.4472465148838,21.68426514,0.0,0.005368774,-0.155607462,1.980607462,7893.244088,700.940918,692.198486,0.003306,0.00331
639,4,0,0,77.8986,74.0,15.5,0.005174759,56.2102482936654,7.739868164,0.0,0.005368774,-0.192663908,2.017663908,7906.316763,668.833801,480.688995,0.003348,0.003328
640,4,0,0,77.2487,75.0,15.5,0.00524287,56.5780047086508,14.02954102,0.0,0.008436646,-0.212688208,2.037688208,7918.498786,0.0,0.0,0.0,0.0
641,4,0,0,77.7025,75.0,15.5,0.005306156,57.9692200758728,15.39459229,0.0,-0.001725677,-0.207117319,2.032117319,7931.971471,661.010925,680.240112,0.003382,0.003265
642,4,0,0,78.6596,75.0,15.4,0.005353434,58.8493842152728,12.35961914,0.0,-0.007094452,-0.199559927,2.024559927,7944.471446,682.114014,680.236206,0.00339,0.003307
643,4,0,0,79.7092,76.0,15.4,0.005396438,59.8607043665046,12.5793457,0.0,-0.001725677,-0.201336145,2.026336145,7958.245321,677.970093,680.518982,0.003381,0.003312
644,4,0,0,81.0701,77.0,15.4,0.00541611,60.6035210734116,8.973083496,0.0,-0.004793549,-0.208192587,2.033192587,7970.356764,799.978821,667.361877,0.003332,0.003295
645,4,0,0,81.714,77.0,15.4,0.005411102,61.3000449381912,11.21429443,0.0,0.00690271,-0.224988699,2.049988699,7984.922159,673.678223,676.393799,0.003341,0.003248
646,4,0,0,82.4049,77.0,15.4,0.005386592,61.9150805962738,8.091430664,0.0,0.012271484,-0.232227087,2.057227087,7997.401527,676.243713,692.366089,0.003409,0.003339
647,4,0,0,82.9586,75.0,15.4,0.005345893,62.2083390372258,6.992797852,0.0,-0.005560516,-0.223026037,2.048026037,8012.03402,677.251526,674.683105,0.003429,0.00333
648,4,0,0,83.2196,73.0,15.0,0.005305352,62.593874989916,11.21429443,0.0,-0.003259613,-0.222055197,2.047055197,8025.186542,687.168823,677.822083,0.003337,0.0033
649,4,0,0,83.5953,73.0,15.0,0.005263282,63.4488324714178,16.00982666,0.0,0.005368774,-0.228905916,2.053905916,8038.637138,703.865417,869.824585,0.003422,0.003341
650,4,0,0,84.0124,72.0,15.0,0.005216769,64.9357175011366,19.17663574,0.0,0.00690271,-0.232445955,2.057445955,8054.858296,677.008484,685.393799,0.003456,0.003406
651,4,0,0,84.3185,73.0,15.0,0.005182492,66.5234434533874,22.47528076,0.0,0.005368774,-0.221625566,2.046625566,8068.609934,689.820496,682.629822,0.003542,0.003431
652,4,0,0,84.3953,74.0,14.7,0.005153542,68.324728614424,22.47528076,0.0,-0.004793549,-0.195116758,2.020116758,8084.440788,685.706116,678.638184,0.00341,0.003393
653,4,0,0,83.2196,75.0,14.7,0.00513672,69.606432257062,13.76586914,0.0,-0.012463226,-0.176646948,2.001646948,8099.031125,670.949524,679.292603,0.003394,0.003324
654,4,0,0,82.1126,76.0,14.8,0.005132579,70.3106496360852,11.39007568,0.0,0.0,-0.177487612,2.002487612,8115.022929,676.204895,679.750671,0.003393,0.003375
655,4,0,0,81.4624,77.0,14.8,0.00514829,70.8638891648316,11.21429443,0.0,-0.007094452,-0.187005281,2.012005281,8129.744099,0.0,0.0,0.0,0.0
656,4,0,0,81.0347,78.0,14.8,0.005182907,71.3532783543856,9.368591309,0.0,0.001533936,-0.215180635,2.040180635,8145.849165,671.124878,680.6745,0.003287,0.00318
657,4,0,0,80.0884,78.0,14.8,0.005212128,71.6716084296098,9.324645996,0.0,0.00690271,-0.246737242,2.071737242,8159.862933,678.637207,675.168579,0.003229,0.003202
658,4,0,0,78.8271,77.0,14.8,0.005232195,71.9908018835572,8.973083496,0.0,0.013038452,-0.265796423,2.090796423,8176.414806,672.576782,678.320496,0.003245,0.003215
659,4,0,0,78.3269,76.0,14.8,0.005242714,72.2551181309766,8.797302246,0.0,0.003834839,-0.258216143,2.083216143,8190.209054,702.84967,672.072388,0.00328,0.003208
660,4,0,0,78.7935,76.0,15.1,0.005255971,72.5292021709656,7.476196289,0.0,-0.004793549,-0.235594034,2.060594034,8205.852502,657.912781,672.057617,0.003416,0.003257
661,4,0,0,79.7779,75.0,15.1,0.005267941,72.1868387432636,0.0,0.0,-0.000959,-0.224749327,2.049749327,8219.108413,658.263916,675.236572,0.003437,0.003373
662,4,0,0,80.9992,75.0,15.1,0.005273467,71.6229868403156,0.0,0.0,-0.000959,-0.217234373,2.042234373,8232.828962,675.099792,674.829529,0.003455,0.003405
663,4,0,0,82.222,76.0,15.1,0.005263753,71.1336150316336,0.0,66.51306152,0.010737549,-0.212391615,2.037391615,8243.946216,676.58429,675.375793,0.003461,0.003389
664,4,0,0,83.5953,76.0,15.4,0.005235538,70.5777189009756,0.0,262.2161865,0.021475098,-0.184270144,2.009270144,8254.569379,705.862183,770.347778,0.003759,0.003602
665,4,0,0,84.5109,76.0,15.4,0.005206303,70.095744198296,0.0,191.6107178,0.00690271,-0.110969782,1.935969782,8263.405876,728.297424,888.836609,0.003868,0.003571
666,4,0,0,85.0543,77.0,15.7,0.005177394,64.1635230167326,0.0,168.7591553,-0.017832001,0.010901213,1.814098787,8273.821044,676.5224,678.098511,0.003577,0.003496
667,4,0,0,85.5652,78.0,15.7,0.00515325,58.4388975702114,0.0,162.8997803,-0.039307098,0.08972764,1.73527236,8282.483417,730.510986,917.493225,0.003795,0.003781
668,4,0,0,85.8826,78.0,15.9,0.005121249,51.0716526783906,0.0,163.4857178,-0.004793549,0.097229719,1.727770281,8292.287541,0.0,0.0,0.0,0.0
669,4,0,0,86.323,79.0,15.9,0.005090043,45.7705565315598,0.0,187.802124,-0.008628387,0.072489023,1.752510977,8301.18567,648.072998,680.884521,0.003527,0.003479
670,4,0,0,85.9623,79.0,16.1,0.00505481,45.2954600031996,0.0,263.8275146,0.008436646,0.043742418,1.781257582,8310.796402,677.066406,681.430481,0.003355,0.00335
671,4,0,0,83.5575,79.0,16.1,0.005028546,44.9058477693168,0.0,262.802124,0.009203613,0.017538309,1.807461691,8319.518698,631.800781,673.555603,0.003397,0.003409
672,4,0,0,80.9284,77.0,16.3,0.005008277,44.4909073562724,0.0,263.5345459,0.008436646,0.002244234,1.822755766,8328.939344,604.970276,666.759216,0.003408,0.003353
673,4,0,0,80.2272,74.0,16.3,0.004998802,44.1086397478146,0.0,263.5345459,0.0,-0.000543,1.825543356,8337.126576,680.464417,677.884888,0.003418,0.003349
674,4,0,0,80.1578,73.0,16.5,0.00499237,43.7423191537904,0.0,263.5345459,-0.005560516,-0.001313925,1.826313925,8345.53033,662.939087,672.683716,0.003303,0.003244
675,4,0,0,80.8224,73.0,16.5,0.004983903,43.3106607719854,0.0,263.5345459,-0.023200775,-0.013810873,1.838810873,8355.5484,694.274597,673.987976,0.003327,0.003264
676,4,0,0,81.9309,74.0,16.9,0.004977772,42.9498353176714,0.0,263.3880615,-0.003259613,-0.04411006,1.86911006,8365.146011,681.848511,482.882111,0.003381,0.003364
677,4,0,0,82.7732,74.0,16.9,0.004976758,42.525091127215,0.0,120.2728271,0.016106323,-0.084559202,1.909559202,8376.025364,677.147888,683.400879,0.003414,0.003311
678,4,0,0,83.633,74.0,17.0,0.004976699,42.1697299293766,0.0,27.9876709,0.016106323,-0.101742983,1.926742983,8385.840802,667.358887,687.332214,0.003259,0.003187
679,4,0,0,84.2801,75.0,17.0,0.004969172,42.5552859344432,13.23852539,0.0,0.016106323,-0.099864244,1.924864244,8397.922606,0.0,0.0,0.0,0.0
680,4,0,0,84.8983,74.0,17.1,0.004956933,44.18723638896,15.04302979,0.0,0.008436646,-0.079256296,1.904256296,8408.459247,646.082825,686.30127,0.003498,0.003331
681,4,0,0,85.3679,75.0,17.1,0.00494196,46.127752489652,17.81433105,0.0,-0.004793549,-0.046124697,1.871124697,8420.895505,683.262085,683.647888,0.003379,0.00327
682,4,0,0,85.803,76.0,17.2,0.004928421,47.872657014826,16.44927979,0.0,-0.003259613,-0.02325511,1.84825511,8432.643015,683.218323,677.391724,0.003283,0.003213
683,4,0,0,86.1623,75.0,17.2,0.004906913,49.579921250009,14.20532227,0.0,-0.012463226,-0.002515078,1.827515078,8445.825447,639.899292,695.716003,0.003355,0.003199
684,4,0,0,86.5247,74.0,17.3,0.004878313,50.8975834384314,15.39459229,0.0,-0.007094452,0.005501032,1.819498968,8458.230473,675.974487,685.629395,0.003329,0.00321
685,4,0,0,86.8086,74.0,17.3,0.00484068,52.6922169397536,18.86901855,0.0,0.003067871,0.000573,1.824426603,8472.084505,731.51532,866.409912,0.003259,0.003128
686,4,0,0,87.0534,74.0,17.3,0.004819752,54.457936040845,18.51745605,0.0,0.003067871,-0.002969503,1.827969503,8484.467705,684.205383,685.367798,0.003237,0.003058
687,4,0,0,87.2585,73.0,17.3,0.004829241,56.2687641374664,17.32818604,0.0,0.003067871,-0.00058,1.825580072,8499.472787,679.108093,683.545227,0.003341,0.00326
688,4,0,0,87.5059,74.0,17.4,0.004870687,57.7650770188666,17.81433105,0.0,0.003067871,0.007564306,1.817435694,8511.581138,671.888428,680.804504,0.003502,0.003329
689,4,0,0,87.7547,75.0,17.4,0.004940827,59.3984074180598,17.6385498,0.0,0.003067871,0.024386644,1.800613356,8526.76097,673.605713,682.7901,0.003524,0.003349
690,4,0,0,87.9214,75.0,17.5,0.005003148,60.8212241395766,17.59460449,0.0,-0.004793549,0.047079802,1.777920198,8539.453108,0.0,0.0,0.0,0.0
691,4,0,0,88.0887,76.0,17.5,0.005058819,62.2581345434896,16.44927979,0.0,0.0,0.070689917,1.754310083,8553.847871,659.30011,673.158508,0.003373,0.003288
692,4,0,0,88.2987,76.0,17.8,0.005091513,63.4701436574724,16.4932251,0.0,0.003834839,0.085623026,1.739376974,8566.939697,0.0,0.0,0.0,0.0
693,4,0,0,88.552,74.0,17.8,0.0051206,64.734396727595,14.11743164,0.0,0.001533936,0.112649679,1.712350321,8581.109779,685.491211,675.389282,0.003364,0.003422
694,4,0,0,88.7217,73.0,17.8,0.005146234,65.283496213098,9.412536621,0.0,-0.010929291,0.140819788,1.684180212,8593.413263,688.585327,677.344727,0.003525,0.003461
695,4,0,0,88.8494,72.0,17.8,0.005168399,65.5845930893606,5.75958252,0.0,0.001533936,0.16434598,1.66065402,8607.945632,701.643799,679.666199,0.003396,0.003329
696,4,0,0,89.0202,71.0,17.8,0.005168663,65.4156577405618,0.0,0.0,-0.016298065,0.177290201,1.647709799,8620.057655,696.755127,679.971985,0.003331,0.0032
697,4,0,0,89.1059,71.0,17.8,0.005143931,64.8962704534078,0.0,91.56188965,-0.023200775,0.160483122,1.664516878,8633.794015,694.582214,675.360474,0.003051,0.002975
698,4,0,0,89.2347,72.0,17.8,0.005113207,64.4382257352978,0.0,97.56774902,0.014572388,0.095057726,1.729942274,8646.287042,678.602295,679.531616,0.003244,0.003115
699,4,0,0,89.1917,73.0,17.8,0.005089912,63.99961030542,0.0,25.79040527,-0.010929291,0.022998095,1.802001905,8658.124842,705.361389,769.70813,0.003282,0.003189
700,4,0,0,89.4935,73.0,17.9,0.005084506,63.4856615092082,0.0,14.5111084,-0.005560516,-0.078282595,1.903282595,8672.106931,693.85791,677.30011,0.003306,0.003241
701,4,0,0,89.4071,73.0,17.9,0.005097744,63.0383948790396,0.0,19.34509277,-0.004793549,-0.208085775,2.033085775,8683.206789,664.900879,676.12207,0.003292,0.003135
702,4,0,0,88.7642,74.0,17.9,0.005117394,62.5477603661002,0.0,17.14782715,0.029144775,-0.347748995,2.172748995,8696.79656,664.833923,675.174011,0.003287,0.003255
703,4,0,0,87.0944,74.0,17.9,0.005119872,62.1208633454324,0.0,0.0,0.036047485,-0.410069227,2.235069227,8707.077098,695.86731,674.828796,0.003377,0.003325
704,4,0,0,85.9623,74.0,17.9,0.005096328,61.62177987796,0.0,253.2806396,0.008436646,-0.403660536,2.228660536,8717.485408,699.284973,678.706787,0.003245,0.003227
705,4,0,0,85.7633,74.0,17.9,0.005065718,61.2027039117308,0.0,263.0950928,-0.005560516,-0.380053282,2.205053282,8726.452878,692.875122,677.968628,0.00328,0.003183
706,4,0,0,86.0422,75.0,17.6,0.005050146,60.7113364570752,0.0,263.0950928,0.014572388,-0.344600916,2.169600916,8736.133796,680.776123,677.221375,0.003261,0.003196
707,4,0,0,86.6461,75.0,17.6,0.005073505,60.2826830510116,0.0,263.0950928,-0.000959,-0.293625593,2.118625593,8744.522396,733.638916,873.629822,0.003735,0.00344
708,4,0,0,87.2174,74.0,17.6,0.005138895,59.798485045122,0.0,262.802124,-0.025501678,-0.220489264,2.045489264,8754.409616,681.331116,678.667114,0.003635,0.003482
709,4,0,0,87.5473,73.0,17.6,0.005205179,58.3730079880248,0.0,262.6556396,-0.003259613,-0.192274809,2.017274809,8762.632195,723.931396,871.690674,0.003461,0.003457
710,4,0,0,87.7547,74.0,17.7,0.005260381,51.324939716455,0.0,262.6556396,0.010737549,-0.206254721,2.031254721,8771.937651,694.319397,682.03241,0.003439,0.003421
711,4,0,0,87.9631,74.0,17.7,0.005281385,45.9613499845188,0.0,262.6556396,0.0,-0.212471247,2.037471247,8780.382531,737.105286,677.94873,0.003497,0.003466
712,4,0,0,88.2987,74.0,17.4,0.005281238,43.9453431079474,0.0,262.9486084,0.009203613,-0.204059839,2.029059839,8789.503026,677.26001,682.503418,0.003512,0.003553
713,4,0,0,88.4674,75.0,17.4,0.005269115,43.56180663146,0.0,263.2415771,-0.020132904,-0.184815645,2.009815645,8797.405111,682.310303,680.204895,0.003429,0.003398
714,4,0,0,88.7217,75.0,17.5,0.005253901,43.1325860296068,0.0,263.5345459,0.00690271,-0.171166658,1.996166658,8806.717573,664.950623,676.308105,0.003481,0.003448
715,4,0,0,88.892,75.0,17.5,0.005247722,42.7730095035998,0.0,263.5345459,-0.013997162,-0.156714678,1.981714678,8814.461516,1008.434814,663.421387,0.003629,0.003644
716,4,0,0,89.2777,76.0,17.2,0.005248268,42.363913151271,0.0,263.5345459,-0.023200775,-0.151203871,1.976203871,8823.224617,672.382507,676.943726,0.003538,0.003461
717,4,0,0,89.4071,76.0,17.2,0.005252661,42.0096148420356,0.0,263.6810303,-0.020132904,-0.175293207,2.000293207,8830.816537,685.805115,671.864014,0.003525,0.003472
718,4,0,0,88.9775,75.0,17.3,0.005259633,41.6054684493986,0.0,263.6810303,0.016106323,-0.226601362,2.051601362,8839.772933,694.62207,675.457275,0.003369,0.00338
719,4,0,0,87.382,75.0,17.3,0.005260136,41.2562532405532,0.0,263.6810303,0.037581421,-0.254431009,2.079431009,8847.495074,621.641479,678.992981,0.003317,0.003281
720,4,0,0,85.8826,74.0,17.4,0.005243436,40.8589643904968,0.0,263.6810303,0.00690271,-0.248524427,2.073524427,8856.543259,667.647888,677.185425,0.003367,0.003345
721,4,0,0,85.6047,73.0,17.4,0.005215606,40.5016216445032,0.0,232.6263428,0.04141626,-0.223751307,2.048751307,8864.929583,696.724304,679.139709,0.003435,0.003346
722,4,0,0,85.6047,73.0,17.4,0.005187242,40.0975601928314,0.0,125.8392334,-0.034705292,-0.147930861,1.972930861,8874.046083,717.165283,673.929688,0.003495,0.003435
723,4,0,0,86.323,74.0,17.4,0.005180854,39.7460936621666,0.0,87.60681152,-0.02856955,-0.092512369,1.917512369,8881.944611,671.530273,681.7854,0.003523,0.003478
724,4,0,0,86.89,74.0,17.5,0.005194016,39.39766110755,0.0,2.792358398,-0.02166684,-0.069100142,1.894100142,8890.140576,694.043884,674.210999,0.003498,0.003459
725,4,0,0,87.4233,74.0,17.5,0.005226653,38.9901873561828,0.0,17.58728027,-0.030103485,-0.073598623,1.898598623,8898.99116,723.112793,672.425293,0.0034,0.003428
726,4,0,0,87.838,75.0,17.8,0.005265634,38.6463218670852,0.0,4.989624023,-0.023200775,-0.111552477,1.936552477,8906.659608,655.173096,684.361694,0.003585,0.003602
727,4,0,0,88.0049,74.0,17.8,0.005308119,39.8117483611802,8.753356934,0.0,0.0,-0.174589872,1.999589872,8915.697203,734.512512,899.081787,0.003787,0.003716
728,4,0,0,87.6716,74.0,17.8,0.005324377,40.7256054496994,5.715637207,0.0,0.0,-0.230141401,2.055141401,8923.21209,719.964478,872.203613,0.003552,0.003592
729,4,0,0,87.7963,74.0,17.8,0.005307573,41.1394523162138,6.245727539,0.0,-0.000959,-0.295117617,2.120117617,8931.715258,646.379272,671.568115,0.003341,0.003379
730,4,0,0,86.2426,75.0,17.8,0.005270818,41.0993739726832,0.0,263.5345459,0.039882324,-0.348723173,2.173723173,8939.1161,638.984802,669.811096,0.003397,0.003339
731,4,0,0,85.6443,75.0,17.8,0.005223216,40.690640671365,0.0,263.5345459,0.061357422,-0.355241537,2.180241537,8948.476648,681.840088,678.730774,0.003365,0.003325
732,4,0,0,85.5652,76.0,17.9,0.005186848,40.334018088928,0.0,263.5345459,0.06212439,-0.2918365,2.1168365,8957.02286,681.199219,678.166992,0.003277,0.003246
733,4,0,0,84.8205,75.0,17.9,0.005159311,39.930743556236,0.0,263.3880615,0.003834839,-0.140710592,1.965710592,8967.600213,690.273682,678.764221,0.003359,0.003402
734,4,0,0,83.5953,74.0,17.9,0.005155989,39.5811782676604,0.0,263.0950928,-0.044675873,-3.27e-05,1.825032663,8977.975452,604.13678,670.338074,0.003331,0.00333
735,4,0,0,81.678,73.0,17.9,0.005181692,39.1967583117932,0.0,239.8040771,-0.044675873,0.110128164,1.714871836,8989.830736,680.900085,688.088928,0.003344,0.003311
736,4,0,0,80.4014,71.0,17.9,0.005224194,38.8515949382658,0.0,96.39587402,-0.010929291,0.164329767,1.660670233,9000.507987,677.044617,679.14209,0.003381,0.003315
737,4,0,0,80.5412,72.0,17.9,0.005280803,38.4851763837158,0.0,23.8861084,0.012271484,0.204705,1.620295,9013.360583,852.412598,683.60199,0.003542,0.003524
738,4,0,0,82.2585,72.0,17.9,0.005330469,38.1570898295822,0.0,22.7142334,-0.030870453,0.250801802,1.574198198,9024.290946,731.218079,875.755493,0.003603,0.003416
739,4,0,0,83.7086,72.0,17.9,0.005387503,38.1528702849428,16.80084229,0.0,-0.023200775,0.288761854,1.536238146,9036.98496,662.601074,691.886414,0.0,0.003234
740,4,0,0,84.8983,72.0,17.9,0.005436699,40.7876682305802,25.37841797,0.0,-0.02166684,0.296438456,1.528561544,9048.283495,0.0,0.0,0.0,0.0
741,4,0,0,85.8428,72.0,17.9,0.005482652,44.2704961893158,31.2286377,0.0,-0.017832001,0.283692598,1.541307402,9062.010437,0.0,0.0,0.0,0.0
742,4,0,0,85.7633,74.0,18.2,0.005500755,47.450746003066,28.85284424,0.0,-0.010929291,0.259111643,1.565888357,9073.693087,682.478821,686.311218,0.003546,0.003554
743,4,0,0,85.5256,75.0,18.2,0.005485698,50.8046624803744,22.47528076,0.0,-0.008628387,0.205868959,1.619131041,9087.126036,678.232605,680.205017,0.003515,0.003425
744,4,0,0,85.5256,76.0,18.2,0.005445212,53.0785216580684,17.46276855,0.0,-0.016298065,0.138353109,1.686646891,9099.339135,680.284729,682.747925,0.003412,0.003402
745,4,0,0,85.5256,77.0,18.2,0.005381111,54.9210710530948,8.355102539,0.0,0.0690271,0.03319478,1.79180522,9112.533334,709.897522,674.538086,0.003482,0.003487
746,4,0,0,85.0933,77.0,17.9,0.005318495,55.4287303715592,8.442993164,0.0,0.010737549,-0.010700941,1.835700941,9123.968718,728.769714,842.722412,0.003435,0.003504
747,4,0,0,85.1325,77.0,17.9,0.005254751,56.0272440945866,11.47796631,0.0,-0.012463226,-0.000986,1.825985861,9137.45026,733.095093,861.250183,0.003499,0.003454
748,4,0,0,85.5652,78.0,17.6,0.005224716,56.9442326207844,10.81878662,0.0,-0.005560516,-0.006557226,1.831557226,9148.664884,662.935425,674.528503,0.003543,0.003473
749,4,0,0,86.2024,78.0,17.6,0.005228303,57.663164131054,13.94165039,0.0,-0.005560516,-0.038957357,1.863957357,9159.780129,705.543701,676.188904,0.003515,0.003437
750,4,0,0,86.9308,79.0,17.3,0.005268875,58.998283458099,15.17486572,0.0,-0.005560516,-0.09277606,1.91777606,9172.884257,703.816101,671.269592,0.003415,0.003403
751,4,0,0,87.4233,80.0,17.3,0.00532658,59.7921852675986,9.192810059,0.0,0.009203613,-0.152695894,1.977695894,9183.784969,669.5354,672.850098,0.003291,0.003214
752,4,0,0,87.7963,80.0,17.4,0.00540362,60.4959299673704,6.289672852,0.0,0.009203613,-0.215775728,2.040775728,9196.124627,684.190918,675.531128,0.00328,0.003208
753,4,0,0,88.0468,79.0,17.4,0.005467441,60.2436747898338,0.0,7.479858398,0.00690271,-0.250721693,2.075721693,9206.819229,729.556824,860.584229,0.003375,0.003419
754,4,0,0,88.5097,77.0,17.2,0.005523715,59.6458557384174,0.0,90.24353027,0.009203613,-0.271822691,2.096822691,9218.774908,692.825928,671.181396,0.003262,0.003304
755,4,0,0,88.552,76.0,17.2,0.005555415,59.1237914107338,0.0,91.41540527,-0.003259613,-0.271027327,2.096027327,9228.694859,697.146484,676.044922,0.003241,0.003244
756,4,0,0,88.7217,76.0,17.2,0.005577547,58.5372700226778,0.0,262.3626709,-0.004793549,-0.262406588,2.087406588,9238.233676,692.728821,673.222778,0.003206,0.003139
757,4,0,0,88.8068,74.0,17.2,0.00558978,58.042301862893,0.0,262.3626709,0.008436646,-0.26192975,2.08692975,9246.763126,703.522095,676.25592,0.003271,0.003239
758,4,0,0,89.2347,73.0,17.0,0.005593682,57.4656187082184,0.0,255.0384521,0.008436646,-0.248750448,2.073750448,9255.97492,711.620605,675.632813,0.003294,0.003301
759,4,0,0,89.3208,74.0,17.0,0.00558311,56.9462258366546,0.0,241.5618896,0.0,-0.220191717,2.045191717,9263.956212,732.124207,859.597595,0.003594,0.003366
760,4,0,0,89.4502,74.0,16.5,0.005550945,56.3791984322988,0.0,259.1400146,0.014572388,-0.195571661,2.020571661,9273.362526,729.462402,869.595703,0.003454,0.003408
761,4,0,0,89.6668,75.0,16.5,0.005507512,55.8882771027846,0.0,264.4134521,-0.004793549,-0.176594973,2.001594973,9281.184468,729.077271,874.871826,0.003539,0.003451
762,4,0,0,86.89,76.0,16.1,0.005451787,55.31552958908,0.0,264.1204834,0.017640259,-0.155184507,1.980184507,9290.035914,709.945129,677.069824,0.003634,0.003509
763,4,0,0,81.9672,77.0,16.1,0.005409338,54.8297455464336,0.0,212.8509521,-0.034705292,-0.135008574,1.960008574,9298.067961,681.934326,686.242126,0.003559,0.003497
764,4,0,0,79.0964,78.0,15.7,0.005372717,52.2378715793148,0.0,179.3060303,-0.034705292,-0.19862628,2.02362628,9306.741671,784.114502,673.600403,0.003556,0.00347
765,4,0,0,77.9314,78.0,15.7,0.005339712,46.8897761705636,0.0,174.6185303,0.003834839,-0.30269742,2.12769742,9314.255939,730.521179,876.20697,0.003576,0.003523
766,4,0,0,78.3933,78.0,15.3,0.005279299,42.1658941962338,0.0,246.395874,0.047552002,-0.411405325,2.236405325,9323.110691,735.525879,890.978821,0.003784,0.003528
767,4,0,0,79.538,79.0,15.3,0.005198033,41.7767855087436,0.0,263.973999,0.032212646,-0.445393801,2.270393801,9330.124076,656.138428,682.41687,0.003433,0.003411
768,4,0,0,80.8577,78.0,15.3,0.005082064,41.350435631489,0.0,264.1204834,0.032979614,-0.428949594,2.253949594,9338.824841,667.836792,681.163208,0.003451,0.003411
769,4,0,0,81.714,77.0,15.3,0.004976256,40.990222852913,0.0,264.1204834,0.003067871,-0.382154703,2.207154703,9346.208056,705.608093,676.270996,0.003351,0.003398
770,4,0,0,78.9615,76.0,15.0,0.00486223,40.5828034811444,0.0,263.6810303,-0.004793549,-0.323264837,2.148264837,9354.64183,673.370911,687.471924,0.003328,0.003352
771,4,0,0,75.2095,75.0,15.0,0.004771926,40.2278969057626,0.0,199.2279053,-0.010929291,-0.272094488,2.097094488,9362.409778,726.532471,874.81543,0.003397,0.003276
772,4,0,0,74.1257,73.0,14.7,0.004685645,39.8132415712058,0.0,190.145874,0.021475098,-0.216262579,2.041262579,9370.80748,0.0,0.0,0.0,0.0
773,4,0,0,73.7126,73.0,14.7,0.004632264,39.4644470438364,0.0,194.5404053,-0.005560516,-0.167464018,1.992464018,9378.574354,694.786987,680.803894,0.003319,0.003312
774,4,0,0,72.4438,73.0,14.7,0.004601323,39.1050444231098,0.0,175.4974365,0.008436646,-0.117641211,1.942641211,9386.148062,708.203308,675.2677,0.003323,0.003339
775,4,0,0,70.1125,73.0,14.7,0.004587394,38.7000858609484,0.0,81.60095215,0.008436646,-0.053169012,1.878169012,9394.961344,702.055298,681.658813,0.003359,0.003359
776,4,0,0,69.351,73.0,14.7,0.004588382,38.3466397294298,0.0,46.7376709,0.008436646,0.014957666,1.810042334,9403.226609,696.861877,685.211426,0.0033,0.0
777,4,0,0,70.0859,74.0,14.7,0.004601617,37.9465439168256,0.0,34.57946777,-0.013997162,0.100937128,1.724062872,9412.546714,706.911926,680.05011,0.00337,0.00326
778,4,0,0,71.9373,75.0,14.8,0.004623899,37.610478818241,0.0,9.384155273,-0.024734711,0.163902521,1.661097479,9421.010517,723.070129,716.457703,0.003388,0.003319
779,4,0,0,74.2148,75.0,14.8,0.004663779,37.8715053011126,6.377563477,0.0,-0.020132904,0.210002184,1.614997816,9431.606219,726.7453,695.373779,0.003447,0.003295
780,4,0,0,76.4199,75.0,15.1,0.004712685,37.91393089922,0.791015625,0.0,-0.013997162,0.230500937,1.594499063,9440.432619,706.878418,677.309082,0.003356,0.003368
781,4,0,0,78.0628,75.0,15.1,0.004781136,38.2252495467728,3.518371582,0.0,-0.010162323,0.23473525,1.59026475,9451.933335,690.307678,678.864685,0.003252,0.003222
782,4,0,0,79.164,75.0,15.4,0.004842627,37.9303227191362,0.0,0.0,0.001533936,0.228596926,1.596403074,9461.944259,707.762085,685.174988,0.003386,0.003318
783,4,0,0,79.7092,74.0,15.4,0.004903184,37.871011893562,6.597290039,0.0,0.001533936,0.219142199,1.605857801,9473.706763,709.785278,684.397705,0.003272,0.003365
784,4,0,0,80.0538,74.0,15.6,0.004942611,38.5284289089954,8.091430664,0.0,-0.005560516,0.211479902,1.613520098,9484.732475,685.331299,684.066101,0.003368,0.003349
785,4,0,0,80.6114,74.0,15.6,0.004969677,39.4088309893144,5.671691895,0.0,-0.004793549,0.196229696,1.628770304,9496.979759,671.544128,678.489807,0.003333,0.003345
786,4,0,0,81.248,73.0,16.2,0.00498428,40.0690640117864,8.135375977,0.0,-0.000959,0.173366785,1.651633215,9508.411352,684.913696,682.770325,0.003442,0.003361
787,4,0,0,81.7862,74.0,16.2,0.005007832,41.2498246514562,11.83227539,0.0,0.014572388,0.139770269,1.685229731,9521.158529,735.192322,676.44281,0.003369,0.003348
788,4,0,0,82.149,75.0,16.3,0.00503917,42.6130445515874,12.44750977,0.0,0.001533936,0.121260881,1.703739119,9532.551238,0.0,0.0,0.0,0.0
789,4,0,0,82.4049,76.0,16.3,0.005073704,44.5106725781362,18.6932373,0.0,0.001533936,0.105139494,1.719860506,9546.442136,680.538574,685.698486,0.003347,0.003253
790,4,0,0,80.7872,76.0,16.8,0.005088664,46.6509226753166,15.30670166,0.0,0.001533936,0.091969252,1.733030748,9558.366535,674.048584,680.008301,0.003408,0.003326
791,4,0,0,76.8002,76.0,16.8,0.00508103,48.3611140102784,19.00085449,0.0,-0.010929291,0.075068235,1.749931765,9572.164149,675.156921,682.818787,0.003251,0.003184
792,4,0,0,75.6086,77.0,17.2,0.005052574,50.2762063531062,16.31744385,0.0,0.001533936,0.046305418,1.778694582,9585.000019,678.617188,678.767578,0.003172,0.003027
793,4,0,0,76.3254,76.0,17.2,0.004994939,51.9216966195648,14.91119385,0.0,0.0,0.00896287,1.81603713,9599.258094,679.327087,683.013672,0.003401,0.003303
794,4,0,0,76.4514,76.0,17.3,0.004925646,53.2618707548026,14.46899414,0.0,0.001533936,-0.023933172,1.848933172,9611.952855,675.164917,680.740112,0.003344,0.003232
795,4,0,0,76.1058,77.0,17.3,0.004837088,54.357968748532,11.434021,0.0,0.009203613,-0.056524992,1.881524992,9627.25336,725.619873,674.716797,0.003069,0.003067
796,4,0,0,74.6636,78.0,17.1,0.004761592,55.2674874426528,11.65649414,0.0,0.025309937,-0.068803549,1.893803549,9639.542684,682.154114,679.522278,0.003288,0.003174
797,4,0,0,74.1851,77.0,17.1,0.004683962,56.290481681871,14.3371582,0.0,0.012271484,-0.034622908,1.859622908,9654.873451,675.087402,679.503784,0.003399,0.003227
798,4,0,0,74.5134,76.0,17.2,0.004624907,57.44864699482,14.69146729,0.0,0.010737549,0.024106264,1.800893736,9667.814685,678.490112,688.36322,0.003359,0.003362
799,4,0,0,75.3318,75.0,17.2,0.004572968,58.5754427789012,14.69146729,0.0,-0.015531097,0.102577448,1.722422552,9681.490573,682.425598,679.02002,0.003259,0.003169
800,4,0,0,73.9776,74.0,17.2,0.004521087,60.0344852449226,17.59460449,0.0,-0.012463226,0.169224024,1.655775976,9696.575727,684.530518,684.355286,0.003155,0.003096
801,4,0,0,71.9373,73.0,17.2,0.004483979,61.295244309158,11.83227539,0.0,-0.02856955,0.197017908,1.627982092,9709.917123,721.617676,840.510498,0.003174,0.003161
802,4,0,0,71.7978,73.0,17.0,0.004455164,62.0798214095768,11.21429443,0.0,-0.020132904,0.166208982,1.658791018,9725.950689,688.508423,679.97168,0.003331,0.00329
803,4,0,0,72.7283,74.0,17.0,0.004445833,62.860185032568,13.94165039,0.0,0.0,0.087175608,1.737824392,9739.538189,678.563599,682.79187,0.003394,0.003329
804,4,0,0,74.6335,74.0,17.1,0.004454828,64.0651689751158,15.30670166,0.0,0.021475098,-0.031051874,1.856051874,9755.088447,738.831726,870.615295,0.003409,0.003413
805,4,0,0,77.1843,75.0,17.1,0.004474255,65.1114715430484,14.77935791,0.0,0.014572388,-0.101391554,1.926391554,9769.239332,675.000183,704.77002,0.003499,0.003434
806,4,0,0,79.6064,76.0,16.9,0.004497189,66.0717847895182,9.017028809,0.0,0.019941162,-0.134094954,1.959094954,9784.555547,687.861877,681.210327,0.003449,0.003414
807,4,0,0,81.2123,75.0,16.9,0.004512287,66.3520794013144,7.300415039,0.0,0.005368774,-0.115781069,1.940781069,9797.854312,684.794189,681.383179,0.00335,0.003251
808,4,0,0,82.5151,75.0,17.0,0.004527954,66.1604399344108,6.069946289,0.0,0.005368774,-0.074156046,1.899156046,9812.731052,0.0,0.0,0.0,0.0
809,4,0,0,81.8585,75.0,17.0,0.004544121,66.4504120065224,9.544372559,0.0,-0.012463226,-0.027139902,1.852139902,9824.16554,724.851318,850.712891,0.003329,0.003307
810,4,0,0,78.8942,75.0,16.8,0.00456253,67.0793334202732,12.09594727,0.0,0.001533936,0.007327795,1.817672205,9835.973071,674.437927,684.788574,0.003321,0.003346
811,4,0,0,75.6395,75.0,16.8,0.004575222,67.7403727220852,13.32641602,0.0,-0.005560516,0.030001402,1.794998598,9844.663945,692.616028,683.02887,0.003404,0.003316
812,4,0,0,76.3254,75.0,16.6,0.004592068,68.5380517330318,12.75512695,0.0,0.001533936,0.04740262,1.77759738,9854.292243,687.532104,678.995178,0.003315,0.003228
813,4,0,0,77.3455,75.0,16.6,0.004620217,69.1444338411872,11.25823975,0.0,-0.000959,0.059957743,1.765042257,9863.030369,666.290283,675.954773,0.00332,0.003304
814,4,0,0,77.7025,74.0,16.8,0.004670673,69.7848666064636,12.13989258,0.0,0.009203613,0.072691679,1.752308321,9872.467921,711.501526,678.642517,0.003374,0.003313
815,4,0,0,77.5074,75.0,16.8,0.004719362,70.0952519655636,3.913879395,0.0,0.010737549,0.097560167,1.727439833,9881.032526,666.401917,678.589111,0.003425,0.003363
816,4,0,0,77.3778,76.0,16.9,0.004764423,69.5989636802702,0.0,93.17321777,-0.003259613,0.157232523,1.667767477,9890.28283,723.368286,872.561707,0.003393,0.003388
817,4,0,0,78.0957,76.0,16.9,0.004794019,69.1068337203226,0.0,263.2415771,0.003834839,0.20078826,1.62421174,9898.297882,731.383606,869.423523,0.003534,0.003535
818,4,0,0,77.1843,75.0,17.0,0.00483148,68.5349385452688,0.0,262.802124,0.008436646,0.262526274,1.562473726,9907.744097,656.099609,694.548889,0.003583,0.003493
819,4,0,0,74.1554,74.0,17.0,0.004880321,68.0511197803502,0.0,262.5091553,-0.007094452,0.329425573,1.495574427,9915.599259,674.342529,679.3396,0.003475,0.003456
820,4,0,0,72.6712,74.0,16.8,0.00495412,61.4693596245214,0.0,262.2161865,-0.008628387,0.396488428,1.428511572,9924.488348,656.521118,676.897705,0.003482,0.003415
821,4,0,0,73.3041,73.0,16.8,0.005022215,52.44458612024,0.0,262.5091553,-0.008628387,0.422033548,1.402966452,9932.189696,739.366577,676.040771,0.003442,0.003455
822,4,0,0,74.9356,72.0,16.9,0.005084818,46.1566259321798,0.0,262.5091553,-0.025501678,0.423072577,1.401927423,9940.90427,726.783203,928.257874,0.003664,0.003796
823,4,0,0,77.3132,71.0,16.9,0.005113739,43.481434341119,0.0,263.3880615,-0.010162323,0.37918067,1.44581933,9948.811706,805.498596,683.459717,0.00352,0.00343
824,4,0,0,79.5722,73.0,16.7,0.005111197,43.0898220194842,0.0,263.5345459,0.005368774,0.313526392,1.511473608,9956.334947,688.585205,673.613403,0.003443,0.003495
825,4,0,0,81.5701,75.0,16.7,0.005064738,42.6513446709784,0.0,263.5345459,-0.02166684,0.247076273,1.577923727,9965.100183,658.151428,670.265686,0.003428,0.003355
826,4,0,0,82.8844,77.0,16.6,0.004990016,42.268705482008,0.0,263.6810303,-0.02166684,0.177422285,1.647577715,9973.633266,675.863281,677.124512,0.003517,0.003477
827,4,0,0,82.6255,78.0,16.6,0.004884841,41.837106967651,0.0,263.6810303,0.037581421,0.066639185,1.758360815,9983.672073,683.009705,679.183289,0.00351,0.003439
828,4,0,0,81.355,80.0,16.4,0.004798516,41.4726851534258,0.0,263.6810303,0.02761084,0.002314329,1.822685671,9993.653378,731.880798,881.481812,0.003588,0.003467
829,4,0,0,80.7872,80.0,16.4,0.004731221,41.0473897801128,0.0,247.7142334,0.02761084,-0.031388998,1.856388998,10005.40019,665.697693,681.172119,0.00348,0.003418
830,4,0,0,81.3908,80.0,16.3,0.00471108,40.6769176199708,0.0,160.9954834,0.026843872,-0.02600503,1.85100503,10016.40107,655.026917,680.044128,0.003411,0.003391
831,4,0,0,81.1767,80.0,16.3,0.004727763,40.2464280374342,0.0,175.0579834,-0.003259613,0.00869298,1.81630702,10030.27173,644.941895,675.005676,0.003336,0.003298
832,4,0,0,77.5074,80.0,16.1,0.004757944,39.894076273209,0.0,105.9173584,-0.023200775,0.035314322,1.789685678,10042.1959,717.361389,865.624084,0.003395,0.003321
833,4,0,0,75.3012,80.0,16.1,0.004788267,39.4815240241642,0.0,58.4564209,-0.030870453,0.047728777,1.777271223,10055.91693,670.589905,686.874817,0.003389,0.00337
834,4,0,0,74.2446,79.0,15.7,0.004806379,39.1105580863234,0.0,30.47790527,-0.030870453,0.026326418,1.798673582,10067.87637,671.836182,687.133789,0.003486,0.003412
835,4,0,0,73.3331,78.0,15.7,0.00482088,38.6931637194602,0.0,1.766967773,-0.005560516,-0.034855127,1.859855127,10081.44152,696.398499,677.558594,0.003392,0.003315
836,4,0,0,73.9186,77.0,15.7,0.004828938,38.7752219221984,3.694152832,0.0,0.012271484,-0.09762454,1.92262454,10094.01546,713.476501,676.796509,0.003409,0.003309
837,4,0,0,75.6086,77.0,15.7,0.004832228,40.1130244213584,20.18737793,0.0,0.067493164,-0.156267881,1.981267881,10108.00749,723.70813,867.887512,0.003428,0.003449
838,4,0,0,77.8659,77.0,15.6,0.004833431,42.8914205565158,22.47528076,0.0,0.018407227,-0.142190695,1.967190695,10120.46505,736.818481,879.011414,0.003769,0.003565
839,4,0,0,80.0192,77.0,15.6,0.00483823,46.6260751577328,32.81341553,0.0,-0.001725677,-0.08356595,1.90856595,10135.55167,0.0,0.0,0.0,0.0
840,4,0,0,81.9672,78.0,15.5,0.004845434,50.1149920060782,36.24389648,0.0,-0.015531097,-0.032041311,1.857041311,10148.43974,683.677124,677.993713,0.003569,0.003511
841,4,0,0,83.257,79.0,15.5,0.00485509,54.2920192345238,35.45288086,0.0,-0.025501678,0.000353,1.824647379,10163.41066,679.784302,681.159607,0.003382,0.003393
842,4,0,0,84.4338,78.0,15.5,0.004865754,57.8100315821302,35.18920898,0.0,-0.02166684,-0.016912222,1.841912222,10177.35239,683.191528,683.042603,0.003444,0.003479
843,4,0,0,85.2893,76.0,15.5,0.004887219,60.7240335703128,13.50219727,0.0,0.019941162,-0.090104342,1.915104342,10192.60473,735.997314,852.770691,0.003345,0.003351
844,4,0,0,85.8826,75.0,15.5,0.004920155,61.5608021623874,7.651977539,0.0,0.00690271,-0.153158426,1.978158426,10206.64279,733.730591,853.747192,0.00327,0.003379
845,4,0,0,86.4439,75.0,15.5,0.00497784,61.8387014325276,3.65020752,0.0,0.029144775,-0.199020147,2.024020147,10222.13065,682.767212,703.588318,0.003501,0.00346
846,4,0,0,86.4035,74.0,15.7,0.005045942,61.2989998971688,0.0,0.0,0.030678711,-0.206776857,2.031776857,10235.83509,682.620972,679.924072,0.003395,0.003328
847,4,0,0,86.5651,74.0,15.7,0.005131121,61.121305071684,12.49145508,0.0,-0.015531097,-0.133592367,1.958592367,10252.3449,683.683716,683.245178,0.003424,0.003335
848,4,0,0,86.7273,75.0,15.9,0.005187569,62.1588316350088,16.22955322,0.0,-0.015531097,-0.081366777,1.906366777,10265.72185,682.666504,684.534912,0.003453,0.003411
849,4,0,0,87.0944,75.0,15.9,0.005206859,63.3147137290196,14.77935791,0.0,-0.012463226,-0.054434538,1.879434538,10280.5957,682.126404,683.87439,0.003413,0.003419
850,4,0,0,87.5059,78.0,16.4,0.005180607,64.49684567121,14.42504883,0.0,0.012271484,-0.04399085,1.86899085,10297.00174,742.756104,874.286804,0.003401,0.003458
851,4,0,0,87.7547,77.0,16.4,0.005128926,65.5501694194144,14.77935791,0.0,0.030678711,-0.01987958,1.84487958,10311.51302,741.741882,865.522827,0.003598,0.003531
852,4,0,0,87.0944,76.0,16.6,0.005061719,66.7030794647802,14.99908447,0.0,0.008436646,0.063355207,1.761644793,10328.96877,677.738281,686.885681,0.003485,0.00336
853,4,0,0,81.714,75.0,16.6,0.005013496,67.7942269516422,15.4385376,0.0,-0.013997162,0.169917822,1.655082178,10343.78347,687.309509,683.029297,0.003455,0.003398
854,4,0,0,78.2607,73.0,16.7,0.004982497,68.7485312605134,5.58380127,0.0,-0.030103485,0.300666094,1.524333906,10360.81263,687.716187,682.274902,0.003359,0.003331
855,4,0,0,77.6048,72.0,16.7,0.004979576,68.6153610792046,7.695922852,0.0,-0.030870453,0.37896657,1.44603343,10376.32079,685.356079,683.963684,0.003209,0.003191
856,4,0,0,78.3933,72.0,16.8,0.005000512,69.2416814132738,14.07348633,0.0,-0.015531097,0.374424219,1.450575781,10393.10511,689.367676,689.471375,0.003284,0.003245
857,4,0,0,78.0957,72.0,16.8,0.005032577,70.0257059789904,13.76586914,0.0,-0.008628387,0.29915309,1.52584691,10408.3691,688.345276,678.198181,0.003316,0.003284
858,4,0,0,77.2809,73.0,17.0,0.005073855,70.8747377257716,14.3371582,0.0,-0.003259613,0.180548429,1.644451571,10424.88914,686.638123,683.005798,0.003343,0.003239
859,4,0,0,77.6373,73.0,17.0,0.00510207,71.741150634234,16.66900635,0.0,-0.000959,0.061668158,1.763331842,10439.23254,666.403992,678.742615,0.003372,0.003322
860,4,0,0,79.164,73.0,17.1,0.0051093,72.7263079382066,14.91119385,0.0,0.012271484,-0.073528051,1.898528051,10456.17359,681.287476,680.781982,0.003491,0.003388
861,4,0,0,80.9638,73.0,17.1,0.005092138,73.4878334157344,14.69146729,0.0,0.014572388,-0.159149885,1.984149885,10469.62196,675.565796,680.366272,0.003387,0.003279
862,4,0,0,83.1449,72.0,17.1,0.005060229,74.358126893552,15.52642822,0.0,0.014572388,-0.215371847,2.040371847,10486.30269,734.440002,855.479797,0.003542,0.003492
863,4,0,0,84.7817,71.0,17.1,0.005033433,75.1277903850314,14.3371582,0.0,0.025309937,-0.219450235,2.044450235,10500.20412,677.951294,674.612427,0.003376,0.003322
864,4,0,0,86.0822,70.0,17.2,0.005009536,75.9423991056024,15.4385376,0.0,0.003834839,-0.152529001,1.977529001,10515.9695,677.0224,671.096985,0.00337,0.003301
865,4,0,0,87.0534,70.0,17.2,0.00499353,76.6831152375678,9.720153809,0.0,-0.003259613,-0.06470418,1.88970418,10530.30769,680.202515,677.875916,0.003297,0.003217
866,4,0,0,88.0468,70.0,17.3,0.004981692,76.2721019359914,0.0,23.59313965,-0.005560516,0.039058924,1.785941076,10545.82656,728.358582,855.862976,0.003437,0.00336
867,4,0,0,88.8068,69.0,17.3,0.004980823,75.7107493541568,0.0,63.29040527,-0.020132904,0.105014563,1.719985437,10559.30129,679.331177,679.427124,0.003471,0.003482
868,4,0,0,88.8494,70.0,17.1,0.004993139,75.041621316384,0.0,90.82946777,-0.010162323,0.110751867,1.714248133,10575.21681,723.895996,844.068604,0.003478,0.003386
869,4,0,0,86.323,72.0,17.1,0.005013972,74.4708620939692,0.0,114.8529053,-0.010162323,0.065946817,1.759053183,10588.48094,0.0,0.0,0.0,0.0
870,4,0,0,84.0506,72.0,16.9,0.005041864,73.8327929824442,0.0,154.1107178,0.010737549,-0.023777246,1.848777246,10603.52365,661.447876,690.245178,0.003415,0.003392
871,4,0,0,83.3695,73.0,16.9,0.005064039,73.2723601706064,0.0,167.880249,0.018407227,-0.099483252,1.924483252,10617.20477,667.049683,675.947205,0.003379,0.003294
872,4,0,0,83.2945,74.0,16.7,0.00508612,72.6447193891606,0.0,148.1048584,0.026843872,-0.122551203,1.947551203,10632.01275,676.934998,673.05658,0.003311,0.003248
873,4,0,0,82.6624,75.0,16.7,0.005102671,72.0940709621878,0.0,145.9075928,0.012271484,-0.074752569,1.899752569,10645.48042,660.144409,678.769104,0.003317,0.003264
874,4,0,0,83.1822,74.0,16.8,0.005116722,71.5304555839396,0.0,142.5384521,0.001533936,0.027184248,1.797815752,10657.63614,669.876709,683.051697,0.00326,0.003187
875,4,0,0,84.2417,71.0,16.8,0.005132549,70.9190189411792,0.0,138.8763428,-0.017832001,0.134667158,1.690332842,10672.71437,623.896912,676.030884,0.003286,0.00325
876,4,0,0,85.1716,68.0,16.9,0.005149101,70.3651797562554,0.0,135.8001709,-0.005560516,0.179081202,1.645918798,10685.2809,679.234009,677.762329,0.003341,0.003283
877,4,0,0,85.803,66.0,16.9,0.005167435,69.7480361202672,0.0,129.9407959,-0.015531097,0.204968214,1.620031786,10699.53266,676.568909,673.7677,0.003263,0.00319
878,4,0,0,86.6461,66.0,16.7,0.005171759,69.2040888241204,0.0,125.1068115,0.008436646,0.190709352,1.634290648,10712.49458,676.437073,679.370911,0.003377,0.003342
879,4,0,0,87.1764,67.0,16.7,0.005156605,68.5803306880784,0.0,123.9349365,0.010737549,0.174346685,1.650653315,10726.52411,600.384277,675.01709,0.003555,0.003468
880,4,0,0,85.9623,68.0,16.9,0.005132899,68.0459123584452,0.0,123.7884521,0.00690271,0.200093031,1.624906969,10738.70577,672.098877,675.570313,0.003529,0.003418
881,4,0,0,85.0152,69.0,16.9,0.005102471,67.4331729710482,0.0,119.5404053,-0.003259613,0.263035059,1.561964941,10753.0941,676.574707,679.384216,0.003413,0.003309
882,4,0,0,85.25,72.0,16.7,0.005075262,66.891614321703,0.0,118.3685303,-0.008628387,0.306816816,1.518183184,10765.08574,678.559692,675.530579,0.003389,0.003326
883,4,0,0,85.25,74.0,16.7,0.005047335,66.2582106546512,0.0,118.5150146,-0.010162323,0.32514596,1.49985404,10778.68557,679.117188,676.462219,0.00345,0.003384
884,4,0,0,85.0152,74.0,16.8,0.005029615,65.7261170810216,0.0,117.7825928,-0.008628387,0.305779696,1.519220304,10791.05449,679.824524,673.889893,0.003283,0.003222
885,4,0,0,85.5256,73.0,16.8,0.005019103,65.1191208648156,0.0,115.8782959,-0.001725677,0.250421286,1.574578714,10804.44201,676.796082,678.768311,0.00319,0.003133
886,4,0,0,86.4035,73.0,16.9,0.005012475,64.5965219626642,0.0,69.88220215,-0.000959,0.190109968,1.634890032,10816.61772,677.318176,678.724487,0.003176,0.003113
887,4,0,0,87.5473,72.0,16.9,0.004995663,64.0004129315582,0.0,75.00915527,0.012271484,0.11701417,1.70798583,10829.79616,671.107788,679.354614,0.003215,0.003163
888,4,0,0,88.5097,72.0,17.0,0.00497171,63.471638718239,0.0,75.00915527,0.025309937,0.071472883,1.753527117,10841.23869,722.371887,880.395813,0.003224,0.003342
889,4,0,0,89.1059,73.0,17.0,0.004948297,62.8700460863906,0.0,75.00915527,0.013038452,0.104007483,1.720992517,10854.21494,727.706482,860.742188,0.003222,0.003199
890,4,0,0,88.552,74.0,16.8,0.004949934,62.3505401104116,0.0,75.00915527,-0.007094452,0.187667131,1.637332869,10865.48145,682.274597,675.885681,0.003386,0.003379
891,4,0,0,88.0468,74.0,16.8,0.004994466,61.7449435050168,0.0,75.00915527,-0.005560516,0.296540022,1.528459978,10878.78914,681.15271,674.052673,0.003346,0.003417
892,4,0,0,87.2585,73.0,16.9,0.0050719,61.2194990805312,0.0,75.00915527,-0.019365936,0.372974157,1.452025843,10889.87909,672.320679,675.981323,0.00331,0.003211
893,4,0,0,84.8594,73.0,16.9,0.005188266,60.6241090220702,0.0,42.19665527,-0.02166684,0.405474901,1.419525099,10902.45432,681.69519,606.139404,0.003222,0.003256
894,4,0,0,83.7844,73.0,16.7,0.00529223,60.0929430237364,0.0,114.7064209,0.00690271,0.364319563,1.460680437,10913.8909,666.793274,682.725281,0.003603,0.003426
895,4,0,0,83.8223,73.0,16.7,0.005391971,59.4929885068872,0.0,110.1654053,0.009203613,0.328819036,1.496180964,10926.26994,676.381714,687.192505,0.003587,0.003489
896,4,0,0,84.9762,75.0,16.6,0.005452456,58.9859882131528,0.0,106.7962646,0.023776001,0.355128527,1.469871473,10937.01838,683.422913,690.250488,0.003651,0.003579
897,4,0,0,85.6047,76.0,16.6,0.005483,58.3830776123114,0.0,105.770874,0.026843872,0.447066545,1.377933455,10949.71275,678.492615,671.827393,0.0035,0.003468
898,4,0,0,85.4073,77.0,16.4,0.005479021,57.8558079065846,0.0,107.3822021,-0.016298065,0.614318609,1.210681391,10960.29167,,,,
899,4,0,0,84.8983,77.0,16.4,0.005458011,57.332196359425,0.0,207.2845459,-0.076121552,0.735840559,1.089159441,10970.79437,,,,
900,4,0,0,85.0933,76.0,16.3,0.005428879,56.7431307335762,0.0,263.5345459,-0.023200775,0.601136923,1.223863077,10983.19884,,,,
901,4,0,0,86.1623,76.0,16.3,0.005406943,56.216391852555,0.0,263.6810303,0.009203613,0.352437735,1.472562265,10993.51276,,,,
902,4,0,0,87.4646,76.0,16.2,0.005381569,55.6245776832004,0.0,263.6810303,0.04141626,0.14215827,1.68284173,11004.87653,,,,
903,4,0,0,88.6792,76.0,16.2,0.005353514,55.1067963725258,0.0,263.6810303,0.043717163,0.107633829,1.717366171,11014.61696,,,,
904,4,0,0,89.6668,77.0,16.1,0.005317475,54.499433596948,0.0,263.5345459,-0.010162323,0.228610277,1.596389723,11025.87524,,,,
905,4,0,0,90.5436,77.0,16.1,0.005287411,53.977676315243,0.0,263.3880615,-0.007094452,0.344913244,1.480086756,11034.47599,,,,
906,4,0,0,90.2788,78.0,16.0,0.00526245,53.3811892018908,0.0,194.9798584,-0.045442841,0.41930747,1.40569253,11042.60382,,,,
907,4,0,0,88.892,78.0,16.0,0.005258842,51.6486649591886,0.0,179.0130615,0.003834839,0.356655359,1.468344641,11049.16846,,,,
908,4,0,0,88.1725,79.0,15.9,0.005278472,50.0410862691648,0.0,190.8782959,-0.003259613,0.261391401,1.563608599,11056.24447,,,,
909,4,0,0,88.2145,80.0,15.9,0.005302813,47.7790178405138,0.0,176.9622803,-0.010929291,0.184591532,1.640408468,11062.37136,,,,
910,4,0,0,88.8068,80.0,16.1,0.005312628,38.2335150526392,0.0,163.4857178,0.017640259,0.08710742,1.73789258,11069.58724,,,,
911,4,0,0,89.8408,80.0,16.1,0.005287472,32.1856266623928,0.0,240.9759521,-0.003259613,0.036904573,1.788095427,11075.58349,,,,
912,4,0,0,90.5879,81.0,16.0,0.005209734,31.715451431379,0.0,264.4134521,-0.003259613,-0.010933161,1.835933161,11082.36419,,,,
913,4,0,0,90.4552,80.0,16.0,0.005096808,31.3048653612924,0.0,263.973999,-0.001725677,-0.05691123,1.88191123,11088.23457,,,,
914,4,0,0,89.5367,79.0,16.2,0.00493585,30.8358554050924,0.0,263.973999,0.001533936,-0.113543749,1.938543749,11095.14719,,,,
915,4,0,0,89.2777,79.0,16.2,0.004815957,30.4339197306266,0.0,263.8275146,0.00690271,-0.152006865,1.977006865,11100.89016,,,,
916,4,0,0,89.4935,77.0,16.4,0.004770066,29.9743115548,0.0,151.473999,0.055988647,-0.170735121,1.995735121,11107.38343,,,,
917,4,0,0,89.9717,77.0,16.4,0.004831325,29.579485011037,0.0,126.1322021,0.056755615,-0.118147612,1.943147612,11113.27035,,,,
918,4,0,0,90.0155,77.0,16.5,0.004991449,29.128629697509,0.0,137.2650146,-0.013997162,-0.01220727,1.83720727,11119.62176,,,,
919,4,0,0,89.8408,79.0,16.5,0.005166798,28.74137043136,0.0,145.614624,-0.003259613,0.068687201,1.756312799,11125.11927,,,,
920,4,0,0,90.0593,80.0,16.7,0.005367034,28.2989596305866,0.0,264.2669678,-0.061549164,0.153129816,1.671870184,11131.5616,,,,
921,4,0,0,90.6323,82.0,16.7,0.005534394,27.9187881070118,0.0,263.973999,0.032979614,0.191164255,1.633835745,11134.60767,,,,
