Time,Drive,Stimulus,Failure,Palm.EDA,Heart.Rate,Breathing.Rate,Perinasal.Perspiration,Speed,Acceleration,Brake,Steering,LaneOffset,Lane.Position,Distance,Gaze.X.Pos,Gaze.Y.Pos,Lft.Pupil.Diameter,Rt.Pupil.Diameter
1,4,0,0,381883.4492,83.0,17.5,0.006574905,-0.01780770759216,0.0,262.3626709,-0.074587616,-0.100003481,1.925003481,0.0,0.0,0.0,0.0,0.0
2,4,0,0,381883.4492,84.0,17.5,0.006498849,-0.01780770759216,0.0,262.2161865,-0.074587616,-0.100003481,1.925003481,7.38932e-06,0.0,0.0,0.0,0.0
3,4,0,0,462363.6027,84.0,17.0,0.006410667,-0.02326133115838,0.0,261.1907959,-0.103732391,-0.100003958,1.925003958,1.30218e-05,0.0,0.0,0.0,0.0
4,4,0,0,462363.6027,84.0,17.0,0.006301129,-0.00761379397736,0.0,261.1907959,-0.127508392,-0.10000205,1.92500205,2.90692e-05,0.0,0.0,0.0,0.0
5,4,0,0,462363.6027,83.0,16.8,0.00620123,-0.4188743561607,0.0,262.0697021,-0.126741425,-0.099820375,1.924820375,4.60261e-06,765.38739,653.018494,0.004515,0.00483
6,4,0,0,462363.6027,83.0,16.8,0.006081241,0.01168123989336,0.0,262.3626709,-0.061549164,-0.099545717,1.924545717,-0.017958366,736.700684,700.90387,0.004987,0.004567
7,4,0,0,462363.6027,83.0,16.6,0.005973158,0.33003640955618,0.0,81.3079834,-0.052345551,-0.099589586,1.924589586,-0.096627096,836.608276,695.941895,0.0,0.004148
8,4,0,0,462363.6027,83.0,16.6,0.005863669,0.76084902042692,5.58380127,0.0,-0.154352264,-0.100574255,1.925574255,-0.095531075,702.39447,682.217529,0.004531,0.00429
9,4,0,0,381883.4492,83.0,16.8,0.005796898,9.31946320854372,15.61431885,0.0,-0.119838715,-0.109157324,1.934157324,-0.067269743,701.087708,705.235718,0.004563,0.004483
10,4,0,0,462363.6027,83.0,16.8,0.005755457,20.2011683964086,19.17663574,0.0,0.076696777,-0.143718481,1.968718481,0.0876756,722.572327,719.762085,0.004464,0.004452
11,4,0,0,462363.6027,84.0,16.9,0.005736206,24.3222318080516,0.0,262.802124,-0.043141937,-0.178094625,2.003094625,0.500799546,738.607727,937.588501,0.004523,0.004616
12,4,0,0,462363.6027,84.0,16.9,0.005711381,21.0490116455998,0.0,261.1907959,0.00690271,-0.250388384,2.075388384,2.589380823,816.70929,828.124512,0.0,0.004593
13,4,0,0,462363.6027,83.0,17.3,0.005673227,2.31544300729572,0.0,260.458374,0.094337036,-0.275131941,2.100131941,6.139424946,720.167297,761.59552,0.004663,0.004512
14,4,0,0,462363.6027,83.0,17.3,0.00561105,0.57941593147642,0.0,96.5423584,0.026843872,-0.275749922,2.100749922,11.27442921,0.0,0.0,0.0,0.0
15,4,0,0,462363.6027,82.0,17.7,0.005557831,0.77568657678594,0.0,28.28063965,0.026843872,-0.276642561,2.101642561,15.97598691,706.873291,622.068115,0.004651,0.004419
16,4,0,0,462363.6027,83.0,17.7,0.005523302,3.73910308895546,7.036743164,0.0,0.026843872,-0.278846025,2.103846025,20.72498785,875.739685,735.6698,0.0,0.004451
17,4,0,0,462363.6027,82.0,17.7,0.005526309,6.61647896907496,0.0,12.31384277,0.026843872,-0.285437822,2.110437822,22.02569585,0.0,0.0,0.0,0.0
18,4,0,0,325266.7187,82.0,17.7,0.005565676,6.30667998748802,0.0,127.3040771,0.026843872,-0.292446852,2.117446852,22.05371997,724.890381,818.835693,0.004347,0.004315
19,4,0,0,325266.7187,82.0,17.7,0.005623473,5.88576369912598,0.0,261.7767334,0.023009033,-0.296559572,2.121559572,22.20001022,803.59668,658.608826,0.004253,0.004275
20,4,0,0,462363.6027,82.0,17.7,0.00569263,3.82333399564472,0.0,261.7767334,0.018407227,-0.299258471,2.124258471,22.34836637,914.187378,560.128723,0.00444,0.00458
21,4,0,0,585823.0814,82.0,17.1,0.005768765,1.50971433194484,0.0,105.1849365,0.018407227,-0.300572634,2.125572634,22.84540852,717.21521,770.632019,0.00444,0.00433
22,4,0,0,462363.6027,82.0,17.1,0.005817498,0.8192327728194,0.0,20.9564209,0.018407227,-0.300950766,2.125950766,23.98847096,651.761108,740.984192,0.004338,0.004202
23,4,0,0,462363.6027,82.0,17.2,0.005845028,4.3473639020027,8.267211914,0.0,0.018407227,-0.301539183,2.126539183,25.42754035,699.605286,767.10791,0.004548,0.004361
24,4,0,0,462363.6027,82.0,17.2,0.005848688,6.86731778739898,0.0,262.802124,0.017640259,-0.30297637,2.12797637,26.70280078,741.7146,769.297607,0.004089,0.00417
25,4,0,0,462363.6027,82.0,17.0,0.005836437,5.30783022728396,0.0,261.3372803,0.018407227,-0.303252459,2.128252459,28.01613414,752.502014,614.97113,0.004092,0.004194
26,4,0,0,462363.6027,82.0,17.0,0.005813844,0.11504635106044,0.0,261.4837646,0.019941162,-0.303159952,2.128159952,28.90977836,702.968323,747.034729,0.0042,0.004175
27,4,0,0,462363.6027,82.0,16.8,0.005778086,0.47365877780034,0.0,261.7767334,0.021475098,-0.303123236,2.128123236,29.54960905,815.38147,619.167603,0.0,0.004198
28,4,0,0,462363.6027,81.0,16.8,0.005743688,0.73230347770544,0.0,261.9232178,0.036047485,-0.302960157,2.127960157,29.79575722,812.029114,616.323303,0.0,0.004291
29,4,0,0,585823.0814,81.0,16.3,0.00571047,0.7377482273709,0.0,261.9232178,0.036047485,-0.302648306,2.127648306,29.9748087,723.75293,822.012329,0.004035,0.004002
30,4,0,0,462363.6027,82.0,16.3,0.005694122,0.73941830708118,0.0,261.9232178,0.036047485,-0.302344084,2.127344084,30.42796268,712.675903,572.025513,0.004161,0.00409
31,4,0,0,462363.6027,82.0,15.9,0.005697126,0.73975351168176,0.0,261.7767334,0.036047485,-0.301951647,2.126951647,31.85017863,594.893799,494.131012,0.004599,0.0
32,4,0,0,462363.6027,82.0,15.9,0.005726089,0.73955321966272,0.0,261.9232178,0.036047485,-0.301575899,2.126575899,33.16291474,698.130493,678.880127,0.004216,0.00422
33,4,0,0,585823.0814,82.0,15.8,0.005797408,0.7394585373625,0.0,261.630249,0.036047485,-0.301105261,2.126105261,34.24818726,710.451782,566.857605,0.004148,0.00415
34,4,0,0,462363.6027,82.0,15.8,0.005890618,0.00949852101948,0.0,261.4837646,0.036047485,-0.300950289,2.125950289,34.24080388,687.655518,656.811523,0.004233,0.004181
35,4,0,0,462363.6027,82.0,15.4,0.006009947,0.00766649020632,0.0,261.630249,0.036047485,-0.30094552,2.12594552,34.25791517,714.393799,652.031006,0.004186,0.003981
36,4,0,0,585823.0814,82.0,15.4,0.006094923,0.60454593490108,0.0,60.65368652,0.036047485,-0.300835848,2.125835848,34.39061776,0.0,0.0,0.0,0.0
37,4,0,0,585823.0814,82.0,15.4,0.006134332,0.785401774515,5.58380127,0.0,0.036047485,-0.300349951,2.125349951,34.54009265,842.034729,651.418579,0.004669,0.004393
38,4,0,0,462363.6027,82.0,15.4,0.006110665,9.36067544636746,16.97662354,0.0,-0.005560516,-0.296482801,2.121482801,34.71808248,700.762085,600.281799,0.004981,0.004695
39,4,0,0,462363.6027,82.0,15.4,0.006041893,18.0269376162104,17.77038574,0.0,0.13421936,-0.289280653,2.114280653,34.86752452,0.0,0.0,0.0,0.0
40,4,0,0,462363.6027,82.0,15.4,0.005934077,22.3512669140926,0.0,48.20251465,-0.030103485,-0.227626085,2.052626085,35.03824528,722.233887,714.339417,0.004639,0.004697
41,4,0,0,462363.6027,82.0,15.9,0.005833914,23.422314645585,15.0869751,0.0,-0.083791229,-0.167408705,1.992408705,35.19473012,713.704407,676.56012,0.004637,0.004627
42,4,0,0,462363.6027,82.0,15.9,0.005731147,27.9192733391152,9.939880371,0.0,0.083599487,-0.162293673,1.987293673,35.3654314,822.777527,807.731506,0.0,0.004435
43,4,0,0,585823.0814,82.0,15.8,0.005660334,30.9403849027176,15.4385376,0.0,-0.127508392,-0.187458277,2.012458277,35.51479546,701.845581,690.798889,0.004709,0.004478
44,4,0,0,585823.0814,82.0,15.8,0.005601328,35.3939500123172,18.20983887,0.0,-0.030870453,-0.271460295,2.096460295,35.61262515,710.155212,678.418884,0.004445,0.004322
45,4,0,0,462363.6027,82.0,15.8,0.005561608,38.3522043765346,12.88696289,0.0,0.013038452,-0.308236361,2.133236361,35.61338026,727.704407,666.958679,0.004544,0.004399
46,4,0,0,462363.6027,82.0,15.8,0.005521146,40.9765385383326,13.9855957,0.0,0.037581421,-0.37046504,2.19546504,35.61367778,816.428223,733.827698,0.0,0.004453
47,4,0,0,462363.6027,82.0,15.7,0.005483001,43.1021431265242,13.94165039,0.0,0.017640259,-0.385946989,2.210946989,35.6633802,817.432495,726.479614,0.0,0.004193
48,4,0,0,462363.6027,82.0,15.7,0.005429905,45.4287719834558,14.07348633,0.0,0.003834839,-0.376882315,2.201882315,35.84021464,695.898621,679.042419,0.00428,0.004251
49,4,0,0,381883.4492,82.0,15.9,0.005380109,47.8571247755906,18.47351074,0.0,-0.001725677,-0.377398729,2.202398729,36.24304821,772.733704,737.244995,0.0,0.004377
50,4,0,0,585823.0814,82.0,15.9,0.005332213,50.358582706269,15.39459229,0.0,0.008436646,-0.381059885,2.206059885,38.13776,693.409607,691.926086,0.004291,0.004371
51,4,0,0,462363.6027,82.0,16.4,0.005303566,52.2142780111788,13.50219727,0.0,0.016106323,-0.371989489,2.196989489,41.22471074,744.33429,741.700623,0.004296,0.004312
52,4,0,0,381883.4492,82.0,16.4,0.005286597,53.792575983001,11.70043945,0.0,0.003834839,-0.319513559,2.144513559,46.1526329,629.330505,692.51593,0.004348,0.004319
53,4,0,0,462363.6027,82.0,16.6,0.005282758,55.009062007276,11.434021,0.0,0.00690271,-0.271268129,2.096268129,50.48088286,712.481506,681.312073,0.004436,0.004402
54,4,0,0,462363.6027,82.0,16.6,0.005285065,56.1619659371498,11.56585693,0.0,-0.020132904,-0.211196184,2.036196184,55.02964145,711.00647,687.985718,0.004399,0.004416
55,4,0,0,585823.0814,82.0,17.0,0.005295207,57.4999651781248,12.13989258,0.0,0.019941162,-0.220056295,2.045056295,61.21379271,704.770325,690.218384,0.004457,0.004398
56,4,0,0,462363.6027,82.0,17.0,0.005312213,58.6680723337644,12.27172852,0.0,-0.039307098,-0.233944654,2.058944654,66.89557298,729.61969,922.723389,0.004497,0.004374
57,4,0,0,381883.4492,82.0,17.1,0.005341636,59.980442497278,12.05200195,0.0,0.010737549,-0.286654711,2.111654711,74.0047685,709.122009,674.775879,0.004341,0.004303
58,4,0,0,585823.0814,83.0,17.1,0.005376201,61.0660605172076,11.83227539,0.0,0.009203613,-0.370246172,2.195246172,81.17491817,463.497894,627.546875,0.00684,0.0
59,4,0,0,462363.6027,82.0,17.5,0.005424197,62.0385713699658,8.885192871,0.0,0.009203613,-0.433017969,2.258017969,89.578694,715.09668,680.738892,0.004454,0.004406
60,4,0,0,462363.6027,83.0,17.5,0.005468473,62.6629178163382,9.280700684,0.0,-0.005560516,-0.477342844,2.302342844,97.6764066,705.704224,688.169617,0.004571,0.004447
61,4,0,0,462363.6027,83.0,17.5,0.005509755,63.4041812687442,9.456481934,0.0,0.049085938,-0.511087179,2.336087179,106.9151629,707.342102,687.829895,0.004424,0.004394
62,4,0,0,462363.6027,82.0,17.5,0.005529553,63.9982994497098,8.885192871,0.0,-0.013997162,-0.425364733,2.250364733,115.3296576,0.0,0.0,0.0,0.0
63,4,0,0,462363.6027,83.0,17.6,0.005531026,64.6590139867098,9.412536621,0.0,-0.016298065,-0.338962317,2.163962317,125.7334159,719.59491,705.478516,0.004453,0.00449
64,4,0,0,462363.6027,83.0,17.6,0.005516938,65.2652669614236,9.500427246,0.0,-0.000959,-0.3495543,2.1745543,134.8176343,699.234192,691.284424,0.004687,0.004439
65,4,0,0,462363.6027,83.0,17.6,0.005494701,65.9478020244948,9.412536621,0.0,0.016106323,-0.377883196,2.202883196,145.6581346,719.671692,696.643921,0.004599,0.004393
66,4,0,0,462363.6027,83.0,17.6,0.005482083,66.5298071538956,10.027771,0.0,0.0,-0.354583979,2.179583979,155.9406706,695.58313,688.452209,0.004424,0.004431
67,4,0,0,462363.6027,83.0,18.0,0.00548189,67.261805973883,10.15960693,0.0,-0.020132904,-0.346419096,2.171419096,167.4979428,710.449524,684.449524,0.00439,0.0042
68,4,0,0,462363.6027,83.0,18.0,0.005490724,67.9004617220248,10.90667725,0.0,-0.007094452,-0.398340464,2.223340464,177.8452079,751.608887,911.204102,0.004316,0.004325
69,4,0,0,462363.6027,83.0,18.0,0.005503718,68.7445073794312,11.21429443,0.0,0.018407227,-0.497811556,2.322811556,190.3991855,717.237305,689.728027,0.004286,0.004308
70,4,0,0,462363.6027,83.0,18.0,0.005514286,69.4401918929338,6.641235352,0.0,0.021475098,-0.570111513,2.395111513,201.1326597,709.962524,676.547974,0.004374,0.004264
71,4,0,0,462363.6027,83.0,18.0,0.005520482,69.2025669034692,11.39007568,0.0,0.010737549,-0.55841279,2.38341279,212.5583305,702.471313,676.2229,0.004408,0.004303
72,4,0,0,462363.6027,83.0,18.0,0.005517517,70.0413794699976,14.42504883,0.0,0.001533936,-0.46602273,2.29102273,225.2343788,817.950684,729.353821,0.0,0.004156
73,4,0,0,462363.6027,83.0,17.7,0.005508703,71.0864707359924,14.16137695,0.0,-0.023200775,-0.361983538,2.186983538,236.5100996,421.890808,647.3396,0.004746,0.004157
74,4,0,0,585823.0814,83.0,17.7,0.005498652,72.3461861593312,15.52642822,0.0,0.0,-0.294353724,2.119353724,250.1554615,744.036987,715.138977,0.003885,0.00393
75,4,0,0,462363.6027,83.0,17.4,0.005491822,73.5328034125686,16.05377197,0.0,-0.017832001,-0.261106253,2.086106253,261.7993678,693.735291,658.930908,0.004288,0.004095
76,4,0,0,585823.0814,83.0,17.4,0.005483391,74.7491024798158,15.30670166,0.0,-0.004793549,-0.317854166,2.142854166,275.3030903,939.819214,555.587402,0.0,0.004223
77,4,0,0,462363.6027,84.0,17.2,0.005474729,75.6282808984658,13.50219727,0.0,0.00690271,-0.449533224,2.274533224,287.8503351,712.529602,680.874207,0.004606,0.00438
78,4,0,0,462363.6027,84.0,17.2,0.005465918,76.4645689577098,13.23852539,0.0,0.037581421,-0.551760912,2.376760912,301.6662308,710.121521,694.09491,0.004491,0.004542
79,4,0,0,462363.6027,84.0,17.0,0.005458535,77.1499747936598,12.18383789,0.0,0.014572388,-0.527883291,2.352883291,313.8539383,703.834106,679.326111,0.004512,0.004383
80,4,0,0,462363.6027,84.0,17.0,0.005446023,77.815405630277,12.13989258,0.0,-0.019365936,-0.411731958,2.236731958,328.4861107,709.587402,682.462402,0.004497,0.004406
81,4,0,0,462363.6027,84.0,16.5,0.005429321,78.4061289728862,12.31567383,0.0,-0.003259613,-0.379839659,2.204839659,340.8769204,716.602295,679.250793,0.004652,0.004355
82,4,0,0,462363.6027,84.0,16.5,0.005406668,79.0681539632614,12.2277832,0.0,-0.005560516,-0.395878553,2.220878553,355.1391155,718.15509,682.244385,0.00468,0.004466
83,4,0,0,462363.6027,83.0,16.0,0.005387538,79.6362854392308,12.35961914,0.0,-0.003259613,-0.384011984,2.209011984,368.3107673,714.540405,726.442505,0.004249,0.004502
84,4,0,0,462363.6027,83.0,16.0,0.005367922,80.285639934852,12.35961914,0.0,-0.005560516,-0.384441614,2.209441614,382.790984,721.199097,706.915527,0.004453,0.004517
85,4,0,0,462363.6027,83.0,15.6,0.005358586,80.8355387634396,12.31567383,0.0,-0.000959,-0.407747984,2.232747984,396.165421,710.450378,697.314575,0.004555,0.004475
86,4,0,0,462363.6027,83.0,15.6,0.005369374,81.4463921974774,12.27172852,0.0,0.008436646,-0.42770505,2.25270505,410.8612179,712.995789,677.875671,0.004592,0.004554
87,4,0,0,585823.0814,83.0,15.3,0.005396652,81.9657275995098,12.27172852,0.0,-0.004793549,-0.408143282,2.233143282,423.8142267,714.025696,682.080688,0.004701,0.004661
88,4,0,0,585823.0814,83.0,15.3,0.00542744,82.4846481136902,12.31567383,0.0,-0.001725677,-0.394952536,2.219952536,437.4837419,0.0,0.0,0.0,0.0
89,4,0,0,462363.6027,84.0,15.2,0.005453125,83.0722038889378,12.31567383,0.0,0.003067871,-0.365472555,2.190472555,452.5117564,709.866272,694.82019,0.004683,0.004479
90,4,0,0,462363.6027,84.0,15.2,0.00546414,83.5449812296108,12.35961914,0.0,-0.020132904,-0.315315008,2.140315008,465.7687807,709.530396,694.080322,0.004742,0.004514
91,4,0,0,585823.0814,84.0,14.9,0.005464505,84.091781901671,12.44750977,0.0,-0.000959,-0.333082438,2.158082438,481.6909087,718.085999,695.924805,0.004676,0.004502
92,4,0,0,462363.6027,84.0,14.9,0.005455792,84.5642032080558,12.44750977,0.0,-0.000959,-0.401363611,2.226363611,495.1707299,716.818481,589.589478,0.005452,0.005006
93,4,0,0,462363.6027,84.0,14.6,0.005442283,85.0783308019416,12.49145508,0.0,0.010737549,-0.481276274,2.306276274,510.5427583,719.59967,702.497681,0.004577,0.004604
94,4,0,0,462363.6027,84.0,14.6,0.005435007,85.5195205642702,12.5793457,0.0,0.012271484,-0.51673007,2.34173007,524.7101583,715.083984,691.305725,0.004735,0.004616
95,4,0,0,462363.6027,84.0,14.1,0.005437667,86.0421181306694,12.84301758,0.0,0.001533936,-0.479795218,2.304795218,540.3206362,718.249023,692.691101,0.004766,0.004516
96,4,0,0,462363.6027,84.0,14.1,0.005449479,86.4791954821224,12.84301758,0.0,0.0,-0.417841196,2.242841196,554.7998423,708.225403,690.658508,0.004762,0.00447
97,4,0,0,462363.6027,83.0,13.9,0.005468839,86.9836974525342,12.84301758,0.0,-0.005560516,-0.346838713,2.171838713,570.7980305,693.478882,699.850586,0.004734,0.004575
98,4,0,0,462363.6027,83.0,13.9,0.005487174,87.4084460686756,12.88696289,0.0,-0.010162323,-0.30193305,2.12693305,584.9756901,725.156799,704.206299,0.004705,0.004819
99,4,0,0,381883.4492,83.0,13.7,0.005510116,87.9517749759274,13.94165039,0.0,-0.030870453,-0.289113283,2.114113283,602.0727639,710.440002,693.570618,0.004779,0.004495
100,4,0,0,462363.6027,83.0,13.7,0.005534042,88.443030822854,14.11743164,0.0,0.010737549,-0.364070177,2.189070177,616.6042601,713.979797,687.48761,0.00471,0.00447
101,4,0,0,381883.4492,83.0,13.8,0.005563164,89.100277956357,15.7901001,0.0,0.03451355,-0.48275733,2.30775733,633.3700256,722.423706,680.713684,0.00474,0.004408
102,4,0,0,462363.6027,83.0,13.8,0.005585747,89.7747299161574,16.40533447,0.0,0.012271484,-0.49841857,2.32341857,648.8666324,794.148804,698.26947,0.004384,0.004672
103,4,0,0,462363.6027,83.0,14.2,0.005605192,90.4876562224972,15.87799072,0.0,-0.019365936,-0.458404779,2.283404779,665.904911,715.725403,708.93811,0.004517,0.004383
104,4,0,0,462363.6027,83.0,14.2,0.005613936,91.0627843041166,15.92193604,0.0,-0.019365936,-0.469912291,2.294912291,680.9148134,702.796326,688.758484,0.004626,0.004461
105,4,0,0,462363.6027,83.0,14.9,0.005611972,91.6455063944874,15.87799072,0.0,0.042183228,-0.544696569,2.369696569,696.7325632,700.293274,697.509888,0.004575,0.004421
106,4,0,0,381883.4492,83.0,14.9,0.005593374,92.2685766342398,15.87799072,0.0,0.001533936,-0.538263083,2.363263083,714.094569,692.434021,684.093689,0.004595,0.004357
107,4,0,0,462363.6027,83.0,15.2,0.005563322,92.8120418525896,15.83404541,0.0,-0.001725677,-0.471926451,2.296926451,730.1070117,753.817505,888.235474,0.004337,0.004351
108,4,0,0,462363.6027,83.0,15.2,0.005519592,93.412470046481,15.87799072,0.0,-0.007094452,-0.432024717,2.257024717,747.6798686,755.242676,898.778809,0.004449,0.004453
109,4,0,0,462363.6027,83.0,15.2,0.005476655,93.8477458383644,0.0,2.499389648,-0.007094452,-0.421580076,2.246580076,763.1452926,750.534119,678.061829,0.004279,0.004223
110,4,0,0,462363.6027,82.0,15.2,0.005424199,93.0200064483598,0.0,261.1907959,0.018407227,-0.43900609,2.26400609,781.6643838,704.317322,671.743713,0.004389,0.004373
111,4,0,0,462363.6027,82.0,15.2,0.005380712,92.2836484573946,0.0,239.9505615,0.039882324,-0.446171999,2.271171999,797.3100714,728.173401,677.489929,0.004692,0.004488
112,4,0,0,462363.6027,81.0,15.2,0.005339585,91.5308614546658,0.0,261.630249,-0.001725677,-0.359680891,2.184680891,815.2886883,642.565674,689.069702,0.00455,0.004529
113,4,0,0,462363.6027,81.0,15.2,0.005311559,90.8558402391206,0.0,258.8470459,-0.025501678,-0.208324671,2.033324671,831.8582869,755.934814,924.799927,0.004563,0.004511
114,4,0,0,462363.6027,81.0,15.2,0.005287058,90.0930754410456,0.0,258.9935303,-0.02166684,-0.13382268,1.95882268,850.0299047,817.136475,745.321411,0.004174,0.004608
115,4,0,0,462363.6027,81.0,15.2,0.005270719,89.4309163282748,0.0,244.4915771,-0.02166684,-0.163551569,1.988551569,866.0115379,707.212891,696.603027,0.004584,0.004587
116,4,0,0,462363.6027,81.0,15.2,0.005258754,88.6621938018,0.0,263.0950928,-0.003259613,-0.297439814,2.122439814,885.1358876,704.328003,681.73053,0.004638,0.004628
117,4,0,0,381883.4492,81.0,15.2,0.005257179,87.9680394970496,0.0,262.2161865,0.016106323,-0.4599998,2.2849998,901.2818996,697.903992,692.84967,0.004681,0.00453
118,4,0,0,462363.6027,82.0,15.2,0.005265409,79.2789706152862,0.0,262.2161865,0.019941162,-0.599609137,2.424609137,919.8241285,691.422913,704.92627,0.004452,0.004434
119,4,0,0,462363.6027,82.0,14.8,0.00527544,77.8964992589928,0.0,262.6556396,0.039882324,-0.635087252,2.460087252,936.9045497,662.082886,679.160278,0.004649,0.004524
120,4,0,0,585823.0814,81.0,14.8,0.005282757,77.2609260728738,0.0,262.9486084,0.039882324,-0.544952631,2.369952631,955.6280591,632.884094,691.177307,0.004589,0.004458
121,4,0,0,381883.4492,81.0,14.3,0.005282906,76.7267515904374,0.0,88.63220215,-0.033938324,-0.352215052,2.177215052,972.8723795,699.482117,698.253723,0.004476,0.004595
122,4,0,0,381883.4492,81.0,14.3,0.005276846,76.1978735746882,0.0,59.92126465,-0.046976776,-0.186642408,2.011642408,989.4044858,704.535278,685.371521,0.004677,0.004582
123,4,0,0,462363.6027,81.0,13.7,0.005264251,75.5959279984844,0.0,44.9798584,-0.049277679,-0.15305829,1.97805829,1008.38421,771.713074,523.479309,0.0,0.005039
124,4,0,0,462363.6027,81.0,13.7,0.00525341,75.0560025878382,0.0,37.65563965,0.016106323,-0.276141882,2.101141882,1025.863273,799.458496,765.798706,0.004528,0.00453
125,4,0,0,585823.0814,81.0,13.3,0.00525206,74.4670050853516,0.0,35.0189209,0.03451355,-0.45148921,2.27648921,1045.020919,731.762085,913.059021,0.004689,0.004459
126,4,0,0,799232.7366,81.0,13.3,0.005268106,73.9184819366894,0.0,32.82165527,0.012271484,-0.506580114,2.331580114,1061.860034,704.685791,666.59491,0.004506,0.004273
127,4,0,0,462363.6027,81.0,13.2,0.005306018,73.3032218883306,0.0,0.0,0.012271484,-0.499745131,2.324745131,1081.998097,669.880127,666.412415,0.004543,0.004278
128,4,0,0,462363.6027,81.0,13.2,0.005347848,72.7662146295328,0.0,0.0,0.012271484,-0.454038858,2.279038858,1098.990143,170.154602,652.450012,0.0,0.004592
129,4,0,0,585823.0814,81.0,13.3,0.0053905,72.2138518048448,3.65020752,0.0,0.0,-0.359498262,2.184498262,1118.504803,703.943604,664.567627,0.004521,0.004291
130,4,0,0,462363.6027,81.0,13.3,0.005415561,72.1331363549356,4.265441895,0.0,-0.012463226,-0.2604177,2.0854177,1136.488228,717.500305,685.491211,0.004534,0.004435
131,4,0,0,462363.6027,81.0,13.5,0.005433423,71.8209954312032,0.0,0.0,-0.030870453,-0.183116674,2.008116674,1156.218145,747.707397,922.940491,0.004482,0.004406
132,4,0,0,462363.6027,81.0,13.5,0.005445829,71.2946454632864,0.0,0.0,0.001533936,-0.184862375,2.009862375,1174.427592,707.491211,664.878723,0.004499,0.004324
133,4,0,0,585823.0814,81.0,13.6,0.00546141,70.963737301611,7.476196289,0.0,0.005368774,-0.207369089,2.032369089,1194.43563,699.829712,671.52417,0.004518,0.004415
134,4,0,0,462363.6027,81.0,13.6,0.005478898,71.199388049324,8.885192871,0.0,0.00690271,-0.218936205,2.043936205,1212.055424,708.135925,687.900208,0.004443,0.004327
135,4,0,0,462363.6027,81.0,13.8,0.005501149,71.6605468564274,11.21429443,0.0,-0.000959,-0.214669943,2.039669943,1233.164267,711.56189,670.573486,0.004523,0.004375
136,4,0,0,585823.0814,81.0,13.8,0.00551807,72.1223370237062,11.21429443,0.0,0.008436646,-0.204024076,2.029024076,1251.005977,712.548401,693.686096,0.004441,0.004498
137,4,0,0,462363.6027,81.0,13.9,0.005532629,72.5219750112672,7.783813477,0.0,-0.008628387,-0.174385786,1.999385786,1271.517715,701.53302,675.528503,0.00456,0.004399
138,4,0,0,381883.4492,81.0,13.9,0.005541028,72.6928846340044,7.300415039,0.0,-0.008628387,-0.159504175,1.984504175,1290.431293,860.795776,669.5578,0.00423,0.004239
139,4,0,0,462363.6027,81.0,14.0,0.005545138,72.7735415039376,4.133605957,0.0,-0.001725677,-0.166054964,1.991054964,1308.582704,684.734924,661.569397,0.004272,0.004205
140,4,0,0,381883.4492,81.0,14.0,0.005546188,72.4077682142606,7.695922852,0.0,0.009203613,-0.174811602,1.999811602,1329.408748,728.406189,660.347717,0.004227,0.003966
141,4,0,0,462363.6027,81.0,14.1,0.005548055,72.6166119924728,7.300415039,0.0,-0.012463226,-0.146627665,1.971627665,1348.38358,774.34491,710.401428,0.003904,0.004234
142,4,0,0,585823.0814,81.0,14.1,0.005557971,72.7734356898326,7.036743164,0.0,-0.012463226,-0.115556479,1.940556479,1368.913185,773.4599,691.126099,0.00408,0.004258
143,4,0,0,462363.6027,81.0,14.2,0.005576947,72.8763986719952,6.729125977,0.0,0.001533936,-0.125620604,1.950620604,1387.577745,712.136902,670.418701,0.004344,0.004288
144,4,0,0,462363.6027,81.0,14.2,0.005607398,72.9646802890738,6.553344727,0.0,-0.016298065,-0.174103022,1.999103022,1407.771678,709.232117,669.164673,0.00448,0.004355
145,4,0,0,462363.6027,81.0,14.0,0.005632927,73.02874880649,6.289672852,0.0,0.009203613,-0.238268137,2.063268137,1425.296699,712.326111,673.95929,0.004498,0.004378
146,4,0,0,585823.0814,81.0,14.0,0.005647964,73.051254702187,5.58380127,0.0,0.00690271,-0.308385611,2.133385611,1445.907752,748.669189,878.936401,0.004273,0.00414
147,4,0,0,462363.6027,81.0,13.5,0.005640479,72.977808689338,3.65020752,0.0,0.005368774,-0.361891031,2.186891031,1461.998945,710.060974,663.445007,0.004444,0.004199
148,4,0,0,462363.6027,82.0,13.5,0.00560994,72.7121751166616,4.045715332,0.0,-0.007094452,-0.414583445,2.239583445,1481.328853,816.77887,643.89801,0.004415,0.004346
149,4,0,0,462363.6027,82.0,12.8,0.005575399,72.6883068824678,5.58380127,0.0,0.043717163,-0.464688063,2.289688063,1497.617579,801.109375,590.473083,0.005784,0.0
150,4,0,0,462363.6027,82.0,12.8,0.005538488,72.6996817297746,5.806274414,0.0,0.014572388,-0.495878935,2.320878935,1514.912643,710.61322,664.726013,0.004317,0.004256
151,4,0,0,462363.6027,82.0,12.4,0.005511543,72.6982836639298,5.58380127,0.0,0.001533936,-0.480451822,2.305451822,1529.926535,0.0,0.0,0.0,0.0
152,4,0,0,585823.0814,82.0,12.4,0.005490495,72.6107025281796,3.82598877,0.0,-0.010929291,-0.446405172,2.271405172,1547.659171,705.930298,674.990906,0.004428,0.00433
153,4,0,0,585823.0814,82.0,12.1,0.005482274,72.208043423197,0.439453125,0.0,-0.005560516,-0.422375441,2.247375441,1562.438962,719.9245,668.538086,0.004338,0.004257
154,4,0,0,381883.4492,82.0,12.1,0.005480805,71.9150611128022,3.210754395,0.0,-0.000959,-0.423692465,2.248692465,1579.19969,0.0,0.0,0.0,0.0
155,4,0,0,462363.6027,82.0,11.8,0.005480729,71.7379176954816,3.957824707,0.0,0.001533936,-0.429824114,2.254824114,1594.441927,697.502625,676.906494,0.004336,0.004272
156,4,0,0,381883.4492,82.0,11.8,0.005475489,71.7234502599638,5.58380127,0.0,-0.015531097,-0.425340414,2.250340414,1608.884059,737.783203,666.036499,0.004338,0.004141
157,4,0,0,462363.6027,82.0,11.2,0.005459889,71.7308386111566,5.58380127,0.0,0.005368774,-0.447969198,2.272969198,1625.941218,745.86499,870.800415,0.00405,0.003844
158,4,0,0,585823.0814,83.0,11.2,0.005442755,71.737594314702,5.58380127,0.0,0.005368774,-0.469309568,2.294309568,1640.156121,704.250305,669.25647,0.003961,0.00389
159,4,0,0,585823.0814,82.0,10.7,0.005429663,71.7447522888738,5.58380127,0.0,0.0,-0.479120493,2.304120493,1656.276514,715.380005,657.865601,0.004371,0.004268
160,4,0,0,462363.6027,82.0,10.7,0.005428082,71.9351109947252,9.456481934,0.0,0.0,-0.484853983,2.309853983,1670.976258,726.85083,566.07312,0.00567,0.004066
161,4,0,0,462363.6027,82.0,10.2,0.005437189,72.230143684747,8.091430664,0.0,0.003834839,-0.49037528,2.31537528,1686.989509,713.659912,660.49707,0.004361,0.004187
162,4,0,0,462363.6027,82.0,10.2,0.005452582,72.4137182661086,7.651977539,0.0,0.023009033,-0.487159967,2.312159967,1700.919387,702.977478,669.004395,0.004306,0.004241
163,4,0,0,585823.0814,82.0,9.8,0.005469712,72.6120824889494,7.432250977,0.0,-0.007094452,-0.438130617,2.263130617,1717.385953,710.955872,670.304321,0.004337,0.004155
164,4,0,0,585823.0814,82.0,9.8,0.005474764,72.7643447695736,7.432250977,0.0,-0.010929291,-0.374025583,2.199025583,1731.201682,731.160217,663.74353,0.004385,0.004149
165,4,0,0,462363.6027,82.0,9.7,0.005468103,72.943262355497,7.432250977,0.0,-0.008628387,-0.326474428,2.151474428,1747.05777,0.0,0.0,0.0,0.0
166,4,0,0,585823.0814,82.0,9.7,0.005454486,73.0950884888878,7.388305664,0.0,-0.010162323,-0.296257257,2.121257257,1761.691293,711.484924,677.440002,0.004248,0.004128
167,4,0,0,462363.6027,82.0,9.7,0.005429764,73.2400192119278,6.904907227,0.0,-0.005560516,-0.291660547,2.116660547,1777.762893,680.545105,674.542114,0.004177,0.004087
168,4,0,0,462363.6027,82.0,9.7,0.005402146,73.3450297734658,6.948852539,0.0,-0.000959,-0.30422473,2.12922473,1792.549275,696.684875,669.9104,0.004071,0.004054
169,4,0,0,462363.6027,83.0,9.6,0.005370555,73.4704846500674,7.036743164,0.0,-0.000959,-0.326452971,2.151452971,1808.71342,705.299805,665.399597,0.004282,0.004109
170,4,0,0,462363.6027,83.0,9.6,0.005348789,73.5849257026044,7.168579102,0.0,-0.000959,-0.349766016,2.174766016,1822.823271,702.036987,666.486084,0.004247,0.004102
171,4,0,0,585823.0814,83.0,9.5,0.005334353,73.7264850192784,7.168579102,0.0,-0.000959,-0.378381491,2.203381491,1839.607146,715.204102,656.057617,0.004246,0.004092
172,4,0,0,585823.0814,83.0,9.5,0.005330865,73.8375599440846,7.124633789,0.0,-0.008628387,-0.407126188,2.232126188,1853.740768,698.224121,670.863098,0.004232,0.004059
173,4,0,0,585823.0814,83.0,9.8,0.005332933,73.9515509125038,7.124633789,0.0,-0.003259613,-0.450348139,2.275348139,1867.898733,718.312012,655.592529,0.003781,0.003657
174,4,0,0,462363.6027,83.0,9.8,0.005333267,74.0682855159418,6.860961914,0.0,0.001533936,-0.511679411,2.336679411,1884.777129,716.428101,674.112488,0.0039,0.003942
175,4,0,0,462363.6027,83.0,10.0,0.005322128,74.1450919111778,6.992797852,0.0,0.009203613,-0.560249567,2.385249567,1898.970762,710.595215,665.400818,0.004181,0.00403
176,4,0,0,462363.6027,82.0,10.0,0.005294609,74.2523886850264,6.948852539,0.0,0.008436646,-0.603885889,2.428885889,1915.202765,705.634521,660.307129,0.004273,0.004115
177,4,0,0,462363.6027,81.0,10.2,0.005270386,74.3549399819236,7.212524414,0.0,0.00690271,-0.609875441,2.434875441,1930.078322,702.07428,668.606628,0.004335,0.004124
178,4,0,0,585823.0814,80.0,10.2,0.005259525,74.4854421350068,7.256469727,0.0,0.00690271,-0.593883753,2.418883753,1946.267672,751.929382,899.689026,0.004279,0.004004
179,4,0,0,462363.6027,79.0,10.4,0.005265329,74.5800083535326,7.080688477,0.0,-0.005560516,-0.565546751,2.390546751,1961.075463,699.201294,679.768921,0.004005,0.003953
180,4,0,0,462363.6027,80.0,10.4,0.005276943,74.4749163593906,0.0,15.97595215,-0.008628387,-0.541702509,2.366702509,1977.227978,813.079529,654.518921,0.004331,0.004079
181,4,0,0,462363.6027,80.0,10.5,0.005284248,73.9441906121072,0.0,91.2689209,0.021475098,-0.544589281,2.369589281,1991.363605,718.256897,668.632385,0.004424,0.004289
182,4,0,0,381883.4492,81.0,10.5,0.005288638,73.3454351983986,0.0,12.89978027,0.008436646,-0.514505148,2.339505148,2008.185975,643.557983,667.020813,0.004236,0.004288
183,4,0,0,462363.6027,81.0,10.4,0.005286615,72.8428911671242,0.0,4.696655273,0.054454712,-0.431735754,2.256735754,2022.275556,704.893311,664.840271,0.004324,0.004284
184,4,0,0,462363.6027,82.0,10.4,0.005271431,72.253977849213,0.0,0.0,-0.032404388,-0.233052969,2.058052969,2038.286174,0.0,0.0,0.0,0.0
185,4,0,0,462363.6027,82.0,10.0,0.005246097,71.8263454245388,3.694152832,0.0,-0.068451874,-0.098084688,1.923084688,2052.916859,709.972778,652.854919,0.004383,0.00439
186,4,0,0,462363.6027,83.0,10.0,0.005211809,71.7906684488808,6.729125977,0.0,0.00690271,-0.093543768,1.918543768,2068.854374,694.419617,673.07428,0.004292,0.004217
187,4,0,0,462363.6027,83.0,9.9,0.005187541,71.915549579679,7.256469727,0.0,-0.004793549,-0.135309935,1.960309935,2082.800844,676.297974,676.180908,0.004368,0.00415
188,4,0,0,462363.6027,83.0,9.9,0.005175427,72.0458000158928,6.509399414,0.0,0.013038452,-0.146138906,1.971138906,2099.405446,733.024292,667.859497,0.004435,0.004212
189,4,0,0,462363.6027,83.0,9.8,0.005180013,72.1248867976286,6.421508789,0.0,-0.000959,-0.132974863,1.957974863,2113.354682,705.641113,667.404907,0.004412,0.004307
190,4,0,0,462363.6027,83.0,9.8,0.005193954,72.1943134033606,6.333618164,0.0,-0.000959,-0.113646269,1.938646269,2127.979785,812.649597,732.314514,0.0,0.004189
191,4,0,0,462363.6027,82.0,9.4,0.005209458,72.2614497090584,5.894165039,0.0,-0.005560516,-0.094457388,1.919457388,2144.001454,744.811401,664.379822,0.004434,0.004289
192,4,0,0,462363.6027,82.0,9.4,0.005213901,72.295843863709,6.026000977,0.0,-0.005560516,-0.086810827,1.911810827,2158.065183,709.661926,676.84137,0.004475,0.004252
193,4,0,0,462363.6027,82.0,8.8,0.005205846,72.3401257550394,5.982055664,0.0,-0.005560516,-0.102208376,1.927208376,2174.85157,924.49823,514.531616,0.003428,0.0
194,4,0,0,462363.6027,82.0,8.8,0.005193246,72.3539068875142,5.671691895,0.0,-0.004793549,-0.12840867,1.95340867,2188.985944,0.0,0.0,0.0,0.0
195,4,0,0,462363.6027,82.0,8.2,0.005188834,72.3653516123638,5.715637207,0.0,0.003067871,-0.169949293,1.994949293,2205.176419,719.296875,650.245605,0.004259,0.003973
196,4,0,0,462363.6027,82.0,8.2,0.005204678,72.3740535873316,5.894165039,0.0,0.003067871,-0.198128462,2.023128462,2220.051601,652.870911,652.891113,0.004215,0.003947
197,4,0,0,462363.6027,82.0,7.7,0.005241805,72.4085701805694,5.894165039,0.0,0.003067871,-0.221143007,2.046143007,2236.312237,0.0,0.0,0.0,0.0
198,4,0,0,462363.6027,82.0,7.7,0.005275512,72.4343519843968,5.894165039,0.0,0.003067871,-0.233244658,2.058244658,2250.562977,684.093506,655.06427,0.00422,0.004062
199,4,0,0,799232.7366,82.0,7.2,0.005295286,72.4626107716984,5.938110352,0.0,0.003067871,-0.237884283,2.062884283,2267.555052,715.382813,413.357391,0.004518,0.004576
200,4,0,0,462363.6027,82.0,7.2,0.005288518,72.489040785491,5.938110352,0.0,0.003067871,-0.233896494,2.058896494,2281.851877,702.794006,655.535706,0.004078,0.003947
201,4,0,0,462363.6027,82.0,6.8,0.005257302,72.5273003817008,6.069946289,0.0,0.003067871,-0.220132589,2.045132589,2298.219175,694.84613,650.904785,0.004265,0.003916
202,4,0,0,462363.6027,82.0,6.8,0.005216564,72.5710339547998,6.157836914,0.0,0.0,-0.200060129,2.025060129,2313.24892,668.927307,654.92218,0.00413,0.003895
203,4,0,0,462363.6027,82.0,6.4,0.00516232,72.6253481176354,6.245727539,0.0,0.0,-0.172138929,1.997138929,2329.672195,669.710876,653.65271,0.004073,0.003805
204,4,0,0,462363.6027,82.0,6.4,0.005114726,72.7043118492348,7.256469727,0.0,-0.003259613,-0.148977518,1.973977518,2344.750981,626.004395,651.272278,0.004132,0.003939
205,4,0,0,462363.6027,82.0,6.1,0.005067907,72.8494905554754,6.992797852,0.0,-0.004793549,-0.128024817,1.953024817,2361.221716,723.919617,683.663208,0.004019,0.003921
206,4,0,0,462363.6027,82.0,6.1,0.005037816,72.9635734011152,6.992797852,0.0,-0.004793549,-0.120848417,1.945848417,2375.652501,0.0,0.0,0.0,0.0
207,4,0,0,462363.6027,82.0,5.5,0.005018658,73.074992145319,6.992797852,0.0,-0.004793549,-0.125521898,1.950521898,2390.791073,708.188477,658.48291,0.004154,0.00398
208,4,0,0,462363.6027,82.0,5.5,0.005010515,73.1971766982,6.948852539,0.0,-0.004793549,-0.144279242,1.969279242,2407.332978,642.242493,655.530823,0.004157,0.003995
209,4,0,0,462363.6027,82.0,5.0,0.005015281,73.2992739037228,6.992797852,0.0,-0.004793549,-0.172213316,1.997213316,2421.829066,713.981995,652.536804,0.004167,0.003951
210,4,0,0,462363.6027,82.0,5.0,0.005033067,73.417548371953,7.036743164,0.0,-0.003259613,-0.217074156,2.042074156,2439.085602,736.112488,935.789001,0.004324,0.004084
211,4,0,0,462363.6027,82.0,4.8,0.005058452,73.5249482562154,7.036743164,0.0,0.0,-0.266385794,2.091385794,2453.485839,765.964722,666.025879,0.004011,0.003843
212,4,0,0,462363.6027,82.0,4.8,0.005092653,73.6346245036276,6.948852539,0.0,0.001533936,-0.317416906,2.142416906,2469.816119,751.773682,670.639526,0.003879,0.003805
213,4,0,0,462363.6027,82.0,4.6,0.005119788,73.7290670443744,6.817016602,0.0,-0.010162323,-0.34565568,2.17065568,2484.666918,1008.424194,607.45813,0.004043,0.004129
214,4,0,0,462363.6027,82.0,4.6,0.005142565,73.3041074276656,0.0,27.4017334,0.005368774,-0.387503386,2.212503386,2500.739238,705.591309,664.55127,0.003912,0.003854
215,4,0,0,462363.6027,82.0,4.4,0.005153839,72.8381001780376,0.0,3.817749023,0.005368774,-0.430461168,2.255461168,2515.375383,675.816528,433.943115,0.004507,0.004481
216,4,0,0,462363.6027,82.0,4.4,0.005160759,72.2861181553804,0.0,0.0,-0.010162323,-0.463567019,2.288567019,2531.330213,667.115723,420.769287,0.004411,0.004531
217,4,0,0,462363.6027,82.0,4.6,0.00517018,71.8085451585348,0.0,0.0,0.00690271,-0.48983264,2.31483264,2545.313903,690.25061,667.076111,0.004054,0.003991
218,4,0,0,462363.6027,82.0,4.6,0.005193152,71.4844791380562,5.58380127,0.0,0.016106323,-0.513172388,2.338172388,2561.989838,723.799622,659.828918,0.004269,0.004164
219,4,0,0,462363.6027,82.0,4.7,0.005224199,71.4741712187958,5.276184082,0.0,-0.000959,-0.504220724,2.329220724,2576.014366,705.79248,667.742493,0.004203,0.004069
220,4,0,0,462363.6027,83.0,4.7,0.005266993,71.4809296743126,5.23223877,0.0,0.018407227,-0.491954565,2.316954565,2592.058995,696.581726,669.732605,0.004237,0.004126
221,4,0,0,462363.6027,83.0,4.9,0.005305828,71.4052940417398,4.221496582,0.0,0.005368774,-0.471600294,2.296600294,2606.778664,690.13092,668.69043,0.004207,0.004141
222,4,0,0,381883.4492,83.0,4.9,0.005347875,71.2766620865772,4.089660645,0.0,0.0,-0.414314985,2.239314985,2622.845125,701.614685,666.936707,0.004258,0.004124
223,4,0,0,325266.7187,82.0,5.3,0.005379291,71.1426193533072,0.395507813,0.0,-0.001725677,-0.359658957,2.184658957,2636.910674,673.703308,673.238892,0.004164,0.004157
224,4,0,0,325266.7187,83.0,5.3,0.005402797,70.6588874927486,0.0,35.75134277,-0.001725677,-0.308656931,2.133656931,2651.648924,0.0,0.0,0.0,0.0
225,4,0,0,585823.0814,82.0,5.6,0.005422417,70.1244679561104,0.0,31.35681152,-0.001725677,-0.258363962,2.083363962,2667.729276,684.40033,678.91571,0.00437,0.004298
226,4,0,0,462363.6027,82.0,5.6,0.005441335,69.662924194879,0.0,264.1204834,-0.016298065,-0.220327616,2.045327616,2682.47253,679.528076,665.638672,0.004278,0.004161
227,4,0,0,462363.6027,82.0,6.0,0.005470892,69.1531298294102,0.0,263.0950928,-0.020132904,-0.205426455,2.030426455,2698.562991,677.905029,673.808105,0.004454,0.004321
228,4,0,0,585823.0814,82.0,6.0,0.005497081,68.714732207608,0.0,263.0950928,-0.019365936,-0.241611719,2.066611719,2712.647446,666.547119,682.204895,0.004443,0.004294
229,4,0,0,462363.6027,81.0,6.6,0.005514051,68.1955167818726,0.0,116.0247803,-0.016298065,-0.338924646,2.163924646,2729.421095,654.837097,677.578796,0.004418,0.004294
230,4,0,0,462363.6027,81.0,6.6,0.005514196,67.7464186101302,0.0,51.4251709,0.017640259,-0.460061312,2.285061312,2743.516578,685.676514,706.16687,0.004384,0.00422
231,4,0,0,585823.0814,81.0,6.8,0.005502396,67.399551718026,9.368591309,0.0,0.038348389,-0.572602987,2.397602987,2759.63409,700.505127,673.361389,0.004472,0.004235
232,4,0,0,462363.6027,81.0,6.8,0.005486411,67.7629021946132,11.21429443,0.0,0.026843872,-0.581305742,2.406305742,2774.418284,756.813721,912.586609,0.004424,0.004351
233,4,0,0,462363.6027,82.0,7.0,0.005467589,68.5371635543792,16.71295166,0.0,0.071328003,-0.494654417,2.319654417,2790.559074,721.639099,581.432678,0.004165,0.004088
234,4,0,0,585823.0814,82.0,7.0,0.00545428,69.4369787812502,14.29321289,0.0,-0.040074066,-0.275535345,2.100535345,2804.702851,709.388916,667.633118,0.004389,0.004302
235,4,0,0,462363.6027,82.0,7.5,0.005441158,70.132178046556,13.19458008,0.0,-0.024734711,-0.033447504,1.858447504,2821.572168,660.523804,682.069214,0.004288,0.004136
236,4,0,0,462363.6027,82.0,7.5,0.005426654,70.769283485289,13.23852539,0.0,-0.045442841,0.107910395,1.717089605,2835.766854,723.422791,662.692322,0.004341,0.004207
237,4,0,0,462363.6027,82.0,7.7,0.005404637,71.4955878488072,12.5793457,0.0,-0.024734711,0.154453516,1.670546484,2852.015954,0.0,0.0,0.0,0.0
238,4,0,0,462363.6027,82.0,7.7,0.005382788,72.0023389362426,11.39007568,0.0,-0.02166684,0.125848532,1.699151468,2866.934955,713.204102,669.259277,0.004397,0.004211
239,4,0,0,585823.0814,82.0,7.8,0.005358276,72.488757139316,9.983825684,0.0,0.009203613,0.037216425,1.787783575,2883.23648,713.796875,655.277588,0.004336,0.004126
240,4,0,0,462363.6027,82.0,7.8,0.005344172,72.7128385187964,7.256469727,0.0,0.009203613,-0.038226366,1.863226366,2898.203839,708.796814,662.541016,0.004277,0.004139
241,4,0,0,462363.6027,82.0,7.9,0.005344162,72.8436373215218,7.256469727,0.0,0.003834839,-0.098237753,1.923237753,2912.5118,714.455872,666.736694,0.004221,0.004137
242,4,0,0,585823.0814,82.0,7.9,0.005360155,73.014025839967,7.388305664,0.0,0.010737549,-0.148978949,1.973978949,2928.886934,692.316223,672.845886,0.00425,0.004048
243,4,0,0,585823.0814,82.0,7.7,0.005378977,73.1443644036392,6.948852539,0.0,0.003834839,-0.163440943,1.988440943,2943.860949,709.510925,661.06543,0.004384,0.004073
244,4,0,0,462363.6027,83.0,7.7,0.005393601,73.2335236099132,5.850219727,0.0,0.0,-0.165763617,1.990763617,2960.067748,775.369385,652.416077,0.004344,0.004122
245,4,0,0,585823.0814,83.0,7.5,0.00539505,73.2402655214148,5.894165039,0.0,0.0,-0.172656775,1.997656775,2974.139477,710.441589,661.38092,0.004202,0.004
246,4,0,0,585823.0814,83.0,7.5,0.005386843,73.2737372345642,6.553344727,0.0,0.003834839,-0.181507826,2.006507826,2990.760064,715.870178,655.251526,0.00417,0.003918
247,4,0,0,585823.0814,83.0,7.7,0.005376004,73.3528039639236,6.904907227,0.0,0.00690271,-0.184885263,2.009885263,3004.659918,0.0,0.0,0.0,0.0
248,4,0,0,381883.4492,83.0,7.7,0.005364892,73.463107017079,6.992797852,0.0,-0.003259613,-0.17755723,2.00255723,3020.542832,701.843079,676.630798,0.004239,0.004114
249,4,0,0,585823.0814,83.0,7.5,0.005362049,73.5603130521002,6.992797852,0.0,-0.003259613,-0.176814795,2.001814795,3035.100168,654.887573,642.867493,0.004424,0.004165
250,4,0,0,462363.6027,84.0,7.5,0.005368502,73.668800866296,7.036743164,0.0,-0.001725677,-0.180702925,2.005702925,3050.957002,805.030701,785.380798,0.0,0.003964
251,4,0,0,462363.6027,84.0,7.7,0.005377023,73.76499449771,6.992797852,0.0,-0.000959,-0.179449797,2.004449797,3065.465647,699.6297,672.708191,0.004467,0.004277
252,4,0,0,585823.0814,84.0,7.7,0.005383021,73.883205187796,7.124633789,0.0,-0.007094452,-0.181239843,2.006239843,3081.213722,715.844727,670.636108,0.004433,0.004256
253,4,0,0,585823.0814,83.0,7.8,0.005385579,73.9829000349404,7.036743164,0.0,-0.010162323,-0.195945024,2.020945024,3094.887396,711.571289,714.772095,0.004339,0.004289
254,4,0,0,462363.6027,83.0,7.8,0.005390364,74.094402818879,7.124633789,0.0,0.009203613,-0.232454538,2.057454538,3111.037817,819.930115,738.433289,0.0,0.004458
255,4,0,0,462363.6027,83.0,7.9,0.00539623,74.1886879018002,6.992797852,0.0,0.009203613,-0.259529829,2.084529829,3124.497707,709.135803,702.373474,0.004398,0.004473
256,4,0,0,462363.6027,83.0,7.9,0.005397883,74.2948135589308,7.036743164,0.0,0.00690271,-0.26786828,2.09286828,3139.762159,707.76709,687.879272,0.004623,0.004433
257,4,0,0,585823.0814,83.0,8.0,0.005390777,74.3901117374754,7.080688477,0.0,0.00690271,-0.256234407,2.081234407,3153.644431,724.995728,660.93219,0.004378,0.004296
258,4,0,0,462363.6027,83.0,8.0,0.005375858,74.274199732085,0.0,97.7142334,-0.015531097,-0.232936621,2.057936621,3166.798521,825.576294,647.682312,0.004611,0.004478
259,4,0,0,462363.6027,83.0,8.4,0.005350536,73.7092749304392,0.0,191.9036865,0.001533936,-0.236599207,2.061599207,3181.796303,844.930603,680.978088,0.00435,0.004099
260,4,0,0,462363.6027,83.0,8.4,0.00532439,73.2043724918618,0.0,44.83337402,0.009203613,-0.265630484,2.090630484,3195.639287,726.720886,676.539307,0.004306,0.00408
261,4,0,0,325266.7187,83.0,8.8,0.005296924,72.6308157698184,0.0,27.9876709,0.023009033,-0.274584532,2.099584532,3210.943379,709.407227,660.394287,0.004274,0.003982
262,4,0,0,462363.6027,82.0,8.8,0.005278599,72.1504593550692,0.0,22.7142334,0.003067871,-0.237773657,2.062773657,3225.153277,581.247803,649.458496,0.004395,0.004105
263,4,0,0,462363.6027,82.0,9.1,0.005262504,71.604714088181,0.0,12.7532959,-0.000959,-0.17192626,1.99692626,3240.817086,740.038513,639.346619,0.004282,0.004113
264,4,0,0,462363.6027,82.0,9.1,0.005246962,71.131772112026,0.0,0.0,-0.013997162,-0.114720106,1.939720106,3254.660988,707.180481,668.863525,0.004561,0.004298
265,4,0,0,462363.6027,82.0,9.7,0.005220213,70.5761641015082,0.0,0.0,-0.003259613,-0.080532312,1.905532312,3271.291543,709.945679,667.769775,0.004467,0.004334
266,4,0,0,462363.6027,82.0,9.7,0.005190183,70.143724578254,3.782043457,0.0,-0.016298065,-0.070235014,1.895235014,3285.362591,710.584595,711.201294,0.004534,0.004302
267,4,0,0,799232.7366,82.0,9.9,0.005157957,70.100997969193,5.539855957,0.0,-0.003259613,-0.080624819,1.905624819,3301.514312,740.304321,877.79718,0.004207,0.004002
268,4,0,0,381883.4492,82.0,9.9,0.005139862,70.123795879633,5.276184082,0.0,0.0,-0.103977442,1.928977442,3316.352602,717.079407,661.486816,0.004418,0.004178
269,4,0,0,462363.6027,82.0,10.1,0.005136241,70.142424794803,5.58380127,0.0,0.013038452,-0.129062891,1.954062891,3332.574598,708.982117,656.565308,0.004387,0.004086
270,4,0,0,462363.6027,82.0,10.1,0.0051471,70.1748071939866,8.311157227,0.0,0.014572388,-0.135351419,1.960351419,3346.797056,721.734985,668.963684,0.004454,0.004205
271,4,0,0,799232.7366,82.0,10.3,0.005170101,70.3635026952282,7.036743164,0.0,-0.008628387,-0.113785028,1.938785028,3363.747737,736.118591,667.446106,0.004384,0.004288
272,4,0,0,585823.0814,82.0,10.3,0.005191735,70.5747330120066,8.618774414,0.0,-0.008628387,-0.09627223,1.92127223,3377.989159,706.726501,670.513794,0.004454,0.004257
273,4,0,0,585823.0814,82.0,10.5,0.005210637,70.8571748374176,8.311157227,0.0,0.012271484,-0.093999624,1.918999624,3394.275031,725.213684,682.460571,0.004474,0.004322
274,4,0,0,462363.6027,82.0,10.5,0.005224168,71.0763438996688,7.915649414,0.0,-0.007094452,-0.076859713,1.901859713,3409.223109,713.6474,674.0177,0.004371,0.004189
275,4,0,0,585823.0814,82.0,10.6,0.005238633,71.2743999017128,7.520141602,0.0,-0.012463226,-0.060652494,1.885652494,3423.512029,786.27063,734.784912,0.0,0.004095
276,4,0,0,462363.6027,82.0,10.6,0.005252865,70.9706928369042,0.0,0.0,-0.008628387,-0.072464228,1.897464228,3440.54858,757.35498,670.532898,0.004459,0.004187
277,4,0,0,585823.0814,82.0,10.7,0.005258328,70.7545474992054,5.58380127,0.0,-0.003259613,-0.109793425,1.934793425,3454.88129,722.830505,667.713806,0.004386,0.004194
278,4,0,0,462363.6027,82.0,10.7,0.005256664,70.7654864245864,5.23223877,0.0,0.009203613,-0.161519289,1.986519289,3471.286923,778.473389,743.281128,0.0,0.004113
279,4,0,0,462363.6027,82.0,10.6,0.005253904,70.7702927184964,5.23223877,0.0,-0.003259613,-0.205161333,2.030161333,3486.34975,696.468384,656.203613,0.004229,0.00399
280,4,0,0,462363.6027,82.0,10.6,0.005258659,70.7644580080462,5.23223877,0.0,-0.003259613,-0.252513647,2.077513647,3502.807812,852.853882,723.810486,0.0,0.004518
281,4,0,0,462363.6027,82.0,10.4,0.00527213,70.7242163004122,3.82598877,0.0,-0.003259613,-0.298720121,2.123720121,3517.230206,749.598389,889.098389,0.004099,0.003905
282,4,0,0,462363.6027,82.0,10.4,0.005291593,70.3269925481588,0.0,0.0,0.005368774,-0.363112211,2.188112211,3534.42456,797.6297,722.677002,0.003957,0.003822
283,4,0,0,585823.0814,82.0,10.3,0.005306395,69.9646509668176,1.098632813,0.0,0.009203613,-0.414539576,2.239539576,3548.889045,683.123718,658.123108,0.004238,0.004
284,4,0,0,462363.6027,82.0,10.3,0.005320786,69.9289862543304,7.871704102,0.0,0.00690271,-0.449936152,2.274936152,3565.376629,714.708496,657.721008,0.004068,0.00388
285,4,0,0,462363.6027,82.0,9.9,0.005334888,70.1160993076434,8.223266602,0.0,0.0,-0.465117693,2.290117693,3580.371613,665.7323,664.833008,0.004025,0.003885
286,4,0,0,462363.6027,82.0,9.9,0.005357584,70.3275868935142,7.388305664,0.0,0.012271484,-0.480542421,2.305542421,3596.600849,749.496216,659.077209,0.00408,0.003883
287,4,0,0,462363.6027,82.0,9.8,0.005385313,70.4862943716242,7.388305664,0.0,0.003067871,-0.483887434,2.308887434,3611.360388,720.823792,683.926208,0.003856,0.00394
288,4,0,0,381883.4492,82.0,9.8,0.005419672,70.6659011574026,7.256469727,0.0,-0.004793549,-0.468809843,2.293809843,3627.334896,738.920105,662.47522,0.004166,0.003997
289,4,0,0,462363.6027,83.0,9.7,0.005440728,70.8054460953854,6.509399414,0.0,-0.003259613,-0.460428953,2.285428953,3641.205047,679.527893,662.708801,0.004064,0.003853
290,4,0,0,381883.4492,83.0,9.7,0.005449395,70.9127144804764,6.509399414,0.0,-0.007094452,-0.461113214,2.286113214,3657.587495,676.421204,660.774902,0.004036,0.003913
291,4,0,0,462363.6027,82.0,9.3,0.005452473,70.9997858095014,6.465454102,0.0,0.014572388,-0.47186923,2.29686923,3671.245797,0.0,0.0,0.0,0.0
292,4,0,0,462363.6027,82.0,9.3,0.005460166,71.042412542922,5.58380127,0.0,0.003834839,-0.467403173,2.292403173,3684.874928,629.250671,654.986572,0.004288,0.003915
293,4,0,0,462363.6027,82.0,9.0,0.005473909,70.5960524539754,0.0,5.868530273,0.014572388,-0.448531866,2.273531866,3701.105806,970.009827,535.444214,0.0,0.005285
294,4,0,0,462363.6027,82.0,9.0,0.005484968,70.1143041371536,0.0,3.671264648,0.008436646,-0.40868783,2.23368783,3714.743667,1007.795227,707.010803,0.0,0.003885
295,4,0,0,462363.6027,82.0,8.4,0.005493947,69.6674739438996,0.0,0.0,-0.003259613,-0.345124006,2.170124006,3730.343422,717.678894,672.370728,0.004,0.003979
296,4,0,0,462363.6027,82.0,8.4,0.005502033,69.4642842277226,5.58380127,0.0,0.021475098,-0.296324492,2.121324492,3744.679139,702.988892,678.576599,0.004077,0.003889
297,4,0,0,381883.4492,83.0,8.2,0.00551515,69.5232181458688,5.894165039,0.0,-0.025501678,-0.218066931,2.043066931,3760.374969,0.0,0.0,0.0,0.0
298,4,0,0,462363.6027,83.0,8.2,0.005526974,69.5725751713562,5.894165039,0.0,-0.025501678,-0.149227858,1.974227858,3774.821122,715.338501,659.403503,0.004314,0.00432
299,4,0,0,462363.6027,83.0,8.0,0.005532486,69.6216670580786,5.58380127,0.0,0.032212646,-0.133118868,1.958118868,3790.6362,728.567383,725.661316,0.004329,0.004255
300,4,0,0,462363.6027,83.0,8.0,0.005522005,69.6513262286746,5.58380127,0.0,0.054454712,-0.111429453,1.936429453,3804.479157,712.355286,702.396912,0.004397,0.004533
301,4,0,0,585823.0814,83.0,7.8,0.005483871,69.6741589008586,5.58380127,0.0,-0.092227875,0.033302546,1.791697454,3820.866011,709.388916,705.555298,0.004323,0.004423
302,4,0,0,462363.6027,83.0,7.8,0.005429654,69.703071917057,5.58380127,0.0,0.010737549,0.105327845,1.719672155,3834.624949,724.907898,683.303284,0.004491,0.00449
303,4,0,0,462363.6027,83.0,7.6,0.005359651,69.762297801666,6.157836914,0.0,-0.045442841,0.125815153,1.699184847,3850.350695,729.158813,686.99353,0.004448,0.004437
304,4,0,0,462363.6027,83.0,7.6,0.005305018,69.8607662512634,7.168579102,0.0,-0.063083099,0.053086996,1.771913004,3864.765415,726.797424,891.705505,0.004293,0.004227
305,4,0,0,462363.6027,83.0,7.4,0.005258228,70.1246921371724,7.915649414,0.0,0.010737549,-0.159477472,1.984477472,3880.479278,738.48822,888.911926,0.004347,0.004258
306,4,0,0,462363.6027,83.0,7.4,0.005231548,70.2889604643448,6.026000977,0.0,0.025309937,-0.327818632,2.152818632,3894.156644,722.442383,672.758423,0.00444,0.004199
307,4,0,0,462363.6027,83.0,7.0,0.005213169,70.3694405965592,6.245727539,0.0,0.018407227,-0.463696241,2.288696241,3910.342706,712.24707,685.101685,0.004706,0.004365
308,4,0,0,462363.6027,84.0,7.0,0.005202113,70.5184896850328,7.388305664,0.0,0.023009033,-0.516248465,2.341248465,3923.945087,713.657104,681.740479,0.004495,0.004473
309,4,0,0,462363.6027,84.0,6.6,0.005191489,70.675829513824,7.300415039,0.0,0.010737549,-0.525951624,2.350951624,3938.238898,713.882874,679.637695,0.004583,0.004388
310,4,0,0,462363.6027,84.0,6.6,0.005179808,70.8516712164856,7.300415039,0.0,0.018407227,-0.494949579,2.319949579,3953.878656,574.37207,502.926392,0.005186,0.0
311,4,0,0,381883.4492,84.0,6.5,0.005175289,71.0049806302742,7.608032227,0.0,0.010737549,-0.432713747,2.257713747,3967.600199,721.524414,671.496887,0.004489,0.004433
312,4,0,0,462363.6027,84.0,6.5,0.005183482,71.2539650656618,8.753356934,0.0,0.00690271,-0.32939744,2.15439744,3983.976573,716.02948,681.681091,0.00458,0.004393
313,4,0,0,381883.4492,84.0,6.8,0.005202584,71.5148515520468,8.929138184,0.0,0.005368774,-0.218202353,2.043202353,3997.757227,712.246887,674.036194,0.00454,0.004333
314,4,0,0,462363.6027,84.0,6.8,0.005231301,71.856541116904,9.544372559,0.0,-0.005560516,-0.078831434,1.903831434,4013.529489,709.403503,675.544128,0.004524,0.004504
315,4,0,0,462363.6027,84.0,7.3,0.00525425,72.2454453538406,11.21429443,0.0,-0.024734711,0.049424887,1.775575113,4027.995837,712.034607,671.274414,0.004458,0.004307
316,4,0,0,462363.6027,84.0,7.3,0.0052696,72.7120278620516,11.21429443,0.0,-0.019365936,0.136631727,1.688368273,4043.684699,0.0,0.0,0.0,0.0
317,4,0,0,462363.6027,83.0,7.5,0.005273257,73.1400049268868,11.21429443,0.0,-0.030870453,0.153922796,1.671077204,4057.307054,725.734314,671.615784,0.004511,0.00447
318,4,0,0,462363.6027,83.0,7.5,0.005271615,73.603896264563,11.17034912,0.0,-0.023200775,0.104605913,1.720394087,4073.419272,602.716614,519.408813,0.005289,0.0
319,4,0,0,462363.6027,83.0,7.6,0.005267575,73.9542119722872,9.764099121,0.0,-0.003259613,0.019221544,1.805778456,4086.929308,730.978088,686.031982,0.00447,0.004457
320,4,0,0,462363.6027,83.0,7.6,0.005260509,74.2443145457794,9.060974121,0.0,0.00690271,-0.106623411,1.931623411,4102.382889,719.25592,663.123474,0.004404,0.004424
321,4,0,0,462363.6027,83.0,8.1,0.005247992,74.4999183092408,9.280700684,0.0,0.023776001,-0.216478586,2.041478586,4116.560849,715.025208,690.730896,0.004384,0.004354
322,4,0,0,462363.6027,84.0,8.1,0.005221136,74.714478624067,7.827758789,0.0,0.023776001,-0.286441088,2.111441088,4132.036447,661.010498,680.489685,0.004226,0.00421
323,4,0,0,462363.6027,84.0,8.7,0.005191768,74.8802563512254,8.399047852,0.0,-0.000959,-0.303271532,2.128271532,4146.227292,722.359802,662.541199,0.004363,0.004197
324,4,0,0,462363.6027,84.0,8.7,0.005162135,75.073943864213,8.311157227,0.0,0.001533936,-0.312502146,2.137502146,4161.716194,716.851318,656.695007,0.004269,0.003958
325,4,0,0,462363.6027,84.0,9.4,0.005142917,75.2533351271786,8.399047852,0.0,0.0,-0.311798334,2.136798334,4175.280065,716.780396,676.985901,0.004114,0.003906
326,4,0,0,325266.7187,85.0,9.4,0.005128707,75.4347835772794,8.530883789,0.0,0.005368774,-0.30871129,2.13371129,4189.514325,830.433716,697.632507,0.0,0.003848
327,4,0,0,462363.6027,85.0,10.2,0.005113285,75.6370742034786,7.827758789,0.0,0.005368774,-0.2953794,2.1203794,4205.099068,689.217529,662.092102,0.004093,0.00394
328,4,0,0,585823.0814,84.0,10.2,0.005094294,75.7649345605782,7.915649414,0.0,0.009203613,-0.271394968,2.096394968,4218.768158,622.162415,650.150024,0.004409,0.003965
329,4,0,0,585823.0814,84.0,11.3,0.005064524,75.9674191927144,7.739868164,0.0,0.010737549,-0.219279528,2.044279528,4235.064358,714.801392,669.574707,0.004073,0.00397
330,4,0,0,462363.6027,83.0,11.3,0.005038115,76.091132441568,7.959594727,0.0,-0.003259613,-0.154238462,1.979238462,4248.789006,701.924622,663.921875,0.00406,0.004317
331,4,0,0,462363.6027,83.0,12.0,0.00501807,76.2390889169288,7.827758789,0.0,-0.012463226,-0.083205938,1.908205938,4264.514333,485.334412,628.863892,0.004407,0.004024
332,4,0,0,462363.6027,83.0,12.0,0.005013842,76.3322865205318,7.212524414,0.0,-0.005560516,-0.0424335,1.8674335,4278.966161,716.601379,692.409119,0.003631,0.003722
333,4,0,0,585823.0814,82.0,12.6,0.005021115,76.3861693319672,6.069946289,0.0,-0.005560516,-0.019531012,1.844531012,4294.782534,701.642578,669.395996,0.003956,0.003805
334,4,0,0,462363.6027,83.0,12.6,0.005028402,76.3980472750514,6.553344727,0.0,-0.012463226,-0.014503717,1.839503717,4309.341188,737.866211,673.351379,0.003932,0.003853
335,4,0,0,462363.6027,83.0,12.8,0.00502485,76.3897403608668,5.982055664,0.0,-0.012463226,-0.038683176,1.863683176,4325.299579,716.955322,663.216003,0.004061,0.003889
336,4,0,0,462363.6027,83.0,12.8,0.005009362,76.3814794898996,6.157836914,0.0,-0.001725677,-0.088548899,1.913548899,4339.347103,710.156494,658.012329,0.004172,0.003959
337,4,0,0,585823.0814,83.0,13.3,0.004987491,76.3781469490946,6.201782227,0.0,0.00690271,-0.151946306,1.976946306,4356.186851,410.851105,641.138184,0.004437,0.003988
338,4,0,0,462363.6027,83.0,13.3,0.004975877,76.3651582556358,5.894165039,0.0,-0.010929291,-0.201181173,2.026181173,4370.427667,325.845093,560.677917,0.004498,0.004103
339,4,0,0,462363.6027,83.0,13.8,0.004981553,76.3243910180248,5.671691895,0.0,-0.004793549,-0.265296221,2.090296221,4386.8049,697.368591,667.440308,0.003907,0.003791
340,4,0,0,585823.0814,82.0,13.8,0.005005594,76.2846794108934,5.806274414,0.0,-0.007094452,-0.329852819,2.154852819,4401.893523,715.944275,667.578491,0.003863,0.003754
341,4,0,0,462363.6027,83.0,14.2,0.005050612,76.2518182169664,5.671691895,0.0,0.013038452,-0.41714406,2.24214406,4418.418709,716.700073,653.011292,0.003892,0.003698
342,4,0,0,462363.6027,83.0,14.2,0.005100518,76.2049607539934,5.58380127,0.0,0.010737549,-0.476264715,2.301264715,4432.930488,706.266113,685.680481,0.003808,0.003799
343,4,0,0,462363.6027,82.0,14.3,0.005156056,76.158856446047,5.58380127,0.0,0.010737549,-0.507276297,2.332276297,4448.169523,699.065796,680.539795,0.003796,0.003676
344,4,0,0,462363.6027,82.0,14.3,0.005216572,76.1063533217936,5.58380127,0.0,0.008436646,-0.514126062,2.339126062,4464.840057,0.0,0.0,0.0,0.0
345,4,0,0,462363.6027,82.0,14.7,0.005251145,76.0646444915354,5.58380127,0.0,0.00690271,-0.495939493,2.320939493,4480.16328,710.737671,658.002197,0.003997,0.003945
346,4,0,0,462363.6027,82.0,14.7,0.005257862,76.0406504552338,6.904907227,0.0,0.0,-0.455784082,2.280784082,4496.928609,707.078003,654.438416,0.003823,0.003678
347,4,0,0,462363.6027,82.0,15.0,0.005242132,76.0941480550468,6.860961914,0.0,-0.019365936,-0.420060873,2.245060873,4511.636279,765.222473,868.34552,0.003608,0.003421
348,4,0,0,172140.7423,82.0,15.0,0.005215893,76.1574120955838,7.080688477,0.0,0.008436646,-0.399773836,2.224773836,4529.185123,0.0,0.0,0.0,0.0
349,4,0,0,799232.7366,82.0,15.3,0.005190772,76.2202516083222,7.256469727,0.0,0.008436646,-0.366909266,2.191909266,4543.962227,711.292786,669.758484,0.004001,0.003909
350,4,0,0,462363.6027,82.0,15.3,0.00515967,76.3011982721092,7.036743164,0.0,0.023776001,-0.30392909,2.12892909,4560.883967,719.150024,691.803894,0.003728,0.003595
351,4,0,0,462363.6027,82.0,15.6,0.005134386,76.365502461275,7.036743164,0.0,-0.004793549,-0.220119238,2.045119238,4576.423705,713.422119,664.482605,0.003902,0.003798
352,4,0,0,462363.6027,82.0,15.6,0.005111845,76.4300799485596,6.597290039,0.0,-0.012463226,-0.132379293,1.957379293,4593.395296,707.444397,656.578918,0.00398,0.003823
353,4,0,0,462363.6027,82.0,15.8,0.005099233,76.4428216405152,6.553344727,0.0,0.003834839,-0.086179495,1.911179495,4608.248801,644.671387,673.224304,0.003936,0.003893
354,4,0,0,585823.0814,82.0,15.8,0.005093142,76.4677698062226,6.509399414,0.0,-0.005560516,-0.033282995,1.858282995,4625.932775,698.26001,667.476624,0.003987,0.003839
355,4,0,0,462363.6027,82.0,16.3,0.005092542,76.4860163904888,6.465454102,0.0,-0.005560516,0.012269735,1.812730265,4640.784162,0.0,0.0,0.0,0.0
356,4,0,0,381883.4492,81.0,16.3,0.005097582,76.5048982295332,6.509399414,0.0,-0.004793549,0.051595926,1.773404074,4657.756209,702.910889,673.636902,0.004299,0.004049
357,4,0,0,462363.6027,82.0,16.8,0.005108714,76.5168980157488,6.333618164,0.0,-0.003259613,0.074887514,1.750112486,4673.310515,703.888,674.08252,0.003905,0.003648
358,4,0,0,381883.4492,82.0,16.8,0.005125577,76.5302922146074,6.201782227,0.0,-0.003259613,0.091138601,1.733861399,4690.269075,575.308899,608.909729,0.003967,0.0
359,4,0,0,1257229.0671,82.0,17.2,0.005138974,76.5332450477328,6.553344727,0.0,-0.004793549,0.097327471,1.727672529,4705.805883,702.053894,658.1203,0.004038,0.003897
360,4,0,0,283270.0697,82.0,17.2,0.005147829,76.5571319502706,6.509399414,0.0,-0.004793549,0.09398675,1.73101325,4720.629126,702.602112,658.72937,0.004075,0.003933
361,4,0,0,381883.4492,83.0,17.3,0.005149867,76.5786905723502,6.509399414,0.0,-0.005560516,0.077204466,1.747795534,4737.558198,709.332214,698.062622,0.003759,0.003888
362,4,0,0,585823.0814,83.0,17.3,0.005144552,76.5960284749722,6.509399414,0.0,0.001533936,0.051080942,1.773919058,4753.065399,714.390198,655.772217,0.004188,0.003869
363,4,0,0,462363.6027,83.0,17.3,0.005134859,76.6202929769542,6.553344727,0.0,0.008436646,0.018207312,1.806792688,4769.970818,684.765503,663.636902,0.00394,0.003862
364,4,0,0,585823.0814,83.0,17.3,0.00512762,76.6432204553576,6.553344727,0.0,0.00690271,-0.002765417,1.827765417,4784.755845,0.0,0.0,0.0,0.0
365,4,0,0,585823.0814,82.0,17.1,0.005118762,76.6667590967194,6.597290039,0.0,0.005368774,-0.007785559,1.832785559,4802.368292,703.270813,664.001526,0.003899,0.003768
366,4,0,0,381883.4492,82.0,17.1,0.005105279,76.6890556172824,6.509399414,0.0,0.0,-0.001026869,1.826026869,4817.175331,611.057495,661.052612,0.003992,0.004024
367,4,0,0,585823.0814,82.0,16.9,0.005082752,76.5566004979224,1.142578125,0.0,0.009203613,0.006215811,1.818784189,4834.11484,712.368225,676.490479,0.004008,0.003921
368,4,0,0,381883.4492,82.0,16.9,0.005062951,76.0684988930222,0.0,0.0,-0.004793549,0.026049852,1.798950148,4849.659241,663.31781,688.482605,0.003826,0.00367
369,4,0,0,462363.6027,82.0,16.4,0.005050089,75.5312887447306,3.606262207,0.0,-0.005560516,0.048348665,1.776651335,4866.633082,702.258423,682.780884,0.003759,0.003648
370,4,0,0,381883.4492,83.0,16.4,0.005049413,75.394976616753,4.265441895,0.0,-0.010162323,0.052208185,1.772791815,4882.202513,700.647278,664.969604,0.003854,0.003682
371,4,0,0,462363.6027,83.0,16.0,0.005054849,75.3139247343168,5.58380127,0.0,-0.008628387,0.036800146,1.788199854,4899.192016,713.268005,667.357605,0.004001,0.003806
372,4,0,0,462363.6027,83.0,16.0,0.005058849,75.2769679149304,5.58380127,0.0,-0.003259613,0.000417,1.824583006,4914.062387,0.0,0.0,0.0,0.0
373,4,0,0,462363.6027,83.0,15.3,0.005057618,75.2362173339884,5.58380127,0.0,-0.004793549,-0.047567606,1.872567606,4931.769886,706.937317,660.434998,0.004141,0.00389
374,4,0,0,325266.7187,83.0,15.3,0.005051988,75.1918165285254,5.539855957,0.0,0.005368774,-0.10447669,1.92947669,4946.647363,626.724609,615.690674,0.00411,0.004045
375,4,0,0,1257229.0671,83.0,14.7,0.00504541,75.1185701221166,5.23223877,0.0,0.00690271,-0.147307158,1.972307158,4963.652965,708.991272,667.948914,0.00394,0.004154
376,4,0,0,-8605851.9793,83.0,14.7,0.005041684,74.8777576577546,0.307617188,0.0,0.00690271,-0.169668913,1.994668913,4979.243158,701.828308,664.384827,0.004072,0.003942
377,4,0,0,585823.0814,83.0,14.1,0.005037726,74.3675351917524,0.0,25.49743652,0.0,-0.175066233,2.000066233,4994.129485,699.167786,657.103882,0.004163,0.003878
378,4,0,0,462363.6027,83.0,14.1,0.005030326,73.802428792181,0.0,20.22399902,-0.001725677,-0.172203779,1.997203779,5011.147244,720.129517,662.59198,0.004214,0.004005
379,4,0,0,462363.6027,82.0,13.6,0.005024792,73.3144050149632,0.0,18.6126709,-0.001725677,-0.172217131,1.997217131,5026.751397,699.207581,656.730408,0.004237,0.004037
380,4,0,0,585823.0814,83.0,13.6,0.00502611,72.740337295283,0.0,21.68884277,-0.004793549,-0.178480387,2.003480387,5043.77998,716.803711,672.955688,0.004265,0.004095
381,4,0,0,381883.4492,82.0,13.1,0.005034221,72.2593184922832,0.0,102.9876709,-0.004793549,-0.1950562,2.0200562,5059.39488,710.72937,672.252686,0.004204,0.004104
382,4,0,0,381883.4492,82.0,13.1,0.005050087,71.71258307896,0.0,260.3118896,-0.008628387,-0.227628946,2.052628946,5076.434709,576.850525,613.189819,0.004155,0.0
383,4,0,0,585823.0814,83.0,12.7,0.005073456,71.2382999271292,0.0,239.5111084,-0.054646454,-0.284366369,2.109366369,5091.330639,723.259216,670.945679,0.004274,0.003921
384,4,0,0,381883.4492,83.0,12.7,0.005116053,70.6974422901946,0.0,234.677124,-0.030103485,-0.478820086,2.303820086,5108.94503,713.352722,669.383301,0.004343,0.004017
385,4,0,0,462363.6027,83.0,12.4,0.005160507,70.2125984239762,0.0,229.1107178,-0.016298065,-0.788793802,2.613793802,5123.638051,0.0,0.0,0.0,0.0
386,4,0,0,462363.6027,83.0,12.4,0.005198829,69.664645223075,0.0,181.942749,0.017640259,-1.213392973,3.038392973,5140.389378,819.845398,735.414917,0.0,0.004105
387,4,0,0,585823.0814,83.0,11.7,0.005206369,69.2220815189082,0.0,169.052124,0.032212646,-1.514286757,3.339286757,5155.728993,822.791504,734.229187,0.0,0.004075
388,4,0,0,799232.7366,83.0,11.7,0.005186536,68.681861035773,0.0,114.2669678,0.003067871,-1.761508226,3.586508226,5172.453667,0.0,0.0,0.0,0.0
389,4,0,0,585823.0814,83.0,11.8,0.005159631,68.2303043396862,0.0,114.4134521,-0.027035614,1.683255434,3.791744566,5187.129354,798.664917,738.459473,0.0,0.003987
390,4,0,0,462363.6027,83.0,11.8,0.005134829,67.6973554501268,0.0,117.6361084,-0.041608002,1.440310478,4.034689522,5204.529616,801.40979,725.08429,0.004152,0.003927
391,4,0,0,585823.0814,83.0,11.8,0.005122473,67.2517539879628,0.0,113.3880615,-0.005560516,1.145764351,4.329235649,5219.125575,748.110107,677.604004,0.004191,0.003934
392,4,0,0,462363.6027,83.0,11.8,0.005118688,66.7447312600288,0.0,92.00134277,0.036047485,0.780533075,4.694466925,5235.703239,640.609314,623.500488,0.004287,0.00385
393,4,0,0,585823.0814,83.0,11.8,0.005124821,66.2889134178636,0.0,84.09118652,0.032212646,0.519227505,4.955772495,5250.779601,808.71228,732.422607,0.0,0.003926
394,4,0,0,585823.0814,83.0,11.8,0.005137311,65.8362031468648,0.0,49.37438965,0.03451355,0.344802141,5.130197859,5265.064579,613.562927,619.938477,0.003886,0.0
395,4,0,0,381883.4492,83.0,11.8,0.005155117,65.340065721103,0.0,21.24938965,0.010737549,0.240267277,5.234732723,5281.93652,731.263611,800.985291,0.00386,0.00379
396,4,0,0,462363.6027,83.0,11.8,0.005173474,64.910835431023,0.0,2.938842773,0.012271484,0.196444511,5.278555489,5295.997347,726.137024,678.994019,0.003919,0.00364
397,4,0,0,462363.6027,83.0,11.8,0.005202868,64.4058415014666,0.0,6.454467773,-0.023200775,0.17211163,5.30288837,5311.943123,613.809814,618.178711,0.003824,0.0
398,4,0,0,585823.0814,83.0,11.8,0.005240964,64.3506600974918,10.86273193,0.0,-0.000959,0.149511933,5.325488067,5326.444394,717.442871,866.146606,0.003786,0.003768
399,4,0,0,462363.6027,83.0,11.8,0.005294792,64.9715206812374,12.53540039,0.0,-0.015531097,0.098116159,5.376883841,5342.136385,739.796326,881.535522,0.003745,0.003659
400,4,0,0,799232.7366,83.0,11.8,0.005337816,65.7065795324876,15.0869751,0.0,-0.02856955,0.036676049,5.438323951,5355.75895,728.937927,678.519775,0.003786,0.003798
401,4,0,0,462363.6027,83.0,12.1,0.005365076,66.6880658514532,16.53717041,0.0,-0.007094452,-0.073127389,5.548127389,5371.849961,740.697205,676.919312,0.003816,0.003597
402,4,0,0,462363.6027,83.0,12.1,0.005368116,67.6609155507484,15.92193604,0.0,0.003834839,-0.192176461,5.667176461,5385.262543,724.254089,674.194092,0.003887,0.003716
403,4,0,0,585823.0814,83.0,12.7,0.005361784,68.6161494787772,14.02954102,0.0,0.032212646,-0.329848289,5.804848289,5400.474501,678.044922,667.179016,0.003959,0.003772
404,4,0,0,585823.0814,83.0,12.7,0.005359897,69.2630269265506,10.51116943,0.0,-0.003259613,-0.419131875,5.894131875,5414.308432,805.114502,712.683716,0.0,0.003783
405,4,0,0,585823.0814,83.0,13.5,0.005366146,69.5284828763712,6.904907227,0.0,-0.004793549,-0.50261271,5.97761271,5429.278981,719.437927,680.651123,0.003964,0.0038
406,4,0,0,462363.6027,83.0,13.5,0.005371194,69.6590320382758,6.597290039,0.0,-0.008628387,-0.57982707,6.05482707,5442.894455,598.945374,618.36261,0.004166,0.0
407,4,0,0,462363.6027,83.0,14.6,0.005363225,69.6799944159788,0.659179688,0.0,0.098171875,-0.677058339,6.152058339,5457.633526,626.807617,633.005676,0.003882,0.003828
408,4,0,0,462363.6027,83.0,14.6,0.005344183,69.2314567934518,3.82598877,0.0,0.009203613,-0.634445786,6.109445786,5470.432547,0.0,0.0,0.0,0.0
409,4,0,0,462363.6027,83.0,14.9,0.005322482,69.3601400060934,6.157836914,0.0,-0.005560516,-0.466720343,5.941720343,5485.550738,710.911926,669.300293,0.003993,0.003831
410,4,0,0,462363.6027,83.0,14.9,0.005309776,69.3991783619292,5.451965332,0.0,-0.056180389,-0.316853881,5.791853881,5498.150663,705.942505,662.218689,0.004115,0.003947
411,4,0,0,462363.6027,83.0,15.2,0.005297792,69.4295575673346,5.58380127,0.0,-0.036239227,-0.224131942,5.699131942,5510.662352,701.061584,665.509888,0.004145,0.003986
412,4,0,0,462363.6027,83.0,15.2,0.005276663,69.4535617424782,4.968566895,0.0,0.021475098,-0.226639867,5.701639867,5525.594578,0.0,0.0,0.0,0.0
413,4,0,0,462363.6027,84.0,16.1,0.005250765,69.4772010641504,5.58380127,0.0,-0.013997162,-0.261893988,5.736893988,5538.274715,724.841309,669.964722,0.00421,0.004016
414,4,0,0,462363.6027,84.0,16.1,0.005217288,69.513769276207,5.58380127,0.0,0.042183228,-0.320108414,5.795108414,5552.966453,700.583923,672.938293,0.00416,0.004078
415,4,0,0,462363.6027,84.0,16.6,0.005188555,69.5462315308414,5.58380127,0.0,-0.019365936,-0.366173744,5.841173744,5566.651794,687.737427,674.587708,0.0042,0.003978
416,4,0,0,462363.6027,84.0,16.6,0.005160091,69.5822131223746,5.58380127,0.0,0.003834839,-0.407334924,5.882334924,5581.814436,700.418518,663.976318,0.004178,0.004049
417,4,0,0,462363.6027,84.0,17.0,0.005138319,69.6145417696022,5.58380127,0.0,0.009203613,-0.410465479,5.885465479,5595.884021,719.606812,668.97699,0.004319,0.004052
418,4,0,0,462363.6027,84.0,17.0,0.005112738,69.649812419097,5.58380127,0.0,0.0,-0.365623593,5.840623593,5611.322568,626.739502,615.919983,0.004215,0.0
419,4,0,0,462363.6027,84.0,17.7,0.005091432,69.681267774067,5.58380127,0.0,-0.013997162,-0.296944022,5.771944022,5624.863036,600.652405,620.368713,0.004111,0.0
420,4,0,0,462363.6027,84.0,17.7,0.005078143,69.7158478396744,5.58380127,0.0,-0.008628387,-0.221450806,5.696450806,5640.983122,619.157471,600.633301,0.004341,0.0
421,4,0,0,462363.6027,84.0,18.3,0.005081343,69.7466792213396,5.58380127,0.0,-0.008628387,-0.167432427,5.642432427,5654.45272,0.0,0.0,0.004303,0.004024
422,4,0,0,585823.0814,84.0,18.3,0.005096368,69.781439050225,5.58380127,0.0,-0.007094452,-0.128108144,5.603108144,5669.863612,615.15741,597.149414,0.004258,0.0
423,4,0,0,462363.6027,84.0,18.6,0.005109184,69.811463380067,5.58380127,0.0,-0.004793549,-0.112665415,5.587665415,5684.000757,618.020203,601.419617,0.004263,0.0
424,4,0,0,462363.6027,84.0,18.6,0.005112395,69.8442942218416,5.58380127,0.0,-0.016298065,-0.111738801,5.586738801,5699.431763,0.0,0.0,0.0,0.0
425,4,0,0,585823.0814,83.0,18.5,0.005104641,69.8734183673546,5.58380127,0.0,-0.012463226,-0.134027958,5.609027958,5712.93749,692.894592,662.606018,0.004342,0.004054
426,4,0,0,462363.6027,83.0,18.5,0.00509628,69.9062657853312,5.58380127,0.0,-0.004793549,-0.185953856,5.660953856,5729.023944,618.16449,600.795593,0.004299,0.0
427,4,0,0,799232.7366,83.0,18.2,0.005099224,69.9348137066572,5.58380127,0.0,0.005368774,-0.236692309,5.711692309,5742.543879,695.435791,687.809326,0.004291,0.00409
428,4,0,0,381883.4492,83.0,18.2,0.005112974,69.966196914915,5.627746582,0.0,0.005368774,-0.288244605,5.763244605,5756.714825,721.810425,666.925598,0.004413,0.004129
429,4,0,0,381883.4492,83.0,18.2,0.005135863,70.0022803615768,5.627746582,0.0,0.030678711,-0.325212717,5.800212717,5772.182313,635.038818,674.059387,0.004364,0.004031
430,4,0,0,585823.0814,84.0,18.2,0.005154659,70.0698718208134,6.509399414,0.0,-0.008628387,-0.325013638,5.800013638,5785.723198,641.504028,601.707397,0.004333,0.0
431,4,0,0,585823.0814,84.0,18.2,0.00517037,70.2236873398452,6.992797852,0.0,-0.008628387,-0.320880532,5.795880532,5801.85153,611.738098,608.972229,0.004261,0.0
432,4,0,0,585823.0814,84.0,18.2,0.005179486,70.3385231473908,6.509399414,0.0,-0.004793549,-0.323854923,5.798854923,5815.40638,615.115479,597.723877,0.00417,0.0
433,4,0,0,585823.0814,84.0,17.9,0.005184628,70.448769262097,6.421508789,0.0,-0.004793549,-0.344582319,5.819582319,5830.90546,705.512085,665.222717,0.004343,0.004027
434,4,0,0,585823.0814,84.0,17.9,0.005185774,70.5476490750918,6.509399414,0.0,-0.005560516,-0.374406934,5.849406934,5845.120149,925.049622,546.694092,0.004121,0.004036
435,4,0,0,585823.0814,84.0,17.9,0.005186538,70.6573035642272,6.465454102,0.0,0.012271484,-0.419905901,5.894905901,5860.634781,636.080872,682.565979,0.004109,0.0
436,4,0,0,585823.0814,84.0,17.9,0.005187894,70.7510654989946,6.465454102,0.0,0.014572388,-0.45148921,5.92648921,5874.216554,711.71582,677.157898,0.004422,0.004311
437,4,0,0,585823.0814,84.0,17.6,0.00518899,70.8567055216868,6.685180664,0.0,-0.034705292,-0.467511892,5.942511892,5890.392984,712.920898,676.579712,0.0044,0.004315
438,4,0,0,585823.0814,84.0,17.6,0.005187833,70.9851093046242,7.212524414,0.0,-0.017832001,-0.521115184,5.996115184,5903.987592,702.42157,692.559692,0.004539,0.004289
439,4,0,0,585823.0814,84.0,17.0,0.00518782,71.1449661411754,7.212524414,0.0,0.055988647,-0.624653935,6.099653935,5919.531398,704.083496,693.690002,0.004476,0.004394
440,4,0,0,462363.6027,84.0,17.0,0.005195498,71.2887871920986,7.124633789,0.0,-0.004793549,-0.669983864,6.144983864,5933.787026,626.603516,661.74762,0.004611,0.004282
441,4,0,0,585823.0814,84.0,16.5,0.005215863,71.4362122794848,6.948852539,0.0,-0.000959,-0.621215343,6.096215343,5949.350061,0.0,0.0,0.0,0.0
442,4,0,0,585823.0814,84.0,16.5,0.00524178,71.560207468613,6.948852539,0.0,-0.000959,-0.551272154,6.026272154,5963.641285,717.296021,690.388916,0.004597,0.004307
443,4,0,0,462363.6027,84.0,16.4,0.005277666,71.6925209016794,6.904907227,0.0,-0.003259613,-0.47782588,5.95282588,5979.265205,601.340271,634.55542,0.004524,0.0
444,4,0,0,585823.0814,84.0,16.4,0.005309707,71.8056231603638,6.948852539,0.0,-0.017832001,-0.42067802,5.89567802,5992.958515,634.531494,606.997009,0.004449,0.004268
445,4,0,0,585823.0814,84.0,16.6,0.005333949,71.9219059576902,6.904907227,0.0,0.003067871,-0.38148284,5.85648284,6007.325575,705.533508,673.931274,0.004505,0.004121
446,4,0,0,462363.6027,84.0,16.6,0.005345545,72.0490340007162,6.904907227,0.0,0.0,-0.360181928,5.835181928,6023.023326,696.667725,684.380676,0.004407,0.004205
447,4,0,0,381883.4492,85.0,17.0,0.005344819,72.160082757654,6.904907227,0.0,-0.003259613,-0.358120322,5.833120322,6036.779424,608.666809,868.861389,0.005804,0.0
448,4,0,0,585823.0814,84.0,17.0,0.005342226,72.2815312145124,6.904907227,0.0,-0.001725677,-0.363376737,5.838376737,6053.181889,0.0,0.0,0.0,0.0
449,4,0,0,462363.6027,84.0,17.1,0.005348516,72.3843681370728,6.773071289,0.0,-0.010929291,-0.373098493,5.848098493,6066.9886,708.680115,681.301697,0.00426,0.004003
450,4,0,0,585823.0814,84.0,17.1,0.00537439,72.4920713819252,6.817016602,0.0,-0.008628387,-0.406614184,5.881614184,6082.804912,718.369873,673.997314,0.004087,0.003857
451,4,0,0,381883.4492,84.0,17.2,0.005408581,72.5845495783614,6.817016602,0.0,0.013038452,-0.447080135,5.922080135,6097.336241,710.463806,674.441223,0.004268,0.004009
452,4,0,0,585823.0814,84.0,17.2,0.005439957,72.684656223425,6.773071289,0.0,0.023009033,-0.461277843,5.936277843,6113.221429,724.271729,674.522522,0.004172,0.003982
453,4,0,0,462363.6027,84.0,17.0,0.005448909,72.7808299955834,6.992797852,0.0,0.008436646,-0.438088536,5.913088536,6127.811418,703.268982,677.635071,0.004215,0.003949
454,4,0,0,799232.7366,84.0,17.0,0.005442646,72.903949156576,6.992797852,0.0,-0.032404388,-0.385959029,5.860959029,6143.758066,749.796875,887.673279,0.004223,0.003854
455,4,0,0,462363.6027,84.0,16.5,0.005430899,73.008914817528,7.036743164,0.0,-0.016298065,-0.348605514,5.823605514,6157.736989,0.0,0.0,0.0,0.0
456,4,0,0,585823.0814,84.0,16.5,0.005416505,73.1360317078278,7.124633789,0.0,0.014572388,-0.348301411,5.823301411,6174.409239,719.179382,670.728088,0.003961,0.003789
457,4,0,0,462363.6027,84.0,16.0,0.005404938,73.2155547494508,6.553344727,0.0,0.005368774,-0.353008747,5.828008747,6188.438917,715.346008,667.756287,0.003922,0.003653
458,4,0,0,585823.0814,84.0,16.0,0.00539251,73.2981889027882,6.729125977,0.0,0.003834839,-0.333648205,5.808648205,6204.500264,695.672729,672.625671,0.004306,0.003857
459,4,0,0,462363.6027,84.0,15.9,0.005381463,73.3727125779814,6.685180664,0.0,0.003834839,-0.310009599,5.785009599,6219.247813,713.966003,665.360779,0.003998,0.003794
460,4,0,0,381883.4492,84.0,15.9,0.005368445,73.4666875088978,6.904907227,0.0,-0.004793549,-0.270249128,5.745249128,6235.360888,0.0,0.0,0.0,0.0
461,4,0,0,381883.4492,84.0,15.9,0.005360685,73.5476951022972,6.773071289,0.0,0.025309937,-0.230034828,5.705034828,6249.480571,0.0,0.0,0.0,0.004651
462,4,0,0,462363.6027,83.0,15.9,0.005361297,73.5903596069276,0.52734375,0.0,0.008436646,-0.165534019,5.640534019,6264.292461,826.060181,722.254822,0.0,0.003792
463,4,0,0,462363.6027,83.0,15.8,0.005375356,73.0418837084878,0.0,3.671264648,0.021475098,-0.049691677,5.524691677,6280.477741,801.265015,702.38147,0.0,0.003815
464,4,0,0,462363.6027,83.0,15.8,0.005400013,72.577464603852,0.0,0.0,0.010737549,0.081936598,5.393063402,6295.340233,718.8172,705.34491,0.003848,0.003757
465,4,0,0,585823.0814,83.0,15.4,0.005438118,72.0282990871288,0.0,0.0,-0.010929291,0.262911797,5.212088203,6311.582586,712.635193,666.512512,0.003902,0.003893
466,4,0,0,462363.6027,84.0,15.4,0.005471309,71.5345574536382,0.0,1.620483398,0.013038452,0.445626736,5.029373264,6325.815911,707.772827,663.966675,0.004059,0.003856
467,4,0,0,585823.0814,84.0,15.1,0.005497152,71.0103598653176,0.0,0.0,0.012271484,0.700723886,4.774276114,6342.779459,834.28479,725.162415,0.0,0.003994
468,4,0,0,462363.6027,84.0,15.1,0.005505799,70.5419151897926,0.0,3.231811523,0.010737549,0.994617701,4.480382299,6357.046745,0.0,0.0,0.0,0.0
469,4,0,0,585823.0814,84.0,15.1,0.005503767,70.0088435719648,0.0,2.938842773,-0.008628387,1.369076252,4.105923748,6373.373375,811.989929,727.816895,0.0,0.004039
470,4,0,0,585823.0814,84.0,15.1,0.005495363,69.5476265389402,0.0,99.61853027,0.003067871,1.667851686,3.807148314,6388.358437,823.67688,728.594116,0.0,0.00412
471,4,0,0,462363.6027,84.0,15.1,0.005485968,69.0213482832138,0.0,260.8978271,0.023009033,-1.597439051,3.422439051,6404.660975,699.396912,683.349609,0.004311,0.004099
472,4,0,0,585823.0814,83.0,15.1,0.005485641,68.5675730153766,0.0,89.36462402,-0.037773163,-1.337285757,3.162285757,6418.8162,799.762573,731.38562,0.0,0.003992
473,4,0,0,585823.0814,83.0,15.4,0.005492094,68.0488208864404,0.0,61.9720459,0.067493164,-1.071071386,2.896071386,6435.534585,706.197205,663.064087,0.004259,0.004064
474,4,0,0,462363.6027,83.0,15.4,0.005496958,67.5992407495548,0.0,20.22399902,-0.030103485,-0.728894949,2.553894949,6449.467078,815.926575,731.55072,0.0,0.004008
475,4,0,0,381883.4492,83.0,15.6,0.005501644,67.1029446589624,0.0,0.0,-0.116770844,-0.337871313,2.162871313,6465.265591,842.770813,931.17041,0.0,0.004055
476,4,0,0,585823.0814,83.0,15.6,0.005509607,66.8433857171434,0.0,0.0,-0.106800262,-0.19568038,2.02068038,6479.63242,721.570984,664.056519,0.00416,0.003956
477,4,0,0,585823.0814,83.0,15.8,0.005523234,66.7688045724188,5.539855957,0.0,0.03451355,-0.338781118,2.163781118,6495.182224,715.356506,680.744995,0.004034,0.003865
478,4,0,0,462363.6027,83.0,15.8,0.005535709,67.0355403659678,9.236755371,0.0,0.047552002,-0.530041933,2.355041933,6509.324526,654.35791,651.851685,0.004099,0.003922
479,4,0,0,462363.6027,83.0,16.1,0.005543689,67.3728679435022,8.709411621,0.0,0.067493164,-0.622796297,2.447796297,6522.725668,898.04718,682.860901,0.0,0.003876
480,4,0,0,585823.0814,82.0,16.1,0.005538457,67.7156926885152,8.530883789,0.0,0.00690271,-0.585599184,2.410599184,6537.924528,709.029175,660.651672,0.004192,0.004016
481,4,0,0,585823.0814,81.0,16.0,0.005517739,67.9820204982808,7.300415039,0.0,-0.02856955,-0.456986666,2.281986666,6551.74493,825.100891,719.505615,0.0,0.004089
482,4,0,0,585823.0814,81.0,16.0,0.005480443,68.217639912144,6.729125977,0.0,-0.025501678,-0.32296443,2.14796443,6566.702057,809.065125,731.827576,0.0,0.004064
483,4,0,0,585823.0814,81.0,15.6,0.005444509,68.293359359144,5.715637207,0.0,-0.015531097,-0.226614237,2.051614237,6579.719564,812.159302,735.657898,0.0,0.004028
484,4,0,0,585823.0814,81.0,15.6,0.00540789,68.3555829291842,5.75958252,0.0,-0.027035614,-0.144811392,1.969811392,6595.169669,791.990601,735.630615,0.004267,0.004098
485,4,0,0,462363.6027,82.0,15.2,0.00538472,68.4379335650938,6.069946289,0.0,0.00690271,-0.102381945,1.927381945,6608.189925,0.0,0.0,0.0,0.0
486,4,0,0,462363.6027,82.0,15.2,0.005376911,68.5425248452816,6.026000977,0.0,-0.005560516,-0.070034266,1.895034266,6623.160953,606.48877,617.020691,0.004294,0.0
487,4,0,0,585823.0814,82.0,14.6,0.005386603,68.6234360231216,5.982055664,0.0,-0.004793549,-0.05583787,1.88083787,6636.956594,819.707214,728.068909,0.0,0.004156
488,4,0,0,2944640.7538,82.0,14.6,0.00540415,68.7047456413588,5.894165039,0.0,-0.001725677,-0.05177474,1.87677474,6652.072571,815.057922,723.491211,0.0,0.004258
489,4,0,0,-8605851.9793,82.0,13.7,0.005415682,68.7586518686912,5.627746582,0.0,-0.008628387,-0.060009718,1.885009718,6665.97195,626.053772,621.883728,0.004432,0.0
490,4,0,0,381883.4492,82.0,13.7,0.005420348,68.8077629870266,5.58380127,0.0,-0.010162323,-0.090956926,1.915956926,6681.152767,807.9953,752.049683,0.0,0.004175
491,4,0,0,585823.0814,82.0,13.3,0.005423488,68.8385498060672,5.23223877,0.0,0.0,-0.129897833,1.954897833,6694.450468,720.164917,675.282898,0.004519,0.004302
492,4,0,0,462363.6027,82.0,13.3,0.005438686,68.8622778989338,5.23223877,0.0,-0.007094452,-0.190543413,2.015543413,6710.30566,726.173096,694.912476,0.004458,0.00428
493,4,0,0,462363.6027,82.0,12.6,0.005465296,68.8281535662276,3.957824707,0.0,0.0,-0.228943586,2.053943586,6723.643877,710.121582,693.039185,0.004394,0.004277
494,4,0,0,585823.0814,82.0,12.6,0.005507932,68.721754643165,4.133605957,0.0,0.010737549,-0.268115759,2.093115759,6738.906185,670.699097,683.43927,0.004449,0.00429
495,4,0,0,381883.4492,82.0,11.9,0.005551934,68.7016154267786,5.58380127,0.0,0.008436646,-0.292346239,2.117346239,6752.910874,715.784912,693.550903,0.004415,0.004417
496,4,0,0,462363.6027,82.0,11.9,0.005593245,68.7423485785684,6.157836914,0.0,0.00690271,-0.298145056,2.123145056,6766.288303,708.277405,683.936401,0.004507,0.004459
497,4,0,0,1257229.0671,82.0,11.3,0.005618522,68.9602267087386,9.983825684,0.0,0.005368774,-0.28738904,2.11238904,6781.584948,843.653381,768.572571,0.004526,0.004489
498,4,0,0,585823.0814,82.0,11.3,0.005611436,69.2799005828628,6.333618164,0.0,0.009203613,-0.263918161,2.088918161,6795.611611,802.950073,740.985779,0.0,0.004307
499,4,0,0,325266.7187,82.0,10.5,0.005577556,69.341582207658,6.333618164,0.0,-0.000959,-0.219223738,2.044223738,6810.900944,799.409912,736.788879,0.0,0.004381
500,4,0,0,799232.7366,82.0,10.5,0.005542055,69.4408185216496,6.553344727,0.0,-0.000959,-0.193554163,2.018554163,6824.896375,711.775391,681.836121,0.004435,0.004447
501,4,0,0,799232.7366,82.0,9.7,0.005515763,69.5786416750466,8.973083496,0.0,-0.004793549,-0.171775579,1.996775579,6840.167124,711.645325,674.552002,0.004408,0.004422
502,4,0,0,283270.0697,82.0,9.7,0.005513805,69.883949180205,9.192810059,0.0,-0.008628387,-0.170113325,1.995113325,6853.553112,0.0,0.0,0.0,0.0
503,4,0,0,-72515.2645,82.0,9.1,0.005529577,70.3496185649934,10.027771,0.0,-0.008628387,-0.180577517,2.005577517,6869.567232,753.192627,912.245789,0.004034,0.00387
504,4,0,0,462363.6027,82.0,9.1,0.005545781,70.6821855860606,9.324645996,0.0,-0.008628387,-0.209448099,2.034448099,6883.046574,786.758911,709.322083,0.0,0.003816
505,4,0,0,462363.6027,82.0,8.5,0.005552502,71.1508340844966,11.21429443,0.0,-0.008628387,-0.263147593,2.088147593,6898.475254,625.499207,650.371399,0.003974,0.003777
506,4,0,0,381883.4492,82.0,8.5,0.005544451,71.5932344889336,11.21429443,0.0,-0.000959,-0.327358007,2.152358007,6912.650771,701.282593,681.9552,0.003657,0.003595
507,4,0,0,585823.0814,82.0,7.9,0.005526003,72.0677972314026,10.90667725,0.0,0.0,-0.410158396,2.235158396,6928.194069,0.0,0.0,0.0,0.0
508,4,0,0,325266.7187,82.0,7.9,0.005513166,72.4602065786724,10.027771,0.0,-0.008628387,-0.488137007,2.313137007,6941.882969,715.090515,670.67157,0.003782,0.00359
509,4,0,0,462363.6027,82.0,7.4,0.005512225,72.799130669767,9.324645996,0.0,0.023009033,-0.584869623,2.409869623,6958.274636,701.24408,676.173828,0.003788,0.003703
510,4,0,0,283270.0697,82.0,7.4,0.005523244,73.0755195582238,9.500427246,0.0,0.012271484,-0.666427851,2.491427851,6972.142648,699.097229,666.545288,0.003841,0.003666
511,4,0,0,-127148.815,83.0,6.7,0.005547173,73.4045174011324,9.544372559,0.0,0.02761084,-0.718017817,2.543017817,6988.105166,702.448914,677.316101,0.003826,0.003713
512,4,0,0,462363.6027,83.0,6.7,0.005576752,73.681455348117,9.280700684,0.0,0.018407227,-0.718106031,2.543106031,7002.83549,717.964722,665.078918,0.003789,0.003627
513,4,0,0,462363.6027,82.0,6.0,0.005606983,73.9160821371616,8.929138184,0.0,0.013038452,-0.674766779,2.499766779,7016.967805,711.240295,663.728271,0.003799,0.003639
514,4,0,0,462363.6027,83.0,6.0,0.005627125,74.1260918661104,7.256469727,0.0,0.009203613,-0.590439081,2.415439081,7033.87167,832.035522,707.1474,0.0,0.00369
515,4,0,0,462363.6027,82.0,5.7,0.005623347,74.1911373011868,3.782043457,0.0,-0.007094452,-0.498788118,2.323788118,7048.137677,730.289795,666.64801,0.004027,0.003686
516,4,0,0,462363.6027,82.0,5.7,0.005596744,74.1253505558262,5.58380127,0.0,-0.010162323,-0.402840376,2.227840376,7064.512725,859.425781,720.451111,0.0,0.003584
517,4,0,0,462363.6027,82.0,5.8,0.005561437,74.0722101490262,2.4609375,0.0,0.003834839,-0.344005823,2.169005823,7079.581317,0.0,0.0,0.0,0.0
518,4,0,0,462363.6027,82.0,5.8,0.005516519,73.526807591091,0.0,0.0,0.0,-0.280692339,2.105692339,7096.059443,821.283203,656.527893,0.003728,0.003379
519,4,0,0,462363.6027,82.0,6.1,0.005480386,73.0413424391656,0.0,0.0,0.0,-0.227786779,2.052786779,7110.476146,914.582581,647.002686,0.00382,0.003799
520,4,0,0,381883.4492,82.0,6.1,0.005444397,72.5056363156644,0.0,0.0,-0.000959,-0.166997671,1.991997671,7127.62708,0.0,0.0,0.0,0.0
521,4,0,0,462363.6027,83.0,6.4,0.005416665,72.2874141890692,5.58380127,0.0,-0.000959,-0.119256735,1.944256735,7141.959881,610.962219,659.932678,0.003673,0.0
522,4,0,0,381883.4492,83.0,6.4,0.005393501,72.184506262428,3.562316895,0.0,-0.005560516,-0.062071085,1.887071085,7158.213923,634.056519,488.968109,0.004847,0.0
523,4,0,0,462363.6027,83.0,6.9,0.005384194,72.1759122419874,5.806274414,0.0,-0.005560516,-0.016969919,1.841969919,7172.996164,198.7117,996.744019,0.007822,0.0
524,4,0,0,462363.6027,83.0,6.9,0.00538673,72.1809513430218,5.58380127,0.0,-0.007094452,0.019897223,1.805102777,7189.058827,922.884521,893.434387,0.0,0.003823
525,4,0,0,381883.4492,83.0,7.7,0.005398275,72.0603464378178,3.957824707,0.0,-0.007094452,0.041303873,1.783696127,7203.761422,522.9328,801.295105,0.00859,0.003466
526,4,0,0,462363.6027,83.0,7.7,0.005412817,71.9072175919772,1.669921875,0.0,-0.008628387,0.043539762,1.781460238,7219.800688,541.801086,826.781616,0.008592,0.003528
527,4,0,0,462363.6027,83.0,8.4,0.005416435,71.4801566117502,0.307617188,0.0,-0.005560516,0.027990103,1.797009897,7233.825814,689.115723,661.497803,0.00366,0.003514
528,4,0,0,462363.6027,83.0,8.4,0.005399251,71.0935651251408,0.0,0.0,-0.005560516,-0.008052588,1.833052588,7250.486547,707.575684,668.737,0.003706,0.003526
529,4,0,0,381883.4492,83.0,9.4,0.00536176,70.6248927923794,0.0,0.0,-0.005560516,-0.052181482,1.877181482,7264.409374,766.560303,726.366272,0.003723,0.003583
530,4,0,0,381883.4492,83.0,9.4,0.005310376,70.1763602553668,0.0,0.0,-0.008628387,-0.108846903,1.933846903,7278.258449,715.25592,669.614502,0.003698,0.003376
531,4,0,0,462363.6027,83.0,10.3,0.005253949,69.6627522690868,0.0,0.0,-0.008628387,-0.192755938,2.017755938,7294.620166,612.612122,678.513306,0.003677,0.003506
532,4,0,0,462363.6027,83.0,10.3,0.005222579,69.2213100656858,0.0,0.0,-0.004793549,-0.295149565,2.120149565,7308.255968,615.539673,643.191284,0.00378,0.0
533,4,0,0,462363.6027,83.0,11.3,0.005215425,68.9382456510024,4.52911377,0.0,0.019941162,-0.415906191,2.240906191,7323.719817,613.686707,642.143005,0.003769,0.0
534,4,0,0,462363.6027,83.0,11.3,0.005232182,69.0026203775404,7.783813477,0.0,-0.010162323,-0.515526056,2.340526056,7337.789913,746.237976,851.07428,0.00358,0.003317
535,4,0,0,462363.6027,83.0,12.3,0.005270208,69.2148057571418,7.608032227,0.0,0.050619873,-0.631571531,2.456571531,7353.113832,0.0,0.0,0.0,0.0
536,4,0,0,462363.6027,83.0,12.3,0.005311612,69.560971781676,13.23852539,0.0,0.019941162,-0.708828688,2.533828688,7367.200461,705.830505,681.508301,0.00365,0.003447
537,4,0,0,462363.6027,84.0,13.2,0.00535688,70.1775949249214,12.09594727,0.0,0.018407227,-0.750056982,2.575056982,7382.653826,599.679077,619.580811,0.003796,0.0
538,4,0,0,462363.6027,84.0,13.2,0.005388641,70.6921749847482,11.92016602,0.0,0.023009033,-0.753386259,2.578386259,7396.296386,657.961975,663.362305,0.003945,0.003722
539,4,0,0,462363.6027,84.0,13.9,0.005416389,71.231366681195,11.30218506,0.0,0.021475098,-0.723210096,2.548210096,7412.67942,784.317871,724.636902,0.0,0.003658
540,4,0,0,462363.6027,84.0,13.9,0.005438774,71.6510490467362,9.588317871,0.0,0.019941162,-0.648477316,2.473477316,7426.550794,820.776306,724.778076,0.0,0.003624
541,4,0,0,585823.0814,84.0,14.9,0.005466183,71.9618324599918,8.618774414,0.0,0.008436646,-0.516192198,2.341192198,7442.498899,773.959717,631.228271,0.003821,0.0
542,4,0,0,462363.6027,84.0,14.9,0.005486115,72.1785442049036,8.223266602,0.0,0.008436646,-0.379716635,2.204716635,7457.177136,798.004272,715.082092,0.003922,0.003775
543,4,0,0,799232.7366,84.0,15.5,0.005493406,72.3230609574154,6.597290039,0.0,-0.007094452,-0.20347476,2.02847476,7473.236135,0.0,0.0,0.0,0.0
544,4,0,0,325266.7187,84.0,15.5,0.005484242,72.3287405596764,5.58380127,0.0,-0.034705292,-0.051672697,1.876672697,7487.299589,606.978821,638.3125,0.003837,0.0
545,4,0,0,325266.7187,84.0,16.1,0.005463152,72.3271443036106,5.58380127,0.0,-0.033938324,0.047723532,1.777276468,7504.0411,0.0,0.0,0.0,0.0
546,4,0,0,462363.6027,84.0,16.1,0.005446199,72.330238839123,5.75958252,0.0,-0.015531097,0.0676682,1.7573318,7518.104673,708.491699,662.749817,0.003949,0.003689
547,4,0,0,462363.6027,84.0,16.6,0.005439433,72.3396679299962,5.627746582,0.0,-0.015531097,0.055229425,1.769770575,7532.839764,619.263916,601.721375,0.003696,0.0
548,4,0,0,462363.6027,84.0,16.6,0.005446321,72.331962603197,5.58380127,0.0,-0.003259613,-0.001524687,1.826524687,7548.912911,811.502319,742.965698,0.0,0.003566
549,4,0,0,462363.6027,84.0,16.7,0.005463706,72.3297245262458,5.495910645,0.0,0.001533936,-0.070255041,1.895255041,7562.975676,699.619995,684.744385,0.003514,0.003988
550,4,0,0,462363.6027,83.0,16.7,0.005496038,72.3058314438424,5.23223877,0.0,-0.005560516,-0.15406251,1.97906251,7579.708617,599.90332,658.344788,0.00365,0.0
551,4,0,0,462363.6027,83.0,16.8,0.005533722,72.2190866820902,4.045715332,0.0,0.00690271,-0.231127977,2.056127977,7593.741225,718.575195,667.109375,0.003686,0.003525
552,4,0,0,585823.0814,83.0,16.8,0.005578494,72.0835367053498,3.738098145,0.0,0.0,-0.319353819,2.144353819,7609.744577,0.0,0.0,0.0,0.0
553,4,0,0,462363.6027,83.0,16.9,0.005609969,71.922982155535,0.791015625,0.0,0.005368774,-0.397056818,2.222056818,7624.341023,0.0,0.0,0.0,0.0
554,4,0,0,462363.6027,84.0,16.9,0.005631887,71.3701553259382,0.0,24.76501465,0.003834839,-0.47912097,2.30412097,7640.139187,710.649719,696.438721,0.003666,0.003826
555,4,0,0,585823.0814,83.0,17.0,0.005634894,70.8992335220984,0.0,0.0,0.021475098,-0.535593271,2.360593271,7653.85778,703.811584,686.165405,0.003812,0.003711
556,4,0,0,381883.4492,83.0,17.0,0.005614428,70.37945893118,3.782043457,0.0,0.010737549,-0.560014486,2.385014486,7670.122721,749.724487,1025.64856,0.003565,0.003638
557,4,0,0,381883.4492,84.0,16.8,0.005579374,70.2240165142488,2.592773438,0.0,-0.016298065,-0.535192251,2.360192251,7683.775798,742.631104,891.998718,0.003783,0.003556
558,4,0,0,462363.6027,83.0,16.8,0.005535348,70.2292190598536,5.715637207,0.0,-0.005560516,-0.491705656,2.316705656,7699.392822,736.053711,702.154785,0.003595,0.003627
559,4,0,0,381883.4492,84.0,16.4,0.005504902,70.282643611724,6.597290039,0.0,0.013038452,-0.434446573,2.259446573,7713.734191,713.702515,681.400513,0.003653,0.003669
560,4,0,0,585823.0814,84.0,16.4,0.005486612,70.4160668778412,7.124633789,0.0,0.001533936,-0.347269773,2.172269773,7729.408499,685.466492,695.59491,0.003689,0.003729
561,4,0,0,462363.6027,83.0,15.9,0.005484776,70.5328008375432,6.421508789,0.0,-0.005560516,-0.265787363,2.090787363,7743.789662,797.819702,650.509277,0.003674,0.003571
562,4,0,0,462363.6027,83.0,15.9,0.005494258,70.6011481876844,5.671691895,0.0,-0.008628387,-0.189015627,2.014015627,7759.469832,801.716919,662.350281,0.00375,0.003546
563,4,0,0,462363.6027,83.0,15.5,0.005509872,70.6103059438336,5.58380127,0.0,-0.010929291,-0.137179613,1.962179613,7773.104932,768.609314,679.130005,0.003808,0.00366
564,4,0,0,462363.6027,83.0,15.5,0.005530992,70.3060207880036,0.0,2.352905273,0.0,-0.09925437,1.92425437,7787.284485,1003.10968,681.248596,0.0,0.003544
565,4,0,0,462363.6027,83.0,15.2,0.005557775,69.7738396179978,0.0,0.0,0.008436646,-0.075885534,1.900885534,7802.631698,529.999573,405.726501,0.005427,0.0
566,4,0,0,462363.6027,83.0,15.2,0.005577694,69.2983446653338,0.0,0.0,-0.027035614,-0.050676584,1.875676584,7815.957379,619.596619,656.56189,0.003518,0.0
567,4,0,0,462363.6027,83.0,15.2,0.005594149,68.7738406264904,0.0,0.0,0.0,-0.058429956,1.883429956,7831.696947,0.0,0.0,0.0,0.0
568,4,0,0,462363.6027,83.0,15.2,0.005603906,68.32206821447,0.0,0.0,0.001533936,-0.100359201,1.925359201,7844.814542,0.0,0.0,0.0,0.0
569,4,0,0,462363.6027,83.0,15.5,0.005611662,67.7894922411754,0.0,0.0,-0.005560516,-0.143215418,1.968215418,7859.691187,208.747192,911.317383,0.00845,0.0
570,4,0,0,462363.6027,83.0,15.5,0.005619206,67.3436689314924,0.0,0.0,0.0,-0.180104494,2.005104494,7873.221319,708.503479,662.91803,0.00341,0.003413
571,4,0,0,462363.6027,84.0,15.7,0.005635583,66.819532948707,0.0,0.0,0.00690271,-0.220417261,2.045417261,7887.910704,0.0,0.0,0.0,0.0
572,4,0,0,462363.6027,84.0,15.7,0.005659638,66.3633949927224,0.0,0.0,-0.005560516,-0.236020803,2.061020803,7901.390558,720.541077,672.44928,0.003844,0.003773
573,4,0,0,462363.6027,83.0,15.6,0.005695261,66.0973748726714,5.58380127,0.0,0.001533936,-0.256358862,2.081358862,7916.11401,710.772705,672.399475,0.004028,0.003806
574,4,0,0,381883.4492,83.0,15.6,0.00572871,66.1718654437408,5.58380127,0.0,0.043717163,-0.279378176,2.104378176,7929.030996,707.058899,675.212219,0.003864,0.00383
575,4,0,0,462363.6027,83.0,15.3,0.005760566,66.2542229193454,5.58380127,0.0,0.013038452,-0.238970995,2.063970995,7944.463059,833.858093,609.133728,0.004144,0.004047
576,4,0,0,462363.6027,82.0,15.3,0.005773035,66.3920900560046,7.695922852,0.0,0.013038452,-0.128942251,1.953942251,7957.507283,716.235229,427.844604,0.00441,0.004382
577,4,0,0,462363.6027,82.0,15.3,0.005761555,66.6304904093878,7.080688477,0.0,-0.027035614,0.01409173,1.81090827,7972.543073,910.267273,665.157593,0.003904,0.003925
578,4,0,0,462363.6027,82.0,15.3,0.005733216,66.8971929861592,10.90667725,0.0,-0.02166684,0.113543749,1.711456251,7986.446623,1050.716187,653.310181,0.004298,0.004276
579,4,0,0,462363.6027,82.0,15.5,0.00569638,67.46921859822,11.39007568,0.0,-0.010929291,0.169154882,1.655845118,8001.742652,0.0,0.0,0.0,0.0
580,4,0,0,462363.6027,83.0,15.5,0.00566998,67.973584708149,11.21429443,0.0,0.030678711,0.19114852,1.63385148,8015.234811,705.281311,646.151306,0.004113,0.004062
581,4,0,0,462363.6027,83.0,15.8,0.005654059,68.482938967408,11.21429443,0.0,-0.019365936,0.243970633,1.581029367,8029.475421,0.0,0.0,0.0,0.0
582,4,0,0,462363.6027,83.0,15.8,0.005654562,69.054181844773,11.17034912,0.0,-0.015531097,0.34497571,1.48002429,8045.130018,703.828186,660.422913,0.003966,0.003853
583,4,0,0,585823.0814,83.0,16.3,0.005670025,69.5444843991506,11.21429443,0.0,-0.030103485,0.422272921,1.402727079,8059.588536,720.206909,677.333618,0.003877,0.00375
584,4,0,0,462363.6027,83.0,16.3,0.005695788,70.0936113882742,11.21429443,0.0,-0.072286713,0.407883406,1.417116594,8075.456442,712.456787,663.308411,0.003929,0.003783
585,4,0,0,585823.0814,84.0,16.5,0.005714818,70.5638853844838,11.21429443,0.0,-0.005560516,0.247492552,1.577507448,8089.398459,695.908325,671.361694,0.003902,0.003821
586,4,0,0,462363.6027,84.0,16.5,0.005723388,71.0938358965958,11.21429443,0.0,-0.010929291,0.004089117,1.820910883,8106.063715,693.541077,677.622986,0.003879,0.00371
587,4,0,0,585823.0814,83.0,16.3,0.005722014,71.44280539141,8.929138184,0.0,0.025309937,-0.220053434,2.045053434,8120.120112,709.49292,677.419312,0.003876,0.003871
588,4,0,0,381883.4492,84.0,16.3,0.005721084,71.733916007198,8.574829102,0.0,0.039882324,-0.469357252,2.294357252,8136.256018,709.165894,686.037415,0.003845,0.003852
589,4,0,0,462363.6027,83.0,15.9,0.005727326,71.9830878502286,8.753356934,0.0,0.051386841,-0.601741552,2.426741552,8151.115163,714.001709,683.937073,0.003777,0.003787
590,4,0,0,462363.6027,83.0,15.9,0.005740061,72.2739645967278,8.973083496,0.0,0.018407227,-0.617180586,2.442180586,8167.395321,696.046021,686.359314,0.00378,0.003815
591,4,0,0,462363.6027,83.0,15.8,0.005746534,72.548967376736,9.412536621,0.0,-0.020132904,-0.547353983,2.372353983,8181.691714,706.871094,705.598389,0.003799,0.003767
592,4,0,0,462363.6027,83.0,15.8,0.005741842,72.8710552447668,9.368591309,0.0,-0.010162323,-0.488243818,2.313243818,8198.694901,722.894409,690.092102,0.003945,0.004003
593,4,0,0,462363.6027,83.0,15.7,0.005732358,73.1536264450204,9.236755371,0.0,-0.007094452,-0.472384691,2.297384691,8212.950449,0.0,0.0,0.0,0.0
594,4,0,0,462363.6027,83.0,15.7,0.005722861,73.4466100911674,8.929138184,0.0,0.019941162,-0.472470999,2.297470999,8229.284354,604.613525,634.113892,0.003916,0.0
595,4,0,0,462363.6027,83.0,15.7,0.005711983,73.6010729028406,5.23223877,0.0,0.023009033,-0.459045649,2.284045649,8244.291359,678.948792,682.130981,0.003741,0.003698
596,4,0,0,462363.6027,83.0,15.7,0.005686002,73.2518088666196,5.806274414,0.0,0.023009033,-0.382585287,2.207585287,8260.687961,659.839722,679.148071,0.003805,0.003657
597,4,0,0,462363.6027,83.0,15.3,0.005649745,73.3899568652956,7.783813477,0.0,-0.024734711,-0.262818098,2.087818098,8275.733679,0.0,0.0,0.0,0.0
598,4,0,0,462363.6027,83.0,15.3,0.00560711,73.5553336575798,7.651977539,0.0,0.005368774,-0.154536009,1.979536009,8290.100371,717.042908,674.546814,0.00362,0.003396
599,4,0,0,462363.6027,83.0,15.0,0.0055569,73.7102197417664,7.036743164,0.0,-0.000959,-0.039742708,1.864742708,8306.515715,0.0,0.0,0.0,0.0
600,4,0,0,462363.6027,83.0,15.0,0.005513803,73.8033483851504,6.817016602,0.0,-0.016298065,0.054807425,1.770192575,8321.555895,799.497314,640.536499,0.003509,0.003728
601,4,0,0,585823.0814,83.0,14.4,0.005468699,73.8698267121892,6.465454102,0.0,-0.003259613,0.143425703,1.681574297,8337.875457,0.0,0.0,0.0,0.0
602,4,0,0,462363.6027,83.0,14.4,0.005438223,73.8894108189294,5.715637207,0.0,-0.000959,0.202230215,1.622769785,8352.141112,751.550598,945.987488,0.003695,0.003717
603,4,0,0,462363.6027,84.0,13.9,0.005420537,73.8724850843748,5.58380127,0.0,-0.039307098,0.249124289,1.575875711,8369.171319,746.18689,881.986816,0.003556,0.00343
604,4,0,0,462363.6027,84.0,13.9,0.005422525,73.85289584384,5.627746582,0.0,-0.053879486,0.232373476,1.592626524,8383.513876,705.957275,675.900024,0.003415,0.003262
605,4,0,0,585823.0814,84.0,13.4,0.005447815,73.55254552431,0.0,0.0,-0.024734711,0.069805384,1.755194616,8399.952833,0.0,0.0,0.003252,0.003529
606,4,0,0,462363.6027,84.0,13.4,0.005492003,73.3192278207016,7.783813477,0.0,-0.005560516,-0.161099195,1.986099195,8415.051983,712.614929,677.519287,0.003826,0.003662
607,4,0,0,381883.4492,84.0,12.9,0.005557045,73.5226339770152,7.915649414,0.0,0.04141626,-0.459123373,2.284123373,8431.521512,821.497986,669.406982,0.003766,0.003618
608,4,0,0,585823.0814,84.0,12.9,0.00560989,73.6820412927176,7.783813477,0.0,0.050619873,-0.670665026,2.495665026,8446.614579,707.413574,665.963318,0.00371,0.003583
609,4,0,0,462363.6027,84.0,12.6,0.005649703,73.8695128747958,8.885192871,0.0,0.102006714,-0.753736258,2.578736258,8463.077261,709.430481,669.588623,0.003815,0.003875
610,4,0,0,585823.0814,84.0,12.6,0.005660454,74.0728815013006,8.047485352,0.0,0.036047485,-0.620065928,2.445065928,8477.479557,0.0,0.0,0.0,0.0
611,4,0,0,462363.6027,84.0,12.2,0.005646544,74.1466877649086,5.58380127,0.0,-0.025501678,-0.298429728,2.123429728,8494.622755,705.659302,713.199829,0.003824,0.003634
612,4,0,0,381883.4492,84.0,12.2,0.005617047,74.1163207261136,5.58380127,0.0,-0.053879486,-0.032604456,1.857604456,8509.01985,782.645203,716.190125,0.0,0.00366
613,4,0,0,381883.4492,84.0,12.2,0.005573063,74.0926169664678,5.75958252,0.0,-0.046976776,0.116199732,1.708800268,8525.468639,710.795288,664.745972,0.003703,0.003675
614,4,0,0,381883.4492,84.0,12.2,0.00553227,74.0844527363676,5.75958252,0.0,-0.069218842,0.108533144,1.716466856,8540.541189,0.0,0.0,0.0,0.0
615,4,0,0,462363.6027,84.0,12.5,0.005491517,74.0778907007978,5.806274414,0.0,0.001533936,-0.038961172,1.863961172,8554.922869,626.087097,630.964478,0.003791,0.0
616,4,0,0,462363.6027,84.0,12.5,0.005448212,74.0665217114886,5.671691895,0.0,0.02761084,-0.244804621,2.069804621,8571.3287,630.341614,639.107422,0.003673,0.003659
617,4,0,0,462363.6027,83.0,12.7,0.005420328,74.0488945943752,5.58380127,0.0,0.026843872,-0.393676996,2.218676996,8586.278569,0.0,0.0,0.003623,0.003633
618,4,0,0,462363.6027,83.0,12.7,0.00540702,74.0230710603616,5.58380127,0.0,0.023776001,-0.482650518,2.307650518,8602.470405,615.871887,720.113403,0.003395,0.0
619,4,0,0,462363.6027,83.0,12.6,0.005409395,73.998997764065,5.58380127,0.0,0.023776001,-0.480207205,2.305207205,8617.305227,0.0,0.0,0.003518,0.00372
620,4,0,0,462363.6027,83.0,12.6,0.005420568,73.970129342678,5.58380127,0.0,0.019941162,-0.401430845,2.226430845,8633.525068,813.2771,725.400513,0.0,0.003497
621,4,0,0,381883.4492,83.0,12.9,0.005433097,73.8611830436096,3.47442627,0.0,0.019941162,-0.266315222,2.091315222,8647.739393,831.94281,730.605713,0.0,0.003635
622,4,0,0,381883.4492,83.0,12.9,0.005445992,73.460386186408,0.0,0.0,-0.010929291,-0.059502363,1.884502363,8664.683485,725.804199,673.920471,0.003995,0.003726
623,4,0,0,462363.6027,83.0,12.8,0.005456649,72.9718438476554,0.0,0.0,-0.074587616,0.133930445,1.691069555,8678.933782,0.0,0.0,0.003926,0.003823
624,4,0,0,462363.6027,83.0,12.8,0.005471291,72.7896244110408,8.530883789,0.0,-0.116770844,0.182505846,1.642494154,8695.24084,712.230103,727.701721,0.004312,0.00392
625,4,0,0,462363.6027,83.0,12.7,0.005485839,72.9710138788306,7.080688477,0.0,0.0690271,-0.095467806,1.920467806,8710.209052,0.0,0.0,0.0,0.0
626,4,0,0,381883.4492,83.0,12.7,0.005501668,73.074586993974,6.773071289,0.0,0.037581421,-0.393971205,2.218971205,8726.559088,710.193726,675.987183,0.00434,0.003992
627,4,0,0,585823.0814,83.0,12.9,0.005510568,73.1659457817864,6.729125977,0.0,0.087434326,-0.48246026,2.30746026,8740.883749,712.633484,670.320984,0.004275,0.003991
628,4,0,0,585823.0814,83.0,12.9,0.005509631,73.2557422867004,6.685180664,0.0,-0.023200775,-0.34637475,2.17137475,8757.959357,713.360901,671.850281,0.004277,0.003952
629,4,0,0,462363.6027,83.0,13.4,0.005498342,73.3330410756028,6.773071289,0.0,-0.072286713,-0.215904951,2.040904951,8772.320417,0.0,0.0,0.0,0.0
630,4,0,0,462363.6027,83.0,13.4,0.005478712,73.4329543906522,6.817016602,0.0,0.009203613,-0.192400217,2.017400217,8788.748082,718.375305,701.816589,0.003857,0.0042
631,4,0,0,799232.7366,83.0,13.6,0.00546119,73.517707819462,6.773071289,0.0,0.014572388,-0.169652224,1.994652224,8803.818829,823.418884,679.731812,0.004189,0.004004
632,4,0,0,-302407.161,83.0,13.6,0.005447353,73.6031720937498,6.773071289,0.0,0.005368774,-0.130654573,1.955654573,8818.212561,0.0,0.0,0.003419,0.004011
633,4,0,0,381883.4492,83.0,13.7,0.005439406,73.6997821257954,6.817016602,0.0,-0.012463226,-0.067783117,1.892783117,8835.346031,0.0,0.0,0.0,0.0
634,4,0,0,799232.7366,83.0,13.7,0.005442075,73.7837782474814,6.817016602,0.0,-0.005560516,-0.009674788,1.834674788,8849.733266,935.362671,577.838684,0.0,0.004036
635,4,0,0,-972951.9362,83.0,13.6,0.005461913,73.8669651286418,6.641235352,0.0,-0.023200775,0.029503107,1.795496893,8866.170709,0.0,0.0,0.002696,0.004036
636,4,0,0,462363.6027,83.0,13.6,0.005497471,73.9234400074548,6.509399414,0.0,0.0,0.030678034,1.794321966,8881.23572,0.0,0.0,0.0,0.0
637,4,0,0,462363.6027,83.0,13.7,0.005550804,73.9823064620682,6.421508789,0.0,0.008436646,0.002775908,1.822224092,8897.667192,0.0,0.0,0.0,0.0
638,4,0,0,462363.6027,83.0,13.7,0.005594425,74.0230452948282,6.289672852,0.0,0.0,-0.013453245,1.838453245,8912.039913,718.619324,679.625305,0.003893,0.003802
639,4,0,0,462363.6027,83.0,14.1,0.005633323,74.0230518770288,5.58380127,0.0,-0.004793549,-0.026942492,1.851942492,8929.142783,717.073914,652.124084,0.003776,0.00355
640,4,0,0,585823.0814,83.0,14.1,0.005659067,74.001617125849,5.58380127,0.0,0.0,-0.042288065,1.867288065,8943.50292,717.705994,662.791321,0.003691,0.00363
641,4,0,0,462363.6027,83.0,14.2,0.005678361,73.975138815763,5.715637207,0.0,-0.015531097,-0.062994242,1.887994242,8959.904168,662.765015,658.748108,0.003916,0.003693
642,4,0,0,462363.6027,83.0,14.2,0.0056872,73.9586466695912,5.806274414,0.0,0.021475098,-0.102409601,1.927409601,8974.931569,633.53418,659.865479,0.003867,0.003628
643,4,0,0,462363.6027,83.0,14.3,0.005693424,73.9539825608702,5.58380127,0.0,0.008436646,-0.119734049,1.944734049,8991.328081,537.079285,682.680115,0.003834,0.003823
644,4,0,0,462363.6027,83.0,14.3,0.005697228,73.9329770689486,5.58380127,0.0,0.001533936,-0.064075232,1.889075232,9006.35935,0.0,0.0,0.003566,0.0
645,4,0,0,462363.6027,83.0,14.4,0.005693251,73.905221280864,5.276184082,0.0,-0.010162323,0.007974386,1.817025614,9022.765411,0.0,0.0,0.0,0.00393
646,4,0,0,585823.0814,84.0,14.4,0.005676179,73.8777284267486,5.364074707,0.0,-0.025501678,0.054461718,1.770538282,9037.145057,827.274109,753.822876,0.0,0.003821
647,4,0,0,585823.0814,84.0,14.1,0.005642351,73.8450938278936,5.40802002,0.0,-0.025501678,0.042237997,1.782762003,9054.305325,721.539917,674.616394,0.003537,0.003424
648,4,0,0,462363.6027,84.0,14.1,0.005607761,73.8031584347502,5.144348145,0.0,-0.024734711,-0.048098326,1.873098326,9068.749216,727.975525,672.234802,0.003716,0.00349
649,4,0,0,462363.6027,84.0,13.6,0.005576741,73.7756420198972,6.113891602,0.0,-0.015531097,-0.200359583,2.025359583,9083.22122,870.439209,507.177094,0.0,0.004009
650,4,0,0,462363.6027,84.0,13.6,0.005555478,73.7974874424582,5.982055664,0.0,-0.003259613,-0.421562433,2.246562433,9100.486269,0.0,0.0,0.0,0.0
651,4,0,0,462363.6027,84.0,13.2,0.005555828,73.799952259322,5.806274414,0.0,0.017640259,-0.639842272,2.464842272,9115.019094,706.157288,701.6604,0.003926,0.003899
652,4,0,0,462363.6027,83.0,13.2,0.005577093,73.818815333462,6.948852539,0.0,0.045251099,-0.837402105,2.662402105,9131.657368,742.008423,885.162598,0.003785,0.003717
653,4,0,0,462363.6027,83.0,12.4,0.005603364,73.932201785497,7.388305664,0.0,0.043717163,-0.880212545,2.705212545,9146.929429,629.762207,666.429871,0.003866,0.00386
654,4,0,0,585823.0814,83.0,12.4,0.005621582,74.1144556458942,8.530883789,0.0,0.036047485,-0.796388865,2.621388865,9163.618234,621.046204,663.049316,0.003886,0.003782
655,4,0,0,585823.0814,83.0,11.8,0.005613323,74.2546501778746,7.827758789,0.0,0.032212646,-0.613623381,2.438623381,9178.957063,657.687317,657.918701,0.003724,0.003458
656,4,0,0,462363.6027,83.0,11.8,0.00557633,74.423773320558,7.608032227,0.0,0.001533936,-0.326629877,2.151629877,9195.727798,792.855286,664.678711,0.003873,0.003736
657,4,0,0,462363.6027,84.0,11.2,0.005535871,74.5623771165088,7.608032227,0.0,-0.032404388,-0.05520463,1.88020463,9210.429121,629.338989,612.823425,0.003839,0.0
658,4,0,0,462363.6027,84.0,11.2,0.005503064,74.7114707515136,7.520141602,0.0,-0.032404388,0.170386553,1.654613447,9227.959707,811.203613,731.210083,0.0,0.003656
659,4,0,0,462363.6027,84.0,10.4,0.005491273,74.8385817033488,7.300415039,0.0,-0.019365936,0.28272891,1.54227109,9242.700263,0.0,0.0,0.003591,0.00363
660,4,0,0,462363.6027,84.0,10.4,0.005490338,74.9441784830752,6.948852539,0.0,-0.02166684,0.31234622,1.51265378,9259.546245,0.0,0.0,0.003538,0.003725
661,4,0,0,462363.6027,84.0,10.0,0.005494604,75.0343163933768,7.256469727,0.0,-0.019365936,0.277947187,1.547052813,9274.98891,526.999878,395.540405,0.005698,0.0
662,4,0,0,462363.6027,84.0,10.0,0.00550419,75.2346603940988,8.311157227,0.0,-0.005560516,0.182122469,1.642877531,9291.844045,0.0,0.0,0.0,0.0
663,4,0,0,462363.6027,84.0,9.6,0.005517824,75.400070097386,7.827758789,0.0,-0.000959,0.083058119,1.741941881,9306.599695,724.245178,681.276672,0.003573,0.003484
664,4,0,0,462363.6027,84.0,9.6,0.00553574,75.5560845220334,7.651977539,0.0,0.001533936,-0.044209242,1.869209242,9324.174801,735.885315,677.077271,0.003698,0.003426
665,4,0,0,381883.4492,84.0,9.2,0.005547671,75.6718213668582,7.432250977,0.0,0.013038452,-0.154167891,1.979167891,9338.943574,715.013977,668.338074,0.003514,0.003354
666,4,0,0,462363.6027,84.0,9.2,0.005552991,75.786160017091,7.344360352,0.0,0.001533936,-0.242775679,2.067775679,9354.419481,709.610596,686.894897,0.003766,0.003698
667,4,0,0,381883.4492,84.0,8.9,0.005552797,75.8180470453292,6.245727539,0.0,-0.008628387,-0.325354338,2.150354338,9371.295946,609.785278,682.145203,0.003402,0.003666
668,4,0,0,148791.8105,84.0,8.9,0.005550482,75.8044586635062,6.026000977,0.0,-0.010929291,-0.418896437,2.243896437,9386.05336,0.0,0.0,0.0,0.0
669,4,0,0,462363.6027,84.0,8.9,0.0055461,75.827885697139,6.597290039,0.0,0.009203613,-0.545895338,2.370895338,9403.582697,814.149292,718.996521,0.0,0.003561
670,4,0,0,585823.0814,84.0,8.9,0.005541625,75.8606366190892,6.509399414,0.0,0.029144775,-0.644372702,2.469372702,9418.201964,784.918274,761.113708,0.0,0.003688
671,4,0,0,381883.4492,84.0,8.9,0.005537396,75.8996481311338,6.597290039,0.0,0.001533936,-0.683687449,2.508687449,9434.846839,820.401184,742.143616,0.0,0.003665
672,4,0,0,585823.0814,84.0,8.9,0.00553287,75.9327692334708,6.465454102,0.0,0.04141626,-0.674369574,2.499369574,9450.145386,0.0,0.0,0.0,0.0
673,4,0,0,585823.0814,84.0,8.9,0.005525751,75.9643053612154,6.465454102,0.0,0.032979614,-0.577557802,2.402557802,9466.904692,792.562317,749.049011,0.0,0.003509
674,4,0,0,799232.7366,84.0,8.9,0.005520803,75.9883485306672,6.289672852,0.0,0.017640259,-0.389502764,2.214502764,9481.629704,0.0,0.0,0.0,0.0
675,4,0,0,325266.7187,83.0,8.9,0.005518091,75.950787613325,5.58380127,0.0,-0.008628387,-0.082597494,1.907597494,9499.239677,790.585205,738.226013,0.005655,0.003535
676,4,0,0,462363.6027,83.0,8.9,0.005516964,75.905987691542,5.58380127,0.0,-0.008628387,0.15712285,1.66787715,9514.104931,790.135986,700.507202,0.006535,0.003631
677,4,0,0,462363.6027,83.0,8.9,0.005516541,75.7501288417924,0.0,0.0,-0.003259613,0.408735514,1.416264486,9531.150999,591.702271,749.873596,0.008029,0.003907
678,4,0,0,585823.0814,83.0,8.9,0.005516677,75.2095998481792,0.0,0.0,-0.020132904,0.625402212,1.199597788,9546.787935,810.255676,714.50647,0.005634,0.004271
679,4,0,0,462363.6027,83.0,8.9,0.005517775,74.8796871759476,7.124633789,0.0,-0.167390717,0.760523558,1.064476442,9563.883991,775.369995,728.568909,0.008159,0.004188
680,4,0,0,462363.6027,83.0,8.9,0.005519873,75.0985290754702,9.368591309,0.0,-0.020132904,0.508836508,1.316163492,9579.607304,658.167908,578.787109,0.006234,0.004235
681,4,0,0,462363.6027,83.0,8.6,0.00552391,75.3969173037656,9.588317871,0.0,0.098171875,0.011681318,1.813318682,9596.827189,755.150085,1006.700195,0.004478,0.004228
682,4,0,0,462363.6027,83.0,8.6,0.005531548,75.6648143970586,9.500427246,0.0,0.085133423,-0.230859518,2.055859518,9611.952747,762.684998,888.036987,0.004266,0.004077
683,4,0,0,462363.6027,82.0,8.4,0.005547838,75.9516306821774,10.51116943,0.0,0.039882324,-0.232601881,2.057601881,9627.846696,714.677185,694.778381,0.004216,0.004084
684,4,0,0,462363.6027,83.0,8.4,0.00558171,76.3412083957172,11.12640381,0.0,-0.000959,-0.045694113,1.870694113,9645.232411,713.84137,692.955078,0.00421,0.004024
685,4,0,0,462363.6027,83.0,8.4,0.005622852,76.6636215435488,10.20355225,0.0,-0.005560516,0.141401052,1.683598948,9660.480201,716.900391,702.206299,0.003849,0.003971
686,4,0,0,462363.6027,83.0,8.4,0.00567251,76.7375618168986,6.860961914,0.0,-0.109101166,0.342938185,1.482061815,9678.658155,735.274109,679.775391,0.004032,0.004136
687,4,0,0,462363.6027,83.0,8.5,0.005712225,76.832490925501,8.929138184,0.0,-0.036239227,0.363226175,1.461773825,9693.945248,714.629517,698.14801,0.003825,0.00417
688,4,0,0,462363.6027,83.0,8.5,0.005755332,77.0874085951336,9.412536621,0.0,-0.034705292,0.140414953,1.684585047,9711.429984,800.012085,736.289673,0.0,0.003958
689,4,0,0,585823.0814,83.0,8.2,0.005791798,77.3426428702244,9.676208496,0.0,0.032979614,-0.191324472,2.016324472,9727.467173,820.414673,720.891724,0.0,0.004172
690,4,0,0,462363.6027,83.0,8.2,0.00582538,77.6580515910136,9.808044434,0.0,0.072861938,-0.552323103,2.377323103,9744.979543,0.0,0.0,0.003858,0.00402
691,4,0,0,462363.6027,83.0,8.0,0.00584142,77.9069513590238,9.412536621,0.0,0.056755615,-0.674280882,2.499280882,9761.040388,704.983398,712.728516,0.003852,0.003884
692,4,0,0,462363.6027,83.0,8.0,0.00584411,78.144316504452,8.841247559,0.0,0.0,-0.55647254,2.38147254,9778.56402,813.088806,736.291321,0.0,0.003924
693,4,0,0,462363.6027,83.0,8.1,0.005840572,78.3304097833806,8.753356934,0.0,0.0,-0.409449339,2.234449339,9793.899837,821.924927,738.029724,0.0,0.003831
694,4,0,0,462363.6027,83.0,8.1,0.005839549,78.4865928507666,7.564086914,0.0,0.0,-0.242316008,2.067316008,9812.175146,724.71051,690.017273,0.003856,0.003898
695,4,0,0,462363.6027,83.0,8.2,0.005841489,78.5744657115786,7.520141602,0.0,0.00690271,-0.098023176,1.923023176,9827.532462,792.108887,740.871399,0.003613,0.003815
696,4,0,0,462363.6027,84.0,8.2,0.005845089,78.6647232763092,7.476196289,0.0,-0.008628387,0.065372705,1.759627295,9845.083177,719.536316,691.846924,0.003699,0.004006
697,4,0,0,462363.6027,84.0,8.0,0.005850671,78.692507517525,7.124633789,0.0,-0.008628387,0.194525003,1.630474997,9861.176593,0.0,0.0,0.0,0.0
698,4,0,0,462363.6027,84.0,8.0,0.00586486,78.76440840304,7.520141602,0.0,-0.007094452,0.32294631,1.50205369,9878.743077,707.047485,654.442383,0.003828,0.003569
699,4,0,0,462363.6027,84.0,7.8,0.00588775,78.8311992960936,6.817016602,0.0,-0.016298065,0.415108919,1.409891081,9894.13512,709.36731,663.588013,0.003804,0.003745
700,4,0,0,585823.0814,84.0,7.8,0.005914809,78.8537326793178,6.860961914,0.0,-0.020132904,0.476216078,1.348783922,9910.29052,700.662903,686.604675,0.003926,0.004101
701,4,0,0,462363.6027,84.0,7.6,0.005935023,78.8497221396642,6.245727539,0.0,-0.017832001,0.485922098,1.339077902,9927.954226,702.579529,668.414978,0.004261,0.004203
702,4,0,0,799232.7366,84.0,7.6,0.005927688,78.8883067259936,7.783813477,0.0,0.001533936,0.440027475,1.384972525,9944.178139,0.0,0.0,0.0,0.0
703,4,0,0,381883.4492,84.0,7.5,0.005875384,78.966832153844,7.080688477,0.0,-0.008628387,0.351501703,1.473498297,9961.903401,685.967712,678.993591,0.004098,0.004205
704,4,0,0,462363.6027,84.0,7.5,0.005800611,78.9869836977748,6.685180664,0.0,0.065959229,0.244287729,1.580712271,9977.42972,719.219482,669.968201,0.004303,0.004164
705,4,0,0,462363.6027,84.0,7.0,0.005717798,78.9798806181904,6.817016602,0.0,0.001533936,0.256086588,1.568913412,9995.921577,667.038086,686.585876,0.004151,0.004087
706,4,0,0,462363.6027,84.0,7.0,0.005667721,79.0108987154824,7.080688477,0.0,-0.041608002,0.362125158,1.462874842,10011.45171,652.831726,685.634094,0.00416,0.004397
707,4,0,0,799232.7366,84.0,6.9,0.005633847,79.0531885496674,7.388305664,0.0,-0.036239227,0.337732553,1.487267447,10029.18765,715.336792,701.314514,0.003796,0.004139
708,4,0,0,462363.6027,84.0,6.9,0.005613232,79.1685055015928,8.442993164,0.0,-0.040074066,0.200925112,1.624074888,10045.422,607.33551,677.806885,0.00391,0.0
709,4,0,0,462363.6027,84.0,6.8,0.005591146,79.34191282001,8.885192871,0.0,-0.015531097,-0.089751959,1.914751959,10063.10675,0.0,0.0,0.003656,0.003948
710,4,0,0,585823.0814,84.0,6.8,0.005574415,79.4944189317376,8.574829102,0.0,0.080531616,-0.386960745,2.211960745,10078.61718,437.096405,675.957581,0.002741,0.0
711,4,0,0,462363.6027,85.0,7.0,0.005563482,79.6509344404874,8.091430664,0.0,0.065192261,-0.569386721,2.394386721,10097.12934,0.0,0.0,0.0,0.0
712,4,0,0,799232.7366,85.0,7.0,0.005561991,79.7591199079774,8.091430664,0.0,-0.025501678,-0.499860048,2.324860048,10112.60398,803.743896,810.408997,0.0,0.003875
713,4,0,0,462363.6027,85.0,6.9,0.005565219,79.8529728509218,7.344360352,0.0,-0.02856955,-0.43036437,2.25536437,10130.14906,0.0,0.0,0.0,0.0
714,4,0,0,462363.6027,85.0,6.9,0.005566086,79.8933309782114,6.860961914,0.0,-0.010929291,-0.472210169,2.297210169,10146.0968,609.964783,760.154785,0.003295,0.004187
715,4,0,0,325266.7187,84.0,6.9,0.005558334,79.8752818438698,6.948852539,0.0,0.119646973,-0.493947268,2.318947268,10163.35997,731.867676,706.773315,0.004316,0.00437
716,4,0,0,462363.6027,84.0,6.9,0.005542269,79.8742562919548,5.894165039,0.0,0.051386841,-0.175097227,2.000097227,10179.05699,620.042725,704.633301,0.002996,0.004526
717,4,0,0,462363.6027,84.0,7.1,0.005519418,79.7844257012196,4.617004395,0.0,-0.165089813,0.405242682,1.419757318,10193.92961,751.410889,944.127808,0.004365,0.004425
718,4,0,0,381883.4492,84.0,7.1,0.005488856,79.5544142418006,8.530883789,0.0,-0.160488007,0.687655687,1.137344313,10210.79531,627.754517,692.906494,0.004204,0.0
719,4,0,0,462363.6027,83.0,7.3,0.005463682,79.7692288323468,9.939880371,0.0,0.071328003,0.26197648,1.56302352,10226.13297,624.259705,706.637695,0.004188,0.0
720,4,0,0,462363.6027,83.0,7.3,0.005444263,80.008018967878,9.104919434,0.0,-0.024734711,-0.225628614,2.050628614,10242.80889,774.0448,704.903198,0.004342,0.004571
721,4,0,0,462363.6027,83.0,7.7,0.00543603,79.7437704414858,0.0,23.73962402,0.157995361,-0.672527075,2.497527075,10257.4173,618.446289,691.220703,0.00438,0.0
722,4,0,0,462363.6027,83.0,7.7,0.00543119,79.0269065468746,0.0,19.05212402,0.145723877,-0.928057909,2.753057909,10274.8179,618.401794,689.201294,0.004044,0.0
723,4,0,0,462363.6027,81.0,8.1,0.005428302,78.4484407101886,0.0,260.1654053,-0.0868591,-0.608923674,2.433923674,10289.44249,624.199524,687.29187,0.004251,0.0
724,4,0,0,462363.6027,81.0,8.1,0.005431211,77.759675554016,0.0,44.24743652,-0.10756723,-0.18793273,2.01293273,10306.16342,593.852905,707.884277,0.00394,0.0
725,4,0,0,462363.6027,81.0,8.5,0.005445414,77.1954799926044,0.0,8.065795898,-0.025501678,-0.227021456,2.052021456,10321.49417,0.0,0.0,0.0,0.0
726,4,0,0,381883.4492,82.0,8.5,0.005472961,76.531301576562,0.0,1.620483398,0.078230713,-0.477915525,2.302915525,10338.21675,824.553589,791.543701,0.0,0.003664
727,4,0,0,462363.6027,82.0,8.6,0.005497004,75.9614427637838,0.0,0.0,0.056755615,-0.572181463,2.397181463,10353.54441,611.881714,653.972717,0.004167,0.0
728,4,0,0,462363.6027,83.0,8.6,0.005514417,75.326548686958,0.0,0.0,-0.012463226,-0.450704336,2.275704336,10370.27327,946.630371,564.618408,0.0,0.004758
729,4,0,0,462363.6027,83.0,8.9,0.005521941,75.0172191514584,8.223266602,0.0,-0.013997162,-0.352788687,2.177788687,10384.92255,817.360107,714.326599,0.00435,0.004329
730,4,0,0,462363.6027,84.0,8.9,0.005528449,75.1311086509906,6.421508789,0.0,-0.02166684,-0.304449797,2.129449797,10402.37242,700.640686,660.261475,0.004345,0.004271
731,4,0,0,462363.6027,84.0,8.9,0.005532017,75.1703357824084,6.421508789,0.0,-0.003259613,-0.318393469,2.143393469,10417.03726,791.521301,725.34082,0.004331,0.004316
732,4,0,0,462363.6027,84.0,8.9,0.005529675,75.2144063673968,6.509399414,0.0,0.02761084,-0.359049082,2.184049082,10433.80472,689.497498,681.977112,0.004324,0.004385
733,4,0,0,462363.6027,84.0,9.5,0.005520739,75.2479883364296,6.333618164,0.0,0.029144775,-0.35729003,2.18229003,10449.18185,813.144226,712.878479,0.0,0.004287
734,4,0,0,462363.6027,84.0,9.5,0.005504977,75.2664062671256,6.245727539,0.0,0.023009033,-0.244252443,2.069252443,10463.86674,698.553284,686.352112,0.004304,0.004341
735,4,0,0,462363.6027,84.0,10.1,0.005480391,75.2608534808566,5.806274414,0.0,-0.032404388,-0.050001383,1.875001383,10480.66363,722.388916,683.991089,0.004093,0.004157
736,4,0,0,462363.6027,84.0,10.1,0.005458023,75.2477261749436,6.069946289,0.0,-0.037773163,0.099023104,1.725976896,10496.07952,724.422119,739.400391,0.003805,0.003832
737,4,0,0,585823.0814,84.0,10.2,0.00543848,75.2780215981086,6.860961914,0.0,-0.033938324,0.168412924,1.656587076,10512.91694,809.500488,765.896484,0.0,0.003915
738,4,0,0,585823.0814,84.0,10.2,0.005428583,75.3399786453514,6.641235352,0.0,0.017640259,0.119562864,1.705437136,10528.36175,707.455017,673.113708,0.004159,0.00417
739,4,0,0,462363.6027,84.0,10.4,0.005423637,75.388000127853,6.465454102,0.0,0.00690271,0.039561033,1.785438967,10545.20823,612.409607,641.268677,0.003932,0.0
740,4,0,0,585823.0814,84.0,10.4,0.005423534,75.4202440433296,6.421508789,0.0,0.016106323,-0.010929346,1.835929346,10559.91961,605.012329,656.194519,0.003936,0.0
741,4,0,0,585823.0814,85.0,10.6,0.005431112,75.4583972138852,6.465454102,0.0,-0.015531097,-0.038045645,1.863045645,10577.38362,692.983276,692.321716,0.004087,0.00392
742,4,0,0,585823.0814,85.0,10.6,0.005447411,75.49125224404,6.465454102,0.0,-0.012463226,-0.05311799,1.87811799,10592.03171,685.709595,695.365295,0.003982,0.003874
743,4,0,0,585823.0814,84.0,10.7,0.005473769,75.5327654751146,6.597290039,0.0,-0.023200775,-0.106093645,1.931093645,10608.75009,628.147095,673.896912,0.003871,0.003807
744,4,0,0,585823.0814,85.0,10.7,0.005496388,75.6050767745164,7.080688477,0.0,0.014572388,-0.206493139,2.031493139,10624.04907,579.511475,687.678894,0.003549,0.0
745,4,0,0,585823.0814,85.0,11.1,0.005512827,75.7054405438318,7.212524414,0.0,0.029144775,-0.296143293,2.121143293,10640.71499,626.96167,652.059021,0.003734,0.0
746,4,0,0,585823.0814,85.0,11.1,0.005515394,75.7870913582424,6.904907227,0.0,0.032212646,-0.321482897,2.146482897,10655.28438,620.514709,654.355286,0.003879,0.003803
747,4,0,0,462363.6027,84.0,11.8,0.005507539,75.8275394637314,6.113891602,0.0,0.012271484,-0.26019454,2.08519454,10672.59464,597.024414,650.025391,0.003815,0.0
748,4,0,0,462363.6027,84.0,11.8,0.005493037,75.8023885855576,4.045715332,0.0,0.003067871,-0.16623044,1.99123044,10687.04972,595.979919,681.236816,0.003775,0.0
749,4,0,0,250878.0733,84.0,12.1,0.005468617,75.560778306984,3.562316895,0.0,0.005368774,-0.045208216,1.870208216,10703.44232,0.0,0.0,0.0,0.003891
750,4,0,0,462363.6027,84.0,12.1,0.005446684,75.3831702732054,5.320129395,0.0,-0.025501678,0.064216375,1.760783625,10718.35043,711.919312,682.518005,0.003669,0.003537
751,4,0,0,585823.0814,84.0,12.4,0.005433178,75.2918894096358,4.968566895,0.0,-0.024734711,0.122485399,1.702514601,10732.47621,0.0,0.0,0.0,0.0
752,4,0,0,462363.6027,84.0,12.4,0.005431582,75.1678442022204,4.35333252,0.0,-0.004793549,0.101289988,1.723710012,10749.16052,709.609619,697.190186,0.00343,0.003795
753,4,0,0,585823.0814,84.0,12.1,0.00543736,75.02571765757,5.364074707,0.0,-0.030103485,0.052478075,1.772521925,10763.06505,0.0,0.0,0.0,0.0
754,4,0,0,799232.7366,84.0,12.1,0.00544437,74.9475634239906,5.451965332,0.0,0.019941162,-0.055476904,1.880476904,10778.84607,648.344971,651.555298,0.003558,0.003629
755,4,0,0,462363.6027,84.0,11.8,0.005448437,74.8249980851722,3.82598877,0.0,0.009203613,-0.131757021,1.956757021,10793.25548,853.350708,582.120728,0.0,0.003858
756,4,0,0,585823.0814,84.0,11.8,0.00544992,74.3176803652162,0.0,21.68884277,0.003067871,-0.169662237,1.994662237,10808.87066,717.203918,422.492706,0.003968,0.003788
757,4,0,0,381883.4492,84.0,11.8,0.005444822,73.6992730271798,0.0,0.0,0.0,-0.188477755,2.013477755,10822.47167,731.071472,460.591705,0.004016,0.003931
758,4,0,0,462363.6027,84.0,11.8,0.00543089,72.996782164202,0.0,0.0,0.0,-0.209865332,2.034865332,10838.55059,816.17511,707.511597,0.0,0.00363
759,4,0,0,462363.6027,84.0,11.8,0.005419163,72.3921179943098,0.0,0.0,-0.007094452,-0.228303671,2.053303671,10851.95099,604.025024,667.932129,0.003549,0.0
760,4,0,0,462363.6027,84.0,11.8,0.005413164,71.7022202490188,0.0,0.0,-0.000959,-0.265017271,2.090017271,10867.14867,0.0,0.0,0.0,0.0
761,4,0,0,462363.6027,84.0,11.5,0.005410275,71.0922965146056,0.0,0.0,0.012271484,-0.308947802,2.133947802,10880.97317,0.0,0.0,0.0,0.0
762,4,0,0,462363.6027,84.0,11.5,0.005402556,70.769214444603,0.791015625,0.0,0.012271484,-0.305776834,2.130776834,10895.96218,0.0,0.0,0.0,0.0
763,4,0,0,462363.6027,84.0,11.3,0.005393512,70.1966684524532,2.548828125,0.0,0.019941162,-0.243020296,2.068020296,10909.66867,714.964905,666.699219,0.003599,0.00342
764,4,0,0,462363.6027,84.0,11.3,0.00539072,69.7833058202514,0.791015625,0.0,0.017640259,-0.07879281,1.90379281,10924.6046,739.310913,662.060608,0.003789,0.003528
765,4,0,0,585823.0814,84.0,11.1,0.005399527,69.176263560828,0.0,0.0,0.014572388,0.148071051,1.676928949,10937.67966,721.633118,677.216919,0.003775,0.003752
766,4,0,0,462363.6027,84.0,11.1,0.005414138,68.485728516897,0.0,0.0,-0.074587616,0.460975885,1.364024115,10953.16811,730.020325,649.537476,0.003833,0.003819
767,4,0,0,462363.6027,84.0,10.6,0.00542173,67.8673104606562,0.439453125,0.0,-0.092994843,0.589706182,1.235293818,10966.07648,709.766296,665.077271,0.003759,0.003584
768,4,0,0,462363.6027,83.0,10.6,0.005420872,67.409448434823,3.254699707,0.0,0.019941162,0.358416319,1.466583681,10978.89232,710.645325,677.422485,0.004019,0.003863
769,4,0,0,462363.6027,83.0,10.1,0.005410874,67.2412181861584,4.00177002,0.0,0.051386841,0.050089121,1.774910879,10994.02989,713.286987,674.385071,0.003799,0.003868
770,4,0,0,381883.4492,83.0,10.1,0.005399725,67.2345410344984,5.539855957,0.0,0.032979614,-0.012282133,1.837282133,11006.64586,720.092407,676.502502,0.003866,0.003746
771,4,0,0,462363.6027,82.0,10.0,0.00539207,66.8906897075928,0.0,1.913452148,-0.017832001,0.075860262,1.749139738,11020.95252,707.275818,674.548523,0.004017,0.003819
772,4,0,0,462363.6027,82.0,10.0,0.005394676,66.256412249388,0.0,0.0,0.025309937,0.117018461,1.707981539,11033.96367,719.858398,679.714905,0.003925,0.003877
773,4,0,0,462363.6027,83.0,9.9,0.005412879,65.5478677896266,0.0,0.0,-0.016298065,0.222088099,1.602911901,11048.04696,746.419922,670.306274,0.00393,0.003757
774,4,0,0,462363.6027,83.0,9.9,0.005442643,64.9108261934114,0.0,0.0,-0.072286713,0.276711226,1.548288774,11060.85626,310.342499,741.451416,0.003306,0.0
775,4,0,0,462363.6027,83.0,9.8,0.005486005,64.2007129651114,0.0,22.27478027,-0.005560516,0.131872892,1.693127108,11074.69219,713.625793,671.927612,0.004403,0.004095
776,4,0,0,585823.0814,83.0,9.8,0.005522383,63.5917348949756,0.0,111.4837646,0.016106323,-0.113065958,1.938065958,11085.81893,922.439392,709.447021,0.0,0.004225
777,4,0,0,462363.6027,83.0,9.7,0.005552361,62.8969930201912,0.0,260.8978271,0.038348389,-0.316076994,2.141076994,11095.5345,622.816589,642.169922,0.004414,0.0
778,4,0,0,462363.6027,83.0,9.7,0.00556649,62.2762815257032,0.0,260.458374,0.032212646,-0.321239233,2.146239233,11100.97832,646.592896,687.712219,0.0043,0.004527
779,4,0,0,462363.6027,82.0,9.7,0.005571045,49.501108410128,0.0,260.1654053,-0.041608002,-0.205253839,2.030253839,11107.03896,719.641418,684.394592,0.004515,0.004323
780,4,0,0,462363.6027,82.0,9.7,0.005573676,27.6544768485464,0.0,260.6048584,-0.043141937,-0.202014685,2.027014685,11112.53146,721.766907,749.190918,0.004548,0.004342
781,4,0,0,462363.6027,82.0,9.6,0.005594216,27.1966895604628,0.0,261.7767334,-0.027035614,-0.280345678,2.105345678,11118.45505,733.976379,655.316406,0.004403,0.004
782,4,0,0,462363.6027,81.0,9.6,0.005639596,26.8275969104754,0.0,213.4368896,0.014572388,-0.373406649,2.198406649,11123.57996,,,,
783,4,0,0,462363.6027,82.0,9.5,0.00572606,26.3985772830014,0.0,113.0950928,0.055988647,-0.442794085,2.267794085,11129.61006,,,,
784,4,0,0,462363.6027,82.0,9.5,0.005830486,26.0273231123666,0.0,123.2025146,0.055988647,-0.441319704,2.266319704,11134.61566,,,,
