Time,Drive,Stimulus,Failure,Palm.EDA,Heart.Rate,Breathing.Rate,Perinasal.Perspiration,Speed,Acceleration,Brake,Steering,LaneOffset,Lane.Position,Distance,Gaze.X.Pos,Gaze.Y.Pos,Lft.Pupil.Diameter,Rt.Pupil.Diameter
1,4,0,0,129.658,73.0,17.5,0.006467686,9.7847872e-06,0.0,263.2415771,-0.090693939,-0.099996328,1.924996328,3.72e-06,,,,
2,4,0,0,130.4802,73.0,17.2,0.006528595,0.3068910554849,0.0,256.2103271,-0.089160004,-0.10009551,1.92509551,2.77e-05,,,,
3,4,0,0,131.2198,74.0,17.2,0.006587759,0.73988535203324,0.0,159.3841553,-0.074587616,-0.100731611,1.925731611,0.042737258,,,,
4,4,0,0,131.9679,76.0,17.0,0.006629649,0.73795110238064,0.0,112.5091553,-0.074587616,-0.101443052,1.926443052,0.194504921,,,,
5,4,0,0,132.5346,76.0,17.0,0.006653729,0.73951461642414,0.0,263.973999,-0.077655487,-0.10235095,1.92735095,0.358409466,,,,
6,4,0,0,133.0106,75.0,16.5,0.006650392,0.73956543455332,0.0,23.59313965,-0.083024261,-0.103193045,1.928193045,0.514849398,,,,
7,4,0,0,133.5863,74.0,16.5,0.006628349,7.89968311848612,5.58380127,0.0,-0.078422455,-0.107362509,1.932362509,0.678435044,,,,
8,4,0,0,133.9728,73.0,16.1,0.00660678,8.79859711334778,3.65020752,0.0,-0.076121552,-0.123216867,1.948216867,0.834912837,,,,
9,4,0,0,134.2642,73.0,16.1,0.006596323,17.0120966796738,19.48425293,0.0,-0.068451874,-0.168118715,1.993118715,1.063355702,,,,
10,4,0,0,134.6547,73.0,15.7,0.006609552,24.9805331075348,25.81787109,0.0,0.037581421,-0.248620749,2.073620749,2.399713356,,,,
11,4,0,0,135.0475,73.0,15.7,0.006649872,34.008796095458,24.01611328,0.0,0.061357422,-0.33432126,2.15932126,4.289090145,,,,
12,4,0,0,135.2448,74.0,15.6,0.006694817,38.7656741425002,22.47528076,0.0,0.100472778,-0.321047068,2.146047068,6.622108136,,,,
13,4,0,0,135.641,73.0,15.6,0.006734322,43.1192998013688,19.92370605,0.0,-0.023200775,-0.092615843,1.917615843,10.84506375,,,,
14,4,0,0,136.0396,73.0,15.6,0.006738696,46.4018734157138,16.71295166,0.0,-0.156653168,0.085905313,1.739094687,15.80459141,,,,
15,4,0,0,136.1396,73.0,15.6,0.006698496,48.319515130129,11.21429443,0.0,0.039882324,-0.030415773,1.855415773,22.88272089,,,,
16,4,0,0,136.4405,74.0,15.2,0.006631489,49.6536506998188,11.21429443,0.0,0.056755615,-0.158199072,1.983199072,30.0194288,,,,
17,4,0,0,136.6419,77.0,15.2,0.006540838,51.402644928081,17.9901123,0.0,0.025309937,-0.130255938,1.955255938,38.93614193,,,,
18,4,0,0,137.0464,77.0,14.6,0.006468606,53.5438348315412,16.31744385,0.0,-0.036239227,-0.009649992,1.834649992,47.31405477,,,,
19,4,0,0,137.3513,76.0,14.6,0.006402693,55.3602584424086,12.84301758,0.0,-0.020132904,0.077326059,1.747673941,57.48565424,,,,
20,4,0,0,137.6576,78.0,14.3,0.006360426,56.5377811221852,11.434021,0.0,0.003067871,0.063051462,1.761948538,66.73264419,,,,
21,4,0,0,137.8626,78.0,14.3,0.006333648,57.813314024181,11.56585693,0.0,0.012271484,0.027733564,1.797266436,77.54799074,,,,
22,4,0,0,137.9653,78.0,14.1,0.006325331,58.9189125151994,12.31567383,0.0,-0.000959,0.022447824,1.802552176,87.21975418,,,,
23,4,0,0,138.2743,76.0,14.1,0.00631377,60.7834635031404,14.11743164,0.0,-0.008628387,0.008381128,1.816618872,98.52733857,,,,
24,4,0,0,138.4811,75.0,13.9,0.006286768,61.9896432335884,12.62329102,0.0,-0.008628387,-0.038306952,1.863306952,108.7508962,,,,
25,4,0,0,138.6886,77.0,13.9,0.006235048,63.1766820373454,11.21429443,0.0,0.00690271,-0.149024725,1.974024725,120.7809284,,,,
26,4,0,0,138.5848,78.0,14.0,0.006185355,64.0205203312928,8.973083496,0.0,0.012271484,-0.239097834,2.064097834,131.5417078,,,,
27,4,0,0,138.4811,78.0,14.0,0.00614849,64.4463278770608,7.344360352,0.0,0.001533936,-0.266376257,2.091376257,144.0555531,,,,
28,4,0,0,138.2743,77.0,14.1,0.006140808,64.9002167321152,9.588317871,0.0,-0.030870453,-0.276093721,2.101093721,154.6465231,,,,
29,4,0,0,138.1712,78.0,14.1,0.006142419,65.6290446534072,9.851989746,0.0,0.02761084,-0.408305407,2.233305407,168.0903536,,,,
30,4,0,0,137.8626,78.0,14.2,0.006131412,66.2360453113916,8.885192871,0.0,0.04141626,-0.50421977,2.32921977,179.0133477,,,,
31,4,0,0,137.9653,79.0,14.2,0.006098451,66.7838798878414,9.017028809,0.0,-0.003259613,-0.412607431,2.237607431,192.9655159,,,,
32,4,0,0,138.0682,78.0,14.3,0.006062092,67.2631022006926,8.662719727,0.0,-0.048510712,-0.288358927,2.113358927,204.3408289,,,,
33,4,0,0,138.2743,78.0,14.3,0.006025446,67.7306028373736,8.709411621,0.0,-0.017832001,-0.36735177,2.19235177,218.773043,,,,
34,4,0,0,138.5848,78.0,14.3,0.006003828,68.215333727924,9.148864746,0.0,0.051386841,-0.556613684,2.381613684,230.4675613,,,,
35,4,0,0,139.1053,77.0,14.3,0.005982886,68.7698185961492,8.662719727,0.0,0.029144775,-0.556099176,2.381099176,245.2439657,,,,
36,4,0,0,139.3146,76.0,14.7,0.005952648,69.21354199072,8.929138184,0.0,-0.020132904,-0.377350092,2.202350092,257.1437342,,,,
37,4,0,0,139.4195,76.0,14.7,0.005899839,69.7014119955008,8.885192871,0.0,-0.043141937,-0.221442461,2.046442461,271.4836401,,,,
38,4,0,0,140.1581,77.0,15.3,0.00584621,70.1275424392464,9.060974121,0.0,-0.001725677,-0.183404207,2.008404207,284.1058088,,,,
39,4,0,0,140.0521,77.0,15.3,0.005788154,70.5933497444728,8.973083496,0.0,-0.001725677,-0.217282057,2.042282057,298.6449305,,,,
40,4,0,0,140.3706,76.0,15.6,0.005748004,71.0056486351214,9.060974121,0.0,0.00690271,-0.260004759,2.085004759,311.4648329,,,,
41,4,0,0,140.7975,77.0,15.6,0.005719003,71.462416486782,9.104919434,0.0,-0.015531097,-0.229601622,2.054601622,326.2134758,,,,
42,4,0,0,140.6905,77.0,16.1,0.005710003,71.8832993877764,9.324645996,0.0,-0.010162323,-0.217865705,2.042865705,339.1946051,,,,
43,4,0,0,140.9046,77.0,16.1,0.005719932,72.4440060931888,10.77484131,0.0,0.008436646,-0.242086649,2.067086649,354.1153936,,,,
44,4,0,0,140.9046,77.0,16.3,0.005741053,73.0250240373402,10.95062256,0.0,-0.001725677,-0.227514029,2.052514029,367.2380363,,,,
45,4,0,0,140.9046,78.0,16.3,0.005764303,73.654727590331,10.20355225,0.0,-0.000959,-0.187921286,2.012921286,382.3109278,,,,
46,4,0,0,141.227,77.0,16.5,0.005775957,74.0133617351142,7.783813477,0.0,-0.000959,-0.158461332,1.983461332,395.5747127,,,,
47,4,0,0,141.1194,77.0,16.5,0.005782077,74.0737515748782,3.562316895,0.0,-0.000959,-0.130411386,1.955411386,410.8196776,,,,
48,4,0,0,141.5508,77.0,16.6,0.005789817,73.6201659355732,4.089660645,0.0,-0.003259613,-0.113632441,1.938632441,424.2325485,,,,
49,4,0,0,141.3348,77.0,16.6,0.005818251,73.535790122301,5.40802002,0.0,-0.004793549,-0.112273932,1.937273932,439.63932,,,,
50,4,0,0,141.4427,76.0,16.8,0.005870647,73.490441737446,5.539855957,0.0,0.001533936,-0.138937712,1.963937712,453.1881189,,,,
51,4,0,0,141.6591,76.0,16.8,0.005952112,73.4426195073298,4.70489502,0.0,0.0,-0.184492826,2.009492826,468.7472173,,,,
52,4,0,0,141.227,77.0,16.6,0.006018361,73.2803082502512,4.485168457,0.0,-0.001725677,-0.212146044,2.037146044,482.4269689,,,,
53,4,0,0,141.6591,77.0,16.6,0.006066917,73.2176399873822,5.276184082,0.0,-0.005560516,-0.249961615,2.074961615,498.1340032,,,,
54,4,0,0,141.4427,77.0,16.7,0.006083569,73.1713230373416,5.144348145,0.0,0.003834839,-0.298695326,2.123695326,511.9408025,,,,
55,4,0,0,141.7676,77.0,16.7,0.006080535,73.1125570216376,5.539855957,0.0,0.017640259,-0.339814901,2.164814901,527.1302805,,,,
56,4,0,0,141.7676,77.0,16.6,0.006067676,73.0653242283898,5.58380127,0.0,0.009203613,-0.302440882,2.127440882,541.7267489,,,,
57,4,0,0,141.7676,76.0,16.6,0.006050508,73.017136855121,5.320129395,0.0,-0.005560516,-0.212503672,2.037503672,557.0578002,,,,
58,4,0,0,141.8762,76.0,16.4,0.006039243,72.971278872755,4.17755127,0.0,-0.015531097,-0.146985292,1.971985292,571.807082,,,,
59,4,0,0,142.203,76.0,16.4,0.006041569,72.6858230110184,3.738098145,0.0,0.0,-0.142339945,1.967339945,587.3243111,,,,
60,4,0,0,142.3123,76.0,16.3,0.006063268,72.550655413462,5.100402832,0.0,-0.005560516,-0.14962697,1.97462697,602.2603773,,,,
61,4,0,0,142.5314,75.0,16.3,0.006103943,72.493531568294,4.924621582,0.0,-0.013997162,-0.187313795,2.012313795,617.9629888,,,,
62,4,0,0,142.3123,74.0,16.1,0.006146106,72.3538429645294,4.045715332,0.0,0.013038452,-0.252506018,2.077506018,632.3510182,,,,
63,4,0,0,142.7511,75.0,16.1,0.006193192,72.1855984249256,4.309387207,0.0,0.0,-0.287216425,2.112216425,648.8153028,,,,
64,4,0,0,142.8612,75.0,16.0,0.006211226,72.0730866169938,4.397277832,0.0,-0.005560516,-0.310405493,2.135405493,663.1729871,,,,
65,4,0,0,143.082,75.0,16.0,0.006174167,71.7637560515166,0.0,7.040405273,0.054454712,-0.354524374,2.179524374,679.5256108,,,,
66,4,0,0,143.082,76.0,15.9,0.006091984,71.149200379089,0.0,0.0,-0.017832001,-0.306912184,2.131912184,693.8241841,,,,
67,4,0,0,143.4144,76.0,15.9,0.005973473,70.9846019280024,5.58380127,0.0,0.003834839,-0.257877111,2.082877111,710.157751,,,,
68,4,0,0,143.6369,76.0,16.1,0.005873628,70.5123629437462,0.0,22.7142334,-0.016298065,-0.241244078,2.066244078,724.44304,,,,
69,4,0,0,143.7484,76.0,16.1,0.005778655,69.82526741345,0.0,12.89978027,-0.017832001,-0.272483587,2.097483587,740.7572014,,,,
70,4,0,0,143.9719,76.0,16.0,0.00571711,69.23000956227,0.0,12.31384277,0.036047485,-0.362566233,2.187566233,755.007978,,,,
71,4,0,0,144.3085,76.0,16.0,0.005670891,68.5892409116422,0.0,6.747436523,-0.02166684,-0.372360468,2.197360468,771.2814742,,,,
72,4,0,0,144.1961,78.0,15.9,0.005647316,68.0036697422958,0.0,7.919311523,-0.030103485,-0.355982542,2.180982542,785.5134309,,,,
73,4,0,0,144.1961,79.0,15.9,0.005634611,67.375044366638,0.0,18.90563965,0.023009033,-0.437246561,2.262246561,801.0926268,,,,
74,4,0,0,144.421,80.0,15.8,0.005631554,66.817392285106,0.0,17.4407959,0.005368774,-0.464450121,2.289450121,815.9863912,,,,
75,4,0,0,144.421,78.0,15.8,0.005626528,66.650964400681,8.885192871,0.0,0.010737549,-0.463678122,2.288678122,831.5488846,,,,
76,4,0,0,144.7597,77.0,15.8,0.005612021,67.0365940169592,7.871704102,0.0,0.009203613,-0.437367678,2.262367678,846.4275773,,,,
77,4,0,0,144.8729,76.0,15.8,0.005586836,67.399300258651,10.95062256,0.0,-0.007094452,-0.376330137,2.201330137,861.9752892,,,,
78,4,0,0,145.1,76.0,15.7,0.005566257,68.0162066940166,11.21429443,0.0,-0.010929291,-0.324321508,2.149321508,876.8375421,,,,
79,4,0,0,145.2138,75.0,15.7,0.005549553,67.983991988061,0.0,10.55603027,-0.010929291,-0.297729254,2.122729254,892.335161,,,,
80,4,0,0,145.5562,77.0,15.9,0.005537737,67.4713479320674,0.0,2.352905273,-0.007094452,-0.29144311,2.11644311,906.451683,,,,
81,4,0,0,145.5562,80.0,15.9,0.005518801,66.901468793325,4.00177002,0.0,0.008436646,-0.313975096,2.138975096,922.5702266,,,,
82,4,0,0,145.6707,81.0,16.1,0.005493112,66.4213825706684,0.0,25.49743652,-0.012463226,-0.33077693,2.15577693,936.6647809,,,,
83,4,0,0,145.7853,80.0,16.1,0.005458473,65.8561534750154,0.0,68.85681152,-0.016298065,-0.369004011,2.194004011,952.7481716,,,,
84,4,0,0,145.7853,78.0,16.3,0.005435825,65.3588025103332,0.0,79.25720215,-0.013997162,-0.452805281,2.277805281,966.7951911,,,,
85,4,0,0,145.9002,76.0,16.3,0.005427321,64.7875276071022,0.0,200.5462646,-0.000959,-0.596350431,2.421350431,982.8263015,,,,
86,4,0,0,146.0152,75.0,16.5,0.005427498,64.3150950353374,0.0,261.630249,0.013038452,-0.725195169,2.550195169,996.8335854,,,,
87,4,0,0,146.0152,75.0,16.5,0.00542641,63.765392192175,0.0,102.5482178,0.107375488,-0.823232889,2.648232889,1012.782249,,,,
88,4,0,0,146.2459,75.0,16.3,0.005426521,63.3085917835662,0.0,104.1595459,0.087434326,-0.67700696,2.50200696,1026.631617,,,,
89,4,0,0,146.4772,74.0,16.3,0.005436407,62.7996009937462,0.0,79.5501709,-0.083791229,-0.242485285,2.067485285,1042.402052,,,,
90,4,0,0,146.7093,74.0,16.5,0.005456997,62.3659596314734,0.0,80.42907715,-0.150517426,0.055463552,1.769536448,1056.170025,,,,
91,4,0,0,147.0588,75.0,16.5,0.00548401,61.8583588286114,0.0,82.91931152,-0.012463226,0.070266008,1.754733992,1071.785163,,,,
92,4,0,0,146.9421,75.0,16.9,0.005496362,61.436753736292,0.0,73.54431152,0.074395874,-0.067471266,1.892471266,1085.343172,,,,
93,4,0,0,147.0588,74.0,16.9,0.005496611,61.0005222861298,0.0,48.93493652,0.047552002,-0.115628481,1.940628481,1098.803934,,,,
94,4,0,0,147.2928,74.0,17.0,0.005501415,60.5109786321226,0.0,31.5032959,0.009203613,-0.031600714,1.856600714,1114.069763,,,,
95,4,0,0,147.41,73.0,17.0,0.00552532,60.0832244930642,0.0,12.46032715,-0.027035614,0.059425592,1.765574408,1127.324699,,,,
96,4,0,0,146.7093,73.0,17.1,0.005574327,59.8589296507262,6.773071289,0.0,-0.015531097,0.123268366,1.701731634,1142.356625,,,,
97,4,0,0,144.8729,73.0,17.1,0.005626911,59.6443644595998,0.0,202.4505615,-0.013997162,0.123715639,1.701284361,1155.40889,,,,
98,4,0,0,142.7511,74.0,17.2,0.005687821,59.1502599843128,0.0,38.82751465,0.010737549,0.086498022,1.738501978,1169.601961,,,,
99,4,0,0,141.227,74.0,17.2,0.00573726,58.7325976301528,0.0,42.92907715,0.009203613,0.041428328,1.783571672,1183.191686,,,,
100,4,0,0,139.8406,75.0,17.3,0.00579321,58.2594768080436,0.0,258.114624,0.018407227,0.021546125,1.803453875,1197.473815,,,,
101,4,0,0,139.6297,76.0,17.3,0.005840367,57.8476161889572,0.0,257.3822021,0.003067871,0.053636312,1.771363688,1211.202965,,,,
102,4,0,0,139.2098,76.0,17.1,0.005872973,57.3959878128668,0.0,230.4290771,-0.013997162,0.097039461,1.727960539,1225.676034,,,,
103,4,0,0,138.6886,76.0,17.1,0.005871873,57.0027874588936,0.0,37.3626709,-0.005560516,0.117767096,1.707232904,1239.546191,,,,
104,4,0,0,139.7351,76.0,17.2,0.005845523,56.5715267771894,0.0,0.0,0.032979614,0.138044596,1.686955404,1253.939815,,,,
105,4,0,0,140.3706,75.0,17.2,0.005814529,56.9604560071762,11.96411133,0.0,-0.004793549,0.178889513,1.646110487,1266.983907,,,,
106,4,0,0,141.227,73.0,16.9,0.005780639,57.8299137064516,11.34613037,0.0,-0.013997162,0.237650633,1.587349367,1281.790299,,,,
107,4,0,0,141.6591,70.0,16.9,0.005756822,58.5796377650122,12.9309082,0.0,-0.008628387,0.270921946,1.554078054,1294.646278,,,,
108,4,0,0,141.9849,69.0,17.0,0.00573865,59.8012988312714,15.61431885,0.0,-0.010929291,0.289600134,1.535399866,1309.225612,,,,
109,4,0,0,142.4217,69.0,17.0,0.005728231,60.9987300446388,22.47528076,0.0,-0.003259613,0.285785437,1.539214563,1321.884077,,,,
110,4,0,0,142.9715,70.0,16.8,0.005724067,62.9803944746538,20.71746826,0.0,-0.008628387,0.266557932,1.558442068,1336.239344,,,,
111,4,0,0,143.1926,70.0,16.8,0.005736127,64.6610164080048,19.70397949,0.0,-0.008628387,0.225891829,1.599108171,1348.703913,,,,
112,4,0,0,143.6369,70.0,16.7,0.005770174,66.1588033000044,16.93267822,0.0,-0.017832001,0.155182123,1.669817877,1362.841086,,,,
113,4,0,0,143.9719,70.0,16.7,0.005810872,67.4095189400084,17.24029541,0.0,-0.005560516,0.056523085,1.768476915,1375.113332,,,,
114,4,0,0,144.5337,70.0,16.8,0.005866326,68.752894567495,14.69146729,0.0,-0.004793549,-0.068736315,1.893736315,1389.030235,,,,
115,4,0,0,144.3085,70.0,16.8,0.005924309,69.5802754770146,13.32641602,0.0,-0.015531097,-0.198953867,2.023953867,1401.114835,,,,
116,4,0,0,144.3085,70.0,16.9,0.00599658,70.1936807932102,9.500427246,0.0,0.037581421,-0.358453512,2.183453512,1414.816238,,,,
117,4,0,0,144.1961,71.0,16.9,0.006049882,70.6182662544624,9.676208496,0.0,0.03451355,-0.440830946,2.265830946,1426.711809,,,,
118,4,0,0,143.6369,70.0,17.0,0.006077467,71.0158856468614,9.588317871,0.0,0.014572388,-0.425164938,2.250164938,1440.194532,,,,
119,4,0,0,143.3034,70.0,17.0,0.006062716,71.3771691676196,10.24749756,0.0,-0.003259613,-0.34791255,2.17291255,1451.184312,,,,
120,4,0,0,143.5256,70.0,16.8,0.006003254,71.8209886076016,9.939880371,0.0,-0.010929291,-0.252640486,2.077640486,1464.435927,,,,
121,4,0,0,143.5256,69.0,16.8,0.005923952,72.1666220371562,9.544372559,0.0,-0.012463226,-0.195486784,2.020486784,1476.060539,,,,
122,4,0,0,143.9719,69.0,16.9,0.00582012,72.1431853152966,0.0,153.3782959,-0.001725677,-0.173244238,1.998244238,1489.251053,,,,
123,4,0,0,144.421,70.0,16.9,0.005731567,71.6314415080056,0.0,229.1107178,0.014572388,-0.157058954,1.982058954,1500.161349,,,,
124,4,0,0,144.8729,70.0,16.7,0.005642388,71.0362864131846,0.0,259.8724365,-0.007094452,-0.101962328,1.926962328,1513.694714,,,,
125,4,0,0,145.2138,70.0,16.7,0.00558051,70.5330303777074,0.0,254.598999,0.003834839,-0.043012381,1.868012381,1524.438136,,,,
126,4,0,0,145.6707,70.0,16.9,0.005535397,69.9484075280494,0.0,263.2415771,-0.015531097,0.025470495,1.799529505,1537.764383,,,,
127,4,0,0,145.9002,69.0,16.9,0.005521228,69.4540567915556,0.0,207.2845459,-0.015531097,0.07463479,1.75036521,1548.343568,,,,
128,4,0,0,145.7853,69.0,16.7,0.005530457,68.895411843804,0.0,204.208374,-0.015531097,0.092674494,1.732325506,1561.466308,,,,
129,4,0,0,146.4772,69.0,16.7,0.005555001,68.4081935090694,0.0,203.7689209,-0.017832001,0.080174208,1.744825792,1571.987994,,,,
130,4,0,0,146.7093,69.0,16.8,0.005596498,67.842019714743,0.0,203.7689209,-0.005560516,0.014547586,1.810452414,1585.333878,,,,
131,4,0,0,146.9421,69.0,16.8,0.005638641,67.363165908565,0.0,201.864624,-0.005560516,-0.069748163,1.894748163,1596.166854,,,,
132,4,0,0,147.2928,70.0,16.6,0.005686045,66.8065789848054,0.0,200.5462646,0.005368774,-0.183282137,2.008282137,1609.959913,,,,
133,4,0,0,147.6451,71.0,16.6,0.005727544,66.3349220988272,0.0,199.0814209,0.049085938,-0.277489901,2.102489901,1621.232443,,,,
134,4,0,0,147.8809,72.0,16.5,0.005783849,65.783503747505,0.0,196.2982178,0.052920776,-0.259760618,2.084760618,1635.145401,,,,
135,4,0,0,147.9991,72.0,16.5,0.005844173,65.3194938175642,0.0,189.4134521,-0.003259613,-0.106449366,1.931449366,1647.664922,,,,
136,4,0,0,147.9991,71.0,16.3,0.00591923,64.7946972650824,0.0,191.1712646,-0.025501678,0.077662706,1.747337294,1662.298578,,,,
137,4,0,0,147.9991,70.0,16.3,0.005981397,64.3378621269164,0.0,190.8782959,-0.019365936,0.182825804,1.642174196,1675.357571,,,,
138,4,0,0,147.9991,70.0,16.2,0.006039993,63.8211808001318,0.0,139.9017334,0.009203613,0.229390383,1.595609617,1690.566197,,,,
139,4,0,0,148.3547,69.0,16.2,0.006073162,63.3716895953746,0.0,102.6947021,-0.010162323,0.265119314,1.559880686,1704.06198,,,,
140,4,0,0,148.236,69.0,16.1,0.006086167,62.862799324931,0.0,69.0032959,-0.013997162,0.295583487,1.529416513,1719.632888,,,,
141,4,0,0,148.3547,69.0,16.1,0.006082458,62.4039448352132,0.0,37.80212402,-0.010162323,0.286988497,1.538011503,1733.347023,,,,
142,4,0,0,148.3547,68.0,16.0,0.006074734,61.9037892254328,0.0,31.5032959,0.012271484,0.237909555,1.587090445,1749.108331,,,,
143,4,0,0,148.5928,68.0,16.0,0.00607266,61.615004878428,11.34613037,0.0,0.001533936,0.200568914,1.624431086,1762.974456,,,,
144,4,0,0,149.1914,67.0,16.2,0.006069997,63.1134262044424,17.15240479,0.0,-0.007094452,0.163894892,1.661105108,1778.912736,,,,
145,4,0,0,149.1914,67.0,16.2,0.006052236,64.4083416433434,16.88873291,0.0,-0.005560516,0.122844934,1.702155066,1792.931792,,,,
146,4,0,0,149.4322,67.0,16.1,0.006006434,65.8408300315516,16.8447876,0.0,0.0,0.072215796,1.752784204,1808.983908,,,,
147,4,0,0,149.916,67.0,16.1,0.005958546,67.061497217707,16.71295166,0.0,-0.001725677,0.029079676,1.795920324,1822.931529,,,,
148,4,0,0,149.0713,68.0,16.0,0.005925055,68.3757056176488,16.71295166,0.0,-0.000959,-0.015047312,1.840047312,1838.748915,,,,
149,4,0,0,149.4322,69.0,16.0,0.005930927,69.539253738376,16.8447876,0.0,0.010737549,-0.053615332,1.878615332,1852.482741,,,,
150,4,0,0,149.5528,69.0,15.9,0.005978896,70.3516976874328,10.11566162,0.0,0.005368774,-0.075785875,1.900785875,1867.411543,,,,
151,4,0,0,149.5528,70.0,15.9,0.006047073,70.831624971671,10.95062256,0.0,-0.017832001,-0.081038713,1.906038713,1881.581682,,,,
152,4,0,0,150.1592,70.0,15.8,0.006126883,71.3754699942608,11.12640381,0.0,0.003067871,-0.110891104,1.935891104,1896.282285,,,,
153,4,0,0,149.6737,69.0,15.8,0.006161019,71.8395788503314,11.0824585,0.0,0.003067871,-0.144729853,1.969729853,1910.235808,,,,
154,4,0,0,148.5928,68.0,15.7,0.006125201,72.3708982831408,10.99456787,0.0,0.019941162,-0.174081564,1.999081564,1924.711529,,,,
155,4,0,0,147.5274,68.0,15.7,0.006029129,72.8170743118716,10.90667725,0.0,0.008436646,-0.16947341,1.99447341,1938.451608,,,,
156,4,0,0,146.8256,68.0,15.7,0.005875607,73.3083596097202,11.17034912,0.0,-0.010162323,-0.130030394,1.955030394,1952.706034,,,,
157,4,0,0,146.4772,68.0,15.7,0.005734657,73.7076121442578,8.841247559,0.0,-0.005560516,-0.113437414,1.938437414,1965.623497,,,,
158,4,0,0,146.8256,67.0,15.6,0.005596368,73.9586381400892,8.530883789,0.0,-0.001725677,-0.124649763,1.949649763,1980.272671,,,,
159,4,0,0,147.0588,67.0,15.6,0.005511466,74.1744776549078,8.618774414,0.0,0.003834839,-0.138763189,1.963763189,1992.991289,,,,
160,4,0,0,147.2928,68.0,15.5,0.005464148,74.4291988885,8.574829102,0.0,-0.004793549,-0.147212267,1.972212267,2007.415802,,,,
161,4,0,0,148.1174,70.0,15.5,0.005461673,74.6314963383008,8.486938477,0.0,0.005368774,-0.155429125,1.980429125,2019.941228,,,,
162,4,0,0,148.5928,71.0,15.5,0.005485774,74.8679932769858,8.574829102,0.0,-0.012463226,-0.162510157,1.987510157,2034.146625,,,,
163,4,0,0,149.1914,71.0,15.5,0.005512246,75.0816818284274,8.618774414,0.0,-0.010929291,-0.18767333,2.01267333,2046.481141,,,,
164,4,0,0,149.4322,70.0,15.2,0.005529715,75.3121309156726,8.709411621,0.0,0.016106323,-0.245665789,2.070665789,2060.469828,,,,
165,4,0,0,150.0375,68.0,15.2,0.005529106,75.5313879605416,8.841247559,0.0,0.018407227,-0.281033754,2.106033754,2072.616137,,,,
166,4,0,0,150.6478,68.0,15.1,0.005518772,75.6005857824992,0.0,260.6048584,0.050619873,-0.266004801,2.091004801,2086.391259,,,,
167,4,0,0,150.7704,68.0,15.1,0.005513194,75.0779310201564,0.0,239.6575928,0.026843872,-0.170330763,1.995330763,2098.382885,,,,
168,4,0,0,151.1396,68.0,15.1,0.005523016,74.4701448755048,0.0,263.8275146,-0.027035614,0.061596155,1.763403845,2112.345502,,,,
169,4,0,0,151.5106,68.0,15.1,0.00554668,73.9579125530568,0.0,263.6810303,-0.030870453,0.21279645,1.61220355,2124.83321,,,,
170,4,0,0,151.7589,69.0,15.1,0.005584535,73.3591038701942,0.0,177.6947021,-0.032404388,0.279135942,1.545864058,2139.400863,,,,
171,4,0,0,151.8834,68.0,15.1,0.005623705,72.855763183433,0.0,146.3470459,-0.030103485,0.235182524,1.589817476,2152.398766,,,,
172,4,0,0,152.008,68.0,15.1,0.005670585,72.2853489069538,0.0,24.32556152,0.025309937,0.093713999,1.731286001,2167.533211,,,,
173,4,0,0,152.1329,67.0,15.1,0.005702992,71.7725257957918,0.439453125,0.0,0.043717163,0.01471591,1.81028409,2181.014654,,,,
174,4,0,0,152.5088,67.0,15.1,0.005715904,72.0053271265678,9.720153809,0.0,-0.000959,0.028838396,1.796161604,2196.617137,,,,
175,4,0,0,152.3833,67.0,15.1,0.005703862,72.3946064523782,13.54614258,0.0,-0.015531097,0.087390661,1.737609339,2209.715146,,,,
176,4,0,0,152.6345,68.0,15.1,0.005679862,73.2163749334884,13.85375977,0.0,-0.012463226,0.121206522,1.703793478,2226.202215,,,,
177,4,0,0,152.8865,68.0,15.1,0.00567046,73.9203214605896,16.8447876,0.0,0.009203613,0.120566607,1.704433393,2239.484824,,,,
178,4,0,0,153.2661,68.0,15.1,0.005686145,74.9473737954584,15.26275635,0.0,0.008436646,0.127829313,1.697170687,2256.202751,,,,
179,4,0,0,153.5202,68.0,15.1,0.005720928,74.8144859728526,4.836730957,0.0,0.001533936,0.161104441,1.663895559,2269.665163,,,,
180,4,0,0,153.7752,67.0,15.1,0.005776996,74.6940652244248,3.782043457,0.0,-0.007094452,0.208484888,1.616515112,2286.601444,,,,
181,4,0,0,154.031,68.0,15.1,0.005832205,74.6234641062674,5.58380127,0.0,0.003067871,0.230594873,1.594405127,2300.232953,,,,
182,4,0,0,154.2877,68.0,15.1,0.005886759,74.587034345731,5.364074707,0.0,0.001533936,0.260153532,1.564846468,2317.336247,,,,
183,4,0,0,154.4163,68.0,15.1,0.005913789,74.5406968444186,5.58380127,0.0,-0.004793549,0.29686904,1.52813096,2331.062188,,,,
184,4,0,0,154.9331,68.0,15.1,0.005914758,74.5080759088602,5.58380127,0.0,-0.024734711,0.339357615,1.485642385,2345.516255,,,,
185,4,0,0,154.9331,68.0,15.1,0.005887166,74.43671128762,5.012512207,0.0,-0.02856955,0.331421614,1.493578386,2362.086405,,,,
186,4,0,0,155.3229,69.0,15.1,0.005850018,74.3750383693542,5.451965332,0.0,-0.005560516,0.220593691,1.604406309,2376.629205,,,,
187,4,0,0,155.4533,69.0,15.1,0.005807299,74.3585048631444,6.948852539,0.0,0.001533936,0.044410467,1.780589533,2393.299514,,,,
188,4,0,0,155.5839,69.0,15.1,0.005773653,74.5332672136548,8.355102539,0.0,0.042183228,-0.115248442,1.940248442,2407.929919,,,,
189,4,0,0,155.4533,70.0,15.1,0.005736315,74.7334061200872,7.783813477,0.0,0.036047485,-0.208235025,2.033235025,2424.702597,,,,
190,4,0,0,155.4533,70.0,15.1,0.005704502,74.8795147995402,7.827758789,0.0,-0.001725677,-0.182569742,2.007569742,2439.411278,,,,
191,4,0,0,155.5839,70.0,15.1,0.005666726,75.0622645297782,8.047485352,0.0,-0.030103485,-0.142702818,1.967702818,2456.11734,,,,
192,4,0,0,155.5839,71.0,15.1,0.005624713,75.2300617050488,8.399047852,0.0,-0.003259613,-0.179056406,2.004056406,2470.621356,,,,
193,4,0,0,155.7147,71.0,15.1,0.005570833,75.5188490132392,7.344360352,0.0,0.009203613,-0.260954618,2.085954618,2487.070334,,,,
194,4,0,0,155.7147,71.0,15.1,0.005534562,75.1666061852386,0.0,5.868530273,0.009203613,-0.312015295,2.137015295,2501.352526,,,,
195,4,0,0,155.4533,71.0,15.1,0.005509231,74.5590368830586,0.0,14.95056152,-0.004793549,-0.34036994,2.16536994,2517.548621,,,,
196,4,0,0,155.5839,71.0,15.1,0.00548912,74.0476702889702,0.0,262.0697021,0.00690271,-0.347295046,2.172295046,2531.610817,,,,
197,4,0,0,155.3229,70.0,15.1,0.005463168,73.4663190505048,0.0,262.3626709,0.063658325,-0.3279984,2.1529984,2547.57094,,,,
198,4,0,0,155.3229,70.0,15.1,0.005445614,72.9600709944732,0.0,261.1907959,0.016106323,-0.177090883,2.002090883,2561.565886,,,,
199,4,0,0,155.3229,70.0,15.1,0.005443221,72.4058624338326,0.0,243.9056396,-0.044675873,0.10244441,1.72255559,2577.665174,,,,
200,4,0,0,155.4533,72.0,15.4,0.005460911,71.908986771626,0.0,263.5345459,-0.054646454,0.265580416,1.559419584,2591.21452,,,,
201,4,0,0,155.7147,71.0,15.4,0.005492125,71.3786740131734,0.0,263.5345459,-0.052345551,0.278146982,1.546853018,2608.333846,,,,
202,4,0,0,155.977,70.0,15.4,0.005511778,70.907677873919,0.0,263.3880615,0.039882324,0.162512541,1.662487459,2622.198059,,,,
203,4,0,0,156.2402,70.0,15.4,0.005519921,70.3876636844614,0.0,263.973999,0.050619873,0.06007266,1.76492734,2639.527317,,,,
204,4,0,0,156.5043,69.0,15.6,0.005527626,69.9231199042558,0.0,55.96618652,-0.033938324,0.083325148,1.741674852,2653.362435,,,,
205,4,0,0,156.9021,69.0,15.6,0.005556651,69.3772268033952,0.0,61.53259277,-0.000959,0.104750872,1.720249128,2670.63548,,,,
206,4,0,0,157.1685,69.0,15.6,0.005605623,68.9202696450704,0.0,7.040405273,-0.001725677,0.07444787,1.75055213,2684.447392,,,,
207,4,0,0,157.5696,68.0,15.6,0.005683032,68.922336504339,9.676208496,0.0,-0.012463226,0.026740789,1.798259211,2701.701607,,,,
208,4,0,0,157.8382,68.0,15.8,0.005756464,69.3098191790668,11.21429443,0.0,0.014572388,-0.027730227,1.852730227,2715.497902,,,,
209,4,0,0,157.8382,68.0,15.8,0.005826483,69.0799757991174,0.0,263.5345459,0.038348389,-0.053338766,1.878338766,2732.727048,,,,
210,4,0,0,157.9729,68.0,15.7,0.005862909,68.608834175527,0.0,262.5091553,0.016106323,-0.007436037,1.832436037,2746.498105,,,,
211,4,0,0,157.9729,69.0,15.7,0.005871392,68.1070619837166,0.0,262.802124,-0.013997162,0.100098372,1.724901628,2763.024553,,,,
212,4,0,0,157.9729,69.0,15.9,0.005858247,67.6596245382004,0.0,263.3880615,0.023776001,0.174726725,1.650273275,2777.520043,,,,
213,4,0,0,158.6496,70.0,15.9,0.005832198,67.1653845886722,0.0,262.802124,-0.034705292,0.2351439,1.5898561,2794.128659,,,,
214,4,0,0,159.1951,69.0,16.1,0.005801131,66.7388726347862,0.0,263.5345459,-0.043141937,0.246137381,1.578862619,2808.69376,,,,
215,4,0,0,159.4693,69.0,16.1,0.005758506,66.2514723641646,0.0,198.2025146,-0.013997162,0.16241622,1.66258378,2825.379798,,,,
216,4,0,0,159.6067,69.0,16.3,0.005720976,65.8159536424082,0.0,169.3450928,-0.007094452,0.023747683,1.801252317,2840.019811,,,,
217,4,0,0,159.7444,68.0,16.3,0.005683394,65.335872183398,0.0,149.8626709,0.042183228,-0.155093908,1.980093908,2856.786375,,,,
218,4,0,0,160.0205,69.0,16.5,0.005660627,64.8900415351246,0.0,122.4700928,0.02761084,-0.286870718,2.111870718,2871.364467,,,,
219,4,0,0,160.2975,69.0,16.5,0.005646283,64.3830841946748,0.0,144.1497803,0.070561035,-0.324440718,2.149440718,2887.896511,,,,
220,4,0,0,160.4364,69.0,16.3,0.005632496,63.9591747366896,0.0,125.3997803,-0.013997162,-0.211477518,2.036477518,2902.250343,,,,
221,4,0,0,160.2975,69.0,16.3,0.005600218,63.461183238594,0.0,98.73962402,-0.044675873,-0.048668623,1.873668623,2918.526649,,,,
222,4,0,0,160.7149,68.0,16.5,0.005554045,63.0441430713714,0.0,50.39978027,0.003834839,0.01753974,1.80746026,2932.656994,,,,
223,4,0,0,160.7149,69.0,16.5,0.005484475,62.5535058869276,0.0,21.10290527,-0.010929291,0.076815844,1.748184156,2948.682909,,,,
224,4,0,0,160.7149,69.0,16.4,0.005414548,62.1272839039228,0.0,0.0,-0.02166684,0.11099267,1.71400733,2962.598097,,,,
225,4,0,0,160.9943,71.0,16.4,0.005334275,61.7885016761492,7.344360352,0.0,-0.008628387,0.099375963,1.725624037,2978.377842,,,,
226,4,0,0,161.1344,73.0,16.2,0.005271768,62.3086550574234,10.59906006,0.0,-0.024734711,0.053373098,1.771626902,2992.079276,,,,
227,4,0,0,161.5561,75.0,16.2,0.005212366,62.9616267056286,11.34613037,0.0,-0.013997162,-0.027734041,1.852734041,3007.617634,,,,
228,4,0,0,161.8385,75.0,16.1,0.005167848,63.6428304582782,14.16137695,0.0,0.050619873,-0.125718355,1.950718355,3021.109256,,,,
229,4,0,0,161.8385,74.0,16.1,0.005118059,64.7743457606566,17.37213135,0.0,0.018407227,-0.189480543,2.014480543,3035.780297,,,,
230,4,0,0,162.2639,73.0,16.0,0.005071173,65.8583437062884,16.22955322,0.0,0.010737549,-0.201027632,2.026027632,3049.825738,,,,
231,4,0,0,162.2639,71.0,16.0,0.005016252,66.9399550972606,16.05377197,0.0,0.003834839,-0.178992987,2.003992987,3064.587956,,,,
232,4,0,0,162.5488,69.0,15.9,0.004973903,67.8915547815146,16.27349854,0.0,-0.004793549,-0.14012742,1.96512742,3078.636425,,,,
233,4,0,0,162.6916,68.0,15.9,0.004939715,68.8979336473972,15.30670166,0.0,-0.010162323,-0.119762659,1.944762659,3093.210375,,,,
234,4,0,0,162.9779,68.0,15.8,0.004922525,69.2946179327892,0.0,82.77282715,0.001533936,-0.115265131,1.940265131,3107.043826,,,,
235,4,0,0,163.1215,67.0,15.8,0.004911572,68.7539823686812,0.0,70.46813965,0.009203613,-0.108461618,1.933461618,3121.395314,,,,
236,4,0,0,163.1215,67.0,15.7,0.004906282,68.2833791015076,0.0,63.7298584,0.008436646,-0.085830927,1.910830927,3134.400629,,,,
237,4,0,0,160.1589,67.0,15.7,0.004908042,67.7521570015814,0.0,53.1829834,0.008436646,-0.034169912,1.859169912,3149.149309,,,,
238,4,0,0,158.3782,67.0,15.7,0.004923153,67.2899069332108,0.0,54.06188965,-0.015531097,0.030702829,1.794297171,3161.95488,,,,
239,4,0,0,159.3321,66.0,15.7,0.004961121,66.7826220759776,0.0,53.62243652,-0.010162323,0.089241743,1.735758257,3176.477623,,,,
240,4,0,0,159.4693,66.0,15.6,0.005013567,66.3436036512704,0.0,52.74353027,-0.023200775,0.113496065,1.711503935,3189.088305,,,,
241,4,0,0,157.9729,66.0,15.6,0.005094348,65.8427454358328,0.0,50.2532959,-0.010929291,0.094308138,1.730691862,3203.389639,,,,
242,4,0,0,155.3229,66.0,15.5,0.005179741,65.410203896516,0.0,50.39978027,0.00690271,0.049351454,1.775648546,3215.806476,,,,
243,4,0,0,153.3931,67.0,15.5,0.005293001,64.9176206015838,0.0,56.25915527,0.009203613,0.007148981,1.817851019,3229.889173,,,,
244,4,0,0,151.0163,68.0,15.8,0.005411411,64.4912518306776,0.0,36.92321777,0.005368774,-0.021914721,1.846914721,3242.117375,,,,
245,4,0,0,149.7948,68.0,15.8,0.005569323,63.9897056545768,0.0,22.1282959,-0.000959,-0.037170649,1.862170649,3255.409917,,,,
246,4,0,0,149.0713,68.0,16.0,0.005712604,63.8540738750842,7.608032227,0.0,-0.000959,-0.040256739,1.865256739,3268.02822,,,,
247,4,0,0,148.3547,68.0,16.0,0.005855227,64.3846893021106,11.21429443,0.0,-0.010929291,-0.044177771,1.869177771,3281.234045,,,,
248,4,0,0,149.1914,68.0,16.2,0.00593266,64.9417343084078,11.21429443,0.0,-0.004793549,-0.068377256,1.893377256,3293.996258,,,,
249,4,0,0,149.4322,68.0,16.2,0.005937253,65.56957056029,11.21429443,0.0,-0.017832001,-0.116511106,1.941511106,3307.491194,,,,
250,4,0,0,150.5253,68.0,16.4,0.005871984,66.1237231641788,11.21429443,0.0,-0.019365936,-0.18409133,2.00909133,3320.605415,,,,
251,4,0,0,151.263,68.0,16.4,0.005762615,67.0524799569398,17.77038574,0.0,0.036047485,-0.258831263,2.083831263,3334.579645,,,,
252,4,0,0,152.008,67.0,16.5,0.005680184,67.9097113875814,11.21429443,0.0,-0.016298065,-0.241368532,2.066368532,3347.551926,,,,
253,4,0,0,152.8865,67.0,16.5,0.005627863,68.507010509524,12.35961914,0.0,-0.02856955,-0.218054056,2.043054056,3362.616129,,,,
254,4,0,0,153.7752,67.0,16.4,0.005620002,69.0768290244286,12.35961914,0.0,-0.010162323,-0.23298049,2.05798049,3375.992259,,,,
255,4,0,0,154.2877,67.0,16.4,0.005647672,69.7188078343628,12.35961914,0.0,-0.003259613,-0.29331708,2.11831708,3391.379261,,,,
256,4,0,0,154.5452,67.0,16.6,0.005698169,70.2733524734756,12.44750977,0.0,0.013038452,-0.361737967,2.186737967,3404.745628,,,,
257,4,0,0,154.6743,67.0,16.6,0.005776402,70.9006502562872,12.40356445,0.0,0.021475098,-0.42010951,2.24510951,3419.904212,,,,
258,4,0,0,154.9331,67.0,16.4,0.005852553,71.3388211703636,6.597290039,0.0,0.036047485,-0.42523551,2.25023551,3433.06615,,,,
259,4,0,0,155.3229,67.0,16.4,0.005939689,71.5347571727322,8.841247559,0.0,0.003834839,-0.350047827,2.175047827,3447.993045,,,,
260,4,0,0,155.4533,68.0,16.6,0.006009867,71.802192015297,9.236755371,0.0,0.012271484,-0.248026609,2.073026609,3460.954065,,,,
261,4,0,0,155.5839,68.0,16.6,0.006064815,72.1608957801286,10.24749756,0.0,0.013038452,-0.121074915,1.946074915,3475.653157,,,,
262,4,0,0,155.5839,68.0,16.4,0.006070433,72.5462756107454,10.90667725,0.0,-0.000959,0.005740881,1.819259119,3488.416249,,,,
263,4,0,0,156.1085,69.0,16.4,0.006023349,73.0034604906802,10.95062256,0.0,-0.033938324,0.154447794,1.670552206,3502.890952,,,,
264,4,0,0,156.1085,70.0,16.3,0.005952007,73.3869158564316,11.21429443,0.0,-0.019365936,0.226477861,1.598522139,3515.45933,,,,
265,4,0,0,156.6367,72.0,16.3,0.00585541,73.861277769362,11.21429443,0.0,-0.030870453,0.279052019,1.545947981,3529.713234,,,,
266,4,0,0,156.9021,73.0,16.4,0.005763568,74.239906869294,11.21429443,0.0,-0.02166684,0.27032876,1.55467124,3542.126871,,,,
267,4,0,0,157.5696,73.0,16.4,0.005664686,74.6087694963152,6.992797852,0.0,0.0,0.207326651,1.617673349,3556.406775,,,,
268,4,0,0,157.4357,75.0,16.3,0.005601282,74.7438897631822,8.047485352,0.0,0.010737549,0.154373407,1.670626593,3569.027966,,,,
269,4,0,0,157.7038,76.0,16.3,0.005558472,74.9515755568908,8.442993164,0.0,-0.004793549,0.094558954,1.730441046,3583.593879,,,,
270,4,0,0,158.1078,77.0,16.5,0.005536277,75.1391148760896,8.618774414,0.0,-0.007094452,0.04921174,1.77578826,3595.84542,,,,
271,4,0,0,158.3782,76.0,16.5,0.005518081,75.3595301307698,8.662719727,0.0,0.013038452,-0.018275499,1.843275499,3611.391498,,,,
272,4,0,0,158.6496,75.0,16.3,0.005508876,75.551843653639,8.618774414,0.0,0.013038452,-0.062256098,1.887256098,3623.98853,,,,
273,4,0,0,158.9219,75.0,16.3,0.005513607,75.7490028026878,8.003540039,0.0,-0.007094452,-0.082045317,1.907045317,3639.882013,,,,
274,4,0,0,157.4357,76.0,16.2,0.005539386,75.5633394589402,0.0,0.0,-0.007094452,-0.106250525,1.931250525,3652.719074,,,,
275,4,0,0,157.0352,80.0,16.2,0.005591415,75.0626428695188,0.0,0.0,0.009203613,-0.146755934,1.971755934,3666.963253,,,,
276,4,0,0,156.1085,83.0,15.8,0.005675298,74.5864606482078,2.680664063,0.0,-0.004793549,-0.201430559,2.026430559,3681.991958,,,,
277,4,0,0,155.4533,83.0,15.8,0.0057474,74.348505937164,3.12286377,0.0,0.003067871,-0.251921415,2.076921415,3695.828095,,,,
278,4,0,0,155.5839,80.0,15.7,0.005805885,74.1019991289866,3.342590332,0.0,0.013038452,-0.300372362,2.125372362,3711.701978,,,,
279,4,0,0,155.0628,79.0,15.7,0.005834332,73.8935046097412,3.078918457,0.0,0.005368774,-0.316404581,2.141404581,3725.645971,,,,
280,4,0,0,153.6476,79.0,15.3,0.005844021,73.4327477513962,0.0,263.6810303,0.012271484,-0.307932615,2.132932615,3741.659377,,,,
281,4,0,0,152.1329,79.0,15.3,0.005833568,72.9471549788088,0.0,263.2415771,0.00690271,-0.27400279,2.09900279,3755.753936,,,,
282,4,0,0,151.5106,81.0,15.0,0.005808139,72.3944998979768,0.0,257.3822021,0.018407227,-0.201907396,2.026907396,3771.966113,,,,
283,4,0,0,151.0163,80.0,15.0,0.005782054,71.9156575502996,0.0,257.8216553,-0.023200775,-0.10615325,1.93115325,3786.242461,,,,
284,4,0,0,150.8933,77.0,14.4,0.005746801,71.388612154382,0.0,263.8275146,-0.02166684,-0.036922216,1.861922216,3802.662013,,,,
285,4,0,0,150.4031,75.0,14.4,0.005706988,70.918143331472,0.0,226.7669678,0.009203613,-0.02979207,1.85479207,3817.117781,,,,
286,4,0,0,150.6478,74.0,13.9,0.005650244,70.398713960077,0.0,264.2669678,0.003067871,-0.02285409,1.84785409,3833.702912,,,,
287,4,0,0,151.5106,74.0,13.9,0.005596695,69.9522480248386,0.0,263.973999,-0.020132904,-0.00706172,1.83206172,3848.249818,,,,
288,4,0,0,152.258,74.0,13.4,0.005546429,69.4396581714162,0.0,263.973999,-0.030103485,-0.013294935,1.838294935,3864.922,,,,
289,4,0,0,152.6345,74.0,13.4,0.005524721,68.9818484169462,0.0,263.973999,0.02761084,-0.088731527,1.913731527,3879.553132,,,,
290,4,0,0,153.903,75.0,13.0,0.005529431,68.4608464628768,0.0,264.1204834,0.025309937,-0.185218573,2.010218573,3896.324395,,,,
291,4,0,0,153.903,76.0,13.0,0.00555483,68.0104627664358,0.0,116.4642334,0.014572388,-0.210767508,2.035767508,3911.041052,,,,
292,4,0,0,154.5452,76.0,12.6,0.005601059,67.4804799387766,0.0,0.0,0.003834839,-0.178449869,2.003449869,3927.849466,,,,
293,4,0,0,155.3229,77.0,12.6,0.005653291,67.5527976755384,7.959594727,0.0,-0.008628387,-0.129341841,1.954341841,3942.449456,,,,
294,4,0,0,155.7147,77.0,12.5,0.005730232,67.7950005774736,7.344360352,0.0,-0.015531097,-0.080224752,1.905224752,3959.025644,,,,
295,4,0,0,154.6743,77.0,12.5,0.005808069,68.131639920757,11.56585693,0.0,-0.023200775,-0.065435171,1.890435171,3972.787578,,,,
296,4,0,0,152.7604,78.0,12.8,0.0058807,68.7134571436194,11.30218506,0.0,-0.017832001,-0.09555459,1.92055459,3989.932699,,,,
297,4,0,0,152.008,78.0,12.8,0.005902341,69.1974833846508,11.30218506,0.0,0.019941162,-0.152893305,1.977893305,4003.597651,,,,
298,4,0,0,151.5106,78.0,13.0,0.005870243,69.7652628979622,11.21429443,0.0,-0.007094452,-0.182410002,2.007410002,4020.556339,,,,
299,4,0,0,150.7704,77.0,13.0,0.005810703,70.226964149206,11.21429443,0.0,0.003834839,-0.178935289,2.003935289,4034.018575,,,,
300,4,0,0,150.8933,76.0,13.5,0.005737168,70.7213082391256,11.12640381,0.0,0.017640259,-0.176906347,2.001906347,4050.716509,,,,
301,4,0,0,151.8834,76.0,13.5,0.005685766,71.182231599787,11.21429443,0.0,0.017640259,-0.172534704,1.997534704,4063.972217,,,,
302,4,0,0,153.1394,76.0,14.2,0.005648722,71.8937566698822,15.39459229,0.0,0.00690271,-0.145492315,1.970492315,4080.414548,,,,
303,4,0,0,154.2877,77.0,14.2,0.005629402,72.5938898819468,13.89770508,0.0,-0.003259613,-0.105779886,1.930779886,4093.46729,,,,
304,4,0,0,154.9331,76.0,14.9,0.005613184,72.4775300455146,6.729125977,0.0,0.0,-0.058912516,1.883912516,4109.657871,,,,
305,4,0,0,154.9331,76.0,14.9,0.005608033,72.5157733873904,4.045715332,0.0,-0.020132904,-0.022849798,1.847849798,4122.510679,,,,
306,4,0,0,155.3229,76.0,15.5,0.005621647,72.430717418754,5.58380127,0.0,0.012271484,-0.000641,1.825640631,4137.81792,,,,
307,4,0,0,155.3229,76.0,15.5,0.005644585,72.4439162115498,6.157836914,0.0,0.001533936,0.022255659,1.802744341,4151.1092,,,,
308,4,0,0,155.8458,76.0,16.4,0.005663595,72.5044602904594,6.289672852,0.0,-0.000959,0.056965113,1.768034887,4166.182712,,,,
309,4,0,0,156.3722,76.0,16.4,0.005664081,72.5466194623298,6.201782227,0.0,-0.010929291,0.083779097,1.741220903,4179.301331,,,,
310,4,0,0,156.6367,77.0,16.8,0.005652692,72.6096887888202,6.333618164,0.0,-0.012463226,0.094349623,1.730650377,4194.339141,,,,
311,4,0,0,156.3722,77.0,16.8,0.005645879,72.6580249777588,6.245727539,0.0,-0.012463226,0.076909781,1.748090219,4207.54934,,,,
312,4,0,0,157.9729,77.0,17.5,0.005652233,72.689008763922,5.894165039,0.0,-0.010929291,0.025004148,1.799995852,4222.767524,,,,
313,4,0,0,158.5138,78.0,17.5,0.005667592,72.7081287048194,5.982055664,0.0,0.012271484,-0.045012236,1.870012236,4236.194731,,,,
314,4,0,0,158.7856,80.0,18.2,0.005686403,72.7345483222756,6.113891602,0.0,0.025309937,-0.104716539,1.929716539,4251.664705,,,,
315,4,0,0,159.1951,81.0,18.2,0.005701844,72.787648028867,6.377563477,0.0,-0.010929291,-0.102543592,1.927543592,4265.306509,,,,
316,4,0,0,159.1951,79.0,18.4,0.005722294,72.850937094641,6.026000977,0.0,-0.037773163,-0.10282445,1.92782445,4281.013222,,,,
317,4,0,0,158.6496,78.0,18.4,0.00574232,72.8926792060504,6.333618164,0.0,-0.015531097,-0.137476683,1.962476683,4294.857432,,,,
318,4,0,0,158.9219,76.0,18.7,0.005761407,72.9552650224312,6.289672852,0.0,-0.012463226,-0.213770151,2.038770151,4310.841692,,,,
319,4,0,0,159.1951,76.0,18.7,0.005769357,73.0062457432314,6.421508789,0.0,0.039882324,-0.300851107,2.125851107,4324.959857,,,,
320,4,0,0,159.8823,76.0,18.6,0.005764845,73.074512883867,6.333618164,0.0,0.014572388,-0.339316607,2.164316607,4341.07076,,,,
321,4,0,0,160.1589,76.0,18.6,0.0057452,73.1269732157698,6.377563477,0.0,0.036047485,-0.312391043,2.137391043,4355.161705,,,,
322,4,0,0,160.4364,77.0,18.6,0.005699026,73.1853436557018,6.333618164,0.0,0.023009033,-0.193470716,2.018470716,4371.257314,,,,
323,4,0,0,160.8545,76.0,18.6,0.005640912,73.230033385975,6.333618164,0.0,-0.005560516,-0.036528826,1.861528826,4385.348962,,,,
324,4,0,0,161.1344,76.0,18.5,0.005573959,73.2628180879718,6.026000977,0.0,-0.019365936,0.156977415,1.668022585,4400.794693,,,,
325,4,0,0,160.8545,76.0,18.5,0.005536646,73.3043280681796,6.421508789,0.0,-0.032404388,0.288101912,1.536898088,4415.580832,,,,
326,4,0,0,161.5561,75.0,18.5,0.005529916,73.3676691156356,6.509399414,0.0,-0.02166684,0.348165751,1.476834249,4431.051648,,,,
327,4,0,0,161.8385,75.0,18.5,0.005546992,73.4331124922138,6.773071289,0.0,-0.005560516,0.349488497,1.475511503,4445.857175,,,,
328,4,0,0,161.5561,75.0,18.1,0.005577221,73.5235773399364,6.817016602,0.0,0.0,0.335011244,1.489988756,4461.340447,,,,
329,4,0,0,162.1219,75.0,18.1,0.005607434,73.6048589073774,6.860961914,0.0,0.005368774,0.323741198,1.501258802,4476.156775,,,,
330,4,0,0,162.1219,75.0,18.1,0.005647012,73.6983810665782,6.860961914,0.0,0.0,0.321347475,1.503652525,4491.659514,,,,
331,4,0,0,162.2639,75.0,18.1,0.005686962,73.7867486385062,6.948852539,0.0,0.003834839,0.327574015,1.497425985,4505.825553,,,,
332,4,0,0,162.4062,78.0,17.8,0.00573468,73.8932413860908,6.992797852,0.0,-0.005560516,0.338807821,1.486192179,4522.027619,,,,
333,4,0,0,162.2639,79.0,17.8,0.00577089,73.9853749584594,6.948852539,0.0,-0.004793549,0.343112707,1.481887293,4536.216278,,,,
334,4,0,0,162.5488,81.0,17.5,0.00580166,74.0936199232492,7.080688477,0.0,-0.004793549,0.335135221,1.489864779,4552.446843,,,,
335,4,0,0,163.2653,80.0,17.5,0.005823098,74.1917615641728,7.212524414,0.0,-0.012463226,0.317200899,1.507799101,4566.661128,,,,
336,4,0,0,163.6983,79.0,17.3,0.005847219,74.3166441755638,7.344360352,0.0,-0.000959,0.270848036,1.554151964,4582.918759,,,,
337,4,0,0,163.5537,77.0,17.3,0.005869681,74.402472257252,5.982055664,0.0,0.009203613,0.210070372,1.614929628,4597.154304,,,,
338,4,0,0,163.5537,76.0,17.1,0.00589335,74.389123586622,2.680664063,0.0,0.032212646,0.170909166,1.654090834,4613.432302,,,,
339,4,0,0,163.5537,76.0,17.1,0.005905956,73.9187237561178,0.0,31.06384277,0.0,0.204058886,1.620941114,4627.684914,,,,
340,4,0,0,163.6983,76.0,16.9,0.005906685,73.3750927113744,0.0,37.65563965,-0.025501678,0.278670073,1.546329927,4643.988447,,,,
341,4,0,0,163.6983,76.0,16.9,0.005900858,72.8940126408008,3.82598877,0.0,-0.004793549,0.302944422,1.522055578,4658.269252,,,,
342,4,0,0,163.5537,76.0,16.7,0.005908907,72.8649747880986,5.627746582,0.0,-0.008628387,0.284980536,1.540019464,4674.610783,,,,
343,4,0,0,164.2791,76.0,16.7,0.005945915,72.861724339727,5.627746582,0.0,-0.02166684,0.25372386,1.57127614,4688.927942,,,,
344,4,0,0,164.425,75.0,16.8,0.006011241,72.8502282286512,0.0,0.0,0.003067871,0.176462412,1.648537588,4705.312084,,,,
345,4,0,0,164.7175,74.0,16.8,0.006058011,72.3864201582266,0.0,36.7767334,0.037581421,0.095834494,1.729165506,4719.668765,,,,
346,4,0,0,164.5711,74.0,16.6,0.006074075,71.8370126933278,0.0,28.28063965,-0.004793549,0.070079565,1.754920435,4736.100401,,,,
347,4,0,0,164.8642,74.0,16.6,0.006061326,71.3634103245038,0.0,27.69470215,-0.030870453,0.081625223,1.743374777,4750.499107,,,,
348,4,0,0,164.8642,75.0,16.8,0.006042159,70.8219278452208,0.0,6.161499023,-0.013997162,0.00978446,1.81521554,4766.980597,,,,
349,4,0,0,164.8642,75.0,16.8,0.006034568,70.3553023515384,0.0,3.085327148,-0.013997162,-0.113833189,1.938833189,4780.737805,,,,
350,4,0,0,164.8642,74.0,16.6,0.006035602,69.840897403997,0.0,6.161499023,0.071328003,-0.284702063,2.109702063,4797.957775,,,,
351,4,0,0,165.1582,74.0,16.6,0.00603972,69.377955303333,0.0,15.53649902,0.042183228,-0.371868372,2.196868372,4811.725387,,,,
352,4,0,0,165.1582,73.0,16.7,0.006043126,68.8528697777608,0.0,19.05212402,0.003067871,-0.309129,2.134129,4828.820463,,,,
353,4,0,0,165.1582,71.0,16.7,0.006040116,68.4002278393384,0.0,40.58532715,0.003067871,-0.23073554,2.05573554,4842.391063,,,,
354,4,0,0,165.1582,69.0,16.6,0.00601914,67.8834864037048,0.0,72.22595215,-0.010929291,-0.122724295,1.947724295,4859.262858,,,,
355,4,0,0,165.7495,67.0,16.6,0.005980113,67.453658131161,0.0,70.90759277,-0.003259613,-0.044350386,1.869350386,4872.755535,,,,
356,4,0,0,165.6013,67.0,16.7,0.005924082,66.9449171591892,0.0,87.89978027,-0.007094452,0.036757231,1.788242769,4889.619753,,,,
357,4,0,0,165.6013,68.0,16.7,0.005885932,66.504966604754,0.0,205.9661865,-0.010929291,0.098495245,1.726504755,4903.056856,,,,
358,4,0,0,166.0468,69.0,16.5,0.005869812,66.0196823909248,0.0,202.0111084,-0.017832001,0.145356894,1.679643106,4919.059993,,,,
359,4,0,0,166.4946,70.0,16.5,0.005875362,65.5693620541996,0.0,195.8587646,-0.007094452,0.152938604,1.672061396,4932.954901,,,,
360,4,0,0,166.7945,70.0,16.7,0.005886864,65.0905880390988,0.0,237.020874,0.02761084,0.12637496,1.69862504,4948.712137,,,,
361,4,0,0,166.6444,71.0,16.7,0.005890303,64.647516266294,0.0,259.286499,0.003834839,0.130242109,1.694757891,4962.393185,,,,
362,4,0,0,166.7945,73.0,16.5,0.005891651,64.1601453017538,0.0,261.4837646,-0.02856955,0.170059919,1.654940081,4977.908533,,,,
363,4,0,0,167.2465,73.0,16.5,0.005896999,63.7384947938596,0.0,263.2415771,-0.016298065,0.180315733,1.644684267,4991.380394,,,,
364,4,0,0,166.9449,72.0,16.4,0.005893667,63.2580729594394,0.0,263.0950928,0.003067871,0.141249895,1.683750105,5006.658329,,,,
365,4,0,0,165.6013,70.0,16.4,0.005869557,62.8275868530772,0.0,249.3255615,0.003067871,0.098626375,1.726373625,5019.923803,,,,
366,4,0,0,165.4533,70.0,16.2,0.005832801,62.4148741528344,0.0,263.2415771,0.010737549,0.065263033,1.759736967,5033.094402,,,,
367,4,0,0,165.4533,69.0,16.2,0.00579651,61.943664615096,0.0,262.802124,0.001533936,0.050250292,1.774749708,5048.031204,,,,
368,4,0,0,164.8642,68.0,16.1,0.005778356,61.5223734084502,0.0,263.5345459,0.001533936,0.050743341,1.774256659,5061.00078,,,,
369,4,0,0,164.1335,68.0,16.1,0.005770337,61.0576553850028,0.0,196.7376709,0.009203613,0.061441183,1.763558817,5075.709699,,,,
370,4,0,0,163.5537,68.0,16.0,0.005770456,60.6420390974386,0.0,135.3607178,-0.036239227,0.086836576,1.738163424,5088.481422,,,,
371,4,0,0,163.2653,68.0,16.0,0.005771843,60.1989779784646,0.0,120.7122803,-0.025501678,0.073450804,1.751549196,5102.965848,,,,
372,4,0,0,162.9779,68.0,15.9,0.005765059,59.7880169643448,0.0,80.1361084,-0.000959,0.007836103,1.817163897,5114.945744,,,,
373,4,0,0,163.5537,68.0,15.9,0.005749035,59.3367167809606,0.0,8.065795898,0.00690271,-0.072914839,1.897914839,5129.805914,,,,
374,4,0,0,164.1335,68.0,16.1,0.005741865,58.9463130253856,0.0,0.0,0.00690271,-0.126796007,1.951796007,5141.602976,,,,
375,4,0,0,164.425,68.0,16.1,0.005752539,58.4875611632796,0.0,0.0,0.02761084,-0.164556742,1.989556742,5156.236324,,,,
376,4,0,0,163.9882,68.0,16.0,0.005771547,58.1034336244904,0.0,0.0,-0.000959,-0.149432421,1.974432421,5167.853349,,,,
377,4,0,0,163.1215,69.0,16.0,0.005789923,57.7734664921932,3.606262207,0.0,-0.037773163,-0.11917758,1.94417758,5182.263474,,,,
378,4,0,0,162.8346,69.0,16.2,0.005802775,57.9046137009352,5.364074707,0.0,-0.060015228,-0.138277292,1.963277292,5193.703265,,,,
379,4,0,0,163.6983,70.0,16.2,0.005821805,57.6137358761782,0.0,15.39001465,-0.052345551,-0.264736891,2.089736891,5207.893448,,,,
380,4,0,0,163.9882,71.0,16.4,0.005843631,57.2334686934338,0.0,6.161499023,-0.017832001,-0.477469683,2.302469683,5219.158562,,,,
381,4,0,0,164.2791,71.0,16.4,0.005870934,56.7860124025462,0.0,0.0,0.010737549,-0.803685904,2.628685904,5233.131956,,,,
382,4,0,0,164.425,70.0,16.5,0.00589447,56.409698611792,0.0,0.0,0.078230713,-1.056482553,2.881482553,5244.224709,,,,
383,4,0,0,164.2791,71.0,16.5,0.005919343,55.9809369454266,0.0,0.0,-0.025501678,-1.221307039,3.046307039,5257.43619,,,,
384,4,0,0,163.9882,71.0,16.4,0.005936242,55.8616051730032,2.28515625,0.0,-0.020132904,-1.370577097,3.195577097,5268.907694,,,,
385,4,0,0,164.1335,71.0,16.4,0.005943953,55.9982523977556,8.574829102,0.0,-0.027035614,-1.577004433,3.402004433,5281.917586,,,,
386,4,0,0,163.9882,71.0,16.6,0.00593803,56.3741717553692,8.399047852,0.0,-0.02166684,-1.795939922,3.620939922,5293.214045,,,,
387,4,0,0,164.2791,70.0,16.6,0.005920221,57.1276778273034,11.434021,0.0,-0.019365936,1.506043196,3.968956804,5306.059268,,,,
388,4,0,0,164.425,70.0,16.7,0.005898714,57.950886522873,13.23852539,0.0,-0.007094452,1.195497513,4.279502487,5317.312935,,,,
389,4,0,0,164.5711,69.0,16.7,0.005868643,58.9328127066474,14.64752197,0.0,0.037581421,0.827627897,4.647372103,5330.094882,,,,
390,4,0,0,165.0111,69.0,16.8,0.005836921,59.9379433523326,15.92193604,0.0,0.065192261,0.528633356,4.946366644,5341.191141,,,,
391,4,0,0,165.3057,69.0,16.8,0.005799079,61.1776632572536,15.74615479,0.0,0.06212439,0.333144188,5.141855812,5353.775062,,,,
392,4,0,0,165.6013,68.0,16.9,0.005775871,62.1834159289422,15.74615479,0.0,0.050619873,0.276932001,5.198067999,5364.703371,,,,
393,4,0,0,165.7495,68.0,16.9,0.00576883,63.3390820817118,15.35064697,0.0,-0.007094452,0.333039761,5.141960239,5377.126337,,,,
394,4,0,0,165.898,68.0,16.7,0.005778532,64.2673051368618,15.4385376,0.0,-0.010162323,0.408149004,5.066850996,5387.989894,,,,
395,4,0,0,165.898,68.0,16.7,0.005812152,65.3274587791856,14.7354126,0.0,-0.017832001,0.477196932,4.997803068,5400.494575,,,,
396,4,0,0,166.0468,68.0,16.9,0.005867149,65.960488982797,11.78833008,0.0,-0.039307098,0.511147976,4.963852024,5411.562198,,,,
397,4,0,0,166.3451,69.0,16.9,0.005946427,66.5927935671892,11.70043945,0.0,-0.012463226,0.472123384,5.002876616,5424.411284,,,,
398,4,0,0,166.3451,69.0,16.7,0.00600162,67.1751503212866,12.2277832,0.0,-0.013997162,0.36468482,5.11031518,5435.849439,,,,
399,4,0,0,166.9449,70.0,16.7,0.006014115,67.8464328951712,12.31567383,0.0,-0.02166684,0.248370647,5.226629353,5449.182491,,,,
400,4,0,0,166.9449,70.0,16.5,0.005970723,68.3972395524528,11.25823975,0.0,0.017640259,0.125234127,5.349765873,5461.086735,,,,
401,4,0,0,167.2465,69.0,16.5,0.005874104,68.98120962162,11.434021,0.0,0.014572388,0.000441,5.474558687,5474.368992,,,,
402,4,0,0,166.7945,69.0,16.4,0.005771472,69.480963121708,11.74438477,0.0,0.00690271,-0.079975724,5.554975724,5487.303019,,,,
403,4,0,0,164.425,69.0,16.4,0.005658166,70.110423712639,12.27172852,0.0,0.017640259,-0.146669865,5.621669865,5501.055853,,,,
404,4,0,0,162.8346,70.0,16.5,0.005575253,70.4503898996638,5.23223877,0.0,-0.001725677,-0.172487617,5.647487617,5514.40923,,,,
405,4,0,0,163.2653,69.0,16.5,0.00551063,70.5577022519236,7.212524414,0.0,0.00690271,-0.202113986,5.677113986,5528.513335,,,,
406,4,0,0,163.4094,69.0,16.4,0.005493109,70.6912144340758,6.597290039,0.0,0.032979614,-0.24614346,5.72114346,5542.135133,,,,
407,4,0,0,161.5561,69.0,16.4,0.005526479,70.8012065788366,6.421508789,0.0,0.00690271,-0.261448383,5.736448383,5556.519156,,,,
408,4,0,0,160.4364,68.0,16.3,0.005589494,70.893430789234,6.509399414,0.0,-0.000959,-0.259415507,5.734415507,5569.779131,,,,
409,4,0,0,159.7444,67.0,16.3,0.005663839,71.004955556757,6.685180664,0.0,0.023009033,-0.256806254,5.731806254,5585.064278,,,,
410,4,0,0,156.6367,67.0,16.1,0.005709408,71.104819609909,6.333618164,0.0,0.001533936,-0.241722584,5.716722584,5598.551889,,,,
411,4,0,0,155.5839,68.0,16.1,0.005740809,71.1932140256282,6.641235352,0.0,-0.000959,-0.212078929,5.687078929,5614.101895,,,,
412,4,0,0,154.8036,67.0,16.0,0.005763844,71.279269169097,6.377563477,0.0,-0.016298065,-0.189718127,5.664718127,5627.795036,,,,
413,4,0,0,155.3229,68.0,16.0,0.00580008,71.372479245085,6.465454102,0.0,-0.010929291,-0.195591092,5.670591092,5643.472299,,,,
414,4,0,0,154.9331,69.0,15.9,0.005843823,71.4572424264952,6.641235352,0.0,0.00690271,-0.23311615,5.70811615,5657.218719,,,,
415,4,0,0,154.1592,71.0,15.9,0.005900392,71.594478202979,7.212524414,0.0,0.008436646,-0.280382276,5.755382276,5672.953674,,,,
416,4,0,0,153.2661,72.0,15.8,0.005947122,71.745528039034,7.564086914,0.0,0.032212646,-0.304469228,5.779469228,5686.742744,,,,
417,4,0,0,152.1329,73.0,15.8,0.005989588,71.9457904623114,8.399047852,0.0,0.026843872,-0.274013638,5.749013638,5702.527193,,,,
418,4,0,0,150.7704,72.0,15.8,0.006011327,72.1748445736446,8.486938477,0.0,-0.010162323,-0.190932274,5.665932274,5716.358166,,,,
419,4,0,0,150.4031,71.0,15.8,0.006015273,72.4286712555978,8.486938477,0.0,0.012271484,-0.098320127,5.573320127,5731.526469,,,,
420,4,0,0,149.6737,71.0,15.4,0.005998928,72.6640566875184,9.060974121,0.0,0.005368774,-0.006687045,5.481687045,5746.054702,,,,
421,4,0,0,148.5928,70.0,15.4,0.005955067,72.9843037763638,9.324645996,0.0,-0.001725677,0.102683783,5.372316217,5761.263451,,,,
422,4,0,0,148.4737,70.0,15.4,0.005901899,73.2524352861212,9.324645996,0.0,-0.023200775,0.186315298,5.288684702,5775.83512,,,,
423,4,0,0,148.4737,69.0,15.4,0.005845921,73.5819400711298,9.676208496,0.0,-0.003259613,0.22472024,5.25027976,5791.150259,,,,
424,4,0,0,148.9514,68.0,15.0,0.005815724,73.89009332393,9.808044434,0.0,-0.003259613,0.224900484,5.250099516,5805.793392,,,,
425,4,0,0,149.7948,69.0,15.0,0.005811071,74.2352039593856,9.895935059,0.0,-0.005560516,0.215496302,5.259503698,5821.153921,,,,
426,4,0,0,150.8933,70.0,15.0,0.005834762,74.5481143729456,10.07171631,0.0,0.0,0.1949687,5.2800313,5835.227792,,,,
427,4,0,0,152.1329,71.0,15.0,0.005878093,74.9113215378058,10.11566162,0.0,0.010737549,0.163001776,5.311998224,5851.37309,,,,
428,4,0,0,153.1394,71.0,15.0,0.005908855,75.193740076067,7.739868164,0.0,0.017640259,0.151477575,5.323522425,5865.560818,,,,
429,4,0,0,154.031,71.0,15.0,0.005926485,75.3578360107386,7.564086914,0.0,0.008436646,0.176200867,5.298799133,5881.845232,,,,
430,4,0,0,154.4163,71.0,15.3,0.005932164,75.4707785907082,7.783813477,0.0,-0.013997162,0.217725515,5.257274485,5896.157846,,,,
431,4,0,0,154.8036,71.0,15.3,0.005936204,75.638226909347,8.135375977,0.0,-0.017832001,0.246088028,5.228911972,5912.5924,,,,
432,4,0,0,155.3229,70.0,15.3,0.00594213,75.751262203394,7.388305664,0.0,-0.012463226,0.23093152,5.24406848,5927.040843,,,,
433,4,0,0,155.5839,71.0,15.3,0.005951311,75.8098542977242,6.553344727,0.0,0.0,0.174480915,5.300519085,5943.632054,,,,
434,4,0,0,155.5839,71.0,15.6,0.005959696,75.8489989987472,6.729125977,0.0,-0.005560516,0.117775679,5.357224321,5958.218673,,,,
435,4,0,0,155.8458,70.0,15.6,0.005969089,75.9143365129402,7.256469727,0.0,0.009203613,0.047796845,5.427203155,5974.943996,,,,
436,4,0,0,156.5043,70.0,15.5,0.005970047,76.0427533637184,9.236755371,0.0,0.039882324,0.007257104,5.467742896,5989.606599,,,,
437,4,0,0,156.9021,69.0,15.5,0.005949912,76.398608355349,11.21429443,0.0,0.032212646,0.06543529,5.40956471,6006.397235,,,,
438,4,0,0,157.1685,68.0,15.5,0.005913022,76.753521255437,11.17034912,0.0,-0.023200775,0.193926215,5.281073785,6021.11942,,,,
439,4,0,0,157.4357,68.0,15.5,0.005861584,77.1036152443894,10.33538818,0.0,-0.065384003,0.326310396,5.148689604,6037.963184,,,,
440,4,0,0,158.1078,67.0,15.7,0.005821328,77.3660339351082,9.632263184,0.0,-0.049277679,0.307304621,5.167695379,6052.709382,,,,
441,4,0,0,158.1078,67.0,15.7,0.005795022,77.4763400138228,7.212524414,0.0,-0.012463226,0.123195171,5.351804829,6069.576162,,,,
442,4,0,0,158.2429,68.0,15.9,0.005797182,77.5395404693364,7.212524414,0.0,0.03451355,-0.127225518,5.602225518,6084.362996,,,,
443,4,0,0,158.7856,68.0,15.9,0.005823859,77.5854884138084,6.773071289,0.0,0.065959229,-0.342159152,5.817159152,6101.33974,,,,
444,4,0,0,158.9219,68.0,16.1,0.005852147,77.6082294501728,6.729125977,0.0,0.036047485,-0.366801858,5.841801858,6115.560503,,,,
445,4,0,0,159.0584,68.0,16.1,0.005873277,77.6374887641524,6.904907227,0.0,-0.005560516,-0.235926986,5.710926986,6133.417925,,,,
446,4,0,0,159.1951,68.0,16.0,0.005885118,77.7155435244264,7.608032227,0.0,-0.019365936,-0.087868333,5.562868333,6147.752946,,,,
447,4,0,0,159.3321,69.0,16.0,0.005899693,77.8124510268776,7.520141602,0.0,-0.048510712,0.037043691,5.437956309,6165.688917,,,,
448,4,0,0,159.6067,69.0,15.9,0.005904808,77.8686073207442,7.124633789,0.0,-0.030103485,0.047641873,5.427358127,6180.050654,,,,
449,4,0,0,159.8823,69.0,15.9,0.005886834,77.911402439409,6.333618164,0.0,0.010737549,-0.018220067,5.493220067,6198.012031,,,,
450,4,0,0,159.8823,70.0,15.5,0.005857374,77.8454868341946,0.0,0.0,0.013038452,-0.068315744,5.543315744,6212.385805,,,,
451,4,0,0,160.4364,71.0,15.5,0.005827812,77.5043551148616,2.109375,0.0,0.00690271,-0.080098867,5.555098867,6230.367506,,,,
452,4,0,0,160.5755,71.0,15.5,0.005805717,77.0110109561642,0.0,0.0,0.003834839,-0.059912205,5.534912205,6244.771802,,,,
453,4,0,0,160.5755,72.0,15.5,0.005772791,76.4239963697718,0.0,0.0,-0.004793549,-0.022452116,5.497452116,6262.074055,,,,
454,4,0,0,161.1344,74.0,15.4,0.005732761,75.9353097215014,0.0,0.0,-0.010162323,0.00034,5.474660492,6277.221641,,,,
455,4,0,0,161.5561,73.0,15.4,0.005672202,75.3590516578944,0.0,0.0,-0.012463226,0.00940454,5.46559546,6294.505762,,,,
456,4,0,0,161.6972,72.0,15.4,0.005605685,75.1642653519284,5.144348145,0.0,0.003067871,0.007930517,5.467069483,6309.561586,,,,
457,4,0,0,161.8385,72.0,15.4,0.005530327,75.0470570553548,4.045715332,0.0,0.019941162,0.004979849,5.470020151,6324.514449,,,,
458,4,0,0,161.98,71.0,15.7,0.005442066,74.870661289118,3.957824707,0.0,0.029144775,0.045500755,5.429499245,6341.471043,,,,
459,4,0,0,161.8385,70.0,15.7,0.005372014,74.7103213447922,3.82598877,0.0,0.038348389,0.151056767,5.323943233,6356.193472,,,,
460,4,0,0,161.98,69.0,15.6,0.005312377,74.5087881061838,3.47442627,0.0,0.012271484,0.384884119,5.090115881,6372.912523,,,,
461,4,0,0,162.5488,69.0,15.6,0.005281413,74.2772969391018,2.548828125,0.0,0.0,0.638296843,4.836703157,6387.514286,,,,
462,4,0,0,162.6916,68.0,15.5,0.005258857,74.0552288117746,3.518371582,0.0,0.0,0.9611938,4.5138062,6404.162651,,,,
463,4,0,0,162.4062,68.0,15.5,0.005243954,73.8742977483904,3.606262207,0.0,-0.013997162,1.253200054,4.221799946,6418.693227,,,,
464,4,0,0,162.4062,67.0,15.5,0.005245366,73.6755863909116,3.606262207,0.0,0.008436646,1.535309315,3.939690685,6435.252359,,,,
465,4,0,0,162.4062,68.0,15.5,0.005279052,73.5095645912488,4.045715332,0.0,0.03451355,1.782007217,3.692992783,6449.689402,,,,
466,4,0,0,161.2747,68.0,15.7,0.005353803,73.4471939275326,5.715637207,0.0,0.00690271,-1.465583563,3.290583563,6466.138225,,,,
467,4,0,0,159.6067,68.0,15.7,0.005432336,73.4399758766986,5.627746582,0.0,0.00690271,-1.151718855,2.976718855,6480.490443,,,,
468,4,0,0,158.1078,68.0,15.7,0.005519866,73.4299904369874,5.671691895,0.0,0.003067871,-0.770068884,2.595068884,6496.84747,,,,
469,4,0,0,156.9021,69.0,15.7,0.00559196,73.3919611373316,3.957824707,0.0,-0.02166684,-0.427400351,2.252400351,6510.448787,,,,
470,4,0,0,156.2402,69.0,15.9,0.005663852,73.3231432161744,5.012512207,0.0,-0.063850067,-0.086633444,1.911633444,6527.443958,,,,
471,4,0,0,156.2402,69.0,15.9,0.005700198,73.1910261547748,3.606262207,0.0,-0.068451874,0.061591387,1.763408613,6541.037853,,,,
472,4,0,0,156.7693,69.0,15.8,0.005689071,73.0103464702986,3.957824707,0.0,-0.040074066,0.020630121,1.804369879,6558.023907,,,,
473,4,0,0,157.302,70.0,15.8,0.005635388,72.8788273913628,4.00177002,0.0,0.001533936,-0.144349813,1.969349813,6571.601296,,,,
474,4,0,0,158.1078,70.0,15.7,0.005549308,72.7298784682108,3.957824707,0.0,0.0690271,-0.378183126,2.203183126,6588.548599,,,,
475,4,0,0,158.9219,69.0,15.7,0.005476802,72.5847439866334,3.65020752,0.0,0.070561035,-0.454655409,2.279655409,6602.07139,,,,
476,4,0,0,159.4693,69.0,15.7,0.00541643,72.4002316267604,3.738098145,0.0,-0.005560516,-0.361630201,2.186630201,6618.93721,,,,
477,4,0,0,160.0205,69.0,15.7,0.005383801,72.2512308184868,3.738098145,0.0,-0.033938324,-0.25795722,2.08295722,6632.402494,,,,
478,4,0,0,160.4364,68.0,15.6,0.005362942,72.100839894508,4.00177002,0.0,-0.036239227,-0.208899736,2.033899736,6648.523846,,,,
479,4,0,0,160.8545,68.0,15.6,0.005363426,71.9698766172346,3.913879395,0.0,-0.030103485,-0.271984816,2.096984816,6662.593645,,,,
480,4,0,0,160.9943,68.0,15.5,0.005397656,71.8312410529122,3.957824707,0.0,0.030678711,-0.401955843,2.226955843,6678.635691,,,,
481,4,0,0,161.2747,67.0,15.5,0.005461912,71.7089084890314,4.045715332,0.0,0.032212646,-0.475681067,2.300681067,6692.643457,,,,
482,4,0,0,161.5561,67.0,15.5,0.005565694,71.6426420637904,5.23223877,0.0,0.017640259,-0.47339654,2.29839654,6708.619193,,,,
483,4,0,0,161.8385,67.0,15.5,0.005665485,71.6209985007456,5.276184082,0.0,0.008436646,-0.418558836,2.243558836,6722.570449,,,,
484,4,0,0,161.98,67.0,15.5,0.005765227,71.6353128236558,6.157836914,0.0,0.003834839,-0.341659784,2.166659784,6738.492459,,,,
485,4,0,0,162.1219,68.0,15.5,0.005822669,71.6646088627742,5.671691895,0.0,0.02761084,-0.260425329,2.085425329,6752.418916,,,,
486,4,0,0,162.5488,68.0,15.4,0.00584593,71.6761091259472,5.58380127,0.0,-0.003259613,-0.122134924,1.947134924,6768.336329,,,,
487,4,0,0,162.8346,69.0,15.4,0.005836406,71.6833357062832,5.58380127,0.0,-0.061549164,0.002913713,1.822086287,6782.270094,,,,
488,4,0,0,163.1215,71.0,15.4,0.005808782,71.4616001973472,0.0,0.0,-0.049277679,0.038454294,1.786545706,6798.196742,,,,
489,4,0,0,163.1215,71.0,15.4,0.005785188,71.2936340735634,6.641235352,0.0,-0.001725677,-0.066643,1.891643,6812.133965,,,,
490,4,0,0,163.1215,73.0,15.3,0.005774009,71.3907241878244,6.992797852,0.0,0.043717163,-0.257309198,2.082309198,6827.996526,,,,
491,4,0,0,163.2653,75.0,15.3,0.005780586,71.5057158760424,6.904907227,0.0,0.017640259,-0.32760787,2.15260787,6841.864178,,,,
492,4,0,0,163.5537,76.0,15.3,0.005792474,71.6398284868552,6.948852539,0.0,0.021475098,-0.334231138,2.159231138,6857.739477,,,,
493,4,0,0,163.6983,76.0,15.3,0.005792862,71.7542579521442,6.860961914,0.0,-0.004793549,-0.2954638,2.1204638,6871.657399,,,,
494,4,0,0,163.9882,76.0,15.3,0.005775324,71.8638413567318,6.641235352,0.0,-0.010162323,-0.2344172,2.0594172,6887.593333,,,,
495,4,0,0,163.9882,76.0,15.3,0.00574283,71.9512422785888,6.597290039,0.0,-0.010162323,-0.202680826,2.027680826,6901.560483,,,,
496,4,0,0,164.2791,76.0,15.6,0.005692725,72.049432585954,6.597290039,0.0,-0.007094452,-0.191274881,2.016274881,6916.879402,,,,
497,4,0,0,164.425,75.0,15.6,0.005651189,72.1325669382568,6.729125977,0.0,-0.015531097,-0.195806742,2.020806742,6931.552698,,,,
498,4,0,0,164.7175,75.0,15.5,0.005618806,72.2371359290856,6.685180664,0.0,-0.015531097,-0.22434783,2.04934783,6946.914467,,,,
499,4,0,0,165.0111,76.0,15.5,0.005605428,72.32763339813,6.729125977,0.0,0.003067871,-0.287308455,2.112308455,6961.629798,,,,
500,4,0,0,165.3057,75.0,15.8,0.005606416,72.4276150618492,6.729125977,0.0,0.029144775,-0.365334272,2.190334272,6977.036387,,,,
501,4,0,0,165.4533,76.0,15.8,0.005625527,72.5190434214298,6.685180664,0.0,0.03451355,-0.387524366,2.212524366,6991.794551,,,,
502,4,0,0,165.4533,77.0,15.7,0.005671743,72.6154509341298,6.773071289,0.0,0.0,-0.339561701,2.164561701,7007.245314,,,,
503,4,0,0,165.898,79.0,15.7,0.005728153,72.6236867637666,0.0,0.0,0.00690271,-0.269754648,2.094754648,7021.369765,,,,
504,4,0,0,166.0468,78.0,15.9,0.005804067,72.108773216505,0.659179688,0.0,-0.005560516,-0.165019274,1.990019274,7037.443538,,,,
505,4,0,0,166.0468,78.0,15.9,0.005876388,71.642851020496,0.0,0.0,-0.013997162,-0.080113173,1.905113173,7051.404395,,,,
506,4,0,0,166.0468,78.0,15.8,0.005954968,71.0998096218352,0.0,125.3997803,-0.008628387,-0.018848658,1.843848658,7067.237267,,,,
507,4,0,0,166.3451,78.0,15.8,0.006005523,70.648176305071,0.0,252.4017334,0.00690271,0.015392065,1.809607935,7080.984537,,,,
508,4,0,0,166.9449,78.0,16.0,0.00602304,70.1146106681434,0.0,262.3626709,-0.001725677,0.076083899,1.748916101,7096.574831,,,,
509,4,0,0,166.9449,77.0,16.0,0.005995818,69.652290319895,0.0,262.6556396,-0.032404388,0.149904013,1.675095987,7110.111539,,,,
510,4,0,0,165.7495,77.0,15.9,0.005932679,69.140004486892,0.0,262.5091553,-0.081490326,0.168177366,1.656822634,7125.46241,,,,
511,4,0,0,162.8346,76.0,15.9,0.005876085,68.684013045221,0.0,262.3626709,0.010737549,0.030055761,1.794944239,7138.790053,,,,
512,4,0,0,163.8431,76.0,16.1,0.005829889,68.164723445005,0.0,262.5091553,0.054454712,-0.17491889,1.99991889,7153.905591,,,,
513,4,0,0,163.6983,77.0,16.1,0.005804822,67.7321443919728,0.0,262.3626709,0.056755615,-0.28154254,2.10654254,7167.030655,,,,
514,4,0,0,163.2653,76.0,16.3,0.005787874,67.236405116927,0.0,263.0950928,0.030678711,-0.295102835,2.120102835,7181.915038,,,,
515,4,0,0,161.1344,75.0,16.3,0.005786989,66.8269262727604,0.0,154.2572021,0.00690271,-0.214936495,2.039936495,7194.83845,,,,
516,4,0,0,158.6496,74.0,16.2,0.005813122,66.3547369527366,0.0,142.9779053,-0.005560516,-0.06028676,1.88528676,7209.495327,,,,
517,4,0,0,156.7693,74.0,16.2,0.005864224,65.9340798260508,0.0,145.1751709,-0.07305368,0.063713312,1.761286688,7222.221591,,,,
518,4,0,0,153.2661,74.0,16.1,0.005946694,65.466762139141,0.0,144.1497803,-0.020132904,0.078333616,1.746666384,7236.653969,,,,
519,4,0,0,150.4031,73.0,16.1,0.006031574,65.0519220201654,0.0,137.5579834,-0.008628387,-0.013471842,1.838471842,7249.185793,,,,
520,4,0,0,148.8317,73.0,16.0,0.006140174,64.5775590128838,0.0,106.0638428,0.00690271,-0.144818544,1.969818544,7263.398355,,,,
521,4,0,0,147.8809,73.0,16.0,0.006244457,64.1534154442088,0.0,55.08728027,0.00690271,-0.230701685,2.055701685,7275.153516,,,,
522,4,0,0,147.5274,75.0,16.2,0.006363692,63.6856018552714,0.0,93.90563965,0.005368774,-0.316003084,2.141003084,7289.735083,,,,
523,4,0,0,148.7122,77.0,16.2,0.006447036,63.2818905637968,0.0,263.5345459,0.023776001,-0.376784086,2.201784086,7301.309665,,,,
524,4,0,0,149.0713,79.0,16.1,0.00650178,62.8202233179072,0.0,263.6810303,0.051386841,-0.403238058,2.228238058,7315.623376,,,,
525,4,0,0,149.6737,80.0,16.1,0.006518607,62.4035560830428,0.0,263.5345459,0.12731665,-0.334838629,2.159838629,7326.199256,,,,
526,4,0,0,149.4322,80.0,16.3,0.006510636,61.9601302393446,0.0,262.9486084,-0.110635101,-0.05249238,1.87749238,7338.919098,,,,
527,4,0,0,149.0713,78.0,16.3,0.006481901,56.957680732533,0.0,262.9486084,-0.138245941,0.118909597,1.706090403,7349.016936,,,,
528,4,0,0,148.3547,77.0,16.1,0.006436218,55.0064965422886,0.0,263.8275146,-0.066917938,0.007023096,1.817976904,7361.542565,,,,
529,4,0,0,149.0713,77.0,16.1,0.006399312,54.6631347927044,0.0,92.29431152,0.078230713,-0.223101854,2.048101854,7371.483268,,,,
530,4,0,0,149.916,77.0,16.3,0.006358798,54.272133392627,0.0,16.41540527,0.12041394,-0.401986361,2.226986361,7384.118186,,,,
531,4,0,0,150.0375,76.0,16.3,0.006316942,53.9341098238228,0.0,4.843139648,0.12731665,-0.388690233,2.213690233,7394.560694,,,,
532,4,0,0,151.1396,75.0,16.2,0.006263567,53.5677045785146,11.0824585,0.0,0.013038452,-0.153889418,1.978889418,7407.462187,,,,
533,4,0,0,151.8834,75.0,16.2,0.006212791,54.8856133821986,18.73718262,0.0,-0.127508392,0.102106333,1.722893667,7419.122926,,,,
534,4,0,0,152.3833,75.0,16.1,0.006150899,56.6028569737876,17.81433105,0.0,-0.129042328,0.254702806,1.570297194,7432.867765,,,,
535,4,0,0,153.3931,74.0,16.1,0.006107807,57.9984038474328,18.95690918,0.0,-0.065384003,0.190193415,1.634806585,7445.184953,,,,
536,4,0,0,154.1592,75.0,16.0,0.006093009,59.8286234932634,22.51922607,0.0,0.058289551,-0.047135115,1.872135115,7459.560439,,,,
537,4,0,0,154.6743,76.0,16.0,0.006111352,61.4922774468848,19.66003418,0.0,0.096637939,-0.225426912,2.050426912,7472.394873,,,,
538,4,0,0,155.0628,78.0,16.2,0.006152535,63.027533781341,16.88873291,0.0,-0.003259613,-0.253307104,2.078307104,7487.348697,,,,
539,4,0,0,155.977,81.0,16.2,0.006194136,64.1453011519288,16.8447876,0.0,-0.041608002,-0.180652857,2.005652857,7500.676417,,,,
540,4,0,0,156.3722,81.0,16.4,0.006238103,65.4518274156608,16.8447876,0.0,-0.013997162,-0.136375189,1.961375189,7516.160717,,,,
541,4,0,0,156.5043,81.0,16.4,0.006268256,66.5651957680124,16.88873291,0.0,-0.005560516,-0.124379396,1.949379396,7529.922952,,,,
542,4,0,0,157.1685,79.0,16.2,0.006284951,67.7824060918478,16.93267822,0.0,-0.008628387,-0.121860266,1.946860266,7545.877775,,,,
543,4,0,0,157.5696,79.0,16.2,0.006272796,68.8642402637562,15.92193604,0.0,-0.000959,-0.126679182,1.951679182,7559.958918,,,,
544,4,0,0,157.7038,78.0,16.4,0.006232121,69.967980546437,15.92193604,0.0,-0.001725677,-0.139989614,1.964989614,7576.112257,,,,
545,4,0,0,158.2429,78.0,16.4,0.006196971,70.902406802617,15.96588135,0.0,0.008436646,-0.156513929,1.981513929,7590.297365,,,,
546,4,0,0,158.5138,79.0,16.3,0.006175572,71.8894969239296,14.29321289,0.0,0.0,-0.162995577,1.987995577,7606.431625,,,,
547,4,0,0,158.7856,79.0,16.3,0.006165135,72.4121892804548,7.168579102,0.0,-0.003259613,-0.167832613,1.992832613,7620.440225,,,,
548,4,0,0,158.9219,78.0,16.4,0.006149481,72.6463443236652,9.017028809,0.0,-0.005560516,-0.179082632,2.004082632,7633.687644,,,,
549,4,0,0,159.1951,78.0,16.4,0.006114166,72.9396875446484,8.929138184,0.0,0.009203613,-0.20906806,2.03406806,7650.119658,,,,
550,4,0,0,159.3321,78.0,16.3,0.006064339,72.7662057620694,0.0,181.942749,0.018407227,-0.23857379,2.06357379,7663.163914,,,,
551,4,0,0,159.4693,78.0,16.3,0.005993768,72.2150065062948,0.0,261.9232178,0.018407227,-0.23775363,2.06275363,7679.343412,,,,
552,4,0,0,160.1589,77.0,16.5,0.005930963,71.7202664382682,0.0,261.9232178,0.03451355,-0.181456327,2.006456327,7692.187134,,,,
553,4,0,0,160.4364,76.0,16.5,0.005868535,71.1760625328584,0.0,261.9232178,-0.036239227,-0.045927286,1.870927286,7708.117128,,,,
554,4,0,0,160.8545,77.0,16.3,0.005831027,70.6886215459348,0.0,261.9232178,-0.063083099,0.030673265,1.794326735,7720.763583,,,,
555,4,0,0,160.9943,79.0,16.3,0.005817187,70.1351876089164,0.0,261.9232178,-0.015531097,-0.054239988,1.879239988,7736.451052,,,,
556,4,0,0,161.4153,80.0,16.5,0.005832125,69.671539313767,0.0,261.9232178,0.090502197,-0.169578314,1.994578314,7748.905028,,,,
557,4,0,0,161.6972,80.0,16.5,0.005867931,69.1416017729354,0.0,262.0697021,0.010737549,-0.122640848,1.947640848,7763.737583,,,,
558,4,0,0,161.5561,79.0,16.3,0.005898832,68.6690796092128,0.0,262.3626709,-0.020132904,0.047507048,1.777492952,7776.615966,,,,
559,4,0,0,157.9729,77.0,16.3,0.005924402,68.13436364824,0.0,170.9564209,-0.019365936,0.232774973,1.592225027,7791.219861,,,,
560,4,0,0,155.7147,76.0,15.9,0.00594194,67.6690609515706,0.0,160.5560303,-0.017832001,0.341146231,1.483853769,7803.89949,,,,
561,4,0,0,158.2429,75.0,15.9,0.005964327,67.141886164717,0.0,134.1888428,-0.030870453,0.394486666,1.430513334,7818.281045,,,,
562,4,0,0,159.0584,74.0,15.8,0.005996073,66.6829337466602,0.0,129.208374,-0.024734711,0.370944738,1.454055262,7830.767878,,,,
563,4,0,0,156.7693,74.0,15.8,0.006055135,66.1637224891154,0.0,121.7376709,-0.033938324,0.260182619,1.564817381,7844.929373,,,,
564,4,0,0,152.258,74.0,15.4,0.006118161,65.7126620169242,0.0,93.31970215,-0.024734711,0.087902784,1.737097216,7857.225352,,,,
565,4,0,0,149.6737,74.0,15.4,0.006177228,65.2170709138122,0.0,88.63220215,0.045251099,-0.178973436,2.003973436,7871.170329,,,,
566,4,0,0,147.2928,74.0,15.4,0.006199247,64.7851400868386,0.0,86.87438965,0.114278198,-0.373245955,2.198245955,7883.278003,,,,
567,4,0,0,145.3277,75.0,15.4,0.006185778,64.2924087487198,0.0,85.26306152,-0.024734711,-0.353062868,2.178062868,7897.040446,,,,
568,4,0,0,144.7597,75.0,15.4,0.006147395,63.8694487047742,0.0,79.98962402,-0.063850067,-0.260288954,2.085288954,7909.077847,,,,
569,4,0,0,144.9864,75.0,15.4,0.006084374,63.3705486859684,0.0,62.99743652,0.012271484,-0.289556742,2.114556742,7922.829707,,,,
570,4,0,0,145.2138,75.0,15.3,0.006020222,62.9540421758898,0.0,36.48376465,0.083599487,-0.375157595,2.200157595,7934.936133,,,,
571,4,0,0,144.8729,75.0,15.3,0.005945467,62.4628133819686,0.0,1.913452148,0.036047485,-0.370236635,2.195236635,7948.985481,,,,
572,4,0,0,144.1961,74.0,15.3,0.005886801,62.0518762826412,0.0,0.0,0.012271484,-0.265296221,2.090296221,7961.506478,,,,
573,4,0,0,144.3085,74.0,15.3,0.005830749,61.917160716504,4.133605957,0.0,-0.039307098,-0.085196733,1.910196733,7975.518935,,,,
574,4,0,0,144.6466,75.0,15.3,0.005782973,61.9020025200714,3.782043457,0.0,-0.037773163,0.031252146,1.793747854,7989.198092,,,,
575,4,0,0,145.4419,75.0,15.3,0.005718128,61.8833251154872,5.58380127,0.0,-0.034705292,0.086754084,1.738245916,8003.76129,,,,
576,4,0,0,146.0152,74.0,15.3,0.005653073,62.5224057615758,13.89770508,0.0,0.003067871,0.065345049,1.759654951,8017.924728,,,,
577,4,0,0,147.5274,74.0,15.3,0.005580268,63.4724315917768,15.39459229,0.0,0.017640259,0.023075342,1.801924658,8032.960902,,,,
578,4,0,0,148.3547,74.0,15.2,0.005527485,64.584755546842,19.70397949,0.0,0.030678711,0.012548685,1.812451315,8047.55747,,,,
579,4,0,0,149.3117,74.0,15.2,0.005487401,66.0191568448544,18.95690918,0.0,-0.000959,0.064165831,1.760834169,8063.03698,,,,
580,4,0,0,149.916,74.0,15.5,0.005473271,67.210408723704,18.03405762,0.0,-0.024734711,0.134629965,1.690370035,8077.353116,,,,
581,4,0,0,150.7704,72.0,15.5,0.005478176,68.4539330761982,17.32818604,0.0,-0.017832001,0.166961908,1.658038092,8093.913976,,,,
582,4,0,0,151.7589,70.0,15.5,0.0055003,69.4377839340522,16.93267822,0.0,-0.017832001,0.152743578,1.672256422,8108.57497,,,,
583,4,0,0,152.1329,70.0,15.5,0.005550387,70.5329998485276,16.75689697,0.0,-0.017832001,0.088895082,1.736104918,8125.521601,,,,
584,4,0,0,152.7604,72.0,15.7,0.005611505,71.4716283167552,16.8447876,0.0,-0.017832001,-0.009394884,1.834394884,8140.516097,,,,
585,4,0,0,153.3931,74.0,15.7,0.005681922,72.5244949802128,16.8447876,0.0,0.052920776,-0.162396669,1.987396669,8157.833155,,,,
586,4,0,0,153.7752,75.0,15.9,0.005730574,73.3935563795132,16.1416626,0.0,0.030678711,-0.240464449,2.065464449,8173.050474,,,,
587,4,0,0,154.1592,76.0,15.9,0.005776344,74.314915470816,15.92193604,0.0,-0.008628387,-0.220402002,2.045402002,8190.330705,,,,
588,4,0,0,154.4163,77.0,15.8,0.005819635,75.0980702204494,15.87799072,0.0,-0.010929291,-0.196272135,2.021272135,8205.33355,,,,
589,4,0,0,154.9331,77.0,15.8,0.005869605,75.9487581390246,15.87799072,0.0,-0.001725677,-0.195574045,2.020574045,8222.34658,,,,
590,4,0,0,155.0628,77.0,16.1,0.005899919,76.7106345492328,16.09771729,0.0,-0.010929291,-0.208309889,2.033309889,8237.117635,,,,
591,4,0,0,155.3229,75.0,16.1,0.005911057,77.5466436454812,16.1416626,0.0,0.014572388,-0.246381044,2.071381044,8253.172897,,,,
592,4,0,0,155.5839,72.0,16.0,0.005905043,78.170960496091,11.21429443,0.0,0.003067871,-0.266796827,2.091796827,8268.411451,,,,
593,4,0,0,155.8458,70.0,16.0,0.005890965,78.1417730391424,0.0,0.0,-0.005560516,-0.252258062,2.077258062,8284.2195,,,,
594,4,0,0,156.1085,69.0,16.2,0.005880016,77.6010327552806,0.0,16.12243652,0.009203613,-0.268629313,2.093629313,8299.223526,,,,
595,4,0,0,156.3722,68.0,16.2,0.005872316,77.0082170453638,0.0,92.4407959,-0.024734711,-0.26111722,2.08611722,8314.788657,,,,
596,4,0,0,156.6367,67.0,16.0,0.005867145,76.4780319075732,0.0,262.3626709,0.0,-0.299820662,2.124820662,8329.562673,,,,
597,4,0,0,156.6367,68.0,16.0,0.005860737,75.874749436538,0.0,262.2161865,0.023776001,-0.356641531,2.181641531,8344.980863,,,,
598,4,0,0,157.1685,68.0,16.2,0.00585397,75.3533642020542,0.0,261.1907959,0.0,-0.320677996,2.145677996,8359.087819,,,,
599,4,0,0,157.4357,67.0,16.2,0.005840418,74.7801034698236,0.0,258.7005615,-0.017832001,-0.269999266,2.094999266,8375.266671,,,,
600,4,0,0,157.7038,68.0,16.1,0.005817633,74.2837551561482,0.0,258.7005615,0.023776001,-0.250631094,2.075631094,8389.498384,,,,
601,4,0,0,157.8382,68.0,16.1,0.005776343,73.7198191490918,0.0,261.4837646,-0.016298065,-0.17876792,2.00376792,8405.793262,,,,
602,4,0,0,158.1078,69.0,16.3,0.005732986,73.2146134786716,0.0,262.802124,-0.015531097,-0.145021677,1.970021677,8420.038617,,,,
603,4,0,0,157.9729,69.0,16.3,0.005689327,72.658854640809,0.0,50.8392334,-0.02166684,-0.161197901,1.986197901,8436.244193,,,,
604,4,0,0,158.1078,70.0,16.2,0.005661824,72.3182121125558,8.885192871,0.0,0.026843872,-0.204166651,2.029166651,8450.361423,,,,
605,4,0,0,158.7856,72.0,16.2,0.005639288,72.4777190624976,7.256469727,0.0,0.008436646,-0.202978849,2.027978849,8466.456984,,,,
606,4,0,0,159.1951,73.0,16.1,0.005625011,72.6791332260394,8.486938477,0.0,0.010737549,-0.152742147,1.977742147,8480.51488,,,,
607,4,0,0,159.4693,73.0,16.1,0.005610699,73.0149040246182,11.21429443,0.0,-0.008628387,-0.067893267,1.892893267,8496.551051,,,,
608,4,0,0,159.7444,72.0,16.0,0.005592666,73.3317724328808,6.553344727,0.0,-0.010929291,-0.016472578,1.841472578,8510.55022,,,,
609,4,0,0,159.6067,71.0,16.0,0.005562404,73.3225753122752,5.58380127,0.0,-0.030870453,0.007766008,1.817233992,8526.447061,,,,
610,4,0,0,160.0205,70.0,15.6,0.005536081,73.207870682033,2.109375,0.0,-0.013997162,-0.03495717,1.85995717,8540.27628,,,,
611,4,0,0,160.1589,70.0,15.6,0.005516803,72.7769755458164,2.021484375,0.0,0.021475098,-0.120675802,1.945675802,8556.113029,,,,
612,4,0,0,160.2975,70.0,15.5,0.005509803,72.5539138280666,3.738098145,0.0,0.005368774,-0.156892538,1.981892538,8570.0026,,,,
613,4,0,0,160.0205,70.0,15.5,0.005512743,72.3954624764176,4.045715332,0.0,0.0,-0.13419652,1.95919652,8585.898438,,,,
614,4,0,0,160.4364,69.0,15.2,0.005525364,72.286025280369,4.265441895,0.0,-0.003259613,-0.097638845,1.922638845,8599.810887,,,,
615,4,0,0,160.4364,68.0,15.2,0.005544781,72.1382137904488,3.957824707,0.0,-0.015531097,-0.067200422,1.892200422,8615.713026,,,,
616,4,0,0,160.4364,68.0,15.2,0.005560457,72.0023899845074,3.738098145,0.0,0.001533936,-0.075315714,1.900315714,8628.96622,,,,
617,4,0,0,160.9943,68.0,15.2,0.0055818,71.4703311243416,0.0,0.0,0.018407227,-0.093328238,1.918328238,8645.536444,,,,
618,4,0,0,159.8823,68.0,15.2,0.005613757,71.0923009885708,6.069946289,0.0,0.02761084,-0.061390638,1.886390638,8658.806416,,,,
619,4,0,0,160.0205,67.0,15.2,0.005674094,71.2939562634314,7.300415039,0.0,-0.020132904,0.062342405,1.762657595,8675.404868,,,,
620,4,0,0,160.2975,68.0,15.4,0.005743729,71.4379919037502,6.948852539,0.0,-0.02856955,0.158647299,1.666352701,8688.648798,,,,
621,4,0,0,160.1589,68.0,15.4,0.005820989,71.5425030548994,5.627746582,0.0,-0.012463226,0.18875289,1.63624711,8705.076616,,,,
622,4,0,0,160.8545,68.0,15.7,0.005866025,71.551698244297,5.58380127,0.0,0.003067871,0.177836657,1.647163343,8718.104951,,,,
623,4,0,0,160.0205,68.0,15.7,0.005886397,71.56217818591,5.58380127,0.0,-0.023200775,0.165970087,1.659029913,8733.872921,,,,
624,4,0,0,158.9219,68.0,15.9,0.005889819,71.5705233701998,5.58380127,0.0,-0.02856955,0.122316122,1.702683878,8746.144659,,,,
625,4,0,0,157.0352,68.0,15.9,0.005888077,71.582499804892,5.627746582,0.0,-0.001725677,-0.012967825,1.837967825,8761.051417,,,,
626,4,0,0,154.8036,68.0,16.1,0.005874076,71.647369644881,6.509399414,0.0,0.079764648,-0.126640081,1.951640081,8772.82368,,,,
627,4,0,0,152.5088,68.0,16.1,0.005833754,71.7039047773836,5.894165039,0.0,-0.016298065,-0.052812338,1.877812338,8786.844822,,,,
628,4,0,0,150.1592,68.0,16.3,0.00578469,71.6854504434168,0.0,1.034545898,-0.017832001,0.024870157,1.800129843,8799.046977,,,,
629,4,0,0,148.4737,67.0,16.3,0.005731106,71.09993469974,0.0,262.802124,-0.020132904,0.059831381,1.765168619,8813.149549,,,,
630,4,0,0,148.236,67.0,16.8,0.005691837,70.5964342859838,0.0,246.395874,0.026843872,0.037133455,1.787866545,8825.463983,,,,
631,4,0,0,148.5928,67.0,16.8,0.005651135,68.9189096401166,0.0,232.6263428,0.005368774,0.05047822,1.77452178,8839.464491,,,,
632,4,0,0,148.9514,67.0,16.9,0.005615472,66.8821261036782,0.0,233.9447021,-0.034705292,0.110913515,1.714086485,8851.724122,,,,
633,4,0,0,149.3117,68.0,16.9,0.005567162,65.0877749771524,0.0,229.6966553,-0.030103485,0.119597197,1.705402803,8865.660578,,,,
634,4,0,0,150.281,68.0,17.3,0.005511899,63.8519736702908,0.0,254.598999,0.003067871,0.058082819,1.766917181,8877.761545,,,,
635,4,0,0,150.8933,68.0,17.3,0.005441232,63.3720760461888,0.0,173.8861084,0.032979614,-0.047920942,1.872920942,8891.485238,,,,
636,4,0,0,151.3867,68.0,17.4,0.005389261,62.9559136290956,0.0,48.4954834,0.042183228,-0.090596914,1.915596914,8903.401431,,,,
637,4,0,0,151.3867,68.0,17.4,0.005355156,62.7968390605316,14.16137695,0.0,0.001533936,-0.048064947,1.873064947,8916.915542,,,,
638,4,0,0,152.1329,68.0,17.4,0.00535281,63.6378456241886,5.05645752,0.0,-0.005560516,0.025232553,1.799767447,8928.649787,,,,
639,4,0,0,152.8865,70.0,17.4,0.005382739,63.3076394727146,0.0,0.0,-0.004793549,0.087923288,1.737076712,8940.299796,,,,
640,4,0,0,153.3931,71.0,17.2,0.00546426,62.9792585059214,4.17755127,0.0,-0.007094452,0.148934126,1.676065874,8953.511931,,,,
641,4,0,0,153.903,72.0,17.2,0.005574106,63.0735722029078,5.58380127,0.0,-0.010929291,0.175184488,1.649815512,8964.51679,,,,
642,4,0,0,154.5452,74.0,16.7,0.005727989,62.7122176780688,0.0,97.42126465,-0.007094452,0.178878069,1.646121931,8978.441999,,,,
643,4,0,0,155.3229,74.0,16.7,0.005865263,62.285457934103,0.0,119.1009521,-0.008628387,0.161107779,1.663892221,8989.715283,,,,
644,4,0,0,155.4533,73.0,16.5,0.005980534,61.7852492482894,0.0,129.0618896,-0.008628387,0.125809908,1.699190092,9003.952619,,,,
645,4,0,0,155.5839,72.0,16.5,0.006013299,61.3648071133342,0.0,262.5091553,0.001533936,0.080369234,1.744630766,9015.445931,,,,
646,4,0,0,155.8458,71.0,16.1,0.005985463,60.9169814628232,0.0,158.0657959,-0.024734711,0.033606768,1.791393232,9029.939232,,,,
647,4,0,0,156.3722,69.0,16.1,0.005945398,60.5162726043328,0.0,94.05212402,0.029144775,-0.012372732,1.837372732,9041.635034,,,,
648,4,0,0,156.7693,68.0,16.0,0.005915087,60.0587619617952,0.0,23.44665527,-0.052345551,-0.028548479,1.853548479,9056.376371,,,,
649,4,0,0,156.6367,67.0,16.0,0.005903166,59.6783912502086,0.0,8.944702148,-0.032404388,-0.085019827,1.910019827,9068.255186,,,,
650,4,0,0,155.977,67.0,15.9,0.005892958,59.268217573497,5.320129395,0.0,-0.024734711,-0.236918688,2.061918688,9083.101335,,,,
651,4,0,0,155.8458,67.0,15.9,0.005877011,59.7135707788726,11.39007568,0.0,0.050619873,-0.408950567,2.233950567,9094.899856,,,,
652,4,0,0,155.4533,67.0,16.1,0.005843741,60.4857337041192,11.17034912,0.0,0.145723877,-0.536453485,2.361453485,9108.969437,,,,
653,4,0,0,154.9331,66.0,16.1,0.005804343,61.0943722517952,10.20355225,0.0,-0.020132904,-0.403230906,2.228230906,9121.295448,,,,
654,4,0,0,154.8036,66.0,16.0,0.005762935,61.725911900792,9.412536621,0.0,-0.061549164,-0.231946707,2.056946707,9135.425673,,,,
655,4,0,0,154.9331,66.0,16.0,0.005743694,62.2206782332474,9.456481934,0.0,-0.02166684,-0.235911131,2.060911131,9147.837404,,,,
656,4,0,0,155.0628,65.0,16.2,0.005751271,62.8031607411724,9.632263184,0.0,-0.025501678,-0.346637487,2.171637487,9162.162863,,,,
657,4,0,0,155.5839,65.0,16.2,0.00578464,63.2820059695682,9.500427246,0.0,0.051386841,-0.46928668,2.29428668,9174.81024,,,,
658,4,0,0,155.5839,66.0,16.1,0.005843283,63.825982555703,9.456481934,0.0,0.023776001,-0.53766036,2.36266036,9189.284688,,,,
659,4,0,0,156.1085,65.0,16.1,0.005897239,64.2154706290048,6.333618164,0.0,0.023009033,-0.543741941,2.368741941,9201.966201,,,,
660,4,0,0,156.2402,66.0,16.3,0.005939672,64.1024867372774,0.922851563,0.0,0.017640259,-0.497383833,2.322383833,9216.410691,,,,
661,4,0,0,156.7693,69.0,16.3,0.00593559,63.6681846121874,0.0,0.0,0.003067871,-0.421635389,2.246635389,9228.953138,,,,
662,4,0,0,156.7693,70.0,16.4,0.005862009,63.259288880183,3.913879395,0.0,0.009203613,-0.316910028,2.141910028,9243.177449,,,,
663,4,0,0,157.0352,71.0,16.4,0.005751589,63.4221255867716,6.641235352,0.0,0.001533936,-0.212383986,2.037383986,9255.528387,,,,
664,4,0,0,157.302,70.0,16.3,0.005623259,63.6074895771858,5.671691895,0.0,0.003067871,-0.084765673,1.909765673,9269.535726,,,,
665,4,0,0,157.7038,69.0,16.3,0.005541368,63.8446605718364,9.060974121,0.0,-0.017832001,0.042307138,1.782692862,9281.698255,,,,
666,4,0,0,157.8382,68.0,16.5,0.005489754,64.5202590415462,13.23852539,0.0,-0.024734711,0.142719507,1.682280493,9295.49116,,,,
667,4,0,0,158.1078,69.0,16.5,0.005472862,65.0691717309554,5.58380127,0.0,-0.037773163,0.171489954,1.653510046,9307.466469,,,,
668,4,0,0,158.3782,70.0,16.6,0.005472922,65.1400310838092,5.364074707,0.0,-0.007094452,0.109391451,1.715608549,9320.484791,,,,
669,4,0,0,158.5138,71.0,16.6,0.005482533,65.2215184858362,5.58380127,0.0,-0.020132904,0.016006708,1.808993292,9332.840818,,,,
670,4,0,0,158.5138,70.0,16.5,0.005497962,64.9861336171846,0.0,9.237670898,0.042183228,-0.139098406,1.964098406,9345.659211,,,,
671,4,0,0,158.6496,70.0,16.5,0.005506318,64.5268049193424,0.0,8.944702148,0.045251099,-0.243209124,2.068209124,9357.826754,,,,
672,4,0,0,158.6496,70.0,16.3,0.005504437,64.0078655919774,0.0,88.19274902,0.009203613,-0.233781099,2.058781099,9370.452968,,,,
673,4,0,0,158.7856,69.0,16.3,0.005499148,63.5568871156592,0.0,157.0404053,-0.027035614,-0.174903154,1.999903154,9382.582268,,,,
674,4,0,0,158.9219,68.0,16.2,0.005497092,63.062642016243,0.0,159.2376709,-0.013997162,-0.137886286,1.962886286,9395.510722,,,,
675,4,0,0,158.7856,68.0,16.2,0.005498387,62.6323216558074,0.0,170.9564209,-0.02166684,-0.12305522,1.94805522,9408.182888,,,,
676,4,0,0,159.0584,68.0,16.1,0.005499681,62.1447490248718,0.0,166.2689209,-0.046976776,-0.160885572,1.985885572,9421.691248,,,,
677,4,0,0,159.3321,67.0,16.1,0.005502052,61.70583570616,0.0,162.6068115,0.016106323,-0.288492441,2.113492441,9434.237337,,,,
678,4,0,0,159.7444,67.0,16.0,0.005509913,61.2240999904704,0.0,152.3529053,0.074395874,-0.46382165,2.28882165,9448.821551,,,,
679,4,0,0,159.6067,66.0,16.0,0.005517953,60.7891358633714,0.0,150.5950928,0.061357422,-0.467684031,2.292684031,9461.792975,,,,
680,4,0,0,159.3321,66.0,15.9,0.005518351,60.3148329649388,0.0,97.1282959,-0.033938324,-0.322384596,2.147384596,9476.851517,,,,
681,4,0,0,159.3321,66.0,15.9,0.005509051,59.8890880868704,0.0,77.93884277,-0.02856955,-0.209160566,2.034160566,9490.225754,,,,
682,4,0,0,159.3321,67.0,15.8,0.00549241,59.3927976933416,0.0,17.58728027,-0.049277679,-0.162251711,1.987251711,9505.722398,,,,
683,4,0,0,159.4693,67.0,15.8,0.005474419,59.2444908968496,11.21429443,0.0,-0.017832001,-0.22442174,2.04942174,9519.450574,,,,
684,4,0,0,159.7444,68.0,15.7,0.005447381,60.2114333044606,17.6385498,0.0,-0.015531097,-0.364730597,2.189730597,9535.298248,,,,
685,4,0,0,159.8823,68.0,15.7,0.005417417,61.658499625471,18.47351074,0.0,0.003067871,-0.522836447,2.347836447,9549.296933,,,,
686,4,0,0,160.1589,68.0,15.7,0.005385182,63.0078826455898,15.74615479,0.0,0.092803101,-0.67593646,2.50093646,9565.444184,,,,
687,4,0,0,160.2975,68.0,15.7,0.005372632,63.9972439479774,15.83404541,0.0,0.00690271,-0.674125433,2.499125433,9579.70086,,,,
688,4,0,0,160.7149,69.0,15.3,0.005389843,65.133604538574,15.83404541,0.0,-0.000959,-0.567785025,2.392785025,9596.137667,,,,
689,4,0,0,160.9943,68.0,15.3,0.005436886,66.1406333042288,15.83404541,0.0,-0.000959,-0.473301649,2.298301649,9610.644101,,,,
690,4,0,0,161.1344,68.0,15.3,0.00552333,67.2261598814596,15.83404541,0.0,-0.000959,-0.36568141,2.19068141,9627.359509,,,,
691,4,0,0,161.4153,67.0,15.3,0.005619117,68.1843215369098,15.83404541,0.0,-0.000959,-0.268497705,2.093497705,9642.080467,,,,
692,4,0,0,161.6972,68.0,15.0,0.005727601,69.2257171467154,15.4385376,0.0,-0.015531097,-0.161951303,1.986951303,9658.999408,,,,
693,4,0,0,161.98,67.0,15.0,0.005795171,70.0450024644858,14.91119385,0.0,-0.015531097,-0.0982306,1.9232306,9673.174708,,,,
694,4,0,0,162.2639,67.0,15.0,0.00582828,70.8983796867614,12.97485352,0.0,0.021475098,-0.058619261,1.883619261,9690.989429,,,,
695,4,0,0,162.4062,67.0,15.0,0.005826621,71.5285776450936,13.10668945,0.0,0.02761084,-0.002858877,1.827858877,9705.316319,,,,
696,4,0,0,162.9779,68.0,14.7,0.005803341,72.2577153643356,13.15063477,0.0,-0.017832001,0.117630243,1.707369757,9723.312566,,,,
697,4,0,0,162.6916,68.0,14.7,0.005771498,72.8487102026028,13.10668945,0.0,-0.039307098,0.202967405,1.622032595,9737.724972,,,,
698,4,0,0,162.6916,67.0,14.7,0.005730873,73.5322801839478,13.19458008,0.0,-0.024734711,0.202312231,1.622687769,9755.605765,,,,
699,4,0,0,162.1219,67.0,14.7,0.005706377,74.1457030097626,13.2824707,0.0,0.018407227,0.131662607,1.693337393,9769.799401,,,,
700,4,0,0,161.8385,67.0,14.4,0.005710314,74.8116597786918,13.23852539,0.0,0.023009033,0.062044859,1.762955141,9787.40415,,,,
701,4,0,0,161.5561,67.0,14.4,0.005745595,75.3712565866798,12.40356445,0.0,0.012271484,0.040673971,1.784326029,9801.38358,,,,
702,4,0,0,160.9943,67.0,14.5,0.005815736,75.8493000097008,11.21429443,0.0,-0.007094452,0.056658983,1.768341017,9818.789188,,,,
703,4,0,0,160.7149,67.0,14.5,0.005895883,76.2413717496254,11.21429443,0.0,-0.02166684,0.064189672,1.760810328,9832.61296,,,,
704,4,0,0,160.4364,67.0,14.5,0.005992524,76.693804843996,11.21429443,0.0,-0.023200775,0.018553019,1.806446981,9849.076173,,,,
705,4,0,0,160.8545,67.0,14.5,0.006067692,77.073616969762,11.21429443,0.0,0.023009033,-0.075570345,1.900570345,9863.370371,,,,
706,4,0,0,160.9943,67.0,14.6,0.006138304,77.4903145084986,10.95062256,0.0,0.009203613,-0.188730001,2.013730001,9879.580595,,,,
707,4,0,0,161.5561,67.0,14.6,0.006185631,77.835104595613,10.55511475,0.0,0.021475098,-0.25029397,2.07529397,9893.654785,,,,
708,4,0,0,161.98,68.0,14.6,0.006218764,77.7018562486604,0.0,0.0,0.014572388,-0.266503096,2.091503096,9909.615841,,,,
709,4,0,0,162.5488,68.0,14.6,0.006225051,77.127609763493,0.0,0.0,0.009203613,-0.2124331,2.0374331,9923.474059,,,,
710,4,0,0,162.9779,69.0,14.6,0.006203918,76.5020240448536,0.0,3.964233398,-0.007094452,-0.114939928,1.939939928,9939.189719,,,,
711,4,0,0,163.6983,69.0,14.6,0.00616905,75.9561065785854,0.0,0.0,-0.015531097,-0.041197538,1.866197538,9952.835146,,,,
712,4,0,0,163.6983,69.0,14.7,0.006127869,75.3790595843236,3.869934082,0.0,-0.010162323,-0.003969431,1.828969431,9968.31021,,,,
713,4,0,0,163.9882,70.0,14.7,0.006093686,75.1528711120746,0.0,12.31384277,0.008436646,-0.015048742,1.840048742,9981.746767,,,,
714,4,0,0,164.1335,69.0,14.7,0.006052933,74.5251882463878,0.0,237.020874,0.016106323,-0.026973963,1.851973963,9996.98528,,,,
715,4,0,0,164.7175,69.0,14.7,0.006021617,73.9956413728412,0.0,262.5091553,-0.019365936,0.017803431,1.807196569,10010.2158,,,,
716,4,0,0,164.8642,68.0,14.7,0.006001745,73.3971326709546,0.0,262.802124,0.005368774,0.040150404,1.784849596,10025.27426,,,,
717,4,0,0,165.0111,68.0,14.7,0.006000931,72.8945598968678,0.0,262.6556396,0.03451355,0.037986517,1.787013483,10038.49528,,,,
718,4,0,0,164.7175,68.0,14.8,0.006011985,72.3049317745022,0.0,262.6556396,-0.02166684,0.116989851,1.708010149,10053.65255,,,,
719,4,0,0,165.3057,68.0,14.8,0.006023111,71.7916483760068,0.0,262.5091553,-0.043141937,0.215595484,1.609404516,10066.98233,,,,
720,4,0,0,165.3057,67.0,14.8,0.006033995,71.2292662189072,0.0,262.9486084,-0.037773163,0.21672225,1.60827775,10082.2913,,,,
721,4,0,0,165.6013,68.0,14.8,0.006042379,70.7080584946254,0.0,199.520874,-0.010929291,0.098466158,1.726533842,10095.73317,,,,
722,4,0,0,165.4533,68.0,14.8,0.006047841,70.1383817464814,0.0,169.7845459,0.013038452,-0.044004202,1.869004202,10110.49214,,,,
723,4,0,0,165.7495,68.0,14.8,0.006043196,69.6251902252066,0.0,155.7220459,-0.005560516,-0.181896925,2.006896925,10124.63291,,,,
724,4,0,0,165.898,68.0,14.8,0.006019093,69.0659449292614,0.0,160.7025146,0.042183228,-0.33331275,2.15831275,10139.4396,,,,
725,4,0,0,166.1958,69.0,14.8,0.005976953,68.5582762122514,0.0,51.57165527,0.052920776,-0.436180353,2.261180353,10153.62193,,,,
726,4,0,0,165.898,70.0,14.8,0.005908356,67.9732082674296,0.0,0.0,0.032212646,-0.345765829,2.170765829,10168.46656,,,,
727,4,0,0,166.4946,69.0,14.8,0.005843201,67.7610164504682,10.51116943,0.0,-0.02166684,-0.170529604,1.995529604,10182.69364,,,,
728,4,0,0,166.6444,69.0,14.8,0.00577702,68.0251622526882,6.817016602,0.0,-0.063083099,0.041205168,1.783794832,10197.61019,,,,
729,4,0,0,166.6444,70.0,14.8,0.005733699,68.225767320545,8.267211914,0.0,-0.02856955,0.104651213,1.720348787,10211.26624,,,,
730,4,0,0,166.7945,70.0,14.8,0.005712488,68.5744763919604,9.104919434,0.0,0.003067871,0.098789454,1.726210546,10224.94939,,,,
731,4,0,0,167.3976,71.0,14.8,0.005727696,68.9315053649342,7.739868164,0.0,0.003067871,0.083650351,1.741349649,10240.59909,,,,
732,4,0,0,167.5491,72.0,14.9,0.00577897,69.1507950954986,7.564086914,0.0,0.026843872,0.069359064,1.755640936,10254.30071,,,,
733,4,0,0,167.7008,71.0,14.9,0.005861103,69.3310652673184,6.333618164,0.0,-0.000959,0.083108187,1.741891813,10269.96995,,,,
734,4,0,0,167.8528,70.0,14.9,0.005919059,69.4394978972456,6.421508789,0.0,-0.010162323,0.098535776,1.726464224,10283.6893,,,,
735,4,0,0,168.0051,69.0,14.9,0.00593649,69.5559901984532,6.465454102,0.0,-0.008628387,0.104161501,1.720838499,10299.37862,,,,
736,4,0,0,168.1577,70.0,14.9,0.0059115,69.639975972083,5.75958252,0.0,0.003067871,0.086923838,1.738076162,10313.1151,,,,
737,4,0,0,168.4636,69.0,14.9,0.005868834,69.740201563466,6.421508789,0.0,-0.007094452,0.059910536,1.765089464,10328.82153,,,,
738,4,0,0,168.4636,68.0,14.9,0.005844225,69.8875269683326,7.564086914,0.0,0.009203613,0.02600646,1.79899354,10342.57128,,,,
739,4,0,0,168.4636,68.0,14.9,0.005843765,70.111347071464,7.344360352,0.0,0.005368774,-0.014652491,1.839652491,10358.29301,,,,
740,4,0,0,168.3105,69.0,14.9,0.005863455,70.29472878952,7.388305664,0.0,0.001533936,-0.017062426,1.842062426,10372.05681,,,,
741,4,0,0,168.617,68.0,14.9,0.005885478,70.4017661699474,5.806274414,0.0,-0.010929291,-0.018802404,1.843802404,10387.79475,,,,
742,4,0,0,168.617,68.0,14.9,0.00588633,70.4427738429544,5.75958252,0.0,-0.007094452,-0.039270163,1.864270163,10401.57296,,,,
743,4,0,0,168.617,68.0,14.9,0.005869645,70.4907246271498,5.850219727,0.0,-0.000959,-0.089595079,1.914595079,10417.34587,,,,
744,4,0,0,168.4636,69.0,14.9,0.005856371,70.5368501461974,5.806274414,0.0,-0.003259613,-0.140413523,1.965413523,10431.16669,,,,
745,4,0,0,168.9246,69.0,14.9,0.00586026,70.586285997158,5.806274414,0.0,0.025309937,-0.207513094,2.032513094,10446.98135,,,,
746,4,0,0,169.0789,69.0,14.9,0.005885954,70.628341672373,5.850219727,0.0,0.038348389,-0.229291201,2.054291201,10460.83625,,,,
747,4,0,0,169.5433,69.0,14.9,0.005935754,70.6698574783916,5.715637207,0.0,0.001533936,-0.164767027,1.989767027,10476.02909,,,,
748,4,0,0,169.6986,69.0,15.2,0.005986643,70.7023617368,5.715637207,0.0,0.0,-0.082627058,1.907627058,10490.57565,,,,
749,4,0,0,169.8543,68.0,15.2,0.006036113,70.7402679863194,5.715637207,0.0,-0.017832001,0.009773493,1.815226507,10505.78834,,,,
750,4,0,0,170.1664,69.0,15.2,0.006062672,70.7742669031594,5.75958252,0.0,-0.010162323,0.064256907,1.760743093,10520.34209,,,,
751,4,0,0,171.2681,70.0,15.2,0.006083389,70.8161210246328,5.715637207,0.0,-0.013997162,0.087814569,1.737185431,10535.54757,,,,
752,4,0,0,171.1098,71.0,15.5,0.006109492,70.8487081479578,5.75958252,0.0,0.005368774,0.072654009,1.752345991,10549.99802,,,,
753,4,0,0,172.2238,70.0,15.5,0.00615605,70.9704763002072,6.992797852,0.0,-0.010162323,0.044692278,1.780307722,10564.98917,,,,
754,4,0,0,171.904,70.0,15.4,0.006202579,71.0665963525964,6.333618164,0.0,-0.010929291,-0.000867,1.825866652,10578.60164,,,,
755,4,0,0,171.2681,69.0,15.4,0.006253226,71.164508984438,6.377563477,0.0,0.0,-0.089246511,1.914246511,10594.16822,,,,
756,4,0,0,169.5433,69.0,15.7,0.006299363,71.2537002648582,6.377563477,0.0,0.001533936,-0.18204093,2.00704093,10607.79722,,,,
757,4,0,0,167.5491,69.0,15.7,0.006354082,71.3509273983268,6.333618164,0.0,0.037581421,-0.260175943,2.085175943,10623.3798,,,,
758,4,0,0,165.898,68.0,15.6,0.006389441,71.4187862494044,5.715637207,0.0,-0.008628387,-0.231481791,2.056481791,10637.02025,,,,
759,4,0,0,164.7175,68.0,15.6,0.006397837,71.439550420793,5.58380127,0.0,-0.016298065,-0.183320284,2.008320284,10652.61571,,,,
760,4,0,0,164.5711,67.0,15.9,0.006370133,71.450776371963,5.58380127,0.0,-0.015531097,-0.186458349,2.011458349,10666.26715,,,,
761,4,0,0,164.425,67.0,15.9,0.00630036,71.3035075836776,0.0,0.0,0.026843872,-0.235302687,2.060302687,10681.87496,,,,
762,4,0,0,164.7175,67.0,15.8,0.006216302,70.745657730353,0.0,0.0,-0.004793549,-0.234610319,2.059610319,10695.5372,,,,
763,4,0,0,165.6013,67.0,15.8,0.006106899,70.1251841606906,0.087890625,0.0,-0.012463226,-0.192643881,2.017643881,10711.15724,,,,
764,4,0,0,166.3451,67.0,16.0,0.006014186,70.0083176235594,6.729125977,0.0,0.008436646,-0.216008425,2.041008425,10724.82993,,,,
765,4,0,0,167.2465,67.0,16.0,0.005933808,70.0854765608158,5.58380127,0.0,0.010737549,-0.26677537,2.09177537,10739.81022,,,,
766,4,0,0,167.8528,68.0,15.9,0.005890412,70.1165985249114,5.58380127,0.0,-0.007094452,-0.305869818,2.130869818,10754.13912,,,,
767,4,0,0,168.617,67.0,15.9,0.005853453,70.1509653851556,5.58380127,0.0,0.016106323,-0.3484056,2.1734056,10769.03317,,,,
768,4,0,0,169.2334,67.0,15.8,0.005815678,70.1810214189956,5.58380127,0.0,0.016106323,-0.360384703,2.185384703,10783.17024,,,,
769,4,0,0,169.8543,67.0,15.8,0.005772901,70.214999430509,5.58380127,0.0,0.009203613,-0.319707632,2.144707632,10797.83644,,,,
770,4,0,0,170.4797,67.0,15.7,0.005756308,70.2441742863254,5.58380127,0.0,-0.008628387,-0.255959749,2.080959749,10811.75711,,,,
771,4,0,0,170.7942,67.0,15.7,0.00577253,70.2772725038476,5.58380127,0.0,-0.007094452,-0.199451685,2.024451685,10826.19891,,,,
772,4,0,0,170.9519,67.0,15.7,0.005810257,70.3060167163734,5.58380127,0.0,-0.001725677,-0.172092199,1.997092199,10839.28604,,,,
773,4,0,0,171.904,67.0,15.7,0.005867359,70.3385847368326,5.58380127,0.0,-0.007094452,-0.174036264,1.999036264,10854.12729,,,,
774,4,0,0,171.7446,68.0,15.6,0.005916686,70.3664486564718,5.58380127,0.0,0.0,-0.195219278,2.020219278,10867.01406,,,,
775,4,0,0,171.904,70.0,15.6,0.005952609,69.885619433724,0.0,18.31970215,0.003834839,-0.218935728,2.043935728,10881.62901,,,,
776,4,0,0,172.2238,71.0,15.5,0.005956178,69.2901653718112,0.0,105.1849365,-0.010162323,-0.191185713,2.016185713,10894.31911,,,,
777,4,0,0,172.3841,73.0,15.5,0.005931046,68.6318501032568,0.0,261.7767334,0.025309937,-0.176622152,2.001622152,10908.71085,,,,
778,4,0,0,172.5447,73.0,15.5,0.005895659,68.0303423640934,0.0,261.630249,-0.020132904,-0.09479022,1.91979022,10921.20721,,,,
779,4,0,0,172.7056,71.0,15.5,0.005855817,67.351918794574,0.0,261.630249,-0.043141937,-0.023340464,1.848340464,10935.37945,,,,
780,4,0,0,172.7056,70.0,15.5,0.005828056,66.7771907144116,0.0,261.630249,0.016106323,-0.108285666,1.933285666,10947.68514,,,,
781,4,0,0,172.7056,69.0,15.5,0.005809313,66.094600193484,0.0,261.630249,-0.030870453,-0.250367403,2.075367403,10961.64103,,,,
782,4,0,0,172.7056,68.0,15.4,0.005803876,65.5162846369672,0.0,261.630249,0.023776001,-0.323820829,2.148820829,10973.75894,,,,
783,4,0,0,173.0283,67.0,15.4,0.005807673,64.8471877560168,0.0,261.7767334,0.012271484,-0.335956335,2.160956335,10987.50187,,,,
784,4,0,0,173.5147,67.0,15.4,0.005829825,64.2482506156354,0.0,261.7767334,-0.016298065,-0.272291422,2.097291422,10999.43481,,,,
785,4,0,0,173.3523,66.0,15.4,0.005891362,63.5777352945958,0.0,262.5091553,0.010737549,-0.256774187,2.081774187,11012.96795,,,,
786,4,0,0,173.6774,66.0,15.3,0.005970433,62.9603417763858,0.0,262.3626709,0.008436646,-0.214999437,2.039999437,11024.71868,,,,
787,4,0,0,174.0038,68.0,15.3,0.00606237,62.287281155389,0.0,262.3626709,-0.008628387,-0.149349928,1.974349928,11038.0451,,,,
788,4,0,0,174.1675,67.0,15.3,0.00612224,61.6974376389578,0.0,262.2161865,-0.010929291,-0.103738546,1.928738546,11049.06706,,,,
789,4,0,0,174.4957,67.0,15.3,0.006158694,61.02248821607,0.0,262.6556396,0.018407227,-0.049625635,1.874625635,11062.7386,,,,
790,4,0,0,174.8252,67.0,15.3,0.006170765,60.4294759735524,0.0,85.11657715,-0.019365936,-0.000945,1.825944853,11073.59157,,,,
791,4,0,0,175.3217,67.0,15.3,0.006179304,59.7827511073044,0.0,46.29821777,-0.001725677,-0.011925459,1.836925459,11087.05371,,,,
792,4,0,0,175.3217,68.0,15.3,0.006197501,59.2009046588276,0.0,11.14196777,-0.013997162,-0.079069853,1.904069853,11097.74089,,,,
793,4,0,0,175.4879,68.0,15.3,0.006246328,58.5672312502984,0.0,5.282592773,-0.013997162,-0.21272397,2.03772397,11111.00149,,,,
794,4,0,0,175.8211,68.0,15.2,0.006324213,57.9955334286088,0.0,4.403686523,0.042183228,-0.358499289,2.183499289,11121.64967,,,,
795,4,0,0,175.9882,69.0,15.2,0.006455804,57.373974745358,0.0,4.110717773,0.00690271,-0.364673376,2.189673376,11135.10658,,,,
796,4,0,0,175.9882,68.0,15.2,0.006598657,57.5308374048392,11.21429443,0.0,0.00690271,-0.318540335,2.143540335,11145.8447,,,,
797,4,0,0,176.1556,67.0,15.2,0.006784498,58.2510099737432,0.0,162.3138428,-0.005560516,-0.251553297,2.076553297,11159.1478,,,,
798,4,0,0,176.9974,66.0,15.2,0.006970849,57.676718233935,0.0,262.802124,0.013038452,-0.203571559,2.028571559,11168.22456,,,,
799,4,0,0,177.1667,66.0,15.2,0.007214044,47.3127661321398,0.0,261.4837646,0.0,-0.094691683,1.919691683,11174.69314,,,,
800,4,0,0,177.3364,65.0,15.2,0.007443614,20.6609122235038,0.0,260.8978271,-0.074587616,0.012070962,1.812929038,11176.13385,,,,
801,4,0,0,177.5064,65.0,15.2,0.007443614,20.6609122235038,0.0,260.8978271,-0.074587616,0.012070962,1.812929038,11176.13385,,,,
802,4,0,0,177.8473,66.0,15.2,0.007443614,20.6609122235038,0.0,260.8978271,-0.074587616,0.012070962,1.812929038,11176.13385,,,,
