Time,Drive,Stimulus,Failure,Palm.EDA,Heart.Rate,Breathing.Rate,Perinasal.Perspiration,Speed,Acceleration,Brake,Steering,LaneOffset,Lane.Position,Distance,Gaze.X.Pos,Gaze.Y.Pos,Lft.Pupil.Diameter,Rt.Pupil.Diameter
1,4,0,0,102.6947,79.0,8.7,0.005296534,-0.01780772046688,0.0,262.9486084,-0.063850067,-0.100003958,1.925003958,8.06112e-06,0.0,0.0,0.0,0.004464
2,4,0,0,102.9802,81.0,8.8,0.005370666,-0.01780772046688,0.0,262.9486084,-0.063850067,-0.100003958,1.925003958,1.51146e-05,0.0,0.0,0.0,0.0
3,4,0,0,103.3827,83.0,8.8,0.005390686,-0.01780772046688,0.0,191.4642334,-0.063850067,-0.100003958,1.925003958,2.31757e-05,519.109497,758.809387,0.005055,0.005143
4,4,0,0,103.0375,85.0,9.1,0.005360608,0.03848980746878,0.0,220.7611084,-0.063850067,-0.100007296,1.925007296,3.02292e-05,556.08197,801.453674,0.003972,0.004033
5,4,0,0,101.4569,84.0,9.1,0.005295186,0.85207388862056,0.0,262.0697021,-0.063850067,-0.100332022,1.925332022,3.82903e-05,526.513611,810.044006,0.003992,0.0041
6,4,0,0,99.9241,84.0,9.4,0.005227332,0.80077964263892,0.0,131.2591553,-0.040074066,-0.100675821,1.925675821,0.02136896,539.31488,807.032593,0.004047,0.004079
7,4,0,0,99.7089,83.0,9.4,0.005153334,0.79710627741806,0.0,37.9486084,-0.032404388,-0.101143599,1.926143599,0.169645119,522.751282,761.10553,0.00429,0.004442
8,4,0,0,99.9241,81.0,9.6,0.005102284,4.41141813008904,14.55963135,0.0,-0.027035614,-0.101945639,1.926945639,0.320140117,540.6698,814.454895,0.004252,0.004314
9,4,0,0,100.6847,80.0,9.6,0.005066346,6.767856878745,6.421508789,0.0,-0.034705292,-0.107396364,1.932396364,0.49096397,0.0,0.0,0.0,0.0
10,4,0,0,101.4014,80.0,9.9,0.005055987,11.7410509565238,5.539855957,0.0,-0.048510712,-0.119548559,1.944548559,0.64035908,513.96167,789.723694,0.003905,0.003955
11,4,0,0,102.0158,80.0,9.9,0.00506425,12.388250148378,0.0,0.0,-0.030870453,-0.149815321,1.974815321,1.341307633,525.239929,798.831299,0.004,0.004024
12,4,0,0,102.5241,80.0,10.1,0.005081715,12.0345847877366,0.0,1.327514648,0.003834839,-0.177996397,2.002996397,2.617540186,593.556274,735.390808,0.00391,0.00391
13,4,0,0,102.923,79.0,10.1,0.005107621,16.2868179002574,23.75244141,0.0,0.013038452,-0.213462114,2.038462114,4.498545259,517.057495,809.090515,0.004255,0.004245
14,4,0,0,102.8658,80.0,10.6,0.005137913,24.6543143373118,23.66455078,0.0,0.043717163,-0.254081964,2.079081964,6.824780032,518.661682,833.5271,0.003635,0.003612
15,4,0,0,103.1523,81.0,10.6,0.005184969,31.9322284672146,17.41882324,0.0,-0.010162323,-0.283159494,2.108159494,9.593477078,514.419617,823.317993,0.003696,0.003753
16,4,0,0,103.3827,80.0,11.0,0.005232536,34.5840338214116,0.0,4.989624023,-0.024734711,-0.332256079,2.157256079,11.96302017,678.108887,731.959717,0.003912,0.00397
17,4,0,0,103.3827,79.0,11.0,0.005284756,35.167149540253,13.2824707,0.0,0.008436646,-0.434169054,2.259169054,14.63864872,511.922394,811.285583,0.003859,0.00396
18,4,0,0,101.6797,78.0,11.4,0.005323181,38.7371874243744,24.32373047,0.0,0.032979614,-0.525562048,2.350562048,17.86343511,530.322998,868.157715,0.003878,0.003944
19,4,0,0,99.7089,79.0,11.4,0.005353586,43.5730632083702,24.36767578,0.0,0.036047485,-0.54334712,2.36834712,23.06983441,541.913086,997.161072,0.003758,0.003762
20,4,0,0,99.0158,81.0,12.1,0.00536634,47.5533988171304,28.10577393,0.0,-0.019365936,-0.468840361,2.293840361,28.71906338,512.956726,805.478821,0.004059,0.004045
21,4,0,0,99.228,81.0,12.1,0.005369777,52.5870772286806,30.04211426,0.0,0.001533936,-0.411108732,2.236108732,36.05787393,530.63092,967.849426,0.003757,0.003766
22,4,0,0,100.032,81.0,12.7,0.005369756,57.0202721333236,29.86633301,0.0,0.018407227,-0.348282576,2.173282576,42.76436741,546.086426,952.268677,0.003983,0.003989
23,4,0,0,100.9591,82.0,12.7,0.005368411,61.670999369251,24.23583984,0.0,-0.083024261,-0.234128237,2.059128237,50.50399413,515.008728,819.423279,0.004113,0.004086
24,4,0,0,101.7915,82.0,12.9,0.00536375,64.0310122624888,19.30847168,0.0,-0.052345551,-0.177244425,2.002244425,57.70195053,542.098328,1000.913208,0.00381,0.003884
25,4,0,0,102.4674,80.0,12.9,0.00535413,65.3864944559,0.0,0.0,0.017640259,-0.277837515,2.102837515,66.67485681,507.005402,817.452515,0.004203,0.004267
26,4,0,0,102.8658,79.0,13.1,0.005343341,64.8039199902874,0.0,0.0,0.083599487,-0.275422335,2.100422335,75.17303312,538.726501,983.517395,0.003711,0.00375
27,4,0,0,103.0375,80.0,13.1,0.005327691,64.6534406813558,8.618774414,0.0,-0.094528778,0.088995218,1.736004782,85.60096836,506.432404,810.115784,0.00373,0.003665
28,4,0,0,102.923,79.0,13.0,0.005309972,65.6185111207722,15.87799072,0.0,-0.012463226,0.295040846,1.529959154,95.39300639,512.762817,810.180908,0.003813,0.003789
29,4,0,0,103.2098,79.0,13.0,0.00528692,67.302875123678,17.37213135,0.0,0.036047485,0.277306795,1.547693205,107.3795823,506.999298,816.008728,0.003763,0.003638
30,4,0,0,103.325,79.0,12.9,0.005267856,68.7539606264978,17.15240479,0.0,0.009203613,0.412000895,1.412999105,118.5546718,0.0,0.0,0.0,0.0
31,4,0,0,103.2098,80.0,12.9,0.005250275,70.3708965664572,17.1963501,0.0,-0.074587616,0.626596689,1.198403311,132.0548556,527.382874,823.120117,0.003637,0.003588
32,4,0,0,102.7517,81.0,12.8,0.005237801,71.707151878328,16.93267822,0.0,-0.070752777,0.627362967,1.197637033,144.3489317,515.411194,808.703308,0.003773,0.003661
33,4,0,0,102.4107,82.0,12.8,0.005222076,73.1802706297802,16.8447876,0.0,0.046785034,0.281892538,1.543107462,158.7348158,537.767395,997.216675,0.00366,0.003701
34,4,0,0,101.4014,83.0,12.4,0.005201155,74.394308960569,14.86724854,0.0,0.047552002,0.031045675,1.793954325,171.4338121,512.661926,809.572998,0.003805,0.003813
35,4,0,0,96.8917,84.0,12.4,0.005165215,74.4542648739888,0.0,4.550170898,-0.012463226,0.020665884,1.804334116,185.8553261,508.206512,804.35553,0.003791,0.003714
36,4,0,0,92.3497,83.0,11.8,0.005127432,73.743516326537,0.0,4.550170898,-0.016298065,0.13973546,1.68526454,198.3964977,536.607483,990.643005,0.003901,0.003885
37,4,0,0,89.4071,82.0,11.8,0.005086363,72.9319114551694,0.0,2.499389648,-0.007094452,0.177029371,1.647970629,212.7997267,503.683502,806.880798,0.004012,0.004018
38,4,0,0,88.2566,82.0,11.2,0.005055653,72.2369926817322,0.0,0.0,-0.007094452,0.151066542,1.673933458,225.581022,540.815918,1009.591492,0.003381,0.003346
39,4,0,0,88.552,83.0,11.2,0.005022935,71.4441796229294,0.0,0.0,-0.003259613,0.078896761,1.746103239,240.4478411,0.0,0.0,0.0,0.0
40,4,0,0,89.7537,84.0,10.4,0.004993716,70.7647772367286,0.0,0.0,0.029144775,0.00867486,1.81632514,253.6893449,511.301697,814.032776,0.003726,0.003657
41,4,0,0,90.9438,81.0,10.4,0.00496486,70.3401761005048,4.221496582,0.0,-0.020132904,0.041963339,1.783036661,269.078188,546.735291,968.981201,0.003571,0.003597
42,4,0,0,91.7095,80.0,9.7,0.004948291,70.3614249568212,5.58380127,0.0,0.017640259,0.037126303,1.787873697,282.7626596,535.648499,995.46051,0.003574,0.003672
43,4,0,0,91.6187,80.0,9.7,0.004937808,70.7072735873206,10.77484131,0.0,0.003067871,0.056975126,1.768024874,298.6430559,507.17569,801.665222,0.003728,0.003682
44,4,0,0,88.0468,80.0,9.0,0.004932173,71.199246588338,7.608032227,0.0,-0.040074066,0.111911535,1.713088465,312.7396341,608.015808,760.579224,0.003614,0.003518
45,4,0,0,83.4822,79.0,9.0,0.004930889,71.711466357934,13.76586914,0.0,0.014572388,0.0394032,1.7855968,329.0760973,472.130798,814.016907,0.003608,0.003603
46,4,0,0,80.6114,79.0,8.4,0.004938601,72.808072565142,15.35064697,0.0,0.009203613,-0.012868643,1.837868643,343.5518486,540.323975,974.622498,0.003516,0.003454
47,4,0,0,80.8224,80.0,8.4,0.004957141,74.0270501374182,11.21429443,0.0,0.052920776,-0.010172606,1.835172606,360.13191,504.831207,801.144287,0.003791,0.003728
48,4,0,0,81.7862,81.0,8.2,0.004977267,74.0232480877616,5.58380127,0.0,-0.052345551,0.199563265,1.625436735,374.5324752,506.903107,816.593689,0.00359,0.003601
49,4,0,0,83.2945,81.0,8.2,0.005000707,74.0472369098016,6.465454102,0.0,-0.024734711,0.274774313,1.550225687,390.8634935,537.599792,994.991577,0.003741,0.003746
50,4,0,0,85.0543,80.0,8.0,0.005020165,74.068316141682,6.113891602,0.0,0.017640259,0.144737959,1.680262041,405.0430058,517.351685,786.71051,0.003601,0.003625
51,4,0,0,86.5651,79.0,8.0,0.005039487,74.1321723227786,6.465454102,0.0,0.009203613,0.079087496,1.745912504,421.1232993,0.0,0.0,0.0,0.0
52,4,0,0,88.1306,77.0,7.5,0.005053717,74.2174424462888,6.729125977,0.0,0.014572388,0.071038485,1.753961515,435.0851632,536.372314,981.985596,0.003299,0.003333
53,4,0,0,89.3208,77.0,7.5,0.005070593,74.3285902098234,6.773071289,0.0,0.00690271,0.128988504,1.696011496,450.918778,0.0,0.0,0.0,0.0
54,4,0,0,90.4552,77.0,7.3,0.005090316,74.4312000706032,7.168579102,0.0,-0.036239227,0.212702513,1.612297487,464.6667301,514.248474,795.236816,0.003455,0.003448
55,4,0,0,91.3926,78.0,7.3,0.005122117,74.5945689215562,7.036743164,0.0,-0.013997162,0.222878695,1.602121305,480.305755,542.534485,1005.65387,0.003509,0.003536
56,4,0,0,92.1201,79.0,7.2,0.005154348,74.722446144539,7.124633789,0.0,0.009203613,0.143021822,1.681978178,493.98366,502.084686,803.575928,0.003359,0.003425
57,4,0,0,92.8126,81.0,7.2,0.005180267,74.8673092270188,7.124633789,0.0,-0.057714325,0.058475733,1.766524267,509.6251693,545.892273,973.986389,0.003234,0.003259
58,4,0,0,93.2331,81.0,7.1,0.005185042,74.997434955476,7.256469727,0.0,-0.049277679,-0.231844187,2.056844187,523.3746827,509.998688,815.009705,0.003946,0.003949
59,4,0,0,93.7998,80.0,7.1,0.005179362,75.106737385393,6.860961914,0.0,0.21705188,-0.786216021,2.611216021,539.1769418,509.818298,827.038879,0.003911,0.003912
60,4,0,0,94.9055,80.0,7.0,0.00517813,75.1650007076546,6.685180664,0.0,0.019941162,-0.554157495,2.379157495,553.0605319,496.877808,829.773682,0.003936,0.003965
61,4,0,0,95.0516,80.0,7.0,0.00518937,75.1938189820072,6.421508789,0.0,-0.18349704,0.084774733,1.740225267,569.063382,511.200897,814.204712,0.003688,0.003663
62,4,0,0,95.5913,80.0,7.2,0.005206993,75.2283051748124,6.685180664,0.0,0.043717163,-0.055843115,1.880843115,583.2378096,612.499878,783.656189,0.0,0.003381
63,4,0,0,96.1372,80.0,7.2,0.005225022,75.3081500361552,6.992797852,0.0,0.056755615,-0.313127279,2.138127279,599.6267937,545.5224,989.273926,0.003765,0.003777
64,4,0,0,96.4878,81.0,7.4,0.005229823,75.4020412813916,6.860961914,0.0,0.014572388,-0.175924063,2.000924063,614.0250133,0.0,0.0,0.004303,0.003914
65,4,0,0,96.2872,82.0,7.4,0.005214695,75.481369367567,6.509399414,0.0,-0.036239227,0.130887747,1.694112253,630.4724341,0.0,0.0,0.003862,0.0
66,4,0,0,97.299,82.0,7.8,0.005186107,75.5376669614856,6.729125977,0.0,-0.060015228,0.270188093,1.554811907,644.8696443,497.121704,820.751282,0.003839,0.00391
67,4,0,0,99.6016,82.0,7.8,0.005153882,75.6069155420268,6.729125977,0.0,-0.030103485,0.114547014,1.710452986,661.3280478,146.548599,896.363403,0.0,0.004099
68,4,0,0,98.6466,83.0,8.2,0.005140124,75.6678779205892,6.509399414,0.0,0.030678711,-0.219183207,2.044183207,675.7353672,535.465088,995.61438,0.003692,0.003646
69,4,0,0,98.02,84.0,8.2,0.005140981,75.7279085234784,6.729125977,0.0,0.051386841,-0.529155016,2.354155016,692.2130511,0.0,0.0,0.0,0.0
70,4,0,0,96.6894,78.0,8.9,0.005144143,75.5217963424218,3.12286377,0.0,-0.005560516,-0.515202284,2.340202284,706.6451919,513.436584,803.012512,0.003518,0.003566
71,4,0,0,95.8387,73.0,8.9,0.00513958,75.038731907348,0.0,16.70837402,0.003834839,-0.427681208,2.252681208,723.1563063,538.201721,951.11438,0.003615,0.003638
72,4,0,0,94.7598,75.0,9.5,0.005133078,74.3953586043038,0.0,23.3001709,-0.02166684,-0.294824839,2.119824839,737.6186603,531.008118,796.869873,0.003884,0.003848
73,4,0,0,94.9541,77.0,9.5,0.005130372,73.684966445195,0.0,65.34118652,-0.024734711,-0.201690435,2.026690435,754.1694707,0.0,0.0,0.0,0.0
74,4,0,0,95.1493,79.0,10.1,0.005126964,73.0712602789798,0.0,42.34313965,0.012271484,-0.20365119,2.02865119,768.6733293,509.546814,801.341797,0.003504,0.003469
75,4,0,0,95.1004,80.0,10.1,0.005111241,72.3743858194812,0.0,22.27478027,0.0,-0.236694574,2.061694574,785.2721998,541.638794,992.755798,0.003408,0.003375
76,4,0,0,95.0029,80.0,11.1,0.005085956,71.7917312087366,0.0,21.5423584,0.008436646,-0.251102209,2.076102209,799.8162854,506.720093,808.998596,0.003627,0.003677
77,4,0,0,95.542,82.0,11.1,0.005049618,71.1252562001406,0.0,18.46618652,-0.02166684,-0.242004156,2.067004156,816.4593423,539.699097,799.63562,0.003483,0.003478
78,4,0,0,96.3373,82.0,12.1,0.005015712,70.5695394304256,0.0,19.05212402,-0.016298065,-0.256785154,2.081785154,831.0391893,507.596191,803.437988,0.003845,0.003901
79,4,0,0,96.8917,83.0,12.1,0.004978861,69.9328194929962,0.0,18.75915527,-0.025501678,-0.348463774,2.173463774,847.7201823,534.218506,998.687805,0.00372,0.003797
80,4,0,0,98.228,84.0,13.0,0.004952854,69.386979033647,0.483398438,0.0,0.049085938,-0.514315844,2.339315844,862.3270325,528.449219,804.530884,0.004027,0.004098
81,4,0,0,98.9629,85.0,13.0,0.004935915,68.8010481768106,1.23046875,0.0,0.037581421,-0.639849424,2.464849424,879.0256562,0.0,0.0,0.0,0.0
82,4,0,0,99.0688,85.0,13.8,0.004935942,68.3031284230922,0.0,0.0,-0.02166684,-0.565903425,2.390903425,893.6452673,509.253906,825.952087,0.003322,0.003338
83,4,0,0,99.4946,85.0,13.8,0.004954195,67.7039703042354,0.0,0.0,-0.046976776,-0.504908323,2.329908323,910.358228,520.840515,813.756409,0.003728,0.003813
84,4,0,0,99.7089,86.0,14.5,0.004984856,67.1925655205088,0.0,0.0,0.018407227,-0.55081439,2.37581439,924.9946777,0.0,0.0,0.0,0.0
85,4,0,0,100.1402,85.0,14.5,0.00503426,66.6196750169452,0.0,0.0,0.067493164,-0.618106127,2.443106127,941.7383971,561.135315,994.567871,0.003569,0.003569
86,4,0,0,100.3029,85.0,14.9,0.00508471,66.114579505848,0.0,0.0,0.042183228,-0.520911455,2.345911455,956.4026281,509.675903,810.2901,0.003838,0.003843
87,4,0,0,100.7394,86.0,14.9,0.00513627,65.551163894974,0.0,0.0,-0.041608002,-0.272744417,2.097744417,973.1747902,526.454285,804.002075,0.003524,0.00361
88,4,0,0,100.9591,87.0,14.9,0.005162479,65.0547316542176,0.0,0.0,-0.068451874,-0.165272474,1.990272474,987.8607782,479.231903,821.732727,0.00344,0.003457
89,4,0,0,101.2351,89.0,14.9,0.005166154,64.5146786711896,0.0,0.0,0.008436646,-0.271080732,2.096080732,1004.655326,516.249817,805.601318,0.003635,0.003687
90,4,0,0,101.2904,89.0,14.9,0.005152833,64.0750713567896,0.0,0.0,0.105074585,-0.439433336,2.264433336,1019.358978,534.547913,792.82019,0.00379,0.003739
91,4,0,0,101.5682,86.0,14.9,0.005126009,63.557170150285,0.0,0.0,0.049085938,-0.489695311,2.314695311,1036.174481,493.009491,811.56488,0.003626,0.003705
92,4,0,0,101.7915,84.0,14.9,0.005093618,63.1240409443738,0.0,0.0,-0.017832001,-0.396813154,2.221813154,1050.899027,602.743591,768.05658,0.003606,0.003662
93,4,0,0,101.8475,83.0,14.9,0.00505336,63.0158726968218,9.192810059,0.0,-0.012463226,-0.315277815,2.140277815,1065.589123,501.217102,803.142883,0.003706,0.003693
94,4,0,0,102.1284,82.0,14.6,0.005005001,63.3510255732142,7.256469727,0.0,-0.003259613,-0.257990122,2.082990122,1082.296852,529.271484,794.490906,0.003459,0.003472
95,4,0,0,101.6797,81.0,14.6,0.004969816,63.580949838592,6.904907227,0.0,-0.032404388,-0.229997873,2.054997873,1096.80546,504.232086,796.224487,0.003253,0.003232
96,4,0,0,101.4014,81.0,13.8,0.004943467,63.8355691044018,6.948852539,0.0,0.037581421,-0.247406721,2.072406721,1113.258894,523.846313,798.379822,0.003239,0.003268
97,4,0,0,101.5682,80.0,13.8,0.004931698,63.5947311641876,0.0,21.98181152,0.014572388,-0.242732286,2.067732286,1127.544554,0.0,0.0,0.0,0.0
98,4,0,0,101.1798,80.0,13.0,0.004925867,63.0844539484386,0.0,0.0,-0.010929291,-0.179824114,2.004824114,1143.74505,504.171295,805.03009,0.003394,0.003314
99,4,0,0,102.4674,81.0,13.0,0.004923232,63.3593394075608,11.21429443,0.0,-0.004793549,-0.136789083,1.961789083,1157.811325,0.0,0.0,0.0,0.0
100,4,0,0,102.8087,81.0,12.6,0.004923954,64.2473243278116,15.92193604,0.0,0.026843872,-0.104810953,1.929810953,1173.76334,510.480713,801.583618,0.003303,0.003296
101,4,0,0,102.5241,80.0,12.6,0.004933696,64.8840476770418,9.808044434,0.0,0.00690271,-0.056336164,1.881336164,1187.613984,492.354889,813.742004,0.003535,0.003539
102,4,0,0,102.6947,80.0,11.9,0.004960795,65.4847132485832,11.21429443,0.0,-0.001725677,0.011885405,1.813114595,1203.321405,454.417511,810.906494,0.003447,0.003432
103,4,0,0,102.6947,81.0,11.9,0.004995256,66.0201411171984,11.21429443,0.0,-0.015531097,0.06462121,1.76037879,1216.959278,396.193298,788.825073,0.003367,0.003381
104,4,0,0,102.4674,81.0,11.7,0.005036437,66.6797922988868,13.19458008,0.0,-0.058481293,0.080709696,1.744290304,1232.424691,0.0,0.0,0.0,0.0
105,4,0,0,101.7915,81.0,11.7,0.005069254,67.3765897997466,14.24926758,0.0,-0.008628387,-0.02724576,1.85224576,1245.858939,516.008972,804.666992,0.003352,0.003436
106,4,0,0,103.0375,81.0,11.4,0.005107606,68.5258553337484,18.6932373,0.0,0.072861938,-0.176182508,2.001182508,1261.100863,526.110291,802.952087,0.003304,0.003388
107,4,0,0,102.5241,82.0,11.4,0.005142914,69.8101261955544,22.47528076,0.0,0.045251099,-0.215758085,2.040758085,1274.336818,0.0,0.0,0.0,0.0
108,4,0,0,103.3827,86.0,11.5,0.005171577,71.0610659361534,11.61254883,0.0,-0.016298065,-0.115369081,1.940369081,1289.34702,542.533508,947.391113,0.003423,0.003478
109,4,0,0,102.7517,90.0,11.5,0.005174213,71.2264222415394,5.100402832,0.0,-0.02166684,-0.014393091,1.839393091,1302.379693,538.63147,981.311523,0.003646,0.003692
110,4,0,0,102.7517,90.0,11.2,0.005152272,71.1227732138282,5.58380127,0.0,-0.02166684,0.019902468,1.805097532,1317.160497,547.823303,968.722229,0.003501,0.003492
111,4,0,0,102.5241,90.0,11.2,0.00512206,71.136581705083,5.58380127,0.0,-0.013997162,-0.005704641,1.830704641,1329.993818,518.211609,808.457581,0.003881,0.003826
112,4,0,0,101.1245,90.0,11.3,0.00508634,71.1531463842086,5.58380127,0.0,0.03451355,-0.083400011,1.908400011,1344.548079,547.641296,969.070923,0.003495,0.00357
113,4,0,0,99.4411,88.0,11.3,0.005058574,71.1671450350778,5.58380127,0.0,0.003067871,-0.155550241,1.980550241,1357.184862,518.007996,814.946228,0.003749,0.00381
114,4,0,0,101.0693,85.0,11.4,0.00503702,71.1825923977216,5.58380127,0.0,0.026843872,-0.208833933,2.033833933,1371.513174,512.72937,806.491211,0.003614,0.003593
115,4,0,0,98.7518,83.0,11.4,0.00503115,71.196123503134,5.58380127,0.0,0.00690271,-0.190479517,2.015479517,1383.954057,513.647827,807.991821,0.003551,0.003454
116,4,0,0,94.8083,83.0,11.7,0.005037223,71.217955890041,5.671691895,0.0,0.00690271,-0.134478807,1.959478807,1398.064998,505.696106,809.107483,0.003712,0.003669
117,4,0,0,93.1862,84.0,11.7,0.005048053,71.265108666904,9.412536621,0.0,-0.003259613,-0.06617713,1.89117713,1410.318678,509.716095,805.490173,0.003364,0.003341
118,4,0,0,91.5282,84.0,12.0,0.005062689,71.7952640640914,11.21429443,0.0,0.0,0.011461973,1.813538027,1424.340979,513.431519,806.705627,0.003788,0.003759
119,4,0,0,88.4674,84.0,12.0,0.005076577,72.2858233564792,11.21429443,0.0,0.003067871,0.062037706,1.762962294,1436.659671,516.849121,808.294922,0.003376,0.003313
120,4,0,0,88.5097,85.0,12.0,0.005089382,72.790836936077,6.685180664,0.0,0.005368774,0.126271009,1.698728991,1450.210439,534.96759,807.51532,0.003429,0.003398
121,4,0,0,90.3669,85.0,12.0,0.005090069,72.8732396985092,7.959594727,0.0,-0.030870453,0.1967237,1.6282763,1462.465451,519.779419,799.19928,0.003358,0.003303
122,4,0,0,90.1031,83.0,12.3,0.00507053,73.125549159084,8.530883789,0.0,-0.015531097,0.238431215,1.586568785,1476.548894,502.030914,799.371277,0.003419,0.003393
123,4,0,0,91.7095,81.0,12.3,0.005037451,73.3564984131078,8.662719727,0.0,-0.003259613,0.212282896,1.612717104,1488.807265,524.694824,808.432922,0.003533,0.003562
124,4,0,0,88.892,80.0,12.3,0.004992537,73.6242136831676,8.753356934,0.0,0.009203613,0.172799349,1.652200651,1502.937618,507.630615,803.628418,0.003311,0.003206
125,4,0,0,84.6267,80.0,12.3,0.0049542,73.8763525537024,8.885192871,0.0,0.014572388,0.161180258,1.663819742,1515.474813,635.279114,776.297607,0.003221,0.003136
126,4,0,0,78.5595,81.0,12.6,0.004910867,74.1570943528044,9.104919434,0.0,0.017640259,0.191568136,1.633431864,1529.937606,517.163696,810.127075,0.003245,0.003201
127,4,0,0,77.5074,81.0,12.6,0.004871217,74.430052160568,9.412536621,0.0,0.009203613,0.238729715,1.586270285,1542.711141,0.0,0.0,0.0,0.0
128,4,0,0,77.7678,80.0,12.8,0.00483165,74.7560772628154,9.544372559,0.0,0.001533936,0.295460463,1.529539537,1557.448916,488.416412,813.515198,0.003215,0.003173
129,4,0,0,78.4265,79.0,12.8,0.004814661,75.099502838824,11.21429443,0.0,-0.033938324,0.348197222,1.476802778,1570.484701,511.06781,808.312195,0.003166,0.003088
130,4,0,0,80.3665,80.0,13.0,0.004819219,75.5704342826104,11.30218506,0.0,0.010737549,0.347827673,1.477172327,1585.602923,526.269714,796.489685,0.003195,0.00314
131,4,0,0,82.1855,81.0,13.0,0.004834496,75.9709005170024,9.456481934,0.0,0.003834839,0.343188524,1.481811476,1599.085569,573.120911,806.30957,0.003358,0.003227
132,4,0,0,83.6708,80.0,13.5,0.004851591,76.1054773580316,7.432250977,0.0,-0.017832001,0.330494165,1.494505835,1614.792055,602.259216,783.545288,0.003117,0.003215
133,4,0,0,84.6267,81.0,13.5,0.004862669,76.2170292107468,7.651977539,0.0,-0.010929291,0.24182868,1.58317132,1628.640359,551.393311,790.887573,0.00305,0.003179
134,4,0,0,85.4073,81.0,14.3,0.00487453,76.2801553469392,5.671691895,0.0,0.001533936,0.086214781,1.738785219,1644.447893,0.0,0.0,0.0,0.0
135,4,0,0,85.9225,81.0,14.3,0.004887749,76.277447664576,6.553344727,0.0,0.03451355,-0.054111719,1.879111719,1658.278373,519.663208,980.696106,0.003198,0.003264
136,4,0,0,85.4862,80.0,14.6,0.004907664,76.3448203984132,7.080688477,0.0,0.065192261,-0.148391008,1.973391008,1674.087961,508.71701,797.069214,0.003301,0.003324
137,4,0,0,84.4723,81.0,14.6,0.00492945,76.421597696782,7.300415039,0.0,-0.010929291,-0.074993849,1.899993849,1687.924298,508.320801,964.625977,0.00335,0.00344
138,4,0,0,84.4723,82.0,15.0,0.004956819,76.5507843109756,7.871704102,0.0,-0.008628387,0.060947657,1.764052343,1703.740557,506.144409,801.985718,0.003448,0.003427
139,4,0,0,84.9762,82.0,15.0,0.00497972,76.729821470861,9.060974121,0.0,-0.050811615,0.16168046,1.66331954,1717.582482,510.354889,800.514771,0.003307,0.003301
140,4,0,0,86.0422,82.0,15.6,0.005002789,76.9897306694376,8.442993164,0.0,-0.040074066,0.183969736,1.641030264,1733.4056,0.0,0.0,0.0,0.0
141,4,0,0,87.2996,82.0,15.6,0.005019643,77.1179635565604,7.300415039,0.0,-0.030103485,0.074182272,1.750817728,1747.256613,537.430603,982.990173,0.003557,0.003611
142,4,0,0,88.0887,83.0,16.1,0.00503586,77.0336378581358,4.17755127,0.0,0.003834839,-0.162523031,1.987523031,1763.163517,517.334106,805.690491,0.003662,0.003646
143,4,0,0,88.4674,83.0,16.1,0.005046993,76.8781410133258,5.495910645,0.0,0.054454712,-0.359665632,2.184665632,1777.180825,524.490417,834.634277,0.00348,0.003387
144,4,0,0,88.9347,82.0,16.6,0.005051948,76.8060501291304,7.827758789,0.0,0.029144775,-0.407201529,2.232201529,1793.30958,511.847107,811.162109,0.003353,0.003401
145,4,0,0,89.3208,82.0,16.6,0.005046821,77.3005248008976,12.35961914,0.0,-0.007094452,-0.339147329,2.164147329,1807.46947,0.0,0.0,0.0,0.0
146,4,0,0,89.6668,82.0,16.7,0.005032938,77.8521111995026,12.75512695,0.0,-0.024734711,-0.239515066,2.064515066,1823.693691,512.736328,847.739685,0.003479,0.003505
147,4,0,0,90.1908,83.0,16.7,0.00501554,78.335166686646,12.88696289,0.0,-0.020132904,-0.212569952,2.037569952,1837.937908,517.18927,833.632019,0.003361,0.003411
148,4,0,0,90.81,83.0,16.8,0.004984758,78.8992513323448,13.06274414,0.0,0.025309937,-0.267771959,2.092771959,1854.273282,519.407593,820.921204,0.003413,0.003381
149,4,0,0,91.2126,83.0,16.8,0.004946215,79.426387478945,13.54614258,0.0,0.003067871,-0.283768892,2.108768892,1868.617507,0.0,0.0,0.0,0.0
150,4,0,0,90.9885,82.0,17.0,0.004899436,80.0446989325042,13.72192383,0.0,-0.005560516,-0.249705076,2.074705076,1885.070964,514.859802,817.595703,0.003547,0.003506
151,4,0,0,90.8992,83.0,17.0,0.00486906,80.5560997733478,13.37036133,0.0,0.0,-0.230356932,2.055356932,1899.523665,546.831482,961.881775,0.003384,0.003274
152,4,0,0,90.8992,83.0,16.8,0.004855601,81.091769847633,9.895935059,0.0,0.0,-0.218926191,2.043926191,1916.109476,511.80481,809.57489,0.003787,0.003791
153,4,0,0,91.5282,82.0,16.8,0.004862385,80.717172224868,0.0,0.0,-0.007094452,-0.217651606,2.042651606,1930.687935,553.758301,793.52002,0.003452,0.003506
154,4,0,0,92.0285,82.0,16.3,0.004884383,80.0387718620314,0.0,23.15368652,0.005368774,-0.25618577,2.08118577,1947.444654,502.301697,809.594482,0.003436,0.003446
155,4,0,0,92.3958,81.0,16.3,0.004910363,79.4841963718708,0.0,44.9798584,0.016106323,-0.28709197,2.11209197,1962.191249,533.400696,797.469788,0.003554,0.003554
156,4,0,0,92.5806,81.0,15.9,0.004940805,78.816901774693,0.0,262.3626709,-0.000959,-0.280160189,2.105160189,1979.09506,511.803894,810.787598,0.003511,0.003469
157,4,0,0,92.8126,82.0,15.9,0.004959746,78.2515335033168,0.0,185.8978271,-0.010162323,-0.268666983,2.093666983,1993.907032,502.092285,812.06012,0.00373,0.003738
158,4,0,0,93.1394,83.0,15.8,0.004965877,77.6159880944062,0.0,149.4232178,-0.004793549,-0.268795252,2.093795252,2010.85662,564.977295,806.555298,0.003698,0.003619
159,4,0,0,93.5156,82.0,15.8,0.004958672,77.061065646635,0.0,135.9466553,-0.004793549,-0.280210733,2.105210733,2025.68644,548.849304,989.21991,0.003619,0.00354
160,4,0,0,93.7049,81.0,15.4,0.004942244,76.4170935403636,0.0,101.9622803,0.0,-0.310952902,2.135952902,2042.64578,514.403625,815.726196,0.003834,0.003899
161,4,0,0,94.0858,80.0,15.4,0.004924526,75.8909016740084,0.0,56.25915527,0.019941162,-0.340169668,2.165169668,2057.500458,590.703491,785.582886,0.003381,0.003455
162,4,0,0,94.3254,80.0,14.8,0.004899655,75.2752094373926,0.0,38.5345459,0.001533936,-0.318119764,2.143119764,2074.501586,0.0,0.0,0.0,0.0
163,4,0,0,94.8083,79.0,14.8,0.004873575,74.7573972917636,0.0,37.3626709,-0.024734711,-0.271425962,2.096425962,2089.410368,485.493805,805.820129,0.00356,0.003511
164,4,0,0,95.0516,78.0,14.5,0.00484463,74.17148642293,0.0,25.35095215,-0.024734711,-0.258751154,2.083751154,2106.502196,471.673492,808.236023,0.003592,0.003675
165,4,0,0,95.2472,79.0,14.5,0.004826779,73.6439920211524,0.0,13.77868652,0.00690271,-0.307741404,2.132741404,2121.490494,417.5513,790.613525,0.003309,0.00324
166,4,0,0,95.6901,80.0,14.6,0.004817516,73.0494823843252,0.0,5.868530273,0.032212646,-0.400588751,2.225588751,2138.615157,522.912781,800.750671,0.003424,0.003415
167,4,0,0,95.7396,79.0,14.6,0.004814534,72.5670667063922,5.715637207,0.0,0.058289551,-0.419756651,2.244756651,2153.568563,504.102814,805.340698,0.003562,0.003547
168,4,0,0,95.9877,80.0,14.3,0.004810691,72.7920544178804,8.486938477,0.0,-0.010929291,-0.257668734,2.082668734,2170.641043,506.713409,811.050476,0.003683,0.00375
169,4,0,0,96.1871,81.0,14.3,0.004806722,73.2262732274386,13.89770508,0.0,-0.070752777,-0.079876661,1.904876661,2185.640042,526.506409,982.470703,0.003436,0.003434
170,4,0,0,96.3874,81.0,14.4,0.004803375,73.9146104440118,11.0824585,0.0,-0.030870453,-0.063938379,1.888938379,2202.903739,505.240295,808.833801,0.003742,0.003725
171,4,0,0,96.4878,79.0,14.4,0.004801845,74.3350405732906,11.21429443,0.0,0.029144775,-0.171423674,1.996423674,2218.111498,516.402893,801.993286,0.003535,0.003463
172,4,0,0,96.6894,79.0,14.1,0.004804279,74.8204174690104,11.21429443,0.0,0.04141626,-0.214428186,2.039428186,2235.607916,516.09613,807.834106,0.003343,0.003322
173,4,0,0,96.9932,81.0,14.1,0.004810987,75.2265975363252,11.21429443,0.0,0.017640259,-0.163150072,1.988150072,2251.022819,509.812714,801.93219,0.003485,0.003476
174,4,0,0,97.299,80.0,14.2,0.004818181,75.4572017800398,8.530883789,0.0,-0.033938324,-0.041314363,1.866314363,2268.765965,506.00531,808.276917,0.003444,0.0034
175,4,0,0,97.4526,79.0,14.2,0.004819584,75.6785121335346,9.104919434,0.0,-0.045442841,0.021777868,1.803222132,2284.398877,502.058289,821.107178,0.003326,0.003272
176,4,0,0,97.5039,78.0,14.3,0.004815201,75.96384378641,9.280700684,0.0,0.012271484,-0.04584384,1.87084384,2302.37955,510.08551,981.343201,0.003305,0.00334
177,4,0,0,97.4013,78.0,14.3,0.004808976,76.2050422992512,9.368591309,0.0,0.017640259,-0.112334967,1.937334967,2318.105649,526.468628,791.059692,0.003378,0.0034
178,4,0,0,97.6582,79.0,14.4,0.004802371,76.497548486407,9.324645996,0.0,0.017640259,-0.142974615,1.967974615,2335.93899,510.895691,810.088623,0.003593,0.003592
179,4,0,0,97.9163,79.0,14.4,0.004797131,76.7373131738686,8.973083496,0.0,0.00690271,-0.114912748,1.939912748,2351.421507,469.363892,807.749329,0.00335,0.003237
180,4,0,0,98.1239,79.0,14.4,0.004790584,76.950463030932,6.992797852,0.0,0.0,-0.055859804,1.880859804,2368.978009,0.0,0.0,0.00401,0.003681
181,4,0,0,98.3845,79.0,14.4,0.004787179,76.9856421250742,6.377563477,0.0,0.00690271,-0.038883924,1.863883924,2384.220486,504.036499,812.915527,0.003256,0.003262
182,4,0,0,98.594,79.0,14.5,0.004794247,76.9981821989146,6.597290039,0.0,0.017640259,-0.004248857,1.829248857,2401.505171,502.809113,790.753296,0.00302,0.003075
183,4,0,0,98.8045,79.0,14.5,0.004812112,76.978498457935,0.0,2.792358398,-0.003259613,0.060474157,1.764525843,2416.511902,514.157715,799.201782,0.003028,0.003037
184,4,0,0,99.1218,79.0,14.2,0.004834799,76.4202772494054,0.0,7.919311523,-0.023200775,0.151496649,1.673503351,2431.410033,616.370422,786.611572,0.003141,0.003066
185,4,0,0,99.1218,81.0,14.2,0.004859872,75.8181166653776,0.0,4.989624023,-0.003259613,0.201427698,1.623572302,2448.304574,481.730286,800.276428,0.003261,0.00319
186,4,0,0,99.228,80.0,14.0,0.004882599,75.2783808671702,0.0,4.110717773,-0.019365936,0.192485094,1.632514906,2462.972809,517.315918,813.406372,0.003003,0.002992
187,4,0,0,99.3878,80.0,14.0,0.004917003,74.6881188740588,0.0,29.7454834,0.001533936,0.148629904,1.676370096,2479.606892,502.200714,795.798279,0.003127,0.003097
188,4,0,0,99.4946,79.0,13.8,0.004961447,74.1570573540778,0.0,40.14587402,0.003834839,0.072436094,1.752563906,2494.049345,538.01239,968.830383,0.00301,0.00299
189,4,0,0,99.7626,79.0,13.8,0.005027967,73.5749244269876,0.0,35.75134277,0.016106323,0.011516809,1.813483191,2510.427434,520.585327,797.227295,0.003092,0.003102
190,4,0,0,99.9241,81.0,13.6,0.005084066,73.0522475684066,0.0,247.4212646,0.016106323,-0.001985788,1.826985788,2524.647725,544.929688,792.192993,0.003069,0.00306
191,4,0,0,100.0861,82.0,13.6,0.00512224,72.4802831917328,0.0,152.645874,0.019941162,0.019358397,1.805641603,2540.79142,604.147705,793.248718,0.003625,0.003664
192,4,0,0,100.2486,82.0,13.5,0.005126416,71.9844516532248,0.0,101.6693115,0.021475098,0.090934992,1.734065008,2554.935341,540.524475,799.311401,0.003455,0.003481
193,4,0,0,100.1402,81.0,13.5,0.005106905,71.421138766523,0.0,81.60095215,-0.057714325,0.231488466,1.593511534,2571.201765,540.1427,799.483826,0.003553,0.003486
194,4,0,0,100.3029,81.0,13.0,0.005081976,70.9478336910772,0.0,79.84313965,-0.034705292,0.281507254,1.543492746,2585.560463,519.225891,797.388123,0.003594,0.003554
195,4,0,0,100.6299,81.0,13.0,0.005053632,70.4277663129326,0.0,67.68493652,-0.02166684,0.197273016,1.627726984,2602.074024,532.668884,804.967407,0.003552,0.003488
196,4,0,0,100.4117,80.0,12.9,0.005030666,69.963938367159,0.0,18.0267334,0.023009033,0.046669245,1.778330755,2616.611206,513.210876,815.010803,0.003311,0.003363
197,4,0,0,99.6016,80.0,12.9,0.005010882,69.433598072899,0.0,16.8548584,0.039882324,-0.096886396,1.921886396,2633.320922,386.800995,809.239319,0.003365,0.003368
198,4,0,0,98.594,80.0,12.8,0.005004352,68.9760059333838,0.0,18.46618652,0.04141626,-0.130132914,1.955132914,2647.988657,533.702271,980.54303,0.003392,0.003345
199,4,0,0,98.2801,79.0,12.8,0.005010111,68.453971813012,0.0,0.0,0.010737549,-0.052658796,1.877658796,2664.803076,544.344116,983.655029,0.003502,0.003604
200,4,0,0,98.4892,80.0,13.1,0.005021689,68.4208090609558,11.70043945,0.0,-0.007094452,0.064951181,1.760048819,2679.566648,552.518311,805.251282,0.003509,0.003511
201,4,0,0,98.8572,80.0,13.1,0.005034981,68.6937327024312,5.58380127,0.0,-0.043141937,0.194029093,1.630970907,2696.499751,532.136108,799.428894,0.003648,0.003536
202,4,0,0,98.8045,80.0,13.5,0.005044193,68.361907828505,0.0,111.630249,-0.033938324,0.247784853,1.577215147,2711.368939,536.205017,806.033691,0.003765,0.003773
203,4,0,0,99.6016,79.0,13.5,0.005054554,67.8292492316948,0.0,239.9505615,-0.019365936,0.211160898,1.613839102,2728.419915,495.355011,799.602417,0.003548,0.003567
204,4,0,0,99.8163,80.0,14.3,0.005067408,67.3670515473412,0.0,60.36071777,0.012271484,0.129657507,1.695342493,2743.378682,0.0,0.0,0.0,0.0
205,4,0,0,96.4878,80.0,14.3,0.005088359,66.8581065915244,0.0,263.8275146,0.012271484,0.03845191,1.78654809,2760.485423,480.093811,799.620483,0.003694,0.003594
206,4,0,0,90.2788,79.0,14.7,0.005109807,66.4186027898732,0.0,97.86071777,0.014572388,-0.007590532,1.832590532,2775.456714,484.999512,800.453308,0.003693,0.003591
207,4,0,0,85.9623,79.0,14.7,0.005133409,65.9341254347464,0.0,49.81384277,0.014572388,-0.023969889,1.848969889,2792.543084,0.0,0.0,0.0,0.0
208,4,0,0,82.8844,80.0,15.0,0.005149679,65.500878376867,0.0,6.161499023,0.014572388,-0.005297899,1.830297899,2807.386621,508.808289,821.467529,0.003559,0.003465
209,4,0,0,80.0538,80.0,15.0,0.005158268,65.518605578835,12.62329102,0.0,-0.001725677,0.047055006,1.777944994,2824.219503,502.35379,823.773071,0.003723,0.003699
210,4,0,0,78.4597,80.0,15.0,0.005152037,66.1583332600706,15.21881104,0.0,-0.003259613,0.106465578,1.718534422,2838.834314,497.659912,872.201904,0.003587,0.003588
211,4,0,0,76.0121,81.0,15.0,0.00512652,67.2675040674606,17.85827637,0.0,-0.039307098,0.164007902,1.660992098,2855.407741,553.331482,979.332703,0.003652,0.003752
212,4,0,0,74.2743,81.0,15.3,0.00509425,68.0127444243142,12.40356445,0.0,-0.027035614,0.169086695,1.655913305,2869.797549,405.891296,815.464417,0.003818,0.003828
213,4,0,0,73.9186,79.0,15.3,0.005062071,68.722596327985,12.49145508,0.0,-0.024734711,0.100898981,1.724101019,2886.116286,436.021912,842.61731,0.003871,0.003824
214,4,0,0,74.5734,79.0,15.6,0.005050076,69.3614731350692,13.54614258,0.0,-0.024734711,-0.012855768,1.837855768,2900.285083,489.881989,551.005127,0.00439,0.004057
215,4,0,0,76.2311,79.0,15.6,0.005057611,70.1195488957466,13.72192383,0.0,-0.023200775,-0.199528456,2.024528456,2916.353018,495.574585,832.90033,0.003829,0.003745
216,4,0,0,78.2277,80.0,15.8,0.00507481,70.7734116676966,13.76586914,0.0,0.055988647,-0.410960436,2.235960436,2930.303741,589.387695,729.097107,0.003509,0.0
217,4,0,0,80.1231,80.0,15.8,0.005095094,71.6128978717622,16.58111572,0.0,0.074395874,-0.604605436,2.429605436,2946.125007,511.145386,823.236084,0.003463,0.003489
218,4,0,0,81.606,82.0,15.7,0.005110096,72.5372056119064,16.80084229,0.0,0.105074585,-0.546276331,2.371276331,2959.861693,0.0,0.0,0.0,0.0
219,4,0,0,82.8473,81.0,15.7,0.005126329,73.4655831797898,15.13092041,0.0,-0.050811615,-0.239842176,2.064842176,2975.43927,0.0,0.0,0.0,0.0
220,4,0,0,83.6708,79.0,15.7,0.005141114,74.1625620854544,15.13092041,0.0,-0.050811615,-0.003987074,1.828987074,2988.965397,507.095703,824.573303,0.003826,0.003963
221,4,0,0,83.3319,77.0,15.7,0.005157987,74.9663495233984,15.48248291,0.0,0.012271484,0.107714415,1.717285585,3004.305355,513.705505,809.09137,0.003389,0.003454
222,4,0,0,81.0701,76.0,15.3,0.005175135,75.6673092442068,15.39459229,0.0,0.012271484,0.115445375,1.709554625,3017.624341,505.134888,811.288513,0.003436,0.00346
223,4,0,0,80.262,78.0,15.3,0.005202401,76.4803413909402,15.35064697,0.0,-0.007094452,0.141334295,1.683665705,3032.831889,545.924316,990.431824,0.003333,0.003289
224,4,0,0,77.4425,79.0,14.7,0.005227829,77.1625311379276,15.30670166,0.0,0.003067871,0.153451204,1.671548796,3046.184235,503.171204,813.601074,0.003551,0.003535
225,4,0,0,72.1615,80.0,14.7,0.005241822,77.2998056351318,0.0,3.671264648,-0.005560516,0.177066088,1.647933912,3061.357983,516.711792,802.518677,0.003344,0.003366
226,4,0,0,70.1125,82.0,14.4,0.005233441,76.7777603459404,0.0,263.5345459,0.00690271,0.202223539,1.622776461,3074.532929,554.033813,793.256714,0.003681,0.003601
227,4,0,0,68.7588,82.0,14.4,0.005201684,76.1548529874894,0.0,262.2161865,-0.02166684,0.177219152,1.647780848,3089.47447,1341.598755,492.410004,0.003534,0.004276
228,4,0,0,69.7428,82.0,14.2,0.005157462,75.648321977299,0.0,260.7513428,-0.016298065,0.093487024,1.731512976,3102.448256,518.020325,798.970886,0.003325,0.003375
229,4,0,0,71.2728,80.0,14.2,0.005093601,75.0727545941398,0.0,263.6810303,-0.010162323,-0.058413744,1.883413744,3117.161921,566.263611,969.381226,0.003302,0.003285
230,4,0,0,72.3024,80.0,14.0,0.005032556,74.5574167282938,0.0,117.0501709,-0.010162323,-0.234055758,2.059055758,3129.937707,513.200073,799.056213,0.003517,0.003428
231,4,0,0,73.2751,79.0,14.0,0.004967145,73.988721564896,0.0,72.5189209,0.050619873,-0.421650648,2.246650648,3144.471302,655.00531,771.21051,0.003286,0.003324
232,4,0,0,72.3306,80.0,13.8,0.004924453,73.496868395335,0.0,38.09509277,0.030678711,-0.438982248,2.263982248,3157.304164,578.436218,788.502319,0.003297,0.003347
233,4,0,0,71.7978,80.0,13.8,0.00490121,72.9397107352378,0.0,30.62438965,0.001533936,-0.348597765,2.173597765,3172.202506,516.330505,797.404114,0.003349,0.003301
234,4,0,0,72.2178,80.0,13.9,0.004903964,72.4751214911772,0.0,36.33728027,-0.023200775,-0.265037298,2.090037298,3185.421332,502.299988,849.179077,0.0,0.003256
235,4,0,0,73.3331,81.0,13.9,0.004927058,71.9079143718236,0.0,35.75134277,-0.030870453,-0.217675447,2.042675447,3200.681212,545.708008,797.430115,0.003354,0.003375
236,4,0,0,74.9356,82.0,14.0,0.004953488,71.432672745369,0.0,0.0,-0.003259613,-0.254454374,2.079454374,3214.172638,525.357483,800.533691,0.003529,0.00353
237,4,0,0,76.5462,80.0,14.0,0.004979956,71.380897058889,3.166809082,0.0,0.039882324,-0.338512659,2.163512659,3229.761209,556.658081,799.198486,0.003735,0.003679
238,4,0,0,77.997,79.0,14.1,0.004999686,70.9347278698532,0.0,0.0,0.016106323,-0.327053785,2.152053785,3243.549202,569.296204,795.612915,0.003601,0.003531
239,4,0,0,79.2318,79.0,14.1,0.005023998,70.6840139894214,8.179321289,0.0,-0.024734711,-0.222203493,2.047203493,3259.503757,513.856506,821.386597,0.0,0.003237
240,4,0,0,80.1578,81.0,14.2,0.005050531,70.932151268233,8.355102539,0.0,-0.039307098,-0.133244753,1.958244753,3273.660856,650.730103,766.927673,0.003376,0.00337
241,4,0,0,81.2836,80.0,14.2,0.005083431,71.239694371959,11.52191162,0.0,-0.000959,-0.088907003,1.913907003,3290.038393,502.853912,814.907593,0.003427,0.003369
242,4,0,0,82.3683,79.0,14.3,0.005107879,71.7756831599378,15.30670166,0.0,0.009203613,-0.091304064,1.916304064,3304.528889,0.0,0.0,0.0,0.0
243,4,0,0,83.1449,78.0,14.3,0.005129093,72.254132023985,7.564086914,0.0,0.005368774,-0.099428415,1.924428415,3321.272285,500.887695,825.416077,0.00349,0.003408
244,4,0,0,83.6708,80.0,14.3,0.005145572,72.4325306460386,8.003540039,0.0,0.005368774,-0.093051195,1.918051195,3336.079668,0.0,0.0,0.0,0.0
245,4,0,0,83.6708,81.0,14.3,0.005162416,72.655336382168,8.442993164,0.0,-0.010929291,-0.077072859,1.902072859,3351.029161,492.33609,804.882324,0.003332,0.003287
246,4,0,0,83.5575,81.0,14.4,0.005177168,72.8717902303448,8.530883789,0.0,-0.008628387,-0.085945368,1.910945368,3366.064691,503.104401,823.167786,0.00333,0.003302
247,4,0,0,83.5199,81.0,14.4,0.00518528,73.1175719342918,8.530883789,0.0,0.045251099,-0.132113695,1.957113695,3383.161953,590.081116,790.741699,0.003202,0.003197
248,4,0,0,83.9363,82.0,14.8,0.005185479,73.3318304817746,8.574829102,0.0,0.0,-0.14282155,1.96782155,3398.005967,656.047974,775.772583,0.003099,0.003106
249,4,0,0,84.5881,82.0,14.8,0.005189124,73.5758818555404,8.530883789,0.0,-0.010162323,-0.136626959,1.961626959,3414.838754,517.218506,802.965515,0.003327,0.003274
250,4,0,0,84.9762,81.0,15.1,0.005203869,73.7819440344032,8.486938477,0.0,-0.004793549,-0.156138659,1.981138659,3429.453027,517.477722,798.440979,0.003124,0.003163
251,4,0,0,85.6443,80.0,15.1,0.005234175,74.0222904339012,8.442993164,0.0,-0.004793549,-0.195902586,2.020902586,3446.025538,506.289093,807.155029,0.003369,0.003282
252,4,0,0,86.1223,81.0,15.1,0.00526847,74.2134169558666,8.486938477,0.0,0.008436646,-0.231445074,2.056445074,3460.414982,220.850403,781.709412,0.003358,0.003146
253,4,0,0,86.8493,81.0,15.1,0.005315008,74.4481282030744,8.574829102,0.0,0.005368774,-0.250474215,2.075474215,3476.733051,773.023926,759.928284,0.00318,0.003175
254,4,0,0,86.89,82.0,14.8,0.00536388,74.6441117936268,8.530883789,0.0,0.003834839,-0.249503374,2.074503374,3490.900998,812.956177,743.101074,0.003006,0.002974
255,4,0,0,87.7131,82.0,14.8,0.005428371,74.8685300079692,8.530883789,0.0,-0.005560516,-0.237550974,2.062550974,3506.968457,505.2677,797.932983,0.003116,0.003005
256,4,0,0,87.9631,84.0,14.2,0.005487391,75.0571551810528,8.530883789,0.0,-0.017832001,-0.230624437,2.055624437,3520.91922,513.28418,803.871521,0.00327,0.00316
257,4,0,0,88.1725,84.0,14.2,0.005545934,75.2713324246788,7.344360352,0.0,0.003834839,-0.243749857,2.068749857,3536.778012,0.0,0.0,0.0,0.0
258,4,0,0,88.6368,84.0,14.0,0.005576118,75.3075411584596,6.465454102,0.0,0.052920776,-0.246589899,2.071589899,3550.617665,513.141113,809.132874,0.003414,0.003355
259,4,0,0,89.0631,84.0,14.0,0.005573661,75.3350279292698,6.069946289,0.0,0.039882324,-0.155249357,1.980249357,3566.332444,511.450592,822.831421,0.003727,0.00355
260,4,0,0,89.6234,84.0,13.5,0.005536676,75.3560245054478,6.860961914,0.0,0.02761084,0.027651548,1.797348452,3580.105885,534.405029,985.227295,0.003774,0.003858
261,4,0,0,89.7537,84.0,13.5,0.005471976,75.411518137476,3.957824707,0.0,0.0,0.308616877,1.516383123,3595.913237,502.9375,796.007874,0.003834,0.003871
262,4,0,0,90.6323,81.0,13.1,0.005419505,75.119189009907,4.00177002,0.0,-0.056180389,0.554732084,1.270267916,3609.848124,513.626709,800.435608,0.003848,0.003786
263,4,0,0,91.1677,81.0,13.1,0.005379147,74.9251981524228,3.694152832,0.0,-0.007094452,0.647986174,1.177013826,3625.896337,497.446411,819.140625,0.003899,0.003804
264,4,0,0,91.2575,83.0,13.0,0.005358113,74.651377207337,0.0,0.0,-0.000959,0.676976442,1.148023558,3639.979735,506.109009,819.501526,0.00389,0.003899
265,4,0,0,91.5282,84.0,13.0,0.005341938,74.083582984658,0.0,0.0,0.030678711,0.701517344,1.123482656,3656.12597,505.357208,804.520508,0.003913,0.003969
266,4,0,0,91.7549,85.0,12.9,0.005330652,73.6392741121952,3.518371582,0.0,-0.096062714,0.741636992,1.083363008,3670.3026,510.458801,818.4245,0.003593,0.0
267,4,0,0,91.4829,84.0,12.9,0.005321794,73.3165069900306,3.562316895,0.0,-0.069218842,0.65490365,1.17009635,3686.559857,508.727386,817.008484,0.00401,0.003899
268,4,0,0,91.4829,84.0,12.5,0.00532181,73.0981991982672,2.373046875,0.0,0.070561035,0.398151159,1.426848841,3700.833605,516.130981,821.693726,0.003633,0.003595
269,4,0,0,91.3926,83.0,12.5,0.005332027,72.8488303720206,3.82598877,0.0,0.059823486,0.092719793,1.732280207,3717.200916,511.68869,814.531616,0.003536,0.003524
270,4,0,0,91.9828,82.0,12.1,0.005346093,72.6805057033782,3.562316895,0.0,0.049085938,-0.019156218,1.844156218,3731.568712,513.369324,813.307495,0.003548,0.003526
271,4,0,0,92.2577,81.0,12.1,0.00536365,72.4901415901444,3.518371582,0.0,0.038348389,0.015707731,1.809292269,3748.041065,508.32959,813.468689,0.003816,0.003759
272,4,0,0,93.1862,81.0,11.8,0.0053807,72.3530980171368,5.58380127,0.0,-0.065384003,0.170309782,1.654690218,3762.499293,498.526001,809.577393,0.003615,0.003549
273,4,0,0,93.0925,81.0,11.8,0.005404926,72.3961370151852,7.651977539,0.0,-0.092227875,0.335082769,1.489917231,3779.0741,489.178894,806.697815,0.003789,0.003788
274,4,0,0,93.2801,80.0,11.8,0.00542745,72.3250196368492,0.0,2.059936523,-0.078422455,0.297847509,1.527152491,3793.62128,543.19989,805.008118,0.003612,0.003603
275,4,0,0,92.1201,79.0,11.8,0.005445558,71.845222306816,0.0,0.0,0.067493164,0.118570089,1.706429911,3808.208877,520.289307,797.768188,0.00358,0.003699
276,4,0,0,91.3476,79.0,11.9,0.005461593,71.3172866401038,0.0,0.0,0.032979614,-0.037157774,1.862157774,3824.92643,499.994598,794.113281,0.003604,0.003544
277,4,0,0,91.7549,80.0,11.9,0.00547886,70.8633117658264,0.0,0.0,0.032979614,-0.059766531,1.884766531,3839.568866,544.271606,771.898987,0.003265,0.0
278,4,0,0,91.9371,82.0,11.9,0.005506178,70.849255210904,6.773071289,0.0,0.029144775,0.002511263,1.822488737,3856.308065,502.330292,812.377991,0.003538,0.003476
279,4,0,0,91.7095,82.0,11.9,0.005533386,71.0062215279746,9.764099121,0.0,-0.020132904,0.098531961,1.726468039,3870.960556,503.300201,806.911499,0.003548,0.003555
280,4,0,0,91.1677,81.0,11.9,0.00556159,71.2515814560944,7.564086914,0.0,-0.024734711,0.170404673,1.654595327,3887.697564,492.708313,808.520691,0.003664,0.00357
281,4,0,0,90.6323,80.0,11.9,0.005576603,71.273612338997,5.58380127,0.0,-0.032404388,0.172394037,1.652605963,3902.292,492.963013,806.084473,0.003425,0.003371
282,4,0,0,90.9438,81.0,11.9,0.005578964,71.2862571486846,5.58380127,0.0,-0.020132904,0.125221014,1.699778986,3918.92275,550.217896,804.848206,0.003377,0.003297
283,4,0,0,91.8459,81.0,11.9,0.00557,71.2977367318386,5.58380127,0.0,0.009203613,0.051867723,1.773132277,3933.386507,506.168915,820.505798,0.003262,0.0
284,4,0,0,92.3958,81.0,11.6,0.005546761,71.310732087965,5.58380127,0.0,0.009203613,-0.017040014,1.842040014,3949.791807,606.417603,777.134216,0.003328,0.003248
285,4,0,0,92.8591,80.0,11.6,0.005511938,71.3228662540706,5.627746582,0.0,-0.004793549,-0.061722517,1.886722517,3964.069414,431.603302,804.801392,0.003337,0.003263
286,4,0,0,93.2331,79.0,11.0,0.005457636,71.3401839916624,5.715637207,0.0,0.013038452,-0.113161802,1.938161802,3980.319556,539.936523,643.929077,0.003828,0.003702
287,4,0,0,93.4213,80.0,11.0,0.005408529,71.358958053207,5.671691895,0.0,0.026843872,-0.142314672,1.967314672,3994.48799,515.331116,791.628418,0.003218,0.003196
288,4,0,0,93.7049,79.0,10.8,0.005364772,71.3806272691314,5.715637207,0.0,-0.010162323,-0.132026434,1.957026434,4010.638853,520.020874,792.526123,0.003182,0.003203
289,4,0,0,93.7998,79.0,10.8,0.005341647,71.4044462414278,5.75958252,0.0,-0.030870453,-0.123152018,1.948152018,4024.73257,614.872498,777.696899,0.003339,0.003346
290,4,0,0,94.038,79.0,10.7,0.005329628,71.4490557139152,6.113891602,0.0,-0.030870453,-0.184355974,2.009355974,4040.810453,518.567078,803.519104,0.003111,0.003105
291,4,0,0,94.038,80.0,10.7,0.005324844,71.501454005761,6.113891602,0.0,0.019941162,-0.305729151,2.130729151,4054.893503,510.590515,821.212402,0.003082,0.003108
292,4,0,0,94.1815,80.0,10.5,0.005318399,71.5636255136522,6.201782227,0.0,0.085133423,-0.448639154,2.273639154,4070.92069,515.455078,826.237427,0.003166,0.003157
293,4,0,0,94.6145,78.0,10.5,0.005310968,71.618913295001,6.157836914,0.0,0.0690271,-0.416460752,2.241460752,4084.836693,499.845703,849.033508,0.003348,0.003322
294,4,0,0,94.9541,77.0,10.4,0.005303604,71.6782188258466,6.157836914,0.0,-0.024734711,-0.233142614,2.058142614,4100.620221,505.566406,843.881714,0.003278,0.003278
295,4,0,0,95.1982,79.0,10.4,0.005296391,71.7287299251414,5.982055664,0.0,-0.043141937,-0.096349001,1.921349001,4114.389365,498.868988,824.039307,0.003481,0.003444
296,4,0,0,95.3944,81.0,10.5,0.005282085,71.7666764886278,5.982055664,0.0,0.009203613,-0.038763762,1.863763762,4130.163632,507.066589,822.917786,0.003571,0.003647
297,4,0,0,95.4435,82.0,10.5,0.005263253,71.8004707939802,5.894165039,0.0,-0.003259613,-0.039390326,1.864390326,4144.014107,502.832886,853.484985,0.003575,0.00375
298,4,0,0,95.8883,82.0,10.4,0.005234139,71.840803059176,5.982055664,0.0,0.017640259,-0.042588472,1.867588472,4159.852693,513.101501,989.411377,0.003853,0.00383
299,4,0,0,96.1372,82.0,10.4,0.005202417,71.8520957657692,5.58380127,0.0,0.017640259,-0.022326708,1.847326708,4173.71343,484.477692,914.300171,0.003661,0.003524
300,4,0,0,96.3373,83.0,10.2,0.005163817,71.8595734997056,5.58380127,0.0,0.017640259,0.050587416,1.774412584,4189.557185,504.41449,834.082886,0.0,0.003945
301,4,0,0,96.6389,82.0,10.2,0.005136051,71.8626246152248,5.627746582,0.0,-0.036239227,0.135019541,1.689980459,4203.423124,506.690186,812.159729,0.003556,0.003599
302,4,0,0,96.9932,80.0,10.4,0.005122118,71.8712532847556,5.627746582,0.0,-0.019365936,0.169858694,1.655141306,4219.273263,502.195099,811.213196,0.003473,0.003435
303,4,0,0,97.1968,80.0,10.4,0.005126161,71.8797820625526,5.671691895,0.0,0.00690271,0.15597558,1.66902442,4233.145996,0.0,0.0,0.0,0.0
304,4,0,0,97.5039,80.0,10.6,0.005137052,71.8940748042134,5.715637207,0.0,0.010737549,0.137076139,1.687923861,4249.005273,505.947693,822.731628,0.003348,0.003403
305,4,0,0,97.8129,81.0,10.6,0.005143032,71.9929999845028,7.212524414,0.0,0.010737549,0.139244795,1.685755205,4262.887044,494.162689,819.331787,0.003433,0.003495
306,4,0,0,98.1239,82.0,11.0,0.005145795,72.1036964408212,6.685180664,0.0,-0.019365936,0.16976428,1.65523572,4278.759776,524.388916,815.95929,0.003156,0.0
307,4,0,0,98.3845,82.0,11.0,0.005148341,72.1999565057904,6.992797852,0.0,-0.010162323,0.198912859,1.626087141,4292.659391,511.883209,806.609985,0.003277,0.003381
308,4,0,0,98.594,81.0,11.1,0.005151134,72.480282435343,11.65649414,0.0,-0.004793549,0.200377226,1.624622774,4308.559241,564.404175,944.095215,0.003108,0.003134
309,4,0,0,98.8572,81.0,11.1,0.005149514,72.8553850046264,8.486938477,0.0,-0.004793549,0.190290213,1.634709787,4322.483662,515.178406,830.656006,0.003384,0.003308
310,4,0,0,98.8572,82.0,11.2,0.005141402,73.042622202427,7.827758789,0.0,-0.004793549,0.16581893,1.65918107,4338.410158,509.949585,823.536377,0.003245,0.0
311,4,0,0,98.9629,80.0,11.2,0.005130698,73.2066944637072,7.915649414,0.0,-0.004793549,0.132167101,1.692832899,4352.357426,511.098297,873.423096,0.0,0.003104
312,4,0,0,99.2812,79.0,11.3,0.005118565,73.4025736885606,7.915649414,0.0,0.0,0.082906485,1.742093515,4368.306618,511.5383,795.983093,0.003254,0.003214
313,4,0,0,99.6552,79.0,11.3,0.005112798,73.561907135557,7.783813477,0.0,0.019941162,0.037330866,1.787669134,4382.269734,502.611694,807.197327,0.003404,0.003331
314,4,0,0,99.8163,80.0,11.3,0.005114143,73.7235657087052,7.344360352,0.0,0.003834839,0.009333372,1.815666628,4398.235023,506.865906,813.319397,0.002969,0.002921
315,4,0,0,99.978,80.0,11.3,0.00512016,73.849144311366,7.520141602,0.0,0.003834839,-0.002496481,1.827496481,4412.206336,512.393311,809.728088,0.002911,0.002952
316,4,0,0,100.2486,80.0,11.1,0.005129251,73.8876305026478,0.87890625,0.0,-0.000959,-0.006780863,1.831780863,4428.174567,523.447876,806.553223,0.002877,0.002896
317,4,0,0,100.3573,80.0,11.1,0.005136966,73.6418235159694,2.903137207,0.0,0.0,-0.007527113,1.832527113,4442.148377,504.727509,811.849609,0.003063,0.00313
318,4,0,0,100.5753,80.0,11.2,0.005145033,73.4339035954776,3.606262207,0.0,0.005368774,-0.006501913,1.831501913,4458.120681,477.936188,804.69812,0.003066,0.002937
319,4,0,0,100.8491,80.0,11.2,0.00515346,73.2699138611526,3.694152832,0.0,-0.007094452,0.003902674,1.821097326,4472.099327,511.329315,836.51062,0.002894,0.002828
320,4,0,0,101.1245,79.0,11.3,0.005164473,73.083914970015,3.869934082,0.0,0.009203613,0.014042139,1.810957861,4488.096662,403.4935,790.081604,0.003153,0.003041
321,4,0,0,101.2904,79.0,11.3,0.005170515,72.9385513184216,4.045715332,0.0,0.009203613,0.027661562,1.797338438,4502.116436,551.080505,948.106689,0.002924,0.002906
322,4,0,0,101.624,79.0,11.1,0.005166209,72.7882309800952,4.045715332,0.0,-0.003259613,0.060498953,1.764501047,4518.166811,0.0,0.0,0.0,0.0
323,4,0,0,101.7915,81.0,11.1,0.005150618,72.656288306778,3.957824707,0.0,-0.003259613,0.085099459,1.739900541,4532.276942,506.606812,810.477783,0.003246,0.003145
324,4,0,0,101.9597,81.0,11.1,0.005122474,72.5037747920864,4.221496582,0.0,-0.004793549,0.106331587,1.718668413,4548.481119,487.566711,803.25238,0.003332,0.003348
325,4,0,0,102.2411,80.0,11.1,0.005094565,72.453669906301,5.188293457,0.0,-0.005560516,0.11590457,1.70909543,4562.696672,510.321106,802.663208,0.003228,0.003187
326,4,0,0,102.2976,79.0,10.9,0.005068413,72.4191306857428,5.100402832,0.0,0.003067871,0.112716913,1.712283087,4578.986328,875.167419,679.708801,0.003316,0.003537
327,4,0,0,102.4674,80.0,10.9,0.005058887,72.366555446964,4.968566895,0.0,-0.019365936,0.106924295,1.718075705,4593.277345,447.703094,812.755981,0.003318,0.003261
328,4,0,0,102.6947,80.0,11.0,0.005070349,72.2985484883262,4.88067627,0.0,-0.008628387,0.065746069,1.759253931,4609.648791,505.930695,801.770813,0.003189,0.003029
329,4,0,0,102.8658,80.0,11.0,0.005100972,72.2666540893108,5.100402832,0.0,-0.005560516,-0.003728151,1.828728151,4624.002538,537.819092,794.065796,0.003133,0.003062
330,4,0,0,103.0375,81.0,11.1,0.005152514,72.2276596523636,5.188293457,0.0,0.00690271,-0.099677324,1.924677324,4640.42248,513.521423,814.522888,0.003144,0.003121
331,4,0,0,103.1523,83.0,11.1,0.005199026,72.2010286480984,5.495910645,0.0,0.025309937,-0.171762705,1.996762705,4654.742272,503.529907,807.436096,0.003459,0.003575
332,4,0,0,103.325,84.0,11.2,0.005238969,72.1567310335162,4.00177002,0.0,0.036047485,-0.164279699,1.989279699,4671.060225,509.732513,807.176208,0.003419,0.003611
333,4,0,0,103.5561,83.0,11.2,0.005260733,72.0480415207382,4.089660645,0.0,-0.017832001,-0.078819513,1.903819513,4685.300189,539.471313,924.302795,0.003619,0.003772
334,4,0,0,103.8465,84.0,11.0,0.005276691,71.9705305725436,4.88067627,0.0,-0.013997162,0.0189569,1.8060431,4701.533462,505.511993,990.577881,0.003623,0.003788
335,4,0,0,104.0215,85.0,11.0,0.005284547,71.9254213999862,5.188293457,0.0,-0.004793549,0.053212404,1.771787596,4715.705754,510.845306,808.747925,0.00386,0.004008
336,4,0,0,104.2557,83.0,11.1,0.005284964,71.8017856408536,4.00177002,0.0,-0.005560516,0.054118395,1.770881605,4731.86865,538.067688,991.880676,0.003593,0.003782
337,4,0,0,104.55,78.0,11.1,0.005277432,71.6845797743834,4.00177002,0.0,0.00690271,0.001995325,1.823004675,4745.980814,506.718903,1000.004089,0.003752,0.003988
338,4,0,0,104.7867,75.0,10.9,0.005260496,71.563310195666,6.289672852,0.0,0.032212646,-0.053581953,1.878581953,4762.084551,509.751892,814.881897,0.003855,0.003945
339,4,0,0,105.084,74.0,10.9,0.005239954,71.8162669166954,11.56585693,0.0,0.012271484,-0.048345804,1.873345804,4776.167563,506.54361,814.938293,0.003665,0.00363
340,4,0,0,105.2632,76.0,10.7,0.005213995,72.1618216978042,8.355102539,0.0,-0.008628387,0.007152796,1.817847204,4792.251212,502.853699,816.049194,0.003508,0.003486
341,4,0,0,105.323,78.0,10.7,0.005194048,72.372250177021,8.003540039,0.0,-0.020132904,0.067509413,1.757490587,4806.311442,510.365295,819.733215,0.003574,0.003583
342,4,0,0,105.383,80.0,10.5,0.005175052,72.5846589812946,7.608032227,0.0,-0.017832001,0.100193739,1.724806261,4822.369514,515.6474,861.576477,0.003482,0.003383
343,4,0,0,105.443,81.0,10.5,0.005157957,72.643812703098,5.58380127,0.0,-0.003259613,0.090622663,1.734377337,4836.412782,505.292206,820.362305,0.00392,0.003869
344,4,0,0,105.1436,83.0,10.7,0.00513674,72.3991923632686,0.0,0.0,-0.003259613,0.069380999,1.755619001,4852.45632,507.431702,813.38739,0.003513,0.003455
345,4,0,0,105.744,83.0,10.7,0.00511953,71.906519492472,0.0,26.8157959,-0.003259613,0.042164564,1.782835436,4866.48201,507.0354,809.95697,0.003509,0.003548
346,4,0,0,105.9861,84.0,11.1,0.005103208,71.3787507786914,0.0,187.0697021,-0.003259613,0.004467249,1.820532751,4882.484803,500.984985,803.034485,0.003383,0.003349
347,4,0,0,106.3513,84.0,11.1,0.005088797,70.9076373829246,0.0,158.9447021,-0.003259613,-0.037541628,1.862541628,4896.475158,411.112305,805.283875,0.003615,0.003567
348,4,0,0,107.0893,83.0,11.2,0.005067231,70.371973649439,0.0,27.10876465,0.013038452,-0.094179869,1.919179869,4912.446533,516.616699,818.585876,0.003729,0.003769
349,4,0,0,107.2754,82.0,11.2,0.005046191,69.925883430717,0.0,4.110717773,-0.007094452,-0.134306669,1.959306669,4926.39284,430.660889,806.772522,0.003605,0.00363
350,4,0,0,107.0274,81.0,11.3,0.005029143,69.4269344879752,7.388305664,0.0,0.00690271,-0.189899683,2.014899683,4942.302938,511.699005,811.057495,0.003706,0.003638
351,4,0,0,107.0893,81.0,11.3,0.005026814,69.7273233672916,7.739868164,0.0,0.003067871,-0.229695559,2.054695559,4956.256535,511.222595,805.891113,0.003488,0.003437
352,4,0,0,107.1513,81.0,11.3,0.005038108,69.604679846736,2.197265625,0.0,0.0,-0.253638029,2.078638029,4972.285658,523.093384,810.16217,0.003336,0.003242
353,4,0,0,107.3376,81.0,11.3,0.005053486,69.4450809552,3.65020752,0.0,0.012271484,-0.266748667,2.091748667,4986.358928,520.353882,821.466309,0.003436,0.003488
354,4,0,0,108.1525,82.0,11.4,0.005070375,69.0372995945852,0.0,0.0,0.045251099,-0.253590822,2.078590822,5002.488715,511.235687,806.271729,0.003215,0.003183
355,4,0,0,109.1084,83.0,11.4,0.005082256,68.597828382069,1.186523438,0.0,0.005368774,-0.183026075,2.008026075,5016.611271,508.389313,820.885681,0.003263,0.003248
356,4,0,0,109.8201,83.0,11.5,0.005091617,68.2765429470556,1.713867188,0.0,-0.010929291,-0.061929464,1.886929464,5032.664834,493.555298,810.580322,0.00329,0.003235
357,4,0,0,110.6072,83.0,11.5,0.005096999,67.9496142647718,1.713867188,0.0,-0.007094452,0.027647734,1.797352266,5046.603714,376.140594,803.77002,0.003355,0.003308
358,4,0,0,111.0716,83.0,11.5,0.005101501,67.6852408535956,3.342590332,0.0,0.001533936,0.112207174,1.712792826,5062.411305,535.247375,547.317688,0.003708,0.003544
359,4,0,0,111.4728,83.0,11.5,0.005104062,67.5704791239702,3.65020752,0.0,0.001533936,0.176774263,1.648225737,5076.136585,498.898285,818.758301,0.003425,0.003345
360,4,0,0,112.1479,84.0,11.9,0.005105722,67.4442718648252,3.47442627,0.0,-0.003259613,0.253890276,1.571109724,5091.702156,504.691315,810.442078,0.003,0.003112
361,4,0,0,112.4885,84.0,11.9,0.00510674,67.3141208858234,3.342590332,0.0,-0.003259613,0.31917119,1.50582881,5105.224202,491.39621,823.268494,0.003429,0.003358
362,4,0,0,113.1759,83.0,12.2,0.005108305,67.172415183583,3.606262207,0.0,-0.004793549,0.385666132,1.439333868,5120.708974,515.826782,812.568176,0.002982,0.003071
363,4,0,0,113.5228,82.0,12.2,0.005111068,67.0749664761832,3.869934082,0.0,-0.02166684,0.427571058,1.397428942,5134.249936,504.9245,809.388916,0.003134,0.003054
364,4,0,0,113.8019,83.0,12.2,0.005114897,66.975997489659,3.82598877,0.0,-0.049277679,0.418938398,1.406061602,5149.722239,514.166992,817.231079,0.003079,0.002953
365,4,0,0,114.4348,84.0,12.2,0.005116324,66.8834653642394,3.694152832,0.0,-0.039307098,0.319074392,1.505925608,5163.137796,491.057587,817.555603,0.003013,0.003011
366,4,0,0,114.5764,83.0,12.1,0.005115869,66.7909728446772,3.869934082,0.0,-0.017832001,0.121730089,1.703269911,5176.467464,499.234894,825.361328,0.003253,0.003284
367,4,0,0,114.7184,82.0,12.1,0.005118219,66.6970956811658,3.913879395,0.0,-0.02166684,-0.167533636,1.992533636,5191.626545,0.0,0.0,0.0,0.0
368,4,0,0,114.7895,82.0,12.1,0.005124798,66.6233710271892,4.00177002,0.0,-0.025501678,-0.459601641,2.284601641,5204.821319,509.447296,807.652222,0.003207,0.003134
369,4,0,0,115.4335,82.0,12.1,0.005131247,66.5425947603214,4.00177002,0.0,-0.007094452,-0.843621016,2.668621016,5219.85379,0.0,0.0,0.0,0.0
370,4,0,0,115.7943,82.0,12.4,0.005128959,66.4743945038562,3.869934082,0.0,-0.001725677,-1.195940256,3.020940256,5232.98189,515.636108,808.482117,0.003132,0.003034
371,4,0,0,115.722,82.0,12.4,0.005116423,66.3997733187524,4.089660645,0.0,-0.001725677,-1.616141558,3.441141558,5247.954796,507.572388,811.68042,0.003017,0.003027
372,4,0,0,116.1575,82.0,12.7,0.00510211,66.3345656782974,3.957824707,0.0,-0.001725677,1.592885256,3.882114744,5261.02782,525.388672,808.81781,0.003086,0.002997
373,4,0,0,116.5963,82.0,12.7,0.005085205,66.31101441971,5.05645752,0.0,0.042183228,1.161329746,4.313670254,5275.940069,507.725708,817.234802,0.003061,0.003001
374,4,0,0,116.523,81.0,13.2,0.005070509,66.3327103989586,5.539855957,0.0,0.087434326,0.828464985,4.646535015,5288.968731,508.832306,819.731689,0.003254,0.003247
375,4,0,0,117.0385,81.0,13.2,0.005062684,66.4054878758782,5.58380127,0.0,0.023009033,0.686728001,4.788271999,5303.834608,503.899902,815.757202,0.003357,0.00329
376,4,0,0,116.817,82.0,13.4,0.005075095,66.472903884868,5.58380127,0.0,-0.034705292,0.725696802,4.749303198,5316.819094,508.253998,813.870972,0.003257,0.003233
377,4,0,0,117.2608,82.0,13.4,0.005116843,66.5523779864616,5.58380127,0.0,-0.013997162,0.748629332,4.726370668,5331.636919,0.0,0.0,0.0,0.0
378,4,0,0,117.4095,82.0,13.8,0.005173907,66.6381037463126,6.157836914,0.0,-0.0868591,0.686787605,4.788212395,5344.584469,502.832214,800.594177,0.003159,0.003107
379,4,0,0,114.5056,83.0,13.8,0.005256744,66.7861559291232,6.817016602,0.0,-0.046976776,0.432174683,5.042825317,5359.362221,509.279694,817.352417,0.002908,0.0
380,4,0,0,114.0823,84.0,14.2,0.00533987,67.0090140492696,7.388305664,0.0,-0.003259613,0.094901919,5.380098081,5372.277103,512.481628,814.287781,0.003144,0.003105
381,4,0,0,113.0378,84.0,14.2,0.005432295,67.2453496998998,7.256469727,0.0,0.128850586,-0.290403366,5.765403366,5387.019789,516.569397,811.900391,0.003031,0.003102
382,4,0,0,112.5568,84.0,14.6,0.005490961,67.4311335349332,7.300415039,0.0,0.039882324,-0.388559222,5.863559222,5399.906975,504.419006,823.923279,0.003441,0.003423
383,4,0,0,112.5568,83.0,14.6,0.005518903,67.6502005167482,7.256469727,0.0,0.02761084,-0.298191667,5.773191667,5414.638559,509.725494,799.796875,0.003309,0.003362
384,4,0,0,112.8312,83.0,14.9,0.005515578,67.8406847993998,7.212524414,0.0,0.010737549,-0.141484499,5.616484499,5427.543678,508.732391,823.104187,0.003268,0.003259
385,4,0,0,113.5228,82.0,14.9,0.005500536,68.0387074881058,6.333618164,0.0,-0.013997162,0.060376883,5.414623117,5442.309869,510.510498,818.807617,0.003605,0.003745
386,4,0,0,114.3641,82.0,14.9,0.005497378,68.1395128442238,6.553344727,0.0,-0.098363617,0.21696496,5.25803504,5455.245708,570.056702,814.647278,0.003498,0.003465
387,4,0,0,114.8607,83.0,14.9,0.005519124,68.5199130871994,15.87799072,0.0,-0.061549164,0.244124413,5.230875587,5470.050147,510.627411,811.525513,0.003559,0.003554
388,4,0,0,114.8607,83.0,15.2,0.005556188,69.4172791882716,16.97662354,0.0,0.0,0.101804733,5.373195267,5483.029037,518.362488,810.148193,0.003678,0.00364
389,4,0,0,115.5055,82.0,15.2,0.005599328,70.3725584514082,12.75512695,0.0,0.037581421,-0.094748497,5.569748497,5497.911962,535.545593,985.012695,0.003496,0.003489
390,4,0,0,115.9393,83.0,15.5,0.005617727,70.9668755789846,13.06274414,0.0,0.014572388,-0.212450027,5.687450027,5509.114195,501.535309,817.684509,0.003655,0.003677
391,4,0,0,116.523,83.0,15.5,0.005608053,71.61194783008,12.84301758,0.0,-0.007094452,-0.280226111,5.755226111,5524.098439,0.0,0.0,0.0,0.0
392,4,0,0,116.8907,83.0,15.8,0.00555569,72.1759267260474,11.17034912,0.0,-0.007094452,-0.337621808,5.812621808,5537.25199,0.0,0.0,0.0,0.0
393,4,0,0,117.1866,83.0,15.8,0.005444653,72.470109636269,9.148864746,0.0,-0.008628387,-0.420446277,5.895446277,5552.331425,0.0,0.0,0.0,0.0
394,4,0,0,117.5585,82.0,15.7,0.005325959,72.7251866949352,9.500427246,0.0,0.074395874,-0.505403519,5.980403519,5565.561407,502.072388,814.098816,0.003595,0.00348
395,4,0,0,118.3096,82.0,15.7,0.005201241,73.2790004201002,13.15063477,0.0,0.04141626,-0.492727757,5.967727757,5580.716058,509.228607,841.32782,0.003524,0.003501
396,4,0,0,118.8411,82.0,15.6,0.005117871,73.7635826398214,12.00805664,0.0,-0.02166684,-0.336540937,5.811540937,5594.100447,502.543915,822.438782,0.003363,0.003342
397,4,0,0,119.3773,83.0,15.6,0.005054434,74.2876636797392,12.13989258,0.0,-0.063083099,-0.159945607,5.634945607,5609.623511,507.513306,899.629395,0.003211,0.003187
398,4,0,0,119.6859,82.0,15.6,0.005021181,74.7482095214234,12.27172852,0.0,-0.044675873,-0.12701118,5.60201118,5623.361979,507.884003,825.3479,0.003575,0.003614
399,4,0,0,119.9962,82.0,15.6,0.004999913,75.2738689859198,12.31567383,0.0,0.063658325,-0.215539694,5.690539694,5639.213888,508.649811,813.362183,0.003646,0.003567
400,4,0,0,120.4645,82.0,15.2,0.004989986,75.7249586998188,12.31567383,0.0,0.047552002,-0.242082477,5.717082477,5653.211842,514.963806,810.147217,0.003598,0.003587
401,4,0,0,120.7788,82.0,15.2,0.004982631,76.2338647900746,12.35961914,0.0,-0.02166684,-0.121995807,5.596995807,5669.298908,529.05127,1009.498413,0.00335,0.003306
402,4,0,0,121.3327,82.0,15.2,0.004975798,76.6917856533782,12.40356445,0.0,-0.037773163,-0.02319634,5.49819634,5683.43227,510.887085,812.299805,0.003595,0.003579
403,4,0,0,121.4123,83.0,15.2,0.004964402,77.1547651872906,7.300415039,0.0,-0.030103485,-0.015456557,5.490456557,5699.696435,0.0,0.0,0.0,0.0
404,4,0,0,121.5717,84.0,15.2,0.004951078,77.195527049706,8.179321289,0.0,0.009203613,-0.100826383,5.575826383,5714.036361,499.473694,808.50647,0.003145,0.003114
405,4,0,0,122.0524,84.0,15.2,0.004936809,77.3944143402336,8.929138184,0.0,0.070561035,-0.217724442,5.692724442,5730.544147,428.329803,830.111328,0.003395,0.0
406,4,0,0,122.537,83.0,15.2,0.004930048,77.5889600498696,9.104919434,0.0,0.00690271,-0.218162179,5.693162179,5745.0932,0.0,0.0,0.0,0.0
407,4,0,0,123.0254,84.0,15.2,0.004931599,77.840469169569,9.280700684,0.0,0.005368774,-0.10526371,5.58026371,5761.839088,0.0,0.0,0.0,0.0
408,4,0,0,123.4355,83.0,15.2,0.00494159,78.0608400225586,9.588317871,0.0,-0.049277679,-0.004465103,5.479465103,5776.593202,514.53772,804.485291,0.003203,0.003102
409,4,0,0,123.8482,83.0,15.2,0.00496278,78.361695288607,10.68695068,0.0,0.00690271,0.00094,5.474059916,5793.569677,495.202393,809.829407,0.003287,0.0033
410,4,0,0,124.5144,83.0,14.9,0.004989855,78.63790542767,10.15960693,0.0,0.050619873,-0.015805602,5.490805602,5808.52402,523.726929,811.723206,0.003389,0.003401
411,4,0,0,125.1032,83.0,14.9,0.005023559,78.9307487071822,10.07171631,0.0,-0.003259613,0.061479568,5.413520432,5823.528152,525.354492,1016.67981,0.003249,0.003161
412,4,0,0,124.8502,83.0,14.9,0.005061517,79.1253134231236,7.476196289,0.0,-0.013997162,0.18054533,5.29445467,5838.554448,0.0,0.0,0.0,0.0
413,4,0,0,124.3472,83.0,14.9,0.005106548,78.7769304200856,0.0,13.77868652,-0.025501678,0.274199724,5.200800276,5855.776293,515.920898,806.588928,0.003391,0.003375
414,4,0,0,123.5178,83.0,15.2,0.005143805,78.2521917877504,0.0,7.186889648,-0.027035614,0.304738283,5.170261717,5870.891334,508.75531,805.237,0.003332,0.003228
415,4,0,0,123.1072,83.0,15.2,0.005179151,77.6344603564206,0.0,4.550170898,0.010737549,0.249607086,5.225392914,5888.222298,0.0,0.0,0.0,0.0
416,4,0,0,123.5178,83.0,15.5,0.005199902,77.1167382050844,0.0,0.0,0.016106323,0.173017263,5.301982737,5903.44146,509.545898,815.739929,0.003424,0.003408
417,4,0,0,123.4355,83.0,15.5,0.005209923,76.5093101707696,0.0,0.0,0.026843872,0.136892557,5.338107443,5920.906841,532.49231,809.009827,0.003035,0.003023
418,4,0,0,124.0141,82.0,15.7,0.005210345,75.9994570000172,0.0,0.0,0.039882324,0.209208965,5.265791035,5936.245612,502.519806,807.219727,0.003081,0.003042
419,4,0,0,124.2637,83.0,15.7,0.005212761,75.4207620415954,0.0,0.0,-0.010929291,0.39952898,5.07547102,5953.822975,0.0,0.0,0.0,0.0
420,4,0,0,124.8502,83.0,15.9,0.005224806,74.9675802017898,2.680664063,0.0,-0.010929291,0.56177783,4.91322217,5969.142175,0.0,0.0,0.0,0.0
421,4,0,0,125.3573,83.0,15.9,0.005243172,74.9563096236216,7.476196289,0.0,-0.07995639,0.712161779,4.762838221,5986.513761,501.295685,797.601318,0.003082,0.003029
422,4,0,0,125.9541,83.0,16.1,0.005244344,75.1454800250038,9.720153809,0.0,-0.065384003,0.734831095,4.740168905,6001.595656,540.478088,931.55658,0.003366,0.003243
423,4,0,0,126.4702,83.0,16.1,0.005215486,75.3827804105904,7.827758789,0.0,0.008436646,0.555523872,4.919476128,6018.698456,531.156311,810.951477,0.003473,0.003439
424,4,0,0,127.0777,82.0,16.3,0.005172199,75.5326291962034,8.047485352,0.0,0.019941162,0.351606846,5.123393154,6033.547048,513.074097,806.448608,0.003399,0.003318
425,4,0,0,127.165,81.0,16.3,0.00511818,75.7773564123022,11.21429443,0.0,0.016106323,0.141269445,5.333730555,6050.384294,532.210693,978.358887,0.003206,0.003225
426,4,0,0,127.4275,81.0,16.5,0.005073144,76.1486812007762,11.21429443,0.0,0.00690271,0.004240155,5.470759845,6065.003749,0.0,0.0,0.0,0.0
427,4,0,0,127.9558,81.0,16.5,0.005028413,76.280192715814,3.782043457,0.0,0.00690271,-0.144890666,5.619890666,6081.653092,522.774719,814.3302,0.003209,0.003146
428,4,0,0,128.3104,82.0,16.6,0.004999071,76.1019208292854,4.00177002,0.0,0.013038452,-0.255874515,5.730874515,6096.248215,0.0,0.0,0.0,0.0
429,4,0,0,128.9358,81.0,16.6,0.004980105,75.9301270512456,4.265441895,0.0,0.038348389,-0.35072279,5.82572279,6112.985461,500.471497,809.179382,0.003068,0.003037
430,4,0,0,129.3862,82.0,16.8,0.004977831,75.8255595249162,5.276184082,0.0,0.032212646,-0.380140424,5.855140424,6127.66423,0.0,0.0,0.0,0.0
431,4,0,0,129.9309,82.0,16.8,0.004989792,75.7055585889208,3.782043457,0.0,0.014572388,-0.347066164,5.822066164,6144.491369,0.0,0.0,0.0,0.0
432,4,0,0,130.2966,82.0,16.9,0.005008658,75.4993731185206,2.548828125,0.0,-0.024734711,-0.295349836,5.770349836,6159.295278,510.640503,808.259277,0.003015,0.002998
433,4,0,0,131.0341,81.0,16.9,0.005031141,75.030583336126,1.977539063,0.0,-0.034705292,-0.251009941,5.726009941,6176.243456,515.031799,799.390808,0.003042,0.002987
434,4,0,0,131.406,82.0,16.7,0.005040046,74.7982881588734,4.045715332,0.0,0.045251099,-0.276392341,5.751392341,6191.034692,561.725525,968.716003,0.003012,0.002978
435,4,0,0,131.9679,82.0,16.7,0.005030098,74.8080332758424,9.676208496,0.0,-0.001725677,-0.280367732,5.755367732,6207.902253,514.729309,815.427673,0.003327,0.003275
436,4,0,0,132.4398,82.0,16.8,0.005008732,75.107730670041,6.641235352,0.0,-0.034705292,-0.23571682,5.71071682,6222.640857,508.634888,801.066711,0.002991,0.002982
437,4,0,0,132.6295,81.0,16.8,0.004979327,75.119689514647,5.850219727,0.0,-0.008628387,-0.229348063,5.704348063,6239.445545,489.480713,803.252502,0.002981,0.002958
438,4,0,0,133.3938,82.0,16.9,0.004955104,75.1203926513864,6.157836914,0.0,0.010737549,-0.245715141,5.720715141,6254.082891,515.817017,810.203918,0.00319,0.003123
439,4,0,0,134.0698,82.0,16.9,0.00493517,75.1310597270546,6.157836914,0.0,0.012271484,-0.242745757,5.717745757,6270.72282,512.407593,544.913391,0.003534,0.003147
440,4,0,0,134.6547,81.0,17.0,0.004925525,75.1457992214994,6.289672852,0.0,0.003067871,-0.180574298,5.655574298,6285.26149,0.0,0.0,0.0,0.0
441,4,0,0,134.9491,82.0,17.0,0.0049187,75.1692221352218,6.421508789,0.0,0.003067871,-0.097830653,5.572830653,6301.937732,505.700409,807.303406,0.00327,0.003226
442,4,0,0,135.3436,82.0,17.1,0.004911983,75.2195350442956,7.036743164,0.0,0.0,-0.019131899,5.494131899,6316.544049,513.220886,803.529419,0.003217,0.003148
443,4,0,0,135.84,82.0,17.1,0.004901609,75.2890569873292,6.553344727,0.0,0.013038452,0.059977293,5.415022707,6333.237023,551.647095,965.452026,0.003162,0.003149
444,4,0,0,136.2398,82.0,16.9,0.004891592,75.3285570467176,6.641235352,0.0,0.056755615,0.159942985,5.315057015,6347.845282,506.913208,804.362488,0.003358,0.003394
445,4,0,0,136.4405,82.0,16.9,0.004880859,75.3859306131734,6.729125977,0.0,0.032979614,0.416115284,5.058884716,6364.544316,495.003601,823.774109,0.002953,0.002981
446,4,0,0,136.7428,81.0,17.0,0.004872099,75.4330903262918,6.773071289,0.0,-0.017832001,0.713898182,4.761101818,6379.162043,514.687927,812.9729,0.003162,0.003131
447,4,0,0,137.2495,82.0,17.0,0.004866258,75.4982667294574,6.904907227,0.0,-0.004793549,1.110151052,4.364848948,6395.883959,509.110291,818.03302,0.003377,0.003279
448,4,0,0,137.4533,83.0,17.4,0.004871941,75.5637762016294,6.948852539,0.0,-0.032404388,1.431861877,4.043138123,6410.52601,503.364014,802.449707,0.003031,0.003068
449,4,0,0,138.1712,82.0,17.4,0.004896752,75.6325307791642,6.773071289,0.0,-0.020132904,1.760312319,3.714687681,6427.269636,507.687714,813.186523,0.003142,0.003113
450,4,0,0,138.4811,81.0,17.8,0.004931982,75.6798882640752,6.685180664,0.0,-0.016298065,-1.6054461,3.4304461,6441.929611,532.34259,815.659119,0.002954,0.002939
451,4,0,0,139.0009,82.0,17.8,0.004977641,75.730940503945,6.685180664,0.0,0.00690271,-1.377527475,3.202527475,6458.698194,489.655914,710.778809,0.003402,0.0
452,4,0,0,139.1053,83.0,18.1,0.005012268,75.7580127731448,0.0,0.0,0.0,-1.181361437,3.006361437,6473.386169,495.201508,817.882996,0.003033,0.002957
453,4,0,0,139.3146,83.0,18.1,0.005039052,75.2037011181838,0.0,0.0,-0.02166684,-0.957555056,2.782555056,6490.189292,504.606903,826.929688,0.003366,0.003349
454,4,0,0,139.7351,83.0,18.4,0.005052108,74.7053755371976,0.0,0.0,-0.024734711,-0.723745108,2.548745108,6504.904129,516.93158,829.529419,0.00331,0.003228
455,4,0,0,140.1581,83.0,18.4,0.005055177,74.1889560017508,4.70489502,0.0,-0.016298065,-0.552058458,2.377058458,6521.732911,511.9216,815.246399,0.003319,0.003269
456,4,0,0,140.3706,84.0,18.3,0.005046634,74.0550747818432,3.562316895,0.0,-0.017832001,-0.474785566,2.299785566,6536.423532,564.047485,958.315308,0.00308,0.003153
457,4,0,0,140.4771,83.0,18.3,0.005031493,73.8733098228446,3.430480957,0.0,-0.040074066,-0.45289588,2.27789588,6551.008541,517.015381,816.40448,0.003415,0.003382
458,4,0,0,141.1194,84.0,18.0,0.00501392,73.6579577610186,3.82598877,0.0,0.072861938,-0.526566744,2.351566744,6567.550109,516.202881,800.68689,0.00318,0.003187
459,4,0,0,141.3348,83.0,18.0,0.005000843,73.4991599184676,3.782043457,0.0,0.072861938,-0.537936926,2.362936926,6581.962652,513.475098,817.593872,0.003012,0.00301
460,4,0,0,141.8762,83.0,17.7,0.004985197,73.322121108247,3.782043457,0.0,0.018407227,-0.356194258,2.181194258,6598.38866,495.049805,854.347595,0.002996,0.002898
461,4,0,0,142.6411,85.0,17.7,0.004966612,73.1674249744606,3.82598877,0.0,-0.081490326,-0.13132453,1.95632453,6612.718575,498.869598,847.697693,0.002903,0.002876
462,4,0,0,142.8612,86.0,17.1,0.00493728,72.9887865446536,3.869934082,0.0,-0.037773163,-0.050675154,1.875675154,6629.052957,516.531006,823.913574,0.003059,0.003025
463,4,0,0,142.7511,86.0,17.1,0.00491178,72.855677083743,4.00177002,0.0,0.055988647,-0.19775939,2.02275939,6643.307778,521.142212,875.987427,0.003304,0.003332
464,4,0,0,143.4144,84.0,16.6,0.004901397,72.6910810627598,3.782043457,0.0,0.049085938,-0.328834295,2.153834295,6659.559801,519.949524,822.431274,0.003349,0.003332
465,4,0,0,143.8601,84.0,16.6,0.004915721,72.5493473901902,3.957824707,0.0,0.012271484,-0.306692839,2.131692839,6673.746273,514.803894,822.490112,0.003403,0.003414
466,4,0,0,144.1961,84.0,16.2,0.004948318,72.4038294350776,5.100402832,0.0,0.010737549,-0.210545301,2.035545301,6689.92283,580.38092,984.894226,0.003489,0.003367
467,4,0,0,144.1961,85.0,16.2,0.00497755,72.3556466001476,4.00177002,0.0,0.021475098,-0.102161169,1.927161169,6704.04545,504.98349,804.776001,0.003889,0.003907
468,4,0,0,144.6466,85.0,15.2,0.005005123,72.0373832642532,0.219726563,0.0,-0.012463226,0.069749594,1.755250406,6720.149695,509.366394,803.547607,0.00353,0.003629
469,4,0,0,145.1,85.0,15.2,0.00502471,71.8883328078406,6.553344727,0.0,-0.046976776,0.22212863,1.60287137,6734.222842,496.702515,808.206909,0.003474,0.003549
470,4,0,0,145.7853,85.0,14.6,0.00503806,71.9759957302496,6.377563477,0.0,-0.032404388,0.272382021,1.552617979,6750.260289,523.420288,793.540405,0.003354,0.003398
471,4,0,0,146.3615,85.0,14.6,0.005038035,72.0280573803542,6.069946289,0.0,0.001533936,0.188095808,1.636904192,6764.239704,509.380402,810.396729,0.003597,0.003538
472,4,0,0,146.7093,83.0,13.7,0.005029544,72.0633008480964,5.850219727,0.0,0.026843872,0.075594664,1.749405336,6780.230875,509.237488,841.25647,0.00323,0.0
473,4,0,0,147.0588,83.0,13.7,0.005024176,72.0897487738432,5.894165039,0.0,0.039882324,0.031812906,1.793187094,6794.235133,481.411896,799.10022,0.003315,0.003259
474,4,0,0,147.7629,84.0,12.9,0.005023463,72.1218498443014,5.894165039,0.0,0.013038452,0.071693182,1.753306818,6810.248443,491.385712,831.639526,0.003275,0.003189
475,4,0,0,147.7629,84.0,12.9,0.005019976,72.1451360606842,5.806274414,0.0,0.008436646,0.163836718,1.661163282,6824.266494,537.683472,989.946289,0.003249,0.003233
476,4,0,0,148.236,82.0,12.5,0.005005457,72.167541243884,5.75958252,0.0,-0.052345551,0.271603346,1.553396654,6840.293917,506.872803,814.966187,0.003352,0.00343
477,4,0,0,148.3547,81.0,12.5,0.004987266,72.1672234957944,5.58380127,0.0,-0.000959,0.295055151,1.529944849,6854.322716,533.844116,787.197998,0.003188,0.003158
478,4,0,0,148.9514,81.0,12.2,0.004969395,72.1683765879044,5.58380127,0.0,0.017640259,0.270815611,1.554184389,6870.359416,510.989899,803.388306,0.003079,0.003052
479,4,0,0,149.3117,83.0,12.2,0.004959446,72.169016123527,5.58380127,0.0,-0.000959,0.276185751,1.548814249,6884.391468,672.648193,759.142517,0.003104,0.003121
480,4,0,0,149.916,83.0,12.2,0.004954908,72.1702499884116,5.58380127,0.0,0.003834839,0.296279669,1.528720331,6900.428351,505.830811,811.955078,0.003078,0.00306
481,4,0,0,150.281,82.0,12.2,0.004956877,72.1713349249726,5.539855957,0.0,0.003834839,0.319519758,1.505480242,6914.460833,486.469604,810.41803,0.003133,0.003108
482,4,0,0,150.6478,81.0,12.5,0.004964591,72.158460301533,5.451965332,0.0,-0.019365936,0.355633497,1.469366503,6930.498032,476.502502,808.93988,0.003185,0.003054
483,4,0,0,151.263,82.0,12.5,0.00497544,72.1585667271872,5.58380127,0.0,-0.010162323,0.373763323,1.451236677,6944.528708,501.896393,808.868896,0.003226,0.003277
484,4,0,0,151.5106,83.0,13.0,0.004991477,72.1587788221058,5.58380127,0.0,0.001533936,0.359340906,1.465659094,6958.55899,501.515106,864.250793,0.003246,0.003278
485,4,0,0,151.8834,85.0,13.0,0.005012508,72.1598866917618,5.58380127,0.0,0.008436646,0.344660997,1.480339003,6972.589314,516.188904,806.798584,0.003317,0.003218
486,4,0,0,152.258,89.0,13.2,0.005036412,72.1617687505182,5.627746582,0.0,0.009203613,0.340162039,1.484837961,6988.62428,507.008301,807.421509,0.003288,0.00321
487,4,0,0,152.7604,90.0,13.2,0.005047521,72.1660197577546,5.58380127,0.0,-0.007094452,0.343613386,1.481386614,7002.655397,0.0,0.0,0.0,0.0
488,4,0,0,153.1394,89.0,13.4,0.005043388,72.1673422972732,5.58380127,0.0,-0.008628387,0.33361125,1.49138875,7018.691755,496.717987,816.750488,0.003964,0.003917
489,4,0,0,153.6476,89.0,13.4,0.005032591,72.169160239924,5.627746582,0.0,-0.001725677,0.310671568,1.514328432,7032.723847,509.575806,801.583313,0.003619,0.003529
490,4,0,0,154.031,88.0,13.5,0.005022655,72.1818388457516,5.75958252,0.0,-0.001725677,0.288169146,1.536830854,7048.762059,543.255005,988.574097,0.003738,0.003768
491,4,0,0,154.2877,86.0,13.5,0.005016669,72.1952753863456,5.671691895,0.0,-0.012463226,0.256842375,1.568157625,7062.798691,513.19519,812.071472,0.003851,0.003746
492,4,0,0,155.0628,85.0,13.7,0.005016673,72.2028147901908,5.671691895,0.0,0.00690271,0.195716143,1.629283857,7078.842515,507.442108,806.130493,0.003556,0.003437
493,4,0,0,155.1927,84.0,13.7,0.005031884,72.0300525757126,0.0,7.919311523,-0.000959,0.137313128,1.687686872,7092.855436,520.127014,836.369873,0.003288,0.003193
494,4,0,0,155.7147,86.0,14.1,0.005068346,71.5013325488712,0.0,56.55212402,-0.000959,0.082172155,1.742827845,7108.751,535.001099,800.3526,0.003539,0.003406
495,4,0,0,155.977,86.0,14.1,0.005108061,71.0292209116892,0.0,261.630249,0.003834839,0.03574729,1.78925271,7122.5527,477.815002,810.163818,0.003221,0.003182
496,4,0,0,156.3722,84.0,14.2,0.005152373,70.4920183594824,0.0,175.6439209,0.003067871,-0.00233674,1.82733674,7138.204809,625.441711,794.055298,0.003373,0.003412
497,4,0,0,156.7693,84.0,14.2,0.005185188,70.0443423132178,0.0,144.442749,0.001533936,-0.046676874,1.871676874,7151.79519,581.326294,794.223206,0.003608,0.003587
498,4,0,0,157.302,84.0,14.6,0.005212544,69.5324337256042,0.0,46.29821777,0.0,-0.094860315,1.919860315,7167.207803,482.584412,804.678711,0.003238,0.003234
499,4,0,0,157.5696,83.0,14.6,0.005226634,69.0912929354918,0.0,45.5657959,-0.005560516,-0.1342237,1.9592237,7180.590266,501.061005,798.606995,0.003373,0.00335
500,4,0,0,158.1078,82.0,14.6,0.005229682,68.6034071108988,0.0,24.32556152,0.032979614,-0.194796801,2.019796801,7195.767048,539.524109,789.080627,0.003326,0.00326
501,4,0,0,158.3782,83.0,14.6,0.005222044,68.1832196861854,0.0,31.21032715,0.047552002,-0.206032038,2.031032038,7208.944238,814.013977,733.4505,0.003225,0.003422
502,4,0,0,158.7856,83.0,14.4,0.005206489,67.7013266736042,0.0,32.0892334,0.009203613,-0.111866713,1.936866713,7223.888466,497.714691,812.00238,0.003294,0.003372
503,4,0,0,159.4693,82.0,14.4,0.005190006,67.2730407925164,0.0,4.989624023,-0.02856955,-0.002621412,1.827621412,7236.864292,524.439697,808.618103,0.003198,0.003225
504,4,0,0,159.8823,83.0,14.4,0.005173671,66.7800207066148,0.0,4.550170898,-0.072286713,0.059621096,1.765378904,7251.578698,848.139526,732.84668,0.00314,0.003202
505,4,0,0,160.2975,83.0,14.4,0.005169679,66.3544048493342,0.0,7.040405273,-0.007094452,-0.027605295,1.852605295,7264.355615,596.714905,767.174011,0.003095,0.003076
506,4,0,0,160.7149,82.0,14.5,0.005182713,65.8702188169342,0.0,0.0,0.03451355,-0.209852457,2.034852457,7278.846353,526.933411,804.539795,0.003198,0.003101
507,4,0,0,160.8545,80.0,14.5,0.005206311,65.4367169844394,0.0,9.530639648,0.038348389,-0.307070971,2.132070971,7291.428116,507.841095,813.199402,0.003265,0.003211
508,4,0,0,161.4153,81.0,14.5,0.005232702,64.9587714897574,0.0,11.5814209,0.038348389,-0.317036867,2.142036867,7305.696316,492.031097,805.714478,0.003054,0.003127
509,4,0,0,161.2747,81.0,14.5,0.005239549,64.5314944717288,0.0,9.530639648,0.025309937,-0.235056639,2.060056639,7318.12695,536.165405,809.283691,0.002935,0.0
510,4,0,0,161.8385,81.0,14.6,0.005218593,64.0606952674102,0.0,0.0,-0.034705292,-0.078213453,1.903213453,7332.42583,502.633514,805.889526,0.003138,0.003075
511,4,0,0,162.1219,82.0,14.6,0.005177933,63.934310610717,5.806274414,0.0,-0.058481293,0.044078112,1.780921888,7345.095977,486.892303,820.56012,0.003027,0.002991
512,4,0,0,162.4062,82.0,14.9,0.005116247,64.3947551444482,12.09594727,0.0,-0.019365936,0.066314936,1.758685064,7359.746268,477.685089,818.681824,0.003237,0.003198
513,4,0,0,162.9779,82.0,14.9,0.005058195,65.0841464787214,12.88696289,0.0,0.001533936,0.028221846,1.796778154,7372.688241,531.739624,812.466187,0.003301,0.003427
514,4,0,0,163.4094,81.0,14.9,0.004999873,65.802988509687,11.8762207,0.0,0.04141626,-0.025876284,1.850876284,7387.612632,365.79599,821.866882,0.003042,0.002975
515,4,0,0,163.9882,81.0,14.9,0.004965239,66.316583782181,11.21429443,0.0,0.008436646,-0.034644842,1.859644842,7400.786092,492.835693,786.422485,0.00297,0.0
516,4,0,0,163.2653,81.0,15.2,0.004950021,66.8753981129676,11.17034912,0.0,0.0,-0.020804167,1.845804167,7415.971632,518.200317,802.557678,0.002885,0.002826
517,4,0,0,162.9779,79.0,15.2,0.004960231,67.3672736523546,11.21429443,0.0,-0.016298065,-0.01489377,1.83989377,7429.373546,0.0,0.0,0.00353,0.003254
518,4,0,0,162.9779,79.0,15.2,0.004994769,67.9254377132208,11.30218506,0.0,-0.016298065,-0.02239871,1.84739871,7444.814881,468.305115,551.013672,0.003669,0.003326
519,4,0,0,163.6983,80.0,15.2,0.00503461,68.409345217147,11.47796631,0.0,-0.016298065,-0.060303926,1.885303926,7458.373644,515.605774,808.483826,0.003024,0.003027
520,4,0,0,163.2653,80.0,15.5,0.005084407,68.9904507093944,11.34613037,0.0,0.010737549,-0.133033514,1.958033514,7473.860349,513.553711,784.141113,0.003077,0.0
521,4,0,0,161.8385,80.0,15.5,0.005135435,69.474809005548,11.39007568,0.0,0.023009033,-0.182293177,2.007293177,7487.355435,511.917999,814.541626,0.002941,0.002886
522,4,0,0,160.5755,81.0,15.7,0.005204421,69.7303121530726,5.75958252,0.0,0.021475098,-0.197193861,2.022193861,7502.758695,501.607605,820.807312,0.002866,0.002778
523,4,0,0,160.4364,83.0,15.7,0.005269389,69.7124074730894,4.045715332,0.0,-0.016298065,-0.162742376,1.987742376,7516.257875,491.979492,790.110107,0.002854,0.0
524,4,0,0,160.1589,83.0,15.7,0.005341946,69.4672741722284,0.659179688,0.0,0.010737549,-0.108621359,1.933621359,7531.729529,501.003204,813.621277,0.003232,0.003204
525,4,0,0,160.5755,83.0,15.7,0.005398199,69.29756643679,5.100402832,0.0,0.005368774,-0.052679777,1.877679777,7545.307335,534.399902,988.064392,0.003205,0.003263
526,4,0,0,160.8545,83.0,15.6,0.005441654,69.3577444552232,6.641235352,0.0,0.005368774,0.027819395,1.797180605,7560.876951,779.074097,748.799316,0.003088,0.003145
527,4,0,0,161.1344,84.0,15.6,0.005448131,69.5071616158482,7.212524414,0.0,-0.000959,0.112907648,1.712092352,7574.554046,508.647003,811.640076,0.002891,0.002851
528,4,0,0,161.6972,84.0,15.8,0.005419844,69.7180600062516,7.300415039,0.0,-0.027035614,0.206683397,1.618316603,7590.279224,0.0,0.0,0.0,0.0
529,4,0,0,162.1219,83.0,15.8,0.005384036,69.890345421568,7.739868164,0.0,0.001533936,0.267524958,1.557475042,7604.15075,500.967102,805.451111,0.003417,0.003355
530,4,0,0,162.4062,83.0,15.8,0.005349581,70.1357508457296,8.486938477,0.0,-0.007094452,0.302966356,1.522033644,7620.119308,540.564697,805.06958,0.003212,0.003197
531,4,0,0,163.1215,84.0,15.8,0.005321727,70.3773536408722,8.091430664,0.0,-0.000959,0.348026991,1.476973009,7634.19362,567.796997,972.682983,0.003159,0.00306
532,4,0,0,163.9882,84.0,15.7,0.005282163,70.8303901733692,12.44750977,0.0,-0.041608002,0.378590345,1.446409655,7650.390925,551.036926,974.537415,0.003324,0.003144
533,4,0,0,164.8642,84.0,15.7,0.005244345,71.3513557080744,11.25823975,0.0,-0.005560516,0.327983618,1.497016382,7664.656894,541.330322,974.435791,0.003356,0.003316
534,4,0,0,165.6013,84.0,15.9,0.005211624,71.8605907313328,11.434021,0.0,0.017640259,0.21624589,1.60875411,7681.064207,0.0,0.0,0.0,0.0
535,4,0,0,166.4946,83.0,15.9,0.005196061,72.3259534241974,11.52191162,0.0,0.003834839,0.122233629,1.702766371,7695.493049,528.616882,791.996704,0.003211,0.003207
536,4,0,0,166.9449,82.0,15.8,0.005183399,72.8277041313188,11.25823975,0.0,0.026843872,0.039387941,1.785612059,7712.01728,522.738525,802.767395,0.003067,0.003034
537,4,0,0,167.7008,82.0,15.8,0.005167878,73.242144956947,11.30218506,0.0,-0.003259613,0.006002665,1.818997335,7726.518118,498.820587,817.84613,0.003009,0.002888
538,4,0,0,168.3105,83.0,15.7,0.005145377,73.7169293377208,11.21429443,0.0,-0.001725677,-0.03027463,1.85527463,7743.141958,504.235504,821.803223,0.002948,0.002931
539,4,0,0,168.617,84.0,15.7,0.005126044,74.0995452556348,10.15960693,0.0,0.012271484,-0.061001062,1.886001062,7757.730689,501.043091,811.194824,0.002822,0.002824
540,4,0,0,169.2334,85.0,15.7,0.005101125,74.2889043360386,7.432250977,0.0,0.003067871,-0.052978754,1.877978754,7774.44323,662.337219,776.181213,0.002915,0.002857
541,4,0,0,169.3882,84.0,15.7,0.005070691,74.4573378604386,8.486938477,0.0,-0.040074066,-0.031872511,1.856872511,7789.099667,526.066772,816.934082,0.003111,0.002944
542,4,0,0,169.8543,83.0,15.6,0.005028482,74.6929690868574,8.618774414,0.0,-0.02166684,-0.079015017,1.904015017,7805.892359,500.412292,813.890625,0.002968,0.002846
543,4,0,0,170.6368,83.0,15.6,0.004992567,74.9004571892404,8.662719727,0.0,0.001533936,-0.186840296,2.011840296,7820.622159,569.774109,809.819824,0.002962,0.002903
544,4,0,0,170.9519,82.0,15.6,0.004957366,75.0967387330004,8.267211914,0.0,0.059823486,-0.315240622,2.140240622,7837.493513,504.474091,811.940918,0.002834,0.002819
545,4,0,0,171.5854,82.0,15.6,0.004934582,75.2527092548526,8.047485352,0.0,0.043717163,-0.325144529,2.150144529,7852.284406,534.447693,813.59729,0.002888,0.002818
546,4,0,0,172.2238,81.0,15.5,0.004923506,75.4283826205502,8.355102539,0.0,-0.005560516,-0.191327333,2.016327333,7869.222343,657.283203,791.586914,0.002707,0.002733
547,4,0,0,172.7056,83.0,15.5,0.004926133,75.5990861190202,8.091430664,0.0,-0.027035614,-0.04724431,1.87224431,7884.065744,731.835876,754.66571,0.002779,0.002747
548,4,0,0,172.5447,83.0,15.5,0.004932898,75.7505727460446,8.486938477,0.0,-0.020132904,0.039835691,1.785164309,7898.904912,510.676605,803.666321,0.002752,0.002738
549,4,0,0,172.8668,83.0,15.5,0.004941046,75.9183083479668,7.827758789,0.0,-0.020132904,0.096271276,1.728728724,7915.83453,0.0,0.0,0.0,0.0
550,4,0,0,173.6774,81.0,15.4,0.004952721,76.0483992985866,7.783813477,0.0,-0.020132904,0.097124815,1.727875185,7930.544351,502.735687,812.460876,0.002673,0.002717
551,4,0,0,174.1675,80.0,15.4,0.004973404,76.2025529077656,7.959594727,0.0,-0.020132904,0.042255163,1.782744837,7947.225565,548.897583,983.40509,0.00274,0.00265
552,4,0,0,174.8252,81.0,15.1,0.004992176,76.3264332543914,7.388305664,0.0,-0.020132904,-0.058405638,1.883405638,7961.709152,512.239197,804.046997,0.00306,0.00306
553,4,0,0,174.8252,81.0,15.1,0.00501032,76.3342168594882,5.58380127,0.0,0.03451355,-0.220626593,2.045626593,7978.136846,529.602478,806.63092,0.003292,0.003263
554,4,0,0,175.4879,81.0,14.8,0.005025088,76.288017005026,5.715637207,0.0,0.026843872,-0.335022688,2.160022688,7992.416224,524.262207,819.558411,0.003135,0.003066
555,4,0,0,175.8211,80.0,14.8,0.005042024,75.8616438406216,0.0,11.87438965,0.03451355,-0.30824399,2.13324399,8008.60953,511.125092,804.699524,0.003089,0.003
556,4,0,0,176.1556,82.0,14.8,0.005056116,75.3408167252498,0.0,6.893920898,-0.010929291,-0.189148664,2.014148664,8022.669813,0.0,0.0,0.0,0.0
557,4,0,0,176.3233,82.0,14.8,0.005068687,74.7671234024272,0.0,4.989624023,-0.032404388,-0.069722891,1.894722891,8038.699705,0.0,0.0,0.0,0.0
558,4,0,0,176.9974,82.0,14.8,0.005073652,74.2531366257914,0.0,0.0,-0.010162323,-0.049072027,1.874072027,8052.761395,533.560486,806.561096,0.002975,0.002951
559,4,0,0,177.5064,81.0,14.8,0.005074876,73.7350641372306,3.694152832,0.0,-0.013997162,-0.077146292,1.902146292,8068.86432,0.0,0.0,0.0,0.0
560,4,0,0,177.8473,82.0,14.8,0.005080544,73.296271728233,0.0,0.0,-0.012463226,-0.123391867,1.948391867,8082.972255,520.118774,814.193787,0.002851,0.002768
561,4,0,0,178.0183,83.0,14.8,0.005100789,72.723345320294,0.0,0.0,-0.010162323,-0.221206903,2.046206903,8099.110988,0.0,0.0,0.0,0.0
562,4,0,0,178.0183,82.0,14.8,0.005131644,72.2258742505676,0.0,0.0,-0.008628387,-0.33733058,2.16233058,8113.231969,512.995972,812.622192,0.002913,0.002936
563,4,0,0,178.8781,82.0,14.8,0.005180843,72.164800055062,7.739868164,0.0,0.059823486,-0.491223574,2.316223574,8129.370519,507.05661,808.665588,0.002794,0.002735
564,4,0,0,178.8781,83.0,14.6,0.005233838,72.3322557927582,7.651977539,0.0,0.083599487,-0.550592184,2.375592184,8143.493783,515.819885,787.307129,0.0028,0.0
565,4,0,0,179.5719,82.0,14.6,0.005296108,72.4851617771956,6.904907227,0.0,0.010737549,-0.418115377,2.243115377,8159.637386,514.855408,820.610596,0.0,0.002707
566,4,0,0,179.7462,81.0,14.6,0.005335376,72.561429864295,6.333618164,0.0,-0.060015228,-0.221431971,2.046431971,8173.766385,459.319214,944.307617,0.002761,0.002741
567,4,0,0,180.6228,82.0,14.6,0.005339117,72.6344517516804,6.509399414,0.0,-0.07995639,-0.120793104,1.945793104,8189.920035,0.0,0.0,0.0,0.0
568,4,0,0,180.9758,83.0,14.3,0.005301315,72.632694899576,5.58380127,0.0,-0.040074066,-0.22155261,2.04655261,8204.062469,512.846802,820.252014,0.003129,0.003137
569,4,0,0,181.508,85.0,14.3,0.005231256,72.6321295062472,5.715637207,0.0,0.023009033,-0.440115213,2.265115213,8220.243584,525.395203,809.951477,0.003359,0.003236
570,4,0,0,181.686,84.0,14.1,0.005168644,72.6379577471506,5.715637207,0.0,0.085133423,-0.615360498,2.440360498,8234.424895,509.859314,814.200073,0.00372,0.003662
571,4,0,0,182.4019,81.0,14.1,0.00511284,72.6429034903716,5.938110352,0.0,0.02761084,-0.687350512,2.512350512,8250.660378,0.0,0.0,0.0,0.0
572,4,0,0,182.4019,77.0,14.2,0.005087205,72.6634848890164,5.894165039,0.0,0.001533936,-0.59518218,2.42018218,8262.857819,508.208191,825.140686,0.003758,0.003721
573,4,0,0,182.2224,76.0,14.2,0.005078509,72.685801107901,5.938110352,0.0,-0.015531097,-0.399750471,2.224750471,8279.149329,503.008698,829.40332,0.003647,0.0036
574,4,0,0,183.6682,77.0,14.0,0.005095623,72.7119999078158,6.157836914,0.0,-0.036239227,-0.273856878,2.098856878,8293.426287,504.779114,822.01001,0.003771,0.003658
575,4,0,0,184.2163,79.0,14.0,0.005134743,72.7653926108476,6.685180664,0.0,-0.045442841,-0.197567225,2.022567225,8309.75913,511.379089,843.450012,0.003456,0.003288
576,4,0,0,184.7677,80.0,13.5,0.00517306,72.857864820539,6.948852539,0.0,0.012271484,-0.193859339,2.018859339,8324.067849,511.703003,845.116516,0.003518,0.003433
577,4,0,0,184.9523,80.0,13.5,0.005214496,72.9832187110556,7.124633789,0.0,0.026843872,-0.199193716,2.024193716,8340.44861,507.28949,825.201477,0.003574,0.003539
578,4,0,0,185.5081,80.0,13.1,0.005249587,73.0983404178522,7.168579102,0.0,0.013038452,-0.14074254,1.96574254,8354.810579,508.572296,835.613892,0.003514,0.003418
579,4,0,0,186.0673,80.0,13.1,0.005281812,73.2355460835846,7.256469727,0.0,-0.010929291,-0.019756556,1.844756556,8371.261165,507.954102,841.78009,0.003797,0.003735
580,4,0,0,185.8805,80.0,12.7,0.005296646,73.3516017708502,7.344360352,0.0,-0.083791229,0.08765626,1.73734374,8385.691187,541.175293,987.960999,0.003751,0.003747
581,4,0,0,186.4419,81.0,12.7,0.005307241,73.4456047525628,6.553344727,0.0,-0.034705292,0.04965806,1.77534194,8402.227675,460.063385,813.40448,0.003634,0.003605
582,4,0,0,187.0068,82.0,12.3,0.005322779,73.5158095063716,6.641235352,0.0,0.04141626,-0.126170397,1.951170397,8416.738997,0.0,0.0,0.0,0.0
583,4,0,0,187.0068,82.0,12.3,0.005346222,73.6002767623426,6.904907227,0.0,0.054454712,-0.261299372,2.086299372,8433.381913,505.608093,651.61969,0.004089,0.003861
584,4,0,0,187.575,83.0,12.0,0.005360798,73.7152203152012,7.476196289,0.0,0.032979614,-0.26783061,2.09283061,8448.002483,586.394287,791.681702,0.003508,0.003465
585,4,0,0,187.7652,83.0,12.0,0.005362886,73.8652094352622,7.520141602,0.0,0.0,-0.143645048,1.968645048,8464.762325,0.0,0.0,0.003861,0.003663
586,4,0,0,188.3381,84.0,11.4,0.005357057,74.009935723842,7.783813477,0.0,-0.016298065,0.024372339,1.800627661,8479.426124,481.160004,823.264099,0.003411,0.003324
587,4,0,0,188.5298,85.0,11.4,0.005355444,74.1907014436346,7.915649414,0.0,-0.043141937,0.161910295,1.663089705,8496.175091,519.740295,808.80719,0.003203,0.003136
588,4,0,0,188.9145,86.0,11.2,0.005363397,74.3693043714012,8.267211914,0.0,-0.041608002,0.168921232,1.656078768,8510.822487,550.16333,964.181396,0.003401,0.003351
589,4,0,0,189.3007,85.0,11.2,0.00537393,74.5848832375134,8.442993164,0.0,0.005368774,0.036461115,1.788538885,8527.553205,511.569885,827.83252,0.003567,0.003445
590,4,0,0,189.883,85.0,10.9,0.0053755,74.8045165138876,9.060974121,0.0,0.032979614,-0.100585222,1.925585222,8542.124633,510.02301,805.436279,0.003331,0.003279
591,4,0,0,190.2732,86.0,10.9,0.005370034,75.101588221596,9.456481934,0.0,0.030678711,-0.200688124,2.025688124,8558.660877,514.658386,822.346985,0.003327,0.003218
592,4,0,0,190.8615,85.0,10.8,0.005364185,75.3652746538064,9.456481934,0.0,0.030678711,-0.213050604,2.038050604,8573.087277,547.545471,974.618896,0.003399,0.003387
593,4,0,0,191.4535,84.0,10.8,0.005356275,75.4341911148518,5.671691895,0.0,0.014572388,-0.146897078,1.971897078,8589.567605,605.58313,796.046997,0.003628,0.003519
594,4,0,0,191.8502,85.0,10.6,0.005343693,75.3985525863264,5.58380127,0.0,0.005368774,-0.049401999,1.874401999,8603.990526,496.029205,813.456116,0.003272,0.003152
595,4,0,0,192.2485,85.0,10.6,0.005315151,75.3530314871026,5.58380127,0.0,-0.019365936,0.086214781,1.738785219,8620.486991,534.43811,988.828491,0.003412,0.003365
596,4,0,0,192.6485,84.0,10.7,0.005273132,75.316655832577,5.627746582,0.0,-0.052345551,0.171464682,1.653535318,8634.932595,0.0,0.0,0.0,0.0
597,4,0,0,193.0502,84.0,10.7,0.005212002,75.263526449756,0.0,0.0,-0.023200775,0.14338851,1.68161149,8651.448183,512.132324,809.886414,0.003222,0.003154
598,4,0,0,193.6558,84.0,10.8,0.00516304,74.7210841279102,0.0,0.0,-0.001725677,-0.000269,1.825268698,8665.905237,515.613281,803.668274,0.002999,0.00294
599,4,0,0,192.8492,83.0,10.8,0.005130206,74.2910302741786,4.00177002,0.0,0.016106323,-0.195288897,2.020288897,8682.432597,516.769897,808.681274,0.002992,0.002947
600,4,0,0,193.0502,83.0,10.7,0.005124506,74.1597500856724,5.58380127,0.0,0.016106323,-0.334084272,2.159084272,8696.898628,541.173218,978.918884,0.002974,0.002934
601,4,0,0,192.6485,83.0,10.7,0.005133964,74.1728916664312,5.850219727,0.0,0.012271484,-0.4340446,2.2590446,8713.345049,516.368103,848.675598,0.002995,0.002982
602,4,0,0,192.4483,83.0,10.5,0.005143744,74.1819318602934,6.641235352,0.0,0.021475098,-0.468052149,2.293052149,8727.624447,527.050903,863.572815,0.00289,0.002855
603,4,0,0,193.4535,83.0,10.5,0.005145221,74.2557149172186,6.597290039,0.0,-0.007094452,-0.467702627,2.292702627,8743.818,504.188293,815.762512,0.003021,0.003015
604,4,0,0,193.4535,82.0,10.7,0.005136143,74.3011807356134,6.245727539,0.0,0.012271484,-0.454405069,2.279405069,8757.878117,515.108887,834.297302,0.002761,0.002738
605,4,0,0,193.8586,82.0,10.7,0.005117958,74.3281302926382,6.113891602,0.0,0.001533936,-0.413584471,2.238584471,8773.82295,518.149902,989.242676,0.002756,0.002709
606,4,0,0,194.4693,82.0,10.8,0.005098571,74.3590641409812,6.157836914,0.0,0.005368774,-0.359456301,2.184456301,8787.667304,512.044495,991.643494,0.002801,0.002759
607,4,0,0,195.0839,83.0,10.8,0.005075247,74.3786834118004,6.157836914,0.0,0.00690271,-0.286094427,2.111094427,8803.400339,527.264282,574.549683,0.0029,0.002918
608,4,0,0,195.4958,83.0,10.9,0.005054267,74.4122550649638,6.377563477,0.0,-0.010929291,-0.217346907,2.042346907,8817.201192,493.31839,810.855591,0.003237,0.003227
609,4,0,0,196.1169,82.0,10.9,0.005027167,73.981484926185,0.0,171.9818115,-0.037773163,-0.181523085,2.006523085,8833.0045,538.034119,798.085815,0.003338,0.003348
610,4,0,0,196.742,82.0,11.0,0.004999834,73.4560142855508,0.0,179.0130615,0.019941162,-0.230589151,2.055589151,8846.83952,559.917908,796.072205,0.003255,0.003097
611,4,0,0,197.1609,82.0,11.0,0.004968348,72.8803304505492,0.0,42.19665527,0.032979614,-0.276758432,2.101758432,8862.652207,579.359802,802.705383,0.003166,0.003063
612,4,0,0,197.1609,82.0,11.1,0.004942855,72.3802784822648,0.0,35.75134277,0.009203613,-0.251369238,2.076369238,8876.44885,588.804504,808.453674,0.003279,0.003226
613,4,0,0,197.7926,81.0,11.1,0.004916355,71.8501086814844,0.0,32.96813965,0.021475098,-0.200212717,2.025212717,8892.09696,517.673706,801.803284,0.003193,0.003114
614,4,0,0,198.0041,81.0,11.5,0.004899045,71.3758160828278,0.0,23.44665527,-0.008628387,-0.123158693,1.948158693,8905.683743,461.753998,802.551514,0.003097,0.003075
615,4,0,0,198.6413,82.0,11.5,0.004886756,70.8353311046636,0.0,0.0,-0.010929291,-0.049248934,1.874248934,8921.093458,493.281708,810.406128,0.003042,0.002944
616,4,0,0,199.2826,82.0,11.5,0.004874843,70.8800431564826,8.135375977,0.0,0.019941162,-0.042412519,1.867412519,8934.538363,0.0,0.0,0.0,0.0
617,4,0,0,199.2826,83.0,11.5,0.004852103,71.07770488632,6.817016602,0.0,0.029144775,-0.019329309,1.844329309,8949.911169,515.868286,797.085693,0.003092,0.0
618,4,0,0,199.928,83.0,11.9,0.004826467,71.1481649458264,5.627746582,0.0,-0.010929291,0.066628695,1.758371305,8963.363745,0.0,0.0,0.0,0.0
619,4,0,0,200.3606,82.0,11.9,0.004798227,71.1608615279818,5.58380127,0.0,-0.02856955,0.161011934,1.663988066,8978.73974,486.652893,821.014709,0.003104,0.003093
620,4,0,0,200.5777,79.0,12.2,0.0047783,71.1559492912196,4.397277832,0.0,-0.007094452,0.17991662,1.64508338,8992.200817,487.959808,808.935791,0.002867,0.002774
621,4,0,0,201.4504,78.0,12.2,0.004762969,70.7193734422974,0.0,3.964233398,-0.008628387,0.164399385,1.660600615,9007.617417,481.485291,816.316223,0.002822,0.002671
622,4,0,0,201.8897,78.0,12.5,0.00475653,70.235445371006,0.0,2.499389648,-0.010162323,0.130568743,1.694431257,9021.127092,478.159607,795.026917,0.002638,0.002597
623,4,0,0,202.3309,78.0,12.5,0.004759637,69.7050312724136,0.0,0.0,-0.010162323,0.06458354,1.76041646,9036.576613,569.851013,794.672485,0.002641,0.002673
624,4,0,0,202.9962,81.0,12.4,0.004774771,69.2291676521424,0.0,0.0,-0.02166684,-0.02200532,1.84700532,9050.105239,579.308411,798.591797,0.003161,0.003123
625,4,0,0,203.4422,83.0,12.4,0.004806162,69.159103892611,5.539855957,0.0,-0.02166684,-0.150803328,1.975803328,9065.576271,0.0,0.0,0.0,0.0
626,4,0,0,203.666,84.0,12.4,0.00484376,69.1872606155698,5.58380127,0.0,-0.001725677,-0.314383745,2.139383745,9079.12036,0.0,0.0,0.0,0.0
627,4,0,0,204.115,84.0,12.4,0.004895571,69.186446257343,5.012512207,0.0,0.043717163,-0.486117601,2.311117601,9094.607174,0.0,0.0,0.0,0.0
628,4,0,0,204.7921,83.0,12.1,0.004946128,69.1897971768108,5.58380127,0.0,0.088968262,-0.56649518,2.39149518,9108.164952,0.0,0.0,0.0,0.0
629,4,0,0,205.2461,84.0,12.1,0.005005999,69.2301536947604,5.627746582,0.0,0.049085938,-0.477225065,2.302225065,9123.667382,0.0,0.0,0.0,0.0
630,4,0,0,205.7021,85.0,12.1,0.005055213,69.3638731599046,6.948852539,0.0,-0.063850067,-0.248877287,2.073877287,9137.239839,552.43042,987.951599,0.003881,0.003963
631,4,0,0,206.3898,87.0,12.1,0.005099932,69.4776394000862,5.75958252,0.0,-0.012463226,-0.101737738,1.926737738,9152.783112,0.0,0.0,0.0,0.0
632,4,0,0,206.3898,87.0,12.1,0.005124819,69.5168710537494,5.671691895,0.0,-0.007094452,-0.066272974,1.891272974,9166.476385,502.517914,807.068909,0.003633,0.00383
633,4,0,0,207.0822,86.0,12.1,0.005138347,69.5719735035038,5.75958252,0.0,-0.000959,-0.052308321,1.877308321,9182.286694,537.654419,969.692627,0.003445,0.003578
634,4,0,0,207.314,86.0,11.8,0.005140881,69.6141917220588,5.58380127,0.0,0.00690271,-0.046856165,1.871856165,9196.284004,512.460815,815.376404,0.003751,0.003852
635,4,0,0,208.0126,87.0,11.8,0.005135932,69.6515188666726,5.58380127,0.0,-0.008628387,-0.024623156,1.849623156,9212.451301,525.292419,805.419983,0.003604,0.003603
636,4,0,0,208.481,87.0,11.5,0.00512486,69.6842992234514,5.58380127,0.0,0.012271484,-0.00324893,1.82824893,9226.711236,508.872803,836.586182,0.003838,0.00395
637,4,0,0,208.481,88.0,11.5,0.005109794,69.7200019968296,5.58380127,0.0,-0.013997162,0.039314032,1.785685968,9243.129846,502.136688,830.592896,0.003813,0.003854
638,4,0,0,208.2466,89.0,11.0,0.005103129,69.7521071228246,5.58380127,0.0,0.003834839,0.069330454,1.755669546,9257.606739,549.96582,956.502014,0.00354,0.003503
639,4,0,0,207.7793,88.0,11.0,0.005104817,69.7846515664528,5.671691895,0.0,0.0,0.095380545,1.729619455,9272.18668,541.759888,989.4776,0.003648,0.003637
640,4,0,0,207.7793,85.0,10.8,0.005109958,69.8364528253454,6.421508789,0.0,0.0,0.128828287,1.696171713,9288.975381,518.893616,811.271301,0.003689,0.003633
641,4,0,0,207.7793,84.0,10.8,0.005111523,70.1748606079812,11.25823975,0.0,-0.013997162,0.160785437,1.664214563,9303.779076,507.147095,825.366516,0.003771,0.003735
642,4,0,0,208.2466,84.0,10.6,0.005112736,70.8318455156246,13.67797852,0.0,-0.004793549,0.1792171,1.6457829,9320.819499,506.195099,825.285828,0.003674,0.003655
643,4,0,0,208.9515,84.0,10.6,0.005121055,71.6000164730012,14.95513916,0.0,-0.001725677,0.172315836,1.652684164,9335.774956,0.0,0.0,0.0,0.0
644,4,0,0,209.6612,83.0,10.7,0.005140128,72.4665825906316,14.24926758,0.0,-0.004793549,0.14812541,1.67687459,9352.855038,544.344299,990.66333,0.003488,0.003417
645,4,0,0,210.137,83.0,10.7,0.005157391,73.092916008635,11.21429443,0.0,0.00690271,0.104781389,1.720218611,9367.693344,537.457092,812.58197,0.003437,0.003351
646,4,0,0,211.0952,82.0,10.9,0.005169926,73.6461908302076,12.31567383,0.0,-0.005560516,0.068654776,1.756345224,9384.520144,0.0,0.0,0.0,0.0
647,4,0,0,211.0952,83.0,10.9,0.005175446,74.1683035829318,12.44750977,0.0,-0.000959,0.043715239,1.781284761,9399.129736,497.600708,816.11969,0.003618,0.003564
648,4,0,0,212.3052,82.0,11.3,0.005182025,74.7655722239748,12.53540039,0.0,0.010737549,0.016207457,1.808792543,9415.697449,513.149719,823.41687,0.003348,0.003279
649,4,0,0,212.5489,81.0,11.3,0.005192105,75.2684364817224,12.5793457,0.0,0.003067871,0.026540518,1.798459482,9430.082266,503.14859,803.463196,0.003243,0.003172
650,4,0,0,213.2833,82.0,11.3,0.00520757,75.8527871597996,13.10668945,0.0,-0.012463226,0.057023764,1.767976236,9446.398042,526.327209,800.794983,0.00315,0.003087
651,4,0,0,213.5292,81.0,11.3,0.005219501,76.3700323349466,12.9309082,0.0,-0.005560516,0.068656206,1.756343794,9460.661196,497.818909,808.165222,0.003296,0.003207
652,4,0,0,213.5292,81.0,11.4,0.00522651,76.867302156706,7.124633789,0.0,-0.000959,0.062934637,1.762065363,9477.068922,515.496399,811.811279,0.003372,0.003369
653,4,0,0,214.5186,80.0,11.4,0.005229126,76.9596430442534,7.695922852,0.0,-0.000959,0.051396132,1.773603868,9491.526333,501.076385,810.213684,0.003017,0.003079
654,4,0,0,214.7674,82.0,11.5,0.005235003,76.6591756935186,0.0,39.85290527,-0.005560516,0.034554243,1.790445757,9508.15162,633.154724,785.807922,0.003131,0.003173
655,4,0,0,215.5172,82.0,11.5,0.00524389,76.1121354872928,0.0,42.34313965,0.0,0.005624056,1.819375944,9522.785488,509.499908,805.105591,0.003496,0.003508
656,4,0,0,215.7684,81.0,11.8,0.005253678,75.4957733789954,0.0,37.50915527,-0.001725677,-0.038575888,1.863575888,9539.645379,0.0,0.0,0.004074,0.003773
657,4,0,0,216.2723,81.0,11.8,0.005258418,74.9579899837958,0.0,34.72595215,0.014572388,-0.071840048,1.896840048,9554.552914,549.400391,967.571228,0.00315,0.003173
658,4,0,0,216.5252,82.0,12.4,0.005257646,74.3517041946394,0.0,20.22399902,0.001533936,-0.105060816,1.930060816,9571.732538,550.548523,974.050293,0.003195,0.003169
659,4,0,0,217.0327,83.0,12.4,0.005250871,73.8402784090258,0.0,19.34509277,0.025309937,-0.119947672,1.944947672,9586.874579,503.873901,829.328613,0.00349,0.00348
660,4,0,0,217.7985,83.0,13.0,0.005238885,73.262679491611,2.94708252,0.0,-0.02166684,-0.067976236,1.892976236,9604.307701,506.466309,824.794983,0.003757,0.003631
661,4,0,0,218.0549,83.0,13.0,0.005229346,73.4078024985942,11.34613037,0.0,0.001533936,0.037838697,1.787161303,9619.672263,499.421814,823.931213,0.00373,0.003782
662,4,0,0,218.0549,83.0,13.8,0.005223431,73.9472346465304,12.09594727,0.0,-0.044675873,0.177729368,1.647270632,9637.345795,507.862488,816.642517,0.003698,0.00364
663,4,0,0,218.5697,83.0,13.8,0.005223771,74.4159654948942,11.34613037,0.0,-0.02166684,0.23954463,1.58545537,9652.901535,504.153687,843.383118,0.003675,0.003744
664,4,0,0,219.3463,84.0,14.8,0.005230273,74.891399807627,11.21429443,0.0,0.00690271,0.255753279,1.569246721,9670.772936,498.834503,816.528198,0.003912,0.003988
665,4,0,0,220.3905,84.0,14.8,0.005240746,75.3013777725012,11.21429443,0.0,-0.017832001,0.249264479,1.575735521,9686.463524,503.023987,817.534302,0.003569,0.003564
666,4,0,0,220.1286,83.0,15.7,0.005260754,75.9861007815826,15.96588135,0.0,-0.039307098,0.204051256,1.620948744,9704.426763,507.242889,823.004517,0.003853,0.003893
667,4,0,0,221.1802,82.0,15.7,0.00528768,76.7289939160462,15.30670166,0.0,0.013038452,0.051229715,1.773770285,9720.209309,510.955811,825.281677,0.00358,0.003505
668,4,0,0,234.7859,81.0,16.2,0.005325891,77.371372791811,13.32641602,0.0,0.063658325,-0.132869005,1.957869005,9738.319252,513.147705,815.028198,0.003417,0.003423
669,4,0,0,235.283,81.0,16.2,0.005359872,77.8862557455192,13.19458008,0.0,0.016106323,-0.138537645,1.963537645,9754.119485,505.838104,833.28772,0.003316,0.003373
670,4,0,0,235.283,82.0,17.0,0.005393,78.4962572271478,13.76586914,0.0,-0.041608002,-0.052400827,1.877400827,9772.035744,505.685303,836.398071,0.003391,0.003432
671,4,0,0,236.0328,82.0,17.0,0.005411918,79.015297669345,13.37036133,0.0,0.00690271,-0.049138784,1.874138784,9787.59024,521.836914,861.321899,0.003317,0.003358
672,4,0,0,236.7032,82.0,17.4,0.005417085,79.5615403832272,12.31567383,0.0,0.037581421,-0.07565999,1.90065999,9805.228299,509.329407,829.803772,0.0035,0.003596
673,4,0,0,236.9556,83.0,17.4,0.005407532,80.0208396301474,12.5793457,0.0,-0.004793549,-0.017380953,1.842380953,9820.541456,0.0,0.0,0.0,0.0
674,4,0,0,237.0398,84.0,18.1,0.005387547,80.457346454477,11.8762207,0.0,-0.024734711,0.068644285,1.756355715,9837.90605,509.937103,818.388489,0.003337,0.003305
675,4,0,0,237.6313,83.0,18.1,0.005368101,80.7185769694738,7.300415039,0.0,-0.027035614,0.082719088,1.742280912,9852.982024,521.309082,809.771301,0.003399,0.00336
676,4,0,0,237.8008,82.0,18.4,0.005344382,80.8451260685282,11.17034912,0.0,0.00690271,0.019923925,1.805076075,9870.077856,503.975708,839.773071,0.00342,0.003426
677,4,0,0,238.1406,83.0,18.4,0.005319566,81.1792051771792,11.25823975,0.0,0.023009033,-0.03541398,1.86041398,9884.920692,536.314819,988.874817,0.003211,0.003318
678,4,0,0,238.6521,83.0,18.3,0.005286933,81.5400055257892,10.86273193,0.0,0.017640259,-0.041898489,1.866898489,9901.751976,526.288391,812.581482,0.003461,0.003334
679,4,0,0,239.2516,83.0,18.3,0.005260628,81.265783758483,0.0,112.6556396,0.005368774,0.01465106,1.81034894,9916.365492,501.219604,808.259888,0.003315,0.003255
680,4,0,0,240.0269,82.0,18.3,0.005242956,80.6022330172274,0.0,263.0950928,-0.010929291,0.096554518,1.728445482,9932.93723,513.22583,823.879089,0.003338,0.003355
681,4,0,0,240.0269,83.0,18.3,0.00524301,80.0220390068758,0.0,260.1654053,-0.000959,0.119403124,1.705596876,9947.325382,568.360474,810.187927,0.00335,0.003282
682,4,0,0,240.8942,82.0,18.3,0.00525573,79.349593556094,0.0,89.95056152,-0.000959,0.118716478,1.706283522,9963.641489,497.998108,803.240479,0.00328,0.003187
683,4,0,0,241.1556,81.0,18.3,0.005268303,78.7804664458402,0.0,53.91540527,-0.010929291,0.108929873,1.716070127,9977.806371,522.024475,802.019409,0.00325,0.003205
684,4,0,0,241.7678,80.0,18.0,0.00527714,78.120020700807,0.0,61.23962402,-0.012463226,0.060861826,1.764138174,9993.870334,520.205505,810.228027,0.003312,0.00328
685,4,0,0,242.119,80.0,18.0,0.005278472,77.561428523314,0.0,70.02868652,0.038348389,-0.012617826,1.837617826,10007.81898,443.414795,810.536804,0.003428,0.003341
686,4,0,0,242.5595,79.0,17.7,0.005272931,76.9300329263406,0.0,61.09313965,0.0,-0.006064177,1.831064177,10023.63737,463.227203,807.802185,0.00342,0.003217
687,4,0,0,242.7361,81.0,17.7,0.005260843,76.3808629356522,0.0,27.84118652,-0.058481293,0.063302279,1.761697721,10037.37191,507.514404,816.987122,0.003254,0.003199
688,4,0,0,243.3564,81.0,17.7,0.00523683,75.758947043295,0.0,10.11657715,-0.004793549,0.028390169,1.796609831,10052.94814,530.24762,936.638794,0.003129,0.003131
689,4,0,0,243.3564,81.0,17.7,0.005208822,75.2192391349498,0.0,10.55603027,0.043717163,-0.076074839,1.901074839,10066.47254,524.286316,974.052673,0.003067,0.003089
690,4,0,0,243.8905,82.0,17.4,0.005173648,74.6081340645096,0.0,7.479858398,0.026843872,-0.066116095,1.891116095,10081.81019,486.072998,804.120483,0.003195,0.003125
691,4,0,0,244.5167,83.0,17.4,0.005143695,74.077993988239,0.0,8.651733398,-0.020132904,0.032919168,1.792080832,10095.12762,506.593292,808.58551,0.002965,0.002975
692,4,0,0,244.3375,83.0,17.5,0.005112886,73.4581332552486,0.0,0.0,-0.060015228,0.077204466,1.747795534,10110.24068,0.0,0.0,0.0,0.0
693,4,0,0,244.9659,82.0,17.5,0.005089748,72.9176057905084,0.0,0.0,-0.010162323,-0.075481653,1.900481653,10123.4541,512.493713,825.152405,0.00299,0.002981
694,4,0,0,245.2363,82.0,17.2,0.005068381,72.3110789061266,0.0,0.0,0.032979614,-0.337340117,2.162340117,10138.56882,515.82428,814.424011,0.002802,0.002701
695,4,0,0,246.0509,82.0,17.2,0.005055364,71.7793692888342,0.0,0.0,0.052920776,-0.487023592,2.312023592,10151.80555,522.232422,823.870117,0.002884,0.002857
696,4,0,0,246.6882,82.0,17.3,0.00504884,71.1821862324924,0.0,0.0,0.02761084,-0.474631071,2.299631071,10166.94617,508.469788,819.123291,0.0028,0.00269
697,4,0,0,247.1455,82.0,17.3,0.00505017,70.6606488992852,0.0,0.0,-0.023200775,-0.3778584,2.2028584,10180.20463,535.669617,962.558289,0.002783,0.002721
698,4,0,0,247.2371,83.0,17.7,0.005055471,70.0566663170698,0.0,0.0,-0.023200775,-0.310760736,2.135760736,10195.34701,508.931702,794.993286,0.002913,0.002905
699,4,0,0,247.8806,83.0,17.7,0.00505845,69.54418894042,0.0,0.0,-0.017832001,-0.327368021,2.152368021,10208.57935,515.754822,813.710022,0.002836,0.002745
700,4,0,0,248.3423,82.0,17.7,0.005059448,68.9515970736038,0.0,0.0,-0.000959,-0.412038088,2.237038088,10223.68957,512.706604,834.737122,0.002777,0.002733
701,4,0,0,248.8986,81.0,17.7,0.005064121,68.4472443051034,0.0,0.0,-0.003259613,-0.495936632,2.320936632,10236.90374,510.484009,826.689209,0.002961,0.002937
702,4,0,0,249.1777,82.0,17.4,0.005081831,67.912042017676,3.913879395,0.0,0.074395874,-0.568628073,2.393628073,10251.9999,0.0,0.0,0.0,0.0
703,4,0,0,249.7378,82.0,17.4,0.005109817,67.9726661290638,5.58380127,0.0,-0.012463226,-0.486165285,2.311165285,10265.21682,503.322113,818.578308,0.002907,0.00285
704,4,0,0,250.4885,82.0,17.2,0.005151652,68.036567516521,5.58380127,0.0,-0.012463226,-0.30749011,2.13249011,10280.33489,557.455811,792.224976,0.003008,0.003007
705,4,0,0,250.9599,81.0,17.2,0.005188287,68.090267008037,5.58380127,0.0,-0.034705292,-0.167724848,1.992724848,10293.57386,504.463898,822.713928,0.002993,0.0
706,4,0,0,251.3384,82.0,17.0,0.005213935,68.1516829790784,5.58380127,0.0,-0.027035614,-0.103301287,1.928301287,10308.71642,547.887207,991.911621,0.003201,0.003297
707,4,0,0,251.8131,83.0,17.0,0.005211644,68.2053202696034,5.23223877,0.0,-0.004793549,-0.138005972,1.963005972,10321.97739,513.123901,813.952087,0.003491,0.00341
708,4,0,0,252.0987,83.0,16.8,0.005186929,68.1021047176212,4.045715332,0.0,0.00690271,-0.207914591,2.032914591,10337.14471,593.15863,778.257813,0.003292,0.003246
709,4,0,0,252.7678,83.0,16.8,0.00516316,68.0333596673792,4.309387207,0.0,0.016106323,-0.26178813,2.08678813,10350.42613,505.06189,801.136292,0.003307,0.003229
710,4,0,0,252.9596,83.0,16.6,0.005147706,67.9787265172622,4.660949707,0.0,0.016106323,-0.288937807,2.113937807,10365.61662,0.0,0.0,0.0,0.0
711,4,0,0,253.4405,83.0,16.6,0.005145048,67.948962369418,4.617004395,0.0,0.023009033,-0.260162115,2.085162115,10378.91985,509.245697,818.012024,0.003276,0.00319
712,4,0,0,253.8264,82.0,16.5,0.005148689,67.9488134089076,5.451965332,0.0,-0.02166684,-0.1500175,1.9750175,10394.15004,506.803711,822.883179,0.003467,0.003511
713,4,0,0,254.0199,81.0,16.5,0.005152365,68.00552954388,5.58380127,0.0,-0.034705292,-0.064798594,1.889798594,10407.52263,505.311188,815.542908,0.003323,0.003281
714,4,0,0,254.6019,81.0,16.3,0.005153456,68.068678758008,5.58380127,0.0,-0.033938324,-0.070941687,1.895941687,10422.86391,519.066895,833.497314,0.003178,0.003118
715,4,0,0,254.6992,82.0,16.3,0.005151837,68.1218514803552,5.58380127,0.0,0.0,-0.163687944,1.988687944,10436.33821,0.0,0.0,0.0,0.0
716,4,0,0,254.0199,81.0,16.2,0.005150382,68.1843298411042,5.58380127,0.0,0.036047485,-0.288896322,2.113896322,10451.7965,502.329498,816.281616,0.00351,0.003506
717,4,0,0,255.089,80.0,16.2,0.005153063,68.2383016007614,5.58380127,0.0,0.043717163,-0.313217402,2.138217402,10465.39198,481.665314,810.738098,0.003364,0.003445
718,4,0,0,255.3822,80.0,15.8,0.005161167,68.2980429891592,5.539855957,0.0,0.005368774,-0.216449976,2.041449976,10481.13148,507.664703,815.563782,0.003359,0.003286
719,4,0,0,255.676,81.0,15.8,0.005168173,68.3505676785686,5.58380127,0.0,0.003067871,-0.075648069,1.900648069,10495.10174,501.670105,818.540771,0.002985,0.002934
720,4,0,0,256.1672,80.0,15.7,0.005169798,68.4156323774448,5.671691895,0.0,-0.058481293,0.088475466,1.736524534,10511.24115,0.0,0.0,0.003552,0.003425
721,4,0,0,256.6603,80.0,15.7,0.005163508,68.4914242769316,7.344360352,0.0,-0.040074066,0.13530612,1.68969388,10525.50737,511.897705,827.661682,0.003159,0.003147
722,4,0,0,256.9571,80.0,15.6,0.005146544,68.7658271110812,7.608032227,0.0,-0.001725677,0.049514532,1.775485468,10541.96585,512.804688,809.068176,0.00292,0.002822
723,4,0,0,257.6523,81.0,15.6,0.005124204,69.0265136530646,7.915649414,0.0,0.010737549,-0.072764635,1.897764635,10556.48516,0.0,0.0,0.0,0.0
724,4,0,0,258.2511,81.0,15.6,0.00509612,69.3232947622492,8.003540039,0.0,0.016106323,-0.184766531,2.009766531,10573.20564,516.257202,800.324524,0.003133,0.003059
725,4,0,0,258.4514,80.0,15.6,0.005074335,69.5845146234152,8.047485352,0.0,0.046785034,-0.25169158,2.07669158,10587.91821,557.185181,975.058594,0.003022,0.003098
726,4,0,0,259.0539,81.0,15.5,0.005053901,70.0432047351454,13.59008789,0.0,0.02761084,-0.202759504,2.027759504,10604.7745,501.359711,815.858398,0.003226,0.003104
727,4,0,0,258.9533,82.0,15.5,0.005036809,71.0648675995684,17.1963501,0.0,-0.027035614,-0.083571196,1.908571196,10619.51625,0.0,0.0,0.0,0.0
728,4,0,0,258.7523,81.0,15.5,0.005014777,72.1301213851928,14.20532227,0.0,-0.030870453,0.01454711,1.81045289,10636.30362,509.2258,823.503601,0.003206,0.003219
729,4,0,0,259.1546,81.0,15.5,0.004995069,72.8741433911994,14.07348633,0.0,0.019941162,0.007632017,1.817367983,10650.8796,514.363586,809.276611,0.003226,0.00317
730,4,0,0,259.6593,81.0,15.4,0.004976811,73.7119160826868,13.89770508,0.0,0.014572388,0.016471624,1.808528376,10667.40857,768.126587,785.81842,0.003129,0.003001
731,4,0,0,260.166,81.0,15.4,0.004966789,74.3713351653604,12.88696289,0.0,0.009203613,0.079232931,1.745767069,10681.75992,0.0,0.0,0.0,0.0
732,4,0,0,260.0645,81.0,15.4,0.004962604,74.962494333335,12.5793457,0.0,-0.065384003,0.195250273,1.629749727,10696.00812,503.751495,818.292908,0.003111,0.003052
733,4,0,0,260.166,81.0,15.4,0.004963776,75.567496657748,9.676208496,0.0,-0.004793549,0.207394361,1.617605639,10712.16619,0.0,0.0,0.0,0.0
734,4,0,0,259.5582,81.0,15.4,0.004968027,75.8687039347346,7.256469727,0.0,-0.001725677,0.126095533,1.698904467,10726.19561,508.142212,818.194885,0.002997,0.002894
735,4,0,0,258.7523,81.0,15.4,0.004974323,75.8249358091058,5.58380127,0.0,0.016106323,0.020108938,1.804891062,10742.10567,510.542511,801.693481,0.002691,0.002652
736,4,0,0,258.4514,81.0,15.0,0.004981013,75.6019588552938,0.0,27.84118652,0.016106323,-0.029423952,1.854423952,10755.91975,501.371796,801.503174,0.002742,0.002711
737,4,0,0,257.8516,83.0,15.0,0.004991249,74.895737864064,0.0,3.378295898,0.03451355,-0.010760069,1.835760069,10771.59357,512.857178,827.121826,0.003132,0.00304
738,4,0,0,258.8528,83.0,15.0,0.005002977,74.2898601552514,0.0,0.0,-0.025501678,0.102198839,1.722801161,10785.2916,0.0,0.0,0.0,0.0
739,4,0,0,259.4572,81.0,15.0,0.005023287,73.5802267033922,0.0,0.0,-0.030870453,0.249620676,1.575379324,10800.97884,526.494324,837.354004,0.003034,0.003005
740,4,0,0,260.166,80.0,14.7,0.005052818,72.9849780415436,0.0,0.0,-0.010162323,0.261367559,1.563632441,10814.7208,512.651489,811.967712,0.002747,0.002666
741,4,0,0,260.9808,79.0,14.7,0.005102356,72.271783345572,0.0,0.0,0.019941162,0.209101439,1.615898561,10830.43134,515.447205,820.215515,0.00275,0.002689
742,4,0,0,261.4926,80.0,14.5,0.005153657,71.6707831600578,0.0,0.0,0.017640259,0.231378317,1.593621683,10844.18222,492.619904,797.697876,0.002661,0.0
743,4,0,0,261.5952,80.0,14.5,0.005207992,70.989614120872,0.0,3.671264648,0.005368774,0.329645395,1.495354605,10859.9021,499.226715,821.711121,0.002857,0.002798
744,4,0,0,262.0064,80.0,14.5,0.005242649,70.4100226152296,5.23223877,0.0,-0.017832001,0.419014692,1.405985308,10873.64152,509.240814,804.197388,0.002805,0.002795
745,4,0,0,262.7292,80.0,14.5,0.005264172,70.5138583907544,6.904907227,0.0,-0.010162323,0.400118113,1.424881887,10889.23137,0.0,0.0,0.0,0.0
746,4,0,0,263.5602,81.0,14.6,0.005269353,70.6642738249814,5.671691895,0.0,0.019941162,0.294283152,1.530716848,10902.76778,506.198486,810.846924,0.002768,0.002715
747,4,0,0,263.5602,82.0,14.6,0.005267499,70.698250275435,5.58380127,0.0,0.00690271,0.213055849,1.611944151,10918.11932,504.641907,814.01593,0.002822,0.002757
748,4,0,0,264.2916,81.0,14.6,0.005268498,70.7225575697676,5.58380127,0.0,0.00690271,0.185342073,1.639657927,10931.44886,505.727905,813.560486,0.00273,0.002676
749,4,0,0,264.3964,80.0,14.6,0.00528061,70.7500675794474,5.58380127,0.0,-0.016298065,0.163954496,1.661045504,10946.56578,494.056488,801.678772,0.002809,0.002801
750,4,0,0,263.248,80.0,14.6,0.005302308,70.401253096262,0.0,0.0,0.001533936,0.089825392,1.735174608,10959.69165,506.300293,813.253906,0.00326,0.003123
751,4,0,0,264.3964,80.0,14.6,0.005335867,69.6645396181842,0.0,34.28649902,0.008436646,-0.015781164,1.840781164,10974.57765,514.920776,805.020813,0.003103,0.003058
752,4,0,0,264.9217,80.0,14.7,0.005366677,69.0196558851764,0.0,25.35095215,0.003067871,-0.072958231,1.897958231,10987.50307,509.338409,814.856812,0.003577,0.003548
753,4,0,0,265.4491,80.0,14.7,0.005396549,68.2810732713424,0.0,16.2689209,-0.001725677,-0.086237192,1.911237192,11002.16179,503.809296,813.511292,0.003395,0.003446
754,4,0,0,265.4491,80.0,14.7,0.005412615,67.633550317295,0.0,10.26306152,-0.001725677,-0.084395647,1.909395647,11014.88991,506.061401,812.023071,0.003605,0.003599
755,4,0,0,265.7666,81.0,14.7,0.005417539,66.8939418135846,0.0,43.66149902,0.001533936,-0.095201254,1.920201254,11029.32492,555.242676,1077.727417,0.003323,0.003302
756,4,0,0,266.1911,81.0,15.0,0.005416702,66.2432115736644,0.0,83.35876465,0.0,-0.110251665,1.935251665,11041.85881,521.736877,818.18042,0.00357,0.003377
757,4,0,0,266.5103,81.0,15.0,0.005422917,65.5360919752588,0.0,137.5579834,0.001533936,-0.149157763,1.974157763,11056.07354,519.884277,797.829102,0.003494,0.003472
758,4,0,0,266.8303,82.0,15.0,0.005440868,64.8990613869292,0.0,262.6556396,-0.003259613,-0.184898615,2.009898615,11068.41617,509.977112,807.602905,0.003751,0.003644
759,4,0,0,266.9372,83.0,15.0,0.005472025,64.2062561436206,0.0,95.22399902,0.0,-0.236808538,2.061808538,11082.41403,508.668915,810.423706,0.003763,0.003632
760,4,0,0,267.58,83.0,15.0,0.005502453,63.5824095743456,0.0,206.9915771,0.0,-0.29421401,2.11921401,11094.56839,494.90329,796.267517,0.003421,0.003299
761,4,0,0,267.4727,84.0,15.0,0.005542145,62.903356463205,0.0,264.4134521,0.00690271,-0.355952978,2.180952978,11108.35271,517.09729,809.807495,0.003656,0.003666
762,4,0,0,267.2582,85.0,15.3,0.005589292,62.292289743337,0.0,264.2669678,0.003834839,-0.397902727,2.222902727,11120.32139,513.399414,806.659729,0.003769,0.003695
763,4,0,0,266.6169,84.0,15.3,0.005665538,61.626204838757,0.0,264.2669678,0.038348389,-0.408195734,2.233195734,11133.89337,524.565918,806.075684,0.003705,0.003641
764,4,0,0,264.5013,83.0,15.3,0.005753082,61.0255365152442,0.0,264.2669678,0.045251099,-0.27143693,2.09643693,11145.67644,500.605011,805.477295,0.003948,0.003876
765,4,0,0,262.6257,83.0,15.3,0.005870432,60.3723709898492,0.0,264.2669678,0.009203613,0.077905416,1.747094584,11159.03928,,,,
766,4,0,0,262.0064,83.0,15.3,0.005870432,60.3723709898492,0.0,264.2669678,0.009203613,0.077905416,1.747094584,11159.03928,,,,
767,4,0,0,262.1095,84.0,15.3,0.005870432,60.3723709898492,0.0,264.2669678,0.009203613,0.077905416,1.747094584,11159.03928,,,,
