Time,Drive,Stimulus,Failure,Palm.EDA,Heart.Rate,Breathing.Rate,Perinasal.Perspiration,Speed,Acceleration,Brake,Steering,LaneOffset,Lane.Position,Distance,Gaze.X.Pos,Gaze.Y.Pos,Lft.Pupil.Diameter,Rt.Pupil.Diameter
1,4,0,0,,66.0,22.1,0.011529704,0.79682062600542,0.0,263.3880615,0.074395874,-0.101619959,1.926619959,0.0,739.584717,547.736328,0.0038,0.004158
2,4,0,0,,68.0,22.1,0.011719577,0.79681944314052,0.0,225.5950928,0.078230713,-0.101082087,1.926082087,0.142242519,0.0,0.0,0.0,0.0
3,4,0,0,,67.0,22.3,0.01195774,0.79686978168638,0.0,188.3880615,0.080531616,-0.100517988,1.925517988,0.29871661,0.0,0.0,0.0,0.0
4,4,0,0,,67.0,22.3,0.01220688,0.79690510830872,0.0,182.6751709,-0.119838715,-0.09974885,1.92474885,0.469418141,744.755615,560.018494,0.004035,0.0
5,4,0,0,,66.0,22.5,0.012243006,0.79690616403576,0.0,147.0794678,0.059823486,-0.099063158,1.924063158,0.618781882,776.732483,540.935913,0.004177,0.0
6,4,0,0,,66.0,22.5,0.011939875,0.79691562373628,0.0,118.661499,0.02761084,-0.098507166,1.923507166,0.789468166,707.254272,582.397888,0.004278,0.0
7,4,0,0,,66.0,22.9,0.011472858,0.79689353554478,0.0,106.5032959,0.099705811,-0.097566366,1.922566366,0.938829107,871.530823,710.252502,0.004195,0.004609
8,4,0,0,,65.0,22.9,0.010917944,0.79688134479428,0.0,39.7064209,0.134986328,-0.096172571,1.921172571,1.109530053,705.288086,583.571289,0.004262,0.0
9,4,0,0,,65.0,23.3,0.01050391,0.79690198457978,0.0,19.93103027,-0.004793549,-0.094774961,1.919774961,1.258892017,956.928101,558.679688,0.004287,0.004557
10,4,0,0,,65.0,23.3,0.010135483,2.94392843152844,8.841247559,0.0,0.0690271,-0.094452143,1.919452143,1.429589947,597.599792,631.535706,0.004209,0.004601
11,4,0,0,,65.0,23.4,0.009895222,2.32118234664818,0.0,0.0,0.0690271,-0.089345694,1.914345694,1.578947638,1093.10022,568.335205,0.004212,0.004614
12,4,0,0,,65.0,23.4,0.009679426,5.40344215953628,6.773071289,0.0,0.099705811,-0.081442595,1.906442595,1.756758113,689.928894,640.274109,0.004222,0.004511
13,4,0,0,,65.0,23.4,0.009510051,7.82605528079458,0.0,8.651733398,0.067493164,-0.059709787,1.884709787,1.949250263,913.477783,610.177795,0.004225,0.004464
14,4,0,0,,65.0,23.4,0.009325798,7.3851216417083,0.0,46.1517334,-0.030103485,-0.039068937,1.864068937,2.705802276,1115.692261,651.169128,0.004356,0.004596
15,4,0,0,,68.0,23.8,0.009181248,7.00626535446718,0.0,129.9407959,0.052920776,-0.018188238,1.843188238,3.12078861,538.945007,559.052917,0.004444,0.004686
16,4,0,0,,65.0,23.8,0.009045466,6.62215411829218,0.0,149.4232178,0.055988647,0.000649,1.824351263,4.207069022,520.941101,563.737183,0.004307,0.004727
17,4,0,0,,65.0,24.4,0.00894904,6.34563896423766,0.0,192.3431396,0.00690271,0.019302607,1.805697393,5.644660257,801.565308,493.617004,0.004407,0.004973
18,4,0,0,,65.0,24.4,0.008852142,5.88928422210836,0.0,262.2161865,0.051386841,0.042883635,1.782116365,7.410782796,0.0,0.0,0.004275,0.005085
19,4,0,0,,65.0,24.7,0.008770736,3.88923984825872,0.0,262.9486084,0.017640259,0.061617136,1.763382864,8.832929213,1117.301758,289.358612,0.004293,0.00471
20,4,0,0,,65.0,24.7,0.008680508,1.51593641375172,0.0,263.5345459,0.032212646,0.071447611,1.753552389,10.38960192,473.007904,680.950195,0.004442,0.005015
21,4,0,0,,66.0,24.9,0.008611804,0.82199365513498,0.0,49.81384277,-0.008628387,0.075168848,1.749831152,11.69679546,696.535706,588.794312,0.004403,0.0
22,4,0,0,,64.0,24.9,0.008558212,1.33544857065022,7.124633789,0.0,-0.016298065,0.078303099,1.746696901,13.13567899,861.229492,470.060608,0.004557,0.005078
23,4,0,0,,63.0,25.1,0.008536357,8.40219329890296,11.78833008,0.0,-0.072286713,0.08998704,1.73501296,14.35363727,0.0,0.0,0.004527,0.005315
24,4,0,0,,64.0,25.1,0.008527982,12.5073783811342,0.0,40.58532715,0.0,0.113161802,1.711838198,15.56797893,0.0,0.0,0.004277,0.004638
25,4,0,0,,65.0,25.3,0.008519004,12.1295867656448,0.0,263.0950928,-0.053879486,0.12095046,1.70404954,16.57535901,0.0,0.0,0.004303,0.00456
26,4,0,0,,66.0,25.3,0.008506904,11.7627890361068,0.0,142.9779053,-0.076121552,0.116612196,1.708387804,17.17139281,0.0,0.0,0.0,0.0
27,4,0,0,,66.0,25.5,0.008490254,1.18559302741856,0.0,112.2161865,-0.110635101,0.09623313,1.72876687,17.47050724,0.0,0.0,0.0,0.0
28,4,0,0,,67.0,25.5,0.00847413,0.38241076890684,0.0,264.5599365,-0.097596649,0.095739126,1.729260874,17.63736059,0.0,0.0,0.0,0.0
29,4,0,0,,67.0,25.3,0.008452279,0.77843385213182,0.0,32.23571777,-0.039307098,0.093673468,1.731326532,17.82218309,0.0,0.0,0.0,0.0
30,4,0,0,,67.0,25.3,0.008430596,3.46373616841348,11.21429443,0.0,0.063658325,0.091585875,1.733414125,18.51816748,0.0,0.0,0.0,0.0
31,4,0,0,,67.0,25.5,0.008404186,13.3499633806352,15.39459229,0.0,0.144189941,0.089048147,1.735951853,20.65412328,1196.42981,199.556198,0.004289,0.004615
32,4,0,0,,68.0,25.5,0.008377457,20.0687332167712,16.00982666,0.0,0.046785034,0.110074759,1.714925241,23.08253457,0.0,0.0,0.003983,0.004367
33,4,0,0,,68.0,25.6,0.008341451,26.6993963710866,14.91119385,0.0,-0.017832001,0.172806025,1.652193975,25.8065683,1133.51416,249.415894,0.004188,0.004549
34,4,0,0,,69.0,25.6,0.008306602,29.2030565709012,9.280700684,0.0,-0.112169037,0.176513433,1.648486567,28.1342213,0.0,0.0,0.004201,0.004588
35,4,0,0,,68.0,25.5,0.008265655,31.1957365469746,9.236755371,0.0,-0.1558862,0.037075281,1.787924719,30.69050641,1119.653076,299.136688,0.004199,0.004655
36,4,0,0,,68.0,25.5,0.008235404,33.4850866682396,12.79907227,0.0,0.12041394,-0.246480703,2.071480703,31.39947998,0.0,0.0,0.004243,0.004549
37,4,0,0,,68.0,25.0,0.008211422,35.9856681845408,12.2277832,0.0,0.111210327,-0.428489447,2.253489447,31.43470206,0.0,0.0,0.004223,0.004617
38,4,0,0,,68.0,25.0,0.008193543,37.9448160972148,11.34613037,0.0,0.087434326,-0.400092363,2.225092363,31.57872436,0.0,0.0,0.004214,0.004539
39,4,0,0,,67.0,24.9,0.008171887,39.9864011639168,11.21429443,0.0,-0.054646454,-0.246084929,2.071084929,31.75647631,0.0,0.0,0.004243,0.004704
40,4,0,0,,68.0,24.9,0.008154838,41.3100770535842,8.709411621,0.0,-0.024734711,-0.168380976,1.993380976,32.36029017,0.0,0.0,0.004287,0.004582
41,4,0,0,,67.0,24.8,0.008140804,43.1146537172558,12.31567383,0.0,0.051386841,-0.128276587,1.953276587,34.7126434,0.0,0.0,0.004072,0.004497
42,4,0,0,,68.0,24.8,0.008130576,44.6062752277154,6.992797852,0.0,-0.015531097,-0.021334887,1.846334887,37.77381297,0.0,0.0,0.004332,0.004901
43,4,0,0,,68.0,24.8,0.008109011,45.4665894778742,8.885192871,0.0,-0.001725677,0.050444365,1.774555635,42.76574559,0.0,0.0,0.004221,0.004643
44,4,0,0,,68.0,24.8,0.008076832,46.8883900943018,11.21429443,0.0,-0.017832001,0.052478075,1.772521925,47.88138171,0.0,0.0,0.004213,0.004595
45,4,0,0,,68.0,24.7,0.008033384,48.4380439384528,11.21429443,0.0,-0.046976776,-0.016193628,1.841193628,54.23541906,1158.279541,153.182907,0.004332,0.004773
46,4,0,0,,68.0,24.7,0.008001845,49.9921881147916,12.53540039,0.0,0.009203613,-0.177556753,2.002556753,60.10800147,1178.205444,242.826401,0.004334,0.004778
47,4,0,0,,67.0,24.6,0.007988195,51.2206909842862,9.851989746,0.0,0.0690271,-0.322163343,2.147163343,66.23549166,0.0,0.0,0.0,0.0
48,4,0,0,,67.0,24.6,0.007998491,52.31293567088,8.753356934,0.0,0.001533936,-0.25748229,2.08248229,73.641325,0.0,0.0,0.004014,0.004289
49,4,0,0,,67.0,24.9,0.008019846,53.1659449175646,9.588317871,0.0,-0.010162323,-0.146018744,1.971018744,80.47785439,491.294495,761.662903,0.004154,0.004811
50,4,0,0,,67.0,24.9,0.008041727,54.2312092121792,9.676208496,0.0,-0.007094452,-0.074215174,1.899215174,88.65948319,814.007202,359.872192,0.00406,0.004604
51,4,0,0,,67.0,25.1,0.008054628,55.1522422029178,8.574829102,0.0,-0.001725677,-0.066758394,1.891758394,96.11164693,1456.10083,35.445,0.004104,0.004622
52,4,0,0,,70.0,25.1,0.008071405,55.8743294197132,9.895935059,0.0,0.039882324,-0.070163965,1.895163965,104.9522408,0.0,0.0,0.004188,0.004894
53,4,0,0,,72.0,25.3,0.008097194,57.0900116752186,11.65649414,0.0,-0.023200775,-0.016628027,1.841628027,112.91714,0.0,0.0,0.004152,0.004499
54,4,0,0,,70.0,25.3,0.008140802,58.2500464618852,8.841247559,0.0,0.013038452,-0.00696063,1.83196063,122.643614,0.0,0.0,0.004202,0.004776
55,4,0,0,,68.0,25.4,0.008188075,58.7553309899654,8.311157227,0.0,0.013038452,-0.013370752,1.838370752,130.6821497,0.0,0.0,0.004272,0.00487
56,4,0,0,,67.0,25.4,0.008254792,59.879333378235,12.5793457,0.0,0.012271484,0.022096395,1.802903605,140.9892963,0.0,0.0,0.004132,0.004497
57,4,0,0,,66.0,25.9,0.008328659,61.0870894089328,12.79907227,0.0,-0.010162323,0.095430136,1.729569864,149.3596098,0.0,0.0,0.004093,0.00444
58,4,0,0,,66.0,25.9,0.008426747,62.5425966860564,13.94165039,0.0,-0.025501678,0.141094923,1.683905077,160.0219394,0.0,0.0,0.00419,0.004526
59,4,0,0,,66.0,26.6,0.008515861,63.7667572826432,11.47796631,0.0,-0.000959,0.090786695,1.734213305,169.2050621,0.0,0.0,0.004079,0.004415
60,4,0,0,,66.0,26.6,0.008612409,64.793411225395,11.96411133,0.0,-0.003259613,-0.002324343,1.827324343,179.9453522,0.0,0.0,0.004232,0.004778
61,4,0,0,,66.0,27.2,0.008687799,65.7366027196982,11.434021,0.0,0.005368774,-0.075185061,1.900185061,189.5737231,0.0,0.0,0.0,0.0
62,4,0,0,,67.0,27.2,0.008762387,66.6250161589108,9.500427246,0.0,0.021475098,-0.09781003,1.92281003,200.8263329,0.0,0.0,0.003963,0.004307
63,4,0,0,,66.0,27.8,0.008815561,67.2379968507474,11.21429443,0.0,-0.020132904,-0.00447917,1.82947917,210.8494627,0.0,0.0,0.004145,0.004551
64,4,0,0,,66.0,27.8,0.008856878,68.2644368156528,13.50219727,0.0,-0.000959,0.049754381,1.775245619,222.4690507,0.0,0.0,0.004154,0.004649
65,4,0,0,,66.0,28.3,0.008868437,69.31652285265,12.2277832,0.0,-0.001725677,0.046581507,1.778418493,232.7689205,0.0,0.0,0.00417,0.004699
66,4,0,0,,66.0,28.3,0.008847476,70.147506929589,11.25823975,0.0,0.0,0.045795202,1.779204798,244.708338,0.0,0.0,0.004204,0.004557
67,4,0,0,,66.0,28.8,0.008803708,70.943239138031,12.35961914,0.0,-0.010929291,0.057792902,1.767207098,255.3048114,797.968872,370.756805,0.003894,0.004102
68,4,0,0,,66.0,28.8,0.008736036,71.9377787010828,14.51568604,0.0,-0.000959,0.04197669,1.78302331,267.5668058,0.0,0.0,0.00411,0.004666
69,4,0,0,,68.0,29.2,0.00867143,73.214080722758,15.39459229,0.0,-0.003259613,0.003131628,1.821868372,278.911872,747.203796,613.704407,0.004137,0.004488
70,4,0,0,,66.0,29.2,0.008612082,74.2935151595122,15.74615479,0.0,0.009203613,-0.041280985,1.866280985,289.8876976,0.0,0.0,0.003958,0.004145
71,4,0,0,,66.0,29.3,0.008558031,75.450380157928,13.9855957,0.0,-0.003259613,-0.049081564,1.874081564,302.6401799,0.0,0.0,0.004192,0.00433
72,4,0,0,,66.0,29.3,0.008522782,76.2529023005772,13.32641602,0.0,-0.003259613,-0.020602465,1.845602465,313.9553508,0.0,0.0,0.004139,0.004408
73,4,0,0,,66.0,29.4,0.00849071,77.1506307928306,14.55963135,0.0,-0.003259613,-0.011113405,1.836113405,326.986257,0.0,0.0,0.004168,0.004574
74,4,0,0,,65.0,29.4,0.008463462,78.0718150615292,15.04302979,0.0,-0.001725677,-0.009266615,1.834266615,338.5021875,0.0,0.0,0.004211,0.00456
75,4,0,0,,65.0,29.4,0.008430002,78.7274453072276,11.92016602,0.0,-0.004793549,0.014275312,1.810724688,351.8679082,0.0,0.0,0.004061,0.004366
76,4,0,0,,65.0,29.4,0.008400766,79.434688535132,15.4385376,0.0,-0.004793549,0.011841059,1.813158941,363.7480882,1162.137939,255.928696,0.004004,0.004329
77,4,0,0,,65.0,29.5,0.008368609,80.4935009052196,15.92193604,0.0,0.00690271,-0.012341261,1.837341261,377.5537351,1184.174194,236.011307,0.004005,0.004427
78,4,0,0,,65.0,29.5,0.008336103,81.400140152119,15.65826416,0.0,0.0,-0.016274691,1.841274691,389.8363973,0.0,0.0,0.00409,0.004394
79,4,0,0,,65.0,29.2,0.008280946,82.374957382218,12.97485352,0.0,-0.005560516,-0.009966135,1.834966135,404.6563634,807.020325,358.890594,0.004034,0.004207
80,4,0,0,,65.0,29.2,0.008211574,82.7550574028166,9.764099121,0.0,0.001533936,0.004003763,1.820996237,416.6501656,0.0,0.0,0.0,0.0
81,4,0,0,,65.0,29.0,0.00812232,82.7375396886364,0.0,5.722045898,0.013038452,0.033600569,1.791399431,431.8159277,0.0,0.0,0.004176,0.004618
82,4,0,0,,65.0,29.0,0.008056212,81.9361380972424,0.0,73.54431152,-0.020132904,0.123258829,1.701741171,444.0747572,0.0,0.0,0.004247,0.004844
83,4,0,0,,65.0,28.8,0.008012055,81.0616939867242,0.0,220.3216553,-0.003259613,0.165699244,1.659300756,459.5263075,0.0,0.0,0.00409,0.004581
84,4,0,0,,67.0,28.8,0.008005133,80.2986218047092,0.0,163.3392334,0.005368774,0.121780634,1.703219366,471.9812962,0.0,0.0,0.004187,0.004485
85,4,0,0,,67.0,28.6,0.008018955,79.446117987345,0.0,172.567749,0.003067871,0.059441328,1.765558672,487.7147674,810.597717,357.504089,0.004043,0.004341
86,4,0,0,,65.0,28.6,0.008026084,78.7399898389398,0.0,235.9954834,0.012271484,0.027027369,1.797972631,501.0986256,0.0,0.0,0.004037,0.004779
87,4,0,0,,64.0,28.2,0.008013054,77.9250235230208,0.0,217.8314209,0.001533936,0.049696207,1.775303793,516.5566328,0.0,0.0,0.004269,0.004852
88,4,0,0,,64.0,28.2,0.007988285,77.2341320746534,0.0,208.4564209,-0.023200775,0.090064764,1.734935236,530.1953637,801.301086,371.376709,0.003872,0.004213
89,4,0,0,,64.0,27.8,0.007954198,76.4557496296692,0.0,169.052124,0.012271484,0.098419428,1.726580572,545.9176628,881.333496,532.012329,0.004032,0.004515
90,4,0,0,,64.0,27.8,0.007922199,75.779512638221,0.0,173.0072021,-0.010162323,0.088392496,1.736607504,559.8128003,0.0,0.0,0.004151,0.004553
91,4,0,0,,67.0,27.7,0.007884679,75.0359881757688,0.0,158.7982178,0.012271484,0.040133715,1.784866285,575.8665287,0.0,0.0,0.004107,0.004776
92,4,0,0,,64.0,27.7,0.007854645,74.3919403661438,0.0,150.7415771,0.005368774,0.016849279,1.808150721,590.1087817,0.0,0.0,0.004119,0.004743
93,4,0,0,,65.0,27.6,0.007829914,73.7547225311052,0.0,143.8568115,-0.02166684,0.019192457,1.805807543,604.5117442,378.414215,832.522888,0.004191,0.005073
94,4,0,0,,66.0,27.6,0.007807754,73.0682937664644,0.0,155.1361084,0.012271484,0.006959677,1.818040323,621.1629316,0.0,0.0,0.004203,0.004602
95,4,0,0,,66.0,27.3,0.007794311,72.4611486219348,0.0,149.8626709,-0.004793549,0.009557486,1.815442514,635.8757843,0.0,0.0,0.004013,0.004367
96,4,0,0,,67.0,27.3,0.007783551,71.7717145435912,0.0,137.2650146,0.003834839,0.011103868,1.813896132,653.5409491,0.0,0.0,0.004134,0.00466
97,4,0,0,,67.0,26.9,0.007771115,71.1762382727864,0.0,127.5970459,0.003834839,0.012481928,1.812518072,667.7877976,0.0,0.0,0.004189,0.004799
98,4,0,0,,69.0,26.9,0.007745523,70.5340187216816,0.0,120.2728271,-0.007094452,0.031095743,1.793904257,685.7616691,822.985901,359.555695,0.004148,0.004284
99,4,0,0,,65.0,26.7,0.007712281,69.9657113609436,0.0,120.1263428,0.003834839,0.057313681,1.767686319,700.2651072,0.0,0.0,0.0,0.0
100,4,0,0,,64.0,26.7,0.007664884,69.3354411593388,0.0,61.67907715,0.003834839,0.087260008,1.737739992,718.491489,0.0,0.0,0.004221,0.004636
101,4,0,0,,64.0,26.4,0.00761775,68.7948123705522,0.0,30.3314209,-0.020132904,0.118944883,1.706055117,733.9102052,0.0,0.0,0.00404,0.004476
102,4,0,0,,64.0,26.4,0.007563205,68.175173935696,0.0,12.7532959,-0.003259613,0.112978697,1.712021303,751.6921959,0.0,0.0,0.004069,0.004327
103,4,0,0,,66.0,25.9,0.007519871,67.6603462467234,0.0,9.530639648,0.003834839,0.083557367,1.741442633,767.3960375,514.157104,764.944092,0.004257,0.004457
104,4,0,0,,66.0,25.9,0.007475584,67.1501985023774,6.377563477,0.0,0.0,0.059310198,1.765689802,785.5051224,0.0,0.0,0.003992,0.004443
105,4,0,0,,65.0,25.4,0.007440616,67.0014834646076,5.627746582,0.0,-0.005560516,0.039048433,1.785951567,801.487462,473.995087,824.783691,0.004133,0.004734
106,4,0,0,,66.0,25.4,0.007408035,67.4129633460368,7.300415039,0.0,-0.027035614,0.000897,1.824102831,819.8438395,796.745117,362.255615,0.004106,0.004424
107,4,0,0,,65.0,25.3,0.00738818,66.9887304428984,0.0,0.0,0.005368774,-0.060164213,1.885164213,835.9518938,1278.389038,182.038406,0.00404,0.004486
108,4,0,0,,62.0,25.3,0.007376183,66.9707689210264,7.608032227,0.0,0.010737549,-0.124031305,1.949031305,854.3292381,556.056091,737.476013,0.004066,0.004678
109,4,0,0,,65.0,25.1,0.007374241,67.269965086282,6.421508789,0.0,0.003067871,-0.151814699,1.976814699,870.2860988,1242.269775,196.760193,0.004145,0.004632
110,4,0,0,,66.0,25.1,0.007372234,67.3039282274938,3.562316895,0.0,0.013038452,-0.174106836,1.999106836,888.3799015,0.0,0.0,0.004182,0.004562
111,4,0,0,,65.0,24.7,0.007359252,66.9266708646042,0.0,0.0,0.0,-0.176090002,2.001090002,904.8333594,0.0,0.0,0.004235,0.004502
112,4,0,0,,65.0,24.7,0.007327921,66.7396038384152,2.991027832,0.0,-0.003259613,-0.15659833,1.98159833,921.9004468,0.0,0.0,0.004031,0.004533
113,4,0,0,,64.0,24.4,0.007291059,66.5281530420568,3.869934082,0.0,-0.000959,-0.138808012,1.963808012,938.0982613,0.0,0.0,0.004035,0.004419
114,4,0,0,,63.0,24.4,0.007243725,66.6057268510718,8.530883789,0.0,0.003067871,-0.128595591,1.953595591,955.6280454,0.0,0.0,0.004086,0.004468
115,4,0,0,,68.0,24.3,0.007200833,67.0564998629522,11.25823975,0.0,0.009203613,-0.127020121,1.952020121,970.8473666,797.137329,386.470398,0.00411,0.004393
116,4,0,0,,67.0,24.3,0.007162082,67.6330425544316,11.39007568,0.0,0.003067871,-0.117591143,1.942591143,985.9563199,0.0,0.0,0.003983,0.004425
117,4,0,0,,66.0,24.0,0.007129007,68.2628181414808,11.61254883,0.0,-0.004793549,-0.0989182,1.9239182,1003.089717,0.0,0.0,0.00426,0.004702
118,4,0,0,,64.0,24.0,0.00711001,68.913273908464,12.79907227,0.0,0.019941162,-0.090363741,1.915363741,1017.965213,0.0,0.0,0.004272,0.004808
119,4,0,0,,63.0,23.7,0.007101018,68.6824886622796,0.0,8.651733398,-0.004793549,-0.067720652,1.892720652,1034.83413,0.0,0.0,0.00416,0.0049
120,4,0,0,,63.0,23.7,0.00710629,68.2149711275286,0.0,3.817749023,-0.004793549,-0.044673204,1.869673204,1049.480171,0.0,0.0,0.00425,0.004835
121,4,0,0,,63.0,23.4,0.007118587,67.7848098020718,8.973083496,0.0,-0.020132904,-0.037535906,1.862535906,1066.778266,0.0,0.0,0.004179,0.004623
122,4,0,0,,64.0,23.4,0.007119723,68.3060989589576,11.83227539,0.0,0.008436646,-0.074284792,1.899284792,1080.509912,0.0,0.0,0.004267,0.004688
123,4,0,0,,65.0,23.5,0.00710152,68.8526377753064,9.324645996,0.0,-0.003259613,-0.136487722,1.961487722,1097.542036,397.614807,856.934814,0.00431,0.004594
124,4,0,0,,63.0,23.5,0.007076082,69.1848899772828,8.618774414,0.0,-0.039307098,-0.187236547,2.012236547,1111.062656,0.0,0.0,0.004208,0.004658
125,4,0,0,,63.0,23.2,0.007050056,69.5105595119506,9.544372559,0.0,-0.02166684,-0.326374292,2.151374292,1127.833273,1329.016357,93.6987,0.004183,0.004671
126,4,0,0,,63.0,23.2,0.007037952,69.9521344537148,11.56585693,0.0,0.047552002,-0.511059999,2.336059999,1141.809707,0.0,0.0,0.004376,0.004952
127,4,0,0,,65.0,23.0,0.007034032,70.499100565927,11.21429443,0.0,0.128850586,-0.651084661,2.476084661,1157.659902,0.0,0.0,0.004308,0.004901
128,4,0,0,,65.0,23.0,0.007025925,70.9686867785008,9.632263184,0.0,0.023009033,-0.452910185,2.277910185,1171.422182,784.390808,526.305786,0.004281,0.004907
129,4,0,0,,64.0,22.8,0.007004063,71.487200322782,11.25823975,0.0,-0.043141937,-0.008426428,1.833426428,1187.029652,0.0,0.0,0.004414,0.004918
130,4,0,0,,66.0,22.8,0.006987864,71.9517649761274,11.21429443,0.0,-0.068451874,0.343081236,1.481918764,1200.581285,0.0,0.0,0.004314,0.004785
131,4,0,0,,65.0,22.9,0.00699018,72.4385428184106,8.047485352,0.0,-0.052345551,0.547160864,1.277839136,1215.94997,685.94873,604.491089,0.004296,0.004945
132,4,0,0,,68.0,22.9,0.007009304,72.6407752991556,11.21429443,0.0,-0.030870453,0.548078299,1.276921701,1229.29433,0.0,0.0,0.004409,0.005023
133,4,0,0,,65.0,23.0,0.007040096,73.1105917600032,9.500427246,0.0,0.008436646,0.437369585,1.387630415,1244.427972,511.600189,742.526489,0.004278,0.004856
134,4,0,0,,68.0,23.0,0.007067471,73.4079687916964,9.500427246,0.0,0.012271484,0.325300455,1.499699545,1257.568352,0.0,0.0,0.004138,0.004462
135,4,0,0,,67.0,23.1,0.00709501,73.8630322396432,11.83227539,0.0,0.001533936,0.232351065,1.592648935,1272.500431,1450.891724,59.101601,0.004285,0.004719
136,4,0,0,,67.0,23.1,0.007114548,74.3500286624852,12.35961914,0.0,0.009203613,0.160348654,1.664651346,1286.161148,0.0,0.0,0.004314,0.004779
137,4,0,0,,67.0,23.5,0.007128216,74.8745225946734,12.40356445,0.0,0.026843872,0.077445269,1.747554731,1298.628493,0.0,0.0,0.004041,0.004404
138,4,0,0,,67.0,23.5,0.007134957,75.435810722441,12.09594727,0.0,0.017640259,0.032977343,1.792022657,1314.154431,1232.309448,181.692398,0.004207,0.004462
139,4,0,0,,67.0,23.9,0.007132066,75.899694608873,12.79907227,0.0,-0.008628387,0.029886961,1.795113039,1326.547082,0.0,0.0,0.004266,0.00485
140,4,0,0,,67.0,23.9,0.007121086,76.5111964459968,12.9309082,0.0,0.003834839,0.037485838,1.787514162,1342.099015,0.0,0.0,0.004307,0.004536
141,4,0,0,,66.0,24.2,0.007108682,77.0364903167254,11.39007568,0.0,0.003834839,0.05696702,1.76803298,1354.564658,537.713989,731.438599,0.004323,0.004604
142,4,0,0,,66.0,24.2,0.007093139,77.4811779151704,11.25823975,0.0,-0.000959,0.092182875,1.732817125,1370.088051,0.0,0.0,0.004253,0.004892
143,4,0,0,,65.0,24.4,0.007078094,77.854379660793,11.52191162,0.0,-0.001725677,0.129318953,1.695681047,1383.070502,0.0,0.0,0.004261,0.004872
144,4,0,0,,65.0,24.4,0.007063507,78.334341980363,11.96411133,0.0,0.001533936,0.164463282,1.660536718,1397.864036,855.937378,479.536896,0.00427,0.004738
145,4,0,0,,64.0,25.0,0.007060093,78.7245858801958,11.65649414,0.0,0.001533936,0.193831682,1.631168318,1410.806012,0.0,0.0,0.00429,0.00486
146,4,0,0,,64.0,25.0,0.007071808,79.1597492274934,11.70043945,0.0,-0.015531097,0.241717577,1.583282423,1425.690382,787.119385,372.622406,0.004088,0.004209
147,4,0,0,,64.0,25.5,0.007098636,79.5415977799086,11.70043945,0.0,-0.008628387,0.263472319,1.561527681,1438.820291,0.0,0.0,0.004082,0.00444
148,4,0,0,,64.0,25.5,0.00715242,79.931677671902,8.047485352,0.0,0.012271484,0.241287947,1.583712053,1453.343995,583.804382,719.128601,0.004179,0.004702
149,4,0,0,,66.0,25.9,0.007219068,79.446195557533,0.0,2.059936523,-0.012463226,0.223941088,1.601058912,1466.706961,773.27887,538.96991,0.004133,0.004715
150,4,0,0,,66.0,25.9,0.007309569,78.7989323831484,0.0,11.43493652,-0.005560516,0.209383249,1.615616751,1481.974611,0.0,0.0,0.00421,0.004676
151,4,0,0,,65.0,26.0,0.007392414,78.2155852734018,0.0,0.0,0.00690271,0.175883055,1.649116945,1495.863503,1276.182495,120.031601,0.004332,0.004672
152,4,0,0,,66.0,26.0,0.007477938,78.03158014531,5.850219727,0.0,0.005368774,0.156923532,1.668076468,1510.313681,0.0,0.0,0.004413,0.004875
153,4,0,0,,66.0,25.8,0.007530719,77.9869278482852,6.157836914,0.0,-0.023200775,0.154710531,1.670289469,1524.232292,1186.168457,181.492493,0.004287,0.004721
154,4,0,0,,67.0,25.8,0.007556719,77.6091165344742,0.0,0.0,-0.030870453,0.110445261,1.714554739,1538.895815,1179.31897,253.396698,0.004332,0.004853
155,4,0,0,,66.0,25.4,0.007555192,77.0543025079388,0.0,0.0,0.003834839,0.015147924,1.809852076,1552.998382,1057.717041,263.735199,0.004108,0.004613
156,4,0,0,,66.0,25.4,0.007544985,76.4644900517696,5.451965332,0.0,0.00690271,-0.110189199,1.935189199,1568.464264,707.935303,611.827515,0.0,0.004609
157,4,0,0,,65.0,24.9,0.007541867,76.0536515727974,0.0,0.0,0.010737549,-0.198279142,2.023279142,1582.099198,1149.61145,239.573593,0.004143,0.004485
158,4,0,0,,65.0,24.9,0.007546292,75.4365184457994,0.0,16.56188965,0.014572388,-0.274838686,2.099838686,1597.796461,0.0,0.0,0.004005,0.00439
159,4,0,0,,65.0,24.5,0.007551556,74.8999783623102,0.0,16.70837402,0.00690271,-0.314463377,2.139463377,1611.621144,734.206116,566.314026,0.004315,0.0
160,4,0,0,,65.0,24.5,0.00755086,74.3488102472646,0.0,13.63220215,0.0,-0.328068495,2.153068495,1625.538193,0.0,0.0,0.004265,0.004745
161,4,0,0,,64.0,24.2,0.007537175,73.7476243921946,0.0,0.0,-0.020132904,-0.350184202,2.175184202,1642.228672,547.026672,761.92627,0.004256,0.004952
162,4,0,0,,64.0,24.2,0.007515152,73.3576687412492,5.188293457,0.0,0.023009033,-0.427592516,2.252592516,1655.647512,0.0,0.0,0.00431,0.004834
163,4,0,0,,70.0,23.9,0.007479485,73.2091761947344,4.397277832,0.0,0.017640259,-0.498593092,2.323593092,1672.495461,0.0,0.0,0.0,0.004688
164,4,0,0,,71.0,23.9,0.007436014,73.095054901962,3.562316895,0.0,0.018407227,-0.488028765,2.313028765,1686.048737,0.0,0.0,0.004202,0.004607
165,4,0,0,,68.0,23.6,0.007374171,72.5368394387762,0.703125,0.0,0.009203613,-0.405436277,2.230436277,1703.068453,0.0,0.0,0.0,0.004905
166,4,0,0,,69.0,23.6,0.007320372,72.1015681530448,2.548828125,0.0,-0.010929291,-0.294506311,2.119506311,1716.771279,0.0,0.0,0.0,0.004854
167,4,0,0,,68.0,23.3,0.007272326,71.962002535043,5.58380127,0.0,-0.019365936,-0.191780806,2.016780806,1734.027868,0.0,0.0,0.004304,0.004685
168,4,0,0,,65.0,23.3,0.007245167,71.9631790591434,5.58380127,0.0,-0.008628387,-0.140867472,1.965867472,1748.63202,472.134705,777.174194,0.00429,0.004824
169,4,0,0,,65.0,23.1,0.007227155,71.9288167050512,5.144348145,0.0,-0.005560516,-0.114526987,1.939526987,1765.437778,790.676086,368.985809,0.004033,0.004208
170,4,0,0,,65.0,23.1,0.007218633,71.9290218959012,5.627746582,0.0,-0.010929291,-0.106954813,1.931954813,1780.247082,824.371216,355.054596,0.004091,0.004878
171,4,0,0,,65.0,23.2,0.007220586,72.0917697830152,8.355102539,0.0,-0.008628387,-0.122854471,1.947854471,1797.297508,0.0,0.0,0.004242,0.004568
172,4,0,0,,65.0,23.2,0.007238927,72.334808238185,8.442993164,0.0,-0.000959,-0.15727973,1.98227973,1812.311354,477.991486,896.051819,0.004282,0.004941
173,4,0,0,,65.0,23.3,0.007276533,72.5793199636578,8.530883789,0.0,-0.004793549,-0.203442812,2.028442812,1829.560725,0.0,0.0,0.004238,0.004907
174,4,0,0,,65.0,23.3,0.007311842,72.872648378713,11.21429443,0.0,0.001533936,-0.25026679,2.07526679,1844.736487,0.0,0.0,0.004159,0.004632
175,4,0,0,,65.0,23.6,0.007341322,73.2356387332884,8.709411621,0.0,-0.000959,-0.301787615,2.126787615,1862.180564,716.628113,576.803894,0.004074,0.0
176,4,0,0,,65.0,23.6,0.007352292,73.3742428511072,5.627746582,0.0,0.005368774,-0.346028566,2.171028566,1877.52529,520.751709,737.971802,0.004008,0.004652
177,4,0,0,,65.0,24.0,0.007348516,73.3602064129348,5.671691895,0.0,0.0,-0.388480902,2.213480902,1895.15452,380.297791,841.644409,0.004116,0.004628
178,4,0,0,,66.0,24.0,0.007338802,73.0915630043102,2.197265625,0.0,0.023776001,-0.427834749,2.252834749,1911.397182,0.0,0.0,0.004015,0.004463
179,4,0,0,,66.0,24.3,0.007331927,72.9972270501516,6.597290039,0.0,0.02761084,-0.429857492,2.254857492,1928.3732,0.0,0.0,0.004011,0.0
180,4,0,0,,66.0,24.3,0.007333975,73.066982138271,6.333618164,0.0,0.009203613,-0.357884169,2.182884169,1944.486235,1032.277832,355.373413,0.003978,0.004194
181,4,0,0,,67.0,24.3,0.007347885,73.2186704638776,8.530883789,0.0,-0.003259613,-0.196648836,2.021648836,1961.924332,975.4422,376.176788,0.00418,0.004439
182,4,0,0,,66.0,24.3,0.007374146,73.4628613191412,9.192810059,0.0,-0.010929291,-0.040882349,1.865882349,1977.103601,1337.46814,109.259399,0.004144,0.004395
183,4,0,0,,66.0,24.2,0.007413077,73.7264752988648,9.192810059,0.0,-0.013997162,0.100230932,1.724769068,1992.270404,0.0,0.0,0.004206,0.0
184,4,0,0,,66.0,24.2,0.007465437,74.0681035800548,9.676208496,0.0,-0.010162323,0.232179403,1.592820597,2009.57236,0.0,0.0,0.004079,0.0
185,4,0,0,,66.0,24.2,0.007512631,74.4374404956674,11.0824585,0.0,-0.016298065,0.311664343,1.513335657,2024.604171,0.0,0.0,0.004032,0.004633
186,4,0,0,,65.0,24.2,0.007560573,74.5668230148192,5.320129395,0.0,-0.007094452,0.365648031,1.459351969,2041.651113,334.936005,944.044983,0.00414,0.004625
187,4,0,0,,65.0,24.2,0.007585127,74.7375221680712,8.486938477,0.0,-0.010929291,0.385339022,1.439660978,2056.481946,506.086792,763.146912,0.004122,0.004484
188,4,0,0,,65.0,24.2,0.007582539,74.8309379016178,6.860961914,0.0,-0.010162323,0.379827738,1.445172262,2073.302736,787.158997,534.713684,0.00416,0.0
189,4,0,0,,65.0,24.2,0.007558786,74.9479381588096,7.564086914,0.0,-0.000959,0.348348379,1.476651621,2087.90716,0.0,0.0,0.004107,0.004708
190,4,0,0,,65.0,24.2,0.007522553,75.1039409801156,7.959594727,0.0,-0.010162323,0.307561159,1.517438841,2104.469025,527.748718,733.305298,0.004078,0.004461
191,4,0,0,,65.0,24.2,0.007489898,75.258268011773,7.827758789,0.0,-0.008628387,0.262218714,1.562781286,2118.848742,0.0,0.0,0.004145,0.004609
192,4,0,0,,65.0,24.2,0.007453864,75.433003309278,7.959594727,0.0,-0.003259613,0.176302671,1.648697329,2135.169895,0.0,0.0,0.0,0.004658
193,4,0,0,,65.0,24.2,0.007427172,75.5842505791642,7.871704102,0.0,0.003067871,0.093113661,1.731886339,2150.094864,0.0,0.0,0.00413,0.004552
194,4,0,0,,65.0,24.2,0.007401824,75.7571836733636,8.311157227,0.0,0.00690271,-0.003513098,1.828513098,2165.66748,1201.216675,165.068497,0.004045,0.004577
195,4,0,0,,65.0,24.2,0.007378453,75.9224509661542,8.135375977,0.0,0.023776001,-0.064114332,1.889114332,2180.481679,1349.88501,117.5149,0.004116,0.004622
196,4,0,0,,65.0,24.2,0.007346924,76.0972986760582,5.627746582,0.0,0.014572388,-0.092955828,1.917955828,2196.528551,0.0,0.0,0.00419,0.004817
197,4,0,0,,65.0,24.1,0.00731517,76.1053879431012,7.432250977,0.0,0.00690271,-0.074897528,1.899897528,2210.522623,0.0,0.0,0.004184,0.004554
198,4,0,0,,65.0,24.1,0.007274335,76.2341834072078,7.476196289,0.0,0.001533936,-0.017781019,1.842781019,2226.513515,711.360901,610.226929,0.0,0.004638
199,4,0,0,,67.0,24.1,0.007238225,76.3189416479442,7.212524414,0.0,-0.003259613,0.040117502,1.784882498,2240.50206,0.0,0.0,0.004128,0.0
200,4,0,0,,66.0,24.1,0.007206196,76.4719885944722,8.355102539,0.0,-0.003259613,0.101482153,1.723517847,2256.485365,0.0,0.0,0.0,0.004688
201,4,0,0,,65.0,24.1,0.007195467,76.6466959538348,8.442993164,0.0,-0.000959,0.147430182,1.677569818,2270.487938,1294.997314,138.375702,0.004099,0.004498
202,4,0,0,,65.0,24.1,0.007205183,76.850290145434,8.442993164,0.0,-0.005560516,0.188740969,1.636259031,2286.542568,845.189026,406.842896,0.004146,0.004295
203,4,0,0,,65.0,24.1,0.007223829,77.0664676699328,9.808044434,0.0,-0.005560516,0.207092047,1.617907953,2301.310312,819.312988,371.17749,0.004118,0.004447
204,4,0,0,,66.0,24.1,0.007242015,77.4474469051602,11.21429443,0.0,-0.005560516,0.209958315,1.615041685,2316.805906,798.975403,363.665405,0.004063,0.004177
205,4,0,0,,66.0,24.1,0.00724954,77.8041169792206,11.21429443,0.0,-0.007094452,0.199983358,1.625016642,2331.703896,1159.972168,239.731003,0.003967,0.004292
206,4,0,0,,65.0,24.1,0.007251153,78.1693452980934,11.21429443,0.0,0.008436646,0.182296515,1.642703485,2345.283724,886.61377,376.826599,0.00383,0.004143
207,4,0,0,,65.0,24.1,0.007245998,78.0254464516746,0.0,0.0,0.00690271,0.169900656,1.655099344,2362.265786,0.0,0.0,0.004033,0.0
208,4,0,0,,66.0,24.1,0.007232453,77.4863982600756,0.0,0.0,-0.008628387,0.176338434,1.648661566,2376.50392,0.0,0.0,0.004077,0.004513
209,4,0,0,,66.0,24.1,0.007211572,77.2515434919266,5.58380127,0.0,-0.007094452,0.175121546,1.649878454,2392.722714,0.0,0.0,0.004165,0.004558
210,4,0,0,,68.0,24.1,0.007198144,77.2025824123594,6.157836914,0.0,-0.007094452,0.151073694,1.673926306,2406.925548,0.0,0.0,0.004035,0.004496
211,4,0,0,,66.0,24.1,0.007194428,77.1756034848796,5.627746582,0.0,-0.001725677,0.108075857,1.716924143,2423.180092,1152.903442,257.550812,0.003945,0.00446
212,4,0,0,,65.0,24.1,0.007204386,77.0980083360162,4.221496582,0.0,0.00690271,0.062671423,1.762328577,2437.449679,0.0,0.0,0.003988,0.004401
213,4,0,0,,64.0,24.1,0.007234069,76.9046206430706,3.82598877,0.0,0.003834839,0.016804457,1.808195543,2453.822406,0.0,0.0,0.004091,0.004647
214,4,0,0,,64.0,24.1,0.007269874,76.4002219279132,0.0,0.0,0.005368774,-0.006036043,1.831036043,2468.210655,732.477905,708.058594,0.003932,0.004425
215,4,0,0,,64.0,24.1,0.007303842,75.818350196705,0.0,47.3236084,-0.001725677,-0.019439936,1.844439936,2484.742103,973.056091,257.286591,0.003927,0.004253
216,4,0,0,,68.0,24.1,0.007315824,75.334091904939,0.0,48.34899902,-0.003259613,-0.035548449,1.860548449,2499.245092,0.0,0.0,0.004037,0.004451
217,4,0,0,,70.0,24.1,0.007310501,74.7783705164182,0.0,48.20251465,-0.008628387,-0.065973043,1.890973043,2515.848032,0.0,0.0,0.004166,0.004588
218,4,0,0,,68.0,24.1,0.007301233,74.2840647931642,0.0,17.73376465,-0.007094452,-0.111383677,1.936383677,2531.09114,1121.716187,290.012604,0.004,0.004382
219,4,0,0,,66.0,23.8,0.007306481,73.8659975129668,9.500427246,0.0,0.016106323,-0.175373316,2.000373316,2547.053435,0.0,0.0,0.003972,0.004274
220,4,0,0,,68.0,23.8,0.007336337,74.2511551259164,11.34613037,0.0,0.016106323,-0.202861547,2.027861547,2562.352461,0.0,0.0,0.00409,0.0
221,4,0,0,,66.0,23.5,0.007395547,74.5891415511534,7.959594727,0.0,0.016106323,-0.198943377,2.023943377,2578.382058,1187.317017,172.865402,0.004206,0.004487
222,4,0,0,,65.0,23.5,0.007456908,74.7443235446858,6.860961914,0.0,0.037581421,-0.162069559,1.987069559,2593.747667,785.057983,535.967529,0.00425,0.0
223,4,0,0,,64.0,23.3,0.007522157,74.7944369599732,6.509399414,0.0,0.051386841,-0.058492899,1.883492899,2610.547334,1249.504639,188.633408,0.004398,0.004729
224,4,0,0,,65.0,23.3,0.007568812,74.640129691011,0.0,132.1380615,-0.025501678,0.09480834,1.73019166,2625.278944,1306.620483,153.093094,0.004309,0.004821
225,4,0,0,,65.0,23.1,0.007613936,74.0899678640806,0.0,263.2415771,-0.023200775,0.2242167,1.6007833,2642.15473,0.0,0.0,0.004176,0.004582
226,4,0,0,,65.0,23.1,0.007651323,73.5984555044514,0.0,254.598999,-0.020132904,0.246355295,1.578644705,2656.947526,0.0,0.0,0.004263,0.0
227,4,0,0,,65.0,22.9,0.007691707,73.0577647399814,0.0,159.677124,0.009203613,0.194713831,1.630286169,2673.862964,0.0,0.0,0.00413,0.0
228,4,0,0,,66.0,22.9,0.007718122,72.5741997518874,0.0,105.9173584,-0.012463226,0.11357522,1.71142478,2688.686278,0.0,0.0,0.004254,0.0
229,4,0,0,,66.0,22.7,0.007729457,72.1128097791864,0.0,73.98376465,0.014572388,0.010617018,1.814382982,2703.527316,0.0,0.0,0.004322,0.0
230,4,0,0,,64.0,22.7,0.007727032,71.584126686698,0.0,75.00915527,0.008436646,-0.090190172,1.915190172,2720.520646,0.0,0.0,0.004198,0.0
231,4,0,0,,64.0,22.2,0.007721363,71.1288898162728,0.0,63.7298584,0.001533936,-0.128273249,1.953273249,2735.426755,724.660095,604.01532,0.0,0.004498
232,4,0,0,,64.0,22.2,0.007716813,70.5731763778916,0.0,41.90368652,0.001533936,-0.138800859,1.963800859,2752.505436,0.0,0.0,0.004156,0.0
233,4,0,0,,64.0,22.1,0.007714069,70.0916838817562,0.0,40.2923584,-0.005560516,-0.106587172,1.931587172,2767.497061,0.0,0.0,0.004437,0.004691
234,4,0,0,,65.0,22.1,0.007713505,69.5619687838994,0.0,26.66931152,0.023776001,-0.074348211,1.899348211,2784.712731,0.0,0.0,0.004026,0.0
235,4,0,0,,65.0,22.0,0.007716033,69.0862611569544,0.0,28.5736084,0.018407227,-0.00997138,1.83497138,2800.577156,782.678406,382.908905,0.004138,0.0043
236,4,0,0,,65.0,22.0,0.007721983,68.547667185477,0.0,5.722045898,-0.010929291,0.120848894,1.704151106,2817.229392,0.0,0.0,0.00399,0.0
237,4,0,0,,69.0,21.9,0.007735413,68.0968226706204,0.0,0.0,-0.017832001,0.224906206,1.600093794,2833.090364,0.0,0.0,0.00406,0.0
238,4,0,0,,67.0,21.9,0.007767759,67.6365579967276,5.58380127,0.0,-0.008628387,0.319163561,1.505836439,2850.276927,0.0,0.0,0.004285,0.0
239,4,0,0,,65.0,22.1,0.007804644,67.6918745530756,6.904907227,0.0,-0.017832001,0.370476961,1.454523039,2865.292753,1010.923218,340.988586,0.004285,0.004618
240,4,0,0,,65.0,22.1,0.007843615,68.0920875417252,9.764099121,0.0,-0.008628387,0.398639917,1.426360083,2882.446218,789.918518,533.066895,0.004275,0.0
241,4,0,0,,65.0,22.3,0.007871931,68.4903015691608,9.764099121,0.0,-0.017832001,0.396246195,1.428753805,2897.445884,778.406494,539.93689,0.00429,0.0
242,4,0,0,,65.0,22.3,0.007898869,68.9297457608584,10.95062256,0.0,-0.015531097,0.359064817,1.465935183,2914.555517,0.0,0.0,0.004177,0.0
243,4,0,0,,65.0,22.5,0.007920306,69.411584232907,11.03851318,0.0,-0.010162323,0.2880404,1.5369596,2930.161656,0.0,0.0,0.004068,0.004269
244,4,0,0,,66.0,22.5,0.007945672,69.9187509806776,10.95062256,0.0,-0.008628387,0.172947645,1.652052355,2946.350764,0.0,0.0,0.004222,0.0
245,4,0,0,,65.0,22.6,0.007968655,70.2739372593514,6.641235352,0.0,-0.008628387,0.033200026,1.791799974,2961.716172,981.77948,387.746796,0.004087,0.004298
246,4,0,0,,65.0,22.6,0.007992227,70.4018503706162,6.641235352,0.0,0.008436646,-0.14465785,1.96965785,2977.655809,1087.549805,320.273285,0.004203,0.004434
247,4,0,0,,65.0,22.5,0.00800663,70.5156888218836,0.834960938,0.0,0.014572388,-0.272895098,2.097895098,2992.784614,1270.470459,365.627197,0.004092,0.004332
248,4,0,0,,67.0,22.5,0.008012824,69.9819101727136,0.395507813,0.0,0.045251099,-0.385261774,2.210261774,3009.216045,1093.738159,220.324493,0.004018,0.004259
249,4,0,0,,65.0,22.6,0.008007588,69.9607793614862,6.289672852,0.0,0.018407227,-0.408743143,2.233743143,3023.669595,1154.406494,174.820404,0.003965,0.004133
250,4,0,0,,65.0,22.6,0.007990982,70.083113212839,7.036743164,0.0,0.037581421,-0.38841033,2.21341033,3040.25368,0.0,0.0,0.004069,0.004312
251,4,0,0,,64.0,23.0,0.007970824,70.2141946478552,6.465454102,0.0,0.025309937,-0.319167376,2.144167376,3054.789791,0.0,0.0,0.0,0.0
252,4,0,0,,64.0,23.0,0.007950963,70.2924936415676,5.58380127,0.0,0.001533936,-0.200568914,2.025568914,3069.33243,0.0,0.0,0.003888,0.004151
253,4,0,0,,64.0,23.4,0.007935876,70.2887460841634,4.221496582,0.0,-0.017832001,-0.058766603,1.883766603,3085.867657,1065.667358,495.23111,0.004072,0.004503
254,4,0,0,,65.0,23.4,0.007932094,70.2672960120668,5.58380127,0.0,-0.001725677,0.059024096,1.765975904,3100.224666,980.099976,313.843994,0.004047,0.004394
255,4,0,0,,68.0,23.5,0.007937006,70.2942305539494,5.58380127,0.0,-0.027035614,0.151866674,1.673133326,3116.505957,0.0,0.0,0.0,0.0
256,4,0,0,,65.0,23.5,0.007942663,70.3119053397136,5.58380127,0.0,-0.015531097,0.174405813,1.650594187,3130.642055,760.098328,644.169922,0.004052,0.004255
257,4,0,0,,64.0,23.5,0.007937985,70.3722390778852,7.212524414,0.0,-0.016298065,0.143382788,1.681617212,3146.67297,612.989807,836.674988,0.003967,0.004284
258,4,0,0,,65.0,23.5,0.007916515,70.5967586806476,9.412536621,0.0,-0.008628387,0.081856489,1.743143511,3160.592329,752.566101,555.357483,0.004143,0.0
259,4,0,0,,65.0,23.6,0.00787471,70.9674466371902,11.21429443,0.0,-0.004793549,-0.017987013,1.842987013,3176.377935,1121.075928,258.942291,0.004109,0.00434
260,4,0,0,,65.0,23.6,0.007833466,71.4093007672576,11.21429443,0.0,0.003067871,-0.115200758,1.940200758,3190.734315,700.599609,586.369202,0.004187,0.0
261,4,0,0,,65.0,23.9,0.007792073,71.907158963721,10.42327881,0.0,0.032979614,-0.229976416,2.054976416,3205.62795,789.075684,533.569885,0.00416,0.0
262,4,0,0,,65.0,23.9,0.007763148,72.2286733595362,9.324645996,0.0,0.030678711,-0.290488958,2.115488958,3219.764476,1044.03125,625.820007,0.004163,0.004603
263,4,0,0,,65.0,24.5,0.007734101,72.5739760053472,9.632263184,0.0,0.025309937,-0.268530607,2.093530607,3235.064675,1024.088013,454.908905,0.004057,0.004422
264,4,0,0,,67.0,24.5,0.007708674,72.8385268140716,9.236755371,0.0,0.001533936,-0.191211939,2.016211939,3248.349654,1129.993774,286.80069,0.004057,0.004181
265,4,0,0,,67.0,24.8,0.007685202,73.0612042697096,7.080688477,0.0,0.009203613,-0.075009584,1.900009584,3263.418966,0.0,0.0,0.004048,0.004405
266,4,0,0,,66.0,24.8,0.007676411,73.2540879978342,9.412536621,0.0,0.008436646,0.04227519,1.78272481,3276.576893,0.0,0.0,0.004083,0.0
267,4,0,0,,66.0,25.0,0.007674071,73.5751249990318,10.24749756,0.0,-0.003259613,0.183830023,1.641169977,3291.677434,1000.489685,373.855591,0.004139,0.004345
268,4,0,0,,67.0,25.0,0.007663003,73.8734216719746,9.676208496,0.0,-0.015531097,0.317759275,1.507240725,3304.978361,774.304626,542.384705,0.004165,0.0
269,4,0,0,,66.0,24.9,0.007625276,74.1992829273166,9.851989746,0.0,-0.012463226,0.445014238,1.379985762,3320.281811,777.957214,540.205017,0.004012,0.0
270,4,0,0,,66.0,24.9,0.007574426,74.4868869038984,9.412536621,0.0,-0.016298065,0.541425467,1.283574533,3333.774632,790.356018,532.805908,0.004153,0.0
271,4,0,0,,65.0,24.8,0.007519841,74.7542269241504,6.641235352,0.0,-0.004793549,0.609083891,1.215916109,3349.309802,771.376099,544.132324,0.004331,0.0
272,4,0,0,,64.0,24.8,0.007496026,74.8116470488124,6.860961914,0.0,-0.065384003,0.616033316,1.208966684,3362.973904,1062.936035,297.312897,0.004221,0.004495
273,4,0,0,,65.0,24.7,0.007497026,74.872479199582,6.729125977,0.0,-0.066917938,0.494071245,1.330928755,3376.662392,876.567078,396.045593,0.004355,0.004577
274,4,0,0,,65.0,24.7,0.00751183,74.9247943046432,6.992797852,0.0,0.010737549,0.135470152,1.689529848,3392.30564,885.599182,393.451385,0.00436,0.004629
275,4,0,0,,66.0,24.9,0.007525613,74.9860283237042,6.685180664,0.0,0.0690271,-0.207580805,2.032580805,3406.559267,0.0,0.0,0.004306,0.0
276,4,0,0,,68.0,24.9,0.007544074,75.0483518015716,6.817016602,0.0,0.082065552,-0.459077597,2.284077597,3421.464595,0.0,0.0,0.004289,0.00449
277,4,0,0,,68.0,24.9,0.007565325,75.1132892821208,7.344360352,0.0,0.042183228,-0.492769957,2.317769957,3435.749785,1134.976196,246.328705,0.004093,0.004526
278,4,0,0,,69.0,24.9,0.00758878,75.2486418089366,7.959594727,0.0,0.009203613,-0.380951166,2.205951166,3450.710971,0.0,0.0,0.004217,0.0
279,4,0,0,,69.0,24.5,0.007600637,75.3483288185952,6.553344727,0.0,0.001533936,-0.245084524,2.070084524,3465.030147,0.0,0.0,0.004259,0.0
280,4,0,0,,68.0,24.5,0.007597277,75.3644938985988,6.860961914,0.0,-0.020132904,-0.090854883,1.915854883,3480.643868,1017.780518,307.42099,0.004299,0.004523
281,4,0,0,,68.0,24.1,0.007579219,75.4148354378312,5.75958252,0.0,-0.020132904,0.021659136,1.803340864,3494.310123,1003.280579,323.124298,0.004373,0.004661
282,4,0,0,,67.0,24.1,0.007555149,75.3707452510816,5.58380127,0.0,-0.016298065,0.118888617,1.706111383,3509.934335,0.0,0.0,0.004272,0.0
283,4,0,0,,67.0,23.5,0.007547749,75.2696152910856,4.968566895,0.0,-0.005560516,0.153297663,1.671702337,3523.615956,0.0,0.0,0.004058,0.0
284,4,0,0,,66.0,23.5,0.007556334,75.2068027991658,5.40802002,0.0,-0.010929291,0.158132792,1.666867208,3539.30681,0.0,0.0,0.004201,0.0
285,4,0,0,,66.0,23.3,0.007564566,75.1650128581716,5.58380127,0.0,-0.004793549,0.144621134,1.680378866,3553.772359,560.171326,750.841675,0.004267,0.004479
286,4,0,0,,67.0,23.3,0.007559262,75.1251720049448,5.58380127,0.0,0.005368774,0.116066217,1.708933783,3569.003379,964.604187,338.2388,0.00414,0.004449
287,4,0,0,,65.0,23.1,0.007537691,75.092168835043,5.627746582,0.0,0.0,0.096916914,1.728083086,3583.666842,1207.815552,215.567398,0.004084,0.004408
288,4,0,0,,65.0,23.1,0.007500427,75.0617168713762,5.715637207,0.0,-0.005560516,0.081341505,1.743658495,3599.746066,0.0,0.0,0.004197,0.0
289,4,0,0,,65.0,22.9,0.007467318,75.0482739417024,5.671691895,0.0,-0.004793549,0.064489126,1.760510874,3613.882144,0.0,0.0,0.003735,0.00405
290,4,0,0,,65.0,22.9,0.00744104,75.0118259312504,5.58380127,0.0,0.0,0.031936407,1.793063593,3630.101571,1078.689819,303.459412,0.004026,0.004504
291,4,0,0,,65.0,22.7,0.00743217,74.9917337558722,6.421508789,0.0,0.003067871,0.005165815,1.819834185,3644.330037,0.0,0.0,0.004197,0.0
292,4,0,0,,65.0,22.7,0.007433435,75.0423778993048,6.641235352,0.0,-0.001725677,-0.021295786,1.846295786,3660.6612,1190.170166,193.089401,0.004214,0.004397
293,4,0,0,,65.0,22.5,0.007437211,75.091278226287,6.553344727,0.0,0.008436646,-0.051789999,1.876789999,3675.016842,0.0,0.0,0.004156,0.004504
294,4,0,0,,65.0,22.5,0.007437964,75.0704040726028,5.58380127,0.0,0.0,-0.071344137,1.896344137,3691.498852,0.0,0.0,0.004191,0.004481
295,4,0,0,,65.0,22.4,0.007433665,75.0332889424406,5.58380127,0.0,0.014572388,-0.08180213,1.90680213,3705.985731,810.177612,624.132629,0.004108,0.004466
296,4,0,0,,65.0,22.4,0.007423287,75.0021544576798,5.58380127,0.0,0.00690271,-0.079959154,1.904959154,3720.518116,0.0,0.0,0.004021,0.0
297,4,0,0,,68.0,22.5,0.007402736,74.9863808979114,6.465454102,0.0,0.008436646,-0.056674242,1.881674242,3737.144467,0.0,0.0,0.004128,0.00432
298,4,0,0,,65.0,22.5,0.007386672,75.0252943689632,6.641235352,0.0,0.00690271,-0.017472982,1.842472982,3751.702279,0.0,0.0,0.004172,0.004336
299,4,0,0,,64.0,23.0,0.0073929,75.0765814276324,6.597290039,0.0,-0.010162323,0.045995951,1.779004049,3768.351337,1128.289551,293.143585,0.004138,0.004295
300,4,0,0,,67.0,23.0,0.007430934,75.1175878936344,6.157836914,0.0,0.0,0.090282679,1.734717321,3783.629696,1066.824951,319.468811,0.004106,0.004457
301,4,0,0,,66.0,23.4,0.007507172,75.135441332232,6.509399414,0.0,0.009203613,0.128456831,1.696543169,3799.619177,1018.023621,323.475586,0.004104,0.004437
302,4,0,0,,65.0,23.4,0.007588705,75.1753594981524,6.685180664,0.0,0.003834839,0.174134016,1.650865984,3814.93593,0.0,0.0,0.004128,0.004365
303,4,0,0,,65.0,23.7,0.007675216,75.2539862339558,7.080688477,0.0,-0.008628387,0.232263803,1.592736197,3830.977002,1033.72937,187.269196,0.003988,0.004374
304,4,0,0,,65.0,23.7,0.007730551,75.3367056018462,7.212524414,0.0,-0.016298065,0.281564951,1.543435049,3846.328155,0.0,0.0,0.003866,0.004376
305,4,0,0,,65.0,24.0,0.007776245,75.4359790754984,7.344360352,0.0,-0.034705292,0.305412054,1.519587946,3863.08342,0.0,0.0,0.004051,0.004367
306,4,0,0,,65.0,24.0,0.007816259,75.5222400213664,6.773071289,0.0,-0.013997162,0.264998198,1.560001802,3877.737289,1218.667725,192.764008,0.004016,0.004442
307,4,0,0,,65.0,24.6,0.007873224,75.5777705072806,6.729125977,0.0,-0.000959,0.16852212,1.65647788,3894.461798,0.0,0.0,0.00393,0.00431
308,4,0,0,,65.0,24.6,0.007934078,75.621280639614,6.685180664,0.0,0.003834839,0.071607351,1.753392649,3909.08326,0.0,0.0,0.00399,0.004326
309,4,0,0,,65.0,24.9,0.008014997,75.6732300221602,6.509399414,0.0,0.005368774,-0.037343264,1.862343264,3925.783145,723.962524,478.581787,0.00402,0.004553
310,4,0,0,,69.0,24.9,0.00809559,75.63983536421,3.518371582,0.0,0.010737549,-0.115586996,1.940586996,3940.387784,1300.435547,148.645706,0.003842,0.004213
311,4,0,0,,66.0,24.8,0.008195107,75.5246827258986,5.850219727,0.0,0.012271484,-0.172202826,1.997202826,3957.07081,0.0,0.0,0.0,0.0
312,4,0,0,,66.0,24.8,0.008272637,75.5386808939658,6.377563477,0.0,0.016106323,-0.193346739,2.018346739,3971.663811,0.0,0.0,0.003949,0.004631
313,4,0,0,,67.0,25.0,0.008315035,75.5886186980724,6.641235352,0.0,0.023009033,-0.177954435,2.002954435,3988.335182,0.0,0.0,0.004307,0.004632
314,4,0,0,,67.0,25.0,0.008296225,75.627891084131,6.597290039,0.0,0.017640259,-0.117720842,1.942720842,4002.917242,930.311401,394.640808,0.004181,0.00453
315,4,0,0,,67.0,24.9,0.008231606,75.666548396535,5.715637207,0.0,-0.050811615,0.011979342,1.813020658,4020.285865,768.832275,634.289124,0.004352,0.004725
316,4,0,0,,67.0,24.9,0.008165654,75.6609156743482,5.75958252,0.0,-0.027035614,0.080732584,1.744267416,4034.190453,0.0,0.0,0.004208,0.004628
317,4,0,0,,67.0,24.8,0.00809448,75.5554399491766,2.153320313,0.0,-0.025501678,0.071811438,1.753188562,4051.566711,1126.101074,253.292801,0.004122,0.004323
318,4,0,0,,71.0,24.8,0.008030689,75.1152543023542,5.671691895,0.0,-0.010162323,-0.019824266,1.844824266,4065.459706,784.032104,620.442688,0.004175,0.004546
319,4,0,0,,67.0,24.7,0.007957697,75.1137330737192,5.58380127,0.0,0.045251099,-0.143195868,1.968195868,4080.735447,0.0,0.0,0.004005,0.004417
320,4,0,0,,66.0,24.7,0.007867347,75.07496587558,5.627746582,0.0,0.037581421,-0.208291292,2.033291292,4097.402349,1277.449951,64.616096,0.004259,0.0045
321,4,0,0,,65.0,24.7,0.007793606,75.0459467877822,5.58380127,0.0,0.005368774,-0.148234606,1.973234606,4112.045164,0.0,0.0,0.004048,0.004283
322,4,0,0,,65.0,24.7,0.007726595,75.013417069615,5.671691895,0.0,-0.004793549,-0.026551962,1.851551962,4128.734163,0.0,0.0,0.004222,0.004365
323,4,0,0,,65.0,24.6,0.007690712,74.9849164467916,5.58380127,0.0,-0.004793549,0.086595297,1.738404703,4143.341521,0.0,0.0,0.003695,0.004061
324,4,0,0,,65.0,24.6,0.007682022,74.9518803497934,5.627746582,0.0,-0.020132904,0.204323053,1.620676947,4160.045925,1323.227051,34.070702,0.004001,0.004426
325,4,0,0,,65.0,24.5,0.007698081,74.924826925965,5.58380127,0.0,-0.02856955,0.255171061,1.569828939,4174.677422,0.0,0.0,0.004118,0.00456
326,4,0,0,,65.0,24.5,0.007721478,74.700057489261,0.0,0.0,-0.019365936,0.244439363,1.580560637,4191.420078,1185.540161,244.5961,0.004244,0.004606
327,4,0,0,,68.0,24.5,0.007726658,74.3118626172096,3.738098145,0.0,-0.019365936,0.167348146,1.657651854,4206.788643,1308.416138,61.099998,0.004209,0.004423
328,4,0,0,,65.0,24.5,0.00770653,74.1473606943362,4.265441895,0.0,0.010737549,0.026152849,1.798847151,4222.874481,1274.984131,72.901001,0.003962,0.004235
329,4,0,0,,65.0,24.7,0.007672686,74.0816434241834,5.23223877,0.0,0.010737549,-0.089834452,1.914834452,4238.272052,0.0,0.0,0.004147,0.004635
330,4,0,0,,65.0,24.7,0.007635782,74.0291634261458,5.23223877,0.0,0.030678711,-0.180146456,2.005146456,4255.081046,0.0,0.0,0.004184,0.004395
331,4,0,0,,67.0,25.3,0.007624556,73.9930439946416,5.671691895,0.0,0.021475098,-0.203371286,2.028371286,4269.79317,748.752319,591.811096,0.004197,0.004458
332,4,0,0,,67.0,25.3,0.007646316,73.8610539584482,2.021484375,0.0,-0.019365936,-0.176716566,2.001716566,4286.580572,1081.994263,251.098495,0.004086,0.004343
333,4,0,0,,66.0,25.4,0.007690114,73.3881014572096,2.197265625,0.0,0.014572388,-0.163568735,1.988568735,4301.267244,1125.506226,254.774597,0.003986,0.004353
334,4,0,0,,65.0,25.4,0.007754036,73.1786479322582,3.694152832,0.0,-0.004793549,-0.15511632,1.98011632,4318.061621,1274.536621,78.300499,0.004131,0.004423
335,4,0,0,,65.0,25.9,0.007814608,73.0246443618474,3.738098145,0.0,-0.010929291,-0.12013936,1.94513936,4332.765687,0.0,0.0,0.004023,0.004456
336,4,0,0,,66.0,25.9,0.007885901,72.8347326823678,0.0,0.0,-0.007094452,-0.084811449,1.909811449,4349.577742,1402.177368,22.667,0.004067,0.004554
337,4,0,0,,66.0,26.0,0.007950196,72.4024085487916,5.012512207,0.0,-0.005560516,-0.071184397,1.896184397,4364.286667,721.240295,574.051575,0.004874,0.0
338,4,0,0,,69.0,26.0,0.008029021,72.3913300614458,5.58380127,0.0,0.009203613,-0.067029238,1.892029238,4381.052193,275.082794,924.75647,0.004122,0.004543
339,4,0,0,,66.0,26.1,0.00809659,72.4158511726908,5.982055664,0.0,0.001533936,-0.050622702,1.875622702,4395.658645,0.0,0.0,0.0,0.0
340,4,0,0,,66.0,26.1,0.008150498,72.4407708369868,5.850219727,0.0,0.012271484,-0.023690462,1.848690462,4413.040745,0.0,0.0,0.0,0.0
341,4,0,0,,68.0,26.2,0.008160351,72.450458951133,5.75958252,0.0,0.029144775,0.024232626,1.800767374,4426.939597,0.0,0.0,0.0,0.0
342,4,0,0,,67.0,26.2,0.008132979,72.454273408801,5.627746582,0.0,-0.007094452,0.121674776,1.703325224,4442.221298,1037.931763,280.8909,0.004303,0.004537
343,4,0,0,,67.0,26.3,0.008075106,72.4563473008854,5.58380127,0.0,-0.044675873,0.227521181,1.597478819,4458.190799,0.0,0.0,0.0,0.0
344,4,0,0,,67.0,26.3,0.008029231,72.1726837772002,0.0,0.0,-0.027035614,0.263513327,1.561486673,4473.459237,822.085999,348.914001,0.003787,0.00447
345,4,0,0,,66.0,26.3,0.008006636,71.710738212051,0.0,0.0,-0.012463226,0.23037219,1.59462781,4490.108468,0.0,0.0,0.004012,0.004508
346,4,0,0,,66.0,26.3,0.008016469,71.4487987023172,3.210754395,0.0,0.017640259,0.157273531,1.667726469,4504.630919,0.0,0.0,0.004004,0.004305
347,4,0,0,,66.0,26.1,0.008054391,71.3565797866484,5.58380127,0.0,0.014572388,0.087666273,1.737333727,4521.138559,0.0,0.0,0.004055,0.004411
348,4,0,0,,65.0,26.1,0.008100571,71.3673949859702,5.58380127,0.0,0.012271484,0.061737299,1.763262701,4535.552226,0.0,0.0,0.004063,0.004398
349,4,0,0,,66.0,25.9,0.008149352,71.379540304802,5.58380127,0.0,0.001533936,0.066817999,1.758182001,4552.009893,0.0,0.0,0.004121,0.004367
350,4,0,0,,66.0,25.9,0.008173044,71.4202613221682,6.597290039,0.0,-0.003259613,0.077605009,1.747394991,4566.40033,0.0,0.0,0.004096,0.004419
351,4,0,0,,65.0,25.7,0.008175571,71.5157856773564,6.597290039,0.0,-0.000959,0.086487532,1.738512468,4582.83238,730.42157,465.716187,0.004411,0.004962
352,4,0,0,,67.0,25.7,0.008169587,71.610745814034,6.641235352,0.0,0.00690271,0.090818644,1.734181356,4597.136277,357.230408,873.143372,0.003729,0.004175
353,4,0,0,,66.0,25.5,0.008175294,71.7074411732864,6.597290039,0.0,0.010737549,0.101540327,1.723459673,4613.409777,0.0,0.0,0.004045,0.0
354,4,0,0,,65.0,25.5,0.008199352,71.795265174536,6.553344727,0.0,0.008436646,0.131369829,1.693630171,4627.612687,1329.916748,130.642593,0.004179,0.004235
355,4,0,0,,64.0,25.4,0.008239438,71.8870281963696,6.377563477,0.0,0.0,0.185497046,1.639502954,4644.467746,1137.627441,256.087189,0.003999,0.004249
356,4,0,0,,64.0,25.4,0.008270375,71.9530484730576,6.333618164,0.0,-0.000959,0.236939192,1.588060808,4657.879922,1310.622192,135.096802,0.003923,0.004367
357,4,0,0,,64.0,25.6,0.008290162,72.0235441472582,6.333618164,0.0,-0.008628387,0.29532218,1.52967782,4674.637481,319.401489,1034.333862,0.003873,0.004126
358,4,0,0,,68.0,25.6,0.00829937,72.0560483895732,5.58380127,0.0,-0.015531097,0.334410429,1.490589571,4688.04831,0.0,0.0,0.0,0.0
359,4,0,0,,66.0,25.7,0.00831249,72.0591234037914,5.58380127,0.0,-0.016298065,0.344779253,1.480220747,4704.816854,0.0,0.0,0.0,0.0
360,4,0,0,,65.0,25.7,0.008323519,71.9600558612856,3.782043457,0.0,0.0,0.311478853,1.513521147,4718.23335,0.0,0.0,0.0,0.0
361,4,0,0,,66.0,25.8,0.008318859,71.823555440528,4.441223145,0.0,0.0,0.255217314,1.569782686,4735.004345,1174.18335,116.9711,0.004243,0.004433
362,4,0,0,,66.0,25.8,0.008293125,71.7715304190018,4.660949707,0.0,-0.023200775,0.229235888,1.595764112,4749.063097,1085.707397,263.323395,0.0042,0.004468
363,4,0,0,,65.0,25.6,0.008251705,71.5716717952238,0.0,0.0,-0.039307098,0.155119658,1.669880342,4765.022685,0.0,0.0,0.004168,0.0
364,4,0,0,,65.0,25.6,0.008222698,71.1160134225592,0.0,0.0,0.003067871,0.016513109,1.808486891,4778.916906,1065.503784,317.515808,0.004117,0.004474
365,4,0,0,,65.0,25.5,0.008211153,70.9232027101904,3.957824707,0.0,0.043717163,-0.157224417,1.982224417,4792.791574,0.0,0.0,0.003971,0.004347
366,4,0,0,,65.0,25.5,0.00821658,70.4781010607502,0.0,0.0,0.038348389,-0.262442827,2.087442827,4808.650437,0.0,0.0,0.004089,0.004488
367,4,0,0,,67.0,25.6,0.008223958,70.0302052591086,0.0,1.473999023,0.045251099,-0.249428511,2.074428511,4823.190411,1234.412354,188.119293,0.004155,0.004486
368,4,0,0,,67.0,25.6,0.00822495,69.5172788765988,0.0,1.327514648,0.0,-0.128272295,1.953272295,4838.405468,1439.671997,309.959412,0.004177,0.004598
369,4,0,0,,66.0,25.8,0.008224919,69.0605923127016,3.430480957,0.0,-0.010162323,0.028176546,1.796823454,4852.978623,799.632874,360.956909,0.004299,0.004248
370,4,0,0,,66.0,25.8,0.008238573,69.0339942677196,5.58380127,0.0,-0.017832001,0.182852507,1.642147493,4868.23697,0.0,0.0,0.004302,0.0
371,4,0,0,,69.0,25.9,0.008270433,69.1174435356736,7.344360352,0.0,-0.02166684,0.276688814,1.548311186,4882.852556,738.760498,546.009827,0.004298,0.004938
372,4,0,0,,68.0,25.9,0.00832188,69.297429964758,7.036743164,0.0,-0.023200775,0.331490278,1.493509722,4898.819298,0.0,0.0,0.004265,0.0
373,4,0,0,,68.0,25.7,0.008360629,69.4601959730404,7.300415039,0.0,-0.004793549,0.331345797,1.493654203,4912.806465,781.613708,538.022888,0.004221,0.0
374,4,0,0,,67.0,25.7,0.008381384,69.6404834613586,7.036743164,0.0,-0.061549164,0.297258615,1.527741385,4928.808295,786.57489,535.062195,0.004109,0.0
375,4,0,0,,67.0,25.5,0.008381877,69.7251062278538,5.75958252,0.0,-0.013997162,0.20214963,1.62285037,4942.818195,0.0,0.0,0.004172,0.0
376,4,0,0,,66.0,25.5,0.008380219,69.7732790205022,5.938110352,0.0,-0.000959,0.016952276,1.808047724,4958.829045,1233.124634,158.264893,0.004107,0.004385
377,4,0,0,,66.0,25.4,0.008393849,69.862067708428,6.685180664,0.0,0.04141626,-0.166330099,1.991330099,4972.815456,612.169617,781.192078,0.004184,0.004422
378,4,0,0,,66.0,25.4,0.008435552,70.0036686748212,7.212524414,0.0,0.043717163,-0.298356295,2.123356295,4988.773206,559.307495,827.389587,0.004128,0.004528
379,4,0,0,,66.0,25.3,0.008487179,70.1671035569944,7.212524414,0.0,0.043717163,-0.309140921,2.134140921,5002.717672,0.0,0.0,0.00407,0.004463
380,4,0,0,,67.0,25.3,0.008541713,70.3267229193352,6.992797852,0.0,0.025309937,-0.207953215,2.032953215,5019.227779,0.0,0.0,0.004164,0.004557
381,4,0,0,,67.0,25.1,0.008573969,70.422243476481,5.627746582,0.0,0.014572388,-0.041635275,1.866635275,5032.366603,0.0,0.0,0.00396,0.004265
382,4,0,0,,66.0,25.1,0.008597361,70.5037824095748,6.992797852,0.0,0.0,0.179930449,1.645069551,5048.709702,0.0,0.0,0.004136,0.004512
383,4,0,0,,66.0,25.3,0.008613396,70.6471364139366,8.003540039,0.0,-0.020132904,0.372531652,1.452468348,5061.683474,132.175003,1069.848999,0.00413,0.004752
384,4,0,0,,66.0,25.3,0.008630137,70.9126117241174,8.399047852,0.0,-0.07305368,0.552897692,1.272102308,5077.775015,0.0,0.0,0.004273,0.004694
385,4,0,0,,66.0,25.5,0.008642263,71.119784138366,7.739868164,0.0,-0.119838715,0.587372541,1.237627459,5090.563203,1245.827759,84.323097,0.00396,0.004484
386,4,0,0,,66.0,25.5,0.008642068,71.3042403805532,7.212524414,0.0,-0.105266327,0.376981497,1.448018503,5106.544674,0.0,0.0,0.004176,0.004652
387,4,0,0,,65.0,25.6,0.008620418,71.3734914877582,5.850219727,0.0,-0.010162323,-0.088060617,1.913060617,5119.996493,0.0,0.0,0.004158,0.004627
388,4,0,0,,65.0,25.6,0.008584201,71.39641777525,5.627746582,0.0,0.085900391,-0.63592124,2.46092124,5133.48114,0.0,0.0,0.004095,0.004512
389,4,0,0,,65.0,25.8,0.008540865,71.4004737465718,5.58380127,0.0,0.119646973,-1.125777006,2.950777006,5148.934414,1275.446655,144.661896,0.004254,0.004565
390,4,0,0,,65.0,25.8,0.008505877,71.4050683157114,5.58380127,0.0,0.00690271,-1.26265502,3.08765502,5162.48545,0.0,0.0,0.00425,0.0047
391,4,0,0,,65.0,25.6,0.008461745,71.4063265781904,5.144348145,0.0,-0.092994843,-1.297173738,3.122173738,5177.984521,0.0,0.0,0.004272,0.004757
392,4,0,0,,68.0,25.6,0.008416486,71.300368260233,3.82598877,0.0,-0.125207489,-1.491585732,3.316585732,5191.561011,0.0,0.0,0.004254,0.004654
393,4,0,0,,68.0,25.7,0.008361432,71.1516727115706,3.869934082,0.0,0.03451355,1.56393075,3.91106925,5207.108945,77.990303,1041.640015,0.004261,0.004689
394,4,0,0,,67.0,25.7,0.008314691,71.0171179667796,3.65020752,0.0,0.157995361,1.069275618,4.405724382,5220.747774,695.966187,591.771301,0.004302,0.004821
395,4,0,0,,66.0,25.8,0.008266135,70.8361261186236,3.782043457,0.0,0.07592981,0.78339386,4.69160614,5236.371775,643.21051,630.50708,0.004339,0.005038
396,4,0,0,,65.0,25.8,0.008229031,70.8454762552764,7.783813477,0.0,0.061357422,0.82146287,4.65353713,5250.063146,533.601013,755.921082,0.004464,0.004952
397,4,0,0,,66.0,26.0,0.008198619,71.025589307232,6.860961914,0.0,-0.131343231,1.00609827,4.46890173,5266.383876,408.092499,885.871826,0.004209,0.004767
398,4,0,0,,69.0,26.0,0.008191403,71.0992208447962,6.421508789,0.0,-0.119838715,0.974157095,4.500842905,5279.475898,1182.731934,241.053604,0.004251,0.004575
399,4,0,0,,66.0,26.1,0.008208087,71.1828601597108,6.553344727,0.0,0.025309937,0.560050488,4.914949512,5295.90419,1197.015015,211.852493,0.004119,0.004726
400,4,0,0,,66.0,26.1,0.00823791,71.2775219569392,6.597290039,0.0,0.07592981,0.14330411,5.33169589,5309.087951,0.0,0.0,0.004215,0.004674
401,4,0,0,,68.0,26.1,0.008279718,71.382554518155,6.597290039,0.0,0.123481812,-0.119243979,5.594243979,5325.591187,0.0,0.0,0.004248,0.004902
402,4,0,0,,67.0,26.1,0.00831415,71.4562343520126,6.069946289,0.0,0.052920776,-0.092053175,5.567053175,5339.459298,0.0,0.0,0.004359,0.004608
403,4,0,0,,67.0,26.2,0.008339151,71.4934031697572,5.58380127,0.0,-0.066917938,0.080449939,5.394550061,5355.319449,0.0,0.0,0.003925,0.004259
404,4,0,0,,67.0,26.2,0.008343359,71.5065759234318,5.850219727,0.0,-0.083024261,0.153554201,5.321445799,5369.202972,1320.695068,83.659698,0.004293,0.004582
405,4,0,0,,66.0,26.6,0.008327805,71.5361173225266,5.806274414,0.0,0.042183228,0.08550787,5.38949213,5385.06878,1167.933838,237.288498,0.004256,0.004511
406,4,0,0,,66.0,26.6,0.008301788,71.5625532104102,5.850219727,0.0,0.012271484,0.069283247,5.405716753,5398.924103,708.811829,581.468384,0.00419,0.0
407,4,0,0,,66.0,26.6,0.008271136,71.6055826167922,6.421508789,0.0,0.023776001,0.12594378,5.34905622,5414.717139,0.0,0.0,0.004219,0.004598
408,4,0,0,,66.0,26.6,0.008255223,71.7503878274056,7.827758789,0.0,-0.010929291,0.212112665,5.262887335,5428.511464,1375.157593,68.4842,0.004309,0.00453
409,4,0,0,,66.0,26.7,0.008253261,71.9208181082238,7.695922852,0.0,-0.034705292,0.283361673,5.191638327,5442.937505,0.0,0.0,0.004064,0.004411
410,4,0,0,,66.0,26.7,0.008256399,72.1051940926252,7.432250977,0.0,-0.02166684,0.325498343,5.149501657,5458.038638,0.0,0.0,0.004036,0.004448
411,4,0,0,,66.0,27.0,0.008248053,72.2486614106164,7.388305664,0.0,-0.016298065,0.304003,5.170997,5472.512989,0.0,0.0,0.004103,0.004524
412,4,0,0,,66.0,27.0,0.00822017,72.4095215740972,7.388305664,0.0,-0.001725677,0.219393253,5.255606747,5488.315942,0.0,0.0,0.004055,0.004459
413,4,0,0,,66.0,27.3,0.008190828,72.547533213395,7.344360352,0.0,0.014572388,0.11097312,5.36402688,5502.163258,838.288818,492.624298,0.003748,0.004131
414,4,0,0,,66.0,27.3,0.008166186,72.7007945883846,7.300415039,0.0,0.017640259,-0.007893562,5.482893562,5518.017487,248.410004,959.223694,0.004032,0.00438
415,4,0,0,,66.0,27.6,0.008157934,72.8308065525972,7.300415039,0.0,0.021475098,-0.078069568,5.553069568,5531.90846,0.0,0.0,0.004087,0.004378
416,4,0,0,,67.0,27.6,0.008161465,72.9785869983488,7.300415039,0.0,0.039882324,-0.09566319,5.57066319,5547.793455,0.0,0.0,0.0041,0.004401
417,4,0,0,,66.0,27.5,0.008161718,73.1091413423282,7.300415039,0.0,0.021475098,-0.027145147,5.502145147,5561.697019,0.0,0.0,0.003958,0.00445
418,4,0,0,,66.0,27.5,0.008145564,73.253691488645,7.388305664,0.0,-0.005560516,0.113497853,5.361502147,5577.593379,0.0,0.0,0.004107,0.004477
419,4,0,0,,66.0,27.5,0.008121796,73.3896051118518,7.564086914,0.0,-0.013997162,0.241003036,5.233996964,5591.508853,0.0,0.0,0.004088,0.004628
420,4,0,0,,68.0,27.5,0.008093822,73.5456098643658,7.476196289,0.0,-0.033938324,0.351185322,5.123814678,5607.426337,0.0,0.0,0.003859,0.00428
421,4,0,0,,67.0,27.4,0.008069726,73.6759165952928,7.476196289,0.0,-0.032404388,0.37994504,5.09505496,5621.388731,378.283813,859.164185,0.003676,0.004144
422,4,0,0,,66.0,27.4,0.00803893,73.826553120649,7.432250977,0.0,0.008436646,0.30321908,5.17178092,5638.056985,0.0,0.0,0.003633,0.004129
423,4,0,0,,65.0,27.4,0.008009273,73.9530884276596,7.564086914,0.0,-0.000959,0.195438504,5.279561496,5651.424254,729.922913,568.870117,0.003858,0.0
424,4,0,0,,65.0,27.4,0.007978776,74.1205360220954,8.267211914,0.0,0.001533936,0.065967679,5.409032321,5668.171239,390.131012,885.551392,0.003933,0.004251
425,4,0,0,,65.0,27.1,0.007960008,74.3193109645976,8.797302246,0.0,-0.001725677,-0.031613588,5.506613588,5681.598584,1242.4021,198.216797,0.003828,0.004264
426,4,0,0,,65.0,27.1,0.007944467,74.5640812788216,8.709411621,0.0,0.030678711,-0.140251279,5.615251279,5698.419259,0.0,0.0,0.004027,0.004352
427,4,0,0,,65.0,27.1,0.007931061,74.7669594267746,8.662719727,0.0,0.019941162,-0.19117403,5.66617403,5712.579126,794.87439,375.686401,0.004032,0.004102
428,4,0,0,,66.0,27.1,0.007916098,74.995333640238,8.442993164,0.0,0.010737549,-0.173900247,5.648900247,5728.795083,803.985474,367.106415,0.003978,0.004409
429,4,0,0,,65.0,27.1,0.007904603,75.1423719388486,5.982055664,0.0,0.010737549,-0.119897366,5.594897366,5743.01221,0.0,0.0,0.00404,0.0
430,4,0,0,,65.0,27.1,0.007892255,74.6955430169732,0.0,0.0,0.010737549,-0.012536764,5.487536764,5759.292991,0.0,0.0,0.00391,0.004179
431,4,0,0,,66.0,27.1,0.007884442,74.5928020915438,6.685180664,0.0,-0.024734711,0.119138718,5.355861282,5773.569924,0.0,0.0,0.004253,0.004509
432,4,0,0,,68.0,27.1,0.007884882,74.6679020231108,7.036743164,0.0,-0.024734711,0.228839159,5.246160841,5787.875637,0.0,0.0,0.004078,0.004409
433,4,0,0,,68.0,26.8,0.007897774,74.805357490598,7.739868164,0.0,-0.025501678,0.286720037,5.188279963,5804.258662,815.401794,348.617401,0.004023,0.004128
434,4,0,0,,67.0,26.8,0.007915443,74.8760456901428,6.729125977,0.0,-0.013997162,0.281944275,5.193055725,5818.622108,1323.650757,91.689201,0.004067,0.004409
435,4,0,0,,67.0,26.5,0.007938532,74.9934226455484,7.520141602,0.0,-0.000959,0.239024878,5.235975122,5835.071819,1463.321289,54.0229,0.004196,0.004438
436,4,0,0,,68.0,26.5,0.007963185,75.1145490251926,7.871704102,0.0,0.012271484,0.181418777,5.293581223,5849.504426,0.0,0.0,0.003996,0.004467
437,4,0,0,,68.0,26.5,0.007998692,75.2679835007926,7.520141602,0.0,0.008436646,0.14366889,5.33133111,5866.744599,0.0,0.0,0.004302,0.004516
438,4,0,0,,69.0,26.5,0.008036044,75.3832466846686,7.608032227,0.0,0.009203613,0.136854649,5.338145351,5880.581415,1267.678589,693.710083,0.004246,0.004614
439,4,0,0,,68.0,26.6,0.008085181,75.524194387769,7.651977539,0.0,-0.003259613,0.129130006,5.345869994,5897.930208,0.0,0.0,0.003888,0.0
440,4,0,0,,68.0,26.6,0.008136023,75.649759842122,7.783813477,0.0,-0.001725677,0.121279478,5.353720522,5911.83986,0.0,0.0,0.004037,0.004447
441,4,0,0,,68.0,26.6,0.008209726,75.7967487179012,7.651977539,0.0,-0.005560516,0.10752058,5.36747942,5929.140863,0.0,0.0,0.004082,0.004458
442,4,0,0,,67.0,26.6,0.008287258,75.9156681613232,7.783813477,0.0,0.003067871,0.091160059,5.383839941,5942.953944,487.910004,915.180298,0.003993,0.004297
443,4,0,0,,67.0,26.6,0.00837431,76.0563032984088,7.739868164,0.0,-0.001725677,0.075366259,5.399633741,5960.24206,0.0,0.0,0.003755,0.004234
444,4,0,0,,67.0,26.6,0.008427231,76.1697852808662,7.739868164,0.0,0.001533936,0.062283158,5.412716842,5974.790751,0.0,0.0,0.003923,0.004347
445,4,0,0,,67.0,26.7,0.008441824,76.3143430071744,7.827758789,0.0,0.003067871,0.047287464,5.427712536,5991.43732,251.539307,1004.20697,0.004101,0.004381
446,4,0,0,,67.0,26.7,0.008415761,76.424423456421,7.783813477,0.0,-0.001725677,0.040266395,5.434733605,6006.0283,0.0,0.0,0.0,0.0
447,4,0,0,,67.0,26.4,0.008361546,76.5496413094274,7.608032227,0.0,-0.005560516,0.033369899,5.441630101,6022.737551,0.0,0.0,0.00394,0.0
448,4,0,0,,67.0,26.4,0.008309986,76.6515138993664,6.948852539,0.0,-0.003259613,0.018962264,5.456037736,6037.385744,0.0,0.0,0.003971,0.004315
449,4,0,0,,66.0,26.2,0.008256279,76.7443858047402,7.476196289,0.0,-0.010929291,0.00085,5.474150157,6054.157195,0.0,0.0,0.004093,0.004566
450,4,0,0,,66.0,26.2,0.008216792,76.831441796755,7.432250977,0.0,-0.000959,-0.017046094,5.492046094,6068.860407,0.0,0.0,0.003949,0.004272
451,4,0,0,,66.0,26.3,0.008183456,76.9259979569058,7.476196289,0.0,-0.005560516,-0.039418221,5.514418221,6085.697271,838.60907,438.542694,0.004129,0.005018
452,4,0,0,,67.0,26.3,0.008166838,77.0100938898586,7.432250977,0.0,0.012271484,-0.050466418,5.525466418,6100.456901,741.707275,561.837585,0.004717,0.0
453,4,0,0,,66.0,26.3,0.008158614,77.1140219288456,7.651977539,0.0,0.009203613,-0.041437149,5.516437149,6117.356724,304.613708,960.985779,0.003946,0.004257
454,4,0,0,,65.0,26.3,0.008151925,77.2107737115584,7.564086914,0.0,0.00690271,-0.01931417,5.49431417,6132.877107,0.0,0.0,0.004027,0.004334
455,4,0,0,,65.0,26.4,0.008140173,77.3026408094098,7.564086914,0.0,0.009203613,0.01889801,5.45610199,6147.718295,0.0,0.0,0.003899,0.004278
456,4,0,0,,65.0,26.4,0.008122396,77.4003600790504,7.476196289,0.0,-0.001725677,0.090849638,5.384150362,6164.709197,0.0,0.0,0.0039,0.004305
457,4,0,0,,65.0,26.4,0.00810358,77.4796221340056,7.476196289,0.0,0.001533936,0.158182025,5.316817975,6179.600144,772.900818,543.222473,0.003969,0.0
458,4,0,0,,65.0,26.4,0.00806838,77.5728469193612,7.476196289,0.0,-0.007094452,0.240905762,5.234094238,6196.641095,768.954529,536.535095,0.004215,0.004693
459,4,0,0,,66.0,26.5,0.008018194,77.6530505991504,7.476196289,0.0,-0.027035614,0.307961702,5.167038298,6211.57213,0.0,0.0,0.003783,0.004223
460,4,0,0,,66.0,26.5,0.007943684,77.7449835511946,7.739868164,0.0,0.001533936,0.3339746,5.1410254,6228.658437,0.0,0.0,0.004268,0.0
461,4,0,0,,68.0,26.5,0.007875825,77.8389113445424,7.783813477,0.0,-0.005560516,0.324976683,5.150023317,6243.628076,791.877014,374.359406,0.004053,0.004018
462,4,0,0,,68.0,26.5,0.00780814,77.951021815265,7.739868164,0.0,-0.001725677,0.292856216,5.182143784,6260.759779,798.078491,363.113403,0.003734,0.004039
463,4,0,0,,69.0,26.3,0.007764412,78.0607924987484,7.783813477,0.0,0.009203613,0.260851383,5.214148617,6275.771906,0.0,0.0,0.004042,0.004408
464,4,0,0,,66.0,26.3,0.007742963,78.148234925484,7.432250977,0.0,0.030678711,0.246978045,5.228021955,6293.668645,0.0,0.0,0.004138,0.004456
465,4,0,0,,67.0,26.1,0.007755218,77.9128607589434,0.0,0.0,0.04141626,0.29761529,5.17738471,6308.004692,0.0,0.0,0.004139,0.004574
466,4,0,0,,66.0,26.1,0.007799943,77.4547759843608,5.58380127,0.0,0.0690271,0.477886677,4.997113323,6325.946906,831.923096,406.576599,0.004275,0.004578
467,4,0,0,,66.0,26.2,0.00785429,77.3839038211606,5.58380127,0.0,0.049085938,0.83453083,4.64046917,6340.31816,0.0,0.0,0.004246,0.004635
468,4,0,0,,66.0,26.2,0.00791936,77.3222863768446,6.113891602,0.0,-0.013997162,1.384390831,4.090609169,6358.304205,387.826202,838.686096,0.004287,0.004531
469,4,0,0,,67.0,26.2,0.007971947,77.3041538947844,5.938110352,0.0,-0.045442841,-1.680216074,3.505216074,6373.433931,0.0,0.0,0.004187,0.004636
470,4,0,0,,67.0,26.2,0.008028623,77.2725447351906,6.113891602,0.0,-0.076121552,-1.16390729,2.98890729,6390.750342,0.0,0.0,0.004146,0.004579
471,4,0,0,,67.0,26.0,0.008081679,77.2459412989196,6.069946289,0.0,-0.050811615,-0.852919817,2.677919817,6405.926209,1410.03064,46.028099,0.004042,0.004548
472,4,0,0,,67.0,26.0,0.008150172,77.214901652565,5.982055664,0.0,0.0,-0.69938302,2.52438302,6423.289671,0.0,0.0,0.004141,0.004535
473,4,0,0,,67.0,26.1,0.008215875,77.187020319867,5.894165039,0.0,0.050619873,-0.651827574,2.476827574,6438.420014,0.0,0.0,0.004226,0.004636
474,4,0,0,,71.0,26.1,0.008293326,77.1338753425414,5.627746582,0.0,0.03451355,-0.518798113,2.343798113,6455.624276,568.926208,719.215515,0.004109,0.004606
475,4,0,0,,70.0,25.9,0.008356547,77.0819113954682,6.026000977,0.0,-0.010162323,-0.294581652,2.119581652,6470.655757,0.0,0.0,0.004253,0.0
476,4,0,0,,68.0,25.9,0.008410471,77.0995605122594,6.904907227,0.0,-0.010929291,-0.06129241,1.88629241,6487.822679,0.0,0.0,0.004075,0.0
477,4,0,0,,67.0,25.4,0.008428856,77.1348702043426,6.509399414,0.0,-0.02166684,0.114625216,1.710374784,6502.840845,800.47583,364.694885,0.003894,0.004176
478,4,0,0,,67.0,25.4,0.008418044,77.137507526361,5.58380127,0.0,-0.076121552,0.205295324,1.619704676,6517.858944,1203.689819,232.130203,0.00387,0.004432
479,4,0,0,,66.0,24.7,0.008385237,76.6354251986392,0.0,16.70837402,-0.054646454,0.145375013,1.679624987,6535.733489,1311.83252,138.800095,0.004125,0.00471
480,4,0,0,,66.0,24.7,0.008355983,76.1245774718602,0.0,28.5736084,-0.007094452,-0.085795164,1.910795164,6550.027214,0.0,0.0,0.004265,0.004598
481,4,0,0,,67.0,24.0,0.008332546,75.5432205524246,0.0,31.64978027,0.085133423,-0.380808592,2.205808592,6567.880546,0.0,0.0,0.004267,0.004741
482,4,0,0,,67.0,24.0,0.008317085,75.0564256189506,0.0,30.62438965,0.091269165,-0.470891714,2.295891714,6582.152688,0.0,0.0,0.004165,0.004592
483,4,0,0,,69.0,23.7,0.00829063,74.4819540675842,0.0,31.06384277,0.009203613,-0.343806505,2.168806505,6599.999135,549.005615,761.130493,0.0041,0.004568
484,4,0,0,,67.0,23.7,0.008253925,73.9882584934044,0.0,30.77087402,-0.030103485,-0.103871107,1.928871107,6614.997091,0.0,0.0,0.004266,0.004567
485,4,0,0,,67.0,23.4,0.008208781,73.4443076406162,0.0,27.4017334,-0.036239227,0.104215384,1.720784616,6632.090921,0.0,0.0,0.004223,0.004623
486,4,0,0,,66.0,23.4,0.008180751,72.9755012820196,0.0,27.84118652,-0.037773163,0.189679384,1.635320616,6646.931854,357.178802,899.954224,0.004142,0.00456
487,4,0,0,,66.0,23.2,0.008166468,72.420497305084,0.0,17.29431152,-0.017832001,0.163977385,1.661022615,6663.761181,728.923218,475.018402,0.004456,0.005297
488,4,0,0,,67.0,23.2,0.008165634,71.9428956619864,0.0,5.136108398,0.003834839,0.067732573,1.757267427,6678.374219,1074.711548,266.159088,0.003667,0.003995
489,4,0,0,,66.0,23.0,0.008170044,71.4154522119132,0.0,3.817749023,0.014572388,-0.063070536,1.888070536,6694.943439,0.0,0.0,0.004192,0.004586
490,4,0,0,,66.0,23.0,0.008168974,70.9438396954388,0.0,0.0,0.018407227,-0.154343367,1.979343367,6709.328701,0.0,0.0,0.004202,0.004626
491,4,0,0,,66.0,22.8,0.008157691,70.4075205743316,0.0,0.0,0.036047485,-0.206533194,2.031533194,6725.643502,0.0,0.0,0.004244,0.004516
492,4,0,0,,66.0,22.8,0.008147579,70.1557188927136,5.23223877,0.0,0.023009033,-0.190413713,2.015413713,6739.809359,810.917297,358.095215,0.004122,0.004286
493,4,0,0,,66.0,22.6,0.008150749,70.174576591658,5.671691895,0.0,-0.008628387,-0.111551523,1.936551523,6755.873713,0.0,0.0,0.004005,0.004338
494,4,0,0,,66.0,22.6,0.008169314,70.2083516814908,5.75958252,0.0,-0.020132904,-0.040038347,1.865038347,6770.48325,270.389008,910.260925,0.004117,0.004595
495,4,0,0,,65.0,22.8,0.008194904,70.300254377943,7.300415039,0.0,0.003834839,0.01710248,1.80789752,6785.639554,1100.958252,648.417908,0.004152,0.004482
496,4,0,0,,65.0,22.8,0.008209151,70.5892186813466,9.324645996,0.0,-0.015531097,0.050985575,1.774014425,6800.025681,0.0,0.0,0.003979,0.004352
497,4,0,0,,65.0,23.2,0.0082156,70.8976981634582,8.709411621,0.0,-0.017832001,0.061458826,1.763541174,6814.974385,0.0,0.0,0.004161,0.00444
498,4,0,0,,65.0,23.2,0.008214572,71.1550133634492,9.324645996,0.0,0.0,0.043522596,1.781477404,6829.267192,0.0,0.0,0.00396,0.004289
499,4,0,0,,65.0,23.6,0.008206102,71.5882605661692,11.17034912,0.0,-0.010929291,0.002107859,1.822892141,6844.868661,1277.771362,181.177094,0.003996,0.004228
500,4,0,0,,65.0,23.6,0.008196623,71.8609593506598,5.58380127,0.0,-0.013997162,-0.044854403,1.869854403,6858.540513,0.0,0.0,0.004016,0.00433
501,4,0,0,,68.0,24.2,0.008188773,71.8897855590586,6.509399414,0.0,-0.015531097,-0.105048418,1.930048418,6872.270024,0.0,0.0,0.004118,0.004389
502,4,0,0,,65.0,24.2,0.008181834,71.971107939362,6.201782227,0.0,0.023776001,-0.200293779,2.025293779,6888.032826,754.097717,554.443481,0.004242,0.0
503,4,0,0,,68.0,24.5,0.008172297,71.987699430092,5.58380127,0.0,0.023776001,-0.25199914,2.07699914,6901.890453,655.047485,614.646729,0.003833,0.00445
504,4,0,0,,65.0,24.5,0.008143627,71.9898616910358,5.58380127,0.0,0.018407227,-0.254421949,2.079421949,6918.492432,725.270325,476.054901,0.004015,0.004374
505,4,0,0,,65.0,24.7,0.00809618,71.9871630692568,5.806274414,0.0,0.009203613,-0.212774038,2.037774038,6931.801101,0.0,0.0,0.003842,0.004249
506,4,0,0,,65.0,24.7,0.008022503,71.9613926595566,0.0,0.0,0.00690271,-0.140881777,1.965881777,6948.454138,0.0,0.0,0.003854,0.004168
507,4,0,0,,66.0,24.9,0.0079494,71.4982086429038,0.0,0.0,-0.016298065,-0.063126326,1.888126326,6961.78438,0.0,0.0,0.003949,0.004428
508,4,0,0,,66.0,24.9,0.00786795,71.0937544800852,0.0,0.0,-0.016298065,0.019522429,1.805477571,6978.447784,630.084778,669.085327,0.004035,0.004535
509,4,0,0,,65.0,25.1,0.007811286,70.9715875977574,5.58380127,0.0,-0.000959,0.070226431,1.754773569,6991.778258,574.607117,763.036926,0.004206,0.004613
510,4,0,0,,65.0,25.1,0.007766869,70.9385384007316,1.274414063,0.0,-0.015531097,0.123074293,1.701925707,7008.41897,0.0,0.0,0.004088,0.004476
511,4,0,0,,66.0,25.3,0.007742117,70.5060079658608,0.0,0.0,-0.010162323,0.157171011,1.667828989,7022.30276,0.0,0.0,0.004019,0.004546
512,4,0,0,,65.0,25.3,0.007731941,69.991224485458,0.0,8.358764648,-0.001725677,0.152873755,1.672126245,7038.088573,562.580811,777.539673,0.004217,0.004589
513,4,0,0,,65.0,25.5,0.007745742,69.5466667285642,0.0,14.36462402,-0.003259613,0.132237196,1.692762804,7051.888731,1465.747803,39.991199,0.003935,0.004254
514,4,0,0,,65.0,25.5,0.007789137,69.0213453864018,0.0,19.34509277,0.00690271,0.102493525,1.722506475,7067.606997,1271.753052,178.479401,0.003971,0.004285
515,4,0,0,,65.0,25.3,0.007840199,68.5668421979892,0.0,4.257202148,0.00690271,0.081274271,1.743725729,7081.256352,603.659485,803.261414,0.00422,0.004537
516,4,0,0,,64.0,25.3,0.007891481,68.0666332224944,0.0,2.352905273,0.003067871,0.069839239,1.755160761,7096.735792,1383.522949,343.671295,0.004219,0.004592
517,4,0,0,,64.0,25.2,0.007918317,67.618508379584,0.0,4.403686523,-0.003259613,0.067602396,1.757397604,7110.176315,632.517212,626.998291,0.004291,0.0
518,4,0,0,,64.0,25.2,0.007927961,67.1407870015904,0.0,18.17321777,0.003067871,0.056838274,1.768161726,7125.419072,0.0,0.0,0.004071,0.004584
519,4,0,0,,65.0,25.4,0.00791795,66.7161415280496,0.0,34.28649902,-0.039307098,0.051889181,1.773110819,7139.282052,744.443604,612.880005,0.004545,0.005342
520,4,0,0,,65.0,25.4,0.007884152,66.2453849229608,0.0,34.87243652,0.005368774,0.001718283,1.823281717,7153.664029,773.424927,582.529419,0.004166,0.004438
521,4,0,0,,65.0,25.3,0.007840495,65.8418781946936,0.0,20.51696777,0.016106323,-0.054414988,1.879414988,7167.315238,0.0,0.0,0.004107,0.004442
522,4,0,0,,66.0,25.3,0.007785192,65.3773738915982,0.0,0.0,-0.058481293,-0.101626635,1.926626635,7181.47741,1359.628174,80.834602,0.004298,0.00461
523,4,0,0,,66.0,25.4,0.007736965,65.062573259928,3.913879395,0.0,-0.030103485,-0.211561441,2.036561441,7194.919966,0.0,0.0,0.004288,0.004461
524,4,0,0,,69.0,25.4,0.007689178,65.0970689639326,6.157836914,0.0,0.054454712,-0.35682559,2.18182559,7207.053043,0.0,0.0,0.004259,0.004617
525,4,0,0,,66.0,25.6,0.007635326,65.4363688198238,10.90667725,0.0,0.083599487,-0.434254408,2.259254408,7222.12327,806.068115,517.329712,0.004255,0.004647
526,4,0,0,,64.0,25.6,0.007591004,65.7557502285898,5.58380127,0.0,0.046785034,-0.3692801,2.1942801,7234.78611,0.0,0.0,0.004323,0.004604
527,4,0,0,,64.0,25.4,0.007548925,65.3186192378346,0.0,36.1907959,-0.032404388,-0.18705821,2.01205821,7249.34427,0.0,0.0,0.004266,0.004605
528,4,0,0,,64.0,25.4,0.007520164,64.889585222861,0.0,36.63024902,-0.030870453,-0.030606031,1.855606031,7262.101241,1154.816162,274.318512,0.004214,0.004449
529,4,0,0,,65.0,25.3,0.007489222,64.4149007016342,0.0,17.29431152,-0.050811615,0.050385237,1.774614763,7276.571807,1280.273071,178.430405,0.004198,0.004627
530,4,0,0,,65.0,25.3,0.007462504,64.007725563304,0.0,0.0,-0.004793549,0.029404402,1.795595598,7289.137275,666.698914,647.041992,0.004209,0.004583
531,4,0,0,,65.0,25.2,0.007438388,63.5409672668848,0.395507813,0.0,0.019941162,-0.034190893,1.859190893,7303.38785,635.551697,722.835876,0.004274,0.004445
532,4,0,0,,65.0,25.2,0.00742471,63.5060717223572,6.641235352,0.0,0.003067871,-0.086241961,1.911241961,7315.761755,0.0,0.0,0.004334,0.004599
533,4,0,0,,66.0,25.1,0.007413486,63.7901628798672,8.399047852,0.0,0.003834839,-0.12909627,1.95409627,7329.8741,1079.609619,277.575104,0.004209,0.004564
534,4,0,0,,66.0,25.1,0.007401596,64.0844393249296,6.377563477,0.0,0.025309937,-0.170401335,1.995401335,7342.283716,708.180908,611.73761,0.0,0.007183
535,4,0,0,,67.0,25.2,0.007373188,64.2681536935636,7.300415039,0.0,-0.02856955,-0.200543165,2.025543165,7356.534081,1169.36853,259.394287,0.004183,0.004412
536,4,0,0,,66.0,25.2,0.007329469,64.5147339037384,8.135375977,0.0,-0.027035614,-0.243748426,2.068748426,7369.648347,0.0,0.0,0.004261,0.004521
537,4,0,0,,66.0,25.1,0.007275235,65.0737690198796,11.47796631,0.0,-0.007094452,-0.323556185,2.148556185,7383.457681,0.0,0.0,0.004298,0.004807
538,4,0,0,,66.0,25.1,0.007250998,65.586144750615,8.311157227,0.0,0.037581421,-0.384020567,2.209020567,7396.795676,0.0,0.0,0.004279,0.004875
539,4,0,0,,66.0,25.0,0.007268331,65.7161893361494,5.23223877,0.0,0.02761084,-0.402296305,2.227296305,7411.394981,0.0,0.0,0.004247,0.004585
540,4,0,0,,66.0,25.0,0.007314737,65.7118918028936,5.364074707,0.0,0.009203613,-0.348628759,2.173628759,7424.175383,963.219299,509.475189,0.004117,0.004277
541,4,0,0,,66.0,24.9,0.007378712,65.9999842141654,9.412536621,0.0,0.014572388,-0.250279665,2.075279665,7438.849905,842.383423,560.938293,0.004172,0.004562
542,4,0,0,,66.0,24.9,0.007427376,66.3685835853494,8.885192871,0.0,0.012271484,-0.137116194,1.962116194,7451.770089,0.0,0.0,0.004304,0.004749
543,4,0,0,,66.0,24.8,0.007461974,66.644205977351,7.564086914,0.0,-0.016298065,0.0098598,1.8151402,7466.59058,0.0,0.0,0.004314,0.004855
544,4,0,0,,66.0,24.8,0.007469622,66.802035480024,6.773071289,0.0,-0.030103485,0.124211073,1.700788927,7479.594035,0.0,0.0,0.004151,0.004349
545,4,0,0,,66.0,24.7,0.007462495,66.9443769520314,6.553344727,0.0,-0.027035614,0.201386213,1.623613787,7492.626482,0.0,0.0,0.0,0.00494
546,4,0,0,,70.0,24.7,0.007454168,67.0941218708408,6.509399414,0.0,-0.010929291,0.221431971,1.603568029,7508.163556,0.0,0.0,0.00402,0.004408
547,4,0,0,,67.0,25.0,0.007459543,67.1127902953078,0.0,0.0,-0.012463226,0.202821493,1.622178507,7520.523621,0.0,0.0,0.004283,0.00443
548,4,0,0,,66.0,25.0,0.007484138,66.620049623017,0.0,0.0,-0.019365936,0.149471521,1.675528479,7535.854921,0.0,0.0,0.004168,0.004482
549,4,0,0,,66.0,25.2,0.007517336,66.1821782875816,0.0,0.0,-0.015531097,0.061819315,1.763180685,7548.061158,1403.885376,80.365799,0.004037,0.004373
550,4,0,0,,66.0,25.2,0.007560961,65.9168111250488,6.597290039,0.0,-0.004793549,-0.089516401,1.914516401,7563.362642,0.0,0.0,0.004198,0.004539
551,4,0,0,,66.0,25.3,0.007599834,66.0872015586086,7.124633789,0.0,0.001533936,-0.225664377,2.050664377,7576.27995,539.439026,863.231812,0.004285,0.004485
552,4,0,0,,66.0,25.3,0.007639813,66.4182054116404,8.574829102,0.0,0.046785034,-0.390980005,2.215980005,7591.117353,338.914398,1030.181396,0.004025,0.004368
553,4,0,0,,66.0,25.5,0.007665175,66.7037999019246,8.311157227,0.0,0.055988647,-0.468113661,2.293113661,7604.153184,0.0,0.0,0.004213,0.004669
554,4,0,0,,66.0,25.5,0.007683926,67.0227838358974,7.783813477,0.0,0.023776001,-0.436910868,2.261910868,7618.975284,592.951111,738.793213,0.004182,0.004576
555,4,0,0,,66.0,25.7,0.007696859,66.873042940438,0.0,11.28845215,0.0,-0.351661444,2.176661444,7631.845319,1006.622192,479.173309,0.004146,0.004352
556,4,0,0,,65.0,25.7,0.007709519,66.369439979537,0.0,15.6829834,-0.013997162,-0.233994722,2.058994722,7646.441369,0.0,0.0,0.004099,0.004595
557,4,0,0,,65.0,26.1,0.007722275,65.9164978026442,0.0,15.82946777,-0.003259613,-0.140550375,1.965550375,7659.115137,631.373718,669.044617,0.004083,0.004379
558,4,0,0,,65.0,26.1,0.007751166,65.4199226685892,0.0,14.07165527,-0.003259613,-0.049930811,1.874930811,7673.488563,0.0,0.0,0.00407,0.004373
559,4,0,0,,65.0,26.2,0.00779938,64.990199711255,0.0,14.07165527,-0.010929291,0.020756006,1.804243994,7685.96862,1195.582886,487.077698,0.004187,0.004491
560,4,0,0,,67.0,26.2,0.007882008,64.4840931162094,0.0,14.65759277,0.042183228,0.091145277,1.733854723,7700.122202,0.0,0.0,0.004294,0.004589
561,4,0,0,,67.0,26.0,0.007972253,64.0604264432566,0.0,14.5111084,-0.000959,0.186242819,1.638757181,7712.99202,1396.933105,97.333504,0.004353,0.004559
562,4,0,0,,65.0,26.0,0.008088169,63.5746444122852,0.0,14.36462402,-0.118304779,0.260411501,1.564588499,7726.354824,1219.456055,182.783096,0.004182,0.004518
563,4,0,0,,65.0,25.8,0.008196421,63.1375008847714,0.0,3.378295898,-0.025501678,0.12295413,1.70204587,7739.15223,0.0,0.0,0.004219,0.004587
564,4,0,0,,65.0,25.8,0.008322472,62.6891299415882,5.012512207,0.0,0.0,-0.184429407,2.009429407,7753.209946,1286.893555,167.373001,0.004132,0.004394
565,4,0,0,,68.0,25.6,0.008427516,62.8183482114996,7.124633789,0.0,0.125782715,-0.464212179,2.289212179,7765.622569,628.63269,763.807617,0.004336,0.004802
566,4,0,0,,65.0,25.6,0.008531943,63.2492060110282,9.456481934,0.0,0.079764648,-0.556874037,2.381874037,7779.903776,0.0,0.0,0.004292,0.004587
567,4,0,0,,68.0,25.4,0.008605472,63.7536313446692,10.68695068,0.0,0.018407227,-0.396574736,2.221574736,7792.476394,0.0,0.0,0.004273,0.004578
568,4,0,0,,65.0,25.4,0.008661405,64.184540289023,7.915649414,0.0,0.0,-0.137351274,1.962351274,7805.127899,0.0,0.0,0.004266,0.004562
569,4,0,0,,65.0,25.3,0.008704833,64.5415864175612,8.574829102,0.0,-0.092994843,0.120308638,1.704691362,7819.693899,1575.892578,821.35083,0.004316,0.004738
570,4,0,0,,65.0,25.3,0.008732859,64.9061511733652,8.929138184,0.0,-0.094528778,0.198728323,1.626271677,7832.562787,0.0,0.0,0.004167,0.004285
571,4,0,0,,66.0,25.2,0.008767091,65.3537487160246,9.632263184,0.0,-0.024734711,0.091304541,1.733695459,7847.419541,1212.397339,133.071793,0.00436,0.00459
572,4,0,0,,66.0,25.2,0.008805637,65.8360905735318,11.8762207,0.0,-0.013997162,-0.116542578,1.941542578,7860.543664,812.989807,359.1987,0.00426,0.004537
573,4,0,0,,66.0,25.1,0.008863508,66.501802883715,11.8762207,0.0,0.0690271,-0.375267744,2.200267744,7875.674116,1116.707764,292.900787,0.004295,0.004476
574,4,0,0,,66.0,25.1,0.008928441,67.0887193164608,11.8762207,0.0,0.049085938,-0.517490625,2.342490625,7889.036306,743.614075,598.792908,0.004424,0.004817
575,4,0,0,,67.0,25.0,0.009015505,67.6738413512,11.21429443,0.0,0.061357422,-0.542502165,2.367502165,7904.437186,0.0,0.0,0.004221,0.0
576,4,0,0,,71.0,25.0,0.009096044,68.2040383820132,12.18383789,0.0,0.03451355,-0.454274416,2.279274416,7918.628107,712.535522,579.246277,0.004413,0.0
577,4,0,0,,68.0,24.9,0.0091887,68.8379864405068,11.65649414,0.0,-0.004793549,-0.257670164,2.082670164,7933.542847,0.0,0.0,0.0,0.0
578,4,0,0,,67.0,24.9,0.009269548,69.364341091603,9.764099121,0.0,-0.046976776,-0.052075624,1.877075624,7947.916017,546.878296,634.008301,0.00425,0.004619
579,4,0,0,,68.0,24.8,0.009361203,69.6740229599088,8.223266602,0.0,-0.039307098,0.097730398,1.727269602,7963.052912,718.422913,623.699219,0.004315,0.004629
580,4,0,0,,68.0,24.8,0.009444213,69.9853023395656,11.21429443,0.0,-0.040074066,0.127676725,1.697323275,7977.634084,740.112122,618.43689,0.00418,0.004513
581,4,0,0,,67.0,25.0,0.00954907,70.508104259958,11.21429443,0.0,-0.015531097,0.070785761,1.754214239,7993.634077,727.53302,624.305298,0.004284,0.005198
582,4,0,0,,67.0,25.0,0.009651764,70.9711198430864,11.03851318,0.0,0.016106323,-0.030086756,1.855086756,8007.649773,0.0,0.0,0.003963,0.004206
583,4,0,0,,68.0,25.2,0.009777142,71.4702915667644,11.17034912,0.0,0.036047485,-0.125265837,1.950265837,8023.709189,800.608887,371.458496,0.003958,0.004156
584,4,0,0,,68.0,25.2,0.009885002,71.8954727895912,10.86273193,0.0,0.025309937,-0.146707773,1.971707773,8037.828923,0.0,0.0,0.0,0.0
585,4,0,0,,69.0,25.4,0.009989995,72.0672965979154,5.58380127,0.0,0.0,-0.103658438,1.928658438,8054.053718,0.0,0.0,0.004157,0.004452
586,4,0,0,,68.0,25.4,0.010054119,72.1433930006236,7.783813477,0.0,-0.010929291,-0.051623583,1.876623583,8068.997625,970.039185,371.250793,0.004272,0.004485
587,4,0,0,,68.0,25.5,0.010093888,72.4137154336702,9.588317871,0.0,-0.019365936,-0.007415533,1.832415533,8084.688564,988.047119,369.593414,0.004245,0.004454
588,4,0,0,,68.0,25.5,0.010107216,72.7758564107804,10.29144287,0.0,-0.016298065,-0.010267973,1.835267973,8099.760483,1167.652954,203.969193,0.004318,0.004437
589,4,0,0,,68.0,25.7,0.010108636,73.1536744838194,9.632263184,0.0,-0.02166684,-0.046759844,1.871759844,8115.582781,0.0,0.0,0.004281,0.004606
590,4,0,0,,69.0,25.7,0.010098934,73.4419138278332,9.412536621,0.0,-0.015531097,-0.108279943,1.933279943,8130.777416,1197.514526,165.788406,0.004292,0.00446
591,4,0,0,,68.0,25.8,0.010078242,73.7219486277798,9.412536621,0.0,0.001533936,-0.214170218,2.039170218,8144.639108,1080.37085,319.176392,0.004281,0.004408
592,4,0,0,,68.0,25.8,0.010048666,74.0361326569224,9.368591309,0.0,0.005368774,-0.344945192,2.169945192,8162.019698,1193.326172,242.051605,0.004199,0.004502
593,4,0,0,,68.0,25.9,0.010029368,74.2978841313706,9.324645996,0.0,0.023009033,-0.43107295,2.25607295,8176.637422,1128.722412,287.696198,0.004274,0.004456
594,4,0,0,,67.0,25.9,0.010020519,74.5975904574062,9.280700684,0.0,0.043717163,-0.473191977,2.298191977,8193.294691,0.0,0.0,0.004076,0.004271
595,4,0,0,,67.0,26.0,0.01001297,74.8418036985892,9.148864746,0.0,0.039882324,-0.411827326,2.236827326,8207.833498,0.0,0.0,0.004039,0.004175
596,4,0,0,,67.0,26.0,0.009988276,75.0936195906794,8.753356934,0.0,-0.003259613,-0.226721525,2.051721525,8224.385168,0.0,0.0,0.004248,0.004396
597,4,0,0,,66.0,26.1,0.009954358,75.1732884545998,6.729125977,0.0,-0.053879486,-0.040918112,1.865918112,8238.755873,825.845581,316.759888,0.004061,0.004319
598,4,0,0,,66.0,26.1,0.009912441,75.0871250186424,0.0,0.0,-0.02166684,0.09477067,1.73022933,8255.052899,0.0,0.0,0.003977,0.004309
599,4,0,0,,66.0,26.5,0.009873322,74.7688575950244,6.553344727,0.0,-0.000959,0.113260031,1.711739969,8269.202813,0.0,0.0,0.004133,0.004374
600,4,0,0,,66.0,26.5,0.009815636,74.6977831538796,0.0,2.059936523,0.018407227,0.099351645,1.725648355,8285.248778,0.0,0.0,0.004143,0.004468
601,4,0,0,,66.0,26.5,0.009749502,74.1806043479142,0.0,13.9251709,0.025309937,0.112232924,1.712767076,8299.18658,1345.936279,129.908096,0.004173,0.00437
602,4,0,0,,66.0,26.5,0.009658627,73.5990349634118,0.0,14.07165527,-0.004793549,0.185127497,1.639872503,8315.091414,1160.637329,216.695694,0.004029,0.004306
603,4,0,0,,66.0,26.6,0.009569966,73.1123299115768,0.0,0.0,-0.041608002,0.236158609,1.588841391,8329.67423,0.0,0.0,0.004012,0.004197
604,4,0,0,,67.0,26.6,0.009467961,72.5563421129124,0.0,0.0,-0.033938324,0.220217943,1.604782057,8344.921588,1238.121826,191.645096,0.003802,0.004056
605,4,0,0,,67.0,26.6,0.00938604,72.0773148198824,0.0,0.0,-0.025501678,0.120627642,1.704372358,8359.479682,0.0,0.0,0.003716,0.003934
606,4,0,0,,65.0,26.6,0.009304115,71.5815332835682,4.17755127,0.0,0.010737549,-0.072141886,1.897141886,8375.302264,0.0,0.0,0.004168,0.004388
607,4,0,0,,65.0,26.7,0.009247205,71.5806705163942,5.671691895,0.0,0.003067871,-0.229035139,2.054035139,8389.136405,0.0,0.0,0.00367,0.003814
608,4,0,0,,68.0,26.7,0.0092033,71.5932150641998,5.627746582,0.0,0.056755615,-0.368409872,2.193409872,8404.957778,0.0,0.0,0.003927,0.0042
609,4,0,0,,66.0,26.7,0.009179502,71.6002025770788,5.58380127,0.0,0.054454712,-0.370113134,2.195113134,8418.825671,0.0,0.0,0.003962,0.004329
610,4,0,0,,69.0,26.7,0.009162533,71.5477444821586,0.043945313,0.0,0.017640259,-0.225721598,2.050721598,8434.717349,748.237305,557.940674,0.004127,0.0
611,4,0,0,,69.0,26.7,0.009158015,71.24927420971,3.65020752,0.0,0.010737549,-0.031154394,1.856154394,8448.660007,385.174805,847.466797,0.004164,0.004489
612,4,0,0,,68.0,26.7,0.009164616,71.1507603284444,5.75958252,0.0,-0.020132904,0.216480017,1.608519983,8464.62774,0.0,0.0,0.00415,0.004538
613,4,0,0,,68.0,26.4,0.009175496,71.1813901080878,5.806274414,0.0,-0.066917938,0.410865068,1.414134932,8478.621318,1232.739014,90.511902,0.00399,0.004342
614,4,0,0,,68.0,26.4,0.009190563,71.2419674198684,6.992797852,0.0,-0.058481293,0.496096373,1.328903627,8492.617519,1151.342163,233.785797,0.004038,0.004399
615,4,0,0,,66.0,26.2,0.009220307,71.4346807027936,7.564086914,0.0,-0.017832001,0.412960768,1.412039232,8508.601973,1215.034424,187.931,0.004273,0.004523
616,4,0,0,,66.0,26.2,0.009258785,71.6024672242334,7.651977539,0.0,-0.003259613,0.28186965,1.54313035,8522.544697,1163.471558,249.275803,0.00431,0.004488
617,4,0,0,,66.0,26.0,0.009301272,71.7875108755206,7.212524414,0.0,0.049085938,0.102928877,1.722071123,8538.44203,1265.949463,145.345993,0.004294,0.004566
618,4,0,0,,67.0,26.0,0.009322976,71.8970976275354,7.168579102,0.0,0.045251099,0.021356344,1.803643656,8552.988312,1262.228027,155.245102,0.004217,0.004568
619,4,0,0,,67.0,25.8,0.009330075,71.9888247289002,5.671691895,0.0,0.029144775,0.034898996,1.790101004,8568.16759,0.0,0.0,0.004189,0.004603
620,4,0,0,,67.0,25.8,0.009330543,71.9797023299508,5.276184082,0.0,0.014572388,0.12556386,1.69943614,8582.660125,474.033997,778.22821,0.004171,0.004539
621,4,0,0,,67.0,25.9,0.009338423,71.889156564613,2.856445313,0.0,0.005368774,0.283598185,1.541401815,8598.442562,0.0,0.0,0.004306,0.004779
622,4,0,0,,67.0,25.9,0.009358257,71.6545272328112,3.869934082,0.0,-0.008628387,0.423340559,1.401659441,8612.224687,705.24408,583.861511,0.004387,0.004923
623,4,0,0,,67.0,26.0,0.009395001,71.5012353930154,3.869934082,0.0,-0.040074066,0.573272943,1.251727057,8627.941745,0.0,0.0,0.004383,0.004676
624,4,0,0,,67.0,26.0,0.009437297,71.3937206662506,4.089660645,0.0,-0.077655487,0.642454863,1.182545137,8641.667276,0.0,0.0,0.004172,0.004443
625,4,0,0,,67.0,26.1,0.00949314,71.2635135051894,4.17755127,0.0,-0.030103485,0.497589827,1.327410173,8657.329011,0.0,0.0,0.004291,0.004563
626,4,0,0,,67.0,26.1,0.009542517,71.1464506446716,4.045715332,0.0,0.074395874,0.212628126,1.612371874,8671.029529,0.0,0.0,0.004224,0.004762
627,4,0,0,,67.0,25.9,0.009594053,71.0152791348956,4.089660645,0.0,0.085133423,0.046278715,1.778721285,8686.700488,0.0,0.0,0.00415,0.004411
628,4,0,0,,67.0,25.9,0.009634167,70.8922456229778,4.00177002,0.0,0.003067871,0.112317324,1.712682676,8701.078676,0.0,0.0,0.004219,0.004539
629,4,0,0,,67.0,25.7,0.009675155,70.733932481448,3.738098145,0.0,-0.030103485,0.284239054,1.540760946,8716.115206,790.479919,367.62439,0.004021,0.004008
630,4,0,0,,67.0,25.7,0.009706324,70.6106085641272,4.045715332,0.0,-0.068451874,0.349018335,1.475981665,8730.503077,0.0,0.0,0.003826,0.004301
631,4,0,0,,67.0,25.5,0.009737222,70.4817688109838,5.23223877,0.0,-0.02166684,0.252776861,1.572223139,8746.215337,0.0,0.0,0.0,0.0
632,4,0,0,,68.0,25.5,0.009760052,70.469723029831,5.144348145,0.0,0.052920776,0.061283827,1.763716173,8759.984798,941.385498,499.677094,0.003982,0.004384
633,4,0,0,,69.0,25.7,0.009776014,70.498943896678,7.124633789,0.0,0.003834839,-0.07192111,1.89692111,8775.742643,0.0,0.0,0.004161,0.004522
634,4,0,0,,68.0,25.7,0.009781858,70.5794861816032,5.627746582,0.0,0.008436646,-0.099108458,1.924108458,8789.551447,0.0,0.0,0.004238,0.00457
635,4,0,0,,68.0,25.8,0.009798492,70.6032998269842,5.58380127,0.0,-0.020132904,-0.083778143,1.908778143,8805.368515,850.148926,638.13031,0.004293,0.004509
636,4,0,0,,68.0,25.8,0.009839424,70.623890237933,5.627746582,0.0,-0.010929291,-0.108928442,1.933928442,8819.253123,1222.793701,564.615295,0.004233,0.004595
637,4,0,0,,68.0,25.9,0.009909846,70.6517567968898,6.113891602,0.0,-0.004793549,-0.161148787,1.986148787,8833.173393,0.0,0.0,0.004308,0.004602
638,4,0,0,,68.0,25.9,0.010015982,70.7647820325618,6.553344727,0.0,0.059823486,-0.194866419,2.019866419,8849.080216,0.0,0.0,0.004282,0.004563
639,4,0,0,,68.0,26.0,0.010113504,70.8488388585526,6.465454102,0.0,0.001533936,-0.138828516,1.963828516,8862.969158,0.0,0.0,0.004332,0.004497
640,4,0,0,,68.0,26.0,0.010214911,70.9436983632,6.377563477,0.0,-0.010162323,-0.002222776,1.827222776,8878.841056,0.0,0.0,0.004256,0.004693
641,4,0,0,,67.0,26.1,0.010290783,71.0375190388774,6.553344727,0.0,-0.019365936,0.101847887,1.723152113,8892.702344,0.0,0.0,0.0043,0.00482
642,4,0,0,,67.0,26.1,0.010361025,71.2023917858736,8.135375977,0.0,-0.000959,0.164553881,1.660446119,8908.488,0.0,0.0,0.0,0.0
643,4,0,0,,67.0,25.9,0.010405874,71.4074947659096,8.047485352,0.0,-0.004793549,0.195654631,1.629345369,8922.910142,731.073792,672.386414,0.004059,0.004434
644,4,0,0,,67.0,25.9,0.01043111,71.6154765816178,6.333618164,0.0,0.0,0.213082552,1.611917448,8937.991692,839.160583,545.529175,0.004131,0.004477
645,4,0,0,,67.0,25.7,0.010426754,71.614334400833,3.342590332,0.0,-0.004793549,0.219588518,1.605411482,8952.433059,710.056702,614.123291,0.004231,0.004473
646,4,0,0,,66.0,25.7,0.010399318,71.4306001729434,5.75958252,0.0,-0.015531097,0.20033288,1.62466712,8967.546722,841.829529,553.273071,0.004277,0.004534
647,4,0,0,,66.0,25.8,0.010366436,71.4497340668186,5.276184082,0.0,0.009203613,0.147744417,1.677255583,8982.015874,0.0,0.0,0.004215,0.00454
648,4,0,0,,66.0,25.8,0.010327264,71.3018654936086,3.82598877,0.0,0.013038452,0.095357656,1.729642344,8997.824609,0.0,0.0,0.004247,0.004567
649,4,0,0,,66.0,25.9,0.010300416,71.1756349312204,0.043945313,0.0,0.018407227,0.082346201,1.742653799,9011.694039,734.075317,636.89447,0.004218,0.004708
650,4,0,0,,65.0,25.9,0.010293545,70.802406196966,5.276184082,0.0,-0.012463226,0.108870745,1.716129255,9027.580579,618.234802,635.521484,0.004325,0.0
651,4,0,0,,65.0,25.8,0.010312334,70.803139734138,5.627746582,0.0,-0.010162323,0.134247065,1.690752935,9041.510426,0.0,0.0,0.004211,0.004466
652,4,0,0,,65.0,25.8,0.010352588,70.8605169537956,6.509399414,0.0,-0.000959,0.136754751,1.688245249,9057.454301,0.0,0.0,0.0,0.0
653,4,0,0,,65.0,25.6,0.010395657,70.9226089763842,6.026000977,0.0,-0.019365936,0.121492147,1.703507853,9071.42376,0.0,0.0,0.003987,0.00421
654,4,0,0,,66.0,25.6,0.01044903,71.004929083114,6.113891602,0.0,-0.013997162,0.068513155,1.756486845,9087.40951,1295.667847,144.079407,0.004146,0.004325
655,4,0,0,,65.0,25.4,0.010495115,71.0534686121616,6.069946289,0.0,-0.007094452,-0.032817602,1.857817602,9101.41765,0.0,0.0,0.004159,0.004349
656,4,0,0,,65.0,25.4,0.010542816,71.1884340444272,7.651977539,0.0,0.026843872,-0.168283701,1.993283701,9118.113133,1170.157837,412.810211,0.004242,0.004396
657,4,0,0,,64.0,25.3,0.0105784,71.3644491373804,7.168579102,0.0,0.038348389,-0.234738111,2.059738111,9131.489818,778.640503,602.632202,0.004187,0.00457
658,4,0,0,,66.0,25.3,0.010608575,71.5236891782832,7.168579102,0.0,0.013038452,-0.204774618,2.029774618,9148.27133,941.421814,522.022217,0.004015,0.004372
659,4,0,0,,66.0,25.2,0.010623209,71.6603721947572,6.597290039,0.0,0.009203613,-0.108613729,1.933613729,9161.778221,580.054199,658.306274,0.003986,0.0
660,4,0,0,,65.0,25.2,0.010621149,71.7535723572108,6.597290039,0.0,-0.005560516,0.007423162,1.817576838,9176.710582,1285.305054,138.765594,0.004262,0.004423
661,4,0,0,,65.0,25.1,0.010586159,71.8525597223978,6.421508789,0.0,-0.003259613,0.143546343,1.681453657,9192.40014,0.0,0.0,0.004305,0.004682
662,4,0,0,,66.0,25.1,0.010523623,71.9332161578092,6.685180664,0.0,-0.017832001,0.245233774,1.579766226,9207.457552,653.335693,614.574524,0.00389,0.0
663,4,0,0,,65.0,25.0,0.010427474,72.0419647172718,6.685180664,0.0,-0.033938324,0.311907053,1.513092947,9223.936204,1003.528015,489.319885,0.004138,0.004472
664,4,0,0,,67.0,25.0,0.010338757,72.114368087015,6.333618164,0.0,-0.015531097,0.293877363,1.531122637,9238.410851,692.626404,591.127319,0.004263,0.0
665,4,0,0,,65.0,24.9,0.010256463,72.2165680649902,7.124633789,0.0,0.003834839,0.220770121,1.604229879,9255.013882,945.663208,528.019409,0.004215,0.00448
666,4,0,0,,66.0,24.9,0.01022488,72.4051741513014,9.412536621,0.0,0.018407227,0.151423216,1.673576784,9269.592676,0.0,0.0,0.004153,0.00453
667,4,0,0,,66.0,24.8,0.01024537,72.858312699861,11.03851318,0.0,0.021475098,0.095966101,1.729033899,9286.305349,0.0,0.0,0.004238,0.004543
668,4,0,0,,66.0,24.8,0.010298641,73.2213248127132,9.939880371,0.0,0.005368774,0.088474989,1.736525011,9301.667237,0.0,0.0,0.00433,0.0
669,4,0,0,,67.0,24.7,0.010375494,73.6337919920456,9.280700684,0.0,-0.007094452,0.111628771,1.713371229,9317.762578,758.054199,715.710815,0.004211,0.004585
670,4,0,0,,67.0,24.7,0.010436038,73.8744502655422,8.267211914,0.0,-0.008628387,0.133814573,1.691185427,9333.18113,729.209229,699.401978,0.004264,0.004545
671,4,0,0,,67.0,24.9,0.010481419,74.0873508358396,8.841247559,0.0,-0.013997162,0.137223482,1.687776518,9349.330825,1021.898987,591.955322,0.004209,0.004579
672,4,0,0,,67.0,24.9,0.010504445,74.3533084974052,9.192810059,0.0,0.005368774,0.120840311,1.704159689,9364.807476,0.0,0.0,0.00413,0.00433
673,4,0,0,,67.0,25.1,0.010527936,74.644824940461,9.017028809,0.0,0.005368774,0.096111059,1.728888941,9381.722965,0.0,0.0,0.003968,0.004174
674,4,0,0,,68.0,25.1,0.010557385,74.8798679370164,8.973083496,0.0,0.00690271,0.078964472,1.746035528,9396.544896,0.0,0.0,0.003986,0.004214
675,4,0,0,,68.0,25.0,0.010604701,75.1332402701008,8.442993164,0.0,-0.016298065,0.073870897,1.751129103,9413.475635,933.505371,551.160706,0.004197,0.004453
676,4,0,0,,68.0,25.0,0.010650424,75.3174849484516,8.311157227,0.0,-0.015531097,0.06447196,1.76052804,9428.27964,1420.853027,15.7363,0.004187,0.004533
677,4,0,0,,68.0,24.9,0.010696547,75.5120958685444,7.959594727,0.0,-0.003259613,0.00982976,1.81517024,9445.185097,989.161194,510.235291,0.004097,0.004504
678,4,0,0,,68.0,24.9,0.010733529,75.6254424250408,7.168579102,0.0,-0.027035614,-0.0661695,1.8911695,9459.963782,0.0,0.0,0.004133,0.004334
679,4,0,0,,69.0,24.8,0.010783086,75.759812304946,7.739868164,0.0,0.03451355,-0.196329355,2.021329355,9476.86303,1141.219727,278.226807,0.004181,0.004362
680,4,0,0,,68.0,24.8,0.01084005,75.8910071984322,7.739868164,0.0,0.026843872,-0.299649,2.124649,9491.691724,0.0,0.0,0.004429,0.0
681,4,0,0,,68.0,24.8,0.010909782,76.0207854381966,7.783813477,0.0,0.032979614,-0.332058668,2.157058668,9506.568464,1105.288574,515.247925,0.003839,0.004283
682,4,0,0,,67.0,24.8,0.010990828,76.1633580275214,7.783813477,0.0,0.045251099,-0.297461748,2.122461748,9523.630408,0.0,0.0,0.003943,0.004312
683,4,0,0,,67.0,25.0,0.011044293,76.2423791159984,5.58380127,0.0,0.019941162,-0.201372862,2.026372862,9538.610703,0.0,0.0,0.003994,0.004257
684,4,0,0,,67.0,25.0,0.011074267,76.1844356017816,5.539855957,0.0,-0.000959,-0.018878698,1.843878698,9555.785063,0.0,0.0,0.004188,0.004505
685,4,0,0,,67.0,25.2,0.011073232,76.136413636478,5.495910645,0.0,-0.039307098,0.151094198,1.673905802,9571.57958,0.0,0.0,0.004168,0.00445
686,4,0,0,,67.0,25.2,0.011039148,76.0695773600364,5.320129395,0.0,-0.041608002,0.259624243,1.565375757,9588.14125,0.0,0.0,0.004015,0.0
687,4,0,0,,67.0,25.4,0.010984042,76.0050440652282,5.58380127,0.0,-0.02166684,0.24853158,1.57646842,9604.03203,759.828979,551.023193,0.00413,0.0
688,4,0,0,,67.0,25.4,0.010911716,76.0440422841244,7.827758789,0.0,-0.003259613,0.138052702,1.686947298,9621.411781,0.0,0.0,0.004193,0.0
689,4,0,0,,67.0,25.5,0.010860248,76.2469644797132,9.324645996,0.0,0.009203613,0.017029047,1.807970953,9636.639907,0.0,0.0,0.003945,0.004259
690,4,0,0,,68.0,25.5,0.010827028,76.5237813882364,9.236755371,0.0,0.014572388,-0.120295286,1.945295286,9654.065255,0.0,0.0,0.004058,0.004346
691,4,0,0,,68.0,25.7,0.010820918,76.7708625054862,9.456481934,0.0,0.019941162,-0.212366819,2.037366819,9669.348495,538.174988,901.52417,0.004055,0.00424
692,4,0,0,,68.0,25.7,0.010831092,77.046946182612,9.104919434,0.0,0.039882324,-0.250768423,2.075768423,9686.860287,0.0,0.0,0.004091,0.004394
693,4,0,0,,68.0,25.8,0.010841167,77.261663118407,9.192810059,0.0,-0.000959,-0.22010684,2.04510684,9702.223641,0.0,0.0,0.004153,0.004504
694,4,0,0,,69.0,25.8,0.010838824,77.5215813936612,9.280700684,0.0,0.013038452,-0.168320894,1.993320894,9719.828327,0.0,0.0,0.004246,0.004511
695,4,0,0,,69.0,26.2,0.010821377,77.735379348036,9.017028809,0.0,-0.000959,-0.093334436,1.918334436,9735.274394,0.0,0.0,0.004307,0.004475
696,4,0,0,,69.0,26.2,0.010792607,77.9869662471376,9.456481934,0.0,-0.010162323,-0.008990526,1.833990526,9752.974016,0.0,0.0,0.004202,0.004476
697,4,0,0,,68.0,26.6,0.010769421,78.1745122772842,8.486938477,0.0,-0.010162323,0.031958342,1.793041658,9768.501792,0.0,0.0,0.004096,0.004352
698,4,0,0,,68.0,26.6,0.01074785,78.3127186789088,6.465454102,0.0,0.003067871,0.04176259,1.78323741,9787.035348,848.085571,563.187195,0.003855,0.004085
699,4,0,0,,68.0,26.9,0.010724915,78.3817781298132,8.091430664,0.0,0.001533936,0.046688795,1.778311205,9801.898854,0.0,0.0,0.004345,0.00452
700,4,0,0,,68.0,26.9,0.010685757,78.5682506658062,8.929138184,0.0,0.003834839,0.062247515,1.762752485,9820.501134,747.263306,592.534729,0.004355,0.004582
701,4,0,0,,68.0,27.2,0.010646231,78.76218751384,8.841247559,0.0,-0.008628387,0.085950613,1.739049387,9835.293743,0.0,0.0,0.004239,0.004561
702,4,0,0,,67.0,27.2,0.010607444,78.9797704105872,9.060974121,0.0,0.001533936,0.111021757,1.713978243,9853.640275,0.0,0.0,0.00419,0.004487
703,4,0,0,,67.0,27.5,0.010585294,79.1714783870946,9.060974121,0.0,0.0,0.133311987,1.691688013,9868.202851,0.0,0.0,0.004219,0.004529
704,4,0,0,,67.0,27.5,0.010577539,79.3632106485426,9.192810059,0.0,-0.003259613,0.148038149,1.676961851,9884.105629,0.0,0.0,0.004122,0.004353
705,4,0,0,,67.0,27.5,0.01057694,79.5861629311724,9.192810059,0.0,0.012271484,0.156386137,1.668613863,9901.316603,759.629272,586.275085,0.004153,0.004471
706,4,0,0,,67.0,27.5,0.010568409,79.7797813069136,9.148864746,0.0,0.003067871,0.173340082,1.651659918,9916.25925,803.32782,378.261597,0.004164,0.004256
707,4,0,0,,67.0,27.4,0.010540579,79.9899559449322,9.148864746,0.0,0.001533936,0.201836824,1.623163176,9933.2042,0.0,0.0,0.003961,0.004355
708,4,0,0,,67.0,27.4,0.010506106,80.1788173530344,9.104919434,0.0,-0.004793549,0.22561574,1.59938426,9947.915484,0.0,0.0,0.004208,0.004532
709,4,0,0,,67.0,27.4,0.010474964,80.3816747887816,8.797302246,0.0,-0.004793549,0.238568544,1.586431456,9964.598077,1614.205933,237.892899,0.004266,0.004671
710,4,0,0,,68.0,27.4,0.010471144,80.2005595525278,0.0,3.231811523,0.005368774,0.238404512,1.586595488,9979.770065,0.0,0.0,0.004154,0.004444
711,4,0,0,,67.0,27.3,0.010499346,79.5258657250188,0.0,31.06384277,-0.023200775,0.236322641,1.588677359,9995.509364,650.429504,616.308899,0.004255,0.0
712,4,0,0,,67.0,27.3,0.010545494,78.9550096042426,0.0,43.36853027,-0.020132904,0.176482916,1.648517084,10010.44822,0.0,0.0,0.004033,0.004464
713,4,0,0,,67.0,27.0,0.010614224,78.3113124698036,0.0,45.12634277,0.050619873,0.039669752,1.785330248,10026.61678,0.0,0.0,0.004115,0.004449
714,4,0,0,,66.0,27.0,0.010680793,77.7698558204276,0.0,41.17126465,-0.004793549,-0.042357206,1.867357206,10040.65821,1313.171387,157.023499,0.004174,0.004591
715,4,0,0,,66.0,26.7,0.010751212,77.1379379282506,0.0,46.88415527,-0.010929291,-0.109308958,1.934308958,10056.59365,0.0,0.0,0.004241,0.004558
716,4,0,0,,66.0,26.7,0.010802975,76.6065924080398,0.0,48.64196777,-0.013997162,-0.190804243,2.015804243,10070.42987,0.0,0.0,0.003985,0.004334
717,4,0,0,,68.0,26.4,0.010847906,76.0021018054666,0.0,48.05603027,0.070561035,-0.272483587,2.097483587,10086.12058,0.0,0.0,0.004036,0.004361
718,4,0,0,,68.0,26.4,0.01086832,75.4399394681176,0.0,48.34899902,-0.003259613,-0.18190074,2.00690074,10099.74453,792.917908,378.60141,0.003969,0.003981
719,4,0,0,,67.0,26.2,0.010864358,74.8288357173362,0.0,48.05603027,-0.025501678,-0.02535367,1.85035367,10115.19461,0.0,0.0,0.003894,0.004294
720,4,0,0,,66.0,26.2,0.010839435,74.2597804963002,0.0,48.4954834,-0.024734711,0.057819128,1.767180872,10128.60926,1250.799072,201.083099,0.004107,0.004659
721,4,0,0,,67.0,26.0,0.010800838,73.6598808418516,0.0,37.50915527,0.001533936,0.053557634,1.771442366,10143.8246,719.177612,629.410095,0.004188,0.004551
722,4,0,0,,69.0,26.0,0.010769152,73.1186542798154,0.0,18.17321777,-0.000959,0.030907869,1.794092131,10157.09065,0.0,0.0,0.004132,0.0
723,4,0,0,,68.0,25.5,0.010725486,72.5277853884966,0.0,3.671264648,0.014572388,0.017403841,1.807596159,10172.90057,862.023071,564.445618,0.004137,0.004476
724,4,0,0,,67.0,25.5,0.010662553,72.0666464567422,0.0,0.0,0.013038452,0.033972979,1.791027021,10185.59716,0.0,0.0,0.003993,0.004213
725,4,0,0,,67.0,25.4,0.01055513,71.4484820646722,0.0,0.0,-0.036239227,0.084512472,1.740487528,10201.55166,0.0,0.0,0.004147,0.0
726,4,0,0,,68.0,25.4,0.010436812,70.9421492447028,0.0,0.0,-0.023200775,0.065808535,1.759191465,10214.3748,0.0,0.0,0.003838,0.0
727,4,0,0,,67.0,25.2,0.010311124,70.42206620768,0.0,0.0,0.037581421,-0.04224515,1.86724515,10228.53969,753.310791,606.450317,0.004,0.004347
728,4,0,0,,67.0,25.2,0.0101859,69.8366951919494,0.0,0.0,0.042183228,-0.125358343,1.950358343,10243.40836,0.0,0.0,0.004001,0.004312
729,4,0,0,,67.0,25.1,0.01010917,69.3245006246178,0.0,0.0,0.021475098,-0.04186368,1.86686368,10257.69773,928.612427,510.759888,0.003866,0.004188
730,4,0,0,,68.0,25.1,0.010055452,68.750886433043,0.0,0.0,-0.013997162,0.111921072,1.713078928,10273.366,757.937012,419.525208,0.003875,0.004134
731,4,0,0,,68.0,25.0,0.010022649,68.2784083008628,3.518371582,0.0,-0.030103485,0.217873335,1.607126665,10287.15389,662.592896,609.050171,0.004018,0.0
732,4,0,0,,68.0,25.0,0.009987568,68.2212700681952,5.23223877,0.0,-0.023200775,0.273821592,1.551178408,10302.9854,1362.136475,111.6036,0.003979,0.004298
733,4,0,0,,68.0,25.2,0.009961122,68.4073366320798,8.003540039,0.0,-0.010929291,0.258150816,1.566849184,10316.89546,966.479004,534.333679,0.004185,0.004401
734,4,0,0,,69.0,25.2,0.009939104,68.7588904372528,9.324645996,0.0,-0.001725677,0.210488558,1.614511442,10332.85982,627.223877,630.157104,0.004107,0.0
735,4,0,0,,69.0,25.4,0.009919254,69.0828332305676,8.662719727,0.0,-0.001725677,0.157823801,1.667176199,10346.88623,0.0,0.0,0.004214,0.004442
736,4,0,0,,68.0,25.4,0.009888825,69.4328192649928,8.486938477,0.0,0.018407227,0.079678774,1.745321226,10362.98108,0.0,0.0,0.00427,0.004486
737,4,0,0,,68.0,25.5,0.009855283,69.6976484734438,8.091430664,0.0,0.016106323,0.021661997,1.803338003,10377.12141,0.0,0.0,0.004338,0.004716
738,4,0,0,,68.0,25.5,0.009803438,70.0503939305132,9.060974121,0.0,-0.001725677,-0.004140139,1.829140139,10393.34281,0.0,0.0,0.003812,0.0
739,4,0,0,,68.0,25.7,0.009745311,70.3637550558336,9.192810059,0.0,-0.010162323,-0.010974646,1.835974646,10407.56745,0.0,0.0,0.004118,0.0
740,4,0,0,,68.0,25.7,0.009680275,70.806585572479,9.500427246,0.0,-0.036239227,-0.010905981,1.835905981,10424.53519,0.0,0.0,0.004189,0.004478
741,4,0,0,,68.0,25.5,0.009642794,71.144214482835,9.148864746,0.0,0.005368774,-0.069967031,1.894967031,10438.13899,0.0,0.0,0.004239,0.0
742,4,0,0,,68.0,25.5,0.00962905,71.4616412194238,8.797302246,0.0,0.03451355,-0.154293776,1.979293776,10455.18563,0.0,0.0,0.004193,0.004662
743,4,0,0,,68.0,25.7,0.00962907,71.7596677968344,8.841247559,0.0,0.026843872,-0.182987452,2.007987452,10468.87205,0.0,0.0,0.004211,0.004543
744,4,0,0,,68.0,25.7,0.009625051,72.0906808713844,8.885192871,0.0,0.03451355,-0.154334307,1.979334307,10486.0466,0.0,0.0,0.004297,0.0
745,4,0,0,,68.0,25.8,0.009618784,72.3709051872094,8.885192871,0.0,0.012271484,-0.051198244,1.876198244,10500.5258,0.0,0.0,0.003931,0.004166
746,4,0,0,,68.0,25.8,0.009619988,72.6884199707896,8.929138184,0.0,-0.030870453,0.118202925,1.706797075,10517.08676,320.909393,765.191772,0.004147,0.004479
747,4,0,0,,68.0,25.9,0.009636604,72.9679949662048,8.753356934,0.0,-0.025501678,0.213232279,1.611767721,10531.53245,0.0,0.0,0.004079,0.004328
748,4,0,0,,68.0,25.9,0.009668771,73.1494586567554,6.948852539,0.0,0.001533936,0.216878176,1.608121824,10547.91502,0.0,0.0,0.004178,0.004473
749,4,0,0,,68.0,26.0,0.009690802,73.2865682609832,7.520141602,0.0,-0.015531097,0.211616755,1.613383245,10562.1391,570.19043,670.753784,0.004148,0.004466
750,4,0,0,,69.0,26.0,0.009692395,73.438221309857,7.520141602,0.0,0.010737549,0.179907084,1.645092916,10576.26157,915.132629,525.711304,0.003981,0.004364
751,4,0,0,,68.0,26.1,0.009671706,73.634305226665,8.399047852,0.0,-0.007094452,0.163532495,1.661467505,10592.27914,785.994507,579.265015,0.004187,0.004563
752,4,0,0,,68.0,26.1,0.009648484,73.8913003772102,9.192810059,0.0,-0.005560516,0.15451932,1.67048068,10606.84734,0.0,0.0,0.004062,0.0
753,4,0,0,,67.0,26.2,0.009629105,74.2114281817748,9.060974121,0.0,0.003834839,0.137026072,1.687973928,10621.96394,0.0,0.0,0.003859,0.00417
754,4,0,0,,67.0,26.2,0.009623789,74.4827242655214,8.091430664,0.0,0.014572388,0.137366533,1.687633467,10636.32568,597.315308,646.861084,0.004089,0.004328
755,4,0,0,,67.0,26.6,0.009634503,74.524223736739,5.671691895,0.0,-0.001725677,0.155516863,1.669483137,10651.88671,0.0,0.0,0.003708,0.003954
756,4,0,0,,67.0,26.6,0.009659584,74.2205971872106,0.0,0.0,-0.027035614,0.156714201,1.668285799,10665.43729,1167.081543,388.490295,0.004024,0.004316
757,4,0,0,,67.0,26.6,0.009709224,73.5830006261898,0.0,0.0,-0.020132904,0.07709384,1.74790616,10680.96561,738.460083,611.475098,0.004014,0.004372
758,4,0,0,,66.0,26.6,0.009770926,73.0087700413016,0.0,0.0,0.010737549,-0.06354022,1.88854022,10694.60759,0.0,0.0,0.003964,0.004425
759,4,0,0,,66.0,26.6,0.009848733,72.3695420118558,0.0,0.0,0.051386841,-0.162996054,1.987996054,10710.24811,1178.721558,398.728912,0.004058,0.004403
760,4,0,0,,68.0,26.6,0.009904449,71.797163954335,0.483398438,0.0,0.008436646,-0.045366526,1.870366526,10723.97716,851.521606,547.121277,0.004034,0.004399
761,4,0,0,,67.0,27.0,0.009930933,71.1551124987932,0.0,0.0,-0.024734711,0.154045343,1.670954657,10739.71841,626.78949,630.416321,0.004152,0.0
762,4,0,0,,67.0,27.0,0.009903162,70.640197921554,0.966796875,0.0,-0.02856955,0.249253988,1.575746012,10753.53148,0.0,0.0,0.004192,0.004376
763,4,0,0,,67.0,27.3,0.009810893,70.0979303096586,0.0,0.0,-0.010929291,0.207620859,1.617379141,10769.34987,0.0,0.0,0.004177,0.004538
764,4,0,0,,67.0,27.3,0.009701874,69.673043000596,5.58380127,0.0,-0.010929291,0.073291063,1.751708937,10783.23146,907.549377,528.996887,0.004204,0.004526
765,4,0,0,,66.0,27.5,0.009586968,69.9066123567002,8.399047852,0.0,0.0690271,-0.100820303,1.925820303,10799.81742,754.893799,598.667114,0.004241,0.00447
766,4,0,0,,66.0,27.5,0.009518469,70.2039973224396,7.783813477,0.0,0.001533936,-0.122592688,1.947592688,10813.12061,517.766724,695.051514,0.003915,0.004182
767,4,0,0,,68.0,27.8,0.009478633,70.4665674037722,7.695922852,0.0,-0.008628387,0.018449545,1.806550455,10829.76923,0.0,0.0,0.004244,0.004536
768,4,0,0,,66.0,27.8,0.009461585,70.711885891387,7.871704102,0.0,0.003834839,0.114159822,1.710840178,10843.05854,694.114807,621.421814,0.004289,0.004481
769,4,0,0,,67.0,27.7,0.009446325,70.9893900846506,7.695922852,0.0,-0.010162323,0.235135317,1.589864683,10859.67871,920.910583,554.561523,0.004271,0.004441
770,4,0,0,,67.0,27.7,0.009441433,71.1456097645216,6.904907227,0.0,-0.013997162,0.320256472,1.504743528,10873.64359,583.0802,661.964294,0.004277,0.004698
771,4,0,0,,67.0,27.6,0.009459154,71.388265743947,8.399047852,0.0,-0.008628387,0.357707739,1.467292261,10889.5483,858.560425,572.063599,0.004131,0.004455
772,4,0,0,,67.0,27.6,0.009496051,71.6770459066678,8.399047852,0.0,0.001533936,0.345354795,1.479645205,10903.35807,0.0,0.0,0.004166,0.0
773,4,0,0,,66.0,27.6,0.00954711,71.8754312923296,7.300415039,0.0,-0.012463226,0.327281713,1.497718287,10917.06885,0.0,0.0,0.004185,0.004828
774,4,0,0,,67.0,27.6,0.009616439,71.7907592800304,2.768554688,0.0,-0.003259613,0.237043142,1.587956858,10932.61886,0.0,0.0,0.003999,0.004364
775,4,0,0,,67.0,27.2,0.009683759,71.7942514834568,5.894165039,0.0,0.009203613,0.128046274,1.696953726,10946.1647,0.0,0.0,0.004013,0.004369
776,4,0,0,,67.0,27.2,0.009759739,71.8224143219076,5.58380127,0.0,0.026843872,0.052002192,1.772997808,10961.55124,0.0,0.0,0.00424,0.004517
777,4,0,0,,67.0,27.2,0.009809284,71.5123535988724,0.0,0.0,0.008436646,0.104611158,1.720388842,10974.9111,1381.959473,84.080002,0.004173,0.004395
778,4,0,0,,68.0,27.2,0.00983287,70.7796898478772,0.0,1.620483398,-0.012463226,0.222027063,1.602972937,10990.06278,0.0,0.0,0.004248,0.004489
779,4,0,0,,68.0,26.9,0.009826914,70.124057558317,0.0,0.0,-0.016298065,0.283481359,1.541518641,11003.21893,0.0,0.0,0.004268,0.004655
780,4,0,0,,68.0,26.9,0.009801779,69.6567510724136,3.562316895,0.0,-0.039307098,0.248403788,1.576596212,11018.75827,0.0,0.0,0.004294,0.004463
781,4,0,0,,68.0,26.6,0.009780142,69.0547899177986,0.0,4.550170898,0.001533936,0.109570265,1.715429735,11031.09442,969.015991,491.003601,0.004246,0.004665
782,4,0,0,,68.0,26.6,0.009774492,68.3157406436448,0.0,3.671264648,0.013038452,-0.067621469,1.892621469,11046.39643,0.0,0.0,0.00426,0.004627
783,4,0,0,,67.0,26.4,0.009785719,67.6667388831648,0.0,15.97595215,0.009203613,-0.135078669,1.960078669,11058.54429,0.0,0.0,0.004013,0.004175
784,4,0,0,,67.0,26.4,0.009809159,66.9107145803722,0.0,75.00915527,0.005368774,-0.112432718,1.937432718,11073.61277,0.0,0.0,0.004295,0.004718
785,4,0,0,,67.0,26.1,0.009834411,66.2762714728012,0.0,44.83337402,0.001533936,-0.059448957,1.884448957,11085.57513,0.0,0.0,0.004366,0.00495
786,4,0,0,,67.0,26.1,0.00985199,65.5518758830834,0.0,196.1517334,-0.017832001,0.000795,1.824204874,11100.41352,909.656921,561.518921,0.004281,0.004661
787,4,0,0,,68.0,25.9,0.009841191,64.9310901658346,0.0,246.6888428,-0.015531097,-0.016883135,1.841883135,11112.78027,589.000122,666.997314,0.004361,0.00488
788,4,0,0,,67.0,25.9,0.009800917,64.2212889885606,0.0,262.9486084,0.0,-0.100326777,1.925326777,11126.80554,0.0,0.0,0.004429,0.004824
789,4,0,0,,68.0,26.0,0.009757543,63.613614693039,0.0,262.802124,0.016106323,-0.184792757,2.009792757,11138.98367,0.0,0.0,0.004493,0.00504
790,4,0,0,,67.0,26.0,0.009712801,62.995261847255,0.0,262.802124,0.009203613,-0.218028307,2.043028307,11152.70387,304.915009,788.036072,0.004441,0.005052
791,4,0,0,,70.0,25.8,0.009682145,62.382654425738,0.0,262.3626709,-0.019365936,-0.221528292,2.046528292,11163.33476,,,,
792,4,0,0,,67.0,25.8,0.009658686,55.5368081902966,0.0,262.2161865,-0.004793549,-0.298002781,2.123002781,11172.73838,,,,
793,4,0,0,,66.0,25.6,0.009644157,39.3852045423622,0.0,262.0697021,0.001533936,-0.396876292,2.221876292,11177.40377,,,,
