Time,Drive,Stimulus,Failure,Palm.EDA,Heart.Rate,Breathing.Rate,Perinasal.Perspiration,Speed,Acceleration,Brake,Steering,LaneOffset,Lane.Position,Distance,Gaze.X.Pos,Gaze.Y.Pos,Lft.Pupil.Diameter,Rt.Pupil.Diameter
1,4,0,0,64.6538,98.0,14.6,0.007243805,-0.01780775265368,0.0,264.4134521,0.012271484,-0.099999189,1.924999189,8.39708e-06,0.0,0.0,0.005057,0.004833
2,4,0,0,65.8493,98.0,14.9,0.007126773,0.01564893891616,0.0,264.4134521,0.012271484,-0.099999189,1.924999189,1.51148e-05,0.0,0.0,0.0,0.0
3,4,0,0,66.0842,99.0,14.9,0.007011213,0.76797172430328,0.0,194.3939209,-0.010929291,-0.100030184,1.925030184,0.005283399,644.303711,787.066895,0.0,0.004706
4,4,0,0,64.903,99.0,15.5,0.006926024,2.93119712464386,16.1416626,0.0,-0.005560516,-0.100124598,1.925124598,0.087688201,0.0,0.0,0.0,0.0
5,4,0,0,62.7479,99.0,15.5,0.006849031,7.82713976030302,22.82684326,0.0,-0.004793549,-0.100758791,1.925758791,0.269063491,616.056396,791.150085,0.004975,0.004848
6,4,0,0,61.9502,99.0,16.1,0.006801886,18.5364661830848,17.77038574,0.0,0.001533936,-0.103001833,1.928001833,0.937541946,604.974915,811.98999,0.004696,0.004523
7,4,0,0,62.054,99.0,16.1,0.006761413,21.6336215400708,0.0,55.23376465,0.00690271,-0.104585409,1.929585409,2.345658071,594.327209,768.345825,0.004487,0.004418
8,4,0,0,61.5999,99.0,16.5,0.006723836,21.1229338943416,0.0,169.9310303,0.00690271,-0.100938559,1.925938559,5.020292284,620.835815,821.471619,0.004551,0.004288
9,4,0,0,60.1786,99.0,16.5,0.006675352,2.05172115833994,0.0,186.7767334,0.00690271,-0.095990419,1.920990419,9.768915173,618.272095,745.069824,0.004828,0.004391
10,4,0,0,58.524,0.0,17.0,0.006643118,0.84476020597574,0.0,36.04431152,0.00690271,-0.095448256,1.920448256,13.77256572,571.308899,717.701904,0.004565,0.004319
11,4,0,0,56.9405,62.0,17.0,0.006636444,5.83418232274824,16.58111572,0.0,0.00690271,-0.09445262,1.91945262,18.60340442,545.197876,750.635315,0.004513,0.004385
12,4,0,0,56.8008,77.0,17.1,0.006660278,11.6511271431597,0.0,0.0,0.00690271,-0.089389563,1.914389563,20.55339116,582.511475,662.518188,0.0,0.004516
13,4,0,0,57.7394,87.0,17.1,0.006724329,11.9764558099595,0.0,66.0736084,-0.007094452,-0.080709219,1.905709219,20.91525736,570.456787,660.266296,0.004765,0.00428
14,4,0,0,58.8588,91.0,17.2,0.00681241,11.6181265594673,0.0,81.01501465,-0.072286713,-0.078460455,1.903460455,21.06744407,571.217224,718.599304,0.004483,0.004409
15,4,0,0,59.7707,93.0,17.2,0.006928551,10.9804650374374,0.0,171.1029053,-0.063083099,-0.09540391,1.92040391,21.91877439,586.034912,855.792603,0.004233,0.00435
16,4,0,0,60.6318,94.0,17.0,0.007010859,-0.15772551355956,0.0,191.0247803,-0.063083099,-0.105014563,1.930014563,23.86067443,504.772308,660.957886,0.004053,0.0
17,4,0,0,61.112,94.0,17.0,0.007059533,0.74015017375826,0.0,176.083374,-0.039307098,-0.105704069,1.930704069,26.58598988,548.534302,690.457092,0.004223,0.004208
18,4,0,0,61.7231,95.0,17.1,0.007069788,0.75399204594334,0.0,164.364624,-0.039307098,-0.107352495,1.932352495,28.80209541,722.587708,834.804688,0.004247,0.003905
19,4,0,0,61.6614,95.0,17.1,0.007061048,0.73976204601178,0.0,164.6575928,0.001533936,-0.109050035,1.934050035,31.50516027,404.566986,707.572815,0.004093,0.004049
20,4,0,0,61.8261,95.0,17.2,0.00703872,0.73874914672786,0.0,165.9759521,-0.003259613,-0.110447645,1.935447645,33.61452344,565.315491,794.577026,0.00412,0.004171
21,4,0,0,60.9711,95.0,17.2,0.006995926,0.73919186489648,0.0,166.5618896,-0.008628387,-0.112095118,1.937095118,35.1647458,432.217987,945.317505,0.003878,0.003804
22,4,0,0,60.0615,95.0,16.9,0.006956951,0.73945471678934,0.0,166.708374,-0.008628387,-0.113574266,1.938574266,35.15726952,499.091095,911.979309,0.004171,0.004062
23,4,0,0,60.0615,95.0,16.9,0.006934898,0.73952109401764,0.0,165.3900146,-0.008628387,-0.115265131,1.940265131,35.2686915,921.823608,890.051819,0.0,0.003985
24,4,0,0,60.1982,95.0,16.5,0.006942487,0.03342647299266,0.0,162.7532959,-0.010162323,-0.116539717,1.941539717,35.41118817,501.771606,569.453125,0.004272,0.004205
25,4,0,0,60.931,95.0,16.5,0.006970758,-0.00835784013956,0.0,240.3900146,-0.013997162,-0.116538763,1.941538763,35.58936565,545.119873,661.081299,0.004532,0.004325
26,4,0,0,61.5589,0.0,16.6,0.006993029,0.59829503464282,0.0,197.0306396,-0.013997162,-0.116908789,1.941908789,35.73173233,538.546692,810.345215,0.004289,0.004359
27,4,0,0,62.2626,0.0,16.6,0.006993968,0.00326694732528,0.0,224.2767334,-0.013997162,-0.117634058,1.942634058,35.90959595,652.685791,952.373596,0.004387,0.00438
28,4,0,0,62.7266,0.0,16.4,0.006965572,0.00302214418052,0.0,255.9173584,-0.013997162,-0.117664576,1.942664576,36.05188105,0.0,0.0,0.0,0.0
29,4,0,0,62.6841,0.0,16.4,0.006899233,0.00491377850992,0.0,239.6575928,0.030678711,-0.117679834,1.942679834,36.22968733,670.836914,740.362671,0.004738,0.004401
30,4,0,0,62.9612,0.0,16.3,0.006817434,0.0040008594735,0.0,244.9310303,0.030678711,-0.117691755,1.942691755,36.3719354,697.953125,791.655212,0.004773,0.004581
31,4,0,0,63.0899,0.0,16.3,0.0067188,0.0056072061011,0.0,214.3157959,0.030678711,-0.117702723,1.942702723,36.54974457,0.0,0.0,0.004287,0.00412
32,4,0,0,63.1975,0.0,16.5,0.006648936,0.00752163512226,0.0,218.1243896,0.029144775,-0.117710352,1.942710352,36.67103113,610.475403,827.032898,0.004609,0.004435
33,4,0,0,62.8117,0.0,16.5,0.006601111,0.00563936715166,0.0,156.161499,0.030678711,-0.117711782,1.942711782,36.67247533,576.751526,775.893921,0.004563,0.004377
34,4,0,0,62.7904,0.0,16.9,0.006586661,0.00264709554022,0.0,160.1165771,0.030678711,-0.117717028,1.942717028,36.67338767,601.042908,428.3237,0.0,0.004255
35,4,0,0,62.9184,0.0,16.9,0.006585642,0.0033178877643,0.0,215.3411865,0.030678711,-0.117717028,1.942717028,36.77702309,0.0,0.0,0.0,0.0
36,4,0,0,63.5445,0.0,17.3,0.006585014,0.00277022775296,0.0,191.317749,0.030678711,-0.117727518,1.942727518,36.81375196,585.492615,635.977905,0.0,0.004676
37,4,0,0,63.7853,0.0,17.3,0.006578975,0.00436792739674,0.0,182.9681396,0.030678711,-0.117723227,1.942723227,36.8165976,578.452698,761.693604,0.004282,0.004292
38,4,0,0,63.8733,0.0,17.7,0.006564494,0.00089157436,0.0,181.3568115,0.030678711,-0.117729425,1.942729425,36.81868997,564.857727,715.307983,0.004336,0.004323
39,4,0,0,63.7633,0.0,17.7,0.006537102,0.10578483754276,0.0,97.7142334,0.030678711,-0.11774087,1.94274087,36.82084322,484.845703,687.16272,0.004363,0.0
40,4,0,0,63.8953,0.0,17.7,0.006511906,2.13543035884404,12.75512695,0.0,0.049085938,-0.118555784,1.943555784,36.82264676,645.058411,785.916016,0.0,0.004603
41,4,0,0,64.25,0.0,17.7,0.006489417,13.9492578266834,22.47528076,0.0,0.085133423,-0.126359224,1.951359224,36.82501663,586.138794,760.920105,0.004162,0.004716
42,4,0,0,64.903,0.0,17.7,0.006476124,21.8805208662742,18.20983887,0.0,-0.001725677,-0.113372564,1.938372564,36.82644208,650.99231,780.057678,0.0,0.004629
43,4,0,0,65.2001,0.0,17.7,0.006462458,28.3093388918892,16.80084229,0.0,-0.004793549,-0.084818125,1.909818125,36.82767856,680.913879,978.778992,0.004707,0.004633
44,4,0,0,65.3843,0.0,17.5,0.00645194,32.0685463244426,16.53717041,0.0,-0.034705292,-0.064327955,1.889327955,36.82836311,611.310913,755.389709,0.0,0.004647
45,4,0,0,65.4305,0.0,17.5,0.006452188,36.0505001084794,15.4385376,0.0,-0.008628387,-0.115372419,1.940372419,36.8291756,611.677124,781.359375,0.0,0.004552
46,4,0,0,65.7557,0.0,16.6,0.006463151,38.8495003983492,15.57037354,0.0,0.088968262,-0.16778636,1.99278636,36.82978896,686.140198,977.823975,0.005427,0.004583
47,4,0,0,65.8961,0.0,16.6,0.006472282,41.9182776837528,14.42504883,0.0,-0.11446994,-0.08525157,1.91025157,36.83064049,605.867188,759.330505,0.0,0.004485
48,4,0,0,65.9665,0.0,16.2,0.00647309,44.1511151067148,15.21881104,0.0,0.014572388,-0.117158651,1.942158651,36.8313653,616.268921,695.705322,0.0,0.004598
49,4,0,0,65.7557,0.0,16.2,0.006469574,46.6492053486026,14.11743164,0.0,0.029144775,-0.160476923,1.985476923,36.83210574,608.745178,745.582092,0.0,0.004512
50,4,0,0,66.0371,0.0,15.8,0.006450505,48.5159209310304,14.82330322,0.0,-0.027035614,-0.131036997,1.956036997,36.83277767,560.022827,718.700195,0.004609,0.004477
51,4,0,0,66.3209,0.0,15.8,0.006399215,50.7013837617972,14.51568604,0.0,0.012271484,-0.16510129,1.99010129,36.83353258,636.292114,908.581787,0.004586,0.004593
52,4,0,0,66.4637,0.0,15.1,0.006348497,52.4481566985244,14.55963135,0.0,0.030678711,-0.163542509,1.988542509,36.83430566,509.775513,548.705078,0.004757,0.004379
53,4,0,0,66.2972,0.0,15.1,0.006312898,54.3610743241168,14.3371582,0.0,-0.020132904,-0.097143412,1.922143412,36.92007268,550.047974,693.184021,0.004436,0.00443
54,4,0,0,65.7557,0.0,14.5,0.006297925,55.9271065180082,14.11743164,0.0,0.001533936,-0.08619523,1.91119523,37.59031405,594.509827,726.768616,0.0,0.004487
55,4,0,0,65.8727,0.0,14.5,0.006270534,57.6231016878026,13.80981445,0.0,-0.003259613,-0.068173647,1.893173647,40.17832171,586.771301,705.848511,0.0,0.004527
56,4,0,0,66.1314,0.0,13.9,0.006221927,59.0248005210922,14.02954102,0.0,-0.013997162,-0.024025202,1.849025202,43.86874168,725.385498,958.038208,0.0,0.004576
57,4,0,0,65.8727,0.0,13.9,0.006151494,60.6828752952686,14.3371582,0.0,0.016106323,-0.029428244,1.854428244,49.2587501,547.61853,669.802979,0.004644,0.004656
58,4,0,0,65.99,0.0,13.2,0.006099745,62.034548792449,13.94165039,0.0,0.001533936,-0.055180788,1.880180788,54.79416787,697.969482,986.156128,0.004809,0.00456
59,4,0,0,66.0842,0.0,13.2,0.006064867,63.6333565955662,15.30670166,0.0,0.012271484,0.012518167,1.812481833,61.8030727,545.489014,704.855103,0.004795,0.004521
60,4,0,0,66.3447,0.0,12.4,0.00605131,64.941794304603,13.23852539,0.0,-0.066917938,0.114711046,1.710288954,68.49588047,715.789001,983.171814,0.0,0.004328
61,4,0,0,66.4637,0.0,12.4,0.006042829,66.2177690669892,12.31567383,0.0,-0.005560516,-0.035934687,1.860934687,76.7032883,607.993103,720.106995,0.0,0.004378
62,4,0,0,66.5832,0.0,11.8,0.006039701,67.1470043326256,12.35961914,0.0,0.056755615,-0.190629721,2.015629721,84.32172758,603.67572,725.656494,0.0,0.004447
63,4,0,0,66.7272,0.0,11.8,0.006055813,68.2344478269172,12.75512695,0.0,-0.030870453,-0.091020823,1.916020823,93.50688317,713.707825,995.066711,0.0,0.004718
64,4,0,0,67.0655,0.0,11.5,0.006096621,69.1525090908788,11.21429443,0.0,0.039882324,-0.05211854,1.87711854,101.9125704,606.175415,739.686584,0.0,0.004669
65,4,0,0,67.2359,0.0,11.5,0.006166013,69.9508161950406,11.25823975,0.0,-0.037773163,0.085085154,1.739914846,111.9165153,718.651123,993.968994,0.0,0.004613
66,4,0,0,66.7753,0.0,11.3,0.006228288,70.5822019106664,8.179321289,0.0,0.018407227,0.098456621,1.726543379,121.0014081,723.39563,954.4198,0.0,0.004539
67,4,0,0,66.2024,0.0,11.3,0.006284004,71.440767806036,14.16137695,0.0,0.013038452,0.152536631,1.672463369,131.7212564,726.397888,996.340576,0.0,0.004648
68,4,0,0,66.0607,0.0,11.1,0.006321206,72.1832429949016,11.34613037,0.0,-0.036239227,0.26512599,1.55987401,141.4026661,563.871704,714.594421,0.004566,0.004266
69,4,0,0,65.8259,0.0,11.1,0.006369372,72.893624516273,11.434021,0.0,-0.036239227,0.308720827,1.516279173,152.7928155,553.333801,743.98053,0.004851,0.004438
70,4,0,0,66.3685,0.0,11.1,0.006436652,73.5311265124754,11.8762207,0.0,-0.010162323,0.191032648,1.633967352,163.0307125,576.473328,713.457581,0.004648,0.004276
71,4,0,0,67.6041,0.0,11.1,0.006549008,74.2633474213828,11.39007568,0.0,0.058289551,0.08834672,1.73665328,175.0291056,571.561523,660.337891,0.0,0.004592
72,4,0,0,67.7525,0.0,11.2,0.00666642,74.1045631616614,0.0,0.0,-0.037773163,0.278594732,1.546405268,185.7782755,572.840881,722.253601,0.005076,0.004519
73,4,0,0,67.5302,0.0,11.2,0.00681114,73.5139010544392,3.430480957,0.0,-0.072286713,0.483706713,1.341293287,198.3357837,563.83783,697.200012,0.004683,0.004384
74,4,0,0,67.6535,0.0,11.3,0.006955918,73.3050414886016,4.485168457,0.0,0.026843872,0.318720579,1.506279421,209.5517779,717.583191,993.039429,0.0,0.004547
75,4,0,0,68.0763,0.0,11.3,0.007149179,73.1766452051886,5.58380127,0.0,0.023776001,0.25484252,1.57015748,222.6221303,601.987183,706.3479,0.0,0.004431
76,4,0,0,68.1765,0.0,11.7,0.00730378,73.1630420174376,5.58380127,0.0,-0.039307098,0.27337718,1.55162282,234.2838129,596.697571,722.746887,0.0,0.00443
77,4,0,0,67.6782,0.0,11.7,0.007386335,73.144390748535,5.58380127,0.0,-0.005560516,0.132943869,1.692056131,247.8643817,593.576721,732.560486,0.0,0.004544
78,4,0,0,67.2359,0.0,12.0,0.007368769,73.1298337210594,5.58380127,0.0,0.039882324,-0.052471876,1.877471876,259.9572528,604.941284,700.743774,0.0,0.004481
79,4,0,0,66.8235,0.0,12.0,0.007316324,73.1113376247196,5.58380127,0.0,0.003834839,-0.087345362,1.912345362,274.0237032,586.853699,712.81427,0.0,0.004573
80,4,0,0,66.2972,0.0,12.6,0.007289733,73.0969720604238,5.58380127,0.0,-0.005560516,-0.034330606,1.859330606,286.5493781,656.477478,917.528076,0.004456,0.004507
81,4,0,0,67.2115,0.0,12.6,0.007288911,73.0806937633512,5.58380127,0.0,0.010737549,0.014520407,1.810479593,301.0758552,576.705017,698.523804,0.0,0.004466
82,4,0,0,67.9016,0.0,13.4,0.00730342,72.5374745809006,0.0,0.0,0.023776001,0.100723982,1.724276018,313.9568858,590.651184,707.766113,0.0,0.0044
83,4,0,0,68.3527,0.0,13.4,0.007326453,72.2857312217642,5.627746582,0.0,-0.015531097,0.307629347,1.517370653,328.8475102,578.703125,718.350098,0.0,0.004772
84,4,0,0,68.7588,0.0,13.9,0.007346183,72.2852258729108,5.58380127,0.0,-0.050811615,0.432001352,1.392998648,342.0236115,714.986877,982.824707,0.0,0.004592
85,4,0,0,68.8867,0.0,13.9,0.007359056,72.2609697555902,0.791015625,0.0,0.014572388,0.367868662,1.457131338,357.252895,426.708801,651.166809,0.004794,0.004647
86,4,0,0,69.1439,0.0,14.6,0.007353055,71.6919395758846,5.144348145,0.0,0.023009033,0.295689821,1.529310179,370.7139747,549.940674,682.411316,0.0,0.00435
87,4,0,0,69.429,0.0,14.6,0.007326923,71.6994124335208,5.58380127,0.0,0.003067871,0.295796633,1.529203367,386.2230279,561.473022,694.777283,0.0,0.004397
88,4,0,0,69.3251,0.0,15.2,0.007306766,71.7023558681006,5.23223877,0.0,-0.020132904,0.331063032,1.493936968,399.9020781,566.000183,706.145691,0.004505,0.004444
89,4,0,0,69.2991,0.0,15.2,0.007314844,71.682909504771,5.58380127,0.0,-0.001725677,0.289571524,1.535428476,415.6308166,569.331299,678.13269,0.0,0.004486
90,4,0,0,69.5594,0.0,15.5,0.007351852,71.6313678324204,3.913879395,0.0,0.001533936,0.21928668,1.60571332,429.5273192,0.0,0.0,0.0,0.0
91,4,0,0,69.7165,0.0,15.5,0.007397334,71.3760373187976,3.562316895,0.0,0.021475098,0.146768332,1.678231668,445.5462826,554.130005,710.828186,0.004696,0.004521
92,4,0,0,69.7691,0.0,16.1,0.007399441,71.1645091292786,3.82598877,0.0,0.019941162,0.138488054,1.686511946,459.6610132,577.614075,666.75061,0.0,0.004496
93,4,0,0,69.7428,0.0,16.1,0.007351075,70.9981084105128,3.913879395,0.0,-0.02166684,0.210788012,1.614211988,473.8656648,538.946899,656.968994,0.004616,0.004566
94,4,0,0,69.7691,0.0,16.2,0.007254742,70.8189184437944,4.00177002,0.0,-0.02856955,0.294806242,1.530193758,490.2147045,706.478699,990.594971,0.0,0.004591
95,4,0,0,70.0859,0.0,16.2,0.007155422,70.7350732460136,5.806274414,0.0,-0.010929291,0.257335424,1.567664576,504.621721,606.104309,733.880615,0.0,0.004472
96,4,0,0,70.0329,0.0,16.4,0.007045825,70.9989667841886,7.915649414,0.0,0.029144775,0.154835463,1.670164537,521.142075,603.552612,679.725891,0.0,0.004677
97,4,0,0,70.2454,0.0,16.4,0.006969007,71.2301058276786,7.432250977,0.0,-0.007094452,0.139658213,1.685341787,535.5040726,609.563293,670.631714,0.0,0.004663
98,4,0,0,70.2988,0.0,16.6,0.006906664,71.4515896680254,7.256469727,0.0,-0.015531097,0.162023783,1.662976217,551.8413784,675.110474,717.969604,0.004611,0.004372
99,4,0,0,70.2188,0.0,16.6,0.006868288,71.6329067316086,7.168579102,0.0,0.012271484,0.107259989,1.717740011,566.1018519,579.551819,704.89447,0.0,0.004512
100,4,0,0,70.4057,0.0,16.7,0.006835975,71.823848581809,6.948852539,0.0,0.012271484,0.077399492,1.747600508,582.3727293,512.376892,703.917725,0.005213,0.004471
101,4,0,0,70.5129,0.0,16.7,0.006815305,71.9686831306906,6.948852539,0.0,0.003067871,0.092470407,1.732529593,596.6003297,573.289917,673.829529,0.0,0.004536
102,4,0,0,70.8366,0.0,16.5,0.006795871,72.137512246956,7.036743164,0.0,-0.007094452,0.118616819,1.706383181,612.8578419,707.100403,968.916382,0.004561,0.004641
103,4,0,0,70.9995,0.0,16.5,0.006777908,72.2910519572986,7.036743164,0.0,0.0,0.117867231,1.707132769,627.0801426,763.965698,948.593872,0.0,0.004701
104,4,0,0,71.2728,0.0,16.7,0.00676549,72.4539814906184,7.036743164,0.0,0.001533936,0.110736609,1.714263391,643.3313271,542.934692,716.970886,0.005334,0.004516
105,4,0,0,71.4378,0.0,16.7,0.006780798,72.597323698518,7.080688477,0.0,0.001533936,0.10913825,1.71586175,657.5493233,558.126282,674.388123,0.0,0.004639
106,4,0,0,71.3552,0.0,16.5,0.006836942,72.7496926944776,7.036743164,0.0,0.003067871,0.11328721,1.71171279,673.7957639,508.294891,533.37207,0.004631,0.004499
107,4,0,0,71.0268,0.0,16.5,0.006900473,72.8798256005912,6.773071289,0.0,0.003834839,0.12408042,1.70091958,688.0090973,495.621002,709.343506,0.005173,0.004657
108,4,0,0,71.3552,0.0,16.4,0.006957018,72.9867094499826,6.685180664,0.0,-0.013997162,0.146930456,1.678069544,704.2503757,471.520599,704.182495,0.005066,0.004641
109,4,0,0,71.3552,0.0,16.4,0.006988835,73.0266677206558,5.938110352,0.0,-0.02856955,0.139469385,1.685530615,718.4463107,691.352295,978.316223,0.004545,0.004615
110,4,0,0,71.3552,0.0,16.5,0.0070221,73.058373698144,6.026000977,0.0,0.008436646,0.037662268,1.787337732,734.5590564,726.356506,996.888672,0.0,0.004436
111,4,0,0,71.5482,0.0,16.5,0.007053974,73.100116678597,6.157836914,0.0,0.018407227,-0.043370008,1.868370008,748.6102443,594.099304,689.033875,0.004431,0.00428
112,4,0,0,71.5205,0.0,16.4,0.007091366,73.159284385565,6.421508789,0.0,0.003067871,-0.078288317,1.903288317,764.6727227,498.800507,665.073975,0.004308,0.004242
113,4,0,0,71.6312,0.0,16.4,0.007121138,73.2201497370188,6.421508789,0.0,-0.027035614,-0.079797506,1.904797506,778.7273647,662.665894,933.331482,0.004339,0.004524
114,4,0,0,71.8257,0.0,16.5,0.00712957,73.2904229360578,6.465454102,0.0,-0.000959,-0.130114317,1.955114317,794.7734353,625.384888,734.706116,0.0,0.004401
115,4,0,0,71.8257,0.0,16.5,0.007092382,73.3533992587896,6.465454102,0.0,0.026843872,-0.172666311,1.997666311,808.7311481,629.027405,737.093811,0.0,0.004455
116,4,0,0,71.7422,0.0,16.4,0.006993298,73.4215795111586,6.421508789,0.0,0.019941162,-0.152568579,1.977568579,824.662646,549.531494,638.227905,0.004325,0.004465
117,4,0,0,70.7014,0.0,16.4,0.006862066,73.481854138272,6.465454102,0.0,-0.012463226,-0.077378988,1.902378988,838.6038905,563.125122,724.272522,0.0,0.004591
118,4,0,0,68.8354,0.0,16.3,0.006679598,73.5514158963772,6.465454102,0.0,-0.015531097,-0.019518137,1.844518137,854.536405,668.269287,760.144775,0.0,0.004619
119,4,0,0,67.1384,0.0,16.3,0.006523106,73.6082565942656,6.465454102,0.0,0.026843872,0.00779891,1.81720109,868.4742359,618.310913,761.925476,0.0,0.004592
120,4,0,0,65.1084,0.0,16.1,0.006377574,73.6732751694574,6.509399414,0.0,-0.008628387,0.036235094,1.788764906,884.4011531,566.081604,718.477722,0.0,0.004533
121,4,0,0,63.8953,0.0,16.1,0.006284059,73.7289393110586,6.509399414,0.0,-0.013997162,0.068269968,1.756730032,898.3135888,580.92511,728.517822,0.0,0.004652
122,4,0,0,63.6319,0.0,16.0,0.00620722,73.789731421449,6.465454102,0.0,0.016106323,0.089279413,1.735720587,914.1708115,550.619324,736.161499,0.004775,0.004379
123,4,0,0,64.1387,0.0,16.0,0.006157337,73.849514942368,6.553344727,0.0,-0.016298065,0.099988699,1.725011301,928.0116395,695.746094,979.825623,0.006285,0.004532
124,4,0,0,64.9258,0.0,15.6,0.006116476,73.9007138252986,6.421508789,0.0,-0.000959,0.111542463,1.713457537,943.796522,700.345215,1018.240601,0.005048,0.004624
125,4,0,0,65.6858,0.0,15.6,0.006093608,73.8131500865138,4.748840332,0.0,0.010737549,0.12654376,1.69845624,957.5816406,604.187805,739.400879,0.0,0.004525
126,4,0,0,66.6072,0.0,15.6,0.006075341,73.725169126334,5.23223877,0.0,-0.012463226,0.152625322,1.672374678,973.3084884,590.094482,688.845398,0.0,0.004467
127,4,0,0,67.3092,0.0,15.6,0.006062984,73.6973250176702,5.58380127,0.0,0.001533936,0.147692442,1.677307558,987.0696164,548.519287,739.382996,0.005043,0.004514
128,4,0,0,68.0513,0.0,15.2,0.006057701,73.6772398590144,5.58380127,0.0,-0.010162323,0.11716485,1.70783515,1002.843848,571.498108,726.007324,0.0,0.004465
129,4,0,0,68.2771,0.0,15.2,0.006067486,73.659893571731,5.58380127,0.0,-0.005560516,0.068813562,1.756186438,1016.686711,595.569702,734.218811,0.0,0.004493
130,4,0,0,68.6823,0.0,14.9,0.006105009,73.6442908112168,5.715637207,0.0,0.013038452,-0.011582136,1.836582136,1032.546835,783.392578,766.330322,0.0,0.004473
131,4,0,0,68.9123,0.0,14.9,0.006171837,73.6504631129188,6.026000977,0.0,0.017640259,-0.074559927,1.899559927,1046.456968,716.640076,983.582581,0.0,0.004599
132,4,0,0,69.1955,0.0,14.6,0.006294583,73.7262373096656,6.817016602,0.0,0.009203613,-0.104355097,1.929355097,1063.054155,604.850586,731.315674,0.0,0.00448
133,4,0,0,69.4811,0.0,14.6,0.006428502,73.7671986819608,6.157836914,0.0,0.00690271,-0.098691225,1.923691225,1076.358918,566.738281,648.620789,0.0,0.004404
134,4,0,0,69.6903,0.0,14.4,0.006572378,73.8047316611606,6.201782227,0.0,0.00690271,-0.063028097,1.888028097,1093.020896,563.653198,718.840515,0.0,0.004502
135,4,0,0,68.9123,0.0,14.4,0.006670648,73.838119447229,6.201782227,0.0,0.009203613,-0.006105661,1.831105661,1106.375192,584.244202,758.431396,0.0,0.004333
136,4,0,0,66.3922,0.0,14.4,0.00676584,73.876410232448,6.201782227,0.0,0.009203613,0.077232599,1.747767401,1123.101524,541.552002,508.288605,0.004669,0.004855
137,4,0,0,64.7668,0.0,14.4,0.006850982,73.9114812594092,6.289672852,0.0,-0.008628387,0.170945406,1.654054594,1136.507967,722.716919,1006.008179,0.0,0.00466
138,4,0,0,64.2277,0.0,14.5,0.006949616,73.9620437288368,5.627746582,0.0,0.009203613,0.268682241,1.556317759,1153.296992,597.698975,731.858582,0.0,0.004504
139,4,0,0,64.5636,0.0,14.5,0.00702587,73.5204189297194,0.0,0.0,-0.030870453,0.340154886,1.484845114,1166.752559,588.684875,761.430176,0.004517,0.004417
140,4,0,0,65.0855,0.0,14.5,0.007080091,72.9358732157276,0.0,0.0,-0.030870453,0.363915205,1.461084795,1183.601766,570.807617,682.463196,0.004623,0.004386
141,4,0,0,65.8961,0.0,14.5,0.00707671,72.420935850234,0.17578125,0.0,-0.005560516,0.275293589,1.549706411,1197.102403,546.076782,701.180908,0.0,0.004238
142,4,0,0,66.8959,0.0,14.6,0.007012004,72.046807350079,2.416992188,0.0,-0.000959,0.137224913,1.687775087,1213.998218,559.355713,713.018188,0.004798,0.004412
143,4,0,0,67.5548,0.0,14.6,0.006929438,71.7661344951026,3.342590332,0.0,0.03451355,0.009542227,1.815457773,1227.521727,598.836182,721.901306,0.0,0.004517
144,4,0,0,68.1264,0.0,14.9,0.006838844,71.558382316119,3.694152832,0.0,0.009203613,-0.062741041,1.887741041,1244.432005,596.70697,708.84552,0.0,0.004487
145,4,0,0,68.3275,0.0,14.9,0.00677382,71.4002079640708,3.738098145,0.0,-0.010929291,-0.076376677,1.901376677,1257.967977,617.249084,750.242676,0.0,0.004419
146,4,0,0,68.861,0.0,15.2,0.006719581,71.3327640974056,5.58380127,0.0,0.0,-0.084400892,1.909400892,1274.90023,652.640015,758.751892,0.0,0.004491
147,4,0,0,69.0923,0.0,15.2,0.006688999,71.3366669400264,5.58380127,0.0,0.012271484,-0.108243704,1.933243704,1288.457302,577.60791,709.703308,0.0,0.004461
148,4,0,0,69.5072,0.0,15.5,0.006658317,71.3440330501404,5.58380127,0.0,0.032212646,-0.109176397,1.934176397,1305.417933,588.799927,714.889099,0.0,0.004251
149,4,0,0,69.9271,0.0,15.5,0.006618011,71.354235686378,5.58380127,0.0,0.00690271,-0.039535284,1.864535284,1318.998636,610.453674,733.428406,0.0,0.004413
150,4,0,0,70.1125,0.0,15.7,0.00654892,71.3670116089954,5.58380127,0.0,-0.027035614,0.085464239,1.739535761,1335.989134,575.513489,715.569702,0.0,0.004594
151,4,0,0,70.3789,0.0,15.7,0.00647692,71.3775765237604,5.58380127,0.0,-0.020132904,0.139709234,1.685290766,1349.593106,550.05011,711.287476,0.0,0.004478
152,4,0,0,69.8217,0.0,16.0,0.006404226,71.3889688324062,5.58380127,0.0,0.00690271,0.11843133,1.70656867,1366.612909,574.396729,746.434082,0.0,0.004585
153,4,0,0,69.98,0.0,16.0,0.006365255,71.399807286691,5.58380127,0.0,0.025309937,0.062221766,1.762778234,1380.240429,599.759521,729.938599,0.0,0.004688
154,4,0,0,69.98,0.0,16.2,0.006353058,71.4105998747858,5.58380127,0.0,-0.003259613,0.031814337,1.793185663,1397.289386,619.752319,774.553589,0.0,0.004461
155,4,0,0,70.3522,0.0,16.2,0.006359297,71.419786759989,5.539855957,0.0,0.009203613,0.033476114,1.791523886,1410.939727,578.422974,720.540283,0.0,0.004352
156,4,0,0,70.2454,0.0,16.0,0.006361262,71.4340394290838,6.026000977,0.0,-0.005560516,0.049924135,1.775075865,1428.014485,727.562195,970.662292,0.0,0.00456
157,4,0,0,69.98,0.0,16.0,0.006347871,71.458939427245,5.451965332,0.0,-0.003259613,0.056598902,1.768401098,1441.674649,602.110596,702.207703,0.0,0.004599
158,4,0,0,69.0407,0.0,16.2,0.0063217,71.4686753226958,5.58380127,0.0,-0.007094452,0.050169706,1.774830294,1457.988348,697.65271,925.929016,0.0,0.004591
159,4,0,0,67.6041,0.0,16.2,0.006295801,71.4775549687996,5.58380127,0.0,0.003067871,0.032570124,1.792429876,1471.649353,720.722595,977.888977,0.0,0.004569
160,4,0,0,66.8235,0.0,16.1,0.00626641,71.6450993650364,7.432250977,0.0,0.008436646,0.0120399,1.8129601,1488.714593,685.290283,657.407715,0.0,0.004908
161,4,0,0,67.0412,0.0,16.1,0.006242747,71.7868755885556,6.948852539,0.0,0.008436646,0.014536619,1.810463381,1502.360668,597.933105,714.856873,0.0,0.004681
162,4,0,0,67.3827,0.0,16.3,0.00622095,71.926457444798,6.992797852,0.0,0.00690271,0.035204172,1.789795828,1519.414239,619.747314,720.397217,0.0,0.004685
163,4,0,0,68.0513,0.0,16.3,0.006208558,72.0374891749186,6.773071289,0.0,0.018407227,0.055933237,1.769066763,1533.053702,601.894287,705.740601,0.0,0.004675
164,4,0,0,68.5044,0.0,16.2,0.006205767,72.156180349555,6.773071289,0.0,-0.003259613,0.118738413,1.706261587,1550.100389,739.069702,978.506897,0.0,0.004754
165,4,0,0,69.1439,0.0,16.2,0.006220349,72.2527120872096,6.729125977,0.0,-0.012463226,0.188120127,1.636879873,1563.74071,604.415527,734.90332,0.0,0.004581
166,4,0,0,69.4551,0.0,16.1,0.006256559,72.3646684314404,6.729125977,0.0,-0.037773163,0.231913805,1.593086195,1580.808774,569.220703,734.952026,0.0,0.004547
167,4,0,0,69.5594,0.0,16.1,0.00629438,72.4611830135306,6.729125977,0.0,-0.024734711,0.17019248,1.65480752,1594.47108,606.648621,698.705872,0.0,0.004625
168,4,0,0,70.0859,0.0,16.3,0.006332817,72.5721978133944,6.817016602,0.0,0.003067871,0.026085615,1.798914385,1611.557377,590.246582,716.702881,0.0,0.004667
169,4,0,0,70.4325,0.0,16.3,0.006359807,72.6721873306928,6.773071289,0.0,0.012271484,-0.100182772,1.925182772,1625.233177,589.117188,721.759094,0.0,0.004587
170,4,0,0,70.8637,0.0,16.1,0.00638502,72.7843319677036,6.860961914,0.0,0.039882324,-0.199748278,2.024748278,1642.33622,587.642883,735.418518,0.0,0.004419
171,4,0,0,70.9723,0.0,16.1,0.006402695,72.8786705450864,6.773071289,0.0,-0.010929291,-0.207319021,2.032319021,1656.026647,0.0,0.0,0.0,0.004355
172,4,0,0,70.5667,0.0,16.3,0.006423898,72.9863027697646,6.817016602,0.0,-0.005560516,-0.189865351,2.014865351,1673.108423,0.0,0.0,0.0,0.0
173,4,0,0,70.7824,0.0,16.3,0.006455448,73.0799300993344,6.685180664,0.0,0.019941162,-0.189903498,2.014903498,1686.674206,574.308472,709.546997,0.0,0.004364
174,4,0,0,71.0268,0.0,16.2,0.006508215,73.1785354554856,6.729125977,0.0,0.001533936,-0.188255072,2.013255072,1703.501432,485.871094,527.015686,0.004568,0.004354
175,4,0,0,71.2454,0.0,16.2,0.006550281,73.2663197543174,6.729125977,0.0,0.032979614,-0.197702646,2.022702646,1716.872161,485.177704,703.851685,0.004508,0.004351
176,4,0,0,71.4653,0.0,16.4,0.006566173,73.366267477056,6.773071289,0.0,0.003834839,-0.154977083,1.979977083,1733.51622,524.279602,713.469788,0.004843,0.004548
177,4,0,0,71.4653,0.0,16.4,0.006545834,73.4496068753682,6.729125977,0.0,-0.010162323,-0.077199697,1.902199697,1746.784167,545.814087,735.028198,0.0,0.004562
178,4,0,0,71.5758,0.0,16.2,0.006502458,73.5459967336084,6.773071289,0.0,-0.020132904,-0.000518,1.825518084,1763.328478,511.966003,695.548523,0.004698,0.004509
179,4,0,0,71.7144,0.0,16.2,0.00646731,73.6258245842274,6.685180664,0.0,-0.019365936,0.030773401,1.794226599,1776.538855,672.936523,986.923706,0.004755,0.004431
180,4,0,0,71.9093,0.0,16.4,0.00644218,73.6725174117184,6.289672852,0.0,0.014572388,0.015726805,1.809273195,1793.050992,597.768982,700.293213,0.0,0.004398
181,4,0,0,72.1334,0.0,16.4,0.006433937,73.6865490057774,6.069946289,0.0,0.009203613,0.004824877,1.820175123,1806.261306,599.066528,849.306091,0.004574,0.004348
182,4,0,0,72.4722,0.0,16.3,0.006423139,73.7205185682558,6.245727539,0.0,0.010737549,0.027163744,1.797836256,1822.776369,575.002075,788.950073,0.00478,0.004458
183,4,0,0,72.5289,0.0,16.3,0.00639141,73.737155812522,5.58380127,0.0,0.003834839,0.071772337,1.753227663,1836.651123,488.597687,711.518921,0.00444,0.0
184,4,0,0,72.6143,0.0,16.4,0.006335788,73.727289914586,5.850219727,0.0,-0.020132904,0.133065462,1.691934538,1850.528427,512.090088,668.337524,0.004599,0.004429
185,4,0,0,72.8428,0.0,16.4,0.006266717,73.7186309089962,5.58380127,0.0,-0.010162323,0.166655779,1.658344221,1866.390861,662.468079,951.976929,0.004498,0.004408
186,4,0,0,73.0151,0.0,16.6,0.006222472,73.7009074728838,5.627746582,0.0,-0.017832001,0.164406538,1.660593462,1880.272617,526.528687,687.363281,0.0044,0.004368
187,4,0,0,73.2172,0.0,16.6,0.006192709,73.685383988458,5.58380127,0.0,0.003834839,0.139665842,1.685334158,1896.14005,667.8974,723.957703,0.0,0.004491
188,4,0,0,73.3622,0.0,16.4,0.006175488,73.668460732287,5.58380127,0.0,0.005368774,0.104763746,1.720236254,1910.025999,450.464813,326.169403,0.004811,0.0
189,4,0,0,73.3622,0.0,16.4,0.006156553,73.6476483128852,5.58380127,0.0,-0.001725677,0.075644732,1.749355268,1925.898335,493.390686,708.171997,0.005068,0.00454
190,4,0,0,73.1593,0.0,16.6,0.006134845,73.6305857522438,5.58380127,0.0,-0.015531097,0.050179243,1.774820757,1939.792486,583.244202,724.620911,0.0,0.004495
191,4,0,0,73.1593,0.0,16.6,0.006099431,73.6139114609708,5.627746582,0.0,-0.010162323,0.013449907,1.811550093,1955.672907,688.221924,958.460693,0.004669,0.004667
192,4,0,0,72.4438,0.0,16.4,0.006060997,73.6000540618734,5.320129395,0.0,-0.004793549,-0.030236006,1.855236006,1969.570272,681.972595,825.833679,0.0,0.004573
193,4,0,0,72.3306,0.0,16.4,0.006019155,73.2359227174248,0.17578125,0.0,0.010737549,-0.099971533,1.924971533,1985.475076,584.440308,742.869873,0.0,0.004546
194,4,0,0,72.4155,0.0,16.6,0.005993694,73.0735611684712,4.836730957,0.0,0.003834839,-0.149525881,1.974525881,1999.425977,661.074829,962.237671,0.004439,0.004379
195,4,0,0,71.77,0.0,16.6,0.005985387,72.8869353911234,3.913879395,0.0,0.003834839,-0.190499544,2.015499544,2015.400688,511.165009,703.413879,0.004587,0.004443
196,4,0,0,70.9451,0.0,16.7,0.006007197,72.7658562938884,4.441223145,0.0,0.019941162,-0.212707281,2.037707281,2029.403731,465.927002,579.699707,0.004569,0.004363
197,4,0,0,70.1656,0.0,16.7,0.0060784,72.6565333126996,4.485168457,0.0,0.005368774,-0.205066442,2.030066442,2045.432472,660.990479,779.295288,0.0,0.004422
198,4,0,0,69.7954,0.0,16.8,0.006170326,72.5611667854852,4.397277832,0.0,0.00690271,-0.180830717,2.005830717,2059.478472,520.81781,705.17041,0.004391,0.004477
199,4,0,0,69.4811,0.0,16.8,0.006256785,72.4529016395718,4.485168457,0.0,-0.005560516,-0.1335361,1.9585361,2075.554645,564.091614,731.799377,0.004643,0.004607
200,4,0,0,69.1181,0.0,16.7,0.006275512,72.3586726260562,4.485168457,0.0,0.003834839,-0.095968962,1.920968962,2089.641461,712.456604,996.713013,0.0,0.004588
201,4,0,0,68.5044,0.0,16.7,0.00624176,72.2523784710276,4.660949707,0.0,0.014572388,-0.049993753,1.874993753,2105.763843,728.602478,995.116577,0.0,0.004719
202,4,0,0,68.3275,0.0,16.5,0.006205709,72.1606986842588,4.573059082,0.0,0.005368774,0.01970315,1.80529685,2119.892253,612.260071,827.758118,0.004221,0.004442
203,4,0,0,68.5805,0.0,16.5,0.006189359,72.0627848293188,4.617004395,0.0,-0.025501678,0.123433352,1.701566648,2136.063093,674.205383,998.010498,0.004984,0.004631
204,4,0,0,69.3251,0.0,16.4,0.006192958,71.9760023285436,4.35333252,0.0,-0.023200775,0.179643869,1.645356131,2150.232701,618.243286,721.137695,0.0,0.004646
205,4,0,0,69.8744,0.0,16.4,0.006198769,71.8506797718768,4.441223145,0.0,-0.019365936,0.165090322,1.659909678,2166.449366,604.164307,773.937683,0.004777,0.004538
206,4,0,0,70.4057,0.0,15.9,0.006193844,71.7668973705428,4.52911377,0.0,0.003834839,0.095679045,1.729320955,2180.658133,529.617615,756.231689,0.005274,0.004487
207,4,0,0,70.7824,0.0,15.9,0.006169331,71.6776211813442,4.309387207,0.0,0.00690271,0.001344442,1.823655558,2196.966153,518.267517,708.782227,0.0,0.004513
208,4,0,0,71.2728,0.0,15.5,0.006132413,71.6030803183998,4.617004395,0.0,0.003834839,-0.057456732,1.882456732,2211.211781,718.122803,993.755798,0.0,0.004616
209,4,0,0,71.6035,0.0,15.5,0.006079996,71.530137433515,5.05645752,0.0,0.010737549,-0.117383718,1.942383718,2227.512913,531.223511,650.698914,0.004773,0.004572
210,4,0,0,71.7144,0.0,14.9,0.006036734,71.4867484522968,4.968566895,0.0,0.018407227,-0.157488108,1.982488108,2241.793985,670.470276,752.146118,0.0,0.004637
211,4,0,0,71.9932,0.0,14.9,0.006006479,71.4355823194352,5.012512207,0.0,0.012271484,-0.157567263,1.982567263,2258.135246,554.256714,728.595276,0.005044,0.004796
212,4,0,0,72.0212,0.0,14.6,0.005997492,71.395436560652,5.144348145,0.0,0.001533936,-0.115445375,1.940445375,2272.451191,453.68689,640.157715,0.005164,0.004418
213,4,0,0,72.3589,0.0,14.6,0.005988679,71.3707799912592,5.276184082,0.0,-0.010162323,-0.062078714,1.887078714,2288.822001,558.376526,638.464722,0.005848,0.00463
214,4,0,0,72.5574,0.0,14.0,0.005969478,71.366105212614,5.539855957,0.0,-0.004793549,-0.035819769,1.860819769,2303.149836,491.856903,694.954529,0.004857,0.00469
215,4,0,0,72.6998,0.0,14.0,0.0059433,71.3633028366852,5.451965332,0.0,-0.003259613,-0.023523569,1.848523569,2319.531632,741.736816,981.989624,0.0,0.004669
216,4,0,0,72.4722,0.0,13.2,0.005935236,71.368849620116,5.58380127,0.0,0.001533936,-0.025652647,1.850652647,2333.86812,549.828674,732.146484,0.004935,0.004462
217,4,0,0,72.5005,0.0,13.2,0.005946369,71.3811307672438,5.58380127,0.0,-0.007094452,-0.024022818,1.849022818,2350.251241,451.032806,658.914429,0.005029,0.004639
218,4,0,0,72.1334,0.0,12.8,0.005956152,71.3918561493002,5.58380127,0.0,-0.007094452,-0.015978098,1.840978098,2364.584321,742.084595,965.015686,0.0,0.004722
219,4,0,0,72.1053,0.0,12.8,0.005952959,71.4038955413732,5.58380127,0.0,-0.008628387,-0.024078608,1.849078608,2380.960896,641.4328,710.885925,0.0,0.004595
220,4,0,0,72.2178,0.0,12.4,0.005942164,71.4142641971252,5.58380127,0.0,-0.003259613,-0.049444437,1.874444437,2395.287291,612.842285,734.394104,0.0,0.004546
221,4,0,0,72.7283,0.0,12.4,0.005930277,71.4260087420168,5.58380127,0.0,-0.003259613,-0.092844725,1.917844725,2411.656095,590.753906,742.3349,0.005302,0.004411
222,4,0,0,72.8714,0.0,12.4,0.005925992,71.4362136313304,5.58380127,0.0,0.014572388,-0.134007692,1.959007692,2425.97509,614.706604,765.381714,0.0,0.004389
223,4,0,0,73.1016,0.0,12.4,0.005927813,71.4476467045584,5.58380127,0.0,0.010737549,-0.166416407,1.991416407,2442.335543,582.373596,677.408508,0.0,0.004759
224,4,0,0,73.3331,0.0,12.1,0.005930437,71.457414658062,5.58380127,0.0,0.008436646,-0.165483713,1.990483713,2456.647957,539.465515,661.298523,0.004973,0.004838
225,4,0,0,73.6247,0.0,12.1,0.005936698,71.4682762385626,5.58380127,0.0,0.017640259,-0.143312693,1.968312693,2472.983296,679.194092,711.371399,0.0,0.004525
226,4,0,0,73.5954,0.0,12.1,0.005950258,71.4768404218396,5.58380127,0.0,-0.010162323,-0.099807978,1.924807978,2487.204134,744.108582,882.670593,0.0,0.004485
227,4,0,0,73.537,0.0,12.1,0.005971996,71.4867626788624,5.58380127,0.0,-0.007094452,-0.034540415,1.859540415,2503.424776,528.961609,708.311401,0.004366,0.004329
228,4,0,0,73.654,0.0,12.1,0.005994683,71.4968614804832,5.671691895,0.0,0.003834839,0.025167704,1.799832296,2517.583192,645.808105,746.1297,0.0,0.004664
229,4,0,0,73.7713,0.0,12.1,0.006032874,71.5097633822358,5.58380127,0.0,-0.017832001,0.097307444,1.727692556,2533.738541,510.877289,652.400574,0.004748,0.004447
230,4,0,0,74.0072,0.0,12.4,0.00607846,71.5183355478392,5.58380127,0.0,-0.024734711,0.150763273,1.674236727,2547.853907,641.782104,781.8349,0.0,0.004552
231,4,0,0,74.0664,0.0,12.4,0.006128001,71.5282743166904,5.58380127,0.0,-0.008628387,0.15188241,1.67311759,2563.962702,567.871277,715.611206,0.004757,0.004533
232,4,0,0,74.334,0.0,12.3,0.006156347,71.5373226699064,5.58380127,0.0,0.008436646,0.130275965,1.694724035,2578.038054,634.653076,725.688477,0.0,0.004502
233,4,0,0,74.5734,0.0,12.3,0.006177701,71.5474143582444,5.58380127,0.0,-0.010162323,0.109541178,1.715458822,2594.101628,578.703003,737.695007,0.004543,0.004306
234,4,0,0,74.7842,0.0,12.6,0.006198235,71.5557515602078,5.58380127,0.0,-0.000959,0.087533236,1.737466764,2608.137689,620.940918,826.379517,0.004644,0.004434
235,4,0,0,74.875,0.0,12.6,0.00623204,71.5652372354754,5.58380127,0.0,-0.003259613,0.047156096,1.777843904,2624.157582,519.79187,687.938599,0.00445,0.004137
236,4,0,0,74.8145,0.0,13.1,0.006279112,71.5734029139816,5.58380127,0.0,0.003834839,0.005824327,1.819175673,2638.822967,499.595612,698.59613,0.004554,0.004154
237,4,0,0,74.7842,0.0,13.1,0.006356,71.5832081397996,5.58380127,0.0,-0.003259613,-0.035769224,1.860769224,2654.130562,683.331299,801.692688,0.0,0.004491
238,4,0,0,74.7239,0.0,13.3,0.006432466,71.5910662573384,5.58380127,0.0,0.003834839,-0.068657637,1.893657637,2668.75299,605.668579,814.361694,0.0,0.004238
239,4,0,0,74.9356,0.0,13.3,0.006518386,71.5999650384948,5.58380127,0.0,0.0,-0.102204084,1.927204084,2684.021854,524.441528,695.447327,0.004575,0.004269
240,4,0,0,75.0266,0.0,13.8,0.006597105,71.6072589858032,5.58380127,0.0,0.017640259,-0.124565363,1.949565363,2698.609724,606.733887,829.042908,0.0,0.00482
241,4,0,0,75.1179,0.0,13.8,0.006703326,71.6159735297164,6.113891602,0.0,-0.000959,-0.126196623,1.951196623,2713.844995,570.473206,752.401978,0.0,0.004428
242,4,0,0,75.1789,0.0,14.2,0.006800462,71.75615837347,7.432250977,0.0,-0.008628387,-0.11433053,1.93933053,2728.407842,596.421692,833.028809,0.0,0.004523
243,4,0,0,75.3625,0.0,14.2,0.006881892,71.8874931346956,6.729125977,0.0,0.023776001,-0.103577375,1.928577375,2743.622216,325.226593,628.365417,0.004938,0.004409
244,4,0,0,75.547,0.0,14.6,0.0069183,71.9819673311602,6.729125977,0.0,-0.005560516,-0.04720664,1.87220664,2758.165938,603.097412,807.64917,0.0,0.00467
245,4,0,0,75.6395,0.0,14.6,0.006938706,72.096564280463,7.036743164,0.0,-0.044675873,0.102613211,1.722386789,2773.365007,450.526306,546.193604,0.004864,0.004525
246,4,0,0,75.6086,0.0,14.9,0.006941593,72.209424639252,6.948852539,0.0,-0.019365936,0.148380041,1.676619959,2787.902009,600.574524,750.823486,0.0,0.004634
247,4,0,0,75.7014,0.0,14.9,0.006921884,72.3510824636274,7.300415039,0.0,-0.017832001,0.124593496,1.700406504,2803.099072,677.691284,930.760071,0.0,0.004618
248,4,0,0,75.7943,0.0,15.2,0.006894044,72.4663790574018,6.509399414,0.0,-0.000959,0.059351206,1.765648794,2817.636767,535.96283,555.31073,0.0,0.004634
249,4,0,0,75.3932,0.0,15.2,0.006864062,72.5444973866058,6.157836914,0.0,0.023776001,-0.024292707,1.849292707,2832.837815,730.768188,1032.910645,0.0,0.004683
250,4,0,0,74.7239,0.0,15.5,0.006840659,72.5942431481702,6.333618164,0.0,0.003067871,-0.069903612,1.894903612,2847.380393,494.759613,632.783691,0.004951,0.004578
251,4,0,0,74.3041,0.0,15.5,0.0068143,72.638915079143,6.157836914,0.0,0.012271484,-0.0898664,1.9148664,2862.586506,547.488708,701.019104,0.004293,0.004492
252,4,0,0,74.096,0.0,16.0,0.006791867,72.6895915381228,6.333618164,0.0,0.021475098,-0.10287118,1.92787118,2877.133823,710.101685,1004.642822,0.0,0.004729
253,4,0,0,74.0368,0.0,16.0,0.006770986,72.7517474676028,6.377563477,0.0,0.003834839,-0.091293097,1.916293097,2892.344824,510.723907,559.946472,0.004765,0.004378
254,4,0,0,74.2743,0.0,16.2,0.006764644,72.8109419057082,6.421508789,0.0,0.003834839,-0.057254553,1.882254553,2906.89683,600.754272,737.975525,0.0,0.004596
255,4,0,0,74.6335,0.0,16.2,0.006766671,72.8780118744112,6.377563477,0.0,-0.003259613,-0.013314009,1.838314009,2922.112691,580.251099,737.578979,0.004618,0.004575
256,4,0,0,74.9963,0.0,16.4,0.00675778,72.9378283868002,6.377563477,0.0,-0.023200775,0.018422842,1.806577158,2936.669213,607.403503,742.945313,0.0,0.004572
257,4,0,0,75.24,0.0,16.4,0.006725474,73.0030121124628,6.377563477,0.0,-0.012463226,0.022229433,1.802770567,2951.889591,616.363098,757.981995,0.0,0.004463
258,4,0,0,75.3012,0.0,16.6,0.006688821,73.060651155645,6.465454102,0.0,0.005368774,0.003569365,1.821430635,2966.450275,430.577698,651.040527,0.004866,0.0
259,4,0,0,74.9052,0.0,16.6,0.006663089,73.1277045803328,6.465454102,0.0,0.023009033,-0.006064653,1.831064653,2981.675274,659.003601,734.8255,0.0,0.004627
260,4,0,0,73.2751,0.0,16.7,0.006665342,73.1874789923874,6.421508789,0.0,-0.000959,0.035351992,1.789648008,2996.241006,658.578308,738.135376,0.0,0.004702
261,4,0,0,71.6866,0.0,16.7,0.00668109,73.2527495580364,6.421508789,0.0,-0.005560516,0.110612154,1.714387846,3011.471198,614.173401,755.421692,0.0,0.004727
262,4,0,0,71.2728,0.0,16.5,0.006686885,73.3094618949664,6.465454102,0.0,-0.017832001,0.173339128,1.651660872,3026.041292,579.019714,705.32251,0.0,0.004648
263,4,0,0,71.4929,0.0,16.5,0.006674651,73.374530874687,6.553344727,0.0,-0.016298065,0.207337141,1.617662859,3041.275844,764.546997,705.341125,0.0,0.004737
264,4,0,0,72.0773,0.0,16.7,0.006650337,73.3943553846364,5.539855957,0.0,-0.010929291,0.20448947,1.62051053,3055.850099,570.52301,731.088501,0.0,0.004526
265,4,0,0,72.4722,0.0,16.7,0.006614435,73.3787919563918,5.58380127,0.0,-0.010929291,0.171388388,1.653611612,3071.088849,553.985107,723.563782,0.0,0.004459
266,4,0,0,72.9576,0.0,16.8,0.006577113,73.2229400428976,2.329101563,0.0,-0.010162323,0.129353762,1.695646238,3085.666984,747.634094,1053.98584,0.0,0.004855
267,4,0,0,73.1593,0.0,16.8,0.006525251,73.0860144988856,5.58380127,0.0,-0.003259613,0.053101778,1.771898222,3100.909859,614.765076,712.715393,0.0,0.004513
268,4,0,0,73.742,0.0,16.9,0.006478935,73.0761968489628,5.58380127,0.0,0.00690271,-0.026057959,1.851057959,3115.491968,638.601685,759.867798,0.0,0.004445
269,4,0,0,74.096,0.0,16.9,0.006431828,73.0651220470056,5.58380127,0.0,0.008436646,-0.097151518,1.922151518,3130.738918,663.683716,781.598022,0.0,0.00447
270,4,0,0,74.3638,0.0,17.0,0.006384827,73.0557032720018,5.58380127,0.0,0.003067871,-0.139983416,1.964983416,3145.324858,682.156677,974.751404,0.004932,0.004605
271,4,0,0,74.6938,0.0,17.0,0.006313841,73.0448335643342,5.58380127,0.0,-0.008628387,-0.176403284,2.001403284,3161.242446,749.309082,1034.717529,0.0,0.004572
272,4,0,0,74.5134,0.0,16.8,0.006243424,73.0354384949086,5.58380127,0.0,-0.004793549,-0.218216181,2.043216181,3175.198563,774.83667,728.719421,0.004745,0.004109
273,4,0,0,73.2172,0.0,16.8,0.006166649,73.025158851752,5.58380127,0.0,0.023009033,-0.281773806,2.106773806,3191.176739,611.070129,742.236084,0.0,0.004541
274,4,0,0,72.3872,0.0,16.6,0.006112255,73.0163509178386,5.58380127,0.0,0.014572388,-0.307714701,2.132714701,3205.178448,634.851318,719.511414,0.006314,0.00465
275,4,0,0,72.2178,0.0,16.6,0.006079127,73.007248104557,5.58380127,0.0,0.014572388,-0.304714918,2.129714918,3218.533928,614.544128,819.667175,0.0,0.00465
276,4,0,0,72.7283,0.0,16.5,0.006076775,72.9970833360896,5.58380127,0.0,0.014572388,-0.261747122,2.086747122,3235.25921,0.0,0.0,0.0,0.0
277,4,0,0,73.1593,0.0,16.5,0.006107479,72.9886339470348,5.58380127,0.0,0.005368774,-0.199023485,2.024023485,3248.666621,575.530518,652.807129,0.005623,0.004864
278,4,0,0,73.7713,0.0,16.6,0.006171398,72.9788819742774,5.58380127,0.0,-0.007094452,-0.107995749,1.932995749,3265.449628,719.622681,992.24231,0.006145,0.004832
279,4,0,0,74.2148,0.0,16.6,0.006242292,73.0044104840822,6.860961914,0.0,-0.000959,-0.035489321,1.860489321,3278.888458,576.745728,661.037598,0.0,0.004787
280,4,0,0,74.4835,0.0,16.5,0.006334972,73.1135907329064,6.597290039,0.0,0.014572388,0.038709879,1.786290121,3295.699056,598.242798,707.468323,0.005433,0.004724
281,4,0,0,74.4236,0.0,16.5,0.006423792,73.180135477407,6.729125977,0.0,-0.004793549,0.11221242,1.71278758,3309.157329,479.478485,666.379883,0.00533,0.004677
282,4,0,0,74.6335,0.0,16.6,0.006523691,73.281477226547,6.948852539,0.0,-0.007094452,0.193993807,1.631006193,3325.994741,724.528381,1019.993774,0.0,0.004824
283,4,0,0,74.4535,0.0,16.6,0.00659346,73.3632934328294,6.421508789,0.0,-0.000959,0.240260363,1.584739637,3339.477332,619.040894,769.489807,0.0,0.004667
284,4,0,0,73.8596,0.0,16.5,0.006629239,73.4260320238564,6.553344727,0.0,-0.024734711,0.268530607,1.556469393,3356.346322,608.558899,771.329224,0.004421,0.00453
285,4,0,0,73.6833,0.0,16.5,0.006615017,73.4903482669788,6.553344727,0.0,-0.001725677,0.25406146,1.57093854,3369.853942,577.531799,738.411377,0.0,0.004571
286,4,0,0,74.0368,0.0,16.0,0.006572109,73.5616153783084,6.597290039,0.0,-0.008628387,0.222451925,1.602548075,3386.753872,600.927673,770.918701,0.0,0.004718
287,4,0,0,74.4236,0.0,16.0,0.006532589,73.6283496547808,6.641235352,0.0,-0.008628387,0.179699659,1.645300341,3400.286371,510.808899,788.355286,0.0,0.004452
288,4,0,0,74.7541,0.0,15.9,0.006480206,73.7027228084038,6.597290039,0.0,-0.012463226,0.112676382,1.712323618,3417.217622,619.703613,747.649292,0.0,0.004549
289,4,0,0,74.9052,0.0,15.9,0.0064269,73.7642178141326,6.641235352,0.0,-0.007094452,0.031977415,1.793022585,3431.453052,588.644592,706.16449,0.0,0.00451
290,4,0,0,74.2743,0.0,15.5,0.006383497,73.841087150656,6.685180664,0.0,0.008436646,-0.060755491,1.885755491,3447.73685,508.970093,558.714478,0.004666,0.004441
291,4,0,0,72.7283,0.0,15.5,0.006386613,73.9126553373128,6.685180664,0.0,0.003834839,-0.137070894,1.962070894,3461.998374,584.601074,715.420227,0.0,0.004431
292,4,0,0,69.6641,0.0,15.2,0.00644865,73.9879221091576,6.729125977,0.0,0.003834839,-0.20629096,2.03129096,3478.307605,613.16687,767.660828,0.0,0.004459
293,4,0,0,65.8961,0.0,15.2,0.006538854,74.0572766808312,6.729125977,0.0,0.005368774,-0.260755777,2.085755777,3492.575731,555.713196,748.931274,0.0,0.004531
294,4,0,0,63.4357,0.0,15.2,0.006650526,74.124759477431,6.597290039,0.0,0.010737549,-0.311714411,2.136714411,3508.853766,674.810913,816.672485,0.0,0.004488
295,4,0,0,62.3465,0.0,15.2,0.006741871,74.1768963319938,6.597290039,0.0,0.005368774,-0.332516909,2.157516909,3523.064861,644.320496,795.463928,0.0,0.004476
296,4,0,0,62.6841,0.0,14.9,0.006840347,74.2390050273448,6.553344727,0.0,0.005368774,-0.342799425,2.167799425,3539.302895,619.635498,761.177307,0.0,0.004516
297,4,0,0,63.8513,0.0,14.9,0.006917614,74.2917789874268,6.597290039,0.0,0.009203613,-0.338072062,2.163072062,3553.509097,586.347412,748.489685,0.0,0.004397
298,4,0,0,65.2001,0.0,14.6,0.006986767,74.3484239895712,6.509399414,0.0,0.0,-0.311165571,2.136165571,3569.742361,583.468689,729.740479,0.0,0.004335
299,4,0,0,66.3209,0.0,14.6,0.007035644,74.3931586687106,6.509399414,0.0,0.0,-0.269020319,2.094020319,3583.944299,508.505798,576.758728,0.004556,0.004265
300,4,0,0,67.2848,0.0,14.3,0.007084745,74.439388987979,6.245727539,0.0,0.026843872,-0.217272997,2.042272997,3600.17265,571.594116,711.592407,0.0,0.004496
301,4,0,0,67.8518,0.0,14.3,0.007112635,74.4718823028754,6.377563477,0.0,0.030678711,-0.146674871,1.971674871,3614.37049,723.97168,999.522583,0.0,0.004632
302,4,0,0,68.4032,0.0,14.1,0.007128204,74.5102271619184,6.069946289,0.0,0.012271484,-0.001025915,1.826025915,3630.594251,574.92627,731.694885,0.0,0.00424
303,4,0,0,69.0923,0.0,14.1,0.007148858,74.456844211487,5.58380127,0.0,-0.013997162,0.177056551,1.647943449,3644.787915,558.335083,735.398499,0.0,0.004318
304,4,0,0,69.5594,0.0,14.2,0.007201719,74.3540627950632,5.144348145,0.0,-0.025501678,0.352612734,1.472387266,3661.0068,600.706726,729.994019,0.0,0.004452
305,4,0,0,69.6641,0.0,14.2,0.007270659,74.320095694875,5.58380127,0.0,-0.025501678,0.457600832,1.367399168,3675.19639,572.856689,721.31488,0.0,0.00463
306,4,0,0,70.1656,0.0,14.3,0.007344763,74.2932466250398,5.58380127,0.0,-0.033938324,0.503835917,1.321164083,3691.421892,729.839783,659.317383,0.0,0.004812
307,4,0,0,70.3789,0.0,14.3,0.00737507,74.2693377711044,5.58380127,0.0,-0.005560516,0.470725298,1.354274702,3705.639365,748.580322,715.252197,0.0,0.00459
308,4,0,0,70.5936,0.0,14.3,0.007361852,74.2421922447478,5.58380127,0.0,-0.007094452,0.398674726,1.426325274,3721.907302,605.319397,720.003418,0.0,0.004719
309,4,0,0,70.9451,0.0,14.3,0.00732322,74.2188708320992,5.58380127,0.0,0.003834839,0.337783575,1.487216425,3736.162223,570.886719,737.80481,0.0,0.004366
310,4,0,0,71.218,0.0,14.4,0.007272322,74.1927776853554,5.58380127,0.0,-0.008628387,0.261681318,1.563318682,3752.471022,403.303009,692.41333,0.004389,0.004143
311,4,0,0,71.4929,0.0,14.4,0.007247335,74.1707098520064,5.58380127,0.0,0.030678711,0.185921907,1.639078093,3766.754827,532.997986,712.059692,0.0,0.004372
312,4,0,0,71.8535,0.0,14.8,0.007252843,74.1450505028596,5.58380127,0.0,-0.005560516,0.133733034,1.691266966,3783.09544,558.458618,717.96051,0.0,0.004424
313,4,0,0,72.0212,0.0,14.8,0.007264663,74.121863148233,5.58380127,0.0,-0.015531097,0.095893145,1.729106855,3797.408496,504.864197,575.225525,0.004586,0.00434
314,4,0,0,71.7144,0.0,15.1,0.007242495,74.0967240343346,5.539855957,0.0,-0.013997162,0.016540289,1.808459711,3813.783302,536.64502,718.92688,0.0,0.004465
315,4,0,0,70.5129,0.0,15.1,0.007172233,74.0743856709316,5.58380127,0.0,-0.016298065,-0.082991362,1.907991362,3828.12547,617.583923,772.244995,0.0,0.004529
316,4,0,0,69.8217,0.0,15.4,0.007044778,74.0279977007168,4.045715332,0.0,0.010737549,-0.225393534,2.050393534,3844.533877,599.855713,707.121582,0.0,0.004655
317,4,0,0,69.9271,0.0,15.4,0.006914157,73.61156485013,0.0,0.0,0.012271484,-0.339927435,2.164927435,3858.906907,602.17511,783.219971,0.0,0.004507
318,4,0,0,70.1656,0.0,15.6,0.006769045,73.0536255657816,0.0,1.620483398,0.017640259,-0.428092241,2.253092241,3875.350997,686.804871,875.156006,0.0,0.004484
319,4,0,0,70.7284,0.0,15.6,0.006660312,72.552849104816,0.0,0.0,0.030678711,-0.452355146,2.277355146,3889.754818,601.507324,741.441711,0.004413,0.004393
320,4,0,0,71.1359,0.0,15.9,0.006565053,72.0198851679276,0.0,0.0,0.021475098,-0.408084631,2.233084631,3906.230951,651.690308,883.438599,0.0,0.004289
321,4,0,0,71.5758,0.0,15.9,0.006509348,71.561938877052,0.0,0.0,-0.019365936,-0.294663191,2.119663191,3920.659863,580.183716,757.515625,0.0,0.00431
322,4,0,0,71.9093,0.0,16.1,0.006470676,71.0191688774888,0.0,0.0,-0.010162323,-0.180336237,2.005336237,3937.163909,0.0,0.0,0.0,0.0
323,4,0,0,72.0773,0.0,16.1,0.00644525,70.551618801883,0.0,0.0,0.003067871,-0.128313303,1.953313303,3951.61666,602.171326,725.844482,0.0,0.004248
324,4,0,0,72.4722,0.0,16.0,0.00641103,70.0354654995524,0.0,0.0,0.012271484,-0.074453115,1.899453115,3968.146289,582.449829,781.774292,0.0,0.004553
325,4,0,0,72.3589,0.0,16.0,0.006376901,69.5911077675272,0.0,0.0,-0.010162323,-0.011904478,1.836904478,3982.619171,602.7099,766.53009,0.0,0.004539
326,4,0,0,70.7014,0.0,16.2,0.006347474,69.0644670723394,0.0,0.0,-0.010162323,0.059158087,1.765841913,3999.167689,729.702881,986.268494,0.0,0.004887
327,4,0,0,69.429,0.0,16.2,0.006333305,68.6102841425868,0.0,0.0,-0.010162323,0.096954584,1.728045416,4013.652967,567.182007,707.328491,0.005168,0.004661
328,4,0,0,69.377,0.0,16.4,0.006317073,68.3667038709192,6.773071289,0.0,-0.003259613,0.111620665,1.713379335,4030.193919,585.072205,757.752075,0.0,0.004596
329,4,0,0,69.8217,0.0,16.4,0.006294213,68.495946297024,6.729125977,0.0,0.003067871,0.113502741,1.711497259,4044.64819,675.680603,911.134216,0.0,0.00456
330,4,0,0,70.4325,0.0,16.5,0.006264444,68.7392359540744,8.618774414,0.0,0.005368774,0.120112658,1.704887342,4061.160239,545.997009,634.849304,0.004809,0.004529
331,4,0,0,70.9723,0.0,16.5,0.006245461,69.0066515811196,8.355102539,0.0,0.00690271,0.137515306,1.687484694,4075.602679,585.858887,710.59082,0.0,0.004411
332,4,0,0,71.4653,0.0,16.7,0.00623225,69.3321887475724,8.973083496,0.0,-0.019365936,0.167220354,1.657779646,4092.101835,586.807495,720.785706,0.0,0.004446
333,4,0,0,71.6035,0.0,16.7,0.006222004,69.6238366576128,9.236755371,0.0,-0.013997162,0.183260679,1.641739321,4106.533085,520.840088,700.307312,0.0,0.00431
334,4,0,0,70.4861,0.0,16.8,0.006209618,70.0024348904036,10.11566162,0.0,-0.010929291,0.168590784,1.656409216,4123.019794,0.0,0.0,0.0,0.0
335,4,0,0,68.4285,0.0,16.8,0.006203944,70.451523325639,11.25823975,0.0,0.003834839,0.129974127,1.695025873,4137.440499,583.251526,664.398071,0.0,0.004548
336,4,0,0,67.0169,0.0,16.9,0.006211809,70.9535818351288,11.21429443,0.0,0.003834839,0.080092669,1.744907331,4153.9155,585.620728,741.533325,0.004217,0.004437
337,4,0,0,66.6791,0.0,16.9,0.006228205,71.3792384248048,11.21429443,0.0,0.012271484,0.047238111,1.777761889,4168.325921,737.338806,1017.508118,0.0,0.004671
338,4,0,0,66.7994,0.0,17.0,0.006249955,71.7880129574138,7.608032227,0.0,0.0,0.027603865,1.797396135,4184.788836,557.476929,663.675476,0.0,0.004589
339,4,0,0,67.6041,0.0,17.0,0.006275199,71.8743754365424,7.256469727,0.0,0.001533936,0.027676821,1.797323179,4199.188429,551.240417,642.971191,0.004504,0.004474
340,4,0,0,68.3779,0.0,17.1,0.006315317,72.0496752905194,7.608032227,0.0,-0.000959,0.032781839,1.792218161,4215.58711,724.923889,1020.829224,0.0,0.004658
341,4,0,0,69.2214,0.0,17.1,0.006356599,72.204387163651,7.651977539,0.0,0.008436646,0.038420439,1.786579561,4229.826725,607.043274,683.238098,0.0,0.004689
342,4,0,0,69.9536,0.0,17.2,0.006413349,72.39028178565,7.695922852,0.0,0.001533936,0.061037779,1.763962221,4245.975279,560.553528,700.940491,0.004375,0.004347
343,4,0,0,70.1922,0.0,17.2,0.006481648,72.5444934276294,7.695922852,0.0,-0.003259613,0.083989859,1.741010141,4259.996044,584.579102,649.833496,0.0,0.004617
344,4,0,0,70.918,0.0,17.6,0.006584031,72.6871187228392,5.58380127,0.0,0.008436646,0.103314161,1.721685839,4275.895974,553.918274,688.44397,0.005244,0.004613
345,4,0,0,71.3002,0.0,17.6,0.006678505,72.7123113151058,6.465454102,0.0,-0.001725677,0.131127119,1.693872881,4289.701749,529.819214,710.86322,0.0,0.004261
346,4,0,0,71.3827,0.0,17.6,0.006761539,72.7859765039694,6.553344727,0.0,-0.010929291,0.166792631,1.658207369,4305.358654,588.969482,654.217529,0.0,0.00471
347,4,0,0,71.5205,0.0,17.6,0.006799149,72.850780344925,6.465454102,0.0,-0.010929291,0.182246923,1.642753077,4318.9531,580.778076,628.354309,0.0,0.00482
348,4,0,0,71.9373,0.0,17.6,0.006799687,72.9305658859954,6.597290039,0.0,0.009203613,0.175461054,1.649538946,4334.370306,560.51062,637.014404,0.0,0.004887
349,4,0,0,72.2178,0.0,17.6,0.006763633,73.003239640952,6.641235352,0.0,0.013038452,0.174141645,1.650858355,4347.75693,713.766724,939.910706,0.0,0.004837
350,4,0,0,72.4155,0.0,18.0,0.006694994,73.0569183076084,5.100402832,0.0,0.032212646,0.20226264,1.62273736,4362.95776,602.837708,675.92688,0.0,0.0046
351,4,0,0,72.7283,0.0,18.0,0.006627834,73.0119105717512,5.58380127,0.0,-0.024734711,0.265654802,1.559345198,4376.268391,565.286926,742.677673,0.00472,0.00434
352,4,0,0,72.8141,0.0,18.0,0.006552352,73.010265375656,5.806274414,0.0,-0.043141937,0.30881381,1.51618619,4391.527048,527.140381,650.543213,0.004607,0.0043
353,4,0,0,72.9863,0.0,18.0,0.006493545,73.017963894947,5.806274414,0.0,-0.023200775,0.244498968,1.580501032,4404.938647,491.702209,710.965576,0.0,0.004417
354,4,0,0,73.0439,0.0,18.0,0.00644322,73.0273635992718,5.806274414,0.0,0.001533936,0.110500574,1.714499426,4420.340181,566.902405,727.248108,0.004611,0.004172
355,4,0,0,73.3041,0.0,18.0,0.006417075,73.0358764285094,5.806274414,0.0,0.018407227,-0.022071123,1.847071123,4433.886634,591.059509,708.583801,0.0,0.004469
356,4,0,0,73.5954,0.0,18.0,0.006400691,73.0455588294986,5.806274414,0.0,0.014572388,-0.147206068,1.972206068,4449.459536,612.460083,742.268127,0.0,0.004103
357,4,0,0,73.5078,0.0,18.0,0.006390116,73.0523245431388,5.671691895,0.0,0.014572388,-0.224473238,2.049473238,4463.186787,593.689026,671.803528,0.0,0.004427
358,4,0,0,73.742,0.0,17.7,0.006383006,73.0553486861196,5.75958252,0.0,0.014572388,-0.272618532,2.097618532,4478.991315,619.561218,649.740417,0.0,0.004626
359,4,0,0,73.7713,0.0,17.7,0.00638564,73.0626333475362,5.75958252,0.0,0.005368774,-0.272746801,2.097746801,4492.916941,586.530518,685.791199,0.0,0.004557
360,4,0,0,73.7126,0.0,17.7,0.006390465,73.0687373971288,5.75958252,0.0,0.010737549,-0.238554239,2.063554239,4508.881773,536.536194,645.740112,0.004553,0.004473
361,4,0,0,73.742,0.0,17.7,0.006373038,73.0722450984994,5.58380127,0.0,0.018407227,-0.187002897,2.012002897,4522.880596,745.047302,992.355225,0.0,0.004481
362,4,0,0,74.0664,0.0,17.7,0.006300436,73.061394107456,5.276184082,0.0,0.029144775,-0.079272509,1.904272509,4538.920657,730.98877,959.610474,0.0,0.004607
363,4,0,0,74.2148,0.0,17.7,0.006191268,72.944276802966,4.00177002,0.0,-0.020132904,0.058677912,1.766322088,4552.99228,737.240723,945.68219,0.0,0.004676
364,4,0,0,73.742,0.0,17.5,0.006059299,72.763351098684,0.0,0.0,-0.020132904,0.210174799,1.614825201,4569.11561,621.387878,701.948486,0.0,0.004515
365,4,0,0,73.4204,0.0,17.5,0.005983462,72.2782953145744,0.0,0.0,-0.023200775,0.291231394,1.533768606,4583.247907,573.553101,373.431488,0.0,0.004452
366,4,0,0,73.1304,0.0,17.5,0.005961769,71.8180069351034,0.0,0.0,-0.020132904,0.317582846,1.507417154,4597.388291,0.0,0.0,0.0,0.0
367,4,0,0,73.4786,0.0,17.5,0.005984399,71.2924246545534,0.0,0.0,-0.012463226,0.279268026,1.545731974,4613.566121,590.056885,721.137329,0.0,0.004325
368,4,0,0,73.8302,0.0,17.6,0.006013369,70.8224604080136,0.0,0.0,0.00690271,0.204885721,1.620114279,4627.736847,490.161896,775.468994,0.004691,0.0
369,4,0,0,73.8596,0.0,17.6,0.006022318,70.3034411769176,0.0,0.0,-0.010162323,0.094344854,1.730655146,4643.950668,474.368011,680.548523,0.005341,0.004687
370,4,0,0,73.8891,0.0,17.3,0.005992899,69.8398205302294,0.0,0.0,-0.004793549,-0.012114286,1.837114286,4658.152831,670.691711,961.617615,0.004656,0.004665
371,4,0,0,73.9776,0.0,17.3,0.005923202,69.592925146909,6.509399414,0.0,0.008436646,-0.147363901,1.972363901,4674.379166,613.091614,675.001709,0.0,0.004755
372,4,0,0,74.1851,0.0,17.4,0.005857769,69.6587874507826,5.715637207,0.0,0.052920776,-0.246623278,2.071623278,4688.574818,623.30658,719.621582,0.0,0.00459
373,4,0,0,74.5134,0.0,17.4,0.005812486,69.6966404633348,5.58380127,0.0,0.054454712,-0.271555185,2.096555185,4704.799822,527.555908,673.022278,0.004897,0.004728
374,4,0,0,74.6938,0.0,17.1,0.005804803,69.7253124004012,5.58380127,0.0,0.018407227,-0.171284437,1.996284437,4718.998243,508.114288,706.000488,0.004891,0.00455
375,4,0,0,74.875,0.0,17.1,0.005810747,69.7581067101578,5.58380127,0.0,-0.024734711,-0.00296855,1.82796855,4735.903736,590.643127,658.836304,0.0,0.004687
376,4,0,0,74.9659,0.0,17.2,0.005808923,69.7882015934654,5.671691895,0.0,-0.057714325,0.130656004,1.694343996,4749.43021,622.959229,710.008484,0.0,0.004546
377,4,0,0,75.24,0.0,17.2,0.005792301,69.8615321683562,5.850219727,0.0,-0.057714325,0.182989836,1.642010164,4766.33978,453.799591,646.224792,0.00494,0.004429
378,4,0,0,75.3318,0.0,17.3,0.005770548,69.9054612762652,5.850219727,0.0,-0.013997162,0.118142843,1.706857157,4779.868612,597.161499,675.597778,0.005184,0.004735
379,4,0,0,73.8302,0.0,17.3,0.005742332,69.963816459654,5.850219727,0.0,0.010737549,5.75e-05,1.824942541,4796.781322,561.627808,700.798584,0.0064,0.004592
380,4,0,0,72.0492,0.0,17.1,0.005713024,70.014155568783,5.894165039,0.0,0.008436646,-0.078832865,1.903832865,4810.312431,626.330994,704.357788,0.0,0.004765
381,4,0,0,71.3002,0.0,17.1,0.00566979,70.0766923968542,6.245727539,0.0,0.021475098,-0.143858194,1.968858194,4827.223272,570.416382,699.596191,0.004916,0.004493
382,4,0,0,71.5205,0.0,16.9,0.005621606,70.1594799846672,6.685180664,0.0,-0.013997162,-0.165798426,1.990798426,4840.731888,598.745911,675.792725,0.0,0.004373
383,4,0,0,71.9652,0.0,16.9,0.005565323,70.3330493958092,7.344360352,0.0,0.017640259,-0.182606459,2.007606459,4857.566197,595.002991,724.821472,0.005185,0.004549
384,4,0,0,72.5289,0.0,16.7,0.005532846,70.5367982449824,7.608032227,0.0,0.018407227,-0.189270735,2.014270735,4870.937564,563.503479,731.63501,0.004535,0.004223
385,4,0,0,73.0151,0.0,16.7,0.005528468,70.747402979116,7.608032227,0.0,0.008436646,-0.151534319,1.976534319,4887.523112,0.0,0.0,0.0,0.0
386,4,0,0,73.3041,0.0,16.2,0.005553463,70.928561635363,7.695922852,0.0,-0.016298065,-0.078572512,1.903572512,4900.68926,596.038086,778.421875,0.004462,0.004566
387,4,0,0,73.2172,0.0,16.2,0.005608418,71.1519070797548,8.841247559,0.0,-0.043141937,-0.008895159,1.833895159,4917.020255,641.239929,755.824707,0.0,0.004214
388,4,0,0,73.1016,0.0,15.8,0.005672314,71.5144831097472,10.95062256,0.0,-0.027035614,-0.033354998,1.858354998,4929.984538,535.327515,720.425415,0.00523,0.004294
389,4,0,0,73.3913,0.0,15.8,0.00575637,71.9316678117952,9.632263184,0.0,0.016106323,-0.141713858,1.966713858,4946.100408,595.107117,681.477173,0.004842,0.00459
390,4,0,0,73.6833,0.0,15.7,0.005835022,72.2447215209888,9.851989746,0.0,0.02761084,-0.238836527,2.063836527,4958.998433,724.10199,942.618591,0.0,0.004899
391,4,0,0,74.0072,0.0,15.7,0.005920007,72.6166280858728,9.895935059,0.0,0.026843872,-0.292605162,2.117605162,4975.130342,702.2453,932.517029,0.0,0.004525
392,4,0,0,74.4236,0.0,15.4,0.005975057,72.952100448442,10.15960693,0.0,0.023776001,-0.276899576,2.101899576,4988.041459,600.407227,631.965271,0.0,0.004529
393,4,0,0,74.9963,0.0,15.4,0.00600211,73.3390510914592,9.895935059,0.0,-0.008628387,-0.201588392,2.026588392,5004.188307,515.113708,713.642273,0.005281,0.004548
394,4,0,0,75.2706,0.0,15.3,0.005994993,73.6358602675334,9.632263184,0.0,-0.019365936,-0.134689093,1.959689093,5017.114294,543.734009,690.721497,0.004708,0.004569
395,4,0,0,75.4854,0.0,15.3,0.005967146,73.9574624850324,9.983825684,0.0,-0.012463226,-0.0966084,1.9216084,5033.288818,569.944519,718.659729,0.004932,0.004664
396,4,0,0,75.3932,0.0,15.0,0.005940753,74.2708746264308,10.027771,0.0,-0.010929291,-0.092672586,1.917672586,5046.238749,577.248108,717.928101,0.005628,0.004611
397,4,0,0,75.5162,0.0,15.0,0.005915258,74.6043408340362,9.895935059,0.0,-0.010929291,-0.118596792,1.943596792,5062.440469,613.973206,751.757385,0.0,0.004686
398,4,0,0,75.24,0.0,15.0,0.005894597,74.87663644667,9.676208496,0.0,-0.036239227,-0.171649694,1.996649694,5075.413507,581.620789,708.2724,0.006093,0.004772
399,4,0,0,75.2095,0.0,15.0,0.005875031,75.1912308575126,9.720153809,0.0,-0.078422455,-0.31396699,2.13896699,5091.651724,619.091614,683.400574,0.0,0.004786
400,4,0,0,75.3012,0.0,15.3,0.005871382,75.4801968507232,11.0824585,0.0,-0.053879486,-0.592883825,2.417883825,5104.672607,616.815674,692.093872,0.0,0.00478
401,4,0,0,75.2095,0.0,15.3,0.005893475,75.8838119036658,11.21429443,0.0,0.021475098,-1.046086073,2.871086073,5121.002281,730.925476,953.327393,0.0,0.004726
402,4,0,0,74.8145,0.0,15.3,0.005936342,76.2466515918304,10.90667725,0.0,0.030678711,-1.478134871,3.303134871,5134.106519,662.131897,819.665771,0.0,0.004838
403,4,0,0,74.6938,0.0,15.3,0.006005073,75.8866870861362,0.0,13.48571777,0.06212439,1.757644892,3.717355108,5150.536091,734.931885,956.820374,0.0,0.004937
404,4,0,0,74.7842,0.0,15.5,0.00607058,75.3835751026824,0.0,13.9251709,-0.003259613,1.571149588,3.903850412,5163.731623,628.780518,693.411621,0.0,0.004727
405,4,0,0,75.1484,0.0,15.5,0.006132941,74.8095565966194,0.0,13.63220215,-0.061549164,1.415758371,4.059241629,5180.329863,629.419189,756.463928,0.0,0.004762
406,4,0,0,75.4546,0.0,16.1,0.006169261,74.3296602278026,0.0,13.04626465,-0.054646454,1.208418846,4.266581154,5193.679296,645.910278,756.278687,0.0,0.004698
407,4,0,0,75.8254,0.0,16.1,0.006188953,73.7618760474052,0.0,12.02087402,-0.001725677,0.772308111,4.702691889,5210.452898,637.286499,762.187683,0.0,0.00471
408,4,0,0,75.9186,0.0,16.3,0.006187691,73.2732950683992,0.0,9.970092773,0.083599487,0.304629564,5.170370436,5223.942973,553.287781,822.010071,0.0,0.004635
409,4,0,0,76.0433,0.0,16.3,0.006166879,72.7111823470024,0.0,8.798217773,0.065192261,-0.005929232,5.480929232,5240.896606,716.155701,992.419006,0.0,0.004651
410,4,0,0,76.1684,0.0,16.4,0.006131252,72.2286773989796,0.0,0.0,0.009203613,-0.073755741,5.548755741,5254.526062,711.463684,994.965515,0.0,0.004671
411,4,0,0,76.2311,0.0,16.4,0.006068449,72.1146028575342,5.58380127,0.0,-0.012463226,-0.062474251,5.537474251,5271.641855,624.830688,737.081909,0.0,0.004705
412,4,0,0,75.9809,0.0,16.6,0.0059998,72.1173752514588,5.58380127,0.0,0.003834839,-0.064902067,5.539902067,5285.400817,574.945984,715.637878,0.004121,0.003925
413,4,0,0,75.8564,0.0,16.6,0.00592384,72.119558932718,5.539855957,0.0,-0.036239227,-0.059165359,5.534165359,5302.677933,612.922302,716.2995,0.0,0.004472
414,4,0,0,75.9186,0.0,16.7,0.00587659,72.119421656016,5.58380127,0.0,-0.039307098,-0.105501175,5.580501175,5316.559961,616.036926,731.019714,0.0,0.004523
415,4,0,0,75.8254,0.0,16.7,0.005857315,72.0094404708606,4.089660645,0.0,0.001533936,-0.260899782,5.735899782,5333.983603,628.253723,757.15033,0.0,0.004326
416,4,0,0,76.0121,0.0,17.2,0.005872465,71.8985594232442,4.221496582,0.0,0.046785034,-0.429870129,5.904870129,5347.988762,582.486206,665.949402,0.0,0.004534
417,4,0,0,76.2625,0.0,17.2,0.005918527,71.7730665340318,4.35333252,0.0,-0.005560516,-0.512455225,5.987455225,5365.59393,585.396912,672.631409,0.0,0.004503
418,4,0,0,76.5779,0.0,17.2,0.005972818,71.7237648859338,5.100402832,0.0,0.02761084,-0.549921513,6.024921513,5379.678238,616.873413,711.257507,0.0,0.004698
419,4,0,0,76.9918,0.0,17.2,0.006039275,71.7099803577516,5.58380127,0.0,0.021475098,-0.557183623,6.032183623,5397.150228,576.013916,698.458679,0.005265,0.004568
420,4,0,0,77.2165,0.0,17.3,0.006095573,71.70808416899,5.320129395,0.0,-0.010162323,-0.511380315,5.986380315,5411.019765,593.818481,681.253784,0.0,0.004702
421,4,0,0,77.4425,0.0,17.3,0.006156816,71.703353433593,5.539855957,0.0,-0.000959,-0.437480211,5.912480211,5428.218753,607.509399,721.377014,0.0,0.004744
422,4,0,0,77.4425,0.0,17.7,0.006206954,71.703529093054,5.58380127,0.0,-0.008628387,-0.386568546,5.861568546,5441.867111,717.499084,693.929321,0.004443,0.004802
423,4,0,0,77.4425,0.0,17.7,0.006252638,71.7099603053752,5.58380127,0.0,-0.010162323,-0.339004517,5.814004517,5458.799122,610.052307,689.368103,0.004706,0.004377
424,4,0,0,77.2809,0.0,17.7,0.006274008,71.7151997370528,5.58380127,0.0,-0.010162323,-0.321915984,5.796915984,5472.243486,513.375183,645.055481,0.004771,0.004355
425,4,0,0,77.3132,0.0,17.7,0.006271258,71.7229833260562,5.627746582,0.0,0.001533936,-0.329486251,5.804486251,5486.94378,679.669617,966.246399,0.004858,0.004284
426,4,0,0,77.2487,0.0,17.4,0.006243138,71.7335973417846,5.715637207,0.0,0.001533936,-0.348763108,5.823763108,5500.965723,645.002014,760.087585,0.0,0.004614
427,4,0,0,77.1522,0.0,17.4,0.006193174,71.7539267660656,5.715637207,0.0,0.003834839,-0.36595881,5.84095881,5514.988146,413.814789,660.867126,0.005556,0.004727
428,4,0,0,76.0433,0.0,17.2,0.006121245,71.769263953293,5.671691895,0.0,-0.000959,-0.376442194,5.851442194,5529.010815,524.763306,706.698914,0.005208,0.004505
429,4,0,0,75.7014,0.0,17.2,0.006017543,71.7833477865284,5.671691895,0.0,0.003834839,-0.383100152,5.858100152,5545.028325,485.367615,660.714111,0.005412,0.004644
430,4,0,0,75.4546,0.0,17.0,0.005928773,71.7961841237694,5.671691895,0.0,0.001533936,-0.38117969,5.85617969,5559.017067,595.657288,723.47937,0.0,0.004517
431,4,0,0,75.7323,0.0,17.0,0.005856333,71.8122376443242,5.671691895,0.0,0.00690271,-0.37256968,5.84756968,5574.976872,735.700073,974.79187,0.0,0.004598
432,4,0,0,75.8564,0.0,16.8,0.005824644,71.8265216311754,5.58380127,0.0,-0.007094452,-0.358526349,5.833526349,5588.923988,639.713379,748.731995,0.0,0.004615
433,4,0,0,76.1371,0.0,16.8,0.005818239,71.833931499244,5.58380127,0.0,-0.013997162,-0.35103035,5.82603035,5604.859277,619.131897,751.627319,0.0,0.004512
434,4,0,0,76.6096,0.0,16.3,0.005834397,71.8392544073874,5.627746582,0.0,-0.010162323,-0.365994453,5.840994453,5618.801718,594.220581,745.362915,0.0,0.004595
435,4,0,0,76.864,0.0,16.3,0.005877511,71.8458576581546,5.58380127,0.0,0.025309937,-0.410561204,5.885561204,5634.734953,601.954773,747.359619,0.0,0.004718
436,4,0,0,76.9918,0.0,15.6,0.005932224,71.8554672365088,5.671691895,0.0,0.014572388,-0.420157433,5.895157433,5648.676739,724.939697,984.09729,0.0,0.004926
437,4,0,0,76.8002,0.0,15.6,0.005995307,71.8852318027814,6.333618164,0.0,-0.003259613,-0.384317636,5.859317636,5664.611725,637.337219,754.960083,0.0,0.004598
438,4,0,0,76.7684,0.0,15.2,0.00603696,71.9822190480296,6.465454102,0.0,-0.012463226,-0.34967351,5.82467351,5678.556172,712.245605,1010.67572,0.004662,0.004853
439,4,0,0,77.0559,0.0,15.2,0.006070144,72.0707389439886,6.860961914,0.0,-0.010929291,-0.33220315,5.80720315,5692.502235,602.929077,737.838196,0.0,0.004511
440,4,0,0,77.4425,0.0,14.6,0.006110238,72.1930368587792,7.695922852,0.0,0.010737549,-0.33651948,5.81151948,5706.450913,610.105286,693.017273,0.0,0.004603
441,4,0,0,77.7025,0.0,14.6,0.006180637,72.4028052028214,7.651977539,0.0,0.013038452,-0.321906209,5.796906209,5722.396768,594.081482,735.366028,0.0,0.004655
442,4,0,0,77.9314,0.0,13.8,0.006266814,72.5578161396052,7.651977539,0.0,-0.007094452,-0.271605492,5.746605492,5736.352519,581.84668,750.332092,0.0,0.004741
443,4,0,0,78.0957,0.0,13.8,0.006378127,72.7361078210158,7.520141602,0.0,-0.007094452,-0.206387877,5.681387877,5752.305276,622.851685,735.258118,0.0,0.00467
444,4,0,0,78.1287,0.0,13.0,0.006455774,72.880064378367,6.773071289,0.0,-0.005560516,-0.168175578,5.643175578,5766.267006,742.605225,942.189087,0.0,0.004938
445,4,0,0,77.9314,0.0,13.0,0.006477944,72.8955622742868,5.671691895,0.0,-0.013997162,-0.138501883,5.613501883,5782.226936,0.0,0.0,0.006311,0.004475
446,4,0,0,78.0628,0.0,12.6,0.006426623,72.9175011029414,6.201782227,0.0,-0.000959,-0.131842613,5.606842613,5796.193716,549.177917,677.836914,0.00507,0.004578
447,4,0,0,77.9314,0.0,12.6,0.006319962,72.9673204435306,6.245727539,0.0,-0.008628387,-0.13837111,5.61337111,5812.157231,628.800598,683.3479,0.0,0.004697
448,4,0,0,77.5723,0.0,12.2,0.006232285,73.0100983100706,6.289672852,0.0,-0.003259613,-0.155903339,5.630903339,5826.126551,611.186218,701.481506,0.00492,0.00456
449,4,0,0,77.1522,0.0,12.2,0.00617877,73.0633215978806,6.245727539,0.0,0.009203613,-0.186978459,5.661978459,5842.09383,550.99469,623.776123,0.0,0.004691
450,4,0,0,74.6035,0.0,11.9,0.006180965,73.103172010587,6.157836914,0.0,0.032212646,-0.195909262,5.670909262,5856.072782,386.190887,603.170776,0.005083,0.004499
451,4,0,0,70.918,0.0,11.9,0.006227028,73.142617336322,6.157836914,0.0,0.003834839,-0.158610702,5.633610702,5872.071487,485.873108,599.802307,0.004536,0.004253
452,4,0,0,68.7332,0.0,11.9,0.006276449,73.1822923309684,6.157836914,0.0,0.003067871,-0.097828269,5.572828269,5886.090466,613.733398,749.526001,0.0,0.004401
453,4,0,0,67.0898,0.0,11.9,0.00630187,73.2182327716778,6.026000977,0.0,-0.004793549,-0.030169845,5.505169845,5902.150243,599.044373,767.073792,0.0,0.004582
454,4,0,0,66.0607,0.0,11.9,0.006288708,73.2325540469368,5.806274414,0.0,-0.003259613,0.022497892,5.452502108,5916.24135,737.507629,1036.262451,0.0,0.00477
455,4,0,0,65.4074,0.0,11.9,0.00625879,73.238946474164,5.58380127,0.0,0.0,0.077098608,5.397901392,5932.385346,569.465027,699.383118,0.004989,0.004431
456,4,0,0,64.05,0.0,12.2,0.006240739,73.2082154670346,5.58380127,0.0,-0.010162323,0.118472099,5.356527901,5946.544422,561.943726,694.208496,0.004645,0.004502
457,4,0,0,63.4792,0.0,12.2,0.006234137,73.1999453584558,5.627746582,0.0,-0.017832001,0.15147984,5.32352016,5960.718476,75.601402,504.836304,0.004512,0.004136
458,4,0,0,63.0899,0.0,12.5,0.006228008,73.1901396820226,5.58380127,0.0,0.0,0.145197034,5.329802966,5976.919593,311.940399,704.073303,0.004062,0.003859
459,4,0,0,63.1329,0.0,12.5,0.00621532,73.1795869016812,5.58380127,0.0,0.010737549,0.128002286,5.346997714,5991.104498,491.566986,705.208496,0.004249,0.00427
460,4,0,0,63.5882,0.0,12.7,0.006199274,73.167212557674,5.58380127,0.0,-0.001725677,0.119515657,5.355484343,6007.327231,745.068726,1042.491821,0.0,0.004706
461,4,0,0,63.9615,0.0,12.7,0.006193711,73.1570524884794,5.58380127,0.0,-0.010929291,0.111353636,5.363646364,6021.532271,589.954102,729.870483,0.0,0.004388
462,4,0,0,61.2332,0.0,13.3,0.006195781,73.144987974609,5.58380127,0.0,-0.012463226,0.086947918,5.388052082,6037.7772,581.350525,739.275391,0.0,0.004407
463,4,0,0,59.6744,0.0,13.3,0.006195461,73.1345939878454,5.58380127,0.0,-0.012463226,0.039249063,5.435750937,6051.999338,580.72168,716.153076,0.0,0.004139
464,4,0,0,58.8776,0.0,13.7,0.006183629,73.1231256378846,5.58380127,0.0,-0.003259613,-0.043135524,5.518135524,6068.262747,616.779419,839.779297,0.004321,0.004446
465,4,0,0,58.1747,0.0,13.7,0.006161047,73.1130648971548,5.58380127,0.0,0.010737549,-0.139200211,5.614200211,6082.499756,620.042725,750.494324,0.0,0.004418
466,4,0,0,58.9713,0.0,14.2,0.006125872,73.1020513144912,5.58380127,0.0,0.014572388,-0.226597667,5.701597667,6098.773523,614.543213,710.123291,0.0,0.00444
467,4,0,0,60.2373,0.0,14.2,0.006092713,73.0924394669676,5.58380127,0.0,0.00690271,-0.278726697,5.753726697,6113.010785,590.860291,696.05542,0.005006,0.004747
468,4,0,0,61.5385,0.0,14.5,0.006057058,73.0812473924046,5.58380127,0.0,0.0,-0.318342447,5.793342447,6129.277275,596.44519,727.00293,0.00543,0.004576
469,4,0,0,62.6205,0.0,14.5,0.006030582,73.0720582058452,5.58380127,0.0,0.009203613,-0.345594287,5.820594287,6143.508739,498.641113,678.584778,0.004201,0.004318
470,4,0,0,63.5227,0.0,14.9,0.006008758,73.0611908156272,5.58380127,0.0,0.009203613,-0.365887046,5.840887046,6159.770574,592.690796,752.787476,0.0,0.004368
471,4,0,0,63.9394,0.0,14.9,0.005998279,73.051961524315,5.58380127,0.0,0.009203613,-0.362614393,5.837614393,6173.997247,595.374817,777.678894,0.0,0.004506
472,4,0,0,63.9615,0.0,14.9,0.005990849,73.0410991552378,5.58380127,0.0,0.003834839,-0.336024284,5.811024284,6190.253555,739.394775,1059.80249,0.0,0.004803
473,4,0,0,64.4737,0.0,14.9,0.005984645,73.028303663046,5.276184082,0.0,0.003834839,-0.30110395,5.77610395,6204.475417,638.258728,759.057495,0.0,0.004313
474,4,0,0,65.1084,0.0,15.2,0.005987019,73.0129350775952,5.276184082,0.0,0.012271484,-0.248696566,5.723696566,6220.726159,647.888428,761.776001,0.0,0.004363
475,4,0,0,65.3151,0.0,15.2,0.006011325,72.9961113751966,5.58380127,0.0,0.010737549,-0.187320948,5.662320948,6234.943097,618.2901,735.741699,0.0,0.004676
476,4,0,0,64.0057,0.0,15.5,0.006065948,73.018767357942,6.817016602,0.0,0.003067871,-0.094502091,5.569502091,6251.188516,561.362488,514.139282,0.0,0.00457
477,4,0,0,63.1544,0.0,15.5,0.006117219,73.1027485288594,6.553344727,0.0,-0.000959,0.004800916,5.470199084,6265.401137,628.745483,774.185608,0.0,0.004507
478,4,0,0,63.414,0.0,15.4,0.006151225,73.174155491835,6.465454102,0.0,0.001533936,0.111553192,5.363446808,6281.641639,733.727783,1023.629028,0.0,0.004731
479,4,0,0,64.05,0.0,15.4,0.006152197,73.218214875817,3.957824707,0.0,0.010737549,0.210852623,5.264147377,6295.849907,637.564026,792.228088,0.0,0.00457
480,4,0,0,65.1084,0.0,15.7,0.006135015,72.9331917173262,5.100402832,0.0,0.010737549,0.344296455,5.130703545,6312.761908,736.945679,1019.171387,0.0,0.00484
481,4,0,0,65.99,0.0,15.7,0.006121241,72.923062000284,5.58380127,0.0,0.003834839,0.476853371,4.998146629,6326.289414,642.507507,798.056091,0.0,0.004491
482,4,0,0,66.7512,0.0,15.6,0.006115632,72.914116725295,5.58380127,0.0,0.012271484,0.652544737,4.822455263,6343.196114,648.862671,783.437317,0.0,0.00459
483,4,0,0,66.5354,0.0,15.6,0.006114065,72.9066660121772,5.58380127,0.0,0.032979614,0.817833185,4.657166815,6356.718259,593.613525,719.683716,0.0,0.004608
484,4,0,0,65.4767,0.0,15.9,0.006111809,72.8976691256544,5.58380127,0.0,0.029144775,1.071896076,4.403103924,6373.616745,591.525696,759.397705,0.0,0.004501
485,4,0,0,65.7091,0.0,15.9,0.006120256,72.8895719084718,5.58380127,0.0,0.012271484,1.389241695,4.085758305,6387.133772,643.242493,811.013916,0.0,0.004519
486,4,0,0,65.99,0.0,16.1,0.006156104,72.8815805214876,5.58380127,0.0,0.039882324,1.76586771,3.70913229,6404.04676,623.9729,784.744202,0.0,0.004722
487,4,0,0,65.9665,0.0,16.1,0.006203236,72.8739508336684,5.58380127,0.0,0.049085938,-1.440991163,3.265991163,6417.592263,624.267822,792.645203,0.0,0.004693
488,4,0,0,65.6159,0.0,16.3,0.0062511,72.8644162505582,5.58380127,0.0,0.030678711,-0.873637915,2.698637915,6434.533976,685.34729,992.51593,0.0,0.004755
489,4,0,0,65.1084,0.0,16.3,0.006273757,72.8570472919124,5.58380127,0.0,-0.103732391,-0.325900793,2.150900793,6448.044761,568.841125,403.747406,0.0,0.004711
490,4,0,0,65.4767,0.0,16.4,0.006270846,72.836061079884,5.58380127,0.0,-0.158187103,0.16415,1.66085,6464.923042,581.737915,771.583618,0.003155,0.004694
491,4,0,0,66.0136,0.0,16.4,0.006244718,72.8169787009822,5.58380127,0.0,-0.083024261,0.214540243,1.610459757,6478.423868,724.2229,995.194214,0.0,0.004688
492,4,0,0,66.5354,0.0,16.9,0.006204999,72.8076421793458,5.58380127,0.0,0.043717163,-0.011747122,1.836747122,6495.296677,645.877197,758.901123,0.0,0.004608
493,4,0,0,66.9685,0.0,16.9,0.00617848,72.800931360293,5.58380127,0.0,0.042183228,-0.185477972,2.010477972,6508.791465,615.432922,737.804871,0.0,0.004662
494,4,0,0,67.5055,0.0,17.0,0.006164081,72.792665790053,5.58380127,0.0,0.029144775,-0.287923098,2.112923098,6525.656367,588.703308,496.500488,0.0,0.00451
495,4,0,0,67.0655,0.0,17.0,0.006163994,72.7858001203054,5.58380127,0.0,0.010737549,-0.300679922,2.125679922,6539.144845,615.436401,760.586182,0.0,0.004446
496,4,0,0,67.4318,0.0,17.1,0.006173381,72.7789673937476,5.58380127,0.0,0.016106323,-0.261755228,2.086755228,6555.997979,532.020203,706.034912,0.0,0.004496
497,4,0,0,67.6535,0.0,17.1,0.006182303,72.772936247257,5.58380127,0.0,-0.008628387,-0.197811365,2.022811365,6569.476508,721.154785,988.986572,0.0,0.004593
498,4,0,0,67.2848,0.0,17.2,0.006187758,72.766183698018,5.58380127,0.0,-0.005560516,-0.128485918,1.953485918,6586.332211,605.237305,716.58313,0.0,0.004647
499,4,0,0,67.5548,0.0,17.2,0.00619501,72.7603192469646,5.58380127,0.0,-0.000959,-0.083330393,1.908330393,6599.815598,694.791016,728.294495,0.0,0.004639
500,4,0,0,67.7525,0.0,17.3,0.00621432,72.7539314063564,5.58380127,0.0,-0.019365936,-0.039659739,1.864659739,6616.666202,0.0,0.0,0.0,0.0
501,4,0,0,68.1013,0.0,17.3,0.006231059,72.7481869959736,5.58380127,0.0,-0.013997162,-0.016651392,1.841651392,6630.14642,562.831909,681.628906,0.004865,0.004605
502,4,0,0,68.7588,0.0,17.3,0.006227748,72.7418188858738,5.58380127,0.0,-0.013997162,-0.022047758,1.847047758,6646.995362,567.278015,646.001404,0.0,0.004676
503,4,0,0,72.6427,0.0,17.3,0.006202998,72.7360280782188,5.58380127,0.0,0.003067871,-0.054438353,1.879438353,6660.473074,581.56958,656.13092,0.0,0.004763
504,4,0,0,69.0407,0.0,17.4,0.006168297,72.7298030223516,5.58380127,0.0,0.003067871,-0.102740526,1.927740526,6677.318385,619.781494,767.453308,0.0,0.004483
505,4,0,0,68.4032,0.0,17.4,0.006143378,72.7243324572632,5.58380127,0.0,0.001533936,-0.138259649,1.963259649,6690.793377,0.0,0.0,0.004417,0.004579
506,4,0,0,68.7588,0.0,17.2,0.006125944,72.7182540444568,5.58380127,0.0,0.001533936,-0.173611879,1.998611879,6707.635591,631.916504,723.970093,0.0,0.004424
507,4,0,0,68.9379,0.0,17.2,0.006126753,72.7129307017916,5.58380127,0.0,0.001533936,-0.200776339,2.025776339,6721.108137,0.0,0.0,0.0,0.0
508,4,0,0,68.4791,0.0,17.2,0.006150115,72.7071082706056,5.58380127,0.0,0.003834839,-0.226712465,2.051712465,6737.947338,576.293823,782.943298,0.00422,0.004016
509,4,0,0,68.9123,0.0,17.2,0.00618808,72.7019322630174,5.58380127,0.0,0.009203613,-0.243063211,2.068063211,6751.417449,494.539215,678.956909,0.004172,0.003932
510,4,0,0,68.5044,0.0,17.3,0.00623817,72.695968757087,5.539855957,0.0,0.0,-0.241204977,2.066204977,6768.253478,649.415405,834.837708,0.0,0.00421
511,4,0,0,69.1439,0.0,17.3,0.006262047,72.6907117031364,5.58380127,0.0,0.0,-0.228405714,2.053405714,6781.721111,608.148193,767.432617,0.0,0.004092
512,4,0,0,69.3251,0.0,17.1,0.006246772,72.6849017765222,5.58380127,0.0,0.001533936,-0.212364912,2.037364912,6798.554187,384.583405,601.102417,0.004513,0.003948
513,4,0,0,68.6568,0.0,17.1,0.006212676,72.6798813277384,5.58380127,0.0,-0.003259613,-0.196931601,2.021931601,6812.019494,568.930786,724.552917,0.0,0.004178
514,4,0,0,69.377,0.0,16.9,0.006190323,72.674291027754,5.58380127,0.0,-0.003259613,-0.181574583,2.006574583,6828.849703,372.528412,659.033508,0.005455,0.004355
515,4,0,0,70.0329,0.0,16.9,0.006206784,72.6692976802558,5.58380127,0.0,-0.003259613,-0.175386667,2.000386667,6842.312769,597.861694,691.55719,0.0,0.004631
516,4,0,0,70.0329,0.0,16.7,0.006259711,72.6637780463908,5.58380127,0.0,-0.008628387,-0.180732489,2.005732489,6859.140157,634.171509,731.855225,0.0,0.004701
517,4,0,0,65.6392,0.0,16.7,0.006313666,72.6589680349054,5.539855957,0.0,-0.008628387,-0.204989672,2.029989672,6872.600901,608.988708,723.069092,0.005583,0.004819
518,4,0,0,66.6551,0.0,16.5,0.006365766,72.6235192958462,5.58380127,0.0,-0.000959,-0.251530409,2.076530409,6889.425443,576.034302,1071.520752,0.006428,0.004519
519,4,0,0,66.6791,0.0,16.5,0.006398492,72.6188810009388,5.58380127,0.0,0.003834839,-0.300542593,2.125542593,6902.883968,608.896973,695.152893,0.0,0.004559
520,4,0,0,65.5695,0.0,16.1,0.006419042,72.6142258562416,5.58380127,0.0,0.017640259,-0.345123053,2.170123053,6919.70577,633.771484,716.9021,0.0,0.004733
521,4,0,0,62.9826,0.0,16.1,0.006423176,72.6099832336666,5.58380127,0.0,0.013038452,-0.355164766,2.180164766,6933.162154,494.9505,737.337219,0.0,0.004643
522,4,0,0,61.6614,0.0,15.7,0.006418718,72.6049204431474,5.58380127,0.0,0.001533936,-0.332460165,2.157460165,6949.9813,602.202698,699.354492,0.0,0.004794
523,4,0,0,61.5385,0.0,15.7,0.006408872,72.6008846207624,5.539855957,0.0,0.001533936,-0.303479433,2.128479433,6963.431385,638.646118,684.197083,0.0,0.004728
524,4,0,0,61.9917,0.0,15.3,0.006386334,72.5963231879334,5.58380127,0.0,0.0,-0.264502287,2.089502287,6980.240879,788.271301,991.560974,0.0,0.004799
525,4,0,0,62.7904,0.0,15.3,0.006358914,72.5882775822846,4.836730957,0.0,-0.004793549,-0.229248285,2.054248285,6993.687579,652.601318,708.856018,0.0,0.004623
526,4,0,0,63.8073,0.0,15.0,0.006323271,72.2626016907238,0.0,0.0,-0.010162323,-0.197856665,2.022856665,7010.494857,623.967102,758.438782,0.0,0.004578
527,4,0,0,64.2946,0.0,15.0,0.006285569,71.9084273811354,3.913879395,0.0,-0.012463226,-0.186861753,2.011861753,7023.939683,653.261719,812.417908,0.0,0.00448
528,4,0,0,64.699,0.0,14.7,0.006229408,71.767328721943,3.957824707,0.0,-0.004793549,-0.204499006,2.029499006,7040.744566,622.714417,786.675415,0.0,0.004483
529,4,0,0,65.1084,0.0,14.7,0.00617105,71.6453103977906,3.913879395,0.0,-0.004793549,-0.234432936,2.059432936,7054.187583,705.624023,1008.366699,0.0,0.004019
530,4,0,0,65.1313,0.0,14.1,0.00610925,71.5755867883616,5.58380127,0.0,-0.004793549,-0.280899286,2.105899286,7070.971904,622.294495,744.964294,0.0,0.0044
531,4,0,0,65.246,0.0,14.1,0.006071416,71.5828937069504,5.495910645,0.0,0.023776001,-0.321478128,2.146478128,7084.317561,648.050781,723.879395,0.0,0.004589
532,4,0,0,64.4513,0.0,13.9,0.006054771,71.5894298804264,5.451965332,0.0,0.009203613,-0.327161551,2.152161551,7100.944302,634.566406,796.918884,0.0,0.004506
533,4,0,0,64.1832,0.0,13.9,0.006066537,71.5856725704218,5.364074707,0.0,0.0,-0.301271677,2.126271677,7114.881286,620.971008,815.997314,0.0,0.004638
534,4,0,0,63.5663,0.0,14.0,0.006105202,71.568012445745,5.23223877,0.0,-0.015531097,-0.268478155,2.093478155,7130.786987,625.90741,710.336182,0.0,0.004764
535,4,0,0,61.416,0.0,14.0,0.006157659,71.5553900219768,5.23223877,0.0,-0.004793549,-0.255530119,2.080530119,7144.705223,586.009399,752.240479,0.005066,0.004661
536,4,0,0,59.9837,0.0,13.8,0.006233981,71.5489007929486,5.495910645,0.0,0.009203613,-0.264201403,2.089201403,7160.613252,630.05957,778.696472,0.0,0.004686
537,4,0,0,59.79,0.0,13.8,0.006297287,71.542902557461,5.58380127,0.0,0.026843872,-0.245163679,2.070163679,7174.531356,742.333008,1041.988892,0.0,0.004695
538,4,0,0,59.6937,0.0,13.9,0.006335904,71.5406724789296,5.495910645,0.0,0.03451355,-0.161750078,1.986750078,7190.433515,742.610901,940.732483,0.0,0.00488
539,4,0,0,60.2962,0.0,13.9,0.006326824,71.5446209141526,5.58380127,0.0,-0.017832001,-0.018063307,1.843063307,7204.345893,577.851929,677.932373,0.0,0.004465
540,4,0,0,61.2738,0.0,14.0,0.006274824,71.5523381017876,5.58380127,0.0,-0.066917938,0.113213778,1.711786222,7220.244057,625.261108,690.429321,0.0,0.004667
541,4,0,0,62.6841,0.0,14.0,0.006212952,71.5580309328234,5.58380127,0.0,-0.02856955,0.096745253,1.728254747,7234.153875,610.180298,712.432617,0.0,0.00465
542,4,0,0,63.5227,0.0,14.4,0.006144688,71.5656155913094,5.495910645,0.0,-0.013997162,-0.023158789,1.848158789,7250.05108,596.798828,719.761292,0.0,0.004695
543,4,0,0,63.3489,0.0,14.4,0.006093366,71.5729503353868,5.539855957,0.0,0.02761084,-0.164811373,1.989811373,7263.963418,644.184082,743.469788,0.0,0.004785
544,4,0,0,61.294,0.0,14.5,0.006038615,71.5805130263818,5.58380127,0.0,0.04141626,-0.29810214,2.12310214,7279.864533,429.270203,663.563721,0.005009,0.004564
545,4,0,0,59.4636,0.0,14.5,0.005986796,71.585926733488,5.495910645,0.0,0.049085938,-0.339668512,2.164668512,7293.779162,632.425293,726.824097,0.0,0.004514
546,4,0,0,57.1513,0.0,14.8,0.005923748,71.5920291576472,5.539855957,0.0,0.009203613,-0.277986765,2.102986765,7309.683729,629.231201,784.99823,0.0,0.004368
547,4,0,0,59.1842,0.0,14.8,0.005871283,71.5979786140394,5.75958252,0.0,-0.007094452,-0.175873995,2.000873995,7323.602217,742.161316,1072.058594,0.0,0.004836
548,4,0,0,57.7811,0.0,15.1,0.005827148,71.6415646267538,6.026000977,0.0,-0.008628387,-0.086028814,1.911028814,7337.521713,621.350098,746.376709,0.0,0.004659
549,4,0,0,57.2872,0.0,15.1,0.00579833,71.6671213643822,5.671691895,0.0,-0.013997162,0.001500368,1.823499632,7353.431793,601.786194,772.718994,0.0,0.00457
550,4,0,0,54.7151,0.0,15.4,0.005803126,71.6802660511672,5.671691895,0.0,-0.007094452,0.043195963,1.781804037,7367.361917,414.403809,503.254791,0.004735,0.004358
551,4,0,0,53.0898,0.0,15.4,0.005842658,71.695634153816,5.671691895,0.0,0.0,0.074992418,1.750007582,7383.287953,594.590271,767.0802,0.0,0.004502
552,4,0,0,52.8804,0.0,15.7,0.005891036,71.7106317220232,5.715637207,0.0,-0.007094452,0.099250078,1.725749922,7397.226562,633.343506,814.275574,0.0,0.004522
553,4,0,0,52.9849,0.0,15.7,0.00593926,71.7263560038008,5.715637207,0.0,-0.015531097,0.110908747,1.714091253,7413.160273,483.893097,553.899109,0.004495,0.0045
554,4,0,0,53.9444,0.0,15.6,0.005971903,71.7447171247948,5.75958252,0.0,-0.012463226,0.095992804,1.729007196,7427.105564,632.669006,780.107178,0.0,0.004716
555,4,0,0,54.7151,0.0,15.6,0.00601043,71.7721590915794,5.806274414,0.0,-0.010929291,0.047996759,1.777003241,7443.047404,712.756775,989.776611,0.0,0.004652
556,4,0,0,55.3934,0.0,15.8,0.006050627,71.7962818589876,5.850219727,0.0,0.001533936,-0.017248392,1.842248392,7457.001748,590.029297,724.34137,0.0,0.004526
557,4,0,0,55.855,0.0,15.8,0.006099747,71.822417798082,5.806274414,0.0,0.014572388,-0.097347498,1.922347498,7472.955902,584.831604,727.968079,0.0,0.004397
558,4,0,0,56.8017,0.0,15.8,0.006146899,71.8445853783242,5.806274414,0.0,-0.007094452,-0.145786524,1.970786524,7486.921053,560.086487,700.519775,0.0,0.004622
559,4,0,0,57.2872,0.0,15.8,0.006218674,71.8715266150612,5.806274414,0.0,0.005368774,-0.207239389,2.032239389,7502.887289,535.3526,722.759277,0.0,0.004501
560,4,0,0,57.5331,0.0,16.0,0.006301781,71.8939797244062,5.850219727,0.0,0.003067871,-0.260508299,2.085508299,7516.862995,596.116882,740.194275,0.0,0.004585
561,4,0,0,56.2063,0.0,16.0,0.006397382,71.9218976374024,5.806274414,0.0,0.010737549,-0.318850279,2.143850279,7532.84143,611.821289,754.09729,0.0,0.004677
562,4,0,0,55.7389,0.0,15.9,0.00644624,71.9462248714576,5.850219727,0.0,0.014572388,-0.35831666,2.18331666,7546.828117,591.201294,707.425781,0.0,0.004656
563,4,0,0,55.9716,0.0,15.9,0.006440348,71.9714224526782,5.850219727,0.0,0.003834839,-0.365884542,2.190884542,7562.81898,621.804626,730.828491,0.0,0.004507
564,4,0,0,56.2063,0.0,16.1,0.006392346,71.9932234574552,5.806274414,0.0,0.003834839,-0.350370646,2.175370646,7576.815889,695.390991,1009.591309,0.0,0.004538
565,4,0,0,57.1651,0.0,16.1,0.006323125,72.0176200862512,5.806274414,0.0,0.003067871,-0.322810888,2.147810888,7592.817876,727.418823,1041.814575,0.0,0.004689
566,4,0,0,48.3068,0.0,16.0,0.006276898,72.035592342421,5.75958252,0.0,0.00690271,-0.290298223,2.115298223,7606.823754,598.066406,779.758728,0.0,0.004321
567,4,0,0,137.6576,0.0,16.0,0.006252148,72.057890794192,5.75958252,0.0,0.012271484,-0.241858244,2.066858244,7622.835409,643.967529,804.796387,0.0,0.004407
568,4,0,0,78.4929,0.0,15.9,0.006258769,72.0752325109498,5.715637207,0.0,0.013038452,-0.174139738,1.999139738,7636.84933,565.97998,777.016479,0.0,0.004303
569,4,0,0,140.2643,0.0,15.9,0.006310203,72.0944222650164,5.850219727,0.0,-0.008628387,-0.073801756,1.898801756,7652.869742,694.77063,757.067078,0.004124,0.004346
570,4,0,0,136.7428,0.0,16.1,0.006392465,72.1163625259836,5.850219727,0.0,0.003067871,0.00555253,1.81944747,7666.892538,554.335083,567.169006,0.0,0.004366
571,4,0,0,49.557,0.0,16.1,0.006490049,72.1424890343456,5.850219727,0.0,-0.007094452,0.087603807,1.737396193,7682.924614,745.109802,1020.294983,0.0,0.004704
572,4,0,0,50.4903,0.0,16.0,0.006525008,72.1638468268866,5.806274414,0.0,-0.007094452,0.145942926,1.679057074,7696.959556,617.188721,709.750916,0.0,0.004619
573,4,0,0,48.4816,0.0,16.0,0.006478808,72.238379482197,6.992797852,0.0,-0.007094452,0.197465658,1.627534342,7713.024998,605.625671,807.713318,0.004106,0.004485
574,4,0,0,48.8348,0.0,16.2,0.006390521,72.3773031666596,6.992797852,0.0,-0.007094452,0.225400686,1.599599314,7727.10653,749.257874,995.632019,0.0,0.00492
575,4,0,0,48.746,0.0,16.2,0.006273996,72.4328709248882,4.70489502,0.0,-0.003259613,0.238186121,1.586813879,7743.197405,613.201599,763.247986,0.0,0.004326
576,4,0,0,48.746,0.0,16.1,0.006169422,72.4073081039546,5.58380127,0.0,-0.010929291,0.237819433,1.587180567,7757.275815,626.81781,756.034424,0.0,0.004475
577,4,0,0,48.746,0.0,16.1,0.006049667,72.405294835708,5.58380127,0.0,0.0,0.222649336,1.602350664,7773.365071,669.153076,754.734314,0.0,0.004384
578,4,0,0,48.394,0.0,16.3,0.005952126,72.404262846433,5.58380127,0.0,-0.001725677,0.211195707,1.613804293,7787.443089,722.683716,798.630127,0.0,0.004494
579,4,0,0,48.0471,0.0,16.3,0.005874128,72.4042270868982,5.58380127,0.0,-0.025501678,0.194311857,1.630688143,7803.53194,667.415894,731.495972,0.0,0.004632
580,4,0,0,47.4518,0.0,16.2,0.005853681,72.403548782275,5.627746582,0.0,-0.015531097,0.146252394,1.678747606,7817.609423,838.156799,707.257996,0.0,0.004601
581,4,0,0,47.1182,0.0,16.2,0.00587676,72.4030588508988,5.627746582,0.0,0.003834839,0.049868822,1.775131178,7833.698461,619.967529,763.92041,0.0,0.004584
582,4,0,0,47.2012,0.0,16.0,0.005916615,72.4049128266722,5.627746582,0.0,0.003834839,-0.042062521,1.867062521,7847.776959,524.215515,641.293213,0.004628,0.004605
583,4,0,0,47.536,0.0,16.0,0.005973386,72.4074855658764,5.627746582,0.0,0.00690271,-0.138608217,1.963608217,7863.86731,742.471008,908.76709,0.0,0.004891
584,4,0,0,47.8755,0.0,15.9,0.006036883,72.409717302028,5.627746582,0.0,0.0,-0.209265471,2.034265471,7877.946878,750.850403,928.406311,0.0,0.004773
585,4,0,0,47.8755,0.0,15.9,0.006126622,72.4121192580714,5.627746582,0.0,0.003834839,-0.285074472,2.110074472,7894.038411,584.424072,682.460815,0.0,0.004691
586,4,0,0,47.7902,0.0,15.9,0.006206878,72.4140040848926,5.671691895,0.0,0.010737549,-0.33822751,2.16322751,7908.118987,602.002808,718.625977,0.0,0.004534
587,4,0,0,46.7893,0.0,15.9,0.006276768,72.4164136209274,5.627746582,0.0,0.001533936,-0.377257586,2.202257586,7924.21166,524.660706,705.284119,0.0,0.00467
588,4,0,0,45.5957,0.0,15.8,0.006310259,72.4183913710402,5.671691895,0.0,0.001533936,-0.399164915,2.224164915,7938.293469,590.243286,714.673218,0.0,0.004553
589,4,0,0,45.3642,0.0,15.8,0.006325393,72.4215306944848,5.627746582,0.0,0.017640259,-0.420804262,2.245804262,7954.387635,583.379883,716.034119,0.0,0.004718
590,4,0,0,45.908,0.0,15.7,0.006327512,72.4249627085952,5.627746582,0.0,0.02761084,-0.42380023,2.24880023,7968.470636,584.509216,646.318481,0.0,0.004719
591,4,0,0,46.4649,0.0,15.7,0.006319315,72.4283842619956,5.671691895,0.0,0.009203613,-0.374527216,2.199527216,7984.566055,576.54541,692.66449,0.0,0.004795
592,4,0,0,47.0356,0.0,15.6,0.006300588,72.4319962646916,5.627746582,0.0,0.008436646,-0.29598546,2.12098546,7998.650054,807.808594,720.923889,0.0,0.004751
593,4,0,0,47.4518,0.0,15.6,0.006263348,72.4350723088874,5.627746582,0.0,0.00690271,-0.187881708,2.012881708,8014.746819,0.0,0.0,0.0,0.0
594,4,0,0,47.2845,0.0,15.6,0.006216231,72.4377410130358,5.671691895,0.0,0.001533936,-0.073764563,1.898764563,8028.832242,591.988892,700.309509,0.0,0.004704
595,4,0,0,47.0356,0.0,15.6,0.006143805,72.441169196917,5.671691895,0.0,-0.004793549,0.050666094,1.774333906,8044.930689,607.043518,733.878113,0.0,0.00468
596,4,0,0,46.8711,0.0,15.5,0.006063406,72.4437623747392,5.627746582,0.0,-0.013997162,0.161246061,1.663753939,8059.017131,602.487488,758.731812,0.0,0.00456
597,4,0,0,46.0658,0.0,15.5,0.005965474,72.4464640381708,5.627746582,0.0,-0.010929291,0.258194685,1.566805315,8075.115534,706.630371,1024.901367,0.005221,0.004615
598,4,0,0,46.3044,0.0,15.5,0.005896945,72.4478769904106,5.627746582,0.0,-0.000959,0.310458899,1.514541101,8089.201199,0.0,0.0,0.0,0.0
599,4,0,0,44.7583,0.0,15.5,0.005863688,72.4463714528406,5.58380127,0.0,-0.007094452,0.359428167,1.465571833,8105.298579,578.093384,630.825195,0.0,0.004573
600,4,0,0,42.8278,0.0,15.4,0.005879407,72.444172466758,5.58380127,0.0,-0.012463226,0.386175394,1.438824606,8119.3832,610.008911,692.035522,0.0,0.004679
601,4,0,0,42.8278,0.0,15.4,0.005934181,72.4420549937464,5.58380127,0.0,-0.020132904,0.388860941,1.436139059,8135.479166,734.739685,957.916199,0.0,0.004894
602,4,0,0,42.7595,0.0,15.7,0.00600022,72.4401718406388,5.58380127,0.0,-0.015531097,0.354264021,1.470735979,8149.56267,578.19873,683.416321,0.004459,0.004279
603,4,0,0,42.1544,0.0,15.7,0.006087826,72.4382429500884,5.58380127,0.0,-0.013997162,0.271180391,1.553819609,8165.657646,587.355713,737.38147,0.0,0.004405
604,4,0,0,41.8256,0.0,15.9,0.006166748,72.436375616793,5.58380127,0.0,-0.000959,0.168823957,1.656176043,8179.740477,621.865295,772.5849,0.0,0.00439
605,4,0,0,42.0883,0.0,15.9,0.006245951,72.4344208802422,5.627746582,0.0,-0.000959,0.039268732,1.785731268,8195.834988,735.464905,1023.847107,0.0,0.004609
606,4,0,0,55.0521,0.0,16.1,0.006305963,72.4327914073988,5.58380127,0.0,0.0,-0.074545145,1.899545145,8209.917459,616.581604,703.513794,0.0,0.00467
607,4,0,0,8.1119,0.0,16.1,0.006378376,72.430839809061,5.58380127,0.0,0.012271484,-0.209387541,2.034387541,8226.011278,601.839417,760.689392,0.0,0.004359
608,4,0,0,83.257,0.0,16.3,0.006453089,72.429176878039,5.58380127,0.0,0.017640259,-0.300489664,2.125489664,8240.093014,669.494324,754.616394,0.0,0.004485
609,4,0,0,46.7893,0.0,16.3,0.006548419,72.4271073150792,5.58380127,0.0,0.021475098,-0.354794741,2.179794741,8256.185852,569.758118,747.210693,0.0,0.004505
610,4,0,0,155.977,0.0,16.2,0.006627881,72.425117639757,5.58380127,0.0,0.008436646,-0.36021924,2.18521924,8270.266167,570.439209,729.308289,0.0,0.004541
611,4,0,0,47.6204,0.0,16.2,0.006686984,72.4235265818594,5.627746582,0.0,0.008436646,-0.337227106,2.162227106,8286.357666,606.641418,695.886108,0.0,0.004705
612,4,0,0,54.1624,0.0,16.4,0.0066898,72.4220226858162,5.58380127,0.0,0.021475098,-0.292775393,2.117775393,8300.437787,519.062012,658.641296,0.0,0.004709
613,4,0,0,205.2461,0.0,16.4,0.006653495,72.4198069625976,5.58380127,0.0,0.012271484,-0.190516233,2.015516233,8316.528764,408.127991,697.678223,0.0,0.004363
614,4,0,0,59.1842,0.0,16.2,0.006631053,72.4181568741088,5.58380127,0.0,-0.023200775,-0.064478636,1.889478636,8330.607951,555.475891,657.081421,0.004366,0.004495
615,4,0,0,788.9773,0.0,16.2,0.006640736,72.4162172492606,5.58380127,0.0,-0.032404388,0.059411287,1.765588713,8346.696852,569.609619,655.058289,0.0,0.004505
616,4,0,0,49.4655,0.0,16.4,0.006661069,72.413801324146,5.58380127,0.0,-0.020132904,0.090292692,1.734707308,8360.770435,600.280212,697.730408,0.0,0.004495
617,4,0,0,61.2111,0.0,16.4,0.006659481,72.411520889366,5.58380127,0.0,0.0,0.057381392,1.767618608,8376.854157,745.524902,955.776184,0.0,0.004642
618,4,0,0,120.308,0.0,16.3,0.006624328,72.4098327238928,5.58380127,0.0,0.005368774,0.016534567,1.808465433,8390.927102,557.709778,630.04187,0.0,0.004579
619,4,0,0,106.6576,0.0,16.3,0.006559997,72.3979522702382,4.52911377,0.0,0.0,-0.018394232,1.843394232,8407.01011,706.72168,684.232727,0.0,0.00461
620,4,0,0,97.7097,0.0,16.4,0.006493439,72.3810249263436,5.58380127,0.0,0.001533936,-0.043073416,1.868073416,8421.082426,587.938293,679.364502,0.0,0.00469
621,4,0,0,203.4091,0.0,16.4,0.006411355,72.3793248517544,5.58380127,0.0,0.001533936,-0.066586256,1.891586256,8437.834775,0.0,0.0,0.0,0.0
622,4,0,0,128.1328,0.0,16.3,0.006340158,72.3779241144052,5.58380127,0.0,0.001533936,-0.082853079,1.907853079,8451.236334,603.136414,721.988098,0.0,0.004725
623,4,0,0,232.569,0.0,16.3,0.006267195,72.3763080151772,5.58380127,0.0,0.001533936,-0.097547293,1.922547293,8467.987923,0.0,0.0,0.0,0.0
624,4,0,0,664.0781,0.0,16.2,0.006217622,72.3748971872662,5.58380127,0.0,-0.004793549,-0.107477427,1.932477427,8481.388919,611.382019,740.389282,0.007004,0.00464
625,4,0,0,849.8343,0.0,16.2,0.00618347,72.3732673120878,5.58380127,0.0,-0.004793549,-0.126290083,1.951290083,8498.142233,672.045471,911.343811,0.0,0.004728
626,4,0,0,202.421,0.0,16.4,0.006177308,72.3718311531652,5.58380127,0.0,-0.004793549,-0.154124498,1.979124498,8511.554104,707.042419,962.661011,0.0,0.005016
627,4,0,0,41.9565,0.0,16.4,0.006192547,72.3704554732398,5.58380127,0.0,-0.004793549,-0.197033644,2.022033644,8528.331944,0.0,0.0,0.0,0.0
628,4,0,0,44.8332,0.0,16.5,0.006203597,72.3693285489982,5.58380127,0.0,-0.004793549,-0.247222185,2.072222185,8541.763585,651.130371,839.494873,0.0,0.004342
629,4,0,0,55.9716,0.0,16.5,0.006186434,72.3682297077396,5.671691895,0.0,-0.000959,-0.317411184,2.142411184,8558.561844,0.0,0.0,0.0,0.0
630,4,0,0,54.7151,0.0,16.7,0.006143848,72.4029071545104,6.201782227,0.0,0.029144775,-0.383082151,2.208082151,8572.00828,603.278625,714.014893,0.0,0.004459
631,4,0,0,47.4518,0.0,16.7,0.006086085,72.457475673533,6.289672852,0.0,0.025309937,-0.421532393,2.246532393,8588.826402,631.855774,759.856079,0.0,0.004422
632,4,0,0,61.6333,0.0,16.8,0.006051822,72.5111040161276,6.201782227,0.0,0.012271484,-0.388610601,2.213610601,8602.288713,624.289917,781.518616,0.0,0.004869
633,4,0,0,59.521,0.0,16.8,0.006051516,72.55473782624,6.026000977,0.0,0.0,-0.297366381,2.122366381,8619.125915,630.850708,759.37207,0.0,0.004758
634,4,0,0,43.1727,0.0,16.9,0.006090219,72.5889301535612,6.113891602,0.0,-0.003259613,-0.198333502,2.023333502,8632.602616,616.974304,682.049316,0.0,0.004762
635,4,0,0,39.8961,0.0,16.9,0.006165452,72.6338565372814,6.069946289,0.0,-0.003259613,-0.082908392,1.907908392,8649.453803,580.404724,662.202087,0.0,0.004745
636,4,0,0,41.3738,0.0,17.0,0.006231481,72.6717194150878,6.113891602,0.0,-0.003259613,0.009920835,1.815079165,8662.940284,617.012573,668.464111,0.0,0.004671
637,4,0,0,43.8793,0.0,17.0,0.006277138,72.7141351157542,6.026000977,0.0,-0.010162323,0.107753038,1.717246962,8679.806235,634.031799,696.913391,0.0,0.004678
638,4,0,0,43.0341,0.0,17.1,0.006289851,72.7486084016526,6.157836914,0.0,-0.003259613,0.181669474,1.643330526,8693.304779,707.441711,995.655029,0.0,0.004026
639,4,0,0,43.0341,0.0,17.1,0.00628707,72.7801382207844,5.894165039,0.0,-0.005560516,0.244096041,1.580903959,8708.159464,421.320404,593.303101,0.005327,0.00492
640,4,0,0,43.2423,0.0,17.2,0.006265511,72.802092177235,5.894165039,0.0,-0.019365936,0.305912256,1.519087744,8723.696616,621.698608,641.393005,0.0,0.004453
641,4,0,0,43.2423,0.0,17.2,0.006229131,72.82978207894,6.026000977,0.0,-0.019365936,0.333487272,1.491512728,8738.565278,735.678528,705.385376,0.0,0.004674
642,4,0,0,43.4526,0.0,17.3,0.006177511,72.8647904221082,6.026000977,0.0,-0.016298065,0.306876898,1.518123102,8754.117512,610.97229,766.344299,0.0,0.004284
643,4,0,0,43.7361,0.0,17.3,0.006135517,72.892697455966,6.069946289,0.0,-0.010162323,0.238017797,1.586982203,8769.002682,554.224182,424.791809,0.004254,0.004217
644,4,0,0,44.0234,0.0,17.1,0.0060992,72.9275314271452,6.026000977,0.0,-0.010162323,0.128169298,1.696830702,8784.575155,640.648804,722.620789,0.0,0.004507
645,4,0,0,44.6094,0.0,17.1,0.006077509,72.9593603743028,6.026000977,0.0,-0.008628387,0.008033037,1.816966963,8799.479707,646.812683,674.250488,0.0,0.004737
646,4,0,0,59.8448,0.0,16.9,0.006063838,72.9952885196546,6.069946289,0.0,-0.004793549,-0.155402422,1.980402422,8815.070429,489.883209,608.308716,0.004467,0.004379
647,4,0,0,53.6207,0.0,16.9,0.006060622,73.0252838009096,6.113891602,0.0,0.014572388,-0.301328421,2.126328421,8829.992242,607.781494,795.031372,0.0,0.00462
648,4,0,0,157.0352,0.0,16.4,0.006055719,73.0638036595842,6.157836914,0.0,0.029144775,-0.445727587,2.270727587,8845.602896,616.069275,733.566895,0.0,0.004589
649,4,0,0,176.8284,0.0,16.4,0.006044386,73.1041899503238,6.289672852,0.0,0.032212646,-0.53106904,2.35606904,8860.547315,597.224304,735.016479,0.0,0.004589
650,4,0,0,55.7743,0.0,15.9,0.006032313,73.1499939232394,6.245727539,0.0,0.032212646,-0.539341211,2.364341211,8876.185776,622.351013,717.409729,0.0,0.004747
651,4,0,0,48.22,0.0,15.9,0.006028827,73.1871327428864,6.201782227,0.0,0.03451355,-0.472966909,2.297966909,8891.159582,608.973877,688.488708,0.0,0.004736
652,4,0,0,43.6649,0.0,15.3,0.00602806,73.2302236582432,6.201782227,0.0,0.0,-0.317159414,2.142159414,8906.830838,559.137573,652.917175,0.0,0.004729
653,4,0,0,44.2413,0.0,15.3,0.006025291,73.2702599336262,6.245727539,0.0,-0.010162323,-0.153630972,1.978630972,8921.836232,521.044678,608.029907,0.004784,0.004291
654,4,0,0,45.3642,0.0,14.6,0.006022576,73.3218049694974,6.289672852,0.0,-0.020132904,0.015295744,1.809704256,8937.540371,566.627808,730.538574,0.005202,0.004273
655,4,0,0,152.1329,0.0,14.6,0.006026009,73.3753742332206,6.509399414,0.0,-0.020132904,0.124302149,1.700697851,8952.573649,549.10199,684.689697,0.004358,0.004066
656,4,0,0,55.6737,0.0,13.8,0.006037186,73.4428706609302,6.509399414,0.0,-0.012463226,0.191253901,1.633746099,8968.261792,0.0,0.0,0.0,0.0
657,4,0,0,53.0898,0.0,13.8,0.006046648,73.5094600807092,6.641235352,0.0,-0.012463226,0.214655638,1.610344362,8983.243259,483.439392,601.520325,0.00436,0.00395
658,4,0,0,45.3642,0.0,13.0,0.00604816,73.5901964681318,6.553344727,0.0,-0.012463226,0.206507444,1.618492556,8998.903816,633.571472,826.538391,0.004451,0.004018
659,4,0,0,43.5939,0.0,13.0,0.006040904,73.6530648524298,6.685180664,0.0,-0.012463226,0.173871756,1.651128244,9013.886299,409.519012,589.730408,0.004251,0.00389
660,4,0,0,47.7902,0.0,12.3,0.006030888,73.7283452231976,6.685180664,0.0,-0.003259613,0.104042292,1.720957708,9029.550393,650.336792,842.258179,0.00549,0.004241
661,4,0,0,59.8448,0.0,12.3,0.006026789,73.7944631546368,6.685180664,0.0,0.005368774,0.033463717,1.791536283,9044.533373,641.616394,842.179626,0.004657,0.004469
662,4,0,0,67.0412,0.0,12.0,0.006024654,73.7417366861782,3.606262207,0.0,0.001533936,-0.037510157,1.862510157,9060.197263,617.079712,687.336609,0.0,0.004634
663,4,0,0,44.7583,0.0,12.0,0.006020456,73.590499635601,4.221496582,0.0,0.001533936,-0.085754156,1.910754156,9075.179945,679.639282,923.45282,0.0,0.00465
664,4,0,0,42.8964,0.0,11.7,0.006016222,73.5348879102036,5.58380127,0.0,-0.007094452,-0.142472982,1.967472982,9090.843394,623.942017,663.404175,0.0,0.004784
665,4,0,0,58.1571,0.0,11.7,0.006018877,73.549769010475,5.850219727,0.0,0.003067871,-0.204362631,2.029362631,9105.825449,0.0,0.0,0.0,0.0
666,4,0,0,55.2792,0.0,11.4,0.006030979,73.5563994751816,5.806274414,0.0,0.0,-0.287305593,2.112305593,9121.488031,565.908691,725.014099,0.005052,0.004623
667,4,0,0,40.6215,0.0,11.4,0.006045582,73.5567852661664,5.75958252,0.0,0.012271484,-0.353605032,2.178605032,9136.468903,517.327271,653.334717,0.004982,0.004505
668,4,0,0,39.543,0.0,11.2,0.006057359,73.5557061554162,5.806274414,0.0,0.005368774,-0.410854101,2.235854101,9152.129866,506.840607,583.760925,0.004555,0.004294
669,4,0,0,65.6159,0.0,11.2,0.006058751,73.55498769776,5.75958252,0.0,0.001533936,-0.440685987,2.265685987,9167.109532,621.918823,761.982483,0.0,0.004408
670,4,0,0,874.1703,0.0,11.3,0.006057387,73.5540533310494,5.75958252,0.0,0.009203613,-0.467254877,2.292254877,9182.769938,550.84491,754.291016,0.0,0.004335
671,4,0,0,1136.9091,0.0,11.3,0.0060647,73.5528061086428,5.75958252,0.0,0.009203613,-0.475710154,2.300710154,9197.749672,605.727295,690.994202,0.0,0.00456
672,4,0,0,1269.0967,0.0,11.6,0.006086644,73.5510284155854,5.75958252,0.0,0.009203613,-0.459484816,2.284484816,9214.092113,617.4245,687.280273,0.0,0.004428
673,4,0,0,1338.7956,0.0,11.6,0.006109633,73.5494463056182,5.75958252,0.0,0.018407227,-0.419761419,2.244761419,9228.392763,627.032288,688.926086,0.0,0.004568
674,4,0,0,1400.3202,0.0,12.0,0.006124223,73.54775371446,5.75958252,0.0,0.014572388,-0.321203947,2.146203947,9244.737046,584.974121,669.65863,0.00495,0.004449
675,4,0,0,1462.8784,0.0,12.0,0.006118251,73.5460454644236,5.806274414,0.0,0.00690271,-0.174698591,1.999698591,9259.038588,637.282776,699.284973,0.0,0.004516
676,4,0,0,1523.8425,0.0,12.6,0.006096515,73.5446526289338,5.75958252,0.0,-0.003259613,0.002623796,1.822376204,9275.384153,571.316223,669.43512,0.005131,0.004439
677,4,0,0,1588.9571,0.0,12.6,0.006075922,73.543058947812,5.75958252,0.0,-0.005560516,0.167756319,1.657243681,9289.68774,625.974182,680.834106,0.0,0.004525
678,4,0,0,1668.7225,0.0,13.1,0.00605532,73.5418875735996,5.75958252,0.0,-0.020132904,0.328609705,1.496390295,9306.03579,638.798523,684.060486,0.0,0.004496
679,4,0,0,1819.5759,0.0,13.1,0.006038649,73.543824188982,5.850219727,0.0,-0.023200775,0.412374258,1.412625742,9320.341248,620.48877,685.022888,0.0,0.004699
680,4,0,0,1898.2947,0.0,13.6,0.006024132,73.5487394995836,5.806274414,0.0,-0.023200775,0.446262598,1.378737402,9336.690795,622.19281,682.762695,0.0,0.00472
681,4,0,0,1969.8805,0.0,13.6,0.006021415,73.5527038189924,5.806274414,0.0,-0.015531097,0.417201281,1.407798719,9350.99792,600.022705,704.316101,0.0,0.004358
682,4,0,0,2024.4103,0.0,13.7,0.006028392,73.5554627910214,5.806274414,0.0,-0.017832001,0.326857805,1.498142195,9367.349816,717.824585,663.033508,0.0,0.004605
683,4,0,0,2060.5352,0.0,13.7,0.006034766,73.558514727304,5.806274414,0.0,0.003067871,0.212107897,1.612892103,9381.656873,581.850281,738.44812,0.00439,0.004271
684,4,0,0,2108.052,0.0,14.2,0.006045588,73.5672733671332,5.850219727,0.0,-0.013997162,0.070570707,1.754429293,9398.006181,437.220093,607.203979,0.004199,0.00442
685,4,0,0,2170.6212,0.0,14.2,0.00607384,73.571099766104,5.850219727,0.0,0.003834839,-0.076697588,1.901697588,9412.310955,626.914917,637.102722,0.0,0.004371
686,4,0,0,2234.7397,0.0,14.5,0.006139817,73.575801131046,5.850219727,0.0,-0.000959,-0.237881899,2.062881899,9428.660801,744.355713,1067.213135,0.0,0.004679
687,4,0,0,2302.7616,0.0,14.5,0.006226022,73.5789670568808,5.75958252,0.0,0.003834839,-0.378491163,2.203491163,9442.966644,597.945007,656.001404,0.0,0.004607
688,4,0,0,740.0113,0.0,14.9,0.006351182,73.5809631534696,5.850219727,0.0,0.038348389,-0.533910036,2.358910036,9459.313536,496.574493,634.333496,0.004416,0.004568
689,4,0,0,2468.5872,0.0,14.9,0.006476992,73.5855961858352,5.850219727,0.0,0.051386841,-0.607844114,2.432844114,9473.614904,617.094604,705.304504,0.0,0.00466
690,4,0,0,2525.4183,0.0,15.2,0.00660612,73.589041654028,5.806274414,0.0,0.025309937,-0.542977571,2.367977571,9489.957037,560.835876,707.56012,0.004976,0.004657
691,4,0,0,2594.097,0.0,15.2,0.006655483,73.5880244384942,5.75958252,0.0,0.026843872,-0.372124434,2.197124434,9504.254169,774.931702,694.422119,0.0,0.004587
692,4,0,0,2660.1489,0.0,15.2,0.006616851,73.586601089918,5.75958252,0.0,0.016106323,-0.098584414,1.923584414,9520.590956,588.576904,682.297729,0.004706,0.004693
693,4,0,0,2706.0846,0.0,15.2,0.006533472,73.5852663676956,5.75958252,0.0,-0.048510712,0.182586908,1.642413092,9534.882654,627.078918,687.325195,0.0,0.004832
694,4,0,0,2760.5641,0.0,15.5,0.006428224,73.5818244561442,5.715637207,0.0,-0.054646454,0.417216539,1.407783461,9551.212083,598.610901,687.175293,0.0,0.004785
695,4,0,0,2839.1572,0.0,15.5,0.00634225,73.5748397435168,5.75958252,0.0,-0.052345551,0.463343859,1.361656141,9565.496481,642.795227,692.377075,0.0,0.004661
696,4,0,0,2926.2543,0.0,15.7,0.006249325,73.5663508290716,5.671691895,0.0,-0.004793549,0.345362902,1.479637098,9581.810051,712.859619,826.054688,0.0,0.004524
697,4,0,0,2981.936,0.0,15.7,0.006170622,73.5575236796386,5.671691895,0.0,0.014572388,0.177262068,1.647737932,9596.07756,427.123901,591.818726,0.004481,0.004397
698,4,0,0,3043.9955,0.0,15.9,0.006087531,73.5445134853974,5.627746582,0.0,0.014572388,0.014283895,1.810716105,9612.381012,406.230194,590.675415,0.004283,0.00433
699,4,0,0,3099.9082,0.0,15.9,0.006027959,73.5330804926364,5.627746582,0.0,0.016106323,-0.092618704,1.917618704,9626.643704,740.491516,720.114929,0.0,0.00467
700,4,0,0,3167.0305,0.0,16.1,0.005982857,73.5191407114244,5.627746582,0.0,-0.005560516,-0.180555582,2.005555582,9642.940223,610.261902,713.606689,0.0,0.004706
701,4,0,0,3208.7174,0.0,16.1,0.005971462,73.504886851418,5.58380127,0.0,0.03451355,-0.235903502,2.060903502,9657.196858,636.099487,709.542419,0.0,0.004717
702,4,0,0,3256.3425,0.0,16.3,0.005997664,73.4871364910474,5.627746582,0.0,0.03451355,-0.225816488,2.050816488,9673.486863,457.081512,659.214478,0.004156,0.0
703,4,0,0,3413.398,0.0,16.3,0.006045849,73.4712544456696,5.58380127,0.0,0.012271484,-0.121480703,1.946480703,9687.737754,831.020325,685.798096,0.0,0.004452
704,4,0,0,2994.1447,0.0,16.5,0.006104341,73.424669218651,5.144348145,0.0,0.00690271,0.038079023,1.786920977,9704.021458,556.941528,657.394287,0.0,0.004629
705,4,0,0,808.1587,0.0,16.5,0.006142981,73.3853985384928,5.58380127,0.0,-0.02856955,0.206991434,1.618008566,9718.267211,738.913208,1037.13916,0.0,0.004835
706,4,0,0,823.6316,0.0,16.6,0.006170266,73.3712928665136,5.627746582,0.0,-0.036239227,0.34202981,1.48297019,9734.54522,524.930481,648.691406,0.005162,0.004654
707,4,0,0,832.6972,0.0,16.6,0.006189217,73.3585819773256,5.58380127,0.0,-0.039307098,0.360007524,1.464992476,9748.785955,600.821899,679.497986,0.0,0.004803
708,4,0,0,824.8703,0.0,16.8,0.00621797,73.342163265338,5.58380127,0.0,-0.005560516,0.280449629,1.544550371,9765.057855,670.24408,752.099121,0.0,0.004603
709,4,0,0,807.2666,0.0,16.8,0.0062479,73.3287333713182,5.58380127,0.0,0.003067871,0.174628496,1.650371504,9779.293002,610.621887,576.760071,0.004643,0.004169
710,4,0,0,808.4565,0.0,16.9,0.006264313,73.3136579593352,5.58380127,0.0,-0.012463226,0.058169603,1.766830397,9795.558418,0.0,0.0,0.0,0.0
711,4,0,0,815.6701,0.0,16.9,0.006240599,73.3005151071978,5.58380127,0.0,0.0,-0.055507421,1.880507421,9809.788071,595.327881,720.161316,0.004014,0.003975
712,4,0,0,809.9488,0.0,17.0,0.006172361,73.2853654080804,5.58380127,0.0,0.009203613,-0.204893827,2.029893827,9826.048037,570.792175,702.968628,0.004366,0.004126
713,4,0,0,814.1567,0.0,17.0,0.006101477,73.2730041158206,5.58380127,0.0,0.013038452,-0.313685656,2.138685656,9840.273283,562.838806,719.378418,0.004545,0.004613
714,4,0,0,817.1892,0.0,17.1,0.006032963,73.2585882918366,5.58380127,0.0,0.013038452,-0.406435251,2.231435251,9856.528101,612.964905,727.156494,0.0,0.004579
715,4,0,0,809.9488,0.0,17.1,0.005988935,73.2466288839616,5.58380127,0.0,0.029144775,-0.454862833,2.279862833,9870.748806,516.23468,644.871277,0.004384,0.004633
716,4,0,0,807.8611,0.0,17.2,0.005950728,73.232223939116,5.58380127,0.0,0.018407227,-0.451524973,2.276524973,9886.998199,607.305908,724.919678,0.0,0.004366
717,4,0,0,780.0013,0.0,17.2,0.005924358,73.2200566206064,5.58380127,0.0,0.003834839,-0.389409304,2.214409304,9901.214123,566.092224,686.849792,0.004636,0.004643
718,4,0,0,776.1382,0.0,17.3,0.005912062,73.2063027503512,5.58380127,0.0,0.018407227,-0.287130594,2.112130594,9917.438518,532.958801,631.346802,0.004757,0.004712
719,4,0,0,783.0636,0.0,17.3,0.005925965,73.1936376629796,5.58380127,0.0,-0.005560516,-0.146322966,1.971322966,9931.576399,606.261108,716.548096,0.0,0.004687
720,4,0,0,804.0123,0.0,17.0,0.005960008,73.1807610761452,5.58380127,0.0,-0.015531097,0.006928205,1.818071795,9947.722573,578.301697,660.162903,0.004822,0.004722
721,4,0,0,810.5472,0.0,17.0,0.005988875,73.1690952279796,5.58380127,0.0,-0.010162323,0.111953974,1.713046026,9961.850109,556.603271,679.918274,0.005437,0.004751
722,4,0,0,833.6464,0.0,17.1,0.006013895,73.1556187596602,5.58380127,0.0,-0.013997162,0.201835871,1.623164129,9977.995296,539.56012,690.863586,0.005167,0.004685
723,4,0,0,833.6464,0.0,17.1,0.006032078,73.1447875956856,5.58380127,0.0,-0.019365936,0.245971441,1.579028559,9992.121485,604.20459,713.594116,0.0,0.004856
724,4,0,0,835.2332,0.0,17.2,0.006049076,73.1325312645806,5.58380127,0.0,-0.020132904,0.254211187,1.570788813,10008.26429,619.866089,712.893677,0.0,0.004632
725,4,0,0,835.2332,0.0,17.2,0.006058664,73.121216896271,5.58380127,0.0,-0.007094452,0.206439734,1.618560266,10023.06075,683.732483,920.951904,0.0,0.004472
726,4,0,0,816.8849,0.0,17.0,0.006068109,73.110111565134,5.58380127,0.0,-0.001725677,0.121681452,1.703318548,10038.52882,589.770813,776.628174,0.005228,0.00444
727,4,0,0,803.4235,0.0,17.0,0.006078619,72.9555570854544,1.0546875,0.0,-0.024734711,0.037276983,1.787723017,10053.32335,440.835297,625.314575,0.004703,0.004719
728,4,0,0,787.5612,0.0,17.1,0.006082857,72.6722319094108,5.23223877,0.0,0.005368774,-0.107536554,1.932536554,10068.78932,596.320007,667.872925,0.0,0.004578
729,4,0,0,752.7055,0.0,17.1,0.006062004,72.6627921968936,5.58380127,0.0,0.02761084,-0.250772238,2.075772238,10083.58187,602.498413,676.529907,0.0,0.004474
730,4,0,0,750.6453,0.0,16.9,0.005995805,72.6585492363572,5.58380127,0.0,0.016106323,-0.353135347,2.178135347,10099.0458,599.917419,679.623291,0.0,0.004722
731,4,0,0,725.572,0.0,16.9,0.005910477,72.6561349205826,5.58380127,0.0,0.023009033,-0.395937681,2.220937681,10113.83641,608.505615,694.768921,0.0,0.004756
732,4,0,0,696.3257,0.0,17.0,0.005821325,72.6512385358194,5.58380127,0.0,0.021475098,-0.387239695,2.212239695,10127.28168,672.037903,692.907471,0.0,0.004773
733,4,0,0,702.7943,0.0,17.0,0.005738022,72.6454759398946,5.58380127,0.0,0.00690271,-0.311772108,2.136772108,10144.08714,577.558899,653.976807,0.0,0.004994
734,4,0,0,731.1333,0.0,16.8,0.005694541,72.6408038166604,5.58380127,0.0,-0.000959,-0.223802805,2.048802805,10157.53047,511.412506,378.427612,0.0,0.00451
735,4,0,0,938.0863,0.0,16.8,0.005683421,72.6355604260064,5.58380127,0.0,0.001533936,-0.134383917,1.959383917,10174.33352,0.0,0.0,0.0,0.0
736,4,0,0,1651.1404,0.0,16.6,0.005705812,72.630725952553,5.58380127,0.0,-0.001725677,-0.066092253,1.891092253,10187.77526,660.280273,675.892273,0.0,0.004663
737,4,0,0,4720.7488,0.0,16.6,0.005762052,72.6254747887868,5.58380127,0.0,0.0,0.008388281,1.816611719,10204.57645,658.116089,694.835876,0.0,0.004657
738,4,0,0,4803.4339,0.0,16.5,0.005822401,72.6207680486492,5.58380127,0.0,-0.000959,0.066805601,1.758194399,10218.01655,434.199188,660.659485,0.00417,0.00489
739,4,0,0,4889.0671,0.0,16.5,0.005877987,72.6157550993898,5.58380127,0.0,-0.000959,0.132156134,1.692843866,10234.8157,468.019501,655.898804,0.0,0.004663
740,4,0,0,4955.3228,0.0,16.6,0.00590783,72.6111864406242,5.58380127,0.0,-0.004793549,0.18688941,1.63811059,10248.25409,557.247009,648.159119,0.004757,0.004915
741,4,0,0,4304.0038,0.0,16.6,0.00593565,72.6060956958692,5.58380127,0.0,-0.020132904,0.231117964,1.593882036,10265.05084,564.359375,657.930298,0.0,0.004702
742,4,0,0,995.1013,0.0,16.7,0.005970898,72.6014605391748,5.58380127,0.0,-0.015531097,0.217909575,1.607090425,10278.48742,582.469604,689.636475,0.0,0.004818
743,4,0,0,818.1034,0.0,16.7,0.006032645,72.5960588055582,5.58380127,0.0,-0.003259613,0.144058466,1.680941534,10295.28217,560.000977,651.897095,0.0,0.004983
744,4,0,0,750.6453,0.0,16.6,0.006094083,72.5919499352306,5.58380127,0.0,0.016106323,0.065480471,1.759519529,10308.71719,496.119812,593.718506,0.0,0.004998
745,4,0,0,745.0372,0.0,16.6,0.006142038,72.5870174690646,5.58380127,0.0,0.016106323,0.003619909,1.821380091,10325.51004,561.450806,635.141724,0.0,0.004837
746,4,0,0,729.6743,0.0,16.7,0.006149295,72.5825970787932,5.58380127,0.0,0.008436646,-0.004171133,1.829171133,10338.94349,546.034119,646.604919,0.0,0.004908
747,4,0,0,728.7049,0.0,16.7,0.006129511,72.5777575681056,5.58380127,0.0,-0.001725677,0.019970655,1.805029345,10355.73433,759.708496,961.633728,0.0,0.005034
748,4,0,0,730.6463,0.0,16.5,0.006110891,72.5736937110178,5.58380127,0.0,-0.007094452,0.03921771,1.78578229,10369.16637,706.912109,680.31012,0.0,0.004791
749,4,0,0,736.286,0.0,16.5,0.006111363,72.5673579003718,5.58380127,0.0,0.0,0.044675112,1.780324888,10385.95551,691.914795,929.656982,0.0,0.004442
750,4,0,0,736.5332,0.0,16.7,0.00614029,72.5630639237574,5.58380127,0.0,0.003834839,0.046499491,1.778500509,10399.38608,0.0,0.0,0.0,0.0
751,4,0,0,734.3146,0.0,16.7,0.006200331,72.5584553372664,5.58380127,0.0,0.001533936,0.05974412,1.76525588,10416.17342,513.222473,596.797913,0.004561,0.004255
752,4,0,0,737.7716,0.0,16.5,0.006261847,72.5544768556656,5.58380127,0.0,0.0,0.078127623,1.746872377,10429.60261,516.16803,679.183716,0.004386,0.004377
753,4,0,0,741.7626,0.0,16.5,0.006322881,72.549927267579,5.58380127,0.0,-0.010162323,0.097550154,1.727449846,10446.38822,585.438477,694.405701,0.004567,0.004656
754,4,0,0,742.5157,0.0,16.7,0.00635096,72.5461543147896,5.58380127,0.0,-0.016298065,0.092962027,1.732037973,10459.81605,594.994202,679.762085,0.0,0.004582
755,4,0,0,744.5316,0.0,16.7,0.006343305,72.541475979503,5.58380127,0.0,0.00690271,0.036576509,1.788423491,10476.59997,614.104309,681.126587,0.0,0.004621
756,4,0,0,746.0506,0.0,16.5,0.006313318,72.5378823554698,5.58380127,0.0,0.016106323,-0.021846056,1.846846056,10490.0264,589.345398,661.368896,0.0,0.004602
757,4,0,0,747.8307,0.0,16.5,0.006265311,72.5334138137456,5.58380127,0.0,0.003067871,-0.047525644,1.872525644,10506.80857,576.13208,698.033203,0.0,0.004512
758,4,0,0,754.2582,0.0,16.7,0.006201426,72.5296576141856,5.58380127,0.0,0.001533936,-0.051909208,1.876909208,10520.2337,593.505981,661.501892,0.0,0.004471
759,4,0,0,752.4474,0.0,16.7,0.006092869,72.5254062207076,5.58380127,0.0,0.0,-0.052545309,1.877545309,10537.01442,429.930389,672.414612,0.0,0.004609
760,4,0,0,750.3885,0.0,16.5,0.005987624,72.5218198547978,5.58380127,0.0,-0.007094452,-0.052635431,1.877635431,10550.43828,599.775024,667.603271,0.0,0.004803
761,4,0,0,753.7399,0.0,16.5,0.005894762,72.5176056209804,5.58380127,0.0,-0.000959,-0.06353879,1.88853879,10567.2167,603.710205,662.727478,0.0,0.004914
762,4,0,0,750.3885,0.0,16.1,0.005841338,72.5142062925654,5.58380127,0.0,-0.001725677,-0.084909201,1.909909201,10580.63846,590.353699,689.136597,0.0,0.004822
763,4,0,0,751.1593,0.0,16.1,0.005786062,72.510347883822,5.58380127,0.0,-0.008628387,-0.118626833,1.943626833,10597.41507,742.602783,949.99939,0.0,0.004995
764,4,0,0,748.5962,0.0,16.0,0.005730983,72.5070150694292,5.58380127,0.0,-0.003259613,-0.168815374,1.993815374,10610.83614,575.787109,658.300415,0.0,0.004672
765,4,0,0,752.7055,0.0,16.0,0.005667656,72.5029004698512,5.58380127,0.0,-0.003259613,-0.243018866,2.068018866,10627.61026,742.250671,714.225098,0.0,0.004634
766,4,0,0,753.481,0.0,15.6,0.005620934,72.499720043863,5.58380127,0.0,0.008436646,-0.313984156,2.138984156,10641.00904,614.951111,698.390808,0.0,0.004797
767,4,0,0,752.4474,0.0,15.6,0.005579302,72.495668852281,5.58380127,0.0,0.019941162,-0.371030092,2.196030092,10657.73285,595.468506,675.384583,0.0,0.004873
768,4,0,0,758.1679,0.0,15.2,0.005547493,72.4922816904764,5.58380127,0.0,0.030678711,-0.364979506,2.189979506,10671.10756,549.811707,631.970886,0.0,0.004905
769,4,0,0,761.5893,0.0,15.2,0.005507329,72.4874555694976,5.58380127,0.0,0.013038452,-0.256513357,2.081513357,10687.82407,0.0,0.0,0.0,0.0
770,4,0,0,760.5333,0.0,14.6,0.005470271,72.4838665320834,5.58380127,0.0,0.0,-0.111479044,1.936479044,10701.19437,568.188721,636.621216,0.0,0.004731
771,4,0,0,762.1184,0.0,14.6,0.005445981,72.4801234969246,5.58380127,0.0,-0.02166684,0.065657854,1.759342146,10717.904,732.343323,947.336975,0.0,0.004914
772,4,0,0,759.7432,0.0,14.3,0.005456748,72.4764696031084,5.58380127,0.0,-0.030870453,0.162107706,1.662892294,10731.26976,0.0,0.0,0.0,0.0
773,4,0,0,757.6443,0.0,14.3,0.005507991,72.4419027984626,3.869934082,0.0,-0.030870453,0.156763315,1.668236685,10747.97506,531.254272,636.404907,0.005579,0.0
774,4,0,0,754.7771,0.0,13.8,0.005577537,72.2802420205186,4.836730957,0.0,-0.017832001,0.039863348,1.785136652,10761.33832,643.096191,776.558472,0.0,0.004567
775,4,0,0,759.7432,0.0,13.8,0.005672157,72.2355123142398,5.276184082,0.0,0.021475098,-0.175848246,2.000848246,10778.04208,645.579895,744.255798,0.0,0.004614
776,4,0,0,761.3251,0.0,13.3,0.005761395,72.2210885562096,5.58380127,0.0,0.059823486,-0.354405165,2.179405165,10791.40504,629.019287,712.069397,0.0,0.004677
777,4,0,0,761.8538,0.0,13.3,0.005865155,72.2062581179614,5.451965332,0.0,0.021475098,-0.333050966,2.158050966,10808.10871,518.528992,698.510986,0.005056,0.004548
778,4,0,0,763.1789,0.0,12.9,0.005951941,72.1929348909968,5.58380127,0.0,-0.015531097,-0.165062189,1.990062189,10822.13978,0.0,0.0,0.0,0.0
779,4,0,0,764.7751,0.0,12.9,0.006039665,72.1775326220598,5.40802002,0.0,-0.020132904,0.004129171,1.820870829,10838.17582,696.208984,908.319519,0.0,0.004119
780,4,0,0,768.5256,0.0,12.5,0.00610401,72.1679346309536,5.58380127,0.0,-0.020132904,0.083532095,1.741467905,10852.22765,621.735107,716.486328,0.0,0.004596
781,4,0,0,779.1702,0.0,12.5,0.006168747,72.1638491443362,5.40802002,0.0,-0.000959,0.093783617,1.731216383,10868.33251,508.575806,585.099304,0.004465,0.004299
782,4,0,0,783.3432,0.0,12.5,0.006220966,72.1626630768496,5.58380127,0.0,0.003067871,0.069614649,1.755385351,10882.45951,545.293274,740.303284,0.0,0.004311
783,4,0,0,776.4128,0.0,12.5,0.00624852,72.162739938928,5.58380127,0.0,-0.003259613,0.056303263,1.768696737,10898.62971,532.043701,717.923523,0.0,0.004238
784,4,0,0,766.9137,0.0,12.1,0.00621402,72.1625753195394,5.58380127,0.0,0.009203613,0.049651861,1.775348139,10912.79478,0.0,0.0,0.0,0.0
785,4,0,0,753.481,0.0,12.1,0.006124987,72.164229383098,6.377563477,0.0,0.010737549,0.071215391,1.753784609,10929.00937,0.0,0.0,0.0,0.0
786,4,0,0,115.5055,0.0,12.1,0.006050017,72.3685125009644,7.959594727,0.0,0.003834839,0.132896185,1.692103815,10943.22021,718.338928,958.385376,0.0,0.004767
787,4,0,0,299.0431,0.0,12.1,0.006000878,72.6165422436772,7.388305664,0.0,-0.030103485,0.224624872,1.600375128,10959.48173,606.726929,659.398987,0.0,0.004694
788,4,0,0,78.7935,0.0,12.1,0.005984111,72.7614491162984,6.597290039,0.0,-0.025501678,0.246428728,1.578571272,10973.72504,600.206604,655.219116,0.0,0.004724
789,4,0,0,113.5925,0.0,12.1,0.005964852,72.8716588599206,6.817016602,0.0,-0.004793549,0.168852091,1.656147909,10990.01815,599.382019,658.587219,0.0,0.004811
790,4,0,0,149.1914,0.0,12.4,0.005931511,73.0268145890242,7.080688477,0.0,0.021475098,0.080389261,1.744610739,11004.28665,728.988708,910.776001,0.0,0.005004
791,4,0,0,171.904,0.0,12.4,0.005877859,73.165457250536,6.817016602,0.0,0.003834839,0.052924871,1.772075129,11020.55683,616.765808,717.008118,0.0,0.004712
792,4,0,0,166.4946,0.0,12.7,0.005823638,73.256643822875,6.377563477,0.0,-0.003259613,0.075015306,1.749984694,11034.71273,600.824219,694.679382,0.0,0.004774
793,4,0,0,208.481,0.0,12.7,0.005764092,73.3514961820528,6.509399414,0.0,0.0,0.091521502,1.733478498,11050.84883,562.124207,695.77948,0.00442,0.004488
794,4,0,0,131.2198,0.0,12.9,0.005729249,73.374713293376,2.680664063,0.0,-0.001725677,0.10699296,1.71800704,11064.91779,576.858887,794.754272,0.004485,0.0
795,4,0,0,183.1234,0.0,12.9,0.005720088,72.7678227464344,3.82598877,0.0,0.0,0.132885218,1.692114782,11080.9113,625.28833,776.996277,0.0,0.004347
796,4,0,0,221.4447,0.0,13.4,0.005729667,72.5389089856426,3.694152832,0.0,-0.020132904,0.156072855,1.668927145,11094.79995,617.929077,740.390076,0.0,0.004661
797,4,0,0,337.815,0.0,13.4,0.005726297,72.0956681516708,0.131835938,0.0,-0.003259613,0.118047476,1.706952524,11110.54833,628.780823,700.91571,0.0,0.004588
798,4,0,0,338.8452,0.0,13.9,0.0056856,71.4111693558382,0.0,0.0,-0.003259613,0.039294004,1.785705996,11123.89434,648.536926,854.242798,0.0,0.004472
799,4,0,0,309.5784,0.0,13.9,0.005594354,70.561108677528,0.0,70.32165527,-0.000959,-0.065584421,1.890584421,11136.32148,0.0,0.0,0.0,0.0
800,4,0,0,238.9943,0.0,14.6,0.005480269,60.0148108703018,0.0,131.4056396,-0.007094452,-0.138167143,1.963167143,11146.40359,635.336121,793.514587,0.0,0.004591
801,4,0,0,148.236,0.0,14.6,0.005313867,51.799646575321,0.0,89.36462402,0.0,-0.217228651,2.042228651,11157.83559,617.63092,764.237671,0.0,0.004456
802,4,0,0,113.5925,0.0,14.9,0.005147674,51.297399322436,0.0,141.6595459,-0.003259613,-0.289172888,2.114172888,11167.3622,,,,
803,4,0,0,81.4266,0.0,14.9,0.005147674,51.297399322436,0.0,141.6595459,-0.003259613,-0.289172888,2.114172888,11167.3622,,,,
804,4,0,0,64.2723,0.0,15.5,0.005147674,51.297399322436,0.0,141.6595459,-0.003259613,-0.289172888,2.114172888,11167.3622,,,,
