Time,Drive,Stimulus,Failure,Palm.EDA,Heart.Rate,Breathing.Rate,Perinasal.Perspiration,Speed,Acceleration,Brake,Steering,LaneOffset,Lane.Position,Distance,Gaze.X.Pos,Gaze.Y.Pos,Lft.Pupil.Diameter,Rt.Pupil.Diameter
1,4,0,0,94.7598,86.0,11.3,0.005536302,0.01788027917012,0.0,265.145874,0.001533936,-0.100000143,1.925000143,8.3956e-06,778.949585,826.359192,0.0,0.0
2,4,0,0,95.1982,87.0,11.9,0.005464716,0.57199961961046,0.0,130.380249,0.005368774,-0.099996328,1.924996328,0.003174581,726.148804,654.58429,0.0,0.0
3,4,0,0,95.5913,86.0,11.9,0.005383234,0.7962109549052,0.0,16.70837402,-0.025501678,-0.099901438,1.924901438,0.102955195,856.391113,617.721497,0.0,0.0
4,4,0,0,96.1372,86.0,12.5,0.005314633,6.19506509531568,17.72644043,0.0,-0.023200775,-0.100493193,1.925493193,0.24802586,703.760071,656.355896,0.0,0.0
5,4,0,0,96.6894,85.0,12.5,0.00524343,15.4663265736685,11.30218506,0.0,0.036047485,-0.103409052,1.928409052,0.507579109,699.023621,650.522278,0.0,0.0
6,4,0,0,97.1459,85.0,13.4,0.005188745,19.8087525313118,11.25823975,0.0,0.00690271,-0.094324827,1.919324827,1.837352403,697.90979,648.6828,0.0,0.0
7,4,0,0,97.7097,84.0,13.4,0.005134069,24.0244388424354,9.676208496,0.0,-0.032404388,-0.076123953,1.901123953,5.082598068,693.760986,643.332886,0.0,0.0
8,4,0,0,97.8129,84.0,14.1,0.005091026,26.1517399485748,4.133605957,0.0,0.014572388,-0.082040548,1.907040548,8.41615641,696.123718,642.560974,0.0,0.0
9,4,0,0,97.7613,84.0,14.1,0.005043984,28.5072890476414,31.66809082,0.0,-0.030103485,-0.105680227,1.930680227,13.34078496,710.833679,646.459412,0.0,0.0
10,4,0,0,97.7613,85.0,14.8,0.005002419,34.7046935568294,32.85736084,0.0,0.008436646,-0.144551039,1.969551039,17.80396451,697.298889,644.979004,0.0,0.0
11,4,0,0,98.4368,86.0,14.8,0.004952635,39.4751595833596,5.58380127,0.0,0.032979614,-0.166665316,1.991665316,23.7814836,691.428528,634.64032,0.0,0.0
12,4,0,0,98.6991,86.0,15.4,0.004902605,39.2409456222118,0.0,2.792358398,-0.008628387,-0.139150858,1.964150858,28.66490988,695.572327,636.422485,0.0,0.0
13,4,0,0,99.1749,86.0,15.4,0.004833421,39.4326598107716,8.486938477,0.0,-0.032404388,-0.11602664,1.94102664,35.71959924,717.568481,927.094116,0.0,0.0
14,4,0,0,99.6016,87.0,15.7,0.004765878,40.8962401971646,6.597290039,0.0,0.005368774,-0.134628534,1.959628534,42.24442425,695.011719,698.718872,0.0,0.0
15,4,0,0,100.0861,87.0,15.7,0.004689902,42.3768327879504,9.544372559,0.0,0.016106323,-0.130402803,1.955402803,51.20631784,744.342529,586.606201,0.0,0.0
16,4,0,0,100.4117,87.0,15.9,0.004629713,43.6905396209878,9.017028809,0.0,-0.024734711,-0.076151133,1.901151133,58.50526126,689.144592,638.645386,0.0,0.0
17,4,0,0,100.7943,87.0,15.9,0.004571835,44.8824488347604,0.615234375,0.0,-0.010929291,-0.035971403,1.860971403,67.55217945,707.763611,805.859497,0.0,0.0
18,4,0,0,101.1245,86.0,16.4,0.004534883,44.3441514163648,0.0,0.0,-0.004793549,-0.037602663,1.862602663,74.87049487,702.388123,653.295105,0.0,0.0
19,4,0,0,101.5125,86.0,16.4,0.004511206,43.7452575189492,0.0,3.524780273,0.001533936,-0.04825902,1.87325902,84.29393918,643.075378,932.412476,0.0,0.0
20,4,0,0,100.1402,85.0,16.6,0.004501541,44.7069775538866,19.35241699,0.0,0.008436646,-0.061325788,1.886325788,92.0114499,693.662903,642.502014,0.0,0.0
21,4,0,0,97.1459,85.0,16.6,0.004491409,47.3999034601982,18.38562012,0.0,-0.000959,-0.071033239,1.896033239,101.9175123,743.530396,696.990601,0.0,0.0
22,4,0,0,95.2962,85.0,17.0,0.004478322,50.4055622859612,22.47528076,0.0,0.005368774,-0.065539598,1.890539598,110.029302,686.486328,688.259216,0.0,0.0
23,4,0,0,94.6629,85.0,17.0,0.00446129,52.8931072953122,13.32641602,0.0,-0.005560516,-0.044079065,1.869079065,120.3661606,704.403992,706.983215,0.0,0.0
24,4,0,0,95.1493,85.0,17.4,0.004449411,54.6800423899972,15.74615479,0.0,0.003067871,-0.030183077,1.855183077,128.6211913,694.942017,643.17627,0.0,0.0
25,4,0,0,95.8883,86.0,17.4,0.004442585,56.7123975377444,13.01879883,0.0,0.013038452,-0.006788492,1.831788492,138.8401883,730.654724,835.546204,0.0,0.0
26,4,0,0,95.3944,86.0,17.5,0.004442778,58.5119665307918,17.94616699,0.0,0.013038452,0.038502932,1.786497068,146.936725,712.674988,674.984314,0.0,0.0
27,4,0,0,94.8569,86.0,17.5,0.004448725,60.4925645316558,15.30670166,0.0,-0.030870453,0.124627829,1.700372171,157.2006783,830.230713,876.466614,0.0,0.0
28,4,0,0,95.0516,87.0,17.5,0.004457653,62.0364949994978,15.74615479,0.0,-0.010929291,0.120366335,1.704633665,165.7598111,643.877625,704.931885,0.0,0.0
29,4,0,0,95.8387,87.0,17.5,0.004469029,63.724563880111,13.89770508,0.0,0.032212646,0.037260771,1.787739229,176.939396,706.450806,643.767273,0.0,0.0
30,4,0,0,96.7399,87.0,18.2,0.004477168,65.0229047348284,12.97485352,0.0,0.025309937,-0.004762411,1.829762411,186.3236872,710.206482,643.310913,0.0,0.0
31,4,0,0,97.7097,88.0,18.2,0.004485677,66.1797865991274,12.40356445,0.0,-0.013997162,0.051604033,1.773395967,198.4837189,0.0,0.0,0.0,0.0
32,4,0,0,98.1759,87.0,18.4,0.004494404,66.7803806194124,9.720153809,0.0,0.021475098,0.068507433,1.756492567,208.4593365,682.629211,629.049011,0.0,0.0
33,4,0,0,98.7518,87.0,18.4,0.004505584,67.322805512106,7.915649414,0.0,-0.017832001,0.106709242,1.718290758,221.2709818,696.038879,636.605225,0.0,0.0
34,4,0,0,98.5416,87.0,18.7,0.004517382,67.5767925808836,5.58380127,0.0,-0.001725677,0.0884974,1.7365026,232.3130422,767.361206,842.708618,0.0,0.0
35,4,0,0,98.3323,87.0,18.7,0.004536156,67.7834703805766,9.192810059,0.0,0.003834839,0.034274817,1.790725183,245.245602,814.2453,756.609985,0.0,0.0
36,4,0,0,98.4892,87.0,18.9,0.004558718,67.9457999197576,5.58380127,0.0,-0.000959,0.00843358,1.81656642,256.8536474,660.914124,632.744995,0.0,0.0
37,4,0,0,98.91,86.0,18.9,0.004590541,67.7627516247628,10.11566162,0.0,0.0,0.009239435,1.815760565,270.3999184,656.480103,637.817688,0.0,0.0
38,4,0,0,99.4946,86.0,19.1,0.00462243,68.6809673531776,16.00982666,0.0,0.009203613,0.000295,1.824705076,282.4971852,697.198914,707.241699,0.0,0.0
39,4,0,0,100.0861,86.0,19.1,0.004663411,69.664078011192,5.850219727,0.0,0.013038452,0.029057741,1.795942259,296.5869572,386.350189,781.123291,0.0,0.0
40,4,0,0,100.5753,86.0,19.3,0.004700952,69.742365964832,6.553344727,0.0,-0.003259613,0.115488291,1.709511709,309.1214434,440.028412,925.713989,0.0,0.0
41,4,0,0,101.0693,86.0,19.3,0.004736475,70.0382694043542,8.929138184,0.0,-0.010929291,0.192412138,1.632587862,323.6565371,686.280701,637.630127,0.0,0.0
42,4,0,0,101.5125,85.0,19.5,0.004752223,70.3909005500034,7.783813477,0.0,-0.001725677,0.235481024,1.589518976,336.5264758,639.854797,651.366394,0.0,0.0
43,4,0,0,101.3459,85.0,19.5,0.004749584,70.6661131074806,8.091430664,0.0,-0.001725677,0.270731211,1.554268789,351.3464818,446.620087,834.09491,0.0,0.0
44,4,0,0,98.9629,85.0,19.6,0.00473282,71.0088699222522,8.267211914,0.0,-0.027035614,0.271395922,1.553604078,364.3938957,684.402527,636.587097,0.0,0.0
45,4,0,0,96.3373,85.0,19.6,0.004704196,71.2950055209246,7.915649414,0.0,-0.001725677,0.151220083,1.673779917,379.3759819,583.99939,770.678894,0.0,0.0
46,4,0,0,95.0029,85.0,20.0,0.004676505,71.8349495355412,12.84301758,0.0,0.008436646,0.025417089,1.799582911,392.5172908,691.519287,699.122009,0.0,0.0
47,4,0,0,95.1982,85.0,20.0,0.004644559,72.6683726638106,11.83227539,0.0,0.036047485,-0.073469877,1.898469877,407.5665087,690.24408,650.935303,0.0,0.0
48,4,0,0,96.0375,85.0,20.1,0.004617006,73.1364138456108,6.685180664,0.0,0.00690271,-0.081885576,1.906885576,420.7811005,686.083374,688.391296,0.0,0.0
49,4,0,0,96.6894,85.0,20.1,0.0045915,73.2776054924684,9.368591309,0.0,0.003067871,-0.017139196,1.842139196,435.8715834,687.98999,636.341492,0.0,0.0
50,4,0,0,97.0949,85.0,19.9,0.004580151,73.6338251927298,8.709411621,0.0,-0.010929291,0.034131289,1.790868711,449.0602528,700.616516,638.020508,0.0,0.0
51,4,0,0,97.5553,85.0,19.9,0.00458027,73.9053683584466,7.827758789,0.0,0.003067871,0.042291403,1.782708597,464.2837162,694.657288,636.351685,0.0,0.0
52,4,0,0,98.228,84.0,19.7,0.00458901,74.1726574913678,8.885192871,0.0,0.012271484,0.063492537,1.761507463,477.7880988,411.494598,914.352295,0.0,0.0
53,4,0,0,98.91,85.0,19.7,0.004603367,74.595410075294,9.280700684,0.0,-0.016298065,0.13264966,1.69235034,493.2728096,681.27301,668.087524,0.0,0.0
54,4,0,0,99.3878,85.0,19.6,0.004614898,74.0887401629682,0.0,0.0,0.005368774,0.15325284,1.67174716,506.8367217,692.291382,633.39209,0.0,0.0
55,4,0,0,99.228,85.0,19.6,0.004625861,73.3231346383922,3.562316895,0.0,0.001533936,0.135287523,1.689712477,522.3824064,671.285522,981.983887,0.0,0.0
56,4,0,0,99.1749,85.0,19.4,0.004634512,73.622337933024,14.64752197,0.0,0.005368774,0.136218786,1.688781214,536.0435369,671.560486,721.559692,0.0,0.0
57,4,0,0,99.1749,85.0,19.4,0.004642887,74.3339265720492,8.267211914,0.0,-0.003259613,0.135643244,1.689356756,551.7063803,696.08667,643.51709,0.0,0.0
58,4,0,0,98.4368,85.0,19.0,0.004648541,74.36995827843,5.850219727,0.0,-0.000959,0.109737635,1.715262365,565.4520238,703.801086,637.676086,0.0,0.0
59,4,0,0,95.9877,86.0,19.0,0.004652543,73.8410634772646,0.0,0.0,0.0,0.071053267,1.753946733,581.2206086,708.93689,904.535828,0.0,0.0
60,4,0,0,94.2774,85.0,18.9,0.004653052,73.4222361862522,3.869934082,0.0,0.00690271,0.06159997,1.76340003,595.0578249,683.702087,639.920105,0.0,0.0
61,4,0,0,93.7049,86.0,18.9,0.004648906,73.227909379043,4.617004395,0.0,0.00690271,0.087357759,1.737642241,610.9275677,0.0,0.0,0.0,0.0
62,4,0,0,94.2294,85.0,18.5,0.004639254,73.1222480165024,5.144348145,0.0,-0.008628387,0.119203806,1.705796194,624.912508,772.386719,848.518677,0.0,0.0
63,4,0,0,94.8569,86.0,18.5,0.004622303,73.0250141881794,4.17755127,0.0,-0.004793549,0.12672925,1.69827075,641.0285031,765.095581,817.022522,0.0,0.0
64,4,0,0,91.7095,86.0,17.9,0.004606426,72.933946690907,5.100402832,0.0,-0.008628387,0.116613626,1.708386374,655.2259059,673.447693,648.364685,0.0,0.0
65,4,0,0,93.9426,86.0,17.9,0.004589428,72.2786138351472,5.144348145,0.0,-0.004793549,0.09928441,1.72571559,671.4850508,713.621399,975.516174,0.0,0.0
66,4,0,0,94.2294,86.0,17.3,0.004573589,72.5091992656772,9.764099121,0.0,0.010737549,0.062587023,1.762412977,685.7388244,696.203979,633.97467,0.0,0.0
67,4,0,0,93.3742,85.0,17.3,0.004553567,73.057324891266,11.21429443,0.0,0.00690271,0.043324709,1.781675291,702.0894921,662.185974,958.364319,0.0,0.0
68,4,0,0,92.2118,85.0,16.8,0.004536191,73.5627863823726,9.808044434,0.0,0.001533936,0.063734293,1.761265707,716.4376199,664.023071,665.842773,0.0,0.0
69,4,0,0,92.2118,86.0,16.8,0.004517332,73.4596614362324,3.957824707,0.0,-0.013997162,0.100417376,1.724582624,732.8761628,755.64209,669.273926,0.0,0.0
70,4,0,0,88.8494,86.0,16.3,0.004502059,73.4903318838976,6.421508789,0.0,0.001533936,0.109409094,1.715590906,747.3055732,0.0,0.0,0.0,0.0
71,4,0,0,82.6624,85.0,16.3,0.004487046,73.5620268060794,6.377563477,0.0,-0.001725677,0.107522249,1.717477751,763.8612327,705.234009,639.843323,0.0,0.0
72,4,0,0,78.4597,85.0,15.9,0.004479336,73.706660267928,8.530883789,0.0,0.009203613,0.095019579,1.729980421,778.3253848,466.258911,796.922485,0.0,0.0
73,4,0,0,76.0746,85.0,15.9,0.004482105,73.857127925238,5.58380127,0.0,0.0,0.103985548,1.721014452,794.7287067,687.393127,631.966675,0.0,0.0
74,4,0,0,75.7014,86.0,15.5,0.004496212,73.8404243117902,5.58380127,0.0,-0.007094452,0.125489473,1.699510527,808.9871448,663.617676,640.36377,0.0,0.0
75,4,0,0,76.5462,87.0,15.5,0.004522578,73.8209166808868,5.894165039,0.0,0.0,0.122802496,1.702197504,825.3199252,702.554321,632.622681,0.0,0.0
76,4,0,0,75.6704,86.0,15.1,0.004550306,73.6883533173184,2.680664063,0.0,0.008436646,0.101711035,1.723288965,839.7271806,434.863495,835.036926,0.0,0.0
77,4,0,0,75.2706,86.0,15.1,0.004583889,73.5471154824028,5.58380127,0.0,0.00690271,0.082619905,1.742380095,856.2498031,709.485718,630.957275,0.0,0.0
78,4,0,0,75.0266,86.0,15.1,0.004615741,73.5284482649408,5.40802002,0.0,0.001533936,0.087464571,1.737535429,870.7039211,703.484497,951.556213,0.0,0.0
79,4,0,0,75.6704,86.0,15.1,0.004658739,73.3283837261098,4.089660645,0.0,0.00690271,0.097421408,1.727578592,887.1423025,620.625916,669.718384,0.0,0.0
80,4,0,0,77.0559,85.0,15.1,0.004704768,73.1980169024272,4.265441895,0.0,-0.012463226,0.122169256,1.702830744,901.4396563,638.192078,697.106018,0.0,0.0
81,4,0,0,78.7935,85.0,15.1,0.004769214,73.1129908675148,5.276184082,0.0,-0.010929291,0.130512476,1.694487524,917.7383767,715.910583,654.384583,0.0,0.0
82,4,0,0,80.5763,85.0,15.4,0.004830126,72.6614136362496,0.0,8.944702148,-0.007094452,0.108457804,1.716542196,931.9752901,701.71521,642.764893,0.0,0.0
83,4,0,0,81.7501,86.0,15.4,0.004885498,72.0215872059116,0.0,15.24353027,0.030678711,0.068089247,1.756910753,948.2254422,683.054993,643.307312,0.0,0.0
84,4,0,0,82.1855,86.0,16.0,0.004911813,71.4935223091974,0.0,83.35876465,-0.007094452,0.112970114,1.712029886,962.4312211,681.188477,642.200317,0.0,0.0
85,4,0,0,82.5518,86.0,16.0,0.004921508,70.8634577812446,0.0,205.380249,-0.041608002,0.194499731,1.630500269,978.6447272,698.321106,635.589783,0.0,0.0
86,4,0,0,83.8603,86.0,16.2,0.004918568,70.3451216827918,0.0,208.895874,-0.040074066,0.144053698,1.680946302,992.7926121,687.863892,639.526611,0.0,0.0
87,4,0,0,85.4862,86.0,16.2,0.004905004,69.7787678033194,0.0,222.8118896,0.013038452,0.020386934,1.804613066,1008.863374,679.472595,638.974976,0.0,0.0
88,4,0,0,86.1623,86.0,16.6,0.004885245,69.2848659117516,0.0,240.9759521,0.047552002,-0.070879698,1.895879698,1022.954695,682.308899,640.489624,0.0,0.0
89,4,0,0,86.7679,86.0,16.6,0.004855662,68.7259254408958,0.0,201.5716553,0.023776001,-0.048514605,1.873514605,1039.150911,710.856995,629.354492,0.0,0.0
90,4,0,0,87.6301,86.0,16.8,0.004825037,68.2570199147684,0.0,128.4759521,0.00690271,0.058239222,1.766760778,1053.412402,717.296021,627.128906,0.0,0.0
91,4,0,0,88.2987,86.0,16.8,0.00478673,67.7084156714636,0.0,124.0814209,-0.092994843,0.201775789,1.623224211,1069.765627,704.923218,632.274719,0.0,0.0
92,4,0,0,89.3208,86.0,17.2,0.004753645,67.2086857643,0.0,20.66345215,-0.02856955,0.172221899,1.652778101,1084.047529,777.644714,861.768188,0.0,0.0
93,4,0,0,89.9281,86.0,17.2,0.004723719,67.3274535918006,7.695922852,0.0,0.067493164,-0.020879507,1.845879507,1099.017727,733.973877,631.585022,0.0,0.0
94,4,0,0,89.1488,86.0,17.6,0.004693971,67.6899121721598,0.0,24.61853027,0.030678711,-0.124928713,1.949928713,1114.680902,700.231812,638.151489,0.0,0.0
95,4,0,0,87.382,86.0,17.6,0.00466921,67.1859112375702,0.0,205.2337646,0.00690271,-0.107305288,1.932305288,1129.681871,703.829102,631.11499,0.0,0.0
96,4,0,0,87.2174,86.0,17.9,0.004638921,66.6461773222906,0.0,176.3763428,-0.005560516,-0.035892248,1.860892248,1145.40576,689.348511,637.125793,0.0,0.0
97,4,0,0,87.9631,87.0,17.9,0.004612699,66.1755101321322,0.0,145.7611084,-0.004793549,0.021838903,1.803161097,1160.448389,668.989319,654.161194,0.0,0.0
98,4,0,0,89.2777,86.0,18.2,0.004589348,65.6447173075576,0.0,152.0599365,-0.000959,0.08413434,1.74086566,1176.854848,638.517273,655.170288,0.0,0.0
99,4,0,0,90.5436,86.0,18.2,0.004577804,65.1978234649066,0.0,94.63806152,0.003834839,0.09453845,1.73046155,1191.206787,661.409119,653.271484,0.0,0.0
100,4,0,0,91.7095,87.0,18.2,0.004573727,64.6904815726638,0.0,0.0,0.014572388,0.08189559,1.74310441,1207.572521,898.85498,678.321716,0.0,0.0
101,4,0,0,92.5343,87.0,18.2,0.00457449,65.2103226936978,25.94970703,0.0,-0.016298065,0.10247159,1.72252841,1221.872796,640.830505,712.651672,0.0,0.0
102,4,0,0,93.1394,87.0,18.2,0.004575396,66.9333570446616,19.08874512,0.0,-0.010162323,0.090694666,1.734305334,1238.209847,544.374207,622.518921,0.0,0.0
103,4,0,0,93.7049,87.0,18.2,0.004574355,68.069209196472,11.0824585,0.0,0.021475098,0.040657759,1.784342241,1252.475677,749.384705,825.344971,0.0,0.0
104,4,0,0,94.1815,87.0,18.2,0.004569808,68.492804865344,8.047485352,0.0,0.023776001,0.022506475,1.802493525,1268.748706,714.726501,650.237305,0.0,0.0
105,4,0,0,94.9055,88.0,18.2,0.004560022,68.7712472072672,8.311157227,0.0,-0.012463226,0.075689077,1.749310923,1282.967288,659.42511,697.434204,0.0,0.0
106,4,0,0,95.6407,87.0,18.5,0.004540813,68.9390719827188,5.58380127,0.0,-0.052345551,0.139872789,1.685127211,1299.157171,701.011292,645.332886,0.0,0.0
107,4,0,0,96.3373,86.0,18.5,0.004518881,68.9398414081728,2.548828125,0.0,0.018407227,0.084053278,1.740946722,1313.214653,783.987305,895.917786,0.0,0.0
108,4,0,0,97.1459,86.0,18.7,0.004490819,68.9972064934068,7.124633789,0.0,0.02761084,0.021832228,1.803167772,1329.156558,619.444275,658.714905,0.0,0.0
109,4,0,0,97.4526,85.0,18.7,0.004466854,68.8033649504878,0.0,0.0,0.001533936,0.034092188,1.790907812,1342.998214,753.964417,829.504517,0.0,0.0
110,4,0,0,97.4013,86.0,18.9,0.004446026,69.3184734371036,18.07800293,0.0,0.005368774,0.064778566,1.760221434,1358.695198,413.478699,821.235291,0.0,0.0
111,4,0,0,96.7399,87.0,18.9,0.004437032,70.402650083849,16.8447876,0.0,-0.017832001,0.082823515,1.742176485,1372.323743,462.205414,783.209717,0.0,0.0
112,4,0,0,95.938,87.0,19.1,0.004436168,71.0811935652918,11.70043945,0.0,0.003067871,0.064608335,1.760391665,1387.779143,0.0,0.0,0.0,0.0
113,4,0,0,95.7891,87.0,19.1,0.004441011,71.5704693285626,11.21429443,0.0,0.003067871,0.052634478,1.772365522,1401.199104,657.710571,618.973999,0.0,0.0
114,4,0,0,94.6145,87.0,19.0,0.004453143,72.1792955574694,12.05200195,0.0,0.005368774,0.049076319,1.775923681,1416.418086,709.870422,915.098083,0.0,0.0
115,4,0,0,93.5629,87.0,19.0,0.004471385,72.4479010017634,6.992797852,0.0,-0.005560516,0.056960344,1.768039656,1429.630811,674.286011,635.235413,0.0,0.0
116,4,0,0,93.7049,87.0,19.2,0.004500025,72.592278498085,5.806274414,0.0,-0.008628387,0.060525656,1.764474344,1444.590138,677.19397,699.05249,0.0,0.0
117,4,0,0,94.5662,87.0,19.2,0.004528979,72.5978851811506,5.58380127,0.0,0.00690271,0.047165632,1.777834368,1456.964662,719.106323,635.711487,0.0,0.0
118,4,0,0,95.6407,88.0,19.4,0.004563945,72.6624465911286,6.729125977,0.0,0.016106323,0.028043509,1.796956491,1471.967978,676.278809,639.999084,0.0,0.0
119,4,0,0,96.8917,88.0,19.4,0.004595761,72.4939292523014,0.0,106.942749,-0.001725677,0.019117117,1.805882883,1485.067595,642.543579,647.499023,0.0,0.0
120,4,0,0,97.7613,88.0,19.5,0.004632686,71.8911939407728,0.0,135.2142334,-0.000959,0.009498835,1.815501165,1499.925955,678.838989,932.770996,0.0,0.0
121,4,0,0,98.594,87.0,19.5,0.004663336,71.3640114934608,0.0,148.6907959,0.003834839,0.000233,1.824766588,1512.828415,674.437927,947.310486,0.0,0.0
122,4,0,0,99.228,88.0,19.7,0.004693814,70.7888737718948,0.0,129.0618896,0.010737549,0.001800299,1.823199701,1527.461645,418.9422,835.799072,0.0,0.0
123,4,0,0,99.6552,88.0,19.7,0.004715788,70.2878115082386,0.0,131.1126709,-0.037773163,0.015132189,1.809867811,1540.168054,0.0,0.0,0.0,0.0
124,4,0,0,100.3029,88.0,19.5,0.00473561,69.7043654723622,0.0,0.0,0.038348389,-0.024121046,1.849121046,1554.578907,0.0,0.0,0.0,0.0
125,4,0,0,100.7943,87.0,19.5,0.004747958,70.521566147657,20.0994873,0.0,0.016106323,-0.036142588,1.861142588,1567.210453,399.667786,802.220276,0.0,0.0
126,4,0,0,100.9591,88.0,19.4,0.00475702,72.1326492559978,25.11474609,0.0,0.008436646,0.039148569,1.785851431,1582.004509,505.281708,914.53009,0.0,0.0
127,4,0,0,101.3459,89.0,19.4,0.004762819,73.1624686578758,5.58380127,0.0,0.014572388,0.122332811,1.702667189,1595.213199,680.397583,944.990601,0.0,0.0
128,4,0,0,101.8475,89.0,19.2,0.004769496,73.1985845005518,5.58380127,0.0,-0.063850067,0.234451532,1.590548468,1610.416286,415.305389,793.859192,0.0,0.0
129,4,0,0,102.0721,88.0,19.2,0.004776252,73.2391938619088,7.739868164,0.0,-0.032404388,0.210093737,1.614906263,1623.77834,979.953674,885.118591,0.0,0.0
130,4,0,0,102.4107,89.0,19.1,0.004782741,72.9055042940048,0.0,0.0,0.010737549,0.035190344,1.789809656,1639.093413,0.0,0.0,0.0,0.0
131,4,0,0,102.6947,90.0,19.1,0.004777095,72.3704982173102,0.0,0.0,0.025309937,-0.125112772,1.950112772,1652.498862,689.403381,685.335388,0.0,0.0
132,4,0,0,102.6378,90.0,19.0,0.004744868,71.975130162824,3.738098145,0.0,0.036047485,-0.220718145,2.045718145,1667.817807,691.204895,682.601318,0.0,0.0
133,4,0,0,102.923,89.0,19.0,0.004700831,71.8272885782458,3.606262207,0.0,0.023009033,-0.207370996,2.032370996,1681.211276,718.825317,643.344482,0.0,0.0
134,4,0,0,102.8658,88.0,18.9,0.004655496,71.5908437982702,3.738098145,0.0,0.023776001,-0.099502325,1.924502325,1696.556256,720.308899,645.205322,0.0,0.0
135,4,0,0,102.4674,88.0,18.9,0.004629836,71.47234965513,5.671691895,0.0,-0.030870453,0.022313833,1.802686167,1710.199956,698.131287,639.494324,0.0,0.0
136,4,0,0,102.4674,87.0,18.8,0.004612357,71.5248658311308,6.201782227,0.0,-0.049277679,0.112490416,1.712509584,1725.961877,0.0,0.0,0.0,0.0
137,4,0,0,102.8087,87.0,18.8,0.004601568,71.7139139548598,5.58380127,0.0,-0.010162323,0.079673052,1.745326948,1739.856622,717.408508,638.994629,0.0,0.0
138,4,0,0,103.4404,87.0,18.7,0.004589842,71.7316277027454,0.0,5.575561523,0.018407227,-0.005199671,1.830199671,1755.857682,716.949707,639.255371,0.0,0.0
139,4,0,0,104.0799,87.0,18.7,0.004578355,71.217845489317,0.0,16.12243652,0.016106323,-0.048535109,1.873535109,1769.936552,704.55072,634.832581,0.0,0.0
140,4,0,0,104.6091,86.0,18.7,0.00456361,70.6102654528392,0.0,19.05212402,0.019941162,-0.050685167,1.875685167,1786.060751,698.196716,629.23761,0.0,0.0
141,4,0,0,105.1436,86.0,18.7,0.004551277,70.093201762964,0.0,11.43493652,-0.030870453,0.007039785,1.817960215,1800.176001,705.197205,631.587402,0.0,0.0
142,4,0,0,105.503,86.0,18.6,0.004542719,69.8199488183378,6.992797852,0.0,0.003067871,0.015280962,1.809719038,1816.315082,689.248901,625.201477,0.0,0.0
143,4,0,0,105.9255,85.0,18.6,0.004542284,69.7448458933984,5.451965332,0.0,0.009203613,0.005421877,1.819578123,1830.43339,866.394409,678.373108,0.0,0.0
144,4,0,0,106.2903,86.0,18.6,0.004548742,69.4143969729854,0.0,0.0,-0.001725677,0.029359579,1.795640421,1846.456178,711.79187,629.498413,0.0,0.0
145,4,0,0,106.6576,86.0,18.6,0.004555485,69.169811153499,5.58380127,0.0,-0.001725677,0.054354906,1.770645094,1860.368223,720.508301,629.770203,0.0,0.0
146,4,0,0,107.0893,86.0,18.5,0.004554734,69.278064776538,5.671691895,0.0,-0.000959,0.071080923,1.753919077,1876.14544,713.109314,629.879822,0.0,0.0
147,4,0,0,107.3998,87.0,18.5,0.004544504,69.4400364628766,7.739868164,0.0,0.003067871,0.080492735,1.744507265,1889.844372,756.393005,883.572571,0.0,0.0
148,4,0,0,107.7122,87.0,18.2,0.004527769,69.9158031043194,13.80981445,0.0,0.0,0.093862772,1.731137228,1905.380225,672.013611,639.441772,0.0,0.0
149,4,0,0,107.9634,87.0,18.2,0.004513951,70.9168937111488,14.20532227,0.0,-0.019365936,0.102858305,1.722141695,1919.014632,696.236084,633.408875,0.0,0.0
150,4,0,0,107.5246,87.0,18.1,0.004504133,71.5722700029952,6.157836914,0.0,-0.012463226,0.092104197,1.732895803,1934.91382,745.080505,817.499329,0.0,0.0
151,4,0,0,107.0893,87.0,18.1,0.00450415,71.650713933868,7.344360352,0.0,0.0,0.045058489,1.779941511,1949.092034,710.728271,788.343323,0.0,0.0
152,4,0,0,107.0274,88.0,17.8,0.004515558,71.9180729282386,5.75958252,0.0,0.017640259,-0.017210722,1.842210722,1965.353053,692.636108,629.084229,0.0,0.0
153,4,0,0,107.3998,88.0,17.8,0.004536991,71.9495508461554,6.685180664,0.0,0.016106323,-0.031439543,1.856439543,1979.586502,446.042297,725.678284,0.0,0.0
154,4,0,0,107.9005,87.0,17.8,0.004576084,72.2585531062726,11.17034912,0.0,0.0,-0.008075953,1.833075953,1995.825571,693.515808,637.042908,0.0,0.0
155,4,0,0,108.4058,88.0,17.8,0.004619018,72.7106369577698,11.21429443,0.0,0.026843872,0.021373034,1.803626966,2009.933228,675.749695,646.504272,0.0,0.0
156,4,0,0,109.1084,88.0,17.9,0.004667833,73.1314315220916,8.135375977,0.0,-0.058481293,0.103901148,1.721098852,2025.948056,0.0,0.0,0.0,0.0
157,4,0,0,109.4954,88.0,17.9,0.00470435,72.9255105628138,0.0,157.9193115,-0.02856955,0.081155539,1.743844461,2039.924995,0.0,0.0,0.0,0.0
158,4,0,0,109.69,88.0,17.6,0.004738139,72.3356580018918,0.0,141.2200928,0.026843872,-0.085083723,1.910083723,2055.853952,676.201782,632.357727,0.0,0.0
159,4,0,0,108.9159,89.0,17.6,0.004763559,71.8053451790656,0.0,161.1419678,0.023776001,-0.188293695,2.013293695,2069.756187,404.929108,727.51123,0.0,0.0
160,4,0,0,107.9634,89.0,17.6,0.00479405,71.2255541313566,0.0,168.0267334,0.032212646,-0.209903479,2.034903479,2085.644632,402.649902,789.325684,0.0,0.0
161,4,0,0,107.587,88.0,17.6,0.004825018,70.7211878604936,0.0,163.4857178,-0.008628387,-0.156167269,1.981167269,2099.575462,696.463928,588.900879,0.0,0.0
162,4,0,0,107.7122,88.0,17.4,0.004860657,70.1684805565786,0.0,169.3450928,-0.063850067,-0.065713644,1.890713644,2115.516155,653.0625,645.319275,0.0,0.0
163,4,0,0,108.4693,88.0,17.4,0.004885518,69.6708538314874,0.0,174.911499,-0.046976776,-0.073400259,1.898400259,2129.399889,657.111694,645.064697,0.0,0.0
164,4,0,0,109.1727,88.0,17.7,0.004905899,69.1093667732024,0.0,37.3626709,0.032979614,-0.233739138,2.058739138,2145.798193,387.17041,737.862671,0.0,0.0
165,4,0,0,109.69,88.0,17.7,0.00491913,69.5224146185002,22.38739014,0.0,0.049085938,-0.385632277,2.210632277,2158.81582,396.816986,743.692505,0.0,0.0
166,4,0,0,110.0812,87.0,17.7,0.004924181,70.9691073795098,20.01159668,0.0,0.051386841,-0.422888041,2.247888041,2174.987108,677.518127,640.048584,0.0,0.0
167,4,0,0,110.8058,87.0,17.7,0.004913689,71.914962975249,16.80084229,0.0,0.018407227,-0.335953951,2.160953951,2187.910111,680.468628,642.562012,0.0,0.0
168,4,0,0,111.4728,87.0,18.1,0.004890217,72.8543654394562,11.21429443,0.0,0.001533936,-0.158713102,1.983713102,2204.029164,671.643799,645.993286,0.0,0.0
169,4,0,0,111.6071,87.0,18.1,0.004873485,72.958432074804,0.0,53.47595215,-0.040074066,0.005778551,1.819221449,2216.848628,384.178406,761.418091,0.0,0.0
170,4,0,0,111.005,86.0,18.3,0.004873414,72.3672587929176,0.0,0.0,-0.030870453,0.109022379,1.715977621,2232.873974,409.282715,760.939575,0.0,0.0
171,4,0,0,109.4307,86.0,18.3,0.00489355,72.3352053589234,9.720153809,0.0,-0.020132904,0.090046644,1.734953356,2245.714645,414.821503,917.587524,0.0,0.0
172,4,0,0,108.5329,86.0,18.6,0.004927975,72.868596060593,11.21429443,0.0,0.026843872,-0.00370574,1.82870574,2261.824968,684.576416,972.278198,0.0,0.0
173,4,0,0,108.5329,86.0,18.6,0.004949386,72.7042460433222,0.087890625,0.0,0.061357422,-0.051051855,1.876051855,2274.850177,699.057312,693.755676,0.0,0.0
174,4,0,0,109.4307,86.0,18.8,0.004948527,72.0973830804682,0.0,2.938842773,0.050619873,0.079333544,1.745666456,2291.344387,678.325073,608.904175,0.0,0.0
175,4,0,0,110.4094,86.0,18.8,0.00492804,71.5832422095274,0.0,2.938842773,-0.130576263,0.358920336,1.466079664,2304.602405,674.524902,600.201477,0.0,0.0
176,4,0,0,111.205,86.0,19.1,0.004895262,70.9742958916698,0.0,4.550170898,-0.099897552,0.37998271,1.44501729,2321.211181,697.622375,773.506104,0.0,0.0
177,4,0,0,111.8768,86.0,19.1,0.004867361,70.4688115640286,0.0,0.0,0.098171875,0.060488939,1.764511061,2334.529627,763.40802,603.232117,0.0,0.0
178,4,0,0,112.4885,85.0,19.2,0.00483974,70.0425324655472,6.289672852,0.0,0.047552002,-0.184639692,2.009639692,2351.204351,784.320313,591.257324,0.0,0.0
179,4,0,0,113.1068,86.0,19.2,0.004817817,70.277277750296,11.56585693,0.0,-0.058481293,-0.184167147,2.009167147,2364.619908,0.0,0.0,0.0,0.0
180,4,0,0,113.5925,85.0,19.4,0.004796018,70.816802226068,11.30218506,0.0,0.059823486,-0.247893095,2.072893095,2381.498855,0.0,0.0,0.0,0.0
181,4,0,0,114.0121,85.0,19.4,0.004783892,71.1822996426822,8.047485352,0.0,0.047552002,-0.267725229,2.092725229,2395.041536,748.631287,569.253723,0.0,0.0
182,4,0,0,114.1526,85.0,19.6,0.004781386,71.463036645951,8.355102539,0.0,-0.023200775,-0.149793863,1.974793863,2411.860591,1092.470215,333.303589,0.0,0.0
183,4,0,0,112.4202,85.0,19.6,0.004788165,71.7047913466962,8.311157227,0.0,-0.037773163,-0.07809186,1.90309186,2425.212395,708.652405,586.975586,0.0,0.0
184,4,0,0,109.69,85.0,19.4,0.004797807,71.9965311017704,8.753356934,0.0,-0.001725677,-0.033639669,1.858639669,2439.794133,697.076721,624.175415,0.0,0.0
185,4,0,0,107.7749,85.0,19.4,0.004803959,72.3951995424484,10.86273193,0.0,-0.003259613,-0.009246588,1.834246588,2454.921211,358.125702,756.642883,0.0,0.0
186,4,0,0,107.3376,85.0,19.3,0.004801821,72.8850596248864,12.49145508,0.0,-0.003259613,-0.000796,1.82579608,2469.279171,372.4151,642.906921,0.0,0.0
187,4,0,0,107.8376,84.0,19.3,0.004791882,73.5075737893886,12.35961914,0.0,-0.016298065,-0.001622915,1.826622915,2484.174473,682.45459,624.278076,0.0,0.0
188,4,0,0,108.8518,84.0,19.2,0.004779815,74.0135300881716,11.83227539,0.0,0.003834839,-0.025390863,1.850390863,2498.311677,714.721802,638.500488,0.0,0.0
189,4,0,0,110.1467,83.0,19.2,0.004768805,74.4351608011838,11.21429443,0.0,0.014572388,-0.056303263,1.881303263,2513.026961,0.0,0.0,0.0,0.0
190,4,0,0,110.6733,82.0,18.7,0.004765382,74.6859511091722,9.368591309,0.0,0.013038452,-0.06484437,1.88984437,2527.340174,681.963074,606.645325,0.0,0.0
191,4,0,0,109.8853,81.0,18.7,0.004767261,74.8200853495146,5.715637207,0.0,0.001533936,-0.04325223,1.86825223,2542.570029,698.581116,577.877197,0.0,0.0
192,4,0,0,108.4693,80.0,18.7,0.004772514,74.9099971636396,7.124633789,0.0,0.026843872,-0.024740458,1.849740458,2557.332859,472.576385,787.164185,0.0,0.0
193,4,0,0,108.2157,79.0,18.7,0.004779254,74.7721840686176,0.0,264.2669678,-0.012463226,0.03763032,1.78736968,2572.878335,724.933716,643.41571,0.0,0.0
194,4,0,0,108.7879,80.0,18.3,0.004781789,74.2757962295518,0.0,104.3060303,0.032212646,0.12056613,1.70443387,2587.675303,676.51532,627.641724,0.0,0.0
195,4,0,0,109.9505,81.0,18.3,0.004783287,73.7091939967306,0.0,38.24157715,-0.119838715,0.223136187,1.601863813,2603.066417,706.445496,544.131409,0.0,0.0
196,4,0,0,111.0716,81.0,18.0,0.004788278,73.2313911378528,0.0,84.53063965,-0.004793549,0.116771936,1.708228064,2617.853033,648.387695,620.05481,0.0,0.0
197,4,0,0,111.8768,80.0,18.0,0.004799555,72.6735579894774,0.0,236.7279053,0.088968262,-0.192085505,2.017085505,2633.375029,647.546875,646.241821,0.0,0.0
198,4,0,0,112.2158,81.0,18.0,0.004813211,72.1878061497244,0.0,120.1263428,0.082065552,-0.286664248,2.111664248,2648.124159,669.788696,593.799377,0.0,0.0
199,4,0,0,112.8999,81.0,18.0,0.004832722,71.6369213589858,0.0,165.3900146,0.005368774,-0.122935534,1.947935534,2663.421968,671.735718,592.697083,0.0,0.0
200,4,0,0,113.3144,81.0,18.0,0.004852961,71.1450664191508,0.0,69.44274902,-0.092994843,0.113417864,1.711582136,2677.942654,738.607422,565.851807,0.0,0.0
201,4,0,0,112.6253,83.0,18.0,0.004877551,70.5842200713066,0.0,34.14001465,-0.056180389,0.187436819,1.637563181,2693.001022,371.394714,760.546509,0.0,0.0
202,4,0,0,110.5412,83.0,18.0,0.004896761,70.1183830737572,0.0,158.7982178,0.029144775,0.067771673,1.757228327,2707.298026,713.113586,767.468506,0.0,0.0
203,4,0,0,108.6602,84.0,18.0,0.004912878,69.554313700695,0.0,231.4544678,0.043717163,-0.102885962,1.927885962,2722.880274,0.0,0.0,0.0,0.0
204,4,0,0,108.0894,85.0,18.0,0.004923458,69.0946851828108,0.0,264.8529053,0.051386841,-0.153414488,1.978414488,2736.600896,768.706482,661.211914,0.0,0.0
205,4,0,0,108.724,85.0,18.0,0.004935813,68.570372639334,0.0,66.0736084,0.019941162,-0.0495646,1.8745646,2752.386221,634.946899,593.139526,0.0,0.0
206,4,0,0,109.9505,86.0,18.0,0.004945344,68.2079498185096,0.0,17.14782715,-0.083024261,0.127671957,1.697328043,2766.255478,897.080383,867.88678,0.0,0.0
207,4,0,0,111.205,86.0,18.0,0.004946746,67.764548823021,0.0,141.2200928,0.018407227,0.167315245,1.657684755,2782.164531,694.736877,782.555725,0.0,0.0
208,4,0,0,112.2839,86.0,18.0,0.00493689,67.3354649989744,0.0,226.9134521,0.056755615,0.108308077,1.716691923,2796.142268,848.508606,663.097778,0.0,0.0
209,4,0,0,112.9688,86.0,18.0,0.004918017,66.842895496086,0.0,60.2142334,-0.044675873,0.118593931,1.706406069,2812.195839,371.149292,791.350098,0.0,0.0
210,4,0,0,113.4533,86.0,18.3,0.004900145,66.4029306024314,0.0,61.82556152,-0.001725677,0.105523825,1.719476175,2826.336272,678.922119,648.408203,0.0,0.0
211,4,0,0,114.2231,86.0,18.3,0.004880545,66.1163021272906,0.0,0.0,0.03451355,0.024728537,1.800271463,2842.631479,564.983276,873.724304,0.0,0.0
212,4,0,0,114.4348,86.0,18.3,0.004862245,66.751500836085,22.47528076,0.0,0.054454712,-0.055789709,1.880789709,2857.00019,0.0,0.0,0.0,0.0
213,4,0,0,114.6473,86.0,18.3,0.004837639,68.6385941390872,31.5802002,0.0,0.029144775,-0.046104193,1.871104193,2873.524198,0.0,0.0,0.0,0.0
214,4,0,0,114.6473,86.0,18.5,0.00481469,70.154635501119,14.91119385,0.0,0.003067871,0.059699297,1.765300703,2888.03861,988.432617,885.765686,0.0,0.0
215,4,0,0,115.0033,86.0,18.5,0.004789528,70.7502946251346,0.0,0.0,-0.052345551,0.216685534,1.608314466,2904.66231,689.381897,637.041016,0.0,0.0
216,4,0,0,115.218,86.0,19.1,0.004768642,70.2729849806866,0.0,0.0,-0.033938324,0.246746302,1.578253698,2919.224544,643.712891,1021.563293,0.0,0.0
217,4,0,0,115.6497,86.0,19.1,0.004749939,69.9861733948406,0.483398438,0.0,-0.012463226,0.145198107,1.679801893,2935.848622,0.0,0.0,0.0,0.0
218,4,0,0,116.0847,86.0,19.3,0.004746038,69.6600855444266,2.197265625,0.0,0.019941162,0.062815428,1.762184572,2950.286129,387.768005,779.122986,0.0,0.0
219,4,0,0,116.5963,86.0,19.3,0.004761824,69.4741953481126,0.0,0.0,0.051386841,-0.006884813,1.831884813,2966.658212,373.264404,791.483215,0.0,0.0
220,4,0,0,107.9005,86.0,19.4,0.004789614,68.997931951692,0.0,0.0,0.012271484,0.048378229,1.776621771,2980.869174,666.537415,987.436584,0.0,0.0
221,4,0,0,105.1436,85.0,19.4,0.004823679,68.8881287917274,4.221496582,0.0,-0.060015228,0.178879976,1.646120024,2996.986521,681.356506,974.8125,0.0,0.0
222,4,0,0,103.4404,85.0,19.6,0.004844699,68.5450872364296,0.0,0.0,-0.048510712,0.231592417,1.593407583,3010.979444,440.826813,787.750916,0.0,0.0
223,4,0,0,99.0158,86.0,19.6,0.004855351,69.2570008012008,22.69500732,0.0,0.009203613,0.153660536,1.671339464,3026.846232,394.579407,784.16217,0.0,0.0
224,4,0,0,91.1228,86.0,19.7,0.004855144,70.4991522418344,14.55963135,0.0,0.04141626,0.052644014,1.772355986,3040.624117,591.1875,517.184204,0.0,0.0
225,4,0,0,82.3683,86.0,19.7,0.004843859,71.385768370135,14.82330322,0.0,0.019941162,0.020893335,1.804106665,3056.248041,711.6651,723.268127,0.0,0.0
226,4,0,0,76.0433,87.0,19.8,0.004822773,72.1832795108262,9.676208496,0.0,0.0,0.040391684,1.784608316,3069.813854,452.637604,807.531616,0.0,0.0
227,4,0,0,74.0664,87.0,19.8,0.004790355,72.6907398665864,11.21429443,0.0,0.009203613,0.074509859,1.750490141,3085.199039,663.363281,935.375793,0.0,0.0
228,4,0,0,73.0439,87.0,20.0,0.00476425,73.1239811147484,11.434021,0.0,-0.024734711,0.111779451,1.713220549,3098.556501,546.869324,525.552002,0.0,0.0
229,4,0,0,71.3002,87.0,20.0,0.00474617,73.5995803204576,11.21429443,0.0,-0.007094452,0.12053895,1.70446105,3113.718854,606.637085,819.848877,0.0,0.0
230,4,0,0,70.8095,87.0,20.1,0.00474286,74.0126804049318,11.21429443,0.0,-0.016298065,0.077819586,1.747180414,3126.900801,779.06488,643.844116,0.0,0.0
231,4,0,0,71.0813,86.0,20.1,0.004750737,74.0340949428012,0.0,0.0,0.032979614,0.011708975,1.813291025,3141.850225,0.0,0.0,0.0,0.0
232,4,0,0,72.9001,86.0,20.1,0.004761416,73.5611150666892,0.0,129.3548584,0.019941162,0.001863241,1.823136759,3154.830603,741.238098,608.29071,0.0,0.0
233,4,0,0,75.3932,86.0,20.1,0.004771116,73.0032258971884,0.0,235.4095459,0.005368774,0.065007925,1.759992075,3169.555008,379.576599,764.029297,0.0,0.0
234,4,0,0,77.6373,86.0,20.2,0.004774857,72.5204388962372,0.0,96.10290527,-0.033938324,0.152108908,1.672891092,3182.423949,360.706512,746.804016,0.0,0.0
235,4,0,0,79.5722,85.0,20.2,0.004773646,71.9704067821108,0.0,54.9407959,-0.008628387,0.212841749,1.612158251,3197.421757,699.985413,658.569519,0.0,0.0
236,4,0,0,81.2123,85.0,19.7,0.0047705,71.5600078621728,5.58380127,0.0,0.005368774,0.194066763,1.630933237,3210.926379,439.600006,821.696106,0.0,0.0
237,4,0,0,82.5151,85.0,19.7,0.004767195,71.726243720149,9.808044434,0.0,0.017640259,0.172843695,1.652156305,3226.600432,0.0,0.0,0.0,0.0
238,4,0,0,83.7465,85.0,19.5,0.004763992,71.7202501195606,0.0,3.671264648,-0.036239227,0.168731451,1.656268549,3240.300182,688.59552,1009.253479,0.0,0.0
239,4,0,0,84.7817,86.0,19.5,0.004757578,71.174249031986,0.0,26.37634277,-0.030103485,0.154827356,1.670172644,3255.860128,732.799683,641.396118,0.0,0.0
240,4,0,0,85.7236,86.0,19.4,0.004746815,70.687899563824,0.0,27.84118652,0.018407227,0.039816618,1.785183382,3269.420732,841.277222,1072.686157,0.0,0.0
241,4,0,0,86.5651,86.0,19.4,0.004729665,70.1516161056912,0.0,33.2611084,0.06212439,-0.057346106,1.882346106,3284.86884,842.778015,651.985107,0.0,0.0
242,4,0,0,87.4233,86.0,19.3,0.004717185,69.687782382387,0.0,14.36462402,0.008436646,-0.00889802,1.83389802,3298.297754,917.99762,676.021484,0.0,0.0
243,4,0,0,88.2566,86.0,19.3,0.004710101,69.1603899644852,0.0,38.68103027,-0.003259613,0.13184762,1.69315238,3313.600792,1373.887451,806.287598,0.0,0.0
244,4,0,0,89.0202,86.0,19.1,0.004708303,68.6884691628404,0.0,28.86657715,-0.061549164,0.226231813,1.598768187,3326.92829,687.456421,643.832092,0.0,0.0
245,4,0,0,89.6234,87.0,19.1,0.00470617,69.2059133811586,16.58111572,0.0,-0.02166684,0.236717939,1.588282061,3342.326011,0.0,0.0,0.0,0.0
246,4,0,0,90.1469,87.0,19.0,0.004697271,70.3318881443454,19.00085449,0.0,0.032979614,0.188398123,1.636601877,3356.054073,709.095703,967.51001,0.0,0.0
247,4,0,0,90.7211,87.0,19.0,0.004675411,71.1161004556664,9.148864746,0.0,-0.007094452,0.165379286,1.659620714,3371.949377,678.503723,638.44989,0.0,0.0
248,4,0,0,91.3476,86.0,18.9,0.004650214,71.4412471962352,11.21429443,0.0,-0.001725677,0.152682543,1.672317457,3386.007074,654.882813,643.97522,0.0,0.0
249,4,0,0,91.8915,86.0,18.9,0.004621207,71.7429126845066,6.201782227,0.0,-0.000959,0.129628897,1.695371103,3402.182556,657.297302,642.573914,0.0,0.0
250,4,0,0,92.6269,85.0,18.5,0.004597567,71.8480950752764,4.968566895,0.0,0.012271484,0.112063169,1.712936831,3416.431421,786.228577,617.294922,0.0,0.0
251,4,0,0,93.3271,84.0,18.5,0.004572902,71.750641958285,5.58380127,0.0,0.010737549,0.124214888,1.700785112,3432.821188,667.981628,1005.902771,0.0,0.0
252,4,0,0,93.9903,84.0,18.5,0.004556716,71.8248546446166,8.442993164,0.0,-0.000959,0.154611826,1.670388174,3447.235419,819.16449,620.519592,0.0,0.0
253,4,0,0,94.518,84.0,18.5,0.004548728,71.8480347411198,0.0,0.0,-0.020132904,0.187764406,1.637235594,3463.631536,711.135315,671.00293,0.0,0.0
254,4,0,0,94.9055,85.0,18.4,0.004549443,71.9994882640204,13.50219727,0.0,-0.007094452,0.192041636,1.632958364,3477.867254,410.760193,922.62561,0.0,0.0
255,4,0,0,95.0516,86.0,18.4,0.004552491,72.743853139914,14.77935791,0.0,0.001533936,0.162942171,1.662057829,3494.011077,694.52771,952.309814,0.0,0.0
256,4,0,0,94.3254,86.0,18.4,0.004553329,73.4621705260396,11.21429443,0.0,0.0,0.159698725,1.665301275,3508.02828,717.078674,1035.161377,0.0,0.0
257,4,0,0,94.3735,86.0,18.4,0.004554484,73.9560792090222,12.00805664,0.0,-0.004793549,0.166905642,1.658094358,3523.944163,663.321472,652.218994,0.0,0.0
258,4,0,0,94.7113,86.0,18.4,0.004562391,74.3885928745702,11.74438477,0.0,0.005368774,0.16216445,1.66283555,3537.88711,680.830017,992.994202,0.0,0.0
259,4,0,0,95.1982,86.0,18.4,0.004585183,74.9255501311742,12.27172852,0.0,0.0,0.147962332,1.677037668,3553.819361,0.0,0.0,0.0,0.0
260,4,0,0,95.7891,86.0,18.0,0.004613013,75.4441542973908,13.89770508,0.0,-0.000959,0.133731127,1.691268873,3567.654184,678.278381,649.660278,0.0,0.0
261,4,0,0,96.3373,86.0,18.0,0.004643898,76.108977527691,14.29321289,0.0,0.018407227,0.115377665,1.709622335,3583.343474,709.557678,674.990906,0.0,0.0
262,4,0,0,96.6894,86.0,18.0,0.004667884,76.5586374073736,11.21429443,0.0,-0.000959,0.13037467,1.69462533,3596.966206,684.83197,643.741882,0.0,0.0
263,4,0,0,96.9424,86.0,18.0,0.004697214,76.9584802961034,11.56585693,0.0,-0.003259613,0.161752462,1.663247538,3612.4145,1144.060547,719.242676,0.0,0.0
264,4,0,0,97.1459,86.0,17.7,0.004731364,77.4069760918838,14.02954102,0.0,0.003067871,0.18777442,1.63722558,3625.828182,574.671509,865.875488,0.0,0.0
265,4,0,0,97.4013,86.0,17.7,0.004786744,78.032815072359,10.51116943,0.0,-0.000959,0.222781897,1.602218103,3641.109826,701.052673,612.528809,0.0,0.0
266,4,0,0,97.8129,85.0,17.8,0.004848016,78.3415553158308,11.21429443,0.0,-0.061549164,0.250298738,1.574701262,3654.680771,0.0,0.0,0.0,0.0
267,4,0,0,98.02,86.0,17.8,0.004913864,78.7443634456974,11.21429443,0.0,0.010737549,0.174234152,1.650765848,3670.435742,692.928101,640.692505,0.0,0.0
268,4,0,0,98.6466,85.0,17.5,0.004944402,79.0595878809632,11.21429443,0.0,0.017640259,0.069907427,1.755092573,3684.308714,0.0,0.0,0.0,0.0
269,4,0,0,97.8129,85.0,17.5,0.004944505,79.4055206316644,7.783813477,0.0,0.04141626,-0.003276587,1.828276587,3700.907126,650.028076,653.514893,0.0,0.0
270,4,0,0,96.7904,86.0,17.5,0.004934128,79.4792747848432,7.212524414,0.0,-0.004793549,-0.001681089,1.826681089,3714.206128,678.678772,645.052124,0.0,0.0
271,4,0,0,95.5913,86.0,17.5,0.004926525,79.0121431859176,0.0,96.98181152,0.010737549,0.045571566,1.779428434,3730.816167,589.611877,990.560791,0.0,0.0
272,4,0,0,93.2801,86.0,17.6,0.004922087,78.4850403687488,0.0,136.6790771,0.00690271,0.111305475,1.713694525,3744.119674,430.486908,913.1026,0.0,0.0
273,4,0,0,90.7655,86.0,17.6,0.004914443,77.884781944134,0.0,135.067749,-0.040074066,0.208559752,1.616440248,3760.749558,710.81427,1043.571655,0.0,0.0
274,4,0,0,89.1059,86.0,17.3,0.004906239,77.3661102982912,0.0,137.7044678,-0.023200775,0.241980314,1.583019686,3774.106457,661.018921,640.439514,0.0,0.0
275,4,0,0,89.0202,87.0,17.3,0.004901211,76.86932043,0.0,253.5736084,-0.003259613,0.225652933,1.599347067,3788.271034,398.199707,784.55011,0.0,0.0
276,4,0,0,88.7217,87.0,17.4,0.004902843,76.301671450256,0.0,264.2669678,0.023776001,0.147597075,1.677402925,3804.621418,409.941803,782.932007,0.0,0.0
277,4,0,0,87.7131,87.0,17.4,0.004907896,75.8134170546162,0.0,62.5579834,0.005368774,0.139630079,1.685369921,3819.024918,409.402008,778.485107,0.0,0.0
278,4,0,0,87.5887,86.0,17.4,0.004912531,75.254693184831,0.0,264.2669678,-0.012463226,0.145424128,1.679575872,3835.599364,403.572601,775.035522,0.0,0.0
279,4,0,0,87.5473,86.0,17.4,0.00491529,74.7741877612912,0.0,175.4974365,0.016106323,0.099529028,1.725470972,3850.208205,385.839813,812.422791,0.0,0.0
280,4,0,0,87.2174,86.0,17.8,0.004917622,74.2062054872332,0.0,165.0970459,-0.003259613,0.047837973,1.777162027,3867.049275,410.056213,772.955688,0.0,0.0
281,4,0,0,87.382,86.0,17.8,0.00491326,73.6962329195462,0.0,157.333374,0.029144775,-0.014745474,1.839745474,3882.613417,410.365906,759.193604,0.0,0.0
282,4,0,0,87.9631,86.0,17.8,0.004891894,73.136697861934,0.0,143.4173584,0.005368774,-0.02145648,1.84645648,3898.975622,426.018494,772.121826,0.0,0.0
283,4,0,0,89.4935,86.0,17.8,0.004862112,72.652963973607,0.0,75.00915527,0.003067871,0.015364408,1.809635592,3914.722995,410.332703,925.867004,0.0,0.0
284,4,0,0,91.1677,86.0,18.1,0.004829376,72.2744450973716,11.21429443,0.0,-0.030103485,0.041695833,1.783304167,3931.317089,411.014587,773.955627,0.0,0.0
285,4,0,0,92.0742,86.0,18.1,0.004809412,72.560083570918,7.959594727,0.0,0.008436646,0.035563707,1.789436293,3947.273769,456.287811,757.414124,0.0,0.0
286,4,0,0,93.0925,86.0,18.4,0.004795742,73.0141751706256,13.85375977,0.0,-0.001725677,0.011944056,1.813055944,3964.04138,397.182709,761.938477,0.0,0.0
287,4,0,0,93.8474,87.0,18.4,0.004789328,73.7292973892086,11.25823975,0.0,0.013038452,-0.003670454,1.828670454,3980.158124,397.643799,764.339722,0.0,0.0
288,4,0,0,94.3254,87.0,18.7,0.004785926,74.2859789260668,13.54614258,0.0,0.014572388,-0.00456214,1.82956214,3997.069753,403.120697,771.370728,0.0,0.0
289,4,0,0,94.3254,87.0,18.7,0.00478179,74.9335419526802,12.40356445,0.0,0.014572388,0.043405294,1.781594706,4013.237359,484.59549,934.866272,0.0,0.0
290,4,0,0,93.9426,88.0,18.9,0.004771162,75.4033965870726,12.40356445,0.0,0.005368774,0.151423693,1.673576307,4030.018453,396.216309,761.499695,0.0,0.0
291,4,0,0,93.895,88.0,18.9,0.004758391,75.8365535862856,11.52191162,0.0,-0.024734711,0.264462233,1.560537767,4045.945017,0.0,0.0,0.0,0.0
292,4,0,0,94.518,87.0,18.8,0.004746213,76.3074105820036,12.27172852,0.0,-0.041608002,0.373158216,1.451841784,4062.466398,662.831299,925.773621,0.0,0.0
293,4,0,0,95.2472,86.0,18.8,0.0047402,76.7165609276894,11.92016602,0.0,-0.040074066,0.389782667,1.435217333,4078.146698,672.87439,959.258179,0.0,0.0
294,4,0,0,95.938,86.0,19.0,0.00473483,77.1741753243768,11.8762207,0.0,-0.012463226,0.304720163,1.520279837,4094.412537,405.320404,781.24762,0.0,0.0
295,4,0,0,96.2371,87.0,19.0,0.004727633,77.5260919069726,11.17034912,0.0,0.058289551,0.148589849,1.676410151,4109.850717,410.674591,787.412415,0.0,0.0
296,4,0,0,96.6389,87.0,18.9,0.004718011,77.917616181616,11.21429443,0.0,0.012271484,0.076622248,1.748377752,4125.865682,646.590393,826.075989,0.0,0.0
297,4,0,0,96.8917,87.0,18.9,0.004713462,78.2452905354954,11.21429443,0.0,0.008436646,0.06400609,1.76099391,4141.065914,396.062805,773.671875,0.0,0.0
298,4,0,0,97.1968,86.0,18.8,0.004716516,78.6296390366666,11.21429443,0.0,-0.007094452,0.075692892,1.749307108,4156.834306,655.688477,650.68219,0.0,0.0
299,4,0,0,97.8129,86.0,18.8,0.004725426,78.9074893828708,9.280700684,0.0,0.001533936,0.088521242,1.736478758,4171.800743,905.155701,643.358215,0.0,0.0
300,4,0,0,98.3323,86.0,18.8,0.004739618,79.1582169265992,8.267211914,0.0,-0.001725677,0.08752656,1.73747344,4187.326785,665.286011,613.412903,0.0,0.0
301,4,0,0,99.0688,85.0,18.8,0.004754784,79.2693853862462,7.608032227,0.0,0.00690271,0.09323144,1.73176856,4202.069453,678.941711,635.600098,0.0,0.0
302,4,0,0,99.228,86.0,18.7,0.004775142,79.3325625867968,7.344360352,0.0,0.00690271,0.120020151,1.704979849,4217.504973,666.365723,651.533875,0.0,0.0
303,4,0,0,99.8702,85.0,18.7,0.004794267,79.379846090348,7.256469727,0.0,0.0,0.15754056,1.66745944,4232.342606,674.320984,639.564087,0.0,0.0
304,4,0,0,100.1944,84.0,18.3,0.00481427,79.3853386390208,6.509399414,0.0,-0.045442841,0.197304964,1.627695036,4248.010712,363.545807,748.748291,0.0,0.0
305,4,0,0,100.6847,84.0,18.3,0.004824303,79.3441265798338,5.627746582,0.0,-0.003259613,0.168303728,1.656696272,4263.125151,0.0,0.0,0.0,0.0
306,4,0,0,100.9591,83.0,18.0,0.004818685,79.110525696759,0.0,0.0,0.012271484,0.079128981,1.745871019,4279.074483,390.876709,768.464905,0.0,0.0
307,4,0,0,101.3459,83.0,18.0,0.004798355,78.732153930293,3.957824707,0.0,0.065959229,0.024775743,1.800224257,4294.434832,612.525696,969.818604,0.0,0.0
308,4,0,0,101.6797,84.0,18.0,0.004768721,78.6242648549508,5.58380127,0.0,-0.015531097,0.096413374,1.728586626,4311.302946,0.0,0.0,0.0,0.0
309,4,0,0,101.2904,85.0,18.0,0.004749811,78.9064464018036,15.35064697,0.0,-0.052345551,0.213940382,1.611059618,4326.157783,627.889526,553.955688,0.0,0.0
310,4,0,0,99.1218,85.0,18.0,0.004745065,79.6889300244702,13.10668945,0.0,0.005368774,0.247280359,1.577719641,4343.239683,408.916992,916.224426,0.0,0.0
311,4,0,0,97.3501,85.0,18.0,0.00475341,79.859936593849,0.0,3.085327148,0.00690271,0.222928286,1.602071714,4358.272514,0.0,0.0,0.0,0.0
312,4,0,0,96.6389,86.0,18.0,0.004768408,79.2391769640016,0.0,186.630249,-0.017832001,0.197194338,1.627805662,4375.54305,0.0,0.0,0.0,0.0
313,4,0,0,96.5885,85.0,18.0,0.00478303,78.7099437025408,0.0,148.2513428,0.013038452,0.169125319,1.655874681,4390.732197,0.0,0.0,0.0,0.0
314,4,0,0,97.044,84.0,18.0,0.00480241,78.1077835047546,0.0,164.364624,-0.000959,0.13903451,1.68596549,4408.1785,412.037506,937.257385,0.0,0.0
315,4,0,0,97.8129,84.0,18.0,0.004822186,77.5686912816132,0.0,165.2435303,0.0,0.115082979,1.709917021,4423.51195,0.0,0.0,0.0,0.0
316,4,0,0,98.9629,85.0,18.0,0.004850832,76.9960761683104,0.0,148.3978271,0.014572388,0.114691496,1.710308504,4441.092878,410.279205,930.854309,0.0,0.0
317,4,0,0,99.6016,85.0,18.0,0.004884778,76.48389557005,0.0,116.6107178,0.009203613,0.156246901,1.668753099,4456.504804,407.398285,926.613098,0.0,0.0
318,4,0,0,100.3029,86.0,18.0,0.004930307,75.9011457829378,0.0,95.9564209,-0.019365936,0.23475337,1.59024663,4474.133748,367.637695,785.368591,0.0,0.0
319,4,0,0,100.9041,86.0,18.0,0.004965778,75.3960787893454,0.0,72.81188965,-0.046976776,0.273838758,1.551161242,4489.568692,380.046814,816.813721,0.0,0.0
320,4,0,0,101.4014,86.0,18.0,0.004988558,74.8216336472484,0.0,88.04626465,0.003067871,0.201205492,1.623794508,4507.207404,429.509888,924.179382,0.0,0.0
321,4,0,0,101.9597,86.0,18.0,0.004987957,74.3270110127616,0.0,53.91540527,0.017640259,0.091489553,1.733510447,4522.622803,715.986511,961.353821,0.0,0.0
322,4,0,0,102.5809,86.0,18.0,0.004966335,73.7614496688656,0.0,0.0,0.037581421,0.006242037,1.818757963,4540.162322,382.085297,874.267578,0.0,0.0
323,4,0,0,102.923,85.0,18.0,0.004935918,73.5561300394788,9.368591309,0.0,0.026843872,0.016471148,1.808528852,4555.460056,668.56842,611.922485,0.0,0.0
324,4,0,0,103.3827,85.0,18.3,0.004899686,73.5962809803368,0.0,0.0,-0.010162323,0.1031425,1.7218575,4572.956066,0.0,0.0,0.0,0.0
325,4,0,0,103.4404,85.0,18.3,0.004875371,73.0836744058718,0.0,1.473999023,-0.02166684,0.180279016,1.644720984,4588.394884,434.928192,941.687195,0.0,0.0
326,4,0,0,102.5809,85.0,18.3,0.00486119,72.8551453095268,9.939880371,0.0,0.019941162,0.235773802,1.589226198,4606.131874,381.018799,796.472107,0.0,0.0
327,4,0,0,101.9597,84.0,18.3,0.004860924,72.842639579002,0.0,0.0,-0.041608002,0.283644438,1.541355562,4621.562081,0.0,0.0,0.0,0.0
328,4,0,0,102.1284,85.0,18.3,0.00486922,72.288452567424,2.329101563,0.0,-0.004793549,0.275537729,1.549462271,4639.059388,374.341309,778.588501,0.0,0.0
329,4,0,0,102.1847,85.0,18.3,0.00487729,72.3054049365556,5.75958252,0.0,-0.003259613,0.198055983,1.626944017,4654.250528,0.0,0.0,0.0,0.0
330,4,0,0,101.4569,85.0,17.9,0.004880525,72.1569883669822,0.0,0.0,0.030678711,0.089574099,1.735425901,4671.477041,382.304108,802.406189,0.0,0.0
331,4,0,0,100.5207,84.0,17.9,0.004873996,71.6806005524862,0.0,0.0,-0.019365936,0.018996,1.806004,4686.433246,391.906097,790.923706,0.0,0.0
332,4,0,0,100.3029,85.0,17.9,0.004852627,71.2720638642358,5.23223877,0.0,0.046785034,-0.011549234,1.836549234,4703.393462,409.097809,812.399109,0.0,0.0
333,4,0,0,101.0142,85.0,17.9,0.004822418,71.0094358305698,0.0,0.0,-0.030103485,0.039059877,1.785940123,4718.118767,420.135803,916.247925,0.0,0.0
334,4,0,0,101.624,85.0,17.6,0.004779104,70.8976135604544,9.720153809,0.0,0.04141626,0.090649843,1.734350157,4734.817198,595.788513,951.004578,0.0,0.0
335,4,0,0,99.228,85.0,17.6,0.004740658,71.1589128425494,7.783813477,0.0,-0.039307098,0.169453859,1.655546141,4749.31511,0.0,0.0,0.0,0.0
336,4,0,0,95.3944,85.0,17.7,0.004706311,71.4209610310134,7.827758789,0.0,0.008436646,0.224150419,1.600849581,4765.75672,0.0,0.0,0.0,0.0
337,4,0,0,91.3476,84.0,17.7,0.004688071,71.6702730958382,8.929138184,0.0,0.013038452,0.242756605,1.582243395,4780.064608,616.17572,1002.750977,0.0,0.0
338,4,0,0,88.6368,84.0,17.7,0.004678826,71.9029025491022,6.948852539,0.0,0.0,0.279625654,1.545374346,4796.418082,703.975891,644.018799,0.0,0.0
339,4,0,0,88.552,83.0,17.7,0.004678142,71.9702486966426,5.58380127,0.0,-0.010929291,0.303205252,1.521794748,4810.638823,456.620209,659.353699,0.0,0.0
340,4,0,0,89.8844,84.0,17.4,0.00468187,71.9832635901566,5.58380127,0.0,-0.013997162,0.309945345,1.515054655,4826.828752,390.45929,767.781128,0.0,0.0
341,4,0,0,90.9438,85.0,17.4,0.004686525,71.9676227365646,0.0,0.0,-0.016298065,0.287909746,1.537090254,4840.978156,0.0,0.0,0.0,0.0
342,4,0,0,90.4552,85.0,17.5,0.004692525,71.4232632723504,0.0,84.97009277,-0.003259613,0.221870184,1.603129816,4857.049433,642.341675,600.498718,0.0,0.0
343,4,0,0,90.411,85.0,17.5,0.004698657,70.9519554200314,0.0,53.32946777,0.017640259,0.140921831,1.684078169,4871.108583,637.039917,602.930786,0.0,0.0
344,4,0,0,91.0332,85.0,17.5,0.004709605,70.4318797376924,0.0,154.1107178,0.016106323,0.085941076,1.739058924,4887.1095,427.008606,938.600281,0.0,0.0
345,4,0,0,92.6269,85.0,17.5,0.00472462,69.951252503208,0.0,150.302124,0.02761084,0.07455945,1.75044055,4901.003648,419.404297,923.56958,0.0,0.0
346,4,0,0,94.3254,85.0,17.9,0.004747109,69.4218253806508,0.0,153.817749,-0.037773163,0.138357878,1.686642122,4916.819066,625.843994,624.196777,0.0,0.0
347,4,0,0,95.5913,85.0,17.9,0.004768576,68.9647540235596,0.0,156.0150146,-0.030103485,0.188256502,1.636743498,4931.254417,668.918213,607.322388,0.0,0.0
348,4,0,0,96.5381,85.0,18.2,0.004789867,68.4427673626244,0.0,264.5599365,0.054454712,0.17897439,1.64602561,4946.399244,638.620422,475.971893,0.0,0.0
349,4,0,0,97.1459,84.0,18.2,0.004802364,67.9929142333946,0.0,210.067749,0.009203613,0.214253187,1.610746813,4960.938781,430.977112,932.291077,0.0,0.0
350,4,0,0,97.6067,84.0,18.5,0.004809156,67.4793250763926,0.0,264.7064209,-0.008628387,0.314956427,1.510043573,4976.198973,0.0,0.0,0.0,0.0
351,4,0,0,97.8129,83.0,18.5,0.004810024,67.019626214257,0.0,264.5599365,-0.030103485,0.405719519,1.419280481,4990.844329,414.506195,825.656494,0.0,0.0
352,4,0,0,98.1239,83.0,18.7,0.004808204,66.5116499201862,0.0,264.2669678,-0.015531097,0.439325571,1.385674429,5006.170915,357.705811,946.596619,0.0,0.0
353,4,0,0,98.7518,84.0,18.7,0.004806576,66.0744711159396,0.0,262.2161865,0.010737549,0.37501502,1.44998498,5020.833801,409.649506,770.9151,0.0,0.0
354,4,0,0,99.3345,85.0,18.9,0.00480702,65.57684960511,0.0,264.7064209,-0.02166684,0.285276175,1.539723825,5036.12017,405.966003,789.94397,0.0,0.0
355,4,0,0,99.978,85.0,18.9,0.004810265,65.1288974121948,0.0,238.3392334,0.059823486,0.177001238,1.647998762,5050.630595,404.764587,784.297302,0.0,0.0
356,4,0,0,100.4662,85.0,19.1,0.004814181,64.6374760929294,0.0,264.9993896,0.023776001,0.161521673,1.663478327,5065.684096,394.24411,782.297302,0.0,0.0
357,4,0,0,101.1798,85.0,19.1,0.00481533,64.212868535439,0.0,179.1595459,-0.007094452,0.219731569,1.605268431,5079.972501,399.6185,782.467285,0.0,0.0
358,4,0,0,101.6797,85.0,19.3,0.004815477,63.7280118588742,0.0,183.2611084,-0.019365936,0.273590803,1.551409197,5094.795367,189.878601,883.161377,0.0,0.0
359,4,0,0,102.2411,85.0,19.3,0.004815091,63.2943844495792,0.0,206.2591553,0.010737549,0.275014162,1.549985838,5108.864955,667.697876,667.58667,0.0,0.0
360,4,0,0,102.5809,85.0,19.5,0.004810052,62.8172169098532,0.0,130.0872803,0.008436646,0.267338991,1.557661009,5123.461194,400.728607,779.84082,0.0,0.0
361,4,0,0,103.1523,85.0,19.5,0.004798734,62.4045325822746,0.0,114.7064209,-0.015531097,0.273967981,1.551032019,5137.315376,0.0,0.0,0.0,0.0
362,4,0,0,103.3827,85.0,19.6,0.004779001,61.9188684032714,0.0,126.5716553,-0.030870453,0.243944407,1.581055593,5151.688031,0.0,0.0,0.0,0.0
363,4,0,0,103.9631,85.0,19.6,0.004760279,61.5264968754916,0.0,134.7747803,-0.019365936,0.16043067,1.66456933,5165.330526,0.0,0.0,0.0,0.0
364,4,0,0,104.0215,85.0,19.5,0.004743276,61.0467178275608,0.0,33.99353027,-0.023200775,-0.010929823,1.835929823,5179.48363,374.242401,770.493713,0.0,0.0
365,4,0,0,104.2557,85.0,19.5,0.004735718,61.0551576249492,16.8447876,0.0,-0.016298065,-0.211629629,2.036629629,5192.917489,408.649597,778.474121,0.0,0.0
366,4,0,0,104.491,85.0,19.3,0.004735834,62.1411565756568,16.75689697,0.0,0.046785034,-0.4378407,2.2628407,5205.042435,0.0,0.0,0.0,0.0
367,4,0,0,104.9054,85.0,19.3,0.004739888,63.0784676542538,11.21429443,0.0,-0.045442841,-0.663950682,2.488950682,5220.082753,191.936203,858.794983,0.0,0.0
368,4,0,0,105.2632,84.0,19.2,0.004738179,63.7039996853108,22.9586792,0.0,-0.034705292,-0.902418852,2.727418852,5232.022671,0.0,0.0,0.0,0.0
369,4,0,0,104.9054,84.0,19.2,0.004722971,65.5104355390174,23.66455078,0.0,0.009203613,-1.229701757,3.054701757,5246.833304,0.0,0.0,0.0,0.0
370,4,0,0,104.3732,84.0,19.1,0.004699378,67.1015028834432,20.01159668,0.0,0.014572388,-1.568260908,3.393260908,5258.591135,646.275208,683.648315,0.0,0.0
371,4,0,0,104.1385,83.0,19.1,0.004669115,67.4012605474248,0.0,0.0,0.042183228,1.6921978,3.7828022,5273.175874,0.0,0.0,0.0,0.0
372,4,0,0,104.1971,83.0,19.0,0.004645677,66.9649239268936,0.0,0.0,-0.005560516,1.495485783,3.979514217,5284.754282,0.0,0.0,0.0,0.0
373,4,0,0,104.6682,83.0,19.0,0.004624983,66.4601424945908,0.0,0.0,-0.085325165,1.295174599,4.179825401,5299.116265,0.0,0.0,0.0,0.0
374,4,0,0,105.323,82.0,19.2,0.004614984,66.0824021043936,2.768554688,0.0,-0.008628387,1.010504246,4.464495754,5310.517296,0.0,0.0,0.0,0.0
375,4,0,0,105.8649,83.0,19.2,0.004617555,65.9195438487424,3.518371582,0.0,0.046785034,0.617530107,4.857469893,5324.658225,0.0,0.0,0.0,0.0
376,4,0,0,105.9255,84.0,19.1,0.004631968,66.0600446220314,9.236755371,0.0,0.088968262,0.382653475,5.092346525,5335.978266,676.92041,647.003601,0.0,0.0
377,4,0,0,106.5962,84.0,19.1,0.004656466,66.7914744920486,14.07348633,0.0,-0.023200775,0.293999672,5.181000328,5350.401797,0.0,0.0,0.0,0.0
378,4,0,0,106.8422,85.0,19.0,0.004679199,67.474113325363,11.61254883,0.0,-0.008628387,0.268123388,5.206876612,5362.096664,396.511597,906.939026,0.0,0.0
379,4,0,0,107.2133,85.0,19.0,0.004700638,68.166110776552,12.44750977,0.0,-0.015531097,0.215817928,5.259182072,5376.969548,711.616821,538.079712,0.0,0.0
380,4,0,0,107.9634,85.0,18.9,0.004711704,68.5671860495736,8.486938477,0.0,-0.001725677,0.136692286,5.338307714,5389.214205,0.0,0.0,0.0,0.0
381,4,0,0,108.4693,84.0,18.9,0.00471756,68.8858643216002,8.311157227,0.0,0.009203613,0.003404856,5.471595144,5404.821341,759.036804,691.393677,0.0,0.0
382,4,0,0,107.7749,85.0,18.8,0.004719794,69.1430687668124,9.192810059,0.0,0.019941162,-0.07847774,5.55347774,5417.256213,740.004883,444.433502,0.0,0.0
383,4,0,0,107.1513,85.0,18.8,0.004717885,69.6220056149344,10.81878662,0.0,0.009203613,-0.13867259,5.61367259,5432.681372,726.781982,526.619324,0.0,0.0
384,4,0,0,106.7806,85.0,18.7,0.004712403,70.092868870985,11.21429443,0.0,-0.019365936,-0.171182394,5.646182394,5444.930476,456.406097,997.58667,0.0,0.0
385,4,0,0,106.6576,85.0,18.7,0.004708089,70.7906058079764,16.8447876,0.0,0.02761084,-0.219556332,5.694556332,5460.191708,691.431885,589.379272,0.0,0.0
386,4,0,0,107.0893,84.0,18.7,0.004711555,71.5457595865762,11.21429443,0.0,0.042183228,-0.256934285,5.731934285,5473.030603,572.590088,830.73761,0.0,0.0
387,4,0,0,107.6496,85.0,18.7,0.004725832,71.9114608421948,7.783813477,0.0,-0.012463226,-0.220088601,5.695088601,5487.856861,662.932312,579.080505,0.0,0.0
388,4,0,0,108.2157,85.0,18.3,0.004745548,72.0966759364722,11.21429443,0.0,-0.003259613,-0.182811618,5.657811618,5500.983992,938.977295,753.065796,0.0,0.0
389,4,0,0,107.7749,85.0,18.3,0.004768438,72.576255104375,7.124633789,0.0,0.003067871,-0.153149843,5.628149843,5516.134798,716.955872,456.919891,0.0,0.0
390,4,0,0,100.9591,85.0,18.3,0.004782082,72.6001973199286,5.806274414,0.0,-0.005560516,-0.131954789,5.606954789,5529.477562,0.0,0.0,0.0,0.0
391,4,0,0,99.1749,85.0,18.3,0.004789327,72.7745701940656,8.355102539,0.0,0.009203613,-0.115951896,5.590951896,5544.795108,616.618896,651.265808,0.0,0.0
392,4,0,0,96.3373,86.0,18.0,0.004790339,72.9937222616864,5.982055664,0.0,0.001533936,-0.103100896,5.578100896,5558.265605,385.202606,741.365295,0.0,0.0
393,4,0,0,92.9524,86.0,18.0,0.004787812,72.980078663408,0.0,0.0,0.001533936,-0.086258531,5.561258531,5571.8291,341.844604,853.164978,0.0,0.0
394,4,0,0,89.58,86.0,17.7,0.004782666,72.4886367124038,0.0,0.0,-0.019365936,-0.078572989,5.553572989,5584.837184,735.513611,922.706604,0.0,0.0
395,4,0,0,85.9225,85.0,17.7,0.004771989,72.7970570834572,13.41430664,0.0,0.014572388,-0.087556958,5.562556958,5601.288399,0.0,0.0,0.0,0.0
396,4,0,0,84.5494,85.0,17.7,0.004755001,73.247212446739,9.324645996,0.0,-0.007094452,-0.085443139,5.560443139,5614.570182,0.0,0.0,0.0,0.0
397,4,0,0,85.1325,84.0,17.7,0.004727845,73.5535048679774,10.15960693,0.0,0.003834839,-0.083123326,5.558123326,5631.235896,637.881104,846.171387,0.0,0.0
398,4,0,0,86.323,85.0,17.4,0.004706491,73.700436789214,5.715637207,0.0,0.016106323,-0.091374278,5.566374278,5644.637621,333.669891,908.539673,0.0,0.0
399,4,0,0,86.89,85.0,17.4,0.004697614,73.6873000042884,5.671691895,0.0,0.0,-0.082629085,5.557629085,5661.441809,560.510986,823.257324,0.0,0.0
400,4,0,0,86.7273,86.0,17.5,0.004707424,73.757854902201,8.662719727,0.0,0.010737549,-0.068532944,5.543532944,5675.578066,618.78009,764.841614,0.0,0.0
401,4,0,0,87.1764,86.0,17.5,0.004733451,73.7528515285146,0.131835938,0.0,-0.010929291,-0.039791226,5.514791226,5691.787334,583.69281,800.056274,0.0,0.0
402,4,0,0,88.2145,86.0,17.2,0.004762271,73.4679075817386,3.386535645,0.0,0.005368774,-0.01465857,5.48965857,5705.974074,0.0,0.0,0.0,0.0
403,4,0,0,89.1917,86.0,17.2,0.0047976,73.4057291536854,5.850219727,0.0,0.005368774,-0.00085,5.475849843,5722.138094,555.401184,789.331421,0.0,0.0
404,4,0,0,90.2788,86.0,17.0,0.004828868,73.433525738539,7.783813477,0.0,0.00690271,0.015261769,5.459738231,5736.288486,0.0,0.0,0.0,0.0
405,4,0,0,91.3476,86.0,17.0,0.004860544,73.6055739854196,5.58380127,0.0,0.0,0.057587862,5.417412138,5752.572521,693.565308,648.839417,0.0,0.0
406,4,0,0,92.2118,86.0,16.8,0.004880523,73.6055701712838,8.399047852,0.0,-0.010162323,0.094893336,5.380106664,5766.884605,346.569611,936.734985,0.0,0.0
407,4,0,0,92.9057,86.0,16.8,0.004894428,73.78819957117,6.465454102,0.0,-0.015531097,0.08978951,5.38521049,5783.261008,396.641296,778.845215,0.0,0.0
408,4,0,0,93.4213,87.0,16.6,0.004901349,73.833641217278,6.685180664,0.0,-0.010162323,0.054486036,5.420513964,5797.589982,0.0,0.0,0.0,0.0
409,4,0,0,93.7523,87.0,16.6,0.004905322,73.9063120432358,8.442993164,0.0,0.010737549,-0.028803349,5.503803349,5813.995747,679.471375,614.549316,0.0,0.0
410,4,0,0,93.6102,87.0,16.2,0.004905685,74.0959986565164,8.047485352,0.0,0.021475098,-0.095812798,5.570812798,5828.306481,0.0,0.0,0.0,0.0
411,4,0,0,93.7998,87.0,16.2,0.004902614,74.2411659042562,7.256469727,0.0,0.029144775,-0.123787522,5.598787522,5844.62056,667.71051,637.593811,0.0,0.0
412,4,0,0,94.0858,86.0,15.8,0.004897493,74.3362922052888,6.509399414,0.0,0.00690271,-0.083031058,5.558031058,5858.894928,680.838806,642.018127,0.0,0.0
413,4,0,0,94.3254,85.0,15.8,0.004891958,74.3973980243254,6.817016602,0.0,0.009203613,-0.002920866,5.477920866,5875.238896,439.01181,828.74823,0.0,0.0
414,4,0,0,93.6575,85.0,15.1,0.004891127,74.3996876806236,5.58380127,0.0,-0.040074066,0.072425485,5.402574515,5889.550866,674.151306,622.913513,0.0,0.0
415,4,0,0,93.0458,85.0,15.1,0.004896517,74.3700433964226,5.58380127,0.0,-0.050811615,0.115975738,5.359024262,5905.937824,1115.750854,955.187378,0.0,0.0
416,4,0,0,92.7661,86.0,14.5,0.004903302,74.4004648952832,7.432250977,0.0,0.030678711,0.063289762,5.411710238,5920.292672,659.235107,885.957825,0.0,0.0
417,4,0,0,93.5156,85.0,14.5,0.00490533,74.5759790006944,8.486938477,0.0,0.009203613,0.006700754,5.468299246,5936.71376,0.0,0.0,0.0,0.0
418,4,0,0,93.6102,85.0,14.0,0.004897038,74.8313524836952,15.04302979,0.0,0.014572388,0.006152391,5.468847609,5951.120716,709.203674,815.184082,0.0,0.0
419,4,0,0,90.0593,85.0,14.0,0.004876472,75.5509557646676,12.35961914,0.0,0.017640259,0.050999641,5.424000359,5967.619193,372.00351,786.357788,0.0,0.0
420,4,0,0,85.803,86.0,13.2,0.004854066,75.9996174512152,12.62329102,0.0,0.013038452,0.116033554,5.358966446,5982.073589,0.0,0.0,0.0,0.0
421,4,0,0,83.1822,86.0,13.2,0.004829769,76.4331188974684,9.939880371,0.0,-0.013997162,0.199466228,5.275533772,5998.606153,0.0,0.0,0.0,0.0
422,4,0,0,83.1822,86.0,12.8,0.004810498,76.6569591495366,9.104919434,0.0,-0.003259613,0.255422354,5.219577646,6013.070198,669.974121,742.52002,0.0,0.0
423,4,0,0,84.7041,87.0,12.8,0.00479085,76.9300126003764,10.59906006,0.0,-0.012463226,0.301372766,5.173627234,6029.595987,0.0,0.0,0.0,0.0
424,4,0,0,86.5247,87.0,12.7,0.004779701,77.2643255622228,11.0824585,0.0,-0.019365936,0.313132524,5.161867476,6044.075417,667.346497,1046.887451,0.0,0.0
425,4,0,0,87.838,86.0,12.7,0.00477928,77.5637128848836,9.895935059,0.0,-0.034705292,0.263844013,5.211155987,6060.672457,649.263489,1048.328735,0.0,0.0
426,4,0,0,88.892,86.0,12.3,0.004792635,77.860754337,10.33538818,0.0,-0.001725677,0.17853868,5.29646132,6075.312622,0.0,0.0,0.0,0.0
427,4,0,0,89.7102,85.0,12.3,0.004822869,78.1019100092104,9.588317871,0.0,0.038348389,0.077518463,5.397481537,6092.170705,0.0,0.0,0.0,0.0
428,4,0,0,90.2788,85.0,12.0,0.004853739,78.2994513604158,7.124633789,0.0,0.013038452,0.040794253,5.434205747,6107.012094,0.0,0.0,0.0,0.0
429,4,0,0,90.9438,85.0,12.0,0.004877472,77.8556034351158,0.0,100.0579834,-0.024734711,0.058030486,5.416969514,6124.041946,1097.301147,903.418884,0.0,0.0
430,4,0,0,90.5436,85.0,12.0,0.004881658,77.4082386513006,6.289672852,0.0,-0.015531097,0.081727266,5.393272734,6138.997105,1096.18457,921.548828,0.0,0.0
431,4,0,0,90.1469,85.0,12.0,0.004876719,77.8078506963008,7.476196289,0.0,0.010737549,0.081305623,5.393694377,6156.169232,686.330505,983.545471,0.0,0.0
432,4,0,0,90.1031,85.0,12.3,0.004876019,77.775726226039,6.685180664,0.0,0.019941162,0.069764972,5.405235028,6171.255142,0.0,0.0,0.0,0.0
433,4,0,0,90.7211,86.0,12.3,0.004882839,77.6682715437496,0.922851563,0.0,0.003067871,0.107765913,5.367234087,6188.566377,0.0,0.0,0.0,0.0
434,4,0,0,91.4378,87.0,12.6,0.004888419,77.5437413295384,0.0,0.0,-0.001725677,0.15737915,5.31762085,6203.763359,0.0,0.0,0.0,0.0
435,4,0,0,92.1659,87.0,12.6,0.004884924,77.0444941760946,0.0,0.0,-0.007094452,0.20346427,5.27153573,6221.134862,0.0,0.0,0.0,0.0
436,4,0,0,92.8126,86.0,12.8,0.004874601,76.5325209412932,0.0,4.550170898,-0.023200775,0.230352879,5.244647121,6236.226768,644.391479,1002.541382,0.0,0.0
437,4,0,0,93.3742,85.0,12.8,0.004865895,75.9491563541142,0.0,0.0,-0.003259613,0.209536791,5.265463209,6253.469288,591.863403,1014.059509,0.0,0.0
438,4,0,0,94.2294,85.0,13.0,0.004867021,75.4443238574532,0.0,11.5814209,0.005368774,0.169215798,5.305784202,6268.595006,631.963501,1015.879089,0.0,0.0
439,4,0,0,94.8083,85.0,13.0,0.004876186,74.8895758782314,0.0,12.31384277,0.018407227,0.130402803,5.344597197,6285.864134,649.377014,1053.262939,0.0,0.0
440,4,0,0,95.4927,86.0,13.5,0.004887186,74.392764476971,0.0,37.3626709,0.00690271,0.13314116,5.34185884,6300.936708,454.007507,764.482971,0.0,0.0
441,4,0,0,93.7523,86.0,13.5,0.004899078,73.8464354059044,0.0,12.60681152,0.008436646,0.165142536,5.309857464,6318.064909,0.0,0.0,0.0,0.0
442,4,0,0,90.0593,86.0,14.0,0.004905268,73.3388376607884,0.0,183.7005615,0.009203613,0.222747564,5.252252436,6332.935865,0.0,0.0,0.0,0.0
443,4,0,0,87.2174,86.0,14.0,0.004905292,72.801090524019,0.0,183.9935303,0.023776001,0.331687927,5.143312073,6349.799614,0.0,0.0,0.0,0.0
444,4,0,0,84.7429,85.0,14.1,0.004899087,72.3197320859056,0.0,170.5169678,0.02761084,0.46831584,5.00668416,6364.441236,349.289795,933.724792,0.0,0.0
445,4,0,0,83.4822,85.0,14.1,0.004883745,71.7716070879594,0.0,162.8997803,0.030678711,0.691672564,4.783327436,6381.045198,0.0,0.0,0.0,0.0
446,4,0,0,83.6708,85.0,14.4,0.00486407,71.314650508997,0.0,104.598999,0.030678711,0.957985163,4.517014837,6395.46142,655.784729,1024.258057,0.0,0.0
447,4,0,0,85.0543,85.0,14.4,0.004842544,70.7740074775514,0.0,164.0716553,-0.020132904,1.353188753,4.121811247,6411.809808,621.91333,705.119995,0.0,0.0
448,4,0,0,86.5247,85.0,14.8,0.004830959,70.3074658626698,0.0,166.2689209,-0.005560516,1.704583883,3.770416117,6426.003993,252.055603,781.007202,0.0,0.0
449,4,0,0,87.5887,85.0,14.8,0.004825131,69.7762110609548,0.0,164.6575928,-0.000959,-1.530723572,3.355723572,6442.10024,185.243805,868.317871,0.0,0.0
450,4,0,0,88.2566,85.0,15.1,0.004822274,69.3162529985188,0.0,161.2884521,-0.012463226,-1.226261377,3.051261377,6456.074774,641.73761,697.072083,0.0,0.0
451,4,0,0,89.1059,85.0,15.1,0.004817082,68.7934223996876,0.0,112.802124,-0.010162323,-0.888134718,2.713134718,6471.920364,0.0,0.0,0.0,0.0
452,4,0,0,89.7972,85.0,15.1,0.004808884,68.3398393353266,0.0,54.06188965,-0.025501678,-0.634700537,2.459700537,6485.676727,655.796082,1012.536316,0.0,0.0
453,4,0,0,89.9281,86.0,15.1,0.004797664,68.072267586208,11.39007568,0.0,-0.048510712,-0.365460157,2.190460157,6501.278683,650.351685,1036.869385,0.0,0.0
454,4,0,0,90.2348,85.0,15.4,0.004791603,68.8191396850744,17.55065918,0.0,-0.034705292,-0.217217684,2.042217684,6514.825966,0.0,0.0,0.0,0.0
455,4,0,0,90.9438,86.0,15.4,0.004795345,70.175971648037,19.3963623,0.0,-0.017832001,-0.119245291,1.944245291,6530.19034,0.0,0.0,0.0,0.0
456,4,0,0,91.5734,86.0,15.7,0.004808504,71.2435193547106,12.5793457,0.0,-0.012463226,-0.070816755,1.895816755,6543.531727,412.357391,919.166199,0.0,0.0
457,4,0,0,92.4419,87.0,15.7,0.004828393,71.8383531769874,16.8447876,0.0,-0.000959,-0.048440695,1.873440695,6557.41015,638.033875,758.214478,0.0,0.0
458,4,0,0,92.6733,87.0,15.9,0.004858719,72.686825533278,16.31744385,0.0,-0.010929291,-0.027189493,1.852189493,6571.981731,628.779175,629.937622,0.0,0.0
459,4,0,0,92.999,87.0,15.9,0.004895084,73.5266501493588,13.85375977,0.0,0.021475098,-0.016931772,1.841931772,6586.162933,424.705902,915.425476,0.0,0.0
460,4,0,0,93.3742,87.0,16.1,0.004955403,74.1496375724748,12.88696289,0.0,0.008436646,0.018657446,1.806342554,6601.265491,374.816986,952.849792,0.0,0.0
461,4,0,0,93.7998,87.0,16.1,0.005029025,74.6464447894512,13.41430664,0.0,-0.010162323,0.069574118,1.755425882,6615.881168,320.104706,956.987793,0.0,0.0
462,4,0,0,94.3735,88.0,16.0,0.005137736,75.2170078816002,9.500427246,0.0,-0.019365936,0.114504099,1.710495901,6631.342608,241.460098,820.774109,0.0,0.0
463,4,0,0,95.0516,88.0,16.0,0.00525201,75.3720147628472,7.564086914,0.0,-0.007094452,0.09968257,1.72531743,6646.321995,0.0,0.0,0.0,0.0
464,4,0,0,95.5913,87.0,16.2,0.005392957,75.4996756422538,7.608032227,0.0,-0.005560516,0.051201105,1.773798895,6662.810831,0.0,0.0,0.0,0.0
465,4,0,0,95.7891,87.0,16.2,0.005500241,75.6225656815106,7.651977539,0.0,-0.004793549,0.008523703,1.816476297,6677.355137,834.145874,957.285522,0.0,0.0
466,4,0,0,95.4435,87.0,16.1,0.005560531,75.8361766788576,8.929138184,0.0,0.036047485,-0.05226779,1.87726779,6694.0796,737.608704,697.807312,0.0,0.0
467,4,0,0,94.5662,87.0,16.1,0.005537667,76.012024851066,8.530883789,0.0,0.003067871,-0.075245619,1.900245619,6708.744373,1557.831543,1023.812012,0.0,0.0
468,4,0,0,94.2774,87.0,16.0,0.005443632,76.1423791862702,6.069946289,0.0,-0.019365936,-0.077153921,1.902153921,6725.534345,711.829529,643.606384,0.0,0.0
469,4,0,0,94.5662,86.0,16.0,0.005337612,75.950072100761,4.089660645,0.0,0.003834839,-0.118180037,1.943180037,6740.257685,695.238098,636.914795,0.0,0.0
470,4,0,0,95.2472,86.0,15.9,0.005222885,75.8804034181062,7.695922852,0.0,0.001533936,-0.199349642,2.024349642,6757.136747,0.0,0.0,0.0,0.0
471,4,0,0,95.7891,86.0,15.9,0.005142175,75.8619528982752,5.58380127,0.0,0.018407227,-0.278681993,2.103681993,6771.938934,419.068695,968.601685,0.0,0.0
472,4,0,0,96.3874,85.0,16.1,0.005075651,75.992427193683,6.729125977,0.0,0.042183228,-0.31196475,2.13696475,6788.825397,787.444519,965.696594,0.0,0.0
473,4,0,0,96.6894,85.0,16.1,0.005036635,75.8011117352016,0.0,42.92907715,0.038348389,-0.2688272,2.0938272,6803.578094,679.049683,651.636719,0.0,0.0
474,4,0,0,96.9424,84.0,16.0,0.005007738,75.2228912102118,0.0,21.68884277,-0.019365936,-0.107335329,1.932335329,6820.435055,733.35968,990.945313,0.0,0.0
475,4,0,0,96.7399,83.0,16.0,0.004990796,74.7239696101566,0.0,25.35095215,-0.043141937,0.028255224,1.796744776,6835.20626,641.762817,933.829712,0.0,0.0
476,4,0,0,95.8883,82.0,15.9,0.004978066,74.173264180361,0.0,31.94274902,-0.027035614,0.078317404,1.746682596,6852.016515,826.835815,713.562805,0.0,0.0
477,4,0,0,95.4927,81.0,15.9,0.00497273,73.6816329709728,0.0,33.99353027,-0.030103485,0.044699907,1.780300093,6866.611433,695.443726,634.596619,0.0,0.0
478,4,0,0,95.6901,80.0,15.8,0.004974895,73.1413533284992,0.0,40.8782959,0.017640259,-0.030804396,1.855804396,6883.163047,569.425293,943.537476,0.0,0.0
479,4,0,0,95.9877,81.0,15.8,0.004985622,72.6571379095508,0.0,16.41540527,0.037581421,-0.068419218,1.893419218,6897.533857,690.280396,635.895508,0.0,0.0
480,4,0,0,96.6389,81.0,15.7,0.005000344,72.1227295578256,0.0,2.059936523,-0.004793549,-0.005823851,1.830823851,6913.830823,683.820984,636.515808,0.0,0.0
481,4,0,0,97.4013,82.0,15.7,0.005003772,71.7995346891824,5.806274414,0.0,-0.008628387,0.086834669,1.738165331,6927.980787,682.718506,637.179871,0.0,0.0
482,4,0,0,97.3501,82.0,15.7,0.00499252,71.5570909977964,0.0,0.0,-0.020132904,0.162935495,1.662064505,6944.027164,0.0,0.0,0.0,0.0
483,4,0,0,96.3373,81.0,15.7,0.004972875,71.1019522649244,3.342590332,0.0,-0.043141937,0.202190161,1.622809839,6957.990967,653.533691,960.133301,0.0,0.0
484,4,0,0,95.7891,82.0,15.6,0.004944439,71.4335268060136,9.895935059,0.0,-0.007094452,0.188664675,1.636335325,6973.895649,400.476105,908.564209,0.0,0.0
485,4,0,0,95.6901,84.0,15.6,0.004918033,71.8403449444516,11.39007568,0.0,0.017640259,0.155287027,1.669712973,6987.730707,699.674194,636.124878,0.0,0.0
486,4,0,0,96.2872,84.0,15.8,0.004892227,72.2054462542116,7.168579102,0.0,0.008436646,0.153996706,1.671003294,7003.619052,712.988098,621.895508,0.0,0.0
487,4,0,0,96.9932,85.0,15.8,0.004882254,72.3206125880064,6.773071289,0.0,-0.004793549,0.183351278,1.641648722,7017.614717,681.097717,633.324524,0.0,0.0
488,4,0,0,97.4526,86.0,16.1,0.004895231,72.4431445973934,0.0,0.0,-0.030103485,0.221251249,1.603748751,7033.670186,605.788086,599.77832,0.0,0.0
489,4,0,0,97.7613,86.0,16.1,0.004929058,71.9905353929466,0.0,0.0,-0.032404388,0.208590269,1.616409731,7047.742913,654.967712,605.954407,0.0,0.0
490,4,0,0,98.1239,86.0,16.2,0.004982855,71.6127608203678,0.0,0.0,-0.007094452,0.106446981,1.718553019,7063.780049,716.030823,596.128723,0.0,0.0
491,4,0,0,98.4368,86.0,16.2,0.005026751,71.2016777699958,2.373046875,0.0,0.005368774,-0.01743722,1.84243722,7077.72683,619.284302,885.662598,0.0,0.0
492,4,0,0,98.6991,86.0,16.1,0.005052198,70.679665375714,0.0,264.1204834,0.043717163,-0.128040552,1.953040552,7093.561224,950.751221,824.432678,0.0,0.0
493,4,0,0,99.0688,86.0,16.1,0.005042354,70.2130222275718,0.0,187.0697021,0.043717163,-0.120207548,1.945207548,7107.319159,731.395386,644.759521,0.0,0.0
494,4,0,0,99.5481,87.0,16.3,0.004999592,69.6985335299768,0.0,264.4134521,-0.017832001,-0.012304068,1.837304068,7122.921367,726.784729,787.181213,0.0,0.0
495,4,0,0,99.9241,87.0,16.3,0.004951261,69.2386844359522,0.0,263.973999,-0.053879486,0.075982809,1.749017191,7136.468081,710.458374,634.087891,0.0,0.0
496,4,0,0,100.2486,87.0,16.2,0.004903405,68.7319737590442,0.0,263.8275146,0.005368774,0.068467379,1.756532621,7151.831465,905.948181,848.182983,0.0,0.0
497,4,0,0,100.4662,87.0,16.2,0.00487509,68.2962826286936,0.0,264.4134521,0.009203613,0.016482115,1.808517885,7165.171123,731.322876,659.719482,0.0,0.0
498,4,0,0,100.9041,86.0,16.4,0.004856102,67.8139012618894,0.0,264.5599365,0.036047485,-0.025660753,1.850660753,7180.299489,364.666992,930.686096,0.0,0.0
499,4,0,0,100.8491,86.0,16.4,0.004844816,67.3999727052766,0.0,219.1497803,-0.001725677,-0.001677752,1.826677752,7193.435198,355.086212,952.07428,0.0,0.0
500,4,0,0,100.5207,86.0,16.2,0.004832522,66.9244568150992,0.0,98.00720215,-0.005560516,0.055208445,1.769791555,7208.332273,388.213104,797.438477,0.0,0.0
501,4,0,0,100.1944,86.0,16.2,0.004824218,66.5011383228554,0.0,13.9251709,-0.020132904,0.096222639,1.728777361,7221.267362,0.0,0.0,0.0,0.0
502,4,0,0,99.6552,86.0,16.4,0.004823326,66.416353930344,13.41430664,0.0,-0.019365936,0.088918447,1.736081553,7236.036956,385.470306,798.014709,0.0,0.0
503,4,0,0,100.3573,86.0,16.4,0.004833424,67.0975231304638,13.19458008,0.0,-0.013997162,0.04478097,1.78021903,7249.109771,386.554291,812.814697,0.0,0.0
504,4,0,0,100.8491,86.0,16.6,0.004856043,68.154159495844,22.47528076,0.0,0.013038452,-0.022770166,1.847770166,7264.319626,385.730011,806.300415,0.0,0.0
505,4,0,0,101.3459,86.0,16.6,0.004880157,69.3783191107334,14.16137695,0.0,0.023009033,-0.061406374,1.886406374,7277.822953,398.781097,842.145203,0.0,0.0
506,4,0,0,101.7356,86.0,16.4,0.004907922,69.2399408637836,0.0,80.28259277,0.001533936,-0.067963362,1.892963362,7293.160474,716.182983,1001.525513,0.0,0.0
507,4,0,0,102.1847,87.0,16.4,0.00493176,68.785402430825,0.0,22.86071777,0.003067871,-0.062100649,1.887100649,7306.569674,0.0,0.0,0.0,0.0
508,4,0,0,102.5241,87.0,16.6,0.004955111,69.3776676981816,11.21429443,0.0,-0.007094452,-0.052568674,1.877568674,7321.963945,682.140076,1048.188843,0.0,0.0
509,4,0,0,102.5241,87.0,16.6,0.004966124,69.1487685341036,0.0,89.65759277,0.023776001,-0.053013563,1.878013563,7335.332193,643.980225,967.638672,0.0,0.0
510,4,0,0,101.4569,87.0,16.4,0.004967299,68.6607469938684,0.0,142.9779053,0.025309937,-0.024945974,1.849945974,7350.492446,843.756226,681.016296,0.0,0.0
511,4,0,0,99.6552,87.0,16.4,0.004964813,68.242611316721,0.0,74.8626709,0.018407227,0.057570219,1.767429781,7363.656683,611.833801,803.446411,0.0,0.0
512,4,0,0,98.7518,87.0,16.6,0.004962948,67.7597207064606,0.0,25.35095215,-0.050811615,0.172126055,1.652873945,7378.736672,384.144196,794.264099,0.0,0.0
513,4,0,0,98.4892,87.0,16.6,0.004959398,67.5996299040602,12.05200195,0.0,-0.008628387,0.188115835,1.636884165,7392.151427,693.185791,643.089905,0.0,0.0
514,4,0,0,98.6991,87.0,16.4,0.00495146,68.5736225727168,18.91296387,0.0,-0.013997162,0.122335196,1.702664804,7407.684238,0.0,0.0,0.0,0.0
515,4,0,0,99.2812,87.0,16.4,0.004944014,69.3329012345772,12.13989258,0.0,0.009203613,0.050869703,1.774130297,7421.447224,419.4086,941.139526,0.0,0.0
516,4,0,0,100.1402,88.0,16.6,0.004936194,70.3712163905954,13.50219727,0.0,0.016106323,-0.024721861,1.849721861,7437.335769,718.328491,1051.987793,0.0,0.0
517,4,0,0,100.9041,87.0,16.6,0.004928409,70.9650159383344,12.9309082,0.0,0.003834839,-0.065234423,1.890234423,7451.310878,425.009613,922.408203,0.0,0.0
518,4,0,0,101.5125,87.0,16.4,0.004915723,71.70862007921,10.86273193,0.0,-0.000959,-0.104431391,1.929431391,7467.203479,0.0,0.0,0.0,0.0
519,4,0,0,101.8475,87.0,16.4,0.004898816,71.920679270462,6.377563477,0.0,0.02761084,-0.14169383,1.96669383,7481.021502,715.604919,982.329712,0.0,0.0
520,4,0,0,101.7356,86.0,16.6,0.004872597,71.4656912844678,0.0,0.0,0.017640259,-0.140774965,1.965774965,7496.798932,0.0,0.0,0.0,0.0
521,4,0,0,101.4569,86.0,16.6,0.004849175,71.0321718457934,5.58380127,0.0,0.012271484,-0.082516432,1.907516432,7510.546804,0.0,0.0,0.0,0.0
522,4,0,0,101.2351,85.0,16.4,0.004832901,71.0287057458618,5.58380127,0.0,-0.004793549,0.022459745,1.802540255,7526.306392,638.161682,664.120911,0.0,0.0
523,4,0,0,101.6797,85.0,16.4,0.004832016,70.7231663509028,0.0,0.0,-0.005560516,0.118528605,1.706471395,7540.050622,0.0,0.0,0.0,0.0
524,4,0,0,102.2976,84.0,16.3,0.004841394,70.8504152392694,8.973083496,0.0,-0.033938324,0.206118822,1.618881178,7555.706856,0.0,0.0,0.0,0.0
525,4,0,0,102.8087,85.0,16.3,0.004851937,70.9025337956364,0.0,0.0,-0.007094452,0.227615118,1.597384882,7569.405499,0.0,0.0,0.0,0.0
526,4,0,0,103.325,85.0,16.4,0.004862196,70.4364697523998,5.75958252,0.0,0.008436646,0.202042341,1.622957659,7585.02813,0.0,0.0,0.0,0.0
527,4,0,0,103.7301,85.0,16.4,0.004868627,70.470789378515,5.58380127,0.0,-0.005560516,0.18752265,1.63747735,7598.6181,0.0,0.0,0.0,0.0
528,4,0,0,103.9631,86.0,16.3,0.004874272,70.405824185131,4.70489502,0.0,0.001533936,0.157710314,1.667289686,7614.157086,686.043823,1017.879395,0.0,0.0
529,4,0,0,104.0215,86.0,16.3,0.00488184,70.1851837194112,0.0,0.0,0.0,0.130566835,1.694433165,7627.728795,622.39679,632.139282,0.0,0.0
530,4,0,0,103.8465,86.0,16.5,0.004896866,69.8472361275484,6.509399414,0.0,0.008436646,0.096408129,1.728591871,7643.763884,696.724487,833.957397,0.0,0.0
531,4,0,0,103.6141,86.0,16.5,0.00491307,69.9622365544826,3.694152832,0.0,0.029144775,0.067041636,1.757958364,7656.493477,429.071289,869.813293,0.0,0.0
532,4,0,0,100.6847,86.0,16.3,0.004929657,69.7113517943296,0.0,185.6048584,0.010737549,0.081148863,1.743851137,7672.283471,0.0,0.0,0.0,0.0
533,4,0,0,96.9424,86.0,16.3,0.004939208,69.2521855915472,0.0,263.973999,0.0,0.123459101,1.701540899,7684.818568,0.0,0.0,0.0,0.0
534,4,0,0,94.4697,87.0,16.5,0.004941769,68.7119568685912,0.0,60.94665527,-0.044675873,0.199523687,1.625476313,7700.367197,371.397186,961.740784,0.0,0.0
535,4,0,0,93.5629,87.0,16.5,0.004935321,68.2589199337592,0.0,264.1204834,0.009203613,0.224683046,1.600316954,7712.710688,0.0,0.0,0.0,0.0
536,4,0,0,93.2331,88.0,16.4,0.004923273,67.7274728320076,0.0,213.8763428,0.0,0.204493284,1.620506716,7728.021911,389.547791,799.108521,0.0,0.0
537,4,0,0,92.5343,88.0,16.4,0.004916796,67.2821870740714,0.0,265.8782959,-0.020132904,0.185281515,1.639718485,7740.177043,415.433014,815.393616,0.0,0.0
538,4,0,0,91.8459,88.0,16.5,0.004916408,66.757836968599,0.0,264.2669678,-0.001725677,0.122938871,1.702061129,7755.257431,333.021606,937.448486,0.0,0.0
539,4,0,0,91.8004,87.0,16.5,0.004920813,66.3036390719844,0.0,257.8216553,0.037581421,0.065160036,1.759839964,7767.343648,0.0,0.0,0.0,0.0
540,4,0,0,92.5806,88.0,16.7,0.004930989,65.8027312405946,0.0,44.3939209,0.0,0.043914557,1.781085443,7782.437872,348.025909,962.575012,0.0,0.0
541,4,0,0,93.1862,88.0,16.7,0.004941769,65.354999913501,0.0,89.21813965,0.0,0.06424737,1.76075263,7794.618999,410.0867,796.52063,0.0,0.0
542,4,0,0,93.2331,87.0,17.1,0.004950096,65.0412111704492,15.4385376,0.0,-0.001725677,0.097537279,1.727462721,7809.999159,699.836182,639.821289,0.0,0.0
543,4,0,0,93.7049,88.0,17.1,0.004949976,65.1702940948666,0.0,0.0,-0.004793549,0.111274958,1.713725042,7822.420844,929.428284,822.535583,0.0,0.0
544,4,0,0,94.3254,87.0,17.2,0.004941152,65.4573378923812,11.30218506,0.0,0.001533936,0.119517565,1.705482435,7838.206398,1018.504089,855.776489,0.0,0.0
545,4,0,0,95.2472,87.0,17.2,0.00492976,65.9957144259312,11.39007568,0.0,0.003067871,0.12162137,1.70337863,7851.128987,1240.910156,932.508179,0.0,0.0
546,4,0,0,96.1871,87.0,17.3,0.004916755,66.6702926706414,11.434021,0.0,-0.017832001,0.107114077,1.717885923,7867.667876,0.0,0.0,0.0,0.0
547,4,0,0,96.9932,87.0,17.3,0.004905034,67.1841052523156,13.89770508,0.0,-0.004793549,0.079764128,1.745235872,7881.133562,665.967773,1048.751465,0.0,0.0
548,4,0,0,97.6067,88.0,17.3,0.00489349,68.2984397719362,22.43133545,0.0,0.0,0.037421942,1.787578058,7896.114511,1038.572144,886.679993,0.0,0.0
549,4,0,0,98.1759,88.0,17.3,0.004884303,69.888212402332,23.44482422,0.0,0.00690271,-0.012540102,1.837540102,7911.886713,0.0,0.0,0.0,0.0
550,4,0,0,98.7518,87.0,17.4,0.004881643,71.334712380503,20.0994873,0.0,0.037581421,-0.057388544,1.882388544,7927.055173,0.0,0.0,0.0,0.0
551,4,0,0,99.1218,87.0,17.4,0.004882531,72.6649651277616,14.38110352,0.0,-0.02166684,-0.054137945,1.879137945,7942.979019,1029.074341,1020.78241,0.0,0.0
552,4,0,0,99.6016,87.0,17.4,0.004882751,73.4231487624992,14.11743164,0.0,0.014572388,-0.044362307,1.869362307,7958.236043,1070.779419,872.826721,0.0,0.0
553,4,0,0,100.1402,86.0,17.4,0.004876277,74.0140614117726,7.959594727,0.0,-0.010929291,-0.036757231,1.861757231,7974.228949,1060.835449,863.790405,0.0,0.0
554,4,0,0,100.5753,86.0,17.5,0.004860446,74.3602053883488,11.21429443,0.0,-0.004793549,-0.03146863,1.85646863,7989.591357,0.0,0.0,0.0,0.0
555,4,0,0,100.9041,87.0,17.5,0.004830974,74.7426380346236,8.885192871,0.0,0.003834839,-0.039458036,1.864458036,8005.646692,1103.917847,951.286011,0.0,0.0
556,4,0,0,101.0693,87.0,17.8,0.004801181,74.8607339465808,7.080688477,0.0,0.003067871,-0.037629366,1.862629366,8020.911239,0.0,0.0,0.0,0.0
557,4,0,0,101.0142,86.0,17.8,0.004770599,75.0051656454736,8.311157227,0.0,0.001533936,-0.02875495,1.85375495,8036.746453,0.0,0.0,0.0,0.0
558,4,0,0,101.1245,86.0,17.9,0.004749299,75.28212092505,11.21429443,0.0,0.003834839,-0.01876092,1.84376092,8051.776323,0.0,0.0,0.0,0.0
559,4,0,0,101.2904,86.0,17.9,0.004731678,75.4386063391418,5.58380127,0.0,0.010737549,0.005952597,1.819047403,8067.379073,584.277527,921.798584,0.0,0.0
560,4,0,0,101.624,86.0,17.9,0.004723384,75.2839328970494,0.0,21.98181152,0.003067871,0.052714586,1.772285414,8082.277391,660.496399,1052.518555,0.0,0.0
561,4,0,0,102.0158,86.0,17.9,0.004721822,74.7099120574434,0.0,19.34509277,-0.005560516,0.117578745,1.707421255,8097.820115,0.0,0.0,0.0,0.0
562,4,0,0,102.5241,86.0,17.6,0.004726189,74.196391442232,0.0,12.46032715,-0.004793549,0.156080961,1.668919039,8112.635767,0.0,0.0,0.0,0.0
563,4,0,0,102.3541,86.0,17.6,0.004734909,73.6145623746272,0.0,0.0,-0.000959,0.185144186,1.639855814,8128.014762,0.0,0.0,0.0,0.0
564,4,0,0,102.1284,86.0,17.6,0.00474126,73.168384559529,5.894165039,0.0,0.001533936,0.206583261,1.618416739,8142.619092,0.0,0.0,0.0,0.0
565,4,0,0,102.2411,86.0,17.6,0.00474234,73.1262852712,4.133605957,0.0,-0.010162323,0.228602171,1.596397829,8157.861459,1074.869141,907.879517,0.0,0.0
566,4,0,0,102.5809,86.0,17.4,0.004737065,72.9729151531066,2.592773438,0.0,-0.020132904,0.227334738,1.597665262,8172.451605,0.0,0.0,0.0,0.0
567,4,0,0,103.0375,86.0,17.4,0.004728455,72.7175389342278,0.0,0.0,0.00690271,0.203725576,1.621274424,8187.706889,1032.749878,872.210327,0.0,0.0
568,4,0,0,103.4404,86.0,17.4,0.004726074,72.2354932274674,0.0,0.0,-0.02166684,0.1704638,1.6545362,8202.235523,0.0,0.0,0.0,0.0
569,4,0,0,103.7301,85.0,17.4,0.004733197,71.6772952256206,0.791015625,0.0,0.012271484,0.12236619,1.70263381,8217.960335,721.782898,648.024475,0.0,0.0
570,4,0,0,104.0215,85.0,17.2,0.004744017,71.5701254126046,5.495910645,0.0,0.009203613,0.081525087,1.743474913,8231.613977,1088.589844,919.935181,0.0,0.0
571,4,0,0,104.1385,85.0,17.2,0.004755924,71.627512722824,5.40802002,0.0,0.025309937,0.056890249,1.768109751,8247.098071,0.0,0.0,0.0,0.0
572,4,0,0,103.6721,85.0,17.3,0.004765784,71.6357403448268,5.627746582,0.0,0.017640259,0.076488733,1.748511267,8260.542477,0.0,0.0,0.0,0.0
573,4,0,0,103.9631,85.0,17.3,0.004779395,71.4594465463724,0.0,130.6732178,0.008436646,0.15213418,1.67286582,8275.789788,0.0,0.0,0.0,0.0
574,4,0,0,104.1385,85.0,17.0,0.004795652,70.9696557943016,0.0,186.4837646,-0.008628387,0.250694036,1.574305964,8289.028858,0.0,0.0,0.0,0.0
575,4,0,0,104.55,85.0,17.0,0.004821763,70.4153988086204,0.0,168.7591553,-0.027035614,0.338865995,1.486134005,8304.042931,983.47583,852.75769,0.0,0.0
576,4,0,0,104.9648,85.0,16.8,0.004849959,69.9336453901908,0.0,163.192749,-0.013997162,0.351338625,1.473661375,8317.079411,0.0,0.0,0.0,0.0
577,4,0,0,105.323,86.0,16.8,0.004880453,69.3880710995842,0.0,162.020874,-0.013997162,0.286154032,1.538845968,8331.864167,0.0,0.0,0.0,0.0
578,4,0,0,105.6234,86.0,17.0,0.00490178,68.9309110839524,0.0,207.1380615,0.018407227,0.202556849,1.622443151,8344.716385,0.0,0.0,0.0,0.0
579,4,0,0,105.6234,86.0,17.0,0.004925682,68.4104861426466,0.0,154.1107178,0.00690271,0.148660898,1.676339102,8359.405573,0.0,0.0,0.0,0.0
580,4,0,0,106.1076,86.0,16.8,0.004954032,67.9441302134142,0.0,174.3255615,-0.037773163,0.124545336,1.700454664,8372.299129,903.474609,858.852722,0.0,0.0
581,4,0,0,106.3513,86.0,16.8,0.004999245,67.431174846691,0.0,264.5599365,-0.004793549,0.052999258,1.772000742,8386.970573,0.0,0.0,0.0,0.0
582,4,0,0,106.719,85.0,16.9,0.005048535,66.9879380199758,0.0,148.6907959,0.005368774,-0.029102087,1.854102087,8399.912825,610.685486,829.998108,0.0,0.0
583,4,0,0,106.9656,84.0,16.9,0.005110661,66.4817704470376,0.0,47.03063965,0.023009033,-0.125336885,1.950336885,8415.041249,644.068115,608.78241,0.0,0.0
584,4,0,0,107.0893,85.0,17.0,0.005160323,66.066929603859,5.58380127,0.0,0.018407227,-0.166144133,1.991144133,8428.57989,636.352905,1000.970093,0.0,0.0
585,4,0,0,107.3376,86.0,17.0,0.005191765,66.134968878044,0.3515625,0.0,0.042183228,-0.136750937,1.961750937,8444.332115,650.278625,667.615173,0.0,0.0
586,4,0,0,107.7749,87.0,17.1,0.005184957,66.337981888689,9.324645996,0.0,0.008436646,-0.026612043,1.851612043,8458.234725,636.417725,778.888306,0.0,0.0
587,4,0,0,107.7749,88.0,17.1,0.005143965,66.0287612733206,0.0,16.70837402,-0.017832001,0.128978968,1.696021032,8474.225229,444.026489,985.648193,0.0,0.0
588,4,0,0,108.0894,88.0,17.2,0.005094592,66.2829389523278,15.21881104,0.0,-0.07305368,0.244771242,1.580228758,8488.357442,0.0,0.0,0.0,0.0
589,4,0,0,108.4693,88.0,17.2,0.005040917,67.7524299456454,22.47528076,0.0,-0.057714325,0.22358346,1.60141654,8504.67492,0.0,0.0,0.0,0.0
590,4,0,0,108.5965,88.0,17.3,0.005005716,69.145120015483,23.48876953,0.0,0.016106323,0.050181627,1.774818373,8519.034375,0.0,0.0,0.0,0.0
591,4,0,0,108.5965,87.0,17.3,0.00498101,70.7272022376614,18.51745605,0.0,0.02761084,-0.163177729,1.988177729,8535.441807,0.0,0.0,0.0,0.0
592,4,0,0,109.0441,87.0,17.3,0.004969415,71.2996798167678,12.9309082,0.0,0.059823486,-0.230005026,2.055005026,8549.695062,1096.912354,920.9198,0.0,0.0
593,4,0,0,109.1084,88.0,17.3,0.004960065,71.773715870535,11.21429443,0.0,-0.010929291,-0.161317587,1.986317587,8565.978768,1036.576172,906.754028,0.0,0.0
594,4,0,0,109.4954,87.0,17.7,0.004949869,72.2538891423922,14.07348633,0.0,-0.001725677,-0.075475454,1.900475454,8580.241381,0.0,0.0,0.0,0.0
595,4,0,0,109.3661,87.0,17.7,0.004936673,73.2159967385884,11.21429443,0.0,-0.034705292,0.00579381,1.81920619,8596.44321,0.0,0.0,0.0,0.0
596,4,0,0,108.0264,86.0,17.7,0.004929744,73.674570672064,11.21429443,0.0,0.003834839,0.022481203,1.802518797,8610.510597,1055.543701,878.369019,0.0,0.0
597,4,0,0,106.0468,85.0,17.7,0.004931582,73.98528256625,8.530883789,0.0,0.003834839,-0.008807898,1.833807898,8626.464454,0.0,0.0,0.0,0.0
598,4,0,0,104.55,86.0,17.7,0.004938216,73.6144468401086,0.0,50.10681152,0.001533936,-0.027607679,1.852607679,8640.322344,0.0,0.0,0.0,0.0
599,4,0,0,103.9047,87.0,17.7,0.004943969,73.1815538048424,7.212524414,0.0,0.005368774,-0.041927576,1.866927576,8656.038283,0.0,0.0,0.0,0.0
600,4,0,0,104.1971,87.0,17.8,0.00494443,73.3514153449046,8.003540039,0.0,0.00690271,-0.038382769,1.863382769,8669.684209,0.0,0.0,0.0,0.0
601,4,0,0,103.9631,88.0,17.8,0.0049426,73.2481702132532,0.0,6.454467773,-0.004793549,-0.021844149,1.846844149,8685.159699,1022.457275,868.529419,0.0,0.0
602,4,0,0,103.2674,88.0,17.8,0.004944428,72.7459417252726,0.0,0.0,0.001533936,-0.005173445,1.830173445,8698.596495,912.735291,1024.050659,0.0,0.0
603,4,0,0,102.4674,88.0,17.8,0.004952348,72.1581433903002,0.0,0.0,-0.008628387,0.013413191,1.811586809,8713.834832,833.396301,678.828674,0.0,0.0
604,4,0,0,99.8163,88.0,17.5,0.004960412,71.6650120990046,0.0,0.0,0.012271484,0.032389879,1.792610121,8727.066242,591.309998,1010.491577,0.0,0.0
605,4,0,0,97.6582,87.0,17.5,0.004968424,71.1193405559818,0.0,0.0,-0.015531097,0.064118147,1.760881853,8742.071254,612.960205,1047.459351,0.0,0.0
606,4,0,0,97.1968,86.0,17.6,0.004979569,70.6347621503964,0.0,0.0,-0.001725677,0.078937292,1.746062708,8755.099445,0.0,0.0,0.0,0.0
607,4,0,0,97.9681,87.0,17.6,0.005005772,70.066044633266,0.0,0.0,0.017640259,0.067486525,1.757513475,8769.875192,1041.939941,881.968018,0.0,0.0
608,4,0,0,99.0688,88.0,17.6,0.005038837,69.5869685611406,0.0,0.0,0.008436646,0.081218004,1.743781996,8782.704822,1053.712646,893.821594,0.0,0.0
609,4,0,0,100.3029,88.0,17.6,0.005073663,69.02725927638,0.0,264.1204834,-0.004793549,0.157395601,1.667604399,8797.254951,685.509705,603.755798,0.0,0.0
610,4,0,0,101.2904,89.0,17.9,0.005091851,68.5399282234718,0.0,106.2103271,0.008436646,0.262978792,1.562021208,8809.888753,0.0,0.0,0.0,0.0
611,4,0,0,101.8475,88.0,17.9,0.005100047,68.0049913483972,0.0,43.66149902,-0.060015228,0.358793974,1.466206026,8824.28591,598.076721,904.38031,0.0,0.0
612,4,0,0,100.8491,88.0,18.2,0.005102,67.5398274894896,0.0,18.31970215,-0.032404388,0.330912352,1.494087648,8837.024033,423.425995,791.070007,0.0,0.0
613,4,0,0,98.6991,88.0,18.2,0.00510281,67.028709731552,0.0,12.89978027,0.063658325,0.180907965,1.644092035,8851.777813,664.733704,1031.422974,0.0,0.0
614,4,0,0,96.9424,88.0,18.2,0.005101913,66.5866531143258,0.0,19.05212402,0.039882324,0.085051298,1.739948702,8864.884386,0.0,0.0,0.0,0.0
615,4,0,0,96.2872,88.0,18.2,0.005094686,66.084859099865,0.0,264.5599365,-0.008628387,0.100697756,1.724302244,8880.040903,607.198608,928.881775,0.0,0.0
616,4,0,0,96.4878,88.0,18.5,0.005079159,65.6506780937034,0.0,232.1868896,0.009203613,0.133623838,1.691376162,8893.213639,621.049316,1021.508789,0.0,0.0
617,4,0,0,97.7097,87.0,18.5,0.005048695,65.1547150721174,0.0,38.24157715,-0.025501678,0.170215368,1.654784632,8908.152987,0.0,0.0,0.0,0.0
618,4,0,0,99.1749,87.0,18.7,0.005012757,64.713643805493,1.58203125,0.0,-0.034705292,0.177586317,1.647413683,8921.124333,0.0,0.0,0.0,0.0
619,4,0,0,100.2486,88.0,18.7,0.004968777,65.070162183165,12.31567383,0.0,-0.020132904,0.096946955,1.728053045,8935.842888,0.0,0.0,0.0,0.0
620,4,0,0,101.1245,88.0,19.3,0.004932676,65.9848169893354,12.62329102,0.0,0.042183228,-0.009678602,1.834678602,8948.853923,466.920502,861.570984,0.0,0.0
621,4,0,0,101.9036,87.0,19.3,0.004897634,66.7579965185666,14.86724854,0.0,0.032212646,-0.057063818,1.882063818,8964.130465,722.351318,1061.800415,0.0,0.0
622,4,0,0,102.2976,88.0,19.4,0.004877263,67.9159035324456,22.47528076,0.0,0.003067871,-0.024270296,1.849270296,8977.711952,0.0,0.0,0.0,0.0
623,4,0,0,102.3541,87.0,19.4,0.004869182,68.0696286226628,0.0,39.26696777,0.012271484,0.042445898,1.782554102,8993.423005,0.0,0.0,0.0,0.0
624,4,0,0,102.6947,87.0,19.9,0.004874392,67.6067437984094,0.0,165.2435303,-0.015531097,0.147771597,1.677228403,9007.320604,0.0,0.0,0.0,0.0
625,4,0,0,102.923,87.0,19.9,0.004890432,67.0786182456706,0.0,81.16149902,-0.046976776,0.240529776,1.584470224,9023.436748,0.0,0.0,0.0,0.0
626,4,0,0,103.4982,87.0,20.0,0.004907763,66.6521069194272,0.0,83.21228027,-0.020132904,0.208800554,1.616199446,9037.658111,716.803101,1070.224121,0.0,0.0
627,4,0,0,103.9047,87.0,20.0,0.004925153,66.149643322966,0.0,2.206420898,-0.005560516,0.068570375,1.756429625,9053.878662,0.0,0.0,0.0,0.0
628,4,0,0,104.491,88.0,20.1,0.004934702,66.8443793236594,19.87976074,0.0,0.059823486,-0.09214282,1.91714282,9068.018108,0.0,0.0,0.0,0.0
629,4,0,0,104.846,88.0,20.1,0.004935063,68.7096897269596,28.10577393,0.0,0.06212439,-0.182034254,2.007034254,9084.217506,640.065308,612.516907,0.0,0.0
630,4,0,0,105.383,88.0,20.2,0.004923174,69.7395813399234,11.21429443,0.0,0.038348389,-0.136804342,1.961804342,9098.383452,0.0,0.0,0.0,0.0
631,4,0,0,105.744,88.0,20.2,0.004895816,70.6169561712354,12.27172852,0.0,-0.060015228,0.020457029,1.804542971,9114.544502,1000.506592,939.639893,0.0,0.0
632,4,0,0,106.1076,87.0,20.0,0.004862295,71.1929999673148,13.76586914,0.0,-0.024734711,0.085135221,1.739864779,9128.594502,0.0,0.0,0.0,0.0
633,4,0,0,106.4124,87.0,20.0,0.004817151,72.356463597692,14.82330322,0.0,-0.003259613,0.044937372,1.780062628,9145.190836,1021.978088,880.31842,0.0,0.0
634,4,0,0,106.0468,87.0,20.1,0.004776133,73.0917867025702,11.30218506,0.0,0.021475098,0.037194967,1.787805033,9158.366357,885.646973,1043.430542,0.0,0.0
635,4,0,0,104.6091,86.0,20.1,0.004735265,73.1414105405362,2.504882813,0.0,-0.005560516,0.056739092,1.768260908,9174.711214,1047.501953,870.123779,0.0,0.0
636,4,0,0,103.6721,85.0,19.9,0.004712348,72.6630694861756,5.58380127,0.0,-0.000959,0.063523054,1.761476946,9187.758553,1051.499146,890.857605,0.0,0.0
637,4,0,0,103.2098,85.0,19.9,0.004702572,72.852923422536,8.486938477,0.0,-0.005560516,0.066872358,1.758127642,9204.010499,662.322327,1052.169556,0.0,0.0
638,4,0,0,101.3459,86.0,19.7,0.004704811,72.9217682035778,3.82598877,0.0,-0.010162323,0.06359458,1.76140542,9216.913566,665.026001,936.518921,0.0,0.0
639,4,0,0,99.0688,86.0,19.7,0.004716733,72.7841009791334,5.58380127,0.0,0.00690271,0.050146341,1.774853659,9230.36747,0.0,0.0,0.0,0.0
640,4,0,0,97.8646,87.0,19.2,0.004744685,72.5139185908536,0.0,0.0,-0.010929291,0.020801783,1.804198217,9245.625048,0.0,0.0,0.0,0.0
641,4,0,0,97.299,87.0,19.2,0.004779892,71.9998894724824,0.0,0.0,0.003067871,-0.012162924,1.837162924,9258.87127,641.987427,1059.274414,0.0,0.0
642,4,0,0,97.6582,87.0,19.1,0.004826873,71.4285642451896,0.0,0.0,0.017640259,-0.057455301,1.882455301,9273.891912,0.0,0.0,0.0,0.0
643,4,0,0,98.228,87.0,19.1,0.004873676,70.941508212394,0.0,0.0,0.013038452,-0.055695772,1.880695772,9286.935693,1032.426025,880.653015,0.0,0.0
644,4,0,0,97.8646,87.0,18.7,0.004938611,70.4011541540388,5.58380127,0.0,-0.004793549,-0.008791685,1.833791685,9301.727639,1138.9646,897.44342,0.0,0.0
645,4,0,0,96.5381,87.0,18.7,0.005004171,70.4569772662452,2.63671875,0.0,0.026843872,0.033512831,1.791487169,9314.570731,903.9422,421.881287,0.0,0.0
646,4,0,0,95.2472,87.0,18.6,0.005074009,69.9906723691842,0.0,18.31970215,0.017640259,0.143780947,1.681219053,9329.16299,0.0,0.0,0.0,0.0
647,4,0,0,92.8591,88.0,18.6,0.005113605,69.478369187496,0.0,263.6810303,-0.045442841,0.300584078,1.524415922,9342.59294,272.823792,805.880188,0.0,0.0
648,4,0,0,89.8844,88.0,18.3,0.00512347,68.9175620914544,0.0,135.6536865,-0.034705292,0.365179777,1.459820223,9356.728294,582.690308,969.886292,0.0,0.0
649,4,0,0,87.8796,88.0,18.3,0.005109101,68.4467670070462,0.0,57.2845459,-0.053879486,0.310951948,1.514048052,9370.358848,1294.470581,1061.90979,0.0,0.0
650,4,0,0,86.2426,88.0,18.0,0.005088159,67.8955207102634,0.0,12.7532959,-0.02166684,0.091268301,1.733731699,9384.658499,664.911682,1034.308105,0.0,0.0
651,4,0,0,84.8594,88.0,18.0,0.005075563,67.4314772094902,0.0,7.479858398,0.079764648,-0.182315588,2.007315588,9398.365591,666.531921,1024.54187,0.0,0.0
652,4,0,0,84.4338,88.0,18.0,0.005059915,66.8992942048368,0.0,194.2474365,0.080531616,-0.356012106,2.181012106,9412.742672,0.0,0.0,0.0,0.0
653,4,0,0,85.7236,87.0,18.0,0.005033391,66.4419881737868,0.0,135.067749,0.037581421,-0.264764547,2.089764547,9426.51681,651.56427,1058.248413,0.0,0.0
654,4,0,0,87.0534,87.0,17.7,0.00498694,65.9086920047488,0.0,21.24938965,-0.025501678,-0.070249796,1.895249796,9440.904122,639.10907,1036.395386,0.0,0.0
655,4,0,0,87.3408,86.0,17.7,0.004941239,65.623556916661,8.574829102,0.0,-0.020132904,0.068458319,1.756541681,9454.577627,0.0,0.0,0.0,0.0
656,4,0,0,87.4646,86.0,17.7,0.004894381,66.0047775850752,7.783813477,0.0,-0.017832001,0.151893854,1.673106146,9468.767596,615.447327,1046.486328,0.0,0.0
657,4,0,0,87.8796,87.0,17.7,0.004862941,66.5030305848274,12.53540039,0.0,-0.02166684,0.178085566,1.646914434,9482.236848,0.0,0.0,0.0,0.0
658,4,0,0,89.7537,86.0,17.7,0.004839213,67.0003461118428,10.99456787,0.0,0.0,0.166048288,1.658951712,9496.350433,1031.658325,887.708496,0.0,0.0
659,4,0,0,91.3476,86.0,17.7,0.004829093,67.1342835459966,5.850219727,0.0,0.003834839,0.128760576,1.696239424,9510.125884,0.0,0.0,0.0,0.0
660,4,0,0,92.7197,87.0,17.7,0.004828426,67.3252056978754,6.685180664,0.0,-0.003259613,0.097220659,1.727779341,9524.827098,806.335693,708.862671,0.0,0.0
661,4,0,0,93.6575,87.0,17.7,0.004832776,67.5518614580868,6.509399414,0.0,0.013038452,0.088453054,1.736546946,9539.102139,1316.067749,986.388611,0.0,0.0
662,4,0,0,94.3254,88.0,17.5,0.004835374,67.628595078968,5.58380127,0.0,-0.005560516,0.10911727,1.71588273,9554.205333,0.0,0.0,0.0,0.0
663,4,0,0,95.1004,88.0,17.5,0.004831361,67.6006479403574,2.065429688,0.0,-0.010162323,0.119807482,1.705192518,9568.761226,692.134094,683.80011,0.0,0.0
664,4,0,0,96.0375,88.0,17.5,0.004821121,67.1055879194454,1.93359375,0.0,-0.010929291,0.108011484,1.716988516,9584.05617,0.0,0.0,0.0,0.0
665,4,0,0,96.7904,88.0,17.5,0.004811157,66.6632417014862,0.0,0.0,0.005368774,0.077552557,1.747447443,9598.743593,0.0,0.0,0.0,0.0
666,4,0,0,97.5039,88.0,17.3,0.004801497,66.1295397534606,0.0,0.0,0.003834839,0.066282034,1.758717966,9614.150464,0.0,0.0,0.0,0.0
667,4,0,0,97.8646,88.0,17.3,0.004795472,66.1146115639008,14.7354126,0.0,0.001533936,0.077868223,1.747131777,9628.923014,0.0,0.0,0.0,0.0
668,4,0,0,98.1759,88.0,17.3,0.004791504,67.5112303867332,22.47528076,0.0,-0.003259613,0.095585585,1.729414415,9644.414784,912.439087,566.253296,0.0,0.0
669,4,0,0,98.4892,88.0,17.3,0.004790876,68.872175066346,17.32818604,0.0,0.012271484,0.104749918,1.720250082,9659.31014,632.815186,726.828918,0.0,0.0
670,4,0,0,98.3845,87.0,17.4,0.004795697,69.9807593014928,15.48248291,0.0,0.001533936,0.124248743,1.700751257,9674.996561,0.0,0.0,0.0,0.0
671,4,0,0,98.8045,87.0,17.4,0.004803436,70.8241272819186,12.31567383,0.0,-0.003259613,0.14763999,1.67736001,9690.076854,1035.775024,916.525818,0.0,0.0
672,4,0,0,99.2812,87.0,17.2,0.00480721,71.4237733204766,10.59906006,0.0,-0.001725677,0.173654318,1.651345682,9705.877941,619.069275,652.659424,0.0,0.0
673,4,0,0,99.8163,86.0,17.2,0.004800316,71.7549076266088,9.148864746,0.0,-0.003259613,0.194302797,1.630697203,9721.039591,1097.124634,930.560181,0.0,0.0
674,4,0,0,100.1402,86.0,17.2,0.00478617,72.0665142655546,8.574829102,0.0,-0.008628387,0.210173845,1.614826155,9737.633222,581.265076,918.760681,0.0,0.0
675,4,0,0,100.6847,86.0,17.2,0.004779187,72.306410065946,7.915649414,0.0,-0.008628387,0.205565214,1.619434786,9752.1793,1061.633789,925.091797,0.0,0.0
676,4,0,0,100.9591,87.0,17.0,0.00478653,72.4902527311648,7.256469727,0.0,-0.005560516,0.174319983,1.650680017,9768.804627,452.407288,860.014587,0.0,0.0
677,4,0,0,101.3459,87.0,17.0,0.004807191,72.6853747454548,8.355102539,0.0,0.016106323,0.132072687,1.692927313,9783.357067,1087.700928,917.887817,0.0,0.0
678,4,0,0,102.0158,87.0,16.8,0.004841407,73.0289366486548,12.9309082,0.0,0.003067871,0.112894773,1.712105227,9800.013323,0.0,0.0,0.0,0.0
679,4,0,0,102.0158,87.0,16.8,0.004872718,73.556375270708,11.56585693,0.0,0.016106323,0.13689065,1.68810935,9814.612343,1007.044128,900.19342,0.0,0.0
680,4,0,0,102.0721,87.0,16.6,0.004900253,74.0152374852578,7.651977539,0.0,0.003067871,0.20985198,1.61514802,9831.309502,1209.316406,1028.75415,0.0,0.0
681,4,0,0,101.9036,87.0,16.6,0.004912597,74.1628842109488,7.651977539,0.0,-0.012463226,0.286445856,1.538554144,9845.909091,720.000488,1075.066528,0.0,0.0
682,4,0,0,102.0721,87.0,16.8,0.004915916,74.3876795580268,8.885192871,0.0,-0.013997162,0.334998369,1.490001631,9862.473262,1038.769775,907.993225,0.0,0.0
683,4,0,0,101.7915,87.0,16.8,0.004915624,74.6357767159922,8.973083496,0.0,-0.012463226,0.336512327,1.488487673,9876.855017,1013.306824,890.910217,0.0,0.0
684,4,0,0,101.2904,87.0,16.6,0.004916705,74.8123672767426,7.564086914,0.0,0.005368774,0.300297976,1.524702024,9893.164001,1058.880493,936.423401,0.0,0.0
685,4,0,0,101.5125,87.0,16.6,0.004916613,74.8161993888704,5.58380127,0.0,-0.003259613,0.255336046,1.569663954,9907.320231,1057.411865,908.867798,0.0,0.0
686,4,0,0,102.0158,87.0,16.7,0.004913415,74.8065458594408,6.421508789,0.0,-0.000959,0.1950562,1.6299438,9923.374897,723.040222,656.609619,0.0,0.0
687,4,0,0,102.8087,87.0,16.7,0.004913555,74.9248225968404,6.817016602,0.0,0.014572388,0.140799761,1.684200239,9937.31471,1042.616333,956.325012,0.0,0.0
688,4,0,0,103.3827,87.0,16.6,0.004925189,75.0494536362026,7.651977539,0.0,0.001533936,0.105584383,1.719415617,9953.120404,1074.076904,926.685425,0.0,0.0
689,4,0,0,103.7883,87.0,16.6,0.004947873,75.1290628579826,6.245727539,0.0,0.014572388,0.096012354,1.728987646,9966.845168,696.267029,651.499878,0.0,0.0
690,4,0,0,104.3732,87.0,16.7,0.004982509,75.198513458974,7.212524414,0.0,0.003067871,0.13166976,1.69333024,9982.409729,1010.447021,928.967407,0.0,0.0
691,4,0,0,104.55,87.0,16.7,0.005011283,74.7366665785536,0.0,193.8079834,0.008436646,0.191967249,1.633032751,9995.946051,566.180298,879.916687,0.0,0.0
692,4,0,0,104.846,87.0,16.8,0.005038759,74.1328075936502,0.0,51.13220215,-0.005560516,0.295699835,1.529300165,10011.57686,728.529175,898.077026,0.0,0.0
693,4,0,0,105.443,86.0,16.8,0.0050622,73.6050602679982,0.0,53.32946777,-0.063083099,0.368442297,1.456557703,10025.4147,557.677917,1008.951294,0.0,0.0
694,4,0,0,105.9861,86.0,16.9,0.005091108,73.0226259276194,0.0,84.53063965,-0.103732391,0.272188425,1.552811575,10041.36578,576.550171,1005.659973,0.0,0.0
695,4,0,0,106.2903,86.0,16.9,0.005114195,72.5201758657076,0.0,43.07556152,0.071328003,-0.030785799,1.855785799,10055.34637,619.925171,878.502319,0.0,0.0
696,4,0,0,106.5348,86.0,17.6,0.005129808,71.9276756990846,0.0,63.87634277,0.088968262,-0.261764765,2.086764765,10071.33089,607.305176,1019.525024,0.0,0.0
697,4,0,0,106.8422,86.0,17.6,0.005133292,71.3946776924684,0.0,208.7493896,0.047552002,-0.166121244,1.991121244,10085.24978,977.920898,920.852783,0.0,0.0
698,4,0,0,106.9039,86.0,18.0,0.0051323,70.8192758460216,0.0,263.6810303,-0.065384003,0.117000341,1.707999659,10101.0366,622.855225,968.403992,0.0,0.0
699,4,0,0,107.3376,85.0,18.0,0.005129321,70.2968773549804,0.0,90.0970459,-0.089160004,0.259082556,1.565917444,10114.81334,738.539673,753.829773,0.0,0.0
700,4,0,0,107.5246,85.0,18.6,0.00511599,69.7280048745014,0.0,37.50915527,0.003067871,0.161882639,1.663117361,10130.55023,399.087585,834.723511,0.0,0.0
701,4,0,0,107.9005,83.0,18.6,0.005090446,69.879493078679,16.88873291,0.0,0.038348389,-0.037181616,1.862181616,10144.29506,636.728088,1024.598511,0.0,0.0
702,4,0,0,107.7749,83.0,18.8,0.005053133,70.9013233466488,13.89770508,0.0,0.065192261,-0.19278121,2.01778121,10159.958,0.0,0.0,0.0,0.0
703,4,0,0,107.3376,82.0,18.8,0.005025102,71.6384114629852,14.24926758,0.0,0.023776001,-0.176982164,2.001982164,10173.57074,448.282501,927.10321,0.0,0.0
704,4,0,0,107.5246,82.0,19.3,0.0050031,71.879087085167,5.938110352,0.0,-0.054646454,-0.042764425,1.867764425,10189.05812,1043.563721,926.536499,0.0,0.0
705,4,0,0,107.7749,83.0,19.3,0.004987826,71.957673088575,4.221496582,0.0,-0.012463226,-0.009734869,1.834734869,10202.61644,642.013,1023.845581,0.0,0.0
706,4,0,0,107.8376,83.0,19.8,0.004965816,71.7633550522688,0.0,0.0,-0.004793549,-0.050789595,1.875789595,10218.13807,645.698303,1053.925415,0.0,0.0
707,4,0,0,107.2754,84.0,19.8,0.004936577,71.2369199019858,0.0,0.0,-0.016298065,-0.091824293,1.916824293,10231.69977,0.0,0.0,0.0,0.0
708,4,0,0,106.1684,84.0,20.2,0.00489087,70.845305971011,5.40802002,0.0,0.02761084,-0.16980958,1.99480958,10247.09385,1089.0802,974.588989,0.0,0.0
709,4,0,0,104.9054,84.0,20.2,0.004844812,70.8449307051098,4.660949707,0.0,0.03451355,-0.223147631,2.048147631,10260.5108,1085.213379,905.111023,0.0,0.0
710,4,0,0,103.7883,85.0,20.3,0.004794389,70.7262613048436,3.782043457,0.0,-0.001725677,-0.180052042,2.005052042,10275.80198,1065.624756,912.510376,0.0,0.0
711,4,0,0,103.5561,85.0,20.3,0.00475935,70.602378753422,5.58380127,0.0,-0.036239227,-0.115180731,1.940180731,10289.19964,1050.239258,924.941711,0.0,0.0
712,4,0,0,103.9047,85.0,20.4,0.004732232,70.112267372543,0.0,0.0,-0.012463226,-0.126061201,1.951061201,10304.65382,0.0,0.0,0.0,0.0
713,4,0,0,104.3144,86.0,20.4,0.00471607,69.7233485710794,3.782043457,0.0,0.013038452,-0.203879595,2.028879595,10319.04329,0.0,0.0,0.0,0.0
714,4,0,0,104.846,86.0,20.4,0.004701789,69.7102434901518,7.212524414,0.0,0.026843872,-0.240327597,2.065327597,10334.214,687.101074,644.212402,0.0,0.0
715,4,0,0,105.383,85.0,20.4,0.004693464,69.8488562823132,5.627746582,0.0,0.018407227,-0.186643839,2.011643839,10348.76801,1113.269409,926.477173,0.0,0.0
716,4,0,0,105.9255,85.0,19.9,0.004690096,69.8093187574896,0.0,0.0,-0.010162323,-0.04289937,1.86789937,10364.13793,1078.395874,933.536621,0.0,0.0
717,4,0,0,106.3513,85.0,19.9,0.00468817,69.2778832107992,0.0,0.0,-0.050811615,0.07681489,1.74818511,10378.93288,636.303223,1015.750427,0.0,0.0
718,4,0,0,106.6576,86.0,19.7,0.004678832,69.0086416909636,0.0,0.0,-0.003259613,0.076463938,1.748536062,10394.42723,633.637817,1008.392517,0.0,0.0
719,4,0,0,107.0893,87.0,19.7,0.004663523,68.8131954268504,5.58380127,0.0,0.026843872,0.021934271,1.803065729,10409.28325,1057.789429,918.825195,0.0,0.0
720,4,0,0,107.3998,87.0,19.2,0.004645569,68.8966449522988,6.509399414,0.0,0.005368774,0.011163473,1.813836527,10424.85801,0.0,0.0,0.0,0.0
721,4,0,0,107.7749,86.0,19.2,0.004635877,69.6110285642888,14.20532227,0.0,0.003834839,0.018322706,1.806677294,10439.78502,0.0,0.0,0.0,0.0
722,4,0,0,108.0894,87.0,19.1,0.004632297,70.7879295077432,16.66900635,0.0,-0.012463226,0.030777693,1.794222307,10455.42139,1207.066528,871.101929,0.0,0.0
723,4,0,0,108.1525,87.0,19.1,0.004635772,71.2639814690746,6.904907227,0.0,-0.005560516,0.048160791,1.776839209,10470.41834,0.0,0.0,0.0,0.0
724,4,0,0,108.5329,87.0,19.0,0.004652784,71.5304236707274,13.19458008,0.0,0.00690271,0.055452108,1.769547892,10486.14071,0.0,0.0,0.0,0.0
725,4,0,0,108.7879,87.0,19.0,0.004685104,72.3047306713758,12.40356445,0.0,-0.010162323,0.06925559,1.75574441,10501.11777,1114.385132,900.901794,0.0,0.0
726,4,0,0,108.7879,86.0,18.6,0.004744979,72.6640585060726,7.080688477,0.0,0.005368774,0.071712732,1.753287268,10516.71508,1074.640991,924.147583,0.0,0.0
727,4,0,0,108.9799,87.0,18.6,0.004814926,72.7888743298536,6.992797852,0.0,-0.013997162,0.047368288,1.777631712,10531.67857,992.015198,897.53009,0.0,0.0
728,4,0,0,108.7879,86.0,18.5,0.004910076,72.9862660607192,7.256469727,0.0,0.003067871,0.010494947,1.814505053,10547.34329,1045.882935,897.914978,0.0,0.0
729,4,0,0,108.4058,86.0,18.5,0.004999835,73.2275737189992,6.245727539,0.0,0.00690271,-0.012015104,1.837015104,10562.26803,1032.149292,897.040894,0.0,0.0
730,4,0,0,108.3424,86.0,18.2,0.005080283,73.3170045657718,7.300415039,0.0,0.001533936,-0.016668558,1.841668558,10575.75166,250.302002,816.25769,0.0,0.0
731,4,0,0,108.724,87.0,18.2,0.005137183,73.4907593085082,7.651977539,0.0,-0.007094452,-0.007865191,1.832865191,10592.64818,715.97229,664.851624,0.0,0.0
732,4,0,0,109.0441,87.0,17.9,0.005148032,73.7159875358594,8.223266602,0.0,-0.024734711,-0.002788782,1.827788782,10606.27349,796.570496,654.739319,0.0,0.0
733,4,0,0,109.6251,87.0,17.9,0.00512342,73.8146148595016,0.0,0.0,-0.010929291,-0.014247179,1.839247179,10623.42805,679.233826,656.859924,0.0,0.0
734,4,0,0,108.0894,86.0,17.6,0.005080528,73.2399154255912,5.276184082,0.0,-0.010929291,-0.064451933,1.889451933,10637.1796,665.036621,647.090881,0.0,0.0
735,4,0,0,105.744,85.0,17.6,0.005018642,73.3562212203862,10.29144287,0.0,0.013038452,-0.194713354,2.019713354,10654.33578,686.122986,653.16333,0.0,0.0
736,4,0,0,103.8465,85.0,17.3,0.004960266,73.5892594621036,7.520141602,0.0,0.051386841,-0.306874037,2.131874037,10667.99327,695.721802,656.041016,0.0,0.0
737,4,0,0,103.6141,84.0,17.3,0.004892853,73.4128910868336,0.0,0.0,0.03451355,-0.30504775,2.13004775,10685.07854,679.918091,649.913818,0.0,0.0
738,4,0,0,104.2557,84.0,16.8,0.004835201,72.8418945511424,1.977539063,0.0,-0.019365936,-0.168912649,1.993912649,10698.82364,691.086487,645.404907,0.0,0.0
739,4,0,0,105.323,84.0,16.8,0.004776509,72.9938043702132,12.31567383,0.0,-0.02166684,-0.03941226,1.86441226,10716.03166,717.707397,917.656189,0.0,0.0
740,4,0,0,105.9861,83.0,16.3,0.004737895,73.5994961519756,12.66723633,0.0,-0.012463226,-0.014945745,1.839945745,10729.6976,673.02948,866.41803,0.0,0.0
741,4,0,0,106.8422,83.0,16.3,0.004712746,74.2251749387472,8.486938477,0.0,0.003067871,-0.05696559,1.88196559,10746.64824,728.008911,998.593384,0.0,0.0
742,4,0,0,107.5246,83.0,15.9,0.004704706,74.219820455353,3.957824707,0.0,0.025309937,-0.106702566,1.931702566,10760.1041,702.44928,891.186279,0.0,0.0
743,4,0,0,107.9634,83.0,15.9,0.004703876,73.9415672913468,0.0,0.0,0.00690271,-0.124664068,1.949664068,10776.79441,680.311279,650.392212,0.0,0.0
744,4,0,0,108.0894,84.0,15.2,0.004707987,73.6923152870908,6.509399414,0.0,-0.020132904,-0.114753485,1.939753485,10790.04393,686.052795,649.309082,0.0,0.0
745,4,0,0,108.4058,85.0,15.2,0.004722741,74.108486796955,11.21429443,0.0,-0.010929291,-0.102149248,1.927149248,10806.47855,740.616516,766.022522,0.0,0.0
746,4,0,0,108.5329,85.0,14.6,0.004749305,74.5031522779708,0.0,3.964233398,-0.010929291,-0.118698835,1.943698835,10819.52521,692.979309,651.344727,0.0,0.0
747,4,0,0,108.9159,84.0,14.6,0.004791415,73.7835156514736,0.0,79.84313965,0.013038452,-0.153376341,1.978376341,10835.70827,696.130615,650.324219,0.0,0.0
748,4,0,0,109.0441,84.0,14.0,0.004828936,73.1516211430068,0.0,26.37634277,0.023776001,-0.149228334,1.974228334,10848.55529,647.6828,681.517212,0.0,0.0
749,4,0,0,109.3661,85.0,14.0,0.004866683,72.4537266516294,0.0,12.60681152,0.003834839,-0.076463938,1.901463938,10864.49084,644.270691,645.272705,0.0,0.0
750,4,0,0,109.0441,85.0,13.5,0.004898326,71.8348831180794,0.0,18.46618652,-0.001725677,0.001549959,1.823450041,10877.14146,670.59021,711.738892,0.0,0.0
751,4,0,0,108.9159,85.0,13.5,0.004938197,71.115786779207,0.0,18.31970215,-0.004793549,0.077941656,1.747058344,10892.83556,688.062195,652.98291,0.0,0.0
752,4,0,0,109.1727,86.0,13.1,0.004974267,70.508579015258,0.0,9.237670898,-0.012463226,0.10997653,1.71502347,10905.91549,695.538818,652.092102,0.0,0.0
753,4,0,0,109.69,86.0,13.1,0.005007285,69.8216629907454,0.0,7.919311523,-0.008628387,0.103446722,1.721553278,10920.74942,701.061523,650.806702,0.0,0.0
754,4,0,0,110.3436,86.0,12.7,0.005024484,69.2097676538982,0.0,12.7532959,-0.000959,0.080241919,1.744758081,10933.62963,877.508789,663.985413,0.0,0.0
755,4,0,0,110.4753,87.0,12.7,0.005035479,68.518561466907,0.0,0.0,-0.000959,0.060549498,1.764450502,10948.23711,691.061218,652.487,0.0,0.0
756,4,0,0,110.2779,86.0,12.3,0.005045855,67.912174788226,0.0,0.0,-0.000959,0.027140379,1.797859621,10960.92076,686.957886,648.53833,0.0,0.0
757,4,0,0,109.8201,86.0,12.3,0.005069248,67.2026749759604,0.0,14.95056152,0.008436646,-0.019059896,1.844059896,10975.30528,665.871216,648.175171,0.0,0.0
758,4,0,0,109.755,87.0,12.3,0.005103386,66.5819638516206,0.0,19.1986084,0.013038452,-0.027630568,1.852630568,10987.79531,671.683105,647.862305,0.0,0.0
759,4,0,0,110.5412,86.0,12.3,0.005150063,65.87052277298,0.0,0.0,-0.000959,-0.003402472,1.828402472,11001.96037,688.367188,700.390076,0.0,0.0
760,4,0,0,111.205,86.0,12.3,0.005186324,65.2622075256166,0.0,8.358764648,0.001533936,0.013580561,1.811419439,11014.25983,692.770081,846.424011,0.0,0.0
761,4,0,0,111.7418,86.0,12.3,0.005215175,64.5494380816466,0.0,206.1126709,0.0,0.043719053,1.781280947,11028.20867,687.717407,644.908325,0.0,0.0
762,4,0,0,112.1479,86.0,12.3,0.005232829,63.9374398435998,0.0,176.3763428,-0.019365936,0.095065832,1.729934168,11040.32044,685.605713,641.761475,0.0,0.0
763,4,0,0,112.4202,87.0,12.3,0.005253586,63.2234767360584,0.0,174.4720459,-0.010162323,0.081318617,1.743681383,11054.05643,660.059509,974.002502,0.0,0.0
764,4,0,0,112.9688,87.0,12.2,0.005277897,62.6249025984074,0.0,181.5032959,0.009203613,0.026491404,1.798508596,11065.98311,697.887695,963.419128,0.0,0.0
765,4,0,0,113.1068,87.0,12.2,0.005318891,61.9400366155604,0.0,223.6907959,0.012271484,-0.017500639,1.842500639,11079.50918,695.140808,637.561279,0.0,0.0
766,4,0,0,113.3838,87.0,12.5,0.005374528,61.3535318841734,0.0,179.3060303,0.009203613,0.025362253,1.799637747,11091.25387,691.780884,630.315002,0.0,0.0
767,4,0,0,113.5925,87.0,12.5,0.005475399,60.6820797985066,0.0,178.427124,-0.017832001,0.127263308,1.697736692,11104.5734,692.532288,639.522888,0.0,0.0
768,4,0,0,113.6622,86.0,12.8,0.005609494,60.1071230955038,0.0,181.5032959,-0.019365936,0.148193121,1.676806879,11116.13853,693.822327,636.620972,0.0,0.0
769,4,0,0,113.732,86.0,12.8,0.005820979,59.4491325112944,0.0,239.364624,0.00690271,0.089234114,1.735765886,11129.25443,707.253723,638.530396,0.0,0.0
770,4,0,0,113.8719,85.0,13.3,0.006042964,58.884748705383,0.0,224.130249,0.026843872,0.044258356,1.780741644,11140.64264,,,,
771,4,0,0,114.0823,85.0,13.3,0.006042964,58.884748705383,0.0,224.130249,0.026843872,0.044258356,1.780741644,11140.64264,,,,
772,4,0,0,114.3641,85.0,13.7,0.006042964,58.884748705383,0.0,224.130249,0.026843872,0.044258356,1.780741644,11140.64264,,,,
