Time,Drive,Stimulus,Failure,Palm.EDA,Heart.Rate,Breathing.Rate,Perinasal.Perspiration,Speed,Acceleration,Brake,Steering,LaneOffset,Lane.Position,Distance,Gaze.X.Pos,Gaze.Y.Pos,Lft.Pupil.Diameter,Rt.Pupil.Diameter
1,4,0,0,105.744,68.0,11.4,0.006250823,-0.01780773656028,0.0,263.8275146,-0.044675873,-0.100002527,1.925002527,8.0612e-06,0.0,0.0,0.0,0.0
2,4,0,0,106.719,67.0,11.4,0.006254164,-0.02179524816782,0.0,262.9486084,-0.044675873,-0.100002527,1.925002527,1.51148e-05,0.0,0.0,0.003211,0.0
3,4,0,0,107.7749,67.0,11.5,0.006223676,-0.00893558998088,0.0,262.5091553,-0.056180389,-0.100002527,1.925002527,3.09294e-05,939.028992,749.275513,0.003274,0.003472
4,4,0,0,108.5329,67.0,11.5,0.006170154,0.49110010465744,0.0,263.2415771,0.102006714,-0.100002527,1.925002527,4.48505e-05,929.210693,748.921509,0.00314,0.003324
5,4,0,0,109.0441,68.0,11.2,0.006086135,0.7956072995179,0.0,263.5345459,0.054454712,-0.099070311,1.924070311,0.014088699,936.518494,569.696716,0.003232,0.003448
6,4,0,0,108.4693,69.0,11.2,0.006000793,0.79687167105154,0.0,229.8431396,0.052920776,-0.098571062,1.923571062,0.132049867,891.702881,564.549683,0.003417,0.003711
7,4,0,0,106.1076,69.0,11.3,0.005904081,0.7972014473483,0.0,89.80407715,0.052920776,-0.097905397,1.922905397,0.303678382,908.309814,597.602295,0.003331,0.003475
8,4,0,0,104.846,70.0,11.3,0.005827989,0.79698128641762,0.0,25.79040527,0.054454712,-0.097255945,1.922255945,0.460226063,960.796326,723.374512,0.003317,0.003561
9,4,0,0,104.55,70.0,11.7,0.005751416,1.0294178635013,8.885192871,0.0,0.055988647,-0.096435785,1.921435785,0.630957486,903.333191,587.764526,0.003411,0.00367
10,4,0,0,105.503,70.0,11.7,0.005697744,4.64105021335248,0.0,0.0,0.056755615,-0.092191458,1.917191458,0.780334984,899.490295,595.718018,0.00316,0.003375
11,4,0,0,106.2293,70.0,11.7,0.005661733,5.10305829170464,7.036743164,0.0,0.056755615,-0.085363626,1.910363626,0.95103873,907.684998,599.899597,0.003382,0.003579
12,4,0,0,107.0274,70.0,11.7,0.005655098,9.99663958623398,6.377563477,0.0,0.056755615,-0.070199728,1.895199728,1.101649477,900.209778,602.116272,0.003339,0.003601
13,4,0,0,107.9634,70.0,12.0,0.005666229,11.5972877179214,0.0,79.69665527,0.056755615,-0.032724619,1.857724619,1.913407358,888.042297,591.003113,0.00311,0.003233
14,4,0,0,108.5329,69.0,12.0,0.005679045,11.2620144113981,0.0,262.6556396,0.00690271,0.008767843,1.816232157,2.71253224,0.0,0.0,0.0,0.0
15,4,0,0,108.8518,69.0,12.3,0.005682134,11.020261751296,6.026000977,0.0,0.005368774,0.05483079,1.77016921,3.746667993,895.9198,600.857727,0.003207,0.003393
16,4,0,0,109.1727,69.0,12.3,0.00566432,16.463042545372,12.5793457,0.0,-0.099897552,0.099403143,1.725596857,5.409340531,894.302185,596.957397,0.003204,0.003509
17,4,0,0,108.1525,69.0,13.2,0.005619051,22.420944110156,14.02954102,0.0,-0.109101166,0.110033274,1.714966726,7.932700048,916.202576,607.096619,0.003208,0.003497
18,4,0,0,107.0893,69.0,13.2,0.005569688,26.2196037564196,12.75512695,0.0,-0.050811615,0.045686483,1.779313517,10.28379424,925.93457,580.081909,0.003158,0.003531
19,4,0,0,106.9656,70.0,13.7,0.005524026,30.1998789505562,16.05377197,0.0,0.037581421,-0.090799093,1.915799093,12.78842304,902.231689,594.627502,0.003371,0.003576
20,4,0,0,107.3998,71.0,13.7,0.005510167,33.9374013956532,16.05377197,0.0,0.070561035,-0.193626165,2.018626165,15.04291425,950.029602,781.983215,0.003287,0.003482
21,4,0,0,107.9005,70.0,14.4,0.005537445,37.5500611208016,15.74615479,0.0,0.018407227,-0.215506315,2.040506315,17.88055303,899.934387,600.642822,0.003385,0.003583
22,4,0,0,108.724,70.0,14.4,0.005598631,40.1864028902076,11.21429443,0.0,-0.037773163,-0.1887815,2.0137815,21.52631811,0.0,0.0,0.0,0.0
23,4,0,0,109.3016,71.0,14.7,0.005694531,41.3249218632386,5.364074707,0.0,-0.015531097,-0.214546442,2.039546442,26.4337595,937.870911,734.909729,0.003185,0.003504
24,4,0,0,109.69,71.0,14.7,0.005780984,41.9188121777536,5.58380127,0.0,-0.000959,-0.297839403,2.122839403,31.36952387,901.299011,586.69873,0.003332,0.003505
25,4,0,0,109.2371,71.0,15.4,0.005865393,42.5880325916424,5.364074707,0.0,0.074395874,-0.38124156,2.20624156,37.87876106,897.999084,590.764893,0.003461,0.003748
26,4,0,0,108.2157,70.0,15.4,0.00592725,42.8718404248454,3.65020752,0.0,-0.032404388,-0.320468664,2.145468664,43.63456278,893.171204,586.43457,0.003502,0.003722
27,4,0,0,107.7122,70.0,15.9,0.005992741,43.1414768445302,3.82598877,0.0,-0.001725677,-0.256966829,2.081966829,51.51487751,0.0,0.0,0.0,0.0
28,4,0,0,107.8376,72.0,15.9,0.006047514,43.4270662332066,4.265441895,0.0,-0.007094452,-0.230881929,2.055881929,58.64728536,903.983093,595.524902,0.003326,0.003539
29,4,0,0,108.5329,71.0,16.4,0.006110325,44.0032751797568,8.486938477,0.0,-0.012463226,-0.225341558,2.050341558,67.31665881,929.602112,657.525513,0.00339,0.003574
30,4,0,0,109.1084,71.0,16.4,0.006170697,45.2031839076806,9.544372559,0.0,-0.004793549,-0.24493432,2.06993432,75.59873797,894.645386,595.96051,0.003366,0.00358
31,4,0,0,109.755,71.0,17.5,0.006235633,46.4485640545024,7.695922852,0.0,0.010737549,-0.279665709,2.104665709,84.78350855,898.366089,597.175598,0.003338,0.003632
32,4,0,0,110.0158,71.0,17.5,0.006255538,47.1197623150644,6.509399414,0.0,0.036047485,-0.267430544,2.092430544,92.91353011,896.234985,605.624878,0.003453,0.00365
33,4,0,0,109.8853,71.0,18.4,0.006203332,47.7873011939608,5.715637207,0.0,-0.008628387,-0.13652873,1.96152873,102.3103376,897.518982,641.908875,0.0,0.004997
34,4,0,0,108.1525,71.0,18.4,0.006104928,48.3189937361558,6.685180664,0.0,-0.052345551,-0.015648603,1.840648603,110.6111992,896.639771,695.70929,0.00387,0.0
35,4,0,0,106.2293,71.0,19.3,0.005972194,49.3680417093812,11.30218506,0.0,0.003067871,-0.037409067,1.862409067,120.5391512,912.849426,598.82251,0.003258,0.00349
36,4,0,0,105.503,73.0,19.3,0.005861063,50.7972398019594,17.02056885,0.0,0.037581421,-0.114402533,1.939402533,128.9157145,899.706299,591.391907,0.003343,0.003585
37,4,0,0,105.9861,73.0,19.4,0.005750183,53.8987642756444,21.81610107,0.0,-0.003259613,-0.11378932,1.93878932,138.5369333,892.239014,585.207397,0.003459,0.003721
38,4,0,0,107.0274,73.0,19.4,0.00567123,56.410647559123,19.17663574,0.0,-0.000959,-0.095099211,1.920099211,147.0061732,895.731384,591.833801,0.003497,0.003638
39,4,0,0,107.9005,73.0,19.6,0.005605663,59.0183633863998,18.60534668,0.0,0.003067871,-0.069546938,1.894546938,156.798287,892.737976,592.023621,0.003237,0.003394
40,4,0,0,108.6602,72.0,19.6,0.005569406,60.9841821582144,16.80084229,0.0,-0.000959,-0.020564318,1.845564318,165.9673564,942.12738,729.254089,0.003371,0.003565
41,4,0,0,109.3016,72.0,19.4,0.005544165,62.7421524320464,15.13092041,0.0,-0.012463226,0.030611753,1.794388247,176.1828356,894.926514,583.242676,0.003117,0.003263
42,4,0,0,109.8201,73.0,19.4,0.005528978,64.2022763262676,15.35064697,0.0,-0.012463226,0.037141085,1.787858915,185.6952248,896.079285,582.970276,0.003164,0.003346
43,4,0,0,110.2779,72.0,19.6,0.00551889,65.8441921681192,15.35064697,0.0,-0.004793549,-0.015472651,1.840472651,196.1898516,938.781128,732.053528,0.00308,0.003277
44,4,0,0,110.6072,72.0,19.6,0.005520721,67.1391608600808,12.79907227,0.0,0.010737549,-0.095447779,1.920447779,205.4637509,900.91333,587.756775,0.003312,0.003519
45,4,0,0,110.5412,71.0,19.4,0.005534653,67.439042829484,3.342590332,0.0,0.018407227,-0.162547827,1.987547827,216.1563997,0.0,0.0,0.0,0.0
46,4,0,0,109.5602,71.0,19.4,0.005551564,67.2354542866682,0.131835938,0.0,-0.013997162,-0.167065382,1.992065382,225.6119078,0.0,0.0,0.0,0.0
47,4,0,0,109.1084,72.0,19.3,0.005571117,66.6244383253838,7.739868164,0.0,-0.005560516,-0.20544219,2.03044219,237.0748604,898.528687,596.625427,0.003335,0.003466
48,4,0,0,109.3016,72.0,19.3,0.005586484,67.3187754994384,13.32641602,0.0,0.00690271,-0.297013998,2.122013998,246.941928,935.418213,730.057129,0.003156,0.003367
49,4,0,0,109.8853,71.0,18.9,0.005604106,68.7054293050842,15.35064697,0.0,0.014572388,-0.384321928,2.209321928,258.6728429,891.988586,577.898499,0.003186,0.003372
50,4,0,0,110.5412,72.0,18.9,0.005623204,69.8654029368308,14.77935791,0.0,0.017640259,-0.403852701,2.228852701,269.3591283,890.460205,580.463501,0.003292,0.003392
51,4,0,0,111.005,71.0,18.2,0.005649966,71.0709482976376,14.42504883,0.0,0.003834839,-0.32323575,2.14823575,282.0031758,935.70459,727.417786,0.003132,0.003195
52,4,0,0,111.4057,71.0,18.2,0.005673902,72.0244042751146,12.09594727,0.0,0.003834839,-0.217218637,2.042218637,293.9722915,0.0,0.0,0.0,0.0
53,4,0,0,111.4057,70.0,17.3,0.005693059,72.7347250117142,11.21429443,0.0,-0.019365936,-0.074703932,1.899703932,307.4026927,892.606384,575.37439,0.003192,0.003347
54,4,0,0,110.4094,70.0,17.3,0.005696881,73.3263608983836,10.95062256,0.0,-0.054646454,0.004379511,1.820620489,319.4214218,897.342407,581.071289,0.00335,0.003445
55,4,0,0,109.4954,70.0,16.5,0.005686713,73.9050627447806,9.939880371,0.0,0.012271484,-0.136245966,1.961245966,334.0084884,896.759216,582.383423,0.003414,0.003548
56,4,0,0,109.4307,69.0,16.5,0.005668161,74.3307183205724,9.544372559,0.0,0.030678711,-0.28360486,2.10860486,345.8961747,925.569885,466.463287,0.0,0.004218
57,4,0,0,109.755,69.0,15.7,0.005638977,74.2059871480754,0.0,0.0,-0.012463226,-0.29440999,2.11940999,361.0227569,931.406189,731.697876,0.003156,0.003478
58,4,0,0,110.4094,69.0,15.7,0.005609854,73.4977561394658,0.0,1.620483398,-0.012463226,-0.290310621,2.115310621,373.9502346,897.34082,590.340698,0.003325,0.003566
59,4,0,0,110.8058,68.0,15.4,0.005578065,72.6894480010882,0.0,0.0,0.003067871,-0.36458993,2.18958993,388.9165915,896.441101,580.248291,0.003151,0.003321
60,4,0,0,111.205,69.0,15.4,0.005554636,71.9978951944478,0.3515625,0.0,0.03451355,-0.427495241,2.252495241,402.6615239,939.723206,739.627319,0.003367,0.003472
61,4,0,0,111.6744,68.0,15.3,0.005536402,71.473291279964,7.388305664,0.0,-0.004793549,-0.343823671,2.168823671,417.6137586,895.992493,588.846802,0.00348,0.003751
62,4,0,0,112.0122,68.0,15.3,0.005532207,71.6468187838924,5.982055664,0.0,-0.025501678,-0.245079756,2.070079756,430.6140222,893.02417,582.654724,0.003379,0.003603
63,4,0,0,112.4202,68.0,15.0,0.005543186,71.675365964922,5.58380127,0.0,-0.000959,-0.238222361,2.063222361,445.4504433,891.74823,579.408691,0.003294,0.003486
64,4,0,0,112.6938,69.0,15.0,0.005562837,71.685394889,5.58380127,0.0,0.010737549,-0.270395041,2.095395041,459.1815948,940.353027,735.47168,0.003319,0.00349
65,4,0,0,112.8999,69.0,14.7,0.005587858,71.6967822891588,5.58380127,0.0,0.009203613,-0.264233351,2.089233351,474.3784011,898.645996,585.365295,0.003321,0.003534
66,4,0,0,113.1759,68.0,14.7,0.00560908,71.7913213742122,6.465454102,0.0,-0.012463226,-0.20795846,2.03295846,487.8629079,895.963074,577.798523,0.003392,0.00358
67,4,0,0,113.5228,68.0,14.4,0.005635619,71.9055308105364,6.289672852,0.0,-0.010929291,-0.169461966,1.994461966,503.4719093,949.214722,699.887695,0.003364,0.003485
68,4,0,0,113.6622,68.0,14.4,0.005658223,71.9711849784678,5.982055664,0.0,-0.004793549,-0.191967726,2.016967726,517.2922173,0.0,0.0,0.0,0.0
69,4,0,0,113.9419,68.0,14.2,0.005677639,72.0287303258752,5.982055664,0.0,0.003834839,-0.240071058,2.065071058,533.928645,899.894409,582.942627,0.003374,0.003606
70,4,0,0,114.1526,68.0,14.2,0.005694979,72.0749894201428,5.938110352,0.0,0.009203613,-0.271248579,2.096248579,548.0127862,891.205811,582.973328,0.003559,0.003679
71,4,0,0,114.1526,67.0,14.0,0.005728111,72.1187339206604,5.806274414,0.0,0.017640259,-0.257734537,2.082734537,564.2168521,895.648499,587.902527,0.003438,0.003633
72,4,0,0,113.3838,67.0,14.0,0.00576994,72.1460964182358,5.75958252,0.0,-0.001725677,-0.189074755,2.014074755,579.1681732,899.995117,583.562683,0.003409,0.003537
73,4,0,0,112.0122,68.0,14.1,0.005822876,72.1669903828954,5.671691895,0.0,-0.003259613,-0.112188578,1.937188578,594.8852213,940.81897,715.178528,0.003393,0.003523
74,4,0,0,111.205,68.0,14.1,0.005868282,72.1775314794284,5.627746582,0.0,-0.010162323,-0.0599792,1.8849792,609.9914336,940.475098,730.328613,0.003153,0.003416
75,4,0,0,111.205,67.0,14.2,0.00591952,72.185390031489,5.627746582,0.0,-0.010929291,-0.044937849,1.869937849,626.5208281,895.68512,579.342285,0.003355,0.003551
76,4,0,0,111.7418,67.0,14.2,0.005965991,72.1961043251928,5.671691895,0.0,0.014572388,-0.06989789,1.89489789,640.9362721,905.73407,579.974121,0.003263,0.003595
77,4,0,0,112.4885,67.0,14.3,0.006019596,72.2098988151896,5.671691895,0.0,0.003067871,-0.071535826,1.896535826,657.9643153,947.192505,731.946289,0.003353,0.003537
78,4,0,0,113.0378,67.0,14.3,0.00605287,72.242814340435,6.157836914,0.0,-0.007094452,-0.058089495,1.883089495,671.4815722,900.252014,586.15332,0.003225,0.003561
79,4,0,0,113.5925,67.0,14.3,0.006046606,72.2766792314398,5.715637207,0.0,-0.008628387,-0.072520018,1.897520018,688.2479681,901.496277,588.619873,0.00338,0.003652
80,4,0,0,113.8019,67.0,14.3,0.00599364,72.2817736615834,5.58380127,0.0,-0.008628387,-0.120364428,1.945364428,702.2213763,895.231201,591.544922,0.003347,0.003482
81,4,0,0,114.0121,69.0,14.1,0.005900057,72.2822061234282,5.58380127,0.0,0.018407227,-0.204478502,2.029478502,718.1077533,908.91217,585.434021,0.003362,0.003361
82,4,0,0,113.5228,70.0,14.1,0.005812677,72.286260002608,5.671691895,0.0,-0.000959,-0.249639273,2.074639273,732.6932606,884.30542,585.166199,0.003242,0.003471
83,4,0,0,113.9419,70.0,14.2,0.005718338,72.3252040511198,6.904907227,0.0,0.012271484,-0.264867067,2.089867067,748.6181643,900.586975,586.021179,0.00326,0.00347
84,4,0,0,114.4348,69.0,14.2,0.005640827,72.48798964507,7.432250977,0.0,0.012271484,-0.24047637,2.06547637,762.554739,911.007629,638.755981,0.003206,0.003313
85,4,0,0,114.5764,69.0,14.3,0.005558511,72.6474074536692,6.817016602,0.0,-0.010929291,-0.178795099,2.003795099,778.4840768,896.894897,585.372192,0.003219,0.003386
86,4,0,0,115.0033,68.0,14.3,0.005493967,72.761122404185,6.685180664,0.0,-0.013997162,-0.148865461,1.973865461,793.0876714,1015.02179,582.498901,0.003314,0.003459
87,4,0,0,113.9419,68.0,14.0,0.00542834,72.8595847865706,6.421508789,0.0,-0.000959,-0.171122789,1.996122789,809.0268861,919.751526,585.458496,0.003318,0.003496
88,4,0,0,110.7395,68.0,14.0,0.005377124,72.931467904972,6.421508789,0.0,-0.000959,-0.209724665,2.034724665,822.9914902,896.632996,578.39447,0.003166,0.003358
89,4,0,0,107.7749,67.0,14.1,0.00532866,72.9970151644472,5.850219727,0.0,-0.000959,-0.256947279,2.081947279,839.6342611,938.538025,719.23291,0.0,0.003106
90,4,0,0,105.8044,67.0,14.1,0.005296988,73.00879781851,5.806274414,0.0,-0.000959,-0.301809549,2.126809549,852.959022,899.552917,580.868713,0.003227,0.003308
91,4,0,0,105.2034,67.0,14.2,0.005272245,73.0226448051776,5.806274414,0.0,0.021475098,-0.353315115,2.178315115,869.6247709,898.585876,579.923523,0.003332,0.00338
92,4,0,0,105.1436,67.0,14.2,0.005258435,73.0333815491744,5.806274414,0.0,0.005368774,-0.361425161,2.186425161,883.6317876,638.539612,562.921509,0.003215,0.003401
93,4,0,0,105.5632,67.0,14.0,0.005250204,73.0433002334624,5.806274414,0.0,-0.005560516,-0.344468832,2.169468832,897.6455758,902.147827,574.686096,0.003108,0.003337
94,4,0,0,106.5348,67.0,14.0,0.005249551,73.055387809175,5.850219727,0.0,0.003834839,-0.321971655,2.146971655,914.3363289,1019.330994,580.219116,0.003096,0.003223
95,4,0,0,107.587,67.0,13.8,0.005258424,73.0651330387978,5.806274414,0.0,0.003834839,-0.298319101,2.123319101,927.6936997,900.23053,574.941284,0.003144,0.003268
96,4,0,0,108.5329,67.0,13.8,0.005276599,73.0764298331146,5.806274414,0.0,0.003834839,-0.258648157,2.083648157,944.3950739,901.206726,580.561401,0.003155,0.003312
97,4,0,0,109.0441,67.0,13.9,0.005294414,73.0801856947132,5.671691895,0.0,-0.001725677,-0.214984655,2.039984655,958.4270831,978.299316,583.89209,0.003203,0.003377
98,4,0,0,109.9505,67.0,13.9,0.005315358,73.0778212201984,5.671691895,0.0,-0.001725677,-0.160656214,1.985656214,974.4657051,936.420715,731.240112,0.003129,0.003393
99,4,0,0,110.4753,67.0,13.7,0.005338486,73.0756659920704,5.671691895,0.0,-0.001725677,-0.119327307,1.944327307,989.1690295,936.722595,730.12793,0.003109,0.003371
100,4,0,0,110.6733,67.0,13.7,0.005375998,73.075673298474,5.894165039,0.0,-0.010162323,-0.076576948,1.901576948,1005.210719,898.367493,583.566711,0.003295,0.003559
101,4,0,0,111.1383,67.0,13.6,0.005416139,73.1154500838754,6.465454102,0.0,0.003067871,-0.052875757,1.877875757,1019.249111,938.567078,737.988892,0.003304,0.00345
102,4,0,0,111.4057,66.0,13.6,0.005458625,73.1962156969124,6.465454102,0.0,0.003067871,-0.019514322,1.844514322,1035.295531,896.097412,589.204895,0.003339,0.003589
103,4,0,0,111.7418,66.0,13.7,0.005488519,73.259559383686,6.729125977,0.0,-0.016298065,0.013664007,1.811335993,1050.010916,901.876587,582.4552,0.003179,0.003386
104,4,0,0,111.4728,66.0,13.7,0.00551868,73.3317409863772,6.377563477,0.0,-0.010162323,0.01053071,1.81446929,1066.070664,896.107788,585.435486,0.003237,0.003419
105,4,0,0,110.8058,67.0,13.8,0.005541798,73.3842020746698,6.333618164,0.0,0.0,-0.021404505,1.846404505,1080.124676,916.468201,583.637878,0.003257,0.003388
106,4,0,0,110.4094,68.0,13.8,0.005565872,73.4436930980438,6.377563477,0.0,-0.010162323,-0.067213297,1.892213297,1096.855595,0.0,0.0,0.0,0.0
107,4,0,0,110.4753,67.0,14.2,0.005594485,73.505470478569,6.641235352,0.0,0.003067871,-0.114379644,1.939379644,1110.240674,890.340576,588.519775,0.003235,0.003411
108,4,0,0,111.0716,67.0,14.2,0.005645391,73.56222811842,5.58380127,0.0,-0.007094452,-0.163875341,1.988875341,1126.973649,918.002319,519.143799,0.003267,0.003482
109,4,0,0,111.7418,67.0,14.3,0.005705053,73.5444036157556,5.58380127,0.0,-0.007094452,-0.209502935,2.034502935,1141.03848,910.179688,574.786926,0.003107,0.003264
110,4,0,0,112.2158,68.0,14.3,0.005777939,73.5257717715868,5.58380127,0.0,0.013038452,-0.28000474,2.10500474,1157.144063,896.151794,335.52301,0.003414,0.003877
111,4,0,0,112.5568,67.0,14.4,0.005827065,73.5103392470578,5.58380127,0.0,0.008436646,-0.3330338,2.1580338,1171.935899,899.972595,574.895691,0.002834,0.00296
112,4,0,0,113.1068,67.0,14.4,0.00584763,73.4927995331998,5.58380127,0.0,0.008436646,-0.361929655,2.186929655,1188.097704,877.773804,600.958923,0.003144,0.003146
113,4,0,0,113.3144,68.0,14.7,0.00583929,73.4773194687672,5.58380127,0.0,0.009203613,-0.365926027,2.190926027,1202.257155,934.09729,731.602722,0.003061,0.003262
114,4,0,0,113.4533,68.0,14.7,0.005823851,73.4594047786892,5.58380127,0.0,0.009203613,-0.3435781,2.1685781,1218.455629,0.0,0.0,0.0,0.0
115,4,0,0,112.7625,67.0,15.1,0.005822496,73.4437787149318,5.58380127,0.0,-0.008628387,-0.301087141,2.126087141,1232.64276,875.942627,583.686584,0.00333,0.003453
116,4,0,0,108.4693,68.0,15.1,0.005846074,73.4263886696938,5.58380127,0.0,-0.004793549,-0.253588915,2.078588915,1249.540257,906.982727,577.281006,0.003243,0.003431
117,4,0,0,103.6721,69.0,15.3,0.005887592,73.4112137844054,5.58380127,0.0,0.003067871,-0.235261679,2.060261679,1263.736316,892.937683,583.489319,0.00333,0.003564
118,4,0,0,101.2904,68.0,15.3,0.005938753,73.394319319327,5.58380127,0.0,-0.003259613,-0.221194983,2.046194983,1279.963119,899.586914,579.732788,0.00339,0.003641
119,4,0,0,101.1798,67.0,15.6,0.005962161,73.3796484310464,5.58380127,0.0,0.009203613,-0.212121725,2.037121725,1294.163747,0.0,0.0,0.0,0.0
120,4,0,0,102.5241,68.0,15.6,0.005949217,73.3621865770576,5.58380127,0.0,0.0,-0.195097685,2.020097685,1310.395279,936.241394,724.311279,0.0,0.003311
121,4,0,0,104.2557,68.0,16.1,0.005906337,73.3484490737902,5.539855957,0.0,-0.013997162,-0.173495531,1.998495531,1325.276329,894.970886,588.65033,0.003406,0.003585
122,4,0,0,105.6837,67.0,16.1,0.005834207,73.3320550651716,5.58380127,0.0,0.018407227,-0.167196035,1.992196035,1341.512429,895.424194,582.445679,0.003449,0.003716
123,4,0,0,105.084,68.0,16.0,0.005764336,73.318529946504,5.58380127,0.0,0.008436646,-0.150722742,1.975722742,1356.397492,0.0,0.0,0.0,0.0
124,4,0,0,104.7867,69.0,16.0,0.005694093,73.302757046565,5.58380127,0.0,-0.000959,-0.09180522,1.91680522,1371.959788,890.342102,587.193726,0.003402,0.003646
125,4,0,0,102.0158,70.0,16.2,0.00565049,73.2892689427174,5.58380127,0.0,-0.007094452,-0.031219244,1.856219244,1386.844861,987.42627,587.521423,0.003349,0.003536
126,4,0,0,97.6582,71.0,16.2,0.005619748,73.2737712881986,5.58380127,0.0,-0.001725677,0.020491838,1.804508162,1403.082137,941.146423,734.489624,0.003187,0.003305
127,4,0,0,93.4684,74.0,16.4,0.005602381,73.306340081141,5.938110352,0.0,-0.001725677,0.052030802,1.772969198,1417.289597,901.966492,578.863892,0.003162,0.00342
128,4,0,0,91.0332,75.0,16.4,0.005584025,73.3232111464158,5.894165039,0.0,-0.010162323,0.080911875,1.744088125,1434.210621,1039.600586,612.666626,0.003298,0.003417
129,4,0,0,89.9717,75.0,16.6,0.005561925,73.3372898458566,5.894165039,0.0,0.003067871,0.076559782,1.748440218,1449.133875,839.452026,581.545593,0.003157,0.003218
130,4,0,0,90.5436,74.0,16.6,0.005528138,73.3504810103808,5.850219727,0.0,0.003834839,0.063273668,1.761726332,1463.260935,988.840271,580.354919,0.003147,0.003347
131,4,0,0,91.9828,73.0,16.7,0.005498863,73.3599907935616,5.850219727,0.0,0.003834839,0.06104207,1.76395793,1477.515252,802.9729,572.699219,0.003111,0.003246
132,4,0,0,93.3742,72.0,16.7,0.005474396,73.3689644251214,5.806274414,0.0,-0.000959,0.068176985,1.756823015,1493.822898,900.905396,575.866089,0.002815,0.002955
133,4,0,0,92.9057,71.0,16.5,0.005461908,73.3766933931252,5.850219727,0.0,-0.010929291,0.072862387,1.752137613,1508.784308,1000.861389,530.969727,0.003253,0.00357
134,4,0,0,92.1659,70.0,16.5,0.005459939,73.3867087343736,5.850219727,0.0,-0.008628387,0.056138754,1.768861246,1525.122004,0.0,0.0,0.0,0.0
135,4,0,0,92.3958,69.0,16.4,0.00547345,73.3950012610586,5.850219727,0.0,-0.007094452,0.017508745,1.807491255,1539.423826,931.769714,727.803284,0.00297,0.003034
136,4,0,0,93.5156,69.0,16.4,0.005502016,73.4015097216998,5.806274414,0.0,-0.008628387,-0.04863286,1.87363286,1555.764654,934.466187,573.184692,0.003322,0.003505
137,4,0,0,94.9055,68.0,16.3,0.005522985,73.4067172884454,5.75958252,0.0,-0.003259613,-0.132742643,1.957742643,1570.059524,897.803528,575.723877,0.003152,0.003316
138,4,0,0,96.1372,68.0,16.3,0.005524089,73.4118235794248,5.75958252,0.0,0.0,-0.263843775,2.088843775,1587.073064,906.678101,574.631409,0.002967,0.003186
139,4,0,0,97.2479,69.0,16.1,0.005505668,73.412358733255,5.75958252,0.0,0.012271484,-0.383466959,2.208466959,1601.361006,894.984924,584.638123,0.003218,0.003351
140,4,0,0,98.0719,69.0,16.1,0.005479101,73.410543478202,5.75958252,0.0,0.043717163,-0.494679689,2.319679689,1617.686292,893.477417,579.220276,0.003278,0.00333
141,4,0,0,98.8045,68.0,16.0,0.005461724,73.405874943796,5.671691895,0.0,0.029144775,-0.498328447,2.323328447,1631.967627,879.014587,580.716309,0.003294,0.003363
142,4,0,0,99.5481,69.0,16.0,0.005449908,73.3974342129904,5.671691895,0.0,0.018407227,-0.395806551,2.220806551,1648.285638,901.423828,589.327515,0.003304,0.003388
143,4,0,0,99.6016,70.0,15.9,0.00544513,73.3900010416786,5.627746582,0.0,-0.015531097,-0.269306421,2.094306421,1663.240627,870.988525,581.697876,0.003275,0.003391
144,4,0,0,99.5481,70.0,15.9,0.005445936,73.376207806967,5.58380127,0.0,-0.020132904,-0.118741751,1.943741751,1679.551626,932.667786,722.785706,0.003239,0.00347
145,4,0,0,99.8702,69.0,15.8,0.005451182,73.3626972689198,5.627746582,0.0,-0.019365936,-0.046761274,1.871761274,1694.500166,924.518127,583.175903,0.003399,0.003547
146,4,0,0,100.2486,68.0,15.8,0.005463671,73.346881447883,5.58380127,0.0,-0.015531097,-0.021597147,1.846597147,1710.804008,888.532898,580.06488,0.00329,0.003482
147,4,0,0,100.9041,68.0,15.5,0.005483467,73.3332300282122,5.58380127,0.0,0.0,-0.043794394,1.868794394,1725.066873,860.618896,583.864929,0.003252,0.003472
148,4,0,0,101.5682,68.0,15.5,0.005512253,73.3182142100894,5.58380127,0.0,-0.004793549,-0.077602148,1.902602148,1741.363993,910.075378,580.969299,0.003325,0.003601
149,4,0,0,102.0158,67.0,15.4,0.00553171,73.3051133939128,5.58380127,0.0,0.0,-0.115701914,1.940701914,1755.621069,902.293396,577.463074,0.003249,0.003531
150,4,0,0,101.5682,67.0,15.4,0.005537908,73.2893328013286,5.58380127,0.0,-0.000959,-0.161449671,1.986449671,1772.590139,936.596375,729.1427,0.002842,0.003116
151,4,0,0,101.0693,67.0,15.1,0.005530967,73.2764385278476,5.58380127,0.0,-0.000959,-0.202100992,2.027100992,1786.841296,903.233215,580.120911,0.003176,0.003314
152,4,0,0,99.9241,68.0,15.1,0.005516733,73.2616498519724,5.58380127,0.0,0.009203613,-0.250473738,2.075473738,1803.125311,919.008179,582.006104,0.003322,0.003498
153,4,0,0,99.4411,68.0,15.1,0.005503699,73.2483073451146,5.58380127,0.0,0.016106323,-0.279721975,2.104721975,1817.375124,904.668274,584.742004,0.003472,0.00369
154,4,0,0,99.978,67.0,15.1,0.005488293,73.2335708440422,5.58380127,0.0,0.009203613,-0.26394105,2.08894105,1833.666571,898.401489,584.765686,0.003459,0.003752
155,4,0,0,100.7394,67.0,15.1,0.005474047,73.2208126885384,5.58380127,0.0,-0.003259613,-0.209576368,2.034576368,1848.603551,899.499695,584.447083,0.003482,0.003742
156,4,0,0,101.5682,67.0,15.1,0.005459376,73.2067165116652,5.58380127,0.0,0.0,-0.149204969,1.974204969,1864.901647,918.482605,583.940613,0.003451,0.003622
157,4,0,0,102.2976,68.0,15.1,0.00544874,73.1943566356246,5.58380127,0.0,0.0,-0.098974466,1.923974466,1879.16464,939.080811,724.994324,0.003058,0.003306
158,4,0,0,102.8658,68.0,15.1,0.005438122,73.1806755558176,5.58380127,0.0,-0.005560516,-0.046317816,1.871317816,1896.146592,892.513,581.917908,0.003289,0.003502
159,4,0,0,103.3827,67.0,15.1,0.005428378,73.169210553284,5.58380127,0.0,-0.015531097,-0.012936354,1.837936354,1909.733618,900.233704,584.943909,0.003323,0.003529
160,4,0,0,103.7883,67.0,15.1,0.005413129,73.1557261991986,5.58380127,0.0,-0.005560516,-0.004231215,1.829231215,1926.71953,917.871521,585.186707,0.003298,0.003579
161,4,0,0,104.1385,68.0,15.1,0.005396886,73.144387690789,5.58380127,0.0,0.0,-0.015530825,1.840530825,1940.989462,0.0,0.0,0.0,0.0
162,4,0,0,104.491,68.0,15.1,0.00538157,73.1314181323828,5.58380127,0.0,0.0,-0.030250311,1.855250311,1957.299553,901.024414,583.942871,0.00312,0.003436
163,4,0,0,104.7867,67.0,15.1,0.005376254,73.1206536433644,5.58380127,0.0,-0.019365936,-0.045139551,1.870139551,1972.251495,895.223206,584.2099,0.003384,0.003503
164,4,0,0,105.0244,67.0,15.1,0.005380475,73.1078068132266,5.58380127,0.0,-0.005560516,-0.09517169,1.92017169,1988.563662,882.138611,586.915771,0.003485,0.003617
165,4,0,0,105.1436,68.0,14.8,0.005388901,73.0971657766796,5.58380127,0.0,-0.003259613,-0.160262346,1.985262346,2002.837384,915.705872,582.789124,0.003371,0.00353
166,4,0,0,105.0244,68.0,14.8,0.005396032,73.0851248235468,5.58380127,0.0,0.016106323,-0.240784407,2.065784407,2019.15016,889.831726,581.671814,0.003253,0.003475
167,4,0,0,105.0244,67.0,14.8,0.005398387,73.0742461679488,5.58380127,0.0,0.016106323,-0.29203105,2.11703105,2034.102987,685.933716,567.053528,0.003356,0.00356
168,4,0,0,105.2632,67.0,14.8,0.005404328,73.062376689993,5.58380127,0.0,0.009203613,-0.293074369,2.118074369,2050.412989,0.0,0.0,0.0,0.0
169,4,0,0,105.6234,66.0,14.5,0.005417792,73.0522076567746,5.58380127,0.0,0.009203613,-0.267156839,2.092156839,2064.682359,980.260193,575.315613,0.003223,0.003338
170,4,0,0,106.1076,66.0,14.5,0.005444191,73.0405889300842,5.58380127,0.0,0.0,-0.217563868,2.042563868,2081.667353,873.896484,575.808777,0.003148,0.003172
171,4,0,0,106.2903,66.0,14.6,0.005480519,73.0308337386468,5.58380127,0.0,-0.008628387,-0.171776056,1.996776056,2095.253088,900.296204,579.701904,0.003175,0.003242
172,4,0,0,105.9255,65.0,14.6,0.005539743,73.0201916882156,5.58380127,0.0,-0.005560516,-0.128510237,1.953510237,2112.232071,0.0,0.0,0.0,0.0
173,4,0,0,105.0244,65.0,14.3,0.005594288,73.0105509691324,5.58380127,0.0,-0.003259613,-0.106568575,1.931568575,2126.491532,897.738098,575.041626,0.00425,0.004371
174,4,0,0,104.6091,66.0,14.3,0.005629942,72.9994241211196,5.58380127,0.0,-0.003259613,-0.094460249,1.919460249,2142.784949,895.775391,582.887695,0.002874,0.003137
175,4,0,0,104.7867,66.0,14.4,0.005628863,72.9892249127762,5.539855957,0.0,-0.003259613,-0.091839552,1.916839552,2157.717645,850.175415,587.250671,0.003099,0.003274
176,4,0,0,104.7867,66.0,14.4,0.005609869,72.9636396898298,5.276184082,0.0,-0.003259613,-0.098700285,1.923700285,2173.326065,890.400085,582.670898,0.002995,0.003261
177,4,0,0,105.6837,66.0,14.1,0.005594866,72.9277188508816,5.23223877,0.0,0.012271484,-0.11153388,1.93653388,2188.252987,894.56781,576.912415,0.0028,0.003002
178,4,0,0,105.9861,68.0,14.1,0.005590128,72.8856512504572,5.276184082,0.0,-0.000959,-0.095359087,1.920359087,2204.533763,894.31958,577.99231,0.003148,0.00322
179,4,0,0,106.4124,69.0,13.9,0.005602667,72.844395529876,5.188293457,0.0,-0.016298065,-0.051306486,1.876306486,2218.776829,905.59137,579.422119,0.003139,0.003239
180,4,0,0,106.719,69.0,13.9,0.005639877,72.7943515093294,5.23223877,0.0,-0.000959,-0.02736783,1.85236783,2235.7296,936.386475,729.095703,0.003231,0.003356
181,4,0,0,107.1513,68.0,13.7,0.00569239,72.7523145829254,5.58380127,0.0,-0.000959,-0.026451349,1.851451349,2249.289204,898.393188,594.973511,0.003255,0.003426
182,4,0,0,107.4622,68.0,13.7,0.00576841,72.742566874919,5.58380127,0.0,-0.010162323,-0.033134222,1.858134222,2266.235686,861.470398,296.136108,0.003817,0.004175
183,4,0,0,107.8376,67.0,13.6,0.005831242,72.736687875432,5.58380127,0.0,-0.010162323,-0.06257844,1.88757844,2280.468174,934.572083,733.222595,0.003255,0.003352
184,4,0,0,107.7122,67.0,13.6,0.005862206,72.7544563891578,5.806274414,0.0,-0.010162323,-0.120579958,1.945579958,2295.375914,901.916321,582.628296,0.003323,0.003416
185,4,0,0,107.0274,67.0,13.4,0.005835178,72.760908603366,5.671691895,0.0,-0.004793549,-0.209007502,2.034007502,2311.6361,0.0,0.0,0.0,0.0
186,4,0,0,106.5962,67.0,13.4,0.005772599,72.7561090525906,5.58380127,0.0,0.013038452,-0.309620619,2.134620619,2325.861387,895.931824,580.877686,0.003179,0.003328
187,4,0,0,106.9039,67.0,13.0,0.00569834,72.7496055969968,5.58380127,0.0,0.02761084,-0.405749559,2.230749559,2342.116111,899.710205,583.671509,0.003137,0.00338
188,4,0,0,107.4622,67.0,13.0,0.005650939,72.7432107396662,5.58380127,0.0,0.04141626,-0.424333334,2.249333334,2356.336631,891.57843,577.82019,0.003131,0.00326
189,4,0,0,108.0894,67.0,12.9,0.005617502,72.7352275281292,5.58380127,0.0,0.003067871,-0.336547613,2.161547613,2373.263013,932.695801,724.306519,0.002966,0.003254
190,4,0,0,108.4693,67.0,12.9,0.005598255,72.7293822282218,5.58380127,0.0,-0.004793549,-0.232203722,2.057203722,2387.478764,893.809875,583.616394,0.003296,0.003545
191,4,0,0,108.8518,67.0,12.5,0.00558108,72.7228691809616,5.58380127,0.0,-0.008628387,-0.130850554,1.955850554,2403.722672,826.826477,581.984009,0.003467,0.00354
192,4,0,0,108.9159,67.0,12.5,0.005574435,72.7173682154406,5.58380127,0.0,-0.008628387,-0.068336248,1.893336248,2417.933832,869.241272,582.369995,0.003412,0.003585
193,4,0,0,109.1084,67.0,12.5,0.005585027,72.7112778613314,5.58380127,0.0,-0.003259613,-0.015609503,1.840609503,2434.172747,1016.127991,588.989807,0.003312,0.003604
194,4,0,0,107.3376,67.0,12.5,0.005613269,72.7057303376042,5.58380127,0.0,-0.000959,0.021134615,1.803865385,2449.056063,896.637573,583.035217,0.003374,0.003592
195,4,0,0,102.5241,67.0,12.1,0.005661404,72.6996003615442,5.58380127,0.0,-0.005560516,0.059787035,1.765212965,2465.28983,860.627686,583.76709,0.003357,0.003543
196,4,0,0,98.8045,67.0,12.1,0.005696399,72.6943946133528,5.58380127,0.0,-0.005560516,0.083697557,1.741302443,2479.492186,875.889282,586.58667,0.003399,0.003567
197,4,0,0,97.6067,67.0,12.1,0.00569031,72.6882221346234,5.58380127,0.0,-0.005560516,0.095896959,1.729103041,2496.397205,0.0,0.0,0.003316,0.0
198,4,0,0,98.3323,66.0,12.1,0.005635956,72.6830545116966,5.58380127,0.0,-0.005560516,0.092403173,1.732596827,2509.919317,894.041016,578.706299,0.002809,0.003179
199,4,0,0,99.7089,66.0,12.1,0.005547795,72.677028515094,5.58380127,0.0,-0.000959,0.073528051,1.751471949,2526.819579,900.902283,576.352722,0.00284,0.003064
200,4,0,0,101.2904,66.0,12.1,0.00547339,72.6718478887,5.58380127,0.0,-0.007094452,0.049094439,1.775905561,2541.013708,945.736206,687.343506,0.003073,0.003138
201,4,0,0,102.6378,66.0,12.1,0.005398029,72.6663910512818,5.58380127,0.0,-0.010929291,0.010803938,1.814196062,2557.233096,925.635986,485.597809,0.0,0.004265
202,4,0,0,103.6141,66.0,12.1,0.005337427,72.6615689697464,5.58380127,0.0,-0.003259613,-0.043518782,1.868518782,2572.09629,903.814209,584.165527,0.00301,0.003206
203,4,0,0,104.4321,66.0,12.1,0.005275723,72.65621073659,5.58380127,0.0,0.0,-0.118370295,1.943370295,2588.302527,888.874573,578.829102,0.003032,0.003217
204,4,0,0,105.084,67.0,12.1,0.005228834,72.6516150891926,5.58380127,0.0,0.0,-0.18677783,2.01177783,2602.475436,911.009521,579.0896,0.003053,0.00324
205,4,0,0,105.503,67.0,12.4,0.005179026,72.6465951071174,5.58380127,0.0,0.023009033,-0.25397563,2.07897563,2618.663427,892.824707,584.331604,0.00323,0.003359
206,4,0,0,105.323,67.0,12.4,0.005136532,72.6418013177792,5.58380127,0.0,0.014572388,-0.272032022,2.097032022,2633.49289,0.0,0.0,0.0,0.0
207,4,0,0,105.084,67.0,12.6,0.005091888,72.636379000704,5.58380127,0.0,0.013038452,-0.244128466,2.069128466,2649.660869,887.880493,581.800598,0.003221,0.003392
208,4,0,0,105.1436,68.0,12.6,0.005061514,72.6316843306164,5.58380127,0.0,-0.004793549,-0.18839097,2.01339097,2663.804929,881.977478,582.592896,0.003253,0.003364
209,4,0,0,105.503,68.0,12.6,0.005040484,72.6265845896508,5.58380127,0.0,-0.003259613,-0.12227273,1.94727273,2680.641844,869.704529,581.757202,0.0033,0.003412
210,4,0,0,106.0468,68.0,12.6,0.005028887,72.6221666616696,5.58380127,0.0,-0.003259613,-0.075340509,1.900340509,2694.114053,915.4198,572.075928,0.003232,0.003348
211,4,0,0,106.4124,67.0,12.8,0.005012473,72.6173403958502,5.58380127,0.0,-0.000959,-0.032274961,1.857274961,2710.955703,871.351379,578.49408,0.003256,0.003427
212,4,0,0,106.5348,66.0,12.8,0.004994416,72.612955217938,5.58380127,0.0,0.001533936,0.001809359,1.823190641,2725.101898,866.783813,584.468323,0.003283,0.003409
213,4,0,0,106.1684,66.0,12.7,0.004978358,72.608263428569,5.58380127,0.0,0.001533936,0.041486979,1.783513021,2741.267834,940.612305,730.472717,0.00301,0.003017
214,4,0,0,103.7883,66.0,12.7,0.004973756,72.6044954325468,5.58380127,0.0,-0.010162323,0.077902555,1.747097445,2756.085189,0.0,0.0,0.0,0.0
215,4,0,0,102.0158,66.0,13.0,0.004979322,72.599977902513,5.58380127,0.0,-0.010162323,0.10571599,1.71928401,2772.247557,887.142212,577.833313,0.003267,0.003366
216,4,0,0,101.7356,66.0,13.0,0.004991665,72.5959476645378,5.58380127,0.0,-0.003259613,0.110933542,1.714066458,2786.388372,853.312988,581.46167,0.003335,0.003444
217,4,0,0,102.4107,66.0,13.2,0.005009695,72.5914761777214,5.58380127,0.0,-0.003259613,0.104152441,1.720847559,2802.548121,850.10553,585.369507,0.003312,0.003293
218,4,0,0,103.7301,66.0,13.2,0.005022251,72.5874980501754,5.58380127,0.0,-0.004793549,0.090140104,1.734859896,2816.686823,769.568176,586.49762,0.003301,0.003279
219,4,0,0,104.6682,67.0,13.3,0.005029391,72.582998480376,5.58380127,0.0,-0.004793549,0.063141108,1.761858892,2833.517279,893.655518,581.037903,0.003306,0.003486
220,4,0,0,105.503,67.0,13.3,0.00503581,72.5791115702212,5.58380127,0.0,-0.004793549,0.027361155,1.797638845,2847.653702,806.872498,425.0065,0.003087,0.003214
221,4,0,0,106.2293,68.0,13.5,0.005053392,72.5747502266344,5.58380127,0.0,-0.008628387,-0.027096033,1.852096033,2863.808331,0.0,0.0,0.0,0.0
222,4,0,0,106.6576,67.0,13.5,0.005079266,72.5710913277708,5.58380127,0.0,-0.008628387,-0.09009099,1.91509099,2877.942511,904.422729,585.63208,0.003309,0.003361
223,4,0,0,107.2133,67.0,13.7,0.005116187,72.5666688936376,5.58380127,0.0,-0.010162323,-0.186782598,2.011782598,2894.094566,942.416199,733.098816,0.003023,0.003125
224,4,0,0,107.5246,68.0,13.7,0.005149098,72.5631094037058,5.58380127,0.0,-0.000959,-0.288539648,2.113539648,2908.899405,870.833801,581.013916,0.003319,0.003484
225,4,0,0,107.9634,69.0,13.5,0.005183493,72.558986966642,5.58380127,0.0,0.003834839,-0.422089815,2.247089815,2925.048827,879.861694,592.986206,0.003235,0.003454
226,4,0,0,108.279,69.0,13.5,0.005210221,72.555617813352,5.58380127,0.0,0.02761084,-0.521824121,2.346824121,2939.85128,906.026489,577.991272,0.003283,0.003382
227,4,0,0,108.4693,69.0,13.6,0.005232773,72.5513270876044,5.58380127,0.0,0.02761084,-0.582499266,2.407499266,2955.325295,870.767029,595.074402,0.003277,0.003469
228,4,0,0,108.724,69.0,13.6,0.005238937,72.5476491341552,5.58380127,0.0,0.021475098,-0.575537443,2.400537443,2970.125352,892.194824,583.609009,0.003205,0.003368
229,4,0,0,108.724,70.0,13.8,0.005226612,72.5433594383852,5.58380127,0.0,0.016106323,-0.50120616,2.32620616,2986.26965,1138.763062,546.063416,0.002805,0.003099
230,4,0,0,108.5329,71.0,13.8,0.005204635,72.5397277856478,5.58380127,0.0,0.010737549,-0.388909101,2.213909101,3000.394973,935.229126,724.025391,0.00287,0.003023
231,4,0,0,104.1971,71.0,13.6,0.005181148,72.5357910986068,5.58380127,0.0,-0.004793549,-0.233287573,2.058287573,3017.209634,898.715271,607.792419,0.003032,0.003152
232,4,0,0,97.9681,70.0,13.6,0.005166799,72.5511551457188,6.465454102,0.0,-0.030103485,-0.08951354,1.91451354,3031.332803,937.515076,728.933716,0.003185,0.003394
233,4,0,0,93.5156,69.0,13.7,0.005150831,72.678307296658,7.300415039,0.0,-0.030103485,0.026884317,1.798115683,3047.472314,891.350525,582.990723,0.003282,0.003518
234,4,0,0,91.0332,68.0,13.7,0.005134383,72.8116734472986,7.432250977,0.0,-0.017832001,0.05411458,1.77088542,3061.593455,895.437378,581.772705,0.003365,0.003483
235,4,0,0,90.7655,67.0,13.6,0.005114443,73.0398722587954,8.486938477,0.0,0.001533936,0.0237391,1.8012609,3077.730842,875.936096,580.000916,0.003323,0.003535
236,4,0,0,92.1659,67.0,13.6,0.005098422,73.2482786505824,8.267211914,0.0,-0.005560516,-0.01873374,1.84373374,3092.522443,967.987793,579.612183,0.003377,0.003559
237,4,0,0,93.9903,68.0,13.4,0.00508556,73.4671599306548,8.223266602,0.0,0.016106323,-0.082501173,1.907501173,3108.657632,903.672729,578.091797,0.003259,0.003333
238,4,0,0,95.8883,68.0,13.4,0.005075378,73.6417827513872,8.091430664,0.0,0.013038452,-0.109309435,1.934309435,3122.774996,886.013123,586.424072,0.003211,0.003549
239,4,0,0,96.7904,68.0,13.3,0.005054985,73.8515422923396,8.267211914,0.0,-0.007094452,-0.105754137,1.930754137,3138.908133,998.81488,580.898499,0.003396,0.003588
240,4,0,0,97.044,68.0,13.3,0.005028674,74.0362249203846,8.311157227,0.0,-0.005560516,-0.095469713,1.920469713,3153.023741,891.018188,585.304016,0.003171,0.003338
241,4,0,0,97.299,68.0,13.2,0.004996707,74.253888573813,8.311157227,0.0,0.003067871,-0.105076551,1.930076551,3169.82695,897.730591,579.158203,0.003223,0.003507
242,4,0,0,97.9163,68.0,13.2,0.004973585,74.4356385498562,8.355102539,0.0,0.003067871,-0.119151831,1.944151831,3183.940746,917.414673,578.404907,0.003245,0.003508
243,4,0,0,98.6991,68.0,13.1,0.004955558,74.6491508624744,8.442993164,0.0,0.003067871,-0.128705263,1.953705263,3200.069791,895.932373,593.781006,0.00339,0.003563
244,4,0,0,99.8163,68.0,13.1,0.004947256,74.8438372928,8.399047852,0.0,0.001533936,-0.129336119,1.954336119,3214.181823,782.232788,566.745789,0.003156,0.003395
245,4,0,0,100.5753,68.0,13.0,0.004948767,75.0646939089752,8.530883789,0.0,0.001533936,-0.123715639,1.948715639,3230.308852,939.505981,724.526489,0.002867,0.003132
246,4,0,0,101.2904,69.0,13.0,0.004961455,75.2299249111488,6.421508789,0.0,0.001533936,-0.114644289,1.939644289,3245.090973,951.636902,721.565491,0.003334,0.003594
247,4,0,0,101.5125,68.0,12.9,0.004985376,75.1492872567352,3.65020752,0.0,-0.000959,-0.100206614,1.925206614,3261.215796,932.701294,731.726929,0.003189,0.003503
248,4,0,0,101.7356,68.0,12.9,0.005008876,74.9339905562052,0.087890625,0.0,0.003067871,-0.088060617,1.913060617,3275.995863,908.50531,580.930603,0.003226,0.00335
249,4,0,0,101.9597,68.0,12.8,0.005035743,74.3810675846368,0.0,0.0,-0.010929291,-0.073230028,1.898230028,3292.118788,924.548584,572.012085,0.003337,0.003453
250,4,0,0,102.4107,68.0,12.8,0.00506084,73.8707206361856,0.0,0.0,-0.001725677,-0.063577414,1.888577414,3306.225825,930.38623,580.845215,0.003341,0.003475
251,4,0,0,102.8658,68.0,13.0,0.005090275,73.3111512513512,0.0,0.0,-0.005560516,-0.073930979,1.898930979,3322.347331,909.06543,580.509705,0.003346,0.003527
252,4,0,0,103.1523,67.0,13.0,0.005111414,72.8262792538696,0.0,0.0,-0.005560516,-0.092776537,1.917776537,3336.452631,936.587891,741.635376,0.003209,0.003337
253,4,0,0,103.5561,67.0,12.9,0.005126669,72.2746909562434,0.0,0.0,-0.000959,-0.132488966,1.957488966,3353.243229,901.52301,586.738586,0.00318,0.003327
254,4,0,0,103.7883,68.0,12.9,0.00513402,71.9903420307456,6.729125977,0.0,-0.000959,-0.175117254,2.000117254,3367.346233,948.288574,582.245728,0.003352,0.003533
255,4,0,0,104.1385,69.0,12.8,0.00513774,72.1833565016518,7.871704102,0.0,0.00690271,-0.224680185,2.049680185,3383.466236,949.183228,583.738892,0.003378,0.003505
256,4,0,0,104.4321,69.0,12.8,0.005135257,72.3477147748368,7.344360352,0.0,0.014572388,-0.260192633,2.085192633,3397.591352,890.954529,577.994629,0.003163,0.003382
257,4,0,0,104.7274,69.0,12.7,0.005123583,72.49984645752,7.124633789,0.0,0.013038452,-0.269701719,2.094701719,3413.76757,1021.124817,576.047302,0.003257,0.003564
258,4,0,0,104.846,68.0,12.7,0.005107865,72.6132225132186,7.036743164,0.0,0.013038452,-0.248482466,2.073482466,3428.639748,894.738586,587.047607,0.003371,0.003583
259,4,0,0,105.0244,68.0,12.7,0.005091615,72.7114355122778,6.509399414,0.0,0.013038452,-0.187347174,2.012347174,3444.917357,896.456177,591.690308,0.003282,0.003449
260,4,0,0,105.383,68.0,12.7,0.005086661,72.769638790064,6.245727539,0.0,-0.003259613,-0.107069254,1.932069254,3459.2033,889.390625,586.870483,0.003391,0.003593
261,4,0,0,105.8649,67.0,12.6,0.00509685,72.806088248922,5.894165039,0.0,-0.024734711,0.004054785,1.820945215,3476.259181,900.536621,587.07312,0.0035,0.003723
262,4,0,0,106.2293,67.0,12.6,0.005117822,72.8226161385352,5.850219727,0.0,-0.024734711,0.078411341,1.746588659,3489.943539,903.924622,587.413208,0.003455,0.003608
263,4,0,0,106.5348,67.0,12.5,0.005148444,72.828726915169,5.671691895,0.0,-0.023200775,0.094390154,1.730609846,3507.098768,906.535828,584.318176,0.003367,0.003454
264,4,0,0,106.9039,66.0,12.5,0.005175096,72.8276953121356,5.627746582,0.0,-0.004793549,0.052524805,1.772475195,3521.551607,893.823975,581.191101,0.003469,0.003634
265,4,0,0,107.1513,66.0,12.8,0.005192217,72.8224400445524,5.58380127,0.0,-0.015531097,-0.0244596,1.8494596,3538.116666,903.497925,584.231323,0.003437,0.003658
266,4,0,0,107.2754,67.0,12.8,0.005185051,72.8161024636324,5.58380127,0.0,0.001533936,-0.119160414,1.944160414,3553.34682,895.473877,583.992676,0.003455,0.00367
267,4,0,0,107.5246,68.0,12.7,0.005157709,72.8091311407138,5.58380127,0.0,0.003067871,-0.243194818,2.068194818,3570.011057,873.957397,577.948181,0.003423,0.003598
268,4,0,0,107.4622,69.0,12.7,0.00513008,72.8026034001794,5.58380127,0.0,-0.001725677,-0.349959612,2.174959612,3584.631086,911.67218,581.401428,0.00336,0.003562
269,4,0,0,104.55,69.0,12.9,0.005104101,72.7956363259184,5.58380127,0.0,0.023009033,-0.462064505,2.287064505,3601.336548,897.880188,592.339417,0.003284,0.003446
270,4,0,0,101.0142,69.0,12.9,0.005088609,72.7892129188962,5.58380127,0.0,0.021475098,-0.525158167,2.350158167,3616.59858,919.145691,590.296326,0.003456,0.003538
271,4,0,0,100.4662,68.0,12.8,0.005075149,72.7818428658992,5.58380127,0.0,0.017640259,-0.535299063,2.360299063,3633.127902,937.087219,731.941528,0.003068,0.003201
272,4,0,0,100.7394,68.0,12.8,0.005063213,72.7756144465114,5.58380127,0.0,0.018407227,-0.500472307,2.325472307,3647.479427,907.82843,586.391602,0.003013,0.003251
273,4,0,0,101.9597,68.0,13.1,0.005051774,72.7737517642086,6.421508789,0.0,0.005368774,-0.411573648,2.236573648,3664.429964,884.265076,580.82843,0.003331,0.003516
274,4,0,0,103.1523,67.0,13.1,0.005048981,72.8675450328258,6.685180664,0.0,0.00690271,-0.313266516,2.138266516,3677.885857,869.097229,584.466125,0.003256,0.003412
275,4,0,0,103.6141,66.0,13.2,0.005054749,72.9446784620432,6.597290039,0.0,-0.001725677,-0.199361563,2.024361563,3692.583825,923.351013,574.842285,0.00313,0.003287
276,4,0,0,103.7883,66.0,13.2,0.005068994,73.028256589851,6.597290039,0.0,0.001533936,-0.073155642,1.898155642,3708.595996,1003.674805,583.802002,0.003296,0.003521
277,4,0,0,104.1385,67.0,13.1,0.005084716,73.0985271495724,6.597290039,0.0,0.0,0.0376966,1.7873034,3722.645867,876.096191,575.610901,0.003131,0.003192
278,4,0,0,104.6682,67.0,13.1,0.005102835,73.1756820956656,6.509399414,0.0,-0.010929291,0.164070845,1.660929155,3739.411891,893.058594,579.207214,0.00337,0.003583
279,4,0,0,105.383,67.0,13.3,0.005118516,73.233675644263,6.421508789,0.0,-0.010929291,0.257599592,1.567400408,3752.850474,897.57428,581.960815,0.0,0.003508
280,4,0,0,105.9861,67.0,13.3,0.005140474,73.2882313207524,6.289672852,0.0,-0.012463226,0.329980135,1.495019865,3769.674078,947.249329,737.613098,0.003275,0.003483
281,4,0,0,106.4736,68.0,13.2,0.005165475,73.3288914889732,6.245727539,0.0,-0.015531097,0.372567415,1.452432585,3783.820778,908.9198,612.799622,0.0,0.003512
282,4,0,0,106.9656,68.0,13.2,0.005201014,73.3659912499384,6.069946289,0.0,-0.041608002,0.369234324,1.455765676,3799.997708,914.98938,593.945618,0.003431,0.003538
283,4,0,0,107.3998,68.0,13.4,0.005241059,73.3895297142728,6.026000977,0.0,-0.015531097,0.285651445,1.539348555,3814.83119,0.0,0.0,0.0,0.0
284,4,0,0,107.7122,67.0,13.4,0.005300812,73.408194244137,5.894165039,0.0,-0.010929291,0.135766268,1.689233732,3830.340349,906.872925,591.633423,0.003402,0.003592
285,4,0,0,107.9634,67.0,13.2,0.005363557,73.412463662223,5.75958252,0.0,0.009203613,-0.022480249,1.847480249,3845.174795,901.421875,585.707703,0.003434,0.0036
286,4,0,0,108.279,67.0,13.2,0.005439145,73.4044701830968,5.58380127,0.0,0.009203613,-0.204756021,2.029756021,3861.35632,882.08252,583.423096,0.003386,0.003607
287,4,0,0,108.4693,67.0,13.4,0.005503679,73.3909610451754,5.58380127,0.0,0.021475098,-0.339253187,2.164253187,3876.187734,897.920227,595.658081,0.003455,0.003641
288,4,0,0,108.5329,67.0,13.4,0.005574023,73.3758468641918,5.58380127,0.0,0.019941162,-0.435569048,2.260569048,3892.365857,878.836792,590.215576,0.00324,0.003467
289,4,0,0,109.0441,67.0,13.3,0.005624292,73.3625813320662,5.58380127,0.0,0.00690271,-0.466555357,2.291555357,3906.520364,923.775513,667.237488,0.00315,0.003304
290,4,0,0,109.4307,68.0,13.3,0.005648114,73.3476656309848,5.627746582,0.0,0.005368774,-0.475611448,2.300611448,3922.695613,0.0,0.0,0.0,0.0
291,4,0,0,109.4954,68.0,13.4,0.005630623,73.3350086868736,5.58380127,0.0,0.003834839,-0.462244749,2.287244749,3936.847612,883.361511,588.941284,0.00339,0.003437
292,4,0,0,109.3661,69.0,13.4,0.005579547,73.320107502039,5.58380127,0.0,0.012271484,-0.407859564,2.232859564,3953.693361,880.648071,582.802124,0.003414,0.003556
293,4,0,0,109.0441,69.0,13.6,0.005524089,73.307046983736,5.58380127,0.0,-0.004793549,-0.282735586,2.107735586,3967.843341,906.776184,589.188416,0.003422,0.003595
294,4,0,0,108.4693,70.0,13.6,0.005460054,73.2926357141842,5.58380127,0.0,-0.010929291,-0.121580839,1.946580839,3984.033922,892.235413,587.343018,0.003314,0.003576
295,4,0,0,108.0264,70.0,13.7,0.005404769,73.2805027068034,5.58380127,0.0,-0.037773163,-0.019482851,1.844482851,3998.218498,888.682922,585.003113,0.003484,0.003755
296,4,0,0,108.0264,69.0,13.7,0.005340079,73.2654540903314,5.58380127,0.0,-0.02856955,0.01097703,1.81402297,4014.448183,923.807922,567.23407,0.0,0.003621
297,4,0,0,107.7122,69.0,13.8,0.005287105,73.2532145929228,5.58380127,0.0,-0.008628387,-0.043905497,1.868905497,4029.342338,946.812988,617.914673,0.003446,0.003636
298,4,0,0,107.0274,68.0,13.8,0.005243049,73.2391343807024,5.58380127,0.0,0.013038452,-0.15340209,1.97840209,4045.60779,848.36731,588.88092,0.003504,0.003692
299,4,0,0,106.9039,67.0,14.0,0.00522443,73.2270308725238,5.58380127,0.0,0.009203613,-0.235970259,2.060970259,4059.852419,903.435486,584.34137,0.003449,0.003745
300,4,0,0,107.2754,66.0,14.0,0.005220511,73.2138378411652,5.58380127,0.0,0.021475098,-0.308737516,2.133737516,4076.822635,944.055603,730.9328,0.002896,0.003103
301,4,0,0,107.9005,66.0,14.1,0.005219724,73.201942195341,5.58380127,0.0,-0.000959,-0.331653833,2.156653833,4090.406709,939.391479,727.893616,0.00298,0.003144
302,4,0,0,108.5329,66.0,14.1,0.005208458,73.1880328789352,5.58380127,0.0,-0.000959,-0.338684797,2.163684797,4107.393037,871.51178,585.508118,0.003241,0.00346
303,4,0,0,108.7879,66.0,14.1,0.005187389,73.1769101830196,5.58380127,0.0,0.00690271,-0.345894098,2.170894098,4121.665117,899.917908,584.902405,0.003504,0.00376
304,4,0,0,109.0441,66.0,14.1,0.005158886,73.1630905068518,5.58380127,0.0,0.010737549,-0.344613314,2.169613314,4137.976937,891.045776,591.093018,0.003294,0.003534
305,4,0,0,108.5965,67.0,14.2,0.005138716,73.151649193803,5.539855957,0.0,0.00690271,-0.331761599,2.156761599,4152.927787,901.631104,587.689087,0.003405,0.003623
306,4,0,0,108.5329,68.0,14.2,0.005127713,73.1380564506686,5.58380127,0.0,0.005368774,-0.29476428,2.11976428,4169.234852,819.472595,580.276672,0.003424,0.003745
307,4,0,0,108.8518,67.0,14.3,0.005133131,73.126627095016,5.58380127,0.0,0.005368774,-0.247820616,2.072820616,4183.500805,897.713013,585.511719,0.003327,0.003541
308,4,0,0,109.3016,67.0,14.3,0.005158861,73.1138520253488,5.58380127,0.0,0.003834839,-0.183441877,2.008441877,4199.801483,0.0,0.0,0.0,0.0
309,4,0,0,109.755,68.0,14.4,0.005192846,73.102215821226,5.495910645,0.0,-0.000959,-0.119293928,1.944293928,4214.74068,940.046021,729.417175,0.003285,0.003444
310,4,0,0,110.0158,67.0,14.4,0.005234568,73.0891732631574,5.40802002,0.0,-0.010162323,-0.041807413,1.866807413,4231.03444,894.53363,588.715881,0.003378,0.003574
311,4,0,0,110.4094,66.0,14.4,0.005270234,73.0764897649362,5.495910645,0.0,-0.016298065,0.010089636,1.814910364,4245.287852,897.319397,587.461121,0.003313,0.003614
312,4,0,0,110.6733,66.0,14.4,0.005311017,73.0616952793436,5.58380127,0.0,-0.012463226,0.031145811,1.793854189,4262.252923,0.0,0.0,0.0,0.0
313,4,0,0,110.9385,66.0,14.2,0.005346604,73.0498850411932,5.58380127,0.0,-0.012463226,0.015414476,1.809585524,4275.822763,896.38562,582.978088,0.00335,0.003555
314,4,0,0,111.0716,67.0,14.2,0.005383053,73.0385882629698,5.58380127,0.0,-0.012463226,-0.03495574,1.85995574,4292.781825,912.583923,585.87561,0.002976,0.003187
315,4,0,0,111.2718,67.0,14.3,0.005406771,73.0290476448346,5.539855957,0.0,-0.005560516,-0.11144948,1.93644948,4307.024253,933.855225,579.473083,0.003199,0.003531
316,4,0,0,111.4728,66.0,14.3,0.005424262,73.0186200872386,5.58380127,0.0,0.003834839,-0.217348814,2.042348814,4323.298187,898.07251,583.924072,0.003282,0.003511
317,4,0,0,111.6744,67.0,14.3,0.005430496,73.0100396818144,5.58380127,0.0,0.023009033,-0.298367739,2.123367739,4338.213216,914.667419,593.201416,0.003309,0.003527
318,4,0,0,111.9445,68.0,14.3,0.005417276,72.999921262339,5.58380127,0.0,0.030678711,-0.341864347,2.166864347,4354.481241,888.193726,582.745422,0.003095,0.003317
319,4,0,0,112.2158,68.0,14.4,0.005386603,72.9907230956624,5.58380127,0.0,0.016106323,-0.312924147,2.137924147,4368.713088,892.988892,584.065674,0.003229,0.003459
320,4,0,0,112.2158,68.0,14.4,0.005348965,72.9806328235436,5.58380127,0.0,-0.000959,-0.22851491,2.05351491,4384.975064,882.644226,586.134094,0.003266,0.003527
321,4,0,0,112.2839,68.0,14.5,0.005329984,72.9722309100188,5.58380127,0.0,-0.000959,-0.141693354,1.966693354,4399.201655,965.027527,578.416077,0.002972,0.003235
322,4,0,0,112.5568,68.0,14.5,0.005320882,72.962759348663,5.58380127,0.0,-0.010929291,-0.044245481,1.869245481,4416.134869,902.955688,588.494202,0.003367,0.003573
323,4,0,0,112.352,68.0,14.2,0.005309986,72.9544963050868,5.58380127,0.0,0.0,0.030286074,1.794713926,4430.356003,897.939392,585.36969,0.003404,0.00365
324,4,0,0,112.4202,68.0,14.2,0.005290865,72.9449288431604,5.58380127,0.0,-0.007094452,0.098590136,1.726409864,4446.605697,890.273376,583.516724,0.003388,0.003697
325,4,0,0,112.0122,68.0,14.3,0.005279182,72.9371084485512,5.58380127,0.0,-0.000959,0.140931845,1.684068155,4460.821585,938.558594,730.773071,0.003268,0.003368
326,4,0,0,111.0716,68.0,14.3,0.00528623,72.9277940070596,5.58380127,0.0,-0.007094452,0.190116644,1.634883356,4477.065257,0.0,0.0,0.0,0.0
327,4,0,0,110.7395,69.0,14.1,0.005316956,72.937642862085,6.641235352,0.0,-0.015531097,0.222823858,1.602176142,4491.952484,905.335876,594.031677,0.003354,0.00357
328,4,0,0,110.8721,70.0,14.1,0.005379106,73.0442506613862,7.300415039,0.0,-0.016298065,0.228535891,1.596464109,4508.189932,943.937317,728.766907,0.003405,0.003665
329,4,0,0,111.3387,70.0,14.2,0.005449639,73.2262339434492,8.753356934,0.0,-0.016298065,0.188336611,1.636663389,4523.07122,0.0,0.0,0.0,0.0
330,4,0,0,111.4728,70.0,14.2,0.005536275,73.4206501977756,7.520141602,0.0,-0.015531097,0.102519274,1.722480726,4538.626129,545.006409,537.917603,0.003828,0.003855
331,4,0,0,110.6072,70.0,13.9,0.005607006,73.5583393736176,7.520141602,0.0,-0.013997162,-0.001886129,1.826886129,4553.502372,908.631287,588.133789,0.003069,0.003163
332,4,0,0,109.0441,70.0,13.9,0.005662678,73.708994696065,7.520141602,0.0,0.0,-0.157079935,1.982079935,4569.728455,0.0,0.0,0.0,0.0
333,4,0,0,108.3424,70.0,14.0,0.005675355,73.844512630846,7.476196289,0.0,-0.001725677,-0.310902834,2.135902834,4583.924448,878.346191,314.630096,0.00378,0.004165
334,4,0,0,108.279,69.0,14.0,0.005654224,73.9856901476984,7.476196289,0.0,0.009203613,-0.47577405,2.30077405,4600.822226,897.381409,583.163391,0.003313,0.003493
335,4,0,0,109.1084,68.0,13.8,0.005620782,74.1168591147172,7.432250977,0.0,0.038348389,-0.622351885,2.447351885,4615.014119,875.948181,589.743225,0.003435,0.003645
336,4,0,0,109.8853,68.0,13.8,0.00558586,74.2583072259972,7.476196289,0.0,0.052920776,-0.694788694,2.519788694,4631.230948,0.0,0.0,0.0,0.0
337,4,0,0,110.5412,67.0,14.0,0.005569491,74.3713542038526,7.388305664,0.0,0.054454712,-0.631906748,2.456906748,4645.418765,887.324402,589.239197,0.003281,0.003459
338,4,0,0,111.1383,67.0,14.0,0.005567586,74.4928116247348,7.212524414,0.0,-0.016298065,-0.418091536,2.243091536,4661.631363,887.729492,583.126099,0.003461,0.003669
339,4,0,0,111.4728,67.0,13.8,0.005577805,74.5921534792436,7.212524414,0.0,-0.024734711,-0.210321665,2.035321665,4676.491025,900.588196,593.545715,0.003314,0.003485
340,4,0,0,111.8768,67.0,13.8,0.005608114,74.7023058498948,7.212524414,0.0,-0.033938324,-0.035536051,1.860536051,4692.699488,902.518982,590.706604,0.003375,0.003533
341,4,0,0,112.4202,67.0,13.6,0.005656249,74.8007034563454,7.212524414,0.0,-0.025501678,0.047805548,1.777194452,4706.8801,941.561218,728.202515,0.003006,0.003283
342,4,0,0,112.4202,67.0,13.6,0.005732023,74.775128694109,4.133605957,0.0,-0.024734711,0.067714453,1.757285547,4723.086282,901.677795,582.565186,0.003421,0.003594
343,4,0,0,112.7625,67.0,13.7,0.005803409,74.5582322130586,0.0,0.0,-0.02166684,0.026187181,1.798812819,4737.281231,912.463623,579.256714,0.003076,0.003246
344,4,0,0,112.8999,67.0,13.7,0.00586943,73.9915031159652,0.0,0.0,-0.007094452,-0.081568956,1.906568956,4754.22284,894.705078,584.651794,0.003297,0.003408
345,4,0,0,113.0378,68.0,13.9,0.005905346,73.5024406385246,0.0,0.0,-0.001725677,-0.197092772,2.022092772,4768.494641,906.477295,585.6521,0.003176,0.003371
346,4,0,0,113.2452,68.0,13.9,0.005929993,72.9454058676298,0.0,0.0,0.008436646,-0.33274436,2.15774436,4784.840742,888.638,591.027405,0.003429,0.003657
347,4,0,0,113.4533,68.0,14.0,0.005940183,72.4617751219034,0.0,0.0,0.052920776,-0.427614927,2.252614927,4799.173998,891.087524,587.921814,0.003521,0.003879
348,4,0,0,113.5228,69.0,14.0,0.005926901,71.9300664863084,0.0,0.0,0.026843872,-0.416641474,2.241641474,4815.588545,889.701294,588.559204,0.003459,0.00372
349,4,0,0,112.8999,70.0,13.8,0.005886098,71.4365366258684,0.0,0.0,0.021475098,-0.309227228,2.134227228,4830.666108,894.871094,587.301819,0.003462,0.003659
350,4,0,0,111.8768,71.0,13.8,0.005812564,70.8966120359856,0.0,0.0,-0.008628387,-0.124335527,1.949335527,4847.148302,0.0,0.0,0.0,0.0
351,4,0,0,109.8853,71.0,13.9,0.005734488,70.428636177296,0.0,0.0,-0.024734711,0.055032015,1.769967985,4862.286302,924.794617,614.333313,0.003374,0.00353
352,4,0,0,108.0264,69.0,13.9,0.005642967,69.8962533569882,0.0,0.0,-0.019365936,0.208288431,1.616711569,4878.828243,897.1651,589.270081,0.00352,0.003796
353,4,0,0,107.3376,67.0,13.7,0.005574509,69.435652073541,0.0,0.0,-0.02166684,0.283622503,1.541377497,4893.325309,900.916199,595.011108,0.003581,0.003807
354,4,0,0,106.8422,66.0,13.7,0.005519658,68.9107369931682,0.0,0.0,-0.017832001,0.310935259,1.514064741,4909.919543,935.148621,729.33313,0.003179,0.003404
355,4,0,0,107.3376,66.0,13.5,0.005492398,68.6100675415162,9.104919434,0.0,-0.010929291,0.287245512,1.537754488,4924.461966,897.304199,585.48291,0.003414,0.003672
356,4,0,0,107.7122,66.0,13.5,0.005478103,69.1625911070834,12.00805664,0.0,-0.019365936,0.223970652,1.601029348,4941.768379,897.73291,581.670105,0.003535,0.003799
357,4,0,0,107.7749,66.0,13.4,0.005473861,69.6709740009052,11.25823975,0.0,0.00690271,0.139952898,1.685047102,4956.243608,0.0,0.0,0.0,0.0
358,4,0,0,107.1513,66.0,13.4,0.005473367,70.2115706994522,11.21429443,0.0,0.001533936,0.04181695,1.78318305,4972.659735,898.76001,582.160095,0.00346,0.003786
359,4,0,0,105.744,66.0,13.3,0.005472107,70.6958425096742,11.52191162,0.0,0.009203613,-0.036484957,1.861484957,4986.913134,896.882019,583.304321,0.003579,0.003812
360,4,0,0,105.0244,67.0,13.3,0.005463094,71.2335517786734,11.39007568,0.0,0.009203613,-0.102199316,1.927199316,5003.077371,936.472229,732.456177,0.003346,0.003516
361,4,0,0,105.5632,67.0,13.4,0.005445197,71.726573715316,11.47796631,0.0,0.010737549,-0.140611887,1.965611887,5017.778007,933.527771,732.747314,0.003368,0.003614
362,4,0,0,106.2903,67.0,13.4,0.005416121,72.2420980071076,11.21429443,0.0,0.005368774,-0.157253504,1.982253504,5033.735274,907.239929,584.032898,0.003281,0.003532
363,4,0,0,107.2754,68.0,13.3,0.00538779,72.6371052475658,9.544372559,0.0,0.003067871,-0.153571367,1.978571367,5047.548417,888.414612,576.489197,0.002868,0.003
364,4,0,0,108.0894,68.0,13.3,0.005355483,72.9412843800766,8.267211914,0.0,0.003067871,-0.139428377,1.964428377,5063.86348,943.684998,711.098816,0.0,0.003188
365,4,0,0,108.9799,68.0,13.2,0.005331784,73.1129038022208,7.695922852,0.0,0.003067871,-0.119498491,1.944498491,5076.815886,0.0,0.0,0.0,0.0
366,4,0,0,109.5602,68.0,13.2,0.00531897,73.2981887579476,8.442993164,0.0,-0.013997162,-0.092698812,1.917698812,5090.961732,886.385803,582.515503,0.003329,0.00348
367,4,0,0,109.9505,68.0,13.1,0.005320944,73.5378759717816,9.676208496,0.0,-0.010929291,-0.073473692,1.898473692,5106.272581,956.23407,698.996277,0.003273,0.00362
368,4,0,0,110.2123,68.0,13.1,0.005334831,73.940702641245,11.21429443,0.0,-0.013997162,-0.084344625,1.909344625,5120.270715,938.947388,730.223877,0.003399,0.003609
369,4,0,0,110.6733,68.0,13.3,0.005360079,73.9308768319684,0.0,0.0,-0.041608002,-0.130460024,1.955460024,5135.665298,890.087219,585.400818,0.003532,0.003789
370,4,0,0,110.9385,68.0,13.3,0.005387325,73.422914957584,0.0,0.0,-0.058481293,-0.257415056,2.082415056,5149.247325,887.167786,591.798706,0.003448,0.003694
371,4,0,0,111.3387,68.0,13.4,0.005419818,72.8638706521114,0.0,0.0,-0.02856955,-0.545253515,2.370253515,5164.890751,895.335388,586.406128,0.003445,0.003608
372,4,0,0,111.6071,68.0,13.4,0.005441645,72.3821411162874,0.0,0.0,0.072861938,-0.906300783,2.731300783,5178.685638,904.906189,591.919617,0.003243,0.00359
373,4,0,0,111.0716,68.0,13.6,0.005445824,71.8136575328194,0.0,0.0,0.046785034,-1.23311162,3.05811162,5195.237168,950.201477,739.290405,0.00333,0.003596
374,4,0,0,109.4307,68.0,13.6,0.005431239,71.3381505101054,0.0,0.0,0.039882324,-1.385284662,3.210284662,5209.246288,908.185791,598.119812,0.003463,0.003713
375,4,0,0,108.279,67.0,14.0,0.005414176,71.221833031502,5.58380127,0.0,-0.077655487,-1.463449717,3.288449717,5225.362815,896.452698,589.478271,0.003459,0.003664
376,4,0,0,108.3424,68.0,14.0,0.005412364,71.2303829399332,5.58380127,0.0,-0.068451874,-1.621981382,3.446981382,5239.532754,908.068909,592.079102,0.003329,0.003592
377,4,0,0,109.1084,68.0,14.4,0.005419243,71.234389826385,5.539855957,0.0,-0.032404388,1.584969044,3.890030956,5255.774562,905.013611,587.965881,0.003221,0.0036
378,4,0,0,109.9505,68.0,14.4,0.005419163,71.2290466405576,5.495910645,0.0,0.052920776,1.151295424,4.323704576,5270.706017,0.0,0.0,0.0,0.0
379,4,0,0,110.7395,68.0,14.8,0.005403923,71.2213379341444,5.495910645,0.0,0.098171875,0.719860077,4.755139923,5287.056724,910.5802,593.129211,0.003401,0.003632
380,4,0,0,111.1383,69.0,14.8,0.005383095,71.2134970204502,5.495910645,0.0,0.008436646,0.572785616,4.902214384,5301.444094,930.135986,577.462219,0.003422,0.003647
381,4,0,0,111.4728,69.0,15.1,0.005364306,71.2209960620482,5.58380127,0.0,-0.036239227,0.523901463,4.951098537,5318.525234,899.681519,594.848572,0.003492,0.003764
382,4,0,0,111.8768,69.0,15.1,0.005359338,71.340700090907,8.618774414,0.0,-0.074587616,0.438102245,5.036897755,5332.082591,897.311523,589.615601,0.003461,0.003515
383,4,0,0,112.1479,68.0,15.4,0.005364626,71.6017375172906,8.311157227,0.0,0.032979614,0.19378078,5.28121922,5348.895412,897.680786,589.206604,0.003461,0.00369
384,4,0,0,112.2839,69.0,15.4,0.00537036,71.838304800227,8.486938477,0.0,0.046785034,-0.045241594,5.520241594,5362.908269,903.441895,585.868103,0.003434,0.003593
385,4,0,0,112.7625,69.0,15.3,0.005364328,72.0942334089674,8.442993164,0.0,0.030678711,-0.168896437,5.643896437,5378.802142,940.016174,728.516907,0.003396,0.003628
386,4,0,0,113.1068,69.0,15.3,0.005341094,72.3381317184058,9.720153809,0.0,0.001533936,-0.183537245,5.658537245,5393.307563,903.085388,592.299805,0.003422,0.003735
387,4,0,0,113.1759,69.0,15.6,0.00530165,72.8478232792354,13.45825195,0.0,-0.015531097,-0.172969222,5.647969222,5408.473939,903.217102,584.186523,0.003431,0.003628
388,4,0,0,113.2452,69.0,15.6,0.005267269,73.4528596411894,13.37036133,0.0,-0.007094452,-0.188912153,5.663912153,5422.977621,906.306213,598.989319,0.003554,0.003732
389,4,0,0,113.3838,70.0,15.5,0.005233474,74.029781460986,12.09594727,0.0,-0.010162323,-0.22746408,5.70246408,5438.797216,904.644775,596.7854,0.003587,0.00377
390,4,0,0,113.4533,70.0,15.5,0.005211821,74.4887942614796,12.09594727,0.0,0.0,-0.280195594,5.755195594,5453.302105,873.953491,597.095825,0.003453,0.003603
391,4,0,0,112.8999,70.0,15.5,0.005203504,75.0248905694638,12.13989258,0.0,0.008436646,-0.344129562,5.819129562,5469.12673,901.043884,598.232117,0.003465,0.00364
392,4,0,0,112.7625,71.0,15.5,0.005211111,75.4688814202492,12.09594727,0.0,0.025309937,-0.380108118,5.855108118,5482.976021,882.674011,599.61261,0.003457,0.003532
393,4,0,0,112.8312,71.0,15.7,0.005225433,75.953387180227,5.320129395,0.0,0.003834839,-0.381415129,5.856415129,5498.844269,941.948975,737.556885,0.003375,0.003583
394,4,0,0,113.3144,70.0,15.7,0.005230749,75.4980103133152,0.0,0.0,0.0,-0.360254765,5.835254765,5512.779536,898.116089,584.712708,0.003454,0.003771
395,4,0,0,113.732,70.0,15.7,0.005219866,74.9252889352922,0.0,0.0,0.003834839,-0.323380589,5.798380589,5529.432931,898.524414,590.03833,0.003238,0.003632
396,4,0,0,113.5228,69.0,15.7,0.005196041,74.4102726960452,0.0,0.0,-0.003259613,-0.271267891,5.746267891,5543.473715,903.974487,600.055115,0.003276,0.00359
397,4,0,0,112.352,70.0,15.6,0.005163039,73.8449694580984,0.0,0.0,-0.003259613,-0.222572684,5.697572684,5559.609385,903.298096,591.511414,0.003343,0.003606
398,4,0,0,111.4057,69.0,15.6,0.005140122,73.3388660334526,0.0,0.0,-0.001725677,-0.201901317,5.676901317,5573.849204,889.675781,589.995605,0.003451,0.003678
399,4,0,0,111.2718,69.0,15.6,0.005125508,72.7824123469516,0.0,0.0,0.008436646,-0.19130969,5.66630969,5590.262343,0.0,0.0,0.0,0.0
400,4,0,0,111.7418,69.0,15.6,0.005122054,72.3019845096932,0.0,0.0,-0.000959,-0.173321843,5.648321843,5605.419928,901.891479,580.257019,0.003063,0.003203
401,4,0,0,112.4202,69.0,15.5,0.005127805,72.0988589257152,4.88067627,0.0,-0.003259613,-0.14211309,5.61711309,5622.075634,902.322571,583.98938,0.003379,0.003471
402,4,0,0,112.8312,69.0,15.5,0.005139083,72.1278134146054,6.641235352,0.0,-0.010929291,-0.119662642,5.594662642,5636.75026,870.37793,585.292725,0.003511,0.003659
403,4,0,0,113.5228,68.0,15.5,0.005154596,72.230214495707,6.641235352,0.0,-0.012463226,-0.117382288,5.592382288,5654.30482,926.914185,720.260315,0.003112,0.003241
404,4,0,0,114.0121,69.0,15.5,0.005166827,72.3153313939558,6.509399414,0.0,0.001533936,-0.139397383,5.614397383,5668.2685,936.629028,723.23822,0.003173,0.003353
405,4,0,0,114.2936,70.0,15.4,0.005180371,72.3995696247514,6.509399414,0.0,-0.000959,-0.165569544,5.640569544,5685.588174,892.97168,583.496277,0.003363,0.003618
406,4,0,0,114.5056,70.0,15.4,0.005198205,72.5366187177952,7.739868164,0.0,0.003067871,-0.174855351,5.649855351,5700.02187,892.758606,586.902893,0.003355,0.003534
407,4,0,0,114.2936,70.0,15.4,0.005227536,72.7137281619484,7.564086914,0.0,0.008436646,-0.176673889,5.651673889,5716.390323,895.729126,583.985291,0.003252,0.003452
408,4,0,0,112.8999,70.0,15.4,0.005252444,72.8612063092744,7.212524414,0.0,-0.001725677,-0.165082097,5.640082097,5731.276513,797.074829,575.603271,0.003258,0.003421
409,4,0,0,111.005,71.0,15.6,0.005267293,72.9999744349326,7.168579102,0.0,0.0,-0.148052216,5.623052216,5747.388109,894.133606,586.922119,0.003283,0.003411
410,4,0,0,110.1467,70.0,15.6,0.005264375,73.1199446003472,7.124633789,0.0,0.0,-0.135003209,5.610003209,5761.410781,870.537109,583.236206,0.003415,0.003491
411,4,0,0,109.5602,70.0,15.6,0.005247341,73.2506719483766,7.124633789,0.0,0.0,-0.119968057,5.594968057,5777.434539,898.885376,585.887512,0.003326,0.003522
412,4,0,0,109.5602,71.0,15.6,0.005231526,73.3625318126744,7.124633789,0.0,0.003067871,-0.106753707,5.581753707,5792.142719,895.730896,583.747498,0.003273,0.003399
413,4,0,0,110.0812,71.0,15.2,0.005224964,73.4884135506176,7.124633789,0.0,0.003067871,-0.086820483,5.561820483,5808.21001,891.745728,577.316284,0.003362,0.003647
414,4,0,0,110.8721,70.0,15.2,0.005225515,73.6014714880784,7.168579102,0.0,0.001533936,-0.062306285,5.537306285,5822.285494,887.14032,580.584778,0.003445,0.003731
415,4,0,0,111.5399,70.0,15.2,0.005218891,73.7246839746976,7.168579102,0.0,-0.000959,-0.031368494,5.506368494,5839.076395,890.509827,584.130676,0.003586,0.00383
416,4,0,0,112.352,69.0,15.2,0.00520337,73.834039689862,7.168579102,0.0,-0.000959,-0.003923535,5.478923535,5852.54251,885.751892,588.116882,0.003645,0.003791
417,4,0,0,112.5568,69.0,14.9,0.005180141,73.9576542700802,7.168579102,0.0,-0.000959,0.024893284,5.450106716,5869.412508,885.193787,582.010498,0.003427,0.003638
418,4,0,0,112.5568,70.0,14.9,0.005157109,74.0609670744786,7.168579102,0.0,0.0,0.046785593,5.428214407,5883.611281,903.454102,593.361084,0.003418,0.003641
419,4,0,0,112.7625,71.0,14.9,0.005125423,74.1808979559038,7.124633789,0.0,0.001533936,0.073869467,5.401130533,5899.868121,898.599915,585.587585,0.003451,0.003743
420,4,0,0,112.0122,70.0,14.9,0.005094099,74.2806666395674,7.168579102,0.0,0.001533936,0.099493861,5.375506139,5914.796703,928.591614,731.321716,0.003119,0.00332
421,4,0,0,110.4094,70.0,14.6,0.005065125,74.385890261628,7.036743164,0.0,-0.004793549,0.134775758,5.340224242,5931.110874,0.0,0.0,0.0,0.0
422,4,0,0,109.69,71.0,14.6,0.005055982,74.4766130704592,7.080688477,0.0,-0.005560516,0.163013339,5.311986661,5945.410103,903.291626,579.742615,0.003385,0.003516
423,4,0,0,110.0158,71.0,14.6,0.005066906,74.5746931863146,7.036743164,0.0,-0.005560516,0.180214405,5.294785595,5961.780099,907.238708,585.201477,0.0,0.003116
424,4,0,0,110.7395,70.0,14.6,0.005088241,74.660488807615,6.992797852,0.0,-0.005560516,0.182458878,5.292541122,5976.12793,902.00177,583.950806,0.003045,0.003328
425,4,0,0,111.6071,70.0,14.7,0.005112578,74.7547740514702,6.992797852,0.0,-0.007094452,0.169045448,5.305954552,5993.237604,897.091492,574.656982,0.003326,0.003379
426,4,0,0,112.1479,71.0,14.7,0.005123269,74.8356420185312,6.992797852,0.0,-0.007094452,0.141784191,5.333215809,6007.63378,896.203186,585.542114,0.003277,0.003454
427,4,0,0,112.8312,72.0,14.4,0.005117471,74.9292917501138,7.036743164,0.0,-0.005560516,0.08899045,5.38600955,6024.112883,884.699402,586.906921,0.003401,0.003454
428,4,0,0,113.4533,72.0,14.4,0.005097903,75.0073843459712,6.992797852,0.0,-0.005560516,0.029932857,5.445067143,6038.554682,890.380127,579.828308,0.003272,0.003467
429,4,0,0,113.8019,72.0,14.2,0.005066814,75.0990069689832,7.036743164,0.0,-0.000959,-0.056996465,5.531996465,6055.083471,874.504272,588.422729,0.003476,0.003679
430,4,0,0,114.0121,71.0,14.2,0.00504361,75.1751233436008,6.992797852,0.0,0.003834839,-0.13502872,5.61002872,6070.256198,900.375183,583.100098,0.003508,0.003706
431,4,0,0,112.4202,70.0,14.0,0.005035728,75.2609505240586,6.948852539,0.0,0.018407227,-0.219889283,5.694889283,6086.830781,900.438171,586.307922,0.003375,0.003681
432,4,0,0,109.0441,69.0,14.0,0.005047547,75.3340605710892,7.036743164,0.0,0.023009033,-0.26015234,5.73515234,6102.04424,885.853088,588.525818,0.003406,0.003604
433,4,0,0,107.0274,69.0,14.1,0.005071595,75.4168044653212,6.992797852,0.0,0.019941162,-0.247468829,5.722468829,6118.662384,940.144592,586.793884,0.00309,0.003355
434,4,0,0,106.5348,69.0,14.1,0.005091507,75.4879403671606,6.992797852,0.0,0.019941162,-0.189163089,5.664163089,6133.22144,895.513916,576.252502,0.003119,0.003311
435,4,0,0,107.3998,69.0,13.9,0.005112507,75.5679221994308,6.948852539,0.0,0.001533936,-0.071018696,5.546018696,6149.880623,895.345825,576.031677,0.003126,0.003178
436,4,0,0,108.5329,69.0,13.9,0.00513725,75.6366418542876,6.992797852,0.0,-0.007094452,0.051821113,5.423178887,6164.474947,902.048828,581.714111,0.003192,0.0034
437,4,0,0,109.6251,69.0,14.0,0.005176464,75.7115913125646,5.715637207,0.0,-0.008628387,0.169839144,5.305160856,6181.870265,897.100098,585.266479,0.003322,0.003485
438,4,0,0,110.5412,69.0,14.0,0.005216333,75.4497473332532,0.0,0.0,-0.023200775,0.251974344,5.223025656,6196.499802,896.22113,580.843323,0.003317,0.003581
439,4,0,0,111.2718,69.0,13.8,0.005260542,74.893193738925,0.0,0.0,-0.023200775,0.283286572,5.191713428,6213.238445,907.909424,582.068604,0.003378,0.003605
440,4,0,0,111.7418,70.0,13.8,0.005289637,74.400757746883,0.0,0.0,-0.017832001,0.246827364,5.228172636,6227.901044,900.060974,581.987305,0.003342,0.003509
441,4,0,0,112.0122,70.0,13.6,0.00530452,73.8223903696182,0.0,0.0,-0.010929291,0.146191001,5.328808999,6244.676384,903.081604,584.601013,0.003405,0.003593
442,4,0,0,112.2839,70.0,13.6,0.005300165,73.3562835501244,0.0,0.0,0.003067871,0.045359254,5.429640746,6260.070363,889.007019,588.688782,0.0035,0.003697
443,4,0,0,112.6253,70.0,13.5,0.005278872,72.8463658770248,0.922851563,0.0,0.032212646,-0.074643016,5.549643016,6276.882159,940.879517,730.469116,0.003198,0.003496
444,4,0,0,112.9688,70.0,13.5,0.005254546,72.6976995861636,6.377563477,0.0,0.054454712,-0.113949537,5.588949537,6291.593966,905.315125,591.454529,0.0034,0.003567
445,4,0,0,113.2452,71.0,13.3,0.005230669,72.7383405710516,5.850219727,0.0,0.04141626,-0.032393575,5.507393575,6308.302993,907.291687,585.639893,0.003516,0.003643
446,4,0,0,113.5925,72.0,13.3,0.005215545,72.7499307158636,5.75958252,0.0,0.009203613,0.153134704,5.321865296,6322.810725,908.529114,584.329407,0.003217,0.003378
447,4,0,0,113.8019,72.0,13.5,0.005206621,72.760964527931,5.75958252,0.0,-0.010162323,0.389991522,5.085008478,6339.946474,920.405884,558.263306,0.0,0.003684
448,4,0,0,114.0823,72.0,13.5,0.005210485,72.7697034533452,5.75958252,0.0,-0.020132904,0.592803001,4.882196999,6354.227895,894.618103,584.766296,0.003379,0.00368
449,4,0,0,114.2231,71.0,13.3,0.005228205,72.7786480845982,5.75958252,0.0,-0.012463226,0.777256966,4.697743034,6370.433042,899.427795,594.008423,0.003447,0.003715
450,4,0,0,114.5764,70.0,13.3,0.005249518,72.7861547866546,5.75958252,0.0,-0.003259613,0.896662951,4.578337049,6384.568754,905.687378,586.372803,0.003084,0.00327
451,4,0,0,114.932,71.0,13.5,0.005275015,72.7964420741762,5.75958252,0.0,0.032212646,1.039103508,4.435896492,6400.730877,912.424377,588.866882,0.003225,0.003359
452,4,0,0,115.2897,70.0,13.5,0.005295904,72.8188686776914,6.245727539,0.0,0.037581421,1.198528528,4.276471472,6415.54811,898.699402,587.183716,0.003238,0.003496
453,4,0,0,115.4335,70.0,13.4,0.005315367,72.8710261800864,6.157836914,0.0,0.003834839,1.478607893,3.996392107,6431.714997,910.713501,589.031982,0.00319,0.003334
454,4,0,0,115.0033,70.0,13.4,0.005331784,72.9114110385134,6.201782227,0.0,0.030678711,1.77601552,3.69898448,6446.53722,901.413574,602.609375,0.003322,0.003462
455,4,0,0,114.2936,71.0,13.5,0.005362066,72.948808221604,6.026000977,0.0,0.037581421,-1.409924269,3.234924269,6462.709558,882.580078,582.513672,0.003317,0.003536
456,4,0,0,114.0823,70.0,13.5,0.005406894,72.9664937255726,5.806274414,0.0,-0.005560516,-0.956417799,2.781417799,6476.862292,888.45697,589.380493,0.003824,0.004045
457,4,0,0,114.1526,70.0,13.4,0.005470844,72.9761375024018,5.806274414,0.0,-0.037773163,-0.510591269,2.335591269,6491.017351,884.509399,583.339417,0.002832,0.003088
458,4,0,0,114.932,70.0,13.4,0.005570525,72.9830505028388,5.75958252,0.0,-0.078422455,-0.083074331,1.908074331,6507.20344,888.788818,585.836609,0.003019,0.00319
459,4,0,0,115.1464,70.0,13.2,0.005682403,72.9817014092102,5.715637207,0.0,-0.0868591,0.115644693,1.709355307,6522.049192,897.768372,578.973511,0.003214,0.00341
460,4,0,0,115.1464,70.0,13.2,0.005823978,72.9814925651584,5.806274414,0.0,0.005368774,0.103905916,1.721094084,6538.250647,913.520081,596.591675,0.0,0.003576
461,4,0,0,114.932,70.0,13.4,0.005937506,72.9930248541974,5.850219727,0.0,0.025309937,-0.007060289,1.832060289,6552.429218,900.72052,479.212494,0.003729,0.004096
462,4,0,0,114.7895,69.0,13.4,0.006036855,73.0059744085074,5.75958252,0.0,0.030678711,-0.073595762,1.898595762,6568.637778,903.660828,590.361084,0.003208,0.003306
463,4,0,0,114.932,70.0,13.3,0.006090161,73.0116178488986,5.75958252,0.0,0.001533936,-0.069495916,1.894495916,6582.825711,939.78241,732.20459,0.0033,0.003438
464,4,0,0,114.6473,70.0,13.3,0.006103331,73.0182065190454,5.75958252,0.0,0.0,-0.040011168,1.865011168,6599.718569,0.0,0.0,0.0,0.0
465,4,0,0,112.7625,70.0,13.4,0.00607341,73.0239559827558,5.75958252,0.0,-0.008628387,-0.017271757,1.842271757,6613.909412,895.672974,583.351685,0.003521,0.003648
466,4,0,0,108.5965,70.0,13.4,0.006009677,73.0302278221368,5.806274414,0.0,-0.007094452,-0.010237932,1.835237932,6630.13097,930.508484,727.446106,0.003315,0.003388
467,4,0,0,104.7867,70.0,13.3,0.005943626,73.0381276215816,5.806274414,0.0,-0.007094452,-0.021229506,1.846229506,6644.326736,0.0,0.0,0.0,0.005788
468,4,0,0,103.4404,70.0,13.3,0.005864126,73.0446945173582,5.75958252,0.0,-0.007094452,-0.051734686,1.876734686,6660.551885,895.452698,584.042725,0.003276,0.003498
469,4,0,0,103.6721,70.0,13.5,0.005791416,73.0497134533624,5.75958252,0.0,-0.007094452,-0.093623877,1.918623877,6675.42631,890.654175,580.402405,0.003254,0.003477
470,4,0,0,104.7867,70.0,13.5,0.005709306,73.057085984743,5.850219727,0.0,0.012271484,-0.161031961,1.986031961,6691.654507,900.879883,581.598083,0.003394,0.003623
471,4,0,0,106.3513,71.0,13.3,0.005651509,73.076603496994,5.938110352,0.0,0.012271484,-0.205182791,2.030182791,6706.532128,0.0,0.0,0.0,0.0
472,4,0,0,107.587,71.0,13.3,0.005615098,73.0970948047856,5.894165039,0.0,0.003834839,-0.225593805,2.050593805,6722.763699,933.833374,729.09613,0.003346,0.003505
473,4,0,0,108.9799,70.0,13.5,0.005609244,73.115522246681,5.938110352,0.0,0.003834839,-0.227543592,2.052543592,6736.967414,0.0,0.0,0.0,0.0
474,4,0,0,109.755,70.0,13.5,0.005624515,73.1359966885894,5.938110352,0.0,0.005368774,-0.219495058,2.044495058,6753.202927,896.5047,578.224121,0.003335,0.003569
475,4,0,0,110.5412,69.0,13.3,0.005648593,73.1533260778028,5.894165039,0.0,0.005368774,-0.201658487,2.026658487,6767.413259,899.857422,583.536377,0.003446,0.003562
476,4,0,0,111.0716,69.0,13.3,0.005677944,73.1722850686068,5.894165039,0.0,0.005368774,-0.167366266,1.992366266,6784.335163,915.915771,588.06543,0.003499,0.003734
477,4,0,0,111.4728,70.0,13.5,0.005699626,73.1872748797952,5.894165039,0.0,0.005368774,-0.123511553,1.948511553,6798.553842,914.946411,593.741882,0.003552,0.003807
478,4,0,0,111.8768,72.0,13.5,0.005719273,73.2039226652384,5.894165039,0.0,0.005368774,-0.061316252,1.886316252,6814.808248,894.990784,585.890076,0.003459,0.003615
479,4,0,0,112.4202,74.0,13.7,0.005735574,73.2171427656958,5.894165039,0.0,0.005368774,0.004167318,1.820832682,6829.034618,910.892822,581.149109,0.0,0.003411
480,4,0,0,112.2839,75.0,13.7,0.005754105,73.2314276859642,5.850219727,0.0,-0.007094452,0.093027353,1.731972647,6845.297253,934.975403,721.19751,0.003043,0.003085
481,4,0,0,112.6253,75.0,13.8,0.005758811,73.2390878385896,5.806274414,0.0,-0.012463226,0.167072535,1.657927465,6860.208141,893.386414,579.875488,0.003405,0.003528
482,4,0,0,113.0378,74.0,13.8,0.005737267,73.2439109179158,5.75958252,0.0,-0.012463226,0.22788167,1.59711833,6876.477989,895.258484,583.378113,0.00326,0.003454
483,4,0,0,113.4533,73.0,13.9,0.005699704,73.2445615579844,5.715637207,0.0,-0.037773163,0.246075869,1.578924131,6890.716801,951.773926,733.463623,0.003386,0.003526
484,4,0,0,113.5228,73.0,13.9,0.00564497,73.2409432144888,5.715637207,0.0,0.001533936,0.194499254,1.630500746,6907.669824,886.758911,600.68811,0.003626,0.003978
485,4,0,0,114.0121,72.0,14.0,0.005589761,73.2396368166504,5.671691895,0.0,-0.003259613,0.114747763,1.710252237,6921.233092,895.167419,596.94043,0.003636,0.0
486,4,0,0,114.3641,72.0,14.0,0.005519513,73.2709453515322,8.973083496,0.0,0.001533936,0.018124819,1.806875181,6938.18676,939.662781,740.909302,0.003499,0.003697
487,4,0,0,114.2936,73.0,14.1,0.0054589,73.428974525019,7.168579102,0.0,0.001533936,-0.070719004,1.895719004,6952.42709,899.892578,580.520813,0.003393,0.003518
488,4,0,0,114.5056,74.0,14.1,0.005401166,73.5578141976954,7.212524414,0.0,0.026843872,-0.155496359,1.980496359,6968.704345,917.013672,576.432678,0.003397,0.003609
489,4,0,0,115.0033,75.0,14.2,0.005362092,73.6681384136718,7.212524414,0.0,0.013038452,-0.190518618,2.015518618,6983.655331,893.79657,584.941895,0.003326,0.003448
490,4,0,0,115.0748,76.0,14.2,0.005328067,73.7895779386932,7.212524414,0.0,0.021475098,-0.174664736,1.999664736,6999.314168,903.621704,576.938721,0.003376,0.003603
491,4,0,0,115.3615,78.0,14.6,0.005308105,73.8968053499878,7.168579102,0.0,0.021475098,-0.116780519,1.941780519,7014.318692,938.268311,721.848511,0.003397,0.003598
492,4,0,0,115.5055,80.0,14.6,0.005300965,73.9979621215882,6.465454102,0.0,0.010737549,0.00651288,1.81848712,7030.716115,896.687927,583.746704,0.003321,0.003617
493,4,0,0,115.6497,80.0,14.6,0.005307019,74.0318367330066,5.806274414,0.0,-0.033938324,0.141135454,1.683864546,7045.772682,946.051697,735.921875,0.003413,0.003576
494,4,0,0,115.7943,80.0,14.6,0.005319063,74.014215200303,5.627746582,0.0,-0.036239227,0.236205816,1.588794184,7062.217335,902.254089,581.403015,0.003348,0.003543
495,4,0,0,115.7943,78.0,14.9,0.005332338,73.9974724798932,5.671691895,0.0,-0.040074066,0.23011899,1.59488101,7076.610221,908.663025,581.610107,0.003456,0.003546
496,4,0,0,115.7943,76.0,14.9,0.005353443,73.981553966871,5.715637207,0.0,-0.008628387,0.117992163,1.707007837,7093.055356,894.319397,581.08252,0.003224,0.003354
497,4,0,0,115.8668,74.0,14.9,0.005372888,73.9710004301398,5.715637207,0.0,0.001533936,-0.025010347,1.850010347,7107.440955,912.249512,619.860474,0.003041,0.00312
498,4,0,0,115.8668,74.0,14.9,0.005386874,73.9652165426468,5.806274414,0.0,0.019941162,-0.190261126,2.015261126,7124.562925,897.316772,598.108704,0.003176,0.003427
499,4,0,0,116.3034,73.0,15.2,0.005390161,73.9616381107832,5.806274414,0.0,0.038348389,-0.283280611,2.108280611,7138.943979,888.872192,585.006897,0.003326,0.003584
500,4,0,0,116.6698,72.0,15.2,0.005390851,73.9569828534322,5.75958252,0.0,0.052920776,-0.312549829,2.137549829,7155.379052,897.920227,582.7099,0.003302,0.003544
501,4,0,0,116.9645,72.0,15.2,0.005393299,73.9507791856936,5.75958252,0.0,0.003834839,-0.238506556,2.063506556,7169.758925,859.019226,584.199707,0.003284,0.003389
502,4,0,0,117.2608,73.0,15.2,0.005394389,73.9422055073106,5.715637207,0.0,-0.043141937,-0.105943918,1.930943918,7186.190747,939.270691,730.317322,0.003138,0.003251
503,4,0,0,117.4095,73.0,15.5,0.005389897,73.9308090143808,5.671691895,0.0,-0.050811615,-0.046308279,1.871308279,7201.251395,894.793091,589.477295,0.003317,0.003533
504,4,0,0,117.6332,72.0,15.5,0.00538269,73.9188427989976,5.715637207,0.0,0.0,-0.093089819,1.918089819,7217.678248,901.490173,582.135925,0.003248,0.003453
505,4,0,0,117.7829,72.0,15.5,0.005379528,73.9085455496614,5.671691895,0.0,0.019941162,-0.163893461,1.988893461,7232.049314,946.253296,735.578613,0.003334,0.003302
506,4,0,0,118.0833,72.0,15.5,0.005374352,73.890549249952,5.58380127,0.0,0.014572388,-0.205900908,2.030900908,7249.153904,0.0,0.0,0.0,0.0
507,4,0,0,118.2341,72.0,15.7,0.005361681,73.8717653231532,5.58380127,0.0,0.003067871,-0.205790758,2.030790758,7262.83356,907.010193,584.192871,0.003384,0.00353
508,4,0,0,118.3852,71.0,15.7,0.005336969,73.8515372551054,5.627746582,0.0,0.003834839,-0.187896013,2.012896013,7279.92832,860.636597,583.039795,0.003436,0.00352
509,4,0,0,118.8411,71.0,15.6,0.005307876,73.841763395324,5.75958252,0.0,0.012271484,-0.161996603,1.986996603,7294.285718,907.400818,584.971985,0.00331,0.003486
510,4,0,0,118.6887,70.0,15.6,0.00526939,73.8417936348226,5.850219727,0.0,-0.000959,-0.104234457,1.929234457,7310.694208,938.744995,732.843384,0.003324,0.003393
511,4,0,0,118.8411,70.0,15.6,0.005236853,73.842922039657,5.850219727,0.0,-0.015531097,-0.048114061,1.873114061,7325.735806,899.024475,600.250122,0.003351,0.003639
512,4,0,0,119.0703,70.0,15.6,0.005206014,73.8449188926356,5.850219727,0.0,-0.019365936,-0.008472204,1.833472204,7342.144964,877.726807,585.995178,0.003522,0.003603
513,4,0,0,119.2236,72.0,15.5,0.005185972,73.8432923166042,5.806274414,0.0,-0.005560516,-0.014903307,1.839903307,7356.502374,1000.354797,591.182007,0.003393,0.003631
514,4,0,0,119.4543,73.0,15.5,0.005174236,73.8404408718988,5.75958252,0.0,-0.003259613,-0.047775984,1.872775984,7372.910132,901.207397,578.618286,0.003043,0.00323
515,4,0,0,119.6086,73.0,15.5,0.005177677,73.8379767953314,5.806274414,0.0,-0.005560516,-0.086031199,1.911031199,7387.950167,903.632202,578.894775,0.003041,0.003259
516,4,0,0,119.4543,72.0,15.5,0.005198637,73.8362310959532,5.806274414,0.0,-0.001725677,-0.137325048,1.962325048,7404.357304,886.736328,583.37793,0.003356,0.003576
517,4,0,0,118.461,72.0,15.4,0.005229245,73.8355590999428,5.806274414,0.0,0.010737549,-0.193832636,2.018832636,7418.71336,894.164612,584.444519,0.003372,0.003638
518,4,0,0,116.8907,71.0,15.4,0.005274674,73.8346722731358,5.806274414,0.0,0.013038452,-0.238229513,2.063229513,7435.803325,898.070374,594.35199,0.00343,0.003643
519,4,0,0,115.9393,71.0,15.4,0.005321852,73.8325848947822,5.75958252,0.0,-0.001725677,-0.254513979,2.079513979,7449.474891,872.155212,586.046875,0.003463,0.003476
520,4,0,0,115.7943,69.0,15.4,0.005377622,73.830191999323,5.75958252,0.0,0.003834839,-0.269809961,2.094809961,7466.563862,888.679626,581.724792,0.003489,0.003666
521,4,0,0,116.0847,70.0,15.4,0.005415753,73.8287313945258,5.806274414,0.0,0.013038452,-0.279887915,2.104887915,7480.917739,1049.4198,579.071289,0.003309,0.003609
522,4,0,0,116.5963,70.0,15.4,0.005437356,73.8260233742012,5.806274414,0.0,0.014572388,-0.26439929,2.08939929,7497.320316,0.0,0.0,0.0,0.0
523,4,0,0,117.1125,70.0,15.3,0.005440353,73.8223273639572,5.75958252,0.0,0.010737549,-0.217665434,2.042665434,7512.352406,843.649109,583.648926,0.003473,0.003754
524,4,0,0,117.0385,70.0,15.3,0.005433636,73.8133159129074,5.627746582,0.0,-0.012463226,-0.130326986,1.955326986,7528.746384,0.0,0.0,0.0,0.0
525,4,0,0,116.5963,72.0,15.3,0.005422457,73.795848844657,5.58380127,0.0,-0.016298065,-0.058989763,1.883989763,7543.087088,910.846985,581.878784,0.003432,0.003606
526,4,0,0,116.3765,73.0,15.3,0.005406414,73.774345004511,5.58380127,0.0,-0.001725677,-0.01827836,1.84327836,7559.471676,887.598572,584.640198,0.0035,0.003636
527,4,0,0,116.3765,73.0,15.3,0.005392507,73.7566120571992,5.58380127,0.0,-0.001725677,-0.006291628,1.831291628,7573.803729,878.625916,595.912292,0.00345,0.003666
528,4,0,0,116.9645,73.0,15.3,0.005380971,73.7349391558862,5.58380127,0.0,-0.012463226,-0.001790285,1.826790285,7590.85985,901.969788,574.0979,0.003489,0.003814
529,4,0,0,116.9645,74.0,15.3,0.005377132,73.7155364378574,5.495910645,0.0,-0.008628387,-0.022009134,1.847009134,7605.181564,892.308594,588.318604,0.003546,0.00375
530,4,0,0,117.2608,73.0,15.3,0.005378234,73.6923400548334,5.539855957,0.0,-0.007094452,-0.073156118,1.898156118,7621.54363,988.292297,586.294617,0.003426,0.003646
531,4,0,0,117.7829,72.0,15.2,0.005380716,73.6681922621882,5.58380127,0.0,-0.005560516,-0.137235403,1.962235403,7635.855355,897.760193,578.628601,0.00321,0.003321
532,4,0,0,116.8907,71.0,15.2,0.005382029,73.6405632418154,5.539855957,0.0,0.00690271,-0.222309351,2.047309351,7652.2058,889.990417,577.446716,0.003317,0.003412
533,4,0,0,114.3641,70.0,15.2,0.005379805,73.6190581946644,5.451965332,0.0,0.005368774,-0.275596857,2.100596857,7667.186551,1008.589294,591.557678,0.003382,0.003505
534,4,0,0,109.1727,69.0,15.2,0.005370767,73.593520849583,5.495910645,0.0,0.016106323,-0.324342012,2.149342012,7683.516063,900.97699,586.324219,0.003359,0.00351
535,4,0,0,105.2034,69.0,15.2,0.005354653,73.5683176356724,5.539855957,0.0,0.023776001,-0.333132982,2.158132982,7698.472118,894.042175,587.787476,0.003221,0.003393
536,4,0,0,102.4107,68.0,15.2,0.00532816,73.5248452584554,5.23223877,0.0,0.021475098,-0.272636175,2.097636175,7714.773468,889.329285,584.773315,0.003311,0.003567
537,4,0,0,99.8163,69.0,15.2,0.005305651,73.4763992964354,5.188293457,0.0,0.016106323,-0.153685331,1.978685331,7729.022697,933.201416,740.890991,0.003188,0.003451
538,4,0,0,97.7097,70.0,15.2,0.005290983,73.4177961781262,5.144348145,0.0,0.0,0.054585695,1.770414305,7745.288162,0.0,0.0,0.0,0.0
539,4,0,0,97.7097,70.0,15.2,0.00529037,73.3585466523126,4.968566895,0.0,-0.02856955,0.245561361,1.579438639,7759.501571,899.385803,586.99823,0.003292,0.003616
540,4,0,0,99.0158,70.0,15.2,0.005295316,73.275960087159,4.836730957,0.0,-0.033938324,0.423926592,1.401073408,7776.398439,885.015076,582.901306,0.003378,0.003622
541,4,0,0,100.7943,69.0,15.2,0.005293272,73.1982270983246,4.70489502,0.0,-0.030103485,0.486765146,1.338234854,7790.571479,891.237915,581.682983,0.003388,0.00349
542,4,0,0,102.7517,69.0,15.2,0.005279521,73.0995821202226,4.617004395,0.0,-0.02166684,0.466671228,1.358328772,7806.746448,895.656677,578.644226,0.003288,0.003422
543,4,0,0,104.2557,69.0,15.2,0.005261935,73.0080604672022,4.70489502,0.0,0.00690271,0.379272223,1.445727777,7820.887688,902.122192,578.919495,0.003256,0.003429
544,4,0,0,105.383,68.0,15.2,0.005242028,72.9072074746202,4.397277832,0.0,0.005368774,0.280419111,1.544580889,7837.043915,902.783997,578.691528,0.003044,0.003167
545,4,0,0,106.4124,68.0,15.1,0.005233497,72.8152793345026,4.485168457,0.0,-0.003259613,0.205546618,1.619453382,7851.840388,911.017822,574.992126,0.003036,0.00317
546,4,0,0,107.2133,69.0,15.1,0.005248698,72.7359926244586,5.23223877,0.0,-0.016298065,0.1182549,1.7067451,7867.962584,902.395874,586.013916,0.003281,0.003402
547,4,0,0,107.7122,69.0,15.1,0.005290743,72.7194755174234,5.58380127,0.0,-0.001725677,0.011722803,1.813277197,7882.051681,913.9729,579.620911,0.003262,0.003419
548,4,0,0,108.2157,70.0,15.1,0.005350983,72.6918213108796,4.968566895,0.0,-0.005560516,-0.118585348,1.943585348,7896.120801,0.0,0.0,0.0,0.0
549,4,0,0,108.7879,70.0,15.1,0.005414448,72.5966535854354,4.748840332,0.0,0.032212646,-0.248091936,2.073091936,7912.178849,0.0,0.0,0.0,0.0
550,4,0,0,108.9159,70.0,15.1,0.005442597,72.5304482668342,4.70489502,0.0,0.071328003,-0.308243513,2.133243513,7926.885416,0.0,0.0,0.0,0.0
551,4,0,0,109.4954,70.0,15.1,0.005434688,72.4301338076964,4.660949707,0.0,0.047552002,-0.214079142,2.039079142,7942.927159,884.26239,592.90448,0.003595,0.003845
552,4,0,0,109.8853,70.0,15.1,0.005400882,72.3356392852676,4.573059082,0.0,-0.007094452,-0.013155222,1.838155222,7956.986653,886.932983,588.5802,0.003612,0.003817
553,4,0,0,110.2779,70.0,15.4,0.005353735,72.2469031583862,4.924621582,0.0,-0.048510712,0.238624811,1.586375189,7973.065123,889.09259,595.555908,0.003587,0.003827
554,4,0,0,110.6733,71.0,15.4,0.005321264,72.1892097034186,4.968566895,0.0,-0.063083099,0.348282099,1.476717901,7987.810048,908.64679,586.721313,0.003515,0.003845
555,4,0,0,111.005,70.0,15.7,0.005295719,72.2011307285346,7.036743164,0.0,-0.041608002,0.298656225,1.526343775,8003.89685,935.721619,740.222595,0.003366,0.003754
556,4,0,0,111.005,70.0,15.7,0.005277667,72.317393570045,6.113891602,0.0,0.009203613,0.14829278,1.67670722,8017.973202,902.036194,588.908813,0.003454,0.00379
557,4,0,0,111.2718,70.0,15.9,0.005257915,72.359547415,5.982055664,0.0,0.059823486,-0.036759615,1.861759615,8034.732393,921.477417,611.115112,0.003285,0.003543
558,4,0,0,111.5399,71.0,15.9,0.005239038,72.384662372705,5.850219727,0.0,0.029144775,-0.082926512,1.907926512,8048.141651,895.463074,583.223572,0.003352,0.003652
559,4,0,0,111.8093,71.0,16.1,0.005219064,72.3947982213326,5.58380127,0.0,-0.005560516,-0.025128603,1.850128603,8064.905833,890.172913,583.93689,0.003504,0.0037
560,4,0,0,112.2158,70.0,16.1,0.005212899,72.3951297936528,5.671691895,0.0,-0.036239227,0.061831236,1.763168764,8078.989878,901.388306,582.68811,0.00345,0.00372
561,4,0,0,112.4885,70.0,16.3,0.005226749,72.4001540243856,5.715637207,0.0,-0.017832001,0.099623442,1.725376558,8095.093204,0.0,0.0,0.0,0.0
562,4,0,0,112.9688,70.0,16.3,0.005251471,72.4095593131202,5.715637207,0.0,-0.001725677,0.063140631,1.761859369,8109.866493,902.74408,584.198303,0.00339,0.003789
563,4,0,0,112.9688,70.0,16.5,0.00528109,72.4206468610502,5.715637207,0.0,0.003067871,0.004555464,1.820444536,8125.990906,935.483215,592.761108,0.0035,0.003913
564,4,0,0,111.9445,69.0,16.5,0.005304215,72.4309293205518,5.715637207,0.0,-0.003259613,-0.044705629,1.869705629,8140.106511,0.0,0.0,0.0,0.0
565,4,0,0,110.6733,69.0,16.6,0.005326489,72.4413571839224,5.75958252,0.0,-0.000959,-0.101767302,1.926767302,8156.246551,899.081177,586.665405,0.003532,0.003744
566,4,0,0,110.1467,70.0,16.6,0.005338199,72.5052219588946,6.377563477,0.0,-0.000959,-0.157746553,1.982746553,8170.376639,901.662598,581.801392,0.003428,0.003622
567,4,0,0,110.7395,70.0,16.7,0.005337629,72.542236955922,5.982055664,0.0,0.023009033,-0.218677759,2.043677759,8187.206652,929.692993,586.431885,0.003622,0.003812
568,4,0,0,111.4057,70.0,16.7,0.005327052,72.5727722834008,6.026000977,0.0,0.023009033,-0.229621649,2.054621649,8201.35071,0.0,0.0,0.0,0.0
569,4,0,0,112.08,69.0,16.9,0.005312895,72.6079483358904,6.026000977,0.0,0.021475098,-0.186221361,2.011221361,8217.522893,896.818604,591.368713,0.003403,0.003696
570,4,0,0,112.5568,70.0,16.9,0.005304885,72.6411171873452,6.069946289,0.0,0.003834839,-0.096492529,1.921492529,8231.679825,803.195313,579.780518,0.003549,0.003682
571,4,0,0,113.0378,71.0,16.7,0.005296618,72.6812591158992,6.026000977,0.0,-0.010929291,0.028943777,1.796056223,8247.865375,901.906311,584.124817,0.003536,0.003769
572,4,0,0,111.0716,72.0,16.7,0.005279708,72.710935216752,6.026000977,0.0,-0.016298065,0.11292243,1.71207757,8262.707387,889.739929,584.826904,0.003619,0.003871
573,4,0,0,108.724,71.0,16.5,0.0052446,72.7464587096542,6.026000977,0.0,-0.012463226,0.166355848,1.658644152,8278.90411,939.40033,734.81012,0.003284,0.003574
574,4,0,0,107.3998,71.0,16.5,0.005207243,72.7765281010162,6.026000977,0.0,-0.012463226,0.179199934,1.645800066,8293.756199,869.135803,587.170593,0.003545,0.003892
575,4,0,0,106.4736,72.0,16.1,0.005169124,72.8096785577148,5.982055664,0.0,-0.008628387,0.159239531,1.665760469,8309.9641,943.118591,740.616089,0.003389,0.003723
576,4,0,0,106.4736,72.0,16.1,0.005144692,72.8349811483704,5.938110352,0.0,-0.008628387,0.115014315,1.709985685,8324.150713,877.620178,588.124084,0.00373,0.004077
577,4,0,0,107.3376,72.0,16.0,0.005126002,72.8616225167852,5.894165039,0.0,-0.001725677,0.040492773,1.784507227,8340.368889,895.700989,587.096008,0.003563,0.003843
578,4,0,0,108.5329,72.0,16.0,0.005113461,72.8821173007512,5.938110352,0.0,-0.004793549,-0.031896353,1.856896353,8354.564113,902.382324,595.308472,0.003438,0.00372
579,4,0,0,109.3661,72.0,15.6,0.00510042,72.9068673084244,5.982055664,0.0,0.009203613,-0.130393267,1.955393267,8371.46851,881.763611,588.07489,0.003493,0.003802
580,4,0,0,110.4753,72.0,15.6,0.005097753,72.9275879793528,5.938110352,0.0,0.009203613,-0.205642939,2.030642939,8385.672741,909.356628,583.136719,0.00349,0.003702
581,4,0,0,111.005,71.0,15.5,0.005117799,72.9520217356226,5.982055664,0.0,0.026843872,-0.269597292,2.094597292,8401.911083,885.632202,583.501709,0.003443,0.003651
582,4,0,0,111.6071,71.0,15.5,0.005154914,72.971779699363,5.938110352,0.0,0.021475098,-0.277793169,2.102793169,8416.12294,0.0,0.0,0.0,0.0
583,4,0,0,112.2839,72.0,15.2,0.005207126,72.9946164431772,5.938110352,0.0,0.008436646,-0.223572016,2.048572016,8432.368035,893.637207,584.063171,0.003571,0.003732
584,4,0,0,112.5568,72.0,15.2,0.005251515,73.0151616960456,5.938110352,0.0,0.008436646,-0.150803804,1.975803804,8447.259694,907.322327,580.13501,0.003543,0.003826
585,4,0,0,112.8999,72.0,15.2,0.005295544,73.038436067686,5.938110352,0.0,-0.004793549,-0.044330359,1.869330359,8463.506404,915.992371,588.382202,0.003385,0.003594
586,4,0,0,112.9688,72.0,15.2,0.005329923,73.0587326775244,5.938110352,0.0,-0.004793549,0.05387187,1.77112813,8477.727913,891.144592,582.167297,0.003433,0.00365
587,4,0,0,112.6253,73.0,15.2,0.005366358,73.0805948372214,5.850219727,0.0,-0.012463226,0.150284052,1.674715948,8494.665593,977.562195,698.880005,0.003338,0.003491
588,4,0,0,112.5568,72.0,15.2,0.005389894,73.0941213560148,5.850219727,0.0,-0.019365936,0.206302881,1.618697119,8508.219409,895.673828,588.647827,0.003429,0.003707
589,4,0,0,112.6938,71.0,15.2,0.005398715,73.1083691166226,5.75958252,0.0,-0.034705292,0.210915804,1.614084196,8525.164262,0.0,0.0,0.0,0.0
590,4,0,0,112.7625,71.0,15.2,0.005392973,73.1109157845188,5.806274414,0.0,-0.030870453,0.130097151,1.694902849,8539.399868,902.817871,588.661926,0.003454,0.003679
591,4,0,0,112.8312,71.0,15.1,0.005382587,73.1200130938576,5.982055664,0.0,-0.010162323,-0.081023455,1.906023455,8555.674,903.809814,593.33197,0.003506,0.003825
592,4,0,0,112.8999,71.0,15.1,0.005374739,73.14687033914,6.026000977,0.0,0.050619873,-0.304232359,2.129232359,8570.597992,875.521606,590.293213,0.003551,0.003867
593,4,0,0,113.1759,70.0,15.1,0.00536316,73.1725877371806,5.982055664,0.0,0.049085938,-0.473697424,2.298697424,8586.205561,900.064575,591.700317,0.003437,0.003717
594,4,0,0,113.5228,71.0,15.1,0.005349373,73.190430827722,5.938110352,0.0,0.039882324,-0.483573675,2.308573675,8601.138769,896.414185,591.998291,0.003196,0.003468
595,4,0,0,113.8719,72.0,15.4,0.005333347,73.2076074422892,5.850219727,0.0,0.019941162,-0.388126612,2.213126612,8617.433135,897.034912,586.959717,0.003195,0.003448
596,4,0,0,114.2936,72.0,15.4,0.005322452,73.2164110309846,5.850219727,0.0,0.0,-0.221577406,2.046577406,8632.372959,894.311829,578.406921,0.003447,0.00358
597,4,0,0,114.5764,71.0,15.4,0.005322644,73.2350348284534,5.982055664,0.0,-0.023200775,-0.026068926,1.851068926,8648.675189,930.270325,574.52771,0.0,0.003666
598,4,0,0,114.7895,71.0,15.4,0.005346776,73.2594145591794,6.026000977,0.0,-0.023200775,0.094711542,1.730288458,8662.943671,903.7771,603.630493,0.003314,0.00357
599,4,0,0,115.0748,72.0,15.3,0.005410851,73.2839501062042,5.982055664,0.0,-0.02166684,0.163750887,1.661249113,8679.256309,894.942688,429.606812,0.003534,0.003831
600,4,0,0,115.0033,72.0,15.3,0.005491965,73.3044391126396,5.982055664,0.0,-0.02166684,0.157307386,1.667692614,8693.535623,908.276978,579.608215,0.002948,0.003174
601,4,0,0,115.2897,72.0,15.3,0.005583392,73.3235206868714,5.938110352,0.0,-0.012463226,0.081069708,1.743930292,8710.54115,935.556213,728.68158,0.00317,0.003318
602,4,0,0,115.7943,71.0,15.3,0.00563062,73.33857733395,5.938110352,0.0,-0.010162323,-0.026078939,1.851078939,8724.830887,899.376221,578.022278,0.003199,0.003396
603,4,0,0,115.8668,72.0,15.3,0.005633655,73.3563397965574,5.938110352,0.0,0.008436646,-0.171334982,1.996334982,8741.167165,898.463318,578.257813,0.003173,0.003396
604,4,0,0,116.0847,72.0,15.3,0.005605559,73.3733253341864,5.894165039,0.0,0.023776001,-0.295506716,2.120506716,8755.465676,900.829773,580.206909,0.00329,0.00347
605,4,0,0,116.2304,71.0,15.3,0.005567688,73.393448746854,5.982055664,0.0,0.026843872,-0.379893541,2.204893541,8771.811638,905.888428,579.801697,0.003423,0.003553
606,4,0,0,116.4497,70.0,15.3,0.005554799,73.4224245434058,6.113891602,0.0,0.030678711,-0.374864817,2.199864817,8786.798923,890.394409,580.243286,0.003401,0.003552
607,4,0,0,116.6698,70.0,14.9,0.005579255,73.4530948784172,6.113891602,0.0,0.018407227,-0.286829233,2.111829233,8803.148092,939.419312,735.186096,0.003161,0.00334
608,4,0,0,116.8907,71.0,14.9,0.005632969,73.4788671388584,6.026000977,0.0,-0.017832001,-0.143238783,1.968238783,8817.452933,962.41687,583.366211,0.003272,0.003581
609,4,0,0,117.0385,71.0,14.9,0.005721895,73.5022964899408,5.982055664,0.0,-0.02166684,0.001637697,1.823362303,8834.481923,893.406677,582.622803,0.003331,0.003503
610,4,0,0,117.0385,70.0,14.9,0.005811224,73.5213394882928,6.026000977,0.0,-0.008628387,0.070031404,1.754968596,8848.106894,899.663879,584.028076,0.003314,0.00354
611,4,0,0,117.2608,71.0,14.9,0.005891697,73.5418907118126,6.026000977,0.0,-0.008628387,0.108937502,1.716062498,8865.142537,1003.933777,580.80188,0.003385,0.003576
612,4,0,0,117.484,71.0,14.9,0.005908547,73.5608975482948,6.026000977,0.0,-0.000959,0.126232386,1.698767614,8879.456002,900.967529,584.515503,0.003318,0.003659
613,4,0,0,117.6332,71.0,14.9,0.005860946,73.5782712909186,5.806274414,0.0,-0.007094452,0.132418871,1.692581129,8895.817943,900.784607,581.746521,0.003189,0.0
614,4,0,0,116.8907,70.0,14.9,0.005789916,73.5745892497458,5.75958252,0.0,-0.016298065,0.122947454,1.702052546,8910.819639,902.507996,578.325806,0.003236,0.003502
615,4,0,0,114.932,70.0,14.7,0.005712917,73.5717529006496,5.715637207,0.0,-0.012463226,0.075354338,1.749645662,8927.188562,0.0,0.0,0.0,0.0
616,4,0,0,112.08,71.0,14.7,0.005660225,73.5679783385202,5.715637207,0.0,-0.010162323,0.015508413,1.809491587,8941.514297,892.398499,580.309998,0.0,0.003601
617,4,0,0,108.2157,72.0,14.4,0.005610016,73.5758274598484,5.894165039,0.0,0.016106323,-0.082784414,1.907784414,8957.889396,904.41449,589.74292,0.003378,0.003487
618,4,0,0,105.503,73.0,14.4,0.005566879,73.5901402860724,5.982055664,0.0,0.032212646,-0.163007498,1.988007498,8972.902506,890.029724,584.287903,0.003247,0.003341
619,4,0,0,106.0468,72.0,14.2,0.00552033,73.6095855550508,5.982055664,0.0,0.019941162,-0.176934958,2.001934958,8989.28352,917.911682,574.585205,0.00328,0.003482
620,4,0,0,106.9039,70.0,14.2,0.005488748,73.6252824297682,5.982055664,0.0,0.009203613,-0.123247862,1.948247862,9003.619755,987.343811,575.787292,0.003301,0.00352
621,4,0,0,108.4058,68.0,14.0,0.005464605,73.6427490474034,5.982055664,0.0,0.013038452,-0.025142431,1.850142431,9020.690041,899.39801,581.985107,0.003422,0.003682
622,4,0,0,109.6251,67.0,14.0,0.005449942,73.6564040076222,5.938110352,0.0,-0.010162323,0.079347372,1.745652628,9034.349086,887.1521,583.786072,0.005137,0.0
623,4,0,0,110.8058,67.0,13.8,0.005432903,73.670310105348,5.938110352,0.0,-0.010929291,0.200712442,1.624287558,9051.426823,906.820801,581.322815,0.003226,0.003417
624,4,0,0,111.6744,67.0,13.8,0.00541228,73.682752234756,5.938110352,0.0,-0.023200775,0.283985376,1.541014624,9065.775391,903.442627,591.950195,0.003209,0.003367
625,4,0,0,112.2839,68.0,13.3,0.005378683,73.6928482039384,5.938110352,0.0,-0.023200775,0.34202075,1.48297925,9082.177255,930.172119,729.207703,0.003303,0.003413
626,4,0,0,112.8312,68.0,13.3,0.005334271,73.704635879142,5.938110352,0.0,-0.017832001,0.329003572,1.495996428,9097.21539,936.604675,732.991089,0.003196,0.003411
627,4,0,0,113.3144,69.0,12.9,0.005258589,73.7190772433518,5.982055664,0.0,-0.004793549,0.269661188,1.555338812,9113.622976,888.228088,576.327271,0.003358,0.003371
628,4,0,0,113.732,70.0,12.9,0.005175254,73.7331091431854,5.982055664,0.0,-0.003259613,0.193827391,1.631172609,9127.979774,1018.240479,575.919128,0.003325,0.003485
629,4,0,0,114.1526,70.0,12.5,0.005082737,73.7478915909148,5.982055664,0.0,-0.005560516,0.091078997,1.733921003,9144.387347,910.682922,579.745911,0.003435,0.003664
630,4,0,0,114.5056,70.0,12.5,0.005023668,73.7620000470522,5.982055664,0.0,0.008436646,-0.000432,1.825431776,9158.743716,1028.652344,582.0578,0.003481,0.003677
631,4,0,0,114.7895,70.0,12.2,0.004988236,73.7791971002374,5.982055664,0.0,0.010737549,-0.097786188,1.922786188,9175.833596,1027.440674,582.2995,0.003496,0.003722
632,4,0,0,115.0748,72.0,12.2,0.004976892,73.793866620579,5.982055664,0.0,0.010737549,-0.154701948,1.979701948,9190.188108,934.59552,733.753174,0.003181,0.003397
633,4,0,0,115.4335,73.0,11.8,0.004974402,73.809585366227,5.982055664,0.0,0.001533936,-0.186136961,2.011136961,9206.592125,904.211975,578.165283,0.003243,0.003503
634,4,0,0,115.5775,74.0,11.8,0.004975548,73.8233509846642,5.982055664,0.0,0.001533936,-0.195591211,2.020591211,9220.94438,893.883423,582.557678,0.003357,0.003569
635,4,0,0,115.8668,73.0,11.6,0.004974234,73.8367031314686,5.894165039,0.0,0.001533936,-0.201560259,2.026560259,9237.34505,913.249207,583.69812,0.003176,0.003498
636,4,0,0,116.1575,73.0,11.6,0.004968802,73.8379160588398,5.806274414,0.0,0.00690271,-0.201581717,2.026581717,9252.377215,849.683777,584.011108,0.003455,0.003603
637,4,0,0,116.4497,73.0,11.3,0.004964498,73.8373341054024,5.806274414,0.0,0.003067871,-0.184947252,2.009947252,9268.773929,895.111328,584.490479,0.003436,0.003593
638,4,0,0,116.7433,72.0,11.3,0.00497014,73.8365850863796,5.806274414,0.0,0.013038452,-0.150300741,1.975300741,9283.802248,897.149414,584.486694,0.003365,0.003616
639,4,0,0,117.1125,71.0,11.4,0.004985392,73.8343152249634,5.75958252,0.0,-0.000959,-0.088013887,1.913013887,9297.462722,907.180176,576.377808,0.003071,0.003415
640,4,0,0,117.0385,71.0,11.4,0.005009911,73.829111247046,5.75958252,0.0,0.001533936,-0.000345,1.825344515,9314.53632,999.072083,576.27301,0.003461,0.003707
641,4,0,0,117.484,71.0,11.1,0.005038335,73.8242548382884,5.75958252,0.0,-0.004793549,0.083804369,1.741195631,9328.87625,882.911072,566.423706,0.0,0.002875
642,4,0,0,117.5585,71.0,11.1,0.005086338,73.8182557498506,5.715637207,0.0,-0.004793549,0.161026239,1.663973761,9345.26245,891.42572,571.468323,0.003123,0.003377
643,4,0,0,117.7829,70.0,11.2,0.005146489,73.8100176188576,5.715637207,0.0,-0.004793549,0.221343756,1.603656244,9360.280648,897.505005,558.530884,0.002727,0.002833
644,4,0,0,118.008,70.0,11.2,0.005230261,73.8008282391774,5.715637207,0.0,-0.010162323,0.268553495,1.556446505,9376.661376,0.0,0.0,0.0,0.0
645,4,0,0,118.3096,70.0,11.3,0.005298995,73.792773074049,5.715637207,0.0,-0.016298065,0.287393808,1.537606192,9390.992131,1020.546509,590.211609,0.003141,0.003327
646,4,0,0,118.3852,70.0,11.3,0.005336639,73.7835389064366,5.715637207,0.0,-0.015531097,0.269351721,1.555648279,9407.366859,898.211182,581.413879,0.003185,0.003447
647,4,0,0,118.5368,70.0,11.7,0.005308018,73.7755260830436,5.715637207,0.0,-0.010162323,0.210351706,1.614648294,9421.691608,0.0,0.0,0.0,0.0
648,4,0,0,118.6887,70.0,11.7,0.005217602,73.767045762474,5.715637207,0.0,-0.003259613,0.109462976,1.715537024,9438.741599,0.0,0.0,0.0,0.0
649,4,0,0,118.9174,69.0,11.7,0.005127664,73.7595085634246,5.715637207,0.0,-0.005560516,-0.000165,1.825165224,9453.060826,900.080811,575.646484,0.003102,0.003331
650,4,0,0,119.0703,70.0,11.7,0.005048638,73.7495012688762,5.715637207,0.0,0.010737549,-0.134951353,1.959951353,9469.422202,917.047974,577.60968,0.003241,0.003428
651,4,0,0,119.3004,70.0,12.0,0.005005929,73.7384459560264,5.671691895,0.0,0.00690271,-0.241695166,2.066695166,9483.735114,895.325378,594.526489,0.00324,0.003536
652,4,0,0,119.6086,70.0,12.0,0.004976552,73.7243870514676,5.671691895,0.0,0.009203613,-0.337212324,2.162212324,9500.0887,901.080322,582.763916,0.003388,0.003629
653,4,0,0,119.7633,70.0,12.0,0.004957829,73.7126785879788,5.671691895,0.0,0.017640259,-0.382382154,2.207382154,9515.075522,910.026611,608.85022,0.0,0.003534
654,4,0,0,119.9962,71.0,12.0,0.00493997,73.6995120946368,5.627746582,0.0,0.025309937,-0.385742426,2.210742426,9531.420664,944.801208,730.028503,0.003205,0.003452
655,4,0,0,120.074,71.0,12.3,0.00492678,73.6869798582822,5.627746582,0.0,0.018407227,-0.328121901,2.153121901,9545.719346,890.924011,576.586426,0.003192,0.003415
656,4,0,0,120.2299,70.0,12.3,0.00491326,73.6723243070118,5.671691895,0.0,-0.007094452,-0.191269636,2.016269636,9562.057089,886.244202,574.311707,0.002981,0.003063
657,4,0,0,120.5429,70.0,12.6,0.004905043,73.6596447355802,5.671691895,0.0,-0.004793549,-0.06656003,1.89156003,9577.030052,884.595093,575.530518,0.003213,0.003438
658,4,0,0,120.7001,71.0,12.6,0.004902763,73.6442464899932,5.627746582,0.0,-0.008628387,0.060163736,1.764836264,9593.360451,847.929504,576.296082,0.003247,0.003457
659,4,0,0,120.7788,71.0,12.8,0.004903538,73.628932364608,5.58380127,0.0,-0.019365936,0.158396006,1.666603994,9607.646308,890.030273,577.311523,0.003189,0.003398
660,4,0,0,121.0156,71.0,12.8,0.004898871,73.6098793722546,5.627746582,0.0,-0.027035614,0.224094629,1.600905371,9624.649316,920.697388,494.872406,0.0,0.004828
661,4,0,0,121.0947,71.0,13.0,0.004887647,73.593682346852,5.58380127,0.0,-0.017832001,0.220358133,1.604641867,9638.248481,920.700012,586.263672,0.003182,0.003493
662,4,0,0,120.9365,71.0,13.0,0.004874781,73.5744527133402,5.58380127,0.0,-0.008628387,0.144851446,1.680148554,9655.243596,892.498413,579.995789,0.003286,0.003478
663,4,0,0,121.1739,71.0,13.2,0.004873828,73.5585584691652,5.58380127,0.0,-0.003259613,0.041232347,1.783767653,9669.516439,908.143799,581.233826,0.0033,0.00354
664,4,0,0,120.9365,71.0,13.2,0.004889154,73.5404129997312,5.58380127,0.0,0.005368774,-0.080922842,1.905922842,9685.824919,1008.515808,572.417603,0.003112,0.003445
665,4,0,0,119.4543,71.0,13.4,0.004907938,73.5243936293712,5.58380127,0.0,0.012271484,-0.185040712,2.010040712,9700.771353,895.981384,572.000671,0.003252,0.003302
666,4,0,0,115.722,72.0,13.4,0.004918488,73.5069631253256,5.58380127,0.0,0.019941162,-0.265239954,2.090239954,9717.073109,903.511902,607.325928,0.0,0.003402
667,4,0,0,109.6251,73.0,13.5,0.004912641,73.4912313118368,5.58380127,0.0,-0.003259613,-0.29766202,2.12266202,9731.334133,893.180908,579.604126,0.003196,0.003307
668,4,0,0,104.7867,72.0,13.5,0.00490094,73.473255676053,5.58380127,0.0,0.016106323,-0.304309607,2.129309607,9747.629166,916.899414,576.902771,0.003247,0.003361
669,4,0,0,102.2976,72.0,13.7,0.004904319,73.4581875543802,5.58380127,0.0,0.017640259,-0.282467604,2.107467604,9761.884493,891.194092,572.591675,0.003258,0.003436
670,4,0,0,102.2976,72.0,13.7,0.004934138,73.4405541769342,5.58380127,0.0,0.008436646,-0.204850435,2.029850435,9778.851733,0.0,0.0,0.0,0.0
671,4,0,0,103.325,72.0,13.8,0.004977194,73.425251477863,5.58380127,0.0,-0.004793549,-0.096451998,1.921451998,9793.101378,886.889771,579.890015,0.003343,0.003596
672,4,0,0,104.3144,72.0,13.8,0.005030138,73.4082229869494,5.58380127,0.0,-0.003259613,0.022668123,1.802331877,9809.383647,897.796204,582.719299,0.003478,0.00366
673,4,0,0,104.3144,72.0,13.9,0.00506663,73.393950860934,5.58380127,0.0,-0.013997162,0.117100477,1.707899523,9823.628032,785.893677,574.492126,0.003413,0.003666
674,4,0,0,104.55,73.0,13.9,0.005093406,73.3773476703022,5.58380127,0.0,-0.019365936,0.19683671,1.62816329,9839.904209,710.249817,558.133972,0.003384,0.003593
675,4,0,0,105.2034,73.0,13.7,0.00510804,73.3631255947608,5.58380127,0.0,-0.017832001,0.213754416,1.611245584,9854.821203,916.521606,582.038208,0.003336,0.003609
676,4,0,0,106.719,73.0,13.7,0.005113238,73.3472508075064,5.58380127,0.0,0.0,0.18015027,1.64484973,9871.091281,891.558899,579.275696,0.003533,0.003719
677,4,0,0,108.0894,73.0,13.9,0.005105615,73.333135592141,5.58380127,0.0,0.001533936,0.127845049,1.697154951,9886.002846,888.872192,577.882629,0.003443,0.003613
678,4,0,0,108.724,73.0,13.9,0.005086645,73.317762613192,5.58380127,0.0,0.003834839,0.077669859,1.747330141,9902.267149,889.892273,576.308105,0.003227,0.003313
679,4,0,0,110.0158,73.0,13.7,0.00506479,73.3044981432308,5.58380127,0.0,-0.003259613,0.04003644,1.78496356,9916.495972,933.475891,728.502197,0.003263,0.003322
680,4,0,0,110.6072,74.0,13.7,0.005038985,73.2891754400634,5.58380127,0.0,-0.003259613,-0.004006624,1.829006624,9932.754708,894.187927,586.77771,0.0,0.00356
681,4,0,0,111.0716,74.0,13.8,0.005024151,73.2759519438986,5.58380127,0.0,0.008436646,-0.050950289,1.875950289,9946.978638,903.760193,579.835815,0.003509,0.003711
682,4,0,0,111.6071,74.0,13.8,0.005025294,73.2617433868132,5.58380127,0.0,0.018407227,-0.080632925,1.905632925,9963.908903,905.906799,581.933472,0.003507,0.003659
683,4,0,0,112.0122,73.0,13.6,0.005040241,73.248562522065,5.58380127,0.0,0.003834839,-0.066101313,1.891101313,9978.127882,952.442993,583.410522,0.003325,0.003576
684,4,0,0,111.7418,74.0,13.6,0.005062811,73.234433562936,5.58380127,0.0,0.003834839,-0.020010233,1.845010233,9994.375431,959.287781,581.910706,0.003486,0.003626
685,4,0,0,109.755,75.0,13.8,0.005083343,73.2223031787794,5.58380127,0.0,-0.003259613,0.031864405,1.793135595,10008.58997,887.277893,584.005127,0.00353,0.003717
686,4,0,0,108.6602,75.0,13.8,0.005112575,73.2086096426808,5.58380127,0.0,-0.004793549,0.088659048,1.736340952,10024.83276,866.73761,581.588013,0.003516,0.003726
687,4,0,0,108.5965,75.0,13.6,0.005145705,73.1967811063346,5.58380127,0.0,-0.012463226,0.128970861,1.696029139,10039.71887,944.982605,711.978516,0.00317,0.003277
688,4,0,0,109.3661,74.0,13.6,0.005186232,73.183424405098,5.58380127,0.0,-0.007094452,0.145879984,1.679120016,10055.95501,827.355713,578.659119,0.003287,0.003423
689,4,0,0,110.3436,73.0,13.4,0.005218881,73.1720258361196,5.58380127,0.0,-0.008628387,0.138670206,1.686329794,10070.15989,898.114014,577.229492,0.003362,0.003543
690,4,0,0,111.2718,73.0,13.4,0.005248431,73.1586174911624,5.58380127,0.0,-0.008628387,0.10461545,1.72038455,10087.06838,883.710693,578.390808,0.003337,0.003603
691,4,0,0,111.6071,73.0,13.3,0.005262326,73.1469443204998,5.58380127,0.0,-0.008628387,0.052485228,1.772514772,10100.59334,929.389893,594.2771,0.003361,0.003685
692,4,0,0,111.4057,73.0,13.3,0.005263297,73.1340615859866,5.58380127,0.0,-0.005560516,-0.030160666,1.855160666,10117.49662,887.543823,580.964905,0.003227,0.003315
693,4,0,0,111.4057,72.0,13.2,0.005256075,73.1227446266396,5.58380127,0.0,-0.005560516,-0.12137866,1.94637866,10131.69283,887.437378,578.620789,0.003302,0.003498
694,4,0,0,111.8768,72.0,13.2,0.005243052,73.110447997661,5.58380127,0.0,0.017640259,-0.233527422,2.058527422,10147.91467,882.750977,603.085815,0.003462,0.003669
695,4,0,0,112.4202,72.0,13.4,0.005227249,73.0997037380464,5.58380127,0.0,0.04141626,-0.304362059,2.129362059,10162.78284,894.413391,588.87262,0.003195,0.003427
696,4,0,0,112.352,71.0,13.4,0.005205132,73.0861803252792,5.58380127,0.0,0.025309937,-0.265199423,2.090199423,10179.00072,902.881775,586.763123,0.003436,0.003651
697,4,0,0,111.0716,70.0,13.2,0.005184655,73.0748450999232,5.58380127,0.0,0.003834839,-0.12736392,1.95236392,10193.1896,884.049927,582.512512,0.003481,0.003652
698,4,0,0,109.3016,70.0,13.2,0.005160559,73.0629632461428,5.58380127,0.0,-0.02166684,0.078560114,1.746439886,10209.4033,946.233276,595.377808,0.003471,0.003612
699,4,0,0,107.0893,70.0,13.4,0.005137856,73.052332638119,5.58380127,0.0,-0.020132904,0.204644442,1.620355558,10224.26342,894.479919,586.440491,0.003425,0.003717
700,4,0,0,105.8649,70.0,13.4,0.005114597,73.0405752989744,5.58380127,0.0,-0.032404388,0.280636549,1.544363451,10240.47134,871.709778,584.718018,0.003435,0.003622
701,4,0,0,105.5632,70.0,13.3,0.005105632,73.0294473083302,5.58380127,0.0,-0.030103485,0.267001867,1.557998133,10254.65085,880.286194,584.395325,0.003285,0.003466
702,4,0,0,105.2632,70.0,13.3,0.005115908,73.0173999339308,5.58380127,0.0,-0.008628387,0.147112608,1.677887392,10270.8543,878.506775,584.837097,0.003499,0.003687
703,4,0,0,101.5125,71.0,13.1,0.005140789,73.0074911470838,5.58380127,0.0,0.005368774,0.007073641,1.817926359,10285.03155,894.066406,584.509399,0.003166,0.003305
704,4,0,0,97.3501,72.0,13.1,0.005176464,72.9963088734014,5.58380127,0.0,0.014572388,-0.160835981,1.985835981,10301.90665,941.498718,728.575989,0.003117,0.00337
705,4,0,0,95.1004,72.0,13.0,0.005209393,72.9864607586724,5.58380127,0.0,0.014572388,-0.272848368,2.097848368,10316.07892,897.190979,587.445129,0.003229,0.003448
706,4,0,0,94.8083,72.0,13.0,0.005258018,72.9757397540208,5.58380127,0.0,0.018407227,-0.349909544,2.174909544,10332.27383,858.817505,579.800293,0.003225,0.003387
707,4,0,0,96.0873,73.0,12.9,0.005320572,72.9660394893576,5.58380127,0.0,0.023009033,-0.365349531,2.190349531,10346.44326,892.259216,593.778809,0.003512,0.003647
708,4,0,0,98.3323,73.0,12.9,0.005413137,72.9550496605524,5.58380127,0.0,0.026843872,-0.305150747,2.130150747,10362.63552,894.012695,589.05011,0.00353,0.003707
709,4,0,0,100.3573,72.0,13.1,0.005494321,72.9454767107766,5.58380127,0.0,0.018407227,-0.17066884,1.99566884,10377.47652,891.440979,584.014587,0.003498,0.003706
710,4,0,0,101.9597,71.0,13.1,0.005553971,72.9348394400852,5.58380127,0.0,0.005368774,0.064001799,1.760998201,10393.6646,895.395813,582.136414,0.003251,0.003282
711,4,0,0,103.325,71.0,13.0,0.00555566,72.92635535366,5.58380127,0.0,-0.030870453,0.296677828,1.528322172,10407.82766,909.819702,597.945618,0.003412,0.003574
712,4,0,0,104.3144,71.0,13.0,0.00550861,72.9157133193222,5.58380127,0.0,-0.060015228,0.474495173,1.350504827,10424.68675,912.062805,603.124329,0.003357,0.003382
713,4,0,0,104.9648,71.0,13.2,0.005451182,72.9049327208104,5.58380127,0.0,-0.046976776,0.474290609,1.350709391,10438.17255,900.022095,585.538513,0.003478,0.003658
714,4,0,0,105.503,71.0,13.2,0.005383333,72.8936740678516,5.58380127,0.0,0.001533936,0.308525324,1.516474676,10455.028,903.994995,593.856323,0.00346,0.003678
715,4,0,0,106.2293,72.0,13.1,0.005320625,72.8855395461678,5.58380127,0.0,0.016106323,0.123873472,1.701126528,10469.18506,901.974915,586.316711,0.003476,0.00362
716,4,0,0,106.8422,73.0,13.1,0.005245257,72.8762541371698,5.58380127,0.0,0.032979614,-0.065857172,1.890857172,10485.36293,893.158813,580.637329,0.003201,0.003277
717,4,0,0,107.2133,72.0,13.3,0.005183484,72.8673639016088,5.58380127,0.0,0.032979614,-0.150965452,1.975965452,10500.19121,898.86792,580.548889,0.003143,0.003249
718,4,0,0,107.7122,72.0,13.3,0.005127448,72.8573113202328,5.58380127,0.0,0.012271484,-0.124730349,1.949730349,10516.36591,944.410095,730.195801,0.003062,0.003135
719,4,0,0,108.1525,72.0,13.2,0.005095056,72.8491666918938,5.58380127,0.0,0.00690271,-0.045905352,1.870905352,10530.51742,0.0,0.0,0.0,0.0
720,4,0,0,108.4693,72.0,13.2,0.005076864,72.8404479636966,5.58380127,0.0,-0.024734711,0.057687044,1.767312956,10546.68906,893.00238,577.565125,0.003239,0.003349
721,4,0,0,108.2157,72.0,13.3,0.005073085,72.8323183665932,5.58380127,0.0,-0.015531097,0.095645666,1.729354334,10561.51166,815.287292,570.961609,0.003436,0.003676
722,4,0,0,107.9005,72.0,13.3,0.0050752,72.8232252415384,5.58380127,0.0,-0.004793549,0.085407495,1.739592505,10577.68027,883.470581,581.97113,0.003216,0.003511
723,4,0,0,108.0264,71.0,13.5,0.005076583,72.8157956107746,5.58380127,0.0,-0.004793549,0.057833433,1.767166567,10591.82683,892.465698,575.970886,0.003385,0.00357
724,4,0,0,108.4693,73.0,13.5,0.005069105,72.80750157131,5.58380127,0.0,-0.001725677,0.010985136,1.814014864,10608.66713,874.023315,577.5625,0.003479,0.003655
725,4,0,0,109.1084,73.0,13.7,0.005050312,72.8002220758748,5.58380127,0.0,0.014572388,-0.037411451,1.862411451,10622.13836,946.983521,726.046692,0.003201,0.003371
726,4,0,0,109.69,73.0,13.7,0.005020097,72.7924032584188,5.58380127,0.0,0.014572388,-0.060172319,1.885172319,10638.97604,0.0,0.0,0.0,0.0
727,4,0,0,110.2779,73.0,13.8,0.004995848,72.785140516213,5.58380127,0.0,0.001533936,-0.043498755,1.868498755,10653.11847,892.915588,579.106323,0.00339,0.003644
728,4,0,0,110.6733,73.0,13.8,0.004979255,72.7773858470494,5.58380127,0.0,0.005368774,-0.011959314,1.836959314,10669.28004,892.963684,579.306274,0.003178,0.003395
729,4,0,0,111.1383,73.0,13.9,0.004975749,72.7708795429238,5.58380127,0.0,0.001533936,0.028330564,1.796669436,10684.094,880.683289,575.485901,0.003359,0.003504
730,4,0,0,111.4057,73.0,13.9,0.004978274,72.7638805554506,5.58380127,0.0,-0.001725677,0.084122896,1.740877104,10697.56055,891.219299,575.132813,0.003306,0.003421
731,4,0,0,111.6071,73.0,14.0,0.004982304,72.757331845216,5.627746582,0.0,0.003834839,0.139779329,1.685220671,10714.39285,1014.915771,564.951111,0.002936,0.00322
732,4,0,0,111.8768,73.0,14.0,0.004984928,72.7543254693488,5.58380127,0.0,0.003834839,0.197759867,1.627240133,10728.53122,895.547729,574.438904,0.00311,0.00323
733,4,0,0,111.9445,73.0,14.1,0.004984227,72.7475459636648,5.58380127,0.0,-0.007094452,0.275043249,1.549956751,10744.68892,894.145386,575.780396,0.003109,0.003333
734,4,0,0,112.4202,73.0,14.1,0.004977162,72.7410986418502,5.58380127,0.0,-0.010929291,0.331469297,1.493530703,10759.50003,893.384827,574.14801,0.003339,0.0036
735,4,0,0,112.6938,72.0,14.2,0.004962896,72.7333885353112,5.58380127,0.0,-0.010929291,0.360853434,1.464146566,10775.65763,889.999512,582.886292,0.003414,0.003606
736,4,0,0,112.6253,73.0,14.2,0.004947606,72.7281839297512,5.627746582,0.0,-0.005560516,0.350012541,1.474987459,10789.79546,898.686584,583.081726,0.00349,0.003621
737,4,0,0,112.5568,72.0,14.3,0.004924734,72.7238517956854,5.627746582,0.0,-0.004793549,0.307556868,1.517443132,10805.95314,936.524414,735.764221,0.003254,0.003357
738,4,0,0,113.1068,72.0,14.3,0.004898753,72.7199125015136,5.627746582,0.0,-0.004793549,0.254337549,1.570662451,10820.76477,897.978882,586.05249,0.0,0.003339
739,4,0,0,113.0378,72.0,14.3,0.004872901,72.715555470958,5.627746582,0.0,-0.010162323,0.174163103,1.650836897,10836.92332,897.004517,575.119202,0.003248,0.003391
740,4,0,0,112.8312,72.0,14.3,0.004864811,72.713836615371,5.627746582,0.0,-0.001725677,0.071192503,1.753807497,10851.06228,903.594482,579.409607,0.003319,0.003535
741,4,0,0,112.6938,72.0,14.4,0.004872384,72.7132340141014,5.627746582,0.0,0.010737549,-0.049375772,1.874375772,10867.89457,899.437317,573.246216,0.003243,0.00338
742,4,0,0,112.4202,72.0,14.4,0.004886614,72.7123819973186,5.627746582,0.0,0.009203613,-0.128761053,1.953761053,10881.36058,857.935608,575.325806,0.003167,0.003555
743,4,0,0,111.9445,72.0,14.5,0.004905937,72.7117008280702,5.671691895,0.0,0.008436646,-0.176196814,2.001196814,10898.19345,895.940308,571.798889,0.003224,0.003322
744,4,0,0,111.2718,73.0,14.5,0.004925598,72.714101593202,5.671691895,0.0,0.009203613,-0.183158159,2.008158159,10912.33304,886.102478,564.581482,0.002769,0.002976
745,4,0,0,110.4094,74.0,14.2,0.004954834,72.716784041114,5.671691895,0.0,0.009203613,-0.149849653,1.974849653,10928.4923,888.349609,564.755615,0.002841,0.003026
746,4,0,0,110.2123,74.0,14.2,0.004985175,72.7184791106558,5.671691895,0.0,0.008436646,-0.083018064,1.908018064,10943.30473,895.626404,570.046082,0.0029,0.0031
747,4,0,0,110.5412,74.0,14.3,0.005019915,72.7201620618674,5.671691895,0.0,0.001533936,0.033040285,1.791959715,10959.4634,934.280579,727.022217,0.00298,0.003114
748,4,0,0,111.0716,75.0,14.3,0.005050092,72.721990497415,5.627746582,0.0,-0.003259613,0.151585817,1.673414183,10973.60177,887.043274,572.864807,0.002859,0.003052
749,4,0,0,111.5399,75.0,14.1,0.005088213,72.7217055476746,5.627746582,0.0,-0.008628387,0.268428564,1.556571436,10989.759,887.816406,572.121216,0.002937,0.003113
750,4,0,0,112.2158,75.0,14.1,0.005126276,72.7194948616902,5.671691895,0.0,0.0,0.341282129,1.483717871,11003.8424,892.94873,574.362427,0.002928,0.003084
751,4,0,0,111.2718,74.0,14.2,0.005171097,72.7176907754568,5.627746582,0.0,-0.010162323,0.411861181,1.413138819,11020.47626,890.694275,569.750793,0.002993,0.003053
752,4,0,0,105.9861,74.0,14.2,0.005209566,72.7149869555096,5.627746582,0.0,-0.017832001,0.433995962,1.391004038,11034.33898,894.62439,577.195007,0.002963,0.003051
753,4,0,0,101.2904,75.0,14.0,0.005255735,72.7104798218122,5.58380127,0.0,-0.010162323,0.367985487,1.457014513,11050.06027,903.919373,579.479614,0.003236,0.003458
754,4,0,0,99.6552,75.0,14.0,0.005299228,72.1347727801278,0.0,261.4837646,0.001533936,0.239308119,1.585691881,11063.71039,894.311707,573.481995,0.003099,0.003353
755,4,0,0,100.032,74.0,14.1,0.00535369,71.3432165514914,0.0,261.4837646,0.013038452,0.103620768,1.721379232,11079.05474,887.757813,572.512329,0.003405,0.003642
756,4,0,0,101.6797,74.0,14.1,0.005409905,70.6653793932812,0.0,261.4837646,-0.013997162,0.037564039,1.787435961,11091.44576,893.901672,571.333923,0.003391,0.003722
757,4,0,0,103.4404,75.0,13.9,0.00548386,69.8908984068854,0.0,261.0443115,0.013038452,-0.111080885,1.936080885,11100.83504,895.440186,572.710388,0.003358,0.003602
758,4,0,0,104.7867,76.0,13.9,0.005547276,64.2592217760966,0.0,260.6048584,0.043717163,-0.222816706,2.047816706,11107.171,903.562195,576.390991,0.00322,0.003506
759,4,0,0,106.2293,76.0,14.0,0.005611303,38.279279323137,0.0,260.6048584,0.021475098,-0.160508394,1.985508394,11113.71062,900.924805,572.801697,0.003427,0.003645
760,4,0,0,107.3376,77.0,14.0,0.005667462,30.912821189362,0.0,211.0931396,-0.008628387,-0.044660807,1.869660807,11119.90003,896.072998,589.74707,0.003417,0.003739
761,4,0,0,107.9005,78.0,13.8,0.005739209,30.4365164650902,0.0,129.5013428,-0.001725677,0.082537889,1.742462111,11126.57907,887.812805,571.75592,0.003615,0.003879
762,4,0,0,108.4693,78.0,13.8,0.00580453,30.0381396368202,0.0,5.722045898,-0.004793549,0.181785822,1.643214178,11132.36115,858.898499,584.615601,0.003485,0.003761
763,4,0,0,109.1084,79.0,13.6,0.005875213,29.5828906641582,0.0,12.89978027,-0.007094452,0.293621302,1.531378698,11139.16962,,,,
764,4,0,0,109.69,79.0,13.6,0.005875213,29.5828906641582,0.0,12.89978027,-0.007094452,0.293621302,1.531378698,11139.16962,,,,
765,4,0,0,110.0158,80.0,13.4,0.005875213,29.5828906641582,0.0,12.89978027,-0.007094452,0.293621302,1.531378698,11139.16962,,,,
