Time,Drive,Stimulus,Failure,Palm.EDA,Heart.Rate,Breathing.Rate,Perinasal.Perspiration,Speed,Acceleration,Brake,Steering,LaneOffset,Lane.Position,Distance,Gaze.X.Pos,Gaze.Y.Pos,Lft.Pupil.Diameter,Rt.Pupil.Diameter
1,4,0,0,205.4738,59.0,17.6,,-0.01780771402952,0.0,249.3255615,-0.069218842,-0.100004435,1.925004435,8.06e-06,0.0,0.0,0.0,0.0
2,4,0,0,202.9962,59.0,17.4,,-0.01780771402952,0.0,266.6107178,-0.069218842,-0.100004435,1.925004435,1.48e-05,679.151306,962.665771,0.008634,0.007411
3,4,0,0,203.666,59.0,17.4,,-0.0884388254565,0.0,250.2044678,-0.069218842,-0.099991083,1.924991083,2.32e-05,719.715698,884.549927,0.009322,0.00809
4,4,0,0,204.3402,59.0,17.2,,-0.79812855754484,0.0,239.364624,-0.069218842,-0.099715471,1.924715471,0.000753702,0.0,0.0,0.008669,0.00796
5,4,0,0,206.3898,60.0,17.2,,0.18547080391934,0.0,221.2005615,-0.069218842,-0.099687338,1.924687338,0.05296577,0.0,0.0,0.0093,0.007818
6,4,0,0,207.5464,60.0,16.9,,0.80693599739086,0.0,261.1907959,0.116579102,-0.09918189,1.92418189,0.130078029,863.104675,736.157288,0.007046,0.0
7,4,0,0,206.6201,60.0,16.9,,0.79757218134806,0.0,0.0,0.118113037,-0.098074675,1.923074675,0.146460285,920.81781,947.371704,0.0,0.00804
8,4,0,0,206.3898,60.0,16.8,,9.88466944191268,25.11474609,0.0,-0.005560516,-0.097316504,1.922316504,0.260783849,687.412781,853.501404,0.008915,0.007755
9,4,0,0,206.3898,60.0,16.8,,21.4834572433508,18.82507324,0.0,0.085133423,-0.056765795,1.881765795,0.432138707,676.88208,844.463501,0.009437,0.007478
10,4,0,0,205.2461,60.0,16.6,,22.3991079895802,0.0,171.395874,-0.044675873,0.012271166,1.812728834,0.598699207,677.093994,845.312988,0.009204,0.007504
11,4,0,0,207.0822,60.0,16.6,,23.5230273680926,12.79907227,0.0,-0.109101166,0.101502657,1.723497343,2.08155848,667.269592,933.239319,0.008608,0.007199
12,4,0,0,206.3898,60.0,16.1,,27.6873784851876,18.25378418,0.0,0.076696777,0.126467943,1.698532057,5.020055509,657.557922,874.14978,0.009041,0.007383
13,4,0,0,205.4738,60.0,16.1,,32.939201131277,18.78112793,0.0,-0.096062714,0.179304361,1.645695639,9.876293246,677.313721,880.852173,0.008715,0.00749
14,4,0,0,204.115,60.0,15.7,,36.9387509882586,18.03405762,0.0,-0.003259613,0.145922422,1.679077578,14.23247031,689.786316,885.292297,0.008732,0.007549
15,4,0,0,201.0131,60.0,15.7,,40.8831675605314,18.16589355,0.0,0.079764648,0.075266123,1.749733877,19.2639739,662.981873,877.25647,0.009203,0.007516
16,4,0,0,199.7124,60.0,15.4,,44.0032523271288,17.6385498,0.0,-0.168924652,0.108860731,1.716139269,24.17599524,0.0,0.0,0.0,0.007368
17,4,0,0,197.7926,60.0,15.4,,47.1990621090426,16.31744385,0.0,0.105074585,-0.051761866,1.876761866,30.30990466,544.445679,882.663086,0.007985,0.007185
18,4,0,0,197.7926,59.0,15.0,,48.9925133087338,13.10668945,0.0,-0.020132904,-0.037012339,1.862012339,36.60622196,0.0,0.0,0.008391,0.0064
19,4,0,0,201.0131,59.0,15.0,,50.9873204138588,14.29321289,0.0,0.0,-0.038055658,1.863055658,44.19434674,656.207703,902.453796,0.008722,0.007318
20,4,0,0,199.4973,59.0,14.7,,52.594308411729,12.18383789,0.0,0.023776001,-0.044968367,1.869968367,52.05219645,665.836914,903.498596,0.008509,0.006972
21,4,0,0,200.7951,59.0,14.7,,54.044125963843,12.00805664,0.0,-0.007094452,-0.004367113,1.829367113,60.84105331,0.0,0.0,0.007853,0.006422
22,4,0,0,201.8897,59.0,14.7,,55.2893045730166,12.09594727,0.0,-0.001725677,0.032401323,1.792598677,69.34426355,0.0,0.0,0.0,0.007261
23,4,0,0,202.9962,59.0,14.7,,56.6998002840538,12.09594727,0.0,-0.017832001,0.061435938,1.763564062,79.58353296,649.111694,906.884583,0.008645,0.007343
24,4,0,0,205.0189,59.0,14.8,,57.8837977731722,12.09594727,0.0,-0.010162323,0.047790289,1.777209711,88.45853565,699.8526,887.559692,0.008509,0.007247
25,4,0,0,205.4738,59.0,14.8,,59.2119492373796,12.05200195,0.0,0.026843872,0.006353617,1.818646383,99.40002112,0.0,0.0,0.006244,0.0
26,4,0,0,205.0189,59.0,14.8,,59.6941437919966,0.0,0.0,-0.025501678,0.042247534,1.782752466,109.2451464,0.0,0.0,0.008629,0.00664
27,4,0,0,204.5659,59.0,14.8,,59.3394709571564,5.320129395,0.0,-0.034705292,0.024543047,1.800456953,120.7991428,340.758209,772.845276,0.008836,0.006739
28,4,0,0,205.0189,59.0,14.8,,59.5337750404848,5.58380127,0.0,0.056755615,-0.080857038,1.905857038,131.1268196,663.385681,896.089417,0.008636,0.006971
29,4,0,0,205.9308,59.0,14.8,,59.7565254153182,7.300415039,0.0,-0.016298065,-0.031632185,1.856632185,142.6490508,694.848083,923.447876,0.008293,0.007053
30,4,0,0,207.314,59.0,14.8,,60.6934684539506,11.21429443,0.0,-0.040074066,0.06181407,1.76318593,153.3608032,634.805298,916.719727,0.008497,0.007178
31,4,0,0,207.7793,59.0,14.8,,61.7643004695094,11.21429443,0.0,0.018407227,0.041881323,1.783118677,165.8234296,650.236389,916.576111,0.008215,0.007042
32,4,0,0,207.7793,59.0,15.1,,62.6983885711686,10.86273193,0.0,-0.003259613,0.023893595,1.801106405,176.9178047,0.0,0.0,0.008716,0.006486
33,4,0,0,208.0126,59.0,15.1,,63.4075381910502,8.841247559,0.0,-0.030103485,0.003076792,1.821923208,189.8083418,628.723877,927.715393,0.008713,0.006499
34,4,0,0,206.1601,59.0,15.7,,64.0100275471466,9.324645996,0.0,0.02761084,-0.090852022,1.915852022,200.7192347,679.080322,906.383972,0.008623,0.006762
35,4,0,0,208.0126,59.0,15.7,,64.6715273133194,9.236755371,0.0,-0.013997162,-0.096621752,1.921621752,213.9812462,653.104126,904.002686,0.008546,0.007361
36,4,0,0,206.8509,59.0,15.9,,65.2554951776908,9.236755371,0.0,-0.007094452,-0.096376181,1.921376181,225.548569,314.475403,781.60022,0.008552,0.0
37,4,0,0,208.0126,60.0,15.9,,65.8788249396116,9.236755371,0.0,0.003067871,-0.122650385,1.947650385,238.7382551,0.0,0.0,0.0,0.006233
38,4,0,0,207.7793,59.0,15.8,,66.4253933678164,9.236755371,0.0,-0.000959,-0.135418177,1.960418177,250.3053098,654.960388,921.019104,0.008518,0.007717
39,4,0,0,208.716,60.0,15.8,,67.0038213367322,9.148864746,0.0,0.005368774,-0.149119616,1.974119616,263.006048,670.018616,912.679626,0.008771,0.007164
40,4,0,0,208.716,60.0,15.8,,67.5122964940162,9.148864746,0.0,-0.003259613,-0.158095598,1.983095598,274.6575091,342.929504,794.720276,0.008815,0.0
41,4,0,0,208.716,59.0,15.8,,68.0575870579808,9.236755371,0.0,-0.015531097,-0.193882227,2.018882227,287.5799898,695.128906,933.909424,0.008304,0.00654
42,4,0,0,207.5464,60.0,15.4,,68.5423236777816,9.192810059,0.0,0.003834839,-0.279130697,2.104130697,299.526157,594.249329,938.996277,0.008261,0.006702
43,4,0,0,208.481,60.0,15.4,,69.1343843658374,9.192810059,0.0,0.009203613,-0.400066137,2.225066137,313.34583,662.225098,918.286194,0.008845,0.006857
44,4,0,0,209.1875,60.0,15.4,,69.6091260991012,9.192810059,0.0,0.009203613,-0.483790636,2.308790636,325.5732032,0.0,0.0,0.007976,0.006828
45,4,0,0,208.716,60.0,15.4,,70.1095519492544,9.192810059,0.0,0.005368774,-0.52812314,2.35312314,339.655107,0.0,0.0,0.00852,0.006686
46,4,0,0,208.2466,59.0,15.0,,70.5550025679802,9.148864746,0.0,0.003834839,-0.535657644,2.360657644,351.4737873,657.374023,929.793823,0.008407,0.006272
47,4,0,0,208.716,59.0,15.0,,71.0197577510882,9.060974121,0.0,0.008436646,-0.511585951,2.336585951,365.7604099,0.0,0.0,0.007667,0.00742
48,4,0,0,209.8988,59.0,15.0,,71.4282822083546,9.017028809,0.0,-0.000959,-0.444313765,2.269313765,378.352543,0.0,0.0,0.007592,0.00643
49,4,0,0,211.0952,59.0,15.0,,71.5345396382444,2.768554688,0.0,0.0,-0.371753931,2.196753931,392.8455718,0.0,0.0,0.0,0.006882
50,4,0,0,209.6612,59.0,15.0,,71.3326396793302,5.58380127,0.0,0.003067871,-0.312980413,2.137980413,405.614303,0.0,0.0,0.008219,0.006762
51,4,0,0,210.615,59.0,15.0,,71.355728751563,5.627746582,0.0,0.001533936,-0.232844591,2.057844591,419.6902197,676.33728,929.100708,0.008581,0.006782
52,4,0,0,211.8195,59.0,14.7,,71.3774834234414,5.627746582,0.0,0.001533936,-0.155220747,1.980220747,432.6233814,0.0,0.0,0.0,0.006987
53,4,0,0,212.5489,59.0,14.7,,71.4016607313822,5.627746582,0.0,-0.004793549,-0.057163477,1.882163477,447.4959993,0.0,0.0,0.0,0.006611
54,4,0,0,211.3361,59.0,14.5,,71.422440239781,5.627746582,0.0,-0.010162323,0.01990819,1.80509181,460.5878511,0.0,0.0,0.008188,0.007152
55,4,0,0,211.3361,59.0,14.5,,71.4456473571028,5.627746582,0.0,-0.010929291,0.054815054,1.770184946,475.6378084,586.729004,915.507385,0.008439,0.007163
56,4,0,0,211.5775,60.0,14.5,,71.4654524423184,5.671691895,0.0,-0.003259613,0.031095743,1.793904257,488.2496515,0.0,0.0,0.0,0.006006
57,4,0,0,212.5489,60.0,14.5,,71.487769224472,5.627746582,0.0,-0.003259613,-0.020171404,1.845171404,503.4665846,600.212524,912.03479,0.008616,0.006671
58,4,0,0,214.0228,60.0,14.6,,71.507068268818,5.627746582,0.0,0.003834839,-0.077879667,1.902879667,516.8587545,713.153198,905.60907,0.00876,0.006917
59,4,0,0,214.0228,60.0,14.6,,71.5297440142586,5.627746582,0.0,0.003067871,-0.132778883,1.957778883,531.6149745,0.0,0.0,0.0,0.006175
60,4,0,0,214.2704,60.0,14.9,,71.548042467553,5.627746582,0.0,0.003834839,-0.165431738,1.990431738,545.8047655,0.0,0.0,0.0,0.005914
61,4,0,0,215.7684,60.0,14.9,,71.5686848119036,5.627746582,0.0,-0.000959,-0.18643117,2.01143117,560.7159966,608.420898,920.32489,0.008495,0.007098
62,4,0,0,216.2723,61.0,15.8,,71.5860081178118,5.627746582,0.0,-0.003259613,-0.206221819,2.031221819,574.3977599,458.537109,960.554382,0.008479,0.006822
63,4,0,0,208.0126,64.0,15.8,,71.6062554013792,5.627746582,0.0,-0.012463226,-0.244394541,2.069394541,589.4541791,662.276917,638.150696,0.008267,0.006591
64,4,0,0,206.6201,65.0,16.3,,71.6228261477166,5.627746582,0.0,0.001533936,-0.311010599,2.136010599,603.2640914,676.256104,922.494629,0.008733,0.006472
65,4,0,0,211.0952,66.0,16.3,,71.6417875203438,5.627746582,0.0,0.030678711,-0.374065638,2.199065638,619.1184793,309.052185,783.772827,0.00847,0.0
66,4,0,0,211.8195,67.0,17.1,,71.6565043713748,5.671691895,0.0,0.016106323,-0.325088263,2.150088263,633.0460773,650.47937,907.154907,0.00845,0.006794
67,4,0,0,208.0126,67.0,17.1,,71.674629289537,5.627746582,0.0,-0.044675873,-0.190192938,2.015192938,648.9200092,649.649414,948.382996,0.005847,0.006011
68,4,0,0,206.8509,67.0,17.8,,71.6870958648196,5.627746582,0.0,-0.008628387,-0.212780237,2.037780237,662.1293245,553.151672,842.611023,0.007802,0.006375
69,4,0,0,208.2466,67.0,17.8,,71.7044464651342,5.627746582,0.0,0.061357422,-0.346545935,2.171545935,677.9839074,674.315308,916.734009,0.008706,0.006826
70,4,0,0,208.9515,68.0,18.7,,71.7168232392448,5.627746582,0.0,0.016106323,-0.366117716,2.191117716,691.8600913,643.33429,908.460083,0.008518,0.006784
71,4,0,0,210.8548,69.0,18.7,,71.7275098523006,5.627746582,0.0,-0.052345551,-0.263397932,2.088397932,707.7224331,682.013672,901.767212,0.00846,0.00735
72,4,0,0,211.8195,69.0,19.8,,71.7343287385344,5.58380127,0.0,0.017640259,-0.335269213,2.160269213,721.6052329,0.0,0.0,0.008537,0.00642
73,4,0,0,213.0379,68.0,19.8,,71.7429220991456,5.58380127,0.0,0.017640259,-0.42280364,2.24780364,736.8137489,678.232483,910.97052,0.008564,0.007343
74,4,0,0,212.7931,67.0,20.5,,71.7502792613292,5.58380127,0.0,0.07592981,-0.416921854,2.241921854,750.7029832,572.064514,938.588501,0.008601,0.007537
75,4,0,0,214.0228,66.0,20.5,,71.7556572089006,5.58380127,0.0,-0.048510712,-0.146104097,1.971104097,766.5799651,690.88208,927.025696,0.008201,0.00676
76,4,0,0,214.2704,65.0,21.2,,71.7599621129336,5.58380127,0.0,-0.139779877,0.099609613,1.725390387,779.8136665,682.601318,931.30127,0.008282,0.006779
77,4,0,0,214.2704,64.0,21.2,,71.7597831543256,5.58380127,0.0,0.050619873,-0.020510435,1.845510435,796.3594069,0.0,0.0,0.0,0.007128
78,4,0,0,215.5172,63.0,21.8,,71.76567922891,5.58380127,0.0,0.013038452,-0.158764601,1.983764601,809.5988439,702.132874,929.473083,0.008115,0.006702
79,4,0,0,216.7787,63.0,21.8,,71.7733601098346,5.58380127,0.0,0.008436646,-0.198243856,2.023243856,825.4895856,484.168793,956.396484,0.007824,0.007444
80,4,0,0,216.02,63.0,22.3,,71.780357616715,5.58380127,0.0,0.010737549,-0.181911707,2.006911707,839.3970683,0.0,0.0,0.0,0.006425
81,4,0,0,216.7787,63.0,22.3,,71.787889569316,5.58380127,0.0,0.00690271,-0.129155874,1.954155874,854.6322395,348.129395,832.636597,0.008172,0.0
82,4,0,0,215.2667,63.0,22.4,,71.7947929619932,5.58380127,0.0,0.010737549,-0.060756922,1.885756922,868.545439,711.552185,975.296021,0.007068,0.006761
83,4,0,0,217.2874,62.0,22.4,,71.8023528044564,5.58380127,0.0,-0.000959,0.049135923,1.775864077,884.4494889,556.820007,972.882385,0.00703,0.0
84,4,0,0,217.5426,62.0,22.9,,71.8088081407842,5.58380127,0.0,-0.030103485,0.146641016,1.678358984,898.3683336,684.648926,950.268982,0.00893,0.007561
85,4,0,0,216.5252,62.0,22.9,,71.813750536578,5.58380127,0.0,-0.074587616,0.154526472,1.670473528,913.6157825,603.102905,934.462219,0.008446,0.006521
86,4,0,0,213.5292,62.0,23.0,,71.8179647221152,5.58380127,0.0,0.047552002,-0.020305872,1.845305872,927.5400089,659.059814,928.193787,0.008582,0.006774
87,4,0,0,211.5775,60.0,23.0,,71.8236451934198,5.58380127,0.0,0.042183228,-0.146755934,1.971755934,943.4565567,585.836609,934.683228,0.008375,0.007234
88,4,0,0,212.3052,59.0,22.8,,71.8285046277366,5.58380127,0.0,0.037581421,-0.130469561,1.955469561,956.7230492,691.812622,910.070923,0.008536,0.00673
89,4,0,0,213.0379,59.0,22.8,,71.8342886278834,5.58380127,0.0,0.016106323,0.02129817,1.80370183,973.3090272,604.448914,919.799377,0.008442,0.007679
90,4,0,0,213.7757,58.0,22.3,,71.8393646471774,5.58380127,0.0,-0.008628387,0.190066099,1.634933901,986.5802358,591.907288,798.77179,0.008481,0.007146
91,4,0,0,214.5186,59.0,22.3,,71.845641378952,5.58380127,0.0,-0.089160004,0.378563643,1.446436357,1002.508533,682.615906,924.814209,0.008724,0.006271
92,4,0,0,215.2667,60.0,21.6,,71.8471061036596,5.58380127,0.0,-0.019365936,0.398924112,1.426075888,1016.447691,682.12207,923.125427,0.008107,0.007286
93,4,0,0,215.5172,60.0,21.6,,71.8518149842194,5.58380127,0.0,0.063658325,0.284113646,1.540886354,1029.725407,0.0,0.0,0.0,0.0
94,4,0,0,217.2874,60.0,20.9,,71.854892830876,5.58380127,0.0,0.092803101,0.227300882,1.597699118,1046.325458,0.0,0.0,0.0,0.006823
95,4,0,0,218.0549,61.0,20.9,,71.8543503062686,5.58380127,0.0,0.014572388,0.398333788,1.426666212,1059.607178,671.576111,920.666199,0.008433,0.007021
96,4,0,0,218.312,61.0,20.4,,71.855050787597,5.58380127,0.0,-0.178128265,0.762295008,1.062704992,1075.546417,607.663208,937.064209,0.008298,0.007384
97,4,0,0,216.2723,61.0,20.4,,71.8374418077454,5.58380127,0.0,-0.065384003,0.698240042,1.126759958,1089.494559,511.213593,985.3974,0.008134,0.007232
98,4,0,0,204.7921,61.0,19.8,,71.7283170972446,0.0,2.792358398,0.119646973,0.255279303,1.569720697,1104.772845,670.479309,951.641479,0.007788,0.007016
99,4,0,0,202.3309,61.0,19.8,,71.2119399035332,0.0,0.0,0.085900391,0.052664042,1.772335958,1118.723429,432.983704,852.715088,0.007872,0.006743
100,4,0,0,203.8902,60.0,19.3,,70.6532325616698,0.0,0.0,-0.050811615,0.121838808,1.703161192,1134.666011,633.606323,938.765503,0.008043,0.007082
101,4,0,0,206.3898,60.0,19.3,,70.1508767105216,0.0,0.0,-0.063850067,0.182861567,1.642138433,1148.61803,689.335083,922.868408,0.008476,0.006796
102,4,0,0,208.481,60.0,18.6,,69.6189465170888,0.87890625,0.0,0.023776001,0.044838667,1.780161333,1164.562417,0.0,0.0,0.009587,0.00638
103,4,0,0,210.3757,60.0,18.6,,69.5555544535548,5.58380127,0.0,0.017640259,-0.149240255,1.974240255,1177.850784,0.0,0.0,0.0,0.007541
104,4,0,0,209.6612,60.0,17.7,,69.6635931814236,8.399047852,0.0,0.047552002,-0.285484552,2.110484552,1193.798735,0.0,0.0,0.008252,0.007259
105,4,0,0,211.5775,60.0,17.7,,69.8908762301802,7.432250977,0.0,0.054454712,-0.343758345,2.168758345,1207.754582,0.0,0.0,0.008769,0.006865
106,4,0,0,212.7931,59.0,16.8,,70.0959922941504,7.388305664,0.0,0.003067871,-0.279374361,2.104374361,1223.705655,0.0,0.0,0.008791,0.007293
107,4,0,0,214.2704,59.0,16.8,,70.27277175923,7.344360352,0.0,-0.005560516,-0.192043543,2.017043543,1237.664103,0.0,0.0,0.008359,0.00702
108,4,0,0,212.5489,59.0,16.3,,70.4732857706296,7.300415039,0.0,-0.005560516,-0.095745802,1.920745802,1252.95325,668.31842,914.088623,0.007694,0.007013
109,4,0,0,203.4422,59.0,16.3,,70.6412438477134,7.300415039,0.0,-0.007094452,-0.032517672,1.857517672,1266.914052,689.851685,922.312927,0.008269,0.00656
110,4,0,0,202.9962,60.0,15.9,,70.834035199722,7.300415039,0.0,-0.010162323,0.025853872,1.799146128,1282.205926,439.943115,843.116699,0.008141,0.0
111,4,0,0,207.7793,59.0,15.9,,70.996572665631,7.300415039,0.0,-0.010929291,0.052408457,1.772591543,1296.168605,626.102783,921.151428,0.008445,0.006894
112,4,0,0,210.615,60.0,15.5,,71.1835730812374,7.300415039,0.0,0.009203613,0.052702188,1.772297812,1312.125546,672.804199,821.904785,0.007901,0.007038
113,4,0,0,211.0952,60.0,15.5,,71.3356863208842,7.300415039,0.0,0.0,0.045282602,1.779717398,1326.089894,0.0,0.0,0.007431,0.006699
114,4,0,0,208.0126,59.0,15.5,,71.5168776950134,7.256469727,0.0,-0.007094452,0.047898054,1.777101946,1342.050743,0.0,0.0,0.008623,0.006563
115,4,0,0,209.6612,60.0,15.5,,71.6695198442512,7.256469727,0.0,-0.007094452,0.034971952,1.790028048,1355.352054,0.0,0.0,0.008212,0.006689
116,4,0,0,210.8548,60.0,15.1,,71.841037459547,7.300415039,0.0,0.0,0.000966,1.824033689,1371.314229,827.457703,891.79071,0.008017,0.007071
117,4,0,0,211.5775,61.0,15.1,,71.9899002347288,7.256469727,0.0,0.021475098,-0.031834841,1.856834841,1385.282264,679.348999,904.158813,0.008413,0.006829
118,4,0,0,209.4241,62.0,15.1,,72.1607508912484,7.256469727,0.0,0.013038452,-0.011846781,1.836846781,1401.246781,609.668701,974.849426,0.008564,0.006883
119,4,0,0,204.5659,63.0,15.1,,72.3058878190226,7.256469727,0.0,-0.030870453,0.04595685,1.77904315,1415.2154,577.92511,933.66571,0.008434,0.007129
120,4,0,0,203.8902,63.0,14.8,,72.4686091842134,7.124633789,0.0,-0.054646454,0.060396433,1.764603567,1430.513741,0.0,0.0,0.0,0.0
121,4,0,0,205.4738,63.0,14.8,,72.5933567236982,7.036743164,0.0,-0.063083099,-0.058062315,1.883062315,1444.457359,681.271179,926.298218,0.008117,0.006756
122,4,0,0,208.481,63.0,14.5,,72.7241432793462,7.036743164,0.0,0.131151489,-0.36002183,2.18502183,1458.287755,686.444092,939.229309,0.007878,0.006778
123,4,0,0,206.6201,63.0,14.5,,72.8271014656756,6.992797852,0.0,0.038348389,-0.500908613,2.325908613,1472.237672,669.0625,931.637329,0.008359,0.006482
124,4,0,0,207.5464,64.0,14.3,,72.9542116450276,7.036743164,0.0,-0.015531097,-0.387961626,2.212961626,1488.167871,539.38031,961.843201,0.008271,0.007015
125,4,0,0,208.716,66.0,14.3,,73.0661968125378,7.036743164,0.0,-0.039307098,-0.301576853,2.126576853,1501.353602,670.962708,938.705078,0.008181,0.006611
126,4,0,0,208.716,66.0,14.3,,73.188301912303,7.036743164,0.0,-0.041608002,-0.317688227,2.142688227,1517.056545,0.0,0.0,0.0,0.006861
127,4,0,0,207.7793,65.0,14.3,,73.2966798246702,6.992797852,0.0,-0.025501678,-0.44144702,2.26644702,1530.691506,677.731384,910.688416,0.008505,0.007822
128,4,0,0,207.7793,64.0,14.1,,73.4177320137404,7.036743164,0.0,0.131151489,-0.650154352,2.475154352,1546.165359,645.004089,918.860596,0.008705,0.007341
129,4,0,0,208.9515,63.0,14.1,,73.5101073411638,7.036743164,0.0,0.058289551,-0.604026556,2.429026556,1559.690649,540.567871,968.330383,0.008289,0.006877
130,4,0,0,208.2466,63.0,13.9,,73.6302394383692,7.080688477,0.0,-0.085325165,-0.279050589,2.104050589,1574.536446,661.533691,935.595703,0.008257,0.007281
131,4,0,0,208.716,62.0,13.9,,73.7304026517338,6.992797852,0.0,0.018407227,-0.100414038,1.925414038,1588.135214,709.32843,929.652283,0.007673,0.007418
132,4,0,0,209.6612,61.0,14.3,,73.8456452521512,6.992797852,0.0,-0.033938324,0.016703367,1.808296633,1603.070343,813.87677,948.239075,0.00758,0.007908
133,4,0,0,210.3757,61.0,14.3,,73.9441791536064,7.036743164,0.0,-0.019365936,0.083595991,1.741404009,1616.743171,693.68219,923.655396,0.005992,0.006343
134,4,0,0,212.5489,62.0,14.4,,74.0494454070836,6.860961914,0.0,-0.034705292,0.075444937,1.749555063,1632.410561,690.268127,929.577026,0.00825,0.006969
135,4,0,0,213.2833,62.0,14.4,,74.135657847444,6.860961914,0.0,0.039882324,-0.007562876,1.832562876,1646.155016,670.801697,925.542725,0.008115,0.0069
136,4,0,0,214.5186,63.0,14.4,,74.2221417351822,6.773071289,0.0,0.079764648,-0.021330595,1.846330595,1661.902656,660.396423,910.625427,0.008525,0.007179
137,4,0,0,215.0168,63.0,14.4,,74.2934446382334,6.860961914,0.0,-0.078422455,0.154044867,1.670955133,1675.057609,555.106506,950.83197,0.008655,0.007368
138,4,0,0,216.7787,64.0,14.5,,74.379639987403,6.904907227,0.0,-0.049277679,0.236305475,1.588694525,1690.88119,535.231873,829.81012,0.00791,0.006894
139,4,0,0,216.7787,63.0,14.5,,74.457111522861,6.817016602,0.0,0.010737549,0.087171316,1.737828684,1704.759922,678.908386,949.472778,0.008034,0.006679
140,4,0,0,218.312,62.0,14.5,,74.543446096034,6.817016602,0.0,0.039882324,-0.079671621,1.904671621,1720.658492,0.0,0.0,0.008025,0.006847
141,4,0,0,218.5697,62.0,14.5,,74.6178435667844,6.817016602,0.0,0.045251099,-0.136894464,1.961894464,1734.601924,0.0,0.0,0.008334,0.006861
142,4,0,0,218.312,60.0,14.6,,74.7028511264736,6.860961914,0.0,-0.005560516,-0.070922136,1.895922136,1749.907289,655.963806,982.778503,0.00815,0.007179
143,4,0,0,218.5697,58.0,14.6,,74.5507518076178,0.0,0.0,-0.027035614,0.002163649,1.822836351,1763.912319,706.68219,954.694092,0.008476,0.006942
144,4,0,0,219.6065,57.0,14.9,,74.0975253890942,3.078918457,0.0,-0.000959,0.015247107,1.809752893,1779.953043,537.08429,953.213379,0.008437,0.007217
145,4,0,0,220.3905,58.0,14.9,,73.904939083095,3.65020752,0.0,0.0,-0.011079073,1.836079073,1793.34883,0.0,0.0,0.007786,0.00693
146,4,0,0,232.9808,59.0,15.2,,73.6999569483996,3.694152832,0.0,0.008436646,-0.039288759,1.864288759,1810.127493,403.777191,861.907593,0.008218,0.0
147,4,0,0,233.0622,59.0,15.2,,73.5181258777138,3.738098145,0.0,0.010737549,-0.046462297,1.871462297,1823.572907,678.588989,924.702881,0.008041,0.007276
148,4,0,0,232.9808,60.0,15.5,,73.3285067762462,3.82598877,0.0,0.010737549,-0.024639845,1.849639845,1839.734313,555.961121,951.15802,0.008114,0.007607
149,4,0,0,232.818,60.0,15.5,,73.1581427680492,3.82598877,0.0,0.005368774,0.026931047,1.798068953,1853.899722,0.0,0.0,0.0,0.0
150,4,0,0,231.6853,60.0,15.7,,72.9730591085696,3.782043457,0.0,0.001533936,0.10379529,1.72120471,1869.439263,640.63501,911.071289,0.008668,0.007157
151,4,0,0,232.3312,60.0,15.7,,72.8086951544144,3.82598877,0.0,-0.000959,0.185083628,1.639916372,1884.328413,0.0,0.0,0.0,0.0
152,4,0,0,231.9271,60.0,15.7,,72.6300906977748,3.82598877,0.0,-0.004793549,0.27085042,1.55414958,1899.919644,0.0,0.0,0.0,0.0
153,4,0,0,231.2032,60.0,15.7,,72.475093359914,3.738098145,0.0,-0.041608002,0.331395388,1.493604612,1914.176761,666.637878,912.707275,0.008741,0.007255
154,4,0,0,232.0078,60.0,15.6,,72.3007836684654,3.65020752,0.0,0.019941162,0.302659273,1.522340727,1929.815713,674.474609,906.318481,0.00848,0.007233
155,4,0,0,232.9808,60.0,15.6,,72.1494448271332,3.782043457,0.0,0.012271484,0.266630888,1.558369112,1944.112316,750.508972,863.679016,0.007476,0.006636
156,4,0,0,234.6206,60.0,15.8,,71.9770461464676,3.82598877,0.0,-0.012463226,0.276229143,1.548770857,1960.477036,0.0,0.0,0.0,0.00674
157,4,0,0,235.4492,61.0,15.8,,71.850295831633,4.221496582,0.0,-0.024734711,0.274600267,1.550399733,1974.818914,605.875488,932.180176,0.008658,0.007038
158,4,0,0,236.2,61.0,15.8,,71.723999254118,4.265441895,0.0,-0.008628387,0.215161085,1.609838915,1991.234181,609.408508,917.942505,0.008495,0.00737
159,4,0,0,236.6192,61.0,15.8,,71.6200555723462,4.265441895,0.0,-0.000959,0.133400202,1.691599798,2004.933111,0.0,0.0,0.008738,0.007066
160,4,0,0,236.7032,63.0,15.7,,71.4954427024326,4.309387207,0.0,0.010737549,0.023967028,1.801032972,2021.392827,307.167786,1004.286987,0.007098,0.0
161,4,0,0,237.2085,64.0,15.7,,71.394182321523,4.397277832,0.0,0.008436646,-0.053270578,1.878270578,2035.813068,654.343811,922.616089,0.008257,0.007069
162,4,0,0,237.716,66.0,15.6,,71.2894767621018,4.35333252,0.0,0.017640259,-0.111520529,1.936520529,2052.310317,656.918884,915.471375,0.008603,0.006706
163,4,0,0,238.6521,67.0,15.6,,71.1984428517552,4.35333252,0.0,0.008436646,-0.128674746,1.953674746,2066.761803,620.157776,919.773071,0.00879,0.006439
164,4,0,0,238.9943,68.0,15.6,,71.0936404422528,4.52911377,0.0,-0.007094452,-0.119857073,1.944857073,2082.606167,709.775696,892.560608,0.007995,0.007602
165,4,0,0,239.6817,67.0,15.6,,71.0070758943938,4.485168457,0.0,-0.010162323,-0.116064787,1.941064787,2097.088643,742.902222,879.575195,0.008378,0.007551
166,4,0,0,239.4235,66.0,15.2,,70.915776475134,4.573059082,0.0,-0.010162323,-0.137891531,1.962891531,2113.658851,0.0,0.0,0.0,0.0
167,4,0,0,239.5956,65.0,15.2,,70.8553668726748,4.792785645,0.0,-0.010162323,-0.183714151,2.008714151,2127.48181,0.0,0.0,0.0,0.0
168,4,0,0,240.5465,64.0,14.9,,70.8275096157032,5.276184082,0.0,-0.000959,-0.260990381,2.085990381,2144.773111,422.087311,994.124573,0.008777,0.006938
169,4,0,0,241.8555,63.0,14.9,,70.811517555843,5.23223877,0.0,0.005368774,-0.338372469,2.163372469,2158.541005,649.134094,865.630005,0.006729,0.006365
170,4,0,0,242.5595,62.0,14.6,,70.793916526131,5.23223877,0.0,0.009203613,-0.424057245,2.249057245,2174.992576,967.024902,713.442017,0.0,0.007466
171,4,0,0,243.5342,62.0,14.6,,70.7815742884568,5.144348145,0.0,0.00690271,-0.476642847,2.301642847,2189.347418,0.0,0.0,0.0,0.0
172,4,0,0,243.8905,62.0,14.1,,70.76556615129,5.23223877,0.0,0.003067871,-0.511768103,2.336768103,2205.02899,1184.675049,704.817017,0.0,0.007343
173,4,0,0,243.8905,61.0,14.1,,70.7538438313838,5.495910645,0.0,0.003834839,-0.534183741,2.359183741,2219.311298,893.860901,922.00592,0.0,0.00771
174,4,0,0,244.3375,61.0,13.6,,70.7423020633322,5.451965332,0.0,0.042183228,-0.537916899,2.362916899,2235.593779,652.423401,893.155029,0.008826,0.007358
175,4,0,0,243.9798,61.0,13.6,,70.7337186162554,5.23223877,0.0,0.010737549,-0.45478797,2.27978797,2249.80635,651.729187,898.620972,0.008851,0.007377
176,4,0,0,242.7361,61.0,13.1,,70.720021426955,5.188293457,0.0,-0.012463226,-0.30741477,2.13241477,2265.335832,714.273315,952.934998,0.007853,0.006845
177,4,0,0,242.207,60.0,13.1,,70.7096734673154,5.451965332,0.0,-0.017832001,-0.184473753,2.009473753,2279.482199,0.0,0.0,0.0,0.007081
178,4,0,0,242.4713,60.0,12.7,,70.6967662869276,5.23223877,0.0,-0.016298065,-0.095009565,1.920009565,2295.61186,0.0,0.0,0.008265,0.006406
179,4,0,0,243.5342,60.0,12.7,,70.68891248242,5.320129395,0.0,-0.016298065,-0.061371088,1.886371088,2309.022919,606.99823,926.192017,0.0081,0.006983
180,4,0,0,243.8905,60.0,12.6,,70.6781129902566,5.23223877,0.0,-0.001725677,-0.065398932,1.890398932,2325.748394,637.151672,907.057922,0.008539,0.006986
181,4,0,0,243.9798,60.0,12.6,,70.6684054030964,5.23223877,0.0,-0.001725677,-0.083937407,1.908937407,2339.098249,638.519714,887.142578,0.009058,0.00693
182,4,0,0,242.8245,61.0,12.9,,70.6547808594036,5.188293457,0.0,0.009203613,-0.108787775,1.933787775,2355.08377,0.0,0.0,0.0,0.0
183,4,0,0,242.295,61.0,12.9,,70.6447614143382,5.23223877,0.0,0.046785034,-0.115888357,1.940888357,2369.04556,0.0,0.0,0.0,0.0
184,4,0,0,243.0016,61.0,12.8,,70.6356911740982,5.23223877,0.0,0.04141626,-0.050648928,1.875648928,2382.322368,664.682007,898.094604,0.008579,0.007333
185,4,0,0,244.248,61.0,12.8,,70.6245991361096,5.320129395,0.0,-0.008628387,0.156185389,1.668814611,2398.891314,576.364807,933.267212,0.008657,0.00727
186,4,0,0,244.9659,60.0,13.3,,70.617709245795,5.23223877,0.0,-0.081490326,0.366791487,1.458208513,2412.125349,587.762817,908.994202,0.008713,0.00687
187,4,0,0,243.7122,60.0,13.3,,70.6068284819616,5.58380127,0.0,-0.040074066,0.440704584,1.384295416,2427.983321,0.0,0.0,0.0,0.007418
188,4,0,0,243.0016,60.0,13.8,,70.6068727709984,5.58380127,0.0,-0.052345551,0.357952356,1.467047644,2441.839456,686.193176,893.516174,0.008732,0.007359
189,4,0,0,243.2676,60.0,13.8,,70.6054348257084,5.58380127,0.0,-0.008628387,0.113333941,1.711666059,2456.994039,333.493805,801.479004,0.008521,0.0
190,4,0,0,244.1585,60.0,13.9,,70.6036931657736,5.188293457,0.0,0.085900391,-0.158900976,1.983900976,2470.811991,650.042114,898.811401,0.009034,0.007173
191,4,0,0,244.248,60.0,13.9,,70.5937245919456,5.276184082,0.0,0.096637939,-0.303532839,2.128532839,2486.582656,640.751099,885.852905,0.008552,0.007243
192,4,0,0,243.4452,61.0,14.3,,70.5907790491304,5.539855957,0.0,-0.130576263,-0.161760569,1.986760569,2500.366072,632.039917,887.857483,0.008668,0.007314
193,4,0,0,235.2,61.0,14.3,,70.58329793558,5.539855957,0.0,0.065959229,-0.200875044,2.025875044,2516.107477,546.5625,952.60498,0.007693,0.006499
194,4,0,0,234.6206,61.0,14.7,,70.5838246403752,5.58380127,0.0,0.025309937,-0.258864641,2.083864641,2529.221604,603.418274,919.567017,0.008556,0.007211
195,4,0,0,235.3661,61.0,14.7,,70.5886389970786,5.364074707,0.0,0.016106323,-0.214499235,2.039499235,2544.954988,620.081116,914.742188,0.008633,0.007059
196,4,0,0,236.7032,61.0,14.7,,70.5917504467544,5.23223877,0.0,-0.000959,-0.131282091,1.956282091,2558.718804,520.260376,940.736206,0.008549,0.007063
197,4,0,0,237.6313,60.0,14.7,,70.6008045292208,5.40802002,0.0,-0.013997162,-0.017584562,1.842584562,2574.445801,613.30011,926.831787,0.008301,0.007611
198,4,0,0,238.9943,59.0,15.0,,70.608751739822,5.58380127,0.0,-0.013997162,0.054872274,1.770127726,2588.203994,524.322388,862.565796,0.007616,0.0
199,4,0,0,240.1133,59.0,15.0,,70.6208491325086,5.495910645,0.0,-0.016298065,0.097121954,1.727878046,2603.270229,706.540771,908.079773,0.008186,0.007643
200,4,0,0,240.9813,59.0,15.3,,70.6363347491642,5.495910645,0.0,-0.005560516,0.105111361,1.719888639,2617.024369,700.193726,929.565002,0.008097,0.007126
201,4,0,0,241.8555,59.0,15.3,,70.6551075232368,5.58380127,0.0,-0.005560516,0.09506917,1.72993083,2632.085441,696.562988,901.888672,0.008256,0.007229
202,4,0,0,242.4713,59.0,15.6,,70.6727393557164,5.58380127,0.0,-0.005560516,0.074711561,1.750288439,2645.834593,651.571899,900.066589,0.008833,0.007352
203,4,0,0,243.1788,59.0,15.6,,70.6934438688712,5.58380127,0.0,-0.004793549,0.037684679,1.787315321,2661.545683,663.233093,905.928589,0.008444,0.006781
204,4,0,0,244.6064,59.0,15.8,,70.7117629699978,5.58380127,0.0,-0.003259613,-0.007321119,1.832321119,2675.290877,678.770996,910.90741,0.008547,0.007489
205,4,0,0,246.2326,59.0,15.8,,70.7324243528406,5.58380127,0.0,0.0,-0.064962626,1.889962626,2690.997978,566.575317,947.331177,0.008275,0.007648
206,4,0,0,247.8806,59.0,15.7,,70.749839439409,5.58380127,0.0,0.0,-0.118290663,1.943290663,2704.085227,708.228577,959.018616,0.008488,0.007134
207,4,0,0,247.7885,59.0,15.7,,70.7704334713728,5.58380127,0.0,0.0,-0.176934481,2.001934481,2719.787487,626.119385,933.32019,0.00849,0.006544
208,4,0,0,243.5342,59.0,16.0,,70.787405377892,5.58380127,0.0,0.001533936,-0.23009181,2.05509181,2733.524414,0.0,0.0,0.0,0.006813
209,4,0,0,241.0684,59.0,16.0,,70.8073898562374,5.58380127,0.0,0.003834839,-0.288270235,2.113270235,2749.221487,595.990173,934.528625,0.008124,0.007155
210,4,0,0,241.2429,59.0,16.5,,70.8238000065362,5.58380127,0.0,0.017640259,-0.328130007,2.153130007,2762.953361,0.0,0.0,0.008084,0.006849
211,4,0,0,242.913,59.0,16.5,,70.8422778529604,5.58380127,0.0,0.012271484,-0.351168871,2.176168871,2777.990633,670.994873,913.516724,0.008498,0.006832
212,4,0,0,242.8245,59.0,16.6,,70.8581411173404,5.58380127,0.0,0.008436646,-0.340517282,2.165517282,2791.719862,704.653687,920.401306,0.008534,0.006936
213,4,0,0,242.913,59.0,16.6,,70.875987474842,5.58380127,0.0,0.009203613,-0.305582285,2.130582285,2807.409132,570.231201,931.267212,0.008535,0.007168
214,4,0,0,244.6962,58.0,17.0,,70.891548907505,5.58380127,0.0,0.003834839,-0.260089636,2.085089636,2821.135632,584.937012,937.461426,0.008755,0.006932
215,4,0,0,245.1461,58.0,17.0,,70.9100612098986,5.58380127,0.0,-0.001725677,-0.188432932,2.013432932,2836.82174,618.790283,928.977112,0.00846,0.007319
216,4,0,0,245.2363,58.0,17.7,,70.9254608073312,5.58380127,0.0,-0.003259613,-0.127022982,1.952022982,2849.894414,688.747925,916.817993,0.008502,0.007007
217,4,0,0,245.5072,58.0,17.7,,70.9439322324888,5.58380127,0.0,-0.003259613,-0.060459375,1.885459375,2865.579969,0.0,0.0,0.0,0.006444
218,4,0,0,246.4147,58.0,18.4,,70.959534671135,5.58380127,0.0,-0.003259613,-0.010185957,1.835185957,2879.303942,0.0,0.0,0.0,0.008128
219,4,0,0,246.3236,58.0,18.4,,70.9766408609838,5.58380127,0.0,-0.008628387,0.035238981,1.789761019,2894.335177,0.0,0.0,0.0,0.0
220,4,0,0,247.3288,59.0,18.9,,70.991524407452,5.58380127,0.0,-0.008628387,0.059142351,1.765857649,2908.713316,550.718079,970.321228,0.007945,0.007431
221,4,0,0,248.6202,59.0,18.9,,71.0084348371832,5.58380127,0.0,-0.008628387,0.063587427,1.761412573,2923.745736,567.120483,934.82489,0.008261,0.0074
222,4,0,0,249.7378,58.0,19.1,,71.0229056845018,5.58380127,0.0,-0.008628387,0.047821283,1.777178717,2937.472716,589.641418,933.015015,0.008325,0.007282
223,4,0,0,250.0188,59.0,19.1,,71.0390856830872,5.58380127,0.0,-0.008628387,0.008678675,1.816321325,2952.508878,424.730011,960.045776,0.00902,0.006501
224,4,0,0,250.3944,58.0,19.6,,71.052769933294,5.58380127,0.0,-0.008628387,-0.04351306,1.86851306,2966.240247,532.986877,939.609985,0.008629,0.006698
225,4,0,0,249.8314,59.0,19.6,,71.0686980218892,5.58380127,0.0,-0.008628387,-0.125245333,1.950245333,2981.937363,0.0,0.0,0.0,0.006995
226,4,0,0,249.4574,59.0,20.0,,71.0822022996038,5.58380127,0.0,0.012271484,-0.216253042,2.041253042,2995.676132,0.0,0.0,0.008768,0.006971
227,4,0,0,249.5508,59.0,20.0,,71.0980149502408,5.495910645,0.0,0.005368774,-0.302312136,2.127312136,3011.382149,618.916077,905.393127,0.00847,0.007365
228,4,0,0,248.9916,59.0,20.1,,71.1109443073338,5.58380127,0.0,0.003067871,-0.359496832,2.184496832,3024.474259,663.505798,873.512573,0.009402,0.007766
229,4,0,0,249.5508,59.0,20.1,,71.1263772502912,5.58380127,0.0,0.009203613,-0.414577246,2.239577246,3040.189283,668.819885,621.274902,0.009166,0.007801
230,4,0,0,250.5826,59.0,20.2,,71.1395680607606,5.58380127,0.0,0.009203613,-0.442326307,2.267326307,3053.943943,619.615112,908.833191,0.008671,0.007466
231,4,0,0,251.8131,60.0,20.2,,71.1540116136728,5.58380127,0.0,0.008436646,-0.449665308,2.274665308,3069.668064,510.934204,957.237915,0.008594,0.007366
232,4,0,0,252.2895,60.0,20.6,,71.1667547218476,5.539855957,0.0,0.021475098,-0.43552947,2.26052947,3083.430562,615.614929,909.432922,0.008677,0.007383
233,4,0,0,253.0556,60.0,20.6,,71.1814441014448,5.58380127,0.0,0.018407227,-0.372057676,2.197057676,3098.507902,647.422302,895.296997,0.008757,0.00726
234,4,0,0,248.6202,59.0,20.6,,71.1938819500084,5.58380127,0.0,0.012271484,-0.27843833,2.10343833,3112.277955,705.992676,900.491028,0.008561,0.006805
235,4,0,0,249.2709,59.0,20.6,,71.207758709466,5.58380127,0.0,0.003834839,-0.135535002,1.960535002,3128.019555,646.670105,912.347595,0.008547,0.007882
236,4,0,0,248.3423,59.0,20.7,,71.2200947189944,5.58380127,0.0,-0.02856955,0.005835295,1.819164705,3141.141004,613.182495,919.08197,0.008553,0.007214
237,4,0,0,248.7129,59.0,20.7,,71.2332437188106,5.58380127,0.0,-0.027035614,0.108608484,1.716391516,3157.547078,684.461609,905.725403,0.008573,0.007425
238,4,0,0,247.1455,59.0,20.7,,71.2451667073214,5.58380127,0.0,-0.015531097,0.143469095,1.681530905,3170.67533,615.865112,926.401428,0.006874,0.006444
239,4,0,0,246.597,59.0,20.7,,71.2585022618304,5.58380127,0.0,-0.015531097,0.135574579,1.689425421,3186.433133,0.0,0.0,0.008468,0.006487
240,4,0,0,246.1417,59.0,20.7,,71.2700111510658,5.58380127,0.0,-0.010929291,0.095402956,1.729597044,3200.224773,627.716919,929.573303,0.008346,0.007149
241,4,0,0,247.0539,59.0,20.7,,71.283211569295,5.58380127,0.0,0.003067871,0.01598525,1.80901475,3215.333693,725.480103,899.836182,0.00795,0.007723
242,4,0,0,247.9728,59.0,20.7,,71.2944949095294,5.58380127,0.0,0.003067871,-0.051146746,1.876146746,3229.132151,720.348511,920.526306,0.007705,0.006952
243,4,0,0,248.4349,59.0,20.7,,71.3073935282284,5.58380127,0.0,0.003067871,-0.121186972,1.946186972,3244.905736,673.281677,972.865723,0.006436,0.006445
244,4,0,0,249.2709,59.0,20.8,,71.31898116247,5.58380127,0.0,0.003067871,-0.177848101,2.002848101,3258.710963,362.465607,879.986328,0.008263,0.0
245,4,0,0,249.7378,59.0,20.8,,71.3316641939826,5.58380127,0.0,0.017640259,-0.231882811,2.056882811,3273.834425,654.710815,909.435425,0.008448,0.007444
246,4,0,0,250.3944,59.0,20.5,,71.3424829821326,5.58380127,0.0,0.014572388,-0.257544279,2.082544279,3287.645911,853.957397,912.199829,0.008257,0.006927
247,4,0,0,251.0544,59.0,20.5,,71.3546995947264,5.58380127,0.0,0.0,-0.246445417,2.071445417,3303.433969,661.790222,911.90332,0.008177,0.006924
248,4,0,0,251.528,59.0,20.2,,71.3651028191016,5.58380127,0.0,-0.003259613,-0.223206758,2.048206758,3317.251553,538.607117,944.486084,0.008352,0.007415
249,4,0,0,251.623,59.0,20.2,,71.3772504392896,5.58380127,0.0,-0.004793549,-0.201427221,2.026427221,3333.046542,370.105011,820.369324,0.008582,0.0
250,4,0,0,252.0987,59.0,20.0,,71.3878409747474,5.627746582,0.0,-0.016298065,-0.193379164,2.018379164,3346.211977,321.140106,816.093018,0.008411,0.006544
251,4,0,0,252.672,59.0,20.0,,71.3994672975226,5.58380127,0.0,-0.010929291,-0.214486837,2.039486837,3362.013877,627.604919,926.249023,0.008377,0.006876
252,4,0,0,252.9596,59.0,19.8,,71.4103531629638,5.58380127,0.0,-0.010929291,-0.263620615,2.088620615,3375.843527,0.0,0.0,0.0,0.007184
253,4,0,0,253.5368,58.0,19.8,,71.4231929120056,5.627746582,0.0,-0.008628387,-0.345514059,2.170514059,3390.993407,687.619202,903.085571,0.008465,0.006797
254,4,0,0,254.3106,58.0,19.6,,71.4367109173904,5.627746582,0.0,0.047552002,-0.431480646,2.256480646,3405.487597,0.0,0.0,0.0,0.006519
255,4,0,0,254.2136,58.0,19.6,,71.4503533408506,5.627746582,0.0,0.032979614,-0.452556372,2.277556372,3420.643631,0.0,0.0,0.008628,0.006782
256,4,0,0,253.4405,58.0,19.2,,71.462541693434,5.671691895,0.0,0.038348389,-0.355193377,2.180193377,3434.484245,896.595093,899.441406,0.0,0.007613
257,4,0,0,252.7678,59.0,19.2,,71.477411351298,5.627746582,0.0,0.039882324,-0.137554407,1.962554407,3450.30491,0.0,0.0,0.0,0.0
258,4,0,0,252.5763,58.0,18.8,,71.4924631220764,5.671691895,0.0,-0.112936005,0.148493528,1.676506472,3463.491243,299.610992,767.314026,0.008613,0.0
259,4,0,0,252.9596,58.0,18.8,,71.498991876495,5.671691895,0.0,-0.068451874,0.307811022,1.517188978,3479.97797,590.284912,940.333618,0.008473,0.007241
260,4,0,0,253.5368,59.0,18.1,,71.5113319898404,5.627746582,0.0,0.037581421,0.189190149,1.635809851,3493.170181,583.059326,944.951416,0.008461,0.007729
261,4,0,0,254.2136,58.0,18.1,,71.524694001899,5.627746582,0.0,0.063658325,0.086639643,1.738360357,3509.003801,554.35022,956.123413,0.008463,0.006916
262,4,0,0,254.7965,58.0,17.5,,71.5354216692182,5.627746582,0.0,0.005368774,0.160418749,1.664581251,3522.860749,674.029297,902.655823,0.008624,0.007285
263,4,0,0,255.3822,58.0,17.5,,71.5501009904404,5.671691895,0.0,-0.019365936,0.301099539,1.523900461,3538.040091,0.0,0.0,0.008496,0.006953
264,4,0,0,256.7592,58.0,16.7,,71.5623607172528,5.627746582,0.0,-0.024734711,0.371401548,1.453598452,3551.902035,384.561401,982.420898,0.008692,0.007683
265,4,0,0,257.4533,59.0,16.7,,71.576657739758,5.671691895,0.0,-0.033938324,0.392835379,1.432164621,3567.747207,0.0,0.0,0.0,0.0
266,4,0,0,258.0512,58.0,16.2,,71.5886066225494,5.671691895,0.0,-0.034705292,0.338623762,1.486376238,3581.614301,0.0,0.0,0.0,0.007056
267,4,0,0,258.7523,58.0,16.2,,71.6029873951082,5.627746582,0.0,-0.013997162,0.190382719,1.634617281,3596.804799,1065.697144,376.395813,0.00339,0.008391
268,4,0,0,258.8528,59.0,16.1,,71.6152830584828,5.627746582,0.0,0.039882324,0.019654989,1.805345011,3610.676827,0.0,0.0,0.009012,0.007377
269,4,0,0,259.0539,59.0,16.1,,71.6282487383796,5.627746582,0.0,0.036047485,-0.140788317,1.965788317,3626.533304,650.887207,861.314087,0.009184,0.00751
270,4,0,0,259.4572,59.0,16.0,,71.6388121725518,5.671691895,0.0,0.02761084,-0.185775518,2.010775518,3639.749306,0.0,0.0,0.0,0.0
271,4,0,0,260.166,59.0,16.0,,71.6522953357256,5.627746582,0.0,0.010737549,-0.165984869,1.990984869,3656.27219,0.0,0.0,0.0,0.0
272,4,0,0,260.5727,59.0,15.9,,71.6640026887698,5.627746582,0.0,0.003834839,-0.119861841,1.944861841,3669.492764,887.468811,940.486206,0.0,0.007578
273,4,0,0,261.1853,59.0,15.9,,71.676661966424,5.627746582,0.0,-0.015531097,-0.054668665,1.879668665,3685.360001,0.0,0.0,0.0,0.007683
274,4,0,0,261.6979,59.0,15.8,,71.6878729185452,5.627746582,0.0,0.003067871,-0.02180028,1.84680028,3699.246144,0.0,0.0,0.0,0.0
275,4,0,0,261.9035,59.0,15.8,,71.6990016012056,5.627746582,0.0,0.017640259,-0.002946615,1.827946615,3712.473506,662.288513,896.320984,0.008759,0.007512
276,4,0,0,262.6257,59.0,15.7,,71.7106816759368,5.627746582,0.0,0.016106323,0.055645227,1.769354773,3728.349765,825.890686,458.64801,0.009382,0.008832
277,4,0,0,263.0402,59.0,15.7,,71.7209065532532,5.627746582,0.0,0.003834839,0.140794516,1.684205484,3742.243529,934.344971,875.119873,0.009184,0.007963
278,4,0,0,263.6644,59.0,15.7,,71.7332089919492,5.627746582,0.0,-0.061549164,0.237027884,1.587972116,3758.123636,919.489685,901.886597,0.008665,0.007667
279,4,0,0,263.7687,59.0,15.7,,71.740991470508,5.627746582,0.0,-0.016298065,0.217725515,1.607274485,3772.021523,0.0,0.0,0.0,0.008171
280,4,0,0,264.0822,59.0,15.6,,71.7512016223634,5.627746582,0.0,0.018407227,0.114613295,1.710386705,3787.247526,0.0,0.0,0.0,0.007837
281,4,0,0,264.5013,59.0,15.6,,71.7604107486454,5.627746582,0.0,0.023009033,0.044162989,1.780837011,3801.151816,0.0,0.0,0.008682,0.0075
282,4,0,0,264.6063,59.0,15.8,,71.7702562401502,5.58380127,0.0,0.009203613,0.018703699,1.806296301,3817.045895,0.0,0.0,0.008533,0.007395
283,4,0,0,264.8165,59.0,15.8,,71.7788524331998,5.627746582,0.0,0.008436646,0.027639627,1.797360373,3830.955307,690.117798,906.334106,0.008682,0.007429
284,4,0,0,265.2379,59.0,16.1,,71.7886327464346,5.627746582,0.0,-0.008628387,0.054195166,1.770804834,3846.85557,858.976929,955.507874,0.0,0.007311
285,4,0,0,265.7666,59.0,16.1,,71.7972481871906,5.627746582,0.0,-0.032404388,0.068121672,1.756878328,3860.108613,628.288025,883.153198,0.008744,0.007184
286,4,0,0,266.2974,59.0,16.2,,71.8066663667386,5.627746582,0.0,-0.032404388,0.011549711,1.813450289,3876.015187,634.18927,891.472107,0.008867,0.007141
287,4,0,0,266.5103,59.0,16.2,,71.8146700490804,5.627746582,0.0,-0.02856955,-0.112528563,1.937528563,3889.935549,203.942307,751.504272,0.009059,0.006515
288,4,0,0,266.9372,59.0,16.1,,71.8242657710172,5.627746582,0.0,0.04141626,-0.325340509,2.150340509,3905.847241,677.762085,888.681213,0.008552,0.006803
289,4,0,0,267.1511,59.0,16.1,,71.830989545257,5.627746582,0.0,0.105074585,-0.464553118,2.289553118,3919.773397,561.025085,948.787476,0.008687,0.006941
290,4,0,0,267.0441,59.0,15.7,,71.8352331817162,5.627746582,0.0,0.010737549,-0.376737356,2.201737356,3935.029055,657.965515,906.817383,0.008663,0.007266
291,4,0,0,267.4727,59.0,15.7,,71.844063018747,5.627746582,0.0,-0.060015228,-0.181310415,2.006310415,3948.960671,681.085022,895.156677,0.008466,0.006973
292,4,0,0,267.4727,59.0,15.3,,71.8514731121232,5.627746582,0.0,-0.02166684,-0.059547186,1.884547186,3964.221836,0.0,0.0,0.0,0.007297
293,4,0,0,267.2582,59.0,15.3,,71.8592972404012,5.627746582,0.0,0.003067871,-0.05421567,1.87921567,3978.158551,0.0,0.0,0.007797,0.006967
294,4,0,0,267.58,59.0,15.0,,71.8690395893054,5.627746582,0.0,0.003067871,-0.050912619,1.875912619,3994.089185,389.964111,824.34082,0.008695,0.007026
295,4,0,0,268.442,59.0,15.0,,71.8774389922598,5.627746582,0.0,0.003067871,-0.041120768,1.866120768,4008.030882,657.216614,898.07428,0.008609,0.007258
296,4,0,0,268.5501,59.0,15.0,,71.8869330843756,5.627746582,0.0,0.003067871,-0.022171259,1.847171259,4023.9667,671.970581,906.855408,0.008731,0.007051
297,4,0,0,269.2007,59.0,15.0,,71.8957983751666,5.627746582,0.0,-0.000959,0.00017,1.824829531,4037.248813,287.855499,772.005493,0.008398,0.007253
298,4,0,0,269.7454,59.0,15.0,,71.9062820665418,5.627746582,0.0,-0.008628387,0.02734971,1.79765029,4053.189861,654.395691,901.780579,0.008627,0.007023
299,4,0,0,270.2922,59.0,15.0,,71.9146102240144,5.627746582,0.0,-0.025501678,0.035435438,1.789564562,4067.14001,716.013672,892.194214,0.008031,0.006468
300,4,0,0,270.9513,59.0,15.3,,71.9238521164588,5.627746582,0.0,-0.023200775,-0.014027357,1.839027357,4083.085815,620.93103,895.152893,0.00854,0.007357
301,4,0,0,271.2821,59.0,15.3,,71.9318248029122,5.627746582,0.0,0.001533936,-0.113986731,1.938986731,4097.040534,652.279297,902.817383,0.008486,0.007025
302,4,0,0,271.7244,59.0,15.3,,71.941294272126,5.627746582,0.0,0.036047485,-0.233402014,2.058402014,4112.326424,615.42981,919.551819,0.008691,0.007467
303,4,0,0,271.946,59.0,15.3,,71.9491139103454,5.627746582,0.0,0.032212646,-0.306457758,2.131457758,4126.285081,668.32782,795.138611,0.008621,0.007282
304,4,0,0,272.2792,59.0,15.3,,71.9572501218362,5.627746582,0.0,0.023776001,-0.304577112,2.129577112,4142.240008,633.68219,917.421814,0.008709,0.006874
305,4,0,0,272.7248,59.0,15.3,,71.9644629584086,5.627746582,0.0,0.023009033,-0.246227503,2.071227503,4155.537004,530.118591,962.363098,0.008384,0.007307
306,4,0,0,270.9513,59.0,15.2,,71.9723164088614,5.627746582,0.0,0.003834839,-0.120839834,1.945839834,4172.159414,0.0,0.0,0.008745,0.006967
307,4,0,0,270.8412,59.0,15.2,,71.9798402664822,5.627746582,0.0,-0.025501678,0.005070925,1.819929075,4185.459819,711.623413,923.991516,0.008519,0.006535
308,4,0,0,271.2821,59.0,15.5,,71.9882097839928,5.627746582,0.0,-0.020132904,0.109002352,1.715997648,4201.421365,664.31427,922.669678,0.008502,0.006681
309,4,0,0,271.946,59.0,15.5,,71.9952249131462,5.627746582,0.0,-0.019365936,0.136251688,1.688748312,4215.388356,673.759888,908.673523,0.008435,0.007149
310,4,0,0,271.7244,59.0,15.8,,72.0034762890074,5.627746582,0.0,-0.005560516,0.116552114,1.708447886,4230.68878,0.0,0.0,0.0,0.0
311,4,0,0,271.1717,59.0,15.8,,72.010977567588,5.627746582,0.0,0.001533936,0.072776079,1.752223921,4245.325999,941.85321,938.866882,0.0,0.007476
312,4,0,0,270.6213,59.0,15.7,,72.0193949146834,5.627746582,0.0,0.00690271,0.022472143,1.802527857,4260.630654,675.035583,830.535095,0.00899,0.007873
313,4,0,0,270.8412,59.0,15.7,,72.0260041843822,5.627746582,0.0,0.013038452,-0.007292509,1.832292509,4274.606371,775.463074,893.139526,0.007905,0.007824
314,4,0,0,271.3925,59.0,15.9,,72.0336830697252,5.671691895,0.0,0.014572388,-0.000322,1.825322104,4289.915126,677.223328,876.1427,0.008106,0.007675
315,4,0,0,271.0615,59.0,15.9,,72.0403034760568,5.627746582,0.0,-0.003259613,0.035585165,1.789414835,4303.894667,0.0,0.0,0.007978,0.007271
316,4,0,0,269.9638,59.0,15.8,,72.0479521379946,5.627746582,0.0,-0.000959,0.076910257,1.748089743,4319.873645,633.388,897.786987,0.008712,0.007144
317,4,0,0,271.503,59.0,15.8,,72.0542172825212,5.627746582,0.0,0.003834839,0.109560728,1.715439272,4333.857084,0.0,0.0,0.008032,0.006513
318,4,0,0,272.5018,59.0,15.7,,72.0612080784538,5.627746582,0.0,0.003834839,0.150779963,1.674220037,4349.839914,0.0,0.0,0.008114,0.00681
319,4,0,0,273.0599,59.0,15.7,,72.0673082012568,5.671691895,0.0,-0.000959,0.198718786,1.626281214,4363.160529,0.0,0.0,0.006317,0.006334
320,4,0,0,273.3958,59.0,15.7,,72.0735424947356,5.627746582,0.0,-0.007094452,0.255839109,1.569160891,4379.147749,574.112976,905.279419,0.008857,0.006805
321,4,0,0,273.2838,59.0,15.7,,72.0781505662378,5.627746582,0.0,-0.025501678,0.295296431,1.529703569,4393.138332,677.747681,906.841125,0.008407,0.007427
322,4,0,0,273.8451,60.0,15.6,,71.6808206458246,2.724609375,0.0,-0.020132904,0.298585176,1.526414824,4409.12921,0.0,0.0,0.008258,0.006816
323,4,0,0,274.5216,60.0,15.6,,71.6614269400998,5.627746582,0.0,-0.012463226,0.236800432,1.588199568,4423.122426,678.352905,901.496216,0.008514,0.006812
324,4,0,0,275.088,59.0,16.1,,71.6692807607008,5.58380127,0.0,-0.016298065,0.137654066,1.687345934,4438.45023,0.0,0.0,0.008651,0.006451
325,4,0,0,275.2016,60.0,16.1,,71.6756984062858,5.58380127,0.0,-0.004793549,0.023963213,1.801036787,4452.447305,720.752991,941.738892,0.008306,0.007328
326,4,0,0,275.8849,59.0,16.3,,71.6835945847156,5.58380127,0.0,0.032979614,-0.12310195,1.94810195,4468.445941,589.593506,932.820007,0.008609,0.007186
327,4,0,0,276.2278,59.0,16.3,,71.6897408794832,5.58380127,0.0,0.016106323,-0.229794264,2.054794264,4481.779638,195.830002,764.79718,0.00713,0.0
328,4,0,0,277.0313,59.0,16.5,,71.6970990394576,5.58380127,0.0,0.005368774,-0.299217939,2.124217939,4498.448757,674.443604,935.579529,0.008252,0.006977
329,4,0,0,275.088,59.0,16.5,,71.7038445719742,5.58380127,0.0,0.019941162,-0.340981722,2.165981722,4511.785682,631.687988,925.441589,0.008672,0.007149
330,4,0,0,272.8364,60.0,16.6,,71.7108565468212,5.58380127,0.0,0.00690271,-0.353115797,2.178115797,4527.791691,685.775696,883.262085,0.008747,0.007029
331,4,0,0,272.5018,60.0,16.6,,71.7172429068366,5.58380127,0.0,0.0,-0.339864969,2.164864969,4541.798405,664.49292,882.532227,0.008679,0.007287
332,4,0,0,272.7248,60.0,16.8,,71.724762805481,5.58380127,0.0,0.026843872,-0.312711477,2.137711477,4557.140716,318.773193,1007.480225,0.008837,0.0
333,4,0,0,273.508,60.0,16.8,,71.7303940953552,5.58380127,0.0,0.021475098,-0.235639811,2.060639811,4571.150373,696.237305,828.170898,0.008902,0.007783
334,4,0,0,274.5216,61.0,16.6,,71.7369724335392,5.58380127,0.0,-0.007094452,-0.105359793,1.930359793,4587.162999,649.091919,892.701294,0.008814,0.007063
335,4,0,0,275.088,62.0,16.6,,71.7431305408624,5.539855957,0.0,-0.054646454,0.007561922,1.817438078,4601.175397,660.673584,925.51178,0.007901,0.006836
336,4,0,0,275.7708,64.0,16.7,,71.7483270997224,5.539855957,0.0,-0.016298065,0.054447412,1.770552588,4616.523677,638.772278,921.878174,0.008503,0.006976
337,4,0,0,274.8612,65.0,16.7,,71.7528598862994,5.58380127,0.0,-0.008628387,0.023142099,1.801857901,4630.532939,647.638123,900.026917,0.008924,0.00699
338,4,0,0,276.4569,65.0,16.6,,71.7591776079638,5.58380127,0.0,0.090502197,-0.016221762,1.841221762,4646.467059,1100.417847,726.237122,0.0,0.008529
339,4,0,0,276.8013,64.0,16.6,,71.7589045351526,5.58380127,0.0,0.094337036,0.101625204,1.723374796,4659.737266,808.503174,813.760498,0.008213,0.008677
340,4,0,0,276.6864,63.0,16.4,,71.7607464569694,5.58380127,0.0,0.012271484,0.473597765,1.351402235,4676.326608,1054.344604,771.972717,0.0,0.008717
341,4,0,0,277.1465,63.0,16.4,,71.7499731648612,5.539855957,0.0,-0.285503754,0.838801622,0.986198378,4689.59937,0.0,0.0,0.008779,0.007555
342,4,0,0,278.0713,63.0,16.3,,71.7109219503988,5.539855957,0.0,-0.077655487,0.649834871,1.175165129,4705.528643,667.00647,906.08197,0.008448,0.00758
343,4,0,0,278.536,62.0,16.3,,71.7074993026472,5.58380127,0.0,0.240060913,0.118961096,1.706038904,4719.468514,668.735291,913.458008,0.008389,0.007037
344,4,0,0,279.0023,62.0,15.6,,71.6800358511736,5.58380127,0.0,0.036047485,-0.120431662,1.945431662,4734.737691,630.653809,963.327393,0.007845,0.006902
345,4,0,0,277.9554,62.0,15.6,,71.6814475481282,5.539855957,0.0,-0.138245941,0.021992445,1.803007555,4749.344574,560.573181,932.565308,0.008665,0.006986
346,4,0,0,275.5428,62.0,15.2,,71.679880002688,5.495910645,0.0,-0.02856955,-0.026776552,1.851776552,4764.616974,0.0,0.0,0.0,0.007012
347,4,0,0,276.6864,61.0,15.2,,71.6840841781304,5.58380127,0.0,0.118113037,-0.191791773,2.016791773,4778.562697,678.307007,931.797424,0.008444,0.006679
348,4,0,0,278.8856,61.0,14.9,,71.6834435159698,5.539855957,0.0,-0.003259613,-0.226814032,2.051814032,4794.501711,0.0,0.0,0.007977,0.006733
349,4,0,0,279.1191,60.0,14.9,,71.6872782030416,5.58380127,0.0,-0.030103485,-0.159951448,1.984951448,4807.785367,0.0,0.0,0.0,0.006779
350,4,0,0,279.236,60.0,14.9,,71.6914969108242,5.539855957,0.0,-0.023200775,-0.143577337,1.968577337,4823.727677,562.588501,939.320129,0.008127,0.007361
351,4,0,0,279.1191,60.0,14.9,,71.6949796191446,5.495910645,0.0,0.00690271,-0.199657679,2.024657679,4837.678439,0.0,0.0,0.0,0.006788
352,4,0,0,277.6081,59.0,14.9,,71.6987664766316,5.58380127,0.0,0.023776001,-0.271964312,2.096964312,4853.623529,652.872925,932.163086,0.008761,0.006795
353,4,0,0,275.9991,59.0,14.9,,71.702748482687,5.58380127,0.0,0.059823486,-0.301522493,2.126522493,4867.575187,646.133423,909.965698,0.008044,0.006545
354,4,0,0,276.2278,59.0,14.9,,71.704973797572,5.58380127,0.0,0.018407227,-0.190233946,2.015233946,4882.850261,608.896118,932.128418,0.008273,0.007027
355,4,0,0,276.4569,59.0,14.9,,71.7090034400914,5.58380127,0.0,-0.025501678,-0.014445543,1.839445543,4896.798334,718.764099,915.032471,0.008633,0.00631
356,4,0,0,275.7708,59.0,14.9,,71.7137869135602,5.58380127,0.0,-0.025501678,0.159372568,1.665627432,4912.72685,681.591187,919.627686,0.007811,0.006482
357,4,0,0,275.9991,59.0,14.9,,71.7173399178518,5.58380127,0.0,-0.025501678,0.264929056,1.560070944,4926.65964,329.682495,788.842773,0.00844,0.0
358,4,0,0,276.4569,60.0,14.9,,71.7224472227154,5.495910645,0.0,-0.004793549,0.31400466,1.51099534,4941.971539,571.617493,949.468689,0.008104,0.007039
359,4,0,0,277.3771,60.0,14.9,,71.7267002738136,5.58380127,0.0,0.003067871,0.323444128,1.501555872,4955.908575,719.216919,935.166321,0.008359,0.00672
360,4,0,0,278.4197,60.0,14.9,,71.732112178459,5.58380127,0.0,0.003834839,0.332547426,1.492452574,4971.835789,671.434875,912.321411,0.008661,0.007566
361,4,0,0,279.0023,60.0,14.9,,71.736272161425,5.58380127,0.0,0.005368774,0.349157572,1.475842428,4985.109666,647.500122,927.15033,0.008367,0.0068
362,4,0,0,280.0571,59.0,15.2,,71.7416207063546,5.58380127,0.0,0.013038452,0.379629374,1.445370626,5001.702562,659.476379,917.682312,0.00833,0.006949
363,4,0,0,280.8831,59.0,15.2,,71.7466867477406,5.539855957,0.0,0.009203613,0.427177191,1.397822809,5014.977935,0.0,0.0,0.008565,0.006906
364,4,0,0,281.0015,59.0,15.8,,71.7522529559052,5.58380127,0.0,-0.003259613,0.509852648,1.315147352,5030.909066,706.123718,930.48761,0.008192,0.006929
365,4,0,0,280.8831,59.0,15.8,,71.757404163564,5.451965332,0.0,-0.056180389,0.587331057,1.237668943,5044.849533,514.199524,965.000183,0.008669,0.006898
366,4,0,0,282.6695,59.0,16.0,,71.7585714661462,5.451965332,0.0,-0.092994843,0.601299047,1.223700953,5058.127103,586.292114,939.746521,0.008509,0.007438
367,4,0,0,283.3905,59.0,16.0,,71.7606443926266,5.58380127,0.0,0.052920776,0.431995153,1.393004847,5074.059943,669.261719,922.112671,0.008312,0.006786
368,4,0,0,284.4788,59.0,15.9,,71.7623538657614,5.58380127,0.0,0.103540649,0.298374414,1.526625586,5088.001414,714.412598,932.053772,0.008415,0.006379
369,4,0,0,284.1151,59.0,15.9,,71.760916789515,5.58380127,0.0,-0.045442841,0.400406599,1.424593401,5103.93639,665.826111,922.718323,0.00848,0.006766
370,4,0,0,282.43,59.0,15.8,,71.764150597311,5.495910645,0.0,-0.069218842,0.536089182,1.288910818,5117.880869,599.737305,933.189026,0.008576,0.007069
371,4,0,0,281.595,59.0,15.8,,71.7569679680504,5.495910645,0.0,-0.116770844,0.463831663,1.361168337,5133.154614,352.959503,831.39679,0.008646,0.0
372,4,0,0,281.4761,59.0,15.7,,71.7564912815424,5.58380127,0.0,0.100472778,0.110987902,1.714012098,5147.101238,556.182922,946.923218,0.008157,0.007466
373,4,0,0,281.7139,59.0,15.7,,71.755385246534,5.58380127,0.0,0.03451355,-0.226345301,2.051345301,5163.041455,576.944275,964.311829,0.008098,0.007451
374,4,0,0,279.0023,59.0,16.0,,71.7582854864282,5.40802002,0.0,-0.058481293,-0.373461008,2.198461008,5176.990063,516.496826,982.399292,0.008744,0.007451
375,4,0,0,278.0713,59.0,16.0,,71.7602503296342,5.58380127,0.0,-0.030103485,-0.651190519,2.476190519,5192.932525,670.639282,921.663879,0.008634,0.007433
376,4,0,0,278.536,59.0,15.9,,71.7632064458132,5.58380127,0.0,0.045251099,-1.008530378,2.833530378,5206.218793,305.444214,815.671204,0.008652,0.006659
377,4,0,0,274.6347,59.0,15.9,,71.7667221134168,5.58380127,0.0,-0.005560516,-1.416754246,3.241754246,5222.163557,317.128113,827.883301,0.00706,0.0
378,4,0,0,274.6347,59.0,16.1,,71.7706837291344,5.539855957,0.0,0.010737549,-1.735002756,3.560002756,5236.115808,0.0,0.0,0.0,0.006906
379,4,0,0,276.4569,59.0,16.1,,71.7756073761172,5.58380127,0.0,-0.010162323,1.513829708,3.961170292,5252.060362,0.0,0.0,0.0,0.006843
380,4,0,0,278.536,59.0,16.0,,71.7794524595254,5.58380127,0.0,-0.010929291,1.185407877,4.289592123,5266.013348,704.720886,932.689392,0.008328,0.006808
381,4,0,0,279.4701,59.0,16.0,,71.7843956760826,5.539855957,0.0,0.091269165,0.809624195,4.665375805,5281.294251,674.786499,923.406311,0.008553,0.006738
382,4,0,0,280.8831,59.0,15.6,,71.7831769068072,5.539855957,0.0,0.085900391,0.607749462,4.867250538,5295.24754,682.009583,929.149719,0.00777,0.007055
383,4,0,0,282.43,59.0,15.6,,71.783715585092,5.58380127,0.0,-0.005560516,0.62242341,4.85257659,5310.524242,706.83551,946.76001,0.008447,0.00782
384,4,0,0,283.7523,59.0,15.2,,71.7868138703666,5.58380127,0.0,-0.094528778,0.712882042,4.762117958,5324.471489,579.44751,957.983887,0.008315,0.00696
385,4,0,0,281.7139,58.0,15.2,,71.7865076934316,5.58380127,0.0,0.019941162,0.604835749,4.870164251,5340.415536,0.0,0.0,0.008376,0.006755
386,4,0,0,280.4105,59.0,15.2,,71.7918468076288,5.58380127,0.0,0.036047485,0.425013781,5.049986219,5354.365665,856.719971,916.28772,0.0072,0.0075
387,4,0,0,281.2386,58.0,15.2,,71.7957191532566,5.58380127,0.0,0.012271484,0.293929338,5.181070662,5370.305752,1092.355347,897.347107,0.0,0.008243
388,4,0,0,281.12,58.0,15.2,,71.8003229439144,5.58380127,0.0,0.014572388,0.224065542,5.250934458,5383.590424,894.420227,917.797791,0.008492,0.007675
389,4,0,0,281.7139,58.0,15.2,,71.8048169775842,5.539855957,0.0,0.0,0.17651546,5.29848454,5399.533907,0.0,0.0,0.006808,0.0
390,4,0,0,281.4761,58.0,15.2,,71.8089264755544,5.58380127,0.0,-0.013997162,0.152066946,5.322933054,5413.485764,318.408813,991.203796,0.005829,0.0
391,4,0,0,282.1909,58.0,15.2,,71.8132351132562,5.58380127,0.0,0.016106323,0.097453356,5.377546644,5429.431189,578.261292,957.889282,0.008168,0.007037
392,4,0,0,282.7894,59.0,15.5,,71.8174823224502,5.58380127,0.0,-0.016298065,0.033467412,5.441532588,5443.385119,666.33252,918.034729,0.008159,0.006736
393,4,0,0,283.2701,59.0,15.5,,71.8225340085234,5.58380127,0.0,-0.02856955,-0.048447847,5.523447847,5458.671302,640.324219,912.160583,0.008353,0.007027
394,4,0,0,284.1151,59.0,15.4,,71.8267364941588,5.58380127,0.0,0.072861938,-0.181321025,5.656321025,5472.628338,694.6604,915.929016,0.008435,0.006718
395,4,0,0,284.6003,59.0,15.4,,71.8288888415682,5.58380127,0.0,0.019941162,-0.238659024,5.713659024,5488.580041,623.444214,931.691284,0.008381,0.006911
396,4,0,0,285.3311,59.0,15.7,,71.8328318211286,5.58380127,0.0,-0.052345551,-0.177472591,5.652472591,5501.872357,679.568298,921.728699,0.008089,0.006948
397,4,0,0,285.8204,58.0,15.7,,71.8353173180114,5.58380127,0.0,0.025309937,-0.187974215,5.662974215,5518.489812,604.666504,926.026184,0.008463,0.007304
398,4,0,0,286.3114,59.0,15.6,,71.8400117145112,5.58380127,0.0,0.0690271,-0.242169023,5.717169023,5531.784992,599.288086,949.93457,0.007937,0.007109
399,4,0,0,286.8041,58.0,15.6,,71.8425837616992,5.58380127,0.0,0.050619873,-0.166263461,5.641263461,5547.740402,702.598328,720.210205,0.00724,0.006533
400,4,0,0,287.4224,58.0,15.8,,71.8447434959792,5.58380127,0.0,-0.010929291,0.051972866,5.423027134,5561.702337,547.910706,927.219421,0.008514,0.007638
401,4,0,0,287.6704,58.0,15.8,,71.844099872633,5.58380127,0.0,-0.141313812,0.303477764,5.171522236,5576.994921,710.241394,937.169922,0.008488,0.006802
402,4,0,0,286.3114,58.0,16.1,,71.8378474901726,5.58380127,0.0,0.043717163,0.223655701,5.251344299,5590.958532,612.272095,936.046997,0.008539,0.006839
403,4,0,0,286.8041,58.0,16.1,,71.8382845064496,5.539855957,0.0,0.082065552,0.027380466,5.447619534,5606.917891,559.38678,942.32019,0.00841,0.006634
404,4,0,0,286.4345,58.0,16.2,,71.8399953958036,5.58380127,0.0,-0.063083099,0.0712713,5.4037287,5620.882964,638.471497,990.265381,0.006297,0.0
405,4,0,0,286.8041,58.0,16.2,,71.8428381178862,5.58380127,0.0,0.0,0.080600858,5.394399142,5636.179124,0.0,0.0,0.0,0.006824
406,4,0,0,285.943,58.0,16.1,,71.846895859482,5.58380127,0.0,0.112744263,0.012614608,5.462385392,5650.14587,683.159912,847.715576,0.008833,0.007833
407,4,0,0,286.6808,58.0,16.1,,71.8486019690962,5.58380127,0.0,-0.039307098,0.077680111,5.397319889,5666.108713,661.123474,896.965088,0.006483,0.006125
408,4,0,0,287.0511,58.0,16.3,,71.8524772276294,5.58380127,0.0,-0.040074066,0.138885379,5.336114621,5680.07705,685.659424,912.673889,0.008182,0.006878
409,4,0,0,287.9189,58.0,16.3,,71.856022507089,5.58380127,0.0,-0.008628387,0.106049538,5.368950462,5696.039565,681.130676,912.031921,0.008407,0.007294
410,4,0,0,288.542,59.0,16.5,,71.8600099366202,5.58380127,0.0,0.019941162,0.045647144,5.429352856,5709.341151,663.974976,901.934326,0.008415,0.007615
411,4,0,0,288.792,58.0,16.5,,71.8645404701212,5.58380127,0.0,0.001533936,0.006859183,5.468140817,5725.304608,679.740723,904.5578,0.008294,0.007282
412,4,0,0,289.7963,59.0,16.3,,71.8688460339836,5.58380127,0.0,0.0,-0.019184589,5.494184589,5739.271643,659.287109,903.519775,0.008765,0.007269
413,4,0,0,288.9171,59.0,16.3,,71.8735929110608,5.58380127,0.0,0.0,-0.047678113,5.522678113,5755.234982,669.5979,904.927612,0.008378,0.007186
414,4,0,0,288.2924,59.0,16.5,,71.8773808307122,5.58380127,0.0,-0.000959,-0.073857427,5.548857427,5769.203681,0.0,0.0,0.008284,0.007133
415,4,0,0,288.0433,59.0,16.5,,71.8825959452624,5.58380127,0.0,0.032979614,-0.09458971,5.56958971,5784.503417,0.0,0.0,0.008512,0.006519
416,4,0,0,287.9189,59.0,16.4,,71.8860611922438,5.58380127,0.0,-0.003259613,-0.055723906,5.530723906,5798.472867,672.254089,895.889404,0.008519,0.007553
417,4,0,0,288.1678,58.0,16.4,,71.89067586204,5.58380127,0.0,-0.025501678,0.011219978,5.463780022,5814.439245,674.394897,896.230286,0.008643,0.00724
418,4,0,0,288.542,59.0,16.5,,71.894393276506,5.58380127,0.0,-0.025501678,0.019691348,5.455308652,5827.745226,647.037109,910.731079,0.008241,0.007191
419,4,0,0,289.1678,59.0,16.5,,71.8976348735076,5.58380127,0.0,0.013038452,-0.036823988,5.511823988,5844.378742,654.297791,906.531799,0.008627,0.006983
420,4,0,0,289.4188,59.0,16.7,,71.9012452346768,5.495910645,0.0,0.009203613,-0.089004993,5.564004993,5857.686498,671.507202,910.526184,0.008535,0.007197
421,4,0,0,289.4188,59.0,16.7,,71.9057187331682,5.58380127,0.0,0.005368774,-0.132358789,5.607358789,5873.656861,633.427124,911.59021,0.008648,0.007589
422,4,0,0,289.6704,59.0,17.1,,71.9089886545538,5.58380127,0.0,0.013038452,-0.156673551,5.631673551,5887.63188,615.133606,926.568726,0.008282,0.006975
423,4,0,0,290.0484,59.0,17.1,,71.913567275134,5.58380127,0.0,0.008436646,-0.156472921,5.631472921,5902.938815,650.692078,918.41748,0.008337,0.006635
424,4,0,0,288.792,60.0,17.2,,71.9173032452902,5.58380127,0.0,0.008436646,-0.136540771,5.611540771,5916.915554,705.705078,927.809814,0.008573,0.006737
425,4,0,0,289.2933,60.0,17.2,,71.9217157497956,5.58380127,0.0,0.003834839,-0.092412949,5.567412949,5932.889728,650.504517,924.470215,0.00804,0.007161
426,4,0,0,289.7963,60.0,17.9,,71.9258198081966,5.58380127,0.0,-0.020132904,-0.042776823,5.517776823,5946.868177,656.982727,916.539612,0.008458,0.006803
427,4,0,0,289.9223,60.0,17.9,,71.9300861524432,5.58380127,0.0,-0.023200775,-0.0162009,5.4912009,5962.178677,663.791687,919.030518,0.007975,0.006709
428,4,0,0,290.6808,59.0,18.2,,71.9336039121888,5.58380127,0.0,-0.012463226,-0.046888471,5.521888471,5976.158516,665.163513,928.59613,0.008584,0.006839
429,4,0,0,291.1886,60.0,18.2,,71.9372598337734,5.58380127,0.0,0.095104004,-0.101772666,5.576772666,5992.136497,666.629272,930.551208,0.008654,0.006769
430,4,0,0,291.4432,59.0,18.4,,71.9371968763926,5.58380127,0.0,-0.032404388,-0.022202015,5.497202015,6005.452231,652.753418,925.548401,0.008275,0.007203
431,4,0,0,291.6983,59.0,18.4,,71.9406537869928,5.58380127,0.0,-0.030103485,0.109796762,5.365203238,6022.097935,666.2995,920.064209,0.006281,0.006177
432,4,0,0,292.0817,60.0,19.0,,71.943311660283,5.58380127,0.0,-0.010929291,0.108353376,5.366646624,6035.415265,0.0,0.0,0.0,0.0
433,4,0,0,292.4661,59.0,19.0,,71.9472024167604,5.539855957,0.0,0.00690271,0.05149734,5.42350266,6051.396963,673.878906,925.703918,0.0083,0.006555
434,4,0,0,292.4661,59.0,19.2,,71.9505577619132,5.539855957,0.0,0.00690271,0.000602,5.474397755,6065.381866,631.132019,963.376892,0.0082,0.007316
435,4,0,0,292.8515,59.0,19.2,,71.9541835405596,5.58380127,0.0,0.00690271,-0.041233659,5.516233659,6080.699706,600.01947,952.221924,0.008199,0.006995
436,4,0,0,293.109,59.0,19.7,,71.9575102716472,5.58380127,0.0,0.00690271,-0.063232303,5.538232303,6094.686248,298.9133,822.138184,0.008271,0.0
437,4,0,0,292.4661,59.0,19.7,,71.960457085841,5.58380127,0.0,0.008436646,-0.069853544,5.544853544,6110.671331,656.542908,928.506592,0.008384,0.007224
438,4,0,0,292.0817,60.0,19.8,,71.9636309135352,5.58380127,0.0,0.008436646,-0.059860706,5.534860706,6124.658078,532.852417,982.25238,0.008035,0.006942
439,4,0,0,291.6983,60.0,19.8,,71.9671044164308,5.58380127,0.0,-0.000959,-0.027358651,5.502358651,6140.644442,271.977112,773.861328,0.008931,0.0
440,4,0,0,292.4661,59.0,19.9,,71.970081099975,5.58380127,0.0,-0.001725677,0.001959801,5.473040199,6153.967018,649.908691,883.872986,0.008608,0.007409
441,4,0,0,292.4661,60.0,19.9,,71.973596622738,5.58380127,0.0,-0.010929291,0.024503946,5.450496054,6169.954947,529.654175,973.727417,0.008502,0.007124
442,4,0,0,292.3378,60.0,19.7,,71.976503171245,5.58380127,0.0,0.016106323,0.01297605,5.46202395,6183.945165,530.092773,950.970276,0.008633,0.007469
443,4,0,0,292.2097,60.0,19.7,,71.9798399124274,5.58380127,0.0,0.010737549,0.017571807,5.457428193,6199.934861,684.788818,920.963318,0.008456,0.006788
444,4,0,0,292.3378,60.0,19.6,,71.9827057768192,5.58380127,0.0,-0.001725677,0.052788019,5.422211981,6213.926489,581.53833,934.40033,0.008443,0.007184
445,4,0,0,292.7229,60.0,19.6,,71.9859673940104,5.58380127,0.0,-0.008628387,0.097311497,5.377688503,6229.25134,666.880981,914.675476,0.008308,0.006753
446,4,0,0,292.8515,59.0,19.1,,71.9888218964618,5.58380127,0.0,-0.030103485,0.117201209,5.357798791,6243.244237,572.364502,950.436584,0.00833,0.007039
447,4,0,0,292.7229,60.0,19.1,,71.9915601884718,5.58380127,0.0,0.003834839,0.079135418,5.395864582,6258.570598,680.728088,908.848389,0.008276,0.006863
448,4,0,0,291.9538,59.0,18.7,,71.9944754274148,5.58380127,0.0,0.023009033,0.023384929,5.451615071,6273.231344,0.0,0.0,0.0,0.00657
449,4,0,0,291.1886,59.0,18.7,,71.9976678751728,5.58380127,0.0,0.019941162,0.009483218,5.465516782,6288.559236,593.393127,952.74231,0.00671,0.0
450,4,0,0,290.9345,60.0,18.3,,72.0003716468398,5.58380127,0.0,0.03451355,0.044379592,5.430620408,6302.554841,692.24408,913.769775,0.008412,0.007462
451,4,0,0,290.6808,59.0,18.3,,72.0022151619032,5.58380127,0.0,0.023009033,0.159779668,5.315220332,6318.550533,696.525696,922.303711,0.00857,0.006953
452,4,0,0,291.4432,59.0,17.7,,72.0046856758306,5.58380127,0.0,0.023009033,0.364642143,5.110357857,6331.881005,673.731323,919.435791,0.008371,0.006984
453,4,0,0,292.0817,60.0,17.7,,72.0075566257368,5.58380127,0.0,0.026843872,0.655237198,4.819762802,6348.544763,585.452881,945.958008,0.008326,0.007161
454,4,0,0,292.3378,60.0,17.4,,72.0095749955912,5.58380127,0.0,-0.000959,0.944380999,4.530619001,6361.876335,0.0,0.0,0.008389,0.007125
455,4,0,0,292.5944,60.0,17.4,,72.0131690380528,5.58380127,0.0,-0.039307098,1.31592226,4.15907774,6377.875016,543.422485,962.569702,0.008594,0.007186
456,4,0,0,292.2097,60.0,16.9,,72.0148308747236,5.539855957,0.0,-0.004793549,1.583068371,3.891931629,6391.874302,0.0,0.0,0.008215,0.006385
457,4,0,0,290.0484,60.0,16.9,,72.0170551918178,5.58380127,0.0,0.003834839,1.780942678,3.694057322,6405.206463,0.0,0.0,0.007273,0.006781
458,4,0,0,291.1886,60.0,16.4,,72.020052394447,5.58380127,0.0,0.001533936,-1.57409668,3.39909668,6421.204155,598.690674,932.984985,0.008522,0.007099
459,4,0,0,291.1886,60.0,16.4,,72.0228508113994,5.58380127,0.0,0.019941162,-1.35580802,3.18080802,6435.201361,337.762604,816.245422,0.008299,0.0
460,4,0,0,291.826,60.0,16.0,,72.0258763866928,5.58380127,0.0,-0.015531097,-1.080312014,2.905312014,6451.197582,565.111389,935.010193,0.00837,0.007351
461,4,0,0,291.5707,60.0,16.0,,72.0287071513792,5.58380127,0.0,-0.037773163,-0.841757536,2.666757536,6465.196342,698.632019,926.370483,0.008311,0.007329
462,4,0,0,290.4275,60.0,15.9,,72.0307297537978,5.495910645,0.0,-0.037773163,-0.644160032,2.469160032,6480.530172,454.510986,946.11499,0.00828,0.006859
463,4,0,0,289.9223,60.0,15.9,,72.032277102021,5.58380127,0.0,-0.033938324,-0.565055132,2.390055132,6494.531201,0.0,0.0,0.0,0.0073
464,4,0,0,290.1747,60.0,15.8,,72.0344832979468,5.58380127,0.0,0.058289551,-0.567700624,2.392700624,6510.532904,586.797302,944.222412,0.008541,0.007208
465,4,0,0,290.0484,60.0,15.8,,72.0354100524792,5.539855957,0.0,0.012271484,-0.544308424,2.369308424,6524.534542,508.324188,972.307617,0.008318,0.006963
466,4,0,0,291.1886,60.0,15.4,,72.037229121668,5.58380127,0.0,0.0,-0.425489187,2.250489187,6540.537673,589.326111,946.146973,0.00834,0.006586
467,4,0,0,292.2097,60.0,15.4,,72.0397312591264,5.58380127,0.0,0.013038452,-0.327090502,2.152090502,6553.875354,636.45459,923.622192,0.008515,0.006571
468,4,0,0,292.5944,60.0,15.4,,72.042442900466,5.58380127,0.0,-0.02166684,-0.194235563,2.019235563,6569.881782,0.0,0.0,0.007225,0.006245
469,4,0,0,293.2379,61.0,15.4,,72.0443743015868,5.58380127,0.0,0.003834839,-0.10369277,1.92869277,6583.887957,664.893677,923.133789,0.008389,0.006911
470,4,0,0,294.0139,61.0,15.4,,72.0472681202144,5.58380127,0.0,-0.036239227,-0.014193296,1.839193296,6599.227854,623.22522,923.244995,0.008159,0.007328
471,4,0,0,294.6636,63.0,15.4,,72.0490917921156,5.58380127,0.0,0.010737549,0.045822859,1.779177141,6613.901185,320.044891,795.793274,0.008353,0.0
472,4,0,0,295.1855,64.0,15.3,,72.0516406487142,5.58380127,0.0,-0.008628387,0.096845865,1.728154135,6629.241988,595.963074,910.804993,0.008591,0.006749
473,4,0,0,295.7093,64.0,15.3,,72.0541647858504,5.58380127,0.0,-0.027035614,0.122980833,1.702019167,6643.249464,649.576172,929.53241,0.00853,0.006915
474,4,0,0,295.9718,63.0,15.3,,72.0559993047032,5.58380127,0.0,-0.024734711,0.099222422,1.725777578,6658.591626,0.0,0.0,0.00859,0.006358
475,4,0,0,295.4472,62.0,15.3,,72.0574018123264,5.58380127,0.0,0.019941162,-0.001498938,1.826498938,6672.600329,0.0,0.0,0.007921,0.006603
476,4,0,0,294.7939,62.0,15.6,,71.7650181442248,0.0,0.0,0.026843872,-0.067148447,1.892148447,6688.610885,734.777527,920.356628,0.007946,0.007515
477,4,0,0,294.9244,62.0,15.6,,71.3039379533804,0.439453125,0.0,0.045251099,-0.062542677,1.887542677,6702.620741,672.198486,917.153687,0.00846,0.007321
478,4,0,0,296.3665,63.0,15.8,,70.8752930929122,2.28515625,0.0,-0.019365936,0.074052095,1.750947905,6718.63232,607.510986,934.161377,0.0084,0.006964
479,4,0,0,297.1592,63.0,15.8,,70.6363400438928,2.4609375,0.0,-0.034705292,0.169103861,1.655896139,6731.97539,0.0,0.0,0.0,0.00655
480,4,0,0,297.8229,63.0,16.0,,70.4027038840852,3.65020752,0.0,-0.034705292,0.201466322,1.623533678,6747.923661,0.0,0.0,0.00815,0.007022
481,4,0,0,298.3561,63.0,16.0,,70.2718708667914,3.869934082,0.0,-0.032404388,0.139672041,1.685327959,6761.775195,645.8349,928.611572,0.00835,0.007183
482,4,0,0,298.3561,63.0,16.2,,70.14951643198,4.221496582,0.0,0.00690271,-0.009768724,1.834768724,6777.514978,0.0,0.0,0.008054,0.006337
483,4,0,0,298.0892,62.0,16.2,,70.0830890244588,4.836730957,0.0,0.023009033,-0.140748739,1.965748739,6791.233807,532.374817,958.444519,0.008541,0.007313
484,4,0,0,297.4243,62.0,16.7,,70.0665491452626,5.276184082,0.0,0.038348389,-0.258351564,2.083351564,6806.215708,0.0,0.0,0.008197,0.00682
485,4,0,0,297.1592,61.0,16.7,,70.0854487192338,5.58380127,0.0,0.018407227,-0.279532194,2.104532194,6819.867009,510.932892,966.925781,0.008492,0.007045
486,4,0,0,297.8229,60.0,17.1,,70.1140476083576,5.58380127,0.0,0.018407227,-0.23616004,2.06116004,6835.445737,0.0,0.0,0.008024,0.007357
487,4,0,0,299.0252,59.0,17.1,,70.1426021762578,5.671691895,0.0,0.018407227,-0.15882802,1.98382802,6848.420435,651.354309,924.305786,0.008275,0.00677
488,4,0,0,300.5079,59.0,17.5,,70.1822288102372,5.715637207,0.0,0.009203613,-0.031387568,1.856387568,6864.642074,606.166809,882.264099,0.008844,0.007168
489,4,0,0,301.3228,60.0,17.5,,70.2195496945184,5.75958252,0.0,-0.019365936,0.107280016,1.717719984,6877.624518,0.0,0.0,0.0,0.0
490,4,0,0,302.4163,60.0,17.8,,70.2671198215236,5.850219727,0.0,-0.005560516,0.246322393,1.578677607,6893.210473,915.138184,904.052185,0.009407,0.007609
491,4,0,0,303.1038,60.0,17.8,,70.3207672991708,6.201782227,0.0,-0.036239227,0.33155036,1.49344964,6906.855795,729.144897,831.220215,0.008706,0.00813
492,4,0,0,304.3491,60.0,18.2,,70.410945990148,6.377563477,0.0,-0.025501678,0.367714643,1.457285357,6921.809939,1117.630737,753.892517,0.0,0.007294
493,4,0,0,302.5536,60.0,18.2,,70.4947069550732,6.377563477,0.0,-0.017832001,0.329244375,1.495755625,6935.473502,0.0,0.0,0.0,0.0
494,4,0,0,299.0252,60.0,18.4,,70.59024947971,6.333618164,0.0,0.001533936,0.23487258,1.59012742,6951.105845,619.793884,876.555115,0.008801,0.00771
495,4,0,0,296.8945,60.0,18.4,,70.6673649969732,6.333618164,0.0,0.014572388,0.140185118,1.684814882,6964.802935,690.753296,865.314209,0.00905,0.007707
496,4,0,0,295.4472,60.0,18.7,,70.7536752691122,6.245727539,0.0,0.003834839,0.056919336,1.768080664,6979.824595,666.543579,959.221375,0.008791,0.007508
497,4,0,0,295.4472,60.0,18.7,,70.8235826490758,6.201782227,0.0,0.013038452,0.011993647,1.813006353,6993.558003,684.585022,862.586182,0.00876,0.007288
498,4,0,0,295.9718,60.0,18.9,,70.8925864811898,6.026000977,0.0,0.003834839,-0.019875765,1.844875765,7009.273637,0.0,0.0,0.0,0.0
499,4,0,0,295.9718,60.0,18.9,,70.9413444298622,5.894165039,0.0,0.001533936,-0.026902914,1.851902914,7022.385513,0.0,0.0,0.008396,0.007394
500,4,0,0,295.5782,60.0,19.1,,70.9929140242618,5.938110352,0.0,0.001533936,-0.02999711,1.85499711,7038.792826,681.199402,882.128906,0.00886,0.007763
501,4,0,0,295.4472,60.0,19.1,,71.0375353414916,5.982055664,0.0,-0.001725677,-0.03010869,1.85510869,7051.929516,704.348328,878.528076,0.008927,0.007597
502,4,0,0,294.7939,60.0,19.3,,71.090043374232,6.026000977,0.0,-0.001725677,-0.032552004,1.857552004,7067.705,627.046326,870.953796,0.008924,0.007538
503,4,0,0,293.6254,60.0,19.3,,71.138305630091,6.069946289,0.0,-0.007094452,-0.039530039,1.864530039,7081.519042,711.072998,968.646484,0.008811,0.007187
504,4,0,0,294.4034,60.0,19.5,,71.1950749859372,6.069946289,0.0,-0.007094452,-0.061754942,1.886754942,7096.66034,665.537292,888.342407,0.008454,0.00759
505,4,0,0,295.5782,60.0,19.5,,71.248255336556,6.113891602,0.0,-0.007094452,-0.096083403,1.921083403,7111.15487,664.215393,876.487793,0.008711,0.00764
506,4,0,0,296.2349,60.0,19.6,,71.307715138734,6.113891602,0.0,-0.007094452,-0.153362513,1.978362513,7126.321177,659.618408,867.365295,0.008859,0.007363
507,4,0,0,296.6303,60.0,19.6,,71.358569880399,6.069946289,0.0,-0.007094452,-0.214245558,2.039245558,7140.180461,707.285522,876.548584,0.008645,0.007557
508,4,0,0,297.5571,60.0,19.7,,71.4155340629456,6.113891602,0.0,-0.007094452,-0.305817842,2.130817842,7156.033314,654.450317,878.464478,0.008833,0.007463
509,4,0,0,298.2226,60.0,19.7,,71.4613017935244,6.113891602,0.0,0.0,-0.388174772,2.213174772,7169.254866,677.662415,884.340576,0.008556,0.007327
510,4,0,0,299.0252,60.0,19.9,,71.516727527498,6.113891602,0.0,0.00690271,-0.488214731,2.313214731,7185.795589,660.890625,871.362,0.009137,0.007491
511,4,0,0,299.6973,59.0,19.9,,71.5640408682128,6.113891602,0.0,0.016106323,-0.570985079,2.395985079,7199.039298,666.360901,899.910583,0.007979,0.00769
512,4,0,0,299.967,60.0,20.0,,71.6211744498878,6.157836914,0.0,0.052920776,-0.627992868,2.452992868,7214.944995,695.276672,887.206177,0.008715,0.007499
513,4,0,0,300.9148,60.0,20.0,,71.6667484642108,6.069946289,0.0,0.019941162,-0.590923548,2.415923548,7228.87409,739.430725,905.310974,0.007657,0.007459
514,4,0,0,301.3228,60.0,20.1,,71.720325372299,6.113891602,0.0,0.00690271,-0.466691732,2.291691732,7244.140961,715.925171,877.208191,0.008064,0.00775
515,4,0,0,301.1867,60.0,20.1,,71.767048053047,6.113891602,0.0,0.010737549,-0.328902483,2.153902483,7258.090802,646.845703,885.502502,0.008708,0.007429
516,4,0,0,301.3228,61.0,19.9,,71.814649111567,5.982055664,0.0,-0.001725677,-0.153136969,1.978136969,7274.044747,671.536377,885.119873,0.008662,0.007537
517,4,0,0,301.5954,61.0,19.9,,71.8509355764698,6.026000977,0.0,-0.003259613,0.015734911,1.809265089,7288.01318,644.344299,892.672485,0.008683,0.007425
518,4,0,0,301.7319,62.0,19.7,,71.8900747091764,5.894165039,0.0,-0.016298065,0.191301584,1.633698416,7303.320847,657.057007,904.590271,0.008461,0.007209
519,4,0,0,302.2792,61.0,19.7,,71.920347746422,5.894165039,0.0,-0.015531097,0.321923494,1.503076506,7317.304741,643.388611,900.905701,0.008259,0.007301
520,4,0,0,302.5536,61.0,19.5,,71.9512541394246,5.850219727,0.0,-0.015531097,0.428930044,1.396069956,7333.29388,705.034119,908.325623,0.008455,0.006915
521,4,0,0,302.966,61.0,19.5,,71.9759651045094,5.894165039,0.0,-0.020132904,0.490028143,1.334971857,7346.624077,697.787292,905.203125,0.008119,0.007091
522,4,0,0,303.3796,60.0,19.4,,72.0045319033936,5.894165039,0.0,0.0,0.508132219,1.316867781,7363.293962,843.599609,923.388489,0.00825,0.00739
523,4,0,0,303.7944,60.0,19.4,,72.0284938011754,5.894165039,0.0,0.001533936,0.4776752,1.3473248,7376.635597,697.124817,884.95459,0.008559,0.007449
524,4,0,0,304.4882,60.0,19.3,,72.0577394035782,5.894165039,0.0,-0.010162323,0.437873125,1.387126875,7392.652153,652.322083,893.959717,0.008666,0.007261
525,4,0,0,304.6273,60.0,19.3,,72.081919688798,5.894165039,0.0,0.00690271,0.390802145,1.434197855,7406.672565,659.070007,900.996704,0.008576,0.007203
526,4,0,0,305.3249,60.0,19.4,,72.1109080703886,5.850219727,0.0,-0.004793549,0.338333845,1.486666155,7422.034335,0.0,0.0,0.008033,0.006552
527,4,0,0,305.7449,60.0,19.4,,72.135324992962,5.850219727,0.0,-0.001725677,0.287992716,1.537007284,7436.065784,0.0,0.0,0.0,0.0
528,4,0,0,306.3069,60.0,19.3,,72.1637884400314,5.850219727,0.0,0.001533936,0.22099185,1.60400815,7452.108139,658.236572,896.8172,0.008623,0.007012
529,4,0,0,306.7296,60.0,19.3,,72.187470827642,5.894165039,0.0,0.003067871,0.163594961,1.661405039,7466.150717,680.874817,890.565125,0.008552,0.007232
530,4,0,0,306.4477,60.0,19.2,,72.2143918027884,5.850219727,0.0,0.003067871,0.105332613,1.719667387,7482.205709,660.585388,916.903625,0.007971,0.00749
531,4,0,0,305.7449,60.0,19.2,,72.2387324426458,5.894165039,0.0,0.003067871,0.058993578,1.766006422,7495.589668,675.820496,916.100891,0.008219,0.00744
532,4,0,0,305.8852,60.0,19.1,,72.2662975239404,5.850219727,0.0,0.003067871,0.01107955,1.81392045,7511.655734,669.377808,949.963013,0.00728,0.006884
533,4,0,0,306.7296,60.0,19.1,,72.2864860987846,5.806274414,0.0,0.003067871,-0.020162821,1.845162821,7525.718305,655.546326,910.018616,0.007957,0.007322
534,4,0,0,307.5787,60.0,19.0,,72.3096019987152,5.850219727,0.0,0.001533936,-0.050893068,1.875893068,7541.795193,822.008728,768.638428,0.00556,0.006443
535,4,0,0,308.7182,60.0,19.0,,72.3313037876812,5.850219727,0.0,0.017640259,-0.077553988,1.902553988,7555.866989,674.414917,921.784973,0.008417,0.006579
536,4,0,0,309.5784,61.0,19.2,,72.354671999937,5.894165039,0.0,0.0,-0.09062171,1.91562171,7571.283665,697.486877,912.139587,0.008459,0.006833
537,4,0,0,310.0102,62.0,19.2,,72.374972053763,5.850219727,0.0,0.010737549,-0.068913221,1.893913221,7585.36411,593.46051,914.208984,0.008547,0.007405
538,4,0,0,309.2911,63.0,19.3,,72.3975710175922,5.850219727,0.0,0.010737549,-0.02332139,1.84832139,7600.79046,638.541687,883.453308,0.008459,0.00737
539,4,0,0,310.0102,63.0,19.3,,72.417474964564,5.850219727,0.0,-0.013997162,0.037888288,1.787111712,7615.550635,352.644714,794.888184,0.006867,0.0
540,4,0,0,310.1545,60.0,19.5,,72.4400303635594,5.894165039,0.0,-0.027035614,0.099424124,1.725575876,7630.986161,623.854126,940.836975,0.007796,0.0069
541,4,0,0,310.0102,59.0,19.5,,72.4589904165278,5.850219727,0.0,-0.019365936,0.106498003,1.718501997,7645.083266,654.815979,908.888794,0.008487,0.007059
542,4,0,0,308.4325,59.0,19.6,,72.4813975953092,5.894165039,0.0,-0.020132904,0.050930738,1.774069262,7661.198724,642.493713,908.544312,0.008491,0.007095
543,4,0,0,309.1477,59.0,19.6,,72.5003863267164,5.850219727,0.0,-0.020132904,-0.04095149,1.86595149,7674.632288,657.412903,923.960999,0.00828,0.00734
544,4,0,0,308.0051,59.0,19.8,,72.5220153896078,5.850219727,0.0,-0.010162323,-0.195996046,2.020996046,7690.757564,658.294495,922.697388,0.008457,0.006977
545,4,0,0,304.9059,59.0,19.8,,72.5406102511434,5.850219727,0.0,0.009203613,-0.352877378,2.177877378,7704.871454,0.0,0.0,0.008509,0.0
546,4,0,0,300.6434,59.0,19.6,,72.5618147218626,5.850219727,0.0,0.014572388,-0.528189421,2.353189421,7721.006003,621.15271,912.166626,0.008735,0.007153
547,4,0,0,298.8911,59.0,19.6,,72.5804019551266,5.850219727,0.0,0.014572388,-0.649647474,2.474647474,7735.122278,588.928528,921.439575,0.008556,0.006665
548,4,0,0,293.8843,59.0,19.7,,72.5971631024794,5.806274414,0.0,0.00690271,-0.737232447,2.562232447,7748.566136,687.497314,892.237183,0.008727,0.00703
549,4,0,0,286.5576,59.0,19.7,,72.6147147254534,5.850219727,0.0,0.141889038,-0.793018579,2.618018579,7764.707386,694.571228,928.741821,0.008446,0.006833
550,4,0,0,284.6003,59.0,19.9,,72.6193540020582,5.850219727,0.0,0.051386841,-0.612759829,2.437759829,7778.834936,654.178406,927.375183,0.008368,0.006917
551,4,0,0,283.1498,59.0,19.9,,72.6352221105516,5.806274414,0.0,-0.130576263,-0.15198493,1.97698493,7794.983906,722.858398,928.811829,0.00829,0.006713
552,4,0,0,282.5497,59.0,20.0,,72.6464084719576,5.850219727,0.0,-0.061549164,0.044600248,1.780399752,7809.118239,803.034912,901.658997,0.007606,0.007588
553,4,0,0,278.3035,59.0,20.0,,72.662504945797,5.806274414,0.0,-0.044675873,0.046964407,1.778035593,7824.601817,0.0,0.0,0.006659,0.005959
554,4,0,0,271.1717,58.0,20.4,,72.677909628744,5.850219727,0.0,0.03451355,-0.067834616,1.892834616,7838.742244,756.353088,899.484497,0.007717,0.007712
555,4,0,0,270.1826,59.0,20.4,,72.6955839156128,5.850219727,0.0,0.070561035,-0.190304041,2.015304041,7854.907118,671.207825,925.48761,0.008444,0.006882
556,4,0,0,268.7666,58.0,20.7,,72.7091128966964,5.850219727,0.0,0.023009033,-0.169151545,1.994151545,7868.38097,652.595398,931.443787,0.008366,0.007189
557,4,0,0,269.2007,58.0,20.7,,72.7265771807886,5.850219727,0.0,-0.036239227,-0.036757231,1.861757231,7885.227241,716.047302,868.323792,0.008326,0.006999
558,4,0,0,271.0615,58.0,21.1,,72.7415818944654,5.894165039,0.0,-0.040074066,0.040418386,1.784581614,7898.707349,701.187805,922.210571,0.008595,0.006953
559,4,0,0,272.7248,59.0,21.1,,72.7581839585592,5.850219727,0.0,0.025309937,0.029201269,1.795798731,7914.887267,664.937683,912.560913,0.008444,0.00738
560,4,0,0,273.8451,59.0,21.3,,72.7732225005628,5.850219727,0.0,0.014572388,0.008964777,1.816035223,7929.022668,679.051697,940.12323,0.008228,0.007555
561,4,0,0,274.4086,59.0,21.3,,72.7902189817038,5.850219727,0.0,-0.001725677,0.047517538,1.777482462,7944.460386,520.031799,953.283325,0.008138,0.007179
562,4,0,0,273.6203,59.0,21.3,,72.8051061009068,5.850219727,0.0,-0.010929291,0.089612722,1.735387278,7959.204891,522.406006,937.107727,0.007273,0.0
563,4,0,0,272.057,58.0,21.3,,72.8210496713528,5.58380127,0.0,-0.030870453,0.112478495,1.712521505,7974.600658,0.0,0.0,0.008558,0.006797
564,4,0,0,272.5018,58.0,21.3,,72.5706600246508,3.957824707,0.0,0.00690271,0.082162619,1.742837381,7988.641081,0.0,0.0,0.008499,0.006119
565,4,0,0,273.6203,58.0,21.3,,72.4360891864598,4.573059082,0.0,0.00690271,0.043580294,1.781419706,8004.001039,0.0,0.0,0.008472,0.006915
566,4,0,0,275.088,58.0,21.6,,72.3563392439902,4.748840332,0.0,0.00690271,0.027678251,1.797321749,8018.009674,676.71759,905.253784,0.008765,0.007501
567,4,0,0,276.1134,58.0,21.6,,72.2693383718704,4.573059082,0.0,0.008436646,0.027593374,1.797406626,8034.002047,328.678009,805.035278,0.008458,0.0
568,4,0,0,277.9554,58.0,21.5,,72.19372987277,4.748840332,0.0,-0.004793549,0.043909311,1.781090689,8047.980868,0.0,0.0,0.007901,0.006841
569,4,0,0,278.1873,58.0,21.5,,72.1109619510918,4.70489502,0.0,-0.010929291,0.05682683,1.76817317,8063.942107,680.386719,920.56543,0.00833,0.007218
570,4,0,0,278.6524,58.0,21.5,,72.038926814434,4.836730957,0.0,-0.013997162,0.04871726,1.77628274,8077.234328,661.559692,928.328003,0.008431,0.007003
571,4,0,0,279.4701,58.0,21.5,,71.9590217637752,4.836730957,0.0,0.003834839,0.005433798,1.819566202,8093.179996,581.313721,945.01001,0.0081,0.006787
572,4,0,0,280.4105,58.0,21.7,,71.8928429349104,4.748840332,0.0,0.003834839,-0.036866426,1.861866426,8107.129852,0.0,0.0,0.0,0.006728
573,4,0,0,281.4761,58.0,21.7,,71.8251265265162,4.792785645,0.0,0.003834839,-0.074785471,1.899785471,8123.070318,676.426697,926.720276,0.008267,0.007044
574,4,0,0,282.43,58.0,21.3,,71.7831668967124,4.836730957,0.0,0.003834839,-0.097652674,1.922652674,8137.017981,663.300293,909.686707,0.008508,0.007036
575,4,0,0,283.2701,58.0,21.3,,71.758803243293,5.539855957,0.0,0.003834839,-0.115115881,1.940115881,8152.295033,596.969604,933.760193,0.008589,0.007368
576,4,0,0,284.1151,58.0,21.0,,71.7474120772786,5.364074707,0.0,0.003834839,-0.121121168,1.946121168,8166.24475,0.0,0.0,0.007742,0.006227
577,4,0,0,284.8435,59.0,21.0,,71.7360144739042,5.495910645,0.0,-0.008628387,-0.118665457,1.943665457,8182.188601,0.0,0.0,0.007427,0.0
578,4,0,0,284.4788,59.0,20.7,,71.73283259951,5.451965332,0.0,0.018407227,-0.11956811,1.94456811,8195.476288,649.877686,913.637573,0.008199,0.006879
579,4,0,0,283.3905,60.0,20.7,,71.736984374842,5.58380127,0.0,0.008436646,-0.109921694,1.934921694,8212.087321,640.848694,925.540588,0.008728,0.007098
580,4,0,0,280.2926,60.0,20.4,,71.7417219338406,5.58380127,0.0,-0.001725677,-0.07238698,1.89738698,8225.37724,656.616211,937.628601,0.00812,0.007086
581,4,0,0,279.9395,59.0,20.4,,71.7478462450238,5.539855957,0.0,-0.004793549,-0.02280736,1.84780736,8241.326487,639.917603,916.413818,0.008961,0.006892
582,4,0,0,280.2926,59.0,20.2,,71.7533137362728,5.58380127,0.0,-0.004793549,0.012261629,1.812738371,8255.283325,690.361389,831.233398,0.008179,0.006987
583,4,0,0,277.3771,59.0,20.2,,71.7593042952086,5.539855957,0.0,-0.010162323,0.039464235,1.785535765,8270.570615,0.0,0.0,0.0087,0.006903
584,4,0,0,273.9576,59.0,20.0,,71.7646493961506,5.58380127,0.0,-0.001725677,0.047526121,1.777473879,8284.52966,593.613892,945.479797,0.008327,0.006486
585,4,0,0,271.0615,59.0,20.0,,71.7703590608828,5.58380127,0.0,-0.003259613,0.044938803,1.780061197,8300.484036,669.924683,915.582275,0.008273,0.007228
586,4,0,0,270.0732,59.0,19.8,,71.7763723115126,5.58380127,0.0,-0.004793549,0.037078619,1.787921381,8314.445219,655.545776,920.949829,0.008416,0.00697
587,4,0,0,268.875,59.0,19.8,,71.7825084835316,5.58380127,0.0,-0.004793549,0.015712976,1.809287024,8329.737292,676.013672,925.696228,0.008152,0.007452
588,4,0,0,273.1718,59.0,19.6,,71.7876865993552,5.58380127,0.0,-0.003259613,-0.012436628,1.837436628,8343.700781,660.428528,908.497925,0.00853,0.006917
589,4,0,0,268.0103,59.0,19.6,,71.7935105594142,5.58380127,0.0,-0.000959,-0.05484271,1.87984271,8359.660432,0.0,0.0,0.007941,0.006914
590,4,0,0,267.3654,59.0,19.5,,71.7981883475252,5.58380127,0.0,0.0,-0.096228838,1.921228838,8372.961217,0.0,0.0,0.008796,0.006729
591,4,0,0,266.8303,59.0,19.5,,71.8035027583534,5.58380127,0.0,0.0,-0.144627333,1.969627333,8389.588506,673.760925,899.476196,0.008323,0.006983
592,4,0,0,266.4038,59.0,19.3,,71.8087837270964,5.539855957,0.0,0.0,-0.188614607,2.013614607,8402.891341,0.0,0.0,0.0,0.007081
593,4,0,0,264.2916,59.0,19.3,,71.8147580316982,5.58380127,0.0,0.009203613,-0.237378359,2.062378359,8418.855909,677.133789,896.133118,0.00879,0.006859
594,4,0,0,263.8731,59.0,19.2,,71.819913745509,5.58380127,0.0,0.009203613,-0.263805151,2.088805151,8432.826018,647.044006,902.849487,0.008308,0.007176
595,4,0,0,263.3519,59.0,19.2,,71.8260126130268,5.58380127,0.0,0.009203613,-0.271038771,2.096038771,8448.127783,633.315918,899.8974,0.008793,0.006986
596,4,0,0,263.3519,59.0,19.1,,71.8311896827794,5.58380127,0.0,0.009203613,-0.255399466,2.080399466,8462.099992,627.155273,920.718018,0.008553,0.00688
597,4,0,0,263.456,59.0,19.1,,71.836943459521,5.58380127,0.0,0.008436646,-0.214637995,2.039637995,8478.069433,690.35968,947.884094,0.008511,0.006419
598,4,0,0,260.2676,59.0,19.3,,71.842038469027,5.58380127,0.0,-0.001725677,-0.1569736,1.9819736,8492.043761,608.768127,951.977783,0.008237,0.007737
599,4,0,0,259.7605,60.0,19.3,,71.84768153927,5.58380127,0.0,-0.000959,-0.081187487,1.906187487,8508.01563,668.242615,893.322388,0.008657,0.007158
600,4,0,0,261.3901,60.0,19.2,,71.8527221852708,5.58380127,0.0,-0.000959,-0.019212961,1.844212961,8521.326413,638.254028,916.002319,0.008531,0.007201
601,4,0,0,263.456,60.0,19.2,,71.8580443531178,5.58380127,0.0,-0.000959,0.046760798,1.778239202,8537.300377,677.64093,917.613525,0.008528,0.007209
602,4,0,0,264.3964,60.0,19.3,,71.8626906142582,5.58380127,0.0,-0.005560516,0.10372138,1.72127862,8551.278609,585.137817,922.389771,0.008901,0.007008
603,4,0,0,264.8165,59.0,19.3,,71.8680691894722,5.58380127,0.0,-0.005560516,0.15717864,1.66782136,8567.254883,659.641602,911.210205,0.00859,0.007012
604,4,0,0,265.3435,59.0,19.2,,71.872598628622,5.58380127,0.0,-0.008628387,0.190197706,1.634802294,8581.235092,588.896912,925.08551,0.008434,0.006751
605,4,0,0,265.8726,59.0,19.2,,71.878199856025,5.58380127,0.0,-0.015531097,0.203366518,1.621633482,8596.547779,627.563416,915.419006,0.008215,0.006773
606,4,0,0,266.0848,59.0,19.1,,71.8827652156436,5.58380127,0.0,-0.008628387,0.178604364,1.646395636,8610.529856,660.065491,910.922119,0.008674,0.006556
607,4,0,0,266.5103,59.0,19.1,,71.8878759484014,5.58380127,0.0,0.005368774,0.125603914,1.699396086,8626.510415,656.331787,919.258789,0.008307,0.006867
608,4,0,0,267.0441,59.0,19.0,,71.8925264903862,5.58380127,0.0,0.008436646,0.079637766,1.745362234,8640.494277,0.0,0.0,0.008138,0.006526
609,4,0,0,268.0103,59.0,19.0,,71.897684779141,5.58380127,0.0,0.005368774,0.051535845,1.773464155,8655.810874,0.0,0.0,0.008155,0.006883
610,4,0,0,268.7666,59.0,18.6,,71.9020747528864,5.58380127,0.0,0.0,0.043214083,1.781785917,8669.796462,618.985413,958.4505,0.008425,0.006896
611,4,0,0,269.6363,59.0,18.6,,71.9069265106514,5.58380127,0.0,0.001533936,0.037142515,1.787857485,8685.780938,665.696899,882.755798,0.008682,0.007615
612,4,0,0,270.2922,59.0,18.2,,71.9112513865938,5.58380127,0.0,0.001533936,0.033453703,1.791546297,8699.093205,875.461792,886.967896,0.007975,0.008113
613,4,0,0,270.6213,59.0,18.2,,71.9159338417908,5.58380127,0.0,0.001533936,0.033385038,1.791614962,8715.622964,859.77887,859.657593,0.008619,0.007692
614,4,0,0,271.2821,59.0,17.9,,71.9199752485856,5.58380127,0.0,-0.000959,0.036947966,1.788052034,8728.74507,933.814819,936.903381,0.006945,0.008686
615,4,0,0,269.3095,59.0,17.9,,71.9247001581718,5.58380127,0.0,-0.001725677,0.042188406,1.782811594,8744.373155,699.434387,866.132813,0.00871,0.007829
616,4,0,0,269.0921,59.0,17.3,,71.9288103159714,5.58380127,0.0,0.003067871,0.043936014,1.781063986,8757.942581,0.0,0.0,0.0,0.0
617,4,0,0,270.9513,59.0,17.3,,71.933187221876,5.58380127,0.0,0.008436646,0.051389933,1.773610067,8772.692818,711.632019,933.810303,0.007986,0.007587
618,4,0,0,271.8352,59.0,16.5,,71.9365103158552,5.58380127,0.0,0.003067871,0.068461657,1.756538343,8786.059444,697.439209,885.241394,0.008288,0.007592
619,4,0,0,271.7244,59.0,16.5,,71.4188321316878,0.0,14.07165527,-0.010162323,0.100258112,1.724741888,8801.2185,654.332703,917.079102,0.008377,0.007312
620,4,0,0,271.0615,59.0,16.1,,70.9309067817044,0.0,12.1673584,-0.015531097,0.12176013,1.70323987,8814.388091,608.451111,941.28302,0.008482,0.007288
621,4,0,0,270.4018,59.0,16.1,,70.3771824714698,0.0,12.46032715,-0.015531097,0.100507498,1.724492502,8829.42792,643.019714,907.240112,0.008593,0.007139
622,4,0,0,271.1717,60.0,15.4,,69.913567393098,0.0,11.87438965,0.003067871,0.044000387,1.780999613,8841.971951,701.360901,920.885376,0.007816,0.007534
623,4,0,0,272.1681,60.0,15.4,,69.401549595672,0.0,10.84899902,0.012271484,-0.032170534,1.857170534,8857.036508,0.0,0.0,0.006083,0.006945
624,4,0,0,272.3905,61.0,14.7,,68.9441182935964,0.0,1.327514648,0.019941162,-0.079728842,1.904728842,8870.228729,720.728516,714.877075,0.008403,0.00805
625,4,0,0,272.2792,61.0,14.7,,68.4244685713686,0.0,0.0,-0.000959,-0.089315653,1.914315653,8885.318733,643.508118,926.607422,0.008697,0.007312
626,4,0,0,272.6133,61.0,14.2,,67.9747208378154,0.0,0.0,-0.000959,-0.088104963,1.913104963,8898.533827,0.0,0.0,0.008277,0.006846
627,4,0,0,273.0599,61.0,14.2,,67.6477460318472,5.58380127,0.0,-0.004793549,-0.090453386,1.915453386,8913.019058,693.995728,927.273926,0.008291,0.007127
628,4,0,0,274.0702,60.0,13.6,,67.7051260034762,5.451965332,0.0,0.003834839,-0.098355532,1.923355532,8926.255469,563.969116,962.060913,0.007813,0.007252
629,4,0,0,275.3152,60.0,13.6,,67.7633668110712,5.58380127,0.0,-0.000959,-0.102561235,1.927561235,8940.764414,663.344788,916.999695,0.008419,0.0071
630,4,0,0,276.8013,59.0,13.5,,67.8098943593442,5.539855957,0.0,-0.010162323,-0.10361743,1.92861743,8954.022541,674.731812,917.875183,0.008394,0.007177
631,4,0,0,278.1873,59.0,13.5,,67.8684874997454,5.58380127,0.0,-0.003259613,-0.123280287,1.948280287,8969.183687,633.869019,920.795471,0.008522,0.00759
632,4,0,0,278.6524,60.0,13.3,,67.9231391089922,5.58380127,0.0,-0.015531097,-0.154938459,1.979938459,8982.460709,656.556885,923.813782,0.008505,0.00662
633,4,0,0,278.6524,60.0,13.3,,67.981120603633,5.58380127,0.0,-0.032404388,-0.216502905,2.041502905,8997.647672,663.83728,918.335205,0.00827,0.006969
634,4,0,0,276.8013,59.0,13.2,,68.030479463768,5.58380127,0.0,-0.003259613,-0.323000669,2.148000669,9010.31326,591.421326,928.002502,0.007966,0.007196
635,4,0,0,275.7708,59.0,13.2,,68.0852906551692,5.58380127,0.0,-0.003259613,-0.475725889,2.300725889,9025.52337,0.0,0.0,0.008536,0.007193
636,4,0,0,275.6568,60.0,13.4,,68.1340464151392,5.58380127,0.0,0.016106323,-0.614643812,2.439643812,9038.842344,659.331299,928.004211,0.00845,0.007044
637,4,0,0,276.9163,62.0,13.4,,68.1875126006354,5.58380127,0.0,0.107375488,-0.725792646,2.550792646,9054.075433,651.16333,912.58667,0.008542,0.00743
638,4,0,0,278.0713,64.0,13.8,,68.2281653658922,5.58380127,0.0,0.021475098,-0.622365236,2.447365236,9067.414211,656.900391,913.822327,0.008462,0.007094
639,4,0,0,279.0023,65.0,13.8,,68.2763747388388,5.58380127,0.0,-0.041608002,-0.381570578,2.206570578,9080.126213,652.728821,917.105774,0.008404,0.006994
640,4,0,0,279.353,65.0,14.3,,68.3322013272196,5.58380127,0.0,-0.046976776,-0.183168173,2.008168173,9095.391387,649.473511,989.761475,0.006839,0.006975
641,4,0,0,280.4105,65.0,14.3,,68.378581073707,5.58380127,0.0,-0.012463226,-0.118032217,1.943032217,9108.757975,587.126892,954.504395,0.00838,0.007294
642,4,0,0,281.0015,64.0,14.9,,68.4336804979022,5.58380127,0.0,-0.003259613,-0.107246161,1.932246161,9124.044012,695.625,916.335327,0.008491,0.00692
643,4,0,0,281.4761,62.0,14.9,,68.4801963462734,5.58380127,0.0,-0.003259613,-0.118511438,1.943511438,9137.427009,681.910095,915.836914,0.008377,0.006866
644,4,0,0,282.3104,60.0,15.5,,68.5326528962272,5.58380127,0.0,-0.001725677,-0.140022993,1.965022993,9152.095373,637.720886,907.276184,0.008609,0.00704
645,4,0,0,282.43,59.0,15.5,,68.579504275895,5.58380127,0.0,-0.004793549,-0.163855791,1.988855791,9165.496829,0.0,0.0,0.0085,0.007157
646,4,0,0,283.0295,58.0,16.1,,68.6305960894354,5.58380127,0.0,-0.004793549,-0.201112986,2.026112986,9180.822904,681.601196,903.659485,0.008555,0.006632
647,4,0,0,283.6316,58.0,16.1,,68.6766033058996,5.58380127,0.0,0.0,-0.246687174,2.071687174,9193.602126,591.518311,923.643982,0.008483,0.007067
648,4,0,0,284.3575,58.0,16.6,,68.7263071119702,5.58380127,0.0,0.016106323,-0.300211668,2.125211668,9209.585568,982.534729,830.320496,0.0,0.008486
649,4,0,0,284.4788,59.0,16.6,,68.7690887282724,5.58380127,0.0,0.039882324,-0.311437845,2.136437845,9222.381066,676.161682,912.656189,0.008339,0.007372
650,4,0,0,284.7218,59.0,16.7,,68.8156896624494,5.58380127,0.0,0.04141626,-0.199756861,2.024756861,9237.744069,646.085205,906.600098,0.008728,0.00739
651,4,0,0,285.2091,59.0,16.7,,68.858137920064,5.58380127,0.0,-0.074587616,-0.001173735,1.826173735,9251.194235,676.837708,908.797119,0.008185,0.007259
652,4,0,0,285.698,59.0,16.8,,68.9039634098554,5.627746582,0.0,-0.039307098,0.092834234,1.732165766,9265.934877,0.0,0.0,0.0,0.006984
653,4,0,0,286.1885,59.0,16.8,,68.9453550231062,5.627746582,0.0,0.036047485,0.046229124,1.778770876,9279.401639,711.10791,914.026489,0.008258,0.007001
654,4,0,0,286.6808,59.0,16.9,,68.9921445397444,5.58380127,0.0,0.04141626,0.041205645,1.783794355,9294.800475,0.0,0.0,0.007653,0.007407
655,4,0,0,287.0511,59.0,16.9,,69.0320899035108,5.58380127,0.0,0.025309937,0.148798227,1.676201773,9308.282572,707.782471,831.66449,0.007042,0.006844
656,4,0,0,287.5464,60.0,17.0,,69.0780208211656,5.58380127,0.0,-0.066917938,0.335007906,1.489992094,9323.057034,676.892273,914.943481,0.008593,0.006784
657,4,0,0,288.1678,60.0,17.0,,69.1157328877206,5.58380127,0.0,-0.063083099,0.394036531,1.430963469,9336.553657,666.508484,912.4198,0.008377,0.007257
658,4,0,0,288.792,59.0,16.8,,69.15863533327,5.58380127,0.0,-0.007094452,0.272152185,1.552847815,9351.987652,643.154907,927.401794,0.008657,0.007063
659,4,0,0,288.9171,60.0,16.8,,69.1963435535024,5.58380127,0.0,0.037581421,0.105339289,1.719660711,9365.500794,732.319397,916.995728,0.007481,0.007459
660,4,0,0,288.4172,59.0,16.7,,69.2380382537554,5.58380127,0.0,0.050619873,-0.0133183,1.8383183,9380.953673,668.726685,900.078918,0.008398,0.007544
661,4,0,0,288.542,59.0,16.7,,69.2731808641598,5.58380127,0.0,0.032212646,0.000689,1.824311209,9393.838794,658.453003,890.768188,0.00853,0.006895
662,4,0,0,288.9171,59.0,16.5,,69.3152710436244,5.58380127,0.0,-0.024734711,0.131171465,1.693828535,9409.310091,499.690308,911.254578,0.007086,0.0
663,4,0,0,289.7963,59.0,16.5,,69.3511155515764,5.58380127,0.0,-0.053879486,0.243354559,1.581645441,9422.855577,690.198975,909.566589,0.008489,0.007409
664,4,0,0,290.5541,59.0,16.4,,69.3914078407666,5.58380127,0.0,-0.030870453,0.236165762,1.588834238,9437.700129,689.441528,927.076294,0.008344,0.007317
665,4,0,0,290.8076,59.0,16.4,,69.4266621071802,5.58380127,0.0,0.010737549,0.120601416,1.704398584,9451.907942,683.677307,903.034729,0.008478,0.007454
666,4,0,0,291.3159,59.0,16.2,,69.4701309277558,5.627746582,0.0,0.04141626,-0.026614428,1.851614428,9466.77005,674.665283,898.753113,0.00846,0.007455
667,4,0,0,291.4432,59.0,16.2,,69.507411980872,5.627746582,0.0,0.014572388,-0.084815741,1.909815741,9480.34691,0.0,0.0,0.0,0.008892
668,4,0,0,292.0817,59.0,16.1,,69.5498316405148,5.627746582,0.0,-0.008628387,-0.082243204,1.907243204,9495.870829,0.0,0.0,0.007018,0.00671
669,4,0,0,291.4432,59.0,16.1,,69.5894969952146,5.671691895,0.0,-0.025501678,-0.081847429,1.906847429,9508.81328,778.16217,878.494629,0.007839,0.007962
670,4,0,0,293.2379,59.0,16.3,,69.6332053499558,5.671691895,0.0,-0.019365936,-0.140136003,1.965136003,9524.995693,575.272522,948.197876,0.00832,0.006954
671,4,0,0,294.0139,60.0,16.3,,69.6716567312134,5.671691895,0.0,0.001533936,-0.242540121,2.067540121,9537.946848,683.23291,897.789124,0.008359,0.007497
672,4,0,0,294.4034,60.0,16.5,,69.7148491798308,5.627746582,0.0,0.03451355,-0.372733355,2.197733355,9553.495729,749.523682,750.705872,0.008003,0.00787
673,4,0,0,294.7939,60.0,16.5,,69.7507872869972,5.671691895,0.0,0.03451355,-0.427087069,2.252087069,9567.106267,667.071777,891.570618,0.00881,0.007545
674,4,0,0,295.1855,60.0,16.9,,69.792199982602,5.671691895,0.0,0.003067871,-0.395668268,2.220668268,9582.019942,665.024597,892.346985,0.008573,0.007449
675,4,0,0,295.3163,59.0,16.9,,69.825341201689,5.58380127,0.0,-0.015531097,-0.330659628,2.155659628,9595.642392,654.450806,899.801514,0.008587,0.007275
676,4,0,0,294.6636,59.0,17.0,,69.860009925837,5.58380127,0.0,-0.023200775,-0.287643671,2.112643671,9611.217317,702.437805,932.44342,0.008094,0.006907
677,4,0,0,293.8843,59.0,17.0,,69.8889141389456,5.58380127,0.0,0.054454712,-0.29667449,2.12167449,9624.851356,710.207275,909.830627,0.008076,0.007441
678,4,0,0,294.6636,59.0,17.4,,69.918310359479,5.58380127,0.0,0.050619873,-0.223025084,2.048025084,9639.789095,655.673218,901.041809,0.008688,0.007297
679,4,0,0,294.4034,59.0,17.4,,69.9465411120778,5.58380127,0.0,-0.106800262,0.048968077,1.776031923,9653.432774,600.236511,921.097778,0.008382,0.007618
680,4,0,0,292.7229,59.0,17.8,,69.972005747178,5.58380127,0.0,-0.072286713,0.19816041,1.62683959,9669.032877,612.035095,927.232422,0.008562,0.006887
681,4,0,0,290.6808,59.0,17.8,,69.9973873242408,5.58380127,0.0,0.016106323,0.089100122,1.735899878,9682.038646,641.498901,937.621399,0.008188,0.006758
682,4,0,0,288.9171,59.0,17.8,,70.0296524186318,5.58380127,0.0,0.047552002,-0.026563406,1.851563406,9698.302828,742.045288,942.491394,0.007739,0.006821
683,4,0,0,289.1678,59.0,17.8,,70.0567104934528,5.58380127,0.0,0.021475098,-0.026992083,1.851992083,9711.32048,685.444092,932.463684,0.008253,0.006704
684,4,0,0,289.6704,58.0,18.1,,70.08788273333,5.58380127,0.0,-0.003259613,0.045401812,1.779598188,9726.949575,626.653503,947.519592,0.008391,0.006685
685,4,0,0,290.4275,58.0,18.1,,70.1155156965858,5.58380127,0.0,-0.045442841,0.127750158,1.697249842,9740.632096,759.480103,968.729004,0.007749,0.006604
686,4,0,0,290.6808,58.0,18.4,,70.144446367244,5.58380127,0.0,-0.034705292,0.105484247,1.719515753,9755.625057,687.777893,936.352722,0.008383,0.007199
687,4,0,0,290.5541,58.0,18.4,,70.1701239019328,5.58380127,0.0,0.005368774,-0.033683062,1.858683062,9769.321005,659.12262,941.130371,0.008089,0.007173
688,4,0,0,291.1886,58.0,18.7,,70.2025132534652,5.627746582,0.0,0.070561035,-0.219902754,2.044902754,9784.981532,673.959106,927.969604,0.0082,0.007193
689,4,0,0,292.3378,58.0,18.7,,70.2291151286764,5.627746582,0.0,0.037581421,-0.266513586,2.091513586,9798.691371,649.020691,918.014771,0.008045,0.007648
690,4,0,0,293.6254,58.0,18.9,,70.2628376413714,5.627746582,0.0,-0.001725677,-0.157928705,1.982928705,9814.367261,472.872406,915.161682,0.007719,0.0
691,4,0,0,294.0139,58.0,18.9,,70.2929798875552,5.671691895,0.0,-0.010929291,-0.048442602,1.873442602,9827.436789,319.342102,832.803528,0.00864,0.0
692,4,0,0,294.7939,58.0,19.1,,70.3288215147886,5.671691895,0.0,-0.019365936,0.041063547,1.783936453,9843.127501,653.679688,950.192505,0.007992,0.007098
693,4,0,0,294.7939,58.0,19.1,,70.361700266615,5.671691895,0.0,-0.02166684,0.074317217,1.750682783,9856.862413,513.398499,981.611816,0.00691,0.0
694,4,0,0,295.8405,58.0,19.3,,70.3991291054234,5.715637207,0.0,-0.004793549,0.053448915,1.771551085,9872.566276,542.711914,998.792114,0.008087,0.006591
695,4,0,0,295.8405,58.0,19.3,,70.4316563130202,5.715637207,0.0,0.003834839,0.002424479,1.822575521,9886.313762,667.207703,905.52887,0.008522,0.007414
696,4,0,0,296.3665,58.0,19.5,,70.4691071997866,5.715637207,0.0,0.032212646,-0.045943499,1.870943499,9901.376855,856.401428,949.438599,0.0,0.00813
697,4,0,0,297.4243,58.0,19.5,,70.5011121443666,5.671691895,0.0,0.017640259,-0.041362047,1.866362047,9915.136183,675.511719,890.409424,0.00854,0.007649
698,4,0,0,297.956,58.0,19.6,,70.5386366423446,5.715637207,0.0,0.00690271,0.023249388,1.801750612,9930.212373,672.41449,884.650391,0.008774,0.007575
699,4,0,0,298.4896,58.0,19.6,,70.570225427694,5.671691895,0.0,-0.02166684,0.105255365,1.719744635,9944.639421,672.144409,923.517822,0.008324,0.007292
700,4,0,0,299.2937,58.0,19.7,,70.6051392060438,5.671691895,0.0,-0.041608002,0.155631304,1.669368696,9959.728641,647.295105,925.276611,0.008226,0.007134
701,4,0,0,300.6434,58.0,19.7,,70.6343522514984,5.715637207,0.0,-0.044675873,0.120524168,1.704475832,9973.511407,710.713013,918.265381,0.008454,0.006781
702,4,0,0,301.7319,58.0,19.9,,70.666188038351,5.671691895,0.0,0.047552002,-0.042022467,1.867022467,9989.269625,661.992126,904.271484,0.008476,0.007546
703,4,0,0,302.4163,58.0,19.9,,70.6942723731966,5.715637207,0.0,0.046785034,-0.166513681,1.991513681,10002.40677,726.195618,891.677429,0.008556,0.007365
704,4,0,0,300.5079,58.0,20.0,,70.7252577686998,5.715637207,0.0,0.003834839,-0.148891211,1.973891211,10018.83491,710.776001,916.976685,0.008196,0.007556
705,4,0,0,298.4896,58.0,20.0,,70.7550163965078,5.715637207,0.0,0.0,-0.081547499,1.906547499,10031.98264,0.0,0.0,0.0,0.0
706,4,0,0,297.5571,58.0,20.1,,70.7864402727874,5.715637207,0.0,-0.001725677,-0.006311655,1.831311655,10047.76595,682.90802,876.013672,0.008606,0.007735
707,4,0,0,296.6303,59.0,20.1,,70.8151711438846,5.715637207,0.0,-0.001725677,0.061906576,1.763093424,10061.58171,685.496399,873.67688,0.008529,0.007539
708,4,0,0,295.9718,59.0,20.2,,70.8475289845398,5.715637207,0.0,-0.010162323,0.129316568,1.695683432,10076.71886,716.267029,870.753601,0.008683,0.00761
709,4,0,0,295.9718,59.0,20.2,,70.8749145922376,5.715637207,0.0,-0.004793549,0.165975332,1.659024668,10090.54443,661.174316,892.804993,0.009035,0.007484
710,4,0,0,296.7623,59.0,20.2,,70.9064133832942,5.715637207,0.0,-0.004793549,0.190936804,1.634063196,10106.35042,683.130798,902.009827,0.0087,0.007468
711,4,0,0,297.8229,59.0,20.2,,70.933216570846,5.715637207,0.0,-0.000959,0.200762033,1.624237967,10120.18543,888.399414,933.195374,0.0,0.007353
712,4,0,0,299.0252,59.0,20.3,,70.9646077453368,5.671691895,0.0,-0.000959,0.204682112,1.620317888,10136.00226,0.0,0.0,0.0,0.0
713,4,0,0,300.102,59.0,20.3,,70.9909128099718,5.671691895,0.0,-0.001725677,0.205245733,1.619754267,10149.18726,694.396179,895.065308,0.008542,0.007441
714,4,0,0,301.7319,59.0,20.1,,71.0217534936222,5.671691895,0.0,0.001533936,0.20319438,1.62180562,10165.01407,687.90332,889.508301,0.008361,0.007571
715,4,0,0,302.1422,59.0,20.1,,71.0469974560216,5.715637207,0.0,0.005368774,0.2050488,1.6199512,10178.86623,678.548584,889.427002,0.008491,0.007278
716,4,0,0,303.3796,59.0,20.2,,71.0769583617742,5.715637207,0.0,0.003834839,0.218202353,1.606797647,10194.70136,673.584106,826.289673,0.008748,0.007417
717,4,0,0,302.966,59.0,20.2,,71.0998246047906,5.671691895,0.0,0.003067871,0.240554571,1.584445429,10208.56066,690.235474,887.153809,0.008749,0.007736
718,4,0,0,302.5536,59.0,20.0,,71.1258664940554,5.715637207,0.0,0.003067871,0.275439024,1.549560976,10223.7436,608.679626,955.200806,0.007024,0.0
719,4,0,0,302.8284,59.0,20.0,,71.1492523929578,5.671691895,0.0,-0.001725677,0.315544367,1.509455633,10237.60958,768.015991,885.393921,0.008099,0.007745
720,4,0,0,303.2417,59.0,19.8,,71.1752338032254,5.671691895,0.0,-0.003259613,0.358703375,1.466296625,10252.79974,689.778198,879.492493,0.008585,0.007635
721,4,0,0,303.656,59.0,19.8,,71.1981070307774,5.671691895,0.0,-0.007094452,0.387331724,1.437668276,10266.67232,681.577026,890.606628,0.008498,0.007608
722,4,0,0,303.7944,59.0,19.9,,71.2225430079364,5.627746582,0.0,-0.005560516,0.402953863,1.422046137,10282.53073,684.326294,871.391785,0.008722,0.00782
723,4,0,0,304.6273,59.0,19.9,,71.2405019870512,5.627746582,0.0,-0.005560516,0.401160955,1.423839045,10296.41027,650.610718,903.802124,0.008646,0.007581
724,4,0,0,305.0455,59.0,19.7,,71.2605254114246,5.671691895,0.0,-0.000959,0.382848501,1.442151499,10312.27635,888.47937,933.959106,0.0,0.007696
725,4,0,0,306.0256,59.0,19.7,,71.2778591619494,5.671691895,0.0,-0.001725677,0.356730223,1.468269777,10325.50115,701.03009,846.919678,0.008698,0.007965
726,4,0,0,306.4477,59.0,19.5,,71.2978343222162,5.627746582,0.0,-0.005560516,0.321005583,1.503994417,10341.37503,692.466125,841.29541,0.008948,0.007864
727,4,0,0,306.5886,59.0,19.5,,71.3139500598554,5.627746582,0.0,-0.003259613,0.281337976,1.543662024,10355.26874,681.586975,827.012512,0.008997,0.007962
728,4,0,0,306.0256,59.0,19.7,,71.3335448848,5.627746582,0.0,-0.007094452,0.219723463,1.605276537,10371.1518,687.628174,840.780884,0.008737,0.00779
729,4,0,0,306.0256,59.0,19.7,,71.3499749909148,5.671691895,0.0,-0.004793549,0.152950525,1.672049475,10385.05329,695.413818,857.179871,0.00873,0.007852
730,4,0,0,306.7296,59.0,19.5,,71.3673750945278,5.627746582,0.0,-0.000959,0.065548182,1.759451818,10398.29564,0.0,0.0,0.008621,0.007413
731,4,0,0,307.2952,59.0,19.5,,71.3870774233844,5.627746582,0.0,-0.004793549,-0.038312674,1.863312674,10414.1899,695.518005,873.264587,0.008543,0.007774
732,4,0,0,307.5787,59.0,19.4,,71.4035042947258,5.627746582,0.0,-0.000959,-0.133259535,1.958259535,10428.10039,720.930908,932.513428,0.0,0.007072
733,4,0,0,307.8628,59.0,19.4,,71.4219790190304,5.627746582,0.0,-0.000959,-0.250617266,2.075617266,10443.99957,736.563904,925.739502,0.008774,0.007581
734,4,0,0,308.8612,59.0,19.5,,71.4406824949226,5.671691895,0.0,-0.000959,-0.360943556,2.185943556,10457.91102,0.0,0.0,0.0,0.0
735,4,0,0,309.1477,59.0,19.5,,71.4641801303012,5.671691895,0.0,-0.003259613,-0.489929438,2.314929438,10473.15192,653.811279,832.989319,0.008794,0.007775
736,4,0,0,309.5784,59.0,19.4,,71.483243760392,5.671691895,0.0,0.009203613,-0.601945162,2.426945162,10487.07133,650.062683,851.430603,0.009154,0.007585
737,4,0,0,309.8661,59.0,19.4,,71.5027915443284,5.627746582,0.0,0.009203613,-0.710533381,2.535533381,10502.98196,0.0,0.0,0.008549,0.007379
738,4,0,0,310.1545,58.0,19.5,,71.5180888842974,5.671691895,0.0,0.009203613,-0.787055731,2.612055731,10516.24186,0.0,0.0,0.008771,0.007031
739,4,0,0,310.0102,59.0,19.5,,71.5343629005256,5.627746582,0.0,0.009203613,-0.838298559,2.663298559,10532.81964,657.495422,904.404175,0.008693,0.007053
740,4,0,0,310.0102,58.0,19.7,,71.5490516202934,5.627746582,0.0,0.067493164,-0.839950323,2.664950323,10546.0853,663.791504,897.009277,0.008731,0.007277
741,4,0,0,310.2988,58.0,19.7,,71.5619106653218,5.627746582,0.0,0.038348389,-0.639852762,2.464852762,10562.00561,652.577209,884.934326,0.008909,0.00746
742,4,0,0,310.4433,58.0,19.8,,71.5751223006508,5.627746582,0.0,-0.061549164,-0.296046019,2.121046019,10575.93821,623.789978,903.164307,0.008857,0.006761
743,4,0,0,310.7327,58.0,19.8,,71.5854260034404,5.627746582,0.0,-0.083024261,-0.031412363,1.856412363,10591.20094,0.0,0.0,0.0,0.007566
744,4,0,0,311.3131,58.0,19.9,,71.5963200443288,5.627746582,0.0,0.049085938,-0.034760714,1.859760714,10605.13883,855.816589,957.92041,0.0,0.007483
745,4,0,0,311.3131,59.0,19.9,,71.6092824733588,5.627746582,0.0,0.043717163,0.013026953,1.811973047,10621.07057,0.0,0.0,0.008652,0.006409
746,4,0,0,311.3131,59.0,20.0,,71.6220767263588,5.627746582,0.0,-0.023200775,0.218630552,1.606369448,10635.0132,0.0,0.0,0.0,0.0
747,4,0,0,311.3131,59.0,20.0,,71.6371483885796,5.627746582,0.0,-0.068451874,0.415949583,1.409050417,10650.28618,0.0,0.0,0.0,0.00672
748,4,0,0,311.1678,59.0,20.1,,71.6467855832082,5.627746582,0.0,-0.034705292,0.376948595,1.448051405,10664.23329,390.162903,923.79303,0.008607,0.006717
749,4,0,0,312.1878,59.0,20.1,,71.6610759269524,5.627746582,0.0,0.037581421,0.170360327,1.654639673,10680.17534,591.190002,914.944092,0.00867,0.007125
750,4,0,0,313.3617,59.0,20.2,,71.6727284819696,5.627746582,0.0,0.023776001,0.073694944,1.751305056,10693.46238,666.856506,951.894104,0.008281,0.007077
751,4,0,0,313.952,59.0,20.2,,71.6868414764458,5.627746582,0.0,0.003834839,0.070781469,1.754218531,10710.07359,657.224487,911.536987,0.008673,0.00747
752,4,0,0,314.5445,59.0,20.3,,71.699401940624,5.627746582,0.0,-0.010929291,0.09088254,1.73411746,10723.36437,854.606384,890.958374,0.008391,0.006724
753,4,0,0,314.9904,59.0,20.3,,71.7134314908212,5.627746582,0.0,-0.005560516,0.089660883,1.735339117,10739.30279,650.748413,949.214172,0.008005,0.007234
754,4,0,0,315.1393,59.0,20.3,,71.7259445760298,5.627746582,0.0,-0.005560516,0.071199656,1.753800344,10753.16814,650.608887,925.089478,0.008414,0.007393
755,4,0,0,315.4375,59.0,20.3,,71.7397997059578,5.627746582,0.0,-0.005560516,0.029411077,1.795588923,10768.30172,0.0,0.0,0.008324,0.006371
756,4,0,0,315.8859,59.0,20.4,,71.7517541892524,5.627746582,0.0,-0.005560516,-0.023792028,1.848792028,10782.746,527.70752,969.323914,0.008305,0.007269
757,4,0,0,316.3356,59.0,20.4,,71.7648258602816,5.58380127,0.0,-0.003259613,-0.110415697,1.935415697,10797.81546,564.375183,962.60498,0.008427,0.007346
758,4,0,0,316.6361,59.0,20.5,,71.7748896587574,5.58380127,0.0,0.014572388,-0.191242456,2.016242456,10811.54795,700.161316,900.70752,0.008332,0.00715
759,4,0,0,316.3356,58.0,20.5,,71.6317088837532,0.0,0.0,0.00690271,-0.235378981,2.060378981,10827.21308,644.844482,908.641296,0.008254,0.007213
760,4,0,0,314.8416,58.0,20.5,,71.1431140322364,3.782043457,0.0,0.003067871,-0.2342875,2.0592875,10840.24406,674.598999,913.019287,0.008524,0.007047
761,4,0,0,313.5091,58.0,20.5,,70.9472562759786,3.694152832,0.0,0.0,-0.217993975,2.042993975,10855.85436,695.565674,904.042419,0.008361,0.007113
762,4,0,0,313.5091,58.0,20.3,,70.7871876985636,3.82598877,0.0,0.0,-0.201409578,2.026409578,10869.49049,338.173889,957.656311,0.006029,0.0
763,4,0,0,314.248,58.0,20.3,,70.6095110425274,3.957824707,0.0,0.0,-0.182092905,2.007092905,10885.04957,668.441284,897.527588,0.00859,0.007412
764,4,0,0,315.1393,58.0,20.3,,70.460073588125,3.957824707,0.0,0.0,-0.164197683,1.989197683,10898.64244,670.172913,891.876587,0.008714,0.007396
765,4,0,0,316.1855,59.0,20.3,,70.2956352019948,3.957824707,0.0,0.0,-0.144281626,1.969281626,10913.50884,675.958374,890.291809,0.008435,0.007491
766,4,0,0,317.0879,59.0,20.4,,70.1585182913634,4.045715332,0.0,0.0,-0.126464605,1.951464605,10927.06591,649.712097,898.314392,0.008575,0.007287
767,4,0,0,317.0879,59.0,20.4,,70.0078526369532,4.089660645,0.0,-0.005560516,-0.107397318,1.932397318,10942.54329,675.276001,897.800598,0.008426,0.007404
768,4,0,0,316.3356,59.0,20.5,,69.8806534610992,4.397277832,0.0,-0.005560516,-0.104320288,1.929320288,10956.07432,644.403809,897.585022,0.00837,0.007323
769,4,0,0,314.8416,59.0,20.5,,69.7537438537914,4.309387207,0.0,-0.005560516,-0.126429319,1.951429319,10970.88445,675.047119,898.147217,0.008345,0.007046
770,4,0,0,310.1545,59.0,20.5,,69.6597793192114,4.441223145,0.0,0.003067871,-0.169048071,1.994048071,10984.40111,355.336914,809.452271,0.008473,0.0
771,4,0,0,311.4586,59.0,20.5,,69.5775133667726,4.52911377,0.0,0.005368774,-0.224292994,2.049292994,10999.84213,786.871094,752.742126,0.008503,0.007807
772,4,0,0,312.4805,59.0,20.6,,69.5302386663112,4.924621582,0.0,0.021475098,-0.255252123,2.080252123,11012.70484,0.0,0.0,0.0,0.0
773,4,0,0,312.3341,59.0,20.6,,69.4889176708996,5.05645752,0.0,-0.020132904,-0.213926554,2.038926554,11028.77746,913.028015,903.202087,0.0,0.007687
774,4,0,0,312.7737,59.0,20.6,,69.456881601684,4.836730957,0.0,-0.044675873,-0.192959547,2.017959547,11041.61853,670.634216,865.007202,0.008769,0.007814
775,4,0,0,314.248,59.0,20.6,,69.4246452179186,4.968566895,0.0,0.005368774,-0.33383441,2.15883441,11056.9219,684.958313,895.960083,0.008521,0.007507
776,4,0,0,314.9904,59.0,20.6,,68.9317805620742,0.0,63.43688965,0.047552002,-0.450489759,2.275489759,11070.20844,674.928772,888.295471,0.008738,0.007494
777,4,0,0,315.5868,60.0,20.6,,68.1734995622666,0.0,77.35290527,0.03451355,-0.374074221,2.199074221,11084.64991,476.941315,933.231384,0.008372,0.007454
778,4,0,0,316.1855,60.0,20.7,,67.5229215015368,0.0,263.3880615,-0.141313812,-0.109614611,1.934614611,11097.73634,671.813416,884.534973,0.008541,0.007451
779,4,0,0,315.7363,60.0,20.7,,66.7734368001144,0.0,223.5443115,0.143422974,-0.275451899,2.100451899,11112.57606,673.099915,894.679077,0.008627,0.007221
780,4,0,0,315.1393,60.0,20.7,,66.1333885705376,0.0,100.2044678,-0.105266327,-0.144897699,1.969897699,11125.45925,675.133728,902.969299,0.008591,0.006936
781,4,0,0,315.8859,60.0,20.7,,65.4990074225566,0.0,123.0560303,-0.017832001,-0.093357325,1.918357325,11138.2504,684.334412,902.651978,0.008313,0.007051
782,4,0,0,316.6361,60.0,20.7,,65.4990074225566,0.0,123.0560303,-0.017832001,-0.093357325,1.918357325,11138.2504,,,,
