Time,Drive,Stimulus,Failure,Palm.EDA,Heart.Rate,Breathing.Rate,Perinasal.Perspiration,Speed,Acceleration,Brake,Steering,LaneOffset,Lane.Position,Distance,Gaze.X.Pos,Gaze.Y.Pos,Lft.Pupil.Diameter,Rt.Pupil.Diameter
1,4,0,0,813.5529,92.0,18.3,0.008372661,-0.0178077092015,0.0,263.6810303,0.072861938,-0.099996328,1.924996328,8.06113e-06,552.458923,955.676025,0.0,0.0
2,4,0,0,815.9735,95.0,18.3,0.008307665,-0.01780771885754,0.0,154.8431396,0.063658325,-0.099996328,1.924996328,1.51147e-05,1239.095459,947.957825,0.0,0.0
3,4,0,0,817.7984,95.0,18.3,0.008191206,-0.0178076770147,12.31567383,0.0,0.099705811,-0.099995852,1.924995852,2.31753e-05,837.096497,743.430115,0.0,0.0
4,4,0,0,819.6316,95.0,18.6,0.008071437,0.01738693277444,0.0,262.0697021,0.072861938,-0.099996328,1.924996328,3.0565e-05,0.0,0.0,0.0,0.0
5,4,0,0,820.5512,91.0,18.6,0.007939165,0.77077951887986,0.0,2.792358398,0.095104004,-0.099618673,1.924618673,3.82901e-05,806.013794,804.988586,0.0,0.0
6,4,0,0,820.8582,88.0,18.8,0.007849633,7.19776016906356,12.84301758,0.0,0.092803101,-0.095700026,1.920700026,0.019404946,816.417603,695.918091,0.0,0.0
7,4,0,0,821.1654,86.0,18.8,0.007803233,14.4080019140679,22.69500732,0.0,0.103540649,-0.072959661,1.897959661,0.162596259,765.311523,695.995789,0.0,0.0
8,4,0,0,822.7051,85.0,19.0,0.007824779,21.1077963940214,9.676208496,0.0,-0.017832001,0.004922628,1.820077372,0.809377614,735.661804,590.07843,0.0,0.0
9,4,0,0,823.3226,85.0,19.0,0.00791543,26.8055328751688,20.36590576,0.0,-0.036239227,0.117981195,1.707018805,2.808340233,743.843689,605.814392,0.0,0.0
10,4,0,0,825.491,84.0,19.2,0.008032401,30.731312904,13.80981445,0.0,-0.072286713,0.192379713,1.632620287,5.692684457,734.279297,577.685303,0.0,0.0
11,4,0,0,827.671,85.0,19.2,0.008179273,34.0286635104118,13.67797852,0.0,-0.024734711,0.20052743,1.62447257,10.23473943,730.39447,590.657288,0.0,0.0
12,4,0,0,828.9218,85.0,19.1,0.008299546,36.6754955373002,13.89770508,0.0,-0.032404388,0.155682325,1.669317675,15.13939758,747.789795,625.488586,0.0,0.0
13,4,0,0,830.4907,85.0,19.1,0.008414165,39.5750392792964,12.79907227,0.0,0.14802478,0.055323362,1.769676638,21.44720586,766.122498,624.358521,0.0,0.0
14,4,0,0,831.1199,85.0,19.3,0.008490922,41.4777373062076,11.25823975,0.0,-0.033938324,0.062686682,1.762313318,27.51942345,729.75061,544.333618,0.0,0.0
15,4,0,0,833.0133,84.0,19.3,0.008552865,43.4424583472082,11.21429443,0.0,0.003834839,0.059435129,1.765564871,34.97016592,791.37207,676.868896,0.0,0.0
16,4,0,0,833.0133,84.0,19.5,0.008584857,45.2814994615016,14.24926758,0.0,-0.02856955,0.08954215,1.73545785,41.91175973,1203.949341,744.063477,0.0,0.0
17,4,0,0,835.5513,83.0,19.5,0.008598909,47.649873906017,14.60357666,0.0,0.016106323,0.067285776,1.757714224,50.31466807,1184.029541,766.774475,0.0,0.0
18,4,0,0,836.8261,83.0,19.9,0.008599594,49.559131152153,14.60357666,0.0,0.005368774,0.067084074,1.757915926,58.0421599,778.960571,753.39093,0.0,0.0
19,4,0,0,838.1048,83.0,19.9,0.008591702,51.7829553376978,18.29772949,0.0,-0.007094452,0.069720984,1.755279016,67.21647593,747.13147,649.104614,0.0,0.0
20,4,0,0,839.0664,84.0,20.0,0.008571491,53.9489843258002,16.66900635,0.0,0.023776001,0.037760973,1.787239027,75.51502038,810.226929,618.506714,0.0,0.0
21,4,0,0,839.7087,84.0,20.0,0.008525606,56.1091558634782,15.65826416,0.0,0.014572388,0.006852388,1.818147612,85.71714582,776.178284,649.752502,0.0,0.0
22,4,0,0,838.4251,84.0,20.1,0.00846577,57.8199942979606,15.65826416,0.0,0.003067871,0.006293058,1.818706942,94.17272738,783.718811,757.52063,0.0,0.0
23,4,0,0,836.507,84.0,20.1,0.008387237,59.612317157191,13.89770508,0.0,-0.010162323,0.033139944,1.791860056,105.1261954,753.816772,649.403687,0.0,0.0
24,4,0,0,836.1882,84.0,19.9,0.008328037,60.8959658964332,12.9309082,0.0,-0.013997162,0.003690004,1.821309996,114.6378916,785.710999,707.109619,0.0,0.0
25,4,0,0,835.8696,84.0,19.9,0.008287445,62.4682880347806,14.99908447,0.0,0.03451355,-0.064199686,1.889199686,125.841166,756.756592,664.148804,0.0,0.0
26,4,0,0,836.1882,84.0,19.7,0.008278901,63.7490622513818,13.10668945,0.0,0.00690271,-0.070133924,1.895133924,135.9667646,784.740906,726.158997,0.0,0.0
27,4,0,0,835.5513,84.0,19.7,0.008297455,65.1057412787642,14.02954102,0.0,-0.017832001,0.034494638,1.790505362,147.9228795,797.325073,638.897095,0.0,0.0
28,4,0,0,835.5513,85.0,19.8,0.008326665,66.3017732836554,13.50219727,0.0,-0.000959,0.06683898,1.75816102,158.6895944,781.916199,638.023315,0.0,0.0
29,4,0,0,824.5603,85.0,19.8,0.008352759,67.367231584207,11.25823975,0.0,0.005368774,0.043787241,1.781212759,171.3079158,1259.515747,841.713379,0.0,0.0
30,4,0,0,791.2537,85.0,19.7,0.00836313,68.2140337191654,11.78833008,0.0,-0.020132904,-0.024296999,1.849296999,182.6143384,777.929688,656.685486,0.0,0.0
31,4,0,0,746.3044,85.0,19.7,0.00837214,69.084084669445,11.47796631,0.0,0.047552002,-0.164312601,1.989312601,195.8148322,815.942078,619.965393,0.0,0.0
32,4,0,0,711.4546,85.0,19.8,0.00839011,69.8480966094596,11.52191162,0.0,0.036047485,-0.188057184,2.013057184,208.1393229,1283.280884,809.035095,0.0,0.0
33,4,0,0,692.3702,85.0,19.8,0.008428578,70.697695938272,11.30218506,0.0,-0.012463226,-0.087163687,1.912163687,221.8113031,816.2005,627.407471,0.0,0.0
34,4,0,0,675.9449,85.0,19.9,0.008470293,71.4282942301244,12.09594727,0.0,0.003067871,0.001096964,1.823903036,233.9985727,793.105286,646.481323,0.0,0.0
35,4,0,0,674.4453,86.0,19.9,0.008512659,72.3244616464844,11.17034912,0.0,-0.016298065,0.09661746,1.72838254,248.1482917,1184.865356,747.50769,0.0,0.0
36,4,0,0,674.4453,86.0,19.7,0.008542766,72.6514387699022,12.05200195,0.0,-0.017832001,0.137522936,1.687477064,260.7149635,814.170593,593.768921,0.0,0.0
37,4,0,0,675.8127,86.0,19.7,0.008578253,73.3334909826932,11.17034912,0.0,0.00690271,0.06844306,1.75655694,275.2954647,766.827698,613.404297,0.0,0.0
38,4,0,0,684.8377,85.0,19.5,0.008619721,73.8541661280888,9.764099121,0.0,0.019941162,0.009521246,1.815478754,288.2315189,1202.862915,759.19812,0.0,0.0
39,4,0,0,692.6647,85.0,19.5,0.00868922,74.3019501127872,9.368591309,0.0,0.009203613,0.00850606,1.81649394,303.1820833,1218.570923,776.899719,0.0,0.0
40,4,0,0,701.4098,85.0,19.4,0.008775917,74.6779251535648,9.236755371,0.0,-0.034705292,0.0004,1.824600172,316.3919093,1172.968506,775.866699,0.0,0.0
41,4,0,0,690.6266,85.0,19.4,0.008896184,74.8205655604772,5.58380127,0.0,0.018407227,-0.089511156,1.914511156,332.2711227,770.454407,627.243896,0.0,0.0
42,4,0,0,688.2435,84.0,19.3,0.009000555,74.781203872142,5.715637207,0.0,0.005368774,-0.165151834,1.990151834,345.0882326,814.952881,716.839722,0.0,0.0
43,4,0,0,691.9335,84.0,19.3,0.009103105,74.7490168951146,5.75958252,0.0,0.016106323,-0.247246981,2.072246981,361.2487156,791.102722,672.478577,0.0,0.0
44,4,0,0,696.9893,84.0,19.4,0.009170612,74.726932903992,5.75958252,0.0,0.026843872,-0.262285471,2.087285471,374.9412677,1304.884155,847.655396,0.0,0.0
45,4,0,0,701.6705,84.0,19.4,0.009206941,74.6974295336014,5.671691895,0.0,-0.001725677,-0.132809401,1.957809401,390.726545,1201.912354,775.485718,0.0,0.0
46,4,0,0,706.6425,84.0,19.3,0.009187291,74.664104109458,5.627746582,0.0,0.0,0.013517618,1.811482382,404.6512698,776.867126,664.545288,0.0,0.0
47,4,0,0,711.6854,84.0,19.3,0.009094625,74.62464840348,5.58380127,0.0,-0.010162323,0.166195154,1.658804846,420.7081461,833.798828,669.458618,0.0,0.0
48,4,0,0,716.8009,85.0,19.2,0.008963642,74.5836718068284,5.58380127,0.0,-0.003259613,0.279564142,1.545435858,434.8175675,777.41449,658.818726,0.0,0.0
49,4,0,0,721.0413,85.0,19.2,0.008799382,74.5352103629576,5.23223877,0.0,-0.032404388,0.378223658,1.446776342,451.0324631,796.884521,674.094299,0.0,0.0
50,4,0,0,724.6134,85.0,19.4,0.008679342,74.4121288766144,3.869934082,0.0,-0.037773163,0.378648996,1.446351004,465.3129496,1199.43457,760.979126,0.0,0.0
51,4,0,0,727.0146,85.0,19.4,0.008582951,74.1414956800138,3.82598877,0.0,0.043717163,0.247502565,1.577497435,481.7216502,778.613525,664.945496,0.0,0.0
52,4,0,0,731.3771,85.0,19.2,0.008518,73.8946741171192,3.738098145,0.0,0.017640259,0.187974691,1.637025309,496.8309124,1265.550903,801.225586,0.0,0.0
53,4,0,0,735.299,84.0,19.2,0.008441854,73.6457907321902,4.397277832,0.0,0.013038452,0.228519201,1.596480799,513.3827596,804.179993,665.21991,0.0,0.0
54,4,0,0,738.7653,84.0,19.1,0.008365215,73.3139311448002,2.856445313,0.0,-0.017832001,0.287901163,1.537098837,527.9204109,1209.164429,785.629272,0.0,0.0
55,4,0,0,741.7626,84.0,19.1,0.008262239,72.8491939863002,2.416992188,0.0,-0.016298065,0.28760314,1.53739686,544.5472248,798.87207,654.821594,0.0,0.0
56,4,0,0,744.7843,84.0,19.3,0.008156514,72.5480174155208,3.562316895,0.0,0.026843872,0.22822547,1.59677453,559.0887963,817.718384,669.498474,0.0,0.0
57,4,0,0,747.5759,84.0,19.3,0.008024712,72.2313639346152,2.768554688,0.0,0.001533936,0.215200186,1.609799814,575.7027428,1255.254272,817.0625,0.0,0.0
58,4,0,0,751.9316,84.0,19.2,0.007915335,71.9501724054502,3.913879395,0.0,0.00690271,0.227514029,1.597485971,590.9277328,778.446594,665.434204,0.0,0.0
59,4,0,0,754.5176,84.0,19.2,0.007815966,71.7322369184024,3.913879395,0.0,0.013038452,0.233159781,1.591840219,606.8409552,946.408813,720.757507,0.0,0.0
60,4,0,0,758.43,84.0,19.4,0.007758282,71.535646445736,3.738098145,0.0,-0.001725677,0.254660368,1.570339632,622.0578882,739.596497,691.001282,0.0,0.0
61,4,0,0,761.061,85.0,19.4,0.007721742,71.3266479616696,3.957824707,0.0,-0.007094452,0.284024477,1.540975523,638.6524912,795.848083,598.569885,0.0,0.0
62,4,0,0,763.4444,85.0,19.2,0.007704841,71.159588990657,3.957824707,0.0,0.001533936,0.296640158,1.528359842,653.167621,817.161926,614.523926,0.0,0.0
63,4,0,0,766.378,85.0,19.2,0.007691154,70.9724373614642,3.957824707,0.0,-0.004793549,0.275095224,1.549904776,669.7499497,1227.650757,824.437683,0.0,0.0
64,4,0,0,769.0644,86.0,19.1,0.007681623,70.8146866037974,3.957824707,0.0,0.00690271,0.251065969,1.573934031,684.2532593,1192.895752,802.559875,0.0,0.0
65,4,0,0,770.1443,86.0,19.1,0.007675571,70.634936506292,3.957824707,0.0,-0.007094452,0.244174719,1.580825281,700.8214067,788.60321,686.320496,0.0,0.0
66,4,0,0,770.4147,87.0,19.3,0.007677982,70.4823315006214,4.089660645,0.0,-0.008628387,0.24983573,1.57516427,715.30968,1281.776733,835.732971,0.0,0.0
67,4,0,0,769.874,87.0,19.3,0.007697728,70.3114603572036,3.913879395,0.0,-0.004793549,0.249951124,1.575048876,732.5296426,758.557922,671.837891,0.0,0.0
68,4,0,0,771.4984,87.0,19.2,0.007731872,70.1653384811626,3.869934082,0.0,-0.012463226,0.232744455,1.592255545,746.2706701,1310.636353,824.462585,0.0,0.0
69,4,0,0,773.1296,86.0,19.2,0.007779252,70.0045262599204,3.957824707,0.0,0.008436646,0.169320822,1.655679178,763.4027004,763.783203,696.546509,0.0,0.0
70,4,0,0,775.0414,86.0,19.1,0.007817901,69.8690131853462,4.045715332,0.0,-0.008628387,0.099443197,1.725556803,777.0715273,800.355286,722.860474,0.0,0.0
71,4,0,0,778.0649,86.0,19.1,0.007855316,69.8679400130606,5.58380127,0.0,0.003067871,0.013780355,1.811219645,794.1198862,804.6745,691.121399,0.0,0.0
72,4,0,0,781.1121,86.0,19.3,0.007881107,69.9018953006932,5.58380127,0.0,0.001533936,-0.052842379,1.877842379,808.3976017,921.277283,744.168579,0.0,0.0
73,4,0,0,783.0636,86.0,19.3,0.007897643,69.941652951042,5.850219727,0.0,0.017640259,-0.081341982,1.906341982,824.6356887,766.007507,684.941284,0.0,0.0
74,4,0,0,785.025,86.0,19.1,0.007893593,70.084476726154,7.212524414,0.0,0.005368774,-0.086907148,1.911907148,838.7813507,1319.048828,871.067627,0.0,0.0
75,4,0,0,788.9773,86.0,19.1,0.007866688,70.2761588888478,7.080688477,0.0,-0.010929291,-0.070362806,1.895362806,854.8975063,814.436584,665.49231,0.0,0.0
76,4,0,0,790.3985,85.0,19.0,0.007833621,70.4311199843718,6.685180664,0.0,-0.010162323,-0.059926271,1.884926271,868.9553535,775.385925,711.016113,0.0,0.0
77,4,0,0,795.2691,85.0,19.0,0.007800492,70.5718782359674,6.201782227,0.0,-0.015531097,-0.066259623,1.891259623,884.9680772,778.388977,685.015991,0.0,0.0
78,4,0,0,796.4239,85.0,19.2,0.007784318,70.630045400164,5.627746582,0.0,-0.005560516,-0.087954283,1.912954283,899.6081135,785.875183,676.577209,0.0,0.0
79,4,0,0,797.582,85.0,19.2,0.007781642,70.6650758878506,5.715637207,0.0,0.00690271,-0.119371653,1.944371653,914.8796304,771.425781,628.4151,0.0,0.0
80,4,0,0,798.1623,85.0,19.1,0.00778724,70.7052496008696,5.806274414,0.0,0.014572388,-0.149946451,1.974946451,929.4540066,1323.512939,847.173889,0.0,0.0
81,4,0,0,797.872,85.0,19.1,0.007790539,70.7581827246776,5.850219727,0.0,0.014572388,-0.151023149,1.976023149,945.3176091,800.673523,662.396423,0.0,0.0
82,4,0,0,799.0344,85.0,19.3,0.007786448,70.8085608120214,5.894165039,0.0,-0.015531097,-0.112558603,1.937558603,959.1702779,775.409302,678.087708,0.0,0.0
83,4,0,0,800.4921,85.0,19.3,0.007783961,70.8677479276298,5.894165039,0.0,-0.008628387,-0.07436347,1.89936347,974.9702814,774.470703,678.214294,0.0,0.0
84,4,0,0,802.2483,85.0,19.5,0.007797515,70.918271837271,5.938110352,0.0,0.018407227,-0.0422647,1.8672647,988.7680785,1164.554199,763.680786,0.0,0.0
85,4,0,0,804.0123,85.0,19.5,0.007841029,70.9521759478916,5.23223877,0.0,0.00690271,0.024401903,1.800598097,1004.506364,1276.039795,856.456787,0.0,0.0
86,4,0,0,806.0802,84.0,19.3,0.007899556,70.6104424480524,0.0,13.19274902,-0.008628387,0.075722933,1.749277067,1018.251044,0.0,0.0,0.0,0.0
87,4,0,0,807.2666,84.0,19.3,0.007977067,70.2239504347484,8.091430664,0.0,-0.012463226,0.125519991,1.699480009,1034.582051,795.089111,723.278503,0.0,0.0
88,4,0,0,809.6499,83.0,19.5,0.008047805,70.3397291546,0.0,0.0,-0.005560516,0.149796247,1.675203753,1047.622345,722.990112,719.965698,0.0,0.0
89,4,0,0,811.4466,82.0,19.5,0.008134377,70.1981985324582,0.0,0.0,-0.057714325,0.134752512,1.690247488,1063.892319,780.971802,664.481995,0.0,0.0
90,4,0,0,813.2513,82.0,19.6,0.008217781,69.6990144651424,0.0,65.19470215,0.029144775,0.042333841,1.782666159,1076.884008,972.387329,703.210815,0.0,0.0
91,4,0,0,814.1567,82.0,19.6,0.008312603,69.6238007693308,14.51568604,0.0,-0.043141937,-0.054740667,1.879740667,1093.094116,778.979492,787.998413,0.0,0.0
92,4,0,0,815.9735,83.0,19.8,0.008382964,70.5848865794676,16.93267822,0.0,0.023009033,-0.118707418,1.943707418,1106.686075,729.522583,911.09729,0.0,0.0
93,4,0,0,816.2771,83.0,19.8,0.008438385,71.609179443412,18.91296387,0.0,0.010737549,-0.15351367,1.97851367,1120.267012,775.195618,750.738586,0.0,0.0
94,4,0,0,816.8849,83.0,19.9,0.008493293,72.5105867420648,15.26275635,0.0,-0.013997162,-0.105289221,1.930289221,1135.79521,818.763184,760.515076,0.0,0.0
95,4,0,0,818.1034,83.0,19.9,0.008546554,73.1401182405162,11.34613037,0.0,0.008436646,-0.06492734,1.88992734,1150.03625,969.331726,700.374512,0.0,0.0
96,4,0,0,820.2444,83.0,20.0,0.008625969,73.5600932967232,9.368591309,0.0,0.019941162,-0.029597998,1.854597998,1164.933845,759.020996,676.432983,0.0,0.0
97,4,0,0,820.5512,83.0,20.0,0.008713592,73.9295114196322,10.027771,0.0,0.005368774,0.03694129,1.78805871,1179.212429,1207.015381,769.379211,0.0,0.0
98,4,0,0,821.1654,83.0,19.8,0.008824131,74.0906388462068,3.82598877,0.0,-0.046976776,0.157469988,1.667530012,1194.8252,1247.848755,801.624084,0.0,0.0
99,4,0,0,822.0885,84.0,19.8,0.00891852,73.6414205855136,0.0,0.0,-0.044675873,0.187338114,1.637661886,1208.515533,1170.684326,666.657471,0.0,0.0
100,4,0,0,823.0137,83.0,19.9,0.009006952,73.0819847115256,0.0,0.0,0.003067871,0.115736723,1.709263277,1224.189865,768.366089,695.098083,0.0,0.0
101,4,0,0,823.3226,85.0,19.9,0.009053154,72.9903446110812,11.25823975,0.0,0.037581421,-0.022687197,1.847687197,1237.91981,862.891907,770.871704,0.0,0.0
102,4,0,0,823.941,85.0,20.0,0.009072228,73.5922315751222,12.53540039,0.0,0.018407227,-0.076812029,1.901812029,1253.618774,768.670898,687.91333,0.0,0.0
103,4,0,0,823.3226,84.0,20.0,0.009079226,74.0480943983404,7.915649414,0.0,-0.032404388,0.000653,1.824346972,1267.362341,778.978088,706.243286,0.0,0.0
104,4,0,0,824.5603,86.0,20.1,0.00909148,74.260954220149,5.850219727,0.0,-0.037773163,0.072332621,1.752667379,1283.734057,823.370117,741.245178,0.0,0.0
105,4,0,0,826.1127,86.0,20.1,0.009089514,74.250848289152,5.58380127,0.0,-0.001725677,0.034960508,1.790039492,1296.840422,1193.194946,834.624207,0.0,0.0
106,4,0,0,827.9833,82.0,20.2,0.009036991,74.2166756601524,6.069946289,0.0,0.052920776,-0.043654203,1.868654203,1313.235281,793.598206,754.643127,0.0,0.0
107,4,0,0,828.9218,82.0,20.2,0.008938432,74.2319704573642,6.026000977,0.0,-0.012463226,-0.045795202,1.870795202,1326.360812,1022.66803,696.971924,0.0,0.0
108,4,0,0,829.2351,82.0,20.3,0.008790643,74.2400403801404,5.894165039,0.0,0.005368774,-0.000846,1.825846148,1342.779482,981.544006,705.083313,0.0,0.0
109,4,0,0,828.2959,81.0,20.3,0.008657045,74.2348097354592,5.715637207,0.0,-0.003259613,0.065295935,1.759704065,1356.567413,876.77417,691.640808,0.0,0.0
110,4,0,0,825.8017,83.0,20.3,0.008512544,74.230725262726,5.671691895,0.0,-0.037773163,0.135840654,1.689159346,1372.226062,849.55072,697.968811,0.0,0.0
111,4,0,0,823.941,84.0,20.3,0.008388915,74.211554724179,5.58380127,0.0,-0.033938324,0.152628183,1.672371817,1385.892518,815.364929,690.773682,0.0,0.0
112,4,0,0,824.8703,85.0,20.1,0.008240252,74.1838223198046,5.58380127,0.0,0.013038452,0.104687452,1.720312548,1401.513701,800.241699,683.820374,0.0,0.0
113,4,0,0,826.7353,85.0,20.1,0.008098574,74.1669635016072,6.201782227,0.0,-0.036239227,0.049381495,1.775618505,1415.13108,807.890015,717.96283,0.0,0.0
114,4,0,0,828.6087,85.0,20.2,0.007934351,74.1933407129544,6.026000977,0.0,0.010737549,-0.028332472,1.853332472,1430.578135,803.668274,770.702515,0.0,0.0
115,4,0,0,829.2351,86.0,20.2,0.007810331,74.1767113222674,5.58380127,0.0,0.003834839,-0.07892108,1.90392108,1444.78278,875.098999,695.868103,0.0,0.0
116,4,0,0,831.7501,85.0,20.3,0.007710797,74.0723159792246,5.23223877,0.0,0.025309937,-0.142712831,1.967712831,1458.803834,814.779114,709.707275,0.0,0.0
117,4,0,0,832.3812,85.0,20.3,0.007664115,73.9936550127594,5.320129395,0.0,0.023009033,-0.169508219,1.994508219,1473.474304,778.608826,673.290894,0.0,0.0
118,4,0,0,832.6972,87.0,20.3,0.007644996,73.859773277863,4.089660645,0.0,0.025309937,-0.142807245,1.967807245,1489.654312,1039.80896,696.314087,0.0,0.0
119,4,0,0,835.2332,86.0,20.3,0.007638693,73.6263663202582,0.0,0.0,-0.007094452,-0.08991456,1.91491456,1503.916041,1136.630493,648.710693,0.0,0.0
120,4,0,0,836.1882,85.0,20.4,0.007626207,73.031302587669,0.0,50.10681152,-0.013997162,-0.030593634,1.855593634,1520.298939,785.068787,689.903198,0.0,0.0
121,4,0,0,838.1048,84.0,20.4,0.007606422,72.49471829561,0.0,42.0501709,-0.004793549,-0.003185987,1.828185987,1534.697676,795.852112,703.68573,0.0,0.0
122,4,0,0,838.4251,84.0,20.5,0.007573008,71.9271429592644,0.0,8.505249023,0.005368774,0.030497313,1.794502687,1551.10657,749.105408,686.469788,0.0,0.0
123,4,0,0,839.7087,83.0,20.5,0.007539098,71.412038431625,0.0,0.0,-0.017832001,0.100720167,1.724279833,1565.354109,807.754883,722.37561,0.0,0.0
124,4,0,0,841.6415,83.0,20.2,0.007505469,71.159385409147,8.179321289,0.0,-0.025501678,0.171037436,1.653962564,1582.255083,800.584106,699.311523,0.0,0.0
125,4,0,0,842.2877,84.0,20.2,0.007483938,71.3254251529508,6.817016602,0.0,0.023009033,0.132637739,1.692362261,1595.853103,782.9953,715.68042,0.0,0.0
126,4,0,0,843.2589,85.0,20.3,0.007464338,71.3877119861464,5.58380127,0.0,-0.004793549,0.037021875,1.787978125,1612.972721,788.68689,697.296997,0.0,0.0
127,4,0,0,844.2324,85.0,20.3,0.007447771,71.39898225854,5.539855957,0.0,0.019941162,-0.043707609,1.868707609,1626.715808,807.443604,641.347412,0.0,0.0
128,4,0,0,844.8826,83.0,20.4,0.007434893,71.3003052706654,0.615234375,0.0,0.003834839,-0.096957445,1.921957445,1643.903309,846.081299,662.413391,0.0,0.0
129,4,0,0,845.8598,84.0,20.4,0.007438393,70.7971072197084,0.0,0.0,-0.003259613,-0.085107088,1.910107088,1658.333338,754.471375,662.831482,0.0,0.0
130,4,0,0,846.5125,84.0,20.1,0.007457166,70.2281102085002,0.0,0.0,0.003834839,-0.052096605,1.877096605,1674.827908,798.417297,610.311707,0.0,0.0
131,4,0,0,848.1488,84.0,20.1,0.00747079,69.7314648750344,0.0,0.0,0.014572388,-0.040726423,1.865726423,1689.262775,771.871582,695.414429,0.0,0.0
132,4,0,0,849.7914,84.0,20.2,0.007468074,69.1696428487218,0.0,0.0,0.009203613,-0.006231546,1.831231546,1705.758813,766.61853,649.044617,0.0,0.0
133,4,0,0,849.7914,84.0,20.2,0.007449313,68.775571696968,3.386535645,0.0,0.014572388,0.076848745,1.748151255,1720.19194,772.47168,650.708191,0.0,0.0
134,4,0,0,850.4502,84.0,20.3,0.007422686,68.6822323748846,3.254699707,0.0,-0.013997162,0.199496508,1.625503492,1735.309583,785.39209,676.774719,0.0,0.0
135,4,0,0,850.1207,85.0,20.3,0.007398147,68.294953008079,3.342590332,0.0,-0.030870453,0.29056716,1.53443284,1749.04829,839.372986,673.780518,0.0,0.0
136,4,0,0,850.78,84.0,20.1,0.007382557,68.0025071067996,0.659179688,0.0,-0.056180389,0.327614069,1.497385931,1766.216725,744.635315,665.711975,0.0,0.0
137,4,0,0,848.4768,85.0,20.1,0.007384008,67.6513854576968,2.592773438,0.0,0.014572388,0.251292944,1.573707056,1780.641106,808.053223,722.966919,0.0,0.0
138,4,0,0,847.1663,84.0,20.2,0.00740545,67.6744543327126,5.451965332,0.0,-0.020132904,0.137448549,1.687551451,1797.125612,747.602478,702.621399,0.0,0.0
139,4,0,0,845.8598,84.0,20.2,0.007438987,67.7770643544264,5.850219727,0.0,-0.000959,0.061471701,1.763528299,1811.53465,756.935913,656.814087,0.0,0.0
140,4,0,0,839.7087,84.0,20.2,0.007482754,67.8839668077882,6.377563477,0.0,-0.001725677,0.001636744,1.823363256,1827.983186,734.496704,737.065613,0.0,0.0
141,4,0,0,834.5977,85.0,20.2,0.007514987,68.1003606758632,6.817016602,0.0,0.02761084,-0.022482157,1.847482157,1842.355697,750.609314,688.685181,0.0,0.0
142,4,0,0,833.3297,84.0,20.0,0.007536741,68.2862584843554,7.212524414,0.0,0.001533936,-0.025897741,1.850897741,1858.735367,736.616089,689.965271,0.0,0.0
143,4,0,0,832.0655,86.0,20.0,0.007538845,68.5306086320922,9.192810059,0.0,0.019941162,-0.016744375,1.841744375,1873.646265,741.911682,679.264099,0.0,0.0
144,4,0,0,825.491,85.0,20.1,0.007518025,68.9308568009142,9.017028809,0.0,-0.019365936,0.002629995,1.822370005,1889.114866,754.459229,709.585388,0.0,0.0
145,4,0,0,820.8582,85.0,20.1,0.007479885,69.2675469832482,9.192810059,0.0,0.013038452,0.020947695,1.804052305,1903.796942,756.639282,700.870117,0.0,0.0
146,4,0,0,812.0473,85.0,19.9,0.007423924,69.622283129524,8.929138184,0.0,-0.034705292,0.086819887,1.738180113,1919.688732,754.343079,738.184998,0.0,0.0
147,4,0,0,806.6729,85.0,19.9,0.007378552,69.9563186572478,9.324645996,0.0,-0.057714325,0.092671633,1.732328367,1933.522543,758.413025,678.96051,0.0,0.0
148,4,0,0,802.2483,86.0,19.7,0.007346875,70.350061358801,9.280700684,0.0,0.036047485,0.006500959,1.818499041,1949.365673,768.06488,671.769714,0.0,0.0
149,4,0,0,805.1927,87.0,19.7,0.007339683,70.6692991983456,8.973083496,0.0,0.003067871,-0.016993761,1.841993761,1963.244864,776.473022,669.072876,0.0,0.0
150,4,0,0,809.6499,88.0,19.8,0.007342502,71.0211849942672,8.973083496,0.0,0.005368774,-0.013695478,1.838695478,1979.10996,748.335327,676.133423,0.0,0.0
151,4,0,0,809.3512,88.0,19.8,0.007344668,71.3054485603714,9.060974121,0.0,0.025309937,0.026210546,1.798789454,1992.982072,749.347717,712.975098,0.0,0.0
152,4,0,0,811.7468,87.0,19.7,0.007348495,71.6678900817266,9.324645996,0.0,-0.003259613,0.090187788,1.734812212,2006.772871,748.507874,709.123596,0.0,0.0
153,4,0,0,813.8547,88.0,19.7,0.007359328,71.9752019876682,9.060974121,0.0,-0.017832001,0.12492013,1.70007987,2019.164973,735.927795,687.583191,0.0,0.0
154,4,0,0,802.8355,88.0,19.5,0.007386142,72.289536457914,9.060974121,0.0,0.023776001,0.15038085,1.67461915,2032.122425,749.60083,663.378418,0.0,0.0
155,4,0,0,773.9478,87.0,19.5,0.007426502,72.5641398158276,7.915649414,0.0,0.003067871,0.167573214,1.657426786,2046.273364,735.976501,671.945129,0.0,0.0
156,4,0,0,748.8517,87.0,19.6,0.007475539,72.2379045820564,0.0,0.0,0.00690271,0.188794851,1.636205149,2060.957026,779.102417,654.302429,0.0,0.0
157,4,0,0,728.463,86.0,19.6,0.007507263,71.7261357173416,0.0,0.0,-0.020132904,0.200146437,1.624853563,2074.953844,787.52002,677.925476,0.0,0.0
158,4,0,0,709.8433,86.0,19.5,0.007519814,71.130762090242,0.0,0.0,-0.017832001,0.218597174,1.606402826,2090.176629,765.266724,718.681213,0.0,0.0
159,4,0,0,677.8244,85.0,19.5,0.007505199,70.6272981119434,0.0,0.0,-0.001725677,0.192635298,1.632364702,2103.433612,1159.884155,729.201477,0.0,0.0
160,4,0,0,662.3833,85.0,19.3,0.007465668,70.0757673482222,0.0,0.0,-0.02166684,0.159261942,1.665738058,2118.504277,1200.304565,750.396179,0.0,0.0
161,4,0,0,632.8313,85.0,19.3,0.007421056,69.5797857226658,0.0,0.0,0.043717163,0.085335493,1.739664507,2132.27331,772.061829,744.09967,0.0,0.0
162,4,0,0,608.0136,85.0,19.5,0.007359131,69.8723497977814,12.44750977,0.0,0.021475098,0.008967638,1.816032362,2146.692498,1248.540527,839.029297,0.0,0.0
163,4,0,0,602.5185,85.0,19.5,0.007290291,70.4458529127094,11.92016602,0.0,0.005368774,0.005439043,1.819560957,2160.507572,752.491272,704.809387,0.0,0.0
164,4,0,0,600.3482,86.0,19.4,0.007200043,71.159495085668,14.16137695,0.0,0.042183228,0.040694952,1.784305048,2175.614683,803.669312,709.380676,0.0,0.0
165,4,0,0,603.0636,86.0,19.4,0.00713359,71.998371929236,11.39007568,0.0,-0.013997162,0.142535448,1.682464552,2186.97685,1303.379761,848.962097,0.0,0.0
166,4,0,0,610.7989,87.0,19.5,0.007053204,72.2296210676754,8.618774414,0.0,-0.001725677,0.242426157,1.582573843,2202.166235,798.528198,702.638489,0.0,0.0
167,4,0,0,623.3637,87.0,19.5,0.006987844,72.4191178271162,7.739868164,0.0,0.003834839,0.26842618,1.55657382,2215.519668,771.557678,725.723206,0.0,0.0
168,4,0,0,632.8313,85.0,19.7,0.006918967,72.6534756310732,8.135375977,0.0,-0.003259613,0.261513472,1.563486528,2230.860416,762.598694,728.107178,0.0,0.0
169,4,0,0,634.6386,86.0,19.7,0.006868775,72.8407571822842,7.915649414,0.0,-0.000959,0.213169813,1.611830187,2244.350278,875.259094,685.759094,0.0,0.0
170,4,0,0,645.0781,86.0,19.5,0.006820019,73.0561556735692,7.915649414,0.0,-0.004793549,0.195173502,1.629826498,2259.841856,1319.639648,803.076599,0.0,0.0
171,4,0,0,654.5788,87.0,19.5,0.00677835,73.242574489793,8.135375977,0.0,-0.007094452,0.195213556,1.629786444,2273.466852,781.290894,704.434509,0.0,0.0
172,4,0,0,663.042,87.0,19.6,0.00673664,73.4316815314594,6.069946289,0.0,0.042183228,0.194361925,1.630638075,2289.771682,963.913879,699.417175,0.0,0.0
173,4,0,0,669.7027,88.0,19.6,0.006715595,73.40981235504,5.320129395,0.0,-0.003259613,0.196463823,1.628536177,2301.564094,810.289429,733.371399,0.0,0.0
174,4,0,0,677.8742,89.0,19.8,0.006696535,73.3805548596146,5.58380127,0.0,0.005368774,0.182287455,1.642712545,2317.35455,790.492188,720.460876,0.0,0.0
175,4,0,0,684.1349,89.0,19.8,0.006676996,73.3671181098064,5.58380127,0.0,0.032979614,0.140523195,1.684476805,2331.2337,769.748474,669.172974,0.0,0.0
176,4,0,0,690.5124,88.0,19.6,0.006644682,73.3504238788108,5.58380127,0.0,-0.005560516,0.134956121,1.690043879,2347.170629,879.522583,616.346375,0.0,0.0
177,4,0,0,695.5554,88.0,19.6,0.006612598,73.3374325943146,5.58380127,0.0,0.003067871,0.139953852,1.685046148,2361.179378,793.015503,664.44928,0.0,0.0
178,4,0,0,668.3598,87.0,19.7,0.006585175,73.3258789654272,5.894165039,0.0,0.013038452,0.152145147,1.672854853,2377.25762,777.085205,722.784729,0.0,0.0
179,4,0,0,652.018,87.0,19.7,0.0065789,73.3450213244308,5.806274414,0.0,0.00690271,0.165066004,1.659933996,2391.363905,798.035828,679.288086,0.0,0.0
180,4,0,0,636.4562,87.0,19.6,0.006594623,73.3482571278084,5.715637207,0.0,-0.017832001,0.179973364,1.645026636,2408.05412,827.943787,706.881104,0.0,0.0
181,4,0,0,627.4707,87.0,19.6,0.006627042,73.3492093420996,5.806274414,0.0,0.008436646,0.195753336,1.629246664,2421.303483,791.101685,634.147278,0.0,0.0
182,4,0,0,605.8036,87.0,19.4,0.006685802,73.3552704384076,5.850219727,0.0,-0.003259613,0.212272882,1.612727118,2437.737807,785.473877,612.96991,0.0,0.0
183,4,0,0,589.2058,87.0,19.4,0.006757033,73.3604156915084,5.806274414,0.0,-0.005560516,0.244415522,1.580584478,2450.784179,810.532776,681.516418,0.0,0.0
184,4,0,0,565.7069,87.0,19.6,0.006845994,73.3650255976582,5.715637207,0.0,-0.015531097,0.268522024,1.556477976,2465.032074,1000.928528,716.962402,0.0,0.0
185,4,0,0,553.0362,87.0,19.6,0.006966177,73.3563712108742,5.627746582,0.0,0.012271484,0.28912425,1.53587575,2480.49906,811.789612,671.42749,0.0,0.0
186,4,0,0,535.2746,86.0,19.4,0.007079776,73.3435880301334,5.58380127,0.0,-0.023200775,0.293935537,1.531064463,2494.123602,777.689209,658.297119,0.0,0.0
187,4,0,0,516.209,86.0,19.4,0.007203725,73.3285419081384,5.58380127,0.0,0.00690271,0.278138399,1.546861601,2509.833545,837.0625,703.653992,0.0,0.0
188,4,0,0,513.4261,87.0,19.3,0.007295211,73.316121327793,5.58380127,0.0,0.001533936,0.247611284,1.577388716,2523.729037,859.277222,655.296204,0.0,0.0
189,4,0,0,513.031,86.0,19.3,0.007378537,73.301562996752,5.58380127,0.0,-0.000959,0.230186224,1.594813776,2539.76103,790.65033,627.530212,0.0,0.0
190,4,0,0,509.5022,86.0,19.5,0.007440926,73.2891146231048,5.58380127,0.0,-0.008628387,0.220735788,1.604264212,2553.823466,790.889709,719.926086,0.0,0.0
191,4,0,0,506.406,85.0,19.5,0.007504035,73.2699636702256,0.087890625,0.0,-0.020132904,0.20459342,1.62040658,2570.6121,782.731323,698.742188,0.0,0.0
192,4,0,0,498.0824,85.0,19.3,0.00755041,72.7762649578328,0.0,53.32946777,0.023009033,0.153134584,1.671865416,2584.082462,772.769775,676.982483,0.0,0.0
193,4,0,0,482.9285,85.0,19.3,0.007599494,72.2245677561688,0.0,36.92321777,0.018407227,0.118428469,1.706571531,2600.967168,775.242126,694.08313,0.0,0.0
194,4,0,0,483.9803,84.0,19.2,0.007642479,71.7479196953014,0.0,25.0579834,0.021475098,0.120085478,1.704914522,2615.18987,799.184998,711.401123,0.0,0.0
195,4,0,0,481.5332,85.0,19.2,0.007677177,71.2229779481648,0.0,21.83532715,0.010737549,0.11819768,1.70680232,2629.449807,920.756409,589.315674,0.0,0.0
196,4,0,0,458.3582,85.0,19.4,0.00769304,71.1279663769808,8.442993164,0.0,0.013038452,0.118793249,1.706206751,2643.726422,1298.025879,795.257629,0.0,0.0
197,4,0,0,450.6128,86.0,19.4,0.007681108,71.6853344260962,15.26275635,0.0,0.008436646,0.133661509,1.691338491,2660.036174,786.770081,756.765503,0.0,0.0
198,4,0,0,437.3114,86.0,19.2,0.007646727,72.4795673573008,15.21881104,0.0,0.005368774,0.14867425,1.67632575,2674.30307,902.391296,716.57782,0.0,0.0
199,4,0,0,432.7693,86.0,19.2,0.007593023,73.3248743993058,14.11743164,0.0,0.001533936,0.160174131,1.664825869,2691.283956,1217.405151,799.518494,0.0,0.0
200,4,0,0,430.5334,86.0,19.4,0.007553547,73.7761095331672,11.21429443,0.0,-0.010162323,0.183523417,1.641476583,2702.828751,813.13269,738.827881,0.0,0.0
201,4,0,0,432.4885,86.0,19.4,0.007514761,74.1560481691506,5.671691895,0.0,-0.016298065,0.235306978,1.589693022,2719.803319,773.622314,717.330994,0.0,0.0
202,4,0,0,426.6758,86.0,19.3,0.007502396,74.2580947770238,6.948852539,0.0,-0.032404388,0.235626936,1.589373064,2729.987814,803.881775,732.947021,0.0,0.0
203,4,0,0,413.4452,87.0,19.3,0.007505545,73.8489396194114,0.0,8.505249023,-0.043141937,0.198954821,1.626045179,2746.286119,786.853394,674.12738,0.0,0.0
204,4,0,0,408.8809,87.0,19.1,0.007532538,73.3420816074264,0.0,9.091186523,-0.004793549,0.095561266,1.729438734,2760.547628,770.47821,756.11499,0.0,0.0
205,4,0,0,396.9514,87.0,19.1,0.007585086,72.7507563555638,0.0,262.3626709,-0.023200775,-0.049896479,1.874896479,2776.846951,725.16571,664.699097,0.0,0.0
206,4,0,0,394.1353,88.0,19.3,0.007632518,72.3410920349622,0.0,262.9486084,0.003834839,-0.16057992,1.98557992,2789.072319,736.591125,651.227417,0.0,0.0
207,4,0,0,399.8081,87.0,19.3,0.007697976,71.8102163937512,0.0,61.9720459,0.032212646,-0.31704545,2.14204545,2805.373971,748.714722,622.410095,0.0,0.0
208,4,0,0,401.4936,87.0,19.2,0.007746833,71.3532297362242,0.0,41.31774902,0.049085938,-0.383620977,2.208620977,2820.318007,1195.275757,796.271606,0.0,0.0
209,4,0,0,398.1367,87.0,19.2,0.007774817,70.8095244526266,0.0,23.8861084,0.039882324,-0.321726084,2.146726084,2835.939301,762.031982,683.363098,0.0,0.0
210,4,0,0,401.0105,85.0,19.1,0.007771585,70.4910764610606,5.75958252,0.0,0.061357422,-0.110623121,1.935623121,2850.878419,865.558228,765.905701,0.0,0.0
211,4,0,0,403.1933,84.0,19.1,0.007753043,70.0699114266708,0.0,15.24353027,-0.045442841,0.221174479,1.603825521,2867.172371,781.4646,654.399414,0.0,0.0
212,4,0,0,396.2436,83.0,19.3,0.007737493,69.5875492753862,0.0,19.34509277,-0.096062714,0.428582907,1.396417093,2881.426889,775.960083,629.225525,0.0,0.0
213,4,0,0,398.6128,83.0,19.3,0.007720277,69.0572438716174,0.0,11.72790527,-0.085325165,0.409309149,1.415690851,2897.714613,736.951904,676.252014,0.0,0.0
214,4,0,0,403.6816,82.0,19.4,0.007697011,68.584536199273,0.0,3.231811523,-0.036239227,0.212997198,1.612002802,2911.963644,774.342529,743.791382,0.0,0.0
215,4,0,0,406.6363,83.0,19.4,0.007654692,68.0954979584928,6.465454102,0.0,0.07592981,-0.035155058,1.860155058,2928.201788,772.16449,788.880371,0.0,0.0
216,4,0,0,398.8513,84.0,19.3,0.007606823,68.2981699017116,8.442993164,0.0,0.013038452,-0.137883902,1.962883902,2942.302533,801.040527,684.908325,0.0,0.0
217,4,0,0,410.897,86.0,19.3,0.007547413,68.6533340197736,9.236755371,0.0,0.065192261,-0.153889418,1.978889418,2958.293618,699.09198,714.624817,0.0,0.0
218,4,0,0,424.2321,84.0,19.5,0.007495085,69.0167228630264,11.21429443,0.0,0.032212646,-0.049316168,1.874316168,2972.178122,804.022888,636.281982,0.0,0.0
219,4,0,0,412.9331,84.0,19.5,0.007441726,69.5540864297002,11.21429443,0.0,0.008436646,0.098132372,1.726867628,2986.665014,765.640991,715.928772,0.0,0.0
220,4,0,0,417.8506,86.0,19.6,0.007389956,70.0170403751066,11.21429443,0.0,-0.02166684,0.201613665,1.623386335,2999.906959,764.749512,675.106873,0.0,0.0
221,4,0,0,420.221,84.0,19.6,0.007344922,70.5400863197232,11.17034912,0.0,-0.063083099,0.293492079,1.531507921,3016.659765,568.38623,834.770386,0.0,0.0
222,4,0,0,424.7727,86.0,19.8,0.00732426,70.9874196409414,10.81878662,0.0,-0.072286713,0.314047575,1.510952425,3030.217135,779.172791,621.968018,0.0,0.0
223,4,0,0,429.4241,87.0,19.8,0.007314478,71.4443928604794,9.544372559,0.0,0.018407227,0.196449041,1.628550959,3047.291557,791.549316,614.557495,0.0,0.0
224,4,0,0,441.0727,86.0,19.9,0.007307251,71.7021272935404,8.179321289,0.0,-0.007094452,0.073456526,1.751543474,3061.701988,795.688477,657.276978,0.0,0.0
225,4,0,0,446.9873,86.0,19.9,0.007293723,71.8932777463916,6.421508789,0.0,0.014572388,-0.046948671,1.871948671,3078.190994,1322.127319,921.366577,0.0,0.0
226,4,0,0,453.0627,87.0,20.0,0.007280417,71.9174626504172,5.276184082,0.0,0.021475098,-0.09153676,1.91653676,3092.533686,974.375488,722.183777,0.0,0.0
227,4,0,0,458.0432,86.0,20.0,0.007269058,71.8024486728402,3.606262207,0.0,-0.025501678,-0.10061717,1.92561717,3108.79862,793.881775,682.286804,0.0,0.0
228,4,0,0,463.1345,86.0,20.1,0.007258338,71.4560225950554,0.0,0.0,0.026843872,-0.116594076,1.941594076,3122.920618,814.387329,593.664001,0.0,0.0
229,4,0,0,469.3293,85.0,20.1,0.007232896,70.8976645926258,0.0,0.0,-0.039307098,-0.10883832,1.93383832,3138.935651,791.974121,625.996094,0.0,0.0
230,4,0,0,472.6568,84.0,20.2,0.00719612,70.4298732125804,0.0,0.0,0.046785034,-0.138792276,1.963792276,3153.501073,788.575378,598.346191,0.0,0.0
231,4,0,0,477.7374,84.0,20.2,0.007147157,69.8945800618166,0.0,0.0,0.070561035,-0.110826731,1.935826731,3168.610401,890.377319,579.907104,0.0,0.0
232,4,0,0,482.5789,84.0,20.0,0.007104905,69.4327474401486,0.0,0.0,0.012271484,0.073163271,1.751836729,3182.971662,827.247009,592.94812,0.0,0.0
233,4,0,0,487.8763,83.0,20.0,0.007053006,68.906915486591,0.0,0.0,-0.085325165,0.350878,1.474122,3198.556082,796.64502,627.567688,0.0,0.0
234,4,0,0,492.5623,83.0,19.8,0.006998373,68.4468616845184,0.0,0.0,-0.123673553,0.474524736,1.350475264,3212.089457,763.818298,635.019226,0.0,0.0
235,4,0,0,494.7556,83.0,19.8,0.006926026,67.9091337149884,0.0,0.0,0.082065552,0.306784391,1.518215609,3227.436086,782.183289,636.748474,0.0,0.0
236,4,0,0,498.8278,83.0,19.9,0.006859313,67.4594902022936,0.0,0.0,0.023776001,0.181535006,1.643464994,3240.759809,782.330322,635.002014,0.0,0.0
237,4,0,0,503.7276,83.0,19.9,0.006785091,67.4100751440058,6.904907227,0.0,0.009203613,0.182672262,1.642327738,3255.905787,786.918884,632.3349,0.0,0.0
238,4,0,0,507.9494,84.0,19.7,0.00672326,67.5605212522532,6.553344727,0.0,0.003834839,0.204873323,1.620126677,3269.835101,782.998779,629.18811,0.0,0.0
239,4,0,0,509.5022,85.0,19.7,0.006654682,67.7185207012302,6.597290039,0.0,-0.001725677,0.211360216,1.613639784,3285.114648,772.950012,634.899292,0.0,0.0
240,4,0,0,507.1765,86.0,19.5,0.006596364,67.8599725944592,6.597290039,0.0,0.039882324,0.216629267,1.608370733,3298.575497,803.679321,628.070679,0.0,0.0
241,4,0,0,504.1085,86.0,19.5,0.006534785,68.0061700612,6.509399414,0.0,-0.044675873,0.251721144,1.573278856,3314.079845,777.429871,630.297119,0.0,0.0
242,4,0,0,506.0217,87.0,19.4,0.006485142,68.124281696409,6.465454102,0.0,0.021475098,0.238745451,1.586254549,3327.750587,750.242676,637.090698,0.0,0.0
243,4,0,0,508.3367,88.0,19.4,0.006431241,68.2541197392478,6.421508789,0.0,0.025309937,0.188693762,1.636306238,3343.489349,782.4021,612.848877,0.0,0.0
244,4,0,0,511.8493,88.0,19.3,0.006390916,68.3848338906892,6.817016602,0.0,0.017640259,0.124704599,1.700295401,3357.352108,762.422729,611.229492,0.0,0.0
245,4,0,0,514.6151,88.0,19.3,0.006360133,68.5477536392218,6.817016602,0.0,-0.02856955,0.079628229,1.745371771,3373.2716,791.388428,599.38092,0.0,0.0
246,4,0,0,518.6184,88.0,19.1,0.006346233,68.6933070480946,6.817016602,0.0,0.003834839,0.080196142,1.744803858,3387.242113,772.987488,646.124878,0.0,0.0
247,4,0,0,521.0504,88.0,19.1,0.006337037,68.908184933983,10.20355225,0.0,0.001533936,0.099455118,1.725544882,3403.887868,818.125122,710.057312,0.0,0.0
248,4,0,0,523.0946,87.0,19.0,0.006327042,69.1535643512102,7.608032227,0.0,-0.017832001,0.120187998,1.704812002,3417.186427,736.862488,672.940125,0.0,0.0
249,4,0,0,513.8218,87.0,19.0,0.00630888,69.5830340788954,9.939880371,0.0,0.038348389,0.134714365,1.690285635,3433.719899,1145.898438,712.789612,0.0,0.0
250,4,0,0,491.4729,87.0,18.9,0.006291142,69.9425789330912,9.720153809,0.0,-0.020132904,0.161258936,1.663741064,3447.499037,799.592407,719.578674,0.0,0.0
251,4,0,0,450.6128,87.0,18.9,0.006274189,70.3437881675744,9.676208496,0.0,0.005368774,0.202506304,1.622493696,3463.125406,763.88623,674.797302,0.0,0.0
252,4,0,0,419.6919,86.0,18.8,0.006259886,70.6319747413296,8.399047852,0.0,-0.049277679,0.169694662,1.655305338,3476.691757,759.728516,678.738586,0.0,0.0
253,4,0,0,396.9514,86.0,18.8,0.006241842,70.8790664158498,8.091430664,0.0,0.003834839,0.034851789,1.790148211,3492.075235,777.93042,679.983215,0.0,0.0
254,4,0,0,376.1237,85.0,18.8,0.006227637,71.099761856624,8.091430664,0.0,0.059823486,-0.10836339,1.93336339,3505.433557,1194.279541,772.487,0.0,0.0
255,4,0,0,352.2739,86.0,18.8,0.006217015,71.3208789605716,7.915649414,0.0,0.042183228,-0.160303831,1.985303831,3520.581111,1334.12915,841.032593,0.0,0.0
256,4,0,0,328.0087,88.0,18.7,0.006210911,71.5276284080814,8.135375977,0.0,0.063658325,-0.127406836,1.952406836,3533.733458,841.247803,682.088501,0.0,0.0
257,4,0,0,321.2129,88.0,18.7,0.006202232,71.75075742843,7.959594727,0.0,-0.027035614,0.01480794,1.81019206,3548.704247,1276.694092,843.676208,0.0,0.0
258,4,0,0,315.1393,88.0,18.6,0.006190971,71.9367487234828,7.827758789,0.0,-0.044675873,0.160120249,1.664879751,3562.458895,772.638794,671.657776,0.0,0.0
259,4,0,0,302.966,89.0,18.6,0.006174581,72.151285220077,7.915649414,0.0,-0.025501678,0.262279749,1.562720251,3577.500769,794.77832,689.082397,0.0,0.0
260,4,0,0,286.3114,89.0,18.6,0.006159905,72.3263915670124,7.608032227,0.0,-0.020132904,0.304494619,1.520505381,3590.693328,782.19873,719.082886,0.0,0.0
261,4,0,0,263.3519,89.0,18.6,0.006149266,72.5000801819682,7.432250977,0.0,0.0,0.329771757,1.495228243,3605.803643,762.511902,725.752625,0.0,0.0
262,4,0,0,238.2257,89.0,18.5,0.006152831,72.6384948321888,7.388305664,0.0,0.013038452,0.321700811,1.503299189,3619.052046,758.393799,687.698608,0.0,0.0
263,4,0,0,220.3517,89.0,18.5,0.006176107,72.7926690731066,7.300415039,0.0,0.016106323,0.291326761,1.533673239,3634.222769,777.70459,617.215088,0.0,0.0
264,4,0,0,201.4504,89.0,18.5,0.006208445,72.924454642653,7.432250977,0.0,-0.02856955,0.277718306,1.547281694,3647.527609,791.308228,731.82251,0.0,0.0
265,4,0,0,196.9512,88.0,18.5,0.006250774,73.1032078827756,7.344360352,0.0,-0.034705292,0.257134676,1.567865324,3662.770296,759.61969,711.32959,0.0,0.0
266,4,0,0,194.6737,88.0,18.4,0.006295018,73.2256708031964,7.168579102,0.0,0.003834839,0.195906401,1.629093599,3676.140633,787.948486,705.492188,0.0,0.0
267,4,0,0,195.4958,88.0,18.4,0.006362676,73.3516559412346,7.212524414,0.0,0.012271484,0.138952017,1.686047983,3692.127246,750.124878,679.601318,0.0,0.0
268,4,0,0,199.0684,87.0,18.4,0.006433096,73.4629591992,7.168579102,0.0,0.023776001,0.092289209,1.732710791,3704.975826,808.70813,650.742798,0.0,0.0
269,4,0,0,202.11,88.0,18.4,0.0065096,73.5902026962776,7.212524414,0.0,0.036047485,0.072848082,1.752151918,3721.139048,774.980896,668.203918,0.0,0.0
270,4,0,0,205.2461,88.0,18.4,0.006563097,73.7007145291112,7.212524414,0.0,0.00690271,0.102799654,1.722200346,3734.797866,899.733826,613.30127,0.0,0.0
271,4,0,0,207.7793,87.0,18.4,0.006604673,73.8204968040808,6.948852539,0.0,-0.015531097,0.129964113,1.695035887,3750.485958,787.689026,702.143677,0.0,0.0
272,4,0,0,210.615,87.0,18.6,0.006620333,73.8898546105278,6.597290039,0.0,0.003067871,0.128687143,1.696312857,3764.26291,1206.027954,761.053223,0.0,0.0
273,4,0,0,212.0621,87.0,18.6,0.006612434,73.809741552674,0.0,12.89978027,-0.017832001,0.13888526,1.68611474,3780.063339,777.877808,675.067627,0.0,0.0
274,4,0,0,213.5292,85.0,18.6,0.006589693,73.3015529866572,0.0,0.0,-0.010929291,0.147091627,1.677908373,3793.934313,1282.269043,832.368896,0.0,0.0
275,4,0,0,215.7684,86.0,18.6,0.006563281,72.8528765263684,0.0,0.0,0.008436646,0.142738581,1.682261419,3808.510632,1310.42395,806.780884,0.0,0.0
276,4,0,0,218.0549,85.0,18.5,0.006538353,72.3012842053922,0.0,0.0,-0.004793549,0.078367472,1.746632528,3823.796809,788.876221,676.626892,0.0,0.0
277,4,0,0,219.6065,85.0,18.5,0.006523844,71.8418144328056,0.0,0.0,0.008436646,0.000968,1.824032259,3838.462652,778.616882,685.755676,0.0,0.0
278,4,0,0,220.6531,88.0,18.5,0.006515015,71.3151835063116,0.0,0.0,-0.023200775,-0.067627192,1.892627192,3854.509832,960.71283,569.26239,0.0,0.0
279,4,0,0,237.2085,87.0,18.5,0.006513412,70.8648758511856,0.615234375,0.0,0.023009033,-0.123867273,1.948867273,3868.588186,910.770813,582.123108,0.0,0.0
280,4,0,0,238.2257,86.0,18.4,0.006513251,70.8050841226326,5.75958252,0.0,0.06212439,-0.178243399,2.003243399,3884.714568,511.052704,866.080322,0.0,0.0
281,4,0,0,238.9087,87.0,18.4,0.006506309,70.8317997781818,5.75958252,0.0,-0.001725677,-0.08630681,1.91130681,3898.855985,764.536011,821.354492,0.0,0.0
282,4,0,0,239.6817,88.0,18.7,0.00649061,70.8606453791276,5.627746582,0.0,-0.030870453,0.063551188,1.761448812,3915.051957,766.742981,731.397095,0.0,0.0
283,4,0,0,240.4598,88.0,18.7,0.006480227,70.8852078343172,5.58380127,0.0,-0.052345551,0.160979033,1.664020967,3927.225853,563.981079,861.664429,0.0,0.0
284,4,0,0,242.119,89.0,18.9,0.006473587,70.9124816250718,5.627746582,0.0,-0.001725677,0.170344591,1.654655409,3943.490073,1217.087158,799.554688,0.0,0.0
285,4,0,0,236.9556,89.0,18.9,0.006468883,70.9356572476098,5.671691895,0.0,0.008436646,0.148933172,1.676066828,3957.747515,1197.745605,759.663513,0.0,0.0
286,4,0,0,228.901,88.0,18.8,0.006454396,70.9576320128266,5.58380127,0.0,-0.024734711,0.118991137,1.706008863,3974.75148,1320.708252,807.356628,0.0,0.0
287,4,0,0,225.4944,89.0,18.8,0.006431696,70.9756546896186,5.715637207,0.0,0.001533936,0.074540377,1.750459623,3988.378611,747.636414,803.417175,0.0,0.0
288,4,0,0,226.4903,89.0,19.0,0.006400296,71.0083942979086,5.715637207,0.0,-0.001725677,0.03641963,1.78858037,4005.442228,795.886292,652.774109,0.0,0.0
289,4,0,0,229.6897,88.0,19.0,0.006377349,71.0335716980056,5.75958252,0.0,-0.007094452,0.029520273,1.795479727,4019.798546,774.293213,723.042297,0.0,0.0
290,4,0,0,233.0622,89.0,18.9,0.006365241,71.096586709271,5.938110352,0.0,-0.032404388,0.03114152,1.79385848,4032.115591,983.946228,741.563293,0.0,0.0
291,4,0,0,236.0328,88.0,18.9,0.006357573,71.1347353736746,5.894165039,0.0,0.021475098,-0.004542112,1.829542112,4044.412221,557.493286,782.626404,0.0,0.0
292,4,0,0,239.08,88.0,18.8,0.006344036,71.1766901110848,5.850219727,0.0,-0.010162323,-0.015497923,1.840497923,4060.691143,803.278992,653.725891,0.0,0.0
293,4,0,0,240.3731,88.0,18.8,0.006323047,71.210000117751,5.806274414,0.0,0.010737549,-0.008116484,1.833116484,4075.495751,895.964172,608.427917,0.0,0.0
294,4,0,0,238.4814,88.0,19.0,0.006292407,71.2435712076454,5.75958252,0.0,-0.010162323,0.031698942,1.793301058,4090.854065,839.685791,687.643188,0.0,0.0
295,4,0,0,237.0398,87.0,19.0,0.006269305,71.2594741100696,4.924621582,0.0,0.003834839,0.076362371,1.748637629,4105.431696,785.796509,725.893311,0.0,0.0
296,4,0,0,236.9556,88.0,18.9,0.006253261,71.0548610131296,7.124633789,0.0,-0.010162323,0.124674559,1.700325441,4121.211066,950.623901,702.335693,0.0,0.0
297,4,0,0,238.1406,88.0,18.9,0.006244327,71.1997478816546,6.729125977,0.0,0.026843872,0.159909964,1.665090036,4134.975795,1188.671143,726.07489,0.0,0.0
298,4,0,0,239.6817,88.0,19.1,0.006235244,71.3007831319916,6.729125977,0.0,-0.017832001,0.195664644,1.629335356,4148.746446,840.362915,763.931519,0.0,0.0
299,4,0,0,239.9405,88.0,19.1,0.006226786,71.4076884338852,6.773071289,0.0,-0.033938324,0.213179827,1.611820173,4162.522503,794.353699,638.046997,0.0,0.0
300,4,0,0,240.1133,88.0,19.3,0.006223912,71.530830737187,6.817016602,0.0,0.023776001,0.200741053,1.624258947,4176.304323,582.940125,796.701782,0.0,0.0
301,4,0,0,241.0684,88.0,19.3,0.006228614,71.6503387645272,6.597290039,0.0,-0.003259613,0.185109854,1.639890146,4190.091313,836.401611,692.769409,0.0,0.0
302,4,0,0,240.9813,88.0,19.2,0.006235988,71.7324905986666,6.509399414,0.0,-0.005560516,0.171582937,1.653417063,4203.883189,807.059509,810.160889,0.0,0.0
303,4,0,0,239.1658,88.0,19.2,0.00623805,71.8078001145818,6.421508789,0.0,0.026843872,0.163491964,1.661508036,4217.679086,699.907471,419.551208,0.0,0.0
304,4,0,0,234.5381,88.0,19.1,0.006226685,71.8876022962278,6.333618164,0.0,0.017640259,0.166997671,1.658002329,4233.450577,0.0,0.0,0.0,0.0
305,4,0,0,220.4245,88.0,19.1,0.006203994,71.9470624524606,6.026000977,0.0,-0.016298065,0.19901824,1.62598176,4247.914333,521.816772,837.040405,0.0,0.0
306,4,0,0,189.3007,88.0,19.0,0.006168982,71.9912276022674,6.026000977,0.0,-0.007094452,0.242557287,1.582442713,4263.0428,1217.521606,736.271301,0.0,0.0
307,4,0,0,180.2711,88.0,19.0,0.006139797,72.0305504250416,6.026000977,0.0,0.019941162,0.22687602,1.59812398,4277.525728,831.838501,696.51001,0.0,0.0
308,4,0,0,177.5064,87.0,18.9,0.006119231,72.0688015078428,5.938110352,0.0,0.003834839,0.201756239,1.623243761,4293.335679,1295.366333,837.502686,0.0,0.0
309,4,0,0,174.4957,87.0,18.9,0.006114508,72.1009259298244,5.982055664,0.0,0.012271484,0.15862155,1.66637845,4307.1773,772.40033,760.534424,0.0,0.0
310,4,0,0,174.0038,87.0,19.1,0.006118838,72.1368740470856,5.894165039,0.0,-0.015531097,0.107184649,1.717815351,4323.004467,914.629517,728.892395,0.0,0.0
311,4,0,0,176.8284,87.0,19.1,0.006123032,72.1663013439744,6.026000977,0.0,0.012271484,0.064422846,1.760577154,4336.858761,1234.768677,813.309998,0.0,0.0
312,4,0,0,179.5719,86.0,19.0,0.006121325,72.2059322587982,6.026000977,0.0,0.008436646,0.00077,1.82422967,4352.661006,1228.485474,754.126892,0.0,0.0
313,4,0,0,183.4862,86.0,19.0,0.006117327,72.2414765121864,6.026000977,0.0,0.012271484,-0.035523653,1.860523653,4366.495225,920.177124,661.174988,0.0,0.0
314,4,0,0,185.8805,87.0,18.9,0.006117193,72.2875930350234,6.157836914,0.0,0.00690271,-0.05812335,1.88312335,4382.993571,798.516479,665.096191,0.0,0.0
315,4,0,0,189.1074,86.0,18.9,0.006122424,72.3471887781512,6.421508789,0.0,0.018407227,-0.064249277,1.889249277,4396.215068,942.531982,716.607727,0.0,0.0
316,4,0,0,192.2485,87.0,18.8,0.006134463,72.4265873212318,6.729125977,0.0,-0.000959,-0.018385172,1.843385172,4412.771032,775.712891,766.389099,0.0,0.0
317,4,0,0,195.4958,89.0,18.8,0.006153467,72.526533740405,7.608032227,0.0,0.003067871,0.03434968,1.79065032,4426.038819,1273.238159,840.686707,0.0,0.0
318,4,0,0,199.0684,89.0,18.7,0.006189775,72.6705115249508,7.036743164,0.0,0.016106323,0.084265471,1.740734529,4442.645721,752.733704,679.421326,0.0,0.0
319,4,0,0,202.11,89.0,18.7,0.006232745,72.7799438286058,6.992797852,0.0,0.008436646,0.136972666,1.688027334,4456.612717,804.651978,731.60907,0.0,0.0
320,4,0,0,204.5659,89.0,18.7,0.006282969,72.9041497286202,7.036743164,0.0,-0.003259613,0.228427649,1.596572351,4472.592409,753.97699,691.240295,0.0,0.0
321,4,0,0,205.2461,89.0,18.7,0.006317571,73.0112231099834,7.080688477,0.0,-0.02166684,0.312406778,1.512593222,4486.585594,794.296997,580.265198,0.0,0.0
322,4,0,0,203.8902,88.0,18.6,0.00634487,73.1405918370914,7.212524414,0.0,-0.02166684,0.379235983,1.445764017,4502.587821,1231.589355,636.196411,0.0,0.0
323,4,0,0,203.219,87.0,18.6,0.00636494,73.2598248282256,7.256469727,0.0,-0.066917938,0.403627157,1.421372843,4516.598001,716.789673,695.912109,0.0,0.0
324,4,0,0,203.4422,86.0,18.5,0.006392828,73.3998882955564,7.300415039,0.0,0.050619873,0.320665598,1.504334402,4532.617886,1249.529785,798.289917,0.0,0.0
325,4,0,0,199.7124,87.0,18.5,0.006423688,73.5255235308918,7.432250977,0.0,-0.033938324,0.258898973,1.566101027,4547.310429,854.913391,762.162109,0.0,0.0
326,4,0,0,183.3046,88.0,18.8,0.006460614,73.685938325621,7.827758789,0.0,-0.010162323,0.188295603,1.636704397,4562.678451,772.0849,690.548096,0.0,0.0
327,4,0,0,171.2681,88.0,18.8,0.006489624,73.8530085137334,7.915649414,0.0,-0.015531097,0.115218878,1.709781122,4577.386491,803.053284,723.774597,0.0,0.0
328,4,0,0,164.425,90.0,18.7,0.006515745,74.0388927554894,7.959594727,0.0,-0.012463226,0.041754961,1.783245039,4593.441243,890.594727,787.335327,0.0,0.0
329,4,0,0,163.1215,90.0,18.7,0.006526718,74.190841230907,8.047485352,0.0,0.045251099,-0.005446672,1.830446672,4607.499125,790.076111,718.003723,0.0,0.0
330,4,0,0,164.425,88.0,18.6,0.006517255,74.3830483442154,8.355102539,0.0,0.037581421,0.000579,1.824420881,4623.580928,775.220581,713.820923,0.0,0.0
331,4,0,0,162.4062,88.0,18.6,0.006491394,74.56689804225,8.355102539,0.0,-0.033938324,0.061164141,1.763835859,4638.341976,769.776978,785.630676,0.0,0.0
332,4,0,0,164.425,88.0,18.9,0.006456441,74.7755797438308,8.399047852,0.0,-0.023200775,0.106693506,1.718306494,4653.803802,434.243408,1010.29303,0.0,0.0
333,4,0,0,165.6013,88.0,18.9,0.006434601,74.9561216205228,8.355102539,0.0,0.013038452,0.11239028,1.71260972,4668.620087,788.403687,703.129211,0.0,0.0
334,4,0,0,166.3451,86.0,18.8,0.006428625,75.157911661515,8.530883789,0.0,-0.003259613,0.08459115,1.74040885,4684.81184,765.388184,687.308105,0.0,0.0
335,4,0,0,170.4797,87.0,18.8,0.006442226,75.3458823643008,8.574829102,0.0,0.023776001,0.039597273,1.785402727,4699.004111,1198.770508,720.426819,0.0,0.0
336,4,0,0,172.3841,86.0,19.0,0.006476677,75.5436266371868,7.432250977,0.0,0.00690271,0.020303488,1.804696512,4715.253052,1204.947632,801.739807,0.0,0.0
337,4,0,0,175.4879,86.0,19.0,0.006514917,75.6351336774,7.124633789,0.0,-0.003259613,0.045100451,1.779899549,4729.497689,805.74939,747.729675,0.0,0.0
338,4,0,0,174.8252,86.0,18.9,0.00655403,75.7316948498832,7.388305664,0.0,-0.003259613,0.088400126,1.736599874,4745.808604,792.067627,748.6651,0.0,0.0
339,4,0,0,176.8284,87.0,18.9,0.006576739,75.8254991424794,7.432250977,0.0,-0.023200775,0.119191885,1.705808115,4760.109768,780.237,709.692383,0.0,0.0
340,4,0,0,179.7462,87.0,18.8,0.006585741,75.9302959514786,7.432250977,0.0,-0.02166684,0.126375914,1.698624086,4777.17619,797.151123,720.665894,0.0,0.0
341,4,0,0,182.0433,87.0,18.8,0.006579026,76.023056313497,7.432250977,0.0,0.014572388,0.089964628,1.735035372,4790.864211,807.318481,718.076477,0.0,0.0
342,4,0,0,184.3998,87.0,19.0,0.006560623,76.1294276846588,7.476196289,0.0,-0.024734711,0.031671762,1.793328238,4808.018254,1142.212646,733.194519,0.0,0.0
343,4,0,0,186.6298,89.0,19.0,0.006540601,76.0205462902726,5.320129395,0.0,-0.030103485,-0.012249708,1.837249708,4821.777349,776.246094,714.752502,0.0,0.0
344,4,0,0,185.6941,88.0,18.9,0.006516165,75.96969776066,5.58380127,0.0,0.019941162,-0.085801363,1.910801363,4839.023965,1217.496582,750.76001,0.0,0.0
345,4,0,0,184.3998,87.0,18.9,0.006494404,75.9256272400452,5.58380127,0.0,-0.007094452,-0.116993666,1.941993666,4853.55358,785.106018,750.096619,0.0,0.0
346,4,0,0,182.7619,87.0,18.8,0.006474103,75.878880934186,5.671691895,0.0,-0.032404388,-0.115133524,1.940133524,4868.121524,792.611328,723.711121,0.0,0.0
347,4,0,0,176.1556,87.0,18.8,0.006458935,75.8471576884796,5.671691895,0.0,0.010737549,-0.110306025,1.935306025,4882.727773,778.025696,749.065613,0.0,0.0
348,4,0,0,168.4636,87.0,19.1,0.006450493,75.7968810056492,3.738098145,0.0,-0.001725677,-0.09063077,1.91563077,4899.46912,760.382996,678.622314,0.0,0.0
349,4,0,0,164.425,87.0,19.1,0.006444564,75.5051788769442,5.495910645,0.0,-0.017832001,-0.085999727,1.910999727,4914.156386,810.901428,660.104797,0.0,0.0
350,4,0,0,164.7175,87.0,19.0,0.006428903,75.4410891323334,5.23223877,0.0,-0.004793549,-0.082435369,1.907435369,4930.966628,780.877075,749.058899,0.0,0.0
351,4,0,0,167.0955,87.0,19.0,0.006409089,75.3993057896332,5.58380127,0.0,-0.004793549,-0.067181826,1.892181826,4945.695531,773.73407,717.318726,0.0,0.0
352,4,0,0,168.3105,87.0,18.9,0.006389387,75.3550904445118,5.58380127,0.0,0.012271484,-0.084161043,1.909161043,4962.553181,985.204224,711.684814,0.0,0.0
353,4,0,0,169.6986,87.0,18.9,0.00638016,75.3047482615434,4.17755127,0.0,0.001533936,-0.063729048,1.888729048,4978.028359,775.833313,737.89209,0.0,0.0
354,4,0,0,171.1098,87.0,19.1,0.00637672,75.1126698632482,3.518371582,0.0,-0.013997162,-0.009359121,1.834359121,4994.230323,769.371521,678.217896,0.0,0.0
355,4,0,0,172.5447,88.0,19.1,0.006371418,74.9417323023686,4.045715332,0.0,-0.016298065,0.038784266,1.786215734,5009.730877,779.955383,706.445496,0.0,0.0
356,4,0,0,173.6774,88.0,19.0,0.006358541,74.8329299587632,5.144348145,0.0,-0.020132904,0.068749666,1.756250334,5026.614477,775.562805,700.303284,0.0,0.0
357,4,0,0,175.3217,88.0,19.0,0.006349103,74.7502591124738,4.88067627,0.0,0.03451355,0.029537439,1.795462561,5041.377875,784.22168,702.165283,0.0,0.0
358,4,0,0,177.5064,88.0,19.2,0.006352578,74.6033924177874,0.0,0.0,0.00690271,-0.00500083,1.83000083,5058.239772,0.0,0.0,0.0,0.0
359,4,0,0,179.051,87.0,19.2,0.00637344,74.1055791380034,0.0,0.0,-0.020132904,-0.005968809,1.830968809,5073.688284,986.827026,696.050598,0.0,0.0
360,4,0,0,178.8781,87.0,19.1,0.006418352,73.5242723495088,0.0,1.620483398,0.005368774,-0.043875933,1.868875933,5089.814483,558.9375,797.745972,0.0,0.0
361,4,0,0,175.9882,88.0,19.1,0.006479008,73.0373948729862,0.0,3.231811523,0.016106323,-0.073407412,1.898407412,5105.190767,776.350891,627.719116,0.0,0.0
362,4,0,0,173.1902,87.0,19.0,0.006577676,72.4837461856382,0.0,9.091186523,0.017640259,-0.041347742,1.866347742,5121.950657,797.542114,585.719727,0.0,0.0
363,4,0,0,173.0283,89.0,19.0,0.006682401,72.0047286452086,0.0,9.970092773,0.003834839,0.019710779,1.805289221,5136.606684,817.616882,630.948608,0.0,0.0
364,4,0,0,172.0637,88.0,19.2,0.006802804,71.4596253601398,0.0,12.1673584,-0.044675873,0.082421064,1.742578936,5153.345585,777.320923,632.91272,0.0,0.0
365,4,0,0,168.9246,86.0,19.2,0.006901235,70.9851801799578,0.0,13.63220215,-0.087626068,0.050572634,1.774427366,5167.963949,776.270691,678.330872,0.0,0.0
366,4,0,0,167.8528,86.0,19.1,0.006999549,70.4943066800284,0.0,13.63220215,-0.077655487,-0.183532476,2.008532476,5182.544965,739.025879,676.366882,0.0,0.0
367,4,0,0,168.7707,88.0,19.1,0.007115514,69.9745222238558,0.0,11.5814209,0.149558716,-0.649117231,2.474117231,5199.177958,749.937805,684.506897,0.0,0.0
368,4,0,0,171.2681,87.0,19.0,0.00721208,69.493405653451,0.0,13.04626465,-0.061549164,-0.914120436,2.739120436,5213.714175,748.039673,695.387695,0.0,0.0
369,4,0,0,173.3523,87.0,19.0,0.007308496,68.9846254940502,0.0,12.31384277,0.0,-1.190062284,3.015062284,5230.28739,755.779724,721.388916,0.0,0.0
370,4,0,0,176.1556,87.0,19.2,0.00738104,68.5132286613226,0.0,0.0,-0.012463226,-1.521162271,3.346162271,5245.373322,1185.942749,638.896606,0.0,0.0
371,4,0,0,177.3364,86.0,19.2,0.007450352,68.0619677136476,0.0,0.0,0.008436646,1.654020786,3.820979214,5261.023214,788.374023,743.287903,0.0,0.0
372,4,0,0,176.9974,85.0,19.0,0.007498146,67.8799980144142,6.773071289,0.0,0.042183228,1.287733555,4.187266445,5275.877211,1215.314941,740.358887,0.0,0.0
373,4,0,0,177.3364,86.0,19.0,0.007537588,67.9588665374592,4.00177002,0.0,0.021475098,0.883803368,4.591196632,5291.953833,761.399719,674.863525,0.0,0.0
374,4,0,0,178.1896,87.0,18.9,0.007558634,67.9063877142398,3.782043457,0.0,0.005368774,0.597895145,4.877104855,5305.912524,813.867615,767.688782,0.0,0.0
375,4,0,0,179.9208,88.0,18.9,0.007571922,67.9072076568764,5.58380127,0.0,0.016106323,0.382996321,5.092003679,5321.742342,781.672729,673.674988,0.0,0.0
376,4,0,0,181.1529,86.0,19.1,0.007583839,67.9592297333104,5.58380127,0.0,0.061357422,0.196586728,5.278413272,5335.482858,770.203186,693.87793,0.0,0.0
377,4,0,0,180.9758,88.0,19.1,0.007608771,68.146132188391,8.442993164,0.0,0.019941162,0.055485129,5.419514871,5351.060452,857.512085,701.828308,0.0,0.0
378,4,0,0,179.9208,88.0,19.0,0.007642233,68.4357863031988,7.300415039,0.0,0.056755615,-0.058909655,5.533909655,5364.589673,775.710205,660.348816,0.0,0.0
379,4,0,0,180.4468,88.0,19.0,0.007685631,68.631837920553,8.753356934,0.0,-0.040074066,-0.079253912,5.554253912,5380.56797,746.032288,730.440796,0.0,0.0
380,4,0,0,180.9758,87.0,19.2,0.007716163,68.928788992135,8.973083496,0.0,0.030678711,-0.057057023,5.532057023,5393.253081,757.720398,789.899719,0.0,0.0
381,4,0,0,183.3046,87.0,19.2,0.007733545,69.3540443250688,8.797302246,0.0,-0.032404388,-0.035597801,5.510597801,5409.001156,780.32428,722.112488,0.0,0.0
382,4,0,0,185.8805,89.0,19.4,0.007735327,69.6382190234182,8.841247559,0.0,-0.007094452,-0.0283674,5.5033674,5421.573069,788.652771,688.505676,0.0,0.0
383,4,0,0,186.4419,90.0,19.4,0.007728895,69.9730238800356,8.841247559,0.0,0.059823486,-0.034541965,5.509541965,5435.410795,804.353821,646.928894,0.0,0.0
384,4,0,0,184.7677,89.0,19.3,0.007713859,70.2504956290048,8.841247559,0.0,-0.037773163,0.018343806,5.456656194,5448.610201,772.227905,669.121704,0.0,0.0
385,4,0,0,181.508,89.0,19.3,0.007687011,70.5745645945756,9.060974121,0.0,-0.024734711,0.059607029,5.415392971,5463.70143,741.330994,742.680115,0.0,0.0
386,4,0,0,178.7055,89.0,19.4,0.007664815,70.9224894989826,9.632263184,0.0,0.017640259,0.076599598,5.398400402,5476.92222,759.497681,716.149597,0.0,0.0
387,4,0,0,177.6767,90.0,19.4,0.007652309,71.2872028612422,9.500427246,0.0,0.005368774,0.084338546,5.390661454,5492.090762,773.330505,713.894592,0.0,0.0
388,4,0,0,178.3612,89.0,19.6,0.007649601,71.5994771831672,9.588317871,0.0,0.003067871,0.110622287,5.364377713,5505.411513,1210.990967,777.360901,0.0,0.0
389,4,0,0,178.7055,89.0,19.6,0.007641429,71.969306846501,9.588317871,0.0,-0.019365936,0.131339908,5.343660092,5521.338638,780.50177,685.827698,0.0,0.0
390,4,0,0,180.2711,88.0,19.4,0.007621539,72.274915845415,9.676208496,0.0,0.001533936,0.146442413,5.328557587,5534.154887,952.401794,715.944275,0.0,0.0
391,4,0,0,182.0433,87.0,19.4,0.007587276,72.6404698947038,10.86273193,0.0,0.001533936,0.132469893,5.342530107,5550.258482,789.203674,760.082397,0.0,0.0
392,4,0,0,184.0333,87.0,19.6,0.007558636,72.942425901032,8.399047852,0.0,-0.02166684,0.092953444,5.382046556,5563.851056,785.248779,707.990906,0.0,0.0
393,4,0,0,186.0673,87.0,19.6,0.007538491,73.1852026292376,8.530883789,0.0,-0.004793549,0.016058564,5.458941436,5579.457377,793.073425,718.271606,0.0,0.0
394,4,0,0,187.575,87.0,19.7,0.007530071,73.4055496479018,8.574829102,0.0,0.032212646,-0.044627666,5.519627666,5593.177113,803.58667,619.052612,0.0,0.0
395,4,0,0,189.3007,87.0,19.7,0.007520285,73.6390333710246,8.574829102,0.0,0.025309937,-0.087755561,5.562755561,5608.942391,979.557129,730.5271,0.0,0.0
396,4,0,0,190.0779,87.0,19.6,0.00750252,73.8549587602256,8.574829102,0.0,0.0,-0.096555471,5.571555471,5622.809339,1203.707397,745.796814,0.0,0.0
397,4,0,0,191.2558,87.0,19.6,0.007466554,74.092462518108,8.574829102,0.0,-0.003259613,-0.036501169,5.511501169,5638.738422,984.008972,749.769714,0.0,0.0
398,4,0,0,192.0492,87.0,19.7,0.007424285,74.304639030246,8.618774414,0.0,0.008436646,0.036075711,5.438924289,5653.415407,783.705078,755.552124,0.0,0.0
399,4,0,0,193.4535,87.0,19.7,0.00736933,74.5361014545156,8.530883789,0.0,-0.032404388,0.081065893,5.393934107,5668.836599,786.481323,700.956116,0.0,0.0
400,4,0,0,194.6737,88.0,19.8,0.007314998,74.7382875540818,8.574829102,0.0,0.029144775,0.071587205,5.403412795,5683.664648,756.484802,708.451416,0.0,0.0
401,4,0,0,195.4958,88.0,19.8,0.007246652,74.9516468023726,8.399047852,0.0,0.012271484,0.058588028,5.416411972,5699.902174,777.796021,733.716003,0.0,0.0
402,4,0,0,196.5332,87.0,19.6,0.007187365,75.121365883658,7.256469727,0.0,-0.025501678,0.039175034,5.435824966,5714.15815,745.504089,725.211426,0.0,0.0
403,4,0,0,198.4284,87.0,19.6,0.007125105,74.8795310538742,1.098632813,0.0,-0.000959,-0.025029063,5.500029063,5730.505549,756.353394,698.368896,0.0,0.0
404,4,0,0,198.6413,87.0,19.8,0.007077188,74.8143982638226,5.806274414,0.0,0.056755615,-0.129885793,5.604885793,5744.856939,1187.2229,737.671082,0.0,0.0
405,4,0,0,200.3606,87.0,19.8,0.007031952,74.8023720522442,5.938110352,0.0,0.043717163,-0.161633134,5.636633134,5761.311922,751.286072,699.544495,0.0,0.0
406,4,0,0,201.0131,87.0,19.9,0.006999752,74.7992076713758,6.026000977,0.0,0.019941162,-0.125159502,5.600159502,5775.756585,768.358826,761.351379,0.0,0.0
407,4,0,0,202.11,87.0,19.9,0.006966698,74.7521568783886,0.0,0.0,0.016106323,-0.055631638,5.530631638,5792.317065,758.737,719.048096,0.0,0.0
408,4,0,0,201.6698,87.0,19.7,0.006935242,74.5886238586622,5.982055664,0.0,-0.037773163,0.02204752,5.45295248,5806.90122,775.664795,631.765503,0.0,0.0
409,4,0,0,199.0684,87.0,19.7,0.006891711,74.5830202816228,5.806274414,0.0,0.021475098,0.09129107,5.38370893,5824.255743,791.122803,767.05542,0.0,0.0
410,4,0,0,197.7926,88.0,19.8,0.006848871,74.573686962573,5.715637207,0.0,0.001533936,0.105093837,5.369906163,5838.168323,759.372498,765.686279,0.0,0.0
411,4,0,0,197.371,87.0,19.8,0.006799783,74.5597990986694,5.75958252,0.0,0.032979614,0.095145941,5.379854059,5855.497532,1182.027832,771.128113,0.0,0.0
412,4,0,0,197.1609,88.0,19.9,0.006758919,74.5437155317368,5.75958252,0.0,0.017640259,0.093460798,5.381539202,5870.042934,775.928406,728.550171,0.0,0.0
413,4,0,0,195.9094,88.0,19.9,0.006711844,74.5405325951782,5.894165039,0.0,0.014572388,0.151439071,5.323560929,5886.664578,775.713684,717.748779,0.0,0.0
414,4,0,0,195.9094,88.0,19.8,0.006668244,74.5384176005502,5.894165039,0.0,-0.016298065,0.235607147,5.239392853,5901.208079,1217.480957,771.144897,0.0,0.0
415,4,0,0,196.9512,87.0,19.8,0.006620915,74.537515839068,5.806274414,0.0,-0.032404388,0.316309452,5.158690548,5917.788143,792.53833,714.661926,0.0,0.0
416,4,0,0,198.6413,87.0,19.9,0.00658984,74.525333135268,5.850219727,0.0,0.016106323,0.316985369,5.158014631,5932.290548,749.285828,690.362488,0.0,0.0
417,4,0,0,200.1441,87.0,19.9,0.006568616,74.5099667385196,5.58380127,0.0,0.025309937,0.239181042,5.235818958,5948.862506,771.202087,692.204895,0.0,0.0
418,4,0,0,201.8897,87.0,20.0,0.006555084,74.4779703234416,5.188293457,0.0,0.017640259,0.165744305,5.309255695,5964.050492,795.72467,638.595093,0.0,0.0
419,4,0,0,201.8897,86.0,20.0,0.006534739,74.4011532904682,3.47442627,0.0,0.001533936,0.13297236,5.34202764,5979.925401,759.110718,718.640503,0.0,0.0
420,4,0,0,201.2315,86.0,19.8,0.006511093,74.1905005980026,4.089660645,0.0,-0.039307098,0.142194867,5.332805133,5995.10885,780.829712,693.576477,0.0,0.0
421,4,0,0,201.4504,87.0,19.8,0.006485107,74.103481749555,5.58380127,0.0,-0.02166684,0.107039928,5.367960072,6011.671922,759.610107,697.749695,0.0,0.0
422,4,0,0,202.7739,87.0,19.9,0.006473605,74.0861574619494,5.627746582,0.0,0.032979614,0.080220103,5.394779897,6026.164451,799.979675,714.713684,0.0,0.0
423,4,0,0,203.4422,87.0,19.9,0.006476178,74.0618976270534,5.58380127,0.0,0.014572388,0.091885209,5.383114791,6042.724569,786.376099,636.219177,0.0,0.0
424,4,0,0,204.5659,88.0,20.0,0.006479774,74.0413838528754,5.58380127,0.0,0.025309937,0.112314343,5.362685657,6057.210695,819.117981,689.891785,0.0,0.0
425,4,0,0,204.3402,88.0,20.0,0.006471422,74.0174413798274,5.58380127,0.0,-0.015531097,0.152249694,5.322750306,6073.756269,794.724487,689.683716,0.0,0.0
426,4,0,0,203.219,88.0,19.8,0.006455387,73.9962369252016,5.58380127,0.0,-0.025501678,0.196513891,5.278486109,6088.889937,835.833984,679.984314,0.0,0.0
427,4,0,0,202.9962,88.0,19.8,0.006430896,73.9728611651412,5.58380127,0.0,0.030678711,0.226515532,5.248484468,6104.676229,782.911682,685.80249,0.0,0.0
428,4,0,0,203.666,88.0,19.9,0.006401169,73.9528699275678,5.58380127,0.0,0.02761084,0.259509802,5.215490198,6119.768458,779.875305,692.378418,0.0,0.0
429,4,0,0,206.3898,88.0,19.9,0.006362446,73.9292680874242,5.451965332,0.0,-0.037773163,0.336079836,5.138920164,6136.22774,751.803284,680.226318,0.0,0.0
430,4,0,0,208.716,88.0,19.7,0.006338234,73.9006050821948,5.58380127,0.0,0.019941162,0.355249882,5.119750118,6150.624874,804.655701,712.837585,0.0,0.0
431,4,0,0,210.3757,87.0,19.7,0.006334073,73.8700676142938,5.58380127,0.0,-0.02166684,0.336084127,5.138915873,6167.073292,776.187683,618.441223,0.0,0.0
432,4,0,0,210.137,87.0,19.6,0.006349447,73.8451260146936,5.276184082,0.0,-0.030870453,0.308246851,5.166753149,6181.461,807.911499,599.156921,0.0,0.0
433,4,0,0,210.137,87.0,19.6,0.006376049,73.8031863407058,5.495910645,0.0,-0.023200775,0.267993927,5.207006073,6197.898886,789.278625,695.226929,0.0,0.0
434,4,0,0,210.615,88.0,19.7,0.00639617,73.781437365891,5.58380127,0.0,0.010737549,0.210664272,5.264335728,6212.277299,1158.892944,721.400085,0.0,0.0
435,4,0,0,211.0952,87.0,19.7,0.006406571,73.7565512724274,5.495910645,0.0,0.018407227,0.113945961,5.361054039,6229.388605,772.229126,693.41748,0.0,0.0
436,4,0,0,211.8195,88.0,19.5,0.006401755,73.7358212834204,5.539855957,0.0,0.049085938,0.024175406,5.450824594,6243.071636,780.380798,701.226196,0.0,0.0
437,4,0,0,212.0621,88.0,19.5,0.006388267,73.7073433683844,5.23223877,0.0,0.032212646,0.001307964,5.473692036,6260.168341,818.052612,691.541992,0.0,0.0
438,4,0,0,211.8195,87.0,19.4,0.006383456,73.6772464573084,5.23223877,0.0,0.013038452,0.045615554,5.429384446,6274.522651,810.574097,713.876404,0.0,0.0
439,4,0,0,212.7931,88.0,19.4,0.006392371,73.5684332345646,4.089660645,0.0,-0.000959,0.107203484,5.367796516,6290.91966,791.981079,708.589294,0.0,0.0
440,4,0,0,213.7757,87.0,19.5,0.006403711,73.430004583086,4.089660645,0.0,0.005368774,0.146544099,5.328455901,6305.26205,772.776794,713.13623,0.0,0.0
441,4,0,0,214.7674,87.0,19.5,0.006414407,73.2759178902642,3.738098145,0.0,-0.030870453,0.153634787,5.321365213,6321.64774,759.098206,706.205688,0.0,0.0
442,4,0,0,214.0228,87.0,19.4,0.006427357,73.1228088714924,3.562316895,0.0,-0.003259613,0.124586344,5.350413656,6335.979739,763.82843,718.084595,0.0,0.0
443,4,0,0,208.0126,88.0,19.4,0.006451675,72.8609973042886,0.747070313,0.0,0.046785034,0.163542747,5.311457253,6352.350573,0.0,0.0,0.0,0.0
444,4,0,0,203.4422,87.0,19.3,0.006486016,72.3969897239842,0.0,0.0,0.001533936,0.305677176,5.169322824,6366.653178,788.503784,729.352112,0.0,0.0
445,4,0,0,201.8897,88.0,19.3,0.006544295,71.8489821595778,0.0,0.0,0.049085938,0.496574879,4.978425121,6382.964386,800.076599,695.411804,0.0,0.0
446,4,0,0,202.9962,87.0,19.4,0.006607854,71.3738128729562,0.0,0.0,0.050619873,0.696787834,4.778212166,6397.881943,767.388916,692.946106,0.0,0.0
447,4,0,0,205.4738,86.0,19.4,0.006688474,70.834512369032,0.0,0.0,-0.030103485,1.005381346,4.469618654,6413.436072,764.978271,723.018188,0.0,0.0
448,4,0,0,207.314,89.0,19.3,0.006762763,70.384668203826,0.0,0.0,0.052920776,1.24759984,4.22740016,6428.230267,875.34729,717.040771,0.0,0.0
449,4,0,0,208.716,88.0,19.3,0.006836539,69.852912334102,0.0,0.0,-0.025501678,1.615501404,3.859498596,6442.248362,776.31311,712.570679,0.0,0.0
450,4,0,0,208.716,88.0,19.5,0.006907195,69.3926861878088,0.0,0.0,-0.053879486,-1.657417774,3.482417774,6456.164925,954.797424,730.924316,0.0,0.0
451,4,0,0,204.7921,88.0,19.5,0.006983035,68.8667252134634,0.0,0.0,-0.07305368,-1.331205606,3.156205606,6471.945799,784.10437,728.120605,0.0,0.0
452,4,0,0,202.9962,88.0,19.6,0.007040467,68.4101641941796,0.0,0.0,0.02761084,-1.174226522,2.999226522,6485.648082,787.930725,743.288391,0.0,0.0
453,4,0,0,202.9962,88.0,19.6,0.007089391,67.8867550376184,0.0,0.0,0.099705811,-1.055479288,2.880479288,6501.185183,1195.956421,718.097229,0.0,0.0
454,4,0,0,205.0189,88.0,19.5,0.007119767,67.449725547937,0.0,0.0,-0.07995639,-0.709494829,2.534494829,6515.31627,769.6427,792.215393,0.0,0.0
455,4,0,0,207.0822,88.0,19.5,0.007147701,66.938855209931,0.0,0.0,-0.131343231,-0.198018789,2.023018789,6529.978305,822.86438,727.335022,0.0,0.0
456,4,0,0,209.1875,88.0,19.6,0.007167767,66.8228903216282,5.806274414,0.0,-0.132877167,0.011360407,1.813639593,6543.89669,567.486572,861.176208,0.0,0.0
457,4,0,0,211.3361,89.0,19.6,0.007180714,66.949210990963,7.080688477,0.0,0.128850586,-0.114617586,1.939617586,6557.079812,1219.035767,862.759094,0.0,0.0
458,4,0,0,212.7931,92.0,19.4,0.007182319,67.146130316165,6.992797852,0.0,0.049085938,-0.286627054,2.111627054,6572.022884,1216.389648,881.531189,0.0,0.0
459,4,0,0,212.5489,88.0,19.4,0.007172148,67.3051071334174,6.773071289,0.0,0.074395874,-0.241966009,2.066966009,6585.017941,948.5401,610.371887,0.0,0.0
460,4,0,0,210.615,86.0,19.3,0.007149605,67.4931440283574,7.212524414,0.0,-0.041608002,-0.114042521,1.939042521,6599.878982,775.493713,628.952209,0.0,0.0
461,4,0,0,210.615,84.0,19.3,0.007119808,67.696794321549,8.179321289,0.0,-0.017832001,-0.033854723,1.858854723,6612.919188,787.945313,726.075928,0.0,0.0
462,4,0,0,214.0228,84.0,19.2,0.007072981,68.023094765777,7.432250977,0.0,-0.056180389,-0.004988432,1.829988432,6627.865172,557.654419,875.845825,0.0,0.0
463,4,0,0,216.5252,84.0,19.2,0.007022842,68.2804071172362,8.618774414,0.0,-0.046976776,-0.061301947,1.886301947,6640.978757,920.144226,639.889282,0.0,0.0
464,4,0,0,211.5775,86.0,19.1,0.006959473,68.6329493951306,8.973083496,0.0,0.003834839,-0.12343049,1.94843049,6656.021322,842.734985,709.213928,0.0,0.0
465,4,0,0,205.2461,88.0,19.1,0.006903558,68.9666741593004,9.017028809,0.0,0.021475098,-0.123354673,1.948354673,6669.877292,579.841125,833.868713,0.0,0.0
466,4,0,0,202.7739,89.0,19.0,0.006842333,69.3881049118176,10.42327881,0.0,0.016106323,-0.11446929,1.93946929,6684.427356,804.94928,655.426208,0.0,0.0
467,4,0,0,196.5332,89.0,19.0,0.006790966,69.819542347334,11.21429443,0.0,-0.02166684,-0.111239672,1.936239672,6698.418449,818.677124,785.585693,0.0,0.0
468,4,0,0,190.4689,90.0,18.9,0.006740551,70.317276608524,10.86273193,0.0,-0.045442841,-0.133054018,1.958054018,6713.769146,788.984009,633.877808,0.0,0.0
469,4,0,0,188.5298,90.0,18.9,0.006710807,70.7366383774438,10.730896,0.0,-0.004793549,-0.178422213,2.003422213,6727.292125,771.884399,745.226501,0.0,0.0
470,4,0,0,190.4689,89.0,18.8,0.006692063,71.1483144696058,9.280700684,0.0,-0.010162323,-0.229655504,2.054655504,6742.859472,766.053101,734.911499,0.0,0.0
471,4,0,0,191.0585,89.0,18.8,0.006682831,71.4795984765448,9.808044434,0.0,0.013038452,-0.275981188,2.100981188,6756.577949,991.344604,637.446106,0.0,0.0
472,4,0,0,194.2653,90.0,18.4,0.006674705,71.912224280904,11.21429443,0.0,0.012271484,-0.261198759,2.086198759,6772.357619,803.538818,785.597778,0.0,0.0
473,4,0,0,193.2517,90.0,18.4,0.006666696,72.3196079575114,9.412536621,0.0,0.003834839,-0.190813303,2.015813303,6786.239477,771.052979,718.968201,0.0,0.0
474,4,0,0,182.5817,89.0,18.4,0.006657482,72.55204379108,8.618774414,0.0,-0.046976776,-0.10248065,1.92748065,6802.865919,1229.222412,839.193481,0.0,0.0
475,4,0,0,173.0283,89.0,18.4,0.006652761,72.7897042664916,8.662719727,0.0,-0.046976776,-0.069723845,1.894723845,6814.911611,752.767029,704.605591,0.0,0.0
476,4,0,0,170.0102,90.0,18.4,0.006653975,73.0414479314026,8.662719727,0.0,0.074395874,-0.11455369,1.93955369,6831.029679,1245.918579,829.196472,0.0,0.0
477,4,0,0,170.4797,89.0,18.4,0.006664454,73.2542014241174,8.662719727,0.0,0.009203613,-0.081543207,1.906543207,6845.183304,779.84668,693.630676,0.0,0.0
478,4,0,0,168.4636,90.0,18.3,0.006680148,73.504868102607,8.530883789,0.0,0.021475098,0.034628153,1.790371847,6861.41745,726.054199,689.550415,0.0,0.0
479,4,0,0,165.6013,89.0,18.3,0.006689853,73.7034527889344,7.959594727,0.0,-0.07305368,0.213570356,1.611429644,6875.672304,754.94873,704.813416,0.0,0.0
480,4,0,0,159.1951,89.0,18.3,0.006697204,73.8792557386888,8.003540039,0.0,-0.012463226,0.340267897,1.484732103,6892.018328,763.848877,686.388672,0.0,0.0
481,4,0,0,154.5452,88.0,18.3,0.006703138,74.0199654204032,7.388305664,0.0,-0.046976776,0.304921865,1.520078135,6906.362606,775.061096,688.151184,0.0,0.0
482,4,0,0,153.6476,91.0,18.3,0.006708758,74.167246053431,7.608032227,0.0,-0.003259613,0.190912485,1.634087515,6923.480881,752.536987,681.87738,0.0,0.0
483,4,0,0,156.2402,90.0,18.3,0.006711599,74.3031791335584,7.739868164,0.0,0.009203613,0.077933073,1.747066927,6935.14307,759.814087,714.791687,0.0,0.0
484,4,0,0,160.2975,89.0,18.3,0.006712798,74.4254470180646,7.256469727,0.0,0.067493164,-0.04067111,1.86567111,6952.32732,772.196594,710.64093,0.0,0.0
485,4,0,0,164.7175,89.0,18.3,0.006712048,74.5209162855446,7.168579102,0.0,0.049085938,-0.078946829,1.903946829,6966.101207,784.081726,694.177307,0.0,0.0
486,4,0,0,169.2334,90.0,18.2,0.006711848,74.6284468321216,7.080688477,0.0,0.00690271,-0.008643866,1.833643866,6983.345364,780.590576,680.239319,0.0,0.0
487,4,0,0,173.1902,89.0,18.2,0.006711092,74.629343250595,0.3515625,0.0,-0.036239227,0.103992224,1.721007776,6997.851784,781.604675,776.557617,0.0,0.0
488,4,0,0,176.6597,89.0,18.5,0.00669937,74.062551003,0.439453125,0.0,-0.058481293,0.171518564,1.653481436,7014.422296,774.147095,635.284302,0.0,0.0
489,4,0,0,179.3979,89.0,18.5,0.006672688,73.7139008656154,3.606262207,0.0,0.017640259,0.115446329,1.709553671,7028.825107,786.393982,645.602112,0.0,0.0
490,4,0,0,180.4468,89.0,18.5,0.006635646,73.5900059061824,4.660949707,0.0,-0.005560516,0.018270254,1.806729746,7043.154986,789.132202,646.378418,0.0,0.0
491,4,0,0,181.8645,90.0,18.5,0.006598999,73.5186408021402,4.748840332,0.0,0.0690271,-0.069041491,1.894041491,7057.461698,799.587402,666.55957,0.0,0.0
492,4,0,0,183.3046,89.0,18.7,0.006564626,73.4268124893828,4.88067627,0.0,0.009203613,-0.095830679,1.920830679,7074.47446,743.91449,746.941772,0.0,0.0
493,4,0,0,186.2544,89.0,18.7,0.006540531,73.3569301507496,4.968566895,0.0,-0.003259613,-0.116576433,1.941576433,7088.067076,765.943481,708.301575,0.0,0.0
494,4,0,0,188.5298,91.0,18.9,0.006518761,73.2644874885406,4.35333252,0.0,0.039882324,-0.136901617,1.961901617,7105.038411,766.47522,734.352173,0.0,0.0
495,4,0,0,191.0585,90.0,18.9,0.006508183,73.1154650668308,0.0,0.0,0.00690271,-0.080941916,1.905941916,7119.270996,768.468079,650.812012,0.0,0.0
496,4,0,0,193.0502,90.0,18.8,0.006512228,72.572620249051,0.0,13.48571777,-0.023200775,0.003492117,1.821507883,7135.439907,773.641418,692.027527,0.0,0.0
497,4,0,0,194.4693,89.0,18.8,0.006531819,72.1111725493242,0.0,14.95056152,-0.030870453,0.021547556,1.803452444,7149.478816,770.710327,672.106812,0.0,0.0
498,4,0,0,196.742,89.0,19.1,0.006565355,71.5652487583498,0.0,16.2689209,0.0,-0.015203238,1.840203238,7163.41662,770.526611,685.456482,0.0,0.0
499,4,0,0,198.0041,89.0,19.1,0.00661066,71.1266329583238,0.0,15.24353027,0.070561035,-0.089746714,1.914746714,7177.254182,761.813477,702.760803,0.0,0.0
500,4,0,0,199.928,88.0,19.2,0.006671509,70.6039171376214,0.0,11.28845215,0.078230713,-0.085349321,1.910349321,7192.946224,747.684204,709.930298,0.0,0.0
501,4,0,0,200.1441,88.0,19.2,0.006725408,70.2957345143662,5.982055664,0.0,-0.069218842,0.034990072,1.790009928,7206.616085,924.46167,732.506592,0.0,0.0
502,4,0,0,200.5777,89.0,19.4,0.006776355,70.3289274737342,5.627746582,0.0,0.00690271,0.127166986,1.697833014,7220.94322,1220.666992,796.059998,0.0,0.0
503,4,0,0,198.8546,88.0,19.4,0.006824179,70.3543580552,5.671691895,0.0,0.0690271,0.103939772,1.721060228,7233.972199,779.617493,664.365723,0.0,0.0
504,4,0,0,202.3309,88.0,19.6,0.006871378,70.3219678989976,3.606262207,0.0,0.017640259,0.13906312,1.68593688,7250.229332,751.843384,761.348328,0.0,0.0
505,4,0,0,205.0189,91.0,19.6,0.006903606,70.0784567806698,1.538085938,0.0,-0.045442841,0.240081549,1.584918451,7263.836269,741.833801,719.104187,0.0,0.0
506,4,0,0,207.0822,90.0,19.7,0.006932892,69.9753694769922,5.806274414,0.0,0.065192261,0.277409792,1.547590208,7279.389383,790.971924,679.478699,0.0,0.0
507,4,0,0,211.0952,90.0,19.7,0.006954427,70.0022370864242,5.364074707,0.0,-0.050811615,0.336175203,1.488824797,7292.983945,1317.955322,833.367615,0.0,0.0
508,4,0,0,213.7757,90.0,19.5,0.006976826,69.8849148324852,2.241210938,0.0,-0.045442841,0.362272978,1.462727022,7308.48079,790.578186,651.129517,0.0,0.0
509,4,0,0,215.0168,90.0,19.5,0.006997056,69.7277048130584,3.342590332,0.0,-0.032404388,0.303227663,1.521772337,7321.976739,818.841797,631.259094,0.0,0.0
510,4,0,0,218.5697,90.0,19.7,0.007024518,69.4113529868424,0.0,0.0,0.016106323,0.212017298,1.612982702,7337.361231,794.094177,607.159302,0.0,0.0
511,4,0,0,234.9514,90.0,19.7,0.007055358,69.1919869574686,6.992797852,0.0,-0.005560516,0.131677866,1.693322134,7351.503335,790.844727,662.248291,0.0,0.0
512,4,0,0,236.0328,90.0,19.8,0.00709653,69.3575462006286,7.168579102,0.0,-0.036239227,0.051359415,1.773640585,7366.352493,485.045105,819.589417,0.0,0.0
513,4,0,0,236.3675,91.0,19.8,0.00712873,69.5857919404798,8.662719727,0.0,0.050619873,-0.074201345,1.899201345,7380.609444,794.319214,653.457825,0.0,0.0
514,4,0,0,229.8481,90.0,19.6,0.00714875,69.8474580233476,8.135375977,0.0,0.02761084,-0.156110525,1.981110525,7396.219312,764.673279,654.583801,0.0,0.0
515,4,0,0,220.3517,91.0,19.6,0.007147985,70.0473806988576,7.959594727,0.0,-0.010162323,-0.124772787,1.949772787,7409.925021,801.220093,709.03949,0.0,0.0
516,4,0,0,198.8546,91.0,19.8,0.007133104,70.2867029787532,7.871704102,0.0,-0.005560516,-0.073370218,1.898370218,7425.647717,807.883972,715.98938,0.0,0.0
517,4,0,0,195.4958,92.0,19.8,0.007118582,70.4788550848204,8.223266602,0.0,0.03451355,-0.036267519,1.861267519,7439.460285,856.788696,621.231079,0.0,0.0
518,4,0,0,195.2896,92.0,19.9,0.007106394,70.7392386846422,8.442993164,0.0,0.010737549,0.025006056,1.799993944,7455.311541,794.137878,653.861694,0.0,0.0
519,4,0,0,197.1609,92.0,19.9,0.007097916,70.9923863055824,8.530883789,0.0,-0.019365936,0.093718767,1.731281233,7469.241286,794.107605,632.237,0.0,0.0
520,4,0,0,199.928,92.0,19.7,0.007092337,71.2685954468546,8.709411621,0.0,0.009203613,0.18399024,1.64100976,7485.224935,752.764221,729.868103,0.0,0.0
521,4,0,0,202.3309,92.0,19.7,0.007096084,71.535881087508,8.973083496,0.0,-0.005560516,0.250748873,1.574251127,7499.264116,1181.896606,678.524475,0.0,0.0
522,4,0,0,204.115,92.0,19.8,0.007110724,71.824230960993,8.662719727,0.0,-0.024734711,0.317163706,1.507836294,7516.038934,884.204224,700.758728,0.0,0.0
523,4,0,0,206.1601,91.0,19.8,0.007132715,72.0559732494886,8.662719727,0.0,0.019941162,0.339160204,1.485839796,7529.505324,519.119812,879.207825,0.0,0.0
524,4,0,0,207.5464,91.0,19.6,0.007173463,72.3282579186104,8.530883789,0.0,-0.043141937,0.356456518,1.468543482,7546.390507,816.080505,622.060608,0.0,0.0
525,4,0,0,209.1875,90.0,19.6,0.007223719,72.5401178413836,8.486938477,0.0,-0.016298065,0.322680235,1.502319765,7560.610292,857.521179,646.474915,0.0,0.0
526,4,0,0,210.137,89.0,19.5,0.007293879,72.7844419660926,8.399047852,0.0,0.013038452,0.260459185,1.564540815,7576.890195,829.039978,652.838928,0.0,0.0
527,4,0,0,211.3361,89.0,19.5,0.007364879,72.9795729604998,7.915649414,0.0,-0.013997162,0.183667898,1.641332102,7591.158229,833.721008,617.779175,0.0,0.0
528,4,0,0,212.7931,90.0,19.6,0.007463988,73.1515427842422,7.168579102,0.0,0.02761084,0.08252883,1.74247117,7607.493004,785.839417,660.606873,0.0,0.0
529,4,0,0,214.0228,89.0,19.6,0.007576372,73.2592495374558,7.036743164,0.0,0.023776001,0.008239508,1.816760492,7621.81277,774.368591,707.902405,0.0,0.0
530,4,0,0,215.2667,89.0,19.5,0.007733653,73.3787917471776,7.080688477,0.0,0.017640259,-0.031167746,1.856167746,7638.21107,823.156006,662.166016,0.0,0.0
531,4,0,0,216.02,90.0,19.5,0.007877363,73.490673884741,7.300415039,0.0,-0.010162323,-0.040473223,1.865473223,7653.275497,510.719208,948.33783,0.0,0.0
532,4,0,0,218.0549,92.0,19.3,0.008015717,73.6252698608228,7.344360352,0.0,-0.017832001,-0.037237883,1.862237883,7669.053046,768.988403,684.99762,0.0,0.0
533,4,0,0,219.3463,92.0,19.3,0.008090734,73.7564472607832,7.432250977,0.0,0.037581421,-0.052891016,1.877891016,7684.165213,756.596375,683.698914,0.0,0.0
534,4,0,0,220.1286,92.0,19.5,0.008114385,73.911771777466,7.651977539,0.0,-0.02856955,0.037876368,1.787123632,7700.668556,1139.259155,741.311829,0.0,0.0
535,4,0,0,221.1802,90.0,19.5,0.008089678,74.0467695252788,7.212524414,0.0,-0.061549164,0.188774347,1.636225653,7715.1147,892.878174,644.562195,0.0,0.0
536,4,0,0,235.0342,91.0,19.6,0.008023909,74.14955755609,7.124633789,0.0,0.008436646,0.264552832,1.560447168,7731.626834,853.173096,689.803223,0.0,0.0
537,4,0,0,235.4492,91.0,19.6,0.007946081,74.230870505661,6.992797852,0.0,0.012271484,0.188600779,1.636399221,7746.078492,804.244019,696.180603,0.0,0.0
538,4,0,0,236.2837,89.0,19.5,0.00785153,74.2926400647938,6.113891602,0.0,0.063658325,0.022302866,1.802697134,7762.562285,794.819824,679.72998,0.0,0.0
539,4,0,0,236.9556,90.0,19.5,0.007776044,74.2972612846038,5.938110352,0.0,-0.005560516,-0.029434919,1.854434919,7777.56559,924.947021,655.86853,0.0,0.0
540,4,0,0,237.8008,91.0,19.6,0.007705404,74.3141393344142,6.289672852,0.0,-0.013997162,0.04033637,1.78466363,7793.21278,1006.121582,677.874084,0.0,0.0
541,4,0,0,239.1658,91.0,19.6,0.007661709,74.3285923341522,5.715637207,0.0,-0.034705292,0.12603879,1.69896121,7808.176216,796.602112,743.462585,0.0,0.0
542,4,0,0,239.6817,90.0,19.8,0.007631872,74.0967296509312,0.0,0.0,-0.058481293,0.177410364,1.647589636,7824.506876,787.055725,692.600891,0.0,0.0
543,4,0,0,240.0269,91.0,19.8,0.007605999,73.5962946758202,2.504882813,0.0,-0.012463226,0.120661497,1.704338503,7838.801396,835.49353,695.14209,0.0,0.0
544,4,0,0,241.1556,91.0,19.9,0.00755546,73.4762076562282,5.58380127,0.0,0.00690271,0.02102828,1.80397172,7855.142782,823.583801,595.977417,0.0,0.0
545,4,0,0,242.6478,93.0,19.9,0.007500994,73.4604398900838,5.58380127,0.0,0.036047485,-0.018720388,1.843720388,7869.443221,1324.39978,856.225098,0.0,0.0
546,4,0,0,244.4271,92.0,20.0,0.007446342,73.4847807713422,7.080688477,0.0,0.023009033,0.034036875,1.790963125,7885.784969,999.944702,710.326111,0.0,0.0
547,4,0,0,246.0509,91.0,20.0,0.007405745,73.5159153526634,6.026000977,0.0,-0.016298065,0.11776185,1.70723815,7900.082568,1210.007324,796.290588,0.0,0.0
548,4,0,0,246.9624,92.0,20.1,0.007369597,73.537208594577,6.026000977,0.0,-0.052345551,0.275158167,1.549841833,7914.379046,790.096191,672.929993,0.0,0.0
549,4,0,0,247.5125,92.0,20.1,0.007334929,73.5481254076264,5.850219727,0.0,-0.046976776,0.406426668,1.418573332,7930.715821,771.658813,645.337891,0.0,0.0
550,4,0,0,248.9916,91.0,20.2,0.007306287,73.5474513677542,5.671691895,0.0,-0.063083099,0.399727583,1.425272417,7945.689686,818.999329,638.365173,0.0,0.0
551,4,0,0,250.3004,92.0,20.2,0.007269056,73.536774555579,5.671691895,0.0,0.025309937,0.320487738,1.504512262,7962.022416,1183.728516,713.407715,0.0,0.0
552,4,0,0,251.623,91.0,20.3,0.007232773,73.5324449803638,5.715637207,0.0,0.021475098,0.248821974,1.576178026,7976.310698,981.286987,684.319702,0.0,0.0
553,4,0,0,253.1517,91.0,20.3,0.007194801,73.5230075209226,5.671691895,0.0,0.030678711,0.225388288,1.599611712,7992.637165,783.78717,724.610107,0.0,0.0
554,4,0,0,254.0199,91.0,20.0,0.007170885,73.5158795931286,5.715637207,0.0,0.003834839,0.242425203,1.582574797,8006.920364,794.913208,920.545776,0.0,0.0
555,4,0,0,254.9915,91.0,20.0,0.007154696,73.508133373,5.671691895,0.0,0.052920776,0.237221479,1.587778521,8023.24057,790.175476,671.606628,0.0,0.0
556,4,0,0,256.1672,90.0,19.8,0.007147726,73.4990322817122,5.671691895,0.0,0.050619873,0.228753328,1.596246672,8037.518217,769.682678,637.771484,0.0,0.0
557,4,0,0,257.5527,91.0,19.8,0.007140308,73.4841556393126,5.58380127,0.0,-0.050811615,0.288508654,1.536491346,8053.832972,789.08252,662.562988,0.0,0.0
558,4,0,0,258.5516,90.0,20.0,0.007124677,73.4715390091684,5.627746582,0.0,0.019941162,0.310943365,1.514056635,8068.106282,957.052979,779.335327,0.0,0.0
559,4,0,0,260.2676,90.0,20.0,0.007094677,73.4589770161172,5.627746582,0.0,-0.02856955,0.348287344,1.476712656,8085.095803,822.19873,703.892395,0.0,0.0
560,4,0,0,260.7766,90.0,19.8,0.007067457,73.4444632637942,5.627746582,0.0,0.003834839,0.341320276,1.483679724,8098.68622,793.366272,739.962219,0.0,0.0
561,4,0,0,260.7766,91.0,19.8,0.007047945,73.4321118850688,5.627746582,0.0,-0.013997162,0.278009653,1.546990347,8115.673986,762.723083,686.835693,0.0,0.0
562,4,0,0,262.1095,91.0,19.6,0.007042882,73.4215057551064,5.627746582,0.0,-0.005560516,0.206903696,1.618096304,8129.943475,843.213806,593.390503,0.0,0.0
563,4,0,0,261.3901,89.0,19.6,0.007042141,73.4106239612954,5.627746582,0.0,0.019941162,0.151754618,1.673245382,8146.250706,805.21521,621.579285,0.0,0.0
564,4,0,0,261.083,90.0,19.4,0.007039613,73.3997913328214,5.627746582,0.0,0.00690271,0.134332895,1.690667105,8160.517538,781.150085,640.797607,0.0,0.0
565,4,0,0,260.6746,91.0,19.4,0.007032647,73.3920600151812,5.715637207,0.0,0.017640259,0.149007559,1.675992441,8176.820223,866.855774,592.056519,0.0,0.0
566,4,0,0,259.6593,91.0,19.3,0.007023803,73.3907805255076,5.75958252,0.0,-0.030870453,0.201891184,1.623108816,8191.067924,775.775879,642.0177,0.0,0.0
567,4,0,0,255.8723,92.0,19.3,0.007014753,73.3896748284606,5.75958252,0.0,0.010737549,0.241812944,1.583187056,8207.246069,786.302917,661.361511,0.0,0.0
568,4,0,0,251.718,91.0,19.2,0.007011219,73.3877038697626,5.715637207,0.0,-0.016298065,0.264743567,1.560256433,8221.331147,775.801086,693.742004,0.0,0.0
569,4,0,0,248.6202,91.0,19.2,0.007012142,73.381785377072,5.671691895,0.0,-0.044675873,0.263626814,1.561373186,8237.357353,763.250305,656.469482,0.0,0.0
570,4,0,0,245.9601,90.0,19.1,0.007013664,73.3739721601192,5.671691895,0.0,0.030678711,0.175144434,1.649855566,8251.933202,787.14679,634.210327,0.0,0.0
571,4,0,0,244.6962,90.0,19.1,0.007012943,73.3606757769458,5.58380127,0.0,0.0,0.086656809,1.738343191,8267.053011,781.80542,638.74353,0.0,0.0
572,4,0,0,243.8905,90.0,19.0,0.007014484,73.1990906379818,0.219726563,0.0,0.012271484,0.005799055,1.819200945,8281.404786,798.382202,632.340576,0.0,0.0
573,4,0,0,245.4168,89.0,19.0,0.007025919,72.6579001090682,0.0,0.0,0.008436646,-0.081694841,1.906694841,8296.96362,0.0,0.0,0.0,0.0
574,4,0,0,246.7795,90.0,19.2,0.007043398,72.4099011208428,3.65020752,0.0,0.032212646,-0.144036531,1.969036531,8310.576972,758.876099,673.237671,0.0,0.0
575,4,0,0,248.8057,89.0,19.2,0.007062343,72.0234218374182,0.0,0.0,-0.008628387,-0.171851873,1.996851873,8326.179377,795.851624,643.418579,0.0,0.0
576,4,0,0,250.3944,90.0,19.1,0.007067915,71.5283897224618,0.0,0.0,0.091269165,-0.176584959,2.001584959,8340.543404,550.312683,872.149475,0.0,0.0
577,4,0,0,251.2437,90.0,19.1,0.007054557,70.9856158282958,0.0,0.0,-0.036239227,-0.028766394,1.853766394,8355.611004,772.133484,679.52179,0.0,0.0
578,4,0,0,251.528,90.0,19.0,0.007026364,70.5169264365304,0.0,0.0,0.018407227,0.110316515,1.714683485,8370.051566,755.792175,665.800293,0.0,0.0
579,4,0,0,252.0034,90.0,19.0,0.006979597,70.010774345443,3.386535645,0.0,-0.068451874,0.198323965,1.626676035,8385.8333,736.750671,693.559814,0.0,0.0
580,4,0,0,254.0199,90.0,19.2,0.006932001,69.9908405130274,5.715637207,0.0,-0.015531097,0.1380198,1.6869802,8399.665302,783.354797,651.433411,0.0,0.0
581,4,0,0,255.089,91.0,19.2,0.006882913,70.1222558378134,8.753356934,0.0,-0.008628387,0.002236128,1.822763872,8415.496493,780.597778,791.322327,0.0,0.0
582,4,0,0,255.1867,91.0,19.3,0.006854918,70.3987994643112,8.399047852,0.0,0.079764648,-0.114819288,1.939819288,8429.370045,838.854309,632.362488,0.0,0.0
583,4,0,0,256.0688,92.0,19.3,0.006840936,70.6814440343754,8.267211914,0.0,0.098171875,-0.162907362,1.987907362,8445.246939,1130.709351,715.61969,0.0,0.0
584,4,0,0,257.8516,91.0,19.5,0.00683448,70.8390469902566,6.860961914,0.0,-0.045442841,0.014992476,1.810007524,8459.154787,772.936707,662.871216,0.0,0.0
585,4,0,0,260.2676,91.0,19.5,0.006820734,70.9539190079522,6.685180664,0.0,-0.02166684,0.210326433,1.614673567,8475.726309,945.641785,667.454773,0.0,0.0
586,4,0,0,262.2125,91.0,19.6,0.006803872,71.063913003454,6.729125977,0.0,-0.033938324,0.245746851,1.579253149,8488.992844,847.531128,687.240906,0.0,0.0
587,4,0,0,262.5223,90.0,19.6,0.006790218,71.1766401410778,6.465454102,0.0,0.001533936,0.23753953,1.58746047,8505.594057,799.826904,653.11853,0.0,0.0
588,4,0,0,260.2676,90.0,19.8,0.006788253,71.2712571342806,6.597290039,0.0,-0.015531097,0.223519564,1.601480436,8518.889687,1322.166992,843.923401,0.0,0.0
589,4,0,0,257.7519,91.0,19.8,0.006796574,71.382240374987,6.553344727,0.0,0.037581421,0.189708948,1.635291052,8535.525058,545.763794,872.974121,0.0,0.0
590,4,0,0,256.2657,91.0,19.9,0.006811894,71.4634907695122,6.333618164,0.0,-0.013997162,0.156697035,1.668302965,8549.510205,522.756897,866.473389,0.0,0.0
591,4,0,0,257.6523,90.0,19.9,0.006835207,71.5443350953686,6.245727539,0.0,0.014572388,0.111060381,1.713939619,8565.506031,555.866699,850.738586,0.0,0.0
592,4,0,0,260.166,90.0,20.0,0.006858224,71.5979417601534,6.113891602,0.0,0.019941162,0.09005332,1.73494668,8579.511652,523.191406,825.284485,0.0,0.0
593,4,0,0,263.144,91.0,20.0,0.006888398,71.6495738291318,6.333618164,0.0,-0.020132904,0.074016809,1.750983191,8595.52781,832.560608,743.222229,0.0,0.0
594,4,0,0,265.6607,91.0,20.1,0.006916593,71.7218740079942,6.421508789,0.0,-0.023200775,0.026716948,1.798283052,8609.549965,987.486328,707.239624,0.0,0.0
595,4,0,0,267.6874,91.0,20.1,0.006942121,71.8058051928112,6.333618164,0.0,0.054454712,-0.072464705,1.897464705,8625.585797,569.151184,868.437012,0.0,0.0
596,4,0,0,269.6363,91.0,20.2,0.00695297,71.8656877364204,6.201782227,0.0,-0.005560516,-0.115064859,1.940064859,8640.292825,553.35553,828.827576,0.0,0.0
597,4,0,0,271.503,91.0,20.2,0.006957826,71.9275223289826,6.157836914,0.0,0.012271484,-0.104952574,1.929952574,8655.67402,919.264587,663.147278,0.0,0.0
598,4,0,0,273.1718,91.0,20.3,0.006966075,71.9815944953624,6.069946289,0.0,-0.008628387,-0.089280367,1.914280367,8670.389033,1203.206543,756.512512,0.0,0.0
599,4,0,0,274.9746,90.0,20.3,0.00698933,72.0290669998032,5.938110352,0.0,-0.007094452,-0.055539846,1.880539846,8686.444228,572.871216,821.131287,0.0,0.0
600,4,0,0,277.7238,90.0,20.1,0.007022501,72.0714798519378,6.026000977,0.0,0.016106323,-0.023070574,1.848070574,8700.492438,778.977417,694.458984,0.0,0.0
601,4,0,0,278.4197,90.0,20.1,0.007064224,72.1114063864262,6.201782227,0.0,0.019941162,0.061867952,1.763132048,8716.49725,856.947693,668.641602,0.0,0.0
602,4,0,0,276.9163,90.0,19.9,0.007090531,72.1571586351542,6.069946289,0.0,0.026843872,0.147073507,1.677926493,8730.409355,1213.415405,793.645386,0.0,0.0
603,4,0,0,274.9746,90.0,19.9,0.007098929,72.1951070332882,6.026000977,0.0,0.017640259,0.248695612,1.576304388,8746.224538,763.242188,701.630188,0.0,0.0
604,4,0,0,272.1681,90.0,20.0,0.007085251,72.2208514521474,5.850219727,0.0,0.001533936,0.3309443,1.4940557,8759.989037,849.144714,644.793396,0.0,0.0
605,4,0,0,270.5115,90.0,20.0,0.007049869,72.2396280564492,5.671691895,0.0,-0.066917938,0.381348372,1.443651628,8776.318069,907.760986,624.525818,0.0,0.0
606,4,0,0,262.6257,91.0,19.8,0.007007621,72.2491303883858,5.715637207,0.0,0.029144775,0.284058332,1.540941668,8789.379498,711.142517,390.750305,0.0,0.0
607,4,0,0,246.9624,90.0,19.8,0.006952709,72.2601342023556,5.58380127,0.0,0.046785034,0.150710821,1.674289179,8805.769136,926.1474,732.90802,0.0,0.0
608,4,0,0,234.4556,90.0,19.6,0.006908707,72.1992897884152,3.82598877,0.0,0.036047485,0.116324186,1.708675814,8818.963922,779.572327,676.856689,0.0,0.0
609,4,0,0,229.5315,90.0,19.6,0.006873084,71.7064834067722,0.087890625,0.0,0.018407227,0.132470846,1.692529154,8835.541177,1311.21875,849.448608,0.0,0.0
610,4,0,0,230.9629,90.0,19.7,0.006853372,71.329179067248,0.87890625,0.0,-0.000959,0.173850775,1.651149225,8849.524853,788.521729,660.727112,0.0,0.0
611,4,0,0,234.5381,90.0,19.7,0.006840368,71.0120811671014,2.592773438,0.0,-0.001725677,0.201160669,1.623839331,8865.552533,764.034119,562.597778,0.0,0.0
612,4,0,0,238.8231,90.0,19.6,0.00683629,70.6608036051394,3.342590332,0.0,0.021475098,0.169488668,1.655511332,8879.625688,879.835022,679.442078,0.0,0.0
613,4,0,0,243.1788,91.0,19.6,0.006832855,70.5105815009266,5.144348145,0.0,0.065959229,0.098759413,1.726240587,8895.763617,792.600403,635.212708,0.0,0.0
614,4,0,0,246.4147,91.0,19.4,0.00682417,70.5461982550818,6.817016602,0.0,0.023776001,0.092512846,1.732487154,8909.931025,788.658813,773.358521,0.0,0.0
615,4,0,0,249.3641,90.0,19.4,0.006813694,70.862071914197,11.21429443,0.0,-0.044675873,0.173355341,1.651644659,8926.176136,792.924011,617.539917,0.0,0.0
616,4,0,0,252.1941,91.0,19.6,0.006815057,71.2752920232484,10.15960693,0.0,-0.050811615,0.252115965,1.572884035,8941.114834,829.790527,633.154297,0.0,0.0
617,4,0,0,254.9915,90.0,19.6,0.006832011,71.6337434596614,9.192810059,0.0,-0.015531097,0.252325773,1.572674227,8956.77879,915.966614,696.104919,0.0,0.0
618,4,0,0,257.5527,90.0,19.4,0.006854273,71.907948988727,8.929138184,0.0,0.029144775,0.181708574,1.643291426,8971.803533,813.7005,666.886902,0.0,0.0
619,4,0,0,259.5582,91.0,19.4,0.006879881,72.1122388658214,8.179321289,0.0,0.030678711,0.077781439,1.747218561,8988.242707,1236.293457,857.669983,0.0,0.0
620,4,0,0,261.1853,90.0,19.6,0.006901255,72.341868654166,8.618774414,0.0,-0.000959,0.042215586,1.782784414,9002.668827,1317.16626,867.763184,0.0,0.0
621,4,0,0,263.3519,91.0,19.6,0.006927722,72.6018978129462,8.223266602,0.0,0.047552002,0.0219419,1.8030581,9019.201617,1304.490601,864.423828,0.0,0.0
622,4,0,0,265.4491,91.0,19.7,0.006952871,72.8060350924218,8.442993164,0.0,-0.024734711,0.023906946,1.801093054,9034.398426,510.833313,821.270691,0.0,0.0
623,4,0,0,270.0732,91.0,19.7,0.0069813,73.0444004748468,8.442993164,0.0,0.038348389,0.019464254,1.805535746,9050.325857,1206.188599,772.024719,0.0,0.0
624,4,0,0,274.5216,91.0,19.5,0.007000141,73.248972018628,8.399047852,0.0,0.072861938,0.022149324,1.802850676,9065.579031,839.740173,710.766113,0.0,0.0
625,4,0,0,275.6568,91.0,19.5,0.007008735,73.4632632196194,8.047485352,0.0,-0.044675873,0.107599497,1.717400503,9082.114422,1008.279419,658.031982,0.0,0.0
626,4,0,0,272.8364,91.0,19.7,0.007008906,73.6373832825358,7.959594727,0.0,-0.049277679,0.167286634,1.657713366,9096.477767,553.5896,875.082825,0.0,0.0
627,4,0,0,264.7113,91.0,19.7,0.007012412,73.851845588556,8.311157227,0.0,-0.050811615,0.214257956,1.610742044,9112.864977,501.454498,868.651184,0.0,0.0
628,4,0,0,256.2657,92.0,19.8,0.007028059,74.0443974707726,8.267211914,0.0,0.051386841,0.199219942,1.625780058,9127.199864,786.616394,622.736511,0.0,0.0
629,4,0,0,252.0034,91.0,19.8,0.007065465,74.2613212784162,8.267211914,0.0,-0.003259613,0.190203428,1.634796572,9143.577648,817.764771,579.98761,0.0,0.0
630,4,0,0,242.0311,91.0,19.6,0.007104206,74.4468151586618,8.179321289,0.0,0.043717163,0.188757658,1.636242342,9157.902531,783.016602,644.615906,0.0,0.0
631,4,0,0,235.6157,92.0,19.6,0.007130156,74.6579439260862,8.091430664,0.0,-0.043141937,0.20210433,1.62289567,9174.267395,882.236023,700.268982,0.0,0.0
632,4,0,0,237.9706,91.0,19.8,0.007126634,74.8187594625688,8.047485352,0.0,-0.016298065,0.20583415,1.61916585,9188.581326,792.723389,715.091125,0.0,0.0
633,4,0,0,242.119,90.0,19.8,0.007095563,74.9004396152476,0.0,0.0,-0.012463226,0.087663412,1.737336588,9205.608936,1214.311768,711.981201,0.0,0.0
634,4,0,0,247.1455,90.0,19.9,0.007054496,74.3590449737418,0.0,0.0,0.088968262,-0.055656672,1.880656672,9219.186271,793.457275,661.078186,0.0,0.0
635,4,0,0,244.6064,90.0,19.9,0.007012361,73.7653902826962,5.539855957,0.0,-0.019365936,-0.085363626,1.910363626,9236.033604,736.322998,695.8396,0.0,0.0
636,4,0,0,239.3375,90.0,19.7,0.006991645,73.7466189087494,5.58380127,0.0,0.001533936,-0.005342722,1.830342722,9250.076432,776.216919,732.508606,0.0,0.0
637,4,0,0,233.7978,90.0,19.7,0.006982914,73.7261309644784,5.58380127,0.0,-0.041608002,0.118595362,1.706404638,9266.014853,764.950073,716.093018,0.0,0.0
638,4,0,0,232.6555,88.0,19.8,0.006979078,73.703757018568,5.58380127,0.0,-0.07305368,0.16770196,1.65729804,9279.860836,771.400085,658.678589,0.0,0.0
639,4,0,0,233.2253,90.0,19.8,0.00697161,73.6787563079096,5.495910645,0.0,-0.034705292,0.112416029,1.712583971,9293.608739,1180.431763,767.768982,0.0,0.0
640,4,0,0,232.6555,90.0,19.9,0.00694967,73.6478405324548,5.58380127,0.0,0.012271484,0.000756,1.824244452,9309.2401,805.59259,727.99231,0.0,0.0
641,4,0,0,225.4944,90.0,19.9,0.00691179,73.623404281708,5.58380127,0.0,0.023776001,-0.095456839,1.920456839,9322.886097,555.513611,717.338989,0.0,0.0
642,4,0,0,220.4974,90.0,19.8,0.006849049,73.5842510672764,5.100402832,0.0,-0.000959,-0.124452829,1.949452829,9339.140281,586.208801,845.062195,0.0,0.0
643,4,0,0,207.314,91.0,19.8,0.006791569,73.4321998515932,1.142578125,0.0,-0.013997162,-0.034344435,1.859344435,9352.155336,791.330627,801.480103,0.0,0.0
644,4,0,0,209.1875,91.0,19.9,0.006742103,72.8690546581194,0.0,0.0,-0.030103485,0.020404577,1.804595423,9368.434376,804.308899,635.858826,0.0,0.0
645,4,0,0,208.0126,91.0,19.9,0.006717222,72.3722182477154,0.17578125,0.0,-0.048510712,0.031835318,1.793164682,9381.464907,776.114685,659.590698,0.0,0.0
646,4,0,0,202.9962,91.0,19.7,0.006698351,71.8317269609384,0.791015625,0.0,0.063658325,-0.003507853,1.828507853,9397.76182,787.158813,632.149902,0.0,0.0
647,4,0,0,200.5777,91.0,19.7,0.006678651,71.4029983826034,0.0,0.0,0.012271484,0.025505781,1.799494219,9411.465708,903.679871,675.019287,0.0,0.0
648,4,0,0,201.0131,90.0,19.5,0.006650841,70.845633391234,0.087890625,0.0,-0.001725677,0.156101465,1.668898535,9427.14587,1210.813843,790.565918,0.0,0.0
649,4,0,0,202.9962,90.0,19.5,0.006629329,70.4257782952306,3.386535645,0.0,-0.049277679,0.233412981,1.591587019,9440.878863,766.370117,686.941223,0.0,0.0
650,4,0,0,206.6201,90.0,19.7,0.006614592,70.1995211041636,3.82598877,0.0,0.008436646,0.196628809,1.628371191,9456.591444,535.073425,871.791016,0.0,0.0
651,4,0,0,210.3757,90.0,19.7,0.006607926,70.186287919772,5.850219727,0.0,0.038348389,0.197027445,1.627972555,9470.360473,556.135986,852.98877,0.0,0.0
652,4,0,0,213.2833,92.0,19.8,0.006599872,70.2651665977524,5.938110352,0.0,-0.036239227,0.191713095,1.633286905,9486.129656,564.688171,856.725281,0.0,0.0
653,4,0,0,216.2723,92.0,19.8,0.006586109,70.3088472557522,5.850219727,0.0,0.049085938,0.153699636,1.671300364,9500.621951,557.392212,869.402588,0.0,0.0
654,4,0,0,218.828,93.0,19.6,0.006560891,70.351516684963,5.715637207,0.0,0.005368774,0.095034361,1.729965639,9515.814676,1241.2146,799.804993,0.0,0.0
655,4,0,0,235.2,92.0,19.6,0.006539233,70.3874156368872,5.715637207,0.0,-0.001725677,0.064304113,1.760695887,9530.388267,806.292908,761.314087,0.0,0.0
656,4,0,0,237.9706,92.0,19.8,0.0065276,70.4350575726432,6.333618164,0.0,-0.003259613,0.039955378,1.785044622,9546.330717,782.318176,727.294922,0.0,0.0
657,4,0,0,240.1133,92.0,19.8,0.006533438,70.5172048201636,6.201782227,0.0,0.001533936,0.013315916,1.811684084,9560.317404,932.449402,696.11853,0.0,0.0
658,4,0,0,242.7361,93.0,19.6,0.006561109,70.5972483223426,5.938110352,0.0,0.013038452,0.022011042,1.802988958,9576.344603,766.895325,758.335327,0.0,0.0
659,4,0,0,245.6882,92.0,19.6,0.006600725,70.658246830588,6.157836914,0.0,0.017640259,0.114109278,1.710890722,9590.405262,805.7005,680.780701,0.0,0.0
660,4,0,0,247.8806,92.0,19.4,0.006645534,70.7526880677694,6.553344727,0.0,-0.024734711,0.238742113,1.586257887,9606.516641,800.352295,677.782104,0.0,0.0
661,4,0,0,249.4574,93.0,19.4,0.006663758,70.8472328016062,6.597290039,0.0,-0.030103485,0.315337896,1.509662104,9621.324435,786.921509,667.026611,0.0,0.0
662,4,0,0,248.3423,92.0,19.6,0.006643523,71.0283453502622,6.904907227,0.0,0.058289551,0.329485655,1.495514345,9637.520898,775.601929,673.840881,0.0,0.0
663,4,0,0,247.0539,91.0,19.6,0.00659285,71.1956031391384,7.300415039,0.0,-0.012463226,0.387827158,1.437172842,9651.728262,779.993774,751.443115,0.0,0.0
664,4,0,0,246.6882,91.0,19.7,0.006518683,71.4051775094304,7.695922852,0.0,-0.061549164,0.448758841,1.376241159,9668.004921,1249.61145,813.689392,0.0,0.0
665,4,0,0,247.6044,93.0,19.7,0.006456612,71.589199487312,7.608032227,0.0,0.017640259,0.410388708,1.414611292,9682.278122,1254.859131,534.21051,0.0,0.0
666,4,0,0,249.0846,93.0,19.8,0.006400879,71.7905351311552,7.608032227,0.0,-0.020132904,0.300336123,1.524663877,9698.617768,613.4151,387.071411,0.0,0.0
667,4,0,0,250.7711,91.0,19.8,0.006370449,71.9651267306916,7.608032227,0.0,0.0,0.222183943,1.602816057,9712.939691,517.074219,829.209473,0.0,0.0
668,4,0,0,252.7678,92.0,20.0,0.006360033,72.164878349453,7.608032227,0.0,-0.010162323,0.149677038,1.675322962,9729.335682,824.533691,657.623779,0.0,0.0
669,4,0,0,254.6992,92.0,20.0,0.006372329,72.3378042338092,7.695922852,0.0,-0.003259613,0.134844542,1.690155458,9743.706306,939.03418,547.481018,0.0,0.0
670,4,0,0,255.3822,94.0,19.8,0.006402784,72.542542408654,7.695922852,0.0,0.001533936,0.124663591,1.700336409,9760.843504,867.644287,670.926086,0.0,0.0
671,4,0,0,255.7741,93.0,19.8,0.006433039,72.716053159353,7.695922852,0.0,0.009203613,0.143334627,1.681665373,9774.576352,744.151489,670.65033,0.0,0.0
672,4,0,0,256.4629,93.0,19.6,0.006462987,72.916902010033,7.651977539,0.0,-0.004793549,0.18292594,1.64207406,9791.770451,1290.285767,778.095825,0.0,0.0
673,4,0,0,258.5516,93.0,19.6,0.006481769,73.0838504193876,7.695922852,0.0,-0.025501678,0.219107389,1.605892611,9806.235474,816.160095,671.508911,0.0,0.0
674,4,0,0,260.2676,93.0,19.7,0.006487148,73.2771013828068,7.651977539,0.0,-0.019365936,0.250797033,1.574202967,9822.786797,789.905273,758.249207,0.0,0.0
675,4,0,0,262.8328,92.0,19.7,0.006472679,73.4187197783522,6.948852539,0.0,0.008436646,0.256815195,1.568184805,9837.271519,777.104187,738.06073,0.0,0.0
676,4,0,0,264.7113,92.0,19.6,0.006443077,73.5521929661962,7.212524414,0.0,-0.024734711,0.240525007,1.584474993,9853.817649,889.112488,640.447815,0.0,0.0
677,4,0,0,266.2974,92.0,19.6,0.006422776,73.6696337319328,7.168579102,0.0,0.001533936,0.186250925,1.638749075,9868.285786,764.808411,668.059875,0.0,0.0
678,4,0,0,267.6874,92.0,19.7,0.006424048,73.801570128824,7.212524414,0.0,0.026843872,0.11826539,1.70673461,9884.808064,555.12262,798.675293,0.0,0.0
679,4,0,0,268.875,92.0,19.7,0.006450377,73.9151445034908,7.212524414,0.0,0.010737549,0.104781389,1.720218611,9899.254853,808.008972,606.197876,0.0,0.0
680,4,0,0,269.7454,91.0,19.8,0.006501979,74.0451244418374,7.212524414,0.0,-0.010929291,0.134871244,1.690128756,9915.759796,872.715698,718.32428,0.0,0.0
681,4,0,0,270.7312,91.0,19.8,0.006556765,74.1598206069512,7.256469727,0.0,-0.012463226,0.17344451,1.65155549,9930.89961,790.934998,686.670105,0.0,0.0
682,4,0,0,272.1681,92.0,19.7,0.006616693,74.290811500499,7.168579102,0.0,-0.02166684,0.207594633,1.617405367,9947.424315,800.767395,718.152527,0.0,0.0
683,4,0,0,273.6203,92.0,19.7,0.006657988,74.391751477908,7.124633789,0.0,0.009203613,0.225236654,1.599763346,9961.882865,1333.393555,842.282288,0.0,0.0
684,4,0,0,275.2016,91.0,19.5,0.00669496,74.490665939993,6.773071289,0.0,-0.007094452,0.216141939,1.608858061,9978.405618,1177.055786,687.520874,0.0,0.0
685,4,0,0,276.3423,90.0,19.5,0.006725572,74.4975552187584,5.671691895,0.0,-0.004793549,0.172871351,1.652128649,9992.867172,932.392578,633.678711,0.0,0.0
686,4,0,0,276.3423,90.0,19.4,0.006756158,74.45810183023,5.58380127,0.0,-0.012463226,0.112815619,1.712184381,10009.40618,782.200012,663.210999,0.0,0.0
687,4,0,0,276.5716,90.0,19.4,0.006773313,74.4099205402664,5.58380127,0.0,0.016106323,0.038519621,1.786480379,10023.88469,786.607727,691.845703,0.0,0.0
688,4,0,0,277.4926,90.0,19.2,0.006789653,74.3532212068036,5.05645752,0.0,0.037581421,-0.012714624,1.837714624,10040.3274,851.415771,683.723694,0.0,0.0
689,4,0,0,279.0023,91.0,19.2,0.006811458,74.3044663802508,5.58380127,0.0,0.04141626,0.012831926,1.812168074,10054.66281,824.915405,677.425476,0.0,0.0
690,4,0,0,280.7648,91.0,19.4,0.006843312,74.2714692936542,5.58380127,0.0,-0.025501678,0.119017363,1.705982637,10071.7322,1208.804565,773.86969,0.0,0.0
691,4,0,0,281.833,90.0,19.4,0.006866795,74.3206967350848,6.597290039,0.0,0.012271484,0.224089861,1.600910139,10085.38871,1172.258423,604.948486,0.0,0.0
692,4,0,0,281.2386,91.0,19.6,0.006884942,74.3636703939292,6.113891602,0.0,-0.057714325,0.332226992,1.492773008,10102.44723,1187.584229,617.799316,0.0,0.0
693,4,0,0,281.7139,92.0,19.6,0.006898134,74.3669225964814,5.715637207,0.0,-0.058481293,0.332740545,1.492259455,10114.65868,761.30188,656.081299,0.0,0.0
694,4,0,0,281.595,92.0,19.4,0.006921538,74.3576120495926,5.982055664,0.0,0.056755615,0.16696763,1.65803237,10130.91404,806.73053,829.953674,0.0,0.0
695,4,0,0,282.9094,92.0,19.4,0.00694599,74.3703406898008,6.157836914,0.0,0.04141626,0.06295228,1.76204772,10145.13474,561.260925,823.382813,0.0,0.0
696,4,0,0,284.7218,91.0,19.6,0.006970418,74.4173882319212,6.641235352,0.0,0.013038452,0.074958086,1.750041914,10161.38401,764.808899,775.621277,0.0,0.0
697,4,0,0,285.943,90.0,19.6,0.006978628,74.5056473343332,6.773071289,0.0,-0.025501678,0.122344255,1.702655745,10175.5999,768.710815,676.9729,0.0,0.0
698,4,0,0,287.4224,92.0,19.7,0.006964811,74.020251432308,0.0,0.0,-0.050811615,0.106522322,1.718477678,10192.52065,779.475281,751.581116,0.0,0.0
699,4,0,0,288.2924,92.0,19.7,0.006934341,73.7231666728522,5.894165039,0.0,-0.027035614,0.024360895,1.800639105,10206.0551,798.506897,682.42688,0.0,0.0
700,4,0,0,289.6704,92.0,19.5,0.006884974,73.7456581005826,6.026000977,0.0,0.098171875,-0.055741072,1.880741072,10222.9706,776.20459,660.315186,0.0,0.0
701,4,0,0,290.8076,92.0,19.5,0.0068351,73.7486546594758,5.806274414,0.0,-0.048510712,0.044718027,1.780281973,10237.17719,842.287476,720.43811,0.0,0.0
702,4,0,0,292.0817,91.0,19.7,0.006778376,73.7587932761682,4.35333252,0.0,-0.063083099,0.125951052,1.699048948,10253.41009,1166.218018,721.916992,0.0,0.0
703,4,0,0,292.7229,91.0,19.7,0.00673928,73.2765075202534,0.439453125,0.0,0.03451355,0.032668352,1.792331648,10265.58304,1182.964966,739.682922,0.0,0.0
704,4,0,0,293.109,91.0,19.8,0.006690355,73.1525669521248,5.58380127,0.0,0.07592981,-0.107789755,1.932789755,10281.80961,823.850098,653.473389,0.0,0.0
705,4,0,0,292.8515,91.0,19.8,0.006648945,73.1384365606832,5.58380127,0.0,0.050619873,-0.10192132,1.92692132,10296.00621,780.450989,706.65271,0.0,0.0
706,4,0,0,292.9802,92.0,19.9,0.006603622,73.1244359303258,5.58380127,0.0,-0.041608002,0.0199821,1.8050179,10312.2287,793.509399,668.502014,0.0,0.0
707,4,0,0,293.7548,92.0,19.9,0.006571751,73.1114825457866,5.58380127,0.0,0.003067871,0.05352807,1.77147193,10324.39382,1192.182251,773.27417,0.0,0.0
708,4,0,0,295.3163,92.0,20.0,0.006540665,73.098902512034,5.58380127,0.0,0.026843872,0.009109735,1.815890265,10339.2604,1195.394165,675.60968,0.0,0.0
709,4,0,0,296.8945,92.0,20.0,0.006523903,73.0876138126974,5.58380127,0.0,-0.010162323,-0.022356749,1.847356749,10351.42241,1222.301147,807.598572,0.0,0.0
710,4,0,0,298.0892,91.0,19.8,0.006517941,73.0751305968392,5.58380127,0.0,0.013038452,-0.034057856,1.859057856,10367.63621,509.92511,867.884216,0.0,0.0
711,4,0,0,299.4281,91.0,19.8,0.006523548,73.0646972617126,5.58380127,0.0,0.052920776,0.0105021,1.8144979,10381.82118,1037.716187,722.722595,0.0,0.0
712,4,0,0,300.6434,91.0,19.6,0.006537443,73.0518055148954,5.58380127,0.0,-0.060015228,0.168565512,1.656434488,10398.03035,792.609497,704.059814,0.0,0.0
713,4,0,0,301.5954,91.0,19.6,0.006554537,73.035181016602,5.58380127,0.0,-0.036239227,0.218866587,1.606133413,10412.21152,759.537292,682.567627,0.0,0.0
714,4,0,0,303.656,91.0,19.8,0.006572166,73.0217392295596,5.58380127,0.0,0.056755615,0.042699575,1.782300425,10426.39098,745.305115,680.650391,0.0,0.0
715,4,0,0,304.0715,89.0,19.8,0.006587453,73.0104874806694,5.58380127,0.0,0.021475098,-0.030725241,1.855725241,10440.56865,581.424194,859.120972,0.0,0.0
716,4,0,0,305.6048,89.0,19.6,0.006603679,72.998365111026,5.58380127,0.0,-0.005560516,-0.052805662,1.877805662,10456.76951,824.921387,758.444519,0.0,0.0
717,4,0,0,306.0256,89.0,19.6,0.006620396,72.9881614287174,5.58380127,0.0,-0.010162323,-0.005090952,1.830090952,10470.94315,771.065613,706.80249,0.0,0.0
718,4,0,0,306.4477,89.0,19.4,0.006648896,72.9764305954026,5.58380127,0.0,0.009203613,0.036429644,1.788570356,10487.81411,1134.76355,732.150513,0.0,0.0
719,4,0,0,306.3069,89.0,19.4,0.00668397,72.9665082740062,5.58380127,0.0,0.039882324,0.023931265,1.801068735,10501.309,1071.609741,641.047913,0.0,0.0
720,4,0,0,305.6048,91.0,19.6,0.006731298,72.9545240018282,5.58380127,0.0,-0.007094452,0.046517134,1.778482866,10518.17511,1291.654419,923.820496,0.0,0.0
721,4,0,0,304.9059,91.0,19.6,0.006774722,72.9446040783484,5.58380127,0.0,-0.004793549,0.093199968,1.731800032,10531.66582,792.815674,738.958313,0.0,0.0
722,4,0,0,304.6273,91.0,19.4,0.006818939,72.9338321702726,5.58380127,0.0,-0.010162323,0.128731012,1.696268988,10548.52684,764.667297,689.572693,0.0,0.0
723,4,0,0,304.4882,92.0,19.4,0.00684387,72.9245171816054,5.539855957,0.0,0.00690271,0.133168936,1.691831064,10562.68799,1202.013428,765.118591,0.0,0.0
724,4,0,0,305.0455,91.0,19.3,0.006853523,72.9134090019366,5.58380127,0.0,0.014572388,0.105769873,1.719230127,10578.86051,1215.491821,798.206299,0.0,0.0
725,4,0,0,306.8708,92.0,19.3,0.006851854,72.904176556318,5.58380127,0.0,-0.017832001,0.069418669,1.755581331,10592.98933,931.334229,669.071106,0.0,0.0
726,4,0,0,308.2899,91.0,19.2,0.00684677,72.8919081873498,5.58380127,0.0,0.003067871,0.005616426,1.819383574,10609.10428,771.906494,690.420471,0.0,0.0
727,4,0,0,309.5784,90.0,19.2,0.006845133,72.8819605510352,5.495910645,0.0,0.008436646,-0.038107157,1.863107157,10623.1683,1319.360596,802.446228,0.0,0.0
728,4,0,0,310.7327,90.0,19.1,0.006852722,72.8702386817442,5.58380127,0.0,-0.013997162,-0.043755293,1.868755293,10639.19691,951.422729,646.480408,0.0,0.0
729,4,0,0,312.0417,92.0,19.1,0.006866687,72.859396912219,5.495910645,0.0,0.036047485,-0.04533267,1.87033267,10653.84908,1205.748413,721.031616,0.0,0.0
730,4,0,0,313.3617,90.0,19.3,0.006884072,72.8474873295104,5.58380127,0.0,-0.020132904,-0.00868392,1.83368392,10667.79121,1221.486572,758.549622,0.0,0.0
731,4,0,0,314.8416,90.0,19.3,0.006912255,72.8362515774598,5.58380127,0.0,-0.008628387,0.015045881,1.809954119,10683.67384,1247.442993,769.528015,0.0,0.0
732,4,0,0,316.0356,94.0,19.4,0.006946142,72.8202947460522,4.792785645,0.0,-0.017832001,0.036275148,1.788724852,10697.55184,798.310974,716.645386,0.0,0.0
733,4,0,0,317.2388,93.0,19.4,0.006985859,72.6920149949486,4.265441895,0.0,-0.010162323,0.050191641,1.774808359,10713.40172,789.298096,663.038696,0.0,0.0
734,4,0,0,318.6032,89.0,19.3,0.007010409,72.5581127087804,3.65020752,0.0,-0.030870453,0.040807486,1.784192514,10727.26465,825.278198,670.094177,0.0,0.0
735,4,0,0,319.2135,90.0,19.3,0.007020148,72.331698430036,3.606262207,0.0,0.00690271,-0.020452738,1.845452738,10743.76105,1190.706055,696.43103,0.0,0.0
736,4,0,0,319.9795,94.0,19.5,0.007015666,72.1260441223028,3.430480957,0.0,0.023009033,-0.061167002,1.886167002,10756.94953,780.33197,654.600708,0.0,0.0
737,4,0,0,319.826,92.0,19.5,0.007005319,71.8896817083484,2.903137207,0.0,-0.001725677,-0.049560785,1.874560785,10773.41586,792.451477,692.031494,0.0,0.0
738,4,0,0,319.2135,90.0,19.3,0.006997944,71.615520886748,2.768554688,0.0,0.003067871,-0.020405531,1.845405531,10786.56821,780.067688,738.912109,0.0,0.0
739,4,0,0,319.2135,91.0,19.3,0.006993659,71.3991190846268,5.05645752,0.0,-0.013997162,-0.061069727,1.886069727,10802.97845,823.729675,654.137512,0.0,0.0
740,4,0,0,323.2375,91.0,19.2,0.006997945,71.3486475590026,4.836730957,0.0,0.026843872,-0.179770708,2.004770708,10816.73409,1172.080933,723.52417,0.0,0.0
741,4,0,0,332.5905,91.0,19.2,0.00701762,71.3028588104434,5.23223877,0.0,0.058289551,-0.218861818,2.043861818,10832.41784,776.351929,629.391296,0.0,0.0
742,4,0,0,346.2364,91.0,19.4,0.007041528,71.2751970721884,5.23223877,0.0,-0.032404388,-0.079850912,1.904850912,10846.11239,754.581787,645.889099,0.0,0.0
743,4,0,0,365.8046,90.0,19.4,0.007061222,71.2144785730096,4.660949707,0.0,0.008436646,0.042660952,1.782339048,10861.73242,795.725525,642.548218,0.0,0.0
744,4,0,0,368.8404,93.0,19.2,0.007065102,71.1102886944046,4.089660645,0.0,-0.017832001,0.12148881,1.70351119,10875.37257,813.16333,664.082825,0.0,0.0
745,4,0,0,366.8109,93.0,19.2,0.007056994,70.956968095703,3.957824707,0.0,-0.02856955,0.16227746,1.66272254,10890.93014,866.868713,575.162415,0.0,0.0
746,4,0,0,359.2986,91.0,19.4,0.007045793,70.8051619825018,3.869934082,0.0,0.029144775,0.1136415,1.7113585,10905.16391,791.716492,744.808899,0.0,0.0
747,4,0,0,368.8404,90.0,19.4,0.007036024,70.5953732803086,3.562316895,0.0,0.014572388,0.034538031,1.790461969,10918.08114,773.583496,721.828125,0.0,0.0
748,4,0,0,365.0035,91.0,19.6,0.007032255,70.423057078318,3.82598877,0.0,0.00690271,-0.063843012,1.888843012,10932.26552,780.723083,649.214111,0.0,0.0
749,4,0,0,377.829,92.0,19.6,0.007043791,70.2421789944066,3.82598877,0.0,0.051386841,-0.122238874,1.947238874,10947.07124,858.073975,601.192322,0.0,0.0
750,4,0,0,385.4753,92.0,19.4,0.007069678,70.075295441454,3.913879395,0.0,0.023009033,-0.056593657,1.881593657,10961.23578,752.077698,647.583191,0.0,0.0
751,4,0,0,392.0492,92.0,19.4,0.007108766,69.8932623825048,3.694152832,0.0,-0.033938324,0.060353994,1.764646006,10976.688,749.548523,660.15033,0.0,0.0
752,4,0,0,397.1879,91.0,19.3,0.007147927,69.7342191316972,3.913879395,0.0,0.010737549,0.105818987,1.719181013,10990.15741,786.805115,658.411072,0.0,0.0
753,4,0,0,403.9262,91.0,19.3,0.007203753,69.561310789147,3.913879395,0.0,0.030678711,0.04542613,1.77957387,11005.43512,795.73761,670.246277,0.0,0.0
754,4,0,0,408.6303,91.0,19.4,0.007266366,69.5285022850116,5.58380127,0.0,0.043717163,0.012578726,1.812421274,11019.37207,776.904419,691.836975,0.0,0.0
755,4,0,0,410.6439,90.0,19.4,0.00734836,69.5145542961656,2.592773438,0.0,-0.030870453,0.027579069,1.797420931,11033.94831,780.692017,695.220886,0.0,0.0
756,4,0,0,413.7018,91.0,19.3,0.007417608,69.0315853754208,0.0,0.0,-0.001725677,-0.016770601,1.841770601,11047.88327,891.306213,635.784912,0.0,0.0
757,4,0,0,415.5067,91.0,19.3,0.007484703,68.402811296747,5.320129395,0.0,0.021475098,-0.054515123,1.879515123,11062.98753,774.059204,659.658081,0.0,0.0
758,4,0,0,409.1318,90.0,19.5,0.007534476,68.4521215709074,5.539855957,0.0,0.037581421,-0.004846811,1.829846811,11076.10458,757.6521,663.218689,0.0,0.0
759,4,0,0,406.6363,90.0,19.5,0.00758792,68.2123301201216,0.0,0.0,-0.052345551,0.112360716,1.712639284,11090.98045,770.210815,692.026917,0.0,0.0
760,4,0,0,412.1672,91.0,19.6,0.007637995,67.5857455002376,0.0,0.0,0.030678711,0.065961123,1.759038877,11103.89703,1208.139282,757.520508,0.0,0.0
761,4,0,0,419.4279,90.0,19.6,0.007707286,66.8463537907186,0.0,15.82946777,0.032979614,-0.060567141,1.885567141,11118.54541,761.200012,641.169495,0.0,0.0
762,4,0,0,415.5067,91.0,19.5,0.007782325,66.2108814619374,0.0,150.7415771,0.010737549,-0.123345613,1.948345613,11131.26447,724.771179,591.823914,0.0,0.0
763,4,0,0,407.8802,92.0,19.5,0.007882915,65.5035917562938,0.0,262.0697021,-0.025501678,-0.010084867,1.835084867,11145.68915,790.622192,668.239502,0.0,0.0
764,4,0,0,405.3999,91.0,19.6,0.007979402,64.865978860472,0.0,261.7767334,-0.020132904,0.040091753,1.784908247,11157.50582,792.207581,563.493774,0.0,0.0
765,4,0,0,408.1299,90.0,19.6,0.008091416,53.68281151157,0.0,261.3372803,0.047552002,-0.042450204,1.867450204,11167.69838,,,,
766,4,0,0,416.2851,89.0,19.5,0.008091416,53.68281151157,0.0,261.3372803,0.047552002,-0.042450204,1.867450204,11167.69838,,,,
767,4,0,0,419.6919,88.0,19.5,0.008091416,53.68281151157,0.0,261.3372803,0.047552002,-0.042450204,1.867450204,11167.69838,,,,
