Time,Drive,Stimulus,Failure,Palm.EDA,Heart.Rate,Breathing.Rate,Perinasal.Perspiration,Speed,Acceleration,Brake,Steering,LaneOffset,Lane.Position,Distance,Gaze.X.Pos,Gaze.Y.Pos,Lft.Pupil.Diameter,Rt.Pupil.Diameter
1,4,0,0,113.4533,76.0,16.6,,-0.0178077333416,0.0,263.8275146,0.049085938,-0.09999299,1.92499299,7.73e-06,0.0,0.0,0.004803,0.0
2,4,0,0,113.6622,77.0,16.6,,-0.0182094970259,0.0,225.4486084,0.049085938,-0.09999299,1.92499299,1.51e-05,0.0,0.0,0.0,0.0
3,4,0,0,113.5228,77.0,17.0,,0.08894550523408,0.0,69.73571777,0.049085938,-0.099983931,1.924983931,2.19e-05,562.137329,829.731689,0.00518,0.005568
4,4,0,0,113.6622,78.0,17.0,,0.80617328932202,0.0,223.3978271,0.049085938,-0.099735975,1.924735975,0.001175856,0.0,0.0,0.0,0.0
5,4,0,0,113.732,78.0,17.4,,0.74243192015036,0.0,106.7962646,0.090502197,-0.098888636,1.923888636,0.067673756,0.0,0.0,0.003749,0.004344
6,4,0,0,113.6622,78.0,17.4,,0.73974625194902,0.0,155.2825928,0.094337036,-0.098026991,1.923026991,0.222973451,568.194092,678.96521,0.005003,0.0
7,4,0,0,114.0121,77.0,17.8,,0.73922015870302,0.0,21.24938965,0.121947876,-0.096633673,1.921633673,0.394143418,580.253784,695.915283,0.003791,0.004019
8,4,0,0,114.4348,76.0,17.8,,4.75513454602244,15.87799072,0.0,0.124248779,-0.093434572,1.918434572,0.543466373,0.0,0.0,0.0,0.0
9,4,0,0,114.5056,76.0,18.4,,12.1052302882725,6.685180664,0.0,0.118113037,-0.062273741,1.887273741,0.714149458,600.469299,710.849487,0.00355,0.00356
10,4,0,0,114.5056,76.0,18.4,,12.9946705121545,0.0,68.27087402,0.014572388,-0.002279043,1.827279043,0.863503405,578.120117,673.022095,0.00337,0.003583
11,4,0,0,113.5228,76.0,18.9,,12.5905790366357,0.0,46.29821777,-0.050811615,0.066162825,1.758837175,1.612177832,586.180115,709.915222,0.00353,0.003646
12,4,0,0,112.4202,76.0,18.9,,12.2315424297146,0.0,112.5091553,-0.089160004,0.111080408,1.713919592,3.476876268,597.422729,713.548889,0.003534,0.003684
13,4,0,0,111.8093,77.0,19.4,,15.4474430898786,17.46276855,0.0,0.008436646,0.142774343,1.682225657,6.301013426,0.0,0.0,0.0,0.0
14,4,0,0,112.2158,78.0,19.4,,22.5634741485312,16.71295166,0.0,-0.135945038,0.162460566,1.662539434,8.821135419,0.0,0.0,0.0,0.0
15,4,0,0,112.352,78.0,19.6,,27.5927662234444,15.30670166,0.0,-0.07305368,0.095272303,1.729727697,11.63873957,599.637878,756.4245,0.003713,0.003833
16,4,0,0,112.7625,78.0,19.6,,31.2136201767906,15.26275635,0.0,0.071328003,-0.010768652,1.835768652,13.93444626,0.0,0.0,0.0,0.0
17,4,0,0,112.8312,77.0,19.4,,34.9317807167212,15.13092041,0.0,0.039882324,-0.029898405,1.854898405,16.76365621,571.895874,738.816101,0.003559,0.003693
18,4,0,0,113.5228,76.0,19.4,,37.7985055582456,14.91119385,0.0,-0.048510712,-0.015429735,1.840429735,19.63023019,580.71283,732.120728,0.003539,0.003664
19,4,0,0,113.732,75.0,19.0,,40.8718411543586,14.51568604,0.0,0.03451355,-0.074509382,1.899509382,24.55981863,593.311707,743.853577,0.003544,0.00376
20,4,0,0,113.8719,75.0,19.0,,42.8156176652368,10.86273193,0.0,0.032979614,-0.097112417,1.922112417,29.28507858,599.921509,724.578491,0.0,0.003696
21,4,0,0,114.0823,74.0,19.2,,43.303759342703,0.0,0.0,-0.005560516,-0.042522192,1.867522192,35.62123533,587.499512,716.118286,0.003439,0.003579
22,4,0,0,114.1526,74.0,19.2,,42.782039156285,0.0,0.0,-0.001725677,0.012873888,1.812126112,41.72603112,0.0,0.0,0.0,0.0
23,4,0,0,114.5056,73.0,19.4,,42.8953193596932,19.0447998,0.0,-0.003259613,0.045468092,1.779531908,49.28797069,629.844482,888.041992,0.003558,0.003483
24,4,0,0,114.7184,72.0,19.4,,46.9225881669668,32.63763428,0.0,-0.037773163,0.05142808,1.77357192,56.37460217,594.643311,717.853699,0.003384,0.003483
25,4,0,0,115.0033,73.0,19.5,,52.1431998202718,29.91027832,0.0,0.039882324,-0.033162832,1.858162832,64.96838345,583.953003,706.028503,0.003377,0.003484
26,4,0,0,115.0748,74.0,19.5,,56.4649459021464,28.41339111,0.0,0.032212646,-0.041022062,1.866022062,72.8993022,0.0,0.0,0.0,0.0
27,4,0,0,114.7895,75.0,19.7,,60.5871073181912,22.9586792,0.0,0.001533936,0.066163778,1.758836222,82.33261409,628.5177,920.148499,0.003505,0.003725
28,4,0,0,114.1526,75.0,19.7,,63.0412389529678,21.9039917,0.0,-0.049277679,0.171838522,1.653161478,90.76395962,0.0,0.0,0.0,0.0
29,4,0,0,113.5228,75.0,19.8,,65.0089714070698,11.21429443,0.0,0.021475098,0.102795362,1.722204638,100.3576111,594.405212,706.026123,0.003373,0.00353
30,4,0,0,113.1068,74.0,19.8,,65.6504047151176,8.662719727,0.0,0.049085938,-0.044573545,1.869573545,108.6705274,577.862122,709.170288,0.003557,0.003625
31,4,0,0,113.5228,73.0,19.9,,66.1647505516008,8.530883789,0.0,-0.015531097,-0.00471282,1.82971282,117.7367927,553.54657,708.406982,0.003361,0.003533
32,4,0,0,114.1526,73.0,19.9,,66.602116908331,8.135375977,0.0,-0.054646454,0.026665926,1.798334074,126.8491191,594.507202,701.798096,0.003425,0.003524
33,4,0,0,113.5925,73.0,20.3,,67.0064815918456,7.739868164,0.0,0.018407227,-0.144273043,1.969273043,137.1397056,594.26593,699.444885,0.003337,0.003458
34,4,0,0,112.0122,72.0,20.3,,67.4774880630628,14.95513916,0.0,0.026843872,-0.298843622,2.123843622,147.7243481,601.736206,718.122375,0.003365,0.003505
35,4,0,0,111.4057,72.0,21.0,,69.1080430105854,15.39459229,0.0,0.009203613,-0.32424283,2.14924283,159.5382597,650.394775,894.929504,0.003667,0.003653
36,4,0,0,111.6744,72.0,21.0,,70.3847239191768,14.91119385,0.0,-0.02856955,-0.263643026,2.088643026,170.9384911,592.930481,728.312378,0.003534,0.00367
37,4,0,0,112.2158,72.0,21.9,,71.2281090229802,7.608032227,0.0,0.005368774,-0.262979746,2.087979746,184.5190571,612.468079,709.389282,0.0,0.003453
38,4,0,0,112.2158,73.0,21.9,,71.5195766708472,8.311157227,0.0,0.030678711,-0.317620993,2.142620993,196.7823569,0.0,0.0,0.0,0.0
39,4,0,0,112.5568,73.0,23.0,,71.855855940399,8.179321289,0.0,-0.005560516,-0.283700228,2.108700228,211.1357915,600.881714,720.951111,0.003469,0.003539
40,4,0,0,113.1759,73.0,23.0,,72.156943739984,8.179321289,0.0,-0.015531097,-0.239429712,2.064429712,223.8419378,602.879883,715.218323,0.003343,0.00349
41,4,0,0,113.4533,74.0,23.4,,72.563572941906,9.236755371,0.0,0.003067871,-0.268967867,2.093967867,238.4574556,0.0,0.0,0.0,0.0
42,4,0,0,113.8019,74.0,23.4,,72.9666244844476,9.280700684,0.0,0.013038452,-0.319511175,2.144511175,251.3171788,579.592285,907.164185,0.003628,0.003842
43,4,0,0,113.3838,72.0,23.8,,73.4004770404086,9.236755371,0.0,0.003834839,-0.311520815,2.136520815,266.0919059,552.775574,924.801697,0.003397,0.003548
44,4,0,0,112.7625,72.0,23.8,,73.7871730858378,9.280700684,0.0,0.003834839,-0.280281305,2.105281305,279.0794026,0.0,0.0,0.0,0.0
45,4,0,0,112.5568,73.0,24.1,,74.2017363500532,9.236755371,0.0,-0.005560516,-0.224266768,2.049266768,293.9829203,0.0,0.0,0.0,0.0
46,4,0,0,113.1068,73.0,24.1,,74.5704367073222,9.280700684,0.0,-0.010162323,-0.176790953,2.001790953,306.4820371,631.53241,506.391296,0.003435,0.003645
47,4,0,0,113.5228,73.0,24.1,,74.9828731321672,9.368591309,0.0,-0.008628387,-0.177586794,2.002586794,322.3695682,593.382874,717.866211,0.003359,0.0036
48,4,0,0,113.8719,72.0,24.1,,75.3699221219518,9.895935059,0.0,-0.008628387,-0.224271059,2.049271059,335.2758332,0.0,0.0,0.0,0.0
49,4,0,0,113.9419,72.0,24.1,,75.8207195636134,9.895935059,0.0,-0.010162323,-0.323719263,2.148719263,351.6272901,595.337891,695.358093,0.003367,0.003369
50,4,0,0,114.0121,73.0,24.1,,76.2271871877994,9.939880371,0.0,0.032212646,-0.465305567,2.290305567,364.8112946,608.934509,510.445007,0.003387,0.003519
51,4,0,0,114.2231,73.0,24.1,,76.7230875738726,10.86273193,0.0,0.021475098,-0.55215764,2.37715764,381.3454577,590.460815,702.231689,0.003383,0.003561
52,4,0,0,114.5056,73.0,24.1,,77.234806854822,11.21429443,0.0,0.016106323,-0.496487379,2.321487379,394.6183218,486.633087,563.0495,0.0,0.006147
53,4,0,0,114.6473,73.0,23.8,,77.8307813611974,11.52191162,0.0,-0.012463226,-0.363977671,2.188977671,410.5970729,620.174988,914.375977,0.003475,0.003387
54,4,0,0,114.5764,73.0,23.8,,78.3634567273304,11.47796631,0.0,-0.030870453,-0.28812623,2.11312623,424.6246732,590.038391,728.36731,0.003443,0.003579
55,4,0,0,114.4348,73.0,23.5,,78.7378335969276,8.753356934,0.0,0.019941162,-0.341377974,2.166377974,440.7174188,643.853088,888.757874,0.003362,0.003349
56,4,0,0,114.8607,72.0,23.5,,78.9989309873196,9.060974121,0.0,0.012271484,-0.364510298,2.189510298,454.8605355,596.187195,709.763306,0.003265,0.003377
57,4,0,0,115.218,71.0,23.0,,79.3146437124348,9.236755371,0.0,0.003067871,-0.307462454,2.132462454,471.0942137,591.953003,709.178589,0.003282,0.003312
58,4,0,0,115.6497,71.0,23.0,,79.587191927075,9.236755371,0.0,-0.008628387,-0.239308596,2.064308596,485.3590263,593.885925,707.650085,0.003307,0.003499
59,4,0,0,115.8668,71.0,22.5,,79.8969654794806,9.324645996,0.0,-0.008628387,-0.176106691,2.001106691,501.729528,595.351318,717.201111,0.00355,0.00365
60,4,0,0,116.3034,70.0,22.5,,79.784510931866,0.0,9.530639648,-0.008628387,-0.164929152,1.989929152,516.1121607,592.327393,706.116821,0.003377,0.003634
61,4,0,0,116.4497,70.0,22.0,,78.9169336337268,0.0,4.843139648,-0.007094452,-0.206385374,2.031385374,532.6147629,571.020691,714.075317,0.003329,0.003433
62,4,0,0,116.6698,70.0,22.0,,78.1775298058776,0.0,2.645874023,-0.007094452,-0.287263155,2.112263155,547.1110388,0.0,0.0,0.0,0.0
63,4,0,0,116.8907,71.0,21.6,,77.3308108094236,0.0,0.0,0.06212439,-0.426300764,2.251300764,563.0492124,573.97467,696.469788,0.003269,0.0
64,4,0,0,117.0385,71.0,21.6,,76.6249165303072,0.0,0.0,0.010737549,-0.432739973,2.257739973,578.3547086,594.800903,714.150085,0.003441,0.003668
65,4,0,0,117.1125,71.0,21.0,,75.8340491152842,0.0,4.696655273,-0.02166684,-0.300035238,2.125035238,594.4228749,0.0,0.0,0.0,0.0
66,4,0,0,116.9645,71.0,21.0,,75.1450710434296,0.0,1.473999023,-0.02166684,-0.267102957,2.092102957,609.1549395,565.553894,721.459778,0.003374,0.003409
67,4,0,0,116.9645,71.0,20.4,,74.3899362067616,0.0,0.0,-0.02166684,-0.358921766,2.183921766,626.0626102,646.964111,896.129395,0.003529,0.003212
68,4,0,0,117.0385,71.0,20.4,,73.715587437842,0.0,0.0,-0.007094452,-0.548373938,2.373373938,640.9208248,606.247803,720.058899,0.003381,0.003443
69,4,0,0,116.817,70.0,19.8,,72.9914317846248,0.0,0.0,0.071328003,-0.754409552,2.579409552,657.9849379,0.0,0.0,0.0,0.0
70,4,0,0,116.3765,71.0,19.8,,72.3455807417166,0.0,0.0,0.016106323,-0.639981985,2.464981985,672.9944508,0.0,0.0,0.0,0.006396
71,4,0,0,116.3034,72.0,19.4,,71.638186026638,0.0,0.0,-0.050811615,-0.31363368,2.13863368,690.2422352,629.896973,571.469482,0.0,0.004778
72,4,0,0,116.5963,72.0,19.4,,71.0259651846824,1.977539063,0.0,-0.033938324,-0.181617975,2.006617975,705.41689,0.0,0.0,0.0,0.0
73,4,0,0,116.7433,72.0,18.9,,70.7825461849762,3.694152832,0.0,0.021475098,-0.211117983,2.036117983,722.1224839,0.0,0.0,0.0,0.0
74,4,0,0,116.3765,72.0,18.9,,70.6125415424012,3.869934082,0.0,0.018407227,-0.201910257,2.026910257,738.1542147,213.077499,835.883484,0.00889,0.003493
75,4,0,0,115.722,72.0,18.5,,70.5861710259084,5.850219727,0.0,0.005368774,-0.117575884,1.942575884,754.9570246,598.977722,720.288879,0.009094,0.003538
76,4,0,0,115.218,72.0,18.5,,70.6753924653602,6.421508789,0.0,-0.010162323,-0.016309977,1.841309977,770.3395963,599.692078,723.411316,0.0,0.003437
77,4,0,0,114.932,72.0,18.2,,70.758323155686,6.026000977,0.0,-0.010162323,0.092458963,1.732541037,787.9690926,0.0,0.0,0.0,0.0
78,4,0,0,114.2936,71.0,18.2,,70.8243434806542,6.026000977,0.0,-0.025501678,0.145453215,1.679546785,803.4376972,468.231598,571.541809,0.0,0.003531
79,4,0,0,113.3144,71.0,17.9,,70.9075878796262,6.201782227,0.0,-0.016298065,0.117523432,1.707476568,821.164365,69.572304,705.22699,0.009113,0.003454
80,4,0,0,112.352,71.0,17.9,,70.9856256774566,6.245727539,0.0,0.001533936,0.03254056,1.79245944,836.7158029,0.0,0.0,0.0,0.0
81,4,0,0,112.08,71.0,17.6,,71.076856200871,6.201782227,0.0,-0.008628387,-0.06877017,1.89377017,854.4182322,0.0,0.0,0.009421,0.0
82,4,0,0,112.4885,71.0,17.6,,71.154623613488,6.201782227,0.0,-0.003259613,-0.182369471,2.007369471,869.7870531,610.483887,688.502686,0.008795,0.003438
83,4,0,0,113.0378,71.0,17.0,,71.2633845648686,6.465454102,0.0,0.058289551,-0.329389334,2.154389334,887.2146778,85.884102,698.760498,0.009246,0.003416
84,4,0,0,112.9688,70.0,17.0,,71.3389533776446,5.58380127,0.0,0.018407227,-0.345437288,2.170437288,902.3451985,1322.183716,684.080872,0.0,0.00873
85,4,0,0,113.1759,70.0,16.8,,70.9962074098246,0.0,2.938842773,-0.030103485,-0.216997862,2.041997862,919.503092,470.597595,567.72937,0.0,0.008082
86,4,0,0,113.2452,71.0,16.8,,70.4413265634924,0.0,0.0,-0.034705292,-0.149412394,1.974412394,933.6928044,1276.938843,898.22467,0.0,0.008626
87,4,0,0,113.6622,70.0,17.0,,69.821749718078,0.0,0.0,-0.004793549,-0.204393148,2.029393148,951.2924594,1208.403076,925.062378,0.009365,0.008543
88,4,0,0,114.1526,70.0,17.0,,69.31169402798,0.0,0.0,0.030678711,-0.31918788,2.14418788,965.2632908,731.06189,898.763123,0.009352,0.008453
89,4,0,0,113.8719,70.0,16.8,,68.7192992248468,0.0,0.0,0.046785034,-0.378375292,2.203375292,982.5915364,1422.870239,860.485779,0.0,0.008433
90,4,0,0,113.8719,70.0,16.8,,68.2152867030092,0.0,0.0,0.032212646,-0.290390253,2.115390253,996.3464294,1194.085205,933.472107,0.0,0.008623
91,4,0,0,113.9419,70.0,16.6,,67.6821788428446,4.089660645,0.0,-0.033938324,-0.10730958,1.93230958,1013.406303,1245.827637,880.413696,0.0,0.009022
92,4,0,0,113.1759,69.0,16.6,,67.8748332561126,7.739868164,0.0,-0.033938324,0.007773161,1.817226839,1026.949528,1193.708496,912.515381,0.0,0.008327
93,4,0,0,112.2158,70.0,16.7,,68.1088475947268,7.695922852,0.0,-0.072286713,0.048646688,1.776353312,1041.06956,534.258423,767.664917,0.009353,0.008757
94,4,0,0,111.0716,70.0,16.7,,68.3793255382976,7.827758789,0.0,0.017640259,-0.047927618,1.872927618,1057.08069,512.897522,793.677673,0.00875,0.008683
95,4,0,0,109.755,70.0,16.9,,68.6326614842046,11.12640381,0.0,0.029144775,-0.179607153,2.004607153,1070.983314,0.0,0.0,0.006481,0.0
96,4,0,0,107.3998,70.0,16.9,,69.2128536277218,11.17034912,0.0,0.039882324,-0.265055895,2.090055895,1086.76368,1323.32666,925.343018,0.0,0.008557
97,4,0,0,103.7301,71.0,17.0,,69.7142728751768,6.377563477,0.0,0.012271484,-0.257482767,2.082482767,1100.530697,1276.713745,912.381226,0.0,0.00846
98,4,0,0,99.978,71.0,17.0,,69.6652609887458,5.58380127,0.0,-0.010162323,-0.199581385,2.024581385,1116.229492,1267.363525,911.911377,0.0,0.008499
99,4,0,0,97.7097,70.0,17.1,,69.7261025541544,6.465454102,0.0,-0.000959,-0.15156436,1.97656436,1129.950987,1249.687744,933.615173,0.0,0.008528
100,4,0,0,96.0873,70.0,17.1,,69.847693405416,6.377563477,0.0,-0.000959,-0.105281591,1.930281591,1145.644791,1254.275024,942.554688,0.0,0.008336
101,4,0,0,95.7891,70.0,17.2,,69.944281727465,6.333618164,0.0,-0.003259613,-0.067295313,1.892295313,1158.738626,1212.874512,946.605225,0.0,0.008274
102,4,0,0,96.7904,70.0,17.2,,70.0682040778648,6.817016602,0.0,-0.023200775,-0.035308123,1.860308123,1175.12053,1175.596558,962.078491,0.0,0.008256
103,4,0,0,97.9163,70.0,17.5,,70.1922791546306,6.641235352,0.0,-0.048510712,-0.039147139,1.864147139,1188.237782,1304.819336,908.508484,0.0,0.008521
104,4,0,0,97.3501,70.0,17.5,,70.318703368901,6.685180664,0.0,0.00690271,-0.143239737,1.968239737,1204.650342,1278.441772,966.529724,0.0,0.008059
105,4,0,0,97.2479,72.0,17.6,,70.4671527046368,7.651977539,0.0,0.026843872,-0.285271406,2.110271406,1217.794399,1305.036499,918.376099,0.0,0.008494
106,4,0,0,97.9163,72.0,17.6,,70.6931915243592,7.695922852,0.0,0.023776001,-0.411305189,2.236305189,1233.584114,578.502075,653.676575,0.008981,0.008547
107,4,0,0,98.8572,73.0,17.6,,70.8979069753232,7.915649414,0.0,-0.001725677,-0.452067137,2.277067137,1247.41471,1392.650391,900.044983,0.00936,0.008362
108,4,0,0,100.1402,72.0,17.6,,71.1793776284178,9.895935059,0.0,-0.001725677,-0.48858428,2.31358428,1263.240384,1275.01123,894.212402,0.0,0.008484
109,4,0,0,100.9591,73.0,17.6,,71.5227363846296,9.456481934,0.0,0.0,-0.525495291,2.350495291,1277.106565,100.806702,733.126099,0.006905,0.006334
110,4,0,0,101.7915,74.0,17.6,,71.90295834492,9.500427246,0.0,-0.010162323,-0.573023558,2.398023558,1292.93563,0.0,0.0,0.0,0.0
111,4,0,0,102.1847,74.0,17.7,,72.2267481543744,9.632263184,0.0,-0.010929291,-0.633503199,2.458503199,1306.688565,723.3573,762.785583,0.008641,0.009154
112,4,0,0,101.9597,73.0,17.7,,72.6099571140784,9.632263184,0.0,0.012271484,-0.731757402,2.556757402,1322.284882,0.0,0.0,0.008782,0.0
113,4,0,0,101.9597,73.0,17.4,,72.9320851995158,9.632263184,0.0,0.059823486,-0.80271554,2.62771554,1335.825931,784.870789,798.14093,0.00875,0.009083
114,4,0,0,102.4107,74.0,17.4,,73.30117063966,9.632263184,0.0,0.058289551,-0.748674631,2.573674631,1351.18264,50.666599,738.893005,0.00936,0.008335
115,4,0,0,102.6947,76.0,17.2,,73.6115557734524,9.632263184,0.0,-0.003259613,-0.543869257,2.368869257,1364.517182,0.0,0.0,0.0,0.0
116,4,0,0,102.923,76.0,17.2,,73.9741886936138,9.676208496,0.0,-0.046976776,-0.281853437,2.106853437,1379.0119,1263.742188,881.861572,0.009342,0.008655
117,4,0,0,103.7301,76.0,17.3,,74.279682270663,9.676208496,0.0,-0.027035614,-0.146294832,1.971294832,1392.807822,1330.39209,927.010071,0.0,0.008147
118,4,0,0,104.0799,75.0,17.3,,74.6282492373564,9.632263184,0.0,-0.007094452,-0.099942923,1.924942923,1407.279998,0.0,0.0,0.0,0.008411
119,4,0,0,104.7274,74.0,17.0,,74.9250309259034,9.764099121,0.0,-0.010162323,-0.084186792,1.909186792,1421.172257,471.553314,863.660583,0.009205,0.008456
120,4,0,0,104.9648,74.0,17.0,,75.2912035411146,9.808044434,0.0,0.003834839,-0.093541384,1.918541384,1435.740955,1396.45166,889.909912,0.0,0.008388
121,4,0,0,105.1436,73.0,17.1,,75.5869883079052,9.808044434,0.0,0.003834839,-0.111104727,1.936104727,1448.319274,1339.195801,907.736084,0.0,0.008404
122,4,0,0,105.443,73.0,17.1,,75.9281834513276,9.764099121,0.0,0.003834839,-0.120720625,1.945720625,1462.975484,1180.970825,966.368713,0.0,0.008169
123,4,0,0,105.8649,72.0,16.9,,76.2039122850768,9.764099121,0.0,0.003834839,-0.118151426,1.943151426,1476.515886,1027.971558,1040.260742,0.0,0.007626
124,4,0,0,106.2903,72.0,16.9,,76.5235106167814,9.720153809,0.0,0.00690271,-0.102573633,1.927573633,1491.996097,899.066223,1071.926147,0.0,0.00748
125,4,0,0,106.4736,73.0,16.7,,76.8001727067966,9.720153809,0.0,-0.000959,-0.071429491,1.896429491,1505.561391,1065.376343,1014.256226,0.0,0.00771
126,4,0,0,105.9861,74.0,16.7,,77.110611029276,9.720153809,0.0,-0.007094452,-0.034361124,1.859361124,1521.089614,1199.295044,961.374878,0.0,0.0084
127,4,0,0,105.6837,74.0,16.6,,77.3798706863734,9.720153809,0.0,0.001533936,-0.008952379,1.833952379,1534.698196,1349.009033,877.470581,0.008968,0.008728
128,4,0,0,104.9054,72.0,16.6,,77.6809934247298,9.720153809,0.0,-0.000959,0.019070387,1.805929613,1550.281331,527.79071,793.350281,0.009346,0.008512
129,4,0,0,104.6091,71.0,16.4,,77.9500384441514,9.764099121,0.0,-0.000959,0.044239759,1.780760241,1563.942288,633.591492,807.843994,0.009497,0.008297
130,4,0,0,104.9054,72.0,16.4,,78.242094289695,9.720153809,0.0,-0.008628387,0.06556344,1.75943656,1579.586186,658.848022,808.472229,0.009228,0.008825
131,4,0,0,105.383,71.0,16.3,,78.4995775208754,9.676208496,0.0,-0.004793549,0.066828012,1.758171988,1592.659255,1316.49292,905.712402,0.0,0.008551
132,4,0,0,105.5632,69.0,16.3,,78.7468981883842,9.017028809,0.0,-0.000959,0.06151557,1.76348443,1609.051037,0.0,0.0,0.006066,0.0
133,4,0,0,105.6837,68.0,16.1,,78.7161809411118,0.0,0.0,-0.000959,0.049870729,1.775129271,1622.207504,567.797302,805.069824,0.009398,0.00862
134,4,0,0,106.0468,69.0,16.1,,78.07373922062,0.0,0.0,-0.003259613,0.032930613,1.792069387,1638.732591,1364.060181,921.494995,0.0,0.008069
135,4,0,0,106.2903,69.0,16.0,,77.5153623567256,0.0,0.0,-0.003259613,0.008181334,1.816818666,1652.018484,514.274475,1000.044495,0.009097,0.008158
136,4,0,0,106.5348,68.0,16.0,,76.8848929349222,0.0,0.0,-0.003259613,-0.032627821,1.857627821,1668.038017,264.589691,873.431213,0.00876,0.008431
137,4,0,0,106.3513,68.0,15.6,,76.3181597179184,0.0,0.0,-0.001725677,-0.078857183,1.903857183,1682.124002,1291.833252,925.838013,0.0,0.008232
138,4,0,0,105.6837,69.0,15.6,,75.6995142619356,0.0,0.0,-0.001725677,-0.140081644,1.965081644,1698.300518,1270.79834,917.107117,0.0,0.008331
139,4,0,0,105.383,69.0,15.6,,75.1411740105262,0.0,0.0,0.0,-0.199166059,2.024166059,1712.521557,1313.105713,867.642517,0.0,0.008571
140,4,0,0,105.1436,69.0,15.6,,74.5339089218864,0.0,0.0,0.009203613,-0.267713308,2.092713308,1728.847326,1396.512451,980.73468,0.0,0.008568
141,4,0,0,105.1436,69.0,15.2,,73.985196305626,0.0,0.0,0.00690271,-0.309819937,2.134819937,1743.197882,656.984009,780.418823,0.008934,0.008737
142,4,0,0,105.6234,70.0,15.2,,73.5465754200856,5.495910645,0.0,0.010737549,-0.331348658,2.156348658,1759.674516,1546.508545,801.840393,0.0,0.008384
143,4,0,0,106.2293,70.0,15.2,,73.5282385518454,5.58380127,0.0,0.003834839,-0.329322577,2.154322577,1774.155704,234.181198,815.739197,0.008518,0.0
144,4,0,0,106.7806,71.0,15.2,,73.507955621397,5.58380127,0.0,0.0,-0.306903124,2.131903124,1790.777386,1303.267944,915.64679,0.0,0.008485
145,4,0,0,107.0893,71.0,15.2,,73.4922428785872,5.58380127,0.0,-0.003259613,-0.283880472,2.108880472,1805.38506,529.154602,848.528809,0.009412,0.008535
146,4,0,0,107.5246,71.0,15.2,,73.4741358401924,5.58380127,0.0,-0.003259613,-0.266100168,2.091100168,1821.451626,0.0,0.0,0.0,0.0
147,4,0,0,107.7122,71.0,15.2,,73.4583849560246,5.58380127,0.0,-0.003259613,-0.259127855,2.084127855,1836.884637,1290.593018,942.030579,0.0,0.008453
148,4,0,0,107.9634,72.0,15.2,,73.4407862276688,5.58380127,0.0,-0.003259613,-0.261704206,2.086704206,1853.085682,134.367493,813.714172,0.009182,0.0
149,4,0,0,108.3424,72.0,15.2,,73.4259905511646,5.58380127,0.0,-0.005560516,-0.273670435,2.098670435,1868.644971,1345.008057,944.256226,0.0,0.008208
150,4,0,0,108.5329,74.0,15.2,,73.4088598188808,5.58380127,0.0,-0.005560516,-0.303449869,2.128449869,1884.975783,1282.580933,775.598877,0.0,0.008319
151,4,0,0,108.9799,76.0,14.9,,73.3944474388844,5.58380127,0.0,-0.005560516,-0.344352961,2.169352961,1899.943198,607.185486,908.007385,0.008885,0.003627
152,4,0,0,109.2371,77.0,14.9,,73.3824400404906,5.715637207,0.0,-0.012463226,-0.415618658,2.240618658,1917.114195,446.864014,870.790588,0.008575,0.003611
153,4,0,0,109.5602,78.0,14.9,,73.3761167826966,5.627746582,0.0,0.036047485,-0.508945704,2.333945704,1932.195122,487.50589,516.859985,0.008346,0.0
154,4,0,0,109.755,78.0,14.9,,73.3738662655472,5.75958252,0.0,0.02761084,-0.558055639,2.383055639,1949.493667,0.0,0.0,0.0,0.0
155,4,0,0,109.755,80.0,14.6,,73.373957386378,5.75958252,0.0,0.00690271,-0.509789228,2.334789228,1964.684411,615.703491,726.883972,0.0,0.003534
156,4,0,0,109.755,79.0,14.6,,73.3747959007982,5.75958252,0.0,0.0,-0.409920931,2.234920931,1981.379013,595.918579,699.464905,0.0,0.003448
157,4,0,0,109.9505,78.0,14.3,,73.36927468978,5.58380127,0.0,-0.004793549,-0.325917482,2.150917482,1997.400549,437.759094,688.724182,0.008056,0.0
158,4,0,0,110.0812,77.0,14.3,,73.352995491477,5.58380127,0.0,-0.001725677,-0.235876799,2.060876799,2014.178209,627.324402,715.469299,0.0,0.003438
159,4,0,0,110.2123,77.0,13.8,,73.3394471983134,5.58380127,0.0,-0.020132904,-0.167421103,1.992421103,2030.127766,596.703918,730.063477,0.0,0.003497
160,4,0,0,110.4094,76.0,13.8,,73.3239296684456,5.58380127,0.0,-0.020132904,-0.133618116,1.958618116,2046.672824,654.01593,716.455872,0.0,0.00343
161,4,0,0,110.4753,76.0,13.3,,73.3108765692,5.58380127,0.0,-0.007094452,-0.158797979,1.983797979,2061.664556,603.624878,722.86969,0.0,0.003467
162,4,0,0,110.1467,75.0,13.3,,73.2980428712766,5.58380127,0.0,0.001533936,-0.211475134,2.036475134,2078.665146,595.616211,719.660889,0.0,0.003403
163,4,0,0,110.0812,74.0,12.6,,73.2860817414078,5.58380127,0.0,0.017640259,-0.259574652,2.084574652,2093.425449,578.411011,711.148926,0.0,0.003337
164,4,0,0,110.2779,74.0,12.6,,73.2719844219032,5.58380127,0.0,0.003067871,-0.28270793,2.10770793,2110.163875,589.871277,704.220398,0.0,0.003304
165,4,0,0,110.5412,74.0,12.2,,73.259556647808,4.089660645,0.0,0.008436646,-0.259409666,2.084409666,2124.696804,0.0,0.0,0.0,0.0
166,4,0,0,110.8058,74.0,12.2,,73.1597714040358,5.276184082,0.0,0.009203613,-0.212291956,2.037291956,2141.177692,0.0,0.0,0.0,0.0
167,4,0,0,111.0716,74.0,11.6,,73.1462125536018,5.58380127,0.0,0.00690271,-0.153026342,1.978026342,2155.498129,400.733398,455.471985,0.008732,0.006631
168,4,0,0,111.4057,74.0,11.6,,73.1336042115586,5.58380127,0.0,0.003834839,-0.066930056,1.891930056,2171.838416,1317.9198,919.368286,0.0,0.008395
169,4,0,0,111.6744,74.0,11.4,,73.122716801151,5.58380127,0.0,-0.012463226,0.02283597,1.80216403,2186.132486,0.0,0.0,0.0,0.0
170,4,0,0,111.7418,74.0,11.4,,73.1100787667848,5.58380127,0.0,-0.012463226,0.112461805,1.712538195,2202.464593,1201.911377,929.667419,0.00925,0.008475
171,4,0,0,111.1383,73.0,11.1,,73.0993579713474,5.58380127,0.0,-0.012463226,0.158019781,1.666980219,2216.071645,1329.58252,909.448608,0.0,0.007279
172,4,0,0,110.2779,73.0,11.1,,73.0869375841228,5.58380127,0.0,-0.008628387,0.17435956,1.65064044,2233.125211,0.0,0.0,0.0,0.0
173,4,0,0,110.0158,73.0,10.6,,73.0765645831528,5.58380127,0.0,-0.010162323,0.163534403,1.661465597,2246.72616,1271.81665,915.042786,0.0,0.008575
174,4,0,0,110.3436,73.0,10.6,,73.0644911374454,5.58380127,0.0,-0.000959,0.122946024,1.702053976,2263.723609,0.0,0.0,0.00901,0.0
175,4,0,0,110.8058,73.0,10.5,,73.0544419356834,5.58380127,0.0,-0.007094452,0.077008963,1.747991037,2277.318605,1328.224243,880.99292,0.0,0.008443
176,4,0,0,111.1383,74.0,10.5,,73.0427614264304,5.58380127,0.0,0.0,0.011867762,1.813132238,2293.629153,412.163696,555.795715,0.005998,0.0
177,4,0,0,111.0716,74.0,10.3,,73.0329673211518,5.58380127,0.0,0.003067871,-0.053830862,1.878830862,2307.898022,1259.283936,917.686584,0.0,0.008407
178,4,0,0,111.205,73.0,10.3,,73.0219663879006,5.58380127,0.0,0.003067871,-0.118068457,1.943068457,2324.203543,0.0,0.0,0.00915,0.0
179,4,0,0,111.0716,72.0,10.5,,73.0124299057692,5.58380127,0.0,0.003067871,-0.168760538,1.993760538,2338.470051,1258.907959,884.723877,0.0,0.007424
180,4,0,0,111.4057,72.0,10.5,,73.0017239967268,5.58380127,0.0,0.003067871,-0.21741128,2.04241128,2354.774512,1270.674561,889.838806,0.0,0.008597
181,4,0,0,111.8093,72.0,10.6,,72.9922822725346,5.58380127,0.0,0.021475098,-0.250859976,2.075859976,2369.04084,1281.889404,855.966614,0.0,0.005861
182,4,0,0,112.0122,72.0,10.6,,72.9819222267516,5.58380127,0.0,0.03451355,-0.248352289,2.073352289,2385.344697,1619.205444,1038.748169,0.0,0.007543
183,4,0,0,111.9445,71.0,11.1,,72.9721128971166,5.58380127,0.0,0.010737549,-0.177022219,2.002022219,2399.60805,1328.509399,884.643372,0.0,0.008369
184,4,0,0,110.6733,72.0,11.1,,72.9632707325414,5.58380127,0.0,-0.010929291,-0.056444407,1.881444407,2413.189739,599.695496,1021.197693,0.00945,0.008108
185,4,0,0,109.0441,72.0,11.2,,72.9534963255844,5.58380127,0.0,-0.030103485,0.076770067,1.748229933,2430.163633,1104.89978,971.029785,0.0,0.007677
186,4,0,0,108.0894,72.0,11.2,,72.9442602911376,5.58380127,0.0,-0.005560516,0.140990973,1.684009027,2443.740028,1289.803223,875.424988,0.0,0.008588
187,4,0,0,106.1076,72.0,11.5,,72.934846794769,5.58380127,0.0,-0.016298065,0.166312456,1.658687544,2460.707601,0.0,0.0,0.009144,0.0
188,4,0,0,104.9054,73.0,11.5,,72.9266751617048,5.58380127,0.0,-0.025501678,0.149044752,1.675955248,2474.279209,1269.154175,889.371826,0.0,0.008413
189,4,0,0,104.6091,73.0,11.6,,72.9165141429996,5.58380127,0.0,0.003834839,0.061837435,1.763162565,2491.240664,1269.647217,869.994507,0.009475,0.008398
190,4,0,0,105.503,73.0,11.6,,72.9086009860328,5.58380127,0.0,0.009203613,-0.047975779,1.872975779,2504.806411,458.175995,799.664917,0.009238,0.008224
191,4,0,0,106.3513,72.0,11.9,,72.8995986438474,5.58380127,0.0,0.008436646,-0.152328253,1.977328253,2521.065971,1278.66626,909.507874,0.0,0.008592
192,4,0,0,107.3998,72.0,11.9,,72.8916020265082,5.58380127,0.0,0.012271484,-0.225217104,2.050217104,2535.288554,528.016418,794.018188,0.009421,0.008519
193,4,0,0,108.2157,72.0,12.2,,72.8829110916128,5.58380127,0.0,0.018407227,-0.273209333,2.098209333,2551.540134,1311.932495,873.073486,0.0,0.008644
194,4,0,0,108.724,72.0,12.2,,72.875490231752,5.58380127,0.0,0.016106323,-0.272596121,2.097596121,2565.75791,1269.642944,893.382874,0.0,0.008494
195,4,0,0,108.9799,71.0,12.5,,72.8670457672776,5.58380127,0.0,0.010737549,-0.229059935,2.054059935,2582.004347,669.4245,803.714111,0.009292,0.008591
196,4,0,0,109.4954,71.0,12.5,,72.8599165037314,5.58380127,0.0,0.009203613,-0.166126966,1.991126966,2596.217841,1279.11145,939.159119,0.0,0.007293
197,4,0,0,109.5602,71.0,12.7,,72.8521150671474,5.58380127,0.0,-0.012463226,-0.0720613,1.8970613,2612.459326,1352.186157,919.652527,0.0,0.008538
198,4,0,0,110.2123,71.0,12.7,,72.8450788395466,5.58380127,0.0,-0.023200775,-3.1e-06,1.825003099,2626.668418,1155.822998,962.963379,0.0,0.008334
199,4,0,0,110.7395,71.0,13.0,,72.8373149649582,5.58380127,0.0,-0.025501678,0.024444818,1.800555182,2642.904844,1278.518921,885.037415,0.0,0.008775
200,4,0,0,110.8058,72.0,13.0,,72.829852326631,5.58380127,0.0,-0.010929291,-0.013041735,1.838041735,2657.109564,280.851105,818.50769,0.008961,0.008636
201,4,0,0,111.1383,72.0,13.2,,72.8220233220528,5.58380127,0.0,0.008436646,-0.101427794,1.926427794,2672.664809,0.0,0.0,0.0,0.0
202,4,0,0,111.5399,71.0,13.2,,72.8152409517436,5.58380127,0.0,0.008436646,-0.176664591,2.001664591,2687.541555,543.971313,804.786621,0.009335,0.008607
203,4,0,0,111.8093,72.0,13.3,,72.8075574636882,5.58380127,0.0,0.008436646,-0.239724874,2.064724874,2703.092312,1283.00354,871.832275,0.0,0.008579
204,4,0,0,111.9445,73.0,13.3,,72.8011642961646,5.58380127,0.0,0.009203613,-0.27261281,2.09761281,2717.288882,1293.09021,894.580994,0.0,0.008508
205,4,0,0,111.9445,75.0,13.5,,72.7939031632988,5.58380127,0.0,0.009203613,-0.287661791,2.112661791,2733.511283,1377.494873,908.582275,0.0,0.008761
206,4,0,0,112.0122,74.0,13.5,,72.7876781074316,5.58380127,0.0,0.032979614,-0.273334742,2.098334742,2747.703961,1243.893555,930.344971,0.0,0.008323
207,4,0,0,111.7418,73.0,13.9,,72.7802397218582,5.58380127,0.0,0.030678711,-0.186231375,2.011231375,2763.92193,1224.890625,920.598999,0.0,0.008479
208,4,0,0,111.5399,73.0,13.9,,72.773685877829,5.58380127,0.0,0.009203613,-0.035342455,1.860342455,2778.110256,1374.882935,921.123474,0.0,0.008376
209,4,0,0,111.6744,72.0,14.3,,72.7668832459292,5.58380127,0.0,-0.010162323,0.174063444,1.650936556,2794.32302,1227.771851,966.590576,0.0,0.008271
210,4,0,0,112.08,71.0,14.3,,72.7615354573894,5.58380127,0.0,-0.040074066,0.350523233,1.474476767,2808.507629,1325.373779,907.553406,0.009334,0.008777
211,4,0,0,112.5568,70.0,14.7,,72.7530266515018,5.58380127,0.0,-0.052345551,0.456758261,1.368241739,2824.716747,1070.186646,981.075928,0.0,0.007991
212,4,0,0,112.5568,70.0,14.7,,72.7446013542668,5.58380127,0.0,-0.056180389,0.391761065,1.433238935,2838.897971,1040.633057,1022.489929,0.0,0.008
213,4,0,0,112.2839,70.0,15.0,,72.7352361220048,5.58380127,0.0,-0.024734711,0.120601416,1.704398584,2855.102923,426.76709,568.6203,0.00937,0.007961
214,4,0,0,112.0122,70.0,15.0,,72.7284681070084,5.58380127,0.0,0.078230713,-0.201797724,2.026797724,2868.605022,1133.519653,929.392578,0.0,0.008484
215,4,0,0,112.352,70.0,15.3,,72.718405048829,5.58380127,0.0,0.038348389,-0.38389802,2.20889802,2885.480629,574.648071,494.382111,0.0,0.005704
216,4,0,0,112.6938,71.0,15.3,,72.7116154686766,5.58380127,0.0,0.009203613,-0.404671431,2.229671431,2898.979624,788.305176,697.340576,0.003159,0.003361
217,4,0,0,113.1759,72.0,15.9,,72.705374705651,5.58380127,0.0,0.055988647,-0.368288279,2.193288279,2915.851501,625.366516,880.046326,0.003486,0.003288
218,4,0,0,113.3838,72.0,15.9,,72.6987342630364,5.58380127,0.0,-0.003259613,-0.244935274,2.069935274,2929.347489,580.327271,692.002319,0.003471,0.003687
219,4,0,0,113.732,73.0,16.1,,72.6929809690968,5.58380127,0.0,-0.039307098,-0.079950571,1.904950571,2946.215392,583.97998,698.649597,0.003446,0.003535
220,4,0,0,113.9419,74.0,16.1,,72.686974236294,5.58380127,0.0,-0.054646454,-0.02188611,1.84688611,2959.708032,571.168213,740.586121,0.003396,0.003552
221,4,0,0,114.2231,75.0,16.6,,72.6792528000014,5.58380127,0.0,-0.013997162,-0.097598791,1.922598791,2975.89726,0.0,0.0,0.0,0.0
222,4,0,0,114.3641,75.0,16.6,,72.6742782978746,5.58380127,0.0,0.042183228,-0.241034269,2.066034269,2990.061392,576.706116,762.169189,0.003553,0.0
223,4,0,0,114.5764,76.0,16.7,,72.6681904060556,5.58380127,0.0,0.051386841,-0.374576807,2.199576807,3006.247386,889.384888,823.136414,0.003469,0.008404
224,4,0,0,114.8607,76.0,16.7,,72.6617901896228,5.58380127,0.0,0.043717163,-0.368423223,2.193423223,3020.408427,484.422302,569.860718,0.0,0.005835
225,4,0,0,115.218,75.0,17.1,,72.6550556488984,5.58380127,0.0,0.037581421,-0.230952024,2.055952024,3036.590518,1401.68335,853.499084,0.0,0.008788
226,4,0,0,115.2897,75.0,17.1,,72.6492081602886,5.58380127,0.0,-0.019365936,-0.01112628,1.83612628,3050.74845,1305.100586,899.082397,0.0,0.008503
227,4,0,0,115.5055,75.0,16.9,,72.643910953305,5.58380127,0.0,-0.045442841,0.244692564,1.580307436,3066.927362,0.0,0.0,0.0,0.0
228,4,0,0,115.7943,75.0,16.9,,72.6378183783066,5.58380127,0.0,-0.053879486,0.357215166,1.467784834,3081.08251,1249.965454,876.180908,0.008868,0.008705
229,4,0,0,115.7943,75.0,17.0,,72.6306265597146,5.58380127,0.0,-0.015531097,0.324705362,1.500294638,3097.258207,1373.522949,876.891479,0.0,0.008597
230,4,0,0,116.2304,74.0,17.0,,72.6259887315158,5.58380127,0.0,-0.016298065,0.217813253,1.607186747,3111.410381,682.514709,819.57312,0.009115,0.00861
231,4,0,0,116.3034,74.0,16.8,,72.6209096866626,5.58380127,0.0,0.00690271,0.05183959,1.77316041,3126.907997,1309.536255,880.938721,0.009432,0.00853
232,4,0,0,116.3765,74.0,16.8,,72.6167067343186,5.58380127,0.0,0.003834839,-0.080813646,1.905813646,3141.729488,1269.234497,933.461426,0.0,0.008246
233,4,0,0,116.7433,70.0,16.9,,72.6122983014434,5.58380127,0.0,0.045251099,-0.210806608,2.035806608,3157.223493,1258.326172,965.346008,0.0,0.008125
234,4,0,0,116.6698,71.0,16.9,,72.6070988940516,5.58380127,0.0,0.0,-0.254262209,2.079262209,3171.369785,1362.724854,944.473022,0.0,0.008315
235,4,0,0,116.6698,73.0,16.8,,72.6025053066094,5.58380127,0.0,0.013038452,-0.269634008,2.094634008,3187.534755,1241.185791,932.270813,0.0,0.008431
236,4,0,0,116.2304,73.0,16.8,,72.5985236546088,5.58380127,0.0,0.013038452,-0.2680161,2.0930161,3201.674887,671.671326,796.298584,0.00896,0.008727
237,4,0,0,114.3641,74.0,16.6,,72.5937637257842,5.58380127,0.0,0.010737549,-0.230490446,2.055490446,3217.832607,1253.438599,921.145081,0.0,0.00812
238,4,0,0,112.0122,74.0,16.6,,72.5897927758946,5.58380127,0.0,0.003834839,-0.174219847,1.999219847,3231.971648,80.670601,726.432312,0.008728,0.0
239,4,0,0,110.2779,75.0,16.4,,72.585244958082,5.58380127,0.0,0.003067871,-0.086523294,1.911523294,3248.129284,1368.682251,854.260498,0.0,0.009187
240,4,0,0,108.1525,76.0,16.4,,72.5813538314564,5.58380127,0.0,-0.007094452,-0.005240202,1.830240202,3262.265728,511.034302,790.796509,0.009347,0.008019
241,4,0,0,104.4321,75.0,16.3,,72.577117066879,5.58380127,0.0,-0.012463226,0.069300413,1.755699587,3277.746222,1271.345947,1061.462524,0.00865,0.008007
242,4,0,0,101.5682,74.0,16.3,,72.573428620533,5.58380127,0.0,-0.016298065,0.108334303,1.716665697,3292.552941,941.739075,847.541626,0.007972,0.008701
243,4,0,0,99.7089,73.0,16.2,,72.569278615475,5.58380127,0.0,-0.030103485,0.110594511,1.714405489,3308.031613,1289.622437,926.558289,0.0,0.008454
244,4,0,0,98.3845,73.0,16.2,,72.564972665371,5.58380127,0.0,0.003067871,0.052609682,1.772390318,3322.162234,618.340515,654.385071,0.008859,0.008664
245,4,0,0,98.3845,73.0,16.1,,72.5608715359688,5.58380127,0.0,0.00690271,-0.049853086,1.874853086,3338.310318,0.0,0.0,0.0,0.0
246,4,0,0,98.1239,73.0,16.1,,72.557203254653,5.58380127,0.0,0.003067871,-0.132321119,1.957321119,3352.43921,565.962524,758.3125,0.009397,0.009016
247,4,0,0,96.2872,73.0,16.0,,72.553649831933,5.58380127,0.0,0.030678711,-0.207058668,2.032058668,3368.584303,1265.771729,906.77948,0.0,0.00831
248,4,0,0,93.7049,73.0,16.0,,72.5495224541954,5.58380127,0.0,0.012271484,-0.220414877,2.045414877,3382.708645,0.0,0.0,0.0,0.0
249,4,0,0,92.5343,74.0,15.9,,72.5454825440868,5.58380127,0.0,0.009203613,-0.185118437,2.010118437,3398.849548,1246.974243,924.327515,0.0,0.008293
250,4,0,0,92.8591,74.0,15.9,,72.5421005160768,5.58380127,0.0,-0.001725677,-0.132062674,1.957062674,3412.973109,935.90387,1006.947876,0.006718,0.0
251,4,0,0,94.1815,74.0,15.8,,72.5385386604152,5.58380127,0.0,-0.02166684,-0.075822592,1.900822592,3429.113096,928.233398,840.348572,0.008988,0.008642
252,4,0,0,95.4435,74.0,15.8,,72.534790459275,5.58380127,0.0,0.003067871,-0.064992189,1.889992189,3443.233959,570.730103,866.764893,0.009195,0.008256
253,4,0,0,96.3874,74.0,15.4,,72.5312737134136,5.58380127,0.0,0.009203613,-0.075700998,1.900700998,3459.370648,300.153198,850.048218,0.007853,0.0
254,4,0,0,96.841,76.0,15.4,,72.5279338340182,5.58380127,0.0,-0.001725677,-0.069601774,1.894601774,3472.817132,895.107422,831.187317,0.003485,0.008481
255,4,0,0,97.2479,75.0,15.4,,72.5243926422822,5.58380127,0.0,-0.005560516,-0.065858603,1.890858603,3489.624585,0.0,0.0,0.0,0.0
256,4,0,0,97.9681,74.0,15.4,,72.5213355400182,5.58380127,0.0,-0.010162323,-0.08044076,1.90544076,3503.069791,436.113403,780.17627,0.003349,0.008312
257,4,0,0,98.8572,74.0,15.1,,72.5177501718992,5.58380127,0.0,-0.010929291,-0.116210222,1.941210222,3519.875213,904.298584,808.66449,0.003349,0.008545
258,4,0,0,99.3878,74.0,15.1,,72.5146601586322,5.58380127,0.0,0.001533936,-0.171925783,1.996925783,3533.318664,928.636475,799.058411,0.003444,0.008665
259,4,0,0,99.7626,74.0,14.8,,72.5111743925658,5.58380127,0.0,-0.000959,-0.241829634,2.066829634,3550.121783,0.0,0.0,0.0,0.0
260,4,0,0,100.3573,75.0,14.8,,72.5082769207364,5.58380127,0.0,0.003067871,-0.297828913,2.122828913,3563.563324,1281.159546,898.617676,0.0,0.006499
261,4,0,0,100.9041,75.0,14.5,,72.505020968422,5.58380127,0.0,0.008436646,-0.35659194,2.18159194,3579.692159,0.0,0.0,0.0,0.0
262,4,0,0,100.4662,74.0,14.5,,72.5021274716624,5.58380127,0.0,0.005368774,-0.38770175,2.21270175,3593.80412,580.747314,734.987671,0.003588,0.0
263,4,0,0,99.9241,74.0,14.2,,72.498850678395,5.58380127,0.0,0.001533936,-0.397060156,2.222060156,3609.931264,1189.828491,951.11499,0.003306,0.0
264,4,0,0,100.0861,75.0,14.2,,72.4961452491078,5.58380127,0.0,0.013038452,-0.393180132,2.218180132,3624.041754,894.495728,825.583191,0.003399,0.008606
265,4,0,0,100.032,75.0,13.7,,72.4929317029024,5.58380127,0.0,0.003834839,-0.371095896,2.196095896,3640.166816,899.429871,792.53009,0.003444,0.008636
266,4,0,0,100.2486,75.0,13.7,,72.4902201742166,5.58380127,0.0,0.003834839,-0.335408926,2.160408926,3654.275228,891.621399,815.018677,0.003466,0.008467
267,4,0,0,100.9041,74.0,13.3,,72.4872596323526,5.58380127,0.0,-0.001725677,-0.284794569,2.109794569,3670.398302,552.205872,734.817322,0.003484,0.0
268,4,0,0,101.624,74.0,13.3,,72.484568107763,5.58380127,0.0,-0.007094452,-0.238110781,2.063110781,3684.505386,591.977173,732.59613,0.003514,0.0
269,4,0,0,102.4674,74.0,12.5,,72.4815719351114,5.58380127,0.0,-0.004793549,-0.200555086,2.025555086,3700.626868,0.0,0.0,0.0,0.0
270,4,0,0,103.1523,74.0,12.5,,72.4789970393916,5.58380127,0.0,0.003834839,-0.179428816,2.004428816,3714.732279,1633.550659,1012.609619,0.003352,0.007443
271,4,0,0,103.6721,74.0,11.9,,72.4761016275174,5.58380127,0.0,-0.000959,-0.155613184,1.980613184,3730.180209,665.439819,729.555908,0.003503,0.0
272,4,0,0,103.9631,73.0,11.9,,72.4737306995492,5.58380127,0.0,-0.008628387,-0.136181593,1.961181593,3744.955841,881.894592,805.971313,0.003444,0.008484
273,4,0,0,103.7883,72.0,11.3,,72.4707751305458,5.58380127,0.0,0.005368774,-0.124859571,1.949859571,3760.402256,848.320984,828.336487,0.003377,0.007984
274,4,0,0,103.8465,72.0,11.3,,72.4684842350558,5.58380127,0.0,0.010737549,-0.11721921,1.94221921,3774.504796,1019.392395,800.965027,0.00338,0.008765
275,4,0,0,104.1385,72.0,10.8,,72.4660119186676,5.58380127,0.0,0.003067871,-0.095810652,1.920810652,3788.606671,1033.357788,793.541687,0.003191,0.008419
276,4,0,0,104.55,72.0,10.8,,72.4634637540852,5.58380127,0.0,-0.004793549,-0.062885523,1.887885523,3804.722292,543.562317,730.903381,0.003383,0.0
277,4,0,0,105.323,72.0,10.3,,72.461162430072,5.58380127,0.0,-0.010162323,-0.037340403,1.862340403,3818.822743,859.523926,818.802917,0.003411,0.008241
278,4,0,0,105.503,73.0,10.3,,72.45864896286,5.58380127,0.0,-0.019365936,-0.028741598,1.853741598,3834.93666,811.260376,824.385681,0.003229,0.008052
279,4,0,0,105.0244,73.0,10.2,,72.4562710664496,5.58380127,0.0,-0.017832001,-0.051315069,1.876315069,3849.035645,0.0,0.0,0.0,0.0
280,4,0,0,104.7867,73.0,10.2,,72.453488050881,5.58380127,0.0,-0.003259613,-0.117032766,1.942032766,3865.148025,1232.490356,890.734619,0.0,0.00831
281,4,0,0,104.846,73.0,10.1,,72.4511984106762,5.58380127,0.0,-0.007094452,-0.188474894,2.013474894,3879.245751,1213.547607,949.157471,0.0,0.008366
282,4,0,0,105.0244,73.0,10.1,,72.4486452893266,5.58380127,0.0,0.001533936,-0.277482748,2.102482748,3895.356773,0.0,0.0,0.0,0.007731
283,4,0,0,104.9054,73.0,10.6,,72.4464821271524,5.58380127,0.0,0.016106323,-0.357446432,2.182446432,3909.453277,339.23999,756.053284,0.009208,0.008695
284,4,0,0,104.7274,73.0,10.6,,72.444077274297,5.58380127,0.0,0.017640259,-0.415382624,2.240382624,3924.891629,1264.328247,898.700623,0.0,0.008408
285,4,0,0,104.6682,74.0,11.0,,72.441730615176,5.58380127,0.0,0.018407227,-0.428177595,2.253177595,3939.658045,1273.690186,937.788818,0.0,0.007013
286,4,0,0,104.3732,73.0,11.0,,72.4391877453222,5.58380127,0.0,0.021475098,-0.39266324,2.21766324,3955.094948,1272.030518,921.510681,0.0,0.008442
287,4,0,0,104.1385,73.0,12.0,,72.4369312575214,5.58380127,0.0,0.025309937,-0.307112455,2.132112455,3969.860037,0.0,0.0,0.0,0.0
288,4,0,0,104.846,73.0,12.0,,72.4340741640326,5.58380127,0.0,0.010737549,-0.146079779,1.971079779,3985.295666,488.287292,916.174194,0.009238,0.007918
289,4,0,0,105.383,73.0,13.2,,72.4318643470918,5.58380127,0.0,0.001533936,0.035091162,1.789908838,3999.388524,1338.774536,926.52179,0.0,0.008238
290,4,0,0,105.9861,74.0,13.2,,72.4298931630862,5.58380127,0.0,-0.025501678,0.227244616,1.597755384,4015.49399,1237.537842,919.605103,0.0,0.008379
291,4,0,0,106.5348,74.0,14.3,,72.4276120845702,5.58380127,0.0,-0.02856955,0.362543821,1.462456179,4029.585711,1196.330566,971.867676,0.008592,0.008754
292,4,0,0,107.0893,74.0,14.3,,72.4250219484006,5.58380127,0.0,-0.02856955,0.433893919,1.391106081,4045.68991,1331.68396,929.93219,0.0,0.008187
293,4,0,0,107.3376,74.0,15.2,,72.4226252227122,5.58380127,0.0,-0.027035614,0.427437067,1.397562933,4059.780527,345.781586,786.59668,0.009112,0.008152
294,4,0,0,107.3376,74.0,15.2,,72.4200052171922,5.58380127,0.0,-0.017832001,0.350001097,1.474998903,4075.883427,0.0,0.0,0.008508,0.006614
295,4,0,0,107.7122,73.0,16.1,,72.4178891121196,5.58380127,0.0,-0.001725677,0.24263835,1.58236165,4089.972921,0.0,0.0,0.0,0.005653
296,4,0,0,108.0264,74.0,16.1,,72.415859509072,5.58380127,0.0,0.016106323,0.098604441,1.726395559,4106.074634,0.0,0.0,0.0,0.0
297,4,0,0,107.8376,74.0,16.9,,72.4142618046002,5.58380127,0.0,0.032212646,-0.011392832,1.836392832,4120.163118,411.913605,787.734497,0.009212,0.008324
298,4,0,0,106.6576,74.0,16.9,,72.4116141828058,5.58380127,0.0,0.023009033,-0.067279577,1.892279577,4136.263472,628.55127,810.944275,0.008651,0.008481
299,4,0,0,105.9861,74.0,17.6,,72.4093897047776,5.58380127,0.0,-0.000959,-0.056138754,1.881138754,4149.679882,1304.625,876.365173,0.0,0.008594
300,4,0,0,106.1684,74.0,17.6,,72.4074284021196,5.58380127,0.0,-0.001725677,-0.029496431,1.854496431,4166.449733,1271.240112,929.002991,0.0,0.008433
301,4,0,0,106.5962,74.0,17.9,,72.4057417655194,5.58380127,0.0,-0.003259613,-0.01006341,1.83506341,4179.865164,1307.344482,947.99353,0.0,0.008055
302,4,0,0,106.9656,74.0,17.9,,72.4038257979692,5.58380127,0.0,-0.001725677,0.005580664,1.819419336,4196.634057,396.598206,799.795715,0.008913,0.008118
303,4,0,0,107.3376,73.0,17.9,,72.402177383194,5.58380127,0.0,-0.001725677,0.011107206,1.813892794,4210.048752,544.898376,836.323975,0.009239,0.008433
304,4,0,0,107.5246,72.0,17.9,,72.4003835484564,5.58380127,0.0,-0.004793549,0.010952711,1.814047289,4226.145693,769.99707,786.611206,0.008376,0.009065
305,4,0,0,108.0894,72.0,18.2,,72.3987730819184,5.58380127,0.0,-0.004793549,0.001427412,1.823572588,4240.229593,1326.834595,901.001099,0.0,0.008365
306,4,0,0,108.5329,71.0,18.2,,72.396950407808,5.58380127,0.0,-0.005560516,-0.023000956,1.848000956,4256.324147,1223.138184,877.421387,0.008895,0.0
307,4,0,0,108.8518,72.0,17.9,,72.3953778895072,5.58380127,0.0,-0.005560516,-0.054422617,1.879422617,4270.406146,0.0,0.0,0.008865,0.0
308,4,0,0,109.1727,72.0,17.9,,72.3935778909974,5.58380127,0.0,-0.000959,-0.104688406,1.929688406,4286.499887,586.212219,633.770874,0.009462,0.008598
309,4,0,0,109.3661,72.0,17.3,,72.3919542761516,5.58380127,0.0,-0.000959,-0.157198191,1.982198191,4300.582081,1491.737793,1013.459717,0.009326,0.008079
310,4,0,0,109.6251,71.0,17.3,,72.3902304155172,5.58380127,0.0,-0.000959,-0.220995665,2.045995665,4316.675708,0.0,0.0,0.0,0.0
311,4,0,0,109.1727,72.0,17.1,,72.3887751054486,5.58380127,0.0,0.009203613,-0.280718565,2.105718565,4330.756938,0.0,0.0,0.0,0.008414
312,4,0,0,108.279,72.0,17.1,,72.387083383334,5.58380127,0.0,0.008436646,-0.334136724,2.159136724,4346.848849,0.0,0.0,0.0,0.00792
313,4,0,0,108.0264,72.0,17.2,,72.3857955733726,5.58380127,0.0,0.025309937,-0.361895323,2.186895323,4360.928658,1.1063,771.342896,0.009191,0.0
314,4,0,0,108.1525,72.0,17.2,,72.3839846957244,5.58380127,0.0,0.018407227,-0.357105494,2.182105494,4376.349256,486.0495,899.520996,0.009282,0.007985
315,4,0,0,108.6602,72.0,17.0,,72.3822191049038,5.58380127,0.0,0.013038452,-0.299690008,2.124690008,4391.099302,726.372681,571.451721,0.0,0.006527
316,4,0,0,108.9159,73.0,17.0,,72.3803670925252,5.58380127,0.0,-0.000959,-0.191122293,2.016122293,4406.519274,1207.953125,965.851074,0.009363,0.008045
317,4,0,0,109.0441,73.0,17.1,,72.379010290158,5.58380127,0.0,-0.004793549,-0.088187456,1.913187456,4421.268387,1220.131714,943.808228,0.0,0.008466
318,4,0,0,108.5329,72.0,17.1,,72.3773596866804,5.58380127,0.0,-0.004793549,0.02122426,1.80377574,4436.687506,1243.749146,903.170288,0.0,0.008257
319,4,0,0,108.2157,73.0,16.9,,72.3760122667654,5.58380127,0.0,-0.003259613,0.105461359,1.719538641,4450.765472,1196.56897,920.281799,0.0,0.008322
320,4,0,0,108.4058,73.0,16.9,,72.3745680450494,5.58380127,0.0,-0.013997162,0.195357084,1.629642916,4466.854154,1271.230347,925.853821,0.0,0.008146
321,4,0,0,108.9799,73.0,17.0,,72.3732807822636,5.58380127,0.0,-0.013997162,0.246034384,1.578965616,4480.931383,1106.791382,953.004578,0.0,0.007565
322,4,0,0,109.3661,73.0,17.0,,72.371612073711,5.58380127,0.0,-0.010929291,0.272321939,1.552678061,4497.019215,1254.17041,881.246582,0.0,0.008516
323,4,0,0,109.755,73.0,16.8,,72.3703354808494,5.58380127,0.0,-0.010929291,0.266768694,1.558231306,4511.095686,1298.097656,922.736023,0.0,0.008354
324,4,0,0,109.9505,73.0,16.8,,72.368857285966,5.58380127,0.0,-0.012463226,0.232564688,1.592435312,4526.512351,0.0,0.0,0.0,0.0
325,4,0,0,109.4307,73.0,16.6,,72.3675137928406,5.58380127,0.0,-0.012463226,0.173420668,1.651579332,4541.258304,1241.091553,896.82019,0.00918,0.008449
326,4,0,0,108.279,73.0,16.6,,72.3660636970336,5.58380127,0.0,-0.010162323,0.081528902,1.743471098,4556.674136,1178.471436,913.831787,0.009113,0.0
327,4,0,0,107.9005,73.0,16.5,,72.3647691761244,5.58380127,0.0,-0.010162323,-0.030819178,1.855819178,4571.419363,1307.790161,911.862183,0.0,0.008499
328,4,0,0,108.2157,73.0,16.5,,72.36333982471,5.58380127,0.0,0.00690271,-0.18011117,2.00511117,4586.834532,1294.877441,914.268188,0.0,0.008241
329,4,0,0,108.5965,72.0,16.6,,72.3621669538114,5.58380127,0.0,0.001533936,-0.314643621,2.139643621,4600.908989,366.118896,950.065308,0.009072,0.008208
330,4,0,0,109.1727,72.0,16.6,,72.3608311211444,5.58380127,0.0,0.001533936,-0.460474253,2.285474253,4616.993642,544.530579,660.937805,0.009072,0.008515
331,4,0,0,109.6251,72.0,16.5,,72.3597341145334,5.58380127,0.0,0.001533936,-0.583045244,2.408045244,4631.067084,0.0,0.0,0.005441,0.0
332,4,0,0,109.755,72.0,16.5,,72.3587564082966,5.58380127,0.0,0.039882324,-0.721053839,2.546053839,4647.150403,0.0,0.0,0.0,0.0
333,4,0,0,108.279,72.0,16.3,,72.3559660058574,5.58380127,0.0,0.026843872,-0.78577733,2.61077733,4661.223049,630.762817,526.685974,0.0,0.003753
334,4,0,0,104.6091,73.0,16.3,,72.3535145304222,5.58380127,0.0,0.001533936,-0.726126432,2.551126432,4677.30581,0.0,0.0,0.0,0.0
335,4,0,0,100.7394,73.0,16.2,,72.3525715859294,5.58380127,0.0,0.012271484,-0.646936655,2.471936655,4691.378003,605.336121,694.650024,0.0,0.003392
336,4,0,0,98.9629,74.0,16.2,,72.3512420457818,5.58380127,0.0,-0.004793549,-0.532049417,2.357049417,4707.460325,609.234802,708.43158,0.0,0.003342
337,4,0,0,98.9629,73.0,16.1,,72.3501370890312,5.58380127,0.0,-0.005560516,-0.426003695,2.251003695,4721.532149,493.055389,579.191101,0.0,0.005999
338,4,0,0,99.1218,74.0,16.1,,72.3489913998852,5.539855957,0.0,-0.005560516,-0.316613436,2.141613436,4737.613893,29.565701,694.942993,0.009184,0.003356
339,4,0,0,98.91,74.0,16.0,,72.3478600821454,5.58380127,0.0,0.010737549,-0.229436159,2.054436159,4751.015025,611.850525,724.842285,0.0,0.003388
340,4,0,0,99.6552,74.0,16.0,,72.34675235733,5.58380127,0.0,-0.008628387,-0.135516405,1.960516405,4767.765937,541.196289,697.307312,0.0,0.004103
341,4,0,0,101.0142,73.0,15.9,,72.3457753913896,5.58380127,0.0,-0.008628387,-0.057880163,1.882880163,4781.166203,479.622101,588.680908,0.0,0.003538
342,4,0,0,101.9036,74.0,15.9,,72.3446681976564,5.58380127,0.0,-0.008628387,0.010269403,1.814730597,4797.915936,610.662598,725.885315,0.0,0.003392
343,4,0,0,102.1847,74.0,16.1,,72.343599418869,5.58380127,0.0,-0.012463226,0.051433802,1.773566198,4811.315274,0.0,0.0,0.0,0.0
344,4,0,0,102.5809,74.0,16.1,,72.3423778654354,5.58380127,0.0,-0.015531097,0.06680131,1.75819869,4827.394292,481.140289,592.104004,0.0,0.003351
345,4,0,0,103.1523,74.0,16.0,,72.3412330936132,5.58380127,0.0,-0.007094452,0.050191641,1.774808359,4841.463225,175.604202,834.809692,0.009031,0.003295
346,4,0,0,103.6721,75.0,16.0,,72.3399974906414,5.58380127,0.0,0.009203613,0.011384726,1.813615274,4857.54176,0.0,0.0,0.009208,0.0
347,4,0,0,104.0215,75.0,16.2,,72.3390698831588,5.58380127,0.0,-0.001725677,-0.009664297,1.834664297,4871.610577,1291.170898,956.196594,0.0,0.008576
348,4,0,0,104.2557,75.0,16.2,,72.3380553874096,5.58380127,0.0,-0.001725677,-0.032806635,1.857806635,4887.688543,1288.429443,948.447021,0.0,0.007888
349,4,0,0,104.491,75.0,16.1,,72.3370879970422,5.58380127,0.0,-0.001725677,-0.057933092,1.882933092,4901.756292,484.38501,571.85321,0.0,0.00611
350,4,0,0,105.0244,75.0,16.1,,72.3361006347654,5.58380127,0.0,0.003067871,-0.089246035,1.914246035,4917.833227,0.0,0.0,0.0,0.0
351,4,0,0,105.744,75.0,16.3,,72.3351295590094,5.58380127,0.0,0.003067871,-0.114101648,1.939101648,4931.900305,1274.241943,911.282898,0.0,0.008506
352,4,0,0,106.1076,74.0,16.3,,72.3342987694212,5.58380127,0.0,0.017640259,-0.129080534,1.954080534,4947.976825,1250.468262,956.228394,0.0,0.008491
353,4,0,0,106.1076,74.0,16.2,,72.3333583515922,5.58380127,0.0,0.018407227,-0.110290766,1.935290766,4962.043592,428.492493,579.565125,0.009293,0.0
354,4,0,0,106.1076,75.0,16.2,,72.3320838347792,5.58380127,0.0,0.001533936,-0.04398942,1.86898942,4977.44981,1258.649048,952.827209,0.0,0.008439
355,4,0,0,106.5348,75.0,16.0,,72.3312926832352,5.58380127,0.0,-0.005560516,0.024523497,1.800476503,4992.18609,1238.277344,940.623596,0.009358,0.008508
356,4,0,0,106.8422,74.0,16.0,,72.330316811646,5.58380127,0.0,-0.012463226,0.090646982,1.734353018,5007.592065,421.588409,864.640381,0.009004,0.007894
357,4,0,0,107.2133,74.0,15.9,,72.3293774077012,5.58380127,0.0,-0.010929291,0.126927614,1.698072386,5022.328044,0.0,0.0,0.0,0.008243
358,4,0,0,107.7122,74.0,15.9,,72.3283875187606,5.58380127,0.0,-0.010162323,0.136914968,1.688085032,5037.733548,0.0,0.0,0.0,0.0
359,4,0,0,108.3424,74.0,16.1,,72.3274924682262,5.58380127,0.0,-0.010162323,0.122334719,1.702665281,5051.799174,1274.397827,940.594971,0.0,0.008506
360,4,0,0,108.6602,74.0,16.1,,72.326582740511,5.58380127,0.0,-0.010162323,0.079797029,1.745202971,5067.873939,1248.944214,949.098572,0.0,0.008374
361,4,0,0,107.9634,74.0,16.0,,72.325758838898,5.58380127,0.0,-0.003259613,0.022912741,1.802087259,5081.939155,1271.374023,910.503113,0.0,0.008855
362,4,0,0,107.7749,74.0,16.0,,72.3248821187462,5.58380127,0.0,0.003067871,-0.058517694,1.883517694,5098.013431,0.0,0.0,0.009357,0.0
363,4,0,0,108.0264,73.0,15.9,,72.3241769220516,5.58380127,0.0,0.005368774,-0.126963377,1.951963377,5112.07822,333.202606,757.394409,0.009422,0.008488
364,4,0,0,108.1525,72.0,15.9,,72.3233333543038,5.58380127,0.0,0.0,-0.198305368,2.023305368,5128.152048,346.570007,898.255371,0.009111,0.007926
365,4,0,0,109.1084,72.0,15.8,,72.3226532955,5.58380127,0.0,-0.007094452,-0.251167059,2.076167059,5142.216489,1259.356812,921.566223,0.0,0.008469
366,4,0,0,109.4954,72.0,15.8,,72.322188035306,5.58380127,0.0,-0.02856955,-0.314702749,2.139702749,5156.280617,1191.793213,1019.986511,0.008971,0.0
367,4,0,0,109.8201,72.0,15.8,,72.3209921508454,5.58380127,0.0,-0.030103485,-0.447081804,2.272081804,5172.353544,1257.796021,915.2052,0.009463,0.008594
368,4,0,0,109.755,71.0,15.8,,72.3198369665934,5.58380127,0.0,-0.025501678,-0.624483347,2.449483347,5186.417201,1288.010986,913.669983,0.0,0.008833
369,4,0,0,109.69,71.0,15.7,,72.3186970388846,5.58380127,0.0,-0.02856955,-0.901611567,2.726611567,5201.820143,1327.772339,386.102203,0.009111,0.0
370,4,0,0,110.1467,71.0,15.7,,72.317578644145,5.58380127,0.0,-0.027035614,-1.222276926,3.047276926,5216.553245,1278.815308,934.689819,0.0,0.008691
371,4,0,0,110.2779,72.0,15.6,,72.3163357669564,5.58380127,0.0,-0.012463226,-1.64030838,3.46530838,5231.95582,0.0,0.0,0.0,0.0
372,4,0,0,110.3436,72.0,15.6,,72.3154657577524,5.58380127,0.0,0.001533936,1.554941893,3.920058107,5246.688466,1299.896973,940.338989,0.0,0.007794
373,4,0,0,110.5412,72.0,15.6,,72.3147940192364,5.58380127,0.0,0.010737549,1.058308601,4.416691399,5262.090482,1280.494141,958.007019,0.0,0.008462
374,4,0,0,110.8058,72.0,15.6,,72.3146095888724,5.58380127,0.0,0.052920776,0.666367769,4.808632231,5276.152972,436.177185,576.262512,0.00934,0.0
375,4,0,0,111.1383,72.0,15.8,,72.310612696422,5.58380127,0.0,0.087434326,0.310739756,5.164260244,5292.224215,331.197113,826.98999,0.008484,0.008763
376,4,0,0,111.4728,72.0,15.8,,72.3064000397578,5.58380127,0.0,0.050619873,0.214726448,5.260273552,5306.286447,994.815674,931.350586,0.008816,0.007679
377,4,0,0,111.8093,73.0,15.7,,72.3042110154898,5.58380127,0.0,0.00690271,0.272711992,5.202288008,5322.357391,524.900085,808.534302,0.009145,0.008321
378,4,0,0,111.8093,73.0,15.7,,72.303991791195,5.58380127,0.0,-0.036239227,0.357867479,5.117132521,5336.419175,1283.10498,931.949829,0.0,0.008107
379,4,0,0,112.2158,73.0,15.7,,72.3028742333122,5.58380127,0.0,-0.045442841,0.401111841,5.073888159,5352.488744,520.388489,775.302917,0.008663,0.008241
380,4,0,0,112.352,73.0,15.7,,72.301249475835,5.58380127,0.0,-0.050811615,0.332858324,5.142141676,5366.548278,1235.221924,927.435303,0.009003,0.008626
381,4,0,0,112.352,73.0,15.6,,72.298677187246,5.58380127,0.0,-0.019365936,0.103883028,5.371116972,5382.614293,1285.452759,912.935608,0.0,0.00858
382,4,0,0,112.352,72.0,15.6,,72.0413336950578,0.0,0.0,0.030678711,-0.16949141,5.64449141,5396.67017,286.078094,787.070618,0.009113,0.008642
383,4,0,0,110.8721,72.0,15.5,,71.4951233771898,0.0,0.0,0.079764648,-0.427286625,5.902286625,5412.731978,1257.735229,909.676819,0.0,0.008777
384,4,0,0,111.0716,72.0,15.5,,71.0201824720076,0.0,0.0,0.025309937,-0.521372795,5.996372795,5426.116459,341.60199,826.416016,0.009198,0.008467
385,4,0,0,110.2123,72.0,15.8,,70.4650106248166,0.0,0.0,0.012271484,-0.485062718,5.960062718,5442.847948,535.536072,946.88739,0.009052,0.008009
386,4,0,0,107.587,72.0,15.8,,70.0026485624754,0.791015625,0.0,-0.007094452,-0.402459741,5.877459741,5456.235804,0.0,0.0,0.0,0.0
387,4,0,0,104.4321,72.0,15.7,,69.6029574023208,1.274414063,0.0,-0.024734711,-0.32217443,5.79717443,5472.97275,0.0,0.0,0.0,0.0
388,4,0,0,102.5241,73.0,15.7,,69.2495720233872,1.23046875,0.0,-0.040074066,-0.306738853,5.781738853,5486.361687,1188.669312,930.361389,0.008826,0.0
389,4,0,0,100.8491,73.0,15.6,,68.857250127653,1.362304688,0.0,-0.034705292,-0.387901425,5.862901425,5502.428201,789.263184,796.155212,0.008668,0.009256
390,4,0,0,99.6552,72.0,15.6,,68.55743177546,2.4609375,0.0,-0.013997162,-0.562961578,6.037961578,5516.486547,1267.362915,982.966675,0.0,0.008353
391,4,0,0,99.7626,72.0,15.3,,68.2826840597484,2.197265625,0.0,0.12731665,-0.785054803,6.260054803,5532.552148,1331.730591,884.237915,0.0,0.008558
392,4,0,0,100.7943,71.0,15.3,,68.0378328440026,2.4609375,0.0,0.116579102,-0.765399337,6.240399337,5546.606984,1249.692993,869.46637,0.0,0.008199
393,4,0,0,100.9591,72.0,15.0,,67.7667744758674,2.373046875,0.0,-0.032404388,-0.436048269,5.911048269,5562.597436,1262.477051,906.792114,0.0,0.008383
394,4,0,0,100.032,72.0,15.0,,67.5354241421288,2.28515625,0.0,-0.089160004,-0.114298224,5.589298224,5576.482705,0.0,0.0,0.0,0.005894
395,4,0,0,99.5481,72.0,14.7,,67.252777174148,2.241210938,0.0,-0.092227875,0.031254411,5.443745589,5592.229839,412.741211,794.298584,0.009312,0.008826
396,4,0,0,99.978,73.0,14.7,,67.0266575494642,2.4609375,0.0,0.023009033,-0.058745623,5.533745623,5605.902715,0.0,0.0,0.0,0.0
397,4,0,0,101.0142,76.0,14.4,,66.7775173138712,2.416992188,0.0,0.076696777,-0.206941605,5.681941605,5621.422821,1503.418945,611.645996,0.0,0.005882
398,4,0,0,102.1847,78.0,14.4,,66.5583071812632,3.430480957,0.0,0.070561035,-0.165906668,5.640906668,5634.925502,1269.49292,926.990173,0.0,0.008606
399,4,0,0,103.2674,79.0,14.2,,66.5583698650562,5.627746582,0.0,-0.053879486,0.062164307,5.412835693,5649.631223,1307.981812,873.416626,0.0,0.008699
400,4,0,0,103.9047,78.0,14.2,,66.7197190586828,7.959594727,0.0,-0.068451874,0.228164911,5.246835089,5663.62048,1188.789307,954.241394,0.009297,0.008792
401,4,0,0,104.6682,76.0,14.0,,67.0019751018842,7.871704102,0.0,-0.085325165,0.200925589,5.274074411,5678.182589,551.691101,875.866882,0.009329,0.008448
402,4,0,0,105.323,75.0,14.0,,67.242195683181,7.739868164,0.0,0.036047485,0.013924479,5.461075521,5692.054154,520.708679,767.859924,0.008638,0.008746
403,4,0,0,105.8044,75.0,13.5,,67.511170149137,7.695922852,0.0,0.111210327,-0.19323504,5.66823504,5706.492121,558.40332,783.433289,0.009441,0.008488
404,4,0,0,106.2293,75.0,13.5,,67.7344338551502,7.651977539,0.0,0.058289551,-0.15254426,5.62754426,5719.624986,1510.202637,973.331482,0.0,0.008205
405,4,0,0,106.719,75.0,13.0,,67.9823208011248,7.695922852,0.0,-0.053879486,0.092009783,5.382990217,5734.577497,1480.297852,895.826416,0.009591,0.008593
406,4,0,0,106.9039,75.0,13.0,,68.2030019348664,7.651977539,0.0,-0.074587616,0.266992569,5.208007431,5747.609174,0.0,0.0,0.008936,0.0
407,4,0,0,107.3998,75.0,12.6,,68.4411178374046,7.651977539,0.0,-0.046976776,0.255610466,5.219389534,5762.446823,381.7117,574.514893,0.008384,0.0
408,4,0,0,107.4622,74.0,12.6,,68.6540895244366,7.651977539,0.0,0.029144775,0.080857873,5.394142127,5775.38587,448.43399,853.527405,0.009198,0.00842
409,4,0,0,107.3998,74.0,12.3,,68.8904538213188,7.608032227,0.0,0.102006714,-0.120911598,5.595911598,5789.560249,1251.087158,904.470886,0.0,0.008659
410,4,0,0,107.5246,75.0,12.3,,69.092871343977,7.651977539,0.0,0.037581421,-0.080320239,5.555320239,5803.164348,326.534393,816.400085,0.009135,0.008271
411,4,0,0,107.9005,74.0,12.0,,69.3217620912068,7.695922852,0.0,-0.061549164,0.095366359,5.379633641,5817.446417,1622.406616,1075.328247,0.0,0.007186
412,4,0,0,108.279,73.0,12.0,,69.5336626337216,7.871704102,0.0,-0.069218842,0.191894054,5.283105946,5831.163186,385.809601,813.691589,0.009464,0.008769
413,4,0,0,108.7879,73.0,12.0,,69.777025354808,7.783813477,0.0,0.001533936,0.122105479,5.352894521,5845.559887,1339.894897,900.797119,0.0,0.008323
414,4,0,0,109.0441,74.0,12.0,,69.9778110549864,7.783813477,0.0,0.016106323,-0.004824758,5.479824758,5858.750336,0.0,0.0,0.009262,0.0
415,4,0,0,109.2371,73.0,11.7,,70.2046437621308,7.783813477,0.0,0.063658325,-0.113444209,5.588444209,5873.882044,1262.632568,922.265808,0.0,0.00866
416,4,0,0,109.4954,73.0,11.7,,70.3980663938478,7.739868164,0.0,0.046785034,-0.105351686,5.580351686,5887.171001,1153.291748,945.566589,0.008931,0.0
417,4,0,0,109.2371,73.0,12.0,,70.6247656867062,7.783813477,0.0,-0.030103485,0.040867329,5.434132671,5902.410372,1263.612549,865.057373,0.0,0.008756
418,4,0,0,109.3016,73.0,12.0,,70.8147667489294,7.783813477,0.0,-0.061549164,0.161596656,5.313403344,5915.791262,1301.778809,898.469482,0.00939,0.008198
419,4,0,0,109.4307,73.0,12.0,,71.0269266526786,7.783813477,0.0,-0.054646454,0.162818789,5.312181211,5931.134542,801.980103,814.954102,0.009444,0.008369
420,4,0,0,109.755,73.0,12.0,,71.2162815005182,7.783813477,0.0,0.019941162,0.009320259,5.465679741,5944.604364,1332.625,889.054626,0.0,0.008184
421,4,0,0,108.4058,73.0,12.3,,71.4171660624528,7.739868164,0.0,0.054454712,-0.147341251,5.622341251,5960.052322,0.0,0.0,0.0,0.0
422,4,0,0,106.5348,73.0,12.3,,71.5985513781454,7.739868164,0.0,0.059823486,-0.180153728,5.655153728,5973.61561,387.377197,822.171997,0.009472,0.007924
423,4,0,0,105.323,73.0,12.9,,71.7956504666254,7.695922852,0.0,0.013038452,-0.063989758,5.538989758,5989.168585,1293.916748,875.80658,0.0,0.008435
424,4,0,0,105.503,73.0,12.9,,71.9720747342736,7.695922852,0.0,-0.019365936,0.110850573,5.364149427,6002.171419,404.296692,798.584412,0.00949,0.00861
425,4,0,0,105.503,73.0,13.1,,72.1592100769456,7.695922852,0.0,-0.048510712,0.263895035,5.211104965,6018.476556,1322.165405,848.258179,0.0,0.008771
426,4,0,0,105.1436,72.0,13.1,,72.3305017409054,7.695922852,0.0,-0.063083099,0.308255911,5.166744089,6031.561595,1242.114014,877.285095,0.0,0.008392
427,4,0,0,104.9648,72.0,13.6,,72.515322514696,7.695922852,0.0,-0.037773163,0.19686389,5.27813611,6047.969696,511.694092,878.181396,0.008961,0.008136
428,4,0,0,104.846,73.0,13.6,,72.6742794726928,7.564086914,0.0,0.067493164,-0.023513436,5.498513436,6061.13529,0.0,0.0,0.0,0.0
429,4,0,0,105.323,73.0,14.0,,72.8402190189882,7.564086914,0.0,0.111210327,-0.159100771,5.634100771,6076.980294,1241.599243,899.325073,0.0,0.008808
430,4,0,0,105.323,73.0,14.0,,72.981368147083,7.520141602,0.0,0.00690271,-0.04775703,5.52275703,6090.885664,1219.808105,877.160583,0.0,0.008618
431,4,0,0,103.3827,73.0,14.7,,73.1462604314668,7.520141602,0.0,-0.030870453,0.168295622,5.306704378,6106.82156,0.0,0.0,0.008942,0.0
432,4,0,0,101.4014,73.0,14.7,,73.2819010301426,7.520141602,0.0,-0.036239227,0.309971571,5.165028429,6120.803508,318.701111,818.158997,0.008736,0.008526
433,4,0,0,99.7089,73.0,15.3,,73.4416315495972,7.520141602,0.0,-0.058481293,0.370910168,5.104089832,6136.827408,1239.51355,887.757813,0.009041,0.008411
434,4,0,0,97.5553,73.0,15.3,,73.577334349264,7.520141602,0.0,-0.027035614,0.296227455,5.178772545,6150.886594,389.599396,577.112671,0.008919,0.0
435,4,0,0,96.8917,73.0,15.9,,73.7285873323072,7.520141602,0.0,0.032212646,0.100689411,5.374310589,6166.994984,356.550415,776.138184,0.009025,0.0
436,4,0,0,97.2479,73.0,15.9,,73.8629796785988,7.520141602,0.0,0.071328003,-0.059023619,5.534023619,6181.125215,1239.340576,869.369995,0.0,0.008559
437,4,0,0,98.594,73.0,15.8,,74.0119939570482,7.564086914,0.0,0.039882324,-0.081629753,5.556629753,6197.312915,1268.653931,851.496582,0.0,0.008546
438,4,0,0,99.3345,73.0,15.8,,74.1369104289528,7.520141602,0.0,-0.02166684,0.022932887,5.452067113,6211.508039,1247.091553,863.183472,0.0,0.008553
439,4,0,0,98.5416,74.0,16.0,,74.2845194478076,7.520141602,0.0,-0.046976776,0.137242675,5.337757325,6227.090292,1157.254639,896.821594,0.009182,0.008543
440,4,0,0,98.6466,73.0,16.0,,74.4103141365502,7.564086914,0.0,-0.041608002,0.141540885,5.333459115,6242.029411,458.252106,780.131409,0.008957,0.008682
441,4,0,0,99.0688,73.0,16.2,,74.5530149258994,7.520141602,0.0,0.003834839,0.045575142,5.429424858,6257.681822,505.409485,869.504028,0.00909,0.008215
442,4,0,0,99.7626,73.0,16.2,,74.6722049315622,7.564086914,0.0,0.059823486,-0.041368961,5.516368961,6272.685011,0.0,0.0,0.008644,0.0
443,4,0,0,100.032,73.0,16.1,,74.8041809343108,7.520141602,0.0,0.056755615,-0.029555202,5.504555202,6288.404224,486.652405,888.756226,0.009037,0.007714
444,4,0,0,99.3345,73.0,16.1,,74.9213533747892,7.520141602,0.0,0.051386841,0.136356235,5.338643765,6302.786251,1261.588013,873.816711,0.009277,0.0
445,4,0,0,98.8572,73.0,16.3,,75.054963147319,7.520141602,0.0,-0.039307098,0.47926116,4.99573884,6319.255834,1278.564453,896.316589,0.009039,0.0
446,4,0,0,99.2812,73.0,16.3,,75.1658096906858,7.520141602,0.0,-0.078422455,0.720755816,4.754244184,6333.696343,362.551605,834.969299,0.009539,0.008614
447,4,0,0,100.2486,72.0,16.2,,75.2907407753976,7.520141602,0.0,-0.090693939,0.828916073,4.646083927,6350.232565,0.0,0.0,0.0,0.0
448,4,0,0,101.0142,72.0,16.2,,75.3995221493028,7.520141602,0.0,0.032979614,0.690737724,4.784262276,6364.72976,1283.985352,883.587402,0.0,0.008721
449,4,0,0,101.5125,72.0,16.1,,75.520570073622,7.520141602,0.0,0.112744263,0.541428328,4.933571672,6381.330062,1241.317749,935.56958,0.0,0.00847
450,4,0,0,102.2976,73.0,16.1,,75.6146027315642,7.520141602,0.0,0.140355103,0.633698463,4.841301537,6395.881124,1217.279297,872.948486,0.009594,0.008562
451,4,0,0,101.7915,72.0,16.0,,75.7246278517016,7.476196289,0.0,0.012271484,1.136607409,4.338392591,6412.538363,0.0,0.0,0.0,0.0
452,4,0,0,100.6847,72.0,16.0,,75.8289428082114,7.520141602,0.0,-0.037773163,1.749056816,3.725943184,6427.140533,1321.393311,889.228088,0.0,0.008535
453,4,0,0,100.3573,72.0,15.9,,75.9467948729718,7.520141602,0.0,-0.069218842,-1.22966361,3.05466361,6443.860381,1351.293579,866.714905,0.0,0.008646
454,4,0,0,100.8491,73.0,15.9,,76.042098668113,7.476196289,0.0,-0.070752777,-0.852410555,2.677410555,6457.815911,1658.428223,1020.999817,0.0,0.008443
455,4,0,0,101.7356,73.0,15.8,,76.1535392832474,7.520141602,0.0,-0.056180389,-0.620507002,2.445507002,6475.290524,1313.494141,924.408997,0.0,0.008218
456,4,0,0,102.6378,74.0,15.8,,76.2490895327162,7.476196289,0.0,0.019941162,-0.566753149,2.391753149,6489.289289,1251.819946,923.424683,0.0,0.007691
457,4,0,0,102.0158,74.0,16.0,,76.3412090072664,7.476196289,0.0,0.055988647,-0.53848958,2.36348958,6503.997741,0.0,0.0,0.0,0.0
458,4,0,0,102.2411,74.0,16.0,,76.4471712198266,7.476196289,0.0,0.039882324,-0.373374701,2.198374701,6520.832479,0.0,0.0,0.0,0.0
459,4,0,0,102.5809,74.0,16.2,,76.5382387653792,7.476196289,0.0,-0.005560516,-0.105428934,1.930428934,6535.592347,493.062897,825.821716,0.009522,0.008643
460,4,0,0,102.6947,74.0,16.2,,76.6394895224356,7.432250977,0.0,-0.065384003,0.238948584,1.586051416,6552.492694,379.593506,799.653687,0.009269,0.008626
461,4,0,0,102.6378,73.0,16.7,,76.725614334233,7.476196289,0.0,-0.089160004,0.396266699,1.428733301,6567.304893,776.892517,811.88501,0.009497,0.00856
462,4,0,0,102.0158,73.0,16.7,,76.8215730985674,7.476196289,0.0,-0.000959,0.324504614,1.500495386,6584.258164,411.547211,583.969604,0.008971,0.008589
463,4,0,0,102.2411,74.0,17.1,,76.906251001051,7.476196289,0.0,0.070561035,0.123916388,1.701083612,6599.112527,0.0,0.0,0.0,0.0
464,4,0,0,103.0375,75.0,17.1,,77.0027088217194,7.432250977,0.0,0.071328003,0.005521059,1.819478941,6616.110066,409.4552,581.80188,0.008393,0.0
465,4,0,0,103.8465,74.0,17.2,,77.0878607874868,6.377563477,0.0,-0.005560516,0.08968854,1.73531146,6631.003896,1251.256348,892.755798,0.0,0.008605
466,4,0,0,104.55,73.0,17.2,,76.7001066492878,0.0,7.919311523,-0.058481293,0.225763083,1.599236917,6648.051012,518.471497,846.544128,0.009376,0.008624
467,4,0,0,105.084,73.0,17.6,,76.1892525978026,0.0,9.384155273,-0.019365936,0.23021102,1.59478898,6662.274122,1284.224976,900.525818,0.0,0.00858
468,4,0,0,105.1436,73.0,17.6,,75.6259541307872,0.0,7.626342773,0.043717163,0.109935522,1.715064478,6680.076273,1422.966675,1006.589417,0.009502,0.008426
469,4,0,0,105.1436,73.0,18.2,,75.1239830084594,0.0,9.237670898,0.050619873,0.065412283,1.759587717,6694.337155,1257.469727,895.613403,0.0,0.008504
470,4,0,0,104.9648,72.0,18.2,,74.5511401252664,0.0,4.257202148,0.003067871,0.159255743,1.665744257,6712.165549,1029.848999,839.541992,0.008771,0.008287
471,4,0,0,105.383,72.0,18.5,,74.0562779405206,0.0,4.550170898,-0.07305368,0.295222521,1.529777479,6726.340071,1258.498413,887.56897,0.008871,0.00773
472,4,0,0,105.8044,73.0,18.5,,73.4898644993748,0.0,4.550170898,-0.068451874,0.269699812,1.555300188,6743.920229,532.338196,874.448608,0.009204,0.008583
473,4,0,0,106.2903,73.0,18.4,,73.0205374388212,0.0,4.550170898,0.051386841,0.092591047,1.732408953,6757.875651,491.186707,901.312317,0.009047,0.008348
474,4,0,0,106.719,73.0,18.4,,72.4639802556648,0.0,4.110717773,0.082065552,-0.081142187,1.906142187,6774.494837,451.161804,834.986023,0.008453,0.008517
475,4,0,0,106.9039,73.0,18.7,,71.9823654496894,0.0,0.0,0.046785034,-0.06041646,1.88541646,6788.923968,1262.975342,894.002991,0.0,0.008438
476,4,0,0,106.8422,74.0,18.7,,71.4539156149406,0.0,0.0,-0.039307098,0.123955488,1.701044512,6805.286552,1272.584229,875.382629,0.009267,0.008586
477,4,0,0,106.719,74.0,18.9,,70.9811506661856,0.0,0.0,-0.07305368,0.268297434,1.556702566,6819.491633,0.0,0.0,0.009213,0.0
478,4,0,0,106.1076,74.0,18.9,,70.4402155556234,0.0,0.0,-0.069218842,0.264431715,1.560568285,6835.601974,567.884277,810.86499,0.009494,0.008483
479,4,0,0,105.6837,74.0,18.8,,69.9912022443792,0.0,0.0,0.02761084,0.080961466,1.744038534,6849.588835,407.50589,798.334106,0.009369,0.008497
480,4,0,0,106.1684,73.0,18.8,,69.4586789769696,0.0,0.0,0.095104004,-0.16695714,1.99195714,6865.450087,288.673798,315.127289,0.008227,0.0
481,4,0,0,106.5962,74.0,18.5,,68.9975584882516,0.0,0.0,0.058289551,-0.195022345,2.020022345,6879.222602,1271.303711,903.358582,0.0,0.008632
482,4,0,0,106.7806,74.0,18.5,,68.4855193670706,0.219726563,0.0,-0.078422455,-0.046538115,1.871538115,6894.839261,1296.922607,884.617371,0.0,0.008656
483,4,0,0,107.4622,73.0,18.1,,68.061144230463,0.0,0.0,-0.063083099,0.015515566,1.809484434,6908.397822,1274.921387,881.268494,0.008804,0.008501
484,4,0,0,107.3998,73.0,18.1,,67.8664028572698,5.539855957,0.0,0.030678711,-0.090240717,1.915240717,6923.137363,0.0,0.0,0.0,0.0
485,4,0,0,107.4622,73.0,18.1,,67.912269417418,5.58380127,0.0,0.029144775,-0.167058706,1.992058706,6937.127202,239.650208,752.083801,0.009435,0.003178
486,4,0,0,107.3376,74.0,18.1,,67.9535448685076,5.495910645,0.0,0.02761084,-0.178752661,2.003752661,6951.644558,0.0,0.0,0.006715,0.0
487,4,0,0,107.2754,75.0,17.8,,67.9936814540528,5.320129395,0.0,0.019941162,-0.132660627,1.957660627,6964.83931,550.393127,794.672607,0.009508,0.003519
488,4,0,0,106.8422,76.0,17.8,,68.0379960149852,5.58380127,0.0,0.019941162,-0.020543814,1.845543814,6979.929119,626.766113,713.6073,0.0,0.003554
489,4,0,0,106.1076,76.0,17.2,,68.0717669044406,5.539855957,0.0,0.003834839,0.105083704,1.719916296,6993.141555,0.0,0.0,0.0,0.0
490,4,0,0,104.7867,75.0,17.2,,68.114603206116,5.23223877,0.0,-0.034705292,0.271710157,1.553289843,7008.251412,495.898102,472.959198,0.0,0.003861
491,4,0,0,104.0215,74.0,17.3,,68.0948337195012,4.35333252,0.0,-0.069218842,0.354450941,1.470549059,7021.480824,78.4785,690.044189,0.009418,0.003503
492,4,0,0,104.1971,74.0,17.3,,68.0259061701032,4.17755127,0.0,-0.003259613,0.277630091,1.547369909,7036.609237,0.0,0.0,0.009541,0.003479
493,4,0,0,104.7274,74.0,17.4,,67.960707252271,4.221496582,0.0,0.029144775,0.122663736,1.702336264,7049.852901,180.073196,727.257385,0.009584,0.003704
494,4,0,0,104.7274,74.0,17.4,,67.883361245333,4.17755127,0.0,0.032979614,0.006805182,1.818194818,7064.346874,622.352478,742.24762,0.0,0.0036
495,4,0,0,105.0244,74.0,17.7,,67.8160315452474,4.089660645,0.0,-0.005560516,-0.026004553,1.851004553,7078.194516,90.450798,719.255676,0.008982,0.003566
496,4,0,0,105.6837,74.0,17.7,,67.5715421574138,0.0,0.0,0.005368774,-0.037155867,1.862155867,7092.655552,382.044403,686.875671,0.009467,0.0
497,4,0,0,106.3513,75.0,17.7,,67.127626366246,0.0,0.0,0.001533936,-0.045189619,1.870189619,7105.84464,1359.46875,905.730103,0.0,0.008176
498,4,0,0,107.0274,75.0,17.7,,66.6368382418036,0.0,0.0,0.0,-0.049174547,1.874174547,7120.873029,616.576294,783.321472,0.0095,0.008428
499,4,0,0,106.9656,74.0,18.1,,66.198832719599,0.0,0.0,0.0,-0.052338839,1.877338839,7133.926134,593.301575,802.985596,0.009054,0.008427
500,4,0,0,107.1513,75.0,18.1,,66.0653438728768,5.58380127,0.0,-0.007094452,-0.057728529,1.882728529,7148.729681,0.0,0.0,0.0,0.0
501,4,0,0,107.2754,74.0,18.1,,66.1421308594724,6.157836914,0.0,-0.016298065,-0.071850061,1.896850061,7161.592137,1275.948486,892.748291,0.0,0.008151
502,4,0,0,107.587,74.0,18.1,,66.2909332039372,6.597290039,0.0,0.025309937,-0.113298178,1.938298178,7176.277946,1359.370972,871.937012,0.0,0.008281
503,4,0,0,107.7749,74.0,18.4,,66.508263659612,8.797302246,0.0,-0.010929291,-0.148289442,1.973289442,7189.152498,461.386688,792.063293,0.009364,0.008675
504,4,0,0,107.8376,74.0,18.4,,66.8700259268334,9.676208496,0.0,-0.001725677,-0.183986902,2.008986902,7203.914295,1245.016602,896.397095,0.008916,0.007988
505,4,0,0,107.587,74.0,18.6,,67.3155475818268,11.12640381,0.0,0.008436646,-0.231618643,2.056618643,7216.903557,1365.72876,872.870789,0.0,0.008389
506,4,0,0,107.3998,73.0,18.6,,67.841203377028,10.95062256,0.0,0.013038452,-0.274375677,2.099375677,7231.862682,0.0,0.0,0.0,0.0
507,4,0,0,107.4622,72.0,18.8,,68.3234330313504,11.21429443,0.0,0.013038452,-0.287226915,2.112226915,7244.431811,1257.37561,905.184692,0.0,0.008396
508,4,0,0,107.1513,72.0,18.8,,68.8644014069704,11.21429443,0.0,0.008436646,-0.272596121,2.097596121,7260.273903,1310.328003,885.832092,0.0,0.008481
509,4,0,0,106.1684,72.0,19.4,,69.332185271398,10.86273193,0.0,0.009203613,-0.235186338,2.060186338,7273.05202,1257.526245,913.883972,0.0,0.008478
510,4,0,0,104.4321,71.0,19.4,,69.8067373600362,10.24749756,0.0,0.009203613,-0.178190947,2.003190947,7289.147695,0.0,0.0,0.0,0.0
511,4,0,0,103.6721,72.0,19.2,,70.1754447662144,9.808044434,0.0,0.009203613,-0.100955725,1.925955725,7302.112625,0.0,0.0,0.0,0.0
512,4,0,0,103.9631,72.0,19.2,,70.5470744119646,9.500427246,0.0,-0.012463226,-0.005928278,1.830928278,7318.413882,0.0,0.0,0.009406,0.008431
513,4,0,0,104.846,72.0,19.1,,70.8498397875656,9.324645996,0.0,-0.017832001,0.074427843,1.750572157,7331.524779,1141.742554,919.24939,0.0,0.008384
514,4,0,0,105.6837,72.0,19.1,,71.1713287075286,9.280700684,0.0,-0.02856955,0.127943754,1.697056246,7347.334399,1200.360352,918.663696,0.0,0.008401
515,4,0,0,106.3513,72.0,18.7,,71.4431505304664,9.280700684,0.0,-0.041608002,0.124327421,1.700672579,7361.234294,1137.382568,957.307983,0.0,0.007973
516,4,0,0,106.5348,73.0,18.7,,71.7538634707234,9.236755371,0.0,0.037581421,0.031303644,1.793696356,7377.194582,0.0,0.0,0.0,0.0
517,4,0,0,106.4736,73.0,18.6,,72.0243373587574,9.456481934,0.0,0.059823486,-0.064898252,1.889898252,7391.226773,0.0,0.0,0.009316,0.0
518,4,0,0,106.4736,73.0,18.6,,72.3403885924482,9.500427246,0.0,0.009203613,-0.049123526,1.874123526,7407.340446,370.451904,753.124512,0.009003,0.007879
519,4,0,0,106.9039,74.0,18.6,,72.6439929008978,9.764099121,0.0,-0.007094452,0.039800406,1.785199594,7421.509904,0.0,0.0,0.0,0.0
520,4,0,0,107.2754,75.0,18.6,,72.994170366316,9.412536621,0.0,-0.004793549,0.133536577,1.691463423,7437.777056,1293.45166,847.57782,0.0,0.008802
521,4,0,0,107.7122,75.0,18.5,,73.2587499500396,9.588317871,0.0,-0.044675873,0.186996222,1.638003778,7452.076326,1286.991455,820.33197,0.0,0.008781
522,4,0,0,108.2157,75.0,18.5,,73.5823612515012,9.676208496,0.0,0.005368774,0.204371214,1.620628786,7468.493338,0.0,0.0,0.0,0.0
523,4,0,0,108.5965,76.0,18.5,,73.8826325685306,9.676208496,0.0,-0.000959,0.167064428,1.657935572,7482.923016,1279.460449,883.422791,0.0,0.008646
524,4,0,0,108.724,76.0,18.5,,74.1998982423722,9.676208496,0.0,0.008436646,0.124978304,1.700021696,7498.795314,708.149475,787.386597,0.008854,0.008991
525,4,0,0,108.8518,76.0,18.4,,74.4714149666328,9.632263184,0.0,0.001533936,0.104057074,1.720942926,7514.043287,708.71228,796.203491,0.008569,0.008634
526,4,0,0,108.4693,76.0,18.4,,74.7901141117992,9.632263184,0.0,0.001533936,0.090918303,1.734081697,7530.052178,0.0,0.0,0.0,0.00717
527,4,0,0,107.9634,77.0,18.4,,75.0641846011454,9.720153809,0.0,-0.005560516,0.083045244,1.741954756,7544.728443,1124.998047,938.006409,0.0,0.007841
528,4,0,0,108.1525,77.0,18.4,,75.373866662572,9.632263184,0.0,0.0,0.071025133,1.753974867,7561.569143,1273.042236,828.640808,0.008275,0.0
529,4,0,0,108.4693,76.0,18.4,,75.6492840246576,9.632263184,0.0,0.0,0.05438447,1.77061553,7576.327273,630.993286,856.470093,0.009091,0.008083
530,4,0,0,108.8518,75.0,18.4,,75.9197191597844,6.597290039,0.0,0.001533936,0.037686586,1.787313414,7593.182659,361.5383,775.872375,0.009272,0.008601
531,4,0,0,109.3661,75.0,18.3,,75.8824385090032,5.58380127,0.0,0.00690271,0.02593112,1.79906888,7607.921562,0.0,0.0,0.0,0.0
532,4,0,0,109.755,74.0,18.3,,75.8323165803072,5.58380127,0.0,0.005368774,0.027174711,1.797825289,7624.755268,552.614807,774.73877,0.009249,0.008804
533,4,0,0,109.8201,74.0,18.6,,75.7904937765902,5.58380127,0.0,0.0,0.041734934,1.783265066,7639.475486,1216.015625,876.687805,0.009473,0.008677
534,4,0,0,109.8201,74.0,18.6,,75.7415229283292,5.58380127,0.0,-0.000959,0.06223321,1.76276679,7656.288139,0.0,0.0,0.0,0.0
535,4,0,0,110.0812,74.0,18.5,,75.7007380040716,5.58380127,0.0,-0.000959,0.078072786,1.746927214,7670.990194,853.241272,853.476624,0.009243,0.007787
536,4,0,0,110.0812,74.0,18.5,,75.653018997023,5.58380127,0.0,-0.000959,0.094540834,1.730459166,7687.782363,658.60083,628.150391,0.008789,0.009182
537,4,0,0,110.2123,73.0,18.5,,75.613301531894,5.58380127,0.0,-0.007094452,0.105554342,1.719445658,7701.767657,104.043098,804.621887,0.008391,0.008429
538,4,0,0,110.3436,73.0,18.5,,75.5667586305174,5.58380127,0.0,-0.001725677,0.104299307,1.720700693,7719.238925,0.0,0.0,0.0,0.0
539,4,0,0,110.3436,73.0,18.5,,75.5266031352272,5.58380127,0.0,-0.003259613,0.094526052,1.730473948,7733.207688,558.951416,790.875122,0.009574,0.008464
540,4,0,0,110.1467,73.0,18.5,,75.4827712314542,5.58380127,0.0,-0.010929291,0.072444201,1.752555799,7750.658438,555.731873,796.941711,0.009519,0.008524
541,4,0,0,109.755,73.0,18.7,,75.4435744843756,5.58380127,0.0,-0.010929291,0.027429819,1.797570181,7764.611137,568.223694,790.858704,0.009284,0.00866
542,4,0,0,109.8853,73.0,18.7,,75.3993204829074,5.58380127,0.0,-0.004793549,-0.051222086,1.876222086,7782.042456,1320.328735,866.659424,0.0,0.008548
543,4,0,0,110.3436,73.0,18.6,,75.3611815871976,5.58380127,0.0,0.009203613,-0.140823126,1.965823126,7795.97987,0.0,0.0,0.009447,0.0
544,4,0,0,110.8721,73.0,18.6,,75.3196078610324,5.58380127,0.0,0.016106323,-0.232587099,2.057587099,7812.695788,538.301392,771.252502,0.009194,0.008647
545,4,0,0,111.2718,73.0,18.6,,75.2823629215058,5.58380127,0.0,0.016106323,-0.278105974,2.103105974,7827.314178,711.848511,819.541321,0.008684,0.008504
546,4,0,0,111.7418,73.0,18.6,,75.2416026845238,5.58380127,0.0,0.014572388,-0.285007715,2.110007715,7844.011841,906.111389,812.852417,0.008939,0.008636
547,4,0,0,111.9445,73.0,18.8,,75.2053007216768,5.58380127,0.0,0.014572388,-0.254679918,2.079679918,7858.614004,321.620697,825.940125,0.007353,0.0
548,4,0,0,112.2158,73.0,18.8,,75.1719808819432,5.58380127,0.0,0.013038452,-0.197870016,2.022870016,7873.153972,1250.043945,891.142517,0.009092,0.008594
549,4,0,0,112.08,72.0,18.7,,75.131428845277,5.58380127,0.0,0.0,-0.09539628,1.92039628,7889.642712,229.209595,631.315674,0.008817,0.008772
550,4,0,0,112.6938,71.0,18.7,,75.0940707691484,5.539855957,0.0,0.0,-0.007843256,1.832843256,7903.980955,0.0,0.0,0.0,0.0
551,4,0,0,112.5568,72.0,19.0,,74.6491640107822,0.0,0.0,0.0,0.097777128,1.727222872,7920.320433,1190.882568,889.124817,0.0,0.008681
552,4,0,0,112.6938,73.0,19.0,,74.1545111528902,0.0,0.0,-0.019365936,0.179890394,1.645109606,7933.9019,529.772217,843.610779,0.009527,0.008657
553,4,0,0,112.7625,73.0,19.2,,73.7076145582678,3.562316895,0.0,-0.027035614,0.228774309,1.596225691,7950.835524,506.870087,857.006592,0.009104,0.008662
554,4,0,0,112.9688,74.0,19.2,,73.5390391544534,3.694152832,0.0,-0.010162323,0.202735186,1.622264814,7964.348939,1365.830444,861.204102,0.0,0.008517
555,4,0,0,113.3144,74.0,19.6,,73.3445202403284,3.694152832,0.0,-0.012463226,0.136347055,1.688652945,7981.200124,1147.587769,989.913208,0.0,0.008147
556,4,0,0,113.1759,75.0,19.6,,73.1844987682952,3.782043457,0.0,-0.012463226,0.054317713,1.770682287,7994.648364,314.323608,899.954224,0.007841,0.0
557,4,0,0,112.7625,76.0,20.1,,73.0081658467854,3.782043457,0.0,-0.012463226,-0.073373556,1.898373556,8010.746444,435.703003,568.788208,0.006214,0.006236
558,4,0,0,112.6938,75.0,20.1,,72.856478374129,3.782043457,0.0,0.037581421,-0.217131853,2.042131853,8024.799406,697.195679,775.766418,0.008808,0.008848
559,4,0,0,112.8999,75.0,20.5,,72.6765227639056,3.782043457,0.0,0.065192261,-0.311286211,2.136286211,8040.823797,0.0,0.0,0.0,0.0
560,4,0,0,113.1759,75.0,20.5,,72.5254991600926,3.782043457,0.0,0.036047485,-0.207492113,2.032492113,8054.811842,0.0,0.0,0.0,0.0
561,4,0,0,113.5228,76.0,20.8,,72.3510626204652,3.782043457,0.0,-0.023200775,0.057265043,1.767734957,8070.759022,1262.188599,851.313782,0.0,0.008798
562,4,0,0,113.8019,76.0,20.8,,72.2003915908594,3.782043457,0.0,-0.063083099,0.261886358,1.563113642,8084.68017,1211.338745,874.845825,0.0,0.008508
563,4,0,0,114.4348,76.0,21.4,,72.0328053035024,3.782043457,0.0,-0.066917938,0.345008135,1.479991865,8100.554394,402.523804,701.678223,0.0,0.008595
564,4,0,0,114.2936,76.0,21.4,,71.8832194357652,3.782043457,0.0,-0.049277679,0.238890886,1.586109114,8114.4127,1234.28064,866.095825,0.0,0.0086
565,4,0,0,114.6473,77.0,21.7,,71.7153176373012,3.782043457,0.0,0.005368774,-0.042781115,1.867781115,8130.213323,1213.663452,907.611023,0.0,0.008223
566,4,0,0,114.5056,76.0,21.7,,71.567442015182,3.738098145,0.0,0.00690271,-0.321147203,2.146147203,8144.007828,259.54361,788.186707,0.009255,0.008396
567,4,0,0,114.7895,77.0,21.6,,71.3982631410544,3.738098145,0.0,0.116579102,-0.59307313,2.41807313,8159.084839,1281.731812,921.514404,0.0,0.008661
568,4,0,0,114.7184,77.0,21.6,,71.25050374547,3.782043457,0.0,0.04141626,-0.634639978,2.459639978,8173.4667,1210.793213,897.400391,0.0,0.008828
569,4,0,0,114.8607,76.0,21.6,,71.0871920582738,3.738098145,0.0,0.00690271,-0.453500986,2.278500986,8188.455583,0.0,0.0,0.0,0.0
570,4,0,0,113.8719,75.0,21.6,,70.951572541952,3.738098145,0.0,-0.020132904,-0.256673574,2.081673574,8202.76195,1270.976929,872.711426,0.008992,0.0
571,4,0,0,113.3144,75.0,21.2,,70.7945197228564,3.782043457,0.0,-0.037773163,-0.055084467,1.880084467,8217.686647,1242.018555,883.218628,0.0,0.008642
572,4,0,0,113.2452,74.0,21.2,,70.6213148433178,2.4609375,0.0,-0.033938324,0.030232668,1.794767332,8231.282403,0.0,0.0,0.009384,0.007702
573,4,0,0,113.1759,74.0,20.9,,70.3958484658334,3.694152832,0.0,-0.010929291,0.023184061,1.801815939,8246.783947,1309.449219,897.226624,0.0,0.008664
574,4,0,0,113.6622,74.0,20.9,,70.2607947773622,3.782043457,0.0,0.023009033,-0.030796289,1.855796289,8260.316517,1255.045044,881.51709,0.0,0.00862
575,4,0,0,113.9419,74.0,20.6,,70.1112869143348,3.65020752,0.0,0.008436646,-0.046009779,1.871009779,8275.747738,1191.348267,917.319275,0.009579,0.008414
576,4,0,0,114.3641,74.0,20.6,,69.9663087318582,3.562316895,0.0,0.00690271,-0.026361227,1.851361227,8289.220484,1312.881836,850.245789,0.009503,0.008682
577,4,0,0,114.5056,74.0,20.0,,69.799292022114,3.518371582,0.0,0.00690271,0.015827417,1.809172583,8303.94541,1195.45459,913.445374,0.0,0.008289
578,4,0,0,114.5056,74.0,20.0,,69.6546458786662,3.562316895,0.0,-0.001725677,0.06524682,1.75975318,8318.000323,1187.195923,918.609802,0.0,0.008327
579,4,0,0,114.6473,74.0,19.5,,69.5001917896158,3.606262207,0.0,0.019941162,0.117820024,1.707179976,8332.662641,1269.608154,891.929688,0.009585,0.00849
580,4,0,0,114.1526,74.0,19.5,,69.364549340199,3.65020752,0.0,0.005368774,0.181945086,1.643054914,8346.658414,1273.051147,873.557312,0.008745,0.009193
581,4,0,0,114.1526,74.0,19.1,,69.2168768006944,3.65020752,0.0,-0.016298065,0.279747248,1.545252752,8361.261958,1247.075317,922.076599,0.0,0.008203
582,4,0,0,114.6473,74.0,19.1,,69.0894998088638,3.606262207,0.0,-0.025501678,0.34175849,1.48324151,8374.571155,1211.628418,929.789978,0.0,0.008248
583,4,0,0,114.8607,74.0,18.4,,68.9457947913546,3.65020752,0.0,-0.044675873,0.351472616,1.473527384,8389.756148,1304.818604,909.749023,0.007073,0.006596
584,4,0,0,114.7895,74.0,18.4,,68.8169996008358,3.606262207,0.0,-0.013997162,0.263311148,1.561688852,8403.051896,433.059814,592.901489,0.0,0.006765
585,4,0,0,114.3641,74.0,18.1,,68.6752750854108,3.694152832,0.0,0.023776001,0.101972818,1.723027182,8418.293723,171.130997,884.691772,0.008745,0.0
586,4,0,0,114.2231,74.0,18.1,,68.5553212708906,3.738098145,0.0,0.03451355,0.000532,1.824467611,8431.675204,562.526306,692.842773,0.009213,0.00812
587,4,0,0,114.0823,73.0,18.1,,68.4283021479958,3.782043457,0.0,0.017640259,-0.026103735,1.851103735,8447.018811,0.0,0.0,0.0,0.0
588,4,0,0,113.6622,73.0,18.1,,68.3181726621594,3.913879395,0.0,-0.003259613,0.009625673,1.815374327,8460.487492,711.220703,867.001099,0.009599,0.007381
589,4,0,0,113.8019,74.0,18.4,,68.3837713400476,6.817016602,0.0,-0.037773163,0.05187583,1.77312417,8475.928026,0.0,0.0,0.0,0.0
590,4,0,0,114.2231,74.0,18.4,,68.5839222682498,7.783813477,0.0,-0.044675873,0.029758692,1.795241308,8489.480184,395.392914,809.263977,0.009489,0.008624
591,4,0,0,114.7184,74.0,18.9,,68.8211167592644,7.520141602,0.0,0.023776001,-0.105353594,1.930353594,8505.016481,1096.62561,1008.474976,0.0,0.008104
592,4,0,0,115.0748,75.0,18.9,,69.0207679391164,7.520141602,0.0,0.042183228,-0.227821112,2.052821112,8518.001615,1274.685791,917.648499,0.0,0.008572
593,4,0,0,115.4335,74.0,19.4,,69.2453500647378,7.520141602,0.0,0.04141626,-0.255226851,2.080226851,8534.278363,1373.736572,926.789429,0.0,0.008179
594,4,0,0,115.5775,74.0,19.4,,69.44045088402,7.520141602,0.0,0.030678711,-0.17239213,1.99739213,8547.338595,0.0,0.0,0.0,0.005618
595,4,0,0,115.5055,74.0,19.6,,69.659945306539,7.564086914,0.0,-0.010929291,0.007081747,1.817918253,8563.709653,0.0,0.0,0.0,0.0
596,4,0,0,114.6473,74.0,19.6,,69.8574078161778,7.520141602,0.0,-0.033938324,0.167819262,1.657180738,8576.841769,0.0,0.0,0.009185,0.008715
597,4,0,0,114.2231,73.0,20.0,,70.0711847364788,7.564086914,0.0,-0.077655487,0.274937868,1.550062132,8592.644331,275.429108,821.397278,0.009377,0.00804
598,4,0,0,114.5056,74.0,20.0,,70.266846410751,7.564086914,0.0,-0.041608002,0.181397676,1.643602324,8606.510032,1288.810547,830.932617,0.0,0.008432
599,4,0,0,114.7895,74.0,20.4,,70.4756840573778,7.564086914,0.0,0.080531616,-0.082110643,1.907110643,8622.398403,0.0,0.0,0.0,0.0
600,4,0,0,115.0748,74.0,20.4,,70.6518764835056,7.564086914,0.0,0.096637939,-0.18498826,2.00998826,8636.336696,1279.695923,874.792908,0.0,0.008802
601,4,0,0,115.2897,73.0,20.8,,70.8571139560854,7.520141602,0.0,0.001533936,-0.031445265,1.856445265,8652.308489,409.068298,804.549805,0.008573,0.008643
602,4,0,0,115.4335,73.0,20.8,,71.0337519440856,7.520141602,0.0,-0.050811615,0.187517405,1.637482595,8666.319945,0.0,0.0,0.0,0.0
603,4,0,0,115.5775,73.0,21.1,,71.2375472870914,7.564086914,0.0,-0.054646454,0.351036787,1.473963213,8682.372789,0.0,0.0,0.0,0.0
604,4,0,0,115.7943,74.0,21.1,,71.4082563860646,7.564086914,0.0,-0.044675873,0.353449106,1.471550894,8696.452461,1329.61377,821.761292,0.0,0.008264
605,4,0,0,115.6497,74.0,21.1,,71.6009767500858,7.564086914,0.0,-0.013997162,0.221313238,1.603686762,8712.556512,424.765198,813.566101,0.009064,0.008284
606,4,0,0,115.4335,74.0,21.1,,71.7684676679544,7.564086914,0.0,0.04141626,0.039064169,1.785935831,8726.6196,0.0,0.0,0.009434,0.008222
607,4,0,0,115.5775,74.0,21.1,,71.9565327746246,7.564086914,0.0,0.050619873,-0.108198881,1.933198881,8741.994406,437.588989,770.256104,0.009244,0.008753
608,4,0,0,115.722,74.0,21.1,,72.12385232997,7.564086914,0.0,0.036047485,-0.11728549,1.94228549,8756.67872,1279.811768,821.090881,0.009467,0.00866
609,4,0,0,116.2304,73.0,21.1,,72.3070723254494,7.564086914,0.0,-0.010162323,-0.011069059,1.836069059,8772.020319,1235.391846,876.790894,0.0,0.008709
610,4,0,0,116.5963,72.0,21.1,,72.4593838035974,7.300415039,0.0,-0.010162323,0.095000982,1.729999018,8786.677434,360.026794,824.053772,0.009502,0.0087
611,4,0,0,116.9645,72.0,20.8,,72.4338074963946,3.869934082,0.0,-0.010162323,0.182775259,1.642224741,8801.975074,1241.564819,858.792175,0.0,0.008455
612,4,0,0,117.2608,72.0,20.8,,72.301569895429,4.089660645,0.0,-0.010162323,0.234264135,1.590735865,8815.920534,578.705872,786.693604,0.00922,0.00853
613,4,0,0,117.2608,72.0,20.2,,72.1699095325346,4.221496582,0.0,-0.010162323,0.266189814,1.558810186,8831.832872,568.171692,778.926819,0.009112,0.00851
614,4,0,0,117.2608,72.0,20.2,,72.0785909460354,5.012512207,0.0,-0.036239227,0.274241686,1.550758314,8845.727975,1278.140747,860.078918,0.0,0.008561
615,4,0,0,117.7829,71.0,20.0,,72.0452715891038,4.88067627,0.0,-0.041608002,0.222189665,1.602810335,8861.565862,1265.376343,881.818604,0.0,0.008372
616,4,0,0,117.7829,71.0,20.0,,71.9777407054248,4.35333252,0.0,-0.024734711,0.084119081,1.740880919,8875.391454,1213.630981,883.251404,0.0,0.008383
617,4,0,0,118.008,71.0,19.8,,71.859777982446,4.221496582,0.0,0.001533936,-0.150683165,1.975683165,8891.158746,1225.189331,887.322083,0.0,0.008359
618,4,0,0,118.3096,71.0,19.8,,71.7575557151118,4.309387207,0.0,0.009203613,-0.347177267,2.172177267,8904.928859,1176.433472,917.525391,0.0,0.007992
619,4,0,0,118.6127,71.0,19.3,,71.6418859958584,4.221496582,0.0,0.065192261,-0.562275648,2.387275648,8920.636691,1273.385742,867.8078,0.0,0.008642
620,4,0,0,118.7648,71.0,19.3,,71.525013536356,3.957824707,0.0,0.065192261,-0.648343801,2.473343801,8934.355634,1327.709473,853.185791,0.0,0.008591
621,4,0,0,118.9174,72.0,18.9,,71.3401601412436,3.518371582,0.0,0.023009033,-0.525440454,2.350440454,8950.003989,1265.2854,894.730774,0.0,0.008392
622,4,0,0,118.9938,72.0,18.9,,71.1847878915364,3.694152832,0.0,-0.010162323,-0.32404685,2.14904685,8963.019794,529.311523,775.019714,0.00947,0.008363
623,4,0,0,119.1469,72.0,19.1,,71.0217937432156,3.782043457,0.0,-0.045442841,-0.115763426,1.940763426,8979.273905,825.309875,852.3078,0.008737,0.008854
624,4,0,0,119.1469,72.0,19.1,,70.8912272326258,4.00177002,0.0,-0.046976776,-0.01136899,1.83636899,8992.27527,1257.787476,896.033875,0.009445,0.008438
625,4,0,0,118.9174,71.0,19.3,,70.7632009686656,4.045715332,0.0,-0.039307098,-0.035967588,1.860967588,9008.532272,1231.366943,915.286621,0.0,0.008259
626,4,0,0,118.6127,71.0,19.3,,70.6556357408116,4.00177002,0.0,0.042183228,-0.150824308,1.975824308,9021.540308,1193.760986,914.967773,0.0,0.008199
627,4,0,0,118.0833,71.0,19.5,,70.5244787955626,3.869934082,0.0,0.021475098,-0.275197744,2.100197744,9037.151967,1303.404907,871.541321,0.0,0.008473
628,4,0,0,116.817,72.0,19.5,,70.404456246131,3.869934082,0.0,0.051386841,-0.331647635,2.156647635,9050.816752,0.0,0.0,0.0,0.0
629,4,0,0,116.2304,74.0,19.3,,70.2730462643538,4.089660645,0.0,0.050619873,-0.289689779,2.114689779,9066.438219,1260.402588,937.773315,0.009222,0.008321
630,4,0,0,115.722,77.0,19.3,,70.2273952431118,5.188293457,0.0,0.03451355,-0.120033503,1.945033503,9080.110809,456.368713,781.515686,0.009375,0.008616
631,4,0,0,115.3615,78.0,19.5,,70.2220728982374,5.40802002,0.0,-0.015531097,0.166311026,1.658688974,9095.743202,1243.902588,873.601624,0.0,0.008709
632,4,0,0,115.6497,78.0,19.5,,70.2369557526894,5.539855957,0.0,-0.116770844,0.386288881,1.438711119,9109.426792,1268.689453,839.079102,0.0,0.008606
633,4,0,0,115.7943,77.0,19.6,,70.2483049793034,5.495910645,0.0,-0.040074066,0.407425165,1.417574835,9125.068995,0.0,0.0,0.006935,0.00827
634,4,0,0,115.6497,77.0,19.6,,70.2624610879982,5.58380127,0.0,0.026843872,0.221396208,1.603603792,9138.76041,1228.310425,921.655579,0.0,0.008515
635,4,0,0,115.7943,76.0,19.5,,70.2798649091866,5.539855957,0.0,0.074395874,0.001656771,1.823343229,9154.414434,0.0,0.0,0.0,0.0
636,4,0,0,116.1575,76.0,19.5,,70.297392810489,5.58380127,0.0,0.055988647,-0.03662467,1.86162467,9168.116185,1240.854004,934.940186,0.0,0.008091
637,4,0,0,116.4497,75.0,19.0,,70.3210233612582,5.58380127,0.0,-0.010929291,0.103550673,1.721449327,9183.126938,1284.772583,838.963806,0.0,0.008732
638,4,0,0,116.6698,75.0,19.0,,70.3453819291632,5.58380127,0.0,-0.039307098,0.275099516,1.549900484,9197.490357,1271.776611,872.088623,0.0,0.008535
639,4,0,0,117.0385,75.0,18.6,,70.3678413954012,5.58380127,0.0,-0.054646454,0.357825518,1.467174482,9210.552377,542.968079,883.291992,0.009353,0.008619
640,4,0,0,117.484,76.0,18.6,,70.3927751092354,5.58380127,0.0,-0.060015228,0.303015947,1.521984053,9226.884173,1247.376587,953.315796,0.0,0.00826
641,4,0,0,117.7829,75.0,18.3,,70.4135207088404,5.58380127,0.0,0.042183228,0.107600451,1.717399549,9239.953741,1260.56665,950.709473,0.005869,0.0
642,4,0,0,117.7829,76.0,18.3,,70.4383976773462,5.58380127,0.0,0.049085938,-0.094725847,1.919725847,9255.642417,1273.131348,922.930725,0.0,0.008353
643,4,0,0,117.8578,75.0,17.7,,70.4591332829498,5.58380127,0.0,0.036047485,-0.12136817,1.94636817,9269.371268,1247.834595,938.753784,0.009508,0.008651
644,4,0,0,117.7829,75.0,17.7,,70.483764118996,5.58380127,0.0,0.021475098,-0.030369043,1.855369043,9285.065468,0.0,0.0,0.007623,0.0
645,4,0,0,117.6332,74.0,17.1,,70.5064136804748,5.58380127,0.0,-0.020132904,0.131591082,1.693408918,9298.804071,0.0,0.0,0.0,0.0
646,4,0,0,117.8578,75.0,17.1,,70.5310168519664,5.58380127,0.0,-0.057714325,0.261845827,1.563154173,9314.50717,1302.011353,838.676208,0.009051,0.008568
647,4,0,0,118.2341,74.0,16.6,,70.5508956288606,5.58380127,0.0,-0.036239227,0.236840963,1.588159037,9328.249568,522.39801,801.275574,0.009321,0.00826
648,4,0,0,118.3852,74.0,16.6,,70.5742088499686,5.58380127,0.0,0.025309937,0.071489573,1.753510427,9343.961172,0.0,0.0,0.0,0.0
649,4,0,0,118.461,75.0,16.1,,70.595119181616,5.58380127,0.0,0.07592981,-0.067674398,1.892674398,9357.71107,1250.014648,954.302185,0.0,0.008069
650,4,0,0,118.5368,75.0,16.1,,70.613399352808,5.58380127,0.0,0.088968262,-0.02281785,1.84781785,9373.430721,1221.623291,910.979797,0.0,0.008622
651,4,0,0,118.9938,74.0,15.7,,70.629738820894,5.58380127,0.0,-0.010162323,0.211422205,1.613577795,9387.187986,775.067383,817.382507,0.008285,0.009136
652,4,0,0,119.0703,74.0,15.7,,70.6524079519472,5.58380127,0.0,-0.061549164,0.527687788,1.297312212,9402.259679,1295.961304,867.97699,0.0,0.008569
653,4,0,0,118.9938,73.0,15.7,,70.668147812136,5.58380127,0.0,-0.119838715,0.664743185,1.160256815,9416.680843,0.0,0.0,0.0,0.0
654,4,0,0,119.2236,73.0,15.7,,70.6810220976142,5.58380127,0.0,0.003834839,0.4982512,1.3267488,9431.761145,509.51651,823.303772,0.009383,0.008405
655,4,0,0,119.3004,73.0,15.6,,70.6983190264398,5.58380127,0.0,0.121947876,0.199352503,1.625647497,9445.532947,1306.07605,894.338806,0.0,0.00878
656,4,0,0,119.4543,72.0,15.6,,70.71150037399,5.58380127,0.0,0.06212439,0.163436651,1.661563349,9461.277059,1298.34375,888.51947,0.0,0.008359
657,4,0,0,119.6086,72.0,15.8,,70.7295605323106,5.58380127,0.0,-0.052345551,0.352128267,1.472871733,9475.055346,1186.631958,889.90979,0.009389,0.007351
658,4,0,0,119.9962,72.0,15.8,,70.7476344987684,5.58380127,0.0,-0.083791229,0.467653513,1.357346487,9490.802864,1339.239746,915.901001,0.0,0.008286
659,4,0,0,118.9174,73.0,16.1,,70.7626919183302,5.58380127,0.0,0.013038452,0.355228186,1.469771814,9504.586028,536.190186,811.018677,0.008736,0.008408
660,4,0,0,116.1575,73.0,16.1,,70.7843402772082,5.58380127,0.0,0.037581421,0.162779093,1.662220907,9520.344369,1072.916992,811.903076,0.008352,0.009199
661,4,0,0,114.6473,73.0,16.2,,70.8012764885662,5.58380127,0.0,0.046785034,0.081303358,1.743696642,9534.133949,102.908401,809.171204,0.007939,0.0
662,4,0,0,114.932,73.0,16.2,,70.8197834318576,5.58380127,0.0,0.026843872,0.138368845,1.686631155,9549.238623,191.966797,765.678101,0.008067,0.0
663,4,0,0,114.2231,72.0,16.4,,70.8364408572474,5.58380127,0.0,-0.005560516,0.286525965,1.538474035,9563.692319,1228.569946,885.111206,0.009448,0.00835
664,4,0,0,110.4753,72.0,16.4,,70.8557708170148,5.58380127,0.0,-0.092994843,0.449993849,1.375006151,9578.804055,0.0,0.0,0.0,0.0
665,4,0,0,105.0244,72.0,16.6,,70.8678439891344,5.58380127,0.0,-0.034705292,0.399326563,1.425673437,9592.540253,439.447296,776.508301,0.008488,0.003738
666,4,0,0,101.0142,72.0,16.6,,70.885572945283,5.58380127,0.0,-0.005560516,0.113380671,1.711619329,9608.120371,824.147827,704.843689,0.00801,0.003702
667,4,0,0,98.6466,72.0,16.7,,70.9021322009328,5.58380127,0.0,0.061357422,-0.201090574,2.026090574,9621.667589,621.321289,724.060913,0.007889,0.003674
668,4,0,0,95.3944,72.0,16.7,,70.917259803812,5.58380127,0.0,0.087434326,-0.406897783,2.231897783,9637.067754,463.993805,726.255981,0.009314,0.003759
669,4,0,0,91.3025,72.0,17.1,,70.928971614728,5.58380127,0.0,0.074395874,-0.33273387,2.15773387,9650.483732,0.0,0.0,0.009057,0.0
670,4,0,0,89.4502,72.0,17.1,,70.9455665172588,5.58380127,0.0,-0.063850067,-0.017187834,1.842187834,9665.78448,619.429199,717.679077,0.0,0.003334
671,4,0,0,90.0155,72.0,17.2,,70.9592989671986,5.58380127,0.0,-0.092227875,0.20296216,1.62203784,9679.150939,85.630302,563.50769,0.006186,0.0
672,4,0,0,91.7549,72.0,17.2,,70.971497458624,5.58380127,0.0,-0.089160004,0.188579798,1.636420202,9694.422436,305.698792,819.594299,0.009156,0.0
673,4,0,0,93.2331,72.0,17.0,,70.7102887340908,0.0,0.0,0.03451355,-0.077629328,1.902629328,9707.795176,0.0,0.0,0.0,0.0
674,4,0,0,94.0858,72.0,17.0,,70.1351602179496,0.0,0.0,0.116579102,-0.365098238,2.190098238,9723.094079,0.0,0.0,0.0,0.0
675,4,0,0,94.7598,72.0,17.1,,69.7188917775372,1.977539063,0.0,0.014572388,-0.343229532,2.168229532,9735.855053,0.0,0.0,0.0,0.0
676,4,0,0,95.8387,73.0,17.1,,69.318360477529,1.274414063,0.0,-0.053879486,-0.146590471,1.971590471,9751.820862,0.0,0.0,0.0,0.007717
677,4,0,0,96.8917,72.0,16.9,,69.0205311408288,2.4609375,0.0,-0.049277679,-0.06395793,1.88895793,9764.608052,1269.165039,845.908325,0.0,0.008706
678,4,0,0,97.9681,71.0,16.9,,68.8655014713274,4.00177002,0.0,-0.046976776,-0.143275499,1.968275499,9780.617206,1273.987061,898.117798,0.0,0.008731
679,4,0,0,98.3845,72.0,17.0,,68.7597303357054,3.957824707,0.0,0.071328003,-0.343471289,2.168471289,9793.450601,565.529114,894.625977,0.009549,0.008381
680,4,0,0,98.6991,72.0,17.0,,68.7209699450744,5.75958252,0.0,0.071328003,-0.450480223,2.275480223,9809.526213,1216.145386,952.505798,0.0,0.008237
681,4,0,0,99.4946,72.0,16.8,,68.776857157293,5.75958252,0.0,0.043717163,-0.344449282,2.169449282,9822.413755,1321.292969,856.674988,0.0,0.00861
682,4,0,0,100.4117,73.0,16.8,,68.848207487594,5.806274414,0.0,-0.090693939,-0.11377883,1.93877883,9837.935746,0.0,0.0,0.007172,0.0
683,4,0,0,101.0693,73.0,16.6,,68.9062213138754,5.806274414,0.0,-0.076121552,-0.060964346,1.885964346,9851.566851,352.411713,821.604187,0.009283,0.008515
684,4,0,0,101.1798,74.0,16.6,,68.9747634424368,5.806274414,0.0,0.054454712,-0.238333464,2.063333464,9867.19265,0.0,0.0,0.0,0.0
685,4,0,0,101.1245,74.0,16.5,,69.0379523267958,6.026000977,0.0,0.091269165,-0.348827124,2.173827124,9880.90894,1005.446594,921.953796,0.009463,0.007279
686,4,0,0,101.2904,74.0,16.5,,69.1594479212228,6.553344727,0.0,0.032979614,-0.214455843,2.039455843,9896.635801,505.862305,793.728699,0.009306,0.008392
687,4,0,0,101.6797,74.0,16.3,,69.2854156301088,6.641235352,0.0,-0.046976776,0.015361547,1.809638453,9910.433431,0.0,0.0,0.0,0.0
688,4,0,0,102.2976,74.0,16.3,,69.436150486139,6.641235352,0.0,-0.094528778,0.210139513,1.614860487,9926.24299,1349.740479,1054.014648,0.0,0.008191
689,4,0,0,103.0375,74.0,16.2,,69.5605654072326,7.124633789,0.0,-0.092227875,0.160459757,1.664540243,9940.113274,1270.741943,719.815186,0.0,0.008306
690,4,0,0,103.6721,74.0,16.2,,69.839323067142,8.135375977,0.0,0.098171875,-0.134019136,1.959019136,9955.999253,496.509003,799.685608,0.009471,0.008233
691,4,0,0,104.0799,75.0,16.1,,70.0708351234572,7.915649414,0.0,0.111210327,-0.239849329,2.064849329,9969.935873,1204.942749,963.592224,0.0,0.008051
692,4,0,0,104.6091,75.0,16.1,,70.3088666965794,7.739868164,0.0,0.018407227,-0.032082796,1.857082796,9985.238629,1156.613159,972.892822,0.0,0.007939
693,4,0,0,104.9648,74.0,16.3,,70.509524100173,7.783813477,0.0,-0.036239227,0.271731138,1.553268862,9999.903923,1288.700439,892.457886,0.0,0.008349
694,4,0,0,105.323,75.0,16.3,,70.7397599981484,7.739868164,0.0,-0.109101166,0.5699265,1.2550735,10015.27341,1243.814575,707.675781,0.007581,0.0
695,4,0,0,105.443,75.0,16.2,,70.922399794371,7.564086914,0.0,-0.092994843,0.544076204,1.280923796,10029.34392,0.0,0.0,0.009497,0.0
696,4,0,0,105.6837,76.0,16.2,,71.1190000196378,7.520141602,0.0,0.083599487,0.244381666,1.580618334,10045.45902,1278.388672,945.144409,0.0,0.008668
697,4,0,0,106.0468,77.0,16.0,,71.2826640557336,7.432250977,0.0,0.143422974,-0.030184984,1.855184984,10059.59011,0.0,0.0,0.00908,0.0
698,4,0,0,106.4736,78.0,16.0,,71.463444452707,7.520141602,0.0,0.099705811,0.091552973,1.733447027,10075.77992,352.489899,787.425781,0.009308,0.008311
699,4,0,0,106.7806,78.0,15.6,,71.6369201037006,7.520141602,0.0,-0.110635101,0.478000879,1.346999121,10089.97548,0.0,0.0,0.0,0.0
700,4,0,0,107.0274,77.0,15.6,,71.8245227987086,7.564086914,0.0,-0.130576263,0.750113726,1.074886274,10106.23445,395.174988,801.348694,0.008938,0.007245
701,4,0,0,107.3998,77.0,15.6,,71.9806694950106,7.520141602,0.0,-0.112169037,0.591893435,1.233106565,10120.49327,840.319214,637.283508,0.007316,0.007759
702,4,0,0,107.7122,77.0,15.6,,72.175028295899,7.520141602,0.0,0.103540649,0.020987272,1.804012728,10136.82228,305.544098,762.078674,0.009419,0.008772
703,4,0,0,107.6496,76.0,15.5,,72.3284979033912,7.476196289,0.0,0.121947876,-0.341184855,2.166184855,10151.14058,1247.783203,897.507202,0.0,0.008605
704,4,0,0,107.587,76.0,15.5,,72.5036005971248,7.476196289,0.0,0.095104004,-0.348413229,2.173413229,10167.53854,0.0,0.0,0.0,0.0
705,4,0,0,107.6496,76.0,15.8,,72.661354267697,7.476196289,0.0,-0.039307098,-0.035117388,1.860117388,10181.23006,478.746094,830.382813,0.009319,0.008249
706,4,0,0,108.0894,76.0,15.8,,72.833532404409,7.476196289,0.0,-0.118304779,0.287519693,1.537480307,10198.37897,0.0,0.0,0.008373,0.008151
707,4,0,0,108.3424,76.0,16.0,,72.9832150739472,7.520141602,0.0,-0.087626068,0.273790121,1.551209879,10212.1235,1208.529053,916.099304,0.0,0.008565
708,4,0,0,108.7879,76.0,16.0,,73.1567168284356,7.476196289,0.0,0.071328003,-0.025228262,1.850228262,10229.33801,0.0,0.0,0.0,0.0
709,4,0,0,108.9799,76.0,15.9,,73.3060132724672,7.476196289,0.0,0.082065552,-0.199819803,2.024819803,10243.13581,1168.921875,953.793823,0.0,0.008488
710,4,0,0,109.4307,76.0,15.9,,73.4722632926354,7.476196289,0.0,0.019941162,-0.123917341,1.948917341,10260.41304,1233.87561,905.185486,0.0,0.008773
711,4,0,0,109.2371,75.0,16.1,,73.6262188886208,7.520141602,0.0,-0.060015228,0.079829454,1.745170546,10274.26059,0.0,0.0,0.008626,0.0
712,4,0,0,109.1727,75.0,16.1,,73.7884161400538,7.476196289,0.0,-0.063083099,0.181589365,1.643410635,10290.90752,981.73877,861.144897,0.0,0.008476
713,4,0,0,109.4954,75.0,16.0,,73.9250857024454,7.476196289,0.0,0.029144775,0.066813707,1.758186293,10305.4984,1262.650757,883.883606,0.0,0.008416
714,4,0,0,109.4954,75.0,16.0,,74.088688696275,7.476196289,0.0,0.067493164,-0.027124643,1.852124643,10322.20194,435.075897,536.282776,0.008674,0.008184
715,4,0,0,109.755,75.0,15.9,,74.2243883738222,7.476196289,0.0,0.0,0.085469961,1.739530039,10336.84303,0.0,0.0,0.009081,0.0
716,4,0,0,109.9505,75.0,15.9,,74.3791678553272,7.476196289,0.0,-0.056180389,0.29991889,1.52508111,10353.60164,1259.895752,1052.852417,0.009363,0.0
717,4,0,0,110.1467,75.0,16.1,,74.511423931516,7.476196289,0.0,-0.069218842,0.347375154,1.477624846,10368.289,1298.998657,889.096985,0.0,0.008172
718,4,0,0,110.3436,75.0,16.1,,74.6582778641362,7.476196289,0.0,0.019941162,0.173092604,1.651907396,10385.10265,517.066101,793.138306,0.009379,0.008457
719,4,0,0,109.755,75.0,16.6,,74.7887309645362,7.476196289,0.0,0.046785034,-0.046493769,1.871493769,10399.83613,1248.780151,924.776306,0.0,0.008121
720,4,0,0,108.0894,74.0,16.6,,74.9316529093882,7.432250977,0.0,0.055988647,-0.160515547,1.985515547,10416.70054,0.0,0.0,0.0,0.0
721,4,0,0,107.5246,73.0,17.0,,75.0550592410104,7.476196289,0.0,0.02761084,-0.097790956,1.922790956,10431.4801,0.0,0.0,0.0,0.0
722,4,0,0,107.2133,74.0,17.0,,75.1990907453254,7.432250977,0.0,-0.057714325,0.110346079,1.714653921,10447.68961,1099.693726,946.572998,0.0,0.008511
723,4,0,0,105.443,74.0,17.4,,75.3185035319244,7.476196289,0.0,-0.070752777,0.20094943,1.62405057,10463.21631,1258.40564,905.854004,0.0,0.00819
724,4,0,0,103.8465,74.0,17.4,,75.4538831600258,7.476196289,0.0,-0.004793549,0.043942213,1.781057787,10479.47223,1240.654907,871.664001,0.0,0.008661
725,4,0,0,101.8475,73.0,17.5,,75.5714965274774,7.476196289,0.0,0.052920776,-0.181526899,2.006526899,10494.33376,0.0,0.0,0.009082,0.007623
726,4,0,0,98.8572,73.0,17.5,,75.70250708716,7.476196289,0.0,0.083599487,-0.303856134,2.128856134,10511.34265,0.0,0.0,0.0,0.0
727,4,0,0,95.938,72.0,17.5,,75.8123789176624,7.432250977,0.0,-0.004793549,-0.157691717,1.982691717,10526.24482,1311.059326,842.060791,0.0,0.008433
728,4,0,0,94.3254,73.0,17.5,,75.9423546234448,7.476196289,0.0,-0.054646454,0.064148188,1.760851812,10543.29929,0.0,0.0,0.0,0.0
729,4,0,0,94.0858,73.0,17.6,,76.053751013916,7.476196289,0.0,-0.050811615,0.09061408,1.73438592,10558.2408,0.0,0.0,0.009069,0.008246
730,4,0,0,95.0516,73.0,17.6,,76.159523919812,7.432250977,0.0,-0.02166684,-0.045794249,1.870794249,10573.19971,292.600311,775.164001,0.009472,0.008522
731,4,0,0,96.3373,73.0,17.6,,76.2809905622124,7.432250977,0.0,0.099705811,-0.292010546,2.117010546,10590.31849,0.0,0.0,0.009235,0.007606
732,4,0,0,97.1459,72.0,17.6,,76.3776061947612,7.476196289,0.0,0.005368774,-0.274196386,2.099196386,10605.31516,0.0,0.0,0.00928,0.0
733,4,0,0,97.8646,74.0,17.9,,76.4961386723802,7.476196289,0.0,-0.063083099,-0.076848745,1.901848745,10622.47529,0.0,0.0,0.0,0.0
734,4,0,0,97.299,74.0,17.9,,76.6003615907354,7.476196289,0.0,-0.046976776,-0.053220034,1.878220034,10637.50799,1178.757324,930.417419,0.0,0.008285
735,4,0,0,95.4435,74.0,18.5,,76.7154892681834,7.476196289,0.0,0.061357422,-0.215168715,2.040168715,10654.7054,0.0,0.0,0.0,0.0
736,4,0,0,93.9903,74.0,18.5,,76.813859676788,7.476196289,0.0,0.065959229,-0.261204004,2.086204004,10669.77077,1167.245239,930.636597,0.0,0.008567
737,4,0,0,93.5629,74.0,19.1,,76.9300769739764,7.476196289,0.0,-0.052345551,-0.060226202,1.885226202,10686.2893,1184.872925,926.285278,0.009549,0.0
738,4,0,0,94.518,74.0,19.1,,77.0292312277214,7.476196289,0.0,-0.066917938,0.094789743,1.730210257,10702.10615,1239.420532,930.798096,0.0,0.008484
739,4,0,0,95.938,74.0,19.6,,77.1375962170884,7.432250977,0.0,-0.010929291,-0.001285315,1.826285315,10718.65934,1259.283813,904.276428,0.00929,0.008542
740,4,0,0,97.5039,74.0,19.6,,77.2364708480084,7.388305664,0.0,0.063658325,-0.191014528,2.016014528,10733.78944,736.942505,813.399475,0.008572,0.008198
741,4,0,0,98.6991,74.0,20.0,,77.3379249451738,7.388305664,0.0,0.074395874,-0.232179403,2.057179403,10751.09737,492.950592,748.290283,0.009537,0.008339
742,4,0,0,100.032,74.0,20.0,,77.427164183926,7.388305664,0.0,-0.045442841,-0.018853426,1.843853426,10766.25642,1206.967651,856.911316,0.0,0.007245
743,4,0,0,100.9591,74.0,20.4,,77.5303406128528,7.388305664,0.0,-0.041608002,0.191622496,1.633377504,10783.59981,894.10498,766.72699,0.008959,0.009025
744,4,0,0,101.7356,73.0,20.4,,77.6213895705284,7.388305664,0.0,-0.041608002,0.179245234,1.645754766,10798.79049,0.0,0.0,0.007971,0.0
745,4,0,0,102.4674,73.0,20.8,,77.7187428601596,7.388305664,0.0,0.023776001,-0.000464,1.825464201,10816.10721,0.0,0.0,0.0,0.0
746,4,0,0,103.0375,73.0,20.8,,77.8053646844292,7.388305664,0.0,0.059823486,-0.152374983,1.977374983,10831.14496,0.0,0.0,0.008854,0.0
747,4,0,0,103.6141,74.0,21.1,,77.9045939012314,7.344360352,0.0,0.026843872,-0.067713499,1.892713499,10847.49125,0.0,0.0,0.0,0.0
748,4,0,0,104.3144,75.0,21.1,,77.9903018456886,7.388305664,0.0,-0.02166684,0.18832612,1.63667388,10863.00572,1217.112915,896.301819,0.0,0.007917
749,4,0,0,104.846,76.0,21.4,,78.0898470403064,7.388305664,0.0,-0.060015228,0.413326025,1.411673975,10879.09985,303.912201,757.810913,0.009271,0.008348
750,4,0,0,105.503,75.0,21.4,,78.1350762857212,1.845703125,0.0,-0.033938324,0.363775492,1.461224508,10893.6834,1216.926147,924.998108,0.0,0.007712
751,4,0,0,105.5632,75.0,21.6,,77.4277494365104,0.0,0.0,0.045251099,0.050358057,1.774641943,10910.22155,309.934814,746.818115,0.009241,0.008432
752,4,0,0,105.9255,74.0,21.6,,76.7575489184682,0.0,5.429077148,0.042183228,-0.173009634,1.998009634,10924.58074,412.793091,529.76709,0.006386,0.0
753,4,0,0,106.4736,74.0,21.9,,75.9645654627462,0.0,4.843139648,-0.012463226,-0.166402102,1.991402102,10940.86457,0.0,0.0,0.0,0.0
754,4,0,0,106.8422,74.0,21.9,,75.293796525816,0.0,4.989624023,0.010737549,-0.186502218,2.011502218,10955.00302,1205.583374,882.411377,0.009352,0.008415
755,4,0,0,107.1513,73.0,21.8,,74.500475028227,0.0,7.333374023,0.005368774,-0.176061392,2.001061392,10971.0369,0.0,0.0,0.0,0.0
756,4,0,0,107.3376,73.0,21.8,,73.8078268886892,0.0,11.5814209,-0.016298065,-0.138840914,1.963840914,10984.95859,1247.857056,857.241577,0.0,0.008409
757,4,0,0,107.2754,73.0,21.7,,73.030639378655,0.0,13.9251709,0.001533936,-0.167090654,1.992090654,11000.74671,448.3479,791.145691,0.009044,0.008355
758,4,0,0,107.3376,73.0,21.7,,72.3534945585128,0.0,34.57946777,0.010737549,-0.245351553,2.070351553,11014.455,383.624908,781.167297,0.008813,0.00856
759,4,0,0,107.5246,73.0,21.3,,71.55911561189,0.0,55.08728027,0.009203613,-0.286343336,2.111343336,11030.00103,0.0,0.0,0.009349,0.0
760,4,0,0,108.2157,72.0,21.3,,70.877847791415,0.0,89.5111084,0.014572388,-0.271343946,2.096343946,11042.85881,417.415192,769.079529,0.009104,0.008531
761,4,0,0,108.5965,73.0,21.0,,70.101028707587,0.0,108.9935303,0.009203613,-0.185090303,2.010090303,11058.80787,480.627289,766.185608,0.009125,0.008387
762,4,0,0,108.7879,73.0,21.0,,69.417987394432,0.0,121.5911865,-0.012463226,-0.05641675,1.88141675,11071.46919,0.0,0.0,0.0,0.0
763,4,0,0,108.8518,74.0,20.4,,68.6742442387672,0.0,157.9193115,-0.005560516,0.020465136,1.804534864,11087.17433,394.050995,775.622925,0.009073,0.008286
764,4,0,0,108.8518,74.0,20.4,,68.005619023184,0.0,261.7767334,-0.017832001,0.057892084,1.767107916,11099.64078,467.457214,746.636108,0.009343,0.008013
765,4,0,0,108.4693,74.0,20.2,,67.2750597095464,0.0,153.5247803,-0.07995639,0.039200544,1.785799456,11115.10262,528.945679,771.103027,0.008988,0.008699
766,4,0,0,107.7749,74.0,20.2,,66.6160202540854,0.0,0.0,0.103540649,-0.262560606,2.087560606,11127.20244,531.279602,753.127991,0.009247,0.008911
767,4,0,0,108.0264,73.0,20.0,,66.6160202540854,0.0,0.0,0.103540649,-0.262560606,2.087560606,11127.20244,1291.858643,849.593872,0.0,0.008619
768,4,0,0,108.0894,74.0,20.0,,66.6160202540854,0.0,0.0,0.103540649,-0.262560606,2.087560606,11127.20244,,,,
