Time,Drive,Stimulus,Failure,Palm.EDA,Heart.Rate,Breathing.Rate,Perinasal.Perspiration,Speed,Acceleration,Brake,Steering,LaneOffset,Lane.Position,Distance,Gaze.X.Pos,Gaze.Y.Pos,Lft.Pupil.Diameter,Rt.Pupil.Diameter
1,4,0,0,31.653,68.0,12.0,0.014115164,-0.0178077413883,0.0,266.4642334,0.038348389,-0.099995375,1.924995375,0.0,613.212402,721.114502,0.003958,0.003951
2,4,0,0,31.8409,70.0,11.7,0.014188611,-0.0178077413883,0.0,266.6107178,0.038348389,-0.099995375,1.924995375,7.38944e-06,0.0,0.0,0.004203,0.004317
3,4,0,0,32.0312,71.0,11.7,0.014288981,-0.0178077413883,0.0,266.4642334,0.038348389,-0.099995375,1.924995375,1.4443e-05,0.0,0.0,0.004434,0.004902
4,4,0,0,32.2237,72.0,11.8,0.01446232,-0.0178077413883,0.0,260.3118896,0.038348389,-0.099995375,1.924995375,2.25042e-05,610.344482,711.801697,0.004166,0.004274
5,4,0,0,32.2624,73.0,11.8,0.014674917,-0.0178077413883,0.0,265.8782959,0.038348389,-0.099995375,1.924995375,2.95578e-05,0.0,0.0,0.004055,0.004002
6,4,0,0,32.1079,74.0,11.5,0.014969707,-0.01780774621632,0.0,197.9095459,0.023009033,-0.099995375,1.924995375,3.7619e-05,607.610718,893.431213,0.004533,0.004383
7,4,0,0,31.653,74.0,11.5,0.015233141,0.59815359618758,0.0,154.6966553,0.098171875,-0.099846601,1.924846601,4.50084e-05,615.897095,758.648987,0.004119,0.004035
8,4,0,0,31.2472,73.0,11.5,0.015478132,0.7973629204772,0.0,51.27868652,0.112744263,-0.098627806,1.923627806,0.000887667,623.240479,739.013428,0.003996,0.003981
9,4,0,0,31.0302,72.0,11.5,0.015620184,0.7974936873989,0.0,21.98181152,0.116579102,-0.097554922,1.922554922,0.062266137,627.821472,785.362122,0.003956,0.003864
10,4,0,0,30.8872,71.0,11.9,0.015698843,0.79723199584018,0.395507813,0.0,0.121947876,-0.096273184,1.921273184,0.22031742,0.0,0.0,0.0,0.0
11,4,0,0,30.9585,70.0,11.9,0.015710505,4.49675874590992,0.0,0.0,0.118113037,-0.090562105,1.915562105,0.391154528,810.898376,664.238403,0.003872,0.003842
12,4,0,0,31.0302,68.0,12.5,0.015678834,7.09810522067644,11.30218506,0.0,0.116579102,-0.078572512,1.903572512,0.547602593,599.485474,729.10553,0.003911,0.003822
13,4,0,0,31.1745,67.0,12.5,0.015687104,14.6082771058488,11.34613037,0.0,0.087434326,-0.029238462,1.854238462,0.718592636,594.151672,732.396179,0.003999,0.003911
14,4,0,0,31.3568,68.0,13.0,0.015805591,18.7941742390632,7.783813477,0.0,-0.019365936,0.05521512,1.76978488,1.203492069,593.8974,714.432129,0.003905,0.003842
15,4,0,0,31.5784,68.0,13.0,0.016087502,21.7825441022336,7.476196289,0.0,-0.041608002,0.154076338,1.670923662,2.166184279,601.373596,723.60498,0.003787,0.003765
16,4,0,0,31.7279,68.0,13.5,0.016423365,24.1990850307846,8.753356934,0.0,-0.005560516,0.221988916,1.603011084,3.510918125,605.988892,739.214478,0.00393,0.003851
17,4,0,0,31.7655,69.0,13.5,0.016791401,27.0564515441156,11.21429443,0.0,-0.044675873,0.277915716,1.547084284,6.070264296,602.985229,733.20813,0.003839,0.003846
18,4,0,0,31.8409,69.0,14.3,0.017215207,30.1948231284792,12.05200195,0.0,-0.02856955,0.295811415,1.529188585,9.805731717,608.793701,720.013489,0.003846,0.003687
19,4,0,0,31.8032,69.0,14.3,0.017568396,32.7998693986574,12.2277832,0.0,0.003834839,0.274556875,1.550443125,13.60104143,0.0,0.0,0.0,0.0
20,4,0,0,31.7655,69.0,14.6,0.017895132,35.6453431790696,12.71118164,0.0,0.016106323,0.251221895,1.573778105,18.61812294,604.727295,708.849792,0.004071,0.003831
21,4,0,0,31.8032,71.0,14.6,0.018029107,37.9167419816782,12.09594727,0.0,-0.007094452,0.249517679,1.575482321,23.2126505,603.809692,724.026794,0.004038,0.003889
22,4,0,0,31.9168,72.0,15.3,0.017931115,40.118016014676,11.65649414,0.0,-0.003259613,0.232724905,1.592275095,28.94637364,0.0,0.0,0.0,0.0
23,4,0,0,31.9929,73.0,15.3,0.017649913,41.9337134591486,12.13989258,0.0,-0.001725677,0.208590746,1.616409254,34.67467809,608.322083,720.35791,0.00397,0.003898
24,4,0,0,32.1464,73.0,15.5,0.017281581,43.6775655081494,12.18383789,0.0,0.009203613,0.18569541,1.63930459,40.54980415,0.0,0.0,0.0,0.0
25,4,0,0,32.2237,74.0,15.5,0.016886225,45.5975714717718,12.05200195,0.0,-0.004793549,0.172992468,1.652007532,47.73399116,590.702881,716.016113,0.003911,0.00385
26,4,0,0,32.3013,74.0,15.8,0.016637569,47.1994992862536,11.92016602,0.0,-0.010162323,0.149447203,1.675552797,54.41214153,598.815308,714.108887,0.003841,0.003792
27,4,0,0,32.3403,74.0,15.8,0.016482275,48.9124780302822,12.13989258,0.0,0.00690271,0.097673655,1.727326345,62.82061211,600.530579,715.774414,0.003854,0.00381
28,4,0,0,32.4577,73.0,16.0,0.016439039,50.3929097836284,12.18383789,0.0,0.014572388,0.046317816,1.778682184,70.24020536,604.007324,713.622803,0.003656,0.003674
29,4,0,0,32.5365,72.0,16.0,0.016469544,51.9675195505056,12.09594727,0.0,-0.003259613,0.026962519,1.798037481,79.06372595,607.414612,716.52948,0.00371,0.003691
30,4,0,0,32.576,71.0,15.9,0.016547173,53.3210492121618,12.05200195,0.0,-0.004793549,0.012370825,1.812629175,87.45819553,604.484619,707.614014,0.00373,0.003698
31,4,0,0,32.6157,70.0,15.9,0.016647466,54.5794353528474,11.92016602,0.0,-0.004793549,-0.020061255,1.845061255,95.73973699,605.988525,708.285706,0.003706,0.003737
32,4,0,0,32.6554,70.0,15.5,0.016752694,55.9104103075244,11.434021,0.0,0.016106323,-0.067740202,1.892740202,105.5136783,605.514709,706.52771,0.003771,0.003769
33,4,0,0,32.6952,70.0,15.5,0.016807167,57.021898467954,11.34613037,0.0,0.005368774,-0.072355032,1.897355032,114.3270938,604.432129,720.504211,0.003836,0.003836
34,4,0,0,32.6554,70.0,15.2,0.016816724,58.2456444019964,11.25823975,0.0,0.00690271,-0.06310153,1.88810153,124.6844787,537.970093,728.419128,0.0,0.003747
35,4,0,0,32.1464,68.0,15.2,0.016782079,59.2754147994714,11.25823975,0.0,0.0,-0.054628611,1.879628611,134.4355374,608.15741,708.168701,0.003964,0.003887
36,4,0,0,31.653,67.0,14.9,0.016653042,60.4208583601874,11.25823975,0.0,-0.007094452,-0.043074846,1.868074846,145.3493035,609.078125,702.68811,0.00375,0.003837
37,4,0,0,31.3568,67.0,14.9,0.016428195,61.3805587699852,11.21429443,0.0,0.008436646,-0.054044962,1.879044962,155.5965052,0.0,0.0,0.0,0.0
38,4,0,0,30.9943,67.0,14.6,0.016099663,62.4562932697058,11.21429443,0.0,0.005368774,-0.045868158,1.870868158,167.03318,598.043091,715.339905,0.003904,0.003768
39,4,0,0,30.5354,66.0,14.6,0.015848948,63.3579075616694,11.25823975,0.0,-0.000959,-0.013394117,1.838394117,177.2529895,596.144592,710.133972,0.003759,0.003681
40,4,0,0,30.3281,66.0,14.3,0.015702195,64.2328616237534,11.21429443,0.0,-0.001725677,0.021816015,1.803183985,188.1638321,541.431519,705.077881,0.0,0.003721
41,4,0,0,30.3281,66.0,14.3,0.015688166,65.2158681574698,11.25823975,0.0,-0.001725677,0.050523996,1.774476004,200.295753,589.752808,524.359497,0.003811,0.003755
42,4,0,0,30.4314,66.0,13.8,0.015781451,66.0431429310164,11.25823975,0.0,-0.001725677,0.067808867,1.757191133,211.0943365,533.844727,513.096924,0.0,0.003711
43,4,0,0,30.5702,67.0,13.8,0.015913129,66.9668937429602,11.25823975,0.0,-0.001725677,0.078481913,1.746518087,224.164223,601.275208,715.413391,0.003772,0.003701
44,4,0,0,30.7808,69.0,13.3,0.015963839,67.7428885067468,11.30218506,0.0,-0.001725677,0.07964921,1.74535079,234.7838599,607.202698,707.920776,0.004015,0.003882
45,4,0,0,30.9585,71.0,13.3,0.015893688,68.6111577245256,11.25823975,0.0,0.001533936,0.071389914,1.753610086,248.2557234,605.026428,693.974487,0.004002,0.003861
46,4,0,0,31.1022,73.0,12.9,0.015708027,69.3373492894032,11.25823975,0.0,-0.008628387,0.060902834,1.764097166,259.7380422,606.67572,715.730713,0.003819,0.0037
47,4,0,0,31.1745,72.0,12.9,0.015408341,70.035998657801,11.21429443,0.0,-0.010162323,0.028964281,1.796035719,271.9251987,602.478699,713.587219,0.003889,0.003795
48,4,0,0,31.2472,70.0,12.5,0.014940238,70.8619399322236,10.90667725,0.0,0.026843872,-0.047027826,1.872027826,285.4002865,630.121704,890.486572,0.003777,0.003675
49,4,0,0,31.3935,67.0,12.5,0.014453727,71.4838407772518,11.03851318,0.0,0.0,-0.049439192,1.874439192,297.3412372,605.06781,716.456421,0.003739,0.003749
50,4,0,0,31.4672,66.0,12.2,0.013886822,72.1172619378294,9.500427246,0.0,-0.001725677,-0.006810427,1.831810427,311.7355363,600.991516,714.647095,0.003735,0.003646
51,4,0,0,31.5784,65.0,12.2,0.013445008,72.7073587965634,11.21429443,0.0,-0.005560516,0.026096582,1.798903418,323.9730914,607.676208,696.442505,0.003505,0.003455
52,4,0,0,31.6904,65.0,11.9,0.013045334,73.387272824137,11.21429443,0.0,-0.005560516,0.045919657,1.779080343,338.1185895,537.973083,701.100586,0.0,0.003627
53,4,0,0,31.7655,67.0,11.9,0.012802883,73.9301054431196,10.59906006,0.0,0.0,0.040302515,1.784697485,350.6324234,596.45459,710.415283,0.003597,0.003548
54,4,0,0,31.5784,68.0,11.3,0.012661137,74.4435628434558,10.90667725,0.0,0.001533936,0.031156301,1.793843699,363.2713089,642.153381,888.059875,0.003636,0.003454
55,4,0,0,31.1745,69.0,11.3,0.012598433,75.0421660457872,10.77484131,0.0,0.012271484,0.033089399,1.791910601,378.4771853,596.067017,704.774719,0.003853,0.003826
56,4,0,0,31.0661,69.0,10.8,0.012599954,75.5211081403576,10.68695068,0.0,0.003067871,0.073982,1.751018,391.3810466,0.0,0.0,0.0,0.0
57,4,0,0,31.0302,68.0,10.8,0.012652444,75.7903244096486,6.729125977,0.0,0.001533936,0.144545317,1.680454683,406.2710433,596.779297,705.670593,0.003813,0.0038
58,4,0,0,31.1383,67.0,10.0,0.012755524,75.883653753824,7.168579102,0.0,0.0,0.213555098,1.611444902,420.0508536,601.200195,723.925781,0.003882,0.003831
59,4,0,0,31.2472,65.0,10.0,0.012962813,75.9849657462674,6.729125977,0.0,0.0,0.280902624,1.544097376,435.2225687,597.68042,720.877075,0.003823,0.003756
60,4,0,0,31.4303,64.0,9.6,0.013228927,76.0675411747882,7.080688477,0.0,-0.010162323,0.325413465,1.499586535,449.254279,0.0,0.0,0.0,0.0
61,4,0,0,31.5784,63.0,9.6,0.013557994,76.163011279125,7.080688477,0.0,-0.010162323,0.347921133,1.477078867,462.1110854,596.657471,721.132874,0.003924,0.003836
62,4,0,0,31.6904,63.0,9.2,0.013975627,76.264062461928,6.992797852,0.0,-0.008628387,0.316790342,1.508209658,478.3125438,0.0,0.0,0.0,0.0
63,4,0,0,31.8032,63.0,9.2,0.014338206,76.3428435334374,6.860961914,0.0,0.005368774,0.244609118,1.580390882,492.0379017,594.653503,705.778076,0.003847,0.003682
64,4,0,0,31.9548,63.0,8.9,0.014680821,76.4103048614416,6.685180664,0.0,0.013038452,0.169931173,1.655068827,507.840681,628.23291,892.645203,0.003696,0.003645
65,4,0,0,32.0312,64.0,8.9,0.014866493,76.4609778120602,6.817016602,0.0,0.001533936,0.171663523,1.653336477,522.4276917,598.715515,708.877075,0.003864,0.00381
66,4,0,0,32.1079,65.0,8.9,0.014942882,76.5516057663918,7.344360352,0.0,-0.001725677,0.213746309,1.611253691,538.4436271,590.87793,709.362,0.003867,0.003803
67,4,0,0,32.1464,65.0,8.9,0.014931343,76.59688491744,5.58380127,0.0,-0.001725677,0.243370771,1.581629229,552.5448895,599.804199,716.152893,0.003964,0.003847
68,4,0,0,32.185,64.0,8.6,0.014897975,76.475779185628,5.58380127,0.0,-0.012463226,0.263367414,1.561632586,569.446397,0.0,0.0,0.0,0.0
69,4,0,0,32.2237,64.0,8.6,0.014899576,76.4014471989222,5.23223877,0.0,-0.003259613,0.240826845,1.584173155,583.736858,603.909302,709.011292,0.003858,0.003783
70,4,0,0,32.2624,64.0,8.7,0.014943255,76.3119203228318,5.188293457,0.0,0.005368774,0.196908712,1.628091288,598.7924306,645.322815,891.269775,0.00372,0.00357
71,4,0,0,32.3793,64.0,8.7,0.015002874,76.2122292093562,5.23223877,0.0,-0.004793549,0.174063444,1.650936556,615.3112021,604.383606,719.056091,0.003718,0.003694
72,4,0,0,32.4577,63.0,8.7,0.015002651,76.1134224603974,5.320129395,0.0,-0.008628387,0.152721167,1.672278833,629.8465385,604.952271,713.395813,0.003813,0.003756
73,4,0,0,32.4577,63.0,8.7,0.014898635,75.6948588436506,0.483398438,0.0,-0.000959,0.086580515,1.738419485,646.5497399,602.244324,705.63092,0.003763,0.003782
74,4,0,0,32.5365,63.0,8.7,0.014725309,75.4336657619022,5.144348145,0.0,0.018407227,0.013088465,1.811911535,661.2397403,598.509705,701.899109,0.003664,0.003558
75,4,0,0,32.5365,64.0,8.7,0.014470506,75.3449054949208,5.539855957,0.0,0.003067871,-0.000919,1.825918627,678.7801049,536.530701,489.144409,0.0,0.003664
76,4,0,0,32.3793,65.0,9.0,0.01421663,75.2714516767728,5.276184082,0.0,0.001533936,0.026810884,1.798189116,693.5256242,653.685181,881.122986,0.003681,0.003663
77,4,0,0,32.3403,66.0,9.0,0.013938817,75.2027651421332,5.188293457,0.0,-0.005560516,0.053423643,1.771576357,708.2865241,540.622375,710.977173,0.0,0.003613
78,4,0,0,32.0312,67.0,9.3,0.013605112,75.011878621042,3.913879395,0.0,-0.005560516,0.052547693,1.772452307,725.874743,604.223083,711.423706,0.003705,0.003622
79,4,0,0,31.8032,67.0,9.3,0.013322194,74.6637000685576,0.0,0.0,-0.004793549,0.031047106,1.793952894,740.661637,608.415283,706.500183,0.003559,0.003537
80,4,0,0,31.653,68.0,9.6,0.013042444,74.2083105522334,2.680664063,0.0,0.00690271,-0.015468836,1.840468836,757.5780734,598.783813,702.451721,0.003536,0.003418
81,4,0,0,31.653,68.0,9.6,0.012858985,73.8788451477746,3.430480957,0.0,0.001533936,-0.04991889,1.87491889,772.3943276,597.940491,704.494629,0.003531,0.003463
82,4,0,0,31.9168,69.0,9.8,0.012730716,73.5177778901256,2.241210938,0.0,0.012271484,-0.076087713,1.901087713,789.3424561,0.0,0.0,0.0,0.0
83,4,0,0,32.4971,70.0,9.8,0.012676306,73.1862729047112,3.518371582,0.0,-0.003259613,-0.070835352,1.895835352,804.8914461,0.0,0.0,0.0,0.0
84,4,0,0,31.5784,70.0,10.3,0.01264504,73.0081269812244,3.913879395,0.0,-0.010162323,-0.056459188,1.881459188,819.7433704,599.141907,701.598328,0.003698,0.003615
85,4,0,0,33.0581,69.0,10.3,0.01260781,72.8192404030446,3.957824707,0.0,-0.004793549,-0.066129446,1.891129446,837.433839,0.0,0.0,0.0,0.0
86,4,0,0,28.5213,69.0,10.5,0.012574905,72.661120913397,3.913879395,0.0,0.008436646,-0.093140364,1.918140364,852.302635,605.802979,712.266113,0.003708,0.00359
87,4,0,0,28.6738,69.0,10.5,0.012557968,72.4856556514548,4.045715332,0.0,0.0,-0.109298468,1.934298468,869.3094498,631.687012,879.380005,0.003757,0.003755
88,4,0,0,28.5213,71.0,10.7,0.01257163,72.3361468389168,4.089660645,0.0,-0.007094452,-0.113176584,1.938176584,884.9137072,612.251404,717.000305,0.003579,0.003568
89,4,0,0,28.3404,73.0,10.7,0.012623799,72.2017254601316,4.485168457,0.0,-0.004793549,-0.135257483,1.960257483,901.9218845,587.059204,707.50708,0.003446,0.003418
90,4,0,0,28.1618,73.0,10.8,0.01270894,72.1102920794102,5.188293457,0.0,0.009203613,-0.170082331,1.995082331,916.7889682,612.884705,712.55481,0.003437,0.003402
91,4,0,0,28.2211,72.0,10.8,0.012823442,72.0958179329446,5.495910645,0.0,0.012271484,-0.198362589,2.023362589,931.6440781,643.880371,707.978699,0.003563,0.00352
92,4,0,0,28.4608,71.0,10.9,0.012945553,72.0828872400994,5.188293457,0.0,-0.008628387,-0.191504717,2.016504717,948.6051607,660.552307,701.530701,0.003492,0.003504
93,4,0,0,28.7353,71.0,10.9,0.013001717,72.0679193642152,5.451965332,0.0,-0.007094452,-0.183693171,2.008693171,964.136988,621.520691,704.362305,0.003624,0.003593
94,4,0,0,29.0781,69.0,11.3,0.012993318,72.0713889886014,5.806274414,0.0,0.017640259,-0.192736864,2.017736864,981.0634845,616.327698,705.873718,0.003803,0.003767
95,4,0,0,29.3648,68.0,11.3,0.012934492,72.107868606491,6.421508789,0.0,0.003834839,-0.17774415,2.00274415,996.5602326,631.244385,702.830017,0.003837,0.0038
96,4,0,0,29.8221,67.0,11.4,0.012811724,72.1945875866164,6.157836914,0.0,-0.001725677,-0.134588957,1.959588957,1013.380738,0.0,0.0,0.0,0.0
97,4,0,0,29.9219,67.0,11.4,0.012652254,72.2035810774318,5.58380127,0.0,-0.013997162,-0.094510794,1.919510794,1028.050706,634.65979,883.972412,0.003633,0.003555
98,4,0,0,30.1915,67.0,11.7,0.012438628,72.2036490881402,5.58380127,0.0,-0.000959,-0.084651709,1.909651709,1045.49674,618.14093,709.428589,0.003529,0.003502
99,4,0,0,30.2597,67.0,11.7,0.012268141,72.204439386734,5.58380127,0.0,0.014572388,-0.091599226,1.916599226,1060.138729,605.707703,711.965271,0.003617,0.003599
100,4,0,0,30.3625,68.0,11.8,0.01214046,72.2050901394564,5.58380127,0.0,0.008436646,-0.075573206,1.900573206,1074.769115,600.797729,716.564819,0.004035,0.003947
101,4,0,0,30.4314,68.0,11.8,0.01205514,72.2063135275376,5.58380127,0.0,-0.013997162,-0.031195879,1.856195879,1091.47408,600.497803,702.637817,0.003815,0.003754
102,4,0,0,30.466,66.0,12.1,0.012036891,71.788343966465,0.0,0.0,-0.017832001,-0.012717009,1.837717009,1106.058288,580.863525,706.95343,0.003781,0.003592
103,4,0,0,30.5702,66.0,12.1,0.01208579,71.3902753428984,5.495910645,0.0,0.008436646,-0.046571493,1.871571493,1123.343582,533.6203,711.018921,0.003666,0.003695
104,4,0,0,30.7455,67.0,12.1,0.012183598,71.3923493959168,5.364074707,0.0,-0.005560516,-0.092051744,1.917051744,1137.785916,564.081909,718.419922,0.003684,0.003604
105,4,0,0,30.8516,68.0,12.1,0.012341311,71.4028191825944,5.58380127,0.0,-0.008628387,-0.13891387,1.96391387,1154.222955,638.017517,864.863403,0.003713,0.003621
106,4,0,0,30.8872,68.0,12.4,0.012504257,71.4130237339466,5.715637207,0.0,-0.001725677,-0.196644068,2.021644068,1169.231276,604.495789,710.2453,0.003766,0.003642
107,4,0,0,31.0302,68.0,12.4,0.01266024,71.4719199452566,6.509399414,0.0,0.010737549,-0.25469327,2.07969327,1183.498049,595.412476,679.178894,0.003831,0.003717
108,4,0,0,31.0661,68.0,12.6,0.012776743,71.6286019402294,7.300415039,0.0,0.00690271,-0.303636789,2.128636789,1200.422122,648.445007,515.144287,0.003749,0.003715
109,4,0,0,31.0661,69.0,12.6,0.012801263,71.7601380942626,7.080688477,0.0,0.00690271,-0.325670958,2.150670958,1213.930931,599.366089,707.627075,0.003647,0.00351
110,4,0,0,31.1383,69.0,12.9,0.012758945,71.911156805682,7.168579102,0.0,-0.000959,-0.333282709,2.158282709,1230.780009,606.488708,718.642578,0.003602,0.003545
111,4,0,0,31.2472,69.0,12.9,0.012695686,72.0392224019118,6.817016602,0.0,0.005368774,-0.335668802,2.160668802,1244.902271,606.958313,715.53949,0.003571,0.003512
112,4,0,0,31.3568,69.0,13.1,0.012632663,72.1545728763894,6.641235352,0.0,0.016106323,-0.329901457,2.154901457,1261.0081,610.430298,705.613708,0.00361,0.003549
113,4,0,0,31.4303,70.0,13.1,0.012599195,72.232022025928,6.333618164,0.0,0.003067871,-0.291702986,2.116702986,1275.741275,606.807922,706.940125,0.003627,0.003519
114,4,0,0,31.5413,70.0,13.3,0.012575167,72.302212987693,6.333618164,0.0,0.003067871,-0.237968683,2.062968683,1289.782361,614.393982,701.650513,0.003509,0.003474
115,4,0,0,31.5784,71.0,13.3,0.012535651,72.3587895285138,5.58380127,0.0,-0.004793549,-0.17074132,1.99574132,1305.809424,0.0,0.0,0.0,0.0
116,4,0,0,31.5784,71.0,13.4,0.012484093,72.3595626071696,5.58380127,0.0,-0.010929291,-0.117125273,1.942125273,1320.495418,0.0,0.0,0.0,0.0
117,4,0,0,31.5784,71.0,13.4,0.012421298,72.3411891425378,4.52911377,0.0,-0.010929291,-0.086005926,1.911005926,1336.51379,602.089478,703.859314,0.003483,0.00351
118,4,0,0,31.6904,71.0,13.6,0.012387686,72.2664078602908,5.58380127,0.0,-0.004793549,-0.087973833,1.912973833,1351.194039,595.346008,724.482727,0.003603,0.003519
119,4,0,0,31.8032,71.0,13.6,0.012398747,72.2608493125846,5.364074707,0.0,0.003834839,-0.111199617,1.936199617,1367.208485,598.088928,712.738403,0.003532,0.003468
120,4,0,0,31.9168,70.0,13.7,0.012447635,72.2324716916174,4.660949707,0.0,0.003834839,-0.131123781,1.956123781,1381.226978,628.673279,714.634521,0.003479,0.003474
121,4,0,0,31.9929,71.0,13.7,0.012509864,72.1430857615242,4.573059082,0.0,0.013038452,-0.14178443,1.96678443,1395.259519,647.158203,708.589783,0.003523,0.003498
122,4,0,0,32.0312,71.0,13.8,0.012575542,72.0977384066468,5.05645752,0.0,-0.004793549,-0.12731576,1.95231576,1411.30291,604.91687,694.369812,0.003315,0.003328
123,4,0,0,32.1464,71.0,13.8,0.012614409,72.0541993061934,5.58380127,0.0,-0.004793549,-0.114068747,1.939068747,1426.006464,0.0,0.0,0.0,0.0
124,4,0,0,32.1464,71.0,13.9,0.012607162,72.056814950402,5.58380127,0.0,-0.003259613,-0.113113642,1.938113642,1442.027931,665.431213,707.678528,0.003427,0.003456
125,4,0,0,32.185,71.0,13.9,0.012525465,72.059433427049,5.58380127,0.0,0.005368774,-0.121971369,1.946971369,1454.963371,600.35199,728.642883,0.003424,0.003384
126,4,0,0,32.3013,72.0,14.0,0.012334931,72.0623988613066,5.58380127,0.0,0.001533936,-0.127528906,1.952528906,1471.648463,600.945618,721.791382,0.003496,0.003417
127,4,0,0,32.4185,72.0,14.0,0.012109735,72.0649346500644,5.58380127,0.0,0.001533936,-0.122917414,1.947917414,1485.601689,558.160217,722.09021,0.0,0.003568
128,4,0,0,32.3793,70.0,14.1,0.011839464,72.0676725075526,5.58380127,0.0,0.001533936,-0.113179922,1.938179922,1501.469323,634.565186,889.666687,0.003624,0.003493
129,4,0,0,32.4185,70.0,14.1,0.011636638,72.0701480265274,5.539855957,0.0,0.008436646,-0.094582319,1.919582319,1515.350094,0.0,0.0,0.0,0.0
130,4,0,0,32.4971,70.0,13.9,0.011487686,72.0723784591136,5.58380127,0.0,0.003834839,-0.047603369,1.872603369,1529.893975,639.656982,710.724609,0.003663,0.003613
131,4,0,0,32.5365,71.0,13.9,0.011370917,72.0749103371752,5.58380127,0.0,0.0,0.018059969,1.806940031,1545.764074,606.632019,723.217896,0.003832,0.003677
132,4,0,0,32.4971,71.0,14.0,0.011299126,72.0774343455642,5.58380127,0.0,-0.015531097,0.080515146,1.744484854,1559.665215,628.776611,710.683716,0.003812,0.003757
133,4,0,0,32.3403,72.0,14.0,0.011262956,72.0799155294158,5.58380127,0.0,-0.000959,0.126354456,1.698645544,1576.250236,698.757019,701.972595,0.00366,0.003635
134,4,0,0,32.185,72.0,13.8,0.011293662,72.0762139669488,5.539855957,0.0,-0.012463226,0.14007163,1.68492837,1590.210674,775.82959,699.877991,0.003631,0.003593
135,4,0,0,32.185,72.0,13.8,0.011408727,72.073382140098,5.539855957,0.0,-0.007094452,0.107633352,1.717366648,1606.198419,0.0,0.0,0.0,0.0
136,4,0,0,32.2237,72.0,13.9,0.0115617,72.070633628779,5.58380127,0.0,0.00690271,0.044905901,1.780094099,1620.879816,644.80542,863.05542,0.003619,0.003491
137,4,0,0,32.2624,71.0,13.9,0.011727232,72.0566402726384,5.320129395,0.0,0.013038452,-0.003884554,1.828884554,1634.912883,603.478271,717.562988,0.0037,0.003659
138,4,0,0,32.3403,70.0,13.7,0.011879383,72.0190337466006,4.52911377,0.0,0.005368774,-0.032167673,1.857167673,1650.967689,607.078918,706.718323,0.003652,0.003628
139,4,0,0,32.4577,69.0,13.7,0.011954608,71.8930145066478,4.792785645,0.0,0.005368774,-0.05248332,1.87748332,1665.029661,597.923706,715.122314,0.003709,0.003655
140,4,0,0,32.5365,68.0,13.6,0.011982923,71.8845419913772,5.58380127,0.0,0.005368774,-0.059931993,1.884931993,1681.108453,660.817383,707.706909,0.003563,0.003496
141,4,0,0,32.6157,69.0,13.6,0.011989696,71.8690595612148,5.495910645,0.0,0.005368774,-0.052453756,1.877453756,1695.847507,689.835327,708.675476,0.003431,0.00348
142,4,0,0,32.7352,69.0,13.4,0.012029819,71.8394294231124,4.748840332,0.0,0.00690271,-0.026957273,1.851957273,1711.916154,658.569885,356.452606,0.0,0.004913
143,4,0,0,32.8555,70.0,13.4,0.012114027,71.7660510991038,4.836730957,0.0,-0.003259613,0.012186289,1.812813711,1726.636371,564.620117,697.796509,0.00335,0.003316
144,4,0,0,32.8958,69.0,13.3,0.012219567,71.7153183615042,4.485168457,0.0,-0.004793549,0.048019171,1.776980829,1740.685312,601.818726,707.454224,0.00343,0.003406
145,4,0,0,32.8958,68.0,13.3,0.01231726,71.6554837118534,5.100402832,0.0,-0.007094452,0.074442148,1.750557852,1756.729159,0.0,0.0,0.0,0.0
146,4,0,0,32.9362,69.0,12.9,0.012366017,71.6290236677764,5.100402832,0.0,-0.007094452,0.082173109,1.742826891,1771.419885,612.232117,709.952515,0.003535,0.003484
147,4,0,0,32.8153,70.0,12.9,0.012406879,71.6078650471538,5.539855957,0.0,-0.005560516,0.069157362,1.755842638,1787.437385,502.522095,710.492615,0.003439,0.003355
148,4,0,0,32.8555,71.0,12.8,0.012455416,71.6132521518698,5.40802002,0.0,-0.005560516,0.041090727,1.783909273,1801.44748,605.236572,712.031189,0.003405,0.003366
149,4,0,0,32.8958,71.0,12.8,0.012503904,71.6173002696124,5.495910645,0.0,-0.005560516,-0.009199381,1.834199381,1817.459613,555.078186,931.282227,0.0,0.003414
150,4,0,0,32.9767,70.0,12.7,0.012495018,71.6150825186254,5.276184082,0.0,-0.005560516,-0.074705839,1.899705839,1831.470778,611.316406,714.76947,0.003529,0.003525
151,4,0,0,33.0174,70.0,12.7,0.012429683,71.6063924849604,5.495910645,0.0,0.010737549,-0.147474051,1.972474051,1846.149651,621.250305,537.491028,0.003556,0.003443
152,4,0,0,33.0174,72.0,12.3,0.012331725,71.5915726683562,5.23223877,0.0,0.003834839,-0.21143508,2.03643508,1862.163555,605.370422,714.096008,0.003614,0.003455
153,4,0,0,33.1398,74.0,12.3,0.012266625,71.57978758419,5.58380127,0.0,0.003834839,-0.254073381,2.079073381,1876.843512,602.46991,717.091309,0.003765,0.003638
154,4,0,0,33.2631,75.0,12.3,0.012249127,71.5858071756194,5.58380127,0.0,-0.000959,-0.29232192,2.11732192,1892.858488,610.238403,702.679504,0.003665,0.003726
155,4,0,0,33.3045,75.0,12.3,0.012317013,71.5921544286728,5.495910645,0.0,0.017640259,-0.328653097,2.153653097,1906.872001,611.486694,703.666626,0.003672,0.003574
156,4,0,0,33.3459,73.0,12.0,0.012518818,71.5982159273158,5.58380127,0.0,0.017640259,-0.331965208,2.156965208,1923.55536,579.788696,714.90033,0.003587,0.003463
157,4,0,0,33.4291,71.0,12.0,0.012788444,71.599208938376,5.58380127,0.0,0.010737549,-0.288653135,2.113653135,1937.56998,0.0,0.0,0.0,0.0
158,4,0,0,33.5126,71.0,11.7,0.013142371,71.5928297077368,5.451965332,0.0,-0.004793549,-0.202504396,2.027504396,1953.587152,584.517578,692.645996,0.003603,0.003577
159,4,0,0,33.5546,71.0,11.7,0.013449633,71.5866015619368,5.58380127,0.0,-0.005560516,-0.123131514,1.948131514,1967.600869,601.083496,711.701477,0.003654,0.00365
160,4,0,0,33.6388,71.0,11.7,0.013753799,71.5932695403588,5.58380127,0.0,-0.016298065,-0.065444708,1.890444708,1981.614267,534.109497,743.603271,0.0,0.003807
161,4,0,0,33.6388,72.0,11.7,0.014127892,71.6015021030354,5.58380127,0.0,-0.004793549,-0.044416666,1.869416666,1998.295648,585.134216,714.591309,0.003611,0.003625
162,4,0,0,33.681,73.0,11.5,0.01449322,71.6092631773722,5.58380127,0.0,0.0,-0.050818682,1.875818682,2012.303832,627.018127,710.227905,0.003573,0.003513
163,4,0,0,33.681,74.0,11.5,0.014947902,71.6182650367556,5.58380127,0.0,0.009203613,-0.05293107,1.87793107,2028.296023,561.990723,710.364807,0.003529,0.003505
164,4,0,0,33.6388,74.0,11.5,0.015354,71.6262799522906,5.58380127,0.0,0.005368774,-0.045119047,1.870119047,2042.938499,564.154114,717.052185,0.003463,0.003449
165,4,0,0,33.5546,74.0,11.5,0.015772201,71.6185968826636,5.495910645,0.0,-0.000959,-0.032078028,1.857078028,2058.910818,648.891724,705.564514,0.003517,0.003417
166,4,0,0,33.3874,74.0,11.6,0.016038567,71.620851905965,5.58380127,0.0,-0.007094452,-0.020186663,1.845186663,2073.547672,539.520325,735.09491,0.0,0.003506
167,4,0,0,33.3874,73.0,11.6,0.016172027,71.6174976068832,5.451965332,0.0,0.0,-0.019354105,1.844354105,2086.84512,541.70697,722.267212,0.0,0.003606
168,4,0,0,33.3459,73.0,11.6,0.016176751,71.6224485965526,5.58380127,0.0,0.0,-0.021062136,1.846062136,2103.451769,601.346802,714.618103,0.00362,0.003665
169,4,0,0,33.5126,74.0,11.6,0.016100092,71.6297680840868,5.58380127,0.0,0.001533936,-0.022423506,1.847423506,2117.38895,628.679871,872.890625,0.003704,0.00365
170,4,0,0,33.5546,75.0,11.6,0.01594772,71.6379433059792,5.58380127,0.0,0.00690271,-0.019012213,1.844012213,2133.308887,600.278015,707.478394,0.003624,0.003587
171,4,0,0,33.6388,75.0,11.6,0.015758606,71.6451028573042,5.539855957,0.0,0.001533936,-0.002240419,1.827240419,2147.896671,602.165894,706.188293,0.003579,0.003514
172,4,0,0,33.7659,74.0,12.0,0.015506345,71.65281782405,5.58380127,0.0,0.001533936,0.022029638,1.802970362,2163.809472,593.825806,700.455322,0.003835,0.003696
173,4,0,0,33.8085,71.0,12.0,0.015301091,71.6597588591898,5.58380127,0.0,0.001533936,0.048037767,1.776962233,2177.734077,601.121277,700.384521,0.00356,0.003481
174,4,0,0,33.9368,70.0,12.0,0.015132121,71.6670528708718,5.58380127,0.0,0.001533936,0.07775712,1.74724288,2192.322108,597.32019,707.091797,0.003518,0.003422
175,4,0,0,33.8939,68.0,12.0,0.014957965,71.6753980229748,5.58380127,0.0,-0.004793549,0.112032175,1.712967825,2208.235041,607.344299,723.202515,0.003475,0.003461
176,4,0,0,33.8939,68.0,12.0,0.01479802,71.6827883697492,5.495910645,0.0,0.0,0.131395102,1.693604898,2222.156409,607.087097,708.854797,0.003544,0.003505
177,4,0,0,33.8511,68.0,12.0,0.014603531,71.6907320076156,5.58380127,0.0,-0.001725677,0.147086382,1.677913618,2238.726657,0.0,0.0,0.0,0.0
178,4,0,0,33.9799,69.0,12.3,0.014434931,71.698012195067,5.58380127,0.0,-0.010162323,0.156260729,1.668739271,2252.645075,613.430786,720.049316,0.003747,0.003681
179,4,0,0,34.0662,71.0,12.3,0.014246057,71.7062864235562,5.58380127,0.0,-0.008628387,0.140655279,1.684344721,2268.552974,610.947815,705.241821,0.003748,0.003676
180,4,0,0,34.023,73.0,12.2,0.014063476,71.7134521869336,5.58380127,0.0,0.0,0.103068113,1.721931887,2282.47353,558.263672,423.834595,0.0,0.004641
181,4,0,0,34.1096,74.0,12.2,0.013847449,71.7205972220118,5.58380127,0.0,-0.001725677,0.061001062,1.763998938,2297.057824,0.0,0.0,0.0,0.0
182,4,0,0,34.153,75.0,12.2,0.013554776,71.7284357377894,5.58380127,0.0,0.0,0.006800413,1.818199587,2312.967386,607.846375,715.299805,0.004131,0.004103
183,4,0,0,34.153,75.0,12.2,0.013268396,71.7354958801826,5.58380127,0.0,0.009203613,-0.04395318,1.86895318,2326.886697,637.23053,884.772583,0.004144,0.004084
184,4,0,0,34.2402,73.0,12.2,0.012923154,71.7430274143552,5.58380127,0.0,0.00690271,-0.093629122,1.918629122,2343.457521,608.386719,720.803711,0.004113,0.003929
185,4,0,0,34.284,72.0,12.2,0.012612674,71.7602554956156,5.715637207,0.0,0.008436646,-0.119170427,1.944170427,2357.378604,606.575806,703.742676,0.004009,0.004049
186,4,0,0,34.2402,72.0,12.2,0.012273054,71.7868766185332,6.377563477,0.0,0.012271484,-0.120563745,1.945563745,2373.290247,606.672607,715.215698,0.003882,0.003887
187,4,0,0,34.0662,72.0,12.2,0.012024501,71.8630050471074,6.509399414,0.0,0.005368774,-0.089911222,1.914911222,2387.21461,615.005371,732.552979,0.003647,0.003736
188,4,0,0,33.7659,72.0,11.9,0.011828876,71.9572531152086,6.377563477,0.0,-0.010929291,-0.040189505,1.865189505,2403.130034,608.76239,719.253174,0.003644,0.003599
189,4,0,0,33.6388,72.0,11.9,0.011746783,72.0155059928536,6.069946289,0.0,-0.010929291,-0.008714914,1.833714914,2417.719564,617.242493,712.715698,0.003584,0.003495
190,4,0,0,33.6388,72.0,11.6,0.011730909,72.0549034890038,5.982055664,0.0,-0.005560516,-0.001809359,1.826809359,2431.644882,604.468201,510.49469,0.003688,0.003606
191,4,0,0,33.5966,73.0,11.6,0.011736202,72.0981868814246,5.982055664,0.0,-0.013997162,-0.013165712,1.838165712,2448.22279,616.009705,711.51239,0.003701,0.003732
192,4,0,0,33.5546,73.0,11.3,0.011717997,72.120079715142,5.715637207,0.0,-0.013997162,-0.047663927,1.872663927,2462.1483,613.105896,711.330994,0.003427,0.003409
193,4,0,0,33.7234,73.0,11.3,0.011666275,72.1502984210692,5.850219727,0.0,-0.005560516,-0.128787279,1.953787279,2478.064832,600.09967,722.419189,0.003464,0.003436
194,4,0,0,33.8085,72.0,11.1,0.011610474,72.1781963460626,5.850219727,0.0,0.005368774,-0.22048974,2.04548974,2492.65666,606.808472,711.885193,0.003566,0.003516
195,4,0,0,34.023,71.0,11.1,0.011546988,72.2053211602134,5.894165039,0.0,0.00690271,-0.309149981,2.134149981,2508.576764,605.856506,718.172302,0.003727,0.00376
196,4,0,0,34.153,69.0,11.2,0.01150196,72.229146054881,5.850219727,0.0,-0.010929291,-0.368979216,2.193979216,2522.508324,592.7229,717.713928,0.003736,0.003768
197,4,0,0,34.2402,67.0,11.2,0.011483277,72.2515202421924,5.894165039,0.0,0.019941162,-0.435094595,2.260094595,2536.441232,634.468201,713.953125,0.003611,0.003562
198,4,0,0,34.153,66.0,11.0,0.011507085,72.2764827632126,5.806274414,0.0,0.03451355,-0.469002485,2.294002485,2552.366254,674.938904,701.787415,0.003733,0.003635
199,4,0,0,34.2402,65.0,11.0,0.011564325,72.2947154427812,5.850219727,0.0,0.017640259,-0.411656618,2.236656618,2566.965833,597.581116,712.450806,0.003628,0.0036
200,4,0,0,34.3719,65.0,11.1,0.011645955,72.3208590262406,5.894165039,0.0,0.003067871,-0.27317071,2.09817071,2582.894439,595.24762,715.072998,0.003548,0.00345
201,4,0,0,34.5047,65.0,11.1,0.01169381,72.3611087001076,6.465454102,0.0,-0.016298065,-0.147185087,1.972185087,2597.497212,607.327576,720.14801,0.003659,0.003611
202,4,0,0,34.4161,66.0,11.2,0.011685574,72.446104640362,6.553344727,0.0,-0.016298065,-0.039489031,1.864489031,2613.429262,602.484314,723.086914,0.003694,0.003743
203,4,0,0,34.4603,67.0,11.2,0.01163058,72.5062819506856,6.465454102,0.0,-0.025501678,0.020109415,1.804890585,2627.371276,638.255676,883.919006,0.003527,0.003549
204,4,0,0,34.5937,67.0,11.3,0.011561301,72.572574865663,6.421508789,0.0,-0.016298065,0.033981562,1.791018438,2641.97863,592.265503,709.777222,0.003417,0.003411
205,4,0,0,34.6832,67.0,11.3,0.011482674,72.6312119410462,6.289672852,0.0,-0.010162323,0.002599001,1.822400999,2657.915618,595.525696,713.646606,0.003473,0.003393
206,4,0,0,34.7732,68.0,11.3,0.011402776,72.6919124799906,6.289672852,0.0,0.003834839,-0.052091837,1.877091837,2671.86192,581.726685,699.522888,0.003397,0.003383
207,4,0,0,34.8183,69.0,11.3,0.011290241,72.7605899218592,6.289672852,0.0,0.008436646,-0.118707418,1.943707418,2687.802197,609.102417,717.663879,0.003584,0.00357
208,4,0,0,34.8636,69.0,11.7,0.011195733,72.8077811780416,6.245727539,0.0,0.001533936,-0.161553621,1.986553621,2701.751401,587.653076,705.783386,0.003675,0.003748
209,4,0,0,34.8636,69.0,11.7,0.011129181,72.8597057928452,6.069946289,0.0,-0.010162323,-0.202264071,2.027264071,2718.361156,585.247925,711.270508,0.003878,0.00383
210,4,0,0,34.8636,68.0,12.0,0.011114787,72.7795369391736,0.0,0.0,-0.001725677,-0.254927397,2.079927397,2732.31848,582.915527,707.246521,0.003942,0.003892
211,4,0,0,35.0002,66.0,12.0,0.01111766,72.6008996841848,5.58380127,0.0,0.001533936,-0.316996813,2.141996813,2746.954173,604.455627,710.786499,0.004026,0.003985
212,4,0,0,35.0459,65.0,12.3,0.011104711,72.579976381257,5.320129395,0.0,0.032979614,-0.383203745,2.208203745,2762.940374,0.0,0.0,0.0,0.0
213,4,0,0,35.0918,65.0,12.3,0.011074767,72.2452894892616,0.0,49.81384277,0.049085938,-0.403986216,2.228986216,2776.94165,581.394714,721.682617,0.003941,0.003904
214,4,0,0,35.1378,64.0,12.6,0.011040496,71.7146447400604,0.0,16.41540527,0.016106323,-0.311130285,2.136130285,2793.620539,539.581604,723.186096,0.003868,0.003909
215,4,0,0,35.1378,65.0,12.6,0.011024649,71.2407802097504,0.0,0.0,-0.02856955,-0.165730715,1.990730715,2806.971264,611.307129,737.539124,0.00389,0.003847
216,4,0,0,35.0918,65.0,12.8,0.011022259,71.1502208133028,5.58380127,0.0,-0.027035614,-0.024071932,1.849071932,2823.665643,611.168701,721.128723,0.004382,0.004254
217,4,0,0,35.1378,64.0,12.8,0.011025409,71.1619987037192,5.58380127,0.0,-0.023200775,0.01644063,1.80855937,2837.694283,602.223511,714.830627,0.004207,0.004166
218,4,0,0,35.2301,63.0,13.0,0.011031265,71.1806848148328,5.627746582,0.0,-0.020132904,0.002872705,1.822127295,2853.733543,564.395508,516.785583,0.004258,0.004134
219,4,0,0,35.1378,63.0,13.0,0.011045743,71.1988298175582,5.58380127,0.0,-0.015531097,-0.063751936,1.888751936,2868.441914,639.046509,894.603699,0.004117,0.00399
220,4,0,0,35.1378,64.0,13.2,0.011081412,71.2119615330628,5.58380127,0.0,0.003834839,-0.165468931,1.990468931,2882.486482,604.088989,720.360107,0.004021,0.004007
221,4,0,0,35.1839,65.0,13.2,0.01115133,71.226366381348,5.58380127,0.0,0.029144775,-0.293438673,2.118438673,2898.543127,602.534424,520.428894,0.004136,0.004156
222,4,0,0,35.2765,65.0,13.4,0.011222057,71.2383523755198,5.58380127,0.0,0.029144775,-0.361632586,2.186632586,2913.266491,593.539917,707.753296,0.004012,0.003923
223,4,0,0,35.323,65.0,13.4,0.01130121,71.251093809981,5.58380127,0.0,0.042183228,-0.352339029,2.177339029,2929.33284,601.059814,706.784485,0.003785,0.003705
224,4,0,0,35.3696,66.0,13.5,0.011378318,71.2622882502738,5.58380127,0.0,0.003067871,-0.253885508,2.078885508,2943.396538,613.544678,712.326416,0.003718,0.003631
225,4,0,0,35.4163,67.0,13.5,0.011473266,71.2398526827348,4.836730957,0.0,-0.007094452,-0.106630087,1.931630087,2960.155405,611.618713,704.30542,0.003685,0.003688
226,4,0,0,35.3696,66.0,13.7,0.011533726,71.1993828350624,4.617004395,0.0,-0.024734711,0.018495798,1.806504202,2974.249609,603.327271,705.219971,0.003677,0.003595
227,4,0,0,35.2765,67.0,13.7,0.011548907,71.08830319489,3.430480957,0.0,-0.019365936,0.105283976,1.719716024,2988.357144,611.695496,720.764099,0.003777,0.003694
228,4,0,0,35.2301,67.0,13.5,0.011516433,70.9745945368936,5.276184082,0.0,-0.017832001,0.14790988,1.67709012,3004.494365,617.0271,709.358826,0.003649,0.003626
229,4,0,0,35.2765,67.0,13.5,0.011471651,70.9746027767144,5.58380127,0.0,-0.001725677,0.144923449,1.680076551,3019.300377,629.686401,885.430725,0.003676,0.003559
230,4,0,0,35.2301,68.0,13.7,0.011438898,70.991406603764,5.58380127,0.0,-0.013997162,0.114415884,1.710584116,3035.467886,605.107605,519.580017,0.003695,0.003555
231,4,0,0,35.2301,68.0,13.7,0.01144763,71.0063279053486,5.58380127,0.0,-0.008628387,0.057783842,1.767216158,3049.625395,591.968384,535.3526,0.003859,0.003708
232,4,0,0,35.3696,69.0,13.5,0.01151547,71.0238318113916,5.58380127,0.0,0.016106323,-0.032916307,1.857916307,3066.490422,611.401672,691.010498,0.00353,0.003482
233,4,0,0,35.4163,69.0,13.5,0.011623034,71.0470043761836,5.715637207,0.0,0.009203613,-0.093036413,1.918036413,3080.674022,623.769409,714.935303,0.003488,0.003399
234,4,0,0,35.5101,69.0,13.7,0.011741392,71.0754505872216,5.715637207,0.0,0.00690271,-0.124528646,1.949528646,3094.789719,599.997192,710.39917,0.003541,0.003488
235,4,0,0,35.5101,69.0,13.7,0.011835202,71.1072973980532,5.75958252,0.0,0.009203613,-0.13914752,1.96414752,3110.896503,625.373901,706.783875,0.00366,0.003643
236,4,0,0,35.5572,69.0,13.5,0.011870078,71.1438063863978,5.715637207,0.0,-0.000959,-0.128399134,1.953399134,3125.555207,587.991577,722.846924,0.003696,0.003673
237,4,0,0,35.6992,69.0,13.5,0.011872355,71.164374845949,5.58380127,0.0,-0.008628387,-0.112388372,1.937388372,3141.420748,605.488525,719.957397,0.003712,0.003702
238,4,0,0,35.6992,69.0,13.6,0.011843985,71.1776332647918,5.58380127,0.0,-0.001725677,-0.118642092,1.943642092,3155.253848,633.995422,717.815613,0.003702,0.003694
239,4,0,0,35.7946,68.0,13.6,0.011774299,71.1704179820226,5.276184082,0.0,0.003834839,-0.13304925,1.95804925,3171.725607,0.0,0.0,0.0,0.0
240,4,0,0,35.7946,68.0,13.5,0.011676397,71.116595472557,4.045715332,0.0,0.003067871,-0.138613939,1.963613939,3185.56539,651.550293,705.657898,0.003512,0.003509
241,4,0,0,35.7946,68.0,13.5,0.011540174,70.993404840775,5.100402832,0.0,-0.003259613,-0.137133837,1.962133837,3199.408577,633.500488,699.337219,0.00345,0.003428
242,4,0,0,35.8424,68.0,13.6,0.011356865,70.9814357285798,5.276184082,0.0,-0.012463226,-0.140357733,1.965357733,3215.891885,643.235901,709.151306,0.003431,0.003333
243,4,0,0,35.8904,68.0,13.6,0.011203941,70.9781027371596,5.320129395,0.0,-0.008628387,-0.160646677,1.985646677,3229.081295,0.0,0.0,0.0,0.0
244,4,0,0,35.9385,69.0,13.5,0.011050711,70.9757670698308,5.23223877,0.0,-0.000959,-0.211907625,2.036907625,3245.571503,588.486206,729.325378,0.003489,0.003476
245,4,0,0,35.9385,70.0,13.5,0.010933137,70.9728353351528,5.58380127,0.0,-0.000959,-0.265726805,2.090726805,3259.425532,640.971619,881.617371,0.003647,0.00351
246,4,0,0,35.9868,71.0,13.6,0.010828423,70.9732058374076,5.58380127,0.0,0.005368774,-0.326198816,2.151198816,3275.260776,604.681213,708.163086,0.003556,0.003495
247,4,0,0,36.0351,71.0,13.6,0.010756135,70.9856444906412,5.58380127,0.0,0.026843872,-0.361675024,2.186675024,3289.769097,0.0,0.0,0.0,0.0
248,4,0,0,36.0836,71.0,13.8,0.010662588,71.0017333040222,5.58380127,0.0,0.010737549,-0.343906164,2.168906164,3305.577833,644.298584,716.410583,0.003441,0.003425
249,4,0,0,36.0836,71.0,13.8,0.010563886,71.0167847851194,5.671691895,0.0,0.005368774,-0.288606405,2.113606405,3320.040471,0.0,0.0,0.0,0.0
250,4,0,0,36.0351,71.0,13.9,0.01046757,71.0349481504142,5.627746582,0.0,0.00690271,-0.227625608,2.052625608,3333.839959,597.371704,718.144104,0.003592,0.003516
251,4,0,0,36.0351,71.0,13.9,0.010384246,71.0538350588796,5.627746582,0.0,-0.001725677,-0.152709246,1.977709246,3349.613988,603.890991,722.508728,0.003588,0.003499
252,4,0,0,36.1323,71.0,14.0,0.010345375,71.0693819752958,5.627746582,0.0,-0.010162323,-0.082501173,1.907501173,3364.07692,602.714111,722.466003,0.003818,0.003747
253,4,0,0,36.181,72.0,14.0,0.010352921,71.0856835273314,5.58380127,0.0,-0.001725677,-0.016150713,1.841150713,3379.858514,609.363525,704.916199,0.003842,0.003869
254,4,0,0,36.1323,72.0,14.1,0.010434048,71.1000496388028,5.58380127,0.0,-0.004793549,0.026429415,1.798570585,3393.67231,620.010681,863.57489,0.003817,0.003768
255,4,0,0,35.7946,72.0,14.1,0.010652559,71.1160154825144,5.58380127,0.0,-0.043141937,0.059043169,1.765956831,3409.466294,604.575928,714.06427,0.003763,0.003769
256,4,0,0,35.6044,71.0,14.2,0.010954554,71.1290813599196,5.58380127,0.0,-0.020132904,0.026449919,1.798550081,3423.292422,608.361511,703.112915,0.00384,0.003721
257,4,0,0,35.7468,71.0,14.2,0.011319743,71.1420747687446,5.627746582,0.0,-0.003259613,-0.068080187,1.893080187,3437.783601,610.174072,714.23053,0.003927,0.003868
258,4,0,0,35.7946,70.0,14.3,0.011741427,71.166412028988,5.671691895,0.0,0.023776001,-0.200740099,2.025740099,3453.596796,606.550415,717.619202,0.003964,0.003775
259,4,0,0,35.7468,69.0,14.3,0.012060224,71.2017630972026,6.245727539,0.0,0.018407227,-0.290784121,2.115784121,3468.095339,533.695496,707.867676,0.0,0.003727
260,4,0,0,35.6992,69.0,14.3,0.012320447,71.2833763818044,6.509399414,0.0,0.030678711,-0.320498228,2.145498228,3483.910227,0.0,0.0,0.0,0.0
261,4,0,0,35.5101,69.0,14.3,0.012435478,71.3606626822284,6.333618164,0.0,0.017640259,-0.289753199,2.114753199,3497.733949,0.0,0.0,0.0,0.0
262,4,0,0,35.1378,69.0,14.4,0.012442897,71.4617351083194,6.553344727,0.0,0.001533936,-0.198521376,2.023521376,3514.167203,602.895081,707.29187,0.003754,0.003643
263,4,0,0,34.7281,70.0,14.4,0.012368737,71.554649049654,6.597290039,0.0,-0.010929291,-0.094665289,1.919665289,3527.311305,595.912292,713.17041,0.003785,0.003657
264,4,0,0,34.6832,71.0,14.7,0.012267401,71.6554486604282,6.729125977,0.0,-0.016298065,0.000829,1.824171019,3541.769169,648.226196,897.436218,0.003624,0.003612
265,4,0,0,34.3279,71.0,14.7,0.012183057,71.7662873341224,6.685180664,0.0,-0.016298065,0.069596052,1.755403948,3557.540741,607.631409,719.920105,0.003703,0.003673
266,4,0,0,33.681,70.0,14.8,0.012163476,71.8654877115518,6.641235352,0.0,-0.008628387,0.099334955,1.725665045,3571.340126,0.0,0.0,0.0,0.0
267,4,0,0,33.3874,71.0,14.8,0.012185806,71.9676194213242,6.553344727,0.0,-0.001725677,0.098840952,1.726159048,3587.76957,611.266907,695.946594,0.003635,0.003547
268,4,0,0,33.0174,71.0,15.1,0.012210408,72.0522680177264,6.597290039,0.0,-0.004793549,0.086885691,1.738114309,3601.573444,602.233215,703.049805,0.003628,0.003541
269,4,0,0,32.8555,72.0,15.1,0.012203273,72.1501968878086,6.641235352,0.0,-0.005560516,0.05966115,1.76533885,3617.352858,674.182678,357.836212,0.0,0.003548
270,4,0,0,32.6554,73.0,15.1,0.012138036,72.2458935550306,6.860961914,0.0,-0.005560516,0.015206099,1.809793901,3631.821385,598.098511,500.748505,0.003571,0.00349
271,4,0,0,32.4971,73.0,15.1,0.012006707,72.3524261981538,7.036743164,0.0,-0.005560516,-0.040201426,1.865201426,3645.635817,592.708313,705.307129,0.003546,0.003512
272,4,0,0,32.4577,73.0,15.4,0.011795079,72.476167031095,6.992797852,0.0,0.00690271,-0.121586561,1.946586561,3662.086031,628.839783,691.362915,0.003406,0.003327
273,4,0,0,32.576,73.0,15.4,0.011591975,72.586970170562,6.992797852,0.0,0.00690271,-0.185982466,2.010982466,3675.249361,613.608398,704.842224,0.00334,0.003362
274,4,0,0,32.7352,73.0,15.3,0.011373301,72.712477930076,6.948852539,0.0,0.005368774,-0.239196062,2.064196062,3691.7073,607.952209,711.113281,0.003441,0.00337
275,4,0,0,32.7352,73.0,15.3,0.011201377,72.809431894173,6.685180664,0.0,0.021475098,-0.269238234,2.094238234,3705.535201,539.04718,720.770508,0.0,0.003449
276,4,0,0,32.6554,74.0,15.6,0.011040506,72.8988405159602,6.685180664,0.0,-0.003259613,-0.261871099,2.086871099,3721.34147,594.391907,715.784485,0.003395,0.003398
277,4,0,0,32.6554,74.0,15.6,0.010960122,72.9805480113256,6.641235352,0.0,-0.000959,-0.239557028,2.064557028,3735.833888,574.396729,713.689087,0.003545,0.003456
278,4,0,0,32.7752,74.0,15.5,0.010948029,73.0839936345542,6.904907227,0.0,0.005368774,-0.217957735,2.042957735,3751.650896,595.531799,720.447327,0.003593,0.003532
279,4,0,0,32.8555,75.0,15.5,0.010968587,73.1841887289442,7.080688477,0.0,-0.001725677,-0.191138029,2.016138029,3765.503823,572.038879,705.698792,0.003553,0.003496
280,4,0,0,33.0174,75.0,15.8,0.010967229,73.2985454359718,7.300415039,0.0,-0.005560516,-0.165097475,1.990097475,3780.033705,848.615723,717.986389,0.003336,0.003396
281,4,0,0,33.2219,75.0,15.8,0.010913145,73.4392274370382,7.432250977,0.0,-0.008628387,-0.150350809,1.975350809,3795.905419,550.497314,699.517212,0.003456,0.003346
282,4,0,0,33.4708,74.0,15.7,0.010833983,73.5687085604518,7.564086914,0.0,0.018407227,-0.149642706,1.974642706,3809.813742,575.472717,704.747925,0.003419,0.003387
283,4,0,0,33.7234,74.0,15.7,0.010742324,73.7253761196448,7.520141602,0.0,0.008436646,-0.125375032,1.950375032,3825.734193,643.388916,883.912903,0.003431,0.003328
284,4,0,0,33.8939,75.0,15.6,0.010683957,73.8558762771464,7.432250977,0.0,0.005368774,-0.079025507,1.904025507,3840.351668,592.502808,711.817993,0.003468,0.003391
285,4,0,0,33.9368,75.0,15.6,0.010655299,73.9953085452358,7.344360352,0.0,-0.003259613,-0.015341043,1.840341043,3856.323121,605.56781,717.805786,0.003605,0.003472
286,4,0,0,34.153,75.0,15.6,0.010670247,74.1093712580322,7.388305664,0.0,-0.001725677,0.034657717,1.790342283,3870.317719,532.222229,701.177002,0.0,0.003526
287,4,0,0,34.4161,76.0,15.6,0.010720794,74.2233994182988,7.256469727,0.0,-0.000959,0.079387903,1.745612097,3884.997936,670.544678,727.329895,0.003686,0.0
288,4,0,0,34.5491,76.0,15.2,0.010816649,74.3150702410438,6.948852539,0.0,-0.013997162,0.127559423,1.697440577,3901.035655,0.0,0.0,0.0,0.0
289,4,0,0,34.4603,77.0,15.2,0.010937209,74.395748434732,6.948852539,0.0,-0.008628387,0.146733999,1.678266001,3915.090621,607.258728,730.671204,0.003588,0.003564
290,4,0,0,34.1096,76.0,15.2,0.011121401,74.5073878033564,7.300415039,0.0,0.008436646,0.14076066,1.68423934,3931.852467,599.57312,728.919189,0.003596,0.003513
291,4,0,0,34.153,74.0,15.2,0.01130886,74.612424500576,7.212524414,0.0,-0.003259613,0.136401892,1.688598108,3945.285383,617.241089,713.649292,0.003759,0.003678
292,4,0,0,34.1966,73.0,14.9,0.011516844,74.7316431685842,7.388305664,0.0,-0.004793549,0.130782366,1.694217634,3962.106376,628.808899,900.198975,0.003592,0.003625
293,4,0,0,34.4161,73.0,14.9,0.011682577,74.8401517271726,7.388305664,0.0,-0.019365936,0.113180876,1.711819124,3976.259619,0.0,0.0,0.0,0.0
294,4,0,0,34.5937,74.0,14.6,0.011848187,74.9516053940544,7.520141602,0.0,-0.008628387,0.064254999,1.760745001,3991.105183,605.485107,714.742981,0.003548,0.003585
295,4,0,0,34.7732,74.0,14.6,0.012048624,75.1021464050816,7.827758789,0.0,0.003834839,-0.023849726,1.848849726,4007.321701,546.5578,694.574097,0.0,0.003605
296,4,0,0,35.0002,75.0,14.4,0.012224925,75.2481955872348,7.739868164,0.0,0.010737549,-0.10261035,1.92761035,4021.531531,652.51239,371.220612,0.0,0.004494
297,4,0,0,35.1378,76.0,14.4,0.012404533,75.3920352743152,7.695922852,0.0,0.018407227,-0.16152072,1.98652072,4038.476143,599.950806,712.095703,0.003566,0.003479
298,4,0,0,35.323,76.0,14.1,0.012523818,75.515389447228,7.608032227,0.0,0.005368774,-0.181775808,2.006775808,4052.736721,601.662415,709.488586,0.003601,0.00349
299,4,0,0,35.5101,77.0,14.1,0.012597949,75.674281436169,7.783813477,0.0,0.017640259,-0.18298173,2.00798173,4069.067294,734.203491,707.606018,0.003348,0.003301
300,4,0,0,35.6044,77.0,13.6,0.012584505,75.7938496206384,7.608032227,0.0,0.003834839,-0.150967836,1.975967836,4084.070407,642.873413,896.409973,0.003513,0.003428
301,4,0,0,35.6992,77.0,13.6,0.012477435,75.8967940471108,7.432250977,0.0,-0.003259613,-0.088885069,1.913885069,4097.737102,590.099915,705.731689,0.003648,0.003603
302,4,0,0,35.7468,74.0,13.5,0.012244422,76.0238808749394,7.432250977,0.0,0.001533936,-0.014189959,1.839189959,4114.85401,561.967407,714.759277,0.003683,0.003681
303,4,0,0,35.8424,70.0,13.5,0.011975737,76.1144304383196,7.344360352,0.0,-0.003259613,0.05012536,1.77487464,4129.259835,539.855774,719.974915,0.003785,0.003721
304,4,0,0,35.8904,68.0,13.0,0.011646457,76.2112118328884,6.597290039,0.0,-0.008628387,0.120923758,1.704076242,4145.752576,0.0,0.0,0.0,0.0
305,4,0,0,35.9385,67.0,13.0,0.011365047,76.2229599344214,5.806274414,0.0,-0.010929291,0.163747072,1.661252928,4160.890391,604.214905,703.018127,0.003549,0.003459
306,4,0,0,36.0351,66.0,12.9,0.011056726,76.1811086775732,5.144348145,0.0,-0.001725677,0.188416243,1.636583757,4177.426494,641.761719,886.822693,0.003863,0.00364
307,4,0,0,36.0836,66.0,12.9,0.010802059,76.031336931066,3.913879395,0.0,-0.003259613,0.200402021,1.624597979,4192.608643,606.475586,703.137329,0.003721,0.003748
308,4,0,0,36.181,65.0,12.8,0.010542966,75.8421734498458,4.660949707,0.0,-0.003259613,0.206957579,1.618042421,4209.19765,596.687012,525.139893,0.003879,0.003741
309,4,0,0,36.3774,65.0,12.8,0.010351846,75.7518792404434,5.23223877,0.0,-0.004793549,0.204975843,1.620024157,4223.737228,546.593506,710.232727,0.0,0.003623
310,4,0,0,36.3281,66.0,12.4,0.010182798,75.644988551357,2.504882813,0.0,-0.004793549,0.193303823,1.631696177,4238.299564,637.761414,857.739319,0.003528,0.003455
311,4,0,0,36.4764,68.0,12.4,0.009987719,75.3461374607842,4.617004395,0.0,-0.004793549,0.167097807,1.657902193,4254.972575,540.933899,704.365601,0.0,0.003663
312,4,0,0,36.5759,68.0,12.4,0.009802184,75.248433013165,5.23223877,0.0,-0.001725677,0.133096933,1.691903067,4270.290124,612.599976,709.010803,0.003647,0.003581
313,4,0,0,36.6259,68.0,12.4,0.009580398,75.1856318509988,5.451965332,0.0,0.001533936,0.082426786,1.742573214,4287.035646,614.595581,717.711609,0.003688,0.003621
314,4,0,0,36.7766,68.0,12.4,0.009393318,75.1326658805614,5.23223877,0.0,0.001533936,0.041647196,1.783352804,4301.715445,602.776306,709.467896,0.003682,0.003554
315,4,0,0,36.8271,68.0,12.4,0.009210967,75.0246083716948,4.397277832,0.0,0.008436646,0.000383,1.824617338,4319.224823,599.466003,711.771484,0.003595,0.003571
316,4,0,0,36.7766,67.0,12.3,0.009092878,74.8723738039054,4.045715332,0.0,0.008436646,-0.019896746,1.844896746,4333.960562,626.620422,776.000183,0.003466,0.00359
317,4,0,0,36.8778,67.0,12.3,0.009020761,74.7246520829704,3.957824707,0.0,0.00690271,-0.021769285,1.846769285,4349.421874,598.685974,713.654175,0.003684,0.003635
318,4,0,0,36.9795,68.0,12.3,0.009005821,74.546360932642,4.00177002,0.0,0.003067871,-0.004068136,1.829068136,4366.316526,0.0,0.0,0.0,0.0
319,4,0,0,37.0818,70.0,12.3,0.009059265,74.4016651410552,4.00177002,0.0,0.003067871,0.020787477,1.804212523,4381.119921,603.91571,718.159302,0.003613,0.003543
320,4,0,0,37.1332,72.0,12.3,0.009188689,74.2608294802056,3.913879395,0.0,0.003067871,0.057523966,1.767476034,4398.761491,608.354004,717.009399,0.003649,0.00354
321,4,0,0,37.1847,72.0,12.3,0.009340592,74.0114837640814,2.856445313,0.0,-0.007094452,0.09837079,1.72662921,4412.873865,602.864807,710.043274,0.003665,0.003598
322,4,0,0,37.2363,72.0,12.3,0.009540288,73.7099074815262,0.703125,0.0,-0.007094452,0.137243509,1.687756491,4430.492733,606.698792,727.431213,0.003582,0.00358
323,4,0,0,37.3921,71.0,12.3,0.009738778,73.292333592786,1.58203125,0.0,-0.015531097,0.147259474,1.677740526,4445.253561,627.944275,887.008179,0.003482,0.003429
324,4,0,0,37.3921,70.0,12.2,0.009957658,73.0996536231988,3.606262207,0.0,0.0,0.130618811,1.694381189,4459.988966,633.912109,874.209778,0.003445,0.003448
325,4,0,0,37.4967,69.0,12.2,0.010216564,72.912886706733,3.65020752,0.0,-0.005560516,0.104435205,1.720564795,4477.503395,0.0,0.0,0.0,0.0
326,4,0,0,37.4967,69.0,12.2,0.010440555,72.7263732452238,3.29864502,0.0,-0.004793549,0.069002867,1.755997133,4492.159277,608.197815,706.752808,0.003655,0.003606
327,4,0,0,37.5492,70.0,12.2,0.010691134,72.639578529558,5.23223877,0.0,0.003067871,0.017259836,1.807740164,4508.880928,610.198181,713.248413,0.003644,0.003673
328,4,0,0,37.7077,72.0,12.2,0.010903465,72.6206271187454,5.276184082,0.0,0.013038452,-0.027903318,1.852903318,4524.195798,615.543701,724.421204,0.003937,0.003862
329,4,0,0,37.7608,73.0,12.2,0.011145,72.595611924027,5.188293457,0.0,0.0,-0.048206091,1.873206091,4540.88812,609.057312,725.656921,0.003903,0.00385
330,4,0,0,37.814,74.0,12.2,0.011361908,72.5714129382764,5.451965332,0.0,-0.001725677,-0.041098833,1.866098833,4555.469242,601.583618,711.586182,0.003847,0.003796
331,4,0,0,37.814,74.0,12.2,0.011576723,72.5484984472468,5.23223877,0.0,-0.001725677,-0.035622358,1.860622358,4570.01847,606.696106,717.446411,0.003519,0.003497
332,4,0,0,37.8675,74.0,11.9,0.01181259,72.5222228979074,5.495910645,0.0,-0.001725677,-0.033519983,1.858519983,4587.297007,602.749817,711.072876,0.003555,0.003518
333,4,0,0,37.8675,74.0,11.9,0.012019548,72.4994520404728,5.276184082,0.0,-0.001725677,-0.035447836,1.860447836,4601.775964,609.464783,708.27002,0.003446,0.003569
334,4,0,0,37.9747,74.0,11.9,0.012275624,72.4713733222238,5.276184082,0.0,0.0,-0.041877508,1.866877508,4618.288049,539.268799,708.313599,0.0,0.003398
335,4,0,0,38.0286,73.0,11.9,0.012530571,72.4453657279944,5.495910645,0.0,0.0,-0.048721552,1.873721552,4633.374875,556.300476,715.131287,0.003335,0.003306
336,4,0,0,38.0286,72.0,11.6,0.012852384,72.4110402277882,5.276184082,0.0,0.0,-0.056361437,1.881361437,4649.768425,600.269714,715.573303,0.003505,0.003439
337,4,0,0,38.0286,73.0,11.6,0.013127089,72.3823321771322,5.23223877,0.0,0.010737549,-0.062968969,1.887968969,4664.025601,604.14447,714.279297,0.003424,0.003429
338,4,0,0,38.0286,73.0,11.6,0.013378475,72.354168035116,5.451965332,0.0,0.009203613,-0.055201769,1.880201769,4680.942315,629.828003,897.947571,0.003402,0.003367
339,4,0,0,38.1911,74.0,11.6,0.01351904,72.3252857412182,5.320129395,0.0,0.009203613,-0.028019667,1.853019667,4694.439513,600.169922,717.488708,0.003377,0.003355
340,4,0,0,38.1911,75.0,11.7,0.013591298,72.2786464242822,4.397277832,0.0,0.00690271,0.017718077,1.807281923,4709.248283,605.786499,720.853027,0.003413,0.003436
341,4,0,0,38.2456,76.0,11.7,0.013614746,72.1903139359662,4.441223145,0.0,-0.005560516,0.090352297,1.734647703,4725.388639,604.369873,718.705505,0.003756,0.003654
342,4,0,0,38.3002,77.0,11.7,0.013607895,72.0943752240082,5.144348145,0.0,-0.003259613,0.157330751,1.667669249,4740.179343,600.279297,714.032104,0.003739,0.003654
343,4,0,0,38.355,77.0,11.7,0.013605407,72.0438704333262,4.792785645,0.0,0.0,0.218023539,1.606976461,4756.308542,0.0,0.0,0.0,0.0
344,4,0,0,38.41,76.0,11.7,0.01364311,71.9949641678794,4.836730957,0.0,0.0,0.274223089,1.550776911,4770.416462,612.975403,717.084778,0.003775,0.003717
345,4,0,0,38.4651,75.0,11.7,0.013775669,71.8973950335674,4.309387207,0.0,-0.012463226,0.334979773,1.490020227,4787.20533,613.246826,715.410095,0.003811,0.003713
346,4,0,0,38.5758,75.0,11.5,0.013987899,71.7823653649254,4.17755127,0.0,-0.016298065,0.373294115,1.451705885,4801.302418,604.604309,711.48761,0.003863,0.003758
347,4,0,0,38.5204,75.0,11.5,0.014261961,71.6731358702972,4.089660645,0.0,-0.016298065,0.379670382,1.445329618,4815.394469,606.467407,711.808411,0.003753,0.003675
348,4,0,0,38.6314,74.0,11.5,0.01459338,71.562307415912,4.265441895,0.0,0.0,0.346825361,1.478174639,4832.163655,602.517578,712.828125,0.003665,0.003593
349,4,0,0,38.6314,73.0,11.5,0.014883104,71.4978165915864,4.748840332,0.0,0.003067871,0.296509981,1.528490019,4845.5724,0.0,0.0,0.0,0.0
350,4,0,0,38.41,74.0,11.6,0.015230525,71.4601423606148,5.188293457,0.0,-0.003259613,0.24899745,1.57600255,4862.325865,604.431213,705.580322,0.003695,0.003672
351,4,0,0,38.5758,74.0,11.6,0.015549208,71.4396894516756,5.188293457,0.0,0.0,0.210799932,1.614200068,4876.392765,542.733887,721.889099,0.0,0.003546
352,4,0,0,38.9117,74.0,11.9,0.015888821,71.4109575023206,4.70489502,0.0,0.00690271,0.164418459,1.660581541,4892.45978,532.052612,738.985291,0.0,0.003622
353,4,0,0,38.8553,74.0,11.9,0.01612838,71.3739467861376,5.05645752,0.0,0.013038452,0.131011724,1.693988276,4907.171798,536.378601,731.804321,0.0,0.003666
354,4,0,0,38.8553,74.0,11.9,0.016318677,71.3495442671572,5.188293457,0.0,0.005368774,0.1197927,1.7052073,4921.197126,0.0,0.0,0.0,0.0
355,4,0,0,38.743,74.0,11.9,0.016499352,71.2775662942562,4.485168457,0.0,-0.008628387,0.130043268,1.694956732,4937.876959,609.482117,716.750977,0.003661,0.003546
356,4,0,0,38.8553,74.0,12.2,0.01660509,71.1775438659548,4.00177002,0.0,-0.004793549,0.134188414,1.690811586,4951.877012,530.421875,735.888916,0.004099,0.00385
357,4,0,0,38.9117,73.0,12.2,0.016622499,70.9676051249934,4.045715332,0.0,-0.019365936,0.116366625,1.708633375,4967.857022,607.79187,700.529785,0.003855,0.003733
358,4,0,0,38.7991,74.0,12.2,0.016557524,70.8560652779546,4.00177002,0.0,-0.027035614,0.068506956,1.756493044,4981.81423,607.593384,723.460022,0.003816,0.003648
359,4,0,0,38.7991,75.0,12.2,0.0164467,70.7159879542064,4.00177002,0.0,0.008436646,-0.034063101,1.859063101,4997.736291,0.0,0.0,0.0,0.0
360,4,0,0,38.8553,76.0,12.2,0.016355267,70.6028936134748,4.045715332,0.0,0.008436646,-0.138727427,1.963727427,5012.309234,618.301086,724.092896,0.003752,0.003692
361,4,0,0,38.8553,77.0,12.2,0.016267207,70.490533324904,3.957824707,0.0,0.023776001,-0.221783876,2.046783876,5026.20816,615.787415,721.519287,0.003778,0.003709
362,4,0,0,38.9683,76.0,12.2,0.016136959,70.3712256121136,4.089660645,0.0,0.023776001,-0.258551836,2.083551836,5042.085879,626.910828,740.425293,0.003678,0.00358
363,4,0,0,38.9683,75.0,12.2,0.016001012,70.2736932029404,4.17755127,0.0,0.014572388,-0.237804174,2.062804174,5056.634984,613.863403,715.87207,0.00377,0.00362
364,4,0,0,39.0819,73.0,12.2,0.015871022,70.1611408879208,4.089660645,0.0,0.001533936,-0.17339015,1.99839015,5072.497548,592.416992,711.154297,0.00361,0.00352
365,4,0,0,39.0819,71.0,12.2,0.015788045,70.064119540758,4.045715332,0.0,0.0,-0.105605364,1.930605364,5087.032069,620.488708,731.645386,0.003845,0.003709
366,4,0,0,39.0819,69.0,12.4,0.015677746,69.9592886459376,4.089660645,0.0,-0.003259613,-0.030688047,1.855688047,5102.87395,588.671692,706.983704,0.003693,0.003806
367,4,0,0,39.025,68.0,12.4,0.015518011,69.8722043617256,4.309387207,0.0,-0.010929291,0.027947187,1.797052813,5116.711087,586.538391,720.992676,0.003684,0.003622
368,4,0,0,39.025,68.0,12.4,0.015241533,69.817921339619,5.276184082,0.0,-0.010929291,0.083389521,1.741610479,5133.136894,603.876282,727.076721,0.003843,0.003735
369,4,0,0,38.9683,68.0,12.4,0.0149396,69.8062541396078,5.144348145,0.0,-0.013997162,0.113355398,1.711644602,5146.252179,608.759705,710.753479,0.003776,0.003718
370,4,0,0,39.025,68.0,12.7,0.014614022,69.7965688418066,5.144348145,0.0,-0.023200775,0.111233473,1.713766527,5160.653318,611.163086,717.696106,0.003682,0.003582
371,4,0,0,39.025,68.0,12.7,0.014233773,69.7860023498884,5.144348145,0.0,-0.074587616,0.061518908,1.763481092,5176.33473,603.674377,717.719116,0.003835,0.003743
372,4,0,0,38.9683,69.0,12.6,0.013895703,69.7740577157546,5.012512207,0.0,-0.089160004,-0.100998163,1.925998163,5190.031493,0.0,0.0,0.0,0.0
373,4,0,0,39.1389,68.0,12.6,0.013507814,69.7584398274444,5.05645752,0.0,-0.012463226,-0.519878149,2.344878149,5206.310036,640.036987,898.809692,0.003582,0.003579
374,4,0,0,39.1389,68.0,12.8,0.013184183,69.7476870383278,5.100402832,0.0,0.014572388,-0.959028006,2.784028006,5219.961566,619.41687,716.583313,0.003629,0.00361
375,4,0,0,39.1389,66.0,12.8,0.012846619,69.7607627970806,5.58380127,0.0,0.049085938,-1.458740473,3.283740473,5235.538799,634.288208,711.959717,0.003551,0.003577
376,4,0,0,39.2536,65.0,13.1,0.012571953,69.790979056811,5.627746582,0.0,0.009203613,-1.783545732,3.608545732,5249.795579,528.030273,723.656128,0.0,0.003494
377,4,0,0,39.2536,65.0,13.1,0.012312798,69.823942041493,6.026000977,0.0,0.016106323,1.528774738,3.946225262,5263.385275,616.258301,716.276184,0.003489,0.003426
378,4,0,0,39.3688,65.0,13.2,0.012050239,69.9713289714278,6.641235352,0.0,0.003834839,1.196709633,4.278290367,5278.901046,565.415588,725.418091,0.0,0.003653
379,4,0,0,39.3688,66.0,13.2,0.011853016,70.0809963352832,6.553344727,0.0,0.014572388,0.947235346,4.527764654,5292.47428,600.729309,709.150513,0.003503,0.00345
380,4,0,0,39.4267,67.0,13.7,0.011649965,70.2298047791466,6.773071289,0.0,0.017640259,0.677025557,4.797974443,5308.630081,632.331604,881.01062,0.003472,0.003506
381,4,0,0,39.3111,68.0,13.7,0.011485022,70.360700061805,7.124633789,0.0,0.025309937,0.505705833,4.969294167,5322.198238,609.887085,712.904114,0.003601,0.003547
382,4,0,0,39.543,69.0,13.8,0.01130248,70.5324780200326,7.036743164,0.0,0.014572388,0.36123848,5.11376152,5337.697486,765.861023,681.726807,0.003442,0.003388
383,4,0,0,39.6015,69.0,13.8,0.011136553,70.6565504574808,6.817016602,0.0,0.001533936,0.274772167,5.200227833,5351.897713,603.025818,714.977722,0.003483,0.003362
384,4,0,0,39.7188,70.0,14.2,0.010966633,70.7671845196874,6.597290039,0.0,-0.003259613,0.201888084,5.273111916,5365.451343,0.0,0.0,0.0,0.0
385,4,0,0,39.66,70.0,14.2,0.010786285,70.9119996438352,7.212524414,0.0,0.003834839,0.116070986,5.358929014,5380.950028,638.735779,882.256409,0.003523,0.003472
386,4,0,0,39.6015,70.0,14.3,0.010653597,71.055881753118,6.948852539,0.0,0.00690271,0.048119783,5.426880217,5394.519862,609.989502,711.980103,0.003538,0.003486
387,4,0,0,39.6015,70.0,14.3,0.010537842,71.1905816925638,6.817016602,0.0,-0.004793549,-0.020353079,5.495353079,5410.697011,610.096619,710.813782,0.00357,0.003528
388,4,0,0,39.6015,70.0,14.7,0.010475298,71.3007764532306,6.817016602,0.0,-0.004793549,-0.07931304,5.55431304,5424.313377,615.066284,714.372375,0.003604,0.003544
389,4,0,0,39.543,70.0,14.7,0.010444217,71.4545145308216,7.256469727,0.0,-0.003259613,-0.159239292,5.634239292,5439.903816,608.849426,713.203186,0.003534,0.003491
390,4,0,0,39.66,70.0,14.7,0.010428097,71.606240144836,7.695922852,0.0,0.005368774,-0.234696388,5.709696388,5454.224992,603.092529,718.328491,0.003541,0.003584
391,4,0,0,39.6015,71.0,14.7,0.010397046,71.7748724388194,7.651977539,0.0,0.003834839,-0.29722476,5.77222476,5467.926361,641.673523,880.168091,0.003438,0.003452
392,4,0,0,39.66,71.0,15.0,0.010345852,71.9857490548526,8.091430664,0.0,0.012271484,-0.361129045,5.836129045,5483.619365,0.0,0.0,0.0,0.0
393,4,0,0,39.7188,70.0,15.0,0.010322526,72.1809018075366,8.047485352,0.0,0.023776001,-0.390807033,5.865807033,5498.032113,602.16217,719.995789,0.00365,0.003583
394,4,0,0,39.7777,71.0,15.0,0.010352707,72.3979518839966,8.179321289,0.0,0.005368774,-0.368795991,5.843795991,5513.78703,602.549805,709.969971,0.003667,0.003495
395,4,0,0,39.8368,72.0,15.0,0.010421637,72.6028694358778,8.003540039,0.0,-0.008628387,-0.313090205,5.788090205,5527.603611,602.140381,696.967529,0.00375,0.003612
396,4,0,0,39.8961,74.0,14.7,0.010526437,72.8352227907714,8.311157227,0.0,-0.000959,-0.256699085,5.731699085,5544.083552,609.979797,712.421814,0.003658,0.003499
397,4,0,0,40.0152,74.0,14.7,0.010637258,73.0392751453752,8.179321289,0.0,-0.000959,-0.213649273,5.688649273,5557.29158,602.393494,706.378418,0.003737,0.003597
398,4,0,0,39.9556,74.0,14.8,0.010779819,73.2263311153984,8.179321289,0.0,-0.001725677,-0.175779581,5.650779581,5571.849881,605.18573,816.596985,0.003567,0.004023
399,4,0,0,40.0152,74.0,14.8,0.011010108,73.4350615638878,7.871704102,0.0,0.0,-0.140348434,5.615348434,5587.772295,642.186096,883.239319,0.003645,0.003597
400,4,0,0,40.135,72.0,14.5,0.011285933,73.608873711782,8.267211914,0.0,-0.008628387,-0.115750194,5.590750194,5602.40883,603.409485,707.845581,0.003609,0.003587
401,4,0,0,40.075,71.0,14.5,0.011660167,73.8323195307096,8.311157227,0.0,0.008436646,-0.090078473,5.565078473,5618.425862,0.0,0.0,0.0,0.0
402,4,0,0,40.135,71.0,14.2,0.01197877,74.029063534412,8.311157227,0.0,-0.003259613,-0.054283738,5.529283738,5632.484215,602.598389,708.627014,0.00355,0.003553
403,4,0,0,40.135,71.0,14.2,0.0122625,74.2033145654176,6.157836914,0.0,-0.003259613,-0.015083194,5.490083194,5649.273604,635.3797,880.316589,0.003587,0.003558
404,4,0,0,40.135,72.0,13.7,0.012420233,74.209081812335,5.671691895,0.0,-0.003259613,0.01255095,5.46244905,5663.422958,542.039795,729.854126,0.0,0.003679
405,4,0,0,40.1952,73.0,13.7,0.012512066,74.1846947912988,5.58380127,0.0,-0.003259613,0.035158157,5.439841843,5679.645771,523.361389,694.852722,0.0,0.003567
406,4,0,0,40.2555,73.0,13.3,0.012545061,74.164095126645,5.671691895,0.0,-0.000959,0.047391891,5.427608109,5693.883344,599.079895,698.345276,0.003581,0.003553
407,4,0,0,40.3768,74.0,13.3,0.012576056,74.153121519987,5.850219727,0.0,-0.000959,0.05755806,5.41744194,5708.158408,0.0,0.0,0.0,0.0
408,4,0,0,40.3768,74.0,12.8,0.012666864,74.1427732384794,5.806274414,0.0,-0.000959,0.066581368,5.408418632,5725.19966,609.043518,709.058777,0.003627,0.003542
409,4,0,0,40.4377,75.0,12.8,0.012830741,74.1623924127382,6.729125977,0.0,-0.000959,0.072081447,5.402918553,5739.558866,605.250183,701.831787,0.003996,0.003825
410,4,0,0,40.3768,74.0,12.5,0.01311451,74.2432277906642,6.817016602,0.0,-0.000959,0.075598121,5.399401879,5756.017832,604.186096,700.790894,0.004115,0.003768
411,4,0,0,40.3768,74.0,12.5,0.013404254,74.3167564914024,6.817016602,0.0,-0.007094452,0.076408505,5.398591495,5771.133122,614.376099,703.980408,0.004023,0.003783
412,4,0,0,40.4377,73.0,12.1,0.013702239,74.397940758147,6.773071289,0.0,0.009203613,0.068797588,5.406202412,5787.621613,608.789917,721.776611,0.003686,0.003628
413,4,0,0,40.4377,72.0,12.1,0.013862547,74.4655325231582,6.729125977,0.0,-0.003259613,0.066014528,5.408985472,5802.730734,603.822327,707.954407,0.003604,0.003526
414,4,0,0,40.4988,72.0,11.8,0.01387954,74.5296036155184,6.729125977,0.0,-0.008628387,0.067948937,5.407051063,5817.149586,612.513489,710.133484,0.003689,0.003639
415,4,0,0,40.5601,72.0,11.8,0.01373047,74.6029098089082,6.817016602,0.0,-0.001725677,0.048345327,5.426654673,5833.626192,601.279724,711.283203,0.003506,0.003451
416,4,0,0,40.6215,72.0,11.8,0.013505706,74.6737196101834,6.817016602,0.0,-0.001725677,0.016765594,5.458234406,5848.043753,0.0,0.0,0.0,0.0
417,4,0,0,40.6215,73.0,11.8,0.013197237,74.7480058111662,6.817016602,0.0,-0.004793549,-0.023160815,5.498160815,5864.535888,634.718079,880.091125,0.003563,0.003532
418,4,0,0,40.4988,73.0,11.5,0.012901754,74.813039675088,6.773071289,0.0,-0.004793549,-0.067798972,5.542798972,5879.671035,641.768616,877.507385,0.003482,0.003548
419,4,0,0,40.5601,74.0,11.5,0.012539187,74.896337906483,6.904907227,0.0,-0.001725677,-0.132801771,5.607801771,5896.200285,0.0,0.0,0.0,0.0
420,4,0,0,40.6832,75.0,11.6,0.012214144,74.9686245990762,6.904907227,0.0,0.0,-0.194466352,5.669466352,5910.67827,605.880615,708.795227,0.003653,0.003618
421,4,0,0,40.745,76.0,11.6,0.011913222,75.0446898127752,7.212524414,0.0,0.021475098,-0.249445677,5.724445677,5925.859758,543.950073,724.078491,0.0,0.003576
422,4,0,0,40.807,76.0,11.6,0.011642927,75.1530187529262,7.168579102,0.0,0.003067871,-0.268204927,5.743204927,5942.437964,603.058105,707.351685,0.003385,0.003422
423,4,0,0,40.807,75.0,11.6,0.011486206,75.2421552835996,7.168579102,0.0,0.003067871,-0.262447834,5.737447834,5957.650953,606.387512,707.140015,0.003443,0.003406
424,4,0,0,40.8692,75.0,11.7,0.011368115,75.3400750609108,7.168579102,0.0,0.0,-0.245952249,5.720952249,5974.264041,604.080078,722.584595,0.00366,0.003614
425,4,0,0,40.9316,75.0,11.7,0.011274545,75.42664207106,7.168579102,0.0,0.0,-0.223775268,5.698775268,5988.815018,599.774719,717.542419,0.003481,0.003417
426,4,0,0,40.9316,75.0,12.0,0.011145027,75.5284087342402,7.256469727,0.0,-0.001725677,-0.201216459,5.676216459,6005.463236,599.385071,710.089294,0.003348,0.003345
427,4,0,0,40.9316,75.0,12.0,0.011011294,75.6201803821362,7.300415039,0.0,-0.003259613,-0.186400533,5.661400533,6020.046959,599.840576,717.001099,0.003444,0.003431
428,4,0,0,40.9942,74.0,12.0,0.010874954,75.7159997776266,7.344360352,0.0,-0.003259613,-0.177711487,5.652711487,6035.344613,604.878906,703.716187,0.003498,0.003442
429,4,0,0,40.9942,73.0,12.0,0.010739618,75.8209698159834,7.300415039,0.0,-0.008628387,-0.178798676,5.653798676,6052.056468,610.309692,559.083008,0.003417,0.003288
430,4,0,0,41.057,73.0,12.0,0.010652671,75.9072068309656,7.256469727,0.0,-0.007094452,-0.198416233,5.673416233,6066.698734,592.809387,717.931519,0.003411,0.003351
431,4,0,0,41.057,73.0,12.0,0.010593113,75.989764299252,7.080688477,0.0,-0.007094452,-0.239189148,5.714189148,6084.153154,628.713684,892.586304,0.003742,0.003536
432,4,0,0,41.1199,74.0,11.7,0.010566525,76.0624104057474,7.036743164,0.0,-0.003259613,-0.293713808,5.768713808,6098.835095,0.0,0.0,0.0,0.0
433,4,0,0,41.1831,74.0,11.7,0.01054999,76.1468990659404,7.256469727,0.0,0.009203613,-0.359578371,5.834578371,6115.63825,606.867126,704.121887,0.00373,0.003674
434,4,0,0,40.9942,72.0,11.7,0.010550008,76.2226963728096,7.168579102,0.0,0.036047485,-0.399706006,5.874706006,6131.063609,605.839478,719.672119,0.003752,0.003705
435,4,0,0,41.057,70.0,11.7,0.010577849,76.302514663949,7.036743164,0.0,0.00690271,-0.37131381,5.84631381,6147.91517,605.107117,721.384277,0.003747,0.003652
436,4,0,0,41.1199,68.0,11.5,0.010614988,76.3485116450108,5.627746582,0.0,0.00690271,-0.292160273,5.767160273,6162.678784,817.279724,881.127014,0.006307,0.003696
437,4,0,0,41.1831,66.0,11.5,0.010629511,76.2981453702226,5.100402832,0.0,0.005368774,-0.206494093,5.681494093,6177.457781,608.500122,716.70459,0.003641,0.003637
438,4,0,0,41.057,65.0,11.2,0.010579395,76.0414257708722,4.968566895,0.0,0.003067871,-0.086908698,5.561908698,6195.071004,616.443726,729.480591,0.003663,0.003561
439,4,0,0,40.5601,67.0,11.2,0.010478406,75.958080498469,5.012512207,0.0,-0.02166684,0.026279807,5.448720193,6209.883771,635.65033,883.908997,0.003633,0.003649
440,4,0,0,40.1952,68.0,11.0,0.010338239,75.8778392405908,5.58380127,0.0,-0.027035614,0.110350728,5.364649272,6226.831486,625.658203,711.714783,0.003562,0.003537
441,4,0,0,40.0152,69.0,11.0,0.010226787,75.8120190370516,5.05645752,0.0,-0.010929291,0.11978364,5.35521636,6242.380845,610.384216,709.802979,0.003687,0.003648
442,4,0,0,39.8368,69.0,10.8,0.010123529,75.7205039018582,5.23223877,0.0,-0.010929291,0.077122569,5.397877431,6259.334576,613.824219,709.3573,0.003752,0.003606
443,4,0,0,39.9556,68.0,10.8,0.010050006,75.5943874899562,3.606262207,0.0,-0.008628387,0.01048255,5.46451745,6274.12614,605.727478,720.856506,0.003611,0.003727
444,4,0,0,40.0152,68.0,10.6,0.009995206,75.3243383067482,0.087890625,0.0,-0.004793549,-0.066767693,5.541767693,6288.89535,610.272522,715.703003,0.003828,0.003775
445,4,0,0,40.135,68.0,10.6,0.00996863,74.9212988181632,3.606262207,0.0,0.026843872,-0.170585036,5.645585036,6305.756394,614.215698,921.843384,0.00374,0.004097
446,4,0,0,40.3768,68.0,10.5,0.009981113,74.6921443162008,2.94708252,0.0,0.046785034,-0.221842885,5.696842885,6321.196102,611.391479,716.184875,0.003556,0.003624
447,4,0,0,40.4988,68.0,10.5,0.010024489,74.436685860048,3.210754395,0.0,0.03451355,-0.148774028,5.623774028,6338.01646,613.574097,725.604004,0.003743,0.003642
448,4,0,0,40.6215,68.0,10.3,0.01008043,74.1811801053926,0.922851563,0.0,0.003834839,0.0157336,5.4592664,6353.395419,608.90387,719.991089,0.003724,0.003661
449,4,0,0,40.807,69.0,10.3,0.010175844,73.8163673985748,3.957824707,0.0,-0.008628387,0.247654915,5.227345085,6370.073485,596.584229,704.244385,0.003642,0.003508
450,4,0,0,40.745,69.0,10.5,0.010303016,73.679664796433,4.35333252,0.0,-0.000959,0.435674906,5.039325094,6384.610505,603.921814,712.07489,0.003574,0.003467
451,4,0,0,40.807,70.0,10.5,0.010473888,73.6531673512944,5.58380127,0.0,-0.001725677,0.62085557,4.85414443,6399.788441,610.840088,700.383728,0.003577,0.003599
452,4,0,0,40.9942,71.0,10.6,0.010707161,73.6344992647888,5.58380127,0.0,0.013038452,0.811177492,4.663822508,6416.278993,608.787415,718.492676,0.003607,0.003508
453,4,0,0,40.9942,71.0,10.6,0.010926578,73.6171611046724,5.58380127,0.0,0.039882324,1.003706217,4.471293783,6430.636514,609.615112,716.042725,0.003658,0.003638
454,4,0,0,41.057,71.0,10.8,0.011171662,73.597146934004,5.58380127,0.0,0.037581421,1.292925358,4.182074642,6447.009448,588.027222,709.240112,0.003564,0.003563
455,4,0,0,41.1199,69.0,10.8,0.011358356,73.578307597629,5.58380127,0.0,0.021475098,1.637004137,3.837995863,6461.328288,592.428406,720.838989,0.003551,0.003484
456,4,0,0,41.1199,69.0,10.9,0.011529197,73.5212475306052,4.485168457,0.0,0.013038452,-1.485049486,3.310049486,6478.369814,0.0,0.0,0.0,0.0
457,4,0,0,41.1199,69.0,10.9,0.011663141,73.4044513538188,4.265441895,0.0,-0.012463226,-1.025491953,2.850491953,6492.679525,605.842285,712.01532,0.003504,0.003443
458,4,0,0,41.2465,70.0,11.3,0.011808589,73.3032002909878,4.52911377,0.0,-0.052345551,-0.5589149,2.3839149,6507.663929,634.982483,879.791809,0.003422,0.003442
459,4,0,0,41.31,71.0,11.3,0.011988084,73.185537468518,4.309387207,0.0,-0.056180389,-0.152545691,1.977545691,6523.999782,614.994324,710.638672,0.003585,0.003555
460,4,0,0,41.31,72.0,11.4,0.012138474,73.0642783183238,4.089660645,0.0,-0.056180389,0.058902502,1.766097498,6538.27129,602.566284,501.410614,0.003728,0.00366
461,4,0,0,41.3738,73.0,11.4,0.012288477,72.9434569407964,5.188293457,0.0,-0.039307098,0.134731531,1.690268469,6555.233298,615.108704,714.11969,0.003911,0.003671
462,4,0,0,41.5019,75.0,11.4,0.012395297,72.9130680149774,5.23223877,0.0,-0.005560516,0.079788446,1.745211554,6569.462004,548.340027,719.864502,0.0,0.003776
463,4,0,0,41.3738,75.0,11.4,0.012485661,72.8800402060802,5.23223877,0.0,0.0,-0.028381109,1.853381109,6585.695335,603.831726,699.104126,0.003817,0.003597
464,4,0,0,41.4377,75.0,11.8,0.012540834,72.852254178497,5.40802002,0.0,0.008436646,-0.123650789,1.948650789,6599.878128,608.538025,720.189209,0.003857,0.003786
465,4,0,0,41.6308,75.0,11.8,0.012603695,72.819391455697,5.144348145,0.0,0.02761084,-0.22124362,2.04624362,6616.078596,0.0,0.0,0.0,0.0
466,4,0,0,41.5662,74.0,11.8,0.012689332,72.7802327856028,4.836730957,0.0,0.032212646,-0.257210016,2.082210016,6630.922032,605.302002,705.408325,0.003871,0.003795
467,4,0,0,41.7605,75.0,11.8,0.012815113,72.6954983630984,4.441223145,0.0,0.009203613,-0.228688478,2.053688478,6645.084815,551.378113,721.031006,0.0,0.003724
468,4,0,0,41.5662,75.0,11.8,0.012983457,72.5572015004724,4.00177002,0.0,-0.005560516,-0.147535086,1.972535086,6661.263241,605.946228,721.680481,0.003684,0.003761
469,4,0,0,41.6955,75.0,11.8,0.013115364,72.4246231378552,4.00177002,0.0,-0.005560516,-0.070944548,1.895944548,6676.078223,603.470703,724.137878,0.003729,0.003811
470,4,0,0,41.7605,75.0,11.8,0.013225947,72.2805982318342,4.17755127,0.0,-0.015531097,-0.001875162,1.826875162,6692.211786,615.73291,705.693298,0.003876,0.003895
471,4,0,0,41.8256,76.0,11.8,0.013283093,72.1635720159882,4.089660645,0.0,-0.015531097,0.03168273,1.79331727,6706.969544,616.185913,717.774292,0.003979,0.003861
472,4,0,0,41.7605,76.0,11.8,0.013301373,72.0328007973504,4.089660645,0.0,-0.008628387,0.029948473,1.795051527,6723.035351,684.523071,703.670898,0.003879,0.003875
473,4,0,0,41.8256,77.0,11.8,0.013286384,71.923969646559,4.133605957,0.0,-0.004793549,-0.00413394,1.82913394,6737.066292,606.407288,703.0177,0.003854,0.003839
474,4,0,0,41.891,77.0,11.8,0.013249789,71.8681199641492,5.188293457,0.0,0.008436646,-0.050282717,1.875282717,6751.073055,618.339783,717.195618,0.003807,0.003905
475,4,0,0,41.9565,76.0,11.8,0.013180772,71.8338759126404,5.144348145,0.0,0.013038452,-0.095999956,1.920999956,6767.053732,0.0,0.0,0.0,0.0
476,4,0,0,41.9565,74.0,11.9,0.013115479,71.805309065476,5.23223877,0.0,0.003067871,-0.110416651,1.935416651,6781.690951,0.0,0.0,0.0,0.005409
477,4,0,0,41.9565,73.0,11.9,0.013078846,71.7739617294068,5.320129395,0.0,0.014572388,-0.101377249,1.926377249,6797.65128,607.621704,704.261292,0.003894,0.003983
478,4,0,0,41.7605,72.0,11.6,0.013097744,71.7466894031516,4.924621582,0.0,0.005368774,-0.068762064,1.893762064,6811.610183,0.0,0.0,0.0,0.0
479,4,0,0,41.5662,72.0,11.6,0.013156667,71.6846218103442,5.23223877,0.0,-0.003259613,-0.005736589,1.830736589,6828.220302,618.582703,736.480103,0.003716,0.003741
480,4,0,0,41.5662,72.0,11.6,0.013197351,71.6572427365668,4.968566895,0.0,-0.010929291,0.046077967,1.778922033,6842.162426,638.974121,895.62738,0.003745,0.003747
481,4,0,0,41.6308,72.0,11.6,0.013183936,71.6294180365434,5.276184082,0.0,-0.001725677,0.089444399,1.735555601,6856.096631,0.0,0.0,0.0,0.0
482,4,0,0,41.5662,72.0,11.6,0.013081623,71.6016247347434,5.320129395,0.0,-0.004793549,0.117630243,1.707369757,6872.67763,706.512085,841.593384,0.003674,0.003576
483,4,0,0,41.6955,71.0,11.6,0.012935632,71.5771473331728,5.144348145,0.0,-0.003259613,0.135710955,1.689289045,6886.59987,606.937927,715.733398,0.003668,0.003638
484,4,0,0,41.7605,70.0,11.7,0.012733685,71.5485015961616,5.320129395,0.0,0.0,0.147935629,1.677064371,6902.504697,613.972778,701.746521,0.003599,0.003658
485,4,0,0,41.8256,69.0,11.7,0.012530514,71.527520968543,5.320129395,0.0,0.009203613,0.15626502,1.66873498,6916.415798,0.0,0.0,0.0,0.0
486,4,0,0,41.8256,68.0,12.0,0.012269981,71.512398402898,5.23223877,0.0,0.003067871,0.175184011,1.649815989,6932.971648,613.875427,727.903992,0.00371,0.003597
487,4,0,0,41.8256,68.0,12.0,0.012040612,71.5008730823012,5.539855957,0.0,-0.008628387,0.189127207,1.635872793,6946.875283,638.236877,700.52002,0.003455,0.003401
488,4,0,0,41.8256,68.0,12.3,0.011850941,71.509587288253,5.58380127,0.0,-0.008628387,0.159651995,1.665348005,6960.778369,614.427185,699.516724,0.00359,0.003489
489,4,0,0,41.8256,68.0,12.3,0.011722318,71.5321056724284,5.715637207,0.0,-0.007094452,0.105740786,1.719259214,6977.333255,606.333496,717.734924,0.003617,0.003492
490,4,0,0,41.8256,70.0,12.3,0.011692523,71.5581921565046,5.850219727,0.0,0.003067871,0.04476428,1.78023572,6991.244953,615.572876,716.984985,0.003727,0.003655
491,4,0,0,41.9565,71.0,12.3,0.011731888,71.5925086765936,5.894165039,0.0,-0.003259613,-0.024077654,1.849077654,7007.151608,607.532471,705.081177,0.00371,0.003608
492,4,0,0,42.0223,72.0,12.5,0.011801204,71.6291257803994,5.850219727,0.0,-0.000959,-0.078662157,1.903662157,7021.077885,630.918823,699.838623,0.003621,0.003631
493,4,0,0,42.0223,72.0,12.5,0.011881803,71.6671177916474,5.894165039,0.0,0.008436646,-0.142056704,1.967056704,7037.002368,603.614319,702.960571,0.003676,0.003617
494,4,0,0,42.1544,71.0,12.5,0.011929004,71.6957666185914,5.850219727,0.0,0.008436646,-0.181586027,2.006586027,7051.607044,593.272217,707.405396,0.003688,0.003569
495,4,0,0,42.2208,70.0,12.5,0.01194739,71.7242884847028,5.806274414,0.0,0.008436646,-0.20628047,2.03128047,7067.546051,631.589722,879.276611,0.003522,0.003644
496,4,0,0,42.2874,69.0,12.7,0.011932538,71.748514974074,5.75958252,0.0,0.008436646,-0.20947051,2.03447051,7082.162503,628.648682,708.577393,0.003472,0.003404
497,4,0,0,42.2208,68.0,12.7,0.011873562,71.7700098180094,5.806274414,0.0,0.003067871,-0.197931528,2.022931528,7096.119213,592.750793,710.294983,0.003417,0.003342
498,4,0,0,42.2874,69.0,13.0,0.011726326,71.79320216159,5.715637207,0.0,0.001533936,-0.175353289,2.000353289,7112.074652,619.572021,715.584717,0.003212,0.003207
499,4,0,0,42.4212,69.0,13.0,0.011534062,71.8129916844878,5.806274414,0.0,-0.005560516,-0.149937391,1.974937391,7126.705963,532.330505,721.65863,0.003394,0.003362
500,4,0,0,42.3542,70.0,13.2,0.011272796,71.8393738365088,5.806274414,0.0,-0.004793549,-0.130852461,1.955852461,7142.673422,615.38092,780.463196,0.003431,0.003414
501,4,0,0,42.4885,71.0,13.2,0.011019756,71.862041760557,5.850219727,0.0,0.005368774,-0.123594999,1.948594999,7156.652378,524.418701,715.986877,0.003531,0.003447
502,4,0,0,42.4885,71.0,13.3,0.010707556,71.9034979727154,6.026000977,0.0,0.00690271,-0.1160748,1.9410748,7173.311632,563.659912,715.064026,0.003474,0.003433
503,4,0,0,42.6236,71.0,13.3,0.010425822,71.9611211960854,6.904907227,0.0,0.001533936,-0.097109556,1.922109556,7186.67106,535.780701,717.151306,0.0,0.003363
504,4,0,0,42.6236,70.0,13.5,0.010147713,72.1037492271732,7.651977539,0.0,-0.007094452,-0.071517706,1.896517706,7201.413574,593.48761,715.741699,0.003409,0.00337
505,4,0,0,42.6914,69.0,13.5,0.009853696,72.322043275173,8.530883789,0.0,-0.005560516,-0.056759119,1.881759119,7217.553945,594.321716,715.638672,0.003358,0.003358
506,4,0,0,42.4885,69.0,13.7,0.009639389,72.5285043933284,8.355102539,0.0,-0.007094452,-0.053959608,1.878959608,7232.39858,597.358093,707.34668,0.003664,0.003556
507,4,0,0,42.6914,69.0,13.7,0.009453436,72.762040854523,8.355102539,0.0,-0.010162323,-0.066855192,1.891855192,7248.639003,595.476196,713.052917,0.003595,0.003586
508,4,0,0,42.6914,69.0,13.8,0.009327697,72.9487793178576,7.915649414,0.0,-0.007094452,-0.100463629,1.925463629,7262.88222,0.0,0.0,0.0,0.0
509,4,0,0,42.2874,69.0,13.8,0.009212918,73.1353698184726,7.871704102,0.0,-0.000959,-0.160417318,1.985417318,7279.804394,580.847778,706.606995,0.003554,0.003517
510,4,0,0,42.6236,69.0,14.2,0.009147446,73.2984368859888,5.627746582,0.0,0.008436646,-0.220318079,2.045318079,7294.016169,576.171814,711.841003,0.003671,0.003629
511,4,0,0,42.9651,67.0,14.2,0.0091205,73.1006300097768,5.58380127,0.0,0.005368774,-0.268298864,2.093298864,7308.225246,534.973816,707.868103,0.003672,0.003547
512,4,0,0,42.9651,66.0,14.3,0.009113695,73.0933462334972,5.627746582,0.0,-0.010162323,-0.30660224,2.13160224,7324.443024,552.397705,717.903076,0.003736,0.003622
513,4,0,0,43.1033,66.0,14.3,0.009099119,73.0848903588022,5.58380127,0.0,0.012271484,-0.341903925,2.166903925,7338.614915,845.7276,712.325928,0.003584,0.00358
514,4,0,0,42.8278,65.0,14.7,0.009061239,73.0186293892238,4.045715332,0.0,0.017640259,-0.368947268,2.193947268,7355.48635,639.991272,884.086975,0.00359,0.003624
515,4,0,0,42.9651,65.0,14.7,0.009018507,72.9077350001788,4.748840332,0.0,0.017640259,-0.350265265,2.175265265,7369.664324,597.505493,703.36731,0.00348,0.003485
516,4,0,0,43.0341,66.0,14.7,0.008972061,72.8789435696174,5.671691895,0.0,0.001533936,-0.287925005,2.112925005,7385.884015,600.77887,728.760071,0.003297,0.003338
517,4,0,0,43.1033,67.0,14.7,0.008942412,72.8955847406732,5.938110352,0.0,0.003834839,-0.220471144,2.045471144,7400.774431,607.79657,723.977417,0.003342,0.003186
518,4,0,0,43.3122,68.0,15.0,0.008928993,72.9203665328114,6.245727539,0.0,0.003834839,-0.152569532,1.977569532,7415.00438,584.528076,716.48938,0.003472,0.003376
519,4,0,0,43.3823,69.0,15.0,0.00893934,72.9876907933278,6.904907227,0.0,0.003067871,-0.058768988,1.883768988,7431.958626,600.065613,716.337585,0.003504,0.003471
520,4,0,0,43.5231,71.0,15.0,0.008982676,73.0789143804868,6.860961914,0.0,0.003067871,0.036465406,1.788534594,7445.527424,603.072693,706.616394,0.003545,0.003462
521,4,0,0,43.6649,72.0,15.0,0.009085962,73.1717034048506,6.553344727,0.0,-0.001725677,0.148225069,1.676774931,7462.488188,605.658691,718.092712,0.003451,0.003305
522,4,0,0,43.7361,72.0,15.3,0.009222268,73.2272724666446,6.289672852,0.0,-0.015531097,0.253104925,1.571895075,7476.732766,0.0,0.0,0.0,0.0
523,4,0,0,43.8793,71.0,15.3,0.009421509,73.2728763020378,5.894165039,0.0,-0.015531097,0.34455514,1.48044486,7493.008948,606.025879,715.310913,0.003588,0.003651
524,4,0,0,43.9512,71.0,15.3,0.009626142,73.2754075363634,5.75958252,0.0,-0.015531097,0.389133692,1.435866308,7507.925778,605.543823,715.267578,0.003574,0.0034
525,4,0,0,43.7361,71.0,15.3,0.009879703,73.2697615371216,5.58380127,0.0,-0.015531097,0.400458574,1.424541426,7524.195619,610.809875,508.454102,0.003577,0.003448
526,4,0,0,43.8076,72.0,15.0,0.010100283,73.2570814507012,5.58380127,0.0,-0.016298065,0.375379801,1.449620199,7538.429263,644.980896,886.510803,0.003595,0.00346
527,4,0,0,43.8076,74.0,15.0,0.010299926,73.2451772914684,5.58380127,0.0,-0.010929291,0.313632727,1.511367273,7553.338438,607.460327,715.372314,0.003559,0.003441
528,4,0,0,43.9512,75.0,14.7,0.010492123,73.2317623482172,5.58380127,0.0,-0.003259613,0.214108706,1.610891294,7569.600006,605.794373,716.439514,0.003665,0.003601
529,4,0,0,43.9512,75.0,14.7,0.010645256,73.22032464009,5.58380127,0.0,0.0,0.118661165,1.706338835,7584.502494,605.831909,716.260803,0.003656,0.003552
530,4,0,0,44.0958,74.0,14.4,0.010842869,73.2074957540932,5.58380127,0.0,0.00690271,0.007253885,1.817746115,7600.754067,591.93927,717.669983,0.003608,0.003535
531,4,0,0,44.1684,72.0,14.4,0.011060738,73.1960163318732,5.58380127,0.0,0.032212646,-0.078305483,1.903305483,7614.96767,601.485901,716.55188,0.003695,0.00355
532,4,0,0,44.1684,72.0,14.2,0.011368047,73.18338948242,5.58380127,0.0,0.017640259,-0.104379416,1.929379416,7631.20634,603.142822,709.927307,0.003726,0.003703
533,4,0,0,44.0234,72.0,14.2,0.011671355,73.1698546433388,5.40802002,0.0,-0.003259613,-0.070983648,1.895983648,7645.412658,612.968689,718.428711,0.00374,0.003671
534,4,0,0,44.1684,72.0,13.7,0.011961984,73.1503053305294,5.495910645,0.0,-0.004793549,-0.028414965,1.853414965,7660.293316,604.042297,708.526611,0.003647,0.003588
535,4,0,0,44.3878,73.0,13.7,0.012206338,73.116574674574,5.40802002,0.0,-0.010929291,0.00505805,1.81994195,7676.525243,605.596375,720.818115,0.003603,0.003549
536,4,0,0,44.4614,74.0,13.5,0.012314986,73.0892075903796,5.451965332,0.0,-0.004793549,0.01499629,1.81000371,7690.730436,0.0,0.0,0.0,0.0
537,4,0,0,44.5353,74.0,13.5,0.012333496,73.0714171252562,5.58380127,0.0,-0.001725677,0.016716242,1.808283758,7707.643966,620.440674,875.240906,0.003638,0.003573
538,4,0,0,44.3878,72.0,13.1,0.012258274,73.0608020795502,5.58380127,0.0,-0.001725677,0.023359537,1.801640463,7721.85263,0.0,0.0,0.0,0.0
539,4,0,0,44.1684,71.0,13.1,0.012060768,73.0500979568752,5.58380127,0.0,-0.001725677,0.026617765,1.798382235,7738.092276,605.136719,706.368774,0.00374,0.003582
540,4,0,0,44.0958,70.0,13.0,0.011822393,73.0460598009472,5.806274414,0.0,-0.001725677,0.025521517,1.799478483,7752.303004,658.899719,710.676208,0.003558,0.003495
541,4,0,0,44.0958,68.0,13.0,0.011577705,73.0590230346472,5.806274414,0.0,-0.001725677,0.020560503,1.804439497,7767.191372,0.0,0.0,0.0,0.005351
542,4,0,0,43.9512,68.0,12.6,0.011347096,73.069755835761,5.75958252,0.0,-0.001725677,0.010638475,1.814361525,7783.434005,684.926819,703.03009,0.004692,0.0
543,4,0,0,44.0234,69.0,12.6,0.011209393,73.0753845667846,5.75958252,0.0,0.010737549,9.18e-05,1.824908209,7797.645797,705.292908,715.456726,0.003624,0.00352
544,4,0,0,44.1684,69.0,12.2,0.011108072,73.0806290035096,5.75958252,0.0,-0.003259613,0.006032228,1.818967772,7814.56315,634.502014,709.985718,0.003788,0.003708
545,4,0,0,44.2413,71.0,12.2,0.011041057,73.0856778571444,5.715637207,0.0,-0.016298065,0.010349989,1.814650011,7828.772299,625.986389,719.757996,0.004185,0.004129
546,4,0,0,44.5353,72.0,11.9,0.010978436,73.0908256530024,5.75958252,0.0,-0.000959,-0.019055128,1.844055128,7845.009459,617.548584,717.171997,0.004195,0.004149
547,4,0,0,44.6094,72.0,11.9,0.010945317,73.0953636699344,5.715637207,0.0,0.003834839,-0.060315847,1.885315847,7859.891108,609.250305,716.499207,0.00396,0.004024
548,4,0,0,44.6094,73.0,11.9,0.010946344,73.0938412503878,5.671691895,0.0,0.003834839,-0.098306894,1.923306894,7873.417899,604.215027,738.027283,0.004049,0.003963
549,4,0,0,44.6838,73.0,11.9,0.010994983,73.088817341523,5.627746582,0.0,0.003834839,-0.130287409,1.955287409,7890.32426,0.0,0.0,0.0,0.0
550,4,0,0,44.8332,72.0,11.6,0.011062363,73.0828443243932,5.627746582,0.0,0.003834839,-0.150326967,1.975326967,7904.524175,0.0,0.0,0.0,0.0
551,4,0,0,44.7583,73.0,11.6,0.011139033,73.0755512622218,5.627746582,0.0,0.016106323,-0.160820723,1.985820723,7920.751231,605.593689,725.35321,0.004072,0.004056
552,4,0,0,44.9836,71.0,11.6,0.011192694,73.0673730308636,5.58380127,0.0,0.026843872,-0.145478487,1.970478487,7935.624927,0.0,0.0,0.0,0.0
553,4,0,0,44.9836,70.0,11.6,0.011214614,73.056553856472,5.58380127,0.0,0.001533936,-0.075293303,1.900293303,7951.850262,598.560913,720.775208,0.003894,0.003906
554,4,0,0,45.0593,69.0,11.7,0.01116239,73.0471357734844,5.627746582,0.0,-0.005560516,0.023770094,1.801229906,7966.723768,603.098511,718.580383,0.003895,0.003998
555,4,0,0,44.9083,69.0,11.7,0.011003434,73.0371808951398,5.627746582,0.0,-0.010162323,0.11581111,1.70918889,7982.951201,0.0,0.0,0.0,0.0
556,4,0,0,44.7583,69.0,11.7,0.010806951,73.0306538466216,5.627746582,0.0,-0.015531097,0.167619944,1.657380056,7997.151317,617.104126,711.946899,0.003781,0.003662
557,4,0,0,44.6838,69.0,11.7,0.010596696,73.0248903011862,5.627746582,0.0,-0.012463226,0.188357115,1.636642885,8012.028756,613.126282,716.873291,0.00388,0.003846
558,4,0,0,44.6094,71.0,12.0,0.010379232,73.0191984840346,5.671691895,0.0,-0.010162323,0.176605463,1.648394537,8028.259381,612.468506,720.497314,0.003876,0.003828
559,4,0,0,44.4614,71.0,12.0,0.010239417,73.0175250762092,5.671691895,0.0,-0.012463226,0.150082827,1.674917173,8042.461288,611.70282,718.83252,0.003846,0.003737
560,4,0,0,44.6094,70.0,12.0,0.010164502,73.0165951834638,5.806274414,0.0,-0.010929291,0.090184927,1.734815073,8058.692061,616.641296,711.681274,0.003731,0.003585
561,4,0,0,44.6094,69.0,12.0,0.010175821,73.0269903933258,5.75958252,0.0,-0.003259613,-0.007114172,1.832114172,8072.893194,633.150208,859.041077,0.003682,0.003557
562,4,0,0,44.6838,68.0,12.0,0.010246346,73.0327044354628,5.75958252,0.0,0.005368774,-0.120868921,1.945868921,8089.797203,638.314514,879.574219,0.003711,0.003638
563,4,0,0,44.8332,68.0,12.0,0.010328423,73.0381754994466,5.75958252,0.0,0.00690271,-0.232955694,2.057955694,8103.994598,603.728699,717.228394,0.003831,0.003755
564,4,0,0,44.6838,68.0,12.3,0.010420389,73.0409560688184,5.715637207,0.0,0.030678711,-0.310904264,2.135904264,8118.866014,603.982727,719.038086,0.003675,0.003646
565,4,0,0,44.6838,69.0,12.3,0.01054309,73.0420036043178,5.715637207,0.0,0.003834839,-0.274892569,2.099892569,8135.086798,602.149414,731.873901,0.003495,0.003466
566,4,0,0,44.9836,71.0,12.6,0.010672078,73.0417486687684,5.671691895,0.0,0.003834839,-0.206350565,2.031350565,8149.277444,624.88031,860.968994,0.003562,0.003547
567,4,0,0,44.9836,72.0,12.6,0.010834434,73.036021977219,5.58380127,0.0,-0.001725677,-0.127390623,1.952390623,8166.167951,603.113892,702.076111,0.003445,0.003351
568,4,0,0,45.2112,73.0,12.5,0.010960347,73.0277934700792,5.58380127,0.0,-0.005560516,-0.056836367,1.881836367,8179.676919,0.0,0.0,0.0,0.0
569,4,0,0,45.2876,73.0,12.5,0.011050427,73.0171789071752,5.58380127,0.0,-0.000959,0.010287523,1.814712477,8196.557502,614.515503,712.62207,0.003414,0.003338
570,4,0,0,45.3642,73.0,12.8,0.011076536,73.0078750712342,5.58380127,0.0,-0.010162323,0.055855513,1.769144487,8210.732914,0.0,0.0,0.0,0.0
571,4,0,0,45.4411,73.0,12.8,0.011068502,72.9976366110882,5.58380127,0.0,-0.010162323,0.086644888,1.738355112,8224.906123,597.31311,712.720581,0.003536,0.003459
572,4,0,0,45.3642,73.0,12.7,0.011049537,72.9847728828804,5.451965332,0.0,-0.017832001,0.091981649,1.733018351,8241.777009,635.697327,722.403076,0.003679,0.003545
573,4,0,0,45.2876,73.0,12.7,0.011052817,72.973419134021,5.58380127,0.0,-0.008628387,0.061331034,1.763668966,8255.946734,591.917725,713.09259,0.00385,0.003748
574,4,0,0,45.0593,74.0,12.6,0.011091984,72.9576828143802,5.451965332,0.0,-0.001725677,0.001558065,1.823441935,8272.13998,0.0,0.0,0.0,0.0
575,4,0,0,45.0593,74.0,12.6,0.011151712,72.9326564508422,5.495910645,0.0,-0.003259613,-0.068085909,1.893085909,8286.99642,608.750122,710.92041,0.003843,0.003711
576,4,0,0,45.2112,72.0,12.6,0.011238357,72.9045901406046,5.495910645,0.0,0.003834839,-0.164819002,1.989819002,8303.223839,586.780823,719.191711,0.00375,0.003783
577,4,0,0,45.2112,70.0,12.6,0.011313999,72.894229547646,5.539855957,0.0,0.021475098,-0.234289408,2.059289408,8318.116165,709.456909,706.656494,0.003847,0.003656
578,4,0,0,45.2112,69.0,12.2,0.011377373,72.8864769706244,5.58380127,0.0,0.029144775,-0.272182703,2.097182703,8331.668074,556.666809,720.865417,0.003616,0.003493
579,4,0,0,45.4411,67.0,12.2,0.011437297,72.8772904877562,5.58380127,0.0,0.001533936,-0.257359743,2.082359743,8348.625945,610.601685,714.702087,0.003503,0.00342
580,4,0,0,45.4411,66.0,11.9,0.011486142,72.8680011841554,5.627746582,0.0,0.001533936,-0.197300196,2.022300196,8362.882734,603.831604,717.155396,0.003454,0.0034
581,4,0,0,45.3642,68.0,11.9,0.011537625,72.9310465153864,6.641235352,0.0,-0.000959,-0.129911184,1.954911184,8379.18856,577.005127,707.871399,0.003515,0.003488
582,4,0,0,45.6734,70.0,11.6,0.011567201,73.0111736227784,6.729125977,0.0,0.0,-0.073415041,1.898415041,8394.144285,0.0,0.0,0.0,0.0
583,4,0,0,45.7513,71.0,11.6,0.011577404,73.094783084436,6.509399414,0.0,0.0,-0.011492491,1.836492491,8410.46784,0.0,0.0,0.0,0.0
584,4,0,0,45.7513,72.0,11.1,0.011575798,73.1595814375422,6.553344727,0.0,0.0,0.042054892,1.782945108,8424.758415,613.92688,711.127319,0.003575,0.00344
585,4,0,0,45.5183,72.0,11.1,0.011572692,73.2521769226776,6.509399414,0.0,-0.010162323,0.107931852,1.717068148,8441.779983,0.0,0.0,0.0,0.0
586,4,0,0,45.3642,72.0,10.9,0.011573699,73.3080041547944,6.333618164,0.0,0.001533936,0.134652376,1.690347624,8456.085357,608.989624,703.845703,0.003581,0.003504
587,4,0,0,45.3642,71.0,10.9,0.011579919,73.3576320482972,6.377563477,0.0,0.003834839,0.149855852,1.675144148,8470.397187,605.566223,719.730591,0.003849,0.00373
588,4,0,0,45.4411,70.0,10.7,0.011596954,73.4083365741666,6.113891602,0.0,0.014572388,0.17622447,1.64877553,8486.761313,609.616211,711.963074,0.003881,0.003844
589,4,0,0,45.3642,69.0,10.7,0.011628491,73.4396582412628,6.157836914,0.0,0.005368774,0.220323801,1.604676199,8501.767179,606.555176,709.99353,0.003907,0.003812
590,4,0,0,45.5183,68.0,10.2,0.011688475,73.4784350310684,6.157836914,0.0,-0.003259613,0.289049864,1.535950136,8518.134486,539.712891,710.035217,0.0,0.003829
591,4,0,0,45.5183,68.0,10.2,0.011754438,73.511711016287,6.201782227,0.0,-0.017832001,0.34121871,1.48378129,8532.452154,600.123291,705.534973,0.003788,0.003727
592,4,0,0,45.7513,68.0,9.8,0.011834099,73.5498852370098,6.157836914,0.0,-0.017832001,0.362173796,1.462826204,8549.492529,604.118591,700.033081,0.003474,0.003438
593,4,0,0,45.6734,68.0,9.8,0.011907359,73.5881003993422,6.157836914,0.0,0.001533936,0.328954935,1.496045065,8563.802803,605.658997,713.161011,0.003557,0.003505
594,4,0,0,45.7513,67.0,9.7,0.011983363,73.6193684915098,6.157836914,0.0,0.016106323,0.277384043,1.547615957,8578.110432,605.749084,707.052917,0.003502,0.003448
595,4,0,0,45.8295,67.0,9.7,0.012059411,73.6535132467406,6.157836914,0.0,0.003067871,0.24554038,1.57945962,8595.141259,604.650513,711.564514,0.003548,0.003482
596,4,0,0,45.9867,66.0,9.7,0.012090319,73.6703706809056,5.58380127,0.0,-0.007094452,0.239113092,1.585886908,8608.765261,0.0,0.0,0.0,0.0
597,4,0,0,45.9867,66.0,9.7,0.012053397,73.6503304389292,5.58380127,0.0,-0.005560516,0.223450899,1.601549101,8625.793019,634.770996,887.002197,0.00337,0.003403
598,4,0,0,46.145,66.0,9.6,0.011953593,73.633025479497,5.58380127,0.0,-0.013997162,0.189618826,1.635381174,8640.093786,615.737122,704.30719,0.003404,0.003446
599,4,0,0,46.3044,67.0,9.6,0.011772357,73.6134149795808,5.58380127,0.0,0.00690271,0.133999586,1.691000414,8656.434615,0.0,0.0,0.0,0.0
600,4,0,0,46.145,69.0,9.5,0.011565346,73.5964370702234,5.58380127,0.0,0.005368774,0.08856988,1.73643012,8671.41159,608.168823,715.083923,0.00341,0.00332
601,4,0,0,46.2246,70.0,9.5,0.011345532,73.58395259908,5.671691895,0.0,0.017640259,0.060497999,1.764502001,8685.706051,608.073608,729.481323,0.003535,0.003566
602,4,0,0,46.3044,71.0,9.8,0.01114552,73.575145405463,5.75958252,0.0,0.0,0.069432974,1.755567026,8702.721139,618.0755,708.821106,0.003529,0.003501
603,4,0,0,46.145,70.0,9.8,0.011047476,73.5729828226512,5.75958252,0.0,-0.005560516,0.091244936,1.733755064,8717.011268,610.465393,702.468872,0.00361,0.003541
604,4,0,0,46.2246,70.0,10.0,0.011001406,73.5610885608594,5.627746582,0.0,-0.005560516,0.105198145,1.719801855,8733.338948,598.898804,711.752686,0.003576,0.003512
605,4,0,0,45.9867,70.0,10.0,0.010982871,73.5495753424994,5.627746582,0.0,-0.005560516,0.101495028,1.723504972,8748.302525,623.094727,711.253784,0.003561,0.003502
606,4,0,0,45.4411,71.0,9.9,0.010959809,73.5355617086748,5.671691895,0.0,-0.004793549,0.081948042,1.743051958,8764.622844,620.248413,712.531006,0.003415,0.003321
607,4,0,0,45.0593,72.0,9.9,0.010939068,73.5269084323354,5.671691895,0.0,-0.001725677,0.050385237,1.774614763,8778.90008,653.712097,715.9646,0.003468,0.003366
608,4,0,0,44.8332,71.0,10.1,0.010935793,73.518342382224,5.671691895,0.0,0.005368774,0.005743742,1.819256258,8793.174303,723.524414,713.15033,0.003392,0.003382
609,4,0,0,44.8332,70.0,10.1,0.010958773,73.5078142569714,5.671691895,0.0,-0.003259613,-0.043786287,1.868786287,8809.484062,601.220276,708.316284,0.003475,0.003467
610,4,0,0,44.9083,69.0,10.3,0.010967061,73.4965733550328,5.58380127,0.0,-0.008628387,-0.079834223,1.904834223,8824.431401,0.0,0.0,0.0,0.0
611,4,0,0,44.7583,68.0,10.3,0.010910597,73.4782577944542,5.58380127,0.0,0.001533936,-0.139977217,1.964977217,8840.734106,605.482483,718.281921,0.003506,0.003477
612,4,0,0,44.3145,68.0,10.8,0.010796612,73.4634199210552,5.58380127,0.0,0.003834839,-0.200890303,2.025890303,8855.674733,593.602478,709.05249,0.003632,0.003541
613,4,0,0,43.3823,68.0,10.8,0.010631088,73.4473410533954,5.58380127,0.0,0.010737549,-0.258220911,2.083220911,8871.966183,602.957275,708.82843,0.003864,0.003724
614,4,0,0,41.5019,67.0,10.9,0.01050591,73.4338243354826,5.58380127,0.0,0.017640259,-0.279112577,2.104112577,8886.216264,640.784912,881.111816,0.003785,0.003695
615,4,0,0,39.9556,68.0,10.9,0.010436432,73.4160744257272,5.58380127,0.0,0.013038452,-0.259248018,2.084248018,8903.177011,0.0,0.0,0.0,0.0
616,4,0,0,40.135,69.0,10.7,0.010452396,73.4008542536112,5.58380127,0.0,0.003067871,-0.193724394,2.018724394,8916.743095,0.0,0.0,0.0,0.0
617,4,0,0,40.2555,70.0,10.7,0.010527254,73.387037940964,5.58380127,0.0,0.003067871,-0.120715857,1.945715857,8931.663569,612.792603,714.37323,0.003687,0.003602
618,4,0,0,40.2555,71.0,10.8,0.010670527,73.3709715939694,5.58380127,0.0,0.001533936,-0.028346777,1.853346777,8947.940067,0.0,0.0,0.0,0.0
619,4,0,0,40.1952,71.0,10.8,0.010844952,73.3574618605922,5.58380127,0.0,-0.010162323,0.05248332,1.77251668,8962.181291,609.099304,711.858398,0.003416,0.003434
620,4,0,0,40.0152,70.0,10.9,0.011085894,73.3303337955746,5.23223877,0.0,-0.030103485,0.112640142,1.712359858,8979.131674,603.002808,710.022278,0.003479,0.003333
621,4,0,0,39.7188,70.0,10.9,0.01129772,73.2980706002048,5.58380127,0.0,-0.015531097,0.098031282,1.726968718,8993.365106,542.116577,704.830872,0.003508,0.003427
622,4,0,0,39.7188,71.0,10.8,0.011489875,73.2824341562044,5.58380127,0.0,-0.010162323,0.025930166,1.799069834,9009.621411,608.257385,716.275208,0.003488,0.003434
623,4,0,0,39.7188,72.0,10.8,0.011583875,73.2707465658554,5.58380127,0.0,0.008436646,-0.055923223,1.880923223,9024.492855,0.0,0.0,0.0,0.0
624,4,0,0,39.4848,72.0,10.9,0.011605849,73.257640969939,5.58380127,0.0,0.003834839,-0.152855158,1.977855158,9038.656384,604.366028,702.089294,0.003444,0.003392
625,4,0,0,39.8368,72.0,10.9,0.011592151,73.247334756579,5.671691895,0.0,0.009203613,-0.23231864,2.05731864,9055.482795,609.108887,711.130371,0.003521,0.003428
626,4,0,0,39.9556,71.0,11.0,0.011624709,73.2474581607702,5.75958252,0.0,0.019941162,-0.284809828,2.109809828,9068.925498,604.34021,728.384521,0.003817,0.003676
627,4,0,0,40.075,71.0,11.0,0.011801909,73.2386326206772,5.58380127,0.0,0.017640259,-0.285990477,2.110990477,9085.712285,741.920898,704.637695,0.003773,0.003654
628,4,0,0,40.135,72.0,10.8,0.01211778,73.2220547449636,5.58380127,0.0,-0.001725677,-0.230585337,2.055585337,9099.789306,605.178406,721.370117,0.003529,0.003491
629,4,0,0,40.1952,73.0,10.8,0.01265144,73.1787243437214,5.188293457,0.0,-0.001725677,-0.142399549,1.967399549,9115.847645,623.743225,792.188477,0.003522,0.003465
630,4,0,0,40.3161,75.0,10.6,0.013208766,73.0704545468154,3.430480957,0.0,0.008436646,-0.079507589,1.904507589,9130.54879,601.3927,720.158325,0.00354,0.003473
631,4,0,0,40.3768,76.0,10.6,0.013763933,72.8761991943022,3.913879395,0.0,-0.001725677,-0.002980947,1.827980947,9144.575141,605.48053,509.458405,0.003638,0.003469
632,4,0,0,40.5601,76.0,10.5,0.014290303,72.7147918230346,4.089660645,0.0,-0.001725677,0.070003748,1.754996252,9160.590858,0.0,0.0,0.0,0.0
633,4,0,0,40.5601,77.0,10.5,0.014593079,72.6096738219582,4.792785645,0.0,-0.012463226,0.125918627,1.699081373,9175.251496,610.072205,711.478027,0.003461,0.003325
634,4,0,0,40.5601,77.0,10.6,0.014765874,72.5458229838704,4.52911377,0.0,-0.008628387,0.151491404,1.673508596,9191.225904,640.439697,892.559204,0.003367,0.003291
635,4,0,0,40.6215,76.0,10.6,0.014839107,72.4419408110734,4.35333252,0.0,-0.008628387,0.145581484,1.679418516,9205.197405,536.59491,719.928894,0.0,0.003284
636,4,0,0,40.6832,76.0,10.7,0.014932701,72.3039094090804,4.089660645,0.0,-0.007094452,0.114917517,1.710082483,9221.159952,0.0,0.0,0.0,0.0
637,4,0,0,40.6832,76.0,10.7,0.015073375,72.1999996361024,4.660949707,0.0,-0.007094452,0.067520857,1.757479143,9235.784233,610.860291,717.713684,0.003467,0.00345
638,4,0,0,40.745,77.0,10.6,0.015271951,72.1501941519306,5.144348145,0.0,0.003834839,0.004341841,1.820658159,9249.729282,604.272522,709.823303,0.003628,0.003499
639,4,0,0,40.807,78.0,10.6,0.015534489,72.1097144550974,4.573059082,0.0,0.00690271,-0.062775373,1.887775373,9265.652938,593.591309,705.97113,0.003649,0.003581
640,4,0,0,40.8692,79.0,10.4,0.015754811,72.0243217481594,4.52911377,0.0,0.003067871,-0.109793425,1.934793425,9280.244687,602.006104,721.908508,0.003692,0.0036
641,4,0,0,40.9316,79.0,10.4,0.015943879,71.9130359676264,4.573059082,0.0,0.003067871,-0.150883436,1.975883436,9296.166487,641.695923,710.779785,0.003705,0.003613
642,4,0,0,40.807,78.0,10.6,0.016005576,71.8702330436626,5.188293457,0.0,0.005368774,-0.177550554,2.002550554,9310.106367,585.25708,714.897095,0.003525,0.00344
643,4,0,0,41.057,77.0,10.6,0.015904887,71.8446863483158,5.451965332,0.0,0.025309937,-0.186867476,2.011867476,9326.707685,559.804199,746.250488,0.0,0.00355
644,4,0,0,41.1199,75.0,10.4,0.015671466,71.822147107094,5.144348145,0.0,0.012271484,-0.148284197,1.973284197,9340.655048,596.085022,720.930115,0.003723,0.00358
645,4,0,0,41.1831,74.0,10.4,0.015312941,71.758429876413,4.660949707,0.0,-0.012463226,-0.058000803,1.883000803,9356.597231,644.052612,868.146973,0.003846,0.003784
646,4,0,0,41.1831,74.0,10.3,0.01498961,71.6779267145432,5.012512207,0.0,-0.003259613,0.007208109,1.817791891,9370.548542,601.646301,714.944885,0.003669,0.003661
647,4,0,0,41.1831,75.0,10.3,0.014701063,71.6465973065216,5.144348145,0.0,-0.000959,0.064687967,1.760312033,9385.165706,608.275513,707.952515,0.003694,0.003534
648,4,0,0,41.31,76.0,10.2,0.014438552,71.6357164622212,5.806274414,0.0,-0.007094452,0.121123552,1.703876448,9401.113405,0.0,0.0,0.0,0.0
649,4,0,0,41.31,77.0,10.2,0.01427181,71.6586443268662,5.982055664,0.0,-0.008628387,0.155938864,1.669061136,9415.069014,607.52533,730.681274,0.003709,0.003527
650,4,0,0,41.3738,77.0,10.3,0.014149775,71.7065267462984,5.806274414,0.0,-0.013997162,0.165585279,1.659414721,9431.684067,561.019897,736.274414,0.0,0.003525
651,4,0,0,41.3738,76.0,10.3,0.014086151,71.7250973711736,5.627746582,0.0,-0.013997162,0.13735795,1.68764205,9445.640574,604.411804,716.031189,0.00357,0.003571
652,4,0,0,41.4377,74.0,10.2,0.014011771,71.7347166860348,5.58380127,0.0,0.001533936,0.065138578,1.759861422,9461.587277,671.362488,682.186096,0.003726,0.003704
653,4,0,0,41.4377,73.0,10.2,0.013912341,71.7456079910452,5.627746582,0.0,0.012271484,-0.004585028,1.829585028,9476.199817,609.64563,714.209473,0.003517,0.003486
654,4,0,0,41.5662,72.0,10.1,0.013799876,71.7531959486782,5.58380127,0.0,0.005368774,-0.051903963,1.876903963,9489.478754,730.48822,714.653992,0.003662,0.003573
655,4,0,0,41.5662,70.0,10.1,0.013702235,71.7615373349256,5.627746582,0.0,-0.007094452,-0.085036516,1.910036516,9506.070914,598.970581,701.883118,0.003607,0.003485
656,4,0,0,41.5662,69.0,10.0,0.013652656,71.7684232984506,5.58380127,0.0,0.016106323,-0.111563921,1.936563921,9520.004698,607.380615,701.160828,0.003536,0.003452
657,4,0,0,41.6308,68.0,10.0,0.013610443,71.7755486030204,5.58380127,0.0,0.023776001,-0.119544744,1.944544744,9535.928826,554.467102,709.940308,0.0,0.003408
658,4,0,0,41.6955,68.0,10.2,0.01355169,71.7810603028392,5.58380127,0.0,0.013038452,-0.070198298,1.895198298,9550.5278,653.0177,702.762878,0.00332,0.003297
659,4,0,0,41.6955,69.0,10.2,0.013420004,71.7817598990306,5.23223877,0.0,-0.004793549,0.031974554,1.793025446,9566.455823,0.0,0.0,0.0,0.0
660,4,0,0,41.6955,71.0,10.4,0.013240871,71.7658740073302,5.23223877,0.0,-0.005560516,0.124180079,1.700819921,9581.057202,603.467102,719.800476,0.003852,0.00361
661,4,0,0,41.7605,72.0,10.4,0.013042105,71.7420463445978,5.23223877,0.0,-0.02166684,0.2011168,1.6238832,9594.993009,0.0,0.0,0.0,0.0
662,4,0,0,41.8256,73.0,10.5,0.012869505,71.7106850555508,5.05645752,0.0,-0.02166684,0.238959074,1.586040926,9610.919305,621.711792,719.231384,0.003512,0.003467
663,4,0,0,41.891,73.0,10.5,0.012802923,71.6846902233876,5.23223877,0.0,-0.02166684,0.218276739,1.606723261,9624.854493,618.265076,726.284485,0.003628,0.003659
664,4,0,0,41.9565,73.0,10.7,0.012808225,71.6650134186634,5.23223877,0.0,-0.008628387,0.122799635,1.702200365,9641.44409,615.540894,717.351318,0.003819,0.003768
665,4,0,0,41.9565,73.0,10.7,0.012853448,71.6630642665224,5.58380127,0.0,0.0,0.005870581,1.819129419,9655.37836,603.967773,706.48407,0.003871,0.003856
666,4,0,0,41.9565,72.0,11.1,0.012926338,71.6711291681578,5.58380127,0.0,0.023776001,-0.13471961,1.95971961,9671.300322,605.630188,718.656799,0.003592,0.003501
667,4,0,0,42.0223,71.0,11.1,0.013001238,71.677694036166,5.58380127,0.0,0.025309937,-0.209225416,2.034225416,9685.229681,602.679504,717.999207,0.003606,0.003515
668,4,0,0,42.0223,71.0,11.5,0.013090811,71.6830058559568,5.539855957,0.0,0.00690271,-0.22245717,2.04745717,9699.819003,606.080627,711.663208,0.003656,0.003664
669,4,0,0,42.0883,72.0,11.5,0.013219299,71.6748236012486,5.276184082,0.0,-0.008628387,-0.20499301,2.02999301,9715.726866,605.49408,727.157471,0.003746,0.003732
670,4,0,0,42.1544,72.0,11.8,0.013356169,71.6714257051462,5.364074707,0.0,0.00690271,-0.202955961,2.027955961,9730.304095,635.778015,889.96637,0.003494,0.003529
671,4,0,0,42.1544,73.0,11.8,0.013527744,71.6694444144854,5.58380127,0.0,0.001533936,-0.190989256,2.015989256,9746.202171,547.496521,718.112305,0.0,0.003512
672,4,0,0,42.2208,72.0,12.2,0.01366394,71.669214021371,5.58380127,0.0,0.003834839,-0.158466578,1.983466578,9760.110415,609.345581,712.450989,0.003499,0.003313
673,4,0,0,42.2208,72.0,12.2,0.013742914,71.6692125890584,5.364074707,0.0,0.003834839,-0.113431692,1.938431692,9776.662756,603.383972,719.497803,0.003393,0.003355
674,4,0,0,42.1544,73.0,12.1,0.013692139,71.6562237185722,5.364074707,0.0,0.003067871,-0.061637163,1.886637163,9789.900412,593.839783,710.593994,0.003456,0.003426
675,4,0,0,42.3542,74.0,12.1,0.013506359,71.6426665740386,5.276184082,0.0,0.001533936,0.004283667,1.820716333,9806.443846,608.9021,720.05603,0.003578,0.00352
676,4,0,0,42.2208,75.0,12.4,0.013319642,71.6314981084934,5.188293457,0.0,-0.010929291,0.065650225,1.759349775,9820.337626,0.0,0.0,0.0,0.0
677,4,0,0,42.2874,75.0,12.4,0.013216164,71.5965478464058,5.05645752,0.0,-0.010162323,0.114514112,1.710485888,9834.227862,620.392883,713.167297,0.003808,0.003709
678,4,0,0,42.3542,75.0,12.4,0.01329047,71.569430596153,5.23223877,0.0,-0.010162323,0.138573885,1.686426115,9850.759551,0.0,0.0,0.0,0.0
679,4,0,0,42.4212,74.0,12.4,0.013548779,71.549748689821,5.23223877,0.0,-0.010162323,0.133765936,1.691234064,9864.643642,601.242493,721.048889,0.003592,0.003514
680,4,0,0,42.3542,73.0,12.4,0.014031917,71.535584325212,5.188293457,0.0,-0.005560516,0.096123934,1.728876066,9880.510908,607.102417,720.168091,0.003705,0.003677
681,4,0,0,42.4212,73.0,12.4,0.014542537,71.518752157685,5.23223877,0.0,0.00690271,0.047088385,1.777911615,9895.057409,580.43573,713.851685,0.003575,0.003597
682,4,0,0,42.4212,73.0,12.0,0.015097629,71.4943843521684,5.188293457,0.0,0.003834839,-0.003354788,1.828354788,9910.927799,0.0,0.0,0.0,0.0
683,4,0,0,42.5559,73.0,12.0,0.015465722,71.4772072708926,5.23223877,0.0,0.003834839,-0.043329477,1.868329477,9924.815937,559.308105,716.624023,0.003635,0.003526
684,4,0,0,42.5559,73.0,12.0,0.015685704,71.4635067985386,5.276184082,0.0,0.010737549,-0.074712992,1.899712992,9938.705855,631.338928,714.991699,0.003494,0.003431
685,4,0,0,42.5559,72.0,12.0,0.015769025,71.4442791606084,5.23223877,0.0,-0.003259613,-0.090258837,1.915258837,9955.243725,613.276306,720.393005,0.003428,0.003388
686,4,0,0,42.6236,71.0,11.7,0.015739011,71.4276443786324,5.188293457,0.0,-0.005560516,-0.091925859,1.916925859,9969.137539,593.126282,720.776489,0.003394,0.003247
687,4,0,0,42.6236,71.0,11.7,0.015651224,71.4089330974412,5.23223877,0.0,0.008436646,-0.106829882,1.931829882,9985.018137,568.618774,715.919312,0.003463,0.003385
688,4,0,0,42.6236,71.0,11.5,0.015570715,71.4042657861336,5.276184082,0.0,0.003834839,-0.112007856,1.937007856,9999.576605,605.376892,715.277283,0.003533,0.00356
689,4,0,0,42.6236,73.0,11.5,0.015504519,71.40996117602,5.539855957,0.0,0.003834839,-0.103645563,1.928645563,10015.45692,0.0,0.0,0.0,0.0
690,4,0,0,42.6236,75.0,10.9,0.015484943,71.4162451176378,5.58380127,0.0,0.001533936,-0.086429834,1.911429834,10029.34962,598.709717,716.460327,0.00356,0.003581
691,4,0,0,42.6236,78.0,10.9,0.015518863,71.4219757681636,5.539855957,0.0,-0.003259613,-0.064925909,1.889925909,10043.90183,596.869812,718.933411,0.003641,0.003563
692,4,0,0,42.6914,80.0,10.4,0.015631143,71.4314577097624,5.58380127,0.0,0.001533936,-0.044853926,1.869853926,10059.77216,594.254517,711.910095,0.003684,0.003718
693,4,0,0,42.6236,80.0,10.4,0.015773987,71.440954811344,5.495910645,0.0,-0.003259613,-0.027075529,1.852075529,10073.65379,576.333984,715.169312,0.003492,0.003443
694,4,0,0,42.6914,77.0,10.3,0.015949041,71.4516005632572,5.58380127,0.0,0.003834839,-0.010732412,1.835732412,10089.51409,565.250977,707.32373,0.003384,0.003316
695,4,0,0,42.6236,74.0,10.3,0.0160906,71.4611374799104,5.58380127,0.0,0.003834839,0.008130789,1.816869211,10104.05249,600.487183,707.070923,0.003394,0.003402
696,4,0,0,42.6914,71.0,9.9,0.016224299,71.4698696943768,5.495910645,0.0,-0.003259613,0.042253256,1.782746744,10119.91513,603.755127,721.970215,0.003255,0.003275
697,4,0,0,42.7595,69.0,9.9,0.01628311,71.471320884535,5.364074707,0.0,-0.007094452,0.068825483,1.756174517,10133.7972,0.0,0.0,0.0,0.0
698,4,0,0,42.8278,68.0,9.8,0.016251901,71.4568955010714,5.276184082,0.0,-0.007094452,0.079509497,1.745490503,10148.34257,606.914124,703.190979,0.0037,0.003674
699,4,0,0,42.8964,68.0,9.8,0.016116325,71.4487297260048,5.100402832,0.0,-0.007094452,0.069603205,1.755396795,10164.21287,533.99353,729.125793,0.0,0.003546
700,4,0,0,42.8964,68.0,9.7,0.015959306,71.432160331513,5.188293457,0.0,-0.007094452,0.0425179,1.7824821,10178.10153,598.45929,716.719971,0.003723,0.003573
701,4,0,0,42.9651,70.0,9.7,0.015811803,71.4061819307112,5.012512207,0.0,-0.001725677,-0.01186204,1.83686204,10194.63823,599.612183,715.967896,0.003614,0.003554
702,4,0,0,43.0341,72.0,9.6,0.015758391,71.384056917512,5.100402832,0.0,0.001533936,-0.069177389,1.894177389,10207.86955,610.199402,713.351074,0.003653,0.003626
703,4,0,0,43.0341,74.0,9.6,0.01581081,71.3691070662358,5.58380127,0.0,0.016106323,-0.138101816,1.963101816,10224.41108,599.010681,721.2229,0.003569,0.003475
704,4,0,0,43.1033,76.0,9.3,0.015958704,71.3787779121638,5.58380127,0.0,0.012271484,-0.173599482,1.998599482,10238.30805,0.0,0.0,0.0,0.0
705,4,0,0,43.1033,77.0,9.3,0.016190134,71.390895888309,5.58380127,0.0,-0.000959,-0.180055857,2.005055857,10254.1925,581.092896,710.6922,0.003786,0.003619
706,4,0,0,43.1033,77.0,9.0,0.016367553,71.4023464711562,5.58380127,0.0,0.003067871,-0.181998014,2.006998014,10268.75317,603.103516,711.257385,0.003694,0.003593
707,4,0,0,43.0341,77.0,9.0,0.016470689,71.41341481966,5.58380127,0.0,0.003067871,-0.177029848,2.002029848,10282.65344,604.720276,709.091675,0.003614,0.003577
708,4,0,0,42.8964,74.0,9.0,0.01647646,71.4259985227078,5.58380127,0.0,0.003834839,-0.161382437,1.986382437,10299.20371,550.182495,724.528015,0.0,0.003507
709,4,0,0,42.9651,71.0,9.0,0.016383167,71.4364293794508,5.58380127,0.0,0.003067871,-0.138916254,1.963916254,10313.1081,636.872803,883.388489,0.003446,0.003437
710,4,0,0,43.0341,70.0,9.0,0.016211605,71.448634662291,5.58380127,0.0,0.001533936,-0.102418661,1.927418661,10329.00117,607.666687,707.195313,0.003656,0.003633
711,4,0,0,42.8964,70.0,9.0,0.016084665,71.4583068117844,5.58380127,0.0,0.003067871,-0.064216852,1.889216852,10343.57191,609.143005,727.278687,0.003677,0.003678
712,4,0,0,42.8964,71.0,9.3,0.016026357,71.4700928132744,5.58380127,0.0,0.0,-0.010215998,1.835215998,10359.46949,0.0,0.0,0.0,0.0
713,4,0,0,43.1033,71.0,9.3,0.016040172,71.4804135267878,5.58380127,0.0,-0.008628387,0.038154364,1.786845636,10373.38178,607.390503,705.193298,0.003699,0.003596
714,4,0,0,43.1033,70.0,9.2,0.016084153,71.4838656737416,5.320129395,0.0,-0.02166684,0.067627192,1.757372808,10387.29583,610.002014,716.488098,0.003634,0.003536
715,4,0,0,42.7595,68.0,9.2,0.016150262,71.4880260429492,5.58380127,0.0,-0.017832001,0.042777777,1.782222223,10403.19971,0.0,0.0,0.0,0.0
716,4,0,0,43.2423,66.0,9.5,0.016228298,71.4976824048172,5.58380127,0.0,-0.000959,-0.018313646,1.843313646,10417.78022,609.867493,711.666016,0.003631,0.003629
717,4,0,0,43.3122,65.0,9.5,0.016372127,71.509389500367,5.58380127,0.0,0.018407227,-0.101921797,1.926921797,10433.68834,605.349487,712.994385,0.003547,0.00351
718,4,0,0,43.3122,64.0,9.5,0.016546462,71.5192791682548,5.58380127,0.0,0.003834839,-0.144864321,1.969864321,10448.27264,599.659485,705.370605,0.003495,0.003457
719,4,0,0,43.3823,64.0,9.5,0.01674765,71.5305094646428,5.58380127,0.0,0.009203613,-0.163884878,1.988884878,10464.18485,603.620972,708.791382,0.003546,0.003464
720,4,0,0,43.3122,66.0,9.4,0.016875412,71.5398864289934,5.58380127,0.0,-0.004793549,-0.143142462,1.968142462,10478.10978,612.482117,716.325073,0.003761,0.003584
721,4,0,0,43.3122,67.0,9.4,0.016928528,71.5492798407988,5.58380127,0.0,-0.003259613,-0.120127439,1.945127439,10492.03629,600.283203,714.315613,0.003869,0.003648
722,4,0,0,43.3122,70.0,9.4,0.016894991,71.560303143876,5.58380127,0.0,-0.003259613,-0.100193262,1.925193262,10507.95415,0.0,0.0,0.0,0.0
723,4,0,0,43.3122,72.0,9.4,0.016797358,71.5696424013904,5.58380127,0.0,-0.003259613,-0.091783285,1.916783285,10522.54731,602.544189,720.643799,0.004089,0.00406
724,4,0,0,43.3122,72.0,9.4,0.016619457,71.5803421788474,5.58380127,0.0,-0.003259613,-0.092983007,1.917983007,10538.46906,608.247498,714.975891,0.003931,0.00378
725,4,0,0,43.4526,70.0,9.4,0.016418431,71.5892363251046,5.58380127,0.0,-0.008628387,-0.105139971,1.930139971,10552.40221,615.517212,700.19342,0.003732,0.00372
726,4,0,0,43.5231,67.0,9.6,0.016155185,71.5996589581202,5.58380127,0.0,0.003834839,-0.142228365,1.967228365,10568.99117,523.94873,731.600891,0.003748,0.003588
727,4,0,0,43.5231,65.0,9.6,0.015910206,71.6087527108176,5.58380127,0.0,0.0,-0.178963423,2.003963423,10582.92731,636.588684,874.757324,0.00349,0.00344
728,4,0,0,43.4526,64.0,9.6,0.015665518,71.61727635482,5.58380127,0.0,0.018407227,-0.206121683,2.031121683,10597.52859,604.689087,724.724609,0.003646,0.003616
729,4,0,0,43.5939,64.0,9.6,0.015377432,71.6270955175224,5.58380127,0.0,0.003834839,-0.2019279,2.0269279,10613.45912,543.574097,731.652527,0.0,0.003517
730,4,0,0,43.6649,66.0,9.5,0.015095553,71.63556891793,5.58380127,0.0,-0.001725677,-0.163370848,1.988370848,10627.39985,0.0,0.0,0.0,0.0
731,4,0,0,43.5231,69.0,9.5,0.014746384,71.645350647384,5.58380127,0.0,-0.004793549,-0.113254309,1.938254309,10643.33387,601.85553,707.888428,0.003675,0.003548
732,4,0,0,43.7361,71.0,9.2,0.014457603,71.6540776797756,5.58380127,0.0,-0.005560516,-0.079171896,1.904171896,10657.27723,0.0,0.0,0.0,0.006103
733,4,0,0,43.7361,73.0,9.2,0.014185367,71.6633816605572,5.58380127,0.0,-0.017832001,-0.063696623,1.888696623,10673.87744,603.539917,707.906311,0.003684,0.003622
734,4,0,0,43.7361,74.0,8.8,0.014000652,71.6713028320372,5.58380127,0.0,-0.010929291,-0.094488382,1.919488382,10687.8231,597.2099,716.582703,0.003574,0.003509
735,4,0,0,43.7361,74.0,8.8,0.013831669,71.6805989914264,5.58380127,0.0,0.005368774,-0.18155551,2.00655551,10703.76275,0.0,0.0,0.0,0.0
736,4,0,0,43.8793,72.0,8.3,0.013698021,71.6889285812116,5.58380127,0.0,0.005368774,-0.259900331,2.084900331,10718.37457,595.162903,712.984924,0.00365,0.003641
737,4,0,0,43.8793,71.0,8.3,0.013557187,71.6966780200202,5.539855957,0.0,0.003834839,-0.324092627,2.149092627,10732.31836,598.707397,714.950928,0.003775,0.003641
738,4,0,0,43.8793,69.0,8.0,0.013364289,71.7060257587564,5.58380127,0.0,0.029144775,-0.368361235,2.193361235,10748.24759,601.703674,714.374329,0.003567,0.003521
739,4,0,0,43.8076,68.0,8.0,0.0131687,71.7134981335906,5.58380127,0.0,0.032979614,-0.314045668,2.139045668,10762.82907,604.815491,712.611389,0.003563,0.003573
740,4,0,0,43.9512,68.0,7.8,0.012953959,71.7213346376932,5.58380127,0.0,-0.005560516,-0.140965223,1.965965223,10778.6999,0.0,0.0,0.0,0.0
741,4,0,0,43.8793,68.0,7.8,0.012805431,71.7289686224502,5.58380127,0.0,-0.013997162,0.018508196,1.806491804,10792.53503,602.626709,705.641296,0.003382,0.003405
742,4,0,0,44.0234,68.0,7.7,0.012684299,71.7366159486358,5.58380127,0.0,-0.013997162,0.171254873,1.653745127,10808.2308,594.554871,713.993225,0.003474,0.003401
743,4,0,0,44.0234,70.0,7.7,0.012600561,71.7245596745862,5.188293457,0.0,-0.013997162,0.255388975,1.569611025,10822.50711,610.616699,714.314209,0.003586,0.003595
744,4,0,0,43.9512,71.0,7.5,0.012519105,71.6938867485374,5.05645752,0.0,-0.016298065,0.293809652,1.531190348,10836.03446,0.0,0.0,0.0,0.0
745,4,0,0,43.8076,72.0,7.5,0.012422148,71.5916617614186,3.738098145,0.0,-0.007094452,0.268483877,1.556516123,10851.37584,608.65802,713.521973,0.003722,0.003712
746,4,0,0,43.7361,72.0,7.4,0.012333874,71.4201700404034,3.82598877,0.0,0.013038452,0.206680059,1.618319941,10865.32903,0.0,0.0,0.0,0.0
747,4,0,0,43.6649,71.0,7.4,0.012232739,71.0029287861478,0.0,0.0,0.010737549,0.161696672,1.663303328,10880.43207,605.161072,700.309387,0.003529,0.003424
748,4,0,0,43.6649,69.0,7.2,0.012156324,70.4069374138892,0.17578125,0.0,0.003067871,0.170492887,1.654507113,10893.54642,609.492615,707.776428,0.003562,0.00352
749,4,0,0,43.7361,69.0,7.2,0.012088509,69.6880879316794,0.0,0.0,-0.019365936,0.198656321,1.626343679,10909.03677,0.0,0.0,0.0,0.0
750,4,0,0,43.7361,69.0,7.1,0.012023956,69.0789411544314,0.0,0.0,-0.003259613,0.171176672,1.653823328,10921.3342,610.741089,711.360413,0.003631,0.003565
751,4,0,0,43.7361,70.0,7.1,0.011935523,68.4604299817782,0.0,0.0,-0.000959,0.106243849,1.718756151,10934.76473,604.004089,724.592407,0.003671,0.003597
752,4,0,0,43.8076,71.0,7.3,0.01181875,67.7647787494268,0.0,0.0,0.017640259,0.030290842,1.794709158,10949.30161,0.0,0.0,0.0,0.0
753,4,0,0,43.8076,70.0,7.3,0.011723117,67.1408336241702,0.0,0.0,0.014572388,0.021350622,1.803649378,10962.52277,604.187012,706.585022,0.00351,0.003436
754,4,0,0,43.8793,70.0,7.5,0.011611993,66.4410330304968,0.0,0.0,0.001533936,0.076538801,1.748461199,10976.83289,606.058228,699.721497,0.00346,0.003418
755,4,0,0,43.9512,70.0,7.5,0.011479486,65.811649414298,0.0,0.0,-0.017832001,0.137225389,1.687774611,10989.2583,607.657288,694.195801,0.003393,0.003427
756,4,0,0,43.9512,70.0,7.9,0.0112671,65.1086530415328,0.0,0.0,-0.010929291,0.169209719,1.655790281,11003.93477,600.175415,702.311218,0.003645,0.003552
757,4,0,0,44.0234,70.0,7.9,0.011059726,64.476253441707,0.0,0.0,-0.010929291,0.135638952,1.689361048,11016.16654,573.229492,733.966003,0.00367,0.003726
758,4,0,0,44.1684,69.0,8.0,0.010889447,63.8653202648722,0.0,7.626342773,0.012271484,0.057880163,1.767119837,11028.31086,607.661926,708.559326,0.00355,0.003523
759,4,0,0,44.0958,68.0,8.0,0.010796191,63.1676348106674,0.0,50.2532959,0.009203613,-0.007820845,1.832820845,11042.65521,608.266113,708.135315,0.003542,0.003508
760,4,0,0,44.0958,68.0,8.1,0.010806551,62.569594555468,0.0,54.64782715,0.008436646,-0.02266717,1.84766717,11054.04275,602.644714,703.437317,0.003507,0.003426
761,4,0,0,44.1684,67.0,8.1,0.010869091,61.8854674367084,0.0,40.43884277,-0.005560516,-0.016386271,1.841386271,11068.16812,608.561096,706.445923,0.003778,0.003735
762,4,0,0,44.2413,68.0,8.5,0.010927128,61.2997165201774,0.0,37.9486084,0.005368774,-0.034093142,1.859093142,11079.94046,,,,
763,4,0,0,44.2413,68.0,8.5,0.011010059,60.6289783377346,0.0,37.65563965,0.009203613,-0.046555758,1.871555758,11093.29141,,,,
764,4,0,0,44.3145,69.0,8.8,0.011128463,60.0546583540094,0.0,41.17126465,-0.016298065,-0.026414156,1.851414156,11105.43367,,,,
